Target,Model,Percentile,Factor_Type,EF_lit,NEF_lit,EF_calc,NEF_calc,n,N,Ns,ns,PM,ROCE,CCR,REF,MCC,CKC,AUC_ROC,BEDROC
11betahsd1,Autodock Vina,0.5,NEF,,0.0,0.0,0.0,40,1240,7,0,0.0,0.0,0.497,0.0,-0.014,-0.01,0.567,0.088
11betahsd1,Autodock Vina,1.0,NEF,,0.0,0.0,0.0,40,1240,13,0,0.0,0.0,0.495,0.0,-0.019,-0.016,0.567,0.088
11betahsd1,Autodock Vina,5.0,NEF,,1.379,4.839,1.5,40,1240,62,3,0.604,1.525,0.513,7.5,0.021,0.02,0.567,0.088
17betahsd1,Autodock Vina,0.5,NEF,,0.0,0.0,0.0,40,1240,7,0,0.0,0.0,0.497,0.0,-0.014,-0.01,0.58,0.146
17betahsd1,Autodock Vina,1.0,NEF,,0.0,0.0,0.0,40,1240,13,0,0.0,0.0,0.495,0.0,-0.019,-0.016,0.58,0.146
17betahsd1,Autodock Vina,5.0,NEF,,5.735,17.742,5.5,40,1240,62,11,0.866,6.471,0.616,27.5,0.188,0.184,0.58,0.146
a2a,Autodock Vina,0.5,NEF,,0.0,0.0,0.0,40,1240,7,0,0.0,0.0,0.497,0.0,-0.014,-0.01,0.671,0.018
a2a,Autodock Vina,1.0,NEF,,0.0,0.0,0.0,40,1240,13,0,0.0,0.0,0.495,0.0,-0.019,-0.016,0.671,0.018
a2a,Autodock Vina,5.0,NEF,,3.032,9.677,3.0,40,1240,62,6,0.763,3.214,0.552,15.0,0.084,0.082,0.671,0.018
ace,Autodock Vina,0.5,NEF,,0.0,0.0,0.0,40,1240,7,0,0.0,0.0,0.497,0.0,-0.014,-0.01,0.327,0.038
ace,Autodock Vina,1.0,NEF,,0.0,0.0,0.0,40,1240,13,0,0.0,0.0,0.495,0.0,-0.019,-0.016,0.327,0.038
ace,Autodock Vina,5.0,NEF,,1.111,3.226,1.0,40,1240,62,2,0.5,1.0,0.5,5.0,0.0,0.0,0.327,0.038
ace2,Autodock Vina,0.5,NEF,,0.0,0.0,0.0,40,1240,7,0,0.0,0.0,0.497,0.0,-0.014,-0.01,0.535,0.148
ace2,Autodock Vina,1.0,NEF,,4.13,15.385,4.769,40,1240,13,2,0.845,5.455,0.52,15.385,0.071,0.061,0.535,0.148
ace2,Autodock Vina,5.0,NEF,,1.709,4.839,1.5,40,1240,62,3,0.604,1.525,0.513,7.5,0.021,0.02,0.535,0.148
ache,Autodock Vina,0.5,NEF,,19.708,57.143,17.714,40,1240,7,4,0.976,40.0,0.549,57.143,0.23,0.162,0.82,0.332
ache,Autodock Vina,1.0,NEF,,11.825,38.462,11.923,40,1240,13,5,0.949,18.75,0.559,38.462,0.205,0.176,0.82,0.332
ache,Autodock Vina,5.0,NEF,,9.854,32.258,10.0,40,1240,62,20,0.935,14.286,0.732,50.0,0.377,0.367,0.82,0.332
adam17,Autodock Vina,0.5,NEF,,12.472,42.857,13.286,40,1240,7,3,0.957,22.5,0.536,42.857,0.169,0.119,0.439,0.186
adam17,Autodock Vina,1.0,NEF,,7.483,23.077,7.154,40,1240,13,3,0.9,9.0,0.533,23.077,0.116,0.099,0.439,0.186
adam17,Autodock Vina,5.0,NEF,,1.627,4.839,1.5,40,1240,62,3,0.604,1.525,0.513,7.5,0.021,0.02,0.439,0.186
adrb2,Autodock Vina,0.5,NEF,,0.0,0.0,0.0,40,1240,7,0,0.0,0.0,0.497,0.0,-0.014,-0.01,0.717,0.008
adrb2,Autodock Vina,1.0,NEF,,0.0,0.0,0.0,40,1240,13,0,0.0,0.0,0.495,0.0,-0.019,-0.016,0.717,0.008
adrb2,Autodock Vina,5.0,NEF,,2.381,8.065,2.5,40,1240,62,5,0.725,2.632,0.539,12.5,0.063,0.061,0.717,0.008
akt1,Autodock Vina,0.5,NEF,,0.0,0.0,0.0,40,1240,7,0,0.0,0.0,0.497,0.0,-0.014,-0.01,0.475,0.001
akt1,Autodock Vina,1.0,NEF,,0.0,0.0,0.0,40,1240,13,0,0.0,0.0,0.495,0.0,-0.019,-0.016,0.475,0.001
akt1,Autodock Vina,5.0,NEF,,0.0,0.0,0.0,40,1240,62,0,0.0,0.0,0.474,0.0,-0.042,-0.041,0.475,0.001
alr2,Autodock Vina,0.5,NEF,,0.0,0.0,0.0,40,1240,7,0,0.0,0.0,0.497,0.0,-0.014,-0.01,0.813,0.005
alr2,Autodock Vina,1.0,NEF,,0.0,0.0,0.0,40,1240,13,0,0.0,0.0,0.495,0.0,-0.019,-0.016,0.813,0.005
alr2,Autodock Vina,5.0,NEF,,0.0,0.0,0.0,40,1240,62,0,0.0,0.0,0.474,0.0,-0.042,-0.041,0.813,0.005
ar,Autodock Vina,0.5,NEF,,0.0,0.0,0.0,40,1240,7,0,0.0,0.0,0.497,0.0,-0.014,-0.01,0.672,0.106
ar,Autodock Vina,1.0,NEF,,0.0,0.0,0.0,40,1240,13,0,0.0,0.0,0.495,0.0,-0.019,-0.016,0.672,0.106
ar,Autodock Vina,5.0,NEF,,3.176,9.677,3.0,40,1240,62,6,0.763,3.214,0.552,15.0,0.084,0.082,0.672,0.106
aurka,Autodock Vina,0.5,NEF,,0.0,0.0,0.0,40,1240,7,0,0.0,0.0,0.497,0.0,-0.014,-0.01,0.651,0.175
aurka,Autodock Vina,1.0,NEF,,6.214,23.077,7.154,40,1240,13,3,0.9,9.0,0.533,23.077,0.116,0.099,0.651,0.175
aurka,Autodock Vina,5.0,NEF,,2.762,9.677,3.0,40,1240,62,6,0.763,3.214,0.552,15.0,0.084,0.082,0.651,0.175
aurkb,Autodock Vina,0.5,NEF,,11.244,42.857,13.286,40,1240,7,3,0.957,22.5,0.536,42.857,0.169,0.119,0.796,0.337
aurkb,Autodock Vina,1.0,NEF,,11.244,38.462,11.923,40,1240,13,5,0.949,18.75,0.559,38.462,0.205,0.176,0.796,0.337
aurkb,Autodock Vina,5.0,NEF,,5.19,16.129,5.0,40,1240,62,10,0.852,5.769,0.603,25.0,0.168,0.163,0.796,0.337
bcl2,Autodock Vina,0.5,NEF,,0.0,0.0,0.0,40,1240,7,0,0.0,0.0,0.497,0.0,-0.014,-0.01,0.534,0.179
bcl2,Autodock Vina,1.0,NEF,,8.247,23.077,7.154,40,1240,13,3,0.9,9.0,0.533,23.077,0.116,0.099,0.534,0.179
bcl2,Autodock Vina,5.0,NEF,,3.608,11.29,3.5,40,1240,62,7,0.792,3.818,0.565,17.5,0.105,0.102,0.534,0.179
braf,Autodock Vina,0.5,NEF,,13.321,42.857,13.286,40,1240,7,3,0.957,22.5,0.536,42.857,0.169,0.119,0.716,0.278
braf,Autodock Vina,1.0,NEF,,6.661,23.077,7.154,40,1240,13,3,0.9,9.0,0.533,23.077,0.116,0.099,0.716,0.278
braf,Autodock Vina,5.0,NEF,,2.805,9.677,3.0,40,1240,62,6,0.763,3.214,0.552,15.0,0.084,0.082,0.716,0.278
catl,Autodock Vina,0.5,NEF,,0.0,0.0,0.0,40,1240,7,0,0.0,0.0,0.497,0.0,-0.014,-0.01,0.708,0.014
catl,Autodock Vina,1.0,NEF,,0.0,0.0,0.0,40,1240,13,0,0.0,0.0,0.495,0.0,-0.019,-0.016,0.708,0.014
catl,Autodock Vina,5.0,NEF,,1.529,4.839,1.5,40,1240,62,3,0.604,1.525,0.513,7.5,0.021,0.02,0.708,0.014
cdk2,Autodock Vina,0.5,NEF,,0.0,0.0,0.0,40,1240,7,0,0.0,0.0,0.497,0.0,-0.014,-0.01,0.574,0.0
cdk2,Autodock Vina,1.0,NEF,,0.0,0.0,0.0,40,1240,13,0,0.0,0.0,0.495,0.0,-0.019,-0.016,0.574,0.0
cdk2,Autodock Vina,5.0,NEF,,0.0,0.0,0.0,40,1240,62,0,0.0,0.0,0.474,0.0,-0.042,-0.041,0.574,0.0
cox1,Autodock Vina,0.5,NEF,,15.192,42.857,13.286,40,1240,7,3,0.957,22.5,0.536,42.857,0.169,0.119,0.757,0.338
cox1,Autodock Vina,1.0,NEF,,7.596,23.077,7.154,40,1240,13,3,0.9,9.0,0.533,23.077,0.116,0.099,0.757,0.338
cox1,Autodock Vina,5.0,NEF,,6.077,19.355,6.0,40,1240,62,12,0.878,7.2,0.629,30.0,0.209,0.204,0.757,0.338
cox2,Autodock Vina,0.5,NEF,,38.875,128.571,39.857,40,1240,7,9,1.007,inf,0.613,100.0,0.535,0.377,0.711,0.458
cox2,Autodock Vina,1.0,NEF,,19.438,61.538,19.077,40,1240,13,8,0.98,48.0,0.598,61.538,0.34,0.291,0.711,0.458
cox2,Autodock Vina,5.0,NEF,,4.859,16.129,5.0,40,1240,62,10,0.852,5.769,0.603,25.0,0.168,0.163,0.711,0.458
ctsk,Autodock Vina,0.5,NEF,,0.0,0.0,0.0,40,1240,7,0,0.0,0.0,0.497,0.0,-0.014,-0.01,0.545,0.046
ctsk,Autodock Vina,1.0,NEF,,0.0,0.0,0.0,40,1240,13,0,0.0,0.0,0.495,0.0,-0.019,-0.016,0.545,0.046
ctsk,Autodock Vina,5.0,NEF,,2.79,9.677,3.0,40,1240,62,6,0.763,3.214,0.552,15.0,0.084,0.082,0.545,0.046
cyp2a6,Autodock Vina,0.5,NEF,,0.0,0.0,0.0,40,1240,7,0,0.0,0.0,0.497,0.0,-0.014,-0.01,0.251,0.0
cyp2a6,Autodock Vina,1.0,NEF,,0.0,0.0,0.0,40,1240,13,0,0.0,0.0,0.495,0.0,-0.019,-0.016,0.251,0.0
cyp2a6,Autodock Vina,5.0,NEF,,0.0,0.0,0.0,40,1240,62,0,0.0,0.0,0.474,0.0,-0.042,-0.041,0.251,0.0
dhfr,Autodock Vina,0.5,NEF,,0.0,0.0,0.0,40,1240,7,0,0.0,0.0,0.497,0.0,-0.014,-0.01,0.469,0.014
dhfr,Autodock Vina,1.0,NEF,,0.0,0.0,0.0,40,1240,13,0,0.0,0.0,0.495,0.0,-0.019,-0.016,0.469,0.014
dhfr,Autodock Vina,5.0,NEF,,1.327,4.839,1.5,40,1240,62,3,0.604,1.525,0.513,7.5,0.021,0.02,0.469,0.014
egfr,Autodock Vina,0.5,NEF,,0.0,0.0,0.0,40,1240,7,0,0.0,0.0,0.497,0.0,-0.014,-0.01,0.524,0.106
egfr,Autodock Vina,1.0,NEF,,0.0,0.0,0.0,40,1240,13,0,0.0,0.0,0.495,0.0,-0.019,-0.016,0.524,0.106
egfr,Autodock Vina,5.0,NEF,,2.024,6.452,2.0,40,1240,62,4,0.674,2.069,0.526,10.0,0.042,0.041,0.524,0.106
ephb4,Autodock Vina,0.5,NEF,,0.0,0.0,0.0,40,1240,7,0,0.0,0.0,0.497,0.0,-0.014,-0.01,0.756,0.046
ephb4,Autodock Vina,1.0,NEF,,0.0,0.0,0.0,40,1240,13,0,0.0,0.0,0.495,0.0,-0.019,-0.016,0.756,0.046
ephb4,Autodock Vina,5.0,NEF,,1.212,3.226,1.0,40,1240,62,2,0.5,1.0,0.5,5.0,0.0,0.0,0.756,0.046
erbb2,Autodock Vina,0.5,NEF,,14.367,42.857,13.286,40,1240,7,3,0.957,22.5,0.536,42.857,0.169,0.119,0.789,0.306
erbb2,Autodock Vina,1.0,NEF,,8.62,30.769,9.538,40,1240,13,4,0.93,13.333,0.546,30.769,0.16,0.137,0.789,0.306
erbb2,Autodock Vina,5.0,NEF,,5.877,19.355,6.0,40,1240,62,12,0.878,7.2,0.629,30.0,0.209,0.204,0.789,0.306
er-beta,Autodock Vina,0.5,NEF,,0.0,0.0,0.0,40,1240,7,0,0.0,0.0,0.497,0.0,-0.014,-0.01,0.526,0.051
er-beta,Autodock Vina,1.0,NEF,,0.0,0.0,0.0,40,1240,13,0,0.0,0.0,0.495,0.0,-0.019,-0.016,0.526,0.051
er-beta,Autodock Vina,5.0,NEF,,4.75,16.129,5.0,40,1240,62,10,0.852,5.769,0.603,25.0,0.168,0.163,0.526,0.051
fgfr1,Autodock Vina,0.5,NEF,,0.0,0.0,0.0,40,1240,7,0,0.0,0.0,0.497,0.0,-0.014,-0.01,0.564,0.002
fgfr1,Autodock Vina,1.0,NEF,,0.0,0.0,0.0,40,1240,13,0,0.0,0.0,0.495,0.0,-0.019,-0.016,0.564,0.002
fgfr1,Autodock Vina,5.0,NEF,,0.0,0.0,0.0,40,1240,62,0,0.0,0.0,0.474,0.0,-0.042,-0.041,0.564,0.002
fkbp1a,Autodock Vina,0.5,NEF,,0.0,0.0,0.0,40,1240,7,0,0.0,0.0,0.497,0.0,-0.014,-0.01,0.472,0.0
fkbp1a,Autodock Vina,1.0,NEF,,0.0,0.0,0.0,40,1240,13,0,0.0,0.0,0.495,0.0,-0.019,-0.016,0.472,0.0
fkbp1a,Autodock Vina,5.0,NEF,,0.0,0.0,0.0,40,1240,62,0,0.0,0.0,0.474,0.0,-0.042,-0.041,0.472,0.0
fxa,Autodock Vina,0.5,NEF,,0.0,0.0,0.0,40,1240,7,0,0.0,0.0,0.497,0.0,-0.014,-0.01,0.788,0.281
fxa,Autodock Vina,1.0,NEF,,10.472,30.769,9.538,40,1240,13,4,0.93,13.333,0.546,30.769,0.16,0.137,0.788,0.281
fxa,Autodock Vina,5.0,NEF,,6.614,20.968,6.5,40,1240,62,13,0.888,7.959,0.642,32.5,0.23,0.224,0.788,0.281
gba,Autodock Vina,0.5,NEF,,0.0,0.0,0.0,40,1240,7,0,0.0,0.0,0.497,0.0,-0.014,-0.01,0.405,0.0
gba,Autodock Vina,1.0,NEF,,0.0,0.0,0.0,40,1240,13,0,0.0,0.0,0.495,0.0,-0.019,-0.016,0.405,0.0
gba,Autodock Vina,5.0,NEF,,0.0,0.0,0.0,40,1240,62,0,0.0,0.0,0.474,0.0,-0.042,-0.041,0.405,0.0
gr,Autodock Vina,0.5,NEF,,0.0,0.0,0.0,40,1240,7,0,0.0,0.0,0.497,0.0,-0.014,-0.01,0.615,0.008
gr,Autodock Vina,1.0,NEF,,0.0,0.0,0.0,40,1240,13,0,0.0,0.0,0.495,0.0,-0.019,-0.016,0.615,0.008
gr,Autodock Vina,5.0,NEF,,1.109,3.226,1.0,40,1240,62,2,0.5,1.0,0.5,5.0,0.0,0.0,0.615,0.008
gsk3b,Autodock Vina,0.5,NEF,,0.0,0.0,0.0,40,1240,7,0,0.0,0.0,0.497,0.0,-0.014,-0.01,0.596,0.001
gsk3b,Autodock Vina,1.0,NEF,,0.0,0.0,0.0,40,1240,13,0,0.0,0.0,0.495,0.0,-0.019,-0.016,0.596,0.001
gsk3b,Autodock Vina,5.0,NEF,,0.0,0.0,0.0,40,1240,62,0,0.0,0.0,0.474,0.0,-0.042,-0.041,0.596,0.001
hdac2,Autodock Vina,0.5,NEF,,0.0,0.0,0.0,40,1240,7,0,0.0,0.0,0.497,0.0,-0.014,-0.01,0.691,0.241
hdac2,Autodock Vina,1.0,NEF,,11.893,38.462,11.923,40,1240,13,5,0.949,18.75,0.559,38.462,0.205,0.176,0.691,0.241
hdac2,Autodock Vina,5.0,NEF,,8.395,27.419,8.5,40,1240,62,17,0.919,11.333,0.694,42.5,0.314,0.306,0.691,0.241
hdac8,Autodock Vina,0.5,NEF,,0.0,0.0,0.0,40,1240,7,0,0.0,0.0,0.497,0.0,-0.014,-0.01,0.633,0.015
hdac8,Autodock Vina,1.0,NEF,,0.0,0.0,0.0,40,1240,13,0,0.0,0.0,0.495,0.0,-0.019,-0.016,0.633,0.015
hdac8,Autodock Vina,5.0,NEF,,2.216,6.452,2.0,40,1240,62,4,0.674,2.069,0.526,10.0,0.042,0.041,0.633,0.015
hiv1pr,Autodock Vina,0.5,NEF,,15.175,42.857,13.286,40,1240,7,3,0.957,22.5,0.536,42.857,0.169,0.119,0.855,0.485
hiv1pr,Autodock Vina,1.0,NEF,,13.007,38.462,11.923,40,1240,13,5,0.949,18.75,0.559,38.462,0.205,0.176,0.855,0.485
hiv1pr,Autodock Vina,5.0,NEF,,6.853,22.581,7.0,40,1240,62,14,0.897,8.75,0.655,35.0,0.251,0.245,0.855,0.485
hiv1rt,Autodock Vina,0.5,NEF,,0.0,0.0,0.0,40,1240,7,0,0.0,0.0,0.497,0.0,-0.014,-0.01,0.356,0.0
hiv1rt,Autodock Vina,1.0,NEF,,0.0,0.0,0.0,40,1240,13,0,0.0,0.0,0.495,0.0,-0.019,-0.016,0.356,0.0
hiv1rt,Autodock Vina,5.0,NEF,,0.0,0.0,0.0,40,1240,62,0,0.0,0.0,0.474,0.0,-0.042,-0.041,0.356,0.0
hmgr,Autodock Vina,0.5,NEF,,0.0,0.0,0.0,40,1240,7,0,0.0,0.0,0.497,0.0,-0.014,-0.01,0.524,0.0
hmgr,Autodock Vina,1.0,NEF,,0.0,0.0,0.0,40,1240,13,0,0.0,0.0,0.495,0.0,-0.019,-0.016,0.524,0.0
hmgr,Autodock Vina,5.0,NEF,,0.0,0.0,0.0,40,1240,62,0,0.0,0.0,0.474,0.0,-0.042,-0.041,0.524,0.0
hsp90,Autodock Vina,0.5,NEF,,0.0,0.0,0.0,40,1240,7,0,0.0,0.0,0.497,0.0,-0.014,-0.01,0.435,0.0
hsp90,Autodock Vina,1.0,NEF,,0.0,0.0,0.0,40,1240,13,0,0.0,0.0,0.495,0.0,-0.019,-0.016,0.435,0.0
hsp90,Autodock Vina,5.0,NEF,,0.0,0.0,0.0,40,1240,62,0,0.0,0.0,0.474,0.0,-0.042,-0.041,0.435,0.0
igf1r,Autodock Vina,0.5,NEF,,13.333,42.857,13.286,40,1240,7,3,0.957,22.5,0.536,42.857,0.169,0.119,0.662,0.219
igf1r,Autodock Vina,1.0,NEF,,6.667,23.077,7.154,40,1240,13,3,0.9,9.0,0.533,23.077,0.116,0.099,0.662,0.219
igf1r,Autodock Vina,5.0,NEF,,3.077,9.677,3.0,40,1240,62,6,0.763,3.214,0.552,15.0,0.084,0.082,0.662,0.219
inha,Autodock Vina,0.5,NEF,,38.75,128.571,39.857,40,1240,7,9,1.007,inf,0.613,100.0,0.535,0.377,0.666,0.601
inha,Autodock Vina,1.0,NEF,,19.375,61.538,19.077,40,1240,13,8,0.98,48.0,0.598,61.538,0.34,0.291,0.666,0.601
inha,Autodock Vina,5.0,NEF,,4.844,16.129,5.0,40,1240,62,10,0.852,5.769,0.603,25.0,0.168,0.163,0.666,0.601
itk,Autodock Vina,0.5,NEF,,0.0,0.0,0.0,40,1240,7,0,0.0,0.0,0.497,0.0,-0.014,-0.01,0.506,0.0
itk,Autodock Vina,1.0,NEF,,0.0,0.0,0.0,40,1240,13,0,0.0,0.0,0.495,0.0,-0.019,-0.016,0.506,0.0
itk,Autodock Vina,5.0,NEF,,0.0,0.0,0.0,40,1240,62,0,0.0,0.0,0.474,0.0,-0.042,-0.041,0.506,0.0
jak3,Autodock Vina,0.5,NEF,,8.778,28.571,8.857,40,1240,7,2,0.923,12.0,0.523,28.571,0.108,0.076,0.759,0.477
jak3,Autodock Vina,1.0,NEF,,10.533,30.769,9.538,40,1240,13,4,0.93,13.333,0.546,30.769,0.16,0.137,0.759,0.477
jak3,Autodock Vina,5.0,NEF,,7.681,24.194,7.5,40,1240,62,15,0.905,9.574,0.668,37.5,0.272,0.265,0.759,0.477
jnk1,Autodock Vina,0.5,NEF,,10.667,28.571,8.857,40,1240,7,2,0.923,12.0,0.523,28.571,0.108,0.076,0.613,0.183
jnk1,Autodock Vina,1.0,NEF,,6.4,23.077,7.154,40,1240,13,3,0.9,9.0,0.533,23.077,0.116,0.099,0.613,0.183
jnk1,Autodock Vina,5.0,NEF,,1.391,4.839,1.5,40,1240,62,3,0.604,1.525,0.513,7.5,0.021,0.02,0.613,0.183
jnk2,Autodock Vina,0.5,NEF,,0.0,0.0,0.0,40,1240,7,0,0.0,0.0,0.497,0.0,-0.014,-0.01,0.466,0.011
jnk2,Autodock Vina,1.0,NEF,,0.0,0.0,0.0,40,1240,13,0,0.0,0.0,0.495,0.0,-0.019,-0.016,0.466,0.011
jnk2,Autodock Vina,5.0,NEF,,1.732,4.839,1.5,40,1240,62,3,0.604,1.525,0.513,7.5,0.021,0.02,0.466,0.011
jnk3,Autodock Vina,0.5,NEF,,0.0,0.0,0.0,40,1240,7,0,0.0,0.0,0.497,0.0,-0.014,-0.01,0.715,0.055
jnk3,Autodock Vina,1.0,NEF,,0.0,0.0,0.0,40,1240,13,0,0.0,0.0,0.495,0.0,-0.019,-0.016,0.715,0.055
jnk3,Autodock Vina,5.0,NEF,,3.021,9.677,3.0,40,1240,62,6,0.763,3.214,0.552,15.0,0.084,0.082,0.715,0.055
kif11,Autodock Vina,0.5,NEF,,0.0,0.0,0.0,40,1240,7,0,0.0,0.0,0.497,0.0,-0.014,-0.01,0.895,0.052
kif11,Autodock Vina,1.0,NEF,,0.0,0.0,0.0,40,1240,13,0,0.0,0.0,0.495,0.0,-0.019,-0.016,0.895,0.052
kif11,Autodock Vina,5.0,NEF,,3.705,11.29,3.5,40,1240,62,7,0.792,3.818,0.565,17.5,0.105,0.102,0.895,0.052
lck,Autodock Vina,0.5,NEF,,10.157,28.571,8.857,40,1240,7,2,0.923,12.0,0.523,28.571,0.108,0.076,0.592,0.199
lck,Autodock Vina,1.0,NEF,,5.078,15.385,4.769,40,1240,13,2,0.845,5.455,0.52,15.385,0.071,0.061,0.592,0.199
lck,Autodock Vina,5.0,NEF,,2.344,8.065,2.5,40,1240,62,5,0.725,2.632,0.539,12.5,0.063,0.061,0.592,0.199
mdm2,Autodock Vina,0.5,NEF,,0.0,0.0,0.0,40,1240,7,0,0.0,0.0,0.497,0.0,-0.014,-0.01,0.524,0.002
mdm2,Autodock Vina,1.0,NEF,,0.0,0.0,0.0,40,1240,13,0,0.0,0.0,0.495,0.0,-0.019,-0.016,0.524,0.002
mdm2,Autodock Vina,5.0,NEF,,0.0,0.0,0.0,40,1240,62,0,0.0,0.0,0.474,0.0,-0.042,-0.041,0.524,0.002
mk2,Autodock Vina,0.5,NEF,,0.0,0.0,0.0,40,1240,7,0,0.0,0.0,0.497,0.0,-0.014,-0.01,0.914,0.397
mk2,Autodock Vina,1.0,NEF,,21.3,69.231,21.462,40,1240,13,9,0.985,67.5,0.611,69.231,0.385,0.329,0.914,0.397
mk2,Autodock Vina,5.0,NEF,,9.682,30.645,9.5,40,1240,62,19,0.93,13.256,0.72,47.5,0.356,0.347,0.914,0.397
mmp2,Autodock Vina,0.5,NEF,,0.0,0.0,0.0,40,1240,7,0,0.0,0.0,0.497,0.0,-0.014,-0.01,0.62,0.002
mmp2,Autodock Vina,1.0,NEF,,0.0,0.0,0.0,40,1240,13,0,0.0,0.0,0.495,0.0,-0.019,-0.016,0.62,0.002
mmp2,Autodock Vina,5.0,NEF,,0.0,0.0,0.0,40,1240,62,0,0.0,0.0,0.474,0.0,-0.042,-0.041,0.62,0.002
na,Autodock Vina,0.5,NEF,,0.0,0.0,0.0,40,1240,7,0,0.0,0.0,0.497,0.0,-0.014,-0.01,0.495,0.0
na,Autodock Vina,1.0,NEF,,0.0,0.0,0.0,40,1240,13,0,0.0,0.0,0.495,0.0,-0.019,-0.016,0.495,0.0
na,Autodock Vina,5.0,NEF,,0.0,0.0,0.0,40,1240,62,0,0.0,0.0,0.474,0.0,-0.042,-0.041,0.495,0.0
p38-alpha,Autodock Vina,0.5,NEF,,23.667,71.429,22.143,40,1240,7,5,0.987,75.0,0.562,71.429,0.291,0.205,0.592,0.308
p38-alpha,Autodock Vina,1.0,NEF,,14.2,46.154,14.308,40,1240,13,6,0.963,25.714,0.572,46.154,0.25,0.214,0.592,0.308
p38-alpha,Autodock Vina,5.0,NEF,,3.227,9.677,3.0,40,1240,62,6,0.763,3.214,0.552,15.0,0.084,0.082,0.592,0.308
parp-1,Autodock Vina,0.5,NEF,,0.0,0.0,0.0,40,1240,7,0,0.0,0.0,0.497,0.0,-0.014,-0.01,0.796,0.209
parp-1,Autodock Vina,1.0,NEF,,0.0,0.0,0.0,40,1240,13,0,0.0,0.0,0.495,0.0,-0.019,-0.016,0.796,0.209
parp-1,Autodock Vina,5.0,NEF,,9.893,32.258,10.0,40,1240,62,20,0.935,14.286,0.732,50.0,0.377,0.367,0.796,0.209
pde4b,Autodock Vina,0.5,NEF,,0.0,0.0,0.0,40,1240,7,0,0.0,0.0,0.497,0.0,-0.014,-0.01,0.698,0.124
pde4b,Autodock Vina,1.0,NEF,,5.046,15.385,4.769,40,1240,13,2,0.845,5.455,0.52,15.385,0.071,0.061,0.698,0.124
pde4b,Autodock Vina,5.0,NEF,,2.163,6.452,2.0,40,1240,62,4,0.674,2.069,0.526,10.0,0.042,0.041,0.698,0.124
pde5,Autodock Vina,0.5,NEF,,19.037,57.143,17.714,40,1240,7,4,0.976,40.0,0.549,57.143,0.23,0.162,0.472,0.164
pde5,Autodock Vina,1.0,NEF,,9.519,30.769,9.538,40,1240,13,4,0.93,13.333,0.546,30.769,0.16,0.137,0.472,0.164
pde5,Autodock Vina,5.0,NEF,,2.197,6.452,2.0,40,1240,62,4,0.674,2.069,0.526,10.0,0.042,0.041,0.472,0.164
pdk1,Autodock Vina,0.5,NEF,,19.25,57.143,17.714,40,1240,7,4,0.976,40.0,0.549,57.143,0.23,0.162,0.822,0.278
pdk1,Autodock Vina,1.0,NEF,,9.625,30.769,9.538,40,1240,13,4,0.93,13.333,0.546,30.769,0.16,0.137,0.822,0.278
pdk1,Autodock Vina,5.0,NEF,,3.85,12.903,4.0,40,1240,62,8,0.816,4.444,0.578,20.0,0.126,0.122,0.822,0.278
pi3kg,Autodock Vina,0.5,NEF,,0.0,0.0,0.0,40,1240,7,0,0.0,0.0,0.497,0.0,-0.014,-0.01,0.701,0.006
pi3kg,Autodock Vina,1.0,NEF,,0.0,0.0,0.0,40,1240,13,0,0.0,0.0,0.495,0.0,-0.019,-0.016,0.701,0.006
pi3kg,Autodock Vina,5.0,NEF,,0.0,0.0,0.0,40,1240,62,0,0.0,0.0,0.474,0.0,-0.042,-0.041,0.701,0.006
pim-1,Autodock Vina,0.5,NEF,,12.879,42.857,13.286,40,1240,7,3,0.957,22.5,0.536,42.857,0.169,0.119,0.814,0.251
pim-1,Autodock Vina,1.0,NEF,,7.727,23.077,7.154,40,1240,13,3,0.9,9.0,0.533,23.077,0.116,0.099,0.814,0.251
pim-1,Autodock Vina,5.0,NEF,,3.512,11.29,3.5,40,1240,62,7,0.792,3.818,0.565,17.5,0.105,0.102,0.814,0.251
pim-2,Autodock Vina,0.5,NEF,,27.6,85.714,26.571,40,1240,7,6,0.994,180.0,0.575,85.714,0.352,0.248,0.717,0.486
pim-2,Autodock Vina,1.0,NEF,,16.56,53.846,16.692,40,1240,13,7,0.972,35.0,0.585,53.846,0.295,0.252,0.717,0.486
pim-2,Autodock Vina,5.0,NEF,,5.914,19.355,6.0,40,1240,62,12,0.878,7.2,0.629,30.0,0.209,0.204,0.717,0.486
pnp,Autodock Vina,0.5,NEF,,0.0,0.0,0.0,40,1240,7,0,0.0,0.0,0.497,0.0,-0.014,-0.01,0.815,0.014
pnp,Autodock Vina,1.0,NEF,,0.0,0.0,0.0,40,1240,13,0,0.0,0.0,0.495,0.0,-0.019,-0.016,0.815,0.014
pnp,Autodock Vina,5.0,NEF,,6.538,20.968,6.5,40,1240,62,13,0.888,7.959,0.642,32.5,0.23,0.224,0.815,0.014
ppara,Autodock Vina,0.5,NEF,,0.0,0.0,0.0,40,1240,7,0,0.0,0.0,0.497,0.0,-0.014,-0.01,0.847,0.045
ppara,Autodock Vina,1.0,NEF,,0.0,0.0,0.0,40,1240,13,0,0.0,0.0,0.495,0.0,-0.019,-0.016,0.847,0.045
ppara,Autodock Vina,5.0,NEF,,2.987,9.677,3.0,40,1240,62,6,0.763,3.214,0.552,15.0,0.084,0.082,0.847,0.045
pparg,Autodock Vina,0.5,NEF,,0.0,0.0,0.0,40,1240,7,0,0.0,0.0,0.497,0.0,-0.014,-0.01,0.776,0.129
pparg,Autodock Vina,1.0,NEF,,6.862,23.077,7.154,40,1240,13,3,0.9,9.0,0.533,23.077,0.116,0.099,0.776,0.129
pparg,Autodock Vina,5.0,NEF,,1.492,4.839,1.5,40,1240,62,3,0.604,1.525,0.513,7.5,0.021,0.02,0.776,0.129
pr,Autodock Vina,0.5,NEF,,0.0,0.0,0.0,40,1240,7,0,0.0,0.0,0.497,0.0,-0.014,-0.01,0.678,0.002
pr,Autodock Vina,1.0,NEF,,0.0,0.0,0.0,40,1240,13,0,0.0,0.0,0.495,0.0,-0.019,-0.016,0.678,0.002
pr,Autodock Vina,5.0,NEF,,0.0,0.0,0.0,40,1240,62,0,0.0,0.0,0.474,0.0,-0.042,-0.041,0.678,0.002
prkcq,Autodock Vina,0.5,NEF,,0.0,0.0,0.0,40,1240,7,0,0.0,0.0,0.497,0.0,-0.014,-0.01,0.749,0.137
prkcq,Autodock Vina,1.0,NEF,,0.0,0.0,0.0,40,1240,13,0,0.0,0.0,0.495,0.0,-0.019,-0.016,0.749,0.137
prkcq,Autodock Vina,5.0,NEF,,5.978,19.355,6.0,40,1240,62,12,0.878,7.2,0.629,30.0,0.209,0.204,0.749,0.137
pygl-in,Autodock Vina,0.5,NEF,,0.0,0.0,0.0,40,1240,7,0,0.0,0.0,0.497,0.0,-0.014,-0.01,0.674,0.001
pygl-in,Autodock Vina,1.0,NEF,,0.0,0.0,0.0,40,1240,13,0,0.0,0.0,0.495,0.0,-0.019,-0.016,0.674,0.001
pygl-in,Autodock Vina,5.0,NEF,,0.0,0.0,0.0,40,1240,62,0,0.0,0.0,0.474,0.0,-0.042,-0.041,0.674,0.001
pygl-out,Autodock Vina,0.5,NEF,,14.944,42.857,13.286,40,1240,7,3,0.957,22.5,0.536,42.857,0.169,0.119,0.855,0.352
pygl-out,Autodock Vina,1.0,NEF,,14.944,46.154,14.308,40,1240,13,6,0.963,25.714,0.572,46.154,0.25,0.214,0.855,0.352
pygl-out,Autodock Vina,5.0,NEF,,8.302,27.419,8.5,40,1240,62,17,0.919,11.333,0.694,42.5,0.314,0.306,0.855,0.352
qpct,Autodock Vina,0.5,NEF,,0.0,0.0,0.0,40,1240,7,0,0.0,0.0,0.497,0.0,-0.014,-0.01,0.421,0.003
qpct,Autodock Vina,1.0,NEF,,0.0,0.0,0.0,40,1240,13,0,0.0,0.0,0.495,0.0,-0.019,-0.016,0.421,0.003
qpct,Autodock Vina,5.0,NEF,,0.0,0.0,0.0,40,1240,62,0,0.0,0.0,0.474,0.0,-0.042,-0.041,0.421,0.003
rock-1,Autodock Vina,0.5,NEF,,0.0,0.0,0.0,40,1240,7,0,0.0,0.0,0.497,0.0,-0.014,-0.01,0.503,0.0
rock-1,Autodock Vina,1.0,NEF,,0.0,0.0,0.0,40,1240,13,0,0.0,0.0,0.495,0.0,-0.019,-0.016,0.503,0.0
rock-1,Autodock Vina,5.0,NEF,,0.0,0.0,0.0,40,1240,62,0,0.0,0.0,0.474,0.0,-0.042,-0.041,0.503,0.0
rxr,Autodock Vina,0.5,NEF,,23.563,71.429,22.143,40,1240,7,5,0.987,75.0,0.562,71.429,0.291,0.205,0.544,0.237
rxr,Autodock Vina,1.0,NEF,,11.781,38.462,11.923,40,1240,13,5,0.949,18.75,0.559,38.462,0.205,0.176,0.544,0.237
rxr,Autodock Vina,5.0,NEF,,2.48,8.065,2.5,40,1240,62,5,0.725,2.632,0.539,12.5,0.063,0.061,0.544,0.237
sars-hcov,Autodock Vina,0.5,NEF,,0.0,0.0,0.0,39,1209,7,0,0.0,0.0,0.497,0.0,-0.014,-0.01,0.503,0.07
sars-hcov,Autodock Vina,1.0,NEF,,0.0,0.0,0.0,39,1209,13,0,0.0,0.0,0.494,0.0,-0.019,-0.016,0.503,0.07
sars-hcov,Autodock Vina,5.0,NEF,,2.5,8.197,2.541,39,1209,61,5,0.728,2.679,0.54,12.821,0.065,0.063,0.503,0.07
sirt2,Autodock Vina,0.5,NEF,,9.25,28.571,8.857,40,1240,7,2,0.923,12.0,0.523,28.571,0.108,0.076,0.543,0.216
sirt2,Autodock Vina,1.0,NEF,,5.55,15.385,4.769,40,1240,13,2,0.845,5.455,0.52,15.385,0.071,0.061,0.543,0.216
sirt2,Autodock Vina,5.0,NEF,,3.62,11.29,3.5,40,1240,62,7,0.792,3.818,0.565,17.5,0.105,0.102,0.543,0.216
src,Autodock Vina,0.5,NEF,,0.0,0.0,0.0,40,1240,7,0,0.0,0.0,0.497,0.0,-0.014,-0.01,0.484,0.0
src,Autodock Vina,1.0,NEF,,0.0,0.0,0.0,40,1240,13,0,0.0,0.0,0.495,0.0,-0.019,-0.016,0.484,0.0
src,Autodock Vina,5.0,NEF,,0.0,0.0,0.0,40,1240,62,0,0.0,0.0,0.474,0.0,-0.042,-0.041,0.484,0.0
thrombin,Autodock Vina,0.5,NEF,,0.0,0.0,0.0,40,1240,7,0,0.0,0.0,0.497,0.0,-0.014,-0.01,0.663,0.138
thrombin,Autodock Vina,1.0,NEF,,7.85,23.077,7.154,40,1240,13,3,0.9,9.0,0.533,23.077,0.116,0.099,0.663,0.138
thrombin,Autodock Vina,5.0,NEF,,3.271,11.29,3.5,40,1240,62,7,0.792,3.818,0.565,17.5,0.105,0.102,0.663,0.138
tie2,Autodock Vina,0.5,NEF,,0.0,0.0,0.0,40,1240,7,0,0.0,0.0,0.497,0.0,-0.014,-0.01,0.566,0.004
tie2,Autodock Vina,1.0,NEF,,0.0,0.0,0.0,40,1240,13,0,0.0,0.0,0.495,0.0,-0.019,-0.016,0.566,0.004
tie2,Autodock Vina,5.0,NEF,,0.0,0.0,0.0,40,1240,62,0,0.0,0.0,0.474,0.0,-0.042,-0.041,0.566,0.004
tk,Autodock Vina,0.5,NEF,,0.0,0.0,0.0,40,1240,7,0,0.0,0.0,0.497,0.0,-0.014,-0.01,0.52,0.32
tk,Autodock Vina,1.0,NEF,,6.354,23.077,7.154,40,1240,13,3,0.9,9.0,0.533,23.077,0.116,0.099,0.52,0.32
tk,Autodock Vina,5.0,NEF,,4.766,16.129,5.0,40,1240,62,10,0.852,5.769,0.603,25.0,0.168,0.163,0.52,0.32
tp,Autodock Vina,0.5,NEF,,0.0,0.0,0.0,40,1240,7,0,0.0,0.0,0.497,0.0,-0.014,-0.01,0.516,0.0
tp,Autodock Vina,1.0,NEF,,0.0,0.0,0.0,40,1240,13,0,0.0,0.0,0.495,0.0,-0.019,-0.016,0.516,0.0
tp,Autodock Vina,5.0,NEF,,0.0,0.0,0.0,40,1240,62,0,0.0,0.0,0.474,0.0,-0.042,-0.041,0.516,0.0
tpa,Autodock Vina,0.5,NEF,,0.0,0.0,0.0,40,1240,7,0,0.0,0.0,0.497,0.0,-0.014,-0.01,0.735,0.0
tpa,Autodock Vina,1.0,NEF,,0.0,0.0,0.0,40,1240,13,0,0.0,0.0,0.495,0.0,-0.019,-0.016,0.735,0.0
tpa,Autodock Vina,5.0,NEF,,0.0,0.0,0.0,40,1240,62,0,0.0,0.0,0.474,0.0,-0.042,-0.041,0.735,0.0
ts,Autodock Vina,0.5,NEF,,12.028,42.857,13.275,40,1239,7,3,0.957,22.481,0.536,42.857,0.169,0.119,0.738,0.358
ts,Autodock Vina,1.0,NEF,,14.433,46.154,14.296,40,1239,13,6,0.963,25.693,0.572,46.154,0.25,0.214,0.738,0.358
ts,Autodock Vina,5.0,NEF,,4.92,16.129,4.996,40,1239,62,10,0.852,5.764,0.603,25.0,0.168,0.163,0.738,0.358
upa,Autodock Vina,0.5,NEF,,24.583,85.714,26.571,40,1240,7,6,0.994,180.0,0.575,85.714,0.352,0.248,0.766,0.297
upa,Autodock Vina,1.0,NEF,,16.389,53.846,16.692,40,1240,13,7,0.972,35.0,0.585,53.846,0.295,0.252,0.766,0.297
upa,Autodock Vina,5.0,NEF,,3.278,11.29,3.5,40,1240,62,7,0.792,3.818,0.565,17.5,0.105,0.102,0.766,0.297
vegfr1,Autodock Vina,0.5,NEF,,33.75,114.286,35.429,40,1240,7,8,1.004,inf,0.6,100.0,0.474,0.334,0.82,0.499
vegfr1,Autodock Vina,1.0,NEF,,22.5,69.231,21.462,40,1240,13,9,0.985,67.5,0.611,69.231,0.385,0.329,0.82,0.499
vegfr1,Autodock Vina,5.0,NEF,,4.821,16.129,5.0,40,1240,62,10,0.852,5.769,0.603,25.0,0.168,0.163,0.82,0.499
vegfr2,Autodock Vina,0.5,NEF,,0.0,0.0,0.0,40,1240,7,0,0.0,0.0,0.497,0.0,-0.014,-0.01,0.637,0.065
vegfr2,Autodock Vina,1.0,NEF,,0.0,0.0,0.0,40,1240,13,0,0.0,0.0,0.495,0.0,-0.019,-0.016,0.637,0.065
vegfr2,Autodock Vina,5.0,NEF,,5.59,17.742,5.5,40,1240,62,11,0.866,6.471,0.616,27.5,0.188,0.184,0.637,0.065
17betahsd1,DLIGAND2,1.0,NEF,,2.44,7.692,2.385,40,1240,13,1,0.714,2.5,0.507,7.692,0.026,0.022,,
ace2,DLIGAND2,1.0,NEF,,4.88,15.385,4.769,40,1240,13,2,0.845,5.455,0.52,15.385,0.071,0.061,,
ache,DLIGAND2,1.0,NEF,,0.0,0.0,0.0,40,1240,13,0,0.0,0.0,0.495,0.0,-0.019,-0.016,,
akt1,DLIGAND2,1.0,NEF,,4.88,15.385,4.769,40,1240,13,2,0.845,5.455,0.52,15.385,0.071,0.061,,
alr2,DLIGAND2,1.0,NEF,,2.44,7.692,2.385,40,1240,13,1,0.714,2.5,0.507,7.692,0.026,0.022,,
ar,DLIGAND2,1.0,NEF,,2.44,7.692,2.385,40,1240,13,1,0.714,2.5,0.507,7.692,0.026,0.022,,
aurka,DLIGAND2,1.0,NEF,,2.44,7.692,2.385,40,1240,13,1,0.714,2.5,0.507,7.692,0.026,0.022,,
aurkb,DLIGAND2,1.0,NEF,,4.88,15.385,4.769,40,1240,13,2,0.845,5.455,0.52,15.385,0.071,0.061,,
bcl2,DLIGAND2,1.0,NEF,,2.44,7.692,2.385,40,1240,13,1,0.714,2.5,0.507,7.692,0.026,0.022,,
catl,DLIGAND2,1.0,NEF,,7.32,23.077,7.154,40,1240,13,3,0.9,9.0,0.533,23.077,0.116,0.099,,
cdk2,DLIGAND2,1.0,NEF,,0.0,0.0,0.0,40,1240,13,0,0.0,0.0,0.495,0.0,-0.019,-0.016,,
ctsk,DLIGAND2,1.0,NEF,,4.88,15.385,4.769,40,1240,13,2,0.845,5.455,0.52,15.385,0.071,0.061,,
cyp2a6,DLIGAND2,1.0,NEF,,0.0,0.0,0.0,40,1240,13,0,0.0,0.0,0.495,0.0,-0.019,-0.016,,
dhfr,DLIGAND2,1.0,NEF,,2.44,7.692,2.385,40,1240,13,1,0.714,2.5,0.507,7.692,0.026,0.022,,
egfr,DLIGAND2,1.0,NEF,,2.44,7.692,2.385,40,1240,13,1,0.714,2.5,0.507,7.692,0.026,0.022,,
ephb4,DLIGAND2,1.0,NEF,,2.44,7.692,2.385,40,1240,13,1,0.714,2.5,0.507,7.692,0.026,0.022,,
erbb2,DLIGAND2,1.0,NEF,,19.51,61.538,19.077,40,1240,13,8,0.98,48.0,0.598,61.538,0.34,0.291,,
er-beta,DLIGAND2,1.0,NEF,,4.88,15.385,4.769,40,1240,13,2,0.845,5.455,0.52,15.385,0.071,0.061,,
gsk3b,DLIGAND2,1.0,NEF,,4.88,15.385,4.769,40,1240,13,2,0.845,5.455,0.52,15.385,0.071,0.061,,
hiv1pr,DLIGAND2,1.0,NEF,,19.51,61.538,19.077,40,1240,13,8,0.98,48.0,0.598,61.538,0.34,0.291,,
itk,DLIGAND2,1.0,NEF,,0.0,0.0,0.0,40,1240,13,0,0.0,0.0,0.495,0.0,-0.019,-0.016,,
jak3,DLIGAND2,1.0,NEF,,2.44,7.692,2.385,40,1240,13,1,0.714,2.5,0.507,7.692,0.026,0.022,,
jnk1,DLIGAND2,1.0,NEF,,0.0,0.0,0.0,40,1240,13,0,0.0,0.0,0.495,0.0,-0.019,-0.016,,
jnk2,DLIGAND2,1.0,NEF,,12.2,38.462,11.923,40,1240,13,5,0.949,18.75,0.559,38.462,0.205,0.176,,
mdm2,DLIGAND2,1.0,NEF,,2.44,7.692,2.385,40,1240,13,1,0.714,2.5,0.507,7.692,0.026,0.022,,
mk2,DLIGAND2,1.0,NEF,,2.44,7.692,2.385,40,1240,13,1,0.714,2.5,0.507,7.692,0.026,0.022,,
mmp2,DLIGAND2,1.0,NEF,,9.76,30.769,9.538,40,1240,13,4,0.93,13.333,0.546,30.769,0.16,0.137,,
na,DLIGAND2,1.0,NEF,,0.0,0.0,0.0,40,1240,13,0,0.0,0.0,0.495,0.0,-0.019,-0.016,,
p38-alpha,DLIGAND2,1.0,NEF,,0.0,0.0,0.0,40,1240,13,0,0.0,0.0,0.495,0.0,-0.019,-0.016,,
pde4b,DLIGAND2,1.0,NEF,,9.76,30.769,9.538,40,1240,13,4,0.93,13.333,0.546,30.769,0.16,0.137,,
pde5,DLIGAND2,1.0,NEF,,12.2,38.462,11.923,40,1240,13,5,0.949,18.75,0.559,38.462,0.205,0.176,,
pdk1,DLIGAND2,1.0,NEF,,4.88,15.385,4.769,40,1240,13,2,0.845,5.455,0.52,15.385,0.071,0.061,,
pi3kg,DLIGAND2,1.0,NEF,,7.32,23.077,7.154,40,1240,13,3,0.9,9.0,0.533,23.077,0.116,0.099,,
pim-1,DLIGAND2,1.0,NEF,,4.88,15.385,4.769,40,1240,13,2,0.845,5.455,0.52,15.385,0.071,0.061,,
pim-2,DLIGAND2,1.0,NEF,,2.5,7.692,2.385,40,1240,13,1,0.714,2.5,0.507,7.692,0.026,0.022,,
pnp,DLIGAND2,1.0,NEF,,0.0,0.0,0.0,40,1240,13,0,0.0,0.0,0.495,0.0,-0.019,-0.016,,
pparg,DLIGAND2,1.0,NEF,,2.44,7.692,2.385,40,1240,13,1,0.714,2.5,0.507,7.692,0.026,0.022,,
pr,DLIGAND2,1.0,NEF,,0.0,0.0,0.0,40,1240,13,0,0.0,0.0,0.495,0.0,-0.019,-0.016,,
prkcq,DLIGAND2,1.0,NEF,,4.88,15.385,4.769,40,1240,13,2,0.845,5.455,0.52,15.385,0.071,0.061,,
pygl-in,DLIGAND2,1.0,NEF,,0.0,0.0,0.0,40,1240,13,0,0.0,0.0,0.495,0.0,-0.019,-0.016,,
pygl-out,DLIGAND2,1.0,NEF,,2.44,7.692,2.385,40,1240,13,1,0.714,2.5,0.507,7.692,0.026,0.022,,
qpct,DLIGAND2,1.0,NEF,,0.0,0.0,0.0,40,1240,13,0,0.0,0.0,0.495,0.0,-0.019,-0.016,,
sars-hcov,DLIGAND2,1.0,NEF,,2.66,7.692,2.385,39,1209,13,1,0.714,2.5,0.508,7.692,0.026,0.023,,
src,DLIGAND2,1.0,NEF,,2.61,7.692,2.385,40,1240,13,1,0.714,2.5,0.507,7.692,0.026,0.022,,
thrombin,DLIGAND2,1.0,NEF,,2.44,7.692,2.385,40,1240,13,1,0.714,2.5,0.507,7.692,0.026,0.022,,
tie2,DLIGAND2,1.0,NEF,,17.07,53.846,16.692,40,1240,13,7,0.972,35.0,0.585,53.846,0.295,0.252,,
tk,DLIGAND2,1.0,NEF,,2.44,7.692,2.385,40,1240,13,1,0.714,2.5,0.507,7.692,0.026,0.022,,
tp,DLIGAND2,1.0,NEF,,19.51,61.538,19.077,40,1240,13,8,0.98,48.0,0.598,61.538,0.34,0.291,,
tpa,DLIGAND2,1.0,NEF,,0.0,0.0,0.0,40,1240,13,0,0.0,0.0,0.495,0.0,-0.019,-0.016,,
ts,DLIGAND2,1.0,NEF,,7.32,23.077,7.148,40,1239,13,3,0.9,8.992,0.533,23.077,0.116,0.099,,
vegfr1,DLIGAND2,1.0,NEF,,0.0,0.0,0.0,40,1240,13,0,0.0,0.0,0.495,0.0,-0.019,-0.016,,
vegfr2,DLIGAND2,1.0,NEF,,0.0,0.0,0.0,40,1240,13,0,0.0,0.0,0.495,0.0,-0.019,-0.016,,
11betahsd1,GenScore(ft_0.5),0.5,NEF,,0.0,0.0,0.0,40,1240,7,0,0.0,0.0,0.497,0.0,-0.014,-0.01,0.579,0.032
11betahsd1,GenScore(ft_0.5),1.0,NEF,,0.0,0.0,0.0,40,1240,13,0,0.0,0.0,0.495,0.0,-0.019,-0.016,0.579,0.032
11betahsd1,GenScore(ft_0.5),5.0,NEF,,1.99,6.452,2.0,40,1240,62,4,0.674,2.069,0.526,10.0,0.042,0.041,0.579,0.032
17betahsd1,GenScore(ft_0.5),0.5,NEF,,0.0,0.0,0.0,40,1240,7,0,0.0,0.0,0.497,0.0,-0.014,-0.01,0.524,0.019
17betahsd1,GenScore(ft_0.5),1.0,NEF,,0.0,0.0,0.0,40,1240,13,0,0.0,0.0,0.495,0.0,-0.019,-0.016,0.524,0.019
17betahsd1,GenScore(ft_0.5),5.0,NEF,,0.99,3.226,1.0,40,1240,62,2,0.5,1.0,0.5,5.0,0.0,0.0,0.524,0.019
a2a,GenScore(ft_0.5),0.5,NEF,,30.53,100.0,31.0,40,1240,7,7,1.0,inf,0.588,100.0,0.413,0.291,0.769,0.576
a2a,GenScore(ft_0.5),1.0,NEF,,16.44,53.846,16.692,40,1240,13,7,0.972,35.0,0.585,53.846,0.295,0.252,0.769,0.576
a2a,GenScore(ft_0.5),5.0,NEF,,7.88,25.806,8.0,40,1240,62,16,0.913,10.435,0.681,40.0,0.293,0.286,0.769,0.576
ace,GenScore(ft_0.5),0.5,NEF,,30.9,100.0,31.0,40,1240,7,7,1.0,inf,0.588,100.0,0.413,0.291,0.833,0.887
ace,GenScore(ft_0.5),1.0,NEF,,30.9,100.0,31.0,40,1240,13,13,1.0,inf,0.662,100.0,0.564,0.482,0.833,0.887
ace,GenScore(ft_0.5),5.0,NEF,,11.96,38.71,12.0,40,1240,62,24,0.95,18.947,0.784,60.0,0.461,0.449,0.833,0.887
ace2,GenScore(ft_0.5),0.5,NEF,,22.13,71.429,22.143,40,1240,7,5,0.987,75.0,0.562,71.429,0.291,0.205,0.844,0.382
ace2,GenScore(ft_0.5),1.0,NEF,,14.3,46.154,14.308,40,1240,13,6,0.963,25.714,0.572,46.154,0.25,0.214,0.844,0.382
ace2,GenScore(ft_0.5),5.0,NEF,,5.0,16.129,5.0,40,1240,62,10,0.852,5.769,0.603,25.0,0.168,0.163,0.844,0.382
ache,GenScore(ft_0.5),0.5,NEF,,0.0,0.0,0.0,40,1240,7,0,0.0,0.0,0.497,0.0,-0.014,-0.01,0.535,0.047
ache,GenScore(ft_0.5),1.0,NEF,,2.35,7.692,2.385,40,1240,13,1,0.714,2.5,0.507,7.692,0.026,0.022,0.535,0.047
ache,GenScore(ft_0.5),5.0,NEF,,0.99,3.226,1.0,40,1240,62,2,0.5,1.0,0.5,5.0,0.0,0.0,0.535,0.047
adam17,GenScore(ft_0.5),0.5,NEF,,26.36,85.714,26.571,40,1240,7,6,0.994,180.0,0.575,85.714,0.352,0.248,0.854,0.656
adam17,GenScore(ft_0.5),1.0,NEF,,21.29,69.231,21.462,40,1240,13,9,0.985,67.5,0.611,69.231,0.385,0.329,0.854,0.656
adam17,GenScore(ft_0.5),5.0,NEF,,9.42,30.645,9.5,40,1240,62,19,0.93,13.256,0.72,47.5,0.356,0.347,0.854,0.656
adrb2,GenScore(ft_0.5),0.5,NEF,,9.47,28.571,8.857,40,1240,7,2,0.923,12.0,0.523,28.571,0.108,0.076,0.699,0.159
adrb2,GenScore(ft_0.5),1.0,NEF,,4.74,15.385,4.769,40,1240,13,2,0.845,5.455,0.52,15.385,0.071,0.061,0.699,0.159
adrb2,GenScore(ft_0.5),5.0,NEF,,2.49,8.065,2.5,40,1240,62,5,0.725,2.632,0.539,12.5,0.063,0.061,0.699,0.159
akt1,GenScore(ft_0.5),0.5,NEF,,20.15,71.429,22.143,40,1240,7,5,0.987,75.0,0.562,71.429,0.291,0.205,0.725,0.436
akt1,GenScore(ft_0.5),1.0,NEF,,15.12,46.154,14.308,40,1240,13,6,0.963,25.714,0.572,46.154,0.25,0.214,0.725,0.436
akt1,GenScore(ft_0.5),5.0,NEF,,8.2,25.806,8.0,40,1240,62,16,0.913,10.435,0.681,40.0,0.293,0.286,0.725,0.436
alr2,GenScore(ft_0.5),0.5,NEF,,8.77,28.571,8.857,40,1240,7,2,0.923,12.0,0.523,28.571,0.108,0.076,0.613,0.155
alr2,GenScore(ft_0.5),1.0,NEF,,4.72,15.385,4.769,40,1240,13,2,0.845,5.455,0.52,15.385,0.071,0.061,0.613,0.155
alr2,GenScore(ft_0.5),5.0,NEF,,3.47,11.29,3.5,40,1240,62,7,0.792,3.818,0.565,17.5,0.105,0.102,0.613,0.155
ar,GenScore(ft_0.5),0.5,NEF,,11.78,42.857,13.286,40,1240,7,3,0.957,22.5,0.536,42.857,0.169,0.119,0.937,0.712
ar,GenScore(ft_0.5),1.0,NEF,,16.83,53.846,16.692,40,1240,13,7,0.972,35.0,0.585,53.846,0.295,0.252,0.937,0.712
ar,GenScore(ft_0.5),5.0,NEF,,9.57,30.645,9.5,40,1240,62,19,0.93,13.256,0.72,47.5,0.356,0.347,0.937,0.712
aurka,GenScore(ft_0.5),0.5,NEF,,31.05,100.0,31.0,40,1240,7,7,1.0,inf,0.588,100.0,0.413,0.291,0.915,0.904
aurka,GenScore(ft_0.5),1.0,NEF,,28.66,92.308,28.615,40,1240,13,12,0.997,360.0,0.65,92.308,0.519,0.444,0.915,0.904
aurka,GenScore(ft_0.5),5.0,NEF,,13.74,43.548,13.5,40,1240,62,27,0.959,23.143,0.823,67.5,0.524,0.51,0.915,0.904
aurkb,GenScore(ft_0.5),0.5,NEF,,30.33,100.0,31.0,40,1240,7,7,1.0,inf,0.588,100.0,0.413,0.291,0.897,0.891
aurkb,GenScore(ft_0.5),1.0,NEF,,27.99,92.308,28.615,40,1240,13,12,0.997,360.0,0.65,92.308,0.519,0.444,0.897,0.891
aurkb,GenScore(ft_0.5),5.0,NEF,,13.42,43.548,13.5,40,1240,62,27,0.959,23.143,0.823,67.5,0.524,0.51,0.897,0.891
bcl2,GenScore(ft_0.5),0.5,NEF,,4.34,14.286,4.429,40,1240,7,1,0.833,5.0,0.51,14.286,0.047,0.033,0.596,0.077
bcl2,GenScore(ft_0.5),1.0,NEF,,2.34,7.692,2.385,40,1240,13,1,0.714,2.5,0.507,7.692,0.026,0.022,0.596,0.077
bcl2,GenScore(ft_0.5),5.0,NEF,,1.0,3.226,1.0,40,1240,62,2,0.5,1.0,0.5,5.0,0.0,0.0,0.596,0.077
braf,GenScore(ft_0.5),0.5,NEF,,4.42,14.286,4.429,40,1240,7,1,0.833,5.0,0.51,14.286,0.047,0.033,0.874,0.243
braf,GenScore(ft_0.5),1.0,NEF,,7.14,23.077,7.154,40,1240,13,3,0.9,9.0,0.533,23.077,0.116,0.099,0.874,0.243
braf,GenScore(ft_0.5),5.0,NEF,,7.6,24.194,7.5,40,1240,62,15,0.905,9.574,0.668,37.5,0.272,0.265,0.874,0.243
catl,GenScore(ft_0.5),0.5,NEF,,0.0,0.0,0.0,40,1240,7,0,0.0,0.0,0.497,0.0,-0.014,-0.01,0.635,0.067
catl,GenScore(ft_0.5),1.0,NEF,,0.0,0.0,0.0,40,1240,13,0,0.0,0.0,0.495,0.0,-0.019,-0.016,0.635,0.067
catl,GenScore(ft_0.5),5.0,NEF,,2.98,9.677,3.0,40,1240,62,6,0.763,3.214,0.552,15.0,0.084,0.082,0.635,0.067
cdk2,GenScore(ft_0.5),0.5,NEF,,25.62,85.714,26.571,40,1240,7,6,0.994,180.0,0.575,85.714,0.352,0.248,0.842,0.667
cdk2,GenScore(ft_0.5),1.0,NEF,,23.06,76.923,23.846,40,1240,13,10,0.99,100.0,0.624,76.923,0.429,0.367,0.842,0.667
cdk2,GenScore(ft_0.5),5.0,NEF,,9.74,30.645,9.5,40,1240,62,19,0.93,13.256,0.72,47.5,0.356,0.347,0.842,0.667
cox1,GenScore(ft_0.5),0.5,NEF,,14.38,42.857,13.286,40,1240,7,3,0.957,22.5,0.536,42.857,0.169,0.119,0.746,0.39
cox1,GenScore(ft_0.5),1.0,NEF,,11.99,38.462,11.923,40,1240,13,5,0.949,18.75,0.559,38.462,0.205,0.176,0.746,0.39
cox1,GenScore(ft_0.5),5.0,NEF,,5.55,17.742,5.5,40,1240,62,11,0.866,6.471,0.616,27.5,0.188,0.184,0.746,0.39
cox2,GenScore(ft_0.5),0.5,NEF,,9.23,28.571,8.857,40,1240,7,2,0.923,12.0,0.523,28.571,0.108,0.076,0.845,0.45
cox2,GenScore(ft_0.5),1.0,NEF,,10.26,30.769,9.538,40,1240,13,4,0.93,13.333,0.546,30.769,0.16,0.137,0.845,0.45
cox2,GenScore(ft_0.5),5.0,NEF,,7.51,24.194,7.5,40,1240,62,15,0.905,9.574,0.668,37.5,0.272,0.265,0.845,0.45
ctsk,GenScore(ft_0.5),0.5,NEF,,17.57,57.143,17.714,40,1240,7,4,0.976,40.0,0.549,57.143,0.23,0.162,0.574,0.301
ctsk,GenScore(ft_0.5),1.0,NEF,,11.83,38.462,11.923,40,1240,13,5,0.949,18.75,0.559,38.462,0.205,0.176,0.574,0.301
ctsk,GenScore(ft_0.5),5.0,NEF,,2.98,9.677,3.0,40,1240,62,6,0.763,3.214,0.552,15.0,0.084,0.082,0.574,0.301
cyp2a6,GenScore(ft_0.5),0.5,NEF,,0.0,0.0,0.0,40,1240,7,0,0.0,0.0,0.497,0.0,-0.014,-0.01,0.44,0.005
cyp2a6,GenScore(ft_0.5),1.0,NEF,,0.0,0.0,0.0,40,1240,13,0,0.0,0.0,0.495,0.0,-0.019,-0.016,0.44,0.005
cyp2a6,GenScore(ft_0.5),5.0,NEF,,0.55,1.613,0.5,40,1240,62,1,0.33,0.492,0.487,2.5,-0.021,-0.02,0.44,0.005
dhfr,GenScore(ft_0.5),0.5,NEF,,30.42,100.0,31.0,40,1240,7,7,1.0,inf,0.588,100.0,0.413,0.291,0.812,0.769
dhfr,GenScore(ft_0.5),1.0,NEF,,25.74,84.615,26.231,40,1240,13,11,0.994,165.0,0.637,84.615,0.474,0.406,0.812,0.769
dhfr,GenScore(ft_0.5),5.0,NEF,,11.47,37.097,11.5,40,1240,62,23,0.947,17.692,0.771,57.5,0.44,0.429,0.812,0.769
egfr,GenScore(ft_0.5),0.5,NEF,,26.46,85.714,26.571,40,1240,7,6,0.994,180.0,0.575,85.714,0.352,0.248,0.833,0.63
egfr,GenScore(ft_0.5),1.0,NEF,,23.75,76.923,23.846,40,1240,13,10,0.99,100.0,0.624,76.923,0.429,0.367,0.833,0.63
egfr,GenScore(ft_0.5),5.0,NEF,,9.11,29.032,9.0,40,1240,62,18,0.925,12.273,0.707,45.0,0.335,0.327,0.833,0.63
ephb4,GenScore(ft_0.5),0.5,NEF,,31.18,100.0,31.0,40,1240,7,7,1.0,inf,0.588,100.0,0.413,0.291,0.875,0.751
ephb4,GenScore(ft_0.5),1.0,NEF,,31.18,100.0,31.0,40,1240,13,13,1.0,inf,0.662,100.0,0.564,0.482,0.875,0.751
ephb4,GenScore(ft_0.5),5.0,NEF,,10.22,32.258,10.0,40,1240,62,20,0.935,14.286,0.732,50.0,0.377,0.367,0.875,0.751
erbb2,GenScore(ft_0.5),0.5,NEF,,29.43,100.0,31.0,40,1240,7,7,1.0,inf,0.588,100.0,0.413,0.291,0.979,0.984
erbb2,GenScore(ft_0.5),1.0,NEF,,29.43,92.308,28.615,40,1240,13,12,0.997,360.0,0.65,92.308,0.519,0.444,0.979,0.984
erbb2,GenScore(ft_0.5),5.0,NEF,,17.46,56.452,17.5,40,1240,62,35,0.975,38.889,0.926,87.5,0.691,0.673,0.979,0.984
er-beta,GenScore(ft_0.5),0.5,NEF,,28.45,85.714,26.571,40,1240,7,6,0.994,180.0,0.575,85.714,0.352,0.248,0.934,0.802
er-beta,GenScore(ft_0.5),1.0,NEF,,22.13,69.231,21.462,40,1240,13,9,0.985,67.5,0.611,69.231,0.385,0.329,0.934,0.802
er-beta,GenScore(ft_0.5),5.0,NEF,,13.55,43.548,13.5,40,1240,62,27,0.959,23.143,0.823,67.5,0.524,0.51,0.934,0.802
fgfr1,GenScore(ft_0.5),0.5,NEF,,30.33,100.0,31.0,40,1240,7,7,1.0,inf,0.588,100.0,0.413,0.291,0.881,0.796
fgfr1,GenScore(ft_0.5),1.0,NEF,,30.33,100.0,31.0,40,1240,13,13,1.0,inf,0.662,100.0,0.564,0.482,0.881,0.796
fgfr1,GenScore(ft_0.5),5.0,NEF,,10.11,32.258,10.0,40,1240,62,20,0.935,14.286,0.732,50.0,0.377,0.367,0.881,0.796
fkbp1a,GenScore(ft_0.5),0.5,NEF,,32.34,100.0,31.0,40,1240,7,7,1.0,inf,0.588,100.0,0.413,0.291,0.68,0.648
fkbp1a,GenScore(ft_0.5),1.0,NEF,,24.88,76.923,23.846,40,1240,13,10,0.99,100.0,0.624,76.923,0.429,0.367,0.68,0.648
fkbp1a,GenScore(ft_0.5),5.0,NEF,,9.39,30.645,9.5,40,1240,62,19,0.93,13.256,0.72,47.5,0.356,0.347,0.68,0.648
fxa,GenScore(ft_0.5),0.5,NEF,,30.54,100.0,31.0,40,1240,7,7,1.0,inf,0.588,100.0,0.413,0.291,0.876,0.876
fxa,GenScore(ft_0.5),1.0,NEF,,30.54,100.0,31.0,40,1240,13,13,1.0,inf,0.662,100.0,0.564,0.482,0.876,0.876
fxa,GenScore(ft_0.5),5.0,NEF,,11.71,37.097,11.5,40,1240,62,23,0.947,17.692,0.771,57.5,0.44,0.429,0.876,0.876
gba,GenScore(ft_0.5),0.5,NEF,,8.82,28.571,8.857,40,1240,7,2,0.923,12.0,0.523,28.571,0.108,0.076,0.398,0.18
gba,GenScore(ft_0.5),1.0,NEF,,4.75,15.385,4.769,40,1240,13,2,0.845,5.455,0.52,15.385,0.071,0.061,0.398,0.18
gba,GenScore(ft_0.5),5.0,NEF,,2.49,8.065,2.5,40,1240,62,5,0.725,2.632,0.539,12.5,0.063,0.061,0.398,0.18
gr,GenScore(ft_0.5),0.5,NEF,,17.44,57.143,17.714,40,1240,7,4,0.976,40.0,0.549,57.143,0.23,0.162,0.596,0.26
gr,GenScore(ft_0.5),1.0,NEF,,9.39,30.769,9.538,40,1240,13,4,0.93,13.333,0.546,30.769,0.16,0.137,0.596,0.26
gr,GenScore(ft_0.5),5.0,NEF,,2.46,8.065,2.5,40,1240,62,5,0.725,2.632,0.539,12.5,0.063,0.061,0.596,0.26
gsk3b,GenScore(ft_0.5),0.5,NEF,,26.42,85.714,26.571,40,1240,7,6,0.994,180.0,0.575,85.714,0.352,0.248,0.882,0.646
gsk3b,GenScore(ft_0.5),1.0,NEF,,21.34,69.231,21.462,40,1240,13,9,0.985,67.5,0.611,69.231,0.385,0.329,0.882,0.646
gsk3b,GenScore(ft_0.5),5.0,NEF,,7.58,24.194,7.5,40,1240,62,15,0.905,9.574,0.668,37.5,0.272,0.265,0.882,0.646
hdac2,GenScore(ft_0.5),0.5,NEF,,17.23,57.143,17.714,40,1240,7,4,0.976,40.0,0.549,57.143,0.23,0.162,0.704,0.265
hdac2,GenScore(ft_0.5),1.0,NEF,,9.28,30.769,9.538,40,1240,13,4,0.93,13.333,0.546,30.769,0.16,0.137,0.704,0.265
hdac2,GenScore(ft_0.5),5.0,NEF,,1.98,6.452,2.0,40,1240,62,4,0.674,2.069,0.526,10.0,0.042,0.041,0.704,0.265
hdac8,GenScore(ft_0.5),0.5,NEF,,0.0,0.0,0.0,40,1240,7,0,0.0,0.0,0.497,0.0,-0.014,-0.01,0.377,0.0
hdac8,GenScore(ft_0.5),1.0,NEF,,0.0,0.0,0.0,40,1240,13,0,0.0,0.0,0.495,0.0,-0.019,-0.016,0.377,0.0
hdac8,GenScore(ft_0.5),5.0,NEF,,0.0,0.0,0.0,40,1240,62,0,0.0,0.0,0.474,0.0,-0.042,-0.041,0.377,0.0
hiv1pr,GenScore(ft_0.5),0.5,NEF,,34.46,114.286,35.429,40,1240,7,8,1.004,inf,0.6,100.0,0.474,0.334,0.791,0.78
hiv1pr,GenScore(ft_0.5),1.0,NEF,,31.81,100.0,31.0,40,1240,13,13,1.0,inf,0.662,100.0,0.564,0.482,0.791,0.78
hiv1pr,GenScore(ft_0.5),5.0,NEF,,10.73,33.871,10.5,40,1240,62,21,0.939,15.366,0.745,52.5,0.398,0.388,0.791,0.78
hiv1rt,GenScore(ft_0.5),0.5,NEF,,18.78,57.143,17.714,40,1240,7,4,0.976,40.0,0.549,57.143,0.23,0.162,0.692,0.329
hiv1rt,GenScore(ft_0.5),1.0,NEF,,12.64,38.462,11.923,40,1240,13,5,0.949,18.75,0.559,38.462,0.205,0.176,0.692,0.329
hiv1rt,GenScore(ft_0.5),5.0,NEF,,3.77,12.903,4.0,40,1240,62,8,0.816,4.444,0.578,20.0,0.126,0.122,0.692,0.329
hmgr,GenScore(ft_0.5),0.5,NEF,,30.9,100.0,31.0,40,1240,7,7,1.0,inf,0.588,100.0,0.413,0.291,0.986,1.043
hmgr,GenScore(ft_0.5),1.0,NEF,,30.9,100.0,31.0,40,1240,13,13,1.0,inf,0.662,100.0,0.564,0.482,0.986,1.043
hmgr,GenScore(ft_0.5),5.0,NEF,,18.44,59.677,18.5,40,1240,62,37,0.978,44.4,0.952,92.5,0.733,0.714,0.986,1.043
hsp90,GenScore(ft_0.5),0.5,NEF,,30.33,100.0,31.0,40,1240,7,7,1.0,inf,0.588,100.0,0.413,0.291,0.771,0.779
hsp90,GenScore(ft_0.5),1.0,NEF,,30.33,100.0,31.0,40,1240,13,13,1.0,inf,0.662,100.0,0.564,0.482,0.771,0.779
hsp90,GenScore(ft_0.5),5.0,NEF,,10.44,33.871,10.5,40,1240,62,21,0.939,15.366,0.745,52.5,0.398,0.388,0.771,0.779
igf1r,GenScore(ft_0.5),0.5,NEF,,20.21,71.429,22.143,40,1240,7,5,0.987,75.0,0.562,71.429,0.291,0.205,0.525,0.311
igf1r,GenScore(ft_0.5),1.0,NEF,,10.11,30.769,9.538,40,1240,13,4,0.93,13.333,0.546,30.769,0.16,0.137,0.525,0.311
igf1r,GenScore(ft_0.5),5.0,NEF,,4.18,12.903,4.0,40,1240,62,8,0.816,4.444,0.578,20.0,0.126,0.122,0.525,0.311
inha,GenScore(ft_0.5),0.5,NEF,,8.76,28.571,8.857,40,1240,7,2,0.923,12.0,0.523,28.571,0.108,0.076,0.481,0.156
inha,GenScore(ft_0.5),1.0,NEF,,4.72,15.385,4.769,40,1240,13,2,0.845,5.455,0.52,15.385,0.071,0.061,0.481,0.156
inha,GenScore(ft_0.5),5.0,NEF,,1.98,6.452,2.0,40,1240,62,4,0.674,2.069,0.526,10.0,0.042,0.041,0.481,0.156
itk,GenScore(ft_0.5),0.5,NEF,,8.69,28.571,8.857,40,1240,7,2,0.923,12.0,0.523,28.571,0.108,0.076,0.603,0.216
itk,GenScore(ft_0.5),1.0,NEF,,9.35,30.769,9.538,40,1240,13,4,0.93,13.333,0.546,30.769,0.16,0.137,0.603,0.216
itk,GenScore(ft_0.5),5.0,NEF,,2.49,8.065,2.5,40,1240,62,5,0.725,2.632,0.539,12.5,0.063,0.061,0.603,0.216
jak3,GenScore(ft_0.5),0.5,NEF,,30.69,100.0,31.0,40,1240,7,7,1.0,inf,0.588,100.0,0.413,0.291,0.878,0.822
jak3,GenScore(ft_0.5),1.0,NEF,,28.13,92.308,28.615,40,1240,13,12,0.997,360.0,0.65,92.308,0.519,0.444,0.878,0.822
jak3,GenScore(ft_0.5),5.0,NEF,,11.25,35.484,11.0,40,1240,62,22,0.943,16.5,0.758,55.0,0.419,0.408,0.878,0.822
jnk1,GenScore(ft_0.5),0.5,NEF,,31.37,100.0,31.0,40,1240,7,7,1.0,inf,0.588,100.0,0.413,0.291,0.747,0.596
jnk1,GenScore(ft_0.5),1.0,NEF,,26.14,84.615,26.231,40,1240,13,11,0.994,165.0,0.637,84.615,0.474,0.406,0.747,0.596
jnk1,GenScore(ft_0.5),5.0,NEF,,7.84,25.806,8.0,40,1240,62,16,0.913,10.435,0.681,40.0,0.293,0.286,0.747,0.596
jnk2,GenScore(ft_0.5),0.5,NEF,,24.72,85.714,26.571,40,1240,7,6,0.994,180.0,0.575,85.714,0.352,0.248,0.471,0.417
jnk2,GenScore(ft_0.5),1.0,NEF,,17.31,53.846,16.692,40,1240,13,7,0.972,35.0,0.585,53.846,0.295,0.252,0.471,0.417
jnk2,GenScore(ft_0.5),5.0,NEF,,3.58,11.29,3.5,40,1240,62,7,0.792,3.818,0.565,17.5,0.105,0.102,0.471,0.417
jnk3,GenScore(ft_0.5),0.5,NEF,,26.59,85.714,26.571,40,1240,7,6,0.994,180.0,0.575,85.714,0.352,0.248,0.827,0.672
jnk3,GenScore(ft_0.5),1.0,NEF,,19.09,61.538,19.077,40,1240,13,8,0.98,48.0,0.598,61.538,0.34,0.291,0.827,0.672
jnk3,GenScore(ft_0.5),5.0,NEF,,10.17,32.258,10.0,40,1240,62,20,0.935,14.286,0.732,50.0,0.377,0.367,0.827,0.672
kif11,GenScore(ft_0.5),0.5,NEF,,4.35,14.286,4.429,40,1240,7,1,0.833,5.0,0.51,14.286,0.047,0.033,0.911,0.259
kif11,GenScore(ft_0.5),1.0,NEF,,7.03,23.077,7.154,40,1240,13,3,0.9,9.0,0.533,23.077,0.116,0.099,0.911,0.259
kif11,GenScore(ft_0.5),5.0,NEF,,5.49,17.742,5.5,40,1240,62,11,0.866,6.471,0.616,27.5,0.188,0.184,0.911,0.259
lck,GenScore(ft_0.5),0.5,NEF,,30.77,100.0,31.0,40,1240,7,7,1.0,inf,0.588,100.0,0.413,0.291,0.791,0.831
lck,GenScore(ft_0.5),1.0,NEF,,28.21,92.308,28.615,40,1240,13,12,0.997,360.0,0.65,92.308,0.519,0.444,0.791,0.831
lck,GenScore(ft_0.5),5.0,NEF,,11.79,38.71,12.0,40,1240,62,24,0.95,18.947,0.784,60.0,0.461,0.449,0.791,0.831
mdm2,GenScore(ft_0.5),0.5,NEF,,22.15,71.429,22.143,40,1240,7,5,0.987,75.0,0.562,71.429,0.291,0.205,0.878,0.667
mdm2,GenScore(ft_0.5),1.0,NEF,,24.92,76.923,23.846,40,1240,13,10,0.99,100.0,0.624,76.923,0.429,0.367,0.878,0.667
mdm2,GenScore(ft_0.5),5.0,NEF,,12.74,40.323,12.5,40,1240,62,25,0.953,20.27,0.797,62.5,0.482,0.469,0.878,0.667
mk2,GenScore(ft_0.5),0.5,NEF,,26.31,85.714,26.571,40,1240,7,6,0.994,180.0,0.575,85.714,0.352,0.248,0.863,0.558
mk2,GenScore(ft_0.5),1.0,NEF,,21.05,69.231,21.462,40,1240,13,9,0.985,67.5,0.611,69.231,0.385,0.329,0.863,0.558
mk2,GenScore(ft_0.5),5.0,NEF,,9.1,29.032,9.0,40,1240,62,18,0.925,12.273,0.707,45.0,0.335,0.327,0.863,0.558
mmp2,GenScore(ft_0.5),0.5,NEF,,0.0,0.0,0.0,40,1240,7,0,0.0,0.0,0.497,0.0,-0.014,-0.01,0.568,0.008
mmp2,GenScore(ft_0.5),1.0,NEF,,0.0,0.0,0.0,40,1240,13,0,0.0,0.0,0.495,0.0,-0.019,-0.016,0.568,0.008
mmp2,GenScore(ft_0.5),5.0,NEF,,0.5,1.613,0.5,40,1240,62,1,0.33,0.492,0.487,2.5,-0.021,-0.02,0.568,0.008
na,GenScore(ft_0.5),0.5,NEF,,30.92,100.0,31.0,40,1240,7,7,1.0,inf,0.588,100.0,0.413,0.291,0.999,1.058
na,GenScore(ft_0.5),1.0,NEF,,30.92,100.0,31.0,40,1240,13,13,1.0,inf,0.662,100.0,0.564,0.482,0.999,1.058
na,GenScore(ft_0.5),5.0,NEF,,19.45,62.903,19.5,40,1240,62,39,0.981,50.87,0.978,97.5,0.775,0.755,0.999,1.058
p38-alpha,GenScore(ft_0.5),0.5,NEF,,30.58,100.0,31.0,40,1240,7,7,1.0,inf,0.588,100.0,0.413,0.291,0.776,0.807
p38-alpha,GenScore(ft_0.5),1.0,NEF,,30.58,100.0,31.0,40,1240,13,13,1.0,inf,0.662,100.0,0.564,0.482,0.776,0.807
p38-alpha,GenScore(ft_0.5),5.0,NEF,,10.36,33.871,10.5,40,1240,62,21,0.939,15.366,0.745,52.5,0.398,0.388,0.776,0.807
parp-1,GenScore(ft_0.5),0.5,NEF,,30.15,100.0,31.0,40,1240,7,7,1.0,inf,0.588,100.0,0.413,0.291,0.964,1.019
parp-1,GenScore(ft_0.5),1.0,NEF,,30.15,100.0,31.0,40,1240,13,13,1.0,inf,0.662,100.0,0.564,0.482,0.964,1.019
parp-1,GenScore(ft_0.5),5.0,NEF,,17.3,56.452,17.5,40,1240,62,35,0.975,38.889,0.926,87.5,0.691,0.673,0.964,1.019
pde4b,GenScore(ft_0.5),0.5,NEF,,8.99,28.571,8.857,40,1240,7,2,0.923,12.0,0.523,28.571,0.108,0.076,0.817,0.324
pde4b,GenScore(ft_0.5),1.0,NEF,,12.1,38.462,11.923,40,1240,13,5,0.949,18.75,0.559,38.462,0.205,0.176,0.817,0.324
pde4b,GenScore(ft_0.5),5.0,NEF,,6.6,20.968,6.5,40,1240,62,13,0.888,7.959,0.642,32.5,0.23,0.224,0.817,0.324
pde5,GenScore(ft_0.5),0.5,NEF,,32.24,100.0,31.0,40,1240,7,7,1.0,inf,0.588,100.0,0.413,0.291,0.745,0.53
pde5,GenScore(ft_0.5),1.0,NEF,,17.36,53.846,16.692,40,1240,13,7,0.972,35.0,0.585,53.846,0.295,0.252,0.745,0.53
pde5,GenScore(ft_0.5),5.0,NEF,,7.28,24.194,7.5,40,1240,62,15,0.905,9.574,0.668,37.5,0.272,0.265,0.745,0.53
pdk1,GenScore(ft_0.5),0.5,NEF,,31.55,100.0,31.0,40,1240,7,7,1.0,inf,0.588,100.0,0.413,0.291,0.975,0.994
pdk1,GenScore(ft_0.5),1.0,NEF,,31.55,100.0,31.0,40,1240,13,13,1.0,inf,0.662,100.0,0.564,0.482,0.975,0.994
pdk1,GenScore(ft_0.5),5.0,NEF,,17.35,56.452,17.5,40,1240,62,35,0.975,38.889,0.926,87.5,0.691,0.673,0.975,0.994
pi3kg,GenScore(ft_0.5),0.5,NEF,,30.74,100.0,31.0,40,1240,7,7,1.0,inf,0.588,100.0,0.413,0.291,0.942,0.884
pi3kg,GenScore(ft_0.5),1.0,NEF,,28.18,92.308,28.615,40,1240,13,12,0.997,360.0,0.65,92.308,0.519,0.444,0.942,0.884
pi3kg,GenScore(ft_0.5),5.0,NEF,,14.35,46.774,14.5,40,1240,62,29,0.963,26.364,0.849,72.5,0.565,0.551,0.942,0.884
pim-1,GenScore(ft_0.5),0.5,NEF,,17.63,57.143,17.714,40,1240,7,4,0.976,40.0,0.549,57.143,0.23,0.162,0.944,0.615
pim-1,GenScore(ft_0.5),1.0,NEF,,18.98,61.538,19.077,40,1240,13,8,0.98,48.0,0.598,61.538,0.34,0.291,0.944,0.615
pim-1,GenScore(ft_0.5),5.0,NEF,,12.64,40.323,12.5,40,1240,62,25,0.953,20.27,0.797,62.5,0.482,0.469,0.944,0.615
pim-2,GenScore(ft_0.5),0.5,NEF,,13.23,42.857,13.286,40,1240,7,3,0.957,22.5,0.536,42.857,0.169,0.119,0.923,0.525
pim-2,GenScore(ft_0.5),1.0,NEF,,11.87,38.462,11.923,40,1240,13,5,0.949,18.75,0.559,38.462,0.205,0.176,0.923,0.525
pim-2,GenScore(ft_0.5),5.0,NEF,,12.15,38.71,12.0,40,1240,62,24,0.95,18.947,0.784,60.0,0.461,0.449,0.923,0.525
pnp,GenScore(ft_0.5),0.5,NEF,,30.72,100.0,31.0,40,1240,7,7,1.0,inf,0.588,100.0,0.413,0.291,0.73,0.79
pnp,GenScore(ft_0.5),1.0,NEF,,30.72,100.0,31.0,40,1240,13,13,1.0,inf,0.662,100.0,0.564,0.482,0.73,0.79
pnp,GenScore(ft_0.5),5.0,NEF,,8.92,29.032,9.0,40,1240,62,18,0.925,12.273,0.707,45.0,0.335,0.327,0.73,0.79
ppara,GenScore(ft_0.5),0.5,NEF,,28.97,100.0,31.0,40,1240,7,7,1.0,inf,0.588,100.0,0.413,0.291,0.717,0.675
ppara,GenScore(ft_0.5),1.0,NEF,,24.15,76.923,23.846,40,1240,13,10,0.99,100.0,0.624,76.923,0.429,0.367,0.717,0.675
ppara,GenScore(ft_0.5),5.0,NEF,,8.13,25.806,8.0,40,1240,62,16,0.913,10.435,0.681,40.0,0.293,0.286,0.717,0.675
pparg,GenScore(ft_0.5),0.5,NEF,,4.72,14.286,4.429,40,1240,7,1,0.833,5.0,0.51,14.286,0.047,0.033,0.713,0.139
pparg,GenScore(ft_0.5),1.0,NEF,,4.72,15.385,4.769,40,1240,13,2,0.845,5.455,0.52,15.385,0.071,0.061,0.713,0.139
pparg,GenScore(ft_0.5),5.0,NEF,,1.99,6.452,2.0,40,1240,62,4,0.674,2.069,0.526,10.0,0.042,0.041,0.713,0.139
pr,GenScore(ft_0.5),0.5,NEF,,4.87,14.286,4.429,40,1240,7,1,0.833,5.0,0.51,14.286,0.047,0.033,0.743,0.223
pr,GenScore(ft_0.5),1.0,NEF,,5.31,15.385,4.769,40,1240,13,2,0.845,5.455,0.52,15.385,0.071,0.061,0.743,0.223
pr,GenScore(ft_0.5),5.0,NEF,,3.93,12.903,4.0,40,1240,62,8,0.816,4.444,0.578,20.0,0.126,0.122,0.743,0.223
prkcq,GenScore(ft_0.5),0.5,NEF,,10.47,28.571,8.857,40,1240,7,2,0.923,12.0,0.523,28.571,0.108,0.076,0.883,0.669
prkcq,GenScore(ft_0.5),1.0,NEF,,18.33,61.538,19.077,40,1240,13,8,0.98,48.0,0.598,61.538,0.34,0.291,0.883,0.669
prkcq,GenScore(ft_0.5),5.0,NEF,,14.66,46.774,14.5,40,1240,62,29,0.963,26.364,0.849,72.5,0.565,0.551,0.883,0.669
pygl-in,GenScore(ft_0.5),0.5,NEF,,30.8,100.0,31.0,40,1240,7,7,1.0,inf,0.588,100.0,0.413,0.291,0.937,0.981
pygl-in,GenScore(ft_0.5),1.0,NEF,,30.8,100.0,31.0,40,1240,13,13,1.0,inf,0.662,100.0,0.564,0.482,0.937,0.981
pygl-in,GenScore(ft_0.5),5.0,NEF,,15.9,51.613,16.0,40,1240,62,32,0.97,32.0,0.888,80.0,0.628,0.612,0.937,0.981
pygl-out,GenScore(ft_0.5),0.5,NEF,,26.42,85.714,26.571,40,1240,7,6,0.994,180.0,0.575,85.714,0.352,0.248,0.83,0.575
pygl-out,GenScore(ft_0.5),1.0,NEF,,21.34,69.231,21.462,40,1240,13,9,0.985,67.5,0.611,69.231,0.385,0.329,0.83,0.575
pygl-out,GenScore(ft_0.5),5.0,NEF,,8.45,27.419,8.5,40,1240,62,17,0.919,11.333,0.694,42.5,0.314,0.306,0.83,0.575
qpct,GenScore(ft_0.5),0.5,NEF,,26.57,85.714,26.571,40,1240,7,6,0.994,180.0,0.575,85.714,0.352,0.248,0.81,0.823
qpct,GenScore(ft_0.5),1.0,NEF,,28.62,92.308,28.615,40,1240,13,12,0.997,360.0,0.65,92.308,0.519,0.444,0.81,0.823
qpct,GenScore(ft_0.5),5.0,NEF,,14.5,46.774,14.5,40,1240,62,29,0.963,26.364,0.849,72.5,0.565,0.551,0.81,0.823
rock-1,GenScore(ft_0.5),0.5,NEF,,13.23,42.857,13.286,40,1240,7,3,0.957,22.5,0.536,42.857,0.169,0.119,0.726,0.474
rock-1,GenScore(ft_0.5),1.0,NEF,,14.25,46.154,14.308,40,1240,13,6,0.963,25.714,0.572,46.154,0.25,0.214,0.726,0.474
rock-1,GenScore(ft_0.5),5.0,NEF,,8.1,25.806,8.0,40,1240,62,16,0.913,10.435,0.681,40.0,0.293,0.286,0.726,0.474
rxr,GenScore(ft_0.5),0.5,NEF,,24.79,85.714,26.571,40,1240,7,6,0.994,180.0,0.575,85.714,0.352,0.248,0.973,1.05
rxr,GenScore(ft_0.5),1.0,NEF,,24.79,76.923,23.846,40,1240,13,10,0.99,100.0,0.624,76.923,0.429,0.367,0.973,1.05
rxr,GenScore(ft_0.5),5.0,NEF,,17.04,54.839,17.0,40,1240,62,34,0.973,36.429,0.913,85.0,0.67,0.653,0.973,1.05
sars-hcov,GenScore(ft_0.5),0.5,NEF,,0.0,0.0,0.0,39,1209,7,0,0.0,0.0,0.497,0.0,-0.014,-0.01,0.55,0.054
sars-hcov,GenScore(ft_0.5),1.0,NEF,,2.37,7.692,2.385,39,1209,13,1,0.714,2.5,0.508,7.692,0.026,0.023,0.55,0.054
sars-hcov,GenScore(ft_0.5),5.0,NEF,,1.51,4.918,1.525,39,1209,61,3,0.608,1.552,0.514,7.692,0.022,0.021,0.55,0.054
sirt2,GenScore(ft_0.5),0.5,NEF,,0.0,0.0,0.0,40,1240,7,0,0.0,0.0,0.497,0.0,-0.014,-0.01,0.533,0.071
sirt2,GenScore(ft_0.5),1.0,NEF,,2.34,7.692,2.385,40,1240,13,1,0.714,2.5,0.507,7.692,0.026,0.022,0.533,0.071
sirt2,GenScore(ft_0.5),5.0,NEF,,2.5,8.065,2.5,40,1240,62,5,0.725,2.632,0.539,12.5,0.063,0.061,0.533,0.071
src,GenScore(ft_0.5),0.5,NEF,,8.89,28.571,8.857,40,1240,7,2,0.923,12.0,0.523,28.571,0.108,0.076,0.583,0.199
src,GenScore(ft_0.5),1.0,NEF,,7.18,23.077,7.154,40,1240,13,3,0.9,9.0,0.533,23.077,0.116,0.099,0.583,0.199
src,GenScore(ft_0.5),5.0,NEF,,4.08,12.903,4.0,40,1240,62,8,0.816,4.444,0.578,20.0,0.126,0.122,0.583,0.199
thrombin,GenScore(ft_0.5),0.5,NEF,,31.74,100.0,31.0,40,1240,7,7,1.0,inf,0.588,100.0,0.413,0.291,0.945,0.948
thrombin,GenScore(ft_0.5),1.0,NEF,,31.74,100.0,31.0,40,1240,13,13,1.0,inf,0.662,100.0,0.564,0.482,0.945,0.948
thrombin,GenScore(ft_0.5),5.0,NEF,,16.13,51.613,16.0,40,1240,62,32,0.97,32.0,0.888,80.0,0.628,0.612,0.945,0.948
tie2,GenScore(ft_0.5),0.5,NEF,,30.62,100.0,31.0,40,1240,7,7,1.0,inf,0.588,100.0,0.413,0.291,0.605,0.57
tie2,GenScore(ft_0.5),1.0,NEF,,25.51,84.615,26.231,40,1240,13,11,0.994,165.0,0.637,84.615,0.474,0.406,0.605,0.57
tie2,GenScore(ft_0.5),5.0,NEF,,6.12,19.355,6.0,40,1240,62,12,0.878,7.2,0.629,30.0,0.209,0.204,0.605,0.57
tk,GenScore(ft_0.5),0.5,NEF,,4.4,14.286,4.429,40,1240,7,1,0.833,5.0,0.51,14.286,0.047,0.033,0.709,0.283
tk,GenScore(ft_0.5),1.0,NEF,,11.86,38.462,11.923,40,1240,13,5,0.949,18.75,0.559,38.462,0.205,0.176,0.709,0.283
tk,GenScore(ft_0.5),5.0,NEF,,4.97,16.129,5.0,40,1240,62,10,0.852,5.769,0.603,25.0,0.168,0.163,0.709,0.283
tp,GenScore(ft_0.5),0.5,NEF,,20.9,71.429,22.143,40,1240,7,5,0.987,75.0,0.562,71.429,0.291,0.205,0.672,0.607
tp,GenScore(ft_0.5),1.0,NEF,,22.8,76.923,23.846,40,1240,13,10,0.99,100.0,0.624,76.923,0.429,0.367,0.672,0.607
tp,GenScore(ft_0.5),5.0,NEF,,7.38,24.194,7.5,40,1240,62,15,0.905,9.574,0.668,37.5,0.272,0.265,0.672,0.607
tpa,GenScore(ft_0.5),0.5,NEF,,30.58,100.0,31.0,40,1240,7,7,1.0,inf,0.588,100.0,0.413,0.291,0.905,0.914
tpa,GenScore(ft_0.5),1.0,NEF,,30.58,100.0,31.0,40,1240,13,13,1.0,inf,0.662,100.0,0.564,0.482,0.905,0.914
tpa,GenScore(ft_0.5),5.0,NEF,,13.99,45.161,14.0,40,1240,62,28,0.961,24.706,0.836,70.0,0.545,0.531,0.905,0.914
ts,GenScore(ft_0.5),0.5,NEF,,4.34,14.286,4.425,40,1239,7,1,0.833,4.996,0.51,14.286,0.047,0.033,0.7,0.259
ts,GenScore(ft_0.5),1.0,NEF,,4.67,15.385,4.765,40,1239,13,2,0.845,5.45,0.52,15.385,0.071,0.061,0.7,0.259
ts,GenScore(ft_0.5),5.0,NEF,,5.47,17.742,5.496,40,1239,62,11,0.866,6.465,0.616,27.5,0.188,0.184,0.7,0.259
upa,GenScore(ft_0.5),0.5,NEF,,29.88,100.0,31.0,40,1240,7,7,1.0,inf,0.588,100.0,0.413,0.291,0.717,0.797
upa,GenScore(ft_0.5),1.0,NEF,,27.39,84.615,26.231,40,1240,13,11,0.994,165.0,0.637,84.615,0.474,0.406,0.717,0.797
upa,GenScore(ft_0.5),5.0,NEF,,9.96,32.258,10.0,40,1240,62,20,0.935,14.286,0.732,50.0,0.377,0.367,0.717,0.797
vegfr1,GenScore(ft_0.5),0.5,NEF,,19.84,57.143,17.714,40,1240,7,4,0.976,40.0,0.549,57.143,0.23,0.162,0.661,0.452
vegfr1,GenScore(ft_0.5),1.0,NEF,,19.84,61.538,19.077,40,1240,13,8,0.98,48.0,0.598,61.538,0.34,0.291,0.661,0.452
vegfr1,GenScore(ft_0.5),5.0,NEF,,5.74,17.742,5.5,40,1240,62,11,0.866,6.471,0.616,27.5,0.188,0.184,0.661,0.452
vegfr2,GenScore(ft_0.5),0.5,NEF,,27.45,85.714,26.571,40,1240,7,6,0.994,180.0,0.575,85.714,0.352,0.248,0.822,0.602
vegfr2,GenScore(ft_0.5),1.0,NEF,,24.64,76.923,23.846,40,1240,13,10,0.99,100.0,0.624,76.923,0.429,0.367,0.822,0.602
vegfr2,GenScore(ft_0.5),5.0,NEF,,7.88,25.806,8.0,40,1240,62,16,0.913,10.435,0.681,40.0,0.293,0.286,0.822,0.602
11betahsd1,GlideSP,0.5,NEF,,4.887,14.286,4.429,40,1240,7,1,0.833,5.0,0.51,14.286,0.047,0.033,0.56,0.14
11betahsd1,GlideSP,1.0,NEF,,2.444,7.692,2.385,40,1240,13,1,0.714,2.5,0.507,7.692,0.026,0.022,0.56,0.14
11betahsd1,GlideSP,5.0,NEF,,2.982,9.677,3.0,40,1240,62,6,0.763,3.214,0.552,15.0,0.084,0.082,0.56,0.14
17betahsd1,GlideSP,0.5,NEF,,8.764,28.571,8.857,40,1240,7,2,0.923,12.0,0.523,28.571,0.108,0.076,0.555,0.197
17betahsd1,GlideSP,1.0,NEF,,4.719,15.385,4.769,40,1240,13,2,0.845,5.455,0.52,15.385,0.071,0.061,0.555,0.197
17betahsd1,GlideSP,5.0,NEF,,2.969,9.677,3.0,40,1240,62,6,0.763,3.214,0.552,15.0,0.084,0.082,0.555,0.197
a2a,GlideSP,0.5,NEF,,13.082,42.857,13.286,40,1240,7,3,0.957,22.5,0.536,42.857,0.169,0.119,0.776,0.453
a2a,GlideSP,1.0,NEF,,16.437,53.846,16.692,40,1240,13,7,0.972,35.0,0.585,53.846,0.295,0.252,0.776,0.453
a2a,GlideSP,5.0,NEF,,8.37,27.419,8.5,40,1240,62,17,0.919,11.333,0.694,42.5,0.314,0.306,0.776,0.453
ace,GlideSP,0.5,NEF,,26.486,85.714,26.571,40,1240,7,6,0.994,180.0,0.575,85.714,0.352,0.248,0.756,0.777
ace,GlideSP,1.0,NEF,,23.769,76.923,23.846,40,1240,13,10,0.99,100.0,0.624,76.923,0.429,0.367,0.756,0.777
ace,GlideSP,5.0,NEF,,13.456,43.548,13.5,40,1240,62,27,0.959,23.143,0.823,67.5,0.524,0.51,0.756,0.777
ace2,GlideSP,0.5,NEF,,8.85,28.571,8.857,40,1240,7,2,0.923,12.0,0.523,28.571,0.108,0.076,0.6,0.387
ace2,GlideSP,1.0,NEF,,9.531,30.769,9.538,40,1240,13,4,0.93,13.333,0.546,30.769,0.16,0.137,0.6,0.387
ace2,GlideSP,5.0,NEF,,9.992,32.258,10.0,40,1240,62,20,0.935,14.286,0.732,50.0,0.377,0.367,0.6,0.387
ache,GlideSP,0.5,NEF,,4.371,14.286,4.429,40,1240,7,1,0.833,5.0,0.51,14.286,0.047,0.033,0.628,0.129
ache,GlideSP,1.0,NEF,,4.708,15.385,4.769,40,1240,13,2,0.845,5.455,0.52,15.385,0.071,0.061,0.628,0.129
ache,GlideSP,5.0,NEF,,2.961,9.677,3.0,40,1240,62,6,0.763,3.214,0.552,15.0,0.084,0.082,0.628,0.129
adam17,GlideSP,0.5,NEF,,13.179,42.857,13.286,40,1240,7,3,0.957,22.5,0.536,42.857,0.169,0.119,0.848,0.301
adam17,GlideSP,1.0,NEF,,9.462,30.769,9.538,40,1240,13,4,0.93,13.333,0.546,30.769,0.16,0.137,0.848,0.301
adam17,GlideSP,5.0,NEF,,5.952,19.355,6.0,40,1240,62,12,0.878,7.2,0.629,30.0,0.209,0.204,0.848,0.301
adrb2,GlideSP,0.5,NEF,,4.737,14.286,4.429,40,1240,7,1,0.833,5.0,0.51,14.286,0.047,0.033,0.62,0.173
adrb2,GlideSP,1.0,NEF,,4.737,15.385,4.769,40,1240,13,2,0.845,5.455,0.52,15.385,0.071,0.061,0.62,0.173
adrb2,GlideSP,5.0,NEF,,4.488,14.516,4.5,40,1240,62,9,0.836,5.094,0.59,22.5,0.147,0.143,0.62,0.173
akt1,GlideSP,0.5,NEF,,5.038,14.286,4.429,40,1240,7,1,0.833,5.0,0.51,14.286,0.047,0.033,0.709,0.18
akt1,GlideSP,1.0,NEF,,5.038,15.385,4.769,40,1240,13,2,0.845,5.455,0.52,15.385,0.071,0.061,0.709,0.18
akt1,GlideSP,5.0,NEF,,5.124,16.129,5.0,40,1240,62,10,0.852,5.769,0.603,25.0,0.168,0.163,0.709,0.18
alr2,GlideSP,0.5,NEF,,17.543,57.143,17.714,40,1240,7,4,0.976,40.0,0.549,57.143,0.23,0.162,0.628,0.262
alr2,GlideSP,1.0,NEF,,9.446,30.769,9.538,40,1240,13,4,0.93,13.333,0.546,30.769,0.16,0.137,0.628,0.262
alr2,GlideSP,5.0,NEF,,3.961,12.903,4.0,40,1240,62,8,0.816,4.444,0.578,20.0,0.126,0.122,0.628,0.262
ar,GlideSP,0.5,NEF,,17.667,57.143,17.714,40,1240,7,4,0.976,40.0,0.549,57.143,0.23,0.162,0.621,0.664
ar,GlideSP,1.0,NEF,,16.825,53.846,16.692,40,1240,13,7,0.972,35.0,0.585,53.846,0.295,0.252,0.621,0.664
ar,GlideSP,5.0,NEF,,8.833,29.032,9.0,40,1240,62,18,0.925,12.273,0.707,45.0,0.335,0.327,0.621,0.664
aurka,GlideSP,0.5,NEF,,13.308,42.857,13.286,40,1240,7,3,0.957,22.5,0.536,42.857,0.169,0.119,0.929,0.526
aurka,GlideSP,1.0,NEF,,21.497,69.231,21.462,40,1240,13,9,0.985,67.5,0.611,69.231,0.385,0.329,0.929,0.526
aurka,GlideSP,5.0,NEF,,8.654,27.419,8.5,40,1240,62,17,0.919,11.333,0.694,42.5,0.314,0.306,0.929,0.526
aurkb,GlideSP,0.5,NEF,,21.661,71.429,22.143,40,1240,7,5,0.987,75.0,0.562,71.429,0.291,0.205,0.913,0.588
aurkb,GlideSP,1.0,NEF,,18.662,61.538,19.077,40,1240,13,8,0.98,48.0,0.598,61.538,0.34,0.291,0.913,0.588
aurkb,GlideSP,5.0,NEF,,8.451,27.419,8.5,40,1240,62,17,0.919,11.333,0.694,42.5,0.314,0.306,0.913,0.588
bcl2,GlideSP,0.5,NEF,,0.0,0.0,0.0,40,1240,7,0,0.0,0.0,0.497,0.0,-0.014,-0.01,0.563,0.033
bcl2,GlideSP,1.0,NEF,,0.0,0.0,0.0,40,1240,13,0,0.0,0.0,0.495,0.0,-0.019,-0.016,0.563,0.033
bcl2,GlideSP,5.0,NEF,,1.992,6.452,2.0,40,1240,62,4,0.674,2.069,0.526,10.0,0.042,0.041,0.563,0.033
braf,GlideSP,0.5,NEF,,4.418,14.286,4.429,40,1240,7,1,0.833,5.0,0.51,14.286,0.047,0.033,0.764,0.084
braf,GlideSP,1.0,NEF,,2.379,7.692,2.385,40,1240,13,1,0.714,2.5,0.507,7.692,0.026,0.022,0.764,0.084
braf,GlideSP,5.0,NEF,,2.028,6.452,2.0,40,1240,62,4,0.674,2.069,0.526,10.0,0.042,0.041,0.764,0.084
catl,GlideSP,0.5,NEF,,0.0,0.0,0.0,40,1240,7,0,0.0,0.0,0.497,0.0,-0.014,-0.01,0.643,0.078
catl,GlideSP,1.0,NEF,,2.369,7.692,2.385,40,1240,13,1,0.714,2.5,0.507,7.692,0.026,0.022,0.643,0.078
catl,GlideSP,5.0,NEF,,1.987,6.452,2.0,40,1240,62,4,0.674,2.069,0.526,10.0,0.042,0.041,0.643,0.078
cdk2,GlideSP,0.5,NEF,,10.248,28.571,8.857,40,1240,7,2,0.923,12.0,0.523,28.571,0.108,0.076,0.867,0.253
cdk2,GlideSP,1.0,NEF,,5.124,15.385,4.769,40,1240,13,2,0.845,5.455,0.52,15.385,0.071,0.061,0.867,0.253
cdk2,GlideSP,5.0,NEF,,6.149,19.355,6.0,40,1240,62,12,0.878,7.2,0.629,30.0,0.209,0.204,0.867,0.253
cox1,GlideSP,0.5,NEF,,19.179,57.143,17.714,40,1240,7,4,0.976,40.0,0.549,57.143,0.23,0.162,0.649,0.409
cox1,GlideSP,1.0,NEF,,14.385,46.154,14.308,40,1240,13,6,0.963,25.714,0.572,46.154,0.25,0.214,0.649,0.409
cox1,GlideSP,5.0,NEF,,5.552,17.742,5.5,40,1240,62,11,0.866,6.471,0.616,27.5,0.188,0.184,0.649,0.409
cox2,GlideSP,0.5,NEF,,18.465,57.143,17.714,40,1240,7,4,0.976,40.0,0.549,57.143,0.23,0.162,0.901,0.52
cox2,GlideSP,1.0,NEF,,12.823,38.462,11.923,40,1240,13,5,0.949,18.75,0.559,38.462,0.205,0.176,0.901,0.52
cox2,GlideSP,5.0,NEF,,7.515,24.194,7.5,40,1240,62,15,0.905,9.574,0.668,37.5,0.272,0.265,0.901,0.52
ctsk,GlideSP,0.5,NEF,,4.393,14.286,4.429,40,1240,7,1,0.833,5.0,0.51,14.286,0.047,0.033,0.531,0.209
ctsk,GlideSP,1.0,NEF,,7.096,23.077,7.154,40,1240,13,3,0.9,9.0,0.533,23.077,0.116,0.099,0.531,0.209
ctsk,GlideSP,5.0,NEF,,4.96,16.129,5.0,40,1240,62,10,0.852,5.769,0.603,25.0,0.168,0.163,0.531,0.209
cyp2a6,GlideSP,0.5,NEF,,9.878,28.571,8.857,40,1240,7,2,0.923,12.0,0.523,28.571,0.108,0.076,0.436,0.347
cyp2a6,GlideSP,1.0,NEF,,8.231,23.077,7.154,40,1240,13,3,0.9,9.0,0.533,23.077,0.116,0.099,0.436,0.347
cyp2a6,GlideSP,5.0,NEF,,7.134,22.581,7.0,40,1240,62,14,0.897,8.75,0.655,35.0,0.251,0.245,0.436,0.347
dhfr,GlideSP,0.5,NEF,,4.346,14.286,4.429,40,1240,7,1,0.833,5.0,0.51,14.286,0.047,0.033,0.768,0.094
dhfr,GlideSP,1.0,NEF,,2.34,7.692,2.385,40,1240,13,1,0.714,2.5,0.507,7.692,0.026,0.022,0.768,0.094
dhfr,GlideSP,5.0,NEF,,2.494,8.065,2.5,40,1240,62,5,0.725,2.632,0.539,12.5,0.063,0.061,0.768,0.094
egfr,GlideSP,0.5,NEF,,13.231,42.857,13.286,40,1240,7,3,0.957,22.5,0.536,42.857,0.169,0.119,0.855,0.271
egfr,GlideSP,1.0,NEF,,7.124,23.077,7.154,40,1240,13,3,0.9,9.0,0.533,23.077,0.116,0.099,0.855,0.271
egfr,GlideSP,5.0,NEF,,6.073,19.355,6.0,40,1240,62,12,0.878,7.2,0.629,30.0,0.209,0.204,0.855,0.271
ephb4,GlideSP,0.5,NEF,,0.0,0.0,0.0,40,1240,7,0,0.0,0.0,0.497,0.0,-0.014,-0.01,0.918,0.029
ephb4,GlideSP,1.0,NEF,,0.0,0.0,0.0,40,1240,13,0,0.0,0.0,0.495,0.0,-0.019,-0.016,0.918,0.029
ephb4,GlideSP,5.0,NEF,,1.022,3.226,1.0,40,1240,62,2,0.5,1.0,0.5,5.0,0.0,0.0,0.918,0.029
erbb2,GlideSP,0.5,NEF,,29.425,100.0,31.0,40,1240,7,7,1.0,inf,0.588,100.0,0.413,0.291,0.99,0.96
erbb2,GlideSP,1.0,NEF,,29.425,92.308,28.615,40,1240,13,12,0.997,360.0,0.65,92.308,0.519,0.444,0.99,0.96
erbb2,GlideSP,5.0,NEF,,15.461,50.0,15.5,40,1240,62,31,0.968,30.0,0.875,77.5,0.607,0.592,0.99,0.96
er-beta,GlideSP,0.5,NEF,,28.448,85.714,26.571,40,1240,7,6,0.994,180.0,0.575,85.714,0.352,0.248,0.878,0.914
er-beta,GlideSP,1.0,NEF,,25.287,84.615,26.231,40,1240,13,11,0.994,165.0,0.637,84.615,0.474,0.406,0.878,0.914
er-beta,GlideSP,5.0,NEF,,14.901,48.387,15.0,40,1240,62,30,0.966,28.125,0.862,75.0,0.586,0.571,0.878,0.914
fgfr1,GlideSP,0.5,NEF,,20.222,71.429,22.143,40,1240,7,5,0.987,75.0,0.562,71.429,0.291,0.205,0.884,0.582
fgfr1,GlideSP,1.0,NEF,,20.222,61.538,19.077,40,1240,13,8,0.98,48.0,0.598,61.538,0.34,0.291,0.884,0.582
fgfr1,GlideSP,5.0,NEF,,8.089,25.806,8.0,40,1240,62,16,0.913,10.435,0.681,40.0,0.293,0.286,0.884,0.582
fkbp1a,GlideSP,0.5,NEF,,27.722,85.714,26.571,40,1240,7,6,0.994,180.0,0.575,85.714,0.352,0.248,0.501,0.635
fkbp1a,GlideSP,1.0,NEF,,24.879,76.923,23.846,40,1240,13,10,0.99,100.0,0.624,76.923,0.429,0.367,0.501,0.635
fkbp1a,GlideSP,5.0,NEF,,8.346,27.419,8.5,40,1240,62,17,0.919,11.333,0.694,42.5,0.314,0.306,0.501,0.635
fxa,GlideSP,0.5,NEF,,25.449,85.714,26.571,40,1240,7,6,0.994,180.0,0.575,85.714,0.352,0.248,0.887,0.675
fxa,GlideSP,1.0,NEF,,27.994,92.308,28.615,40,1240,13,12,0.997,360.0,0.65,92.308,0.519,0.444,0.887,0.675
fxa,GlideSP,5.0,NEF,,8.144,25.806,8.0,40,1240,62,16,0.913,10.435,0.681,40.0,0.293,0.286,0.887,0.675
gba,GlideSP,0.5,NEF,,8.821,28.571,8.857,40,1240,7,2,0.923,12.0,0.523,28.571,0.108,0.076,0.422,0.181
gba,GlideSP,1.0,NEF,,7.125,23.077,7.154,40,1240,13,3,0.9,9.0,0.533,23.077,0.116,0.099,0.422,0.181
gba,GlideSP,5.0,NEF,,2.988,9.677,3.0,40,1240,62,6,0.763,3.214,0.552,15.0,0.084,0.082,0.422,0.181
gr,GlideSP,0.5,NEF,,4.361,14.286,4.429,40,1240,7,1,0.833,5.0,0.51,14.286,0.047,0.033,0.559,0.076
gr,GlideSP,1.0,NEF,,2.348,7.692,2.385,40,1240,13,1,0.714,2.5,0.507,7.692,0.026,0.022,0.559,0.076
gr,GlideSP,5.0,NEF,,1.969,6.452,2.0,40,1240,62,4,0.674,2.069,0.526,10.0,0.042,0.041,0.559,0.076
gsk3b,GlideSP,0.5,NEF,,26.418,85.714,26.571,40,1240,7,6,0.994,180.0,0.575,85.714,0.352,0.248,0.904,0.623
gsk3b,GlideSP,1.0,NEF,,21.337,69.231,21.462,40,1240,13,9,0.985,67.5,0.611,69.231,0.385,0.329,0.904,0.623
gsk3b,GlideSP,5.0,NEF,,8.084,25.806,8.0,40,1240,62,16,0.913,10.435,0.681,40.0,0.293,0.286,0.904,0.623
hdac2,GlideSP,0.5,NEF,,30.15,100.0,31.0,40,1240,7,7,1.0,inf,0.588,100.0,0.413,0.291,0.652,0.531
hdac2,GlideSP,1.0,NEF,,20.873,69.231,21.462,40,1240,13,9,0.985,67.5,0.611,69.231,0.385,0.329,0.652,0.531
hdac2,GlideSP,5.0,NEF,,5.931,19.355,6.0,40,1240,62,12,0.878,7.2,0.629,30.0,0.209,0.204,0.652,0.531
hdac8,GlideSP,0.5,NEF,,0.0,0.0,0.0,40,1240,7,0,0.0,0.0,0.497,0.0,-0.014,-0.01,0.23,0.007
hdac8,GlideSP,1.0,NEF,,0.0,0.0,0.0,40,1240,13,0,0.0,0.0,0.495,0.0,-0.019,-0.016,0.23,0.007
hdac8,GlideSP,5.0,NEF,,0.498,1.613,0.5,40,1240,62,1,0.33,0.492,0.487,2.5,-0.021,-0.02,0.23,0.007
hiv1pr,GlideSP,0.5,NEF,,29.535,100.0,31.0,40,1240,7,7,1.0,inf,0.588,100.0,0.413,0.291,0.785,0.486
hiv1pr,GlideSP,1.0,NEF,,18.554,61.538,19.077,40,1240,13,8,0.98,48.0,0.598,61.538,0.34,0.291,0.785,0.486
hiv1pr,GlideSP,5.0,NEF,,6.778,22.581,7.0,40,1240,62,14,0.897,8.75,0.655,35.0,0.251,0.245,0.785,0.486
hiv1rt,GlideSP,0.5,NEF,,9.39,28.571,8.857,40,1240,7,2,0.923,12.0,0.523,28.571,0.108,0.076,0.661,0.216
hiv1rt,GlideSP,1.0,NEF,,5.056,15.385,4.769,40,1240,13,2,0.845,5.455,0.52,15.385,0.071,0.061,0.661,0.216
hiv1rt,GlideSP,5.0,NEF,,4.31,14.516,4.5,40,1240,62,9,0.836,5.094,0.59,22.5,0.147,0.143,0.661,0.216
hmgr,GlideSP,0.5,NEF,,30.9,100.0,31.0,40,1240,7,7,1.0,inf,0.588,100.0,0.413,0.291,0.947,0.957
hmgr,GlideSP,1.0,NEF,,30.9,100.0,31.0,40,1240,13,13,1.0,inf,0.662,100.0,0.564,0.482,0.947,0.957
hmgr,GlideSP,5.0,NEF,,14.952,48.387,15.0,40,1240,62,30,0.966,28.125,0.862,75.0,0.586,0.571,0.947,0.957
hsp90,GlideSP,0.5,NEF,,4.332,14.286,4.429,40,1240,7,1,0.833,5.0,0.51,14.286,0.047,0.033,0.769,0.137
hsp90,GlideSP,1.0,NEF,,4.665,15.385,4.769,40,1240,13,2,0.845,5.455,0.52,15.385,0.071,0.061,0.769,0.137
hsp90,GlideSP,5.0,NEF,,1.491,4.839,1.5,40,1240,62,3,0.604,1.525,0.513,7.5,0.021,0.02,0.769,0.137
igf1r,GlideSP,0.5,NEF,,15.158,42.857,13.286,40,1240,7,3,0.957,22.5,0.536,42.857,0.169,0.119,0.517,0.26
igf1r,GlideSP,1.0,NEF,,7.579,23.077,7.154,40,1240,13,3,0.9,9.0,0.533,23.077,0.116,0.099,0.517,0.26
igf1r,GlideSP,5.0,NEF,,3.136,9.677,3.0,40,1240,62,6,0.763,3.214,0.552,15.0,0.084,0.082,0.517,0.26
inha,GlideSP,0.5,NEF,,17.514,57.143,17.714,40,1240,7,4,0.976,40.0,0.549,57.143,0.23,0.162,0.704,0.502
inha,GlideSP,1.0,NEF,,16.504,53.846,16.692,40,1240,13,7,0.972,35.0,0.585,53.846,0.295,0.252,0.704,0.502
inha,GlideSP,5.0,NEF,,7.415,24.194,7.5,40,1240,62,15,0.905,9.574,0.668,37.5,0.272,0.265,0.704,0.502
itk,GlideSP,0.5,NEF,,0.0,0.0,0.0,40,1240,7,0,0.0,0.0,0.497,0.0,-0.014,-0.01,0.657,0.043
itk,GlideSP,1.0,NEF,,0.0,0.0,0.0,40,1240,13,0,0.0,0.0,0.495,0.0,-0.019,-0.016,0.657,0.043
itk,GlideSP,5.0,NEF,,1.495,4.839,1.5,40,1240,62,3,0.604,1.525,0.513,7.5,0.021,0.02,0.657,0.043
jak3,GlideSP,0.5,NEF,,20.462,71.429,22.143,40,1240,7,5,0.987,75.0,0.562,71.429,0.291,0.205,0.901,0.458
jak3,GlideSP,1.0,NEF,,15.346,46.154,14.308,40,1240,13,6,0.963,25.714,0.572,46.154,0.25,0.214,0.901,0.458
jak3,GlideSP,5.0,NEF,,7.673,24.194,7.5,40,1240,62,15,0.905,9.574,0.668,37.5,0.272,0.265,0.901,0.458
jnk1,GlideSP,0.5,NEF,,10.456,28.571,8.857,40,1240,7,2,0.923,12.0,0.523,28.571,0.108,0.076,0.768,0.336
jnk1,GlideSP,1.0,NEF,,10.456,30.769,9.538,40,1240,13,4,0.93,13.333,0.546,30.769,0.16,0.137,0.768,0.336
jnk1,GlideSP,5.0,NEF,,6.274,20.968,6.5,40,1240,62,13,0.888,7.959,0.642,32.5,0.23,0.224,0.768,0.336
jnk2,GlideSP,0.5,NEF,,19.778,57.143,17.714,40,1240,7,4,0.976,40.0,0.549,57.143,0.23,0.162,0.481,0.341
jnk2,GlideSP,1.0,NEF,,9.889,30.769,9.538,40,1240,13,4,0.93,13.333,0.546,30.769,0.16,0.137,0.481,0.341
jnk2,GlideSP,5.0,NEF,,3.58,11.29,3.5,40,1240,62,7,0.792,3.818,0.565,17.5,0.105,0.102,0.481,0.341
jnk3,GlideSP,0.5,NEF,,13.297,42.857,13.286,40,1240,7,3,0.957,22.5,0.536,42.857,0.169,0.119,0.825,0.28
jnk3,GlideSP,1.0,NEF,,9.546,30.769,9.538,40,1240,13,4,0.93,13.333,0.546,30.769,0.16,0.137,0.825,0.28
jnk3,GlideSP,5.0,NEF,,4.069,12.903,4.0,40,1240,62,8,0.816,4.444,0.578,20.0,0.126,0.122,0.825,0.28
kif11,GlideSP,0.5,NEF,,13.05,42.857,13.286,40,1240,7,3,0.957,22.5,0.536,42.857,0.169,0.119,0.616,0.478
kif11,GlideSP,1.0,NEF,,9.369,30.769,9.538,40,1240,13,4,0.93,13.333,0.546,30.769,0.16,0.137,0.616,0.478
kif11,GlideSP,5.0,NEF,,9.984,32.258,10.0,40,1240,62,20,0.935,14.286,0.732,50.0,0.377,0.367,0.616,0.478
lck,GlideSP,0.5,NEF,,10.256,28.571,8.857,40,1240,7,2,0.923,12.0,0.523,28.571,0.108,0.076,0.841,0.297
lck,GlideSP,1.0,NEF,,10.256,30.769,9.538,40,1240,13,4,0.93,13.333,0.546,30.769,0.16,0.137,0.841,0.297
lck,GlideSP,5.0,NEF,,5.128,16.129,5.0,40,1240,62,10,0.852,5.769,0.603,25.0,0.168,0.163,0.841,0.297
mdm2,GlideSP,0.5,NEF,,16.611,57.143,17.714,40,1240,7,4,0.976,40.0,0.549,57.143,0.23,0.162,0.75,0.314
mdm2,GlideSP,1.0,NEF,,11.074,38.462,11.923,40,1240,13,5,0.949,18.75,0.559,38.462,0.205,0.176,0.75,0.314
mdm2,GlideSP,5.0,NEF,,5.537,17.742,5.5,40,1240,62,11,0.866,6.471,0.616,27.5,0.188,0.184,0.75,0.314
mk2,GlideSP,0.5,NEF,,15.784,57.143,17.714,40,1240,7,4,0.976,40.0,0.549,57.143,0.23,0.162,0.824,0.286
mk2,GlideSP,1.0,NEF,,7.892,23.077,7.154,40,1240,13,3,0.9,9.0,0.533,23.077,0.116,0.099,0.824,0.286
mk2,GlideSP,5.0,NEF,,6.421,20.968,6.5,40,1240,62,13,0.888,7.959,0.642,32.5,0.23,0.224,0.824,0.286
mmp2,GlideSP,0.5,NEF,,0.0,0.0,0.0,40,1240,7,0,0.0,0.0,0.497,0.0,-0.014,-0.01,0.589,0.015
mmp2,GlideSP,1.0,NEF,,0.0,0.0,0.0,40,1240,13,0,0.0,0.0,0.495,0.0,-0.019,-0.016,0.589,0.015
mmp2,GlideSP,5.0,NEF,,0.495,1.613,0.5,40,1240,62,1,0.33,0.492,0.487,2.5,-0.021,-0.02,0.589,0.015
na,GlideSP,0.5,NEF,,26.507,85.714,26.571,40,1240,7,6,0.994,180.0,0.575,85.714,0.352,0.248,0.975,0.747
na,GlideSP,1.0,NEF,,26.167,84.615,26.231,40,1240,13,11,0.994,165.0,0.637,84.615,0.474,0.406,0.975,0.747
na,GlideSP,5.0,NEF,,11.971,38.71,12.0,40,1240,62,24,0.95,18.947,0.784,60.0,0.461,0.449,0.975,0.747
p38-alpha,GlideSP,0.5,NEF,,21.839,71.429,22.143,40,1240,7,5,0.987,75.0,0.562,71.429,0.291,0.205,0.698,0.496
p38-alpha,GlideSP,1.0,NEF,,14.112,46.154,14.308,40,1240,13,6,0.963,25.714,0.572,46.154,0.25,0.214,0.698,0.496
p38-alpha,GlideSP,5.0,NEF,,7.397,24.194,7.5,40,1240,62,15,0.905,9.574,0.668,37.5,0.272,0.265,0.698,0.496
parp-1,GlideSP,0.5,NEF,,25.864,85.714,26.571,40,1240,7,6,0.994,180.0,0.575,85.714,0.352,0.248,0.971,0.76
parp-1,GlideSP,1.0,NEF,,27.854,92.308,28.615,40,1240,13,12,0.997,360.0,0.65,92.308,0.519,0.444,0.971,0.76
parp-1,GlideSP,5.0,NEF,,10.883,35.484,11.0,40,1240,62,22,0.943,16.5,0.758,55.0,0.419,0.408,0.971,0.76
pde4b,GlideSP,0.5,NEF,,13.484,42.857,13.286,40,1240,7,3,0.957,22.5,0.536,42.857,0.169,0.119,0.841,0.289
pde4b,GlideSP,1.0,NEF,,9.68,30.769,9.538,40,1240,13,4,0.93,13.333,0.546,30.769,0.16,0.137,0.841,0.289
pde4b,GlideSP,5.0,NEF,,4.06,12.903,4.0,40,1240,62,8,0.816,4.444,0.578,20.0,0.126,0.122,0.841,0.289
pde5,GlideSP,0.5,NEF,,9.211,28.571,8.857,40,1240,7,2,0.923,12.0,0.523,28.571,0.108,0.076,0.683,0.155
pde5,GlideSP,1.0,NEF,,7.439,23.077,7.154,40,1240,13,3,0.9,9.0,0.533,23.077,0.116,0.099,0.683,0.155
pde5,GlideSP,5.0,NEF,,2.08,6.452,2.0,40,1240,62,4,0.674,2.069,0.526,10.0,0.042,0.041,0.683,0.155
pdk1,GlideSP,0.5,NEF,,31.553,100.0,31.0,40,1240,7,7,1.0,inf,0.588,100.0,0.413,0.291,0.973,0.733
pdk1,GlideSP,1.0,NEF,,26.294,84.615,26.231,40,1240,13,11,0.994,165.0,0.637,84.615,0.474,0.406,0.973,0.733
pdk1,GlideSP,5.0,NEF,,13.673,43.548,13.5,40,1240,62,27,0.959,23.143,0.823,67.5,0.524,0.51,0.973,0.733
pi3kg,GlideSP,0.5,NEF,,15.372,42.857,13.286,40,1240,7,3,0.957,22.5,0.536,42.857,0.169,0.119,0.932,0.344
pi3kg,GlideSP,1.0,NEF,,7.686,23.077,7.154,40,1240,13,3,0.9,9.0,0.533,23.077,0.116,0.099,0.932,0.344
pi3kg,GlideSP,5.0,NEF,,8.711,27.419,8.5,40,1240,62,17,0.919,11.333,0.694,42.5,0.314,0.306,0.932,0.344
pim-1,GlideSP,0.5,NEF,,22.033,71.429,22.143,40,1240,7,5,0.987,75.0,0.562,71.429,0.291,0.205,0.866,0.493
pim-1,GlideSP,1.0,NEF,,16.609,53.846,16.692,40,1240,13,7,0.972,35.0,0.585,53.846,0.295,0.252,0.866,0.493
pim-1,GlideSP,5.0,NEF,,8.091,25.806,8.0,40,1240,62,16,0.913,10.435,0.681,40.0,0.293,0.286,0.866,0.493
pim-2,GlideSP,0.5,NEF,,8.821,28.571,8.857,40,1240,7,2,0.923,12.0,0.523,28.571,0.108,0.076,0.876,0.254
pim-2,GlideSP,1.0,NEF,,7.124,23.077,7.154,40,1240,13,3,0.9,9.0,0.533,23.077,0.116,0.099,0.876,0.254
pim-2,GlideSP,5.0,NEF,,7.591,24.194,7.5,40,1240,62,15,0.905,9.574,0.668,37.5,0.272,0.265,0.876,0.254
pnp,GlideSP,0.5,NEF,,21.946,71.429,22.143,40,1240,7,5,0.987,75.0,0.562,71.429,0.291,0.205,0.747,0.473
pnp,GlideSP,1.0,NEF,,16.544,53.846,16.692,40,1240,13,7,0.972,35.0,0.585,53.846,0.295,0.252,0.747,0.473
pnp,GlideSP,5.0,NEF,,6.442,20.968,6.5,40,1240,62,13,0.888,7.959,0.642,32.5,0.23,0.224,0.747,0.473
ppara,GlideSP,0.5,NEF,,0.0,0.0,0.0,40,1240,7,0,0.0,0.0,0.497,0.0,-0.014,-0.01,0.673,0.11
ppara,GlideSP,1.0,NEF,,4.829,15.385,4.769,40,1240,13,2,0.845,5.455,0.52,15.385,0.071,0.061,0.673,0.11
ppara,GlideSP,5.0,NEF,,2.542,8.065,2.5,40,1240,62,5,0.725,2.632,0.539,12.5,0.063,0.061,0.673,0.11
pparg,GlideSP,0.5,NEF,,4.721,14.286,4.429,40,1240,7,1,0.833,5.0,0.51,14.286,0.047,0.033,0.686,0.159
pparg,GlideSP,1.0,NEF,,2.36,7.692,2.385,40,1240,13,1,0.714,2.5,0.507,7.692,0.026,0.022,0.686,0.159
pparg,GlideSP,5.0,NEF,,3.479,11.29,3.5,40,1240,62,7,0.792,3.818,0.565,17.5,0.105,0.102,0.686,0.159
pr,GlideSP,0.5,NEF,,9.743,28.571,8.857,40,1240,7,2,0.923,12.0,0.523,28.571,0.108,0.076,0.61,0.196
pr,GlideSP,1.0,NEF,,7.971,23.077,7.154,40,1240,13,3,0.9,9.0,0.533,23.077,0.116,0.099,0.61,0.196
pr,GlideSP,5.0,NEF,,4.497,14.516,4.5,40,1240,62,9,0.836,5.094,0.59,22.5,0.147,0.143,0.61,0.196
prkcq,GlideSP,0.5,NEF,,20.947,71.429,22.143,40,1240,7,5,0.987,75.0,0.562,71.429,0.291,0.205,0.877,0.492
prkcq,GlideSP,1.0,NEF,,15.711,53.846,16.692,40,1240,13,7,0.972,35.0,0.585,53.846,0.295,0.252,0.877,0.492
prkcq,GlideSP,5.0,NEF,,8.903,29.032,9.0,40,1240,62,18,0.925,12.273,0.707,45.0,0.335,0.327,0.877,0.492
pygl-in,GlideSP,0.5,NEF,,30.8,100.0,31.0,40,1240,7,7,1.0,inf,0.588,100.0,0.413,0.291,0.92,0.864
pygl-in,GlideSP,1.0,NEF,,30.8,100.0,31.0,40,1240,13,13,1.0,inf,0.662,100.0,0.564,0.482,0.92,0.864
pygl-in,GlideSP,5.0,NEF,,11.426,37.097,11.5,40,1240,62,23,0.947,17.692,0.771,57.5,0.44,0.429,0.92,0.864
pygl-out,GlideSP,0.5,NEF,,30.825,100.0,31.0,40,1240,7,7,1.0,inf,0.588,100.0,0.413,0.291,0.755,0.848
pygl-out,GlideSP,1.0,NEF,,30.825,100.0,31.0,40,1240,13,13,1.0,inf,0.662,100.0,0.564,0.482,0.755,0.848
pygl-out,GlideSP,5.0,NEF,,10.441,33.871,10.5,40,1240,62,21,0.939,15.366,0.745,52.5,0.398,0.388,0.755,0.848
qpct,GlideSP,0.5,NEF,,0.0,0.0,0.0,40,1240,7,0,0.0,0.0,0.497,0.0,-0.014,-0.01,0.767,0.0
qpct,GlideSP,1.0,NEF,,0.0,0.0,0.0,40,1240,13,0,0.0,0.0,0.495,0.0,-0.019,-0.016,0.767,0.0
qpct,GlideSP,5.0,NEF,,0.0,0.0,0.0,40,1240,62,0,0.0,0.0,0.474,0.0,-0.042,-0.041,0.767,0.0
rock-1,GlideSP,0.5,NEF,,8.821,28.571,8.857,40,1240,7,2,0.923,12.0,0.523,28.571,0.108,0.076,0.795,0.245
rock-1,GlideSP,1.0,NEF,,7.124,23.077,7.154,40,1240,13,3,0.9,9.0,0.533,23.077,0.116,0.099,0.795,0.245
rock-1,GlideSP,5.0,NEF,,4.555,14.516,4.5,40,1240,62,9,0.836,5.094,0.59,22.5,0.147,0.143,0.795,0.245
rxr,GlideSP,0.5,NEF,,24.789,85.714,26.571,40,1240,7,6,0.994,180.0,0.575,85.714,0.352,0.248,0.979,0.992
rxr,GlideSP,1.0,NEF,,24.789,76.923,23.846,40,1240,13,10,0.99,100.0,0.624,76.923,0.429,0.367,0.979,0.992
rxr,GlideSP,5.0,NEF,,14.461,46.774,14.5,40,1240,62,29,0.963,26.364,0.849,72.5,0.565,0.551,0.979,0.992
sars-hcov,GlideSP,0.5,NEF,,4.399,14.286,4.429,39,1209,7,1,0.833,5.0,0.51,14.286,0.048,0.034,0.552,0.14
sars-hcov,GlideSP,1.0,NEF,,4.738,15.385,4.769,39,1209,13,2,0.845,5.455,0.521,15.385,0.072,0.062,0.552,0.14
sars-hcov,GlideSP,5.0,NEF,,2.524,8.197,2.541,39,1209,61,5,0.728,2.679,0.54,12.821,0.065,0.063,0.552,0.14
sirt2,GlideSP,0.5,NEF,,4.354,14.286,4.429,40,1240,7,1,0.833,5.0,0.51,14.286,0.047,0.033,0.546,0.053
sirt2,GlideSP,1.0,NEF,,2.344,7.692,2.385,40,1240,13,1,0.714,2.5,0.507,7.692,0.026,0.022,0.546,0.053
sirt2,GlideSP,5.0,NEF,,0.5,1.613,0.5,40,1240,62,1,0.33,0.492,0.487,2.5,-0.021,-0.02,0.546,0.053
src,GlideSP,0.5,NEF,,4.443,14.286,4.429,40,1240,7,1,0.833,5.0,0.51,14.286,0.047,0.033,0.718,0.17
src,GlideSP,1.0,NEF,,7.178,23.077,7.154,40,1240,13,3,0.9,9.0,0.533,23.077,0.116,0.099,0.718,0.17
src,GlideSP,5.0,NEF,,3.569,11.29,3.5,40,1240,62,7,0.792,3.818,0.565,17.5,0.105,0.102,0.718,0.17
thrombin,GlideSP,0.5,NEF,,27.203,85.714,26.571,40,1240,7,6,0.994,180.0,0.575,85.714,0.352,0.248,0.92,0.707
thrombin,GlideSP,1.0,NEF,,21.972,69.231,21.462,40,1240,13,9,0.985,67.5,0.611,69.231,0.385,0.329,0.92,0.707
thrombin,GlideSP,5.0,NEF,,11.446,37.097,11.5,40,1240,62,23,0.947,17.692,0.771,57.5,0.44,0.429,0.92,0.707
tie2,GlideSP,0.5,NEF,,20.41,71.429,22.143,40,1240,7,5,0.987,75.0,0.562,71.429,0.291,0.205,0.626,0.294
tie2,GlideSP,1.0,NEF,,10.205,30.769,9.538,40,1240,13,4,0.93,13.333,0.546,30.769,0.16,0.137,0.626,0.294
tie2,GlideSP,5.0,NEF,,3.062,9.677,3.0,40,1240,62,6,0.763,3.214,0.552,15.0,0.084,0.082,0.626,0.294
tk,GlideSP,0.5,NEF,,30.825,100.0,31.0,40,1240,7,7,1.0,inf,0.588,100.0,0.413,0.291,0.794,0.815
tk,GlideSP,1.0,NEF,,30.825,100.0,31.0,40,1240,13,13,1.0,inf,0.662,100.0,0.564,0.482,0.794,0.815
tk,GlideSP,5.0,NEF,,10.938,35.484,11.0,40,1240,62,22,0.943,16.5,0.758,55.0,0.419,0.408,0.794,0.815
tp,GlideSP,0.5,NEF,,5.224,14.286,4.429,40,1240,7,1,0.833,5.0,0.51,14.286,0.047,0.033,0.698,0.33
tp,GlideSP,1.0,NEF,,11.398,38.462,11.923,40,1240,13,5,0.949,18.75,0.559,38.462,0.205,0.176,0.698,0.33
tp,GlideSP,5.0,NEF,,5.531,17.742,5.5,40,1240,62,11,0.866,6.471,0.616,27.5,0.188,0.184,0.698,0.33
tpa,GlideSP,0.5,NEF,,20.386,71.429,22.143,40,1240,7,5,0.987,75.0,0.562,71.429,0.291,0.205,0.918,0.671
tpa,GlideSP,1.0,NEF,,22.934,76.923,23.846,40,1240,13,10,0.99,100.0,0.624,76.923,0.429,0.367,0.918,0.671
tpa,GlideSP,5.0,NEF,,10.366,33.871,10.5,40,1240,62,21,0.939,15.366,0.745,52.5,0.398,0.388,0.918,0.671
ts,GlideSP,0.5,NEF,,8.671,28.571,8.85,40,1239,7,2,0.923,11.99,0.523,28.571,0.108,0.076,0.633,0.313
ts,GlideSP,1.0,NEF,,9.338,30.769,9.531,40,1239,13,4,0.93,13.322,0.546,30.769,0.16,0.137,0.633,0.313
ts,GlideSP,5.0,NEF,,5.97,19.355,5.995,40,1239,62,12,0.878,7.194,0.629,30.0,0.209,0.204,0.633,0.313
upa,GlideSP,0.5,NEF,,24.896,85.714,26.571,40,1240,7,6,0.994,180.0,0.575,85.714,0.352,0.248,0.744,0.713
upa,GlideSP,1.0,NEF,,27.385,84.615,26.231,40,1240,13,11,0.994,165.0,0.637,84.615,0.474,0.406,0.744,0.713
upa,GlideSP,5.0,NEF,,8.963,29.032,9.0,40,1240,62,18,0.925,12.273,0.707,45.0,0.335,0.327,0.744,0.713
vegfr1,GlideSP,0.5,NEF,,24.803,85.714,26.571,40,1240,7,6,0.994,180.0,0.575,85.714,0.352,0.248,0.616,0.495
vegfr1,GlideSP,1.0,NEF,,17.362,53.846,16.692,40,1240,13,7,0.972,35.0,0.585,53.846,0.295,0.252,0.616,0.495
vegfr1,GlideSP,5.0,NEF,,6.266,20.968,6.5,40,1240,62,13,0.888,7.959,0.642,32.5,0.23,0.224,0.616,0.495
vegfr2,GlideSP,0.5,NEF,,9.15,28.571,8.857,40,1240,7,2,0.923,12.0,0.523,28.571,0.108,0.076,0.864,0.175
vegfr2,GlideSP,1.0,NEF,,4.927,15.385,4.769,40,1240,13,2,0.845,5.455,0.52,15.385,0.071,0.061,0.864,0.175
vegfr2,GlideSP,5.0,NEF,,3.675,11.29,3.5,40,1240,62,7,0.792,3.818,0.565,17.5,0.105,0.102,0.864,0.175
11betahsd1,GlideSP/GlideSP,0.5,NEF,,5.03,14.286,4.429,40,1240,7,1,0.833,5.0,0.51,14.286,0.047,0.033,0.678,0.105
11betahsd1,GlideSP/GlideSP,1.0,NEF,,2.515,7.692,2.385,40,1240,13,1,0.714,2.5,0.507,7.692,0.026,0.022,0.678,0.105
11betahsd1,GlideSP/GlideSP,5.0,NEF,,2.046,6.452,2.0,40,1240,62,4,0.674,2.069,0.526,10.0,0.042,0.041,0.678,0.105
17betahsd1,GlideSP/GlideSP,0.5,NEF,,8.764,28.571,8.857,40,1240,7,2,0.923,12.0,0.523,28.571,0.108,0.076,0.704,0.266
17betahsd1,GlideSP/GlideSP,1.0,NEF,,9.438,30.769,9.538,40,1240,13,4,0.93,13.333,0.546,30.769,0.16,0.137,0.704,0.266
17betahsd1,GlideSP/GlideSP,5.0,NEF,,4.453,14.516,4.5,40,1240,62,9,0.836,5.094,0.59,22.5,0.147,0.143,0.704,0.266
a2a,GlideSP/GlideSP,0.5,NEF,,8.771,28.571,8.857,40,1240,7,2,0.923,12.0,0.523,28.571,0.108,0.076,0.768,0.447
a2a,GlideSP/GlideSP,1.0,NEF,,14.169,46.154,14.308,40,1240,13,6,0.963,25.714,0.572,46.154,0.25,0.214,0.768,0.447
a2a,GlideSP/GlideSP,5.0,NEF,,8.913,29.032,9.0,40,1240,62,18,0.925,12.273,0.707,45.0,0.335,0.327,0.768,0.447
ace,GlideSP/GlideSP,0.5,NEF,,26.464,85.714,26.571,40,1240,7,6,0.994,180.0,0.575,85.714,0.352,0.248,0.882,0.702
ace,GlideSP/GlideSP,1.0,NEF,,21.375,69.231,21.462,40,1240,13,9,0.985,67.5,0.611,69.231,0.385,0.329,0.882,0.702
ace,GlideSP/GlideSP,5.0,NEF,,11.952,38.71,12.0,40,1240,62,24,0.95,18.947,0.784,60.0,0.461,0.449,0.882,0.702
ace2,GlideSP/GlideSP,0.5,NEF,,13.275,42.857,13.286,40,1240,7,3,0.957,22.5,0.536,42.857,0.169,0.119,0.838,0.365
ace2,GlideSP/GlideSP,1.0,NEF,,7.148,23.077,7.154,40,1240,13,3,0.9,9.0,0.533,23.077,0.116,0.099,0.838,0.365
ace2,GlideSP/GlideSP,5.0,NEF,,8.993,29.032,9.0,40,1240,62,18,0.925,12.273,0.707,45.0,0.335,0.327,0.838,0.365
ache,GlideSP/GlideSP,0.5,NEF,,4.361,14.286,4.429,40,1240,7,1,0.833,5.0,0.51,14.286,0.047,0.033,0.714,0.119
ache,GlideSP/GlideSP,1.0,NEF,,2.348,7.692,2.385,40,1240,13,1,0.714,2.5,0.507,7.692,0.026,0.022,0.714,0.119
ache,GlideSP/GlideSP,5.0,NEF,,2.954,9.677,3.0,40,1240,62,6,0.763,3.214,0.552,15.0,0.084,0.082,0.714,0.119
adam17,GlideSP/GlideSP,0.5,NEF,,13.179,42.857,13.286,40,1240,7,3,0.957,22.5,0.536,42.857,0.169,0.119,0.765,0.285
adam17,GlideSP/GlideSP,1.0,NEF,,7.096,23.077,7.154,40,1240,13,3,0.9,9.0,0.533,23.077,0.116,0.099,0.765,0.285
adam17,GlideSP/GlideSP,5.0,NEF,,4.464,14.516,4.5,40,1240,62,9,0.836,5.094,0.59,22.5,0.147,0.143,0.765,0.285
adrb2,GlideSP/GlideSP,0.5,NEF,,0.0,0.0,0.0,40,1240,7,0,0.0,0.0,0.497,0.0,-0.014,-0.01,0.843,0.264
adrb2,GlideSP/GlideSP,1.0,NEF,,4.796,15.385,4.769,40,1240,13,2,0.845,5.455,0.52,15.385,0.071,0.061,0.843,0.264
adrb2,GlideSP/GlideSP,5.0,NEF,,7.442,24.194,7.5,40,1240,62,15,0.905,9.574,0.668,37.5,0.272,0.265,0.843,0.264
akt1,GlideSP/GlideSP,0.5,NEF,,5.051,14.286,4.429,40,1240,7,1,0.833,5.0,0.51,14.286,0.047,0.033,0.733,0.187
akt1,GlideSP/GlideSP,1.0,NEF,,7.577,23.077,7.154,40,1240,13,3,0.9,9.0,0.533,23.077,0.116,0.099,0.733,0.187
akt1,GlideSP/GlideSP,5.0,NEF,,3.536,11.29,3.5,40,1240,62,7,0.792,3.818,0.565,17.5,0.105,0.102,0.733,0.187
alr2,GlideSP/GlideSP,0.5,NEF,,13.136,42.857,13.286,40,1240,7,3,0.957,22.5,0.536,42.857,0.169,0.119,0.674,0.206
alr2,GlideSP/GlideSP,1.0,NEF,,7.073,23.077,7.154,40,1240,13,3,0.9,9.0,0.533,23.077,0.116,0.099,0.674,0.206
alr2,GlideSP/GlideSP,5.0,NEF,,4.449,14.516,4.5,40,1240,62,9,0.836,5.094,0.59,22.5,0.147,0.143,0.674,0.206
ar,GlideSP/GlideSP,0.5,NEF,,16.929,57.143,17.714,40,1240,7,4,0.976,40.0,0.549,57.143,0.23,0.162,0.84,0.671
ar,GlideSP/GlideSP,1.0,NEF,,16.122,53.846,16.692,40,1240,13,7,0.972,35.0,0.585,53.846,0.295,0.252,0.84,0.671
ar,GlideSP/GlideSP,5.0,NEF,,9.17,29.032,9.0,40,1240,62,18,0.925,12.273,0.707,45.0,0.335,0.327,0.84,0.671
aurka,GlideSP/GlideSP,0.5,NEF,,17.729,57.143,17.714,40,1240,7,4,0.976,40.0,0.549,57.143,0.23,0.162,0.811,0.421
aurka,GlideSP/GlideSP,1.0,NEF,,14.32,46.154,14.308,40,1240,13,6,0.963,25.714,0.572,46.154,0.25,0.214,0.811,0.421
aurka,GlideSP/GlideSP,5.0,NEF,,8.138,25.806,8.0,40,1240,62,16,0.913,10.435,0.681,40.0,0.293,0.286,0.811,0.421
aurkb,GlideSP/GlideSP,0.5,NEF,,17.357,57.143,17.714,40,1240,7,4,0.976,40.0,0.549,57.143,0.23,0.162,0.774,0.458
aurkb,GlideSP/GlideSP,1.0,NEF,,16.356,53.846,16.692,40,1240,13,7,0.972,35.0,0.585,53.846,0.295,0.252,0.774,0.458
aurkb,GlideSP/GlideSP,5.0,NEF,,7.469,24.194,7.5,40,1240,62,15,0.905,9.574,0.668,37.5,0.272,0.265,0.774,0.458
bcl2,GlideSP/GlideSP,0.5,NEF,,8.736,28.571,8.857,40,1240,7,2,0.923,12.0,0.523,28.571,0.108,0.076,0.758,0.249
bcl2,GlideSP/GlideSP,1.0,NEF,,9.408,30.769,9.538,40,1240,13,4,0.93,13.333,0.546,30.769,0.16,0.137,0.758,0.249
bcl2,GlideSP/GlideSP,5.0,NEF,,4.931,16.129,5.0,40,1240,62,10,0.852,5.769,0.603,25.0,0.168,0.163,0.758,0.249
braf,GlideSP/GlideSP,0.5,NEF,,4.429,14.286,4.429,40,1240,7,1,0.833,5.0,0.51,14.286,0.047,0.033,0.713,0.105
braf,GlideSP/GlideSP,1.0,NEF,,4.769,15.385,4.769,40,1240,13,2,0.845,5.455,0.52,15.385,0.071,0.061,0.713,0.105
braf,GlideSP/GlideSP,5.0,NEF,,2.541,8.065,2.5,40,1240,62,5,0.725,2.632,0.539,12.5,0.063,0.061,0.713,0.105
catl,GlideSP/GlideSP,0.5,NEF,,4.404,14.286,4.429,40,1240,7,1,0.833,5.0,0.51,14.286,0.047,0.033,0.689,0.16
catl,GlideSP/GlideSP,1.0,NEF,,4.742,15.385,4.769,40,1240,13,2,0.845,5.455,0.52,15.385,0.071,0.061,0.689,0.16
catl,GlideSP/GlideSP,5.0,NEF,,2.486,8.065,2.5,40,1240,62,5,0.725,2.632,0.539,12.5,0.063,0.061,0.689,0.16
cdk2,GlideSP/GlideSP,0.5,NEF,,0.0,0.0,0.0,40,1240,7,0,0.0,0.0,0.497,0.0,-0.014,-0.01,0.852,0.218
cdk2,GlideSP/GlideSP,1.0,NEF,,7.475,23.077,7.154,40,1240,13,3,0.9,9.0,0.533,23.077,0.116,0.099,0.852,0.218
cdk2,GlideSP/GlideSP,5.0,NEF,,5.98,19.355,6.0,40,1240,62,12,0.878,7.2,0.629,30.0,0.209,0.204,0.852,0.218
cox1,GlideSP/GlideSP,0.5,NEF,,23.932,71.429,22.143,40,1240,7,5,0.987,75.0,0.562,71.429,0.291,0.205,0.748,0.427
cox1,GlideSP/GlideSP,1.0,NEF,,11.966,38.462,11.923,40,1240,13,5,0.949,18.75,0.559,38.462,0.205,0.176,0.748,0.427
cox1,GlideSP/GlideSP,5.0,NEF,,6.154,19.355,6.0,40,1240,62,12,0.878,7.2,0.629,30.0,0.209,0.204,0.748,0.427
cox2,GlideSP/GlideSP,0.5,NEF,,18.486,57.143,17.714,40,1240,7,4,0.976,40.0,0.549,57.143,0.23,0.162,0.938,0.84
cox2,GlideSP/GlideSP,1.0,NEF,,20.541,69.231,21.462,40,1240,13,9,0.985,67.5,0.611,69.231,0.385,0.329,0.938,0.84
cox2,GlideSP/GlideSP,5.0,NEF,,11.823,38.71,12.0,40,1240,62,24,0.95,18.947,0.784,60.0,0.461,0.449,0.938,0.84
ctsk,GlideSP/GlideSP,0.5,NEF,,4.411,14.286,4.429,40,1240,7,1,0.833,5.0,0.51,14.286,0.047,0.033,0.743,0.121
ctsk,GlideSP/GlideSP,1.0,NEF,,2.375,7.692,2.385,40,1240,13,1,0.714,2.5,0.507,7.692,0.026,0.022,0.743,0.121
ctsk,GlideSP/GlideSP,5.0,NEF,,3.486,11.29,3.5,40,1240,62,7,0.792,3.818,0.565,17.5,0.105,0.102,0.743,0.121
cyp2a6,GlideSP/GlideSP,0.5,NEF,,0.0,0.0,0.0,40,1240,7,0,0.0,0.0,0.497,0.0,-0.014,-0.01,0.763,0.264
cyp2a6,GlideSP/GlideSP,1.0,NEF,,2.775,7.692,2.385,40,1240,13,1,0.714,2.5,0.507,7.692,0.026,0.022,0.763,0.264
cyp2a6,GlideSP/GlideSP,5.0,NEF,,6.659,20.968,6.5,40,1240,62,13,0.888,7.959,0.642,32.5,0.23,0.224,0.763,0.264
dhfr,GlideSP/GlideSP,0.5,NEF,,4.371,14.286,4.429,40,1240,7,1,0.833,5.0,0.51,14.286,0.047,0.033,0.686,0.119
dhfr,GlideSP/GlideSP,1.0,NEF,,4.708,15.385,4.769,40,1240,13,2,0.845,5.455,0.52,15.385,0.071,0.061,0.686,0.119
dhfr,GlideSP/GlideSP,5.0,NEF,,2.468,8.065,2.5,40,1240,62,5,0.725,2.632,0.539,12.5,0.063,0.061,0.686,0.119
egfr,GlideSP/GlideSP,0.5,NEF,,8.828,28.571,8.857,40,1240,7,2,0.923,12.0,0.523,28.571,0.108,0.076,0.794,0.207
egfr,GlideSP/GlideSP,1.0,NEF,,4.753,15.385,4.769,40,1240,13,2,0.845,5.455,0.52,15.385,0.071,0.061,0.794,0.207
egfr,GlideSP/GlideSP,5.0,NEF,,5.572,17.742,5.5,40,1240,62,11,0.866,6.471,0.616,27.5,0.188,0.184,0.794,0.207
ephb4,GlideSP/GlideSP,0.5,NEF,,0.0,0.0,0.0,40,1240,7,0,0.0,0.0,0.497,0.0,-0.014,-0.01,0.628,0.015
ephb4,GlideSP/GlideSP,1.0,NEF,,0.0,0.0,0.0,40,1240,13,0,0.0,0.0,0.495,0.0,-0.019,-0.016,0.628,0.015
ephb4,GlideSP/GlideSP,5.0,NEF,,1.493,4.839,1.5,40,1240,62,3,0.604,1.525,0.513,7.5,0.021,0.02,0.628,0.015
erbb2,GlideSP/GlideSP,0.5,NEF,,24.667,85.714,26.571,40,1240,7,6,0.994,180.0,0.575,85.714,0.352,0.248,0.96,0.888
erbb2,GlideSP/GlideSP,1.0,NEF,,27.133,84.615,26.231,40,1240,13,11,0.994,165.0,0.637,84.615,0.474,0.406,0.96,0.888
erbb2,GlideSP/GlideSP,5.0,NEF,,14.307,46.774,14.5,40,1240,62,29,0.963,26.364,0.849,72.5,0.565,0.551,0.96,0.888
er-beta,GlideSP/GlideSP,0.5,NEF,,28.586,85.714,26.571,40,1240,7,6,0.994,180.0,0.575,85.714,0.352,0.248,0.952,0.936
er-beta,GlideSP/GlideSP,1.0,NEF,,28.586,92.308,28.615,40,1240,13,12,0.997,360.0,0.65,92.308,0.519,0.444,0.952,0.936
er-beta,GlideSP/GlideSP,5.0,NEF,,15.654,50.0,15.5,40,1240,62,31,0.968,30.0,0.875,77.5,0.607,0.592,0.952,0.936
fgfr1,GlideSP/GlideSP,0.5,NEF,,14.738,42.857,13.286,40,1240,7,3,0.957,22.5,0.536,42.857,0.169,0.119,0.758,0.504
fgfr1,GlideSP/GlideSP,1.0,NEF,,14.738,46.154,14.308,40,1240,13,6,0.963,25.714,0.572,46.154,0.25,0.214,0.758,0.504
fgfr1,GlideSP/GlideSP,5.0,NEF,,8.493,27.419,8.5,40,1240,62,17,0.919,11.333,0.694,42.5,0.314,0.306,0.758,0.504
fkbp1a,GlideSP/GlideSP,0.5,NEF,,32.395,100.0,31.0,40,1240,7,7,1.0,inf,0.588,100.0,0.413,0.291,0.62,0.589
fkbp1a,GlideSP/GlideSP,1.0,NEF,,22.427,69.231,21.462,40,1240,13,9,0.985,67.5,0.611,69.231,0.385,0.329,0.62,0.589
fkbp1a,GlideSP/GlideSP,5.0,NEF,,6.27,20.968,6.5,40,1240,62,13,0.888,7.959,0.642,32.5,0.23,0.224,0.62,0.589
fxa,GlideSP/GlideSP,0.5,NEF,,25.491,85.714,26.571,40,1240,7,6,0.994,180.0,0.575,85.714,0.352,0.248,0.874,0.678
fxa,GlideSP/GlideSP,1.0,NEF,,22.942,76.923,23.846,40,1240,13,10,0.99,100.0,0.624,76.923,0.429,0.367,0.874,0.678
fxa,GlideSP/GlideSP,5.0,NEF,,9.687,30.645,9.5,40,1240,62,19,0.93,13.256,0.72,47.5,0.356,0.347,0.874,0.678
gba,GlideSP/GlideSP,0.5,NEF,,13.232,42.857,13.286,40,1240,7,3,0.957,22.5,0.536,42.857,0.169,0.119,0.452,0.252
gba,GlideSP/GlideSP,1.0,NEF,,9.5,30.769,9.538,40,1240,13,4,0.93,13.333,0.546,30.769,0.16,0.137,0.452,0.252
gba,GlideSP/GlideSP,5.0,NEF,,2.988,9.677,3.0,40,1240,62,6,0.763,3.214,0.552,15.0,0.084,0.082,0.452,0.252
gr,GlideSP/GlideSP,0.5,NEF,,4.368,14.286,4.429,40,1240,7,1,0.833,5.0,0.51,14.286,0.047,0.033,0.547,0.09
gr,GlideSP/GlideSP,1.0,NEF,,2.352,7.692,2.385,40,1240,13,1,0.714,2.5,0.507,7.692,0.026,0.022,0.547,0.09
gr,GlideSP/GlideSP,5.0,NEF,,1.479,4.839,1.5,40,1240,62,3,0.604,1.525,0.513,7.5,0.021,0.02,0.547,0.09
gsk3b,GlideSP/GlideSP,0.5,NEF,,21.536,71.429,22.143,40,1240,7,5,0.987,75.0,0.562,71.429,0.291,0.205,0.816,0.547
gsk3b,GlideSP/GlideSP,1.0,NEF,,20.873,69.231,21.462,40,1240,13,9,0.985,67.5,0.611,69.231,0.385,0.329,0.816,0.547
gsk3b,GlideSP/GlideSP,5.0,NEF,,7.414,24.194,7.5,40,1240,62,15,0.905,9.574,0.668,37.5,0.272,0.265,0.816,0.547
hdac2,GlideSP/GlideSP,0.5,NEF,,30.35,100.0,31.0,40,1240,7,7,1.0,inf,0.588,100.0,0.413,0.291,0.733,0.56
hdac2,GlideSP/GlideSP,1.0,NEF,,23.346,76.923,23.846,40,1240,13,10,0.99,100.0,0.624,76.923,0.429,0.367,0.733,0.56
hdac2,GlideSP/GlideSP,5.0,NEF,,6.468,20.968,6.5,40,1240,62,13,0.888,7.959,0.642,32.5,0.23,0.224,0.733,0.56
hdac8,GlideSP/GlideSP,0.5,NEF,,4.407,14.286,4.429,40,1240,7,1,0.833,5.0,0.51,14.286,0.047,0.033,0.654,0.055
hdac8,GlideSP/GlideSP,1.0,NEF,,2.373,7.692,2.385,40,1240,13,1,0.714,2.5,0.507,7.692,0.026,0.022,0.654,0.055
hdac8,GlideSP/GlideSP,5.0,NEF,,0.995,3.226,1.0,40,1240,62,2,0.5,1.0,0.5,5.0,0.0,0.0,0.654,0.055
hiv1pr,GlideSP/GlideSP,0.5,NEF,,28.17,85.714,26.571,40,1240,7,6,0.994,180.0,0.575,85.714,0.352,0.248,0.8,0.731
hiv1pr,GlideSP/GlideSP,1.0,NEF,,25.281,84.615,26.231,40,1240,13,11,0.994,165.0,0.637,84.615,0.474,0.406,0.8,0.731
hiv1pr,GlideSP/GlideSP,5.0,NEF,,9.698,30.645,9.5,40,1240,62,19,0.93,13.256,0.72,47.5,0.356,0.347,0.8,0.731
hiv1rt,GlideSP/GlideSP,0.5,NEF,,18.301,57.143,17.714,40,1240,7,4,0.976,40.0,0.549,57.143,0.23,0.162,0.679,0.291
hiv1rt,GlideSP/GlideSP,1.0,NEF,,9.854,30.769,9.538,40,1240,13,4,0.93,13.333,0.546,30.769,0.16,0.137,0.679,0.291
hiv1rt,GlideSP/GlideSP,5.0,NEF,,3.675,11.29,3.5,40,1240,62,7,0.792,3.818,0.565,17.5,0.105,0.102,0.679,0.291
hmgr,GlideSP/GlideSP,0.5,NEF,,26.507,85.714,26.571,40,1240,7,6,0.994,180.0,0.575,85.714,0.352,0.248,0.94,0.844
hmgr,GlideSP/GlideSP,1.0,NEF,,28.546,92.308,28.615,40,1240,13,12,0.997,360.0,0.65,92.308,0.519,0.444,0.94,0.844
hmgr,GlideSP/GlideSP,5.0,NEF,,13.966,45.161,14.0,40,1240,62,28,0.961,24.706,0.836,70.0,0.545,0.531,0.94,0.844
hsp90,GlideSP/GlideSP,0.5,NEF,,4.336,14.286,4.429,40,1240,7,1,0.833,5.0,0.51,14.286,0.047,0.033,0.603,0.062
hsp90,GlideSP/GlideSP,1.0,NEF,,2.335,7.692,2.385,40,1240,13,1,0.714,2.5,0.507,7.692,0.026,0.022,0.603,0.062
hsp90,GlideSP/GlideSP,5.0,NEF,,0.995,3.226,1.0,40,1240,62,2,0.5,1.0,0.5,5.0,0.0,0.0,0.603,0.062
igf1r,GlideSP/GlideSP,0.5,NEF,,9.932,28.571,8.857,40,1240,7,2,0.923,12.0,0.523,28.571,0.108,0.076,0.75,0.218
igf1r,GlideSP/GlideSP,1.0,NEF,,4.966,15.385,4.769,40,1240,13,2,0.845,5.455,0.52,15.385,0.071,0.061,0.75,0.218
igf1r,GlideSP/GlideSP,5.0,NEF,,3.03,9.677,3.0,40,1240,62,6,0.763,3.214,0.552,15.0,0.084,0.082,0.75,0.218
inha,GlideSP/GlideSP,0.5,NEF,,26.25,85.714,26.571,40,1240,7,6,0.994,180.0,0.575,85.714,0.352,0.248,0.556,0.564
inha,GlideSP/GlideSP,1.0,NEF,,18.846,61.538,19.077,40,1240,13,8,0.98,48.0,0.598,61.538,0.34,0.291,0.556,0.564
inha,GlideSP/GlideSP,5.0,NEF,,7.903,25.806,8.0,40,1240,62,16,0.913,10.435,0.681,40.0,0.293,0.286,0.556,0.564
itk,GlideSP/GlideSP,0.5,NEF,,0.0,0.0,0.0,40,1240,7,0,0.0,0.0,0.497,0.0,-0.014,-0.01,0.688,0.03
itk,GlideSP/GlideSP,1.0,NEF,,0.0,0.0,0.0,40,1240,13,0,0.0,0.0,0.495,0.0,-0.019,-0.016,0.688,0.03
itk,GlideSP/GlideSP,5.0,NEF,,0.998,3.226,1.0,40,1240,62,2,0.5,1.0,0.5,5.0,0.0,0.0,0.688,0.03
jak3,GlideSP/GlideSP,0.5,NEF,,4.988,14.286,4.429,40,1240,7,1,0.833,5.0,0.51,14.286,0.047,0.033,0.817,0.39
jak3,GlideSP/GlideSP,1.0,NEF,,14.962,46.154,14.308,40,1240,13,6,0.963,25.714,0.572,46.154,0.25,0.214,0.817,0.39
jak3,GlideSP/GlideSP,5.0,NEF,,7.98,25.806,8.0,40,1240,62,16,0.913,10.435,0.681,40.0,0.293,0.286,0.817,0.39
jnk1,GlideSP/GlideSP,0.5,NEF,,5.25,14.286,4.429,40,1240,7,1,0.833,5.0,0.51,14.286,0.047,0.033,0.696,0.297
jnk1,GlideSP/GlideSP,1.0,NEF,,7.875,23.077,7.154,40,1240,13,3,0.9,9.0,0.533,23.077,0.116,0.099,0.696,0.297
jnk1,GlideSP/GlideSP,5.0,NEF,,6.3,20.968,6.5,40,1240,62,13,0.888,7.959,0.642,32.5,0.23,0.224,0.696,0.297
jnk2,GlideSP/GlideSP,0.5,NEF,,25.021,85.714,26.571,40,1240,7,6,0.994,180.0,0.575,85.714,0.352,0.248,0.556,0.387
jnk2,GlideSP/GlideSP,1.0,NEF,,12.511,38.462,11.923,40,1240,13,5,0.949,18.75,0.559,38.462,0.205,0.176,0.556,0.387
jnk2,GlideSP/GlideSP,5.0,NEF,,3.562,11.29,3.5,40,1240,62,7,0.792,3.818,0.565,17.5,0.105,0.102,0.556,0.387
jnk3,GlideSP/GlideSP,0.5,NEF,,4.429,14.286,4.429,40,1240,7,1,0.833,5.0,0.51,14.286,0.047,0.033,0.715,0.134
jnk3,GlideSP/GlideSP,1.0,NEF,,2.385,7.692,2.385,40,1240,13,1,0.714,2.5,0.507,7.692,0.026,0.022,0.715,0.134
jnk3,GlideSP/GlideSP,5.0,NEF,,3.557,11.29,3.5,40,1240,62,7,0.792,3.818,0.565,17.5,0.105,0.102,0.715,0.134
kif11,GlideSP/GlideSP,0.5,NEF,,21.589,71.429,22.143,40,1240,7,5,0.987,75.0,0.562,71.429,0.291,0.205,0.907,0.558
kif11,GlideSP/GlideSP,1.0,NEF,,16.275,53.846,16.692,40,1240,13,7,0.972,35.0,0.585,53.846,0.295,0.252,0.907,0.558
kif11,GlideSP/GlideSP,5.0,NEF,,9.414,30.645,9.5,40,1240,62,19,0.93,13.256,0.72,47.5,0.356,0.347,0.907,0.558
lck,GlideSP/GlideSP,0.5,NEF,,4.3,14.286,4.429,40,1240,7,1,0.833,5.0,0.51,14.286,0.047,0.033,0.768,0.227
lck,GlideSP/GlideSP,1.0,NEF,,6.946,23.077,7.154,40,1240,13,3,0.9,9.0,0.533,23.077,0.116,0.099,0.768,0.227
lck,GlideSP/GlideSP,5.0,NEF,,4.441,14.516,4.5,40,1240,62,9,0.836,5.094,0.59,22.5,0.147,0.143,0.768,0.227
mdm2,GlideSP/GlideSP,0.5,NEF,,14.975,42.857,13.286,40,1240,7,3,0.957,22.5,0.536,42.857,0.169,0.119,0.587,0.221
mdm2,GlideSP/GlideSP,1.0,NEF,,7.488,23.077,7.154,40,1240,13,3,0.9,9.0,0.533,23.077,0.116,0.099,0.587,0.221
mdm2,GlideSP/GlideSP,5.0,NEF,,2.995,9.677,3.0,40,1240,62,6,0.763,3.214,0.552,15.0,0.084,0.082,0.587,0.221
mk2,GlideSP/GlideSP,0.5,NEF,,10.486,28.571,8.857,40,1240,7,2,0.923,12.0,0.523,28.571,0.108,0.076,0.82,0.292
mk2,GlideSP/GlideSP,1.0,NEF,,7.865,23.077,7.154,40,1240,13,3,0.9,9.0,0.533,23.077,0.116,0.099,0.82,0.292
mk2,GlideSP/GlideSP,5.0,NEF,,5.865,19.355,6.0,40,1240,62,12,0.878,7.2,0.629,30.0,0.209,0.204,0.82,0.292
mmp2,GlideSP/GlideSP,0.5,NEF,,0.0,0.0,0.0,40,1240,7,0,0.0,0.0,0.497,0.0,-0.014,-0.01,0.588,0.03
mmp2,GlideSP/GlideSP,1.0,NEF,,0.0,0.0,0.0,40,1240,13,0,0.0,0.0,0.495,0.0,-0.019,-0.016,0.588,0.03
mmp2,GlideSP/GlideSP,5.0,NEF,,0.99,3.226,1.0,40,1240,62,2,0.5,1.0,0.5,5.0,0.0,0.0,0.588,0.03
na,GlideSP/GlideSP,0.5,NEF,,26.55,85.714,26.571,40,1240,7,6,0.994,180.0,0.575,85.714,0.352,0.248,0.929,0.809
na,GlideSP/GlideSP,1.0,NEF,,26.21,84.615,26.231,40,1240,13,11,0.994,165.0,0.637,84.615,0.474,0.406,0.929,0.809
na,GlideSP/GlideSP,5.0,NEF,,12.99,41.935,13.0,40,1240,62,26,0.956,21.667,0.81,65.0,0.503,0.49,0.929,0.809
p38-alpha,GlideSP/GlideSP,0.5,NEF,,13.093,42.857,13.286,40,1240,7,3,0.957,22.5,0.536,42.857,0.169,0.119,0.741,0.417
p38-alpha,GlideSP/GlideSP,1.0,NEF,,9.4,30.769,9.538,40,1240,13,4,0.93,13.333,0.546,30.769,0.16,0.137,0.741,0.417
p38-alpha,GlideSP/GlideSP,5.0,NEF,,7.391,24.194,7.5,40,1240,62,15,0.905,9.574,0.668,37.5,0.272,0.265,0.741,0.417
parp-1,GlideSP/GlideSP,0.5,NEF,,25.843,85.714,26.571,40,1240,7,6,0.994,180.0,0.575,85.714,0.352,0.248,0.891,0.761
parp-1,GlideSP/GlideSP,1.0,NEF,,27.831,92.308,28.615,40,1240,13,12,0.997,360.0,0.65,92.308,0.519,0.444,0.891,0.761
parp-1,GlideSP/GlideSP,5.0,NEF,,11.368,37.097,11.5,40,1240,62,23,0.947,17.692,0.771,57.5,0.44,0.429,0.891,0.761
pde4b,GlideSP/GlideSP,0.5,NEF,,4.4,14.286,4.429,40,1240,7,1,0.833,5.0,0.51,14.286,0.047,0.033,0.624,0.109
pde4b,GlideSP/GlideSP,1.0,NEF,,2.369,7.692,2.385,40,1240,13,1,0.714,2.5,0.507,7.692,0.026,0.022,0.624,0.109
pde4b,GlideSP/GlideSP,5.0,NEF,,2.981,9.677,3.0,40,1240,62,6,0.763,3.214,0.552,15.0,0.084,0.082,0.624,0.109
pde5,GlideSP/GlideSP,0.5,NEF,,4.609,14.286,4.429,40,1240,7,1,0.833,5.0,0.51,14.286,0.047,0.033,0.564,0.141
pde5,GlideSP/GlideSP,1.0,NEF,,7.445,23.077,7.154,40,1240,13,3,0.9,9.0,0.533,23.077,0.116,0.099,0.564,0.141
pde5,GlideSP/GlideSP,5.0,NEF,,1.561,4.839,1.5,40,1240,62,3,0.604,1.525,0.513,7.5,0.021,0.02,0.564,0.141
pdk1,GlideSP/GlideSP,0.5,NEF,,27.203,85.714,26.571,40,1240,7,6,0.994,180.0,0.575,85.714,0.352,0.248,0.904,0.754
pdk1,GlideSP/GlideSP,1.0,NEF,,26.854,84.615,26.231,40,1240,13,11,0.994,165.0,0.637,84.615,0.474,0.406,0.904,0.754
pdk1,GlideSP/GlideSP,5.0,NEF,,11.446,37.097,11.5,40,1240,62,23,0.947,17.692,0.771,57.5,0.44,0.429,0.904,0.754
pi3kg,GlideSP/GlideSP,0.5,NEF,,13.297,42.857,13.286,40,1240,7,3,0.957,22.5,0.536,42.857,0.169,0.119,0.816,0.312
pi3kg,GlideSP/GlideSP,1.0,NEF,,9.546,30.769,9.538,40,1240,13,4,0.93,13.333,0.546,30.769,0.16,0.137,0.816,0.312
pi3kg,GlideSP/GlideSP,5.0,NEF,,7.629,24.194,7.5,40,1240,62,15,0.905,9.574,0.668,37.5,0.272,0.265,0.816,0.312
pim-1,GlideSP/GlideSP,0.5,NEF,,12.954,42.857,13.286,40,1240,7,3,0.957,22.5,0.536,42.857,0.169,0.119,0.885,0.437
pim-1,GlideSP/GlideSP,1.0,NEF,,13.95,46.154,14.308,40,1240,13,6,0.963,25.714,0.572,46.154,0.25,0.214,0.885,0.437
pim-1,GlideSP/GlideSP,5.0,NEF,,6.441,20.968,6.5,40,1240,62,13,0.888,7.959,0.642,32.5,0.23,0.224,0.885,0.437
pim-2,GlideSP/GlideSP,0.5,NEF,,8.85,28.571,8.857,40,1240,7,2,0.923,12.0,0.523,28.571,0.108,0.076,0.824,0.295
pim-2,GlideSP/GlideSP,1.0,NEF,,7.148,23.077,7.154,40,1240,13,3,0.9,9.0,0.533,23.077,0.116,0.099,0.824,0.295
pim-2,GlideSP/GlideSP,5.0,NEF,,5.586,17.742,5.5,40,1240,62,11,0.866,6.471,0.616,27.5,0.188,0.184,0.824,0.295
pnp,GlideSP/GlideSP,0.5,NEF,,17.614,57.143,17.714,40,1240,7,4,0.976,40.0,0.549,57.143,0.23,0.162,0.774,0.399
pnp,GlideSP/GlideSP,1.0,NEF,,14.227,46.154,14.308,40,1240,13,6,0.963,25.714,0.572,46.154,0.25,0.214,0.774,0.399
pnp,GlideSP/GlideSP,5.0,NEF,,5.469,17.742,5.5,40,1240,62,11,0.866,6.471,0.616,27.5,0.188,0.184,0.774,0.399
ppara,GlideSP/GlideSP,0.5,NEF,,0.0,0.0,0.0,40,1240,7,0,0.0,0.0,0.497,0.0,-0.014,-0.01,0.705,0.054
ppara,GlideSP/GlideSP,1.0,NEF,,2.496,7.692,2.385,40,1240,13,1,0.714,2.5,0.507,7.692,0.026,0.022,0.705,0.054
ppara,GlideSP/GlideSP,5.0,NEF,,2.102,6.452,2.0,40,1240,62,4,0.674,2.069,0.526,10.0,0.042,0.041,0.705,0.054
pparg,GlideSP/GlideSP,0.5,NEF,,0.0,0.0,0.0,40,1240,7,0,0.0,0.0,0.497,0.0,-0.014,-0.01,0.611,0.081
pparg,GlideSP/GlideSP,1.0,NEF,,2.375,7.692,2.385,40,1240,13,1,0.714,2.5,0.507,7.692,0.026,0.022,0.611,0.081
pparg,GlideSP/GlideSP,5.0,NEF,,2.5,8.065,2.5,40,1240,62,5,0.725,2.632,0.539,12.5,0.063,0.061,0.611,0.081
pr,GlideSP/GlideSP,0.5,NEF,,4.9,14.286,4.429,40,1240,7,1,0.833,5.0,0.51,14.286,0.047,0.033,0.776,0.19
pr,GlideSP/GlideSP,1.0,NEF,,5.345,15.385,4.769,40,1240,13,2,0.845,5.455,0.52,15.385,0.071,0.061,0.776,0.19
pr,GlideSP/GlideSP,5.0,NEF,,6.219,19.355,6.0,40,1240,62,12,0.878,7.2,0.629,30.0,0.209,0.204,0.776,0.19
prkcq,GlideSP/GlideSP,0.5,NEF,,21.053,71.429,22.143,40,1240,7,5,0.987,75.0,0.562,71.429,0.291,0.205,0.878,0.525
prkcq,GlideSP/GlideSP,1.0,NEF,,15.789,53.846,16.692,40,1240,13,7,0.972,35.0,0.585,53.846,0.295,0.252,0.878,0.525
prkcq,GlideSP/GlideSP,5.0,NEF,,8.947,29.032,9.0,40,1240,62,18,0.925,12.273,0.707,45.0,0.335,0.327,0.878,0.525
pygl-in,GlideSP/GlideSP,0.5,NEF,,30.8,100.0,31.0,40,1240,7,7,1.0,inf,0.588,100.0,0.413,0.291,0.767,0.791
pygl-in,GlideSP/GlideSP,1.0,NEF,,30.8,100.0,31.0,40,1240,13,13,1.0,inf,0.662,100.0,0.564,0.482,0.767,0.791
pygl-in,GlideSP/GlideSP,5.0,NEF,,11.426,37.097,11.5,40,1240,62,23,0.947,17.692,0.771,57.5,0.44,0.429,0.767,0.791
pygl-out,GlideSP/GlideSP,0.5,NEF,,30.9,100.0,31.0,40,1240,7,7,1.0,inf,0.588,100.0,0.413,0.291,0.767,0.824
pygl-out,GlideSP/GlideSP,1.0,NEF,,28.523,92.308,28.615,40,1240,13,12,0.997,360.0,0.65,92.308,0.519,0.444,0.767,0.824
pygl-out,GlideSP/GlideSP,5.0,NEF,,9.968,32.258,10.0,40,1240,62,20,0.935,14.286,0.732,50.0,0.377,0.367,0.767,0.824
qpct,GlideSP/GlideSP,0.5,NEF,,0.0,0.0,0.0,40,1240,7,0,0.0,0.0,0.497,0.0,-0.014,-0.01,0.456,0.0
qpct,GlideSP/GlideSP,1.0,NEF,,0.0,0.0,0.0,40,1240,13,0,0.0,0.0,0.495,0.0,-0.019,-0.016,0.456,0.0
qpct,GlideSP/GlideSP,5.0,NEF,,0.0,0.0,0.0,40,1240,62,0,0.0,0.0,0.474,0.0,-0.042,-0.041,0.456,0.0
rock-1,GlideSP/GlideSP,0.5,NEF,,12.932,42.857,13.286,40,1240,7,3,0.957,22.5,0.536,42.857,0.169,0.119,0.622,0.261
rock-1,GlideSP/GlideSP,1.0,NEF,,6.963,23.077,7.154,40,1240,13,3,0.9,9.0,0.533,23.077,0.116,0.099,0.622,0.261
rock-1,GlideSP/GlideSP,5.0,NEF,,3.957,12.903,4.0,40,1240,62,8,0.816,4.444,0.578,20.0,0.126,0.122,0.622,0.261
rxr,GlideSP/GlideSP,0.5,NEF,,25.919,85.714,26.571,40,1240,7,6,0.994,180.0,0.575,85.714,0.352,0.248,0.962,0.935
rxr,GlideSP/GlideSP,1.0,NEF,,23.327,76.923,23.846,40,1240,13,10,0.99,100.0,0.624,76.923,0.429,0.367,0.962,0.935
rxr,GlideSP/GlideSP,5.0,NEF,,15.119,48.387,15.0,40,1240,62,30,0.966,28.125,0.862,75.0,0.586,0.571,0.962,0.935
sars-hcov,GlideSP/GlideSP,0.5,NEF,,4.403,14.286,4.429,39,1209,7,1,0.833,5.0,0.51,14.286,0.048,0.034,0.587,0.072
sars-hcov,GlideSP/GlideSP,1.0,NEF,,2.371,7.692,2.385,39,1209,13,1,0.714,2.5,0.508,7.692,0.026,0.023,0.587,0.072
sars-hcov,GlideSP/GlideSP,5.0,NEF,,3.032,9.836,3.049,39,1209,61,6,0.766,3.273,0.553,15.385,0.086,0.084,0.587,0.072
sirt2,GlideSP/GlideSP,0.5,NEF,,4.361,14.286,4.429,40,1240,7,1,0.833,5.0,0.51,14.286,0.047,0.033,0.512,0.067
sirt2,GlideSP/GlideSP,1.0,NEF,,2.348,7.692,2.385,40,1240,13,1,0.714,2.5,0.507,7.692,0.026,0.022,0.512,0.067
sirt2,GlideSP/GlideSP,5.0,NEF,,0.985,3.226,1.0,40,1240,62,2,0.5,1.0,0.5,5.0,0.0,0.0,0.512,0.067
src,GlideSP/GlideSP,0.5,NEF,,4.436,14.286,4.429,40,1240,7,1,0.833,5.0,0.51,14.286,0.047,0.033,0.632,0.134
src,GlideSP/GlideSP,1.0,NEF,,2.389,7.692,2.385,40,1240,13,1,0.714,2.5,0.507,7.692,0.026,0.022,0.632,0.134
src,GlideSP/GlideSP,5.0,NEF,,2.545,8.065,2.5,40,1240,62,5,0.725,2.632,0.539,12.5,0.063,0.061,0.632,0.134
thrombin,GlideSP/GlideSP,0.5,NEF,,22.763,71.429,22.143,40,1240,7,5,0.987,75.0,0.562,71.429,0.291,0.205,0.891,0.677
thrombin,GlideSP/GlideSP,1.0,NEF,,22.063,69.231,21.462,40,1240,13,9,0.985,67.5,0.611,69.231,0.385,0.329,0.891,0.677
thrombin,GlideSP/GlideSP,5.0,NEF,,12.016,38.71,12.0,40,1240,62,24,0.95,18.947,0.784,60.0,0.461,0.449,0.891,0.677
tie2,GlideSP/GlideSP,0.5,NEF,,24.979,85.714,26.571,40,1240,7,6,0.994,180.0,0.575,85.714,0.352,0.248,0.62,0.402
tie2,GlideSP/GlideSP,1.0,NEF,,14.988,46.154,14.308,40,1240,13,6,0.963,25.714,0.572,46.154,0.25,0.214,0.62,0.402
tie2,GlideSP/GlideSP,5.0,NEF,,3.497,11.29,3.5,40,1240,62,7,0.792,3.818,0.565,17.5,0.105,0.102,0.62,0.402
tk,GlideSP/GlideSP,0.5,NEF,,31.641,100.0,31.0,40,1240,7,7,1.0,inf,0.588,100.0,0.413,0.291,0.748,0.835
tk,GlideSP/GlideSP,1.0,NEF,,31.641,100.0,31.0,40,1240,13,13,1.0,inf,0.662,100.0,0.564,0.482,0.748,0.835
tk,GlideSP/GlideSP,5.0,NEF,,12.758,41.935,13.0,40,1240,62,26,0.956,21.667,0.81,65.0,0.503,0.49,0.748,0.835
tp,GlideSP/GlideSP,0.5,NEF,,10.946,28.571,8.857,40,1240,7,2,0.923,12.0,0.523,28.571,0.108,0.076,0.642,0.291
tp,GlideSP/GlideSP,1.0,NEF,,11.941,38.462,11.923,40,1240,13,5,0.949,18.75,0.559,38.462,0.205,0.176,0.642,0.291
tp,GlideSP/GlideSP,5.0,NEF,,5.151,16.129,5.0,40,1240,62,10,0.852,5.769,0.603,25.0,0.168,0.163,0.642,0.291
tpa,GlideSP/GlideSP,0.5,NEF,,25.461,85.714,26.571,40,1240,7,6,0.994,180.0,0.575,85.714,0.352,0.248,0.875,0.739
tpa,GlideSP/GlideSP,1.0,NEF,,28.007,92.308,28.615,40,1240,13,12,0.997,360.0,0.65,92.308,0.519,0.444,0.875,0.739
tpa,GlideSP/GlideSP,5.0,NEF,,10.357,33.871,10.5,40,1240,62,21,0.939,15.366,0.745,52.5,0.398,0.388,0.875,0.739
ts,GlideSP/GlideSP,0.5,NEF,,8.714,28.571,8.85,40,1239,7,2,0.923,11.99,0.523,28.571,0.108,0.076,0.845,0.255
ts,GlideSP/GlideSP,1.0,NEF,,7.038,23.077,7.148,40,1239,13,3,0.9,8.992,0.533,23.077,0.116,0.099,0.845,0.255
ts,GlideSP/GlideSP,5.0,NEF,,6.5,20.968,6.495,40,1239,62,13,0.888,7.953,0.642,32.5,0.23,0.224,0.845,0.255
upa,GlideSP/GlideSP,0.5,NEF,,29.9,100.0,31.0,40,1240,7,7,1.0,inf,0.588,100.0,0.413,0.291,0.707,0.782
upa,GlideSP/GlideSP,1.0,NEF,,29.9,100.0,31.0,40,1240,13,13,1.0,inf,0.662,100.0,0.564,0.482,0.707,0.782
upa,GlideSP/GlideSP,5.0,NEF,,9.967,32.258,10.0,40,1240,62,20,0.935,14.286,0.732,50.0,0.377,0.367,0.707,0.782
vegfr1,GlideSP/GlideSP,0.5,NEF,,9.982,28.571,8.857,40,1240,7,2,0.923,12.0,0.523,28.571,0.108,0.076,0.734,0.425
vegfr1,GlideSP/GlideSP,1.0,NEF,,14.974,46.154,14.308,40,1240,13,6,0.963,25.714,0.572,46.154,0.25,0.214,0.734,0.425
vegfr1,GlideSP/GlideSP,5.0,NEF,,6.83,22.581,7.0,40,1240,62,14,0.897,8.75,0.655,35.0,0.251,0.245,0.734,0.425
vegfr2,GlideSP/GlideSP,0.5,NEF,,13.407,42.857,13.286,40,1240,7,3,0.957,22.5,0.536,42.857,0.169,0.119,0.636,0.237
vegfr2,GlideSP/GlideSP,1.0,NEF,,7.219,23.077,7.154,40,1240,13,3,0.9,9.0,0.533,23.077,0.116,0.099,0.636,0.237
vegfr2,GlideSP/GlideSP,5.0,NEF,,3.59,11.29,3.5,40,1240,62,7,0.792,3.818,0.565,17.5,0.105,0.102,0.636,0.237
11betahsd1,GlideSP/GOLD,0.5,NEF,,0.0,0.0,0.0,40,1240,7,0,0.0,0.0,0.497,0.0,-0.014,-0.01,0.626,0.031
11betahsd1,GlideSP/GOLD,1.0,NEF,,0.0,0.0,0.0,40,1240,13,0,0.0,0.0,0.495,0.0,-0.019,-0.016,0.626,0.031
11betahsd1,GlideSP/GOLD,5.0,NEF,,1.5,4.839,1.5,40,1240,62,3,0.604,1.525,0.513,7.5,0.021,0.02,0.626,0.031
17betahsd1,GlideSP/GOLD,0.5,NEF,,0.0,0.0,0.0,40,1240,7,0,0.0,0.0,0.497,0.0,-0.014,-0.01,0.558,0.058
17betahsd1,GlideSP/GOLD,1.0,NEF,,2.365,7.692,2.385,40,1240,13,1,0.714,2.5,0.507,7.692,0.026,0.022,0.558,0.058
17betahsd1,GlideSP/GOLD,5.0,NEF,,1.488,4.839,1.5,40,1240,62,3,0.604,1.525,0.513,7.5,0.021,0.02,0.558,0.058
a2a,GlideSP/GOLD,0.5,NEF,,13.254,42.857,13.286,40,1240,7,3,0.957,22.5,0.536,42.857,0.169,0.119,0.62,0.213
a2a,GlideSP/GOLD,1.0,NEF,,7.137,23.077,7.154,40,1240,13,3,0.9,9.0,0.533,23.077,0.116,0.099,0.62,0.213
a2a,GlideSP/GOLD,5.0,NEF,,2.993,9.677,3.0,40,1240,62,6,0.763,3.214,0.552,15.0,0.084,0.082,0.62,0.213
ace,GlideSP/GOLD,0.5,NEF,,8.857,28.571,8.857,40,1240,7,2,0.923,12.0,0.523,28.571,0.108,0.076,0.635,0.327
ace,GlideSP/GOLD,1.0,NEF,,7.154,23.077,7.154,40,1240,13,3,0.9,9.0,0.533,23.077,0.116,0.099,0.635,0.327
ace,GlideSP/GOLD,5.0,NEF,,6.5,20.968,6.5,40,1240,62,13,0.888,7.959,0.642,32.5,0.23,0.224,0.635,0.327
ace2,GlideSP/GOLD,0.5,NEF,,4.538,14.286,4.429,40,1240,7,1,0.833,5.0,0.51,14.286,0.047,0.033,0.716,0.133
ace2,GlideSP/GOLD,1.0,NEF,,2.444,7.692,2.385,40,1240,13,1,0.714,2.5,0.507,7.692,0.026,0.022,0.716,0.133
ace2,GlideSP/GOLD,5.0,NEF,,3.587,11.29,3.5,40,1240,62,7,0.792,3.818,0.565,17.5,0.105,0.102,0.716,0.133
ache,GlideSP/GOLD,0.5,NEF,,0.0,0.0,0.0,40,1240,7,0,0.0,0.0,0.497,0.0,-0.014,-0.01,0.652,0.091
ache,GlideSP/GOLD,1.0,NEF,,0.0,0.0,0.0,40,1240,13,0,0.0,0.0,0.495,0.0,-0.019,-0.016,0.652,0.091
ache,GlideSP/GOLD,5.0,NEF,,4.98,16.129,5.0,40,1240,62,10,0.852,5.769,0.603,25.0,0.168,0.163,0.652,0.091
adam17,GlideSP/GOLD,0.5,NEF,,8.857,28.571,8.857,40,1240,7,2,0.923,12.0,0.523,28.571,0.108,0.076,0.638,0.236
adam17,GlideSP/GOLD,1.0,NEF,,7.154,23.077,7.154,40,1240,13,3,0.9,9.0,0.533,23.077,0.116,0.099,0.638,0.236
adam17,GlideSP/GOLD,5.0,NEF,,3.0,9.677,3.0,40,1240,62,6,0.763,3.214,0.552,15.0,0.084,0.082,0.638,0.236
adrb2,GlideSP/GOLD,0.5,NEF,,8.836,28.571,8.857,40,1240,7,2,0.923,12.0,0.523,28.571,0.108,0.076,0.682,0.217
adrb2,GlideSP/GOLD,1.0,NEF,,7.137,23.077,7.154,40,1240,13,3,0.9,9.0,0.533,23.077,0.116,0.099,0.682,0.217
adrb2,GlideSP/GOLD,5.0,NEF,,3.99,12.903,4.0,40,1240,62,8,0.816,4.444,0.578,20.0,0.126,0.122,0.682,0.217
akt1,GlideSP/GOLD,0.5,NEF,,0.0,0.0,0.0,40,1240,7,0,0.0,0.0,0.497,0.0,-0.014,-0.01,0.628,0.14
akt1,GlideSP/GOLD,1.0,NEF,,2.379,7.692,2.385,40,1240,13,1,0.714,2.5,0.507,7.692,0.026,0.022,0.628,0.14
akt1,GlideSP/GOLD,5.0,NEF,,3.492,11.29,3.5,40,1240,62,7,0.792,3.818,0.565,17.5,0.105,0.102,0.628,0.14
alr2,GlideSP/GOLD,0.5,NEF,,4.414,14.286,4.429,40,1240,7,1,0.833,5.0,0.51,14.286,0.047,0.033,0.47,0.069
alr2,GlideSP/GOLD,1.0,NEF,,2.377,7.692,2.385,40,1240,13,1,0.714,2.5,0.507,7.692,0.026,0.022,0.47,0.069
alr2,GlideSP/GOLD,5.0,NEF,,1.994,6.452,2.0,40,1240,62,4,0.674,2.069,0.526,10.0,0.042,0.041,0.47,0.069
ar,GlideSP/GOLD,0.5,NEF,,0.0,0.0,0.0,40,1240,7,0,0.0,0.0,0.497,0.0,-0.014,-0.01,0.633,0.044
ar,GlideSP/GOLD,1.0,NEF,,0.0,0.0,0.0,40,1240,13,0,0.0,0.0,0.495,0.0,-0.019,-0.016,0.633,0.044
ar,GlideSP/GOLD,5.0,NEF,,2.494,8.065,2.5,40,1240,62,5,0.725,2.632,0.539,12.5,0.063,0.061,0.633,0.044
aurka,GlideSP/GOLD,0.5,NEF,,13.286,42.857,13.286,40,1240,7,3,0.957,22.5,0.536,42.857,0.169,0.119,0.652,0.234
aurka,GlideSP/GOLD,1.0,NEF,,9.538,30.769,9.538,40,1240,13,4,0.93,13.333,0.546,30.769,0.16,0.137,0.652,0.234
aurka,GlideSP/GOLD,5.0,NEF,,4.0,12.903,4.0,40,1240,62,8,0.816,4.444,0.578,20.0,0.126,0.122,0.652,0.234
aurkb,GlideSP/GOLD,0.5,NEF,,8.857,28.571,8.857,40,1240,7,2,0.923,12.0,0.523,28.571,0.108,0.076,0.571,0.276
aurkb,GlideSP/GOLD,1.0,NEF,,9.538,30.769,9.538,40,1240,13,4,0.93,13.333,0.546,30.769,0.16,0.137,0.571,0.276
aurkb,GlideSP/GOLD,5.0,NEF,,4.0,12.903,4.0,40,1240,62,8,0.816,4.444,0.578,20.0,0.126,0.122,0.571,0.276
bcl2,GlideSP/GOLD,0.5,NEF,,0.0,0.0,0.0,40,1240,7,0,0.0,0.0,0.497,0.0,-0.014,-0.01,0.824,0.163
bcl2,GlideSP/GOLD,1.0,NEF,,2.383,7.692,2.385,40,1240,13,1,0.714,2.5,0.507,7.692,0.026,0.022,0.824,0.163
bcl2,GlideSP/GOLD,5.0,NEF,,5.995,19.355,6.0,40,1240,62,12,0.878,7.2,0.629,30.0,0.209,0.204,0.824,0.163
braf,GlideSP/GOLD,0.5,NEF,,4.4,14.286,4.429,40,1240,7,1,0.833,5.0,0.51,14.286,0.047,0.033,0.546,0.058
braf,GlideSP/GOLD,1.0,NEF,,2.369,7.692,2.385,40,1240,13,1,0.714,2.5,0.507,7.692,0.026,0.022,0.546,0.058
braf,GlideSP/GOLD,5.0,NEF,,0.497,1.613,0.5,40,1240,62,1,0.33,0.492,0.487,2.5,-0.021,-0.02,0.546,0.058
catl,GlideSP/GOLD,0.5,NEF,,4.429,14.286,4.429,40,1240,7,1,0.833,5.0,0.51,14.286,0.047,0.033,0.735,0.142
catl,GlideSP/GOLD,1.0,NEF,,2.385,7.692,2.385,40,1240,13,1,0.714,2.5,0.507,7.692,0.026,0.022,0.735,0.142
catl,GlideSP/GOLD,5.0,NEF,,4.0,12.903,4.0,40,1240,62,8,0.816,4.444,0.578,20.0,0.126,0.122,0.735,0.142
cdk2,GlideSP/GOLD,0.5,NEF,,0.0,0.0,0.0,40,1240,7,0,0.0,0.0,0.497,0.0,-0.014,-0.01,0.631,0.108
cdk2,GlideSP/GOLD,1.0,NEF,,4.765,15.385,4.769,40,1240,13,2,0.845,5.455,0.52,15.385,0.071,0.061,0.631,0.108
cdk2,GlideSP/GOLD,5.0,NEF,,1.499,4.839,1.5,40,1240,62,3,0.604,1.525,0.513,7.5,0.021,0.02,0.631,0.108
cox1,GlideSP/GOLD,0.5,NEF,,4.393,14.286,4.429,40,1240,7,1,0.833,5.0,0.51,14.286,0.047,0.033,0.681,0.297
cox1,GlideSP/GOLD,1.0,NEF,,7.096,23.077,7.154,40,1240,13,3,0.9,9.0,0.533,23.077,0.116,0.099,0.681,0.297
cox1,GlideSP/GOLD,5.0,NEF,,5.952,19.355,6.0,40,1240,62,12,0.878,7.2,0.629,30.0,0.209,0.204,0.681,0.297
cox2,GlideSP/GOLD,0.5,NEF,,13.232,42.857,13.286,40,1240,7,3,0.957,22.5,0.536,42.857,0.169,0.119,0.883,0.55
cox2,GlideSP/GOLD,1.0,NEF,,16.625,53.846,16.692,40,1240,13,7,0.972,35.0,0.585,53.846,0.295,0.252,0.883,0.55
cox2,GlideSP/GOLD,5.0,NEF,,11.454,37.097,11.5,40,1240,62,23,0.947,17.692,0.771,57.5,0.44,0.429,0.883,0.55
ctsk,GlideSP/GOLD,0.5,NEF,,13.286,42.857,13.286,40,1240,7,3,0.957,22.5,0.536,42.857,0.169,0.119,0.855,0.385
ctsk,GlideSP/GOLD,1.0,NEF,,11.923,38.462,11.923,40,1240,13,5,0.949,18.75,0.559,38.462,0.205,0.176,0.855,0.385
ctsk,GlideSP/GOLD,5.0,NEF,,7.0,22.581,7.0,40,1240,62,14,0.897,8.75,0.655,35.0,0.251,0.245,0.855,0.385
cyp2a6,GlideSP/GOLD,0.5,NEF,,0.0,0.0,0.0,40,1240,7,0,0.0,0.0,0.497,0.0,-0.014,-0.01,0.614,0.001
cyp2a6,GlideSP/GOLD,1.0,NEF,,0.0,0.0,0.0,40,1240,13,0,0.0,0.0,0.495,0.0,-0.019,-0.016,0.614,0.001
cyp2a6,GlideSP/GOLD,5.0,NEF,,0.0,0.0,0.0,40,1240,62,0,0.0,0.0,0.474,0.0,-0.042,-0.041,0.614,0.001
dhfr,GlideSP/GOLD,0.5,NEF,,0.0,0.0,0.0,40,1240,7,0,0.0,0.0,0.497,0.0,-0.014,-0.01,0.621,0.081
dhfr,GlideSP/GOLD,1.0,NEF,,0.0,0.0,0.0,40,1240,13,0,0.0,0.0,0.495,0.0,-0.019,-0.016,0.621,0.081
dhfr,GlideSP/GOLD,5.0,NEF,,1.5,4.839,1.5,40,1240,62,3,0.604,1.525,0.513,7.5,0.021,0.02,0.621,0.081
egfr,GlideSP/GOLD,0.5,NEF,,0.0,0.0,0.0,40,1240,7,0,0.0,0.0,0.497,0.0,-0.014,-0.01,0.556,0.059
egfr,GlideSP/GOLD,1.0,NEF,,2.377,7.692,2.385,40,1240,13,1,0.714,2.5,0.507,7.692,0.026,0.022,0.556,0.059
egfr,GlideSP/GOLD,5.0,NEF,,0.997,3.226,1.0,40,1240,62,2,0.5,1.0,0.5,5.0,0.0,0.0,0.556,0.059
ephb4,GlideSP/GOLD,0.5,NEF,,13.286,42.857,13.286,40,1240,7,3,0.957,22.5,0.536,42.857,0.169,0.119,0.812,0.319
ephb4,GlideSP/GOLD,1.0,NEF,,9.538,30.769,9.538,40,1240,13,4,0.93,13.333,0.546,30.769,0.16,0.137,0.812,0.319
ephb4,GlideSP/GOLD,5.0,NEF,,7.0,22.581,7.0,40,1240,62,14,0.897,8.75,0.655,35.0,0.251,0.245,0.812,0.319
erbb2,GlideSP/GOLD,0.5,NEF,,31.0,100.0,31.0,40,1240,7,7,1.0,inf,0.588,100.0,0.413,0.291,0.866,0.843
erbb2,GlideSP/GOLD,1.0,NEF,,28.615,92.308,28.615,40,1240,13,12,0.997,360.0,0.65,92.308,0.519,0.444,0.866,0.843
erbb2,GlideSP/GOLD,5.0,NEF,,12.0,38.71,12.0,40,1240,62,24,0.95,18.947,0.784,60.0,0.461,0.449,0.866,0.843
er-beta,GlideSP/GOLD,0.5,NEF,,4.414,14.286,4.429,40,1240,7,1,0.833,5.0,0.51,14.286,0.047,0.033,0.623,0.102
er-beta,GlideSP/GOLD,1.0,NEF,,4.754,15.385,4.769,40,1240,13,2,0.845,5.455,0.52,15.385,0.071,0.061,0.623,0.102
er-beta,GlideSP/GOLD,5.0,NEF,,2.492,8.065,2.5,40,1240,62,5,0.725,2.632,0.539,12.5,0.063,0.061,0.623,0.102
fgfr1,GlideSP/GOLD,0.5,NEF,,0.0,0.0,0.0,40,1240,7,0,0.0,0.0,0.497,0.0,-0.014,-0.01,0.704,0.11
fgfr1,GlideSP/GOLD,1.0,NEF,,4.765,15.385,4.769,40,1240,13,2,0.845,5.455,0.52,15.385,0.071,0.061,0.704,0.11
fgfr1,GlideSP/GOLD,5.0,NEF,,3.497,11.29,3.5,40,1240,62,7,0.792,3.818,0.565,17.5,0.105,0.102,0.704,0.11
fkbp1a,GlideSP/GOLD,0.5,NEF,,0.0,0.0,0.0,40,1240,7,0,0.0,0.0,0.497,0.0,-0.014,-0.01,0.599,0.017
fkbp1a,GlideSP/GOLD,1.0,NEF,,0.0,0.0,0.0,40,1240,13,0,0.0,0.0,0.495,0.0,-0.019,-0.016,0.599,0.017
fkbp1a,GlideSP/GOLD,5.0,NEF,,2.0,6.452,2.0,40,1240,62,4,0.674,2.069,0.526,10.0,0.042,0.041,0.599,0.017
fxa,GlideSP/GOLD,0.5,NEF,,13.286,42.857,13.286,40,1240,7,3,0.957,22.5,0.536,42.857,0.169,0.119,0.835,0.482
fxa,GlideSP/GOLD,1.0,NEF,,14.308,46.154,14.308,40,1240,13,6,0.963,25.714,0.572,46.154,0.25,0.214,0.835,0.482
fxa,GlideSP/GOLD,5.0,NEF,,8.5,27.419,8.5,40,1240,62,17,0.919,11.333,0.694,42.5,0.314,0.306,0.835,0.482
gba,GlideSP/GOLD,0.5,NEF,,8.857,28.571,8.857,40,1240,7,2,0.923,12.0,0.523,28.571,0.108,0.076,0.548,0.133
gba,GlideSP/GOLD,1.0,NEF,,4.769,15.385,4.769,40,1240,13,2,0.845,5.455,0.52,15.385,0.071,0.061,0.548,0.133
gba,GlideSP/GOLD,5.0,NEF,,2.0,6.452,2.0,40,1240,62,4,0.674,2.069,0.526,10.0,0.042,0.041,0.548,0.133
gr,GlideSP/GOLD,0.5,NEF,,0.0,0.0,0.0,40,1240,7,0,0.0,0.0,0.497,0.0,-0.014,-0.01,0.612,0.086
gr,GlideSP/GOLD,1.0,NEF,,2.385,7.692,2.385,40,1240,13,1,0.714,2.5,0.507,7.692,0.026,0.022,0.612,0.086
gr,GlideSP/GOLD,5.0,NEF,,2.5,8.065,2.5,40,1240,62,5,0.725,2.632,0.539,12.5,0.063,0.061,0.612,0.086
gsk3b,GlideSP/GOLD,0.5,NEF,,8.857,28.571,8.857,40,1240,7,2,0.923,12.0,0.523,28.571,0.108,0.076,0.618,0.203
gsk3b,GlideSP/GOLD,1.0,NEF,,7.154,23.077,7.154,40,1240,13,3,0.9,9.0,0.533,23.077,0.116,0.099,0.618,0.203
gsk3b,GlideSP/GOLD,5.0,NEF,,3.5,11.29,3.5,40,1240,62,7,0.792,3.818,0.565,17.5,0.105,0.102,0.618,0.203
hdac2,GlideSP/GOLD,0.5,NEF,,13.286,42.857,13.286,40,1240,7,3,0.957,22.5,0.536,42.857,0.169,0.119,0.82,0.324
hdac2,GlideSP/GOLD,1.0,NEF,,9.538,30.769,9.538,40,1240,13,4,0.93,13.333,0.546,30.769,0.16,0.137,0.82,0.324
hdac2,GlideSP/GOLD,5.0,NEF,,6.5,20.968,6.5,40,1240,62,13,0.888,7.959,0.642,32.5,0.23,0.224,0.82,0.324
hdac8,GlideSP/GOLD,0.5,NEF,,0.0,0.0,0.0,40,1240,7,0,0.0,0.0,0.497,0.0,-0.014,-0.01,0.599,0.071
hdac8,GlideSP/GOLD,1.0,NEF,,2.385,7.692,2.385,40,1240,13,1,0.714,2.5,0.507,7.692,0.026,0.022,0.599,0.071
hdac8,GlideSP/GOLD,5.0,NEF,,2.0,6.452,2.0,40,1240,62,4,0.674,2.069,0.526,10.0,0.042,0.041,0.599,0.071
hiv1pr,GlideSP/GOLD,0.5,NEF,,26.571,85.714,26.571,40,1240,7,6,0.994,180.0,0.575,85.714,0.352,0.248,0.792,0.623
hiv1pr,GlideSP/GOLD,1.0,NEF,,21.462,69.231,21.462,40,1240,13,9,0.985,67.5,0.611,69.231,0.385,0.329,0.792,0.623
hiv1pr,GlideSP/GOLD,5.0,NEF,,9.5,30.645,9.5,40,1240,62,19,0.93,13.256,0.72,47.5,0.356,0.347,0.792,0.623
hiv1rt,GlideSP/GOLD,0.5,NEF,,0.0,0.0,0.0,40,1240,7,0,0.0,0.0,0.497,0.0,-0.014,-0.01,0.513,0.015
hiv1rt,GlideSP/GOLD,1.0,NEF,,0.0,0.0,0.0,40,1240,13,0,0.0,0.0,0.495,0.0,-0.019,-0.016,0.513,0.015
hiv1rt,GlideSP/GOLD,5.0,NEF,,0.498,1.613,0.5,40,1240,62,1,0.33,0.492,0.487,2.5,-0.021,-0.02,0.513,0.015
hmgr,GlideSP/GOLD,0.5,NEF,,4.414,14.286,4.429,40,1240,7,1,0.833,5.0,0.51,14.286,0.047,0.033,0.638,0.16
hmgr,GlideSP/GOLD,1.0,NEF,,2.377,7.692,2.385,40,1240,13,1,0.714,2.5,0.507,7.692,0.026,0.022,0.638,0.16
hmgr,GlideSP/GOLD,5.0,NEF,,3.987,12.903,4.0,40,1240,62,8,0.816,4.444,0.578,20.0,0.126,0.122,0.638,0.16
hsp90,GlideSP/GOLD,0.5,NEF,,0.0,0.0,0.0,40,1240,7,0,0.0,0.0,0.497,0.0,-0.014,-0.01,0.524,0.066
hsp90,GlideSP/GOLD,1.0,NEF,,2.385,7.692,2.385,40,1240,13,1,0.714,2.5,0.507,7.692,0.026,0.022,0.524,0.066
hsp90,GlideSP/GOLD,5.0,NEF,,1.5,4.839,1.5,40,1240,62,3,0.604,1.525,0.513,7.5,0.021,0.02,0.524,0.066
igf1r,GlideSP/GOLD,0.5,NEF,,8.857,28.571,8.857,40,1240,7,2,0.923,12.0,0.523,28.571,0.108,0.076,0.654,0.174
igf1r,GlideSP/GOLD,1.0,NEF,,4.769,15.385,4.769,40,1240,13,2,0.845,5.455,0.52,15.385,0.071,0.061,0.654,0.174
igf1r,GlideSP/GOLD,5.0,NEF,,3.0,9.677,3.0,40,1240,62,6,0.763,3.214,0.552,15.0,0.084,0.082,0.654,0.174
inha,GlideSP/GOLD,0.5,NEF,,13.286,42.857,13.286,40,1240,7,3,0.957,22.5,0.536,42.857,0.169,0.119,0.588,0.274
inha,GlideSP/GOLD,1.0,NEF,,9.538,30.769,9.538,40,1240,13,4,0.93,13.333,0.546,30.769,0.16,0.137,0.588,0.274
inha,GlideSP/GOLD,5.0,NEF,,3.0,9.677,3.0,40,1240,62,6,0.763,3.214,0.552,15.0,0.084,0.082,0.588,0.274
itk,GlideSP/GOLD,0.5,NEF,,4.429,14.286,4.429,40,1240,7,1,0.833,5.0,0.51,14.286,0.047,0.033,0.627,0.064
itk,GlideSP/GOLD,1.0,NEF,,2.385,7.692,2.385,40,1240,13,1,0.714,2.5,0.507,7.692,0.026,0.022,0.627,0.064
itk,GlideSP/GOLD,5.0,NEF,,0.5,1.613,0.5,40,1240,62,1,0.33,0.492,0.487,2.5,-0.021,-0.02,0.627,0.064
jak3,GlideSP/GOLD,0.5,NEF,,4.429,14.286,4.429,40,1240,7,1,0.833,5.0,0.51,14.286,0.047,0.033,0.775,0.143
jak3,GlideSP/GOLD,1.0,NEF,,4.769,15.385,4.769,40,1240,13,2,0.845,5.455,0.52,15.385,0.071,0.061,0.775,0.143
jak3,GlideSP/GOLD,5.0,NEF,,3.5,11.29,3.5,40,1240,62,7,0.792,3.818,0.565,17.5,0.105,0.102,0.775,0.143
jnk1,GlideSP/GOLD,0.5,NEF,,0.0,0.0,0.0,40,1240,7,0,0.0,0.0,0.497,0.0,-0.014,-0.01,0.66,0.039
jnk1,GlideSP/GOLD,1.0,NEF,,0.0,0.0,0.0,40,1240,13,0,0.0,0.0,0.495,0.0,-0.019,-0.016,0.66,0.039
jnk1,GlideSP/GOLD,5.0,NEF,,3.0,9.677,3.0,40,1240,62,6,0.763,3.214,0.552,15.0,0.084,0.082,0.66,0.039
jnk2,GlideSP/GOLD,0.5,NEF,,13.275,42.857,13.286,40,1240,7,3,0.957,22.5,0.536,42.857,0.169,0.119,0.616,0.246
jnk2,GlideSP/GOLD,1.0,NEF,,9.531,30.769,9.538,40,1240,13,4,0.93,13.333,0.546,30.769,0.16,0.137,0.616,0.246
jnk2,GlideSP/GOLD,5.0,NEF,,2.498,8.065,2.5,40,1240,62,5,0.725,2.632,0.539,12.5,0.063,0.061,0.616,0.246
jnk3,GlideSP/GOLD,0.5,NEF,,8.857,28.571,8.857,40,1240,7,2,0.923,12.0,0.523,28.571,0.108,0.076,0.708,0.229
jnk3,GlideSP/GOLD,1.0,NEF,,9.538,30.769,9.538,40,1240,13,4,0.93,13.333,0.546,30.769,0.16,0.137,0.708,0.229
jnk3,GlideSP/GOLD,5.0,NEF,,4.5,14.516,4.5,40,1240,62,9,0.836,5.094,0.59,22.5,0.147,0.143,0.708,0.229
kif11,GlideSP/GOLD,0.5,NEF,,13.275,42.857,13.286,40,1240,7,3,0.957,22.5,0.536,42.857,0.169,0.119,0.85,0.333
kif11,GlideSP/GOLD,1.0,NEF,,14.296,46.154,14.308,40,1240,13,6,0.963,25.714,0.572,46.154,0.25,0.214,0.85,0.333
kif11,GlideSP/GOLD,5.0,NEF,,5.496,17.742,5.5,40,1240,62,11,0.866,6.471,0.616,27.5,0.188,0.184,0.85,0.333
lck,GlideSP/GOLD,0.5,NEF,,8.843,28.571,8.857,40,1240,7,2,0.923,12.0,0.523,28.571,0.108,0.076,0.62,0.207
lck,GlideSP/GOLD,1.0,NEF,,7.142,23.077,7.154,40,1240,13,3,0.9,9.0,0.533,23.077,0.116,0.099,0.62,0.207
lck,GlideSP/GOLD,5.0,NEF,,2.995,9.677,3.0,40,1240,62,6,0.763,3.214,0.552,15.0,0.084,0.082,0.62,0.207
mdm2,GlideSP/GOLD,0.5,NEF,,13.286,42.857,13.286,40,1240,7,3,0.957,22.5,0.536,42.857,0.169,0.119,0.481,0.262
mdm2,GlideSP/GOLD,1.0,NEF,,11.923,38.462,11.923,40,1240,13,5,0.949,18.75,0.559,38.462,0.205,0.176,0.481,0.262
mdm2,GlideSP/GOLD,5.0,NEF,,2.5,8.065,2.5,40,1240,62,5,0.725,2.632,0.539,12.5,0.063,0.061,0.481,0.262
mk2,GlideSP/GOLD,0.5,NEF,,9.544,28.571,8.857,40,1240,7,2,0.923,12.0,0.523,28.571,0.108,0.076,0.727,0.269
mk2,GlideSP/GOLD,1.0,NEF,,7.709,23.077,7.154,40,1240,13,3,0.9,9.0,0.533,23.077,0.116,0.099,0.727,0.269
mk2,GlideSP/GOLD,5.0,NEF,,4.31,14.516,4.5,40,1240,62,9,0.836,5.094,0.59,22.5,0.147,0.143,0.727,0.269
mmp2,GlideSP/GOLD,0.5,NEF,,4.535,14.286,4.429,40,1240,7,1,0.833,5.0,0.51,14.286,0.047,0.033,0.568,0.139
mmp2,GlideSP/GOLD,1.0,NEF,,2.442,7.692,2.385,40,1240,13,1,0.714,2.5,0.507,7.692,0.026,0.022,0.568,0.139
mmp2,GlideSP/GOLD,5.0,NEF,,2.56,8.065,2.5,40,1240,62,5,0.725,2.632,0.539,12.5,0.063,0.061,0.568,0.139
na,GlideSP/GOLD,0.5,NEF,,0.0,0.0,0.0,40,1240,7,0,0.0,0.0,0.497,0.0,-0.014,-0.01,0.494,0.061
na,GlideSP/GOLD,1.0,NEF,,2.385,7.692,2.385,40,1240,13,1,0.714,2.5,0.507,7.692,0.026,0.022,0.494,0.061
na,GlideSP/GOLD,5.0,NEF,,1.5,4.839,1.5,40,1240,62,3,0.604,1.525,0.513,7.5,0.021,0.02,0.494,0.061
p38-alpha,GlideSP/GOLD,0.5,NEF,,4.418,14.286,4.429,40,1240,7,1,0.833,5.0,0.51,14.286,0.047,0.033,0.608,0.073
p38-alpha,GlideSP/GOLD,1.0,NEF,,2.379,7.692,2.385,40,1240,13,1,0.714,2.5,0.507,7.692,0.026,0.022,0.608,0.073
p38-alpha,GlideSP/GOLD,5.0,NEF,,0.998,3.226,1.0,40,1240,62,2,0.5,1.0,0.5,5.0,0.0,0.0,0.608,0.073
parp-1,GlideSP/GOLD,0.5,NEF,,4.393,14.286,4.429,40,1240,7,1,0.833,5.0,0.51,14.286,0.047,0.033,0.753,0.164
parp-1,GlideSP/GOLD,1.0,NEF,,2.365,7.692,2.385,40,1240,13,1,0.714,2.5,0.507,7.692,0.026,0.022,0.753,0.164
parp-1,GlideSP/GOLD,5.0,NEF,,4.96,16.129,5.0,40,1240,62,10,0.852,5.769,0.603,25.0,0.168,0.163,0.753,0.164
pde4b,GlideSP/GOLD,0.5,NEF,,0.0,0.0,0.0,40,1240,7,0,0.0,0.0,0.497,0.0,-0.014,-0.01,0.609,0.004
pde4b,GlideSP/GOLD,1.0,NEF,,0.0,0.0,0.0,40,1240,13,0,0.0,0.0,0.495,0.0,-0.019,-0.016,0.609,0.004
pde4b,GlideSP/GOLD,5.0,NEF,,0.499,1.613,0.5,40,1240,62,1,0.33,0.492,0.487,2.5,-0.021,-0.02,0.609,0.004
pde5,GlideSP/GOLD,0.5,NEF,,9.308,28.571,8.857,40,1240,7,2,0.923,12.0,0.523,28.571,0.108,0.076,0.756,0.269
pde5,GlideSP/GOLD,1.0,NEF,,7.518,23.077,7.154,40,1240,13,3,0.9,9.0,0.533,23.077,0.116,0.099,0.756,0.269
pde5,GlideSP/GOLD,5.0,NEF,,4.729,14.516,4.5,40,1240,62,9,0.836,5.094,0.59,22.5,0.147,0.143,0.756,0.269
pdk1,GlideSP/GOLD,0.5,NEF,,8.829,28.571,8.857,40,1240,7,2,0.923,12.0,0.523,28.571,0.108,0.076,0.613,0.182
pdk1,GlideSP/GOLD,1.0,NEF,,7.131,23.077,7.154,40,1240,13,3,0.9,9.0,0.533,23.077,0.116,0.099,0.613,0.182
pdk1,GlideSP/GOLD,5.0,NEF,,1.994,6.452,2.0,40,1240,62,4,0.674,2.069,0.526,10.0,0.042,0.041,0.613,0.182
pi3kg,GlideSP/GOLD,0.5,NEF,,4.418,14.286,4.429,40,1240,7,1,0.833,5.0,0.51,14.286,0.047,0.033,0.751,0.148
pi3kg,GlideSP/GOLD,1.0,NEF,,4.758,15.385,4.769,40,1240,13,2,0.845,5.455,0.52,15.385,0.071,0.061,0.751,0.148
pi3kg,GlideSP/GOLD,5.0,NEF,,1.995,6.452,2.0,40,1240,62,4,0.674,2.069,0.526,10.0,0.042,0.041,0.751,0.148
pim-1,GlideSP/GOLD,0.5,NEF,,8.771,28.571,8.857,40,1240,7,2,0.923,12.0,0.523,28.571,0.108,0.076,0.642,0.174
pim-1,GlideSP/GOLD,1.0,NEF,,4.723,15.385,4.769,40,1240,13,2,0.845,5.455,0.52,15.385,0.071,0.061,0.642,0.174
pim-1,GlideSP/GOLD,5.0,NEF,,2.476,8.065,2.5,40,1240,62,5,0.725,2.632,0.539,12.5,0.063,0.061,0.642,0.174
pim-2,GlideSP/GOLD,0.5,NEF,,4.4,14.286,4.429,40,1240,7,1,0.833,5.0,0.51,14.286,0.047,0.033,0.651,0.166
pim-2,GlideSP/GOLD,1.0,NEF,,7.108,23.077,7.154,40,1240,13,3,0.9,9.0,0.533,23.077,0.116,0.099,0.651,0.166
pim-2,GlideSP/GOLD,5.0,NEF,,3.974,12.903,4.0,40,1240,62,8,0.816,4.444,0.578,20.0,0.126,0.122,0.651,0.166
pnp,GlideSP/GOLD,0.5,NEF,,0.0,0.0,0.0,40,1240,7,0,0.0,0.0,0.497,0.0,-0.014,-0.01,0.6,0.021
pnp,GlideSP/GOLD,1.0,NEF,,0.0,0.0,0.0,40,1240,13,0,0.0,0.0,0.495,0.0,-0.019,-0.016,0.6,0.021
pnp,GlideSP/GOLD,5.0,NEF,,0.5,1.613,0.5,40,1240,62,1,0.33,0.492,0.487,2.5,-0.021,-0.02,0.6,0.021
ppara,GlideSP/GOLD,0.5,NEF,,4.429,14.286,4.429,40,1240,7,1,0.833,5.0,0.51,14.286,0.047,0.033,0.679,0.193
ppara,GlideSP/GOLD,1.0,NEF,,7.154,23.077,7.154,40,1240,13,3,0.9,9.0,0.533,23.077,0.116,0.099,0.679,0.193
ppara,GlideSP/GOLD,5.0,NEF,,4.0,12.903,4.0,40,1240,62,8,0.816,4.444,0.578,20.0,0.126,0.122,0.679,0.193
pparg,GlideSP/GOLD,0.5,NEF,,8.93,28.571,8.857,40,1240,7,2,0.923,12.0,0.523,28.571,0.108,0.076,0.699,0.334
pparg,GlideSP/GOLD,1.0,NEF,,14.426,46.154,14.308,40,1240,13,6,0.963,25.714,0.572,46.154,0.25,0.214,0.699,0.334
pparg,GlideSP/GOLD,5.0,NEF,,6.149,19.355,6.0,40,1240,62,12,0.878,7.2,0.629,30.0,0.209,0.204,0.699,0.334
pr,GlideSP/GOLD,0.5,NEF,,0.0,0.0,0.0,40,1240,7,0,0.0,0.0,0.497,0.0,-0.014,-0.01,0.502,0.0
pr,GlideSP/GOLD,1.0,NEF,,0.0,0.0,0.0,40,1240,13,0,0.0,0.0,0.495,0.0,-0.019,-0.016,0.502,0.0
pr,GlideSP/GOLD,5.0,NEF,,0.0,0.0,0.0,40,1240,62,0,0.0,0.0,0.474,0.0,-0.042,-0.041,0.502,0.0
prkcq,GlideSP/GOLD,0.5,NEF,,4.425,14.286,4.429,40,1240,7,1,0.833,5.0,0.51,14.286,0.047,0.033,0.806,0.196
prkcq,GlideSP/GOLD,1.0,NEF,,4.765,15.385,4.769,40,1240,13,2,0.845,5.455,0.52,15.385,0.071,0.061,0.806,0.196
prkcq,GlideSP/GOLD,5.0,NEF,,6.994,22.581,7.0,40,1240,62,14,0.897,8.75,0.655,35.0,0.251,0.245,0.806,0.196
pygl-in,GlideSP/GOLD,0.5,NEF,,8.857,28.571,8.857,40,1240,7,2,0.923,12.0,0.523,28.571,0.108,0.076,0.703,0.241
pygl-in,GlideSP/GOLD,1.0,NEF,,9.538,30.769,9.538,40,1240,13,4,0.93,13.333,0.546,30.769,0.16,0.137,0.703,0.241
pygl-in,GlideSP/GOLD,5.0,NEF,,4.0,12.903,4.0,40,1240,62,8,0.816,4.444,0.578,20.0,0.126,0.122,0.703,0.241
pygl-out,GlideSP/GOLD,0.5,NEF,,0.0,0.0,0.0,40,1240,7,0,0.0,0.0,0.497,0.0,-0.014,-0.01,0.591,0.013
pygl-out,GlideSP/GOLD,1.0,NEF,,0.0,0.0,0.0,40,1240,13,0,0.0,0.0,0.495,0.0,-0.019,-0.016,0.591,0.013
pygl-out,GlideSP/GOLD,5.0,NEF,,1.5,4.839,1.5,40,1240,62,3,0.604,1.525,0.513,7.5,0.021,0.02,0.591,0.013
qpct,GlideSP/GOLD,0.5,NEF,,0.0,0.0,0.0,40,1240,7,0,0.0,0.0,0.497,0.0,-0.014,-0.01,0.658,0.014
qpct,GlideSP/GOLD,1.0,NEF,,0.0,0.0,0.0,40,1240,13,0,0.0,0.0,0.495,0.0,-0.019,-0.016,0.658,0.014
qpct,GlideSP/GOLD,5.0,NEF,,1.0,3.226,1.0,40,1240,62,2,0.5,1.0,0.5,5.0,0.0,0.0,0.658,0.014
rock-1,GlideSP/GOLD,0.5,NEF,,0.0,0.0,0.0,40,1240,7,0,0.0,0.0,0.497,0.0,-0.014,-0.01,0.538,0.035
rock-1,GlideSP/GOLD,1.0,NEF,,0.0,0.0,0.0,40,1240,13,0,0.0,0.0,0.495,0.0,-0.019,-0.016,0.538,0.035
rock-1,GlideSP/GOLD,5.0,NEF,,3.0,9.677,3.0,40,1240,62,6,0.763,3.214,0.552,15.0,0.084,0.082,0.538,0.035
rxr,GlideSP/GOLD,0.5,NEF,,0.0,0.0,0.0,40,1240,7,0,0.0,0.0,0.497,0.0,-0.014,-0.01,0.503,0.0
rxr,GlideSP/GOLD,1.0,NEF,,0.0,0.0,0.0,40,1240,13,0,0.0,0.0,0.495,0.0,-0.019,-0.016,0.503,0.0
rxr,GlideSP/GOLD,5.0,NEF,,0.0,0.0,0.0,40,1240,62,0,0.0,0.0,0.474,0.0,-0.042,-0.041,0.503,0.0
sars-hcov,GlideSP/GOLD,0.5,NEF,,0.0,0.0,0.0,39,1209,7,0,0.0,0.0,0.497,0.0,-0.014,-0.01,0.553,0.052
sars-hcov,GlideSP/GOLD,1.0,NEF,,2.385,7.692,2.385,39,1209,13,1,0.714,2.5,0.508,7.692,0.026,0.023,0.553,0.052
sars-hcov,GlideSP/GOLD,5.0,NEF,,1.525,4.918,1.525,39,1209,61,3,0.608,1.552,0.514,7.692,0.022,0.021,0.553,0.052
sirt2,GlideSP/GOLD,0.5,NEF,,0.0,0.0,0.0,40,1240,7,0,0.0,0.0,0.497,0.0,-0.014,-0.01,0.572,0.094
sirt2,GlideSP/GOLD,1.0,NEF,,4.75,15.385,4.769,40,1240,13,2,0.845,5.455,0.52,15.385,0.071,0.061,0.572,0.094
sirt2,GlideSP/GOLD,5.0,NEF,,2.49,8.065,2.5,40,1240,62,5,0.725,2.632,0.539,12.5,0.063,0.061,0.572,0.094
src,GlideSP/GOLD,0.5,NEF,,13.275,42.857,13.286,40,1240,7,3,0.957,22.5,0.536,42.857,0.169,0.119,0.547,0.184
src,GlideSP/GOLD,1.0,NEF,,7.148,23.077,7.154,40,1240,13,3,0.9,9.0,0.533,23.077,0.116,0.099,0.547,0.184
src,GlideSP/GOLD,5.0,NEF,,1.499,4.839,1.5,40,1240,62,3,0.604,1.525,0.513,7.5,0.021,0.02,0.547,0.184
thrombin,GlideSP/GOLD,0.5,NEF,,4.429,14.286,4.429,40,1240,7,1,0.833,5.0,0.51,14.286,0.047,0.033,0.727,0.151
thrombin,GlideSP/GOLD,1.0,NEF,,4.769,15.385,4.769,40,1240,13,2,0.845,5.455,0.52,15.385,0.071,0.061,0.727,0.151
thrombin,GlideSP/GOLD,5.0,NEF,,3.0,9.677,3.0,40,1240,62,6,0.763,3.214,0.552,15.0,0.084,0.082,0.727,0.151
tie2,GlideSP/GOLD,0.5,NEF,,8.857,28.571,8.857,40,1240,7,2,0.923,12.0,0.523,28.571,0.108,0.076,0.623,0.22
tie2,GlideSP/GOLD,1.0,NEF,,7.154,23.077,7.154,40,1240,13,3,0.9,9.0,0.533,23.077,0.116,0.099,0.623,0.22
tie2,GlideSP/GOLD,5.0,NEF,,4.0,12.903,4.0,40,1240,62,8,0.816,4.444,0.578,20.0,0.126,0.122,0.623,0.22
tk,GlideSP/GOLD,0.5,NEF,,0.0,0.0,0.0,40,1240,7,0,0.0,0.0,0.497,0.0,-0.014,-0.01,0.503,0.003
tk,GlideSP/GOLD,1.0,NEF,,0.0,0.0,0.0,40,1240,13,0,0.0,0.0,0.495,0.0,-0.019,-0.016,0.503,0.003
tk,GlideSP/GOLD,5.0,NEF,,0.512,1.613,0.5,40,1240,62,1,0.33,0.492,0.487,2.5,-0.021,-0.02,0.503,0.003
tp,GlideSP/GOLD,0.5,NEF,,0.0,0.0,0.0,40,1240,7,0,0.0,0.0,0.497,0.0,-0.014,-0.01,0.347,0.0
tp,GlideSP/GOLD,1.0,NEF,,0.0,0.0,0.0,40,1240,13,0,0.0,0.0,0.495,0.0,-0.019,-0.016,0.347,0.0
tp,GlideSP/GOLD,5.0,NEF,,0.0,0.0,0.0,40,1240,62,0,0.0,0.0,0.474,0.0,-0.042,-0.041,0.347,0.0
tpa,GlideSP/GOLD,0.5,NEF,,0.0,0.0,0.0,40,1240,7,0,0.0,0.0,0.497,0.0,-0.014,-0.01,0.707,0.054
tpa,GlideSP/GOLD,1.0,NEF,,0.0,0.0,0.0,40,1240,13,0,0.0,0.0,0.495,0.0,-0.019,-0.016,0.707,0.054
tpa,GlideSP/GOLD,5.0,NEF,,1.192,3.226,1.0,40,1240,62,2,0.5,1.0,0.5,5.0,0.0,0.0,0.707,0.054
ts,GlideSP/GOLD,0.5,NEF,,4.429,14.286,4.425,40,1239,7,1,0.833,4.996,0.51,14.286,0.047,0.033,0.695,0.201
ts,GlideSP/GOLD,1.0,NEF,,2.385,7.692,2.383,40,1239,13,1,0.714,2.498,0.507,7.692,0.026,0.022,0.695,0.201
ts,GlideSP/GOLD,5.0,NEF,,5.5,17.742,5.496,40,1239,62,11,0.866,6.465,0.616,27.5,0.188,0.184,0.695,0.201
upa,GlideSP/GOLD,0.5,NEF,,21.946,71.429,22.143,40,1240,7,5,0.987,75.0,0.562,71.429,0.291,0.205,0.715,0.583
upa,GlideSP/GOLD,1.0,NEF,,21.271,69.231,21.462,40,1240,13,9,0.985,67.5,0.611,69.231,0.385,0.329,0.715,0.583
upa,GlideSP/GOLD,5.0,NEF,,8.92,29.032,9.0,40,1240,62,18,0.925,12.273,0.707,45.0,0.335,0.327,0.715,0.583
vegfr1,GlideSP/GOLD,0.5,NEF,,4.429,14.286,4.429,40,1240,7,1,0.833,5.0,0.51,14.286,0.047,0.033,0.665,0.15
vegfr1,GlideSP/GOLD,1.0,NEF,,4.769,15.385,4.769,40,1240,13,2,0.845,5.455,0.52,15.385,0.071,0.061,0.665,0.15
vegfr1,GlideSP/GOLD,5.0,NEF,,2.5,8.065,2.5,40,1240,62,5,0.725,2.632,0.539,12.5,0.063,0.061,0.665,0.15
vegfr2,GlideSP/GOLD,0.5,NEF,,0.0,0.0,0.0,40,1240,7,0,0.0,0.0,0.497,0.0,-0.014,-0.01,0.577,0.029
vegfr2,GlideSP/GOLD,1.0,NEF,,0.0,0.0,0.0,40,1240,13,0,0.0,0.0,0.495,0.0,-0.019,-0.016,0.577,0.029
vegfr2,GlideSP/GOLD,5.0,NEF,,1.5,4.839,1.5,40,1240,62,3,0.604,1.525,0.513,7.5,0.021,0.02,0.577,0.029
11betahsd1,GlideSP/LeDock,0.5,NEF,,0.0,0.0,0.0,40,1240,7,0,0.0,0.0,0.497,0.0,-0.014,-0.01,0.429,0.0
11betahsd1,GlideSP/LeDock,1.0,NEF,,0.0,0.0,0.0,40,1240,13,0,0.0,0.0,0.495,0.0,-0.019,-0.016,0.429,0.0
11betahsd1,GlideSP/LeDock,5.0,NEF,,0.0,0.0,0.0,40,1240,62,0,0.0,0.0,0.474,0.0,-0.042,-0.041,0.429,0.0
17betahsd1,GlideSP/LeDock,0.5,NEF,,4.429,14.286,4.429,40,1240,7,1,0.833,5.0,0.51,14.286,0.047,0.033,0.548,0.066
17betahsd1,GlideSP/LeDock,1.0,NEF,,2.385,7.692,2.385,40,1240,13,1,0.714,2.5,0.507,7.692,0.026,0.022,0.548,0.066
17betahsd1,GlideSP/LeDock,5.0,NEF,,1.0,3.226,1.0,40,1240,62,2,0.5,1.0,0.5,5.0,0.0,0.0,0.548,0.066
a2a,GlideSP/LeDock,0.5,NEF,,4.429,14.286,4.429,40,1240,7,1,0.833,5.0,0.51,14.286,0.047,0.033,0.68,0.11
a2a,GlideSP/LeDock,1.0,NEF,,2.385,7.692,2.385,40,1240,13,1,0.714,2.5,0.507,7.692,0.026,0.022,0.68,0.11
a2a,GlideSP/LeDock,5.0,NEF,,2.5,8.065,2.5,40,1240,62,5,0.725,2.632,0.539,12.5,0.063,0.061,0.68,0.11
ace,GlideSP/LeDock,0.5,NEF,,0.0,0.0,0.0,40,1240,7,0,0.0,0.0,0.497,0.0,-0.014,-0.01,0.287,0.003
ace,GlideSP/LeDock,1.0,NEF,,0.0,0.0,0.0,40,1240,13,0,0.0,0.0,0.495,0.0,-0.019,-0.016,0.287,0.003
ace,GlideSP/LeDock,5.0,NEF,,0.5,1.613,0.5,40,1240,62,1,0.33,0.492,0.487,2.5,-0.021,-0.02,0.287,0.003
ace2,GlideSP/LeDock,0.5,NEF,,0.0,0.0,0.0,40,1240,7,0,0.0,0.0,0.497,0.0,-0.014,-0.01,0.148,0.0
ace2,GlideSP/LeDock,1.0,NEF,,0.0,0.0,0.0,40,1240,13,0,0.0,0.0,0.495,0.0,-0.019,-0.016,0.148,0.0
ace2,GlideSP/LeDock,5.0,NEF,,0.0,0.0,0.0,40,1240,62,0,0.0,0.0,0.474,0.0,-0.042,-0.041,0.148,0.0
ache,GlideSP/LeDock,0.5,NEF,,8.857,28.571,8.857,40,1240,7,2,0.923,12.0,0.523,28.571,0.108,0.076,0.588,0.174
ache,GlideSP/LeDock,1.0,NEF,,4.769,15.385,4.769,40,1240,13,2,0.845,5.455,0.52,15.385,0.071,0.061,0.588,0.174
ache,GlideSP/LeDock,5.0,NEF,,4.0,12.903,4.0,40,1240,62,8,0.816,4.444,0.578,20.0,0.126,0.122,0.588,0.174
adam17,GlideSP/LeDock,0.5,NEF,,0.0,0.0,0.0,40,1240,7,0,0.0,0.0,0.497,0.0,-0.014,-0.01,0.384,0.034
adam17,GlideSP/LeDock,1.0,NEF,,2.385,7.692,2.385,40,1240,13,1,0.714,2.5,0.507,7.692,0.026,0.022,0.384,0.034
adam17,GlideSP/LeDock,5.0,NEF,,0.5,1.613,0.5,40,1240,62,1,0.33,0.492,0.487,2.5,-0.021,-0.02,0.384,0.034
adrb2,GlideSP/LeDock,0.5,NEF,,4.429,14.286,4.429,40,1240,7,1,0.833,5.0,0.51,14.286,0.047,0.033,0.631,0.112
adrb2,GlideSP/LeDock,1.0,NEF,,2.385,7.692,2.385,40,1240,13,1,0.714,2.5,0.507,7.692,0.026,0.022,0.631,0.112
adrb2,GlideSP/LeDock,5.0,NEF,,3.0,9.677,3.0,40,1240,62,6,0.763,3.214,0.552,15.0,0.084,0.082,0.631,0.112
akt1,GlideSP/LeDock,0.5,NEF,,13.286,42.857,13.286,40,1240,7,3,0.957,22.5,0.536,42.857,0.169,0.119,0.765,0.303
akt1,GlideSP/LeDock,1.0,NEF,,11.923,38.462,11.923,40,1240,13,5,0.949,18.75,0.559,38.462,0.205,0.176,0.765,0.303
akt1,GlideSP/LeDock,5.0,NEF,,5.5,17.742,5.5,40,1240,62,11,0.866,6.471,0.616,27.5,0.188,0.184,0.765,0.303
alr2,GlideSP/LeDock,0.5,NEF,,0.0,0.0,0.0,40,1240,7,0,0.0,0.0,0.497,0.0,-0.014,-0.01,0.495,0.001
alr2,GlideSP/LeDock,1.0,NEF,,0.0,0.0,0.0,40,1240,13,0,0.0,0.0,0.495,0.0,-0.019,-0.016,0.495,0.001
alr2,GlideSP/LeDock,5.0,NEF,,0.0,0.0,0.0,40,1240,62,0,0.0,0.0,0.474,0.0,-0.042,-0.041,0.495,0.001
ar,GlideSP/LeDock,0.5,NEF,,0.0,0.0,0.0,40,1240,7,0,0.0,0.0,0.497,0.0,-0.014,-0.01,0.66,0.09
ar,GlideSP/LeDock,1.0,NEF,,2.385,7.692,2.385,40,1240,13,1,0.714,2.5,0.507,7.692,0.026,0.022,0.66,0.09
ar,GlideSP/LeDock,5.0,NEF,,3.5,11.29,3.5,40,1240,62,7,0.792,3.818,0.565,17.5,0.105,0.102,0.66,0.09
aurka,GlideSP/LeDock,0.5,NEF,,22.143,71.429,22.143,40,1240,7,5,0.987,75.0,0.562,71.429,0.291,0.205,0.876,0.555
aurka,GlideSP/LeDock,1.0,NEF,,16.692,53.846,16.692,40,1240,13,7,0.972,35.0,0.585,53.846,0.295,0.252,0.876,0.555
aurka,GlideSP/LeDock,5.0,NEF,,10.0,32.258,10.0,40,1240,62,20,0.935,14.286,0.732,50.0,0.377,0.367,0.876,0.555
aurkb,GlideSP/LeDock,0.5,NEF,,22.143,71.429,22.143,40,1240,7,5,0.987,75.0,0.562,71.429,0.291,0.205,0.828,0.569
aurkb,GlideSP/LeDock,1.0,NEF,,19.077,61.538,19.077,40,1240,13,8,0.98,48.0,0.598,61.538,0.34,0.291,0.828,0.569
aurkb,GlideSP/LeDock,5.0,NEF,,9.0,29.032,9.0,40,1240,62,18,0.925,12.273,0.707,45.0,0.335,0.327,0.828,0.569
bcl2,GlideSP/LeDock,0.5,NEF,,4.429,14.286,4.429,40,1240,7,1,0.833,5.0,0.51,14.286,0.047,0.033,0.728,0.246
bcl2,GlideSP/LeDock,1.0,NEF,,4.769,15.385,4.769,40,1240,13,2,0.845,5.455,0.52,15.385,0.071,0.061,0.728,0.246
bcl2,GlideSP/LeDock,5.0,NEF,,6.0,19.355,6.0,40,1240,62,12,0.878,7.2,0.629,30.0,0.209,0.204,0.728,0.246
braf,GlideSP/LeDock,0.5,NEF,,4.429,14.286,4.429,40,1240,7,1,0.833,5.0,0.51,14.286,0.047,0.033,0.721,0.079
braf,GlideSP/LeDock,1.0,NEF,,2.385,7.692,2.385,40,1240,13,1,0.714,2.5,0.507,7.692,0.026,0.022,0.721,0.079
braf,GlideSP/LeDock,5.0,NEF,,2.0,6.452,2.0,40,1240,62,4,0.674,2.069,0.526,10.0,0.042,0.041,0.721,0.079
catl,GlideSP/LeDock,0.5,NEF,,0.0,0.0,0.0,40,1240,7,0,0.0,0.0,0.497,0.0,-0.014,-0.01,0.602,0.034
catl,GlideSP/LeDock,1.0,NEF,,0.0,0.0,0.0,40,1240,13,0,0.0,0.0,0.495,0.0,-0.019,-0.016,0.602,0.034
catl,GlideSP/LeDock,5.0,NEF,,1.0,3.226,1.0,40,1240,62,2,0.5,1.0,0.5,5.0,0.0,0.0,0.602,0.034
cdk2,GlideSP/LeDock,0.5,NEF,,8.857,28.571,8.857,40,1240,7,2,0.923,12.0,0.523,28.571,0.108,0.076,0.763,0.273
cdk2,GlideSP/LeDock,1.0,NEF,,9.538,30.769,9.538,40,1240,13,4,0.93,13.333,0.546,30.769,0.16,0.137,0.763,0.273
cdk2,GlideSP/LeDock,5.0,NEF,,6.5,20.968,6.5,40,1240,62,13,0.888,7.959,0.642,32.5,0.23,0.224,0.763,0.273
cox1,GlideSP/LeDock,0.5,NEF,,4.429,14.286,4.429,40,1240,7,1,0.833,5.0,0.51,14.286,0.047,0.033,0.695,0.142
cox1,GlideSP/LeDock,1.0,NEF,,4.769,15.385,4.769,40,1240,13,2,0.845,5.455,0.52,15.385,0.071,0.061,0.695,0.142
cox1,GlideSP/LeDock,5.0,NEF,,2.5,8.065,2.5,40,1240,62,5,0.725,2.632,0.539,12.5,0.063,0.061,0.695,0.142
cox2,GlideSP/LeDock,0.5,NEF,,22.143,71.429,22.143,40,1240,7,5,0.987,75.0,0.562,71.429,0.291,0.205,0.882,0.586
cox2,GlideSP/LeDock,1.0,NEF,,19.077,61.538,19.077,40,1240,13,8,0.98,48.0,0.598,61.538,0.34,0.291,0.882,0.586
cox2,GlideSP/LeDock,5.0,NEF,,11.5,37.097,11.5,40,1240,62,23,0.947,17.692,0.771,57.5,0.44,0.429,0.882,0.586
ctsk,GlideSP/LeDock,0.5,NEF,,0.0,0.0,0.0,40,1240,7,0,0.0,0.0,0.497,0.0,-0.014,-0.01,0.639,0.01
ctsk,GlideSP/LeDock,1.0,NEF,,0.0,0.0,0.0,40,1240,13,0,0.0,0.0,0.495,0.0,-0.019,-0.016,0.639,0.01
ctsk,GlideSP/LeDock,5.0,NEF,,2.0,6.452,2.0,40,1240,62,4,0.674,2.069,0.526,10.0,0.042,0.041,0.639,0.01
cyp2a6,GlideSP/LeDock,0.5,NEF,,0.0,0.0,0.0,40,1240,7,0,0.0,0.0,0.497,0.0,-0.014,-0.01,0.296,0.037
cyp2a6,GlideSP/LeDock,1.0,NEF,,2.385,7.692,2.385,40,1240,13,1,0.714,2.5,0.507,7.692,0.026,0.022,0.296,0.037
cyp2a6,GlideSP/LeDock,5.0,NEF,,1.0,3.226,1.0,40,1240,62,2,0.5,1.0,0.5,5.0,0.0,0.0,0.296,0.037
dhfr,GlideSP/LeDock,0.5,NEF,,8.857,28.571,8.857,40,1240,7,2,0.923,12.0,0.523,28.571,0.108,0.076,0.7,0.152
dhfr,GlideSP/LeDock,1.0,NEF,,4.769,15.385,4.769,40,1240,13,2,0.845,5.455,0.52,15.385,0.071,0.061,0.7,0.152
dhfr,GlideSP/LeDock,5.0,NEF,,3.0,9.677,3.0,40,1240,62,6,0.763,3.214,0.552,15.0,0.084,0.082,0.7,0.152
egfr,GlideSP/LeDock,0.5,NEF,,22.143,71.429,22.143,40,1240,7,5,0.987,75.0,0.562,71.429,0.291,0.205,0.727,0.404
egfr,GlideSP/LeDock,1.0,NEF,,14.308,46.154,14.308,40,1240,13,6,0.963,25.714,0.572,46.154,0.25,0.214,0.727,0.404
egfr,GlideSP/LeDock,5.0,NEF,,5.5,17.742,5.5,40,1240,62,11,0.866,6.471,0.616,27.5,0.188,0.184,0.727,0.404
ephb4,GlideSP/LeDock,0.5,NEF,,13.286,42.857,13.286,40,1240,7,3,0.957,22.5,0.536,42.857,0.169,0.119,0.886,0.439
ephb4,GlideSP/LeDock,1.0,NEF,,14.308,46.154,14.308,40,1240,13,6,0.963,25.714,0.572,46.154,0.25,0.214,0.886,0.439
ephb4,GlideSP/LeDock,5.0,NEF,,10.5,33.871,10.5,40,1240,62,21,0.939,15.366,0.745,52.5,0.398,0.388,0.886,0.439
erbb2,GlideSP/LeDock,0.5,NEF,,13.286,42.857,13.286,40,1240,7,3,0.957,22.5,0.536,42.857,0.169,0.119,0.857,0.447
erbb2,GlideSP/LeDock,1.0,NEF,,9.538,30.769,9.538,40,1240,13,4,0.93,13.333,0.546,30.769,0.16,0.137,0.857,0.447
erbb2,GlideSP/LeDock,5.0,NEF,,9.0,29.032,9.0,40,1240,62,18,0.925,12.273,0.707,45.0,0.335,0.327,0.857,0.447
er-beta,GlideSP/LeDock,0.5,NEF,,0.0,0.0,0.0,40,1240,7,0,0.0,0.0,0.497,0.0,-0.014,-0.01,0.631,0.099
er-beta,GlideSP/LeDock,1.0,NEF,,0.0,0.0,0.0,40,1240,13,0,0.0,0.0,0.495,0.0,-0.019,-0.016,0.631,0.099
er-beta,GlideSP/LeDock,5.0,NEF,,3.0,9.677,3.0,40,1240,62,6,0.763,3.214,0.552,15.0,0.084,0.082,0.631,0.099
fgfr1,GlideSP/LeDock,0.5,NEF,,13.286,42.857,13.286,40,1240,7,3,0.957,22.5,0.536,42.857,0.169,0.119,0.796,0.359
fgfr1,GlideSP/LeDock,1.0,NEF,,14.308,46.154,14.308,40,1240,13,6,0.963,25.714,0.572,46.154,0.25,0.214,0.796,0.359
fgfr1,GlideSP/LeDock,5.0,NEF,,5.5,17.742,5.5,40,1240,62,11,0.866,6.471,0.616,27.5,0.188,0.184,0.796,0.359
fkbp1a,GlideSP/LeDock,0.5,NEF,,0.0,0.0,0.0,40,1240,7,0,0.0,0.0,0.497,0.0,-0.014,-0.01,0.262,0.0
fkbp1a,GlideSP/LeDock,1.0,NEF,,0.0,0.0,0.0,40,1240,13,0,0.0,0.0,0.495,0.0,-0.019,-0.016,0.262,0.0
fkbp1a,GlideSP/LeDock,5.0,NEF,,0.0,0.0,0.0,40,1240,62,0,0.0,0.0,0.474,0.0,-0.042,-0.041,0.262,0.0
fxa,GlideSP/LeDock,0.5,NEF,,13.286,42.857,13.286,40,1240,7,3,0.957,22.5,0.536,42.857,0.169,0.119,0.863,0.352
fxa,GlideSP/LeDock,1.0,NEF,,14.308,46.154,14.308,40,1240,13,6,0.963,25.714,0.572,46.154,0.25,0.214,0.863,0.352
fxa,GlideSP/LeDock,5.0,NEF,,8.5,27.419,8.5,40,1240,62,17,0.919,11.333,0.694,42.5,0.314,0.306,0.863,0.352
gba,GlideSP/LeDock,0.5,NEF,,0.0,0.0,0.0,40,1240,7,0,0.0,0.0,0.497,0.0,-0.014,-0.01,0.616,0.022
gba,GlideSP/LeDock,1.0,NEF,,0.0,0.0,0.0,40,1240,13,0,0.0,0.0,0.495,0.0,-0.019,-0.016,0.616,0.022
gba,GlideSP/LeDock,5.0,NEF,,1.5,4.839,1.5,40,1240,62,3,0.604,1.525,0.513,7.5,0.021,0.02,0.616,0.022
gr,GlideSP/LeDock,0.5,NEF,,0.0,0.0,0.0,40,1240,7,0,0.0,0.0,0.497,0.0,-0.014,-0.01,0.542,0.001
gr,GlideSP/LeDock,1.0,NEF,,0.0,0.0,0.0,40,1240,13,0,0.0,0.0,0.495,0.0,-0.019,-0.016,0.542,0.001
gr,GlideSP/LeDock,5.0,NEF,,0.0,0.0,0.0,40,1240,62,0,0.0,0.0,0.474,0.0,-0.042,-0.041,0.542,0.001
gsk3b,GlideSP/LeDock,0.5,NEF,,8.857,28.571,8.857,40,1240,7,2,0.923,12.0,0.523,28.571,0.108,0.076,0.758,0.296
gsk3b,GlideSP/LeDock,1.0,NEF,,9.538,30.769,9.538,40,1240,13,4,0.93,13.333,0.546,30.769,0.16,0.137,0.758,0.296
gsk3b,GlideSP/LeDock,5.0,NEF,,5.5,17.742,5.5,40,1240,62,11,0.866,6.471,0.616,27.5,0.188,0.184,0.758,0.296
hdac2,GlideSP/LeDock,0.5,NEF,,4.429,14.286,4.429,40,1240,7,1,0.833,5.0,0.51,14.286,0.047,0.033,0.731,0.115
hdac2,GlideSP/LeDock,1.0,NEF,,2.385,7.692,2.385,40,1240,13,1,0.714,2.5,0.507,7.692,0.026,0.022,0.731,0.115
hdac2,GlideSP/LeDock,5.0,NEF,,5.0,16.129,5.0,40,1240,62,10,0.852,5.769,0.603,25.0,0.168,0.163,0.731,0.115
hdac8,GlideSP/LeDock,0.5,NEF,,0.0,0.0,0.0,40,1240,7,0,0.0,0.0,0.497,0.0,-0.014,-0.01,0.547,0.0
hdac8,GlideSP/LeDock,1.0,NEF,,0.0,0.0,0.0,40,1240,13,0,0.0,0.0,0.495,0.0,-0.019,-0.016,0.547,0.0
hdac8,GlideSP/LeDock,5.0,NEF,,0.0,0.0,0.0,40,1240,62,0,0.0,0.0,0.474,0.0,-0.042,-0.041,0.547,0.0
hiv1pr,GlideSP/LeDock,0.5,NEF,,17.714,57.143,17.714,40,1240,7,4,0.976,40.0,0.549,57.143,0.23,0.162,0.629,0.284
hiv1pr,GlideSP/LeDock,1.0,NEF,,9.538,30.769,9.538,40,1240,13,4,0.93,13.333,0.546,30.769,0.16,0.137,0.629,0.284
hiv1pr,GlideSP/LeDock,5.0,NEF,,4.5,14.516,4.5,40,1240,62,9,0.836,5.094,0.59,22.5,0.147,0.143,0.629,0.284
hiv1rt,GlideSP/LeDock,0.5,NEF,,0.0,0.0,0.0,40,1240,7,0,0.0,0.0,0.497,0.0,-0.014,-0.01,0.624,0.029
hiv1rt,GlideSP/LeDock,1.0,NEF,,0.0,0.0,0.0,40,1240,13,0,0.0,0.0,0.495,0.0,-0.019,-0.016,0.624,0.029
hiv1rt,GlideSP/LeDock,5.0,NEF,,1.0,3.226,1.0,40,1240,62,2,0.5,1.0,0.5,5.0,0.0,0.0,0.624,0.029
hmgr,GlideSP/LeDock,0.5,NEF,,0.0,0.0,0.0,40,1240,7,0,0.0,0.0,0.497,0.0,-0.014,-0.01,0.682,0.012
hmgr,GlideSP/LeDock,1.0,NEF,,0.0,0.0,0.0,40,1240,13,0,0.0,0.0,0.495,0.0,-0.019,-0.016,0.682,0.012
hmgr,GlideSP/LeDock,5.0,NEF,,1.5,4.839,1.5,40,1240,62,3,0.604,1.525,0.513,7.5,0.021,0.02,0.682,0.012
hsp90,GlideSP/LeDock,0.5,NEF,,8.857,28.571,8.857,40,1240,7,2,0.923,12.0,0.523,28.571,0.108,0.076,0.684,0.289
hsp90,GlideSP/LeDock,1.0,NEF,,9.538,30.769,9.538,40,1240,13,4,0.93,13.333,0.546,30.769,0.16,0.137,0.684,0.289
hsp90,GlideSP/LeDock,5.0,NEF,,4.0,12.903,4.0,40,1240,62,8,0.816,4.444,0.578,20.0,0.126,0.122,0.684,0.289
igf1r,GlideSP/LeDock,0.5,NEF,,8.857,28.571,8.857,40,1240,7,2,0.923,12.0,0.523,28.571,0.108,0.076,0.711,0.287
igf1r,GlideSP/LeDock,1.0,NEF,,9.538,30.769,9.538,40,1240,13,4,0.93,13.333,0.546,30.769,0.16,0.137,0.711,0.287
igf1r,GlideSP/LeDock,5.0,NEF,,5.0,16.129,5.0,40,1240,62,10,0.852,5.769,0.603,25.0,0.168,0.163,0.711,0.287
inha,GlideSP/LeDock,0.5,NEF,,4.429,14.286,4.429,40,1240,7,1,0.833,5.0,0.51,14.286,0.047,0.033,0.419,0.085
inha,GlideSP/LeDock,1.0,NEF,,4.769,15.385,4.769,40,1240,13,2,0.845,5.455,0.52,15.385,0.071,0.061,0.419,0.085
inha,GlideSP/LeDock,5.0,NEF,,1.0,3.226,1.0,40,1240,62,2,0.5,1.0,0.5,5.0,0.0,0.0,0.419,0.085
itk,GlideSP/LeDock,0.5,NEF,,4.429,14.286,4.429,40,1240,7,1,0.833,5.0,0.51,14.286,0.047,0.033,0.78,0.239
itk,GlideSP/LeDock,1.0,NEF,,7.154,23.077,7.154,40,1240,13,3,0.9,9.0,0.533,23.077,0.116,0.099,0.78,0.239
itk,GlideSP/LeDock,5.0,NEF,,4.0,12.903,4.0,40,1240,62,8,0.816,4.444,0.578,20.0,0.126,0.122,0.78,0.239
jak3,GlideSP/LeDock,0.5,NEF,,0.0,0.0,0.0,40,1240,7,0,0.0,0.0,0.497,0.0,-0.014,-0.01,0.697,0.094
jak3,GlideSP/LeDock,1.0,NEF,,2.385,7.692,2.385,40,1240,13,1,0.714,2.5,0.507,7.692,0.026,0.022,0.697,0.094
jak3,GlideSP/LeDock,5.0,NEF,,2.5,8.065,2.5,40,1240,62,5,0.725,2.632,0.539,12.5,0.063,0.061,0.697,0.094
jnk1,GlideSP/LeDock,0.5,NEF,,4.429,14.286,4.429,40,1240,7,1,0.833,5.0,0.51,14.286,0.047,0.033,0.703,0.145
jnk1,GlideSP/LeDock,1.0,NEF,,4.769,15.385,4.769,40,1240,13,2,0.845,5.455,0.52,15.385,0.071,0.061,0.703,0.145
jnk1,GlideSP/LeDock,5.0,NEF,,3.5,11.29,3.5,40,1240,62,7,0.792,3.818,0.565,17.5,0.105,0.102,0.703,0.145
jnk2,GlideSP/LeDock,0.5,NEF,,17.714,57.143,17.714,40,1240,7,4,0.976,40.0,0.549,57.143,0.23,0.162,0.635,0.364
jnk2,GlideSP/LeDock,1.0,NEF,,11.923,38.462,11.923,40,1240,13,5,0.949,18.75,0.559,38.462,0.205,0.176,0.635,0.364
jnk2,GlideSP/LeDock,5.0,NEF,,3.5,11.29,3.5,40,1240,62,7,0.792,3.818,0.565,17.5,0.105,0.102,0.635,0.364
jnk3,GlideSP/LeDock,0.5,NEF,,17.714,57.143,17.714,40,1240,7,4,0.976,40.0,0.549,57.143,0.23,0.162,0.779,0.475
jnk3,GlideSP/LeDock,1.0,NEF,,19.077,61.538,19.077,40,1240,13,8,0.98,48.0,0.598,61.538,0.34,0.291,0.779,0.475
jnk3,GlideSP/LeDock,5.0,NEF,,6.5,20.968,6.5,40,1240,62,13,0.888,7.959,0.642,32.5,0.23,0.224,0.779,0.475
kif11,GlideSP/LeDock,0.5,NEF,,0.0,0.0,0.0,40,1240,7,0,0.0,0.0,0.497,0.0,-0.014,-0.01,0.64,0.005
kif11,GlideSP/LeDock,1.0,NEF,,0.0,0.0,0.0,40,1240,13,0,0.0,0.0,0.495,0.0,-0.019,-0.016,0.64,0.005
kif11,GlideSP/LeDock,5.0,NEF,,1.0,3.226,1.0,40,1240,62,2,0.5,1.0,0.5,5.0,0.0,0.0,0.64,0.005
lck,GlideSP/LeDock,0.5,NEF,,0.0,0.0,0.0,40,1240,7,0,0.0,0.0,0.497,0.0,-0.014,-0.01,0.675,0.092
lck,GlideSP/LeDock,1.0,NEF,,2.385,7.692,2.385,40,1240,13,1,0.714,2.5,0.507,7.692,0.026,0.022,0.675,0.092
lck,GlideSP/LeDock,5.0,NEF,,3.5,11.29,3.5,40,1240,62,7,0.792,3.818,0.565,17.5,0.105,0.102,0.675,0.092
mdm2,GlideSP/LeDock,0.5,NEF,,0.0,0.0,0.0,40,1240,7,0,0.0,0.0,0.497,0.0,-0.014,-0.01,0.609,0.072
mdm2,GlideSP/LeDock,1.0,NEF,,0.0,0.0,0.0,40,1240,13,0,0.0,0.0,0.495,0.0,-0.019,-0.016,0.609,0.072
mdm2,GlideSP/LeDock,5.0,NEF,,3.0,9.677,3.0,40,1240,62,6,0.763,3.214,0.552,15.0,0.084,0.082,0.609,0.072
mk2,GlideSP/LeDock,0.5,NEF,,17.714,57.143,17.714,40,1240,7,4,0.976,40.0,0.549,57.143,0.23,0.162,0.807,0.375
mk2,GlideSP/LeDock,1.0,NEF,,11.923,38.462,11.923,40,1240,13,5,0.949,18.75,0.559,38.462,0.205,0.176,0.807,0.375
mk2,GlideSP/LeDock,5.0,NEF,,5.0,16.129,5.0,40,1240,62,10,0.852,5.769,0.603,25.0,0.168,0.163,0.807,0.375
mmp2,GlideSP/LeDock,0.5,NEF,,0.0,0.0,0.0,40,1240,7,0,0.0,0.0,0.497,0.0,-0.014,-0.01,0.319,0.0
mmp2,GlideSP/LeDock,1.0,NEF,,0.0,0.0,0.0,40,1240,13,0,0.0,0.0,0.495,0.0,-0.019,-0.016,0.319,0.0
mmp2,GlideSP/LeDock,5.0,NEF,,0.0,0.0,0.0,40,1240,62,0,0.0,0.0,0.474,0.0,-0.042,-0.041,0.319,0.0
na,GlideSP/LeDock,0.5,NEF,,0.0,0.0,0.0,40,1240,7,0,0.0,0.0,0.497,0.0,-0.014,-0.01,0.501,0.005
na,GlideSP/LeDock,1.0,NEF,,0.0,0.0,0.0,40,1240,13,0,0.0,0.0,0.495,0.0,-0.019,-0.016,0.501,0.005
na,GlideSP/LeDock,5.0,NEF,,0.5,1.613,0.5,40,1240,62,1,0.33,0.492,0.487,2.5,-0.021,-0.02,0.501,0.005
p38-alpha,GlideSP/LeDock,0.5,NEF,,8.857,28.571,8.857,40,1240,7,2,0.923,12.0,0.523,28.571,0.108,0.076,0.707,0.142
p38-alpha,GlideSP/LeDock,1.0,NEF,,4.769,15.385,4.769,40,1240,13,2,0.845,5.455,0.52,15.385,0.071,0.061,0.707,0.142
p38-alpha,GlideSP/LeDock,5.0,NEF,,2.5,8.065,2.5,40,1240,62,5,0.725,2.632,0.539,12.5,0.063,0.061,0.707,0.142
parp-1,GlideSP/LeDock,0.5,NEF,,8.857,28.571,8.857,40,1240,7,2,0.923,12.0,0.523,28.571,0.108,0.076,0.71,0.216
parp-1,GlideSP/LeDock,1.0,NEF,,7.154,23.077,7.154,40,1240,13,3,0.9,9.0,0.533,23.077,0.116,0.099,0.71,0.216
parp-1,GlideSP/LeDock,5.0,NEF,,3.5,11.29,3.5,40,1240,62,7,0.792,3.818,0.565,17.5,0.105,0.102,0.71,0.216
pde4b,GlideSP/LeDock,0.5,NEF,,0.0,0.0,0.0,40,1240,7,0,0.0,0.0,0.497,0.0,-0.014,-0.01,0.585,0.152
pde4b,GlideSP/LeDock,1.0,NEF,,2.385,7.692,2.385,40,1240,13,1,0.714,2.5,0.507,7.692,0.026,0.022,0.585,0.152
pde4b,GlideSP/LeDock,5.0,NEF,,4.5,14.516,4.5,40,1240,62,9,0.836,5.094,0.59,22.5,0.147,0.143,0.585,0.152
pde5,GlideSP/LeDock,0.5,NEF,,4.429,14.286,4.429,40,1240,7,1,0.833,5.0,0.51,14.286,0.047,0.033,0.668,0.121
pde5,GlideSP/LeDock,1.0,NEF,,4.769,15.385,4.769,40,1240,13,2,0.845,5.455,0.52,15.385,0.071,0.061,0.668,0.121
pde5,GlideSP/LeDock,5.0,NEF,,3.5,11.29,3.5,40,1240,62,7,0.792,3.818,0.565,17.5,0.105,0.102,0.668,0.121
pdk1,GlideSP/LeDock,0.5,NEF,,17.714,57.143,17.714,40,1240,7,4,0.976,40.0,0.549,57.143,0.23,0.162,0.746,0.395
pdk1,GlideSP/LeDock,1.0,NEF,,11.923,38.462,11.923,40,1240,13,5,0.949,18.75,0.559,38.462,0.205,0.176,0.746,0.395
pdk1,GlideSP/LeDock,5.0,NEF,,6.5,20.968,6.5,40,1240,62,13,0.888,7.959,0.642,32.5,0.23,0.224,0.746,0.395
pi3kg,GlideSP/LeDock,0.5,NEF,,4.429,14.286,4.429,40,1240,7,1,0.833,5.0,0.51,14.286,0.047,0.033,0.773,0.212
pi3kg,GlideSP/LeDock,1.0,NEF,,9.538,30.769,9.538,40,1240,13,4,0.93,13.333,0.546,30.769,0.16,0.137,0.773,0.212
pi3kg,GlideSP/LeDock,5.0,NEF,,5.0,16.129,5.0,40,1240,62,10,0.852,5.769,0.603,25.0,0.168,0.163,0.773,0.212
pim-1,GlideSP/LeDock,0.5,NEF,,17.714,57.143,17.714,40,1240,7,4,0.976,40.0,0.549,57.143,0.23,0.162,0.653,0.351
pim-1,GlideSP/LeDock,1.0,NEF,,11.923,38.462,11.923,40,1240,13,5,0.949,18.75,0.559,38.462,0.205,0.176,0.653,0.351
pim-1,GlideSP/LeDock,5.0,NEF,,5.0,16.129,5.0,40,1240,62,10,0.852,5.769,0.603,25.0,0.168,0.163,0.653,0.351
pim-2,GlideSP/LeDock,0.5,NEF,,17.714,57.143,17.714,40,1240,7,4,0.976,40.0,0.549,57.143,0.23,0.162,0.669,0.325
pim-2,GlideSP/LeDock,1.0,NEF,,11.923,38.462,11.923,40,1240,13,5,0.949,18.75,0.559,38.462,0.205,0.176,0.669,0.325
pim-2,GlideSP/LeDock,5.0,NEF,,5.0,16.129,5.0,40,1240,62,10,0.852,5.769,0.603,25.0,0.168,0.163,0.669,0.325
pnp,GlideSP/LeDock,0.5,NEF,,22.143,71.429,22.143,40,1240,7,5,0.987,75.0,0.562,71.429,0.291,0.205,0.899,0.548
pnp,GlideSP/LeDock,1.0,NEF,,16.692,53.846,16.692,40,1240,13,7,0.972,35.0,0.585,53.846,0.295,0.252,0.899,0.548
pnp,GlideSP/LeDock,5.0,NEF,,7.5,24.194,7.5,40,1240,62,15,0.905,9.574,0.668,37.5,0.272,0.265,0.899,0.548
ppara,GlideSP/LeDock,0.5,NEF,,0.0,0.0,0.0,40,1240,7,0,0.0,0.0,0.497,0.0,-0.014,-0.01,0.515,0.0
ppara,GlideSP/LeDock,1.0,NEF,,0.0,0.0,0.0,40,1240,13,0,0.0,0.0,0.495,0.0,-0.019,-0.016,0.515,0.0
ppara,GlideSP/LeDock,5.0,NEF,,0.0,0.0,0.0,40,1240,62,0,0.0,0.0,0.474,0.0,-0.042,-0.041,0.515,0.0
pparg,GlideSP/LeDock,0.5,NEF,,0.0,0.0,0.0,40,1240,7,0,0.0,0.0,0.497,0.0,-0.014,-0.01,0.572,0.009
pparg,GlideSP/LeDock,1.0,NEF,,0.0,0.0,0.0,40,1240,13,0,0.0,0.0,0.495,0.0,-0.019,-0.016,0.572,0.009
pparg,GlideSP/LeDock,5.0,NEF,,1.0,3.226,1.0,40,1240,62,2,0.5,1.0,0.5,5.0,0.0,0.0,0.572,0.009
pr,GlideSP/LeDock,0.5,NEF,,8.857,28.571,8.857,40,1240,7,2,0.923,12.0,0.523,28.571,0.108,0.076,0.659,0.147
pr,GlideSP/LeDock,1.0,NEF,,4.769,15.385,4.769,40,1240,13,2,0.845,5.455,0.52,15.385,0.071,0.061,0.659,0.147
pr,GlideSP/LeDock,5.0,NEF,,2.5,8.065,2.5,40,1240,62,5,0.725,2.632,0.539,12.5,0.063,0.061,0.659,0.147
prkcq,GlideSP/LeDock,0.5,NEF,,13.286,42.857,13.286,40,1240,7,3,0.957,22.5,0.536,42.857,0.169,0.119,0.798,0.672
prkcq,GlideSP/LeDock,1.0,NEF,,21.462,69.231,21.462,40,1240,13,9,0.985,67.5,0.611,69.231,0.385,0.329,0.798,0.672
prkcq,GlideSP/LeDock,5.0,NEF,,11.5,37.097,11.5,40,1240,62,23,0.947,17.692,0.771,57.5,0.44,0.429,0.798,0.672
pygl-in,GlideSP/LeDock,0.5,NEF,,13.286,42.857,13.286,40,1240,7,3,0.957,22.5,0.536,42.857,0.169,0.119,0.856,0.315
pygl-in,GlideSP/LeDock,1.0,NEF,,9.538,30.769,9.538,40,1240,13,4,0.93,13.333,0.546,30.769,0.16,0.137,0.856,0.315
pygl-in,GlideSP/LeDock,5.0,NEF,,7.0,22.581,7.0,40,1240,62,14,0.897,8.75,0.655,35.0,0.251,0.245,0.856,0.315
pygl-out,GlideSP/LeDock,0.5,NEF,,0.0,0.0,0.0,40,1240,7,0,0.0,0.0,0.497,0.0,-0.014,-0.01,0.246,0.0
pygl-out,GlideSP/LeDock,1.0,NEF,,0.0,0.0,0.0,40,1240,13,0,0.0,0.0,0.495,0.0,-0.019,-0.016,0.246,0.0
pygl-out,GlideSP/LeDock,5.0,NEF,,0.0,0.0,0.0,40,1240,62,0,0.0,0.0,0.474,0.0,-0.042,-0.041,0.246,0.0
qpct,GlideSP/LeDock,0.5,NEF,,0.0,0.0,0.0,40,1240,7,0,0.0,0.0,0.497,0.0,-0.014,-0.01,0.767,0.011
qpct,GlideSP/LeDock,1.0,NEF,,0.0,0.0,0.0,40,1240,13,0,0.0,0.0,0.495,0.0,-0.019,-0.016,0.767,0.011
qpct,GlideSP/LeDock,5.0,NEF,,1.5,4.839,1.5,40,1240,62,3,0.604,1.525,0.513,7.5,0.021,0.02,0.767,0.011
rock-1,GlideSP/LeDock,0.5,NEF,,8.857,28.571,8.857,40,1240,7,2,0.923,12.0,0.523,28.571,0.108,0.076,0.701,0.18
rock-1,GlideSP/LeDock,1.0,NEF,,4.769,15.385,4.769,40,1240,13,2,0.845,5.455,0.52,15.385,0.071,0.061,0.701,0.18
rock-1,GlideSP/LeDock,5.0,NEF,,3.0,9.677,3.0,40,1240,62,6,0.763,3.214,0.552,15.0,0.084,0.082,0.701,0.18
rxr,GlideSP/LeDock,0.5,NEF,,0.0,0.0,0.0,40,1240,7,0,0.0,0.0,0.497,0.0,-0.014,-0.01,0.556,0.032
rxr,GlideSP/LeDock,1.0,NEF,,0.0,0.0,0.0,40,1240,13,0,0.0,0.0,0.495,0.0,-0.019,-0.016,0.556,0.032
rxr,GlideSP/LeDock,5.0,NEF,,2.0,6.452,2.0,40,1240,62,4,0.674,2.069,0.526,10.0,0.042,0.041,0.556,0.032
sars-hcov,GlideSP/LeDock,0.5,NEF,,0.0,0.0,0.0,39,1209,7,0,0.0,0.0,0.497,0.0,-0.014,-0.01,0.627,0.127
sars-hcov,GlideSP/LeDock,1.0,NEF,,2.385,7.692,2.385,39,1209,13,1,0.714,2.5,0.508,7.692,0.026,0.023,0.627,0.127
sars-hcov,GlideSP/LeDock,5.0,NEF,,4.574,14.754,4.574,39,1209,61,9,0.839,5.192,0.593,23.077,0.15,0.146,0.627,0.127
sirt2,GlideSP/LeDock,0.5,NEF,,0.0,0.0,0.0,40,1240,7,0,0.0,0.0,0.497,0.0,-0.014,-0.01,0.598,0.03
sirt2,GlideSP/LeDock,1.0,NEF,,0.0,0.0,0.0,40,1240,13,0,0.0,0.0,0.495,0.0,-0.019,-0.016,0.598,0.03
sirt2,GlideSP/LeDock,5.0,NEF,,2.0,6.452,2.0,40,1240,62,4,0.674,2.069,0.526,10.0,0.042,0.041,0.598,0.03
src,GlideSP/LeDock,0.5,NEF,,8.857,28.571,8.857,40,1240,7,2,0.923,12.0,0.523,28.571,0.108,0.076,0.7,0.195
src,GlideSP/LeDock,1.0,NEF,,7.154,23.077,7.154,40,1240,13,3,0.9,9.0,0.533,23.077,0.116,0.099,0.7,0.195
src,GlideSP/LeDock,5.0,NEF,,3.5,11.29,3.5,40,1240,62,7,0.792,3.818,0.565,17.5,0.105,0.102,0.7,0.195
thrombin,GlideSP/LeDock,0.5,NEF,,0.0,0.0,0.0,40,1240,7,0,0.0,0.0,0.497,0.0,-0.014,-0.01,0.726,0.089
thrombin,GlideSP/LeDock,1.0,NEF,,0.0,0.0,0.0,40,1240,13,0,0.0,0.0,0.495,0.0,-0.019,-0.016,0.726,0.089
thrombin,GlideSP/LeDock,5.0,NEF,,3.5,11.29,3.5,40,1240,62,7,0.792,3.818,0.565,17.5,0.105,0.102,0.726,0.089
tie2,GlideSP/LeDock,0.5,NEF,,17.714,57.143,17.714,40,1240,7,4,0.976,40.0,0.549,57.143,0.23,0.162,0.745,0.394
tie2,GlideSP/LeDock,1.0,NEF,,16.692,53.846,16.692,40,1240,13,7,0.972,35.0,0.585,53.846,0.295,0.252,0.745,0.394
tie2,GlideSP/LeDock,5.0,NEF,,6.0,19.355,6.0,40,1240,62,12,0.878,7.2,0.629,30.0,0.209,0.204,0.745,0.394
tk,GlideSP/LeDock,0.5,NEF,,4.429,14.286,4.429,40,1240,7,1,0.833,5.0,0.51,14.286,0.047,0.033,0.619,0.111
tk,GlideSP/LeDock,1.0,NEF,,2.385,7.692,2.385,40,1240,13,1,0.714,2.5,0.507,7.692,0.026,0.022,0.619,0.111
tk,GlideSP/LeDock,5.0,NEF,,2.0,6.452,2.0,40,1240,62,4,0.674,2.069,0.526,10.0,0.042,0.041,0.619,0.111
tp,GlideSP/LeDock,0.5,NEF,,4.429,14.286,4.429,40,1240,7,1,0.833,5.0,0.51,14.286,0.047,0.033,0.585,0.172
tp,GlideSP/LeDock,1.0,NEF,,7.154,23.077,7.154,40,1240,13,3,0.9,9.0,0.533,23.077,0.116,0.099,0.585,0.172
tp,GlideSP/LeDock,5.0,NEF,,2.0,6.452,2.0,40,1240,62,4,0.674,2.069,0.526,10.0,0.042,0.041,0.585,0.172
tpa,GlideSP/LeDock,0.5,NEF,,8.648,28.571,8.857,40,1240,7,2,0.923,12.0,0.523,28.571,0.108,0.076,0.824,0.255
tpa,GlideSP/LeDock,1.0,NEF,,9.313,30.769,9.538,40,1240,13,4,0.93,13.333,0.546,30.769,0.16,0.137,0.824,0.255
tpa,GlideSP/LeDock,5.0,NEF,,3.363,11.29,3.5,40,1240,62,7,0.792,3.818,0.565,17.5,0.105,0.102,0.824,0.255
ts,GlideSP/LeDock,0.5,NEF,,0.0,0.0,0.0,40,1239,7,0,0.0,0.0,0.497,0.0,-0.014,-0.01,0.649,0.001
ts,GlideSP/LeDock,1.0,NEF,,0.0,0.0,0.0,40,1239,13,0,0.0,0.0,0.495,0.0,-0.019,-0.016,0.649,0.001
ts,GlideSP/LeDock,5.0,NEF,,0.0,0.0,0.0,40,1239,62,0,0.0,0.0,0.474,0.0,-0.042,-0.041,0.649,0.001
upa,GlideSP/LeDock,0.5,NEF,,17.714,57.143,17.714,40,1240,7,4,0.976,40.0,0.549,57.143,0.23,0.162,0.747,0.371
upa,GlideSP/LeDock,1.0,NEF,,11.923,38.462,11.923,40,1240,13,5,0.949,18.75,0.559,38.462,0.205,0.176,0.747,0.371
upa,GlideSP/LeDock,5.0,NEF,,5.5,17.742,5.5,40,1240,62,11,0.866,6.471,0.616,27.5,0.188,0.184,0.747,0.371
vegfr1,GlideSP/LeDock,0.5,NEF,,8.857,28.571,8.857,40,1240,7,2,0.923,12.0,0.523,28.571,0.108,0.076,0.782,0.297
vegfr1,GlideSP/LeDock,1.0,NEF,,7.154,23.077,7.154,40,1240,13,3,0.9,9.0,0.533,23.077,0.116,0.099,0.782,0.297
vegfr1,GlideSP/LeDock,5.0,NEF,,7.0,22.581,7.0,40,1240,62,14,0.897,8.75,0.655,35.0,0.251,0.245,0.782,0.297
vegfr2,GlideSP/LeDock,0.5,NEF,,8.857,28.571,8.857,40,1240,7,2,0.923,12.0,0.523,28.571,0.108,0.076,0.778,0.248
vegfr2,GlideSP/LeDock,1.0,NEF,,4.769,15.385,4.769,40,1240,13,2,0.845,5.455,0.52,15.385,0.071,0.061,0.778,0.248
vegfr2,GlideSP/LeDock,5.0,NEF,,5.5,17.742,5.5,40,1240,62,11,0.866,6.471,0.616,27.5,0.188,0.184,0.778,0.248
11betahsd1,IGN(avg),0.5,NEF,,28.5,85.714,26.571,40,1240,7,6,0.994,180.0,0.575,85.714,0.352,0.248,0.974,0.966
11betahsd1,IGN(avg),1.0,NEF,,29.34,92.308,28.615,40,1240,13,12,0.997,360.0,0.65,92.308,0.519,0.444,0.974,0.966
11betahsd1,IGN(avg),5.0,NEF,,15.52,50.0,15.5,40,1240,62,31,0.968,30.0,0.875,77.5,0.607,0.592,0.974,0.966
17betahsd1,IGN(avg),0.5,NEF,,16.07,57.143,17.714,40,1240,7,4,0.976,40.0,0.549,57.143,0.23,0.162,0.899,0.48
17betahsd1,IGN(avg),1.0,NEF,,15.73,53.846,16.692,40,1240,13,7,0.972,35.0,0.585,53.846,0.295,0.252,0.899,0.48
17betahsd1,IGN(avg),5.0,NEF,,9.24,29.032,9.0,40,1240,62,18,0.925,12.273,0.707,45.0,0.335,0.327,0.899,0.48
a2a,IGN(avg),0.5,NEF,,29.24,100.0,31.0,40,1240,7,7,1.0,inf,0.588,100.0,0.413,0.291,0.981,0.971
a2a,IGN(avg),1.0,NEF,,29.13,92.308,28.615,40,1240,13,12,0.997,360.0,0.65,92.308,0.519,0.444,0.981,0.971
a2a,IGN(avg),5.0,NEF,,17.17,54.839,17.0,40,1240,62,34,0.973,36.429,0.913,85.0,0.67,0.653,0.981,0.971
ace,IGN(avg),0.5,NEF,,30.88,100.0,31.0,40,1240,7,7,1.0,inf,0.588,100.0,0.413,0.291,0.998,1.05
ace,IGN(avg),1.0,NEF,,30.88,100.0,31.0,40,1240,13,13,1.0,inf,0.662,100.0,0.564,0.482,0.998,1.05
ace,IGN(avg),5.0,NEF,,19.42,62.903,19.5,40,1240,62,39,0.981,50.87,0.978,97.5,0.775,0.755,0.998,1.05
ace2,IGN(avg),0.5,NEF,,30.98,100.0,31.0,40,1240,7,7,1.0,inf,0.588,100.0,0.413,0.291,0.999,1.053
ace2,IGN(avg),1.0,NEF,,30.98,100.0,31.0,40,1240,13,13,1.0,inf,0.662,100.0,0.564,0.482,0.999,1.053
ace2,IGN(avg),5.0,NEF,,19.98,64.516,20.0,40,1240,62,40,0.982,54.545,0.991,100.0,0.796,0.776,0.999,1.053
ache,IGN(avg),0.5,NEF,,30.53,100.0,31.0,40,1240,7,7,1.0,inf,0.588,100.0,0.413,0.291,0.969,0.914
ache,IGN(avg),1.0,NEF,,28.96,92.308,28.615,40,1240,13,12,0.997,360.0,0.65,92.308,0.519,0.444,0.969,0.914
ache,IGN(avg),5.0,NEF,,14.44,46.774,14.5,40,1240,62,29,0.963,26.364,0.849,72.5,0.565,0.551,0.969,0.914
adam17,IGN(avg),0.5,NEF,,30.75,100.0,31.0,40,1240,7,7,1.0,inf,0.588,100.0,0.413,0.291,1.0,1.063
adam17,IGN(avg),1.0,NEF,,30.75,100.0,31.0,40,1240,13,13,1.0,inf,0.662,100.0,0.564,0.482,1.0,1.063
adam17,IGN(avg),5.0,NEF,,19.84,64.516,20.0,40,1240,62,40,0.982,54.545,0.991,100.0,0.796,0.776,1.0,1.063
adrb2,IGN(avg),0.5,NEF,,27.18,85.714,26.571,40,1240,7,6,0.994,180.0,0.575,85.714,0.352,0.248,0.995,0.998
adrb2,IGN(avg),1.0,NEF,,26.38,84.615,26.231,40,1240,13,11,0.994,165.0,0.637,84.615,0.474,0.406,0.995,0.998
adrb2,IGN(avg),5.0,NEF,,18.85,61.29,19.0,40,1240,62,38,0.979,47.5,0.965,95.0,0.754,0.735,0.995,0.998
akt1,IGN(avg),0.5,NEF,,16.84,57.143,17.714,40,1240,7,4,0.976,40.0,0.549,57.143,0.23,0.162,0.98,0.626
akt1,IGN(avg),1.0,NEF,,17.68,53.846,16.692,40,1240,13,7,0.972,35.0,0.585,53.846,0.295,0.252,0.98,0.626
akt1,IGN(avg),5.0,NEF,,14.82,48.387,15.0,40,1240,62,30,0.966,28.125,0.862,75.0,0.586,0.571,0.98,0.626
alr2,IGN(avg),0.5,NEF,,27.73,85.714,26.571,40,1240,7,6,0.994,180.0,0.575,85.714,0.352,0.248,0.98,0.871
alr2,IGN(avg),1.0,NEF,,28.29,92.308,28.615,40,1240,13,12,0.997,360.0,0.65,92.308,0.519,0.444,0.98,0.871
alr2,IGN(avg),5.0,NEF,,15.82,51.613,16.0,40,1240,62,32,0.97,32.0,0.888,80.0,0.628,0.612,0.98,0.871
ar,IGN(avg),0.5,NEF,,22.57,71.429,22.143,40,1240,7,5,0.987,75.0,0.562,71.429,0.291,0.205,0.99,1.08
ar,IGN(avg),1.0,NEF,,22.57,69.231,21.462,40,1240,13,9,0.985,67.5,0.611,69.231,0.385,0.329,0.99,1.08
ar,IGN(avg),5.0,NEF,,16.46,53.226,16.5,40,1240,62,33,0.972,34.138,0.9,82.5,0.649,0.633,0.99,1.08
aurka,IGN(avg),0.5,NEF,,22.16,71.429,22.143,40,1240,7,5,0.987,75.0,0.562,71.429,0.291,0.205,0.98,0.827
aurka,IGN(avg),1.0,NEF,,24.66,76.923,23.846,40,1240,13,10,0.99,100.0,0.624,76.923,0.429,0.367,0.98,0.827
aurka,IGN(avg),5.0,NEF,,16.78,54.839,17.0,40,1240,62,34,0.973,36.429,0.913,85.0,0.67,0.653,0.98,0.827
aurkb,IGN(avg),0.5,NEF,,24.59,85.714,26.571,40,1240,7,6,0.994,180.0,0.575,85.714,0.352,0.248,0.985,0.851
aurkb,IGN(avg),1.0,NEF,,25.7,84.615,26.231,40,1240,13,11,0.994,165.0,0.637,84.615,0.474,0.406,0.985,0.851
aurkb,IGN(avg),5.0,NEF,,16.93,54.839,17.0,40,1240,62,34,0.973,36.429,0.913,85.0,0.67,0.653,0.985,0.851
bcl2,IGN(avg),0.5,NEF,,0.0,0.0,0.0,40,1240,7,0,0.0,0.0,0.497,0.0,-0.014,-0.01,0.651,0.012
bcl2,IGN(avg),1.0,NEF,,0.0,0.0,0.0,40,1240,13,0,0.0,0.0,0.495,0.0,-0.019,-0.016,0.651,0.012
bcl2,IGN(avg),5.0,NEF,,0.49,1.613,0.5,40,1240,62,1,0.33,0.492,0.487,2.5,-0.021,-0.02,0.651,0.012
braf,IGN(avg),0.5,NEF,,25.1,85.714,26.571,40,1240,7,6,0.994,180.0,0.575,85.714,0.352,0.248,0.991,0.833
braf,IGN(avg),1.0,NEF,,24.64,76.923,23.846,40,1240,13,10,0.99,100.0,0.624,76.923,0.429,0.367,0.991,0.833
braf,IGN(avg),5.0,NEF,,18.13,58.065,18.0,40,1240,62,36,0.976,41.538,0.939,90.0,0.712,0.694,0.991,0.833
catl,IGN(avg),0.5,NEF,,4.4,14.286,4.429,40,1240,7,1,0.833,5.0,0.51,14.286,0.047,0.033,0.819,0.18
catl,IGN(avg),1.0,NEF,,5.53,15.385,4.769,40,1240,13,2,0.845,5.455,0.52,15.385,0.071,0.061,0.819,0.18
catl,IGN(avg),5.0,NEF,,5.14,16.129,5.0,40,1240,62,10,0.852,5.769,0.603,25.0,0.168,0.163,0.819,0.18
cdk2,IGN(avg),0.5,NEF,,26.58,85.714,26.571,40,1240,7,6,0.994,180.0,0.575,85.714,0.352,0.248,0.983,0.88
cdk2,IGN(avg),1.0,NEF,,24.92,76.923,23.846,40,1240,13,10,0.99,100.0,0.624,76.923,0.429,0.367,0.983,0.88
cdk2,IGN(avg),5.0,NEF,,16.28,53.226,16.5,40,1240,62,33,0.972,34.138,0.9,82.5,0.649,0.633,0.983,0.88
cox1,IGN(avg),0.5,NEF,,28.72,85.714,26.571,40,1240,7,6,0.994,180.0,0.575,85.714,0.352,0.248,0.989,1.022
cox1,IGN(avg),1.0,NEF,,28.72,92.308,28.615,40,1240,13,12,0.997,360.0,0.65,92.308,0.519,0.444,0.989,1.022
cox1,IGN(avg),5.0,NEF,,17.26,56.452,17.5,40,1240,62,35,0.975,38.889,0.926,87.5,0.691,0.673,0.989,1.022
cox2,IGN(avg),0.5,NEF,,23.11,71.429,22.143,40,1240,7,5,0.987,75.0,0.562,71.429,0.291,0.205,1.0,1.096
cox2,IGN(avg),1.0,NEF,,23.11,76.923,23.846,40,1240,13,10,0.99,100.0,0.624,76.923,0.429,0.367,1.0,1.096
cox2,IGN(avg),5.0,NEF,,19.53,62.903,19.5,40,1240,62,39,0.981,50.87,0.978,97.5,0.775,0.755,1.0,1.096
ctsk,IGN(avg),0.5,NEF,,0.0,0.0,0.0,40,1240,7,0,0.0,0.0,0.497,0.0,-0.014,-0.01,0.841,0.092
ctsk,IGN(avg),1.0,NEF,,0.79,0.0,0.0,40,1240,13,0,0.0,0.0,0.495,0.0,-0.019,-0.016,0.841,0.092
ctsk,IGN(avg),5.0,NEF,,3.82,12.903,4.0,40,1240,62,8,0.816,4.444,0.578,20.0,0.126,0.122,0.841,0.092
cyp2a6,IGN(avg),0.5,NEF,,1.66,0.0,0.0,40,1240,7,0,0.0,0.0,0.497,0.0,-0.014,-0.01,0.685,0.08
cyp2a6,IGN(avg),1.0,NEF,,1.85,7.692,2.385,40,1240,13,1,0.714,2.5,0.507,7.692,0.026,0.022,0.685,0.08
cyp2a6,IGN(avg),5.0,NEF,,1.11,3.226,1.0,40,1240,62,2,0.5,1.0,0.5,5.0,0.0,0.0,0.685,0.08
dhfr,IGN(avg),0.5,NEF,,26.23,85.714,26.571,40,1240,7,6,0.994,180.0,0.575,85.714,0.352,0.248,0.944,0.884
dhfr,IGN(avg),1.0,NEF,,27.46,92.308,28.615,40,1240,13,12,0.997,360.0,0.65,92.308,0.519,0.444,0.944,0.884
dhfr,IGN(avg),5.0,NEF,,15.96,51.613,16.0,40,1240,62,32,0.97,32.0,0.888,80.0,0.628,0.612,0.944,0.884
egfr,IGN(avg),0.5,NEF,,14.71,42.857,13.286,40,1240,7,3,0.957,22.5,0.536,42.857,0.169,0.119,0.97,0.717
egfr,IGN(avg),1.0,NEF,,20.6,69.231,21.462,40,1240,13,9,0.985,67.5,0.611,69.231,0.385,0.329,0.97,0.717
egfr,IGN(avg),5.0,NEF,,17.05,54.839,17.0,40,1240,62,34,0.973,36.429,0.913,85.0,0.67,0.653,0.97,0.717
ephb4,IGN(avg),0.5,NEF,,24.57,85.714,26.571,40,1240,7,6,0.994,180.0,0.575,85.714,0.352,0.248,0.962,0.867
ephb4,IGN(avg),1.0,NEF,,24.9,76.923,23.846,40,1240,13,10,0.99,100.0,0.624,76.923,0.429,0.367,0.962,0.867
ephb4,IGN(avg),5.0,NEF,,16.42,53.226,16.5,40,1240,62,33,0.972,34.138,0.9,82.5,0.649,0.633,0.962,0.867
erbb2,IGN(avg),0.5,NEF,,19.73,57.143,17.714,40,1240,7,4,0.976,40.0,0.549,57.143,0.23,0.162,0.995,0.854
erbb2,IGN(avg),1.0,NEF,,21.38,69.231,21.462,40,1240,13,9,0.985,67.5,0.611,69.231,0.385,0.329,0.995,0.854
erbb2,IGN(avg),5.0,NEF,,19.24,61.29,19.0,40,1240,62,38,0.979,47.5,0.965,95.0,0.754,0.735,0.995,0.854
er-beta,IGN(avg),0.5,NEF,,28.59,85.714,26.571,40,1240,7,6,0.994,180.0,0.575,85.714,0.352,0.248,0.996,1.046
er-beta,IGN(avg),1.0,NEF,,27.53,92.308,28.615,40,1240,13,12,0.997,360.0,0.65,92.308,0.519,0.444,0.996,1.046
er-beta,IGN(avg),5.0,NEF,,18.38,59.677,18.5,40,1240,62,37,0.978,44.4,0.952,92.5,0.733,0.714,0.996,1.046
fgfr1,IGN(avg),0.5,NEF,,19.48,57.143,17.714,40,1240,7,4,0.976,40.0,0.549,57.143,0.23,0.162,0.991,0.792
fgfr1,IGN(avg),1.0,NEF,,20.43,69.231,21.462,40,1240,13,9,0.985,67.5,0.611,69.231,0.385,0.329,0.991,0.792
fgfr1,IGN(avg),5.0,NEF,,17.81,58.065,18.0,40,1240,62,36,0.976,41.538,0.939,90.0,0.712,0.694,0.991,0.792
fkbp1a,IGN(avg),0.5,NEF,,32.39,100.0,31.0,40,1240,7,7,1.0,inf,0.588,100.0,0.413,0.291,0.963,0.868
fkbp1a,IGN(avg),1.0,NEF,,31.56,100.0,31.0,40,1240,13,13,1.0,inf,0.662,100.0,0.564,0.482,0.963,0.868
fkbp1a,IGN(avg),5.0,NEF,,13.93,45.161,14.0,40,1240,62,28,0.961,24.706,0.836,70.0,0.545,0.531,0.963,0.868
fxa,IGN(avg),0.5,NEF,,30.59,100.0,31.0,40,1240,7,7,1.0,inf,0.588,100.0,0.413,0.291,0.99,0.986
fxa,IGN(avg),1.0,NEF,,30.59,100.0,31.0,40,1240,13,13,1.0,inf,0.662,100.0,0.564,0.482,0.99,0.986
fxa,IGN(avg),5.0,NEF,,18.18,58.065,18.0,40,1240,62,36,0.976,41.538,0.939,90.0,0.712,0.694,0.99,0.986
gba,IGN(avg),0.5,NEF,,30.88,100.0,31.0,40,1240,7,7,1.0,inf,0.588,100.0,0.413,0.291,0.965,0.754
gba,IGN(avg),1.0,NEF,,25.33,84.615,26.231,40,1240,13,11,0.994,165.0,0.637,84.615,0.474,0.406,0.965,0.754
gba,IGN(avg),5.0,NEF,,12.45,40.323,12.5,40,1240,62,25,0.953,20.27,0.797,62.5,0.482,0.469,0.965,0.754
gr,IGN(avg),0.5,NEF,,18.93,57.143,17.714,40,1240,7,4,0.976,40.0,0.549,57.143,0.23,0.162,0.963,0.682
gr,IGN(avg),1.0,NEF,,20.38,69.231,21.462,40,1240,13,9,0.985,67.5,0.611,69.231,0.385,0.329,0.963,0.682
gr,IGN(avg),5.0,NEF,,14.14,45.161,14.0,40,1240,62,28,0.961,24.706,0.836,70.0,0.545,0.531,0.963,0.682
gsk3b,IGN(avg),0.5,NEF,,27.28,85.714,26.571,40,1240,7,6,0.994,180.0,0.575,85.714,0.352,0.248,0.945,0.738
gsk3b,IGN(avg),1.0,NEF,,23.97,76.923,23.846,40,1240,13,10,0.99,100.0,0.624,76.923,0.429,0.367,0.945,0.738
gsk3b,IGN(avg),5.0,NEF,,13.51,43.548,13.5,40,1240,62,27,0.959,23.143,0.823,67.5,0.524,0.51,0.945,0.738
hdac2,IGN(avg),0.5,NEF,,28.9,100.0,31.0,40,1240,7,7,1.0,inf,0.588,100.0,0.413,0.291,0.994,0.993
hdac2,IGN(avg),1.0,NEF,,28.79,92.308,28.615,40,1240,13,12,0.997,360.0,0.65,92.308,0.519,0.444,0.994,0.993
hdac2,IGN(avg),5.0,NEF,,18.57,59.677,18.5,40,1240,62,37,0.978,44.4,0.952,92.5,0.733,0.714,0.994,0.993
hdac8,IGN(avg),0.5,NEF,,26.44,85.714,26.571,40,1240,7,6,0.994,180.0,0.575,85.714,0.352,0.248,0.99,0.914
hdac8,IGN(avg),1.0,NEF,,27.69,92.308,28.615,40,1240,13,12,0.997,360.0,0.65,92.308,0.519,0.444,0.99,0.914
hdac8,IGN(avg),5.0,NEF,,18.74,59.677,18.5,40,1240,62,37,0.978,44.4,0.952,92.5,0.733,0.714,0.99,0.914
hiv1pr,IGN(avg),0.5,NEF,,28.17,85.714,26.571,40,1240,7,6,0.994,180.0,0.575,85.714,0.352,0.248,0.991,0.907
hiv1pr,IGN(avg),1.0,NEF,,26.97,84.615,26.231,40,1240,13,11,0.994,165.0,0.637,84.615,0.474,0.406,0.991,0.907
hiv1pr,IGN(avg),5.0,NEF,,18.14,58.065,18.0,40,1240,62,36,0.976,41.538,0.939,90.0,0.712,0.694,0.991,0.907
hiv1rt,IGN(avg),0.5,NEF,,30.5,100.0,31.0,40,1240,7,7,1.0,inf,0.588,100.0,0.413,0.291,0.95,0.844
hiv1rt,IGN(avg),1.0,NEF,,28.74,92.308,28.615,40,1240,13,12,0.997,360.0,0.65,92.308,0.519,0.444,0.95,0.844
hiv1rt,IGN(avg),5.0,NEF,,14.88,48.387,15.0,40,1240,62,30,0.966,28.125,0.862,75.0,0.586,0.571,0.95,0.844
hmgr,IGN(avg),0.5,NEF,,27.98,85.714,26.571,40,1240,7,6,0.994,180.0,0.575,85.714,0.352,0.248,0.995,1.007
hmgr,IGN(avg),1.0,NEF,,29.34,92.308,28.615,40,1240,13,12,0.997,360.0,0.65,92.308,0.519,0.444,0.995,1.007
hmgr,IGN(avg),5.0,NEF,,19.12,61.29,19.0,40,1240,62,38,0.979,47.5,0.965,95.0,0.754,0.735,0.995,1.007
hsp90,IGN(avg),0.5,NEF,,27.46,85.714,26.571,40,1240,7,6,0.994,180.0,0.575,85.714,0.352,0.248,0.954,0.85
hsp90,IGN(avg),1.0,NEF,,25.68,84.615,26.231,40,1240,13,11,0.994,165.0,0.637,84.615,0.474,0.406,0.954,0.85
hsp90,IGN(avg),5.0,NEF,,14.26,46.774,14.5,40,1240,62,29,0.963,26.364,0.849,72.5,0.565,0.551,0.954,0.85
igf1r,IGN(avg),0.5,NEF,,26.48,85.714,26.571,40,1240,7,6,0.994,180.0,0.575,85.714,0.352,0.248,0.985,0.768
igf1r,IGN(avg),1.0,NEF,,21.52,69.231,21.462,40,1240,13,9,0.985,67.5,0.611,69.231,0.385,0.329,0.985,0.768
igf1r,IGN(avg),5.0,NEF,,16.16,51.613,16.0,40,1240,62,32,0.97,32.0,0.888,80.0,0.628,0.612,0.985,0.768
inha,IGN(avg),0.5,NEF,,10.21,28.571,8.857,40,1240,7,2,0.923,12.0,0.523,28.571,0.108,0.076,0.744,0.278
inha,IGN(avg),1.0,NEF,,7.85,23.077,7.154,40,1240,13,3,0.9,9.0,0.533,23.077,0.116,0.099,0.744,0.278
inha,IGN(avg),5.0,NEF,,6.42,20.968,6.5,40,1240,62,13,0.888,7.959,0.642,32.5,0.23,0.224,0.744,0.278
itk,IGN(avg),0.5,NEF,,21.75,71.429,22.143,40,1240,7,5,0.987,75.0,0.562,71.429,0.291,0.205,0.962,0.71
itk,IGN(avg),1.0,NEF,,21.08,69.231,21.462,40,1240,13,9,0.985,67.5,0.611,69.231,0.385,0.329,0.962,0.71
itk,IGN(avg),5.0,NEF,,13.64,43.548,13.5,40,1240,62,27,0.959,23.143,0.823,67.5,0.524,0.51,0.962,0.71
jak3,IGN(avg),0.5,NEF,,29.93,100.0,31.0,40,1240,7,7,1.0,inf,0.588,100.0,0.413,0.291,0.997,1.009
jak3,IGN(avg),1.0,NEF,,28.26,92.308,28.615,40,1240,13,12,0.997,360.0,0.65,92.308,0.519,0.444,0.997,1.009
jak3,IGN(avg),5.0,NEF,,19.45,62.903,19.5,40,1240,62,39,0.981,50.87,0.978,97.5,0.775,0.755,0.997,1.009
jnk1,IGN(avg),0.5,NEF,,24.5,85.714,26.571,40,1240,7,6,0.994,180.0,0.575,85.714,0.352,0.248,0.938,0.815
jnk1,IGN(avg),1.0,NEF,,26.25,84.615,26.231,40,1240,13,11,0.994,165.0,0.637,84.615,0.474,0.406,0.938,0.815
jnk1,IGN(avg),5.0,NEF,,15.75,51.613,16.0,40,1240,62,32,0.97,32.0,0.888,80.0,0.628,0.612,0.938,0.815
jnk2,IGN(avg),0.5,NEF,,13.34,42.857,13.286,40,1240,7,3,0.957,22.5,0.536,42.857,0.169,0.119,0.952,0.536
jnk2,IGN(avg),1.0,NEF,,11.68,38.462,11.923,40,1240,13,5,0.949,18.75,0.559,38.462,0.205,0.176,0.952,0.536
jnk2,IGN(avg),5.0,NEF,,13.91,45.161,14.0,40,1240,62,28,0.961,24.706,0.836,70.0,0.545,0.531,0.952,0.536
jnk3,IGN(avg),0.5,NEF,,23.1,71.429,22.143,40,1240,7,5,0.987,75.0,0.562,71.429,0.291,0.205,0.987,0.862
jnk3,IGN(avg),1.0,NEF,,28.05,92.308,28.615,40,1240,13,12,0.997,360.0,0.65,92.308,0.519,0.444,0.987,0.862
jnk3,IGN(avg),5.0,NEF,,17.49,56.452,17.5,40,1240,62,35,0.975,38.889,0.926,87.5,0.691,0.673,0.987,0.862
kif11,IGN(avg),0.5,NEF,,23.03,71.429,22.143,40,1240,7,5,0.987,75.0,0.562,71.429,0.291,0.205,0.973,0.823
kif11,IGN(avg),1.0,NEF,,24.8,76.923,23.846,40,1240,13,10,0.99,100.0,0.624,76.923,0.429,0.367,0.973,0.823
kif11,IGN(avg),5.0,NEF,,15.2,48.387,15.0,40,1240,62,30,0.966,28.125,0.862,75.0,0.586,0.571,0.973,0.823
lck,IGN(avg),0.5,NEF,,30.08,100.0,31.0,40,1240,7,7,1.0,inf,0.588,100.0,0.413,0.291,0.993,1.013
lck,IGN(avg),1.0,NEF,,30.08,100.0,31.0,40,1240,13,13,1.0,inf,0.662,100.0,0.564,0.482,0.993,1.013
lck,IGN(avg),5.0,NEF,,18.41,59.677,18.5,40,1240,62,37,0.978,44.4,0.952,92.5,0.733,0.714,0.993,1.013
mdm2,IGN(avg),0.5,NEF,,0.0,0.0,0.0,40,1240,7,0,0.0,0.0,0.497,0.0,-0.014,-0.01,0.706,0.02
mdm2,IGN(avg),1.0,NEF,,0.0,0.0,0.0,40,1240,13,0,0.0,0.0,0.495,0.0,-0.019,-0.016,0.706,0.02
mdm2,IGN(avg),5.0,NEF,,1.33,4.839,1.5,40,1240,62,3,0.604,1.525,0.513,7.5,0.021,0.02,0.706,0.02
mk2,IGN(avg),0.5,NEF,,26.22,85.714,26.571,40,1240,7,6,0.994,180.0,0.575,85.714,0.352,0.248,0.988,0.848
mk2,IGN(avg),1.0,NEF,,26.22,84.615,26.231,40,1240,13,11,0.994,165.0,0.637,84.615,0.474,0.406,0.988,0.848
mk2,IGN(avg),5.0,NEF,,15.82,51.613,16.0,40,1240,62,32,0.97,32.0,0.888,80.0,0.628,0.612,0.988,0.848
mmp2,IGN(avg),0.5,NEF,,16.08,57.143,17.714,40,1240,7,4,0.976,40.0,0.549,57.143,0.23,0.162,0.936,0.582
mmp2,IGN(avg),1.0,NEF,,15.74,53.846,16.692,40,1240,13,7,0.972,35.0,0.585,53.846,0.295,0.252,0.936,0.582
mmp2,IGN(avg),5.0,NEF,,13.04,41.935,13.0,40,1240,62,26,0.956,21.667,0.81,65.0,0.503,0.49,0.936,0.582
na,IGN(avg),0.5,NEF,,30.98,100.0,31.0,40,1240,7,7,1.0,inf,0.588,100.0,0.413,0.291,1.0,1.065
na,IGN(avg),1.0,NEF,,30.98,100.0,31.0,40,1240,13,13,1.0,inf,0.662,100.0,0.564,0.482,1.0,1.065
na,IGN(avg),5.0,NEF,,19.98,64.516,20.0,40,1240,62,40,0.982,54.545,0.991,100.0,0.796,0.776,1.0,1.065
p38-alpha,IGN(avg),0.5,NEF,,29.1,100.0,31.0,40,1240,7,7,1.0,inf,0.588,100.0,0.413,0.291,0.997,0.993
p38-alpha,IGN(avg),1.0,NEF,,29.77,92.308,28.615,40,1240,13,12,0.997,360.0,0.65,92.308,0.519,0.444,0.997,0.993
p38-alpha,IGN(avg),5.0,NEF,,19.38,62.903,19.5,40,1240,62,39,0.981,50.87,0.978,97.5,0.775,0.755,0.997,0.993
parp-1,IGN(avg),0.5,NEF,,30.13,100.0,31.0,40,1240,7,7,1.0,inf,0.588,100.0,0.413,0.291,0.987,1.03
parp-1,IGN(avg),1.0,NEF,,30.13,100.0,31.0,40,1240,13,13,1.0,inf,0.662,100.0,0.564,0.482,0.987,1.03
parp-1,IGN(avg),5.0,NEF,,18.11,58.065,18.0,40,1240,62,36,0.976,41.538,0.939,90.0,0.712,0.694,0.987,1.03
pde4b,IGN(avg),0.5,NEF,,16.13,57.143,17.714,40,1240,7,4,0.976,40.0,0.549,57.143,0.23,0.162,0.878,0.469
pde4b,IGN(avg),1.0,NEF,,15.01,46.154,14.308,40,1240,13,6,0.963,25.714,0.572,46.154,0.25,0.214,0.878,0.469
pde4b,IGN(avg),5.0,NEF,,7.95,25.806,8.0,40,1240,62,16,0.913,10.435,0.681,40.0,0.293,0.286,0.878,0.469
pde5,IGN(avg),0.5,NEF,,32.26,100.0,31.0,40,1240,7,7,1.0,inf,0.588,100.0,0.413,0.291,0.995,0.985
pde5,IGN(avg),1.0,NEF,,30.61,100.0,31.0,40,1240,13,13,1.0,inf,0.662,100.0,0.564,0.482,0.995,0.985
pde5,IGN(avg),5.0,NEF,,18.56,59.677,18.5,40,1240,62,37,0.978,44.4,0.952,92.5,0.733,0.714,0.995,0.985
pdk1,IGN(avg),0.5,NEF,,28.71,85.714,26.571,40,1240,7,6,0.994,180.0,0.575,85.714,0.352,0.248,0.986,0.865
pdk1,IGN(avg),1.0,NEF,,27.67,92.308,28.615,40,1240,13,12,0.997,360.0,0.65,92.308,0.519,0.444,0.986,0.865
pdk1,IGN(avg),5.0,NEF,,17.0,54.839,17.0,40,1240,62,34,0.973,36.429,0.913,85.0,0.67,0.653,0.986,0.865
pi3kg,IGN(avg),0.5,NEF,,8.86,28.571,8.857,40,1240,7,2,0.923,12.0,0.523,28.571,0.108,0.076,0.88,0.316
pi3kg,IGN(avg),1.0,NEF,,7.96,23.077,7.154,40,1240,13,3,0.9,9.0,0.533,23.077,0.116,0.099,0.88,0.316
pi3kg,IGN(avg),5.0,NEF,,8.48,27.419,8.5,40,1240,62,17,0.919,11.333,0.694,42.5,0.314,0.306,0.88,0.316
pim-1,IGN(avg),0.5,NEF,,12.95,42.857,13.286,40,1240,7,3,0.957,22.5,0.536,42.857,0.169,0.119,0.862,0.365
pim-1,IGN(avg),1.0,NEF,,12.4,38.462,11.923,40,1240,13,5,0.949,18.75,0.559,38.462,0.205,0.176,0.862,0.365
pim-1,IGN(avg),5.0,NEF,,6.94,22.581,7.0,40,1240,62,14,0.897,8.75,0.655,35.0,0.251,0.245,0.862,0.365
pim-2,IGN(avg),0.5,NEF,,8.85,28.571,8.857,40,1240,7,2,0.923,12.0,0.523,28.571,0.108,0.076,0.843,0.29
pim-2,IGN(avg),1.0,NEF,,6.35,23.077,7.154,40,1240,13,3,0.9,9.0,0.533,23.077,0.116,0.099,0.843,0.29
pim-2,IGN(avg),5.0,NEF,,6.77,22.581,7.0,40,1240,62,14,0.897,8.75,0.655,35.0,0.251,0.245,0.843,0.29
pnp,IGN(avg),0.5,NEF,,29.33,100.0,31.0,40,1240,7,7,1.0,inf,0.588,100.0,0.413,0.291,0.978,0.815
pnp,IGN(avg),1.0,NEF,,25.27,84.615,26.231,40,1240,13,11,0.994,165.0,0.637,84.615,0.474,0.406,0.978,0.815
pnp,IGN(avg),5.0,NEF,,15.9,51.613,16.0,40,1240,62,32,0.97,32.0,0.888,80.0,0.628,0.612,0.978,0.815
ppara,IGN(avg),0.5,NEF,,29.95,100.0,31.0,40,1240,7,7,1.0,inf,0.588,100.0,0.413,0.291,0.98,1.061
ppara,IGN(avg),1.0,NEF,,29.95,100.0,31.0,40,1240,13,13,1.0,inf,0.662,100.0,0.564,0.482,0.98,1.061
ppara,IGN(avg),5.0,NEF,,19.09,61.29,19.0,40,1240,62,38,0.979,47.5,0.965,95.0,0.754,0.735,0.98,1.061
pparg,IGN(avg),0.5,NEF,,28.5,85.714,26.571,40,1240,7,6,0.994,180.0,0.575,85.714,0.352,0.248,0.989,1.022
pparg,IGN(avg),1.0,NEF,,28.5,92.308,28.615,40,1240,13,12,0.997,360.0,0.65,92.308,0.519,0.444,0.989,1.022
pparg,IGN(avg),5.0,NEF,,17.83,58.065,18.0,40,1240,62,36,0.976,41.538,0.939,90.0,0.712,0.694,0.989,1.022
pr,IGN(avg),0.5,NEF,,29.4,100.0,31.0,40,1240,7,7,1.0,inf,0.588,100.0,0.413,0.291,0.986,0.966
pr,IGN(avg),1.0,NEF,,27.62,92.308,28.615,40,1240,13,12,0.997,360.0,0.65,92.308,0.519,0.444,0.986,0.966
pr,IGN(avg),5.0,NEF,,17.15,54.839,17.0,40,1240,62,34,0.973,36.429,0.913,85.0,0.67,0.653,0.986,0.966
prkcq,IGN(avg),0.5,NEF,,28.07,85.714,26.571,40,1240,7,6,0.994,180.0,0.575,85.714,0.352,0.248,0.984,0.836
prkcq,IGN(avg),1.0,NEF,,25.44,84.615,26.231,40,1240,13,11,0.994,165.0,0.637,84.615,0.474,0.406,0.984,0.836
prkcq,IGN(avg),5.0,NEF,,16.49,53.226,16.5,40,1240,62,33,0.972,34.138,0.9,82.5,0.649,0.633,0.984,0.836
pygl-in,IGN(avg),0.5,NEF,,16.13,57.143,17.714,40,1240,7,4,0.976,40.0,0.549,57.143,0.23,0.162,0.916,0.526
pygl-in,IGN(avg),1.0,NEF,,16.58,53.846,16.692,40,1240,13,7,0.972,35.0,0.585,53.846,0.295,0.252,0.916,0.526
pygl-in,IGN(avg),5.0,NEF,,9.77,32.258,10.0,40,1240,62,20,0.935,14.286,0.732,50.0,0.377,0.367,0.916,0.526
pygl-out,IGN(avg),0.5,NEF,,14.71,42.857,13.286,40,1240,7,3,0.957,22.5,0.536,42.857,0.169,0.119,0.971,0.666
pygl-out,IGN(avg),1.0,NEF,,19.02,61.538,19.077,40,1240,13,8,0.98,48.0,0.598,61.538,0.34,0.291,0.971,0.666
pygl-out,IGN(avg),5.0,NEF,,14.79,48.387,15.0,40,1240,62,30,0.966,28.125,0.862,75.0,0.586,0.571,0.971,0.666
qpct,IGN(avg),0.5,NEF,,1.47,0.0,0.0,40,1240,7,0,0.0,0.0,0.497,0.0,-0.014,-0.01,0.719,0.085
qpct,IGN(avg),1.0,NEF,,1.59,7.692,2.385,40,1240,13,1,0.714,2.5,0.507,7.692,0.026,0.022,0.719,0.085
qpct,IGN(avg),5.0,NEF,,2.5,8.065,2.5,40,1240,62,5,0.725,2.632,0.539,12.5,0.063,0.061,0.719,0.085
rock-1,IGN(avg),0.5,NEF,,22.97,71.429,22.143,40,1240,7,5,0.987,75.0,0.562,71.429,0.291,0.205,0.977,0.757
rock-1,IGN(avg),1.0,NEF,,20.87,69.231,21.462,40,1240,13,9,0.985,67.5,0.611,69.231,0.385,0.329,0.977,0.757
rock-1,IGN(avg),5.0,NEF,,15.98,51.613,16.0,40,1240,62,32,0.97,32.0,0.888,80.0,0.628,0.612,0.977,0.757
rxr,IGN(avg),0.5,NEF,,25.92,85.714,26.571,40,1240,7,6,0.994,180.0,0.575,85.714,0.352,0.248,1.0,1.084
rxr,IGN(avg),1.0,NEF,,25.92,84.615,26.231,40,1240,13,11,0.994,165.0,0.637,84.615,0.474,0.406,1.0,1.084
rxr,IGN(avg),5.0,NEF,,19.98,64.516,20.0,40,1240,62,40,0.982,54.545,0.991,100.0,0.796,0.776,1.0,1.084
sars-hcov,IGN(avg),0.5,NEF,,0.0,0.0,0.0,39,1209,7,0,0.0,0.0,0.497,0.0,-0.014,-0.01,0.423,0.024
sars-hcov,IGN(avg),1.0,NEF,,0.0,0.0,0.0,39,1209,13,0,0.0,0.0,0.494,0.0,-0.019,-0.016,0.423,0.024
sars-hcov,IGN(avg),5.0,NEF,,1.18,3.279,1.016,39,1209,61,2,0.504,1.017,0.5,5.128,0.001,0.001,0.423,0.024
sirt2,IGN(avg),0.5,NEF,,1.45,0.0,0.0,40,1240,7,0,0.0,0.0,0.497,0.0,-0.014,-0.01,0.711,0.055
sirt2,IGN(avg),1.0,NEF,,1.57,7.692,2.385,40,1240,13,1,0.714,2.5,0.507,7.692,0.026,0.022,0.711,0.055
sirt2,IGN(avg),5.0,NEF,,2.63,8.065,2.5,40,1240,62,5,0.725,2.632,0.539,12.5,0.063,0.061,0.711,0.055
src,IGN(avg),0.5,NEF,,29.57,100.0,31.0,40,1240,7,7,1.0,inf,0.588,100.0,0.413,0.291,0.976,0.915
src,IGN(avg),1.0,NEF,,27.87,92.308,28.615,40,1240,13,12,0.997,360.0,0.65,92.308,0.519,0.444,0.976,0.915
src,IGN(avg),5.0,NEF,,17.14,54.839,17.0,40,1240,62,34,0.973,36.429,0.913,85.0,0.67,0.653,0.976,0.915
thrombin,IGN(avg),0.5,NEF,,27.23,85.714,26.571,40,1240,7,6,0.994,180.0,0.575,85.714,0.352,0.248,0.969,0.92
thrombin,IGN(avg),1.0,NEF,,28.51,92.308,28.615,40,1240,13,12,0.997,360.0,0.65,92.308,0.519,0.444,0.969,0.92
thrombin,IGN(avg),5.0,NEF,,18.4,59.677,18.5,40,1240,62,37,0.978,44.4,0.952,92.5,0.733,0.714,0.969,0.92
tie2,IGN(avg),0.5,NEF,,19.68,57.143,17.714,40,1240,7,4,0.976,40.0,0.549,57.143,0.23,0.162,0.969,0.745
tie2,IGN(avg),1.0,NEF,,21.32,69.231,21.462,40,1240,13,9,0.985,67.5,0.611,69.231,0.385,0.329,0.969,0.745
tie2,IGN(avg),5.0,NEF,,16.73,53.226,16.5,40,1240,62,33,0.972,34.138,0.9,82.5,0.649,0.633,0.969,0.745
tk,IGN(avg),0.5,NEF,,28.6,85.714,26.571,40,1240,7,6,0.994,180.0,0.575,85.714,0.352,0.248,0.969,0.833
tk,IGN(avg),1.0,NEF,,27.56,92.308,28.615,40,1240,13,12,0.997,360.0,0.65,92.308,0.519,0.444,0.969,0.833
tk,IGN(avg),5.0,NEF,,15.13,48.387,15.0,40,1240,62,30,0.966,28.125,0.862,75.0,0.586,0.571,0.969,0.833
tp,IGN(avg),0.5,NEF,,0.0,0.0,0.0,40,1240,7,0,0.0,0.0,0.497,0.0,-0.014,-0.01,0.564,0.007
tp,IGN(avg),1.0,NEF,,0.0,0.0,0.0,40,1240,13,0,0.0,0.0,0.495,0.0,-0.019,-0.016,0.564,0.007
tp,IGN(avg),5.0,NEF,,0.64,1.613,0.5,40,1240,62,1,0.33,0.492,0.487,2.5,-0.021,-0.02,0.564,0.007
tpa,IGN(avg),0.5,NEF,,30.55,100.0,31.0,40,1240,7,7,1.0,inf,0.588,100.0,0.413,0.291,0.989,1.018
tpa,IGN(avg),1.0,NEF,,30.55,100.0,31.0,40,1240,13,13,1.0,inf,0.662,100.0,0.564,0.482,0.989,1.018
tpa,IGN(avg),5.0,NEF,,18.12,58.065,18.0,40,1240,62,36,0.976,41.538,0.939,90.0,0.712,0.694,0.989,1.018
ts,IGN(avg),0.5,NEF,,26.14,85.714,26.55,40,1239,7,6,0.994,179.85,0.575,85.714,0.352,0.248,0.977,0.842
ts,IGN(avg),1.0,NEF,,26.59,84.615,26.21,40,1239,13,11,0.994,164.862,0.637,84.615,0.474,0.406,0.977,0.842
ts,IGN(avg),5.0,NEF,,16.17,51.613,15.987,40,1239,62,32,0.97,31.973,0.887,80.0,0.628,0.612,0.977,0.842
upa,IGN(avg),0.5,NEF,,26.58,85.714,26.571,40,1240,7,6,0.994,180.0,0.575,85.714,0.352,0.248,0.949,0.824
upa,IGN(avg),1.0,NEF,,24.92,76.923,23.846,40,1240,13,10,0.99,100.0,0.624,76.923,0.429,0.367,0.949,0.824
upa,IGN(avg),5.0,NEF,,13.95,45.161,14.0,40,1240,62,28,0.961,24.706,0.836,70.0,0.545,0.531,0.949,0.824
vegfr1,IGN(avg),0.5,NEF,,23.29,71.429,22.143,40,1240,7,5,0.987,75.0,0.562,71.429,0.291,0.205,0.991,0.875
vegfr1,IGN(avg),1.0,NEF,,24.96,76.923,23.846,40,1240,13,10,0.99,100.0,0.624,76.923,0.429,0.367,0.991,0.875
vegfr1,IGN(avg),5.0,NEF,,18.39,59.677,18.5,40,1240,62,37,0.978,44.4,0.952,92.5,0.733,0.714,0.991,0.875
vegfr2,IGN(avg),0.5,NEF,,29.79,100.0,31.0,40,1240,7,7,1.0,inf,0.588,100.0,0.413,0.291,0.985,0.946
vegfr2,IGN(avg),1.0,NEF,,27.27,84.615,26.231,40,1240,13,11,0.994,165.0,0.637,84.615,0.474,0.406,0.985,0.946
vegfr2,IGN(avg),5.0,NEF,,18.12,58.065,18.0,40,1240,62,36,0.976,41.538,0.939,90.0,0.712,0.694,0.985,0.946
11betahsd1,KarmaDock Aligned,0.5,NEF,,0.0,0.0,0.0,40,1240,7,0,0.0,0.0,0.497,0.0,-0.014,-0.01,0.587,0.029
11betahsd1,KarmaDock Aligned,1.0,NEF,,0.0,0.0,0.0,40,1240,13,0,0.0,0.0,0.495,0.0,-0.019,-0.016,0.587,0.029
11betahsd1,KarmaDock Aligned,5.0,NEF,,1.522,4.839,1.5,40,1240,62,3,0.604,1.525,0.513,7.5,0.021,0.02,0.587,0.029
17betahsd1,KarmaDock Aligned,0.5,NEF,,0.0,0.0,0.0,40,1240,7,0,0.0,0.0,0.497,0.0,-0.014,-0.01,0.537,0.017
17betahsd1,KarmaDock Aligned,1.0,NEF,,0.0,0.0,0.0,40,1240,13,0,0.0,0.0,0.495,0.0,-0.019,-0.016,0.537,0.017
17betahsd1,KarmaDock Aligned,5.0,NEF,,1.509,4.839,1.5,40,1240,62,3,0.604,1.525,0.513,7.5,0.021,0.02,0.537,0.017
a2a,KarmaDock Aligned,0.5,NEF,,5.117,14.286,4.429,40,1240,7,1,0.833,5.0,0.51,14.286,0.047,0.033,0.718,0.226
a2a,KarmaDock Aligned,1.0,NEF,,10.233,30.769,9.538,40,1240,13,4,0.93,13.333,0.546,30.769,0.16,0.137,0.718,0.226
a2a,KarmaDock Aligned,5.0,NEF,,4.53,14.516,4.5,40,1240,62,9,0.836,5.094,0.59,22.5,0.147,0.143,0.718,0.226
ace,KarmaDock Aligned,0.5,NEF,,15.438,42.857,13.286,40,1240,7,3,0.957,22.5,0.536,42.857,0.169,0.119,0.686,0.469
ace,KarmaDock Aligned,1.0,NEF,,12.865,38.462,11.923,40,1240,13,5,0.949,18.75,0.559,38.462,0.205,0.176,0.686,0.469
ace,KarmaDock Aligned,5.0,NEF,,8.098,25.806,8.0,40,1240,62,16,0.913,10.435,0.681,40.0,0.293,0.286,0.686,0.469
ace2,KarmaDock Aligned,0.5,NEF,,5.162,14.286,4.429,40,1240,7,1,0.833,5.0,0.51,14.286,0.047,0.033,0.43,0.06
ace2,KarmaDock Aligned,1.0,NEF,,2.581,7.692,2.385,40,1240,13,1,0.714,2.5,0.507,7.692,0.026,0.022,0.43,0.06
ace2,KarmaDock Aligned,5.0,NEF,,0.508,1.613,0.5,40,1240,62,1,0.33,0.492,0.487,2.5,-0.021,-0.02,0.43,0.06
ache,KarmaDock Aligned,0.5,NEF,,5.075,14.286,4.429,40,1240,7,1,0.833,5.0,0.51,14.286,0.047,0.033,0.48,0.158
ache,KarmaDock Aligned,1.0,NEF,,5.075,15.385,4.769,40,1240,13,2,0.845,5.455,0.52,15.385,0.071,0.061,0.48,0.158
ache,KarmaDock Aligned,5.0,NEF,,3.045,9.677,3.0,40,1240,62,6,0.763,3.214,0.552,15.0,0.084,0.082,0.48,0.158
adam17,KarmaDock Aligned,0.5,NEF,,10.242,28.571,8.857,40,1240,7,2,0.923,12.0,0.523,28.571,0.108,0.076,0.581,0.142
adam17,KarmaDock Aligned,1.0,NEF,,5.121,15.385,4.769,40,1240,13,2,0.845,5.455,0.52,15.385,0.071,0.061,0.581,0.142
adam17,KarmaDock Aligned,5.0,NEF,,2.015,6.452,2.0,40,1240,62,4,0.674,2.069,0.526,10.0,0.042,0.041,0.581,0.142
adrb2,KarmaDock Aligned,0.5,NEF,,0.0,0.0,0.0,40,1240,7,0,0.0,0.0,0.497,0.0,-0.014,-0.01,0.519,0.024
adrb2,KarmaDock Aligned,1.0,NEF,,0.0,0.0,0.0,40,1240,13,0,0.0,0.0,0.495,0.0,-0.019,-0.016,0.519,0.024
adrb2,KarmaDock Aligned,5.0,NEF,,1.01,3.226,1.0,40,1240,62,2,0.5,1.0,0.5,5.0,0.0,0.0,0.519,0.024
akt1,KarmaDock Aligned,0.5,NEF,,5.915,14.286,4.429,40,1240,7,1,0.833,5.0,0.51,14.286,0.047,0.033,0.807,0.338
akt1,KarmaDock Aligned,1.0,NEF,,10.755,38.462,11.923,40,1240,13,5,0.949,18.75,0.559,38.462,0.205,0.176,0.807,0.338
akt1,KarmaDock Aligned,5.0,NEF,,6.015,19.355,6.0,40,1240,62,12,0.878,7.2,0.629,30.0,0.209,0.204,0.807,0.338
alr2,KarmaDock Aligned,0.5,NEF,,0.0,0.0,0.0,40,1240,7,0,0.0,0.0,0.497,0.0,-0.014,-0.01,0.514,0.098
alr2,KarmaDock Aligned,1.0,NEF,,2.552,7.692,2.385,40,1240,13,1,0.714,2.5,0.507,7.692,0.026,0.022,0.514,0.098
alr2,KarmaDock Aligned,5.0,NEF,,3.514,11.29,3.5,40,1240,62,7,0.792,3.818,0.565,17.5,0.105,0.102,0.514,0.098
ar,KarmaDock Aligned,0.5,NEF,,10.717,28.571,8.857,40,1240,7,2,0.923,12.0,0.523,28.571,0.108,0.076,0.856,0.74
ar,KarmaDock Aligned,1.0,NEF,,13.396,46.154,14.308,40,1240,13,6,0.963,25.714,0.572,46.154,0.25,0.214,0.856,0.74
ar,KarmaDock Aligned,5.0,NEF,,7.033,22.581,7.0,40,1240,62,14,0.897,8.75,0.655,35.0,0.251,0.245,0.856,0.74
aurka,KarmaDock Aligned,0.5,NEF,,30.275,100.0,31.0,40,1240,7,7,1.0,inf,0.588,100.0,0.413,0.291,0.907,0.874
aurka,KarmaDock Aligned,1.0,NEF,,25.229,84.615,26.231,40,1240,13,11,0.994,165.0,0.637,84.615,0.474,0.406,0.907,0.874
aurka,KarmaDock Aligned,5.0,NEF,,13.624,43.548,13.5,40,1240,62,27,0.959,23.143,0.823,67.5,0.524,0.51,0.907,0.874
aurkb,KarmaDock Aligned,0.5,NEF,,30.375,100.0,31.0,40,1240,7,7,1.0,inf,0.588,100.0,0.413,0.291,0.883,0.845
aurkb,KarmaDock Aligned,1.0,NEF,,30.375,100.0,31.0,40,1240,13,13,1.0,inf,0.662,100.0,0.564,0.482,0.883,0.845
aurkb,KarmaDock Aligned,5.0,NEF,,13.162,41.935,13.0,40,1240,62,26,0.956,21.667,0.81,65.0,0.503,0.49,0.883,0.845
bcl2,KarmaDock Aligned,0.5,NEF,,10.175,28.571,8.857,40,1240,7,2,0.923,12.0,0.523,28.571,0.108,0.076,0.562,0.172
bcl2,KarmaDock Aligned,1.0,NEF,,5.088,15.385,4.769,40,1240,13,2,0.845,5.455,0.52,15.385,0.071,0.061,0.562,0.172
bcl2,KarmaDock Aligned,5.0,NEF,,3.002,9.677,3.0,40,1240,62,6,0.763,3.214,0.552,15.0,0.084,0.082,0.562,0.172
braf,KarmaDock Aligned,0.5,NEF,,20.167,71.429,22.143,40,1240,7,5,0.987,75.0,0.562,71.429,0.291,0.205,0.797,0.351
braf,KarmaDock Aligned,1.0,NEF,,12.604,38.462,11.923,40,1240,13,5,0.949,18.75,0.559,38.462,0.205,0.176,0.797,0.351
braf,KarmaDock Aligned,5.0,NEF,,5.042,16.129,5.0,40,1240,62,10,0.852,5.769,0.603,25.0,0.168,0.163,0.797,0.351
catl,KarmaDock Aligned,0.5,NEF,,10.275,28.571,8.857,40,1240,7,2,0.923,12.0,0.523,28.571,0.108,0.076,0.592,0.246
catl,KarmaDock Aligned,1.0,NEF,,7.706,23.077,7.154,40,1240,13,3,0.9,9.0,0.533,23.077,0.116,0.099,0.592,0.246
catl,KarmaDock Aligned,5.0,NEF,,5.053,16.129,5.0,40,1240,62,10,0.852,5.769,0.603,25.0,0.168,0.163,0.592,0.246
cdk2,KarmaDock Aligned,0.5,NEF,,29.9,100.0,31.0,40,1240,7,7,1.0,inf,0.588,100.0,0.413,0.291,0.932,0.793
cdk2,KarmaDock Aligned,1.0,NEF,,24.464,76.923,23.846,40,1240,13,10,0.99,100.0,0.624,76.923,0.429,0.367,0.932,0.793
cdk2,KarmaDock Aligned,5.0,NEF,,12.163,38.71,12.0,40,1240,62,24,0.95,18.947,0.784,60.0,0.461,0.449,0.932,0.793
cox1,KarmaDock Aligned,0.5,NEF,,11.2,42.857,13.286,40,1240,7,3,0.957,22.5,0.536,42.857,0.169,0.119,0.689,0.323
cox1,KarmaDock Aligned,1.0,NEF,,7.636,23.077,7.154,40,1240,13,3,0.9,9.0,0.533,23.077,0.116,0.099,0.689,0.323
cox1,KarmaDock Aligned,5.0,NEF,,4.5,14.516,4.5,40,1240,62,9,0.836,5.094,0.59,22.5,0.147,0.143,0.689,0.323
cox2,KarmaDock Aligned,0.5,NEF,,0.0,0.0,0.0,40,1240,7,0,0.0,0.0,0.497,0.0,-0.014,-0.01,0.803,0.203
cox2,KarmaDock Aligned,1.0,NEF,,5.362,15.385,4.769,40,1240,13,2,0.845,5.455,0.52,15.385,0.071,0.061,0.803,0.203
cox2,KarmaDock Aligned,5.0,NEF,,4.596,14.516,4.5,40,1240,62,9,0.836,5.094,0.59,22.5,0.147,0.143,0.803,0.203
ctsk,KarmaDock Aligned,0.5,NEF,,5.146,14.286,4.429,40,1240,7,1,0.833,5.0,0.51,14.286,0.047,0.033,0.36,0.092
ctsk,KarmaDock Aligned,1.0,NEF,,2.573,7.692,2.385,40,1240,13,1,0.714,2.5,0.507,7.692,0.026,0.022,0.36,0.092
ctsk,KarmaDock Aligned,5.0,NEF,,2.025,6.452,2.0,40,1240,62,4,0.674,2.069,0.526,10.0,0.042,0.041,0.36,0.092
cyp2a6,KarmaDock Aligned,0.5,NEF,,0.0,0.0,0.0,40,1240,7,0,0.0,0.0,0.497,0.0,-0.014,-0.01,0.514,0.054
cyp2a6,KarmaDock Aligned,1.0,NEF,,0.0,0.0,0.0,40,1240,13,0,0.0,0.0,0.495,0.0,-0.019,-0.016,0.514,0.054
cyp2a6,KarmaDock Aligned,5.0,NEF,,2.004,6.452,2.0,40,1240,62,4,0.674,2.069,0.526,10.0,0.042,0.041,0.514,0.054
dhfr,KarmaDock Aligned,0.5,NEF,,15.3,42.857,13.286,40,1240,7,3,0.957,22.5,0.536,42.857,0.169,0.119,0.779,0.453
dhfr,KarmaDock Aligned,1.0,NEF,,15.3,46.154,14.308,40,1240,13,6,0.963,25.714,0.572,46.154,0.25,0.214,0.779,0.453
dhfr,KarmaDock Aligned,5.0,NEF,,9.531,30.645,9.5,40,1240,62,19,0.93,13.256,0.72,47.5,0.356,0.347,0.779,0.453
egfr,KarmaDock Aligned,0.5,NEF,,25.083,85.714,26.571,40,1240,7,6,0.994,180.0,0.575,85.714,0.352,0.248,0.863,0.7
egfr,KarmaDock Aligned,1.0,NEF,,25.083,84.615,26.231,40,1240,13,11,0.994,165.0,0.637,84.615,0.474,0.406,0.863,0.7
egfr,KarmaDock Aligned,5.0,NEF,,10.033,32.258,10.0,40,1240,62,20,0.935,14.286,0.732,50.0,0.377,0.367,0.863,0.7
ephb4,KarmaDock Aligned,0.5,NEF,,30.35,100.0,31.0,40,1240,7,7,1.0,inf,0.588,100.0,0.413,0.291,0.974,0.899
ephb4,KarmaDock Aligned,1.0,NEF,,27.821,92.308,28.615,40,1240,13,12,0.997,360.0,0.65,92.308,0.519,0.444,0.974,0.899
ephb4,KarmaDock Aligned,5.0,NEF,,16.187,51.613,16.0,40,1240,62,32,0.97,32.0,0.888,80.0,0.628,0.612,0.974,0.899
erbb2,KarmaDock Aligned,0.5,NEF,,29.575,100.0,31.0,40,1240,7,7,1.0,inf,0.588,100.0,0.413,0.291,0.96,0.909
erbb2,KarmaDock Aligned,1.0,NEF,,26.886,84.615,26.231,40,1240,13,11,0.994,165.0,0.637,84.615,0.474,0.406,0.96,0.909
erbb2,KarmaDock Aligned,5.0,NEF,,16.041,51.613,16.0,40,1240,62,32,0.97,32.0,0.888,80.0,0.628,0.612,0.96,0.909
er-beta,KarmaDock Aligned,0.5,NEF,,15.75,57.143,17.714,40,1240,7,4,0.976,40.0,0.549,57.143,0.23,0.162,0.88,0.717
er-beta,KarmaDock Aligned,1.0,NEF,,15.75,53.846,16.692,40,1240,13,7,0.972,35.0,0.585,53.846,0.295,0.252,0.88,0.717
er-beta,KarmaDock Aligned,5.0,NEF,,9.5,30.645,9.5,40,1240,62,19,0.93,13.256,0.72,47.5,0.356,0.347,0.88,0.717
fgfr1,KarmaDock Aligned,0.5,NEF,,17.685,57.143,17.714,40,1240,7,4,0.976,40.0,0.549,57.143,0.23,0.162,0.909,0.782
fgfr1,KarmaDock Aligned,1.0,NEF,,24.116,76.923,23.846,40,1240,13,10,0.99,100.0,0.624,76.923,0.429,0.367,0.909,0.782
fgfr1,KarmaDock Aligned,5.0,NEF,,11.688,37.097,11.5,40,1240,62,23,0.947,17.692,0.771,57.5,0.44,0.429,0.909,0.782
fkbp1a,KarmaDock Aligned,0.5,NEF,,30.825,100.0,31.0,40,1240,7,7,1.0,inf,0.588,100.0,0.413,0.291,0.822,0.722
fkbp1a,KarmaDock Aligned,1.0,NEF,,30.825,100.0,31.0,40,1240,13,13,1.0,inf,0.662,100.0,0.564,0.482,0.822,0.722
fkbp1a,KarmaDock Aligned,5.0,NEF,,8.591,27.419,8.5,40,1240,62,17,0.919,11.333,0.694,42.5,0.314,0.306,0.822,0.722
fxa,KarmaDock Aligned,0.5,NEF,,23.88,71.429,22.143,40,1240,7,5,0.987,75.0,0.562,71.429,0.291,0.205,0.766,0.551
fxa,KarmaDock Aligned,1.0,NEF,,21.709,69.231,21.462,40,1240,13,9,0.985,67.5,0.611,69.231,0.385,0.329,0.766,0.551
fxa,KarmaDock Aligned,5.0,NEF,,7.589,24.194,7.5,40,1240,62,15,0.905,9.574,0.668,37.5,0.272,0.265,0.766,0.551
gba,KarmaDock Aligned,0.5,NEF,,5.125,14.286,4.429,40,1240,7,1,0.833,5.0,0.51,14.286,0.047,0.033,0.701,0.132
gba,KarmaDock Aligned,1.0,NEF,,2.562,7.692,2.385,40,1240,13,1,0.714,2.5,0.507,7.692,0.026,0.022,0.701,0.132
gba,KarmaDock Aligned,5.0,NEF,,4.033,12.903,4.0,40,1240,62,8,0.816,4.444,0.578,20.0,0.126,0.122,0.701,0.132
gr,KarmaDock Aligned,0.5,NEF,,20.383,71.429,22.143,40,1240,7,5,0.987,75.0,0.562,71.429,0.291,0.205,0.642,0.297
gr,KarmaDock Aligned,1.0,NEF,,10.192,30.769,9.538,40,1240,13,4,0.93,13.333,0.546,30.769,0.16,0.137,0.642,0.297
gr,KarmaDock Aligned,5.0,NEF,,4.01,12.903,4.0,40,1240,62,8,0.816,4.444,0.578,20.0,0.126,0.122,0.642,0.297
gsk3b,KarmaDock Aligned,0.5,NEF,,25.104,85.714,26.571,40,1240,7,6,0.994,180.0,0.575,85.714,0.352,0.248,0.911,0.754
gsk3b,KarmaDock Aligned,1.0,NEF,,25.104,84.615,26.231,40,1240,13,11,0.994,165.0,0.637,84.615,0.474,0.406,0.911,0.754
gsk3b,KarmaDock Aligned,5.0,NEF,,14.058,45.161,14.0,40,1240,62,28,0.961,24.706,0.836,70.0,0.545,0.531,0.911,0.754
hdac2,KarmaDock Aligned,0.5,NEF,,15.175,42.857,13.286,40,1240,7,3,0.957,22.5,0.536,42.857,0.169,0.119,0.486,0.189
hdac2,KarmaDock Aligned,1.0,NEF,,7.588,23.077,7.154,40,1240,13,3,0.9,9.0,0.533,23.077,0.116,0.099,0.486,0.189
hdac2,KarmaDock Aligned,5.0,NEF,,2.023,6.452,2.0,40,1240,62,4,0.674,2.069,0.526,10.0,0.042,0.041,0.486,0.189
hdac8,KarmaDock Aligned,0.5,NEF,,0.0,0.0,0.0,40,1240,7,0,0.0,0.0,0.497,0.0,-0.014,-0.01,0.474,0.0
hdac8,KarmaDock Aligned,1.0,NEF,,0.0,0.0,0.0,40,1240,13,0,0.0,0.0,0.495,0.0,-0.019,-0.016,0.474,0.0
hdac8,KarmaDock Aligned,5.0,NEF,,0.0,0.0,0.0,40,1240,62,0,0.0,0.0,0.474,0.0,-0.042,-0.041,0.474,0.0
hiv1pr,KarmaDock Aligned,0.5,NEF,,32.865,100.0,31.0,40,1240,7,7,1.0,inf,0.588,100.0,0.413,0.291,0.864,0.927
hiv1pr,KarmaDock Aligned,1.0,NEF,,32.865,107.692,33.385,40,1240,13,14,1.002,inf,0.675,100.0,0.609,0.521,0.864,0.927
hiv1pr,KarmaDock Aligned,5.0,NEF,,14.789,48.387,15.0,40,1240,62,30,0.966,28.125,0.862,75.0,0.586,0.571,0.864,0.927
hiv1rt,KarmaDock Aligned,0.5,NEF,,0.0,0.0,0.0,40,1240,7,0,0.0,0.0,0.497,0.0,-0.014,-0.01,0.67,0.102
hiv1rt,KarmaDock Aligned,1.0,NEF,,5.071,15.385,4.769,40,1240,13,2,0.845,5.455,0.52,15.385,0.071,0.061,0.67,0.102
hiv1rt,KarmaDock Aligned,5.0,NEF,,3.042,9.677,3.0,40,1240,62,6,0.763,3.214,0.552,15.0,0.084,0.082,0.67,0.102
hmgr,KarmaDock Aligned,0.5,NEF,,25.771,85.714,26.571,40,1240,7,6,0.994,180.0,0.575,85.714,0.352,0.248,0.939,0.859
hmgr,KarmaDock Aligned,1.0,NEF,,28.348,92.308,28.615,40,1240,13,12,0.997,360.0,0.65,92.308,0.519,0.444,0.939,0.859
hmgr,KarmaDock Aligned,5.0,NEF,,14.702,46.774,14.5,40,1240,62,29,0.963,26.364,0.849,72.5,0.565,0.551,0.939,0.859
hsp90,KarmaDock Aligned,0.5,NEF,,20.217,71.429,22.143,40,1240,7,5,0.987,75.0,0.562,71.429,0.291,0.205,0.786,0.418
hsp90,KarmaDock Aligned,1.0,NEF,,15.162,46.154,14.308,40,1240,13,6,0.963,25.714,0.572,46.154,0.25,0.214,0.786,0.418
hsp90,KarmaDock Aligned,5.0,NEF,,6.065,19.355,6.0,40,1240,62,12,0.878,7.2,0.629,30.0,0.209,0.204,0.786,0.418
igf1r,KarmaDock Aligned,0.5,NEF,,17.445,57.143,17.714,40,1240,7,4,0.976,40.0,0.549,57.143,0.23,0.162,0.923,0.597
igf1r,KarmaDock Aligned,1.0,NEF,,18.502,61.538,19.077,40,1240,13,8,0.98,48.0,0.598,61.538,0.34,0.291,0.923,0.597
igf1r,KarmaDock Aligned,5.0,NEF,,11.53,37.097,11.5,40,1240,62,23,0.947,17.692,0.771,57.5,0.44,0.429,0.923,0.597
inha,KarmaDock Aligned,0.5,NEF,,0.0,0.0,0.0,40,1240,7,0,0.0,0.0,0.497,0.0,-0.014,-0.01,0.509,0.013
inha,KarmaDock Aligned,1.0,NEF,,0.0,0.0,0.0,40,1240,13,0,0.0,0.0,0.495,0.0,-0.019,-0.016,0.509,0.013
inha,KarmaDock Aligned,5.0,NEF,,1.004,3.226,1.0,40,1240,62,2,0.5,1.0,0.5,5.0,0.0,0.0,0.509,0.013
itk,KarmaDock Aligned,0.5,NEF,,20.283,71.429,22.143,40,1240,7,5,0.987,75.0,0.562,71.429,0.291,0.205,0.755,0.376
itk,KarmaDock Aligned,1.0,NEF,,12.677,38.462,11.923,40,1240,13,5,0.949,18.75,0.559,38.462,0.205,0.176,0.755,0.376
itk,KarmaDock Aligned,5.0,NEF,,4.564,14.516,4.5,40,1240,62,9,0.836,5.094,0.59,22.5,0.147,0.143,0.755,0.376
jak3,KarmaDock Aligned,0.5,NEF,,23.94,71.429,22.143,40,1240,7,5,0.987,75.0,0.562,71.429,0.291,0.205,0.918,0.798
jak3,KarmaDock Aligned,1.0,NEF,,27.205,84.615,26.231,40,1240,13,11,0.994,165.0,0.637,84.615,0.474,0.406,0.918,0.798
jak3,KarmaDock Aligned,5.0,NEF,,13.187,41.935,13.0,40,1240,62,26,0.956,21.667,0.81,65.0,0.503,0.49,0.918,0.798
jnk1,KarmaDock Aligned,0.5,NEF,,17.985,57.143,17.714,40,1240,7,4,0.976,40.0,0.549,57.143,0.23,0.162,0.858,0.698
jnk1,KarmaDock Aligned,1.0,NEF,,21.8,69.231,21.462,40,1240,13,9,0.985,67.5,0.611,69.231,0.385,0.329,0.858,0.698
jnk1,KarmaDock Aligned,5.0,NEF,,12.701,40.323,12.5,40,1240,62,25,0.953,20.27,0.797,62.5,0.482,0.469,0.858,0.698
jnk2,KarmaDock Aligned,0.5,NEF,,23.44,71.429,22.143,40,1240,7,5,0.987,75.0,0.562,71.429,0.291,0.205,0.588,0.391
jnk2,KarmaDock Aligned,1.0,NEF,,15.982,53.846,16.692,40,1240,13,7,0.972,35.0,0.585,53.846,0.295,0.252,0.588,0.391
jnk2,KarmaDock Aligned,5.0,NEF,,3.536,11.29,3.5,40,1240,62,7,0.792,3.818,0.565,17.5,0.105,0.102,0.588,0.391
jnk3,KarmaDock Aligned,0.5,NEF,,30.25,100.0,31.0,40,1240,7,7,1.0,inf,0.588,100.0,0.413,0.291,0.84,0.689
jnk3,KarmaDock Aligned,1.0,NEF,,22.688,76.923,23.846,40,1240,13,10,0.99,100.0,0.624,76.923,0.429,0.367,0.84,0.689
jnk3,KarmaDock Aligned,5.0,NEF,,9.579,30.645,9.5,40,1240,62,19,0.93,13.256,0.72,47.5,0.356,0.347,0.84,0.689
kif11,KarmaDock Aligned,0.5,NEF,,5.038,14.286,4.429,40,1240,7,1,0.833,5.0,0.51,14.286,0.047,0.033,0.641,0.214
kif11,KarmaDock Aligned,1.0,NEF,,7.556,23.077,7.154,40,1240,13,3,0.9,9.0,0.533,23.077,0.116,0.099,0.641,0.214
kif11,KarmaDock Aligned,5.0,NEF,,4.534,14.516,4.5,40,1240,62,9,0.836,5.094,0.59,22.5,0.147,0.143,0.641,0.214
lck,KarmaDock Aligned,0.5,NEF,,25.062,85.714,26.571,40,1240,7,6,0.994,180.0,0.575,85.714,0.352,0.248,0.827,0.717
lck,KarmaDock Aligned,1.0,NEF,,25.062,84.615,26.231,40,1240,13,11,0.994,165.0,0.637,84.615,0.474,0.406,0.827,0.717
lck,KarmaDock Aligned,5.0,NEF,,11.028,35.484,11.0,40,1240,62,22,0.943,16.5,0.758,55.0,0.419,0.408,0.827,0.717
mdm2,KarmaDock Aligned,0.5,NEF,,17.955,57.143,17.714,40,1240,7,4,0.976,40.0,0.549,57.143,0.23,0.162,0.614,0.299
mdm2,KarmaDock Aligned,1.0,NEF,,10.882,38.462,11.923,40,1240,13,5,0.949,18.75,0.559,38.462,0.205,0.176,0.614,0.299
mdm2,KarmaDock Aligned,5.0,NEF,,4.058,12.903,4.0,40,1240,62,8,0.816,4.444,0.578,20.0,0.126,0.122,0.614,0.299
mk2,KarmaDock Aligned,0.5,NEF,,23.32,71.429,22.143,40,1240,7,5,0.987,75.0,0.562,71.429,0.291,0.205,0.955,0.719
mk2,KarmaDock Aligned,1.0,NEF,,23.85,76.923,23.846,40,1240,13,10,0.99,100.0,0.624,76.923,0.429,0.367,0.955,0.719
mk2,KarmaDock Aligned,5.0,NEF,,12.565,40.323,12.5,40,1240,62,25,0.953,20.27,0.797,62.5,0.482,0.469,0.955,0.719
mmp2,KarmaDock Aligned,0.5,NEF,,0.0,0.0,0.0,40,1240,7,0,0.0,0.0,0.497,0.0,-0.014,-0.01,0.444,0.002
mmp2,KarmaDock Aligned,1.0,NEF,,0.0,0.0,0.0,40,1240,13,0,0.0,0.0,0.495,0.0,-0.019,-0.016,0.444,0.002
mmp2,KarmaDock Aligned,5.0,NEF,,0.502,1.613,0.5,40,1240,62,1,0.33,0.492,0.487,2.5,-0.021,-0.02,0.444,0.002
na,KarmaDock Aligned,0.5,NEF,,30.975,100.0,31.0,40,1240,7,7,1.0,inf,0.588,100.0,0.413,0.291,0.947,0.973
na,KarmaDock Aligned,1.0,NEF,,30.975,100.0,31.0,40,1240,13,13,1.0,inf,0.662,100.0,0.564,0.482,0.947,0.973
na,KarmaDock Aligned,5.0,NEF,,15.741,50.0,15.5,40,1240,62,31,0.968,30.0,0.875,77.5,0.607,0.592,0.947,0.973
p38-alpha,KarmaDock Aligned,0.5,NEF,,30.525,100.0,31.0,40,1240,7,7,1.0,inf,0.588,100.0,0.413,0.291,0.952,0.878
p38-alpha,KarmaDock Aligned,1.0,NEF,,30.525,100.0,31.0,40,1240,13,13,1.0,inf,0.662,100.0,0.564,0.482,0.952,0.878
p38-alpha,KarmaDock Aligned,5.0,NEF,,14.512,46.774,14.5,40,1240,62,29,0.963,26.364,0.849,72.5,0.565,0.551,0.952,0.878
parp-1,KarmaDock Aligned,0.5,NEF,,30.075,100.0,31.0,40,1240,7,7,1.0,inf,0.588,100.0,0.413,0.291,0.938,0.729
parp-1,KarmaDock Aligned,1.0,NEF,,22.556,69.231,21.462,40,1240,13,9,0.985,67.5,0.611,69.231,0.385,0.329,0.938,0.729
parp-1,KarmaDock Aligned,5.0,NEF,,13.032,41.935,13.0,40,1240,62,26,0.956,21.667,0.81,65.0,0.503,0.49,0.938,0.729
pde4b,KarmaDock Aligned,0.5,NEF,,25.667,85.714,26.571,40,1240,7,6,0.994,180.0,0.575,85.714,0.352,0.248,0.848,0.691
pde4b,KarmaDock Aligned,1.0,NEF,,28.233,92.308,28.615,40,1240,13,12,0.997,360.0,0.65,92.308,0.519,0.444,0.848,0.691
pde4b,KarmaDock Aligned,5.0,NEF,,9.089,29.032,9.0,40,1240,62,18,0.925,12.273,0.707,45.0,0.335,0.327,0.848,0.691
pde5,KarmaDock Aligned,0.5,NEF,,15.35,42.857,13.286,40,1240,7,3,0.957,22.5,0.536,42.857,0.169,0.119,0.858,0.394
pde5,KarmaDock Aligned,1.0,NEF,,10.233,30.769,9.538,40,1240,13,4,0.93,13.333,0.546,30.769,0.16,0.137,0.858,0.394
pde5,KarmaDock Aligned,5.0,NEF,,7.549,24.194,7.5,40,1240,62,15,0.905,9.574,0.668,37.5,0.272,0.265,0.858,0.394
pdk1,KarmaDock Aligned,0.5,NEF,,30.175,100.0,31.0,40,1240,7,7,1.0,inf,0.588,100.0,0.413,0.291,0.985,1.001
pdk1,KarmaDock Aligned,1.0,NEF,,30.175,100.0,31.0,40,1240,13,13,1.0,inf,0.662,100.0,0.564,0.482,0.985,1.001
pdk1,KarmaDock Aligned,5.0,NEF,,18.105,58.065,18.0,40,1240,62,36,0.976,41.538,0.939,90.0,0.712,0.694,0.985,1.001
pi3kg,KarmaDock Aligned,0.5,NEF,,15.138,42.857,13.286,40,1240,7,3,0.957,22.5,0.536,42.857,0.169,0.119,0.863,0.497
pi3kg,KarmaDock Aligned,1.0,NEF,,15.138,46.154,14.308,40,1240,13,6,0.963,25.714,0.572,46.154,0.25,0.214,0.863,0.497
pi3kg,KarmaDock Aligned,5.0,NEF,,8.073,25.806,8.0,40,1240,62,16,0.913,10.435,0.681,40.0,0.293,0.286,0.863,0.497
pim-1,KarmaDock Aligned,0.5,NEF,,20.15,71.429,22.143,40,1240,7,5,0.987,75.0,0.562,71.429,0.291,0.205,0.875,0.555
pim-1,KarmaDock Aligned,1.0,NEF,,22.669,76.923,23.846,40,1240,13,10,0.99,100.0,0.624,76.923,0.429,0.367,0.875,0.555
pim-1,KarmaDock Aligned,5.0,NEF,,8.06,25.806,8.0,40,1240,62,16,0.913,10.435,0.681,40.0,0.293,0.286,0.875,0.555
pim-2,KarmaDock Aligned,0.5,NEF,,10.067,28.571,8.857,40,1240,7,2,0.923,12.0,0.523,28.571,0.108,0.076,0.895,0.391
pim-2,KarmaDock Aligned,1.0,NEF,,12.583,38.462,11.923,40,1240,13,5,0.949,18.75,0.559,38.462,0.205,0.176,0.895,0.391
pim-2,KarmaDock Aligned,5.0,NEF,,10.067,32.258,10.0,40,1240,62,20,0.935,14.286,0.732,50.0,0.377,0.367,0.895,0.391
pnp,KarmaDock Aligned,0.5,NEF,,30.775,100.0,31.0,40,1240,7,7,1.0,inf,0.588,100.0,0.413,0.291,0.956,0.791
pnp,KarmaDock Aligned,1.0,NEF,,28.21,92.308,28.615,40,1240,13,12,0.997,360.0,0.65,92.308,0.519,0.444,0.956,0.791
pnp,KarmaDock Aligned,5.0,NEF,,12.108,38.71,12.0,40,1240,62,24,0.95,18.947,0.784,60.0,0.461,0.449,0.956,0.791
ppara,KarmaDock Aligned,0.5,NEF,,5.7,14.286,4.429,40,1240,7,1,0.833,5.0,0.51,14.286,0.047,0.033,0.616,0.306
ppara,KarmaDock Aligned,1.0,NEF,,7.773,23.077,7.154,40,1240,13,3,0.9,9.0,0.533,23.077,0.116,0.099,0.616,0.306
ppara,KarmaDock Aligned,5.0,NEF,,5.0,16.129,5.0,40,1240,62,10,0.852,5.769,0.603,25.0,0.168,0.163,0.616,0.306
pparg,KarmaDock Aligned,0.5,NEF,,22.8,71.429,22.143,40,1240,7,5,0.987,75.0,0.562,71.429,0.291,0.205,0.609,0.493
pparg,KarmaDock Aligned,1.0,NEF,,18.136,61.538,19.077,40,1240,13,8,0.98,48.0,0.598,61.538,0.34,0.291,0.609,0.493
pparg,KarmaDock Aligned,5.0,NEF,,6.0,19.355,6.0,40,1240,62,12,0.878,7.2,0.629,30.0,0.209,0.204,0.609,0.493
pr,KarmaDock Aligned,0.5,NEF,,15.48,42.857,13.286,40,1240,7,3,0.957,22.5,0.536,42.857,0.169,0.119,0.698,0.339
pr,KarmaDock Aligned,1.0,NEF,,10.32,30.769,9.538,40,1240,13,4,0.93,13.333,0.546,30.769,0.16,0.137,0.698,0.339
pr,KarmaDock Aligned,5.0,NEF,,4.047,12.903,4.0,40,1240,62,8,0.816,4.444,0.578,20.0,0.126,0.122,0.698,0.339
prkcq,KarmaDock Aligned,0.5,NEF,,30.05,100.0,31.0,40,1240,7,7,1.0,inf,0.588,100.0,0.413,0.291,0.834,0.773
prkcq,KarmaDock Aligned,1.0,NEF,,25.042,84.615,26.231,40,1240,13,11,0.994,165.0,0.637,84.615,0.474,0.406,0.834,0.773
prkcq,KarmaDock Aligned,5.0,NEF,,12.02,38.71,12.0,40,1240,62,24,0.95,18.947,0.784,60.0,0.461,0.449,0.834,0.773
pygl-in,KarmaDock Aligned,0.5,NEF,,30.8,100.0,31.0,40,1240,7,7,1.0,inf,0.588,100.0,0.413,0.291,0.726,0.603
pygl-in,KarmaDock Aligned,1.0,NEF,,23.1,76.923,23.846,40,1240,13,10,0.99,100.0,0.624,76.923,0.429,0.367,0.726,0.603
pygl-in,KarmaDock Aligned,5.0,NEF,,7.574,24.194,7.5,40,1240,62,15,0.905,9.574,0.668,37.5,0.272,0.265,0.726,0.603
pygl-out,KarmaDock Aligned,0.5,NEF,,20.6,71.429,22.143,40,1240,7,5,0.987,75.0,0.562,71.429,0.291,0.205,0.805,0.276
pygl-out,KarmaDock Aligned,1.0,NEF,,10.3,30.769,9.538,40,1240,13,4,0.93,13.333,0.546,30.769,0.16,0.137,0.805,0.276
pygl-out,KarmaDock Aligned,5.0,NEF,,3.039,9.677,3.0,40,1240,62,6,0.763,3.214,0.552,15.0,0.084,0.082,0.805,0.276
qpct,KarmaDock Aligned,0.5,NEF,,0.0,0.0,0.0,40,1240,7,0,0.0,0.0,0.497,0.0,-0.014,-0.01,0.649,0.02
qpct,KarmaDock Aligned,1.0,NEF,,0.0,0.0,0.0,40,1240,13,0,0.0,0.0,0.495,0.0,-0.019,-0.016,0.649,0.02
qpct,KarmaDock Aligned,5.0,NEF,,2.03,6.452,2.0,40,1240,62,4,0.674,2.069,0.526,10.0,0.042,0.041,0.649,0.02
rock-1,KarmaDock Aligned,0.5,NEF,,30.175,100.0,31.0,40,1240,7,7,1.0,inf,0.588,100.0,0.413,0.291,0.883,0.605
rock-1,KarmaDock Aligned,1.0,NEF,,22.631,69.231,21.462,40,1240,13,9,0.985,67.5,0.611,69.231,0.385,0.329,0.883,0.605
rock-1,KarmaDock Aligned,5.0,NEF,,9.052,29.032,9.0,40,1240,62,18,0.925,12.273,0.707,45.0,0.335,0.327,0.883,0.605
rxr,KarmaDock Aligned,0.5,NEF,,24.025,71.429,22.143,40,1240,7,5,0.987,75.0,0.562,71.429,0.291,0.205,0.915,0.924
rxr,KarmaDock Aligned,1.0,NEF,,24.025,76.923,23.846,40,1240,13,10,0.99,100.0,0.624,76.923,0.429,0.367,0.915,0.924
rxr,KarmaDock Aligned,5.0,NEF,,13.014,41.935,13.0,40,1240,62,26,0.956,21.667,0.81,65.0,0.503,0.49,0.915,0.924
sars-hcov,KarmaDock Aligned,0.5,NEF,,6.149,14.286,4.429,39,1209,7,1,0.833,5.0,0.51,14.286,0.048,0.034,0.504,0.077
sars-hcov,KarmaDock Aligned,1.0,NEF,,2.795,7.692,2.385,39,1209,13,1,0.714,2.5,0.508,7.692,0.026,0.023,0.504,0.077
sars-hcov,KarmaDock Aligned,5.0,NEF,,1.042,3.279,1.016,39,1209,61,2,0.504,1.017,0.5,5.128,0.001,0.001,0.504,0.077
sirt2,KarmaDock Aligned,0.5,NEF,,0.0,0.0,0.0,40,1240,7,0,0.0,0.0,0.497,0.0,-0.014,-0.01,0.539,0.011
sirt2,KarmaDock Aligned,1.0,NEF,,0.0,0.0,0.0,40,1240,13,0,0.0,0.0,0.495,0.0,-0.019,-0.016,0.539,0.011
sirt2,KarmaDock Aligned,5.0,NEF,,1.016,3.226,1.0,40,1240,62,2,0.5,1.0,0.5,5.0,0.0,0.0,0.539,0.011
src,KarmaDock Aligned,0.5,NEF,,25.229,85.714,26.571,40,1240,7,6,0.994,180.0,0.575,85.714,0.352,0.248,0.778,0.6
src,KarmaDock Aligned,1.0,NEF,,22.706,76.923,23.846,40,1240,13,10,0.99,100.0,0.624,76.923,0.429,0.367,0.778,0.6
src,KarmaDock Aligned,5.0,NEF,,7.569,24.194,7.5,40,1240,62,15,0.905,9.574,0.668,37.5,0.272,0.265,0.778,0.6
thrombin,KarmaDock Aligned,0.5,NEF,,30.3,100.0,31.0,40,1240,7,7,1.0,inf,0.588,100.0,0.413,0.291,0.849,0.75
thrombin,KarmaDock Aligned,1.0,NEF,,30.3,100.0,31.0,40,1240,13,13,1.0,inf,0.662,100.0,0.564,0.482,0.849,0.75
thrombin,KarmaDock Aligned,5.0,NEF,,10.1,32.258,10.0,40,1240,62,20,0.935,14.286,0.732,50.0,0.377,0.367,0.849,0.75
tie2,KarmaDock Aligned,0.5,NEF,,29.975,100.0,31.0,40,1240,7,7,1.0,inf,0.588,100.0,0.413,0.291,0.628,0.549
tie2,KarmaDock Aligned,1.0,NEF,,21.8,69.231,21.462,40,1240,13,9,0.985,67.5,0.611,69.231,0.385,0.329,0.628,0.549
tie2,KarmaDock Aligned,5.0,NEF,,7.113,22.581,7.0,40,1240,62,14,0.897,8.75,0.655,35.0,0.251,0.245,0.628,0.549
tk,KarmaDock Aligned,0.5,NEF,,5.142,14.286,4.429,40,1240,7,1,0.833,5.0,0.51,14.286,0.047,0.033,0.57,0.08
tk,KarmaDock Aligned,1.0,NEF,,2.571,7.692,2.385,40,1240,13,1,0.714,2.5,0.507,7.692,0.026,0.022,0.57,0.08
tk,KarmaDock Aligned,5.0,NEF,,1.517,4.839,1.5,40,1240,62,3,0.604,1.525,0.513,7.5,0.021,0.02,0.57,0.08
tp,KarmaDock Aligned,0.5,NEF,,15.36,42.857,13.286,40,1240,7,3,0.957,22.5,0.536,42.857,0.169,0.119,0.807,0.421
tp,KarmaDock Aligned,1.0,NEF,,10.24,30.769,9.538,40,1240,13,4,0.93,13.333,0.546,30.769,0.16,0.137,0.807,0.421
tp,KarmaDock Aligned,5.0,NEF,,6.525,20.968,6.5,40,1240,62,13,0.888,7.959,0.642,32.5,0.23,0.224,0.807,0.421
tpa,KarmaDock Aligned,0.5,NEF,,23.26,71.429,22.143,40,1240,7,5,0.987,75.0,0.562,71.429,0.291,0.205,0.896,0.542
tpa,KarmaDock Aligned,1.0,NEF,,18.502,61.538,19.077,40,1240,13,8,0.98,48.0,0.598,61.538,0.34,0.291,0.896,0.542
tpa,KarmaDock Aligned,5.0,NEF,,10.026,32.258,10.0,40,1240,62,20,0.935,14.286,0.732,50.0,0.377,0.367,0.896,0.542
ts,KarmaDock Aligned,0.5,NEF,,0.0,0.0,0.0,40,1239,7,0,0.0,0.0,0.497,0.0,-0.014,-0.01,0.58,0.108
ts,KarmaDock Aligned,1.0,NEF,,2.542,7.692,2.383,40,1239,13,1,0.714,2.498,0.507,7.692,0.026,0.022,0.58,0.108
ts,KarmaDock Aligned,5.0,NEF,,3.5,11.29,3.497,40,1239,62,7,0.792,3.815,0.565,17.5,0.105,0.102,0.58,0.108
upa,KarmaDock Aligned,0.5,NEF,,29.9,100.0,31.0,40,1240,7,7,1.0,inf,0.588,100.0,0.413,0.291,0.699,0.603
upa,KarmaDock Aligned,1.0,NEF,,27.182,84.615,26.231,40,1240,13,11,0.994,165.0,0.637,84.615,0.474,0.406,0.699,0.603
upa,KarmaDock Aligned,5.0,NEF,,6.588,20.968,6.5,40,1240,62,13,0.888,7.959,0.642,32.5,0.23,0.224,0.699,0.603
vegfr1,KarmaDock Aligned,0.5,NEF,,17.1,57.143,17.714,40,1240,7,4,0.976,40.0,0.549,57.143,0.23,0.162,0.675,0.422
vegfr1,KarmaDock Aligned,1.0,NEF,,15.545,53.846,16.692,40,1240,13,7,0.972,35.0,0.585,53.846,0.295,0.252,0.675,0.422
vegfr1,KarmaDock Aligned,5.0,NEF,,5.0,16.129,5.0,40,1240,62,10,0.852,5.769,0.603,25.0,0.168,0.163,0.675,0.422
vegfr2,KarmaDock Aligned,0.5,NEF,,15.262,42.857,13.286,40,1240,7,3,0.957,22.5,0.536,42.857,0.169,0.119,0.817,0.485
vegfr2,KarmaDock Aligned,1.0,NEF,,20.35,69.231,21.462,40,1240,13,9,0.985,67.5,0.611,69.231,0.385,0.329,0.817,0.485
vegfr2,KarmaDock Aligned,5.0,NEF,,7.006,22.581,7.0,40,1240,62,14,0.897,8.75,0.655,35.0,0.251,0.245,0.817,0.485
11betahsd1,KarmaDock FF,0.5,NEF,,0.0,0.0,0.0,40,1240,7,0,0.0,0.0,0.497,0.0,-0.014,-0.01,0.614,0.067
11betahsd1,KarmaDock FF,1.0,NEF,,0.0,0.0,0.0,40,1240,13,0,0.0,0.0,0.495,0.0,-0.019,-0.016,0.614,0.067
11betahsd1,KarmaDock FF,5.0,NEF,,2.537,8.065,2.5,40,1240,62,5,0.725,2.632,0.539,12.5,0.063,0.061,0.614,0.067
17betahsd1,KarmaDock FF,0.5,NEF,,0.0,0.0,0.0,40,1240,7,0,0.0,0.0,0.497,0.0,-0.014,-0.01,0.498,0.023
17betahsd1,KarmaDock FF,1.0,NEF,,0.0,0.0,0.0,40,1240,13,0,0.0,0.0,0.495,0.0,-0.019,-0.016,0.498,0.023
17betahsd1,KarmaDock FF,5.0,NEF,,0.503,1.613,0.5,40,1240,62,1,0.33,0.492,0.487,2.5,-0.021,-0.02,0.498,0.023
a2a,KarmaDock FF,0.5,NEF,,15.35,42.857,13.286,40,1240,7,3,0.957,22.5,0.536,42.857,0.169,0.119,0.669,0.268
a2a,KarmaDock FF,1.0,NEF,,7.675,23.077,7.154,40,1240,13,3,0.9,9.0,0.533,23.077,0.116,0.099,0.669,0.268
a2a,KarmaDock FF,5.0,NEF,,4.026,12.903,4.0,40,1240,62,8,0.816,4.444,0.578,20.0,0.126,0.122,0.669,0.268
ace,KarmaDock FF,0.5,NEF,,20.583,71.429,22.143,40,1240,7,5,0.987,75.0,0.562,71.429,0.291,0.205,0.838,0.547
ace,KarmaDock FF,1.0,NEF,,23.156,76.923,23.846,40,1240,13,10,0.99,100.0,0.624,76.923,0.429,0.367,0.838,0.547
ace,KarmaDock FF,5.0,NEF,,7.592,24.194,7.5,40,1240,62,15,0.905,9.574,0.668,37.5,0.272,0.265,0.838,0.547
ace2,KarmaDock FF,0.5,NEF,,0.0,0.0,0.0,40,1240,7,0,0.0,0.0,0.497,0.0,-0.014,-0.01,0.521,0.036
ace2,KarmaDock FF,1.0,NEF,,0.0,0.0,0.0,40,1240,13,0,0.0,0.0,0.495,0.0,-0.019,-0.016,0.521,0.036
ace2,KarmaDock FF,5.0,NEF,,1.523,4.839,1.5,40,1240,62,3,0.604,1.525,0.513,7.5,0.021,0.02,0.521,0.036
ache,KarmaDock FF,0.5,NEF,,5.075,14.286,4.429,40,1240,7,1,0.833,5.0,0.51,14.286,0.047,0.033,0.571,0.188
ache,KarmaDock FF,1.0,NEF,,5.075,15.385,4.769,40,1240,13,2,0.845,5.455,0.52,15.385,0.071,0.061,0.571,0.188
ache,KarmaDock FF,5.0,NEF,,4.568,14.516,4.5,40,1240,62,9,0.836,5.094,0.59,22.5,0.147,0.143,0.571,0.188
adam17,KarmaDock FF,0.5,NEF,,5.121,14.286,4.429,40,1240,7,1,0.833,5.0,0.51,14.286,0.047,0.033,0.712,0.292
adam17,KarmaDock FF,1.0,NEF,,10.242,30.769,9.538,40,1240,13,4,0.93,13.333,0.546,30.769,0.16,0.137,0.712,0.292
adam17,KarmaDock FF,5.0,NEF,,5.541,17.742,5.5,40,1240,62,11,0.866,6.471,0.616,27.5,0.188,0.184,0.712,0.292
adrb2,KarmaDock FF,0.5,NEF,,0.0,0.0,0.0,40,1240,7,0,0.0,0.0,0.497,0.0,-0.014,-0.01,0.598,0.075
adrb2,KarmaDock FF,1.0,NEF,,2.616,7.692,2.385,40,1240,13,1,0.714,2.5,0.507,7.692,0.026,0.022,0.598,0.075
adrb2,KarmaDock FF,5.0,NEF,,2.524,8.065,2.5,40,1240,62,5,0.725,2.632,0.539,12.5,0.063,0.061,0.598,0.075
akt1,KarmaDock FF,0.5,NEF,,17.745,57.143,17.714,40,1240,7,4,0.976,40.0,0.549,57.143,0.23,0.162,0.892,0.562
akt1,KarmaDock FF,1.0,NEF,,16.132,53.846,16.692,40,1240,13,7,0.972,35.0,0.585,53.846,0.295,0.252,0.892,0.562
akt1,KarmaDock FF,5.0,NEF,,10.527,33.871,10.5,40,1240,62,21,0.939,15.366,0.745,52.5,0.398,0.388,0.892,0.562
alr2,KarmaDock FF,0.5,NEF,,0.0,0.0,0.0,40,1240,7,0,0.0,0.0,0.497,0.0,-0.014,-0.01,0.479,0.027
alr2,KarmaDock FF,1.0,NEF,,0.0,0.0,0.0,40,1240,13,0,0.0,0.0,0.495,0.0,-0.019,-0.016,0.479,0.027
alr2,KarmaDock FF,5.0,NEF,,1.506,4.839,1.5,40,1240,62,3,0.604,1.525,0.513,7.5,0.021,0.02,0.479,0.027
ar,KarmaDock FF,0.5,NEF,,16.075,57.143,17.714,40,1240,7,4,0.976,40.0,0.549,57.143,0.23,0.162,0.905,0.969
ar,KarmaDock FF,1.0,NEF,,16.075,53.846,16.692,40,1240,13,7,0.972,35.0,0.585,53.846,0.295,0.252,0.905,0.969
ar,KarmaDock FF,5.0,NEF,,9.545,30.645,9.5,40,1240,62,19,0.93,13.256,0.72,47.5,0.356,0.347,0.905,0.969
aurka,KarmaDock FF,0.5,NEF,,30.275,100.0,31.0,40,1240,7,7,1.0,inf,0.588,100.0,0.413,0.291,0.983,0.919
aurka,KarmaDock FF,1.0,NEF,,27.752,92.308,28.615,40,1240,13,12,0.997,360.0,0.65,92.308,0.519,0.444,0.983,0.919
aurka,KarmaDock FF,5.0,NEF,,17.156,54.839,17.0,40,1240,62,34,0.973,36.429,0.913,85.0,0.67,0.653,0.983,0.919
aurkb,KarmaDock FF,0.5,NEF,,25.312,85.714,26.571,40,1240,7,6,0.994,180.0,0.575,85.714,0.352,0.248,0.982,0.864
aurkb,KarmaDock FF,1.0,NEF,,25.312,84.615,26.231,40,1240,13,11,0.994,165.0,0.637,84.615,0.474,0.406,0.982,0.864
aurkb,KarmaDock FF,5.0,NEF,,16.2,51.613,16.0,40,1240,62,32,0.97,32.0,0.888,80.0,0.628,0.612,0.982,0.864
bcl2,KarmaDock FF,0.5,NEF,,15.262,42.857,13.286,40,1240,7,3,0.957,22.5,0.536,42.857,0.169,0.119,0.83,0.491
bcl2,KarmaDock FF,1.0,NEF,,15.262,46.154,14.308,40,1240,13,6,0.963,25.714,0.572,46.154,0.25,0.214,0.83,0.491
bcl2,KarmaDock FF,5.0,NEF,,8.507,27.419,8.5,40,1240,62,17,0.919,11.333,0.694,42.5,0.314,0.306,0.83,0.491
braf,KarmaDock FF,0.5,NEF,,10.083,28.571,8.857,40,1240,7,2,0.923,12.0,0.523,28.571,0.108,0.076,0.728,0.307
braf,KarmaDock FF,1.0,NEF,,12.604,38.462,11.923,40,1240,13,5,0.949,18.75,0.559,38.462,0.205,0.176,0.728,0.307
braf,KarmaDock FF,5.0,NEF,,5.042,16.129,5.0,40,1240,62,10,0.852,5.769,0.603,25.0,0.168,0.163,0.728,0.307
catl,KarmaDock FF,0.5,NEF,,15.412,42.857,13.286,40,1240,7,3,0.957,22.5,0.536,42.857,0.169,0.119,0.694,0.483
catl,KarmaDock FF,1.0,NEF,,20.55,69.231,21.462,40,1240,13,9,0.985,67.5,0.611,69.231,0.385,0.329,0.694,0.483
catl,KarmaDock FF,5.0,NEF,,6.569,20.968,6.5,40,1240,62,13,0.888,7.959,0.642,32.5,0.23,0.224,0.694,0.483
cdk2,KarmaDock FF,0.5,NEF,,11.96,42.857,13.286,40,1240,7,3,0.957,22.5,0.536,42.857,0.169,0.119,0.901,0.49
cdk2,KarmaDock FF,1.0,NEF,,10.873,38.462,11.923,40,1240,13,5,0.949,18.75,0.559,38.462,0.205,0.176,0.901,0.49
cdk2,KarmaDock FF,5.0,NEF,,10.642,33.871,10.5,40,1240,62,21,0.939,15.366,0.745,52.5,0.398,0.388,0.901,0.49
cox1,KarmaDock FF,0.5,NEF,,5.6,14.286,4.429,40,1240,7,1,0.833,5.0,0.51,14.286,0.047,0.033,0.632,0.23
cox1,KarmaDock FF,1.0,NEF,,7.636,23.077,7.154,40,1240,13,3,0.9,9.0,0.533,23.077,0.116,0.099,0.632,0.23
cox1,KarmaDock FF,5.0,NEF,,4.0,12.903,4.0,40,1240,62,8,0.816,4.444,0.578,20.0,0.126,0.122,0.632,0.23
cox2,KarmaDock FF,0.5,NEF,,0.0,0.0,0.0,40,1240,7,0,0.0,0.0,0.497,0.0,-0.014,-0.01,0.702,0.059
cox2,KarmaDock FF,1.0,NEF,,0.0,0.0,0.0,40,1240,13,0,0.0,0.0,0.495,0.0,-0.019,-0.016,0.702,0.059
cox2,KarmaDock FF,5.0,NEF,,3.575,11.29,3.5,40,1240,62,7,0.792,3.818,0.565,17.5,0.105,0.102,0.702,0.059
ctsk,KarmaDock FF,0.5,NEF,,0.0,0.0,0.0,40,1240,7,0,0.0,0.0,0.497,0.0,-0.014,-0.01,0.481,0.236
ctsk,KarmaDock FF,1.0,NEF,,10.292,30.769,9.538,40,1240,13,4,0.93,13.333,0.546,30.769,0.16,0.137,0.481,0.236
ctsk,KarmaDock FF,5.0,NEF,,4.049,12.903,4.0,40,1240,62,8,0.816,4.444,0.578,20.0,0.126,0.122,0.481,0.236
cyp2a6,KarmaDock FF,0.5,NEF,,5.638,14.286,4.429,40,1240,7,1,0.833,5.0,0.51,14.286,0.047,0.033,0.486,0.1
cyp2a6,KarmaDock FF,1.0,NEF,,2.506,7.692,2.385,40,1240,13,1,0.714,2.5,0.507,7.692,0.026,0.022,0.486,0.1
cyp2a6,KarmaDock FF,5.0,NEF,,1.002,3.226,1.0,40,1240,62,2,0.5,1.0,0.5,5.0,0.0,0.0,0.486,0.1
dhfr,KarmaDock FF,0.5,NEF,,15.3,42.857,13.286,40,1240,7,3,0.957,22.5,0.536,42.857,0.169,0.119,0.826,0.615
dhfr,KarmaDock FF,1.0,NEF,,22.95,76.923,23.846,40,1240,13,10,0.99,100.0,0.624,76.923,0.429,0.367,0.826,0.615
dhfr,KarmaDock FF,5.0,NEF,,10.033,32.258,10.0,40,1240,62,20,0.935,14.286,0.732,50.0,0.377,0.367,0.826,0.615
egfr,KarmaDock FF,0.5,NEF,,30.1,100.0,31.0,40,1240,7,7,1.0,inf,0.588,100.0,0.413,0.291,0.868,0.735
egfr,KarmaDock FF,1.0,NEF,,25.083,84.615,26.231,40,1240,13,11,0.994,165.0,0.637,84.615,0.474,0.406,0.868,0.735
egfr,KarmaDock FF,5.0,NEF,,10.535,33.871,10.5,40,1240,62,21,0.939,15.366,0.745,52.5,0.398,0.388,0.868,0.735
ephb4,KarmaDock FF,0.5,NEF,,25.292,85.714,26.571,40,1240,7,6,0.994,180.0,0.575,85.714,0.352,0.248,0.997,0.969
ephb4,KarmaDock FF,1.0,NEF,,27.821,92.308,28.615,40,1240,13,12,0.997,360.0,0.65,92.308,0.519,0.444,0.997,0.969
ephb4,KarmaDock FF,5.0,NEF,,19.728,62.903,19.5,40,1240,62,39,0.981,50.87,0.978,97.5,0.775,0.755,0.997,0.969
erbb2,KarmaDock FF,0.5,NEF,,29.575,100.0,31.0,40,1240,7,7,1.0,inf,0.588,100.0,0.413,0.291,0.935,0.855
erbb2,KarmaDock FF,1.0,NEF,,26.886,84.615,26.231,40,1240,13,11,0.994,165.0,0.637,84.615,0.474,0.406,0.935,0.855
erbb2,KarmaDock FF,5.0,NEF,,16.041,51.613,16.0,40,1240,62,32,0.97,32.0,0.888,80.0,0.628,0.612,0.935,0.855
er-beta,KarmaDock FF,0.5,NEF,,15.75,57.143,17.714,40,1240,7,4,0.976,40.0,0.549,57.143,0.23,0.162,0.872,0.726
er-beta,KarmaDock FF,1.0,NEF,,18.375,61.538,19.077,40,1240,13,8,0.98,48.0,0.598,61.538,0.34,0.291,0.872,0.726
er-beta,KarmaDock FF,5.0,NEF,,9.5,30.645,9.5,40,1240,62,19,0.93,13.256,0.72,47.5,0.356,0.347,0.872,0.726
fgfr1,KarmaDock FF,0.5,NEF,,29.475,100.0,31.0,40,1240,7,7,1.0,inf,0.588,100.0,0.413,0.291,0.947,0.873
fgfr1,KarmaDock FF,1.0,NEF,,24.116,76.923,23.846,40,1240,13,10,0.99,100.0,0.624,76.923,0.429,0.367,0.947,0.873
fgfr1,KarmaDock FF,5.0,NEF,,14.229,45.161,14.0,40,1240,62,28,0.961,24.706,0.836,70.0,0.545,0.531,0.947,0.873
fkbp1a,KarmaDock FF,0.5,NEF,,30.825,100.0,31.0,40,1240,7,7,1.0,inf,0.588,100.0,0.413,0.291,0.971,0.991
fkbp1a,KarmaDock FF,1.0,NEF,,30.825,100.0,31.0,40,1240,13,13,1.0,inf,0.662,100.0,0.564,0.482,0.971,0.991
fkbp1a,KarmaDock FF,5.0,NEF,,16.676,53.226,16.5,40,1240,62,33,0.972,34.138,0.9,82.5,0.649,0.633,0.971,0.991
fxa,KarmaDock FF,0.5,NEF,,23.88,71.429,22.143,40,1240,7,5,0.987,75.0,0.562,71.429,0.291,0.205,0.969,0.886
fxa,KarmaDock FF,1.0,NEF,,27.136,84.615,26.231,40,1240,13,11,0.994,165.0,0.637,84.615,0.474,0.406,0.969,0.886
fxa,KarmaDock FF,5.0,NEF,,15.178,48.387,15.0,40,1240,62,30,0.966,28.125,0.862,75.0,0.586,0.571,0.969,0.886
gba,KarmaDock FF,0.5,NEF,,10.25,28.571,8.857,40,1240,7,2,0.923,12.0,0.523,28.571,0.108,0.076,0.635,0.141
gba,KarmaDock FF,1.0,NEF,,5.125,15.385,4.769,40,1240,13,2,0.845,5.455,0.52,15.385,0.071,0.061,0.635,0.141
gba,KarmaDock FF,5.0,NEF,,2.016,6.452,2.0,40,1240,62,4,0.674,2.069,0.526,10.0,0.042,0.041,0.635,0.141
gr,KarmaDock FF,0.5,NEF,,10.192,28.571,8.857,40,1240,7,2,0.923,12.0,0.523,28.571,0.108,0.076,0.654,0.244
gr,KarmaDock FF,1.0,NEF,,7.644,23.077,7.154,40,1240,13,3,0.9,9.0,0.533,23.077,0.116,0.099,0.654,0.244
gr,KarmaDock FF,5.0,NEF,,5.514,17.742,5.5,40,1240,62,11,0.866,6.471,0.616,27.5,0.188,0.184,0.654,0.244
gsk3b,KarmaDock FF,0.5,NEF,,30.125,100.0,31.0,40,1240,7,7,1.0,inf,0.588,100.0,0.413,0.291,0.934,0.65
gsk3b,KarmaDock FF,1.0,NEF,,17.573,53.846,16.692,40,1240,13,7,0.972,35.0,0.585,53.846,0.295,0.252,0.934,0.65
gsk3b,KarmaDock FF,5.0,NEF,,11.046,35.484,11.0,40,1240,62,22,0.943,16.5,0.758,55.0,0.419,0.408,0.934,0.65
hdac2,KarmaDock FF,0.5,NEF,,0.0,0.0,0.0,40,1240,7,0,0.0,0.0,0.497,0.0,-0.014,-0.01,0.521,0.039
hdac2,KarmaDock FF,1.0,NEF,,0.0,0.0,0.0,40,1240,13,0,0.0,0.0,0.495,0.0,-0.019,-0.016,0.521,0.039
hdac2,KarmaDock FF,5.0,NEF,,2.023,6.452,2.0,40,1240,62,4,0.674,2.069,0.526,10.0,0.042,0.041,0.521,0.039
hdac8,KarmaDock FF,0.5,NEF,,0.0,0.0,0.0,40,1240,7,0,0.0,0.0,0.497,0.0,-0.014,-0.01,0.44,0.001
hdac8,KarmaDock FF,1.0,NEF,,0.0,0.0,0.0,40,1240,13,0,0.0,0.0,0.495,0.0,-0.019,-0.016,0.44,0.001
hdac8,KarmaDock FF,5.0,NEF,,0.0,0.0,0.0,40,1240,62,0,0.0,0.0,0.474,0.0,-0.042,-0.041,0.44,0.001
hiv1pr,KarmaDock FF,0.5,NEF,,27.387,85.714,26.571,40,1240,7,6,0.994,180.0,0.575,85.714,0.352,0.248,0.875,0.903
hiv1pr,KarmaDock FF,1.0,NEF,,30.126,100.0,31.0,40,1240,13,13,1.0,inf,0.662,100.0,0.564,0.482,0.875,0.903
hiv1pr,KarmaDock FF,5.0,NEF,,16.432,53.226,16.5,40,1240,62,33,0.972,34.138,0.9,82.5,0.649,0.633,0.875,0.903
hiv1rt,KarmaDock FF,0.5,NEF,,0.0,0.0,0.0,40,1240,7,0,0.0,0.0,0.497,0.0,-0.014,-0.01,0.618,0.019
hiv1rt,KarmaDock FF,1.0,NEF,,0.0,0.0,0.0,40,1240,13,0,0.0,0.0,0.495,0.0,-0.019,-0.016,0.618,0.019
hiv1rt,KarmaDock FF,5.0,NEF,,1.014,3.226,1.0,40,1240,62,2,0.5,1.0,0.5,5.0,0.0,0.0,0.618,0.019
hmgr,KarmaDock FF,0.5,NEF,,30.925,100.0,31.0,40,1240,7,7,1.0,inf,0.588,100.0,0.413,0.291,0.961,0.997
hmgr,KarmaDock FF,1.0,NEF,,30.925,100.0,31.0,40,1240,13,13,1.0,inf,0.662,100.0,0.564,0.482,0.961,0.997
hmgr,KarmaDock FF,5.0,NEF,,17.744,56.452,17.5,40,1240,62,35,0.975,38.889,0.926,87.5,0.691,0.673,0.961,0.997
hsp90,KarmaDock FF,0.5,NEF,,25.271,85.714,26.571,40,1240,7,6,0.994,180.0,0.575,85.714,0.352,0.248,0.905,0.685
hsp90,KarmaDock FF,1.0,NEF,,25.271,84.615,26.231,40,1240,13,11,0.994,165.0,0.637,84.615,0.474,0.406,0.905,0.685
hsp90,KarmaDock FF,5.0,NEF,,12.13,38.71,12.0,40,1240,62,24,0.95,18.947,0.784,60.0,0.461,0.449,0.905,0.685
igf1r,KarmaDock FF,0.5,NEF,,29.075,100.0,31.0,40,1240,7,7,1.0,inf,0.588,100.0,0.413,0.291,0.972,0.916
igf1r,KarmaDock FF,1.0,NEF,,29.075,92.308,28.615,40,1240,13,12,0.997,360.0,0.65,92.308,0.519,0.444,0.972,0.916
igf1r,KarmaDock FF,5.0,NEF,,14.036,45.161,14.0,40,1240,62,28,0.961,24.706,0.836,70.0,0.545,0.531,0.972,0.916
inha,KarmaDock FF,0.5,NEF,,0.0,0.0,0.0,40,1240,7,0,0.0,0.0,0.497,0.0,-0.014,-0.01,0.499,0.04
inha,KarmaDock FF,1.0,NEF,,0.0,0.0,0.0,40,1240,13,0,0.0,0.0,0.495,0.0,-0.019,-0.016,0.499,0.04
inha,KarmaDock FF,5.0,NEF,,2.008,6.452,2.0,40,1240,62,4,0.674,2.069,0.526,10.0,0.042,0.041,0.499,0.04
itk,KarmaDock FF,0.5,NEF,,15.212,42.857,13.286,40,1240,7,3,0.957,22.5,0.536,42.857,0.169,0.119,0.802,0.465
itk,KarmaDock FF,1.0,NEF,,15.212,46.154,14.308,40,1240,13,6,0.963,25.714,0.572,46.154,0.25,0.214,0.802,0.465
itk,KarmaDock FF,5.0,NEF,,8.62,27.419,8.5,40,1240,62,17,0.919,11.333,0.694,42.5,0.314,0.306,0.802,0.465
jak3,KarmaDock FF,0.5,NEF,,23.94,71.429,22.143,40,1240,7,5,0.987,75.0,0.562,71.429,0.291,0.205,0.942,0.718
jak3,KarmaDock FF,1.0,NEF,,24.484,76.923,23.846,40,1240,13,10,0.99,100.0,0.624,76.923,0.429,0.367,0.942,0.718
jak3,KarmaDock FF,5.0,NEF,,11.158,35.484,11.0,40,1240,62,22,0.943,16.5,0.758,55.0,0.419,0.408,0.942,0.718
jnk1,KarmaDock FF,0.5,NEF,,17.985,57.143,17.714,40,1240,7,4,0.976,40.0,0.549,57.143,0.23,0.162,0.853,0.534
jnk1,KarmaDock FF,1.0,NEF,,19.075,61.538,19.077,40,1240,13,8,0.98,48.0,0.598,61.538,0.34,0.291,0.853,0.534
jnk1,KarmaDock FF,5.0,NEF,,9.653,30.645,9.5,40,1240,62,19,0.93,13.256,0.72,47.5,0.356,0.347,0.853,0.534
jnk2,KarmaDock FF,0.5,NEF,,29.3,100.0,31.0,40,1240,7,7,1.0,inf,0.588,100.0,0.413,0.291,0.586,0.444
jnk2,KarmaDock FF,1.0,NEF,,15.982,53.846,16.692,40,1240,13,7,0.972,35.0,0.585,53.846,0.295,0.252,0.586,0.444
jnk2,KarmaDock FF,5.0,NEF,,4.547,14.516,4.5,40,1240,62,9,0.836,5.094,0.59,22.5,0.147,0.143,0.586,0.444
jnk3,KarmaDock FF,0.5,NEF,,20.167,71.429,22.143,40,1240,7,5,0.987,75.0,0.562,71.429,0.291,0.205,0.864,0.698
jnk3,KarmaDock FF,1.0,NEF,,22.688,76.923,23.846,40,1240,13,10,0.99,100.0,0.624,76.923,0.429,0.367,0.864,0.698
jnk3,KarmaDock FF,5.0,NEF,,10.588,33.871,10.5,40,1240,62,21,0.939,15.366,0.745,52.5,0.398,0.388,0.864,0.698
kif11,KarmaDock FF,0.5,NEF,,5.038,14.286,4.429,40,1240,7,1,0.833,5.0,0.51,14.286,0.047,0.033,0.648,0.108
kif11,KarmaDock FF,1.0,NEF,,5.038,15.385,4.769,40,1240,13,2,0.845,5.455,0.52,15.385,0.071,0.061,0.648,0.108
kif11,KarmaDock FF,5.0,NEF,,1.008,3.226,1.0,40,1240,62,2,0.5,1.0,0.5,5.0,0.0,0.0,0.648,0.108
lck,KarmaDock FF,0.5,NEF,,25.062,85.714,26.571,40,1240,7,6,0.994,180.0,0.575,85.714,0.352,0.248,0.889,0.819
lck,KarmaDock FF,1.0,NEF,,25.062,84.615,26.231,40,1240,13,11,0.994,165.0,0.637,84.615,0.474,0.406,0.889,0.819
lck,KarmaDock FF,5.0,NEF,,14.536,46.774,14.5,40,1240,62,29,0.963,26.364,0.849,72.5,0.565,0.551,0.889,0.819
mdm2,KarmaDock FF,0.5,NEF,,29.925,100.0,31.0,40,1240,7,7,1.0,inf,0.588,100.0,0.413,0.291,0.842,0.578
mdm2,KarmaDock FF,1.0,NEF,,24.484,76.923,23.846,40,1240,13,10,0.99,100.0,0.624,76.923,0.429,0.367,0.842,0.578
mdm2,KarmaDock FF,5.0,NEF,,8.115,25.806,8.0,40,1240,62,16,0.913,10.435,0.681,40.0,0.293,0.286,0.842,0.578
mk2,KarmaDock FF,0.5,NEF,,23.32,71.429,22.143,40,1240,7,5,0.987,75.0,0.562,71.429,0.291,0.205,0.933,0.648
mk2,KarmaDock FF,1.0,NEF,,23.85,76.923,23.846,40,1240,13,10,0.99,100.0,0.624,76.923,0.429,0.367,0.933,0.648
mk2,KarmaDock FF,5.0,NEF,,9.047,29.032,9.0,40,1240,62,18,0.925,12.273,0.707,45.0,0.335,0.327,0.933,0.648
mmp2,KarmaDock FF,0.5,NEF,,0.0,0.0,0.0,40,1240,7,0,0.0,0.0,0.497,0.0,-0.014,-0.01,0.422,0.033
mmp2,KarmaDock FF,1.0,NEF,,0.0,0.0,0.0,40,1240,13,0,0.0,0.0,0.495,0.0,-0.019,-0.016,0.422,0.033
mmp2,KarmaDock FF,5.0,NEF,,0.502,1.613,0.5,40,1240,62,1,0.33,0.492,0.487,2.5,-0.021,-0.02,0.422,0.033
na,KarmaDock FF,0.5,NEF,,30.975,100.0,31.0,40,1240,7,7,1.0,inf,0.588,100.0,0.413,0.291,0.995,1.043
na,KarmaDock FF,1.0,NEF,,30.975,100.0,31.0,40,1240,13,13,1.0,inf,0.662,100.0,0.564,0.482,0.995,1.043
na,KarmaDock FF,5.0,NEF,,18.788,61.29,19.0,40,1240,62,38,0.979,47.5,0.965,95.0,0.754,0.735,0.995,1.043
p38-alpha,KarmaDock FF,0.5,NEF,,25.438,85.714,26.571,40,1240,7,6,0.994,180.0,0.575,85.714,0.352,0.248,0.918,0.736
p38-alpha,KarmaDock FF,1.0,NEF,,22.894,76.923,23.846,40,1240,13,10,0.99,100.0,0.624,76.923,0.429,0.367,0.918,0.736
p38-alpha,KarmaDock FF,5.0,NEF,,11.509,37.097,11.5,40,1240,62,23,0.947,17.692,0.771,57.5,0.44,0.429,0.918,0.736
parp-1,KarmaDock FF,0.5,NEF,,30.075,100.0,31.0,40,1240,7,7,1.0,inf,0.588,100.0,0.413,0.291,0.928,0.786
parp-1,KarmaDock FF,1.0,NEF,,27.569,92.308,28.615,40,1240,13,12,0.997,360.0,0.65,92.308,0.519,0.444,0.928,0.786
parp-1,KarmaDock FF,5.0,NEF,,12.531,40.323,12.5,40,1240,62,25,0.953,20.27,0.797,62.5,0.482,0.469,0.928,0.786
pde4b,KarmaDock FF,0.5,NEF,,30.8,100.0,31.0,40,1240,7,7,1.0,inf,0.588,100.0,0.413,0.291,0.908,0.673
pde4b,KarmaDock FF,1.0,NEF,,20.533,69.231,21.462,40,1240,13,9,0.985,67.5,0.611,69.231,0.385,0.329,0.908,0.673
pde4b,KarmaDock FF,5.0,NEF,,13.633,43.548,13.5,40,1240,62,27,0.959,23.143,0.823,67.5,0.524,0.51,0.908,0.673
pde5,KarmaDock FF,0.5,NEF,,10.233,28.571,8.857,40,1240,7,2,0.923,12.0,0.523,28.571,0.108,0.076,0.759,0.321
pde5,KarmaDock FF,1.0,NEF,,10.233,30.769,9.538,40,1240,13,4,0.93,13.333,0.546,30.769,0.16,0.137,0.759,0.321
pde5,KarmaDock FF,5.0,NEF,,5.033,16.129,5.0,40,1240,62,10,0.852,5.769,0.603,25.0,0.168,0.163,0.759,0.321
pdk1,KarmaDock FF,0.5,NEF,,30.175,100.0,31.0,40,1240,7,7,1.0,inf,0.588,100.0,0.413,0.291,0.973,1.022
pdk1,KarmaDock FF,1.0,NEF,,30.175,100.0,31.0,40,1240,13,13,1.0,inf,0.662,100.0,0.564,0.482,0.973,1.022
pdk1,KarmaDock FF,5.0,NEF,,18.105,58.065,18.0,40,1240,62,36,0.976,41.538,0.939,90.0,0.712,0.694,0.973,1.022
pi3kg,KarmaDock FF,0.5,NEF,,20.183,71.429,22.143,40,1240,7,5,0.987,75.0,0.562,71.429,0.291,0.205,0.816,0.439
pi3kg,KarmaDock FF,1.0,NEF,,15.138,46.154,14.308,40,1240,13,6,0.963,25.714,0.572,46.154,0.25,0.214,0.816,0.439
pi3kg,KarmaDock FF,5.0,NEF,,7.569,24.194,7.5,40,1240,62,15,0.905,9.574,0.668,37.5,0.272,0.265,0.816,0.439
pim-1,KarmaDock FF,0.5,NEF,,5.038,14.286,4.429,40,1240,7,1,0.833,5.0,0.51,14.286,0.047,0.033,0.807,0.44
pim-1,KarmaDock FF,1.0,NEF,,12.594,38.462,11.923,40,1240,13,5,0.949,18.75,0.559,38.462,0.205,0.176,0.807,0.44
pim-1,KarmaDock FF,5.0,NEF,,9.068,29.032,9.0,40,1240,62,18,0.925,12.273,0.707,45.0,0.335,0.327,0.807,0.44
pim-2,KarmaDock FF,0.5,NEF,,15.1,42.857,13.286,40,1240,7,3,0.957,22.5,0.536,42.857,0.169,0.119,0.862,0.464
pim-2,KarmaDock FF,1.0,NEF,,17.617,53.846,16.692,40,1240,13,7,0.972,35.0,0.585,53.846,0.295,0.252,0.862,0.464
pim-2,KarmaDock FF,5.0,NEF,,9.563,30.645,9.5,40,1240,62,19,0.93,13.256,0.72,47.5,0.356,0.347,0.862,0.464
pnp,KarmaDock FF,0.5,NEF,,30.775,100.0,31.0,40,1240,7,7,1.0,inf,0.588,100.0,0.413,0.291,0.943,0.81
pnp,KarmaDock FF,1.0,NEF,,28.21,92.308,28.615,40,1240,13,12,0.997,360.0,0.65,92.308,0.519,0.444,0.943,0.81
pnp,KarmaDock FF,5.0,NEF,,11.099,35.484,11.0,40,1240,62,22,0.943,16.5,0.758,55.0,0.419,0.408,0.943,0.81
ppara,KarmaDock FF,0.5,NEF,,17.1,57.143,17.714,40,1240,7,4,0.976,40.0,0.549,57.143,0.23,0.162,0.837,0.687
ppara,KarmaDock FF,1.0,NEF,,15.545,53.846,16.692,40,1240,13,7,0.972,35.0,0.585,53.846,0.295,0.252,0.837,0.687
ppara,KarmaDock FF,5.0,NEF,,12.5,40.323,12.5,40,1240,62,25,0.953,20.27,0.797,62.5,0.482,0.469,0.837,0.687
pparg,KarmaDock FF,0.5,NEF,,28.5,85.714,26.571,40,1240,7,6,0.994,180.0,0.575,85.714,0.352,0.248,0.712,0.453
pparg,KarmaDock FF,1.0,NEF,,15.545,53.846,16.692,40,1240,13,7,0.972,35.0,0.585,53.846,0.295,0.252,0.712,0.453
pparg,KarmaDock FF,5.0,NEF,,7.5,24.194,7.5,40,1240,62,15,0.905,9.574,0.668,37.5,0.272,0.265,0.712,0.453
pr,KarmaDock FF,0.5,NEF,,15.48,42.857,13.286,40,1240,7,3,0.957,22.5,0.536,42.857,0.169,0.119,0.62,0.383
pr,KarmaDock FF,1.0,NEF,,10.32,30.769,9.538,40,1240,13,4,0.93,13.333,0.546,30.769,0.16,0.137,0.62,0.383
pr,KarmaDock FF,5.0,NEF,,4.553,14.516,4.5,40,1240,62,9,0.836,5.094,0.59,22.5,0.147,0.143,0.62,0.383
prkcq,KarmaDock FF,0.5,NEF,,25.042,85.714,26.571,40,1240,7,6,0.994,180.0,0.575,85.714,0.352,0.248,0.871,0.703
prkcq,KarmaDock FF,1.0,NEF,,25.042,84.615,26.231,40,1240,13,11,0.994,165.0,0.637,84.615,0.474,0.406,0.871,0.703
prkcq,KarmaDock FF,5.0,NEF,,12.02,38.71,12.0,40,1240,62,24,0.95,18.947,0.784,60.0,0.461,0.449,0.871,0.703
pygl-in,KarmaDock FF,0.5,NEF,,20.533,71.429,22.143,40,1240,7,5,0.987,75.0,0.562,71.429,0.291,0.205,0.819,0.569
pygl-in,KarmaDock FF,1.0,NEF,,17.967,61.538,19.077,40,1240,13,8,0.98,48.0,0.598,61.538,0.34,0.291,0.819,0.569
pygl-in,KarmaDock FF,5.0,NEF,,9.593,30.645,9.5,40,1240,62,19,0.93,13.256,0.72,47.5,0.356,0.347,0.819,0.569
pygl-out,KarmaDock FF,0.5,NEF,,5.15,14.286,4.429,40,1240,7,1,0.833,5.0,0.51,14.286,0.047,0.033,0.812,0.118
pygl-out,KarmaDock FF,1.0,NEF,,2.575,7.692,2.385,40,1240,13,1,0.714,2.5,0.507,7.692,0.026,0.022,0.812,0.118
pygl-out,KarmaDock FF,5.0,NEF,,3.546,11.29,3.5,40,1240,62,7,0.792,3.818,0.565,17.5,0.105,0.102,0.812,0.118
qpct,KarmaDock FF,0.5,NEF,,20.633,71.429,22.143,40,1240,7,5,0.987,75.0,0.562,71.429,0.291,0.205,0.983,0.651
qpct,KarmaDock FF,1.0,NEF,,15.475,46.154,14.308,40,1240,13,6,0.963,25.714,0.572,46.154,0.25,0.214,0.983,0.651
qpct,KarmaDock FF,5.0,NEF,,16.236,51.613,16.0,40,1240,62,32,0.97,32.0,0.888,80.0,0.628,0.612,0.983,0.651
rock-1,KarmaDock FF,0.5,NEF,,25.146,85.714,26.571,40,1240,7,6,0.994,180.0,0.575,85.714,0.352,0.248,0.839,0.754
rock-1,KarmaDock FF,1.0,NEF,,25.146,84.615,26.231,40,1240,13,11,0.994,165.0,0.637,84.615,0.474,0.406,0.839,0.754
rock-1,KarmaDock FF,5.0,NEF,,11.567,37.097,11.5,40,1240,62,23,0.947,17.692,0.771,57.5,0.44,0.429,0.839,0.754
rxr,KarmaDock FF,0.5,NEF,,24.025,71.429,22.143,40,1240,7,5,0.987,75.0,0.562,71.429,0.291,0.205,0.977,0.948
rxr,KarmaDock FF,1.0,NEF,,24.025,76.923,23.846,40,1240,13,10,0.99,100.0,0.624,76.923,0.429,0.367,0.977,0.948
rxr,KarmaDock FF,5.0,NEF,,14.515,46.774,14.5,40,1240,62,29,0.963,26.364,0.849,72.5,0.565,0.551,0.977,0.948
sars-hcov,KarmaDock FF,0.5,NEF,,6.149,14.286,4.429,39,1209,7,1,0.833,5.0,0.51,14.286,0.048,0.034,0.588,0.099
sars-hcov,KarmaDock FF,1.0,NEF,,2.795,7.692,2.385,39,1209,13,1,0.714,2.5,0.508,7.692,0.026,0.023,0.588,0.099
sars-hcov,KarmaDock FF,5.0,NEF,,1.042,3.279,1.016,39,1209,61,2,0.504,1.017,0.5,5.128,0.001,0.001,0.588,0.099
sirt2,KarmaDock FF,0.5,NEF,,0.0,0.0,0.0,40,1240,7,0,0.0,0.0,0.497,0.0,-0.014,-0.01,0.567,0.021
sirt2,KarmaDock FF,1.0,NEF,,0.0,0.0,0.0,40,1240,13,0,0.0,0.0,0.495,0.0,-0.019,-0.016,0.567,0.021
sirt2,KarmaDock FF,5.0,NEF,,0.508,1.613,0.5,40,1240,62,1,0.33,0.492,0.487,2.5,-0.021,-0.02,0.567,0.021
src,KarmaDock FF,0.5,NEF,,30.275,100.0,31.0,40,1240,7,7,1.0,inf,0.588,100.0,0.413,0.291,0.866,0.731
src,KarmaDock FF,1.0,NEF,,25.229,84.615,26.231,40,1240,13,11,0.994,165.0,0.637,84.615,0.474,0.406,0.866,0.731
src,KarmaDock FF,5.0,NEF,,13.119,41.935,13.0,40,1240,62,26,0.956,21.667,0.81,65.0,0.503,0.49,0.866,0.731
thrombin,KarmaDock FF,0.5,NEF,,30.3,100.0,31.0,40,1240,7,7,1.0,inf,0.588,100.0,0.413,0.291,0.924,0.895
thrombin,KarmaDock FF,1.0,NEF,,30.3,100.0,31.0,40,1240,13,13,1.0,inf,0.662,100.0,0.564,0.482,0.924,0.895
thrombin,KarmaDock FF,5.0,NEF,,13.635,43.548,13.5,40,1240,62,27,0.959,23.143,0.823,67.5,0.524,0.51,0.924,0.895
tie2,KarmaDock FF,0.5,NEF,,29.975,100.0,31.0,40,1240,7,7,1.0,inf,0.588,100.0,0.413,0.291,0.78,0.836
tie2,KarmaDock FF,1.0,NEF,,27.25,84.615,26.231,40,1240,13,11,0.994,165.0,0.637,84.615,0.474,0.406,0.78,0.836
tie2,KarmaDock FF,5.0,NEF,,12.193,38.71,12.0,40,1240,62,24,0.95,18.947,0.784,60.0,0.461,0.449,0.78,0.836
tk,KarmaDock FF,0.5,NEF,,25.708,85.714,26.571,40,1240,7,6,0.994,180.0,0.575,85.714,0.352,0.248,0.784,0.609
tk,KarmaDock FF,1.0,NEF,,23.138,76.923,23.846,40,1240,13,10,0.99,100.0,0.624,76.923,0.429,0.367,0.784,0.609
tk,KarmaDock FF,5.0,NEF,,8.598,27.419,8.5,40,1240,62,17,0.919,11.333,0.694,42.5,0.314,0.306,0.784,0.609
tp,KarmaDock FF,0.5,NEF,,25.6,85.714,26.571,40,1240,7,6,0.994,180.0,0.575,85.714,0.352,0.248,0.748,0.465
tp,KarmaDock FF,1.0,NEF,,17.92,61.538,19.077,40,1240,13,8,0.98,48.0,0.598,61.538,0.34,0.291,0.748,0.465
tp,KarmaDock FF,5.0,NEF,,4.518,14.516,4.5,40,1240,62,9,0.836,5.094,0.59,22.5,0.147,0.143,0.748,0.465
tpa,KarmaDock FF,0.5,NEF,,29.075,100.0,31.0,40,1240,7,7,1.0,inf,0.588,100.0,0.413,0.291,0.938,0.838
tpa,KarmaDock FF,1.0,NEF,,26.432,84.615,26.231,40,1240,13,11,0.994,165.0,0.637,84.615,0.474,0.406,0.938,0.838
tpa,KarmaDock FF,5.0,NEF,,12.532,40.323,12.5,40,1240,62,25,0.953,20.27,0.797,62.5,0.482,0.469,0.938,0.838
ts,KarmaDock FF,0.5,NEF,,10.167,28.571,8.85,40,1239,7,2,0.923,11.99,0.523,28.571,0.108,0.076,0.615,0.259
ts,KarmaDock FF,1.0,NEF,,5.083,15.385,4.765,40,1239,13,2,0.845,5.45,0.52,15.385,0.071,0.061,0.615,0.259
ts,KarmaDock FF,5.0,NEF,,5.5,17.742,5.496,40,1239,62,11,0.866,6.465,0.616,27.5,0.188,0.184,0.615,0.259
upa,KarmaDock FF,0.5,NEF,,29.9,100.0,31.0,40,1240,7,7,1.0,inf,0.588,100.0,0.413,0.291,0.717,0.754
upa,KarmaDock FF,1.0,NEF,,29.9,100.0,31.0,40,1240,13,13,1.0,inf,0.662,100.0,0.564,0.482,0.717,0.754
upa,KarmaDock FF,5.0,NEF,,10.136,32.258,10.0,40,1240,62,20,0.935,14.286,0.732,50.0,0.377,0.367,0.717,0.754
vegfr1,KarmaDock FF,0.5,NEF,,11.4,42.857,13.286,40,1240,7,3,0.957,22.5,0.536,42.857,0.169,0.119,0.794,0.463
vegfr1,KarmaDock FF,1.0,NEF,,10.364,30.769,9.538,40,1240,13,4,0.93,13.333,0.546,30.769,0.16,0.137,0.794,0.463
vegfr1,KarmaDock FF,5.0,NEF,,7.5,24.194,7.5,40,1240,62,15,0.905,9.574,0.668,37.5,0.272,0.265,0.794,0.463
vegfr2,KarmaDock FF,0.5,NEF,,20.35,71.429,22.143,40,1240,7,5,0.987,75.0,0.562,71.429,0.291,0.205,0.866,0.484
vegfr2,KarmaDock FF,1.0,NEF,,15.262,46.154,14.308,40,1240,13,6,0.963,25.714,0.572,46.154,0.25,0.214,0.866,0.484
vegfr2,KarmaDock FF,5.0,NEF,,6.505,20.968,6.5,40,1240,62,13,0.888,7.959,0.642,32.5,0.23,0.224,0.866,0.484
11betahsd1,KarmaDock Raw,0.5,NEF,,0.0,0.0,0.0,40,1240,7,0,0.0,0.0,0.497,0.0,-0.014,-0.01,0.626,0.043
11betahsd1,KarmaDock Raw,1.0,NEF,,2.675,7.692,2.385,40,1240,13,1,0.714,2.5,0.507,7.692,0.026,0.022,0.626,0.043
11betahsd1,KarmaDock Raw,5.0,NEF,,1.015,3.226,1.0,40,1240,62,2,0.5,1.0,0.5,5.0,0.0,0.0,0.626,0.043
17betahsd1,KarmaDock Raw,0.5,NEF,,0.0,0.0,0.0,40,1240,7,0,0.0,0.0,0.497,0.0,-0.014,-0.01,0.508,0.023
17betahsd1,KarmaDock Raw,1.0,NEF,,0.0,0.0,0.0,40,1240,13,0,0.0,0.0,0.495,0.0,-0.019,-0.016,0.508,0.023
17betahsd1,KarmaDock Raw,5.0,NEF,,0.503,1.613,0.5,40,1240,62,1,0.33,0.492,0.487,2.5,-0.021,-0.02,0.508,0.023
a2a,KarmaDock Raw,0.5,NEF,,5.117,14.286,4.429,40,1240,7,1,0.833,5.0,0.51,14.286,0.047,0.033,0.685,0.223
a2a,KarmaDock Raw,1.0,NEF,,5.117,15.385,4.769,40,1240,13,2,0.845,5.455,0.52,15.385,0.071,0.061,0.685,0.223
a2a,KarmaDock Raw,5.0,NEF,,3.523,11.29,3.5,40,1240,62,7,0.792,3.818,0.565,17.5,0.105,0.102,0.685,0.223
ace,KarmaDock Raw,0.5,NEF,,20.583,71.429,22.143,40,1240,7,5,0.987,75.0,0.562,71.429,0.291,0.205,0.856,0.497
ace,KarmaDock Raw,1.0,NEF,,20.583,69.231,21.462,40,1240,13,9,0.985,67.5,0.611,69.231,0.385,0.329,0.856,0.497
ace,KarmaDock Raw,5.0,NEF,,6.074,19.355,6.0,40,1240,62,12,0.878,7.2,0.629,30.0,0.209,0.204,0.856,0.497
ace2,KarmaDock Raw,0.5,NEF,,0.0,0.0,0.0,40,1240,7,0,0.0,0.0,0.497,0.0,-0.014,-0.01,0.453,0.016
ace2,KarmaDock Raw,1.0,NEF,,0.0,0.0,0.0,40,1240,13,0,0.0,0.0,0.495,0.0,-0.019,-0.016,0.453,0.016
ace2,KarmaDock Raw,5.0,NEF,,1.523,4.839,1.5,40,1240,62,3,0.604,1.525,0.513,7.5,0.021,0.02,0.453,0.016
ache,KarmaDock Raw,0.5,NEF,,10.15,28.571,8.857,40,1240,7,2,0.923,12.0,0.523,28.571,0.108,0.076,0.581,0.191
ache,KarmaDock Raw,1.0,NEF,,7.612,23.077,7.154,40,1240,13,3,0.9,9.0,0.533,23.077,0.116,0.099,0.581,0.191
ache,KarmaDock Raw,5.0,NEF,,5.075,16.129,5.0,40,1240,62,10,0.852,5.769,0.603,25.0,0.168,0.163,0.581,0.191
adam17,KarmaDock Raw,0.5,NEF,,20.483,71.429,22.143,40,1240,7,5,0.987,75.0,0.562,71.429,0.291,0.205,0.688,0.429
adam17,KarmaDock Raw,1.0,NEF,,15.362,46.154,14.308,40,1240,13,6,0.963,25.714,0.572,46.154,0.25,0.214,0.688,0.429
adam17,KarmaDock Raw,5.0,NEF,,6.044,19.355,6.0,40,1240,62,12,0.878,7.2,0.629,30.0,0.209,0.204,0.688,0.429
adrb2,KarmaDock Raw,0.5,NEF,,0.0,0.0,0.0,40,1240,7,0,0.0,0.0,0.497,0.0,-0.014,-0.01,0.55,0.029
adrb2,KarmaDock Raw,1.0,NEF,,0.0,0.0,0.0,40,1240,13,0,0.0,0.0,0.495,0.0,-0.019,-0.016,0.55,0.029
adrb2,KarmaDock Raw,5.0,NEF,,0.505,1.613,0.5,40,1240,62,1,0.33,0.492,0.487,2.5,-0.021,-0.02,0.55,0.029
akt1,KarmaDock Raw,0.5,NEF,,17.745,57.143,17.714,40,1240,7,4,0.976,40.0,0.549,57.143,0.23,0.162,0.891,0.528
akt1,KarmaDock Raw,1.0,NEF,,13.443,46.154,14.308,40,1240,13,6,0.963,25.714,0.572,46.154,0.25,0.214,0.891,0.528
akt1,KarmaDock Raw,5.0,NEF,,10.527,33.871,10.5,40,1240,62,21,0.939,15.366,0.745,52.5,0.398,0.388,0.891,0.528
alr2,KarmaDock Raw,0.5,NEF,,0.0,0.0,0.0,40,1240,7,0,0.0,0.0,0.497,0.0,-0.014,-0.01,0.465,0.001
alr2,KarmaDock Raw,1.0,NEF,,0.0,0.0,0.0,40,1240,13,0,0.0,0.0,0.495,0.0,-0.019,-0.016,0.465,0.001
alr2,KarmaDock Raw,5.0,NEF,,0.0,0.0,0.0,40,1240,62,0,0.0,0.0,0.474,0.0,-0.042,-0.041,0.465,0.001
ar,KarmaDock Raw,0.5,NEF,,16.075,57.143,17.714,40,1240,7,4,0.976,40.0,0.549,57.143,0.23,0.162,0.887,0.935
ar,KarmaDock Raw,1.0,NEF,,16.075,53.846,16.692,40,1240,13,7,0.972,35.0,0.585,53.846,0.295,0.252,0.887,0.935
ar,KarmaDock Raw,5.0,NEF,,10.047,32.258,10.0,40,1240,62,20,0.935,14.286,0.732,50.0,0.377,0.367,0.887,0.935
aurka,KarmaDock Raw,0.5,NEF,,30.275,100.0,31.0,40,1240,7,7,1.0,inf,0.588,100.0,0.413,0.291,0.993,0.971
aurka,KarmaDock Raw,1.0,NEF,,27.752,92.308,28.615,40,1240,13,12,0.997,360.0,0.65,92.308,0.519,0.444,0.993,0.971
aurka,KarmaDock Raw,5.0,NEF,,18.165,58.065,18.0,40,1240,62,36,0.976,41.538,0.939,90.0,0.712,0.694,0.993,0.971
aurkb,KarmaDock Raw,0.5,NEF,,25.312,85.714,26.571,40,1240,7,6,0.994,180.0,0.575,85.714,0.352,0.248,0.988,0.941
aurkb,KarmaDock Raw,1.0,NEF,,27.844,92.308,28.615,40,1240,13,12,0.997,360.0,0.65,92.308,0.519,0.444,0.988,0.941
aurkb,KarmaDock Raw,5.0,NEF,,17.212,54.839,17.0,40,1240,62,34,0.973,36.429,0.913,85.0,0.67,0.653,0.988,0.941
bcl2,KarmaDock Raw,0.5,NEF,,20.35,71.429,22.143,40,1240,7,5,0.987,75.0,0.562,71.429,0.291,0.205,0.822,0.5
bcl2,KarmaDock Raw,1.0,NEF,,17.806,53.846,16.692,40,1240,13,7,0.972,35.0,0.585,53.846,0.295,0.252,0.822,0.5
bcl2,KarmaDock Raw,5.0,NEF,,7.006,22.581,7.0,40,1240,62,14,0.897,8.75,0.655,35.0,0.251,0.245,0.822,0.5
braf,KarmaDock Raw,0.5,NEF,,15.125,42.857,13.286,40,1240,7,3,0.957,22.5,0.536,42.857,0.169,0.119,0.828,0.326
braf,KarmaDock Raw,1.0,NEF,,7.562,23.077,7.154,40,1240,13,3,0.9,9.0,0.533,23.077,0.116,0.099,0.828,0.326
braf,KarmaDock Raw,5.0,NEF,,6.05,19.355,6.0,40,1240,62,12,0.878,7.2,0.629,30.0,0.209,0.204,0.828,0.326
catl,KarmaDock Raw,0.5,NEF,,10.275,28.571,8.857,40,1240,7,2,0.923,12.0,0.523,28.571,0.108,0.076,0.696,0.418
catl,KarmaDock Raw,1.0,NEF,,17.981,61.538,19.077,40,1240,13,8,0.98,48.0,0.598,61.538,0.34,0.291,0.696,0.418
catl,KarmaDock Raw,5.0,NEF,,6.569,20.968,6.5,40,1240,62,13,0.888,7.959,0.642,32.5,0.23,0.224,0.696,0.418
cdk2,KarmaDock Raw,0.5,NEF,,23.92,71.429,22.143,40,1240,7,5,0.987,75.0,0.562,71.429,0.291,0.205,0.924,0.679
cdk2,KarmaDock Raw,1.0,NEF,,24.464,76.923,23.846,40,1240,13,10,0.99,100.0,0.624,76.923,0.429,0.367,0.924,0.679
cdk2,KarmaDock Raw,5.0,NEF,,10.642,33.871,10.5,40,1240,62,21,0.939,15.366,0.745,52.5,0.398,0.388,0.924,0.679
cox1,KarmaDock Raw,0.5,NEF,,5.6,14.286,4.429,40,1240,7,1,0.833,5.0,0.51,14.286,0.047,0.033,0.62,0.161
cox1,KarmaDock Raw,1.0,NEF,,5.091,15.385,4.769,40,1240,13,2,0.845,5.455,0.52,15.385,0.071,0.061,0.62,0.161
cox1,KarmaDock Raw,5.0,NEF,,3.5,11.29,3.5,40,1240,62,7,0.792,3.818,0.565,17.5,0.105,0.102,0.62,0.161
cox2,KarmaDock Raw,0.5,NEF,,5.362,14.286,4.429,40,1240,7,1,0.833,5.0,0.51,14.286,0.047,0.033,0.646,0.094
cox2,KarmaDock Raw,1.0,NEF,,2.681,7.692,2.385,40,1240,13,1,0.714,2.5,0.507,7.692,0.026,0.022,0.646,0.094
cox2,KarmaDock Raw,5.0,NEF,,1.532,4.839,1.5,40,1240,62,3,0.604,1.525,0.513,7.5,0.021,0.02,0.646,0.094
ctsk,KarmaDock Raw,0.5,NEF,,0.0,0.0,0.0,40,1240,7,0,0.0,0.0,0.497,0.0,-0.014,-0.01,0.488,0.2
ctsk,KarmaDock Raw,1.0,NEF,,5.146,15.385,4.769,40,1240,13,2,0.845,5.455,0.52,15.385,0.071,0.061,0.488,0.2
ctsk,KarmaDock Raw,5.0,NEF,,5.061,16.129,5.0,40,1240,62,10,0.852,5.769,0.603,25.0,0.168,0.163,0.488,0.2
cyp2a6,KarmaDock Raw,0.5,NEF,,5.638,14.286,4.429,40,1240,7,1,0.833,5.0,0.51,14.286,0.047,0.033,0.483,0.225
cyp2a6,KarmaDock Raw,1.0,NEF,,7.517,23.077,7.154,40,1240,13,3,0.9,9.0,0.533,23.077,0.116,0.099,0.483,0.225
cyp2a6,KarmaDock Raw,5.0,NEF,,1.503,4.839,1.5,40,1240,62,3,0.604,1.525,0.513,7.5,0.021,0.02,0.483,0.225
dhfr,KarmaDock Raw,0.5,NEF,,15.3,42.857,13.286,40,1240,7,3,0.957,22.5,0.536,42.857,0.169,0.119,0.838,0.57
dhfr,KarmaDock Raw,1.0,NEF,,20.4,69.231,21.462,40,1240,13,9,0.985,67.5,0.611,69.231,0.385,0.329,0.838,0.57
dhfr,KarmaDock Raw,5.0,NEF,,9.03,29.032,9.0,40,1240,62,18,0.925,12.273,0.707,45.0,0.335,0.327,0.838,0.57
egfr,KarmaDock Raw,0.5,NEF,,30.1,100.0,31.0,40,1240,7,7,1.0,inf,0.588,100.0,0.413,0.291,0.853,0.789
egfr,KarmaDock Raw,1.0,NEF,,25.083,84.615,26.231,40,1240,13,11,0.994,165.0,0.637,84.615,0.474,0.406,0.853,0.789
egfr,KarmaDock Raw,5.0,NEF,,12.04,38.71,12.0,40,1240,62,24,0.95,18.947,0.784,60.0,0.461,0.449,0.853,0.789
ephb4,KarmaDock Raw,0.5,NEF,,25.292,85.714,26.571,40,1240,7,6,0.994,180.0,0.575,85.714,0.352,0.248,0.995,0.97
ephb4,KarmaDock Raw,1.0,NEF,,27.821,92.308,28.615,40,1240,13,12,0.997,360.0,0.65,92.308,0.519,0.444,0.995,0.97
ephb4,KarmaDock Raw,5.0,NEF,,19.222,61.29,19.0,40,1240,62,38,0.979,47.5,0.965,95.0,0.754,0.735,0.995,0.97
erbb2,KarmaDock Raw,0.5,NEF,,23.66,71.429,22.143,40,1240,7,5,0.987,75.0,0.562,71.429,0.291,0.205,0.939,0.832
erbb2,KarmaDock Raw,1.0,NEF,,26.886,84.615,26.231,40,1240,13,11,0.994,165.0,0.637,84.615,0.474,0.406,0.939,0.832
erbb2,KarmaDock Raw,5.0,NEF,,14.537,46.774,14.5,40,1240,62,29,0.963,26.364,0.849,72.5,0.565,0.551,0.939,0.832
er-beta,KarmaDock Raw,0.5,NEF,,21.0,71.429,22.143,40,1240,7,5,0.987,75.0,0.562,71.429,0.291,0.205,0.903,0.652
er-beta,KarmaDock Raw,1.0,NEF,,15.75,53.846,16.692,40,1240,13,7,0.972,35.0,0.585,53.846,0.295,0.252,0.903,0.652
er-beta,KarmaDock Raw,5.0,NEF,,9.0,29.032,9.0,40,1240,62,18,0.925,12.273,0.707,45.0,0.335,0.327,0.903,0.652
fgfr1,KarmaDock Raw,0.5,NEF,,29.475,100.0,31.0,40,1240,7,7,1.0,inf,0.588,100.0,0.413,0.291,0.951,0.91
fgfr1,KarmaDock Raw,1.0,NEF,,29.475,92.308,28.615,40,1240,13,12,0.997,360.0,0.65,92.308,0.519,0.444,0.951,0.91
fgfr1,KarmaDock Raw,5.0,NEF,,14.229,45.161,14.0,40,1240,62,28,0.961,24.706,0.836,70.0,0.545,0.531,0.951,0.91
fkbp1a,KarmaDock Raw,0.5,NEF,,30.825,100.0,31.0,40,1240,7,7,1.0,inf,0.588,100.0,0.413,0.291,0.978,0.99
fkbp1a,KarmaDock Raw,1.0,NEF,,30.825,100.0,31.0,40,1240,13,13,1.0,inf,0.662,100.0,0.564,0.482,0.978,0.99
fkbp1a,KarmaDock Raw,5.0,NEF,,16.17,51.613,16.0,40,1240,62,32,0.97,32.0,0.888,80.0,0.628,0.612,0.978,0.99
fxa,KarmaDock Raw,0.5,NEF,,23.88,71.429,22.143,40,1240,7,5,0.987,75.0,0.562,71.429,0.291,0.205,0.97,0.871
fxa,KarmaDock Raw,1.0,NEF,,24.423,76.923,23.846,40,1240,13,10,0.99,100.0,0.624,76.923,0.429,0.367,0.97,0.871
fxa,KarmaDock Raw,5.0,NEF,,15.684,50.0,15.5,40,1240,62,31,0.968,30.0,0.875,77.5,0.607,0.592,0.97,0.871
gba,KarmaDock Raw,0.5,NEF,,10.25,28.571,8.857,40,1240,7,2,0.923,12.0,0.523,28.571,0.108,0.076,0.636,0.218
gba,KarmaDock Raw,1.0,NEF,,10.25,30.769,9.538,40,1240,13,4,0.93,13.333,0.546,30.769,0.16,0.137,0.636,0.218
gba,KarmaDock Raw,5.0,NEF,,2.016,6.452,2.0,40,1240,62,4,0.674,2.069,0.526,10.0,0.042,0.041,0.636,0.218
gr,KarmaDock Raw,0.5,NEF,,10.192,28.571,8.857,40,1240,7,2,0.923,12.0,0.523,28.571,0.108,0.076,0.645,0.229
gr,KarmaDock Raw,1.0,NEF,,7.644,23.077,7.154,40,1240,13,3,0.9,9.0,0.533,23.077,0.116,0.099,0.645,0.229
gr,KarmaDock Raw,5.0,NEF,,4.01,12.903,4.0,40,1240,62,8,0.816,4.444,0.578,20.0,0.126,0.122,0.645,0.229
gsk3b,KarmaDock Raw,0.5,NEF,,30.125,100.0,31.0,40,1240,7,7,1.0,inf,0.588,100.0,0.413,0.291,0.929,0.692
gsk3b,KarmaDock Raw,1.0,NEF,,20.083,61.538,19.077,40,1240,13,8,0.98,48.0,0.598,61.538,0.34,0.291,0.929,0.692
gsk3b,KarmaDock Raw,5.0,NEF,,11.046,35.484,11.0,40,1240,62,22,0.943,16.5,0.758,55.0,0.419,0.408,0.929,0.692
hdac2,KarmaDock Raw,0.5,NEF,,0.0,0.0,0.0,40,1240,7,0,0.0,0.0,0.497,0.0,-0.014,-0.01,0.539,0.04
hdac2,KarmaDock Raw,1.0,NEF,,0.0,0.0,0.0,40,1240,13,0,0.0,0.0,0.495,0.0,-0.019,-0.016,0.539,0.04
hdac2,KarmaDock Raw,5.0,NEF,,1.518,4.839,1.5,40,1240,62,3,0.604,1.525,0.513,7.5,0.021,0.02,0.539,0.04
hdac8,KarmaDock Raw,0.5,NEF,,0.0,0.0,0.0,40,1240,7,0,0.0,0.0,0.497,0.0,-0.014,-0.01,0.397,0.002
hdac8,KarmaDock Raw,1.0,NEF,,0.0,0.0,0.0,40,1240,13,0,0.0,0.0,0.495,0.0,-0.019,-0.016,0.397,0.002
hdac8,KarmaDock Raw,5.0,NEF,,0.506,1.613,0.5,40,1240,62,1,0.33,0.492,0.487,2.5,-0.021,-0.02,0.397,0.002
hiv1pr,KarmaDock Raw,0.5,NEF,,32.865,100.0,31.0,40,1240,7,7,1.0,inf,0.588,100.0,0.413,0.291,0.89,0.902
hiv1pr,KarmaDock Raw,1.0,NEF,,27.387,84.615,26.231,40,1240,13,11,0.994,165.0,0.637,84.615,0.474,0.406,0.89,0.902
hiv1pr,KarmaDock Raw,5.0,NEF,,15.885,51.613,16.0,40,1240,62,32,0.97,32.0,0.888,80.0,0.628,0.612,0.89,0.902
hiv1rt,KarmaDock Raw,0.5,NEF,,0.0,0.0,0.0,40,1240,7,0,0.0,0.0,0.497,0.0,-0.014,-0.01,0.64,0.044
hiv1rt,KarmaDock Raw,1.0,NEF,,0.0,0.0,0.0,40,1240,13,0,0.0,0.0,0.495,0.0,-0.019,-0.016,0.64,0.044
hiv1rt,KarmaDock Raw,5.0,NEF,,1.521,4.839,1.5,40,1240,62,3,0.604,1.525,0.513,7.5,0.021,0.02,0.64,0.044
hmgr,KarmaDock Raw,0.5,NEF,,30.925,100.0,31.0,40,1240,7,7,1.0,inf,0.588,100.0,0.413,0.291,0.969,1.032
hmgr,KarmaDock Raw,1.0,NEF,,30.925,100.0,31.0,40,1240,13,13,1.0,inf,0.662,100.0,0.564,0.482,0.969,1.032
hmgr,KarmaDock Raw,5.0,NEF,,18.251,59.677,18.5,40,1240,62,37,0.978,44.4,0.952,92.5,0.733,0.714,0.969,1.032
hsp90,KarmaDock Raw,0.5,NEF,,20.217,71.429,22.143,40,1240,7,5,0.987,75.0,0.562,71.429,0.291,0.205,0.888,0.652
hsp90,KarmaDock Raw,1.0,NEF,,20.217,61.538,19.077,40,1240,13,8,0.98,48.0,0.598,61.538,0.34,0.291,0.888,0.652
hsp90,KarmaDock Raw,5.0,NEF,,10.614,33.871,10.5,40,1240,62,21,0.939,15.366,0.745,52.5,0.398,0.388,0.888,0.652
igf1r,KarmaDock Raw,0.5,NEF,,29.075,100.0,31.0,40,1240,7,7,1.0,inf,0.588,100.0,0.413,0.291,0.983,0.897
igf1r,KarmaDock Raw,1.0,NEF,,26.432,84.615,26.231,40,1240,13,11,0.994,165.0,0.637,84.615,0.474,0.406,0.983,0.897
igf1r,KarmaDock Raw,5.0,NEF,,16.041,51.613,16.0,40,1240,62,32,0.97,32.0,0.888,80.0,0.628,0.612,0.983,0.897
inha,KarmaDock Raw,0.5,NEF,,0.0,0.0,0.0,40,1240,7,0,0.0,0.0,0.497,0.0,-0.014,-0.01,0.477,0.022
inha,KarmaDock Raw,1.0,NEF,,0.0,0.0,0.0,40,1240,13,0,0.0,0.0,0.495,0.0,-0.019,-0.016,0.477,0.022
inha,KarmaDock Raw,5.0,NEF,,1.506,4.839,1.5,40,1240,62,3,0.604,1.525,0.513,7.5,0.021,0.02,0.477,0.022
itk,KarmaDock Raw,0.5,NEF,,10.142,28.571,8.857,40,1240,7,2,0.923,12.0,0.523,28.571,0.108,0.076,0.809,0.482
itk,KarmaDock Raw,1.0,NEF,,12.677,38.462,11.923,40,1240,13,5,0.949,18.75,0.559,38.462,0.205,0.176,0.809,0.482
itk,KarmaDock Raw,5.0,NEF,,9.635,30.645,9.5,40,1240,62,19,0.93,13.256,0.72,47.5,0.356,0.347,0.809,0.482
jak3,KarmaDock Raw,0.5,NEF,,23.94,71.429,22.143,40,1240,7,5,0.987,75.0,0.562,71.429,0.291,0.205,0.951,0.767
jak3,KarmaDock Raw,1.0,NEF,,24.484,76.923,23.846,40,1240,13,10,0.99,100.0,0.624,76.923,0.429,0.367,0.951,0.767
jak3,KarmaDock Raw,5.0,NEF,,12.173,38.71,12.0,40,1240,62,24,0.95,18.947,0.784,60.0,0.461,0.449,0.951,0.767
jnk1,KarmaDock Raw,0.5,NEF,,17.985,57.143,17.714,40,1240,7,4,0.976,40.0,0.549,57.143,0.23,0.162,0.841,0.611
jnk1,KarmaDock Raw,1.0,NEF,,19.075,61.538,19.077,40,1240,13,8,0.98,48.0,0.598,61.538,0.34,0.291,0.841,0.611
jnk1,KarmaDock Raw,5.0,NEF,,10.669,33.871,10.5,40,1240,62,21,0.939,15.366,0.745,52.5,0.398,0.388,0.841,0.611
jnk2,KarmaDock Raw,0.5,NEF,,29.3,100.0,31.0,40,1240,7,7,1.0,inf,0.588,100.0,0.413,0.291,0.601,0.467
jnk2,KarmaDock Raw,1.0,NEF,,18.645,61.538,19.077,40,1240,13,8,0.98,48.0,0.598,61.538,0.34,0.291,0.601,0.467
jnk2,KarmaDock Raw,5.0,NEF,,4.547,14.516,4.5,40,1240,62,9,0.836,5.094,0.59,22.5,0.147,0.143,0.601,0.467
jnk3,KarmaDock Raw,0.5,NEF,,25.208,85.714,26.571,40,1240,7,6,0.994,180.0,0.575,85.714,0.352,0.248,0.857,0.741
jnk3,KarmaDock Raw,1.0,NEF,,25.208,84.615,26.231,40,1240,13,11,0.994,165.0,0.637,84.615,0.474,0.406,0.857,0.741
jnk3,KarmaDock Raw,5.0,NEF,,11.092,35.484,11.0,40,1240,62,22,0.943,16.5,0.758,55.0,0.419,0.408,0.857,0.741
kif11,KarmaDock Raw,0.5,NEF,,5.038,14.286,4.429,40,1240,7,1,0.833,5.0,0.51,14.286,0.047,0.033,0.698,0.125
kif11,KarmaDock Raw,1.0,NEF,,5.038,15.385,4.769,40,1240,13,2,0.845,5.455,0.52,15.385,0.071,0.061,0.698,0.125
kif11,KarmaDock Raw,5.0,NEF,,3.526,11.29,3.5,40,1240,62,7,0.792,3.818,0.565,17.5,0.105,0.102,0.698,0.125
lck,KarmaDock Raw,0.5,NEF,,25.062,85.714,26.571,40,1240,7,6,0.994,180.0,0.575,85.714,0.352,0.248,0.903,0.79
lck,KarmaDock Raw,1.0,NEF,,25.062,84.615,26.231,40,1240,13,11,0.994,165.0,0.637,84.615,0.474,0.406,0.903,0.79
lck,KarmaDock Raw,5.0,NEF,,13.534,43.548,13.5,40,1240,62,27,0.959,23.143,0.823,67.5,0.524,0.51,0.903,0.79
mdm2,KarmaDock Raw,0.5,NEF,,23.94,71.429,22.143,40,1240,7,5,0.987,75.0,0.562,71.429,0.291,0.205,0.857,0.617
mdm2,KarmaDock Raw,1.0,NEF,,24.484,76.923,23.846,40,1240,13,10,0.99,100.0,0.624,76.923,0.429,0.367,0.857,0.617
mdm2,KarmaDock Raw,5.0,NEF,,10.651,33.871,10.5,40,1240,62,21,0.939,15.366,0.745,52.5,0.398,0.388,0.857,0.617
mk2,KarmaDock Raw,0.5,NEF,,23.32,71.429,22.143,40,1240,7,5,0.987,75.0,0.562,71.429,0.291,0.205,0.934,0.636
mk2,KarmaDock Raw,1.0,NEF,,18.55,61.538,19.077,40,1240,13,8,0.98,48.0,0.598,61.538,0.34,0.291,0.934,0.636
mk2,KarmaDock Raw,5.0,NEF,,11.057,35.484,11.0,40,1240,62,22,0.943,16.5,0.758,55.0,0.419,0.408,0.934,0.636
mmp2,KarmaDock Raw,0.5,NEF,,0.0,0.0,0.0,40,1240,7,0,0.0,0.0,0.497,0.0,-0.014,-0.01,0.414,0.021
mmp2,KarmaDock Raw,1.0,NEF,,0.0,0.0,0.0,40,1240,13,0,0.0,0.0,0.495,0.0,-0.019,-0.016,0.414,0.021
mmp2,KarmaDock Raw,5.0,NEF,,0.502,1.613,0.5,40,1240,62,1,0.33,0.492,0.487,2.5,-0.021,-0.02,0.414,0.021
na,KarmaDock Raw,0.5,NEF,,30.975,100.0,31.0,40,1240,7,7,1.0,inf,0.588,100.0,0.413,0.291,0.993,1.043
na,KarmaDock Raw,1.0,NEF,,30.975,100.0,31.0,40,1240,13,13,1.0,inf,0.662,100.0,0.564,0.482,0.993,1.043
na,KarmaDock Raw,5.0,NEF,,18.28,59.677,18.5,40,1240,62,37,0.978,44.4,0.952,92.5,0.733,0.714,0.993,1.043
p38-alpha,KarmaDock Raw,0.5,NEF,,25.438,85.714,26.571,40,1240,7,6,0.994,180.0,0.575,85.714,0.352,0.248,0.931,0.753
p38-alpha,KarmaDock Raw,1.0,NEF,,25.438,84.615,26.231,40,1240,13,11,0.994,165.0,0.637,84.615,0.474,0.406,0.931,0.753
p38-alpha,KarmaDock Raw,5.0,NEF,,13.011,41.935,13.0,40,1240,62,26,0.956,21.667,0.81,65.0,0.503,0.49,0.931,0.753
parp-1,KarmaDock Raw,0.5,NEF,,30.075,100.0,31.0,40,1240,7,7,1.0,inf,0.588,100.0,0.413,0.291,0.918,0.804
parp-1,KarmaDock Raw,1.0,NEF,,27.569,92.308,28.615,40,1240,13,12,0.997,360.0,0.65,92.308,0.519,0.444,0.918,0.804
parp-1,KarmaDock Raw,5.0,NEF,,13.534,43.548,13.5,40,1240,62,27,0.959,23.143,0.823,67.5,0.524,0.51,0.918,0.804
pde4b,KarmaDock Raw,0.5,NEF,,20.533,71.429,22.143,40,1240,7,5,0.987,75.0,0.562,71.429,0.291,0.205,0.913,0.597
pde4b,KarmaDock Raw,1.0,NEF,,15.4,46.154,14.308,40,1240,13,6,0.963,25.714,0.572,46.154,0.25,0.214,0.913,0.597
pde4b,KarmaDock Raw,5.0,NEF,,13.633,43.548,13.5,40,1240,62,27,0.959,23.143,0.823,67.5,0.524,0.51,0.913,0.597
pde5,KarmaDock Raw,0.5,NEF,,15.35,42.857,13.286,40,1240,7,3,0.957,22.5,0.536,42.857,0.169,0.119,0.786,0.273
pde5,KarmaDock Raw,1.0,NEF,,7.675,23.077,7.154,40,1240,13,3,0.9,9.0,0.533,23.077,0.116,0.099,0.786,0.273
pde5,KarmaDock Raw,5.0,NEF,,5.033,16.129,5.0,40,1240,62,10,0.852,5.769,0.603,25.0,0.168,0.163,0.786,0.273
pdk1,KarmaDock Raw,0.5,NEF,,30.175,100.0,31.0,40,1240,7,7,1.0,inf,0.588,100.0,0.413,0.291,0.977,1.021
pdk1,KarmaDock Raw,1.0,NEF,,30.175,100.0,31.0,40,1240,13,13,1.0,inf,0.662,100.0,0.564,0.482,0.977,1.021
pdk1,KarmaDock Raw,5.0,NEF,,18.105,58.065,18.0,40,1240,62,36,0.976,41.538,0.939,90.0,0.712,0.694,0.977,1.021
pi3kg,KarmaDock Raw,0.5,NEF,,20.183,71.429,22.143,40,1240,7,5,0.987,75.0,0.562,71.429,0.291,0.205,0.85,0.5
pi3kg,KarmaDock Raw,1.0,NEF,,12.615,38.462,11.923,40,1240,13,5,0.949,18.75,0.559,38.462,0.205,0.176,0.85,0.5
pi3kg,KarmaDock Raw,5.0,NEF,,9.587,30.645,9.5,40,1240,62,19,0.93,13.256,0.72,47.5,0.356,0.347,0.85,0.5
pim-1,KarmaDock Raw,0.5,NEF,,10.075,28.571,8.857,40,1240,7,2,0.923,12.0,0.523,28.571,0.108,0.076,0.79,0.407
pim-1,KarmaDock Raw,1.0,NEF,,10.075,30.769,9.538,40,1240,13,4,0.93,13.333,0.546,30.769,0.16,0.137,0.79,0.407
pim-1,KarmaDock Raw,5.0,NEF,,8.564,27.419,8.5,40,1240,62,17,0.919,11.333,0.694,42.5,0.314,0.306,0.79,0.407
pim-2,KarmaDock Raw,0.5,NEF,,10.067,28.571,8.857,40,1240,7,2,0.923,12.0,0.523,28.571,0.108,0.076,0.843,0.347
pim-2,KarmaDock Raw,1.0,NEF,,10.067,30.769,9.538,40,1240,13,4,0.93,13.333,0.546,30.769,0.16,0.137,0.843,0.347
pim-2,KarmaDock Raw,5.0,NEF,,7.55,24.194,7.5,40,1240,62,15,0.905,9.574,0.668,37.5,0.272,0.265,0.843,0.347
pnp,KarmaDock Raw,0.5,NEF,,30.775,100.0,31.0,40,1240,7,7,1.0,inf,0.588,100.0,0.413,0.291,0.909,0.833
pnp,KarmaDock Raw,1.0,NEF,,28.21,92.308,28.615,40,1240,13,12,0.997,360.0,0.65,92.308,0.519,0.444,0.909,0.833
pnp,KarmaDock Raw,5.0,NEF,,11.099,35.484,11.0,40,1240,62,22,0.943,16.5,0.758,55.0,0.419,0.408,0.909,0.833
ppara,KarmaDock Raw,0.5,NEF,,22.8,71.429,22.143,40,1240,7,5,0.987,75.0,0.562,71.429,0.291,0.205,0.85,0.778
ppara,KarmaDock Raw,1.0,NEF,,20.727,69.231,21.462,40,1240,13,9,0.985,67.5,0.611,69.231,0.385,0.329,0.85,0.778
ppara,KarmaDock Raw,5.0,NEF,,14.5,46.774,14.5,40,1240,62,29,0.963,26.364,0.849,72.5,0.565,0.551,0.85,0.778
pparg,KarmaDock Raw,0.5,NEF,,22.8,71.429,22.143,40,1240,7,5,0.987,75.0,0.562,71.429,0.291,0.205,0.729,0.546
pparg,KarmaDock Raw,1.0,NEF,,15.545,53.846,16.692,40,1240,13,7,0.972,35.0,0.585,53.846,0.295,0.252,0.729,0.546
pparg,KarmaDock Raw,5.0,NEF,,9.0,29.032,9.0,40,1240,62,18,0.925,12.273,0.707,45.0,0.335,0.327,0.729,0.546
pr,KarmaDock Raw,0.5,NEF,,15.48,42.857,13.286,40,1240,7,3,0.957,22.5,0.536,42.857,0.169,0.119,0.622,0.332
pr,KarmaDock Raw,1.0,NEF,,7.74,23.077,7.154,40,1240,13,3,0.9,9.0,0.533,23.077,0.116,0.099,0.622,0.332
pr,KarmaDock Raw,5.0,NEF,,3.541,11.29,3.5,40,1240,62,7,0.792,3.818,0.565,17.5,0.105,0.102,0.622,0.332
prkcq,KarmaDock Raw,0.5,NEF,,20.033,71.429,22.143,40,1240,7,5,0.987,75.0,0.562,71.429,0.291,0.205,0.854,0.664
prkcq,KarmaDock Raw,1.0,NEF,,20.033,61.538,19.077,40,1240,13,8,0.98,48.0,0.598,61.538,0.34,0.291,0.854,0.664
prkcq,KarmaDock Raw,5.0,NEF,,14.023,45.161,14.0,40,1240,62,28,0.961,24.706,0.836,70.0,0.545,0.531,0.854,0.664
pygl-in,KarmaDock Raw,0.5,NEF,,5.133,14.286,4.429,40,1240,7,1,0.833,5.0,0.51,14.286,0.047,0.033,0.739,0.13
pygl-in,KarmaDock Raw,1.0,NEF,,2.567,7.692,2.385,40,1240,13,1,0.714,2.5,0.507,7.692,0.026,0.022,0.739,0.13
pygl-in,KarmaDock Raw,5.0,NEF,,4.544,14.516,4.5,40,1240,62,9,0.836,5.094,0.59,22.5,0.147,0.143,0.739,0.13
pygl-out,KarmaDock Raw,0.5,NEF,,5.15,14.286,4.429,40,1240,7,1,0.833,5.0,0.51,14.286,0.047,0.033,0.78,0.109
pygl-out,KarmaDock Raw,1.0,NEF,,2.575,7.692,2.385,40,1240,13,1,0.714,2.5,0.507,7.692,0.026,0.022,0.78,0.109
pygl-out,KarmaDock Raw,5.0,NEF,,2.026,6.452,2.0,40,1240,62,4,0.674,2.069,0.526,10.0,0.042,0.041,0.78,0.109
qpct,KarmaDock Raw,0.5,NEF,,25.792,85.714,26.571,40,1240,7,6,0.994,180.0,0.575,85.714,0.352,0.248,0.985,0.74
qpct,KarmaDock Raw,1.0,NEF,,25.792,84.615,26.231,40,1240,13,11,0.994,165.0,0.637,84.615,0.474,0.406,0.985,0.74
qpct,KarmaDock Raw,5.0,NEF,,16.236,51.613,16.0,40,1240,62,32,0.97,32.0,0.888,80.0,0.628,0.612,0.985,0.74
rock-1,KarmaDock Raw,0.5,NEF,,15.088,42.857,13.286,40,1240,7,3,0.957,22.5,0.536,42.857,0.169,0.119,0.869,0.617
rock-1,KarmaDock Raw,1.0,NEF,,17.602,53.846,16.692,40,1240,13,7,0.972,35.0,0.585,53.846,0.295,0.252,0.869,0.617
rock-1,KarmaDock Raw,5.0,NEF,,12.07,38.71,12.0,40,1240,62,24,0.95,18.947,0.784,60.0,0.461,0.449,0.869,0.617
rxr,KarmaDock Raw,0.5,NEF,,12.012,42.857,13.286,40,1240,7,3,0.957,22.5,0.536,42.857,0.169,0.119,0.942,0.726
rxr,KarmaDock Raw,1.0,NEF,,18.686,61.538,19.077,40,1240,13,8,0.98,48.0,0.598,61.538,0.34,0.291,0.942,0.726
rxr,KarmaDock Raw,5.0,NEF,,12.012,38.71,12.0,40,1240,62,24,0.95,18.947,0.784,60.0,0.461,0.449,0.942,0.726
sars-hcov,KarmaDock Raw,0.5,NEF,,6.149,14.286,4.429,39,1209,7,1,0.833,5.0,0.51,14.286,0.048,0.034,0.596,0.113
sars-hcov,KarmaDock Raw,1.0,NEF,,5.59,15.385,4.769,39,1209,13,2,0.845,5.455,0.521,15.385,0.072,0.062,0.596,0.113
sars-hcov,KarmaDock Raw,5.0,NEF,,1.563,4.918,1.525,39,1209,61,3,0.608,1.552,0.514,7.692,0.022,0.021,0.596,0.113
sirt2,KarmaDock Raw,0.5,NEF,,0.0,0.0,0.0,40,1240,7,0,0.0,0.0,0.497,0.0,-0.014,-0.01,0.548,0.003
sirt2,KarmaDock Raw,1.0,NEF,,0.0,0.0,0.0,40,1240,13,0,0.0,0.0,0.495,0.0,-0.019,-0.016,0.548,0.003
sirt2,KarmaDock Raw,5.0,NEF,,0.0,0.0,0.0,40,1240,62,0,0.0,0.0,0.474,0.0,-0.042,-0.041,0.548,0.003
src,KarmaDock Raw,0.5,NEF,,30.275,100.0,31.0,40,1240,7,7,1.0,inf,0.588,100.0,0.413,0.291,0.852,0.744
src,KarmaDock Raw,1.0,NEF,,22.706,76.923,23.846,40,1240,13,10,0.99,100.0,0.624,76.923,0.429,0.367,0.852,0.744
src,KarmaDock Raw,5.0,NEF,,12.11,38.71,12.0,40,1240,62,24,0.95,18.947,0.784,60.0,0.461,0.449,0.852,0.744
thrombin,KarmaDock Raw,0.5,NEF,,30.3,100.0,31.0,40,1240,7,7,1.0,inf,0.588,100.0,0.413,0.291,0.94,0.922
thrombin,KarmaDock Raw,1.0,NEF,,30.3,100.0,31.0,40,1240,13,13,1.0,inf,0.662,100.0,0.564,0.482,0.94,0.922
thrombin,KarmaDock Raw,5.0,NEF,,15.15,48.387,15.0,40,1240,62,30,0.966,28.125,0.862,75.0,0.586,0.571,0.94,0.922
tie2,KarmaDock Raw,0.5,NEF,,29.975,100.0,31.0,40,1240,7,7,1.0,inf,0.588,100.0,0.413,0.291,0.788,0.814
tie2,KarmaDock Raw,1.0,NEF,,27.25,84.615,26.231,40,1240,13,11,0.994,165.0,0.637,84.615,0.474,0.406,0.788,0.814
tie2,KarmaDock Raw,5.0,NEF,,12.193,38.71,12.0,40,1240,62,24,0.95,18.947,0.784,60.0,0.461,0.449,0.788,0.814
tk,KarmaDock Raw,0.5,NEF,,15.425,42.857,13.286,40,1240,7,3,0.957,22.5,0.536,42.857,0.169,0.119,0.765,0.452
tk,KarmaDock Raw,1.0,NEF,,15.425,46.154,14.308,40,1240,13,6,0.963,25.714,0.572,46.154,0.25,0.214,0.765,0.452
tk,KarmaDock Raw,5.0,NEF,,9.103,29.032,9.0,40,1240,62,18,0.925,12.273,0.707,45.0,0.335,0.327,0.765,0.452
tp,KarmaDock Raw,0.5,NEF,,20.48,71.429,22.143,40,1240,7,5,0.987,75.0,0.562,71.429,0.291,0.205,0.718,0.451
tp,KarmaDock Raw,1.0,NEF,,15.36,46.154,14.308,40,1240,13,6,0.963,25.714,0.572,46.154,0.25,0.214,0.718,0.451
tp,KarmaDock Raw,5.0,NEF,,4.518,14.516,4.5,40,1240,62,9,0.836,5.094,0.59,22.5,0.147,0.143,0.718,0.451
tpa,KarmaDock Raw,0.5,NEF,,29.075,100.0,31.0,40,1240,7,7,1.0,inf,0.588,100.0,0.413,0.291,0.968,0.892
tpa,KarmaDock Raw,1.0,NEF,,29.075,92.308,28.615,40,1240,13,12,0.997,360.0,0.65,92.308,0.519,0.444,0.968,0.892
tpa,KarmaDock Raw,5.0,NEF,,14.036,45.161,14.0,40,1240,62,28,0.961,24.706,0.836,70.0,0.545,0.531,0.968,0.892
ts,KarmaDock Raw,0.5,NEF,,0.0,0.0,0.0,40,1239,7,0,0.0,0.0,0.497,0.0,-0.014,-0.01,0.599,0.116
ts,KarmaDock Raw,1.0,NEF,,0.0,0.0,0.0,40,1239,13,0,0.0,0.0,0.495,0.0,-0.019,-0.016,0.599,0.116
ts,KarmaDock Raw,5.0,NEF,,3.5,11.29,3.497,40,1239,62,7,0.792,3.815,0.565,17.5,0.105,0.102,0.599,0.116
upa,KarmaDock Raw,0.5,NEF,,29.9,100.0,31.0,40,1240,7,7,1.0,inf,0.588,100.0,0.413,0.291,0.721,0.774
upa,KarmaDock Raw,1.0,NEF,,29.9,100.0,31.0,40,1240,13,13,1.0,inf,0.662,100.0,0.564,0.482,0.721,0.774
upa,KarmaDock Raw,5.0,NEF,,10.642,33.871,10.5,40,1240,62,21,0.939,15.366,0.745,52.5,0.398,0.388,0.721,0.774
vegfr1,KarmaDock Raw,0.5,NEF,,17.1,57.143,17.714,40,1240,7,4,0.976,40.0,0.549,57.143,0.23,0.162,0.808,0.452
vegfr1,KarmaDock Raw,1.0,NEF,,12.955,38.462,11.923,40,1240,13,5,0.949,18.75,0.559,38.462,0.205,0.176,0.808,0.452
vegfr1,KarmaDock Raw,5.0,NEF,,7.5,24.194,7.5,40,1240,62,15,0.905,9.574,0.668,37.5,0.272,0.265,0.808,0.452
vegfr2,KarmaDock Raw,0.5,NEF,,20.35,71.429,22.143,40,1240,7,5,0.987,75.0,0.562,71.429,0.291,0.205,0.838,0.499
vegfr2,KarmaDock Raw,1.0,NEF,,22.894,76.923,23.846,40,1240,13,10,0.99,100.0,0.624,76.923,0.429,0.367,0.838,0.499
vegfr2,KarmaDock Raw,5.0,NEF,,6.505,20.968,6.5,40,1240,62,13,0.888,7.959,0.642,32.5,0.23,0.224,0.838,0.499
11betahsd1,NNscore(ODDT)/GlideSP,0.5,NEF,,0.0,0.0,0.0,40,1240,7,0,0.0,0.0,0.497,0.0,-0.014,-0.01,0.678,0.041
11betahsd1,NNscore(ODDT)/GlideSP,1.0,NEF,,0.0,0.0,0.0,40,1240,13,0,0.0,0.0,0.495,0.0,-0.019,-0.016,0.678,0.041
11betahsd1,NNscore(ODDT)/GlideSP,5.0,NEF,,3.069,9.677,3.0,40,1240,62,6,0.763,3.214,0.552,15.0,0.084,0.082,0.678,0.041
17betahsd1,NNscore(ODDT)/GlideSP,0.5,NEF,,4.382,14.286,4.429,40,1240,7,1,0.833,5.0,0.51,14.286,0.047,0.033,0.369,0.08
17betahsd1,NNscore(ODDT)/GlideSP,1.0,NEF,,2.36,7.692,2.385,40,1240,13,1,0.714,2.5,0.507,7.692,0.026,0.022,0.369,0.08
17betahsd1,NNscore(ODDT)/GlideSP,5.0,NEF,,1.484,4.839,1.5,40,1240,62,3,0.604,1.525,0.513,7.5,0.021,0.02,0.369,0.08
a2a,NNscore(ODDT)/GlideSP,0.5,NEF,,0.0,0.0,0.0,40,1240,7,0,0.0,0.0,0.497,0.0,-0.014,-0.01,0.502,0.003
a2a,NNscore(ODDT)/GlideSP,1.0,NEF,,0.0,0.0,0.0,40,1240,13,0,0.0,0.0,0.495,0.0,-0.019,-0.016,0.502,0.003
a2a,NNscore(ODDT)/GlideSP,5.0,NEF,,0.495,1.613,0.5,40,1240,62,1,0.33,0.492,0.487,2.5,-0.021,-0.02,0.502,0.003
ace,NNscore(ODDT)/GlideSP,0.5,NEF,,8.821,28.571,8.857,40,1240,7,2,0.923,12.0,0.523,28.571,0.108,0.076,0.63,0.277
ace,NNscore(ODDT)/GlideSP,1.0,NEF,,7.13,23.077,7.154,40,1240,13,3,0.9,9.0,0.533,23.077,0.116,0.099,0.63,0.277
ace,NNscore(ODDT)/GlideSP,5.0,NEF,,4.98,16.129,5.0,40,1240,62,10,0.852,5.769,0.603,25.0,0.168,0.163,0.63,0.277
ace2,NNscore(ODDT)/GlideSP,0.5,NEF,,0.0,0.0,0.0,40,1240,7,0,0.0,0.0,0.497,0.0,-0.014,-0.01,0.594,0.079
ace2,NNscore(ODDT)/GlideSP,1.0,NEF,,2.38,7.692,2.385,40,1240,13,1,0.714,2.5,0.507,7.692,0.026,0.022,0.594,0.079
ace2,NNscore(ODDT)/GlideSP,5.0,NEF,,3.497,11.29,3.5,40,1240,62,7,0.792,3.818,0.565,17.5,0.105,0.102,0.594,0.079
ache,NNscore(ODDT)/GlideSP,0.5,NEF,,0.0,0.0,0.0,40,1240,7,0,0.0,0.0,0.497,0.0,-0.014,-0.01,0.554,0.019
ache,NNscore(ODDT)/GlideSP,1.0,NEF,,0.0,0.0,0.0,40,1240,13,0,0.0,0.0,0.495,0.0,-0.019,-0.016,0.554,0.019
ache,NNscore(ODDT)/GlideSP,5.0,NEF,,0.985,3.226,1.0,40,1240,62,2,0.5,1.0,0.5,5.0,0.0,0.0,0.554,0.019
adam17,NNscore(ODDT)/GlideSP,0.5,NEF,,0.0,0.0,0.0,40,1240,7,0,0.0,0.0,0.497,0.0,-0.014,-0.01,0.531,0.048
adam17,NNscore(ODDT)/GlideSP,1.0,NEF,,0.0,0.0,0.0,40,1240,13,0,0.0,0.0,0.495,0.0,-0.019,-0.016,0.531,0.048
adam17,NNscore(ODDT)/GlideSP,5.0,NEF,,1.488,4.839,1.5,40,1240,62,3,0.604,1.525,0.513,7.5,0.021,0.02,0.531,0.048
adrb2,NNscore(ODDT)/GlideSP,0.5,NEF,,0.0,0.0,0.0,40,1240,7,0,0.0,0.0,0.497,0.0,-0.014,-0.01,0.595,0.153
adrb2,NNscore(ODDT)/GlideSP,1.0,NEF,,2.4,7.692,2.385,40,1240,13,1,0.714,2.5,0.507,7.692,0.026,0.022,0.595,0.153
adrb2,NNscore(ODDT)/GlideSP,5.0,NEF,,3.969,12.903,4.0,40,1240,62,8,0.816,4.444,0.578,20.0,0.126,0.122,0.595,0.153
akt1,NNscore(ODDT)/GlideSP,0.5,NEF,,0.0,0.0,0.0,40,1240,7,0,0.0,0.0,0.497,0.0,-0.014,-0.01,0.409,0.0
akt1,NNscore(ODDT)/GlideSP,1.0,NEF,,0.0,0.0,0.0,40,1240,13,0,0.0,0.0,0.495,0.0,-0.019,-0.016,0.409,0.0
akt1,NNscore(ODDT)/GlideSP,5.0,NEF,,0.0,0.0,0.0,40,1240,62,0,0.0,0.0,0.474,0.0,-0.042,-0.041,0.409,0.0
alr2,NNscore(ODDT)/GlideSP,0.5,NEF,,4.379,14.286,4.429,40,1240,7,1,0.833,5.0,0.51,14.286,0.047,0.033,0.444,0.051
alr2,NNscore(ODDT)/GlideSP,1.0,NEF,,2.36,7.692,2.385,40,1240,13,1,0.714,2.5,0.507,7.692,0.026,0.022,0.444,0.051
alr2,NNscore(ODDT)/GlideSP,5.0,NEF,,0.494,1.613,0.5,40,1240,62,1,0.33,0.492,0.487,2.5,-0.021,-0.02,0.444,0.051
ar,NNscore(ODDT)/GlideSP,0.5,NEF,,0.0,0.0,0.0,40,1240,7,0,0.0,0.0,0.497,0.0,-0.014,-0.01,0.504,0.028
ar,NNscore(ODDT)/GlideSP,1.0,NEF,,0.0,0.0,0.0,40,1240,13,0,0.0,0.0,0.495,0.0,-0.019,-0.016,0.504,0.028
ar,NNscore(ODDT)/GlideSP,5.0,NEF,,0.705,1.613,0.5,40,1240,62,1,0.33,0.492,0.487,2.5,-0.021,-0.02,0.504,0.028
aurka,NNscore(ODDT)/GlideSP,0.5,NEF,,0.0,0.0,0.0,40,1240,7,0,0.0,0.0,0.497,0.0,-0.014,-0.01,0.602,0.024
aurka,NNscore(ODDT)/GlideSP,1.0,NEF,,0.0,0.0,0.0,40,1240,13,0,0.0,0.0,0.495,0.0,-0.019,-0.016,0.602,0.024
aurka,NNscore(ODDT)/GlideSP,5.0,NEF,,2.034,6.452,2.0,40,1240,62,4,0.674,2.069,0.526,10.0,0.042,0.041,0.602,0.024
aurkb,NNscore(ODDT)/GlideSP,0.5,NEF,,4.339,14.286,4.429,40,1240,7,1,0.833,5.0,0.51,14.286,0.047,0.033,0.54,0.148
aurkb,NNscore(ODDT)/GlideSP,1.0,NEF,,4.67,15.385,4.769,40,1240,13,2,0.845,5.455,0.52,15.385,0.071,0.061,0.54,0.148
aurkb,NNscore(ODDT)/GlideSP,5.0,NEF,,2.49,8.065,2.5,40,1240,62,5,0.725,2.632,0.539,12.5,0.063,0.061,0.54,0.148
bcl2,NNscore(ODDT)/GlideSP,0.5,NEF,,8.736,28.571,8.857,40,1240,7,2,0.923,12.0,0.523,28.571,0.108,0.076,0.729,0.206
bcl2,NNscore(ODDT)/GlideSP,1.0,NEF,,4.7,15.385,4.769,40,1240,13,2,0.845,5.455,0.52,15.385,0.071,0.061,0.729,0.206
bcl2,NNscore(ODDT)/GlideSP,5.0,NEF,,4.931,16.129,5.0,40,1240,62,10,0.852,5.769,0.603,25.0,0.168,0.163,0.729,0.206
braf,NNscore(ODDT)/GlideSP,0.5,NEF,,0.0,0.0,0.0,40,1240,7,0,0.0,0.0,0.497,0.0,-0.014,-0.01,0.57,0.023
braf,NNscore(ODDT)/GlideSP,1.0,NEF,,0.0,0.0,0.0,40,1240,13,0,0.0,0.0,0.495,0.0,-0.019,-0.016,0.57,0.023
braf,NNscore(ODDT)/GlideSP,5.0,NEF,,1.016,3.226,1.0,40,1240,62,2,0.5,1.0,0.5,5.0,0.0,0.0,0.57,0.023
catl,NNscore(ODDT)/GlideSP,0.5,NEF,,4.404,14.286,4.429,40,1240,7,1,0.833,5.0,0.51,14.286,0.047,0.033,0.524,0.093
catl,NNscore(ODDT)/GlideSP,1.0,NEF,,2.37,7.692,2.385,40,1240,13,1,0.714,2.5,0.507,7.692,0.026,0.022,0.524,0.093
catl,NNscore(ODDT)/GlideSP,5.0,NEF,,1.492,4.839,1.5,40,1240,62,3,0.604,1.525,0.513,7.5,0.021,0.02,0.524,0.093
cdk2,NNscore(ODDT)/GlideSP,0.5,NEF,,0.0,0.0,0.0,40,1240,7,0,0.0,0.0,0.497,0.0,-0.014,-0.01,0.481,0.062
cdk2,NNscore(ODDT)/GlideSP,1.0,NEF,,0.0,0.0,0.0,40,1240,13,0,0.0,0.0,0.495,0.0,-0.019,-0.016,0.481,0.062
cdk2,NNscore(ODDT)/GlideSP,5.0,NEF,,2.492,8.065,2.5,40,1240,62,5,0.725,2.632,0.539,12.5,0.063,0.061,0.481,0.062
cox1,NNscore(ODDT)/GlideSP,0.5,NEF,,0.0,0.0,0.0,40,1240,7,0,0.0,0.0,0.497,0.0,-0.014,-0.01,0.462,0.047
cox1,NNscore(ODDT)/GlideSP,1.0,NEF,,0.0,0.0,0.0,40,1240,13,0,0.0,0.0,0.495,0.0,-0.019,-0.016,0.462,0.047
cox1,NNscore(ODDT)/GlideSP,5.0,NEF,,2.051,6.452,2.0,40,1240,62,4,0.674,2.069,0.526,10.0,0.042,0.041,0.462,0.047
cox2,NNscore(ODDT)/GlideSP,0.5,NEF,,0.0,0.0,0.0,40,1240,7,0,0.0,0.0,0.497,0.0,-0.014,-0.01,0.783,0.324
cox2,NNscore(ODDT)/GlideSP,1.0,NEF,,7.7,23.077,7.154,40,1240,13,3,0.9,9.0,0.533,23.077,0.116,0.099,0.783,0.324
cox2,NNscore(ODDT)/GlideSP,5.0,NEF,,6.449,20.968,6.5,40,1240,62,13,0.888,7.959,0.642,32.5,0.23,0.224,0.783,0.324
ctsk,NNscore(ODDT)/GlideSP,0.5,NEF,,0.0,0.0,0.0,40,1240,7,0,0.0,0.0,0.497,0.0,-0.014,-0.01,0.542,0.001
ctsk,NNscore(ODDT)/GlideSP,1.0,NEF,,0.0,0.0,0.0,40,1240,13,0,0.0,0.0,0.495,0.0,-0.019,-0.016,0.542,0.001
ctsk,NNscore(ODDT)/GlideSP,5.0,NEF,,0.0,0.0,0.0,40,1240,62,0,0.0,0.0,0.474,0.0,-0.042,-0.041,0.542,0.001
cyp2a6,NNscore(ODDT)/GlideSP,0.5,NEF,,0.0,0.0,0.0,40,1240,7,0,0.0,0.0,0.497,0.0,-0.014,-0.01,0.369,0.0
cyp2a6,NNscore(ODDT)/GlideSP,1.0,NEF,,0.0,0.0,0.0,40,1240,13,0,0.0,0.0,0.495,0.0,-0.019,-0.016,0.369,0.0
cyp2a6,NNscore(ODDT)/GlideSP,5.0,NEF,,0.0,0.0,0.0,40,1240,62,0,0.0,0.0,0.474,0.0,-0.042,-0.041,0.369,0.0
dhfr,NNscore(ODDT)/GlideSP,0.5,NEF,,0.0,0.0,0.0,40,1240,7,0,0.0,0.0,0.497,0.0,-0.014,-0.01,0.44,0.046
dhfr,NNscore(ODDT)/GlideSP,1.0,NEF,,2.35,7.692,2.385,40,1240,13,1,0.714,2.5,0.507,7.692,0.026,0.022,0.44,0.046
dhfr,NNscore(ODDT)/GlideSP,5.0,NEF,,0.987,3.226,1.0,40,1240,62,2,0.5,1.0,0.5,5.0,0.0,0.0,0.44,0.046
egfr,NNscore(ODDT)/GlideSP,0.5,NEF,,4.414,14.286,4.429,40,1240,7,1,0.833,5.0,0.51,14.286,0.047,0.033,0.527,0.062
egfr,NNscore(ODDT)/GlideSP,1.0,NEF,,2.38,7.692,2.385,40,1240,13,1,0.714,2.5,0.507,7.692,0.026,0.022,0.527,0.062
egfr,NNscore(ODDT)/GlideSP,5.0,NEF,,1.52,4.839,1.5,40,1240,62,3,0.604,1.525,0.513,7.5,0.021,0.02,0.527,0.062
ephb4,NNscore(ODDT)/GlideSP,0.5,NEF,,13.007,42.857,13.286,40,1240,7,3,0.957,22.5,0.536,42.857,0.169,0.119,0.669,0.273
ephb4,NNscore(ODDT)/GlideSP,1.0,NEF,,9.34,30.769,9.538,40,1240,13,4,0.93,13.333,0.546,30.769,0.16,0.137,0.669,0.273
ephb4,NNscore(ODDT)/GlideSP,5.0,NEF,,3.98,12.903,4.0,40,1240,62,8,0.816,4.444,0.578,20.0,0.126,0.122,0.669,0.273
erbb2,NNscore(ODDT)/GlideSP,0.5,NEF,,4.933,14.286,4.429,40,1240,7,1,0.833,5.0,0.51,14.286,0.047,0.033,0.665,0.115
erbb2,NNscore(ODDT)/GlideSP,1.0,NEF,,4.93,15.385,4.769,40,1240,13,2,0.845,5.455,0.52,15.385,0.071,0.061,0.665,0.115
erbb2,NNscore(ODDT)/GlideSP,5.0,NEF,,2.467,8.065,2.5,40,1240,62,5,0.725,2.632,0.539,12.5,0.063,0.061,0.665,0.115
er-beta,NNscore(ODDT)/GlideSP,0.5,NEF,,0.0,0.0,0.0,40,1240,7,0,0.0,0.0,0.497,0.0,-0.014,-0.01,0.342,0.0
er-beta,NNscore(ODDT)/GlideSP,1.0,NEF,,0.0,0.0,0.0,40,1240,13,0,0.0,0.0,0.495,0.0,-0.019,-0.016,0.342,0.0
er-beta,NNscore(ODDT)/GlideSP,5.0,NEF,,0.0,0.0,0.0,40,1240,62,0,0.0,0.0,0.474,0.0,-0.042,-0.041,0.342,0.0
fgfr1,NNscore(ODDT)/GlideSP,0.5,NEF,,4.913,14.286,4.429,40,1240,7,1,0.833,5.0,0.51,14.286,0.047,0.033,0.6,0.095
fgfr1,NNscore(ODDT)/GlideSP,1.0,NEF,,2.46,7.692,2.385,40,1240,13,1,0.714,2.5,0.507,7.692,0.026,0.022,0.6,0.095
fgfr1,NNscore(ODDT)/GlideSP,5.0,NEF,,1.499,4.839,1.5,40,1240,62,3,0.604,1.525,0.513,7.5,0.021,0.02,0.6,0.095
fkbp1a,NNscore(ODDT)/GlideSP,0.5,NEF,,4.628,14.286,4.429,40,1240,7,1,0.833,5.0,0.51,14.286,0.047,0.033,0.5,0.193
fkbp1a,NNscore(ODDT)/GlideSP,1.0,NEF,,4.98,15.385,4.769,40,1240,13,2,0.845,5.455,0.52,15.385,0.071,0.061,0.5,0.193
fkbp1a,NNscore(ODDT)/GlideSP,5.0,NEF,,5.225,16.129,5.0,40,1240,62,10,0.852,5.769,0.603,25.0,0.168,0.163,0.5,0.193
fxa,NNscore(ODDT)/GlideSP,0.5,NEF,,0.0,0.0,0.0,40,1240,7,0,0.0,0.0,0.497,0.0,-0.014,-0.01,0.748,0.154
fxa,NNscore(ODDT)/GlideSP,1.0,NEF,,5.1,15.385,4.769,40,1240,13,2,0.845,5.455,0.52,15.385,0.071,0.061,0.748,0.154
fxa,NNscore(ODDT)/GlideSP,5.0,NEF,,4.588,14.516,4.5,40,1240,62,9,0.836,5.094,0.59,22.5,0.147,0.143,0.748,0.154
gba,NNscore(ODDT)/GlideSP,0.5,NEF,,0.0,0.0,0.0,40,1240,7,0,0.0,0.0,0.497,0.0,-0.014,-0.01,0.481,0.006
gba,NNscore(ODDT)/GlideSP,1.0,NEF,,0.0,0.0,0.0,40,1240,13,0,0.0,0.0,0.495,0.0,-0.019,-0.016,0.481,0.006
gba,NNscore(ODDT)/GlideSP,5.0,NEF,,0.996,3.226,1.0,40,1240,62,2,0.5,1.0,0.5,5.0,0.0,0.0,0.481,0.006
gr,NNscore(ODDT)/GlideSP,0.5,NEF,,4.368,14.286,4.429,40,1240,7,1,0.833,5.0,0.51,14.286,0.047,0.033,0.555,0.07
gr,NNscore(ODDT)/GlideSP,1.0,NEF,,2.35,7.692,2.385,40,1240,13,1,0.714,2.5,0.507,7.692,0.026,0.022,0.555,0.07
gr,NNscore(ODDT)/GlideSP,5.0,NEF,,0.493,1.613,0.5,40,1240,62,1,0.33,0.492,0.487,2.5,-0.021,-0.02,0.555,0.07
gsk3b,NNscore(ODDT)/GlideSP,0.5,NEF,,4.307,14.286,4.429,40,1240,7,1,0.833,5.0,0.51,14.286,0.047,0.033,0.53,0.139
gsk3b,NNscore(ODDT)/GlideSP,1.0,NEF,,2.32,7.692,2.385,40,1240,13,1,0.714,2.5,0.507,7.692,0.026,0.022,0.53,0.139
gsk3b,NNscore(ODDT)/GlideSP,5.0,NEF,,3.46,11.29,3.5,40,1240,62,7,0.792,3.818,0.565,17.5,0.105,0.102,0.53,0.139
hdac2,NNscore(ODDT)/GlideSP,0.5,NEF,,0.0,0.0,0.0,40,1240,7,0,0.0,0.0,0.497,0.0,-0.014,-0.01,0.641,0.001
hdac2,NNscore(ODDT)/GlideSP,1.0,NEF,,0.0,0.0,0.0,40,1240,13,0,0.0,0.0,0.495,0.0,-0.019,-0.016,0.641,0.001
hdac2,NNscore(ODDT)/GlideSP,5.0,NEF,,0.0,0.0,0.0,40,1240,62,0,0.0,0.0,0.474,0.0,-0.042,-0.041,0.641,0.001
hdac8,NNscore(ODDT)/GlideSP,0.5,NEF,,0.0,0.0,0.0,40,1240,7,0,0.0,0.0,0.497,0.0,-0.014,-0.01,0.435,0.003
hdac8,NNscore(ODDT)/GlideSP,1.0,NEF,,0.0,0.0,0.0,40,1240,13,0,0.0,0.0,0.495,0.0,-0.019,-0.016,0.435,0.003
hdac8,NNscore(ODDT)/GlideSP,5.0,NEF,,0.498,1.613,0.5,40,1240,62,1,0.33,0.492,0.487,2.5,-0.021,-0.02,0.435,0.003
hiv1pr,NNscore(ODDT)/GlideSP,0.5,NEF,,4.695,14.286,4.429,40,1240,7,1,0.833,5.0,0.51,14.286,0.047,0.033,0.772,0.172
hiv1pr,NNscore(ODDT)/GlideSP,1.0,NEF,,7.58,23.077,7.154,40,1240,13,3,0.9,9.0,0.533,23.077,0.116,0.099,0.772,0.172
hiv1pr,NNscore(ODDT)/GlideSP,5.0,NEF,,3.771,12.903,4.0,40,1240,62,8,0.816,4.444,0.578,20.0,0.126,0.122,0.772,0.172
hiv1rt,NNscore(ODDT)/GlideSP,0.5,NEF,,0.0,0.0,0.0,40,1240,7,0,0.0,0.0,0.497,0.0,-0.014,-0.01,0.623,0.041
hiv1rt,NNscore(ODDT)/GlideSP,1.0,NEF,,0.0,0.0,0.0,40,1240,13,0,0.0,0.0,0.495,0.0,-0.019,-0.016,0.623,0.041
hiv1rt,NNscore(ODDT)/GlideSP,5.0,NEF,,1.575,4.839,1.5,40,1240,62,3,0.604,1.525,0.513,7.5,0.021,0.02,0.623,0.041
hmgr,NNscore(ODDT)/GlideSP,0.5,NEF,,4.418,14.286,4.429,40,1240,7,1,0.833,5.0,0.51,14.286,0.047,0.033,0.7,0.182
hmgr,NNscore(ODDT)/GlideSP,1.0,NEF,,4.76,15.385,4.769,40,1240,13,2,0.845,5.455,0.52,15.385,0.071,0.061,0.7,0.182
hmgr,NNscore(ODDT)/GlideSP,5.0,NEF,,3.492,11.29,3.5,40,1240,62,7,0.792,3.818,0.565,17.5,0.105,0.102,0.7,0.182
hsp90,NNscore(ODDT)/GlideSP,0.5,NEF,,4.336,14.286,4.429,40,1240,7,1,0.833,5.0,0.51,14.286,0.047,0.033,0.524,0.087
hsp90,NNscore(ODDT)/GlideSP,1.0,NEF,,2.33,7.692,2.385,40,1240,13,1,0.714,2.5,0.507,7.692,0.026,0.022,0.524,0.087
hsp90,NNscore(ODDT)/GlideSP,5.0,NEF,,2.488,8.065,2.5,40,1240,62,5,0.725,2.632,0.539,12.5,0.063,0.061,0.524,0.087
igf1r,NNscore(ODDT)/GlideSP,0.5,NEF,,0.0,0.0,0.0,40,1240,7,0,0.0,0.0,0.497,0.0,-0.014,-0.01,0.543,0.01
igf1r,NNscore(ODDT)/GlideSP,1.0,NEF,,0.0,0.0,0.0,40,1240,13,0,0.0,0.0,0.495,0.0,-0.019,-0.016,0.543,0.01
igf1r,NNscore(ODDT)/GlideSP,5.0,NEF,,0.505,1.613,0.5,40,1240,62,1,0.33,0.492,0.487,2.5,-0.021,-0.02,0.543,0.01
inha,NNscore(ODDT)/GlideSP,0.5,NEF,,0.0,0.0,0.0,40,1240,7,0,0.0,0.0,0.497,0.0,-0.014,-0.01,0.382,0.0
inha,NNscore(ODDT)/GlideSP,1.0,NEF,,0.0,0.0,0.0,40,1240,13,0,0.0,0.0,0.495,0.0,-0.019,-0.016,0.382,0.0
inha,NNscore(ODDT)/GlideSP,5.0,NEF,,0.0,0.0,0.0,40,1240,62,0,0.0,0.0,0.474,0.0,-0.042,-0.041,0.382,0.0
itk,NNscore(ODDT)/GlideSP,0.5,NEF,,0.0,0.0,0.0,40,1240,7,0,0.0,0.0,0.497,0.0,-0.014,-0.01,0.605,0.014
itk,NNscore(ODDT)/GlideSP,1.0,NEF,,0.0,0.0,0.0,40,1240,13,0,0.0,0.0,0.495,0.0,-0.019,-0.016,0.605,0.014
itk,NNscore(ODDT)/GlideSP,5.0,NEF,,1.997,6.452,2.0,40,1240,62,4,0.674,2.069,0.526,10.0,0.042,0.041,0.605,0.014
jak3,NNscore(ODDT)/GlideSP,0.5,NEF,,0.0,0.0,0.0,40,1240,7,0,0.0,0.0,0.497,0.0,-0.014,-0.01,0.563,0.041
jak3,NNscore(ODDT)/GlideSP,1.0,NEF,,0.0,0.0,0.0,40,1240,13,0,0.0,0.0,0.495,0.0,-0.019,-0.016,0.563,0.041
jak3,NNscore(ODDT)/GlideSP,5.0,NEF,,0.998,3.226,1.0,40,1240,62,2,0.5,1.0,0.5,5.0,0.0,0.0,0.563,0.041
jnk1,NNscore(ODDT)/GlideSP,0.5,NEF,,0.0,0.0,0.0,40,1240,7,0,0.0,0.0,0.497,0.0,-0.014,-0.01,0.612,0.072
jnk1,NNscore(ODDT)/GlideSP,1.0,NEF,,2.63,7.692,2.385,40,1240,13,1,0.714,2.5,0.507,7.692,0.026,0.022,0.612,0.072
jnk1,NNscore(ODDT)/GlideSP,5.0,NEF,,1.05,3.226,1.0,40,1240,62,2,0.5,1.0,0.5,5.0,0.0,0.0,0.612,0.072
jnk2,NNscore(ODDT)/GlideSP,0.5,NEF,,5.004,14.286,4.429,40,1240,7,1,0.833,5.0,0.51,14.286,0.047,0.033,0.416,0.073
jnk2,NNscore(ODDT)/GlideSP,1.0,NEF,,2.5,7.692,2.385,40,1240,13,1,0.714,2.5,0.507,7.692,0.026,0.022,0.416,0.073
jnk2,NNscore(ODDT)/GlideSP,5.0,NEF,,1.018,3.226,1.0,40,1240,62,2,0.5,1.0,0.5,5.0,0.0,0.0,0.416,0.073
jnk3,NNscore(ODDT)/GlideSP,0.5,NEF,,8.857,28.571,8.857,40,1240,7,2,0.923,12.0,0.523,28.571,0.108,0.076,0.531,0.133
jnk3,NNscore(ODDT)/GlideSP,1.0,NEF,,4.77,15.385,4.769,40,1240,13,2,0.845,5.455,0.52,15.385,0.071,0.061,0.531,0.133
jnk3,NNscore(ODDT)/GlideSP,5.0,NEF,,1.525,4.839,1.5,40,1240,62,3,0.604,1.525,0.513,7.5,0.021,0.02,0.531,0.133
kif11,NNscore(ODDT)/GlideSP,0.5,NEF,,4.318,14.286,4.429,40,1240,7,1,0.833,5.0,0.51,14.286,0.047,0.033,0.856,0.161
kif11,NNscore(ODDT)/GlideSP,1.0,NEF,,4.65,15.385,4.769,40,1240,13,2,0.845,5.455,0.52,15.385,0.071,0.061,0.856,0.161
kif11,NNscore(ODDT)/GlideSP,5.0,NEF,,4.955,16.129,5.0,40,1240,62,10,0.852,5.769,0.603,25.0,0.168,0.163,0.856,0.161
lck,NNscore(ODDT)/GlideSP,0.5,NEF,,0.0,0.0,0.0,40,1240,7,0,0.0,0.0,0.497,0.0,-0.014,-0.01,0.434,0.007
lck,NNscore(ODDT)/GlideSP,1.0,NEF,,0.0,0.0,0.0,40,1240,13,0,0.0,0.0,0.495,0.0,-0.019,-0.016,0.434,0.007
lck,NNscore(ODDT)/GlideSP,5.0,NEF,,0.493,1.613,0.5,40,1240,62,1,0.33,0.492,0.487,2.5,-0.021,-0.02,0.434,0.007
mdm2,NNscore(ODDT)/GlideSP,0.5,NEF,,0.0,0.0,0.0,40,1240,7,0,0.0,0.0,0.497,0.0,-0.014,-0.01,0.293,0.0
mdm2,NNscore(ODDT)/GlideSP,1.0,NEF,,0.0,0.0,0.0,40,1240,13,0,0.0,0.0,0.495,0.0,-0.019,-0.016,0.293,0.0
mdm2,NNscore(ODDT)/GlideSP,5.0,NEF,,0.0,0.0,0.0,40,1240,62,0,0.0,0.0,0.474,0.0,-0.042,-0.041,0.293,0.0
mk2,NNscore(ODDT)/GlideSP,0.5,NEF,,0.0,0.0,0.0,40,1240,7,0,0.0,0.0,0.497,0.0,-0.014,-0.01,0.549,0.048
mk2,NNscore(ODDT)/GlideSP,1.0,NEF,,0.0,0.0,0.0,40,1240,13,0,0.0,0.0,0.495,0.0,-0.019,-0.016,0.549,0.048
mk2,NNscore(ODDT)/GlideSP,5.0,NEF,,1.066,3.226,1.0,40,1240,62,2,0.5,1.0,0.5,5.0,0.0,0.0,0.549,0.048
mmp2,NNscore(ODDT)/GlideSP,0.5,NEF,,0.0,0.0,0.0,40,1240,7,0,0.0,0.0,0.497,0.0,-0.014,-0.01,0.466,0.012
mmp2,NNscore(ODDT)/GlideSP,1.0,NEF,,0.0,0.0,0.0,40,1240,13,0,0.0,0.0,0.495,0.0,-0.019,-0.016,0.466,0.012
mmp2,NNscore(ODDT)/GlideSP,5.0,NEF,,0.495,1.613,0.5,40,1240,62,1,0.33,0.492,0.487,2.5,-0.021,-0.02,0.466,0.012
na,NNscore(ODDT)/GlideSP,0.5,NEF,,4.425,14.286,4.429,40,1240,7,1,0.833,5.0,0.51,14.286,0.047,0.033,0.792,0.065
na,NNscore(ODDT)/GlideSP,1.0,NEF,,2.38,7.692,2.385,40,1240,13,1,0.714,2.5,0.507,7.692,0.026,0.022,0.792,0.065
na,NNscore(ODDT)/GlideSP,5.0,NEF,,1.998,6.452,2.0,40,1240,62,4,0.674,2.069,0.526,10.0,0.042,0.041,0.792,0.065
p38-alpha,NNscore(ODDT)/GlideSP,0.5,NEF,,4.364,14.286,4.429,40,1240,7,1,0.833,5.0,0.51,14.286,0.047,0.033,0.441,0.057
p38-alpha,NNscore(ODDT)/GlideSP,1.0,NEF,,2.35,7.692,2.385,40,1240,13,1,0.714,2.5,0.507,7.692,0.026,0.022,0.441,0.057
p38-alpha,NNscore(ODDT)/GlideSP,5.0,NEF,,0.493,1.613,0.5,40,1240,62,1,0.33,0.492,0.487,2.5,-0.021,-0.02,0.441,0.057
parp-1,NNscore(ODDT)/GlideSP,0.5,NEF,,8.614,28.571,8.857,40,1240,7,2,0.923,12.0,0.523,28.571,0.108,0.076,0.651,0.266
parp-1,NNscore(ODDT)/GlideSP,1.0,NEF,,11.6,38.462,11.923,40,1240,13,5,0.949,18.75,0.559,38.462,0.205,0.176,0.651,0.266
parp-1,NNscore(ODDT)/GlideSP,5.0,NEF,,3.46,11.29,3.5,40,1240,62,7,0.792,3.818,0.565,17.5,0.105,0.102,0.651,0.266
pde4b,NNscore(ODDT)/GlideSP,0.5,NEF,,0.0,0.0,0.0,40,1240,7,0,0.0,0.0,0.497,0.0,-0.014,-0.01,0.655,0.062
pde4b,NNscore(ODDT)/GlideSP,1.0,NEF,,2.37,7.692,2.385,40,1240,13,1,0.714,2.5,0.507,7.692,0.026,0.022,0.655,0.062
pde4b,NNscore(ODDT)/GlideSP,5.0,NEF,,1.987,6.452,2.0,40,1240,62,4,0.674,2.069,0.526,10.0,0.042,0.041,0.655,0.062
pde5,NNscore(ODDT)/GlideSP,0.5,NEF,,0.0,0.0,0.0,40,1240,7,0,0.0,0.0,0.497,0.0,-0.014,-0.01,0.651,0.05
pde5,NNscore(ODDT)/GlideSP,1.0,NEF,,0.0,0.0,0.0,40,1240,13,0,0.0,0.0,0.495,0.0,-0.019,-0.016,0.651,0.05
pde5,NNscore(ODDT)/GlideSP,5.0,NEF,,2.602,8.065,2.5,40,1240,62,5,0.725,2.632,0.539,12.5,0.063,0.061,0.651,0.05
pdk1,NNscore(ODDT)/GlideSP,0.5,NEF,,0.0,0.0,0.0,40,1240,7,0,0.0,0.0,0.497,0.0,-0.014,-0.01,0.484,0.008
pdk1,NNscore(ODDT)/GlideSP,1.0,NEF,,0.0,0.0,0.0,40,1240,13,0,0.0,0.0,0.495,0.0,-0.019,-0.016,0.484,0.008
pdk1,NNscore(ODDT)/GlideSP,5.0,NEF,,0.52,1.613,0.5,40,1240,62,1,0.33,0.492,0.487,2.5,-0.021,-0.02,0.484,0.008
pi3kg,NNscore(ODDT)/GlideSP,0.5,NEF,,0.0,0.0,0.0,40,1240,7,0,0.0,0.0,0.497,0.0,-0.014,-0.01,0.492,0.006
pi3kg,NNscore(ODDT)/GlideSP,1.0,NEF,,0.0,0.0,0.0,40,1240,13,0,0.0,0.0,0.495,0.0,-0.019,-0.016,0.492,0.006
pi3kg,NNscore(ODDT)/GlideSP,5.0,NEF,,0.509,1.613,0.5,40,1240,62,1,0.33,0.492,0.487,2.5,-0.021,-0.02,0.492,0.006
pim-1,NNscore(ODDT)/GlideSP,0.5,NEF,,0.0,0.0,0.0,40,1240,7,0,0.0,0.0,0.497,0.0,-0.014,-0.01,0.61,0.019
pim-1,NNscore(ODDT)/GlideSP,1.0,NEF,,0.0,0.0,0.0,40,1240,13,0,0.0,0.0,0.495,0.0,-0.019,-0.016,0.61,0.019
pim-1,NNscore(ODDT)/GlideSP,5.0,NEF,,1.486,4.839,1.5,40,1240,62,3,0.604,1.525,0.513,7.5,0.021,0.02,0.61,0.019
pim-2,NNscore(ODDT)/GlideSP,0.5,NEF,,0.0,0.0,0.0,40,1240,7,0,0.0,0.0,0.497,0.0,-0.014,-0.01,0.632,0.073
pim-2,NNscore(ODDT)/GlideSP,1.0,NEF,,2.38,7.692,2.385,40,1240,13,1,0.714,2.5,0.507,7.692,0.026,0.022,0.632,0.073
pim-2,NNscore(ODDT)/GlideSP,5.0,NEF,,2.031,6.452,2.0,40,1240,62,4,0.674,2.069,0.526,10.0,0.042,0.041,0.632,0.073
pnp,NNscore(ODDT)/GlideSP,0.5,NEF,,0.0,0.0,0.0,40,1240,7,0,0.0,0.0,0.497,0.0,-0.014,-0.01,0.494,0.013
pnp,NNscore(ODDT)/GlideSP,1.0,NEF,,0.0,0.0,0.0,40,1240,13,0,0.0,0.0,0.495,0.0,-0.019,-0.016,0.494,0.013
pnp,NNscore(ODDT)/GlideSP,5.0,NEF,,0.497,1.613,0.5,40,1240,62,1,0.33,0.492,0.487,2.5,-0.021,-0.02,0.494,0.013
ppara,NNscore(ODDT)/GlideSP,0.5,NEF,,0.0,0.0,0.0,40,1240,7,0,0.0,0.0,0.497,0.0,-0.014,-0.01,0.497,0.007
ppara,NNscore(ODDT)/GlideSP,1.0,NEF,,0.0,0.0,0.0,40,1240,13,0,0.0,0.0,0.495,0.0,-0.019,-0.016,0.497,0.007
ppara,NNscore(ODDT)/GlideSP,5.0,NEF,,0.525,1.613,0.5,40,1240,62,1,0.33,0.492,0.487,2.5,-0.021,-0.02,0.497,0.007
pparg,NNscore(ODDT)/GlideSP,0.5,NEF,,4.75,14.286,4.429,40,1240,7,1,0.833,5.0,0.51,14.286,0.047,0.033,0.533,0.099
pparg,NNscore(ODDT)/GlideSP,1.0,NEF,,2.38,7.692,2.385,40,1240,13,1,0.714,2.5,0.507,7.692,0.026,0.022,0.533,0.099
pparg,NNscore(ODDT)/GlideSP,5.0,NEF,,2.5,8.065,2.5,40,1240,62,5,0.725,2.632,0.539,12.5,0.063,0.061,0.533,0.099
pr,NNscore(ODDT)/GlideSP,0.5,NEF,,4.9,14.286,4.429,40,1240,7,1,0.833,5.0,0.51,14.286,0.047,0.033,0.571,0.13
pr,NNscore(ODDT)/GlideSP,1.0,NEF,,2.67,7.692,2.385,40,1240,13,1,0.714,2.5,0.507,7.692,0.026,0.022,0.571,0.13
pr,NNscore(ODDT)/GlideSP,5.0,NEF,,1.696,4.839,1.5,40,1240,62,3,0.604,1.525,0.513,7.5,0.021,0.02,0.571,0.13
prkcq,NNscore(ODDT)/GlideSP,0.5,NEF,,10.526,28.571,8.857,40,1240,7,2,0.923,12.0,0.523,28.571,0.108,0.076,0.619,0.133
prkcq,NNscore(ODDT)/GlideSP,1.0,NEF,,5.26,15.385,4.769,40,1240,13,2,0.845,5.455,0.52,15.385,0.071,0.061,0.619,0.133
prkcq,NNscore(ODDT)/GlideSP,5.0,NEF,,1.579,4.839,1.5,40,1240,62,3,0.604,1.525,0.513,7.5,0.021,0.02,0.619,0.133
pygl-in,NNscore(ODDT)/GlideSP,0.5,NEF,,0.0,0.0,0.0,40,1240,7,0,0.0,0.0,0.497,0.0,-0.014,-0.01,0.751,0.113
pygl-in,NNscore(ODDT)/GlideSP,1.0,NEF,,2.37,7.692,2.385,40,1240,13,1,0.714,2.5,0.507,7.692,0.026,0.022,0.751,0.113
pygl-in,NNscore(ODDT)/GlideSP,5.0,NEF,,3.477,11.29,3.5,40,1240,62,7,0.792,3.818,0.565,17.5,0.105,0.102,0.751,0.113
pygl-out,NNscore(ODDT)/GlideSP,0.5,NEF,,0.0,0.0,0.0,40,1240,7,0,0.0,0.0,0.497,0.0,-0.014,-0.01,0.526,0.079
pygl-out,NNscore(ODDT)/GlideSP,1.0,NEF,,0.0,0.0,0.0,40,1240,13,0,0.0,0.0,0.495,0.0,-0.019,-0.016,0.526,0.079
pygl-out,NNscore(ODDT)/GlideSP,5.0,NEF,,2.99,9.677,3.0,40,1240,62,6,0.763,3.214,0.552,15.0,0.084,0.082,0.526,0.079
qpct,NNscore(ODDT)/GlideSP,0.5,NEF,,0.0,0.0,0.0,40,1240,7,0,0.0,0.0,0.497,0.0,-0.014,-0.01,0.523,0.001
qpct,NNscore(ODDT)/GlideSP,1.0,NEF,,0.0,0.0,0.0,40,1240,13,0,0.0,0.0,0.495,0.0,-0.019,-0.016,0.523,0.001
qpct,NNscore(ODDT)/GlideSP,5.0,NEF,,0.0,0.0,0.0,40,1240,62,0,0.0,0.0,0.474,0.0,-0.042,-0.041,0.523,0.001
rock-1,NNscore(ODDT)/GlideSP,0.5,NEF,,4.311,14.286,4.429,40,1240,7,1,0.833,5.0,0.51,14.286,0.047,0.033,0.431,0.112
rock-1,NNscore(ODDT)/GlideSP,1.0,NEF,,4.64,15.385,4.769,40,1240,13,2,0.845,5.455,0.52,15.385,0.071,0.061,0.431,0.112
rock-1,NNscore(ODDT)/GlideSP,5.0,NEF,,1.484,4.839,1.5,40,1240,62,3,0.604,1.525,0.513,7.5,0.021,0.02,0.431,0.112
rxr,NNscore(ODDT)/GlideSP,0.5,NEF,,0.0,0.0,0.0,40,1240,7,0,0.0,0.0,0.497,0.0,-0.014,-0.01,0.675,0.003
rxr,NNscore(ODDT)/GlideSP,1.0,NEF,,0.0,0.0,0.0,40,1240,13,0,0.0,0.0,0.495,0.0,-0.019,-0.016,0.675,0.003
rxr,NNscore(ODDT)/GlideSP,5.0,NEF,,0.54,1.613,0.5,40,1240,62,1,0.33,0.492,0.487,2.5,-0.021,-0.02,0.675,0.003
sars-hcov,NNscore(ODDT)/GlideSP,0.5,NEF,,17.612,57.143,17.714,39,1209,7,4,0.976,40.0,0.55,57.143,0.233,0.166,0.574,0.329
sars-hcov,NNscore(ODDT)/GlideSP,1.0,NEF,,11.85,38.462,11.923,39,1209,13,5,0.949,18.75,0.561,38.462,0.208,0.179,0.574,0.329
sars-hcov,NNscore(ODDT)/GlideSP,5.0,NEF,,3.537,11.475,3.557,39,1209,61,7,0.795,3.889,0.567,17.949,0.108,0.105,0.574,0.329
sirt2,NNscore(ODDT)/GlideSP,0.5,NEF,,0.0,0.0,0.0,40,1240,7,0,0.0,0.0,0.497,0.0,-0.014,-0.01,0.464,0.032
sirt2,NNscore(ODDT)/GlideSP,1.0,NEF,,0.0,0.0,0.0,40,1240,13,0,0.0,0.0,0.495,0.0,-0.019,-0.016,0.464,0.032
sirt2,NNscore(ODDT)/GlideSP,5.0,NEF,,1.477,4.839,1.5,40,1240,62,3,0.604,1.525,0.513,7.5,0.021,0.02,0.464,0.032
src,NNscore(ODDT)/GlideSP,0.5,NEF,,0.0,0.0,0.0,40,1240,7,0,0.0,0.0,0.497,0.0,-0.014,-0.01,0.444,0.0
src,NNscore(ODDT)/GlideSP,1.0,NEF,,0.0,0.0,0.0,40,1240,13,0,0.0,0.0,0.495,0.0,-0.019,-0.016,0.444,0.0
src,NNscore(ODDT)/GlideSP,5.0,NEF,,0.0,0.0,0.0,40,1240,62,0,0.0,0.0,0.474,0.0,-0.042,-0.041,0.444,0.0
thrombin,NNscore(ODDT)/GlideSP,0.5,NEF,,0.0,0.0,0.0,40,1240,7,0,0.0,0.0,0.497,0.0,-0.014,-0.01,0.665,0.058
thrombin,NNscore(ODDT)/GlideSP,1.0,NEF,,0.0,0.0,0.0,40,1240,13,0,0.0,0.0,0.495,0.0,-0.019,-0.016,0.665,0.058
thrombin,NNscore(ODDT)/GlideSP,5.0,NEF,,3.657,11.29,3.5,40,1240,62,7,0.792,3.818,0.565,17.5,0.105,0.102,0.665,0.058
tie2,NNscore(ODDT)/GlideSP,0.5,NEF,,4.996,14.286,4.429,40,1240,7,1,0.833,5.0,0.51,14.286,0.047,0.033,0.485,0.063
tie2,NNscore(ODDT)/GlideSP,1.0,NEF,,2.5,7.692,2.385,40,1240,13,1,0.714,2.5,0.507,7.692,0.026,0.022,0.485,0.063
tie2,NNscore(ODDT)/GlideSP,5.0,NEF,,1.499,4.839,1.5,40,1240,62,3,0.604,1.525,0.513,7.5,0.021,0.02,0.485,0.063
tk,NNscore(ODDT)/GlideSP,0.5,NEF,,4.52,14.286,4.429,40,1240,7,1,0.833,5.0,0.51,14.286,0.047,0.033,0.578,0.094
tk,NNscore(ODDT)/GlideSP,1.0,NEF,,2.43,7.692,2.385,40,1240,13,1,0.714,2.5,0.507,7.692,0.026,0.022,0.578,0.094
tk,NNscore(ODDT)/GlideSP,5.0,NEF,,3.062,9.677,3.0,40,1240,62,6,0.763,3.214,0.552,15.0,0.084,0.082,0.578,0.094
tp,NNscore(ODDT)/GlideSP,0.5,NEF,,0.0,0.0,0.0,40,1240,7,0,0.0,0.0,0.497,0.0,-0.014,-0.01,0.423,0.007
tp,NNscore(ODDT)/GlideSP,1.0,NEF,,0.0,0.0,0.0,40,1240,13,0,0.0,0.0,0.495,0.0,-0.019,-0.016,0.423,0.007
tp,NNscore(ODDT)/GlideSP,5.0,NEF,,0.644,1.613,0.5,40,1240,62,1,0.33,0.492,0.487,2.5,-0.021,-0.02,0.423,0.007
tpa,NNscore(ODDT)/GlideSP,0.5,NEF,,0.0,0.0,0.0,40,1240,7,0,0.0,0.0,0.497,0.0,-0.014,-0.01,0.429,0.011
tpa,NNscore(ODDT)/GlideSP,1.0,NEF,,0.0,0.0,0.0,40,1240,13,0,0.0,0.0,0.495,0.0,-0.019,-0.016,0.429,0.011
tpa,NNscore(ODDT)/GlideSP,5.0,NEF,,0.518,1.613,0.5,40,1240,62,1,0.33,0.492,0.487,2.5,-0.021,-0.02,0.429,0.011
ts,NNscore(ODDT)/GlideSP,0.5,NEF,,0.0,0.0,0.0,40,1239,7,0,0.0,0.0,0.497,0.0,-0.014,-0.01,0.535,0.0
ts,NNscore(ODDT)/GlideSP,1.0,NEF,,0.0,0.0,0.0,40,1239,13,0,0.0,0.0,0.495,0.0,-0.019,-0.016,0.535,0.0
ts,NNscore(ODDT)/GlideSP,5.0,NEF,,0.0,0.0,0.0,40,1239,62,0,0.0,0.0,0.474,0.0,-0.042,-0.041,0.535,0.0
upa,NNscore(ODDT)/GlideSP,0.5,NEF,,0.0,0.0,0.0,40,1240,7,0,0.0,0.0,0.497,0.0,-0.014,-0.01,0.489,0.007
upa,NNscore(ODDT)/GlideSP,1.0,NEF,,0.0,0.0,0.0,40,1240,13,0,0.0,0.0,0.495,0.0,-0.019,-0.016,0.489,0.007
upa,NNscore(ODDT)/GlideSP,5.0,NEF,,0.498,1.613,0.5,40,1240,62,1,0.33,0.492,0.487,2.5,-0.021,-0.02,0.489,0.007
vegfr1,NNscore(ODDT)/GlideSP,0.5,NEF,,0.0,0.0,0.0,40,1240,7,0,0.0,0.0,0.497,0.0,-0.014,-0.01,0.553,0.053
vegfr1,NNscore(ODDT)/GlideSP,1.0,NEF,,0.0,0.0,0.0,40,1240,13,0,0.0,0.0,0.495,0.0,-0.019,-0.016,0.553,0.053
vegfr1,NNscore(ODDT)/GlideSP,5.0,NEF,,1.576,4.839,1.5,40,1240,62,3,0.604,1.525,0.513,7.5,0.021,0.02,0.553,0.053
vegfr2,NNscore(ODDT)/GlideSP,0.5,NEF,,0.0,0.0,0.0,40,1240,7,0,0.0,0.0,0.497,0.0,-0.014,-0.01,0.518,0.026
vegfr2,NNscore(ODDT)/GlideSP,1.0,NEF,,0.0,0.0,0.0,40,1240,13,0,0.0,0.0,0.495,0.0,-0.019,-0.016,0.518,0.026
vegfr2,NNscore(ODDT)/GlideSP,5.0,NEF,,1.538,4.839,1.5,40,1240,62,3,0.604,1.525,0.513,7.5,0.021,0.02,0.518,0.026
11betahsd1,NNscore1.0/GlideSP,0.5,NEF,,15.09,42.857,13.286,40,1240,7,3,0.957,22.5,0.536,42.857,0.169,0.119,0.681,0.28
11betahsd1,NNscore1.0/GlideSP,1.0,NEF,,10.06,30.769,9.538,40,1240,13,4,0.93,13.333,0.546,30.769,0.16,0.137,0.681,0.28
11betahsd1,NNscore1.0/GlideSP,5.0,NEF,,4.604,14.516,4.5,40,1240,62,9,0.836,5.094,0.59,22.5,0.147,0.143,0.681,0.28
17betahsd1,NNscore1.0/GlideSP,0.5,NEF,,0.0,0.0,0.0,40,1240,7,0,0.0,0.0,0.497,0.0,-0.014,-0.01,0.581,0.04
17betahsd1,NNscore1.0/GlideSP,1.0,NEF,,2.36,7.692,2.385,40,1240,13,1,0.714,2.5,0.507,7.692,0.026,0.022,0.581,0.04
17betahsd1,NNscore1.0/GlideSP,5.0,NEF,,0.495,1.613,0.5,40,1240,62,1,0.33,0.492,0.487,2.5,-0.021,-0.02,0.581,0.04
a2a,NNscore1.0/GlideSP,0.5,NEF,,8.771,28.571,8.857,40,1240,7,2,0.923,12.0,0.523,28.571,0.108,0.076,0.525,0.136
a2a,NNscore1.0/GlideSP,1.0,NEF,,4.72,15.385,4.769,40,1240,13,2,0.845,5.455,0.52,15.385,0.071,0.061,0.525,0.136
a2a,NNscore1.0/GlideSP,5.0,NEF,,2.476,8.065,2.5,40,1240,62,5,0.725,2.632,0.539,12.5,0.063,0.061,0.525,0.136
ace,NNscore1.0/GlideSP,0.5,NEF,,17.643,57.143,17.714,40,1240,7,4,0.976,40.0,0.549,57.143,0.23,0.162,0.782,0.348
ace,NNscore1.0/GlideSP,1.0,NEF,,11.88,38.462,11.923,40,1240,13,5,0.949,18.75,0.559,38.462,0.205,0.176,0.782,0.348
ace,NNscore1.0/GlideSP,5.0,NEF,,5.478,17.742,5.5,40,1240,62,11,0.866,6.471,0.616,27.5,0.188,0.184,0.782,0.348
ace2,NNscore1.0/GlideSP,0.5,NEF,,0.0,0.0,0.0,40,1240,7,0,0.0,0.0,0.497,0.0,-0.014,-0.01,0.757,0.078
ace2,NNscore1.0/GlideSP,1.0,NEF,,2.38,7.692,2.385,40,1240,13,1,0.714,2.5,0.507,7.692,0.026,0.022,0.757,0.078
ace2,NNscore1.0/GlideSP,5.0,NEF,,2.498,8.065,2.5,40,1240,62,5,0.725,2.632,0.539,12.5,0.063,0.061,0.757,0.078
ache,NNscore1.0/GlideSP,0.5,NEF,,0.0,0.0,0.0,40,1240,7,0,0.0,0.0,0.497,0.0,-0.014,-0.01,0.669,0.087
ache,NNscore1.0/GlideSP,1.0,NEF,,2.35,7.692,2.385,40,1240,13,1,0.714,2.5,0.507,7.692,0.026,0.022,0.669,0.087
ache,NNscore1.0/GlideSP,5.0,NEF,,2.462,8.065,2.5,40,1240,62,5,0.725,2.632,0.539,12.5,0.063,0.061,0.669,0.087
adam17,NNscore1.0/GlideSP,0.5,NEF,,8.786,28.571,8.857,40,1240,7,2,0.923,12.0,0.523,28.571,0.108,0.076,0.643,0.185
adam17,NNscore1.0/GlideSP,1.0,NEF,,4.73,15.385,4.769,40,1240,13,2,0.845,5.455,0.52,15.385,0.071,0.061,0.643,0.185
adam17,NNscore1.0/GlideSP,5.0,NEF,,2.976,9.677,3.0,40,1240,62,6,0.763,3.214,0.552,15.0,0.084,0.082,0.643,0.185
adrb2,NNscore1.0/GlideSP,0.5,NEF,,0.0,0.0,0.0,40,1240,7,0,0.0,0.0,0.497,0.0,-0.014,-0.01,0.697,0.036
adrb2,NNscore1.0/GlideSP,1.0,NEF,,0.0,0.0,0.0,40,1240,13,0,0.0,0.0,0.495,0.0,-0.019,-0.016,0.697,0.036
adrb2,NNscore1.0/GlideSP,5.0,NEF,,2.977,9.677,3.0,40,1240,62,6,0.763,3.214,0.552,15.0,0.084,0.082,0.697,0.036
akt1,NNscore1.0/GlideSP,0.5,NEF,,0.0,0.0,0.0,40,1240,7,0,0.0,0.0,0.497,0.0,-0.014,-0.01,0.603,0.018
akt1,NNscore1.0/GlideSP,1.0,NEF,,0.0,0.0,0.0,40,1240,13,0,0.0,0.0,0.495,0.0,-0.019,-0.016,0.603,0.018
akt1,NNscore1.0/GlideSP,5.0,NEF,,1.01,3.226,1.0,40,1240,62,2,0.5,1.0,0.5,5.0,0.0,0.0,0.603,0.018
alr2,NNscore1.0/GlideSP,0.5,NEF,,4.379,14.286,4.429,40,1240,7,1,0.833,5.0,0.51,14.286,0.047,0.033,0.543,0.084
alr2,NNscore1.0/GlideSP,1.0,NEF,,2.36,7.692,2.385,40,1240,13,1,0.714,2.5,0.507,7.692,0.026,0.022,0.543,0.084
alr2,NNscore1.0/GlideSP,5.0,NEF,,1.977,6.452,2.0,40,1240,62,4,0.674,2.069,0.526,10.0,0.042,0.041,0.543,0.084
ar,NNscore1.0/GlideSP,0.5,NEF,,5.643,14.286,4.429,40,1240,7,1,0.833,5.0,0.51,14.286,0.047,0.033,0.832,0.23
ar,NNscore1.0/GlideSP,1.0,NEF,,3.22,7.692,2.385,40,1240,13,1,0.714,2.5,0.507,7.692,0.026,0.022,0.832,0.23
ar,NNscore1.0/GlideSP,5.0,NEF,,6.348,20.968,6.5,40,1240,62,13,0.888,7.959,0.642,32.5,0.23,0.224,0.832,0.23
aurka,NNscore1.0/GlideSP,0.5,NEF,,0.0,0.0,0.0,40,1240,7,0,0.0,0.0,0.497,0.0,-0.014,-0.01,0.503,0.023
aurka,NNscore1.0/GlideSP,1.0,NEF,,0.0,0.0,0.0,40,1240,13,0,0.0,0.0,0.495,0.0,-0.019,-0.016,0.503,0.023
aurka,NNscore1.0/GlideSP,5.0,NEF,,0.509,1.613,0.5,40,1240,62,1,0.33,0.492,0.487,2.5,-0.021,-0.02,0.503,0.023
aurkb,NNscore1.0/GlideSP,0.5,NEF,,4.339,14.286,4.429,40,1240,7,1,0.833,5.0,0.51,14.286,0.047,0.033,0.497,0.105
aurkb,NNscore1.0/GlideSP,1.0,NEF,,2.34,7.692,2.385,40,1240,13,1,0.714,2.5,0.507,7.692,0.026,0.022,0.497,0.105
aurkb,NNscore1.0/GlideSP,5.0,NEF,,2.49,8.065,2.5,40,1240,62,5,0.725,2.632,0.539,12.5,0.063,0.061,0.497,0.105
bcl2,NNscore1.0/GlideSP,0.5,NEF,,0.0,0.0,0.0,40,1240,7,0,0.0,0.0,0.497,0.0,-0.014,-0.01,0.502,0.001
bcl2,NNscore1.0/GlideSP,1.0,NEF,,0.0,0.0,0.0,40,1240,13,0,0.0,0.0,0.495,0.0,-0.019,-0.016,0.502,0.001
bcl2,NNscore1.0/GlideSP,5.0,NEF,,0.0,0.0,0.0,40,1240,62,0,0.0,0.0,0.474,0.0,-0.042,-0.041,0.502,0.001
braf,NNscore1.0/GlideSP,0.5,NEF,,0.0,0.0,0.0,40,1240,7,0,0.0,0.0,0.497,0.0,-0.014,-0.01,0.624,0.061
braf,NNscore1.0/GlideSP,1.0,NEF,,0.0,0.0,0.0,40,1240,13,0,0.0,0.0,0.495,0.0,-0.019,-0.016,0.624,0.061
braf,NNscore1.0/GlideSP,5.0,NEF,,1.525,4.839,1.5,40,1240,62,3,0.604,1.525,0.513,7.5,0.021,0.02,0.624,0.061
catl,NNscore1.0/GlideSP,0.5,NEF,,4.404,14.286,4.429,40,1240,7,1,0.833,5.0,0.51,14.286,0.047,0.033,0.802,0.219
catl,NNscore1.0/GlideSP,1.0,NEF,,7.11,23.077,7.154,40,1240,13,3,0.9,9.0,0.533,23.077,0.116,0.099,0.802,0.219
catl,NNscore1.0/GlideSP,5.0,NEF,,6.463,20.968,6.5,40,1240,62,13,0.888,7.959,0.642,32.5,0.23,0.224,0.802,0.219
cdk2,NNscore1.0/GlideSP,0.5,NEF,,0.0,0.0,0.0,40,1240,7,0,0.0,0.0,0.497,0.0,-0.014,-0.01,0.566,0.011
cdk2,NNscore1.0/GlideSP,1.0,NEF,,0.0,0.0,0.0,40,1240,13,0,0.0,0.0,0.495,0.0,-0.019,-0.016,0.566,0.011
cdk2,NNscore1.0/GlideSP,5.0,NEF,,0.997,3.226,1.0,40,1240,62,2,0.5,1.0,0.5,5.0,0.0,0.0,0.566,0.011
cox1,NNscore1.0/GlideSP,0.5,NEF,,0.0,0.0,0.0,40,1240,7,0,0.0,0.0,0.497,0.0,-0.014,-0.01,0.564,0.051
cox1,NNscore1.0/GlideSP,1.0,NEF,,0.0,0.0,0.0,40,1240,13,0,0.0,0.0,0.495,0.0,-0.019,-0.016,0.564,0.051
cox1,NNscore1.0/GlideSP,5.0,NEF,,1.538,4.839,1.5,40,1240,62,3,0.604,1.525,0.513,7.5,0.021,0.02,0.564,0.051
cox2,NNscore1.0/GlideSP,0.5,NEF,,9.243,28.571,8.857,40,1240,7,2,0.923,12.0,0.523,28.571,0.108,0.076,0.826,0.471
cox2,NNscore1.0/GlideSP,1.0,NEF,,12.84,38.462,11.923,40,1240,13,5,0.949,18.75,0.559,38.462,0.205,0.176,0.826,0.471
cox2,NNscore1.0/GlideSP,5.0,NEF,,5.374,17.742,5.5,40,1240,62,11,0.866,6.471,0.616,27.5,0.188,0.184,0.826,0.471
ctsk,NNscore1.0/GlideSP,0.5,NEF,,0.0,0.0,0.0,40,1240,7,0,0.0,0.0,0.497,0.0,-0.014,-0.01,0.798,0.11
ctsk,NNscore1.0/GlideSP,1.0,NEF,,2.38,7.692,2.385,40,1240,13,1,0.714,2.5,0.507,7.692,0.026,0.022,0.798,0.11
ctsk,NNscore1.0/GlideSP,5.0,NEF,,4.482,14.516,4.5,40,1240,62,9,0.836,5.094,0.59,22.5,0.147,0.143,0.798,0.11
cyp2a6,NNscore1.0/GlideSP,0.5,NEF,,0.0,0.0,0.0,40,1240,7,0,0.0,0.0,0.497,0.0,-0.014,-0.01,0.477,0.001
cyp2a6,NNscore1.0/GlideSP,1.0,NEF,,0.0,0.0,0.0,40,1240,13,0,0.0,0.0,0.495,0.0,-0.019,-0.016,0.477,0.001
cyp2a6,NNscore1.0/GlideSP,5.0,NEF,,0.0,0.0,0.0,40,1240,62,0,0.0,0.0,0.474,0.0,-0.042,-0.041,0.477,0.001
dhfr,NNscore1.0/GlideSP,0.5,NEF,,8.743,28.571,8.857,40,1240,7,2,0.923,12.0,0.523,28.571,0.108,0.076,0.661,0.226
dhfr,NNscore1.0/GlideSP,1.0,NEF,,7.06,23.077,7.154,40,1240,13,3,0.9,9.0,0.533,23.077,0.116,0.099,0.661,0.226
dhfr,NNscore1.0/GlideSP,5.0,NEF,,3.948,12.903,4.0,40,1240,62,8,0.816,4.444,0.578,20.0,0.126,0.122,0.661,0.226
egfr,NNscore1.0/GlideSP,0.5,NEF,,0.0,0.0,0.0,40,1240,7,0,0.0,0.0,0.497,0.0,-0.014,-0.01,0.539,0.016
egfr,NNscore1.0/GlideSP,1.0,NEF,,0.0,0.0,0.0,40,1240,13,0,0.0,0.0,0.495,0.0,-0.019,-0.016,0.539,0.016
egfr,NNscore1.0/GlideSP,5.0,NEF,,1.52,4.839,1.5,40,1240,62,3,0.604,1.525,0.513,7.5,0.021,0.02,0.539,0.016
ephb4,NNscore1.0/GlideSP,0.5,NEF,,4.336,14.286,4.429,40,1240,7,1,0.833,5.0,0.51,14.286,0.047,0.033,0.564,0.084
ephb4,NNscore1.0/GlideSP,1.0,NEF,,2.33,7.692,2.385,40,1240,13,1,0.714,2.5,0.507,7.692,0.026,0.022,0.564,0.084
ephb4,NNscore1.0/GlideSP,5.0,NEF,,1.99,6.452,2.0,40,1240,62,4,0.674,2.069,0.526,10.0,0.042,0.041,0.564,0.084
erbb2,NNscore1.0/GlideSP,0.5,NEF,,4.933,14.286,4.429,40,1240,7,1,0.833,5.0,0.51,14.286,0.047,0.033,0.693,0.185
erbb2,NNscore1.0/GlideSP,1.0,NEF,,4.93,15.385,4.769,40,1240,13,2,0.845,5.455,0.52,15.385,0.071,0.061,0.693,0.185
erbb2,NNscore1.0/GlideSP,5.0,NEF,,3.453,11.29,3.5,40,1240,62,7,0.792,3.818,0.565,17.5,0.105,0.102,0.693,0.185
er-beta,NNscore1.0/GlideSP,0.5,NEF,,11.434,42.857,13.286,40,1240,7,3,0.957,22.5,0.536,42.857,0.169,0.119,0.811,0.352
er-beta,NNscore1.0/GlideSP,1.0,NEF,,6.35,23.077,7.154,40,1240,13,3,0.9,9.0,0.533,23.077,0.116,0.099,0.811,0.352
er-beta,NNscore1.0/GlideSP,5.0,NEF,,6.126,19.355,6.0,40,1240,62,12,0.878,7.2,0.629,30.0,0.209,0.204,0.811,0.352
fgfr1,NNscore1.0/GlideSP,0.5,NEF,,4.913,14.286,4.429,40,1240,7,1,0.833,5.0,0.51,14.286,0.047,0.033,0.705,0.118
fgfr1,NNscore1.0/GlideSP,1.0,NEF,,4.91,15.385,4.769,40,1240,13,2,0.845,5.455,0.52,15.385,0.071,0.061,0.705,0.118
fgfr1,NNscore1.0/GlideSP,5.0,NEF,,1.998,6.452,2.0,40,1240,62,4,0.674,2.069,0.526,10.0,0.042,0.041,0.705,0.118
fkbp1a,NNscore1.0/GlideSP,0.5,NEF,,0.0,0.0,0.0,40,1240,7,0,0.0,0.0,0.497,0.0,-0.014,-0.01,0.774,0.121
fkbp1a,NNscore1.0/GlideSP,1.0,NEF,,2.49,7.692,2.385,40,1240,13,1,0.714,2.5,0.507,7.692,0.026,0.022,0.774,0.121
fkbp1a,NNscore1.0/GlideSP,5.0,NEF,,4.18,12.903,4.0,40,1240,62,8,0.816,4.444,0.578,20.0,0.126,0.122,0.774,0.121
fxa,NNscore1.0/GlideSP,0.5,NEF,,10.197,28.571,8.857,40,1240,7,2,0.923,12.0,0.523,28.571,0.108,0.076,0.709,0.185
fxa,NNscore1.0/GlideSP,1.0,NEF,,5.1,15.385,4.769,40,1240,13,2,0.845,5.455,0.52,15.385,0.071,0.061,0.709,0.185
fxa,NNscore1.0/GlideSP,5.0,NEF,,3.569,11.29,3.5,40,1240,62,7,0.792,3.818,0.565,17.5,0.105,0.102,0.709,0.185
gba,NNscore1.0/GlideSP,0.5,NEF,,0.0,0.0,0.0,40,1240,7,0,0.0,0.0,0.497,0.0,-0.014,-0.01,0.649,0.063
gba,NNscore1.0/GlideSP,1.0,NEF,,0.0,0.0,0.0,40,1240,13,0,0.0,0.0,0.495,0.0,-0.019,-0.016,0.649,0.063
gba,NNscore1.0/GlideSP,5.0,NEF,,1.494,4.839,1.5,40,1240,62,3,0.604,1.525,0.513,7.5,0.021,0.02,0.649,0.063
gr,NNscore1.0/GlideSP,0.5,NEF,,0.0,0.0,0.0,40,1240,7,0,0.0,0.0,0.497,0.0,-0.014,-0.01,0.654,0.018
gr,NNscore1.0/GlideSP,1.0,NEF,,0.0,0.0,0.0,40,1240,13,0,0.0,0.0,0.495,0.0,-0.019,-0.016,0.654,0.018
gr,NNscore1.0/GlideSP,5.0,NEF,,1.973,6.452,2.0,40,1240,62,4,0.674,2.069,0.526,10.0,0.042,0.041,0.654,0.018
gsk3b,NNscore1.0/GlideSP,0.5,NEF,,4.307,14.286,4.429,40,1240,7,1,0.833,5.0,0.51,14.286,0.047,0.033,0.574,0.069
gsk3b,NNscore1.0/GlideSP,1.0,NEF,,2.32,7.692,2.385,40,1240,13,1,0.714,2.5,0.507,7.692,0.026,0.022,0.574,0.069
gsk3b,NNscore1.0/GlideSP,5.0,NEF,,0.494,1.613,0.5,40,1240,62,1,0.33,0.492,0.487,2.5,-0.021,-0.02,0.574,0.069
hdac2,NNscore1.0/GlideSP,0.5,NEF,,4.336,14.286,4.429,40,1240,7,1,0.833,5.0,0.51,14.286,0.047,0.033,0.609,0.057
hdac2,NNscore1.0/GlideSP,1.0,NEF,,2.33,7.692,2.385,40,1240,13,1,0.714,2.5,0.507,7.692,0.026,0.022,0.609,0.057
hdac2,NNscore1.0/GlideSP,5.0,NEF,,1.493,4.839,1.5,40,1240,62,3,0.604,1.525,0.513,7.5,0.021,0.02,0.609,0.057
hdac8,NNscore1.0/GlideSP,0.5,NEF,,0.0,0.0,0.0,40,1240,7,0,0.0,0.0,0.497,0.0,-0.014,-0.01,0.628,0.043
hdac8,NNscore1.0/GlideSP,1.0,NEF,,0.0,0.0,0.0,40,1240,13,0,0.0,0.0,0.495,0.0,-0.019,-0.016,0.628,0.043
hdac8,NNscore1.0/GlideSP,5.0,NEF,,2.488,8.065,2.5,40,1240,62,5,0.725,2.632,0.539,12.5,0.063,0.061,0.628,0.043
hiv1pr,NNscore1.0/GlideSP,0.5,NEF,,4.695,14.286,4.429,40,1240,7,1,0.833,5.0,0.51,14.286,0.047,0.033,0.797,0.208
hiv1pr,NNscore1.0/GlideSP,1.0,NEF,,5.06,15.385,4.769,40,1240,13,2,0.845,5.455,0.52,15.385,0.071,0.061,0.797,0.208
hiv1pr,NNscore1.0/GlideSP,5.0,NEF,,4.849,16.129,5.0,40,1240,62,10,0.852,5.769,0.603,25.0,0.168,0.163,0.797,0.208
hiv1rt,NNscore1.0/GlideSP,0.5,NEF,,0.0,0.0,0.0,40,1240,7,0,0.0,0.0,0.497,0.0,-0.014,-0.01,0.504,0.086
hiv1rt,NNscore1.0/GlideSP,1.0,NEF,,2.46,7.692,2.385,40,1240,13,1,0.714,2.5,0.507,7.692,0.026,0.022,0.504,0.086
hiv1rt,NNscore1.0/GlideSP,5.0,NEF,,1.575,4.839,1.5,40,1240,62,3,0.604,1.525,0.513,7.5,0.021,0.02,0.504,0.086
hmgr,NNscore1.0/GlideSP,0.5,NEF,,17.671,57.143,17.714,40,1240,7,4,0.976,40.0,0.549,57.143,0.23,0.162,0.929,0.51
hmgr,NNscore1.0/GlideSP,1.0,NEF,,16.65,53.846,16.692,40,1240,13,7,0.972,35.0,0.585,53.846,0.295,0.252,0.929,0.51
hmgr,NNscore1.0/GlideSP,5.0,NEF,,11.472,37.097,11.5,40,1240,62,23,0.947,17.692,0.771,57.5,0.44,0.429,0.929,0.51
hsp90,NNscore1.0/GlideSP,0.5,NEF,,4.336,14.286,4.429,40,1240,7,1,0.833,5.0,0.51,14.286,0.047,0.033,0.568,0.086
hsp90,NNscore1.0/GlideSP,1.0,NEF,,2.33,7.692,2.385,40,1240,13,1,0.714,2.5,0.507,7.692,0.026,0.022,0.568,0.086
hsp90,NNscore1.0/GlideSP,5.0,NEF,,1.493,4.839,1.5,40,1240,62,3,0.604,1.525,0.513,7.5,0.021,0.02,0.568,0.086
igf1r,NNscore1.0/GlideSP,0.5,NEF,,0.0,0.0,0.0,40,1240,7,0,0.0,0.0,0.497,0.0,-0.014,-0.01,0.559,0.028
igf1r,NNscore1.0/GlideSP,1.0,NEF,,0.0,0.0,0.0,40,1240,13,0,0.0,0.0,0.495,0.0,-0.019,-0.016,0.559,0.028
igf1r,NNscore1.0/GlideSP,5.0,NEF,,1.515,4.839,1.5,40,1240,62,3,0.604,1.525,0.513,7.5,0.021,0.02,0.559,0.028
inha,NNscore1.0/GlideSP,0.5,NEF,,0.0,0.0,0.0,40,1240,7,0,0.0,0.0,0.497,0.0,-0.014,-0.01,0.533,0.001
inha,NNscore1.0/GlideSP,1.0,NEF,,0.0,0.0,0.0,40,1240,13,0,0.0,0.0,0.495,0.0,-0.019,-0.016,0.533,0.001
inha,NNscore1.0/GlideSP,5.0,NEF,,0.494,1.613,0.5,40,1240,62,1,0.33,0.492,0.487,2.5,-0.021,-0.02,0.533,0.001
itk,NNscore1.0/GlideSP,0.5,NEF,,0.0,0.0,0.0,40,1240,7,0,0.0,0.0,0.497,0.0,-0.014,-0.01,0.539,0.066
itk,NNscore1.0/GlideSP,1.0,NEF,,2.34,7.692,2.385,40,1240,13,1,0.714,2.5,0.507,7.692,0.026,0.022,0.539,0.066
itk,NNscore1.0/GlideSP,5.0,NEF,,1.997,6.452,2.0,40,1240,62,4,0.674,2.069,0.526,10.0,0.042,0.041,0.539,0.066
jak3,NNscore1.0/GlideSP,0.5,NEF,,0.0,0.0,0.0,40,1240,7,0,0.0,0.0,0.497,0.0,-0.014,-0.01,0.569,0.03
jak3,NNscore1.0/GlideSP,1.0,NEF,,0.0,0.0,0.0,40,1240,13,0,0.0,0.0,0.495,0.0,-0.019,-0.016,0.569,0.03
jak3,NNscore1.0/GlideSP,5.0,NEF,,0.499,1.613,0.5,40,1240,62,1,0.33,0.492,0.487,2.5,-0.021,-0.02,0.569,0.03
jnk1,NNscore1.0/GlideSP,0.5,NEF,,5.25,14.286,4.429,40,1240,7,1,0.833,5.0,0.51,14.286,0.047,0.033,0.528,0.136
jnk1,NNscore1.0/GlideSP,1.0,NEF,,2.63,7.692,2.385,40,1240,13,1,0.714,2.5,0.507,7.692,0.026,0.022,0.528,0.136
jnk1,NNscore1.0/GlideSP,5.0,NEF,,2.625,8.065,2.5,40,1240,62,5,0.725,2.632,0.539,12.5,0.063,0.061,0.528,0.136
jnk2,NNscore1.0/GlideSP,0.5,NEF,,0.0,0.0,0.0,40,1240,7,0,0.0,0.0,0.497,0.0,-0.014,-0.01,0.575,0.042
jnk2,NNscore1.0/GlideSP,1.0,NEF,,0.0,0.0,0.0,40,1240,13,0,0.0,0.0,0.495,0.0,-0.019,-0.016,0.575,0.042
jnk2,NNscore1.0/GlideSP,5.0,NEF,,1.527,4.839,1.5,40,1240,62,3,0.604,1.525,0.513,7.5,0.021,0.02,0.575,0.042
jnk3,NNscore1.0/GlideSP,0.5,NEF,,0.0,0.0,0.0,40,1240,7,0,0.0,0.0,0.497,0.0,-0.014,-0.01,0.515,0.004
jnk3,NNscore1.0/GlideSP,1.0,NEF,,0.0,0.0,0.0,40,1240,13,0,0.0,0.0,0.495,0.0,-0.019,-0.016,0.515,0.004
jnk3,NNscore1.0/GlideSP,5.0,NEF,,1.016,3.226,1.0,40,1240,62,2,0.5,1.0,0.5,5.0,0.0,0.0,0.515,0.004
kif11,NNscore1.0/GlideSP,0.5,NEF,,4.318,14.286,4.429,40,1240,7,1,0.833,5.0,0.51,14.286,0.047,0.033,0.741,0.102
kif11,NNscore1.0/GlideSP,1.0,NEF,,2.33,7.692,2.385,40,1240,13,1,0.714,2.5,0.507,7.692,0.026,0.022,0.741,0.102
kif11,NNscore1.0/GlideSP,5.0,NEF,,1.982,6.452,2.0,40,1240,62,4,0.674,2.069,0.526,10.0,0.042,0.041,0.741,0.102
lck,NNscore1.0/GlideSP,0.5,NEF,,4.3,14.286,4.429,40,1240,7,1,0.833,5.0,0.51,14.286,0.047,0.033,0.626,0.059
lck,NNscore1.0/GlideSP,1.0,NEF,,2.32,7.692,2.385,40,1240,13,1,0.714,2.5,0.507,7.692,0.026,0.022,0.626,0.059
lck,NNscore1.0/GlideSP,5.0,NEF,,1.48,4.839,1.5,40,1240,62,3,0.604,1.525,0.513,7.5,0.021,0.02,0.626,0.059
mdm2,NNscore1.0/GlideSP,0.5,NEF,,19.967,71.429,22.143,40,1240,7,5,0.987,75.0,0.562,71.429,0.291,0.205,0.754,0.507
mdm2,NNscore1.0/GlideSP,1.0,NEF,,22.46,69.231,21.462,40,1240,13,9,0.985,67.5,0.611,69.231,0.385,0.329,0.754,0.507
mdm2,NNscore1.0/GlideSP,5.0,NEF,,6.988,22.581,7.0,40,1240,62,14,0.897,8.75,0.655,35.0,0.251,0.245,0.754,0.507
mk2,NNscore1.0/GlideSP,0.5,NEF,,0.0,0.0,0.0,40,1240,7,0,0.0,0.0,0.497,0.0,-0.014,-0.01,0.515,0.056
mk2,NNscore1.0/GlideSP,1.0,NEF,,0.0,0.0,0.0,40,1240,13,0,0.0,0.0,0.495,0.0,-0.019,-0.016,0.515,0.056
mk2,NNscore1.0/GlideSP,5.0,NEF,,1.6,4.839,1.5,40,1240,62,3,0.604,1.525,0.513,7.5,0.021,0.02,0.515,0.056
mmp2,NNscore1.0/GlideSP,0.5,NEF,,4.386,14.286,4.429,40,1240,7,1,0.833,5.0,0.51,14.286,0.047,0.033,0.643,0.146
mmp2,NNscore1.0/GlideSP,1.0,NEF,,7.08,23.077,7.154,40,1240,13,3,0.9,9.0,0.533,23.077,0.116,0.099,0.643,0.146
mmp2,NNscore1.0/GlideSP,5.0,NEF,,2.476,8.065,2.5,40,1240,62,5,0.725,2.632,0.539,12.5,0.063,0.061,0.643,0.146
na,NNscore1.0/GlideSP,0.5,NEF,,17.7,57.143,17.714,40,1240,7,4,0.976,40.0,0.549,57.143,0.23,0.162,0.848,0.505
na,NNscore1.0/GlideSP,1.0,NEF,,19.06,61.538,19.077,40,1240,13,8,0.98,48.0,0.598,61.538,0.34,0.291,0.848,0.505
na,NNscore1.0/GlideSP,5.0,NEF,,8.493,27.419,8.5,40,1240,62,17,0.919,11.333,0.694,42.5,0.314,0.306,0.848,0.505
p38-alpha,NNscore1.0/GlideSP,0.5,NEF,,8.729,28.571,8.857,40,1240,7,2,0.923,12.0,0.523,28.571,0.108,0.076,0.472,0.134
p38-alpha,NNscore1.0/GlideSP,1.0,NEF,,4.7,15.385,4.769,40,1240,13,2,0.845,5.455,0.52,15.385,0.071,0.061,0.472,0.134
p38-alpha,NNscore1.0/GlideSP,5.0,NEF,,1.971,6.452,2.0,40,1240,62,4,0.674,2.069,0.526,10.0,0.042,0.041,0.472,0.134
parp-1,NNscore1.0/GlideSP,0.5,NEF,,0.0,0.0,0.0,40,1240,7,0,0.0,0.0,0.497,0.0,-0.014,-0.01,0.6,0.051
parp-1,NNscore1.0/GlideSP,1.0,NEF,,0.0,0.0,0.0,40,1240,13,0,0.0,0.0,0.495,0.0,-0.019,-0.016,0.6,0.051
parp-1,NNscore1.0/GlideSP,5.0,NEF,,2.966,9.677,3.0,40,1240,62,6,0.763,3.214,0.552,15.0,0.084,0.082,0.6,0.051
pde4b,NNscore1.0/GlideSP,0.5,NEF,,0.0,0.0,0.0,40,1240,7,0,0.0,0.0,0.497,0.0,-0.014,-0.01,0.454,0.022
pde4b,NNscore1.0/GlideSP,1.0,NEF,,0.0,0.0,0.0,40,1240,13,0,0.0,0.0,0.495,0.0,-0.019,-0.016,0.454,0.022
pde4b,NNscore1.0/GlideSP,5.0,NEF,,0.994,3.226,1.0,40,1240,62,2,0.5,1.0,0.5,5.0,0.0,0.0,0.454,0.022
pde5,NNscore1.0/GlideSP,0.5,NEF,,4.609,14.286,4.429,40,1240,7,1,0.833,5.0,0.51,14.286,0.047,0.033,0.538,0.082
pde5,NNscore1.0/GlideSP,1.0,NEF,,2.48,7.692,2.385,40,1240,13,1,0.714,2.5,0.507,7.692,0.026,0.022,0.538,0.082
pde5,NNscore1.0/GlideSP,5.0,NEF,,1.561,4.839,1.5,40,1240,62,3,0.604,1.525,0.513,7.5,0.021,0.02,0.538,0.082
pdk1,NNscore1.0/GlideSP,0.5,NEF,,4.534,14.286,4.429,40,1240,7,1,0.833,5.0,0.51,14.286,0.047,0.033,0.627,0.08
pdk1,NNscore1.0/GlideSP,1.0,NEF,,2.44,7.692,2.385,40,1240,13,1,0.714,2.5,0.507,7.692,0.026,0.022,0.627,0.08
pdk1,NNscore1.0/GlideSP,5.0,NEF,,2.081,6.452,2.0,40,1240,62,4,0.674,2.069,0.526,10.0,0.042,0.041,0.627,0.08
pi3kg,NNscore1.0/GlideSP,0.5,NEF,,0.0,0.0,0.0,40,1240,7,0,0.0,0.0,0.497,0.0,-0.014,-0.01,0.636,0.058
pi3kg,NNscore1.0/GlideSP,1.0,NEF,,2.39,7.692,2.385,40,1240,13,1,0.714,2.5,0.507,7.692,0.026,0.022,0.636,0.058
pi3kg,NNscore1.0/GlideSP,5.0,NEF,,1.526,4.839,1.5,40,1240,62,3,0.604,1.525,0.513,7.5,0.021,0.02,0.636,0.058
pim-1,NNscore1.0/GlideSP,0.5,NEF,,0.0,0.0,0.0,40,1240,7,0,0.0,0.0,0.497,0.0,-0.014,-0.01,0.582,0.025
pim-1,NNscore1.0/GlideSP,1.0,NEF,,0.0,0.0,0.0,40,1240,13,0,0.0,0.0,0.495,0.0,-0.019,-0.016,0.582,0.025
pim-1,NNscore1.0/GlideSP,5.0,NEF,,0.495,1.613,0.5,40,1240,62,1,0.33,0.492,0.487,2.5,-0.021,-0.02,0.582,0.025
pim-2,NNscore1.0/GlideSP,0.5,NEF,,0.0,0.0,0.0,40,1240,7,0,0.0,0.0,0.497,0.0,-0.014,-0.01,0.577,0.045
pim-2,NNscore1.0/GlideSP,1.0,NEF,,0.0,0.0,0.0,40,1240,13,0,0.0,0.0,0.495,0.0,-0.019,-0.016,0.577,0.045
pim-2,NNscore1.0/GlideSP,5.0,NEF,,1.523,4.839,1.5,40,1240,62,3,0.604,1.525,0.513,7.5,0.021,0.02,0.577,0.045
pnp,NNscore1.0/GlideSP,0.5,NEF,,4.404,14.286,4.429,40,1240,7,1,0.833,5.0,0.51,14.286,0.047,0.033,0.476,0.155
pnp,NNscore1.0/GlideSP,1.0,NEF,,7.11,23.077,7.154,40,1240,13,3,0.9,9.0,0.533,23.077,0.116,0.099,0.476,0.155
pnp,NNscore1.0/GlideSP,5.0,NEF,,1.989,6.452,2.0,40,1240,62,4,0.674,2.069,0.526,10.0,0.042,0.041,0.476,0.155
ppara,NNscore1.0/GlideSP,0.5,NEF,,4.991,14.286,4.429,40,1240,7,1,0.833,5.0,0.51,14.286,0.047,0.033,0.635,0.274
ppara,NNscore1.0/GlideSP,1.0,NEF,,9.98,30.769,9.538,40,1240,13,4,0.93,13.333,0.546,30.769,0.16,0.137,0.635,0.274
ppara,NNscore1.0/GlideSP,5.0,NEF,,4.729,14.516,4.5,40,1240,62,9,0.836,5.094,0.59,22.5,0.147,0.143,0.635,0.274
pparg,NNscore1.0/GlideSP,0.5,NEF,,0.0,0.0,0.0,40,1240,7,0,0.0,0.0,0.497,0.0,-0.014,-0.01,0.631,0.202
pparg,NNscore1.0/GlideSP,1.0,NEF,,7.13,23.077,7.154,40,1240,13,3,0.9,9.0,0.533,23.077,0.116,0.099,0.631,0.202
pparg,NNscore1.0/GlideSP,5.0,NEF,,5.5,17.742,5.5,40,1240,62,11,0.866,6.471,0.616,27.5,0.188,0.184,0.631,0.202
pr,NNscore1.0/GlideSP,0.5,NEF,,0.0,0.0,0.0,40,1240,7,0,0.0,0.0,0.497,0.0,-0.014,-0.01,0.64,0.058
pr,NNscore1.0/GlideSP,1.0,NEF,,0.0,0.0,0.0,40,1240,13,0,0.0,0.0,0.495,0.0,-0.019,-0.016,0.64,0.058
pr,NNscore1.0/GlideSP,5.0,NEF,,3.392,11.29,3.5,40,1240,62,7,0.792,3.818,0.565,17.5,0.105,0.102,0.64,0.058
prkcq,NNscore1.0/GlideSP,0.5,NEF,,5.263,14.286,4.429,40,1240,7,1,0.833,5.0,0.51,14.286,0.047,0.033,0.7,0.119
prkcq,NNscore1.0/GlideSP,1.0,NEF,,2.63,7.692,2.385,40,1240,13,1,0.714,2.5,0.507,7.692,0.026,0.022,0.7,0.119
prkcq,NNscore1.0/GlideSP,5.0,NEF,,3.158,9.677,3.0,40,1240,62,6,0.763,3.214,0.552,15.0,0.084,0.082,0.7,0.119
pygl-in,NNscore1.0/GlideSP,0.5,NEF,,0.0,0.0,0.0,40,1240,7,0,0.0,0.0,0.497,0.0,-0.014,-0.01,0.544,0.121
pygl-in,NNscore1.0/GlideSP,1.0,NEF,,0.0,0.0,0.0,40,1240,13,0,0.0,0.0,0.495,0.0,-0.019,-0.016,0.544,0.121
pygl-in,NNscore1.0/GlideSP,5.0,NEF,,2.981,9.677,3.0,40,1240,62,6,0.763,3.214,0.552,15.0,0.084,0.082,0.544,0.121
pygl-out,NNscore1.0/GlideSP,0.5,NEF,,13.243,42.857,13.286,40,1240,7,3,0.957,22.5,0.536,42.857,0.169,0.119,0.825,0.36
pygl-out,NNscore1.0/GlideSP,1.0,NEF,,9.51,30.769,9.538,40,1240,13,4,0.93,13.333,0.546,30.769,0.16,0.137,0.825,0.36
pygl-out,NNscore1.0/GlideSP,5.0,NEF,,9.469,30.645,9.5,40,1240,62,19,0.93,13.256,0.72,47.5,0.356,0.347,0.825,0.36
qpct,NNscore1.0/GlideSP,0.5,NEF,,0.0,0.0,0.0,40,1240,7,0,0.0,0.0,0.497,0.0,-0.014,-0.01,0.223,0.001
qpct,NNscore1.0/GlideSP,1.0,NEF,,0.0,0.0,0.0,40,1240,13,0,0.0,0.0,0.495,0.0,-0.019,-0.016,0.223,0.001
qpct,NNscore1.0/GlideSP,5.0,NEF,,0.0,0.0,0.0,40,1240,62,0,0.0,0.0,0.474,0.0,-0.042,-0.041,0.223,0.001
rock-1,NNscore1.0/GlideSP,0.5,NEF,,0.0,0.0,0.0,40,1240,7,0,0.0,0.0,0.497,0.0,-0.014,-0.01,0.502,0.032
rock-1,NNscore1.0/GlideSP,1.0,NEF,,0.0,0.0,0.0,40,1240,13,0,0.0,0.0,0.495,0.0,-0.019,-0.016,0.502,0.032
rock-1,NNscore1.0/GlideSP,5.0,NEF,,0.495,1.613,0.5,40,1240,62,1,0.33,0.492,0.487,2.5,-0.021,-0.02,0.502,0.032
rxr,NNscore1.0/GlideSP,0.5,NEF,,10.368,28.571,8.857,40,1240,7,2,0.923,12.0,0.523,28.571,0.108,0.076,0.867,0.623
rxr,NNscore1.0/GlideSP,1.0,NEF,,12.96,38.462,11.923,40,1240,13,5,0.949,18.75,0.559,38.462,0.205,0.176,0.867,0.623
rxr,NNscore1.0/GlideSP,5.0,NEF,,11.34,37.097,11.5,40,1240,62,23,0.947,17.692,0.771,57.5,0.44,0.429,0.867,0.623
sars-hcov,NNscore1.0/GlideSP,0.5,NEF,,0.0,0.0,0.0,39,1209,7,0,0.0,0.0,0.497,0.0,-0.014,-0.01,0.414,0.026
sars-hcov,NNscore1.0/GlideSP,1.0,NEF,,0.0,0.0,0.0,39,1209,13,0,0.0,0.0,0.494,0.0,-0.019,-0.016,0.414,0.026
sars-hcov,NNscore1.0/GlideSP,5.0,NEF,,0.505,1.639,0.508,39,1209,61,1,0.333,0.5,0.487,2.564,-0.021,-0.02,0.414,0.026
sirt2,NNscore1.0/GlideSP,0.5,NEF,,0.0,0.0,0.0,40,1240,7,0,0.0,0.0,0.497,0.0,-0.014,-0.01,0.525,0.037
sirt2,NNscore1.0/GlideSP,1.0,NEF,,0.0,0.0,0.0,40,1240,13,0,0.0,0.0,0.495,0.0,-0.019,-0.016,0.525,0.037
sirt2,NNscore1.0/GlideSP,5.0,NEF,,2.462,8.065,2.5,40,1240,62,5,0.725,2.632,0.539,12.5,0.063,0.061,0.525,0.037
src,NNscore1.0/GlideSP,0.5,NEF,,0.0,0.0,0.0,40,1240,7,0,0.0,0.0,0.497,0.0,-0.014,-0.01,0.512,0.017
src,NNscore1.0/GlideSP,1.0,NEF,,0.0,0.0,0.0,40,1240,13,0,0.0,0.0,0.495,0.0,-0.019,-0.016,0.512,0.017
src,NNscore1.0/GlideSP,5.0,NEF,,0.509,1.613,0.5,40,1240,62,1,0.33,0.492,0.487,2.5,-0.021,-0.02,0.512,0.017
thrombin,NNscore1.0/GlideSP,0.5,NEF,,4.553,14.286,4.429,40,1240,7,1,0.833,5.0,0.51,14.286,0.047,0.033,0.714,0.215
thrombin,NNscore1.0/GlideSP,1.0,NEF,,2.45,7.692,2.385,40,1240,13,1,0.714,2.5,0.507,7.692,0.026,0.022,0.714,0.215
thrombin,NNscore1.0/GlideSP,5.0,NEF,,5.224,16.129,5.0,40,1240,62,10,0.852,5.769,0.603,25.0,0.168,0.163,0.714,0.215
tie2,NNscore1.0/GlideSP,0.5,NEF,,0.0,0.0,0.0,40,1240,7,0,0.0,0.0,0.497,0.0,-0.014,-0.01,0.566,0.101
tie2,NNscore1.0/GlideSP,1.0,NEF,,2.5,7.692,2.385,40,1240,13,1,0.714,2.5,0.507,7.692,0.026,0.022,0.566,0.101
tie2,NNscore1.0/GlideSP,5.0,NEF,,2.498,8.065,2.5,40,1240,62,5,0.725,2.632,0.539,12.5,0.063,0.061,0.566,0.101
tk,NNscore1.0/GlideSP,0.5,NEF,,0.0,0.0,0.0,40,1240,7,0,0.0,0.0,0.497,0.0,-0.014,-0.01,0.767,0.086
tk,NNscore1.0/GlideSP,1.0,NEF,,0.0,0.0,0.0,40,1240,13,0,0.0,0.0,0.495,0.0,-0.019,-0.016,0.767,0.086
tk,NNscore1.0/GlideSP,5.0,NEF,,4.593,14.516,4.5,40,1240,62,9,0.836,5.094,0.59,22.5,0.147,0.143,0.767,0.086
tp,NNscore1.0/GlideSP,0.5,NEF,,0.0,0.0,0.0,40,1240,7,0,0.0,0.0,0.497,0.0,-0.014,-0.01,0.48,0.006
tp,NNscore1.0/GlideSP,1.0,NEF,,0.0,0.0,0.0,40,1240,13,0,0.0,0.0,0.495,0.0,-0.019,-0.016,0.48,0.006
tp,NNscore1.0/GlideSP,5.0,NEF,,0.644,1.613,0.5,40,1240,62,1,0.33,0.492,0.487,2.5,-0.021,-0.02,0.48,0.006
tpa,NNscore1.0/GlideSP,0.5,NEF,,5.092,14.286,4.429,40,1240,7,1,0.833,5.0,0.51,14.286,0.047,0.033,0.701,0.163
tpa,NNscore1.0/GlideSP,1.0,NEF,,5.09,15.385,4.769,40,1240,13,2,0.845,5.455,0.52,15.385,0.071,0.061,0.701,0.163
tpa,NNscore1.0/GlideSP,5.0,NEF,,2.589,8.065,2.5,40,1240,62,5,0.725,2.632,0.539,12.5,0.063,0.061,0.701,0.163
ts,NNscore1.0/GlideSP,0.5,NEF,,0.0,0.0,0.0,40,1239,7,0,0.0,0.0,0.497,0.0,-0.014,-0.01,0.567,0.005
ts,NNscore1.0/GlideSP,1.0,NEF,,0.0,0.0,0.0,40,1239,13,0,0.0,0.0,0.495,0.0,-0.019,-0.016,0.567,0.005
ts,NNscore1.0/GlideSP,5.0,NEF,,0.5,1.613,0.5,40,1239,62,1,0.329,0.491,0.487,2.5,-0.021,-0.02,0.567,0.005
upa,NNscore1.0/GlideSP,0.5,NEF,,4.983,14.286,4.429,40,1240,7,1,0.833,5.0,0.51,14.286,0.047,0.033,0.557,0.105
upa,NNscore1.0/GlideSP,1.0,NEF,,2.49,7.692,2.385,40,1240,13,1,0.714,2.5,0.507,7.692,0.026,0.022,0.557,0.105
upa,NNscore1.0/GlideSP,5.0,NEF,,1.495,4.839,1.5,40,1240,62,3,0.604,1.525,0.513,7.5,0.021,0.02,0.557,0.105
vegfr1,NNscore1.0/GlideSP,0.5,NEF,,4.991,14.286,4.429,40,1240,7,1,0.833,5.0,0.51,14.286,0.047,0.033,0.542,0.069
vegfr1,NNscore1.0/GlideSP,1.0,NEF,,2.5,7.692,2.385,40,1240,13,1,0.714,2.5,0.507,7.692,0.026,0.022,0.542,0.069
vegfr1,NNscore1.0/GlideSP,5.0,NEF,,1.051,3.226,1.0,40,1240,62,2,0.5,1.0,0.5,5.0,0.0,0.0,0.542,0.069
vegfr2,NNscore1.0/GlideSP,0.5,NEF,,0.0,0.0,0.0,40,1240,7,0,0.0,0.0,0.497,0.0,-0.014,-0.01,0.528,0.03
vegfr2,NNscore1.0/GlideSP,1.0,NEF,,0.0,0.0,0.0,40,1240,13,0,0.0,0.0,0.495,0.0,-0.019,-0.016,0.528,0.03
vegfr2,NNscore1.0/GlideSP,5.0,NEF,,1.026,3.226,1.0,40,1240,62,2,0.5,1.0,0.5,5.0,0.0,0.0,0.528,0.03
11betahsd1,NNscore2.0/GlideSP,0.5,NEF,,0.0,0.0,0.0,40,1240,7,0,0.0,0.0,0.497,0.0,-0.014,-0.01,0.65,0.208
11betahsd1,NNscore2.0/GlideSP,1.0,NEF,,10.06,30.769,9.538,40,1240,13,4,0.93,13.333,0.546,30.769,0.16,0.137,0.65,0.208
11betahsd1,NNscore2.0/GlideSP,5.0,NEF,,4.604,14.516,4.5,40,1240,62,9,0.836,5.094,0.59,22.5,0.147,0.143,0.65,0.208
17betahsd1,NNscore2.0/GlideSP,0.5,NEF,,0.0,0.0,0.0,40,1240,7,0,0.0,0.0,0.497,0.0,-0.014,-0.01,0.654,0.023
17betahsd1,NNscore2.0/GlideSP,1.0,NEF,,0.0,0.0,0.0,40,1240,13,0,0.0,0.0,0.495,0.0,-0.019,-0.016,0.654,0.023
17betahsd1,NNscore2.0/GlideSP,5.0,NEF,,0.99,3.226,1.0,40,1240,62,2,0.5,1.0,0.5,5.0,0.0,0.0,0.654,0.023
a2a,NNscore2.0/GlideSP,0.5,NEF,,4.386,14.286,4.429,40,1240,7,1,0.833,5.0,0.51,14.286,0.047,0.033,0.674,0.117
a2a,NNscore2.0/GlideSP,1.0,NEF,,2.36,7.692,2.385,40,1240,13,1,0.714,2.5,0.507,7.692,0.026,0.022,0.674,0.117
a2a,NNscore2.0/GlideSP,5.0,NEF,,3.466,11.29,3.5,40,1240,62,7,0.792,3.818,0.565,17.5,0.105,0.102,0.674,0.117
ace,NNscore2.0/GlideSP,0.5,NEF,,0.0,0.0,0.0,40,1240,7,0,0.0,0.0,0.497,0.0,-0.014,-0.01,0.552,0.031
ace,NNscore2.0/GlideSP,1.0,NEF,,0.0,0.0,0.0,40,1240,13,0,0.0,0.0,0.495,0.0,-0.019,-0.016,0.552,0.031
ace,NNscore2.0/GlideSP,5.0,NEF,,0.498,1.613,0.5,40,1240,62,1,0.33,0.492,0.487,2.5,-0.021,-0.02,0.552,0.031
ace2,NNscore2.0/GlideSP,0.5,NEF,,0.0,0.0,0.0,40,1240,7,0,0.0,0.0,0.497,0.0,-0.014,-0.01,0.639,0.0
ace2,NNscore2.0/GlideSP,1.0,NEF,,0.0,0.0,0.0,40,1240,13,0,0.0,0.0,0.495,0.0,-0.019,-0.016,0.639,0.0
ace2,NNscore2.0/GlideSP,5.0,NEF,,0.0,0.0,0.0,40,1240,62,0,0.0,0.0,0.474,0.0,-0.042,-0.041,0.639,0.0
ache,NNscore2.0/GlideSP,0.5,NEF,,0.0,0.0,0.0,40,1240,7,0,0.0,0.0,0.497,0.0,-0.014,-0.01,0.526,0.054
ache,NNscore2.0/GlideSP,1.0,NEF,,2.35,7.692,2.385,40,1240,13,1,0.714,2.5,0.507,7.692,0.026,0.022,0.526,0.054
ache,NNscore2.0/GlideSP,5.0,NEF,,0.985,3.226,1.0,40,1240,62,2,0.5,1.0,0.5,5.0,0.0,0.0,0.526,0.054
adam17,NNscore2.0/GlideSP,0.5,NEF,,0.0,0.0,0.0,40,1240,7,0,0.0,0.0,0.497,0.0,-0.014,-0.01,0.576,0.054
adam17,NNscore2.0/GlideSP,1.0,NEF,,2.37,7.692,2.385,40,1240,13,1,0.714,2.5,0.507,7.692,0.026,0.022,0.576,0.054
adam17,NNscore2.0/GlideSP,5.0,NEF,,1.488,4.839,1.5,40,1240,62,3,0.604,1.525,0.513,7.5,0.021,0.02,0.576,0.054
adrb2,NNscore2.0/GlideSP,0.5,NEF,,4.796,14.286,4.429,40,1240,7,1,0.833,5.0,0.51,14.286,0.047,0.033,0.617,0.105
adrb2,NNscore2.0/GlideSP,1.0,NEF,,2.4,7.692,2.385,40,1240,13,1,0.714,2.5,0.507,7.692,0.026,0.022,0.617,0.105
adrb2,NNscore2.0/GlideSP,5.0,NEF,,0.992,3.226,1.0,40,1240,62,2,0.5,1.0,0.5,5.0,0.0,0.0,0.617,0.105
akt1,NNscore2.0/GlideSP,0.5,NEF,,5.051,14.286,4.429,40,1240,7,1,0.833,5.0,0.51,14.286,0.047,0.033,0.618,0.162
akt1,NNscore2.0/GlideSP,1.0,NEF,,5.05,15.385,4.769,40,1240,13,2,0.845,5.455,0.52,15.385,0.071,0.061,0.618,0.162
akt1,NNscore2.0/GlideSP,5.0,NEF,,3.031,9.677,3.0,40,1240,62,6,0.763,3.214,0.552,15.0,0.084,0.082,0.618,0.162
alr2,NNscore2.0/GlideSP,0.5,NEF,,4.379,14.286,4.429,40,1240,7,1,0.833,5.0,0.51,14.286,0.047,0.033,0.671,0.207
alr2,NNscore2.0/GlideSP,1.0,NEF,,7.07,23.077,7.154,40,1240,13,3,0.9,9.0,0.533,23.077,0.116,0.099,0.671,0.207
alr2,NNscore2.0/GlideSP,5.0,NEF,,3.955,12.903,4.0,40,1240,62,8,0.816,4.444,0.578,20.0,0.126,0.122,0.671,0.207
ar,NNscore2.0/GlideSP,0.5,NEF,,5.643,14.286,4.429,40,1240,7,1,0.833,5.0,0.51,14.286,0.047,0.033,0.83,0.335
ar,NNscore2.0/GlideSP,1.0,NEF,,6.45,23.077,7.154,40,1240,13,3,0.9,9.0,0.533,23.077,0.116,0.099,0.83,0.335
ar,NNscore2.0/GlideSP,5.0,NEF,,4.938,16.129,5.0,40,1240,62,10,0.852,5.769,0.603,25.0,0.168,0.163,0.83,0.335
aurka,NNscore2.0/GlideSP,0.5,NEF,,0.0,0.0,0.0,40,1240,7,0,0.0,0.0,0.497,0.0,-0.014,-0.01,0.624,0.074
aurka,NNscore2.0/GlideSP,1.0,NEF,,0.0,0.0,0.0,40,1240,13,0,0.0,0.0,0.495,0.0,-0.019,-0.016,0.624,0.074
aurka,NNscore2.0/GlideSP,5.0,NEF,,2.543,8.065,2.5,40,1240,62,5,0.725,2.632,0.539,12.5,0.063,0.061,0.624,0.074
aurkb,NNscore2.0/GlideSP,0.5,NEF,,4.339,14.286,4.429,40,1240,7,1,0.833,5.0,0.51,14.286,0.047,0.033,0.556,0.142
aurkb,NNscore2.0/GlideSP,1.0,NEF,,4.67,15.385,4.769,40,1240,13,2,0.845,5.455,0.52,15.385,0.071,0.061,0.556,0.142
aurkb,NNscore2.0/GlideSP,5.0,NEF,,2.49,8.065,2.5,40,1240,62,5,0.725,2.632,0.539,12.5,0.063,0.061,0.556,0.142
bcl2,NNscore2.0/GlideSP,0.5,NEF,,0.0,0.0,0.0,40,1240,7,0,0.0,0.0,0.497,0.0,-0.014,-0.01,0.546,0.047
bcl2,NNscore2.0/GlideSP,1.0,NEF,,2.35,7.692,2.385,40,1240,13,1,0.714,2.5,0.507,7.692,0.026,0.022,0.546,0.047
bcl2,NNscore2.0/GlideSP,5.0,NEF,,0.986,3.226,1.0,40,1240,62,2,0.5,1.0,0.5,5.0,0.0,0.0,0.546,0.047
braf,NNscore2.0/GlideSP,0.5,NEF,,8.857,28.571,8.857,40,1240,7,2,0.923,12.0,0.523,28.571,0.108,0.076,0.776,0.282
braf,NNscore2.0/GlideSP,1.0,NEF,,11.92,38.462,11.923,40,1240,13,5,0.949,18.75,0.559,38.462,0.205,0.176,0.776,0.282
braf,NNscore2.0/GlideSP,5.0,NEF,,4.066,12.903,4.0,40,1240,62,8,0.816,4.444,0.578,20.0,0.126,0.122,0.776,0.282
catl,NNscore2.0/GlideSP,0.5,NEF,,0.0,0.0,0.0,40,1240,7,0,0.0,0.0,0.497,0.0,-0.014,-0.01,0.667,0.01
catl,NNscore2.0/GlideSP,1.0,NEF,,0.0,0.0,0.0,40,1240,13,0,0.0,0.0,0.495,0.0,-0.019,-0.016,0.667,0.01
catl,NNscore2.0/GlideSP,5.0,NEF,,0.497,1.613,0.5,40,1240,62,1,0.33,0.492,0.487,2.5,-0.021,-0.02,0.667,0.01
cdk2,NNscore2.0/GlideSP,0.5,NEF,,0.0,0.0,0.0,40,1240,7,0,0.0,0.0,0.497,0.0,-0.014,-0.01,0.644,0.071
cdk2,NNscore2.0/GlideSP,1.0,NEF,,2.49,7.692,2.385,40,1240,13,1,0.714,2.5,0.507,7.692,0.026,0.022,0.644,0.071
cdk2,NNscore2.0/GlideSP,5.0,NEF,,1.495,4.839,1.5,40,1240,62,3,0.604,1.525,0.513,7.5,0.021,0.02,0.644,0.071
cox1,NNscore2.0/GlideSP,0.5,NEF,,0.0,0.0,0.0,40,1240,7,0,0.0,0.0,0.497,0.0,-0.014,-0.01,0.622,0.009
cox1,NNscore2.0/GlideSP,1.0,NEF,,0.0,0.0,0.0,40,1240,13,0,0.0,0.0,0.495,0.0,-0.019,-0.016,0.622,0.009
cox1,NNscore2.0/GlideSP,5.0,NEF,,1.538,4.839,1.5,40,1240,62,3,0.604,1.525,0.513,7.5,0.021,0.02,0.622,0.009
cox2,NNscore2.0/GlideSP,0.5,NEF,,4.622,14.286,4.429,40,1240,7,1,0.833,5.0,0.51,14.286,0.047,0.033,0.882,0.471
cox2,NNscore2.0/GlideSP,1.0,NEF,,12.84,38.462,11.923,40,1240,13,5,0.949,18.75,0.559,38.462,0.205,0.176,0.882,0.471
cox2,NNscore2.0/GlideSP,5.0,NEF,,9.673,30.645,9.5,40,1240,62,19,0.93,13.256,0.72,47.5,0.356,0.347,0.882,0.471
ctsk,NNscore2.0/GlideSP,0.5,NEF,,0.0,0.0,0.0,40,1240,7,0,0.0,0.0,0.497,0.0,-0.014,-0.01,0.708,0.046
ctsk,NNscore2.0/GlideSP,1.0,NEF,,2.38,7.692,2.385,40,1240,13,1,0.714,2.5,0.507,7.692,0.026,0.022,0.708,0.046
ctsk,NNscore2.0/GlideSP,5.0,NEF,,0.996,3.226,1.0,40,1240,62,2,0.5,1.0,0.5,5.0,0.0,0.0,0.708,0.046
cyp2a6,NNscore2.0/GlideSP,0.5,NEF,,0.0,0.0,0.0,40,1240,7,0,0.0,0.0,0.497,0.0,-0.014,-0.01,0.652,0.007
cyp2a6,NNscore2.0/GlideSP,1.0,NEF,,0.0,0.0,0.0,40,1240,13,0,0.0,0.0,0.495,0.0,-0.019,-0.016,0.652,0.007
cyp2a6,NNscore2.0/GlideSP,5.0,NEF,,0.555,1.613,0.5,40,1240,62,1,0.33,0.492,0.487,2.5,-0.021,-0.02,0.652,0.007
dhfr,NNscore2.0/GlideSP,0.5,NEF,,0.0,0.0,0.0,40,1240,7,0,0.0,0.0,0.497,0.0,-0.014,-0.01,0.639,0.031
dhfr,NNscore2.0/GlideSP,1.0,NEF,,0.0,0.0,0.0,40,1240,13,0,0.0,0.0,0.495,0.0,-0.019,-0.016,0.639,0.031
dhfr,NNscore2.0/GlideSP,5.0,NEF,,2.468,8.065,2.5,40,1240,62,5,0.725,2.632,0.539,12.5,0.063,0.061,0.639,0.031
egfr,NNscore2.0/GlideSP,0.5,NEF,,4.414,14.286,4.429,40,1240,7,1,0.833,5.0,0.51,14.286,0.047,0.033,0.635,0.145
egfr,NNscore2.0/GlideSP,1.0,NEF,,4.75,15.385,4.769,40,1240,13,2,0.845,5.455,0.52,15.385,0.071,0.061,0.635,0.145
egfr,NNscore2.0/GlideSP,5.0,NEF,,2.026,6.452,2.0,40,1240,62,4,0.674,2.069,0.526,10.0,0.042,0.041,0.635,0.145
ephb4,NNscore2.0/GlideSP,0.5,NEF,,4.336,14.286,4.429,40,1240,7,1,0.833,5.0,0.51,14.286,0.047,0.033,0.728,0.163
ephb4,NNscore2.0/GlideSP,1.0,NEF,,7.0,23.077,7.154,40,1240,13,3,0.9,9.0,0.533,23.077,0.116,0.099,0.728,0.163
ephb4,NNscore2.0/GlideSP,5.0,NEF,,3.98,12.903,4.0,40,1240,62,8,0.816,4.444,0.578,20.0,0.126,0.122,0.728,0.163
erbb2,NNscore2.0/GlideSP,0.5,NEF,,24.667,85.714,26.571,40,1240,7,6,0.994,180.0,0.575,85.714,0.352,0.248,0.86,0.555
erbb2,NNscore2.0/GlideSP,1.0,NEF,,17.27,53.846,16.692,40,1240,13,7,0.972,35.0,0.585,53.846,0.295,0.252,0.86,0.555
erbb2,NNscore2.0/GlideSP,5.0,NEF,,9.867,32.258,10.0,40,1240,62,20,0.935,14.286,0.732,50.0,0.377,0.367,0.86,0.555
er-beta,NNscore2.0/GlideSP,0.5,NEF,,0.0,0.0,0.0,40,1240,7,0,0.0,0.0,0.497,0.0,-0.014,-0.01,0.819,0.16
er-beta,NNscore2.0/GlideSP,1.0,NEF,,0.0,0.0,0.0,40,1240,13,0,0.0,0.0,0.495,0.0,-0.019,-0.016,0.819,0.16
er-beta,NNscore2.0/GlideSP,5.0,NEF,,6.806,22.581,7.0,40,1240,62,14,0.897,8.75,0.655,35.0,0.251,0.245,0.819,0.16
fgfr1,NNscore2.0/GlideSP,0.5,NEF,,0.0,0.0,0.0,40,1240,7,0,0.0,0.0,0.497,0.0,-0.014,-0.01,0.673,0.055
fgfr1,NNscore2.0/GlideSP,1.0,NEF,,0.0,0.0,0.0,40,1240,13,0,0.0,0.0,0.495,0.0,-0.019,-0.016,0.673,0.055
fgfr1,NNscore2.0/GlideSP,5.0,NEF,,2.498,8.065,2.5,40,1240,62,5,0.725,2.632,0.539,12.5,0.063,0.061,0.673,0.055
fkbp1a,NNscore2.0/GlideSP,0.5,NEF,,0.0,0.0,0.0,40,1240,7,0,0.0,0.0,0.497,0.0,-0.014,-0.01,0.648,0.003
fkbp1a,NNscore2.0/GlideSP,1.0,NEF,,0.0,0.0,0.0,40,1240,13,0,0.0,0.0,0.495,0.0,-0.019,-0.016,0.648,0.003
fkbp1a,NNscore2.0/GlideSP,5.0,NEF,,0.522,1.613,0.5,40,1240,62,1,0.33,0.492,0.487,2.5,-0.021,-0.02,0.648,0.003
fxa,NNscore2.0/GlideSP,0.5,NEF,,5.098,14.286,4.429,40,1240,7,1,0.833,5.0,0.51,14.286,0.047,0.033,0.747,0.164
fxa,NNscore2.0/GlideSP,1.0,NEF,,2.55,7.692,2.385,40,1240,13,1,0.714,2.5,0.507,7.692,0.026,0.022,0.747,0.164
fxa,NNscore2.0/GlideSP,5.0,NEF,,4.079,12.903,4.0,40,1240,62,8,0.816,4.444,0.578,20.0,0.126,0.122,0.747,0.164
gba,NNscore2.0/GlideSP,0.5,NEF,,0.0,0.0,0.0,40,1240,7,0,0.0,0.0,0.497,0.0,-0.014,-0.01,0.431,0.031
gba,NNscore2.0/GlideSP,1.0,NEF,,0.0,0.0,0.0,40,1240,13,0,0.0,0.0,0.495,0.0,-0.019,-0.016,0.431,0.031
gba,NNscore2.0/GlideSP,5.0,NEF,,0.996,3.226,1.0,40,1240,62,2,0.5,1.0,0.5,5.0,0.0,0.0,0.431,0.031
gr,NNscore2.0/GlideSP,0.5,NEF,,4.368,14.286,4.429,40,1240,7,1,0.833,5.0,0.51,14.286,0.047,0.033,0.638,0.163
gr,NNscore2.0/GlideSP,1.0,NEF,,4.7,15.385,4.769,40,1240,13,2,0.845,5.455,0.52,15.385,0.071,0.061,0.638,0.163
gr,NNscore2.0/GlideSP,5.0,NEF,,3.945,12.903,4.0,40,1240,62,8,0.816,4.444,0.578,20.0,0.126,0.122,0.638,0.163
gsk3b,NNscore2.0/GlideSP,0.5,NEF,,0.0,0.0,0.0,40,1240,7,0,0.0,0.0,0.497,0.0,-0.014,-0.01,0.55,0.015
gsk3b,NNscore2.0/GlideSP,1.0,NEF,,0.0,0.0,0.0,40,1240,13,0,0.0,0.0,0.495,0.0,-0.019,-0.016,0.55,0.015
gsk3b,NNscore2.0/GlideSP,5.0,NEF,,0.494,1.613,0.5,40,1240,62,1,0.33,0.492,0.487,2.5,-0.021,-0.02,0.55,0.015
hdac2,NNscore2.0/GlideSP,0.5,NEF,,0.0,0.0,0.0,40,1240,7,0,0.0,0.0,0.497,0.0,-0.014,-0.01,0.723,0.114
hdac2,NNscore2.0/GlideSP,1.0,NEF,,2.33,7.692,2.385,40,1240,13,1,0.714,2.5,0.507,7.692,0.026,0.022,0.723,0.114
hdac2,NNscore2.0/GlideSP,5.0,NEF,,2.985,9.677,3.0,40,1240,62,6,0.763,3.214,0.552,15.0,0.084,0.082,0.723,0.114
hdac8,NNscore2.0/GlideSP,0.5,NEF,,0.0,0.0,0.0,40,1240,7,0,0.0,0.0,0.497,0.0,-0.014,-0.01,0.419,0.001
hdac8,NNscore2.0/GlideSP,1.0,NEF,,0.0,0.0,0.0,40,1240,13,0,0.0,0.0,0.495,0.0,-0.019,-0.016,0.419,0.001
hdac8,NNscore2.0/GlideSP,5.0,NEF,,0.0,0.0,0.0,40,1240,62,0,0.0,0.0,0.474,0.0,-0.042,-0.041,0.419,0.001
hiv1pr,NNscore2.0/GlideSP,0.5,NEF,,0.0,0.0,0.0,40,1240,7,0,0.0,0.0,0.497,0.0,-0.014,-0.01,0.695,0.014
hiv1pr,NNscore2.0/GlideSP,1.0,NEF,,0.0,0.0,0.0,40,1240,13,0,0.0,0.0,0.495,0.0,-0.019,-0.016,0.695,0.014
hiv1pr,NNscore2.0/GlideSP,5.0,NEF,,1.078,3.226,1.0,40,1240,62,2,0.5,1.0,0.5,5.0,0.0,0.0,0.695,0.014
hiv1rt,NNscore2.0/GlideSP,0.5,NEF,,4.575,14.286,4.429,40,1240,7,1,0.833,5.0,0.51,14.286,0.047,0.033,0.537,0.088
hiv1rt,NNscore2.0/GlideSP,1.0,NEF,,2.46,7.692,2.385,40,1240,13,1,0.714,2.5,0.507,7.692,0.026,0.022,0.537,0.088
hiv1rt,NNscore2.0/GlideSP,5.0,NEF,,1.575,4.839,1.5,40,1240,62,3,0.604,1.525,0.513,7.5,0.021,0.02,0.537,0.088
hmgr,NNscore2.0/GlideSP,0.5,NEF,,17.671,57.143,17.714,40,1240,7,4,0.976,40.0,0.549,57.143,0.23,0.162,0.877,0.505
hmgr,NNscore2.0/GlideSP,1.0,NEF,,16.65,53.846,16.692,40,1240,13,7,0.972,35.0,0.585,53.846,0.295,0.252,0.877,0.505
hmgr,NNscore2.0/GlideSP,5.0,NEF,,8.479,27.419,8.5,40,1240,62,17,0.919,11.333,0.694,42.5,0.314,0.306,0.877,0.505
hsp90,NNscore2.0/GlideSP,0.5,NEF,,0.0,0.0,0.0,40,1240,7,0,0.0,0.0,0.497,0.0,-0.014,-0.01,0.578,0.042
hsp90,NNscore2.0/GlideSP,1.0,NEF,,2.33,7.692,2.385,40,1240,13,1,0.714,2.5,0.507,7.692,0.026,0.022,0.578,0.042
hsp90,NNscore2.0/GlideSP,5.0,NEF,,1.493,4.839,1.5,40,1240,62,3,0.604,1.525,0.513,7.5,0.021,0.02,0.578,0.042
igf1r,NNscore2.0/GlideSP,0.5,NEF,,0.0,0.0,0.0,40,1240,7,0,0.0,0.0,0.497,0.0,-0.014,-0.01,0.607,0.004
igf1r,NNscore2.0/GlideSP,1.0,NEF,,0.0,0.0,0.0,40,1240,13,0,0.0,0.0,0.495,0.0,-0.019,-0.016,0.607,0.004
igf1r,NNscore2.0/GlideSP,5.0,NEF,,0.505,1.613,0.5,40,1240,62,1,0.33,0.492,0.487,2.5,-0.021,-0.02,0.607,0.004
inha,NNscore2.0/GlideSP,0.5,NEF,,8.75,28.571,8.857,40,1240,7,2,0.923,12.0,0.523,28.571,0.108,0.076,0.487,0.133
inha,NNscore2.0/GlideSP,1.0,NEF,,4.71,15.385,4.769,40,1240,13,2,0.845,5.455,0.52,15.385,0.071,0.061,0.487,0.133
inha,NNscore2.0/GlideSP,5.0,NEF,,1.482,4.839,1.5,40,1240,62,3,0.604,1.525,0.513,7.5,0.021,0.02,0.487,0.133
itk,NNscore2.0/GlideSP,0.5,NEF,,4.35,14.286,4.429,40,1240,7,1,0.833,5.0,0.51,14.286,0.047,0.033,0.468,0.073
itk,NNscore2.0/GlideSP,1.0,NEF,,2.34,7.692,2.385,40,1240,13,1,0.714,2.5,0.507,7.692,0.026,0.022,0.468,0.073
itk,NNscore2.0/GlideSP,5.0,NEF,,0.998,3.226,1.0,40,1240,62,2,0.5,1.0,0.5,5.0,0.0,0.0,0.468,0.073
jak3,NNscore2.0/GlideSP,0.5,NEF,,0.0,0.0,0.0,40,1240,7,0,0.0,0.0,0.497,0.0,-0.014,-0.01,0.695,0.153
jak3,NNscore2.0/GlideSP,1.0,NEF,,2.49,7.692,2.385,40,1240,13,1,0.714,2.5,0.507,7.692,0.026,0.022,0.695,0.153
jak3,NNscore2.0/GlideSP,5.0,NEF,,3.491,11.29,3.5,40,1240,62,7,0.792,3.818,0.565,17.5,0.105,0.102,0.695,0.153
jnk1,NNscore2.0/GlideSP,0.5,NEF,,10.5,28.571,8.857,40,1240,7,2,0.923,12.0,0.523,28.571,0.108,0.076,0.62,0.162
jnk1,NNscore2.0/GlideSP,1.0,NEF,,5.25,15.385,4.769,40,1240,13,2,0.845,5.455,0.52,15.385,0.071,0.061,0.62,0.162
jnk1,NNscore2.0/GlideSP,5.0,NEF,,2.625,8.065,2.5,40,1240,62,5,0.725,2.632,0.539,12.5,0.063,0.061,0.62,0.162
jnk2,NNscore2.0/GlideSP,0.5,NEF,,5.004,14.286,4.429,40,1240,7,1,0.833,5.0,0.51,14.286,0.047,0.033,0.617,0.204
jnk2,NNscore2.0/GlideSP,1.0,NEF,,7.51,23.077,7.154,40,1240,13,3,0.9,9.0,0.533,23.077,0.116,0.099,0.617,0.204
jnk2,NNscore2.0/GlideSP,5.0,NEF,,4.071,12.903,4.0,40,1240,62,8,0.816,4.444,0.578,20.0,0.126,0.122,0.617,0.204
jnk3,NNscore2.0/GlideSP,0.5,NEF,,4.429,14.286,4.429,40,1240,7,1,0.833,5.0,0.51,14.286,0.047,0.033,0.65,0.139
jnk3,NNscore2.0/GlideSP,1.0,NEF,,4.77,15.385,4.769,40,1240,13,2,0.845,5.455,0.52,15.385,0.071,0.061,0.65,0.139
jnk3,NNscore2.0/GlideSP,5.0,NEF,,2.033,6.452,2.0,40,1240,62,4,0.674,2.069,0.526,10.0,0.042,0.041,0.65,0.139
kif11,NNscore2.0/GlideSP,0.5,NEF,,8.636,28.571,8.857,40,1240,7,2,0.923,12.0,0.523,28.571,0.108,0.076,0.765,0.137
kif11,NNscore2.0/GlideSP,1.0,NEF,,4.65,15.385,4.769,40,1240,13,2,0.845,5.455,0.52,15.385,0.071,0.061,0.765,0.137
kif11,NNscore2.0/GlideSP,5.0,NEF,,1.982,6.452,2.0,40,1240,62,4,0.674,2.069,0.526,10.0,0.042,0.041,0.765,0.137
lck,NNscore2.0/GlideSP,0.5,NEF,,4.3,14.286,4.429,40,1240,7,1,0.833,5.0,0.51,14.286,0.047,0.033,0.661,0.077
lck,NNscore2.0/GlideSP,1.0,NEF,,2.32,7.692,2.385,40,1240,13,1,0.714,2.5,0.507,7.692,0.026,0.022,0.661,0.077
lck,NNscore2.0/GlideSP,5.0,NEF,,0.987,3.226,1.0,40,1240,62,2,0.5,1.0,0.5,5.0,0.0,0.0,0.661,0.077
mdm2,NNscore2.0/GlideSP,0.5,NEF,,9.983,28.571,8.857,40,1240,7,2,0.923,12.0,0.523,28.571,0.108,0.076,0.77,0.172
mdm2,NNscore2.0/GlideSP,1.0,NEF,,4.99,15.385,4.769,40,1240,13,2,0.845,5.455,0.52,15.385,0.071,0.061,0.77,0.172
mdm2,NNscore2.0/GlideSP,5.0,NEF,,4.493,14.516,4.5,40,1240,62,9,0.836,5.094,0.59,22.5,0.147,0.143,0.77,0.172
mk2,NNscore2.0/GlideSP,0.5,NEF,,10.486,28.571,8.857,40,1240,7,2,0.923,12.0,0.523,28.571,0.108,0.076,0.626,0.192
mk2,NNscore2.0/GlideSP,1.0,NEF,,5.24,15.385,4.769,40,1240,13,2,0.845,5.455,0.52,15.385,0.071,0.061,0.626,0.192
mk2,NNscore2.0/GlideSP,5.0,NEF,,2.666,8.065,2.5,40,1240,62,5,0.725,2.632,0.539,12.5,0.063,0.061,0.626,0.192
mmp2,NNscore2.0/GlideSP,0.5,NEF,,0.0,0.0,0.0,40,1240,7,0,0.0,0.0,0.497,0.0,-0.014,-0.01,0.588,0.068
mmp2,NNscore2.0/GlideSP,1.0,NEF,,2.36,7.692,2.385,40,1240,13,1,0.714,2.5,0.507,7.692,0.026,0.022,0.588,0.068
mmp2,NNscore2.0/GlideSP,5.0,NEF,,1.485,4.839,1.5,40,1240,62,3,0.604,1.525,0.513,7.5,0.021,0.02,0.588,0.068
na,NNscore2.0/GlideSP,0.5,NEF,,0.0,0.0,0.0,40,1240,7,0,0.0,0.0,0.497,0.0,-0.014,-0.01,0.902,0.099
na,NNscore2.0/GlideSP,1.0,NEF,,0.0,0.0,0.0,40,1240,13,0,0.0,0.0,0.495,0.0,-0.019,-0.016,0.902,0.099
na,NNscore2.0/GlideSP,5.0,NEF,,5.995,19.355,6.0,40,1240,62,12,0.878,7.2,0.629,30.0,0.209,0.204,0.902,0.099
p38-alpha,NNscore2.0/GlideSP,0.5,NEF,,0.0,0.0,0.0,40,1240,7,0,0.0,0.0,0.497,0.0,-0.014,-0.01,0.601,0.015
p38-alpha,NNscore2.0/GlideSP,1.0,NEF,,0.0,0.0,0.0,40,1240,13,0,0.0,0.0,0.495,0.0,-0.019,-0.016,0.601,0.015
p38-alpha,NNscore2.0/GlideSP,5.0,NEF,,1.478,4.839,1.5,40,1240,62,3,0.604,1.525,0.513,7.5,0.021,0.02,0.601,0.015
parp-1,NNscore2.0/GlideSP,0.5,NEF,,0.0,0.0,0.0,40,1240,7,0,0.0,0.0,0.497,0.0,-0.014,-0.01,0.653,0.046
parp-1,NNscore2.0/GlideSP,1.0,NEF,,0.0,0.0,0.0,40,1240,13,0,0.0,0.0,0.495,0.0,-0.019,-0.016,0.653,0.046
parp-1,NNscore2.0/GlideSP,5.0,NEF,,0.989,3.226,1.0,40,1240,62,2,0.5,1.0,0.5,5.0,0.0,0.0,0.653,0.046
pde4b,NNscore2.0/GlideSP,0.5,NEF,,0.0,0.0,0.0,40,1240,7,0,0.0,0.0,0.497,0.0,-0.014,-0.01,0.632,0.023
pde4b,NNscore2.0/GlideSP,1.0,NEF,,0.0,0.0,0.0,40,1240,13,0,0.0,0.0,0.495,0.0,-0.019,-0.016,0.632,0.023
pde4b,NNscore2.0/GlideSP,5.0,NEF,,1.987,6.452,2.0,40,1240,62,4,0.674,2.069,0.526,10.0,0.042,0.041,0.632,0.023
pde5,NNscore2.0/GlideSP,0.5,NEF,,4.609,14.286,4.429,40,1240,7,1,0.833,5.0,0.51,14.286,0.047,0.033,0.614,0.133
pde5,NNscore2.0/GlideSP,1.0,NEF,,4.96,15.385,4.769,40,1240,13,2,0.845,5.455,0.52,15.385,0.071,0.061,0.614,0.133
pde5,NNscore2.0/GlideSP,5.0,NEF,,2.602,8.065,2.5,40,1240,62,5,0.725,2.632,0.539,12.5,0.063,0.061,0.614,0.133
pdk1,NNscore2.0/GlideSP,0.5,NEF,,0.0,0.0,0.0,40,1240,7,0,0.0,0.0,0.497,0.0,-0.014,-0.01,0.693,0.025
pdk1,NNscore2.0/GlideSP,1.0,NEF,,0.0,0.0,0.0,40,1240,13,0,0.0,0.0,0.495,0.0,-0.019,-0.016,0.693,0.025
pdk1,NNscore2.0/GlideSP,5.0,NEF,,2.081,6.452,2.0,40,1240,62,4,0.674,2.069,0.526,10.0,0.042,0.041,0.693,0.025
pi3kg,NNscore2.0/GlideSP,0.5,NEF,,0.0,0.0,0.0,40,1240,7,0,0.0,0.0,0.497,0.0,-0.014,-0.01,0.606,0.035
pi3kg,NNscore2.0/GlideSP,1.0,NEF,,0.0,0.0,0.0,40,1240,13,0,0.0,0.0,0.495,0.0,-0.019,-0.016,0.606,0.035
pi3kg,NNscore2.0/GlideSP,5.0,NEF,,1.526,4.839,1.5,40,1240,62,3,0.604,1.525,0.513,7.5,0.021,0.02,0.606,0.035
pim-1,NNscore2.0/GlideSP,0.5,NEF,,0.0,0.0,0.0,40,1240,7,0,0.0,0.0,0.497,0.0,-0.014,-0.01,0.653,0.052
pim-1,NNscore2.0/GlideSP,1.0,NEF,,0.0,0.0,0.0,40,1240,13,0,0.0,0.0,0.495,0.0,-0.019,-0.016,0.653,0.052
pim-1,NNscore2.0/GlideSP,5.0,NEF,,1.982,6.452,2.0,40,1240,62,4,0.674,2.069,0.526,10.0,0.042,0.041,0.653,0.052
pim-2,NNscore2.0/GlideSP,0.5,NEF,,0.0,0.0,0.0,40,1240,7,0,0.0,0.0,0.497,0.0,-0.014,-0.01,0.585,0.093
pim-2,NNscore2.0/GlideSP,1.0,NEF,,2.38,7.692,2.385,40,1240,13,1,0.714,2.5,0.507,7.692,0.026,0.022,0.585,0.093
pim-2,NNscore2.0/GlideSP,5.0,NEF,,3.047,9.677,3.0,40,1240,62,6,0.763,3.214,0.552,15.0,0.084,0.082,0.585,0.093
pnp,NNscore2.0/GlideSP,0.5,NEF,,0.0,0.0,0.0,40,1240,7,0,0.0,0.0,0.497,0.0,-0.014,-0.01,0.751,0.086
pnp,NNscore2.0/GlideSP,1.0,NEF,,2.37,7.692,2.385,40,1240,13,1,0.714,2.5,0.507,7.692,0.026,0.022,0.751,0.086
pnp,NNscore2.0/GlideSP,5.0,NEF,,2.486,8.065,2.5,40,1240,62,5,0.725,2.632,0.539,12.5,0.063,0.061,0.751,0.086
ppara,NNscore2.0/GlideSP,0.5,NEF,,9.982,28.571,8.857,40,1240,7,2,0.923,12.0,0.523,28.571,0.108,0.076,0.751,0.248
ppara,NNscore2.0/GlideSP,1.0,NEF,,7.49,23.077,7.154,40,1240,13,3,0.9,9.0,0.533,23.077,0.116,0.099,0.751,0.248
ppara,NNscore2.0/GlideSP,5.0,NEF,,5.779,19.355,6.0,40,1240,62,12,0.878,7.2,0.629,30.0,0.209,0.204,0.751,0.248
pparg,NNscore2.0/GlideSP,0.5,NEF,,9.5,28.571,8.857,40,1240,7,2,0.923,12.0,0.523,28.571,0.108,0.076,0.643,0.226
pparg,NNscore2.0/GlideSP,1.0,NEF,,4.75,15.385,4.769,40,1240,13,2,0.845,5.455,0.52,15.385,0.071,0.061,0.643,0.226
pparg,NNscore2.0/GlideSP,5.0,NEF,,3.5,11.29,3.5,40,1240,62,7,0.792,3.818,0.565,17.5,0.105,0.102,0.643,0.226
pr,NNscore2.0/GlideSP,0.5,NEF,,0.0,0.0,0.0,40,1240,7,0,0.0,0.0,0.497,0.0,-0.014,-0.01,0.641,0.002
pr,NNscore2.0/GlideSP,1.0,NEF,,0.0,0.0,0.0,40,1240,13,0,0.0,0.0,0.495,0.0,-0.019,-0.016,0.641,0.002
pr,NNscore2.0/GlideSP,5.0,NEF,,0.0,0.0,0.0,40,1240,62,0,0.0,0.0,0.474,0.0,-0.042,-0.041,0.641,0.002
prkcq,NNscore2.0/GlideSP,0.5,NEF,,5.263,14.286,4.429,40,1240,7,1,0.833,5.0,0.51,14.286,0.047,0.033,0.802,0.267
prkcq,NNscore2.0/GlideSP,1.0,NEF,,7.89,23.077,7.154,40,1240,13,3,0.9,9.0,0.533,23.077,0.116,0.099,0.802,0.267
prkcq,NNscore2.0/GlideSP,5.0,NEF,,6.316,20.968,6.5,40,1240,62,13,0.888,7.959,0.642,32.5,0.23,0.224,0.802,0.267
pygl-in,NNscore2.0/GlideSP,0.5,NEF,,0.0,0.0,0.0,40,1240,7,0,0.0,0.0,0.497,0.0,-0.014,-0.01,0.528,0.016
pygl-in,NNscore2.0/GlideSP,1.0,NEF,,0.0,0.0,0.0,40,1240,13,0,0.0,0.0,0.495,0.0,-0.019,-0.016,0.528,0.016
pygl-in,NNscore2.0/GlideSP,5.0,NEF,,0.994,3.226,1.0,40,1240,62,2,0.5,1.0,0.5,5.0,0.0,0.0,0.528,0.016
pygl-out,NNscore2.0/GlideSP,0.5,NEF,,0.0,0.0,0.0,40,1240,7,0,0.0,0.0,0.497,0.0,-0.014,-0.01,0.703,0.039
pygl-out,NNscore2.0/GlideSP,1.0,NEF,,0.0,0.0,0.0,40,1240,13,0,0.0,0.0,0.495,0.0,-0.019,-0.016,0.703,0.039
pygl-out,NNscore2.0/GlideSP,5.0,NEF,,1.495,4.839,1.5,40,1240,62,3,0.604,1.525,0.513,7.5,0.021,0.02,0.703,0.039
qpct,NNscore2.0/GlideSP,0.5,NEF,,0.0,0.0,0.0,40,1240,7,0,0.0,0.0,0.497,0.0,-0.014,-0.01,0.454,0.001
qpct,NNscore2.0/GlideSP,1.0,NEF,,0.0,0.0,0.0,40,1240,13,0,0.0,0.0,0.495,0.0,-0.019,-0.016,0.454,0.001
qpct,NNscore2.0/GlideSP,5.0,NEF,,0.0,0.0,0.0,40,1240,62,0,0.0,0.0,0.474,0.0,-0.042,-0.041,0.454,0.001
rock-1,NNscore2.0/GlideSP,0.5,NEF,,0.0,0.0,0.0,40,1240,7,0,0.0,0.0,0.497,0.0,-0.014,-0.01,0.512,0.071
rock-1,NNscore2.0/GlideSP,1.0,NEF,,0.0,0.0,0.0,40,1240,13,0,0.0,0.0,0.495,0.0,-0.019,-0.016,0.512,0.071
rock-1,NNscore2.0/GlideSP,5.0,NEF,,1.979,6.452,2.0,40,1240,62,4,0.674,2.069,0.526,10.0,0.042,0.041,0.512,0.071
rxr,NNscore2.0/GlideSP,0.5,NEF,,5.184,14.286,4.429,40,1240,7,1,0.833,5.0,0.51,14.286,0.047,0.033,0.694,0.363
rxr,NNscore2.0/GlideSP,1.0,NEF,,7.78,23.077,7.154,40,1240,13,3,0.9,9.0,0.533,23.077,0.116,0.099,0.694,0.363
rxr,NNscore2.0/GlideSP,5.0,NEF,,5.94,19.355,6.0,40,1240,62,12,0.878,7.2,0.629,30.0,0.209,0.204,0.694,0.363
sars-hcov,NNscore2.0/GlideSP,0.5,NEF,,0.0,0.0,0.0,39,1209,7,0,0.0,0.0,0.497,0.0,-0.014,-0.01,0.488,0.085
sars-hcov,NNscore2.0/GlideSP,1.0,NEF,,2.37,7.692,2.385,39,1209,13,1,0.714,2.5,0.508,7.692,0.026,0.023,0.488,0.085
sars-hcov,NNscore2.0/GlideSP,5.0,NEF,,3.032,9.836,3.049,39,1209,61,6,0.766,3.273,0.553,15.385,0.086,0.084,0.488,0.085
sirt2,NNscore2.0/GlideSP,0.5,NEF,,4.361,14.286,4.429,40,1240,7,1,0.833,5.0,0.51,14.286,0.047,0.033,0.497,0.052
sirt2,NNscore2.0/GlideSP,1.0,NEF,,2.35,7.692,2.385,40,1240,13,1,0.714,2.5,0.507,7.692,0.026,0.022,0.497,0.052
sirt2,NNscore2.0/GlideSP,5.0,NEF,,0.985,3.226,1.0,40,1240,62,2,0.5,1.0,0.5,5.0,0.0,0.0,0.497,0.052
src,NNscore2.0/GlideSP,0.5,NEF,,4.436,14.286,4.429,40,1240,7,1,0.833,5.0,0.51,14.286,0.047,0.033,0.557,0.117
src,NNscore2.0/GlideSP,1.0,NEF,,4.78,15.385,4.769,40,1240,13,2,0.845,5.455,0.52,15.385,0.071,0.061,0.557,0.117
src,NNscore2.0/GlideSP,5.0,NEF,,2.545,8.065,2.5,40,1240,62,5,0.725,2.632,0.539,12.5,0.063,0.061,0.557,0.117
thrombin,NNscore2.0/GlideSP,0.5,NEF,,4.553,14.286,4.429,40,1240,7,1,0.833,5.0,0.51,14.286,0.047,0.033,0.733,0.164
thrombin,NNscore2.0/GlideSP,1.0,NEF,,4.9,15.385,4.769,40,1240,13,2,0.845,5.455,0.52,15.385,0.071,0.061,0.733,0.164
thrombin,NNscore2.0/GlideSP,5.0,NEF,,3.657,11.29,3.5,40,1240,62,7,0.792,3.818,0.565,17.5,0.105,0.102,0.733,0.164
tie2,NNscore2.0/GlideSP,0.5,NEF,,9.992,28.571,8.857,40,1240,7,2,0.923,12.0,0.523,28.571,0.108,0.076,0.625,0.177
tie2,NNscore2.0/GlideSP,1.0,NEF,,7.49,23.077,7.154,40,1240,13,3,0.9,9.0,0.533,23.077,0.116,0.099,0.625,0.177
tie2,NNscore2.0/GlideSP,5.0,NEF,,1.998,6.452,2.0,40,1240,62,4,0.674,2.069,0.526,10.0,0.042,0.041,0.625,0.177
tk,NNscore2.0/GlideSP,0.5,NEF,,9.04,28.571,8.857,40,1240,7,2,0.923,12.0,0.523,28.571,0.108,0.076,0.823,0.351
tk,NNscore2.0/GlideSP,1.0,NEF,,14.6,46.154,14.308,40,1240,13,6,0.963,25.714,0.572,46.154,0.25,0.214,0.823,0.351
tk,NNscore2.0/GlideSP,5.0,NEF,,7.145,22.581,7.0,40,1240,62,14,0.897,8.75,0.655,35.0,0.251,0.245,0.823,0.351
tp,NNscore2.0/GlideSP,0.5,NEF,,5.473,14.286,4.429,40,1240,7,1,0.833,5.0,0.51,14.286,0.047,0.033,0.612,0.149
tp,NNscore2.0/GlideSP,1.0,NEF,,2.99,7.692,2.385,40,1240,13,1,0.714,2.5,0.507,7.692,0.026,0.022,0.612,0.149
tp,NNscore2.0/GlideSP,5.0,NEF,,2.576,8.065,2.5,40,1240,62,5,0.725,2.632,0.539,12.5,0.063,0.061,0.612,0.149
tpa,NNscore2.0/GlideSP,0.5,NEF,,5.092,14.286,4.429,40,1240,7,1,0.833,5.0,0.51,14.286,0.047,0.033,0.677,0.066
tpa,NNscore2.0/GlideSP,1.0,NEF,,2.55,7.692,2.385,40,1240,13,1,0.714,2.5,0.507,7.692,0.026,0.022,0.677,0.066
tpa,NNscore2.0/GlideSP,5.0,NEF,,1.036,3.226,1.0,40,1240,62,2,0.5,1.0,0.5,5.0,0.0,0.0,0.677,0.066
ts,NNscore2.0/GlideSP,0.5,NEF,,0.0,0.0,0.0,40,1239,7,0,0.0,0.0,0.497,0.0,-0.014,-0.01,0.525,0.022
ts,NNscore2.0/GlideSP,1.0,NEF,,0.0,0.0,0.0,40,1239,13,0,0.0,0.0,0.495,0.0,-0.019,-0.016,0.525,0.022
ts,NNscore2.0/GlideSP,5.0,NEF,,0.5,1.613,0.5,40,1239,62,1,0.329,0.491,0.487,2.5,-0.021,-0.02,0.525,0.022
upa,NNscore2.0/GlideSP,0.5,NEF,,0.0,0.0,0.0,40,1240,7,0,0.0,0.0,0.497,0.0,-0.014,-0.01,0.662,0.001
upa,NNscore2.0/GlideSP,1.0,NEF,,0.0,0.0,0.0,40,1240,13,0,0.0,0.0,0.495,0.0,-0.019,-0.016,0.662,0.001
upa,NNscore2.0/GlideSP,5.0,NEF,,0.0,0.0,0.0,40,1240,62,0,0.0,0.0,0.474,0.0,-0.042,-0.041,0.662,0.001
vegfr1,NNscore2.0/GlideSP,0.5,NEF,,0.0,0.0,0.0,40,1240,7,0,0.0,0.0,0.497,0.0,-0.014,-0.01,0.672,0.107
vegfr1,NNscore2.0/GlideSP,1.0,NEF,,2.5,7.692,2.385,40,1240,13,1,0.714,2.5,0.507,7.692,0.026,0.022,0.672,0.107
vegfr1,NNscore2.0/GlideSP,5.0,NEF,,2.627,8.065,2.5,40,1240,62,5,0.725,2.632,0.539,12.5,0.063,0.061,0.672,0.107
vegfr2,NNscore2.0/GlideSP,0.5,NEF,,0.0,0.0,0.0,40,1240,7,0,0.0,0.0,0.497,0.0,-0.014,-0.01,0.578,0.081
vegfr2,NNscore2.0/GlideSP,1.0,NEF,,0.0,0.0,0.0,40,1240,13,0,0.0,0.0,0.495,0.0,-0.019,-0.016,0.578,0.081
vegfr2,NNscore2.0/GlideSP,5.0,NEF,,3.077,9.677,3.0,40,1240,62,6,0.763,3.214,0.552,15.0,0.084,0.082,0.578,0.081
11betahsd1,OnionNet/GlideSP,0.5,NEF,,0.0,0.0,0.0,40,1240,7,0,0.0,0.0,0.497,0.0,-0.014,-0.01,0.5,0.075
11betahsd1,OnionNet/GlideSP,1.0,NEF,,2.51,7.692,2.385,40,1240,13,1,0.714,2.5,0.507,7.692,0.026,0.022,0.5,0.075
11betahsd1,OnionNet/GlideSP,5.0,NEF,,2.558,8.065,2.5,40,1240,62,5,0.725,2.632,0.539,12.5,0.063,0.061,0.5,0.075
17betahsd1,OnionNet/GlideSP,0.5,NEF,,0.0,0.0,0.0,40,1240,7,0,0.0,0.0,0.497,0.0,-0.014,-0.01,0.575,0.033
17betahsd1,OnionNet/GlideSP,1.0,NEF,,0.0,0.0,0.0,40,1240,13,0,0.0,0.0,0.495,0.0,-0.019,-0.016,0.575,0.033
17betahsd1,OnionNet/GlideSP,5.0,NEF,,1.484,4.839,1.5,40,1240,62,3,0.604,1.525,0.513,7.5,0.021,0.02,0.575,0.033
a2a,OnionNet/GlideSP,0.5,NEF,,0.0,0.0,0.0,40,1240,7,0,0.0,0.0,0.497,0.0,-0.014,-0.01,0.636,0.123
a2a,OnionNet/GlideSP,1.0,NEF,,2.36,7.692,2.385,40,1240,13,1,0.714,2.5,0.507,7.692,0.026,0.022,0.636,0.123
a2a,OnionNet/GlideSP,5.0,NEF,,2.971,9.677,3.0,40,1240,62,6,0.763,3.214,0.552,15.0,0.084,0.082,0.636,0.123
ace,OnionNet/GlideSP,0.5,NEF,,0.0,0.0,0.0,40,1240,7,0,0.0,0.0,0.497,0.0,-0.014,-0.01,0.481,0.127
ace,OnionNet/GlideSP,1.0,NEF,,4.75,15.385,4.769,40,1240,13,2,0.845,5.455,0.52,15.385,0.071,0.061,0.481,0.127
ace,OnionNet/GlideSP,5.0,NEF,,2.49,8.065,2.5,40,1240,62,5,0.725,2.632,0.539,12.5,0.063,0.061,0.481,0.127
ace2,OnionNet/GlideSP,0.5,NEF,,0.0,0.0,0.0,40,1240,7,0,0.0,0.0,0.497,0.0,-0.014,-0.01,0.319,0.007
ace2,OnionNet/GlideSP,1.0,NEF,,0.0,0.0,0.0,40,1240,13,0,0.0,0.0,0.495,0.0,-0.019,-0.016,0.319,0.007
ace2,OnionNet/GlideSP,5.0,NEF,,0.999,3.226,1.0,40,1240,62,2,0.5,1.0,0.5,5.0,0.0,0.0,0.319,0.007
ache,OnionNet/GlideSP,0.5,NEF,,4.361,14.286,4.429,40,1240,7,1,0.833,5.0,0.51,14.286,0.047,0.033,0.539,0.118
ache,OnionNet/GlideSP,1.0,NEF,,2.35,7.692,2.385,40,1240,13,1,0.714,2.5,0.507,7.692,0.026,0.022,0.539,0.118
ache,OnionNet/GlideSP,5.0,NEF,,2.462,8.065,2.5,40,1240,62,5,0.725,2.632,0.539,12.5,0.063,0.061,0.539,0.118
adam17,OnionNet/GlideSP,0.5,NEF,,8.786,28.571,8.857,40,1240,7,2,0.923,12.0,0.523,28.571,0.108,0.076,0.73,0.201
adam17,OnionNet/GlideSP,1.0,NEF,,9.46,30.769,9.538,40,1240,13,4,0.93,13.333,0.546,30.769,0.16,0.137,0.73,0.201
adam17,OnionNet/GlideSP,5.0,NEF,,3.472,11.29,3.5,40,1240,62,7,0.792,3.818,0.565,17.5,0.105,0.102,0.73,0.201
adrb2,OnionNet/GlideSP,0.5,NEF,,9.592,28.571,8.857,40,1240,7,2,0.923,12.0,0.523,28.571,0.108,0.076,0.682,0.149
adrb2,OnionNet/GlideSP,1.0,NEF,,4.8,15.385,4.769,40,1240,13,2,0.845,5.455,0.52,15.385,0.071,0.061,0.682,0.149
adrb2,OnionNet/GlideSP,5.0,NEF,,1.488,4.839,1.5,40,1240,62,3,0.604,1.525,0.513,7.5,0.021,0.02,0.682,0.149
akt1,OnionNet/GlideSP,0.5,NEF,,0.0,0.0,0.0,40,1240,7,0,0.0,0.0,0.497,0.0,-0.014,-0.01,0.587,0.012
akt1,OnionNet/GlideSP,1.0,NEF,,0.0,0.0,0.0,40,1240,13,0,0.0,0.0,0.495,0.0,-0.019,-0.016,0.587,0.012
akt1,OnionNet/GlideSP,5.0,NEF,,1.01,3.226,1.0,40,1240,62,2,0.5,1.0,0.5,5.0,0.0,0.0,0.587,0.012
alr2,OnionNet/GlideSP,0.5,NEF,,4.379,14.286,4.429,40,1240,7,1,0.833,5.0,0.51,14.286,0.047,0.033,0.42,0.069
alr2,OnionNet/GlideSP,1.0,NEF,,2.36,7.692,2.385,40,1240,13,1,0.714,2.5,0.507,7.692,0.026,0.022,0.42,0.069
alr2,OnionNet/GlideSP,5.0,NEF,,0.494,1.613,0.5,40,1240,62,1,0.33,0.492,0.487,2.5,-0.021,-0.02,0.42,0.069
ar,OnionNet/GlideSP,0.5,NEF,,0.0,0.0,0.0,40,1240,7,0,0.0,0.0,0.497,0.0,-0.014,-0.01,0.706,0.12
ar,OnionNet/GlideSP,1.0,NEF,,3.22,7.692,2.385,40,1240,13,1,0.714,2.5,0.507,7.692,0.026,0.022,0.706,0.12
ar,OnionNet/GlideSP,5.0,NEF,,2.821,9.677,3.0,40,1240,62,6,0.763,3.214,0.552,15.0,0.084,0.082,0.706,0.12
aurka,OnionNet/GlideSP,0.5,NEF,,4.432,14.286,4.429,40,1240,7,1,0.833,5.0,0.51,14.286,0.047,0.033,0.603,0.074
aurka,OnionNet/GlideSP,1.0,NEF,,2.39,7.692,2.385,40,1240,13,1,0.714,2.5,0.507,7.692,0.026,0.022,0.603,0.074
aurka,OnionNet/GlideSP,5.0,NEF,,2.543,8.065,2.5,40,1240,62,5,0.725,2.632,0.539,12.5,0.063,0.061,0.603,0.074
aurkb,OnionNet/GlideSP,0.5,NEF,,4.339,14.286,4.429,40,1240,7,1,0.833,5.0,0.51,14.286,0.047,0.033,0.592,0.1
aurkb,OnionNet/GlideSP,1.0,NEF,,2.34,7.692,2.385,40,1240,13,1,0.714,2.5,0.507,7.692,0.026,0.022,0.592,0.1
aurkb,OnionNet/GlideSP,5.0,NEF,,2.49,8.065,2.5,40,1240,62,5,0.725,2.632,0.539,12.5,0.063,0.061,0.592,0.1
bcl2,OnionNet/GlideSP,0.5,NEF,,0.0,0.0,0.0,40,1240,7,0,0.0,0.0,0.497,0.0,-0.014,-0.01,0.627,0.052
bcl2,OnionNet/GlideSP,1.0,NEF,,0.0,0.0,0.0,40,1240,13,0,0.0,0.0,0.495,0.0,-0.019,-0.016,0.627,0.052
bcl2,OnionNet/GlideSP,5.0,NEF,,3.452,11.29,3.5,40,1240,62,7,0.792,3.818,0.565,17.5,0.105,0.102,0.627,0.052
braf,OnionNet/GlideSP,0.5,NEF,,4.429,14.286,4.429,40,1240,7,1,0.833,5.0,0.51,14.286,0.047,0.033,0.568,0.085
braf,OnionNet/GlideSP,1.0,NEF,,2.38,7.692,2.385,40,1240,13,1,0.714,2.5,0.507,7.692,0.026,0.022,0.568,0.085
braf,OnionNet/GlideSP,5.0,NEF,,1.525,4.839,1.5,40,1240,62,3,0.604,1.525,0.513,7.5,0.021,0.02,0.568,0.085
catl,OnionNet/GlideSP,0.5,NEF,,4.404,14.286,4.429,40,1240,7,1,0.833,5.0,0.51,14.286,0.047,0.033,0.531,0.074
catl,OnionNet/GlideSP,1.0,NEF,,2.37,7.692,2.385,40,1240,13,1,0.714,2.5,0.507,7.692,0.026,0.022,0.531,0.074
catl,OnionNet/GlideSP,5.0,NEF,,0.497,1.613,0.5,40,1240,62,1,0.33,0.492,0.487,2.5,-0.021,-0.02,0.531,0.074
cdk2,OnionNet/GlideSP,0.5,NEF,,0.0,0.0,0.0,40,1240,7,0,0.0,0.0,0.497,0.0,-0.014,-0.01,0.57,0.004
cdk2,OnionNet/GlideSP,1.0,NEF,,0.0,0.0,0.0,40,1240,13,0,0.0,0.0,0.495,0.0,-0.019,-0.016,0.57,0.004
cdk2,OnionNet/GlideSP,5.0,NEF,,0.498,1.613,0.5,40,1240,62,1,0.33,0.492,0.487,2.5,-0.021,-0.02,0.57,0.004
cox1,OnionNet/GlideSP,0.5,NEF,,0.0,0.0,0.0,40,1240,7,0,0.0,0.0,0.497,0.0,-0.014,-0.01,0.455,0.001
cox1,OnionNet/GlideSP,1.0,NEF,,0.0,0.0,0.0,40,1240,13,0,0.0,0.0,0.495,0.0,-0.019,-0.016,0.455,0.001
cox1,OnionNet/GlideSP,5.0,NEF,,0.0,0.0,0.0,40,1240,62,0,0.0,0.0,0.474,0.0,-0.042,-0.041,0.455,0.001
cox2,OnionNet/GlideSP,0.5,NEF,,4.622,14.286,4.429,40,1240,7,1,0.833,5.0,0.51,14.286,0.047,0.033,0.478,0.113
cox2,OnionNet/GlideSP,1.0,NEF,,2.57,7.692,2.385,40,1240,13,1,0.714,2.5,0.507,7.692,0.026,0.022,0.478,0.113
cox2,OnionNet/GlideSP,5.0,NEF,,1.075,3.226,1.0,40,1240,62,2,0.5,1.0,0.5,5.0,0.0,0.0,0.478,0.113
ctsk,OnionNet/GlideSP,0.5,NEF,,4.411,14.286,4.429,40,1240,7,1,0.833,5.0,0.51,14.286,0.047,0.033,0.528,0.057
ctsk,OnionNet/GlideSP,1.0,NEF,,2.38,7.692,2.385,40,1240,13,1,0.714,2.5,0.507,7.692,0.026,0.022,0.528,0.057
ctsk,OnionNet/GlideSP,5.0,NEF,,0.498,1.613,0.5,40,1240,62,1,0.33,0.492,0.487,2.5,-0.021,-0.02,0.528,0.057
cyp2a6,OnionNet/GlideSP,0.5,NEF,,0.0,0.0,0.0,40,1240,7,0,0.0,0.0,0.497,0.0,-0.014,-0.01,0.465,0.001
cyp2a6,OnionNet/GlideSP,1.0,NEF,,0.0,0.0,0.0,40,1240,13,0,0.0,0.0,0.495,0.0,-0.019,-0.016,0.465,0.001
cyp2a6,OnionNet/GlideSP,5.0,NEF,,0.0,0.0,0.0,40,1240,62,0,0.0,0.0,0.474,0.0,-0.042,-0.041,0.465,0.001
dhfr,OnionNet/GlideSP,0.5,NEF,,0.0,0.0,0.0,40,1240,7,0,0.0,0.0,0.497,0.0,-0.014,-0.01,0.516,0.049
dhfr,OnionNet/GlideSP,1.0,NEF,,0.0,0.0,0.0,40,1240,13,0,0.0,0.0,0.495,0.0,-0.019,-0.016,0.516,0.049
dhfr,OnionNet/GlideSP,5.0,NEF,,1.974,6.452,2.0,40,1240,62,4,0.674,2.069,0.526,10.0,0.042,0.041,0.516,0.049
egfr,OnionNet/GlideSP,0.5,NEF,,4.414,14.286,4.429,40,1240,7,1,0.833,5.0,0.51,14.286,0.047,0.033,0.547,0.139
egfr,OnionNet/GlideSP,1.0,NEF,,4.75,15.385,4.769,40,1240,13,2,0.845,5.455,0.52,15.385,0.071,0.061,0.547,0.139
egfr,OnionNet/GlideSP,5.0,NEF,,2.026,6.452,2.0,40,1240,62,4,0.674,2.069,0.526,10.0,0.042,0.041,0.547,0.139
ephb4,OnionNet/GlideSP,0.5,NEF,,0.0,0.0,0.0,40,1240,7,0,0.0,0.0,0.497,0.0,-0.014,-0.01,0.498,0.04
ephb4,OnionNet/GlideSP,1.0,NEF,,0.0,0.0,0.0,40,1240,13,0,0.0,0.0,0.495,0.0,-0.019,-0.016,0.498,0.04
ephb4,OnionNet/GlideSP,5.0,NEF,,0.995,3.226,1.0,40,1240,62,2,0.5,1.0,0.5,5.0,0.0,0.0,0.498,0.04
erbb2,OnionNet/GlideSP,0.5,NEF,,0.0,0.0,0.0,40,1240,7,0,0.0,0.0,0.497,0.0,-0.014,-0.01,0.701,0.032
erbb2,OnionNet/GlideSP,1.0,NEF,,0.0,0.0,0.0,40,1240,13,0,0.0,0.0,0.495,0.0,-0.019,-0.016,0.701,0.032
erbb2,OnionNet/GlideSP,5.0,NEF,,2.467,8.065,2.5,40,1240,62,5,0.725,2.632,0.539,12.5,0.063,0.061,0.701,0.032
er-beta,OnionNet/GlideSP,0.5,NEF,,5.717,14.286,4.429,40,1240,7,1,0.833,5.0,0.51,14.286,0.047,0.033,0.735,0.195
er-beta,OnionNet/GlideSP,1.0,NEF,,6.35,23.077,7.154,40,1240,13,3,0.9,9.0,0.533,23.077,0.116,0.099,0.735,0.195
er-beta,OnionNet/GlideSP,5.0,NEF,,2.722,8.065,2.5,40,1240,62,5,0.725,2.632,0.539,12.5,0.063,0.061,0.735,0.195
fgfr1,OnionNet/GlideSP,0.5,NEF,,0.0,0.0,0.0,40,1240,7,0,0.0,0.0,0.497,0.0,-0.014,-0.01,0.555,0.009
fgfr1,OnionNet/GlideSP,1.0,NEF,,0.0,0.0,0.0,40,1240,13,0,0.0,0.0,0.495,0.0,-0.019,-0.016,0.555,0.009
fgfr1,OnionNet/GlideSP,5.0,NEF,,0.999,3.226,1.0,40,1240,62,2,0.5,1.0,0.5,5.0,0.0,0.0,0.555,0.009
fkbp1a,OnionNet/GlideSP,0.5,NEF,,0.0,0.0,0.0,40,1240,7,0,0.0,0.0,0.497,0.0,-0.014,-0.01,0.705,0.161
fkbp1a,OnionNet/GlideSP,1.0,NEF,,4.98,15.385,4.769,40,1240,13,2,0.845,5.455,0.52,15.385,0.071,0.061,0.705,0.161
fkbp1a,OnionNet/GlideSP,5.0,NEF,,3.135,9.677,3.0,40,1240,62,6,0.763,3.214,0.552,15.0,0.084,0.082,0.705,0.161
fxa,OnionNet/GlideSP,0.5,NEF,,0.0,0.0,0.0,40,1240,7,0,0.0,0.0,0.497,0.0,-0.014,-0.01,0.692,0.01
fxa,OnionNet/GlideSP,1.0,NEF,,0.0,0.0,0.0,40,1240,13,0,0.0,0.0,0.495,0.0,-0.019,-0.016,0.692,0.01
fxa,OnionNet/GlideSP,5.0,NEF,,1.02,3.226,1.0,40,1240,62,2,0.5,1.0,0.5,5.0,0.0,0.0,0.692,0.01
gba,OnionNet/GlideSP,0.5,NEF,,0.0,0.0,0.0,40,1240,7,0,0.0,0.0,0.497,0.0,-0.014,-0.01,0.436,0.0
gba,OnionNet/GlideSP,1.0,NEF,,0.0,0.0,0.0,40,1240,13,0,0.0,0.0,0.495,0.0,-0.019,-0.016,0.436,0.0
gba,OnionNet/GlideSP,5.0,NEF,,0.0,0.0,0.0,40,1240,62,0,0.0,0.0,0.474,0.0,-0.042,-0.041,0.436,0.0
gr,OnionNet/GlideSP,0.5,NEF,,4.368,14.286,4.429,40,1240,7,1,0.833,5.0,0.51,14.286,0.047,0.033,0.566,0.167
gr,OnionNet/GlideSP,1.0,NEF,,7.06,23.077,7.154,40,1240,13,3,0.9,9.0,0.533,23.077,0.116,0.099,0.566,0.167
gr,OnionNet/GlideSP,5.0,NEF,,2.959,9.677,3.0,40,1240,62,6,0.763,3.214,0.552,15.0,0.084,0.082,0.566,0.167
gsk3b,OnionNet/GlideSP,0.5,NEF,,4.307,14.286,4.429,40,1240,7,1,0.833,5.0,0.51,14.286,0.047,0.033,0.657,0.167
gsk3b,OnionNet/GlideSP,1.0,NEF,,6.96,23.077,7.154,40,1240,13,3,0.9,9.0,0.533,23.077,0.116,0.099,0.657,0.167
gsk3b,OnionNet/GlideSP,5.0,NEF,,2.471,8.065,2.5,40,1240,62,5,0.725,2.632,0.539,12.5,0.063,0.061,0.657,0.167
hdac2,OnionNet/GlideSP,0.5,NEF,,8.671,28.571,8.857,40,1240,7,2,0.923,12.0,0.523,28.571,0.108,0.076,0.634,0.198
hdac2,OnionNet/GlideSP,1.0,NEF,,9.34,30.769,9.538,40,1240,13,4,0.93,13.333,0.546,30.769,0.16,0.137,0.634,0.198
hdac2,OnionNet/GlideSP,5.0,NEF,,2.985,9.677,3.0,40,1240,62,6,0.763,3.214,0.552,15.0,0.084,0.082,0.634,0.198
hdac8,OnionNet/GlideSP,0.5,NEF,,4.407,14.286,4.429,40,1240,7,1,0.833,5.0,0.51,14.286,0.047,0.033,0.406,0.065
hdac8,OnionNet/GlideSP,1.0,NEF,,2.37,7.692,2.385,40,1240,13,1,0.714,2.5,0.507,7.692,0.026,0.022,0.406,0.065
hdac8,OnionNet/GlideSP,5.0,NEF,,0.498,1.613,0.5,40,1240,62,1,0.33,0.492,0.487,2.5,-0.021,-0.02,0.406,0.065
hiv1pr,OnionNet/GlideSP,0.5,NEF,,0.0,0.0,0.0,40,1240,7,0,0.0,0.0,0.497,0.0,-0.014,-0.01,0.785,0.165
hiv1pr,OnionNet/GlideSP,1.0,NEF,,5.06,15.385,4.769,40,1240,13,2,0.845,5.455,0.52,15.385,0.071,0.061,0.785,0.165
hiv1pr,OnionNet/GlideSP,5.0,NEF,,5.388,17.742,5.5,40,1240,62,11,0.866,6.471,0.616,27.5,0.188,0.184,0.785,0.165
hiv1rt,OnionNet/GlideSP,0.5,NEF,,0.0,0.0,0.0,40,1240,7,0,0.0,0.0,0.497,0.0,-0.014,-0.01,0.526,0.021
hiv1rt,OnionNet/GlideSP,1.0,NEF,,0.0,0.0,0.0,40,1240,13,0,0.0,0.0,0.495,0.0,-0.019,-0.016,0.526,0.021
hiv1rt,OnionNet/GlideSP,5.0,NEF,,1.05,3.226,1.0,40,1240,62,2,0.5,1.0,0.5,5.0,0.0,0.0,0.526,0.021
hmgr,OnionNet/GlideSP,0.5,NEF,,4.418,14.286,4.429,40,1240,7,1,0.833,5.0,0.51,14.286,0.047,0.033,0.637,0.129
hmgr,OnionNet/GlideSP,1.0,NEF,,4.76,15.385,4.769,40,1240,13,2,0.845,5.455,0.52,15.385,0.071,0.061,0.637,0.129
hmgr,OnionNet/GlideSP,5.0,NEF,,3.492,11.29,3.5,40,1240,62,7,0.792,3.818,0.565,17.5,0.105,0.102,0.637,0.129
hsp90,OnionNet/GlideSP,0.5,NEF,,4.336,14.286,4.429,40,1240,7,1,0.833,5.0,0.51,14.286,0.047,0.033,0.479,0.05
hsp90,OnionNet/GlideSP,1.0,NEF,,2.33,7.692,2.385,40,1240,13,1,0.714,2.5,0.507,7.692,0.026,0.022,0.479,0.05
hsp90,OnionNet/GlideSP,5.0,NEF,,0.498,1.613,0.5,40,1240,62,1,0.33,0.492,0.487,2.5,-0.021,-0.02,0.479,0.05
igf1r,OnionNet/GlideSP,0.5,NEF,,4.966,14.286,4.429,40,1240,7,1,0.833,5.0,0.51,14.286,0.047,0.033,0.596,0.161
igf1r,OnionNet/GlideSP,1.0,NEF,,2.48,7.692,2.385,40,1240,13,1,0.714,2.5,0.507,7.692,0.026,0.022,0.596,0.161
igf1r,OnionNet/GlideSP,5.0,NEF,,3.535,11.29,3.5,40,1240,62,7,0.792,3.818,0.565,17.5,0.105,0.102,0.596,0.161
inha,OnionNet/GlideSP,0.5,NEF,,0.0,0.0,0.0,40,1240,7,0,0.0,0.0,0.497,0.0,-0.014,-0.01,0.478,0.039
inha,OnionNet/GlideSP,1.0,NEF,,2.36,7.692,2.385,40,1240,13,1,0.714,2.5,0.507,7.692,0.026,0.022,0.478,0.039
inha,OnionNet/GlideSP,5.0,NEF,,0.988,3.226,1.0,40,1240,62,2,0.5,1.0,0.5,5.0,0.0,0.0,0.478,0.039
itk,OnionNet/GlideSP,0.5,NEF,,4.35,14.286,4.429,40,1240,7,1,0.833,5.0,0.51,14.286,0.047,0.033,0.673,0.096
itk,OnionNet/GlideSP,1.0,NEF,,2.34,7.692,2.385,40,1240,13,1,0.714,2.5,0.507,7.692,0.026,0.022,0.673,0.096
itk,OnionNet/GlideSP,5.0,NEF,,2.995,9.677,3.0,40,1240,62,6,0.763,3.214,0.552,15.0,0.084,0.082,0.673,0.096
jak3,OnionNet/GlideSP,0.5,NEF,,0.0,0.0,0.0,40,1240,7,0,0.0,0.0,0.497,0.0,-0.014,-0.01,0.638,0.013
jak3,OnionNet/GlideSP,1.0,NEF,,0.0,0.0,0.0,40,1240,13,0,0.0,0.0,0.495,0.0,-0.019,-0.016,0.638,0.013
jak3,OnionNet/GlideSP,5.0,NEF,,0.499,1.613,0.5,40,1240,62,1,0.33,0.492,0.487,2.5,-0.021,-0.02,0.638,0.013
jnk1,OnionNet/GlideSP,0.5,NEF,,0.0,0.0,0.0,40,1240,7,0,0.0,0.0,0.497,0.0,-0.014,-0.01,0.61,0.047
jnk1,OnionNet/GlideSP,1.0,NEF,,0.0,0.0,0.0,40,1240,13,0,0.0,0.0,0.495,0.0,-0.019,-0.016,0.61,0.047
jnk1,OnionNet/GlideSP,5.0,NEF,,1.575,4.839,1.5,40,1240,62,3,0.604,1.525,0.513,7.5,0.021,0.02,0.61,0.047
jnk2,OnionNet/GlideSP,0.5,NEF,,0.0,0.0,0.0,40,1240,7,0,0.0,0.0,0.497,0.0,-0.014,-0.01,0.466,0.022
jnk2,OnionNet/GlideSP,1.0,NEF,,0.0,0.0,0.0,40,1240,13,0,0.0,0.0,0.495,0.0,-0.019,-0.016,0.466,0.022
jnk2,OnionNet/GlideSP,5.0,NEF,,1.018,3.226,1.0,40,1240,62,2,0.5,1.0,0.5,5.0,0.0,0.0,0.466,0.022
jnk3,OnionNet/GlideSP,0.5,NEF,,13.286,42.857,13.286,40,1240,7,3,0.957,22.5,0.536,42.857,0.169,0.119,0.624,0.278
jnk3,OnionNet/GlideSP,1.0,NEF,,9.54,30.769,9.538,40,1240,13,4,0.93,13.333,0.546,30.769,0.16,0.137,0.624,0.278
jnk3,OnionNet/GlideSP,5.0,NEF,,4.066,12.903,4.0,40,1240,62,8,0.816,4.444,0.578,20.0,0.126,0.122,0.624,0.278
kif11,OnionNet/GlideSP,0.5,NEF,,0.0,0.0,0.0,40,1240,7,0,0.0,0.0,0.497,0.0,-0.014,-0.01,0.36,0.02
kif11,OnionNet/GlideSP,1.0,NEF,,0.0,0.0,0.0,40,1240,13,0,0.0,0.0,0.495,0.0,-0.019,-0.016,0.36,0.02
kif11,OnionNet/GlideSP,5.0,NEF,,1.486,4.839,1.5,40,1240,62,3,0.604,1.525,0.513,7.5,0.021,0.02,0.36,0.02
lck,OnionNet/GlideSP,0.5,NEF,,0.0,0.0,0.0,40,1240,7,0,0.0,0.0,0.497,0.0,-0.014,-0.01,0.412,0.0
lck,OnionNet/GlideSP,1.0,NEF,,0.0,0.0,0.0,40,1240,13,0,0.0,0.0,0.495,0.0,-0.019,-0.016,0.412,0.0
lck,OnionNet/GlideSP,5.0,NEF,,0.0,0.0,0.0,40,1240,62,0,0.0,0.0,0.474,0.0,-0.042,-0.041,0.412,0.0
mdm2,OnionNet/GlideSP,0.5,NEF,,0.0,0.0,0.0,40,1240,7,0,0.0,0.0,0.497,0.0,-0.014,-0.01,0.506,0.04
mdm2,OnionNet/GlideSP,1.0,NEF,,0.0,0.0,0.0,40,1240,13,0,0.0,0.0,0.495,0.0,-0.019,-0.016,0.506,0.04
mdm2,OnionNet/GlideSP,5.0,NEF,,0.998,3.226,1.0,40,1240,62,2,0.5,1.0,0.5,5.0,0.0,0.0,0.506,0.04
mk2,OnionNet/GlideSP,0.5,NEF,,10.486,28.571,8.857,40,1240,7,2,0.923,12.0,0.523,28.571,0.108,0.076,0.703,0.21
mk2,OnionNet/GlideSP,1.0,NEF,,5.24,15.385,4.769,40,1240,13,2,0.845,5.455,0.52,15.385,0.071,0.061,0.703,0.21
mk2,OnionNet/GlideSP,5.0,NEF,,3.732,11.29,3.5,40,1240,62,7,0.792,3.818,0.565,17.5,0.105,0.102,0.703,0.21
mmp2,OnionNet/GlideSP,0.5,NEF,,8.771,28.571,8.857,40,1240,7,2,0.923,12.0,0.523,28.571,0.108,0.076,0.573,0.179
mmp2,OnionNet/GlideSP,1.0,NEF,,4.72,15.385,4.769,40,1240,13,2,0.845,5.455,0.52,15.385,0.071,0.061,0.573,0.179
mmp2,OnionNet/GlideSP,5.0,NEF,,2.476,8.065,2.5,40,1240,62,5,0.725,2.632,0.539,12.5,0.063,0.061,0.573,0.179
na,OnionNet/GlideSP,0.5,NEF,,17.7,57.143,17.714,40,1240,7,4,0.976,40.0,0.549,57.143,0.23,0.162,0.912,0.483
na,OnionNet/GlideSP,1.0,NEF,,16.68,53.846,16.692,40,1240,13,7,0.972,35.0,0.585,53.846,0.295,0.252,0.912,0.483
na,OnionNet/GlideSP,5.0,NEF,,8.993,29.032,9.0,40,1240,62,18,0.925,12.273,0.707,45.0,0.335,0.327,0.912,0.483
p38-alpha,OnionNet/GlideSP,0.5,NEF,,0.0,0.0,0.0,40,1240,7,0,0.0,0.0,0.497,0.0,-0.014,-0.01,0.65,0.057
p38-alpha,OnionNet/GlideSP,1.0,NEF,,2.35,7.692,2.385,40,1240,13,1,0.714,2.5,0.507,7.692,0.026,0.022,0.65,0.057
p38-alpha,OnionNet/GlideSP,5.0,NEF,,1.971,6.452,2.0,40,1240,62,4,0.674,2.069,0.526,10.0,0.042,0.041,0.65,0.057
parp-1,OnionNet/GlideSP,0.5,NEF,,8.614,28.571,8.857,40,1240,7,2,0.923,12.0,0.523,28.571,0.108,0.076,0.715,0.215
parp-1,OnionNet/GlideSP,1.0,NEF,,4.64,15.385,4.769,40,1240,13,2,0.845,5.455,0.52,15.385,0.071,0.061,0.715,0.215
parp-1,OnionNet/GlideSP,5.0,NEF,,3.954,12.903,4.0,40,1240,62,8,0.816,4.444,0.578,20.0,0.126,0.122,0.715,0.215
pde4b,OnionNet/GlideSP,0.5,NEF,,4.4,14.286,4.429,40,1240,7,1,0.833,5.0,0.51,14.286,0.047,0.033,0.524,0.14
pde4b,OnionNet/GlideSP,1.0,NEF,,4.74,15.385,4.769,40,1240,13,2,0.845,5.455,0.52,15.385,0.071,0.061,0.524,0.14
pde4b,OnionNet/GlideSP,5.0,NEF,,1.49,4.839,1.5,40,1240,62,3,0.604,1.525,0.513,7.5,0.021,0.02,0.524,0.14
pde5,OnionNet/GlideSP,0.5,NEF,,0.0,0.0,0.0,40,1240,7,0,0.0,0.0,0.497,0.0,-0.014,-0.01,0.679,0.054
pde5,OnionNet/GlideSP,1.0,NEF,,2.48,7.692,2.385,40,1240,13,1,0.714,2.5,0.507,7.692,0.026,0.022,0.679,0.054
pde5,OnionNet/GlideSP,5.0,NEF,,1.561,4.839,1.5,40,1240,62,3,0.604,1.525,0.513,7.5,0.021,0.02,0.679,0.054
pdk1,OnionNet/GlideSP,0.5,NEF,,0.0,0.0,0.0,40,1240,7,0,0.0,0.0,0.497,0.0,-0.014,-0.01,0.544,0.043
pdk1,OnionNet/GlideSP,1.0,NEF,,0.0,0.0,0.0,40,1240,13,0,0.0,0.0,0.495,0.0,-0.019,-0.016,0.544,0.043
pdk1,OnionNet/GlideSP,5.0,NEF,,1.561,4.839,1.5,40,1240,62,3,0.604,1.525,0.513,7.5,0.021,0.02,0.544,0.043
pi3kg,OnionNet/GlideSP,0.5,NEF,,8.864,28.571,8.857,40,1240,7,2,0.923,12.0,0.523,28.571,0.108,0.076,0.685,0.282
pi3kg,OnionNet/GlideSP,1.0,NEF,,7.16,23.077,7.154,40,1240,13,3,0.9,9.0,0.533,23.077,0.116,0.099,0.685,0.282
pi3kg,OnionNet/GlideSP,5.0,NEF,,5.086,16.129,5.0,40,1240,62,10,0.852,5.769,0.603,25.0,0.168,0.163,0.685,0.282
pim-1,OnionNet/GlideSP,0.5,NEF,,0.0,0.0,0.0,40,1240,7,0,0.0,0.0,0.497,0.0,-0.014,-0.01,0.608,0.1
pim-1,OnionNet/GlideSP,1.0,NEF,,2.33,7.692,2.385,40,1240,13,1,0.714,2.5,0.507,7.692,0.026,0.022,0.608,0.1
pim-1,OnionNet/GlideSP,5.0,NEF,,2.477,8.065,2.5,40,1240,62,5,0.725,2.632,0.539,12.5,0.063,0.061,0.608,0.1
pim-2,OnionNet/GlideSP,0.5,NEF,,0.0,0.0,0.0,40,1240,7,0,0.0,0.0,0.497,0.0,-0.014,-0.01,0.596,0.055
pim-2,OnionNet/GlideSP,1.0,NEF,,2.38,7.692,2.385,40,1240,13,1,0.714,2.5,0.507,7.692,0.026,0.022,0.596,0.055
pim-2,OnionNet/GlideSP,5.0,NEF,,2.031,6.452,2.0,40,1240,62,4,0.674,2.069,0.526,10.0,0.042,0.041,0.596,0.055
pnp,OnionNet/GlideSP,0.5,NEF,,4.404,14.286,4.429,40,1240,7,1,0.833,5.0,0.51,14.286,0.047,0.033,0.495,0.084
pnp,OnionNet/GlideSP,1.0,NEF,,2.37,7.692,2.385,40,1240,13,1,0.714,2.5,0.507,7.692,0.026,0.022,0.495,0.084
pnp,OnionNet/GlideSP,5.0,NEF,,0.994,3.226,1.0,40,1240,62,2,0.5,1.0,0.5,5.0,0.0,0.0,0.495,0.084
ppara,OnionNet/GlideSP,0.5,NEF,,0.0,0.0,0.0,40,1240,7,0,0.0,0.0,0.497,0.0,-0.014,-0.01,0.391,0.018
ppara,OnionNet/GlideSP,1.0,NEF,,0.0,0.0,0.0,40,1240,13,0,0.0,0.0,0.495,0.0,-0.019,-0.016,0.391,0.018
ppara,OnionNet/GlideSP,5.0,NEF,,0.525,1.613,0.5,40,1240,62,1,0.33,0.492,0.487,2.5,-0.021,-0.02,0.391,0.018
pparg,OnionNet/GlideSP,0.5,NEF,,0.0,0.0,0.0,40,1240,7,0,0.0,0.0,0.497,0.0,-0.014,-0.01,0.339,0.001
pparg,OnionNet/GlideSP,1.0,NEF,,0.0,0.0,0.0,40,1240,13,0,0.0,0.0,0.495,0.0,-0.019,-0.016,0.339,0.001
pparg,OnionNet/GlideSP,5.0,NEF,,0.0,0.0,0.0,40,1240,62,0,0.0,0.0,0.474,0.0,-0.042,-0.041,0.339,0.001
pr,OnionNet/GlideSP,0.5,NEF,,0.0,0.0,0.0,40,1240,7,0,0.0,0.0,0.497,0.0,-0.014,-0.01,0.643,0.05
pr,OnionNet/GlideSP,1.0,NEF,,0.0,0.0,0.0,40,1240,13,0,0.0,0.0,0.495,0.0,-0.019,-0.016,0.643,0.05
pr,OnionNet/GlideSP,5.0,NEF,,1.696,4.839,1.5,40,1240,62,3,0.604,1.525,0.513,7.5,0.021,0.02,0.643,0.05
prkcq,OnionNet/GlideSP,0.5,NEF,,5.263,14.286,4.429,40,1240,7,1,0.833,5.0,0.51,14.286,0.047,0.033,0.801,0.305
prkcq,OnionNet/GlideSP,1.0,NEF,,10.53,30.769,9.538,40,1240,13,4,0.93,13.333,0.546,30.769,0.16,0.137,0.801,0.305
prkcq,OnionNet/GlideSP,5.0,NEF,,6.316,20.968,6.5,40,1240,62,13,0.888,7.959,0.642,32.5,0.23,0.224,0.801,0.305
pygl-in,OnionNet/GlideSP,0.5,NEF,,0.0,0.0,0.0,40,1240,7,0,0.0,0.0,0.497,0.0,-0.014,-0.01,0.555,0.005
pygl-in,OnionNet/GlideSP,1.0,NEF,,0.0,0.0,0.0,40,1240,13,0,0.0,0.0,0.495,0.0,-0.019,-0.016,0.555,0.005
pygl-in,OnionNet/GlideSP,5.0,NEF,,0.497,1.613,0.5,40,1240,62,1,0.33,0.492,0.487,2.5,-0.021,-0.02,0.555,0.005
pygl-out,OnionNet/GlideSP,0.5,NEF,,4.414,14.286,4.429,40,1240,7,1,0.833,5.0,0.51,14.286,0.047,0.033,0.396,0.139
pygl-out,OnionNet/GlideSP,1.0,NEF,,4.75,15.385,4.769,40,1240,13,2,0.845,5.455,0.52,15.385,0.071,0.061,0.396,0.139
pygl-out,OnionNet/GlideSP,5.0,NEF,,2.492,8.065,2.5,40,1240,62,5,0.725,2.632,0.539,12.5,0.063,0.061,0.396,0.139
qpct,OnionNet/GlideSP,0.5,NEF,,0.0,0.0,0.0,40,1240,7,0,0.0,0.0,0.497,0.0,-0.014,-0.01,0.543,0.003
qpct,OnionNet/GlideSP,1.0,NEF,,0.0,0.0,0.0,40,1240,13,0,0.0,0.0,0.495,0.0,-0.019,-0.016,0.543,0.003
qpct,OnionNet/GlideSP,5.0,NEF,,0.499,1.613,0.5,40,1240,62,1,0.33,0.492,0.487,2.5,-0.021,-0.02,0.543,0.003
rock-1,OnionNet/GlideSP,0.5,NEF,,0.0,0.0,0.0,40,1240,7,0,0.0,0.0,0.497,0.0,-0.014,-0.01,0.567,0.094
rock-1,OnionNet/GlideSP,1.0,NEF,,4.64,15.385,4.769,40,1240,13,2,0.845,5.455,0.52,15.385,0.071,0.061,0.567,0.094
rock-1,OnionNet/GlideSP,5.0,NEF,,1.484,4.839,1.5,40,1240,62,3,0.604,1.525,0.513,7.5,0.021,0.02,0.567,0.094
rxr,OnionNet/GlideSP,0.5,NEF,,5.184,14.286,4.429,40,1240,7,1,0.833,5.0,0.51,14.286,0.047,0.033,0.548,0.114
rxr,OnionNet/GlideSP,1.0,NEF,,2.59,7.692,2.385,40,1240,13,1,0.714,2.5,0.507,7.692,0.026,0.022,0.548,0.114
rxr,OnionNet/GlideSP,5.0,NEF,,1.62,4.839,1.5,40,1240,62,3,0.604,1.525,0.513,7.5,0.021,0.02,0.548,0.114
sars-hcov,OnionNet/GlideSP,0.5,NEF,,4.403,14.286,4.429,39,1209,7,1,0.833,5.0,0.51,14.286,0.048,0.034,0.42,0.05
sars-hcov,OnionNet/GlideSP,1.0,NEF,,2.37,7.692,2.385,39,1209,13,1,0.714,2.5,0.508,7.692,0.026,0.023,0.42,0.05
sars-hcov,OnionNet/GlideSP,5.0,NEF,,0.505,1.639,0.508,39,1209,61,1,0.333,0.5,0.487,2.564,-0.021,-0.02,0.42,0.05
sirt2,OnionNet/GlideSP,0.5,NEF,,0.0,0.0,0.0,40,1240,7,0,0.0,0.0,0.497,0.0,-0.014,-0.01,0.42,0.03
sirt2,OnionNet/GlideSP,1.0,NEF,,0.0,0.0,0.0,40,1240,13,0,0.0,0.0,0.495,0.0,-0.019,-0.016,0.42,0.03
sirt2,OnionNet/GlideSP,5.0,NEF,,0.492,1.613,0.5,40,1240,62,1,0.33,0.492,0.487,2.5,-0.021,-0.02,0.42,0.03
src,OnionNet/GlideSP,0.5,NEF,,4.436,14.286,4.429,40,1240,7,1,0.833,5.0,0.51,14.286,0.047,0.033,0.474,0.067
src,OnionNet/GlideSP,1.0,NEF,,2.39,7.692,2.385,40,1240,13,1,0.714,2.5,0.507,7.692,0.026,0.022,0.474,0.067
src,OnionNet/GlideSP,5.0,NEF,,1.018,3.226,1.0,40,1240,62,2,0.5,1.0,0.5,5.0,0.0,0.0,0.474,0.067
thrombin,OnionNet/GlideSP,0.5,NEF,,4.553,14.286,4.429,40,1240,7,1,0.833,5.0,0.51,14.286,0.047,0.033,0.651,0.111
thrombin,OnionNet/GlideSP,1.0,NEF,,2.45,7.692,2.385,40,1240,13,1,0.714,2.5,0.507,7.692,0.026,0.022,0.651,0.111
thrombin,OnionNet/GlideSP,5.0,NEF,,3.135,9.677,3.0,40,1240,62,6,0.763,3.214,0.552,15.0,0.084,0.082,0.651,0.111
tie2,OnionNet/GlideSP,0.5,NEF,,9.992,28.571,8.857,40,1240,7,2,0.923,12.0,0.523,28.571,0.108,0.076,0.522,0.154
tie2,OnionNet/GlideSP,1.0,NEF,,5.0,15.385,4.769,40,1240,13,2,0.845,5.455,0.52,15.385,0.071,0.061,0.522,0.154
tie2,OnionNet/GlideSP,5.0,NEF,,2.498,8.065,2.5,40,1240,62,5,0.725,2.632,0.539,12.5,0.063,0.061,0.522,0.154
tk,OnionNet/GlideSP,0.5,NEF,,4.52,14.286,4.429,40,1240,7,1,0.833,5.0,0.51,14.286,0.047,0.033,0.61,0.05
tk,OnionNet/GlideSP,1.0,NEF,,2.43,7.692,2.385,40,1240,13,1,0.714,2.5,0.507,7.692,0.026,0.022,0.61,0.05
tk,OnionNet/GlideSP,5.0,NEF,,0.51,1.613,0.5,40,1240,62,1,0.33,0.492,0.487,2.5,-0.021,-0.02,0.61,0.05
tp,OnionNet/GlideSP,0.5,NEF,,0.0,0.0,0.0,40,1240,7,0,0.0,0.0,0.497,0.0,-0.014,-0.01,0.341,0.001
tp,OnionNet/GlideSP,1.0,NEF,,0.0,0.0,0.0,40,1240,13,0,0.0,0.0,0.495,0.0,-0.019,-0.016,0.341,0.001
tp,OnionNet/GlideSP,5.0,NEF,,0.0,0.0,0.0,40,1240,62,0,0.0,0.0,0.474,0.0,-0.042,-0.041,0.341,0.001
tpa,OnionNet/GlideSP,0.5,NEF,,0.0,0.0,0.0,40,1240,7,0,0.0,0.0,0.497,0.0,-0.014,-0.01,0.67,0.082
tpa,OnionNet/GlideSP,1.0,NEF,,2.55,7.692,2.385,40,1240,13,1,0.714,2.5,0.507,7.692,0.026,0.022,0.67,0.082
tpa,OnionNet/GlideSP,5.0,NEF,,3.625,11.29,3.5,40,1240,62,7,0.792,3.818,0.565,17.5,0.105,0.102,0.67,0.082
ts,OnionNet/GlideSP,0.5,NEF,,0.0,0.0,0.0,40,1239,7,0,0.0,0.0,0.497,0.0,-0.014,-0.01,0.486,0.035
ts,OnionNet/GlideSP,1.0,NEF,,0.0,0.0,0.0,40,1239,13,0,0.0,0.0,0.495,0.0,-0.019,-0.016,0.486,0.035
ts,OnionNet/GlideSP,5.0,NEF,,1.0,3.226,0.999,40,1239,62,2,0.5,0.999,0.5,5.0,-0.0,-0.0,0.486,0.035
upa,OnionNet/GlideSP,0.5,NEF,,4.983,14.286,4.429,40,1240,7,1,0.833,5.0,0.51,14.286,0.047,0.033,0.596,0.071
upa,OnionNet/GlideSP,1.0,NEF,,2.49,7.692,2.385,40,1240,13,1,0.714,2.5,0.507,7.692,0.026,0.022,0.596,0.071
upa,OnionNet/GlideSP,5.0,NEF,,1.993,6.452,2.0,40,1240,62,4,0.674,2.069,0.526,10.0,0.042,0.041,0.596,0.071
vegfr1,OnionNet/GlideSP,0.5,NEF,,9.982,28.571,8.857,40,1240,7,2,0.923,12.0,0.523,28.571,0.108,0.076,0.604,0.178
vegfr1,OnionNet/GlideSP,1.0,NEF,,4.99,15.385,4.769,40,1240,13,2,0.845,5.455,0.52,15.385,0.071,0.061,0.604,0.178
vegfr1,OnionNet/GlideSP,5.0,NEF,,2.627,8.065,2.5,40,1240,62,5,0.725,2.632,0.539,12.5,0.063,0.061,0.604,0.178
vegfr2,OnionNet/GlideSP,0.5,NEF,,0.0,0.0,0.0,40,1240,7,0,0.0,0.0,0.497,0.0,-0.014,-0.01,0.554,0.036
vegfr2,OnionNet/GlideSP,1.0,NEF,,0.0,0.0,0.0,40,1240,13,0,0.0,0.0,0.495,0.0,-0.019,-0.016,0.554,0.036
vegfr2,OnionNet/GlideSP,5.0,NEF,,1.538,4.839,1.5,40,1240,62,3,0.604,1.525,0.513,7.5,0.021,0.02,0.554,0.036
11betahsd1,pafnucy/GlideSP,0.5,NEF,,0.0,0.0,0.0,40,1240,7,0,0.0,0.0,0.497,0.0,-0.014,-0.01,0.584,0.095
11betahsd1,pafnucy/GlideSP,1.0,NEF,,2.51,7.692,2.385,40,1240,13,1,0.714,2.5,0.507,7.692,0.026,0.022,0.584,0.095
11betahsd1,pafnucy/GlideSP,5.0,NEF,,3.069,9.677,3.0,40,1240,62,6,0.763,3.214,0.552,15.0,0.084,0.082,0.584,0.095
17betahsd1,pafnucy/GlideSP,0.5,NEF,,4.382,14.286,4.429,40,1240,7,1,0.833,5.0,0.51,14.286,0.047,0.033,0.394,0.097
17betahsd1,pafnucy/GlideSP,1.0,NEF,,4.72,15.385,4.769,40,1240,13,2,0.845,5.455,0.52,15.385,0.071,0.061,0.394,0.097
17betahsd1,pafnucy/GlideSP,5.0,NEF,,0.99,3.226,1.0,40,1240,62,2,0.5,1.0,0.5,5.0,0.0,0.0,0.394,0.097
a2a,pafnucy/GlideSP,0.5,NEF,,0.0,0.0,0.0,40,1240,7,0,0.0,0.0,0.497,0.0,-0.014,-0.01,0.661,0.028
a2a,pafnucy/GlideSP,1.0,NEF,,0.0,0.0,0.0,40,1240,13,0,0.0,0.0,0.495,0.0,-0.019,-0.016,0.661,0.028
a2a,pafnucy/GlideSP,5.0,NEF,,0.99,3.226,1.0,40,1240,62,2,0.5,1.0,0.5,5.0,0.0,0.0,0.661,0.028
ace,pafnucy/GlideSP,0.5,NEF,,8.821,28.571,8.857,40,1240,7,2,0.923,12.0,0.523,28.571,0.108,0.076,0.411,0.11
ace,pafnucy/GlideSP,1.0,NEF,,4.75,15.385,4.769,40,1240,13,2,0.845,5.455,0.52,15.385,0.071,0.061,0.411,0.11
ace,pafnucy/GlideSP,5.0,NEF,,0.996,3.226,1.0,40,1240,62,2,0.5,1.0,0.5,5.0,0.0,0.0,0.411,0.11
ace2,pafnucy/GlideSP,0.5,NEF,,0.0,0.0,0.0,40,1240,7,0,0.0,0.0,0.497,0.0,-0.014,-0.01,0.459,0.038
ace2,pafnucy/GlideSP,1.0,NEF,,2.38,7.692,2.385,40,1240,13,1,0.714,2.5,0.507,7.692,0.026,0.022,0.459,0.038
ace2,pafnucy/GlideSP,5.0,NEF,,0.5,1.613,0.5,40,1240,62,1,0.33,0.492,0.487,2.5,-0.021,-0.02,0.459,0.038
ache,pafnucy/GlideSP,0.5,NEF,,4.361,14.286,4.429,40,1240,7,1,0.833,5.0,0.51,14.286,0.047,0.033,0.529,0.074
ache,pafnucy/GlideSP,1.0,NEF,,2.35,7.692,2.385,40,1240,13,1,0.714,2.5,0.507,7.692,0.026,0.022,0.529,0.074
ache,pafnucy/GlideSP,5.0,NEF,,2.462,8.065,2.5,40,1240,62,5,0.725,2.632,0.539,12.5,0.063,0.061,0.529,0.074
adam17,pafnucy/GlideSP,0.5,NEF,,8.786,28.571,8.857,40,1240,7,2,0.923,12.0,0.523,28.571,0.108,0.076,0.598,0.133
adam17,pafnucy/GlideSP,1.0,NEF,,4.73,15.385,4.769,40,1240,13,2,0.845,5.455,0.52,15.385,0.071,0.061,0.598,0.133
adam17,pafnucy/GlideSP,5.0,NEF,,1.984,6.452,2.0,40,1240,62,4,0.674,2.069,0.526,10.0,0.042,0.041,0.598,0.133
adrb2,pafnucy/GlideSP,0.5,NEF,,0.0,0.0,0.0,40,1240,7,0,0.0,0.0,0.497,0.0,-0.014,-0.01,0.549,0.003
adrb2,pafnucy/GlideSP,1.0,NEF,,0.0,0.0,0.0,40,1240,13,0,0.0,0.0,0.495,0.0,-0.019,-0.016,0.549,0.003
adrb2,pafnucy/GlideSP,5.0,NEF,,0.496,1.613,0.5,40,1240,62,1,0.33,0.492,0.487,2.5,-0.021,-0.02,0.549,0.003
akt1,pafnucy/GlideSP,0.5,NEF,,5.051,14.286,4.429,40,1240,7,1,0.833,5.0,0.51,14.286,0.047,0.033,0.688,0.238
akt1,pafnucy/GlideSP,1.0,NEF,,7.58,23.077,7.154,40,1240,13,3,0.9,9.0,0.533,23.077,0.116,0.099,0.688,0.238
akt1,pafnucy/GlideSP,5.0,NEF,,4.546,14.516,4.5,40,1240,62,9,0.836,5.094,0.59,22.5,0.147,0.143,0.688,0.238
alr2,pafnucy/GlideSP,0.5,NEF,,0.0,0.0,0.0,40,1240,7,0,0.0,0.0,0.497,0.0,-0.014,-0.01,0.461,0.025
alr2,pafnucy/GlideSP,1.0,NEF,,0.0,0.0,0.0,40,1240,13,0,0.0,0.0,0.495,0.0,-0.019,-0.016,0.461,0.025
alr2,pafnucy/GlideSP,5.0,NEF,,1.977,6.452,2.0,40,1240,62,4,0.674,2.069,0.526,10.0,0.042,0.041,0.461,0.025
ar,pafnucy/GlideSP,0.5,NEF,,0.0,0.0,0.0,40,1240,7,0,0.0,0.0,0.497,0.0,-0.014,-0.01,0.667,0.017
ar,pafnucy/GlideSP,1.0,NEF,,0.0,0.0,0.0,40,1240,13,0,0.0,0.0,0.495,0.0,-0.019,-0.016,0.667,0.017
ar,pafnucy/GlideSP,5.0,NEF,,0.705,1.613,0.5,40,1240,62,1,0.33,0.492,0.487,2.5,-0.021,-0.02,0.667,0.017
aurka,pafnucy/GlideSP,0.5,NEF,,0.0,0.0,0.0,40,1240,7,0,0.0,0.0,0.497,0.0,-0.014,-0.01,0.767,0.087
aurka,pafnucy/GlideSP,1.0,NEF,,2.39,7.692,2.385,40,1240,13,1,0.714,2.5,0.507,7.692,0.026,0.022,0.767,0.087
aurka,pafnucy/GlideSP,5.0,NEF,,4.069,12.903,4.0,40,1240,62,8,0.816,4.444,0.578,20.0,0.126,0.122,0.767,0.087
aurkb,pafnucy/GlideSP,0.5,NEF,,8.679,28.571,8.857,40,1240,7,2,0.923,12.0,0.523,28.571,0.108,0.076,0.744,0.18
aurkb,pafnucy/GlideSP,1.0,NEF,,4.67,15.385,4.769,40,1240,13,2,0.845,5.455,0.52,15.385,0.071,0.061,0.744,0.18
aurkb,pafnucy/GlideSP,5.0,NEF,,3.984,12.903,4.0,40,1240,62,8,0.816,4.444,0.578,20.0,0.126,0.122,0.744,0.18
bcl2,pafnucy/GlideSP,0.5,NEF,,4.368,14.286,4.429,40,1240,7,1,0.833,5.0,0.51,14.286,0.047,0.033,0.749,0.155
bcl2,pafnucy/GlideSP,1.0,NEF,,4.7,15.385,4.769,40,1240,13,2,0.845,5.455,0.52,15.385,0.071,0.061,0.749,0.155
bcl2,pafnucy/GlideSP,5.0,NEF,,2.959,9.677,3.0,40,1240,62,6,0.763,3.214,0.552,15.0,0.084,0.082,0.749,0.155
braf,pafnucy/GlideSP,0.5,NEF,,4.429,14.286,4.429,40,1240,7,1,0.833,5.0,0.51,14.286,0.047,0.033,0.671,0.092
braf,pafnucy/GlideSP,1.0,NEF,,2.38,7.692,2.385,40,1240,13,1,0.714,2.5,0.507,7.692,0.026,0.022,0.671,0.092
braf,pafnucy/GlideSP,5.0,NEF,,1.525,4.839,1.5,40,1240,62,3,0.604,1.525,0.513,7.5,0.021,0.02,0.671,0.092
catl,pafnucy/GlideSP,0.5,NEF,,0.0,0.0,0.0,40,1240,7,0,0.0,0.0,0.497,0.0,-0.014,-0.01,0.565,0.043
catl,pafnucy/GlideSP,1.0,NEF,,0.0,0.0,0.0,40,1240,13,0,0.0,0.0,0.495,0.0,-0.019,-0.016,0.565,0.043
catl,pafnucy/GlideSP,5.0,NEF,,0.994,3.226,1.0,40,1240,62,2,0.5,1.0,0.5,5.0,0.0,0.0,0.565,0.043
cdk2,pafnucy/GlideSP,0.5,NEF,,0.0,0.0,0.0,40,1240,7,0,0.0,0.0,0.497,0.0,-0.014,-0.01,0.712,0.153
cdk2,pafnucy/GlideSP,1.0,NEF,,4.98,15.385,4.769,40,1240,13,2,0.845,5.455,0.52,15.385,0.071,0.061,0.712,0.153
cdk2,pafnucy/GlideSP,5.0,NEF,,3.987,12.903,4.0,40,1240,62,8,0.816,4.444,0.578,20.0,0.126,0.122,0.712,0.153
cox1,pafnucy/GlideSP,0.5,NEF,,0.0,0.0,0.0,40,1240,7,0,0.0,0.0,0.497,0.0,-0.014,-0.01,0.583,0.057
cox1,pafnucy/GlideSP,1.0,NEF,,2.39,7.692,2.385,40,1240,13,1,0.714,2.5,0.507,7.692,0.026,0.022,0.583,0.057
cox1,pafnucy/GlideSP,5.0,NEF,,1.538,4.839,1.5,40,1240,62,3,0.604,1.525,0.513,7.5,0.021,0.02,0.583,0.057
cox2,pafnucy/GlideSP,0.5,NEF,,0.0,0.0,0.0,40,1240,7,0,0.0,0.0,0.497,0.0,-0.014,-0.01,0.567,0.009
cox2,pafnucy/GlideSP,1.0,NEF,,0.0,0.0,0.0,40,1240,13,0,0.0,0.0,0.495,0.0,-0.019,-0.016,0.567,0.009
cox2,pafnucy/GlideSP,5.0,NEF,,0.537,1.613,0.5,40,1240,62,1,0.33,0.492,0.487,2.5,-0.021,-0.02,0.567,0.009
ctsk,pafnucy/GlideSP,0.5,NEF,,8.821,28.571,8.857,40,1240,7,2,0.923,12.0,0.523,28.571,0.108,0.076,0.54,0.19
ctsk,pafnucy/GlideSP,1.0,NEF,,7.13,23.077,7.154,40,1240,13,3,0.9,9.0,0.533,23.077,0.116,0.099,0.54,0.19
ctsk,pafnucy/GlideSP,5.0,NEF,,2.988,9.677,3.0,40,1240,62,6,0.763,3.214,0.552,15.0,0.084,0.082,0.54,0.19
cyp2a6,pafnucy/GlideSP,0.5,NEF,,0.0,0.0,0.0,40,1240,7,0,0.0,0.0,0.497,0.0,-0.014,-0.01,0.45,0.0
cyp2a6,pafnucy/GlideSP,1.0,NEF,,0.0,0.0,0.0,40,1240,13,0,0.0,0.0,0.495,0.0,-0.019,-0.016,0.45,0.0
cyp2a6,pafnucy/GlideSP,5.0,NEF,,0.0,0.0,0.0,40,1240,62,0,0.0,0.0,0.474,0.0,-0.042,-0.041,0.45,0.0
dhfr,pafnucy/GlideSP,0.5,NEF,,4.371,14.286,4.429,40,1240,7,1,0.833,5.0,0.51,14.286,0.047,0.033,0.649,0.094
dhfr,pafnucy/GlideSP,1.0,NEF,,4.71,15.385,4.769,40,1240,13,2,0.845,5.455,0.52,15.385,0.071,0.061,0.649,0.094
dhfr,pafnucy/GlideSP,5.0,NEF,,0.987,3.226,1.0,40,1240,62,2,0.5,1.0,0.5,5.0,0.0,0.0,0.649,0.094
egfr,pafnucy/GlideSP,0.5,NEF,,0.0,0.0,0.0,40,1240,7,0,0.0,0.0,0.497,0.0,-0.014,-0.01,0.744,0.098
egfr,pafnucy/GlideSP,1.0,NEF,,0.0,0.0,0.0,40,1240,13,0,0.0,0.0,0.495,0.0,-0.019,-0.016,0.744,0.098
egfr,pafnucy/GlideSP,5.0,NEF,,4.052,12.903,4.0,40,1240,62,8,0.816,4.444,0.578,20.0,0.126,0.122,0.744,0.098
ephb4,pafnucy/GlideSP,0.5,NEF,,4.336,14.286,4.429,40,1240,7,1,0.833,5.0,0.51,14.286,0.047,0.033,0.615,0.184
ephb4,pafnucy/GlideSP,1.0,NEF,,4.67,15.385,4.769,40,1240,13,2,0.845,5.455,0.52,15.385,0.071,0.061,0.615,0.184
ephb4,pafnucy/GlideSP,5.0,NEF,,4.478,14.516,4.5,40,1240,62,9,0.836,5.094,0.59,22.5,0.147,0.143,0.615,0.184
erbb2,pafnucy/GlideSP,0.5,NEF,,14.8,42.857,13.286,40,1240,7,3,0.957,22.5,0.536,42.857,0.169,0.119,0.907,0.417
erbb2,pafnucy/GlideSP,1.0,NEF,,14.8,46.154,14.308,40,1240,13,6,0.963,25.714,0.572,46.154,0.25,0.214,0.907,0.417
erbb2,pafnucy/GlideSP,5.0,NEF,,7.4,24.194,7.5,40,1240,62,15,0.905,9.574,0.668,37.5,0.272,0.265,0.907,0.417
er-beta,pafnucy/GlideSP,0.5,NEF,,5.717,14.286,4.429,40,1240,7,1,0.833,5.0,0.51,14.286,0.047,0.033,0.588,0.141
er-beta,pafnucy/GlideSP,1.0,NEF,,3.18,7.692,2.385,40,1240,13,1,0.714,2.5,0.507,7.692,0.026,0.022,0.588,0.141
er-beta,pafnucy/GlideSP,5.0,NEF,,2.042,6.452,2.0,40,1240,62,4,0.674,2.069,0.526,10.0,0.042,0.041,0.588,0.141
fgfr1,pafnucy/GlideSP,0.5,NEF,,9.825,28.571,8.857,40,1240,7,2,0.923,12.0,0.523,28.571,0.108,0.076,0.841,0.279
fgfr1,pafnucy/GlideSP,1.0,NEF,,7.37,23.077,7.154,40,1240,13,3,0.9,9.0,0.533,23.077,0.116,0.099,0.841,0.279
fgfr1,pafnucy/GlideSP,5.0,NEF,,4.496,14.516,4.5,40,1240,62,9,0.836,5.094,0.59,22.5,0.147,0.143,0.841,0.279
fkbp1a,pafnucy/GlideSP,0.5,NEF,,0.0,0.0,0.0,40,1240,7,0,0.0,0.0,0.497,0.0,-0.014,-0.01,0.496,0.0
fkbp1a,pafnucy/GlideSP,1.0,NEF,,0.0,0.0,0.0,40,1240,13,0,0.0,0.0,0.495,0.0,-0.019,-0.016,0.496,0.0
fkbp1a,pafnucy/GlideSP,5.0,NEF,,0.0,0.0,0.0,40,1240,62,0,0.0,0.0,0.474,0.0,-0.042,-0.041,0.496,0.0
fxa,pafnucy/GlideSP,0.5,NEF,,5.098,14.286,4.429,40,1240,7,1,0.833,5.0,0.51,14.286,0.047,0.033,0.694,0.089
fxa,pafnucy/GlideSP,1.0,NEF,,2.55,7.692,2.385,40,1240,13,1,0.714,2.5,0.507,7.692,0.026,0.022,0.694,0.089
fxa,pafnucy/GlideSP,5.0,NEF,,1.529,4.839,1.5,40,1240,62,3,0.604,1.525,0.513,7.5,0.021,0.02,0.694,0.089
gba,pafnucy/GlideSP,0.5,NEF,,0.0,0.0,0.0,40,1240,7,0,0.0,0.0,0.497,0.0,-0.014,-0.01,0.411,0.001
gba,pafnucy/GlideSP,1.0,NEF,,0.0,0.0,0.0,40,1240,13,0,0.0,0.0,0.495,0.0,-0.019,-0.016,0.411,0.001
gba,pafnucy/GlideSP,5.0,NEF,,0.0,0.0,0.0,40,1240,62,0,0.0,0.0,0.474,0.0,-0.042,-0.041,0.411,0.001
gr,pafnucy/GlideSP,0.5,NEF,,0.0,0.0,0.0,40,1240,7,0,0.0,0.0,0.497,0.0,-0.014,-0.01,0.518,0.007
gr,pafnucy/GlideSP,1.0,NEF,,0.0,0.0,0.0,40,1240,13,0,0.0,0.0,0.495,0.0,-0.019,-0.016,0.518,0.007
gr,pafnucy/GlideSP,5.0,NEF,,1.479,4.839,1.5,40,1240,62,3,0.604,1.525,0.513,7.5,0.021,0.02,0.518,0.007
gsk3b,pafnucy/GlideSP,0.5,NEF,,8.614,28.571,8.857,40,1240,7,2,0.923,12.0,0.523,28.571,0.108,0.076,0.703,0.223
gsk3b,pafnucy/GlideSP,1.0,NEF,,9.28,30.769,9.538,40,1240,13,4,0.93,13.333,0.546,30.769,0.16,0.137,0.703,0.223
gsk3b,pafnucy/GlideSP,5.0,NEF,,4.943,16.129,5.0,40,1240,62,10,0.852,5.769,0.603,25.0,0.168,0.163,0.703,0.223
hdac2,pafnucy/GlideSP,0.5,NEF,,8.671,28.571,8.857,40,1240,7,2,0.923,12.0,0.523,28.571,0.108,0.076,0.581,0.181
hdac2,pafnucy/GlideSP,1.0,NEF,,7.0,23.077,7.154,40,1240,13,3,0.9,9.0,0.533,23.077,0.116,0.099,0.581,0.181
hdac2,pafnucy/GlideSP,5.0,NEF,,2.488,8.065,2.5,40,1240,62,5,0.725,2.632,0.539,12.5,0.063,0.061,0.581,0.181
hdac8,pafnucy/GlideSP,0.5,NEF,,4.407,14.286,4.429,40,1240,7,1,0.833,5.0,0.51,14.286,0.047,0.033,0.38,0.049
hdac8,pafnucy/GlideSP,1.0,NEF,,2.37,7.692,2.385,40,1240,13,1,0.714,2.5,0.507,7.692,0.026,0.022,0.38,0.049
hdac8,pafnucy/GlideSP,5.0,NEF,,0.498,1.613,0.5,40,1240,62,1,0.33,0.492,0.487,2.5,-0.021,-0.02,0.38,0.049
hiv1pr,pafnucy/GlideSP,0.5,NEF,,9.39,28.571,8.857,40,1240,7,2,0.923,12.0,0.523,28.571,0.108,0.076,0.724,0.248
hiv1pr,pafnucy/GlideSP,1.0,NEF,,7.58,23.077,7.154,40,1240,13,3,0.9,9.0,0.533,23.077,0.116,0.099,0.724,0.248
hiv1pr,pafnucy/GlideSP,5.0,NEF,,6.465,20.968,6.5,40,1240,62,13,0.888,7.959,0.642,32.5,0.23,0.224,0.724,0.248
hiv1rt,pafnucy/GlideSP,0.5,NEF,,0.0,0.0,0.0,40,1240,7,0,0.0,0.0,0.497,0.0,-0.014,-0.01,0.575,0.035
hiv1rt,pafnucy/GlideSP,1.0,NEF,,0.0,0.0,0.0,40,1240,13,0,0.0,0.0,0.495,0.0,-0.019,-0.016,0.575,0.035
hiv1rt,pafnucy/GlideSP,5.0,NEF,,1.05,3.226,1.0,40,1240,62,2,0.5,1.0,0.5,5.0,0.0,0.0,0.575,0.035
hmgr,pafnucy/GlideSP,0.5,NEF,,4.418,14.286,4.429,40,1240,7,1,0.833,5.0,0.51,14.286,0.047,0.033,0.594,0.171
hmgr,pafnucy/GlideSP,1.0,NEF,,4.76,15.385,4.769,40,1240,13,2,0.845,5.455,0.52,15.385,0.071,0.061,0.594,0.171
hmgr,pafnucy/GlideSP,5.0,NEF,,2.993,9.677,3.0,40,1240,62,6,0.763,3.214,0.552,15.0,0.084,0.082,0.594,0.171
hsp90,pafnucy/GlideSP,0.5,NEF,,0.0,0.0,0.0,40,1240,7,0,0.0,0.0,0.497,0.0,-0.014,-0.01,0.617,0.058
hsp90,pafnucy/GlideSP,1.0,NEF,,2.33,7.692,2.385,40,1240,13,1,0.714,2.5,0.507,7.692,0.026,0.022,0.617,0.058
hsp90,pafnucy/GlideSP,5.0,NEF,,2.488,8.065,2.5,40,1240,62,5,0.725,2.632,0.539,12.5,0.063,0.061,0.617,0.058
igf1r,pafnucy/GlideSP,0.5,NEF,,4.966,14.286,4.429,40,1240,7,1,0.833,5.0,0.51,14.286,0.047,0.033,0.782,0.158
igf1r,pafnucy/GlideSP,1.0,NEF,,4.97,15.385,4.769,40,1240,13,2,0.845,5.455,0.52,15.385,0.071,0.061,0.782,0.158
igf1r,pafnucy/GlideSP,5.0,NEF,,4.545,14.516,4.5,40,1240,62,9,0.836,5.094,0.59,22.5,0.147,0.143,0.782,0.158
inha,pafnucy/GlideSP,0.5,NEF,,0.0,0.0,0.0,40,1240,7,0,0.0,0.0,0.497,0.0,-0.014,-0.01,0.359,0.0
inha,pafnucy/GlideSP,1.0,NEF,,0.0,0.0,0.0,40,1240,13,0,0.0,0.0,0.495,0.0,-0.019,-0.016,0.359,0.0
inha,pafnucy/GlideSP,5.0,NEF,,0.0,0.0,0.0,40,1240,62,0,0.0,0.0,0.474,0.0,-0.042,-0.041,0.359,0.0
itk,pafnucy/GlideSP,0.5,NEF,,0.0,0.0,0.0,40,1240,7,0,0.0,0.0,0.497,0.0,-0.014,-0.01,0.587,0.014
itk,pafnucy/GlideSP,1.0,NEF,,0.0,0.0,0.0,40,1240,13,0,0.0,0.0,0.495,0.0,-0.019,-0.016,0.587,0.014
itk,pafnucy/GlideSP,5.0,NEF,,0.998,3.226,1.0,40,1240,62,2,0.5,1.0,0.5,5.0,0.0,0.0,0.587,0.014
jak3,pafnucy/GlideSP,0.5,NEF,,4.988,14.286,4.429,40,1240,7,1,0.833,5.0,0.51,14.286,0.047,0.033,0.729,0.174
jak3,pafnucy/GlideSP,1.0,NEF,,2.49,7.692,2.385,40,1240,13,1,0.714,2.5,0.507,7.692,0.026,0.022,0.729,0.174
jak3,pafnucy/GlideSP,5.0,NEF,,3.99,12.903,4.0,40,1240,62,8,0.816,4.444,0.578,20.0,0.126,0.122,0.729,0.174
jnk1,pafnucy/GlideSP,0.5,NEF,,0.0,0.0,0.0,40,1240,7,0,0.0,0.0,0.497,0.0,-0.014,-0.01,0.771,0.069
jnk1,pafnucy/GlideSP,1.0,NEF,,0.0,0.0,0.0,40,1240,13,0,0.0,0.0,0.495,0.0,-0.019,-0.016,0.771,0.069
jnk1,pafnucy/GlideSP,5.0,NEF,,3.15,9.677,3.0,40,1240,62,6,0.763,3.214,0.552,15.0,0.084,0.082,0.771,0.069
jnk2,pafnucy/GlideSP,0.5,NEF,,0.0,0.0,0.0,40,1240,7,0,0.0,0.0,0.497,0.0,-0.014,-0.01,0.636,0.031
jnk2,pafnucy/GlideSP,1.0,NEF,,0.0,0.0,0.0,40,1240,13,0,0.0,0.0,0.495,0.0,-0.019,-0.016,0.636,0.031
jnk2,pafnucy/GlideSP,5.0,NEF,,1.527,4.839,1.5,40,1240,62,3,0.604,1.525,0.513,7.5,0.021,0.02,0.636,0.031
jnk3,pafnucy/GlideSP,0.5,NEF,,4.429,14.286,4.429,40,1240,7,1,0.833,5.0,0.51,14.286,0.047,0.033,0.684,0.081
jnk3,pafnucy/GlideSP,1.0,NEF,,2.38,7.692,2.385,40,1240,13,1,0.714,2.5,0.507,7.692,0.026,0.022,0.684,0.081
jnk3,pafnucy/GlideSP,5.0,NEF,,1.525,4.839,1.5,40,1240,62,3,0.604,1.525,0.513,7.5,0.021,0.02,0.684,0.081
kif11,pafnucy/GlideSP,0.5,NEF,,4.318,14.286,4.429,40,1240,7,1,0.833,5.0,0.51,14.286,0.047,0.033,0.68,0.129
kif11,pafnucy/GlideSP,1.0,NEF,,2.33,7.692,2.385,40,1240,13,1,0.714,2.5,0.507,7.692,0.026,0.022,0.68,0.129
kif11,pafnucy/GlideSP,5.0,NEF,,2.973,9.677,3.0,40,1240,62,6,0.763,3.214,0.552,15.0,0.084,0.082,0.68,0.129
lck,pafnucy/GlideSP,0.5,NEF,,4.3,14.286,4.429,40,1240,7,1,0.833,5.0,0.51,14.286,0.047,0.033,0.628,0.111
lck,pafnucy/GlideSP,1.0,NEF,,2.32,7.692,2.385,40,1240,13,1,0.714,2.5,0.507,7.692,0.026,0.022,0.628,0.111
lck,pafnucy/GlideSP,5.0,NEF,,1.974,6.452,2.0,40,1240,62,4,0.674,2.069,0.526,10.0,0.042,0.041,0.628,0.111
mdm2,pafnucy/GlideSP,0.5,NEF,,0.0,0.0,0.0,40,1240,7,0,0.0,0.0,0.497,0.0,-0.014,-0.01,0.396,0.0
mdm2,pafnucy/GlideSP,1.0,NEF,,0.0,0.0,0.0,40,1240,13,0,0.0,0.0,0.495,0.0,-0.019,-0.016,0.396,0.0
mdm2,pafnucy/GlideSP,5.0,NEF,,0.0,0.0,0.0,40,1240,62,0,0.0,0.0,0.474,0.0,-0.042,-0.041,0.396,0.0
mk2,pafnucy/GlideSP,0.5,NEF,,5.243,14.286,4.429,40,1240,7,1,0.833,5.0,0.51,14.286,0.047,0.033,0.733,0.132
mk2,pafnucy/GlideSP,1.0,NEF,,2.62,7.692,2.385,40,1240,13,1,0.714,2.5,0.507,7.692,0.026,0.022,0.733,0.132
mk2,pafnucy/GlideSP,5.0,NEF,,2.666,8.065,2.5,40,1240,62,5,0.725,2.632,0.539,12.5,0.063,0.061,0.733,0.132
mmp2,pafnucy/GlideSP,0.5,NEF,,0.0,0.0,0.0,40,1240,7,0,0.0,0.0,0.497,0.0,-0.014,-0.01,0.43,0.02
mmp2,pafnucy/GlideSP,1.0,NEF,,0.0,0.0,0.0,40,1240,13,0,0.0,0.0,0.495,0.0,-0.019,-0.016,0.43,0.02
mmp2,pafnucy/GlideSP,5.0,NEF,,0.495,1.613,0.5,40,1240,62,1,0.33,0.492,0.487,2.5,-0.021,-0.02,0.43,0.02
na,pafnucy/GlideSP,0.5,NEF,,0.0,0.0,0.0,40,1240,7,0,0.0,0.0,0.497,0.0,-0.014,-0.01,0.438,0.0
na,pafnucy/GlideSP,1.0,NEF,,0.0,0.0,0.0,40,1240,13,0,0.0,0.0,0.495,0.0,-0.019,-0.016,0.438,0.0
na,pafnucy/GlideSP,5.0,NEF,,0.0,0.0,0.0,40,1240,62,0,0.0,0.0,0.474,0.0,-0.042,-0.041,0.438,0.0
p38-alpha,pafnucy/GlideSP,0.5,NEF,,8.729,28.571,8.857,40,1240,7,2,0.923,12.0,0.523,28.571,0.108,0.076,0.682,0.201
p38-alpha,pafnucy/GlideSP,1.0,NEF,,4.7,15.385,4.769,40,1240,13,2,0.845,5.455,0.52,15.385,0.071,0.061,0.682,0.201
p38-alpha,pafnucy/GlideSP,5.0,NEF,,3.449,11.29,3.5,40,1240,62,7,0.792,3.818,0.565,17.5,0.105,0.102,0.682,0.201
parp-1,pafnucy/GlideSP,0.5,NEF,,0.0,0.0,0.0,40,1240,7,0,0.0,0.0,0.497,0.0,-0.014,-0.01,0.617,0.042
parp-1,pafnucy/GlideSP,1.0,NEF,,2.32,7.692,2.385,40,1240,13,1,0.714,2.5,0.507,7.692,0.026,0.022,0.617,0.042
parp-1,pafnucy/GlideSP,5.0,NEF,,1.483,4.839,1.5,40,1240,62,3,0.604,1.525,0.513,7.5,0.021,0.02,0.617,0.042
pde4b,pafnucy/GlideSP,0.5,NEF,,0.0,0.0,0.0,40,1240,7,0,0.0,0.0,0.497,0.0,-0.014,-0.01,0.592,0.123
pde4b,pafnucy/GlideSP,1.0,NEF,,2.37,7.692,2.385,40,1240,13,1,0.714,2.5,0.507,7.692,0.026,0.022,0.592,0.123
pde4b,pafnucy/GlideSP,5.0,NEF,,4.471,14.516,4.5,40,1240,62,9,0.836,5.094,0.59,22.5,0.147,0.143,0.592,0.123
pde5,pafnucy/GlideSP,0.5,NEF,,4.609,14.286,4.429,40,1240,7,1,0.833,5.0,0.51,14.286,0.047,0.033,0.647,0.072
pde5,pafnucy/GlideSP,1.0,NEF,,2.48,7.692,2.385,40,1240,13,1,0.714,2.5,0.507,7.692,0.026,0.022,0.647,0.072
pde5,pafnucy/GlideSP,5.0,NEF,,1.561,4.839,1.5,40,1240,62,3,0.604,1.525,0.513,7.5,0.021,0.02,0.647,0.072
pdk1,pafnucy/GlideSP,0.5,NEF,,0.0,0.0,0.0,40,1240,7,0,0.0,0.0,0.497,0.0,-0.014,-0.01,0.712,0.153
pdk1,pafnucy/GlideSP,1.0,NEF,,4.88,15.385,4.769,40,1240,13,2,0.845,5.455,0.52,15.385,0.071,0.061,0.712,0.153
pdk1,pafnucy/GlideSP,5.0,NEF,,4.162,12.903,4.0,40,1240,62,8,0.816,4.444,0.578,20.0,0.126,0.122,0.712,0.153
pi3kg,pafnucy/GlideSP,0.5,NEF,,4.432,14.286,4.429,40,1240,7,1,0.833,5.0,0.51,14.286,0.047,0.033,0.821,0.221
pi3kg,pafnucy/GlideSP,1.0,NEF,,7.16,23.077,7.154,40,1240,13,3,0.9,9.0,0.533,23.077,0.116,0.099,0.821,0.221
pi3kg,pafnucy/GlideSP,5.0,NEF,,6.103,19.355,6.0,40,1240,62,12,0.878,7.2,0.629,30.0,0.209,0.204,0.821,0.221
pim-1,pafnucy/GlideSP,0.5,NEF,,4.318,14.286,4.429,40,1240,7,1,0.833,5.0,0.51,14.286,0.047,0.033,0.651,0.113
pim-1,pafnucy/GlideSP,1.0,NEF,,2.33,7.692,2.385,40,1240,13,1,0.714,2.5,0.507,7.692,0.026,0.022,0.651,0.113
pim-1,pafnucy/GlideSP,5.0,NEF,,2.973,9.677,3.0,40,1240,62,6,0.763,3.214,0.552,15.0,0.084,0.082,0.651,0.113
pim-2,pafnucy/GlideSP,0.5,NEF,,4.425,14.286,4.429,40,1240,7,1,0.833,5.0,0.51,14.286,0.047,0.033,0.599,0.064
pim-2,pafnucy/GlideSP,1.0,NEF,,2.38,7.692,2.385,40,1240,13,1,0.714,2.5,0.507,7.692,0.026,0.022,0.599,0.064
pim-2,pafnucy/GlideSP,5.0,NEF,,1.016,3.226,1.0,40,1240,62,2,0.5,1.0,0.5,5.0,0.0,0.0,0.599,0.064
pnp,pafnucy/GlideSP,0.5,NEF,,0.0,0.0,0.0,40,1240,7,0,0.0,0.0,0.497,0.0,-0.014,-0.01,0.529,0.001
pnp,pafnucy/GlideSP,1.0,NEF,,0.0,0.0,0.0,40,1240,13,0,0.0,0.0,0.495,0.0,-0.019,-0.016,0.529,0.001
pnp,pafnucy/GlideSP,5.0,NEF,,0.0,0.0,0.0,40,1240,62,0,0.0,0.0,0.474,0.0,-0.042,-0.041,0.529,0.001
ppara,pafnucy/GlideSP,0.5,NEF,,0.0,0.0,0.0,40,1240,7,0,0.0,0.0,0.497,0.0,-0.014,-0.01,0.528,0.0
ppara,pafnucy/GlideSP,1.0,NEF,,0.0,0.0,0.0,40,1240,13,0,0.0,0.0,0.495,0.0,-0.019,-0.016,0.528,0.0
ppara,pafnucy/GlideSP,5.0,NEF,,0.0,0.0,0.0,40,1240,62,0,0.0,0.0,0.474,0.0,-0.042,-0.041,0.528,0.0
pparg,pafnucy/GlideSP,0.5,NEF,,0.0,0.0,0.0,40,1240,7,0,0.0,0.0,0.497,0.0,-0.014,-0.01,0.47,0.021
pparg,pafnucy/GlideSP,1.0,NEF,,0.0,0.0,0.0,40,1240,13,0,0.0,0.0,0.495,0.0,-0.019,-0.016,0.47,0.021
pparg,pafnucy/GlideSP,5.0,NEF,,0.5,1.613,0.5,40,1240,62,1,0.33,0.492,0.487,2.5,-0.021,-0.02,0.47,0.021
pr,pafnucy/GlideSP,0.5,NEF,,0.0,0.0,0.0,40,1240,7,0,0.0,0.0,0.497,0.0,-0.014,-0.01,0.546,0.005
pr,pafnucy/GlideSP,1.0,NEF,,0.0,0.0,0.0,40,1240,13,0,0.0,0.0,0.495,0.0,-0.019,-0.016,0.546,0.005
pr,pafnucy/GlideSP,5.0,NEF,,0.565,1.613,0.5,40,1240,62,1,0.33,0.492,0.487,2.5,-0.021,-0.02,0.546,0.005
prkcq,pafnucy/GlideSP,0.5,NEF,,5.263,14.286,4.429,40,1240,7,1,0.833,5.0,0.51,14.286,0.047,0.033,0.775,0.193
prkcq,pafnucy/GlideSP,1.0,NEF,,5.26,15.385,4.769,40,1240,13,2,0.845,5.455,0.52,15.385,0.071,0.061,0.775,0.193
prkcq,pafnucy/GlideSP,5.0,NEF,,4.211,12.903,4.0,40,1240,62,8,0.816,4.444,0.578,20.0,0.126,0.122,0.775,0.193
pygl-in,pafnucy/GlideSP,0.5,NEF,,0.0,0.0,0.0,40,1240,7,0,0.0,0.0,0.497,0.0,-0.014,-0.01,0.509,0.0
pygl-in,pafnucy/GlideSP,1.0,NEF,,0.0,0.0,0.0,40,1240,13,0,0.0,0.0,0.495,0.0,-0.019,-0.016,0.509,0.0
pygl-in,pafnucy/GlideSP,5.0,NEF,,0.0,0.0,0.0,40,1240,62,0,0.0,0.0,0.474,0.0,-0.042,-0.041,0.509,0.0
pygl-out,pafnucy/GlideSP,0.5,NEF,,4.414,14.286,4.429,40,1240,7,1,0.833,5.0,0.51,14.286,0.047,0.033,0.489,0.101
pygl-out,pafnucy/GlideSP,1.0,NEF,,2.38,7.692,2.385,40,1240,13,1,0.714,2.5,0.507,7.692,0.026,0.022,0.489,0.101
pygl-out,pafnucy/GlideSP,5.0,NEF,,1.495,4.839,1.5,40,1240,62,3,0.604,1.525,0.513,7.5,0.021,0.02,0.489,0.101
qpct,pafnucy/GlideSP,0.5,NEF,,0.0,0.0,0.0,40,1240,7,0,0.0,0.0,0.497,0.0,-0.014,-0.01,0.582,0.003
qpct,pafnucy/GlideSP,1.0,NEF,,0.0,0.0,0.0,40,1240,13,0,0.0,0.0,0.495,0.0,-0.019,-0.016,0.582,0.003
qpct,pafnucy/GlideSP,5.0,NEF,,0.499,1.613,0.5,40,1240,62,1,0.33,0.492,0.487,2.5,-0.021,-0.02,0.582,0.003
rock-1,pafnucy/GlideSP,0.5,NEF,,4.311,14.286,4.429,40,1240,7,1,0.833,5.0,0.51,14.286,0.047,0.033,0.742,0.101
rock-1,pafnucy/GlideSP,1.0,NEF,,2.32,7.692,2.385,40,1240,13,1,0.714,2.5,0.507,7.692,0.026,0.022,0.742,0.101
rock-1,pafnucy/GlideSP,5.0,NEF,,2.968,9.677,3.0,40,1240,62,6,0.763,3.214,0.552,15.0,0.084,0.082,0.742,0.101
rxr,pafnucy/GlideSP,0.5,NEF,,0.0,0.0,0.0,40,1240,7,0,0.0,0.0,0.497,0.0,-0.014,-0.01,0.709,0.091
rxr,pafnucy/GlideSP,1.0,NEF,,0.0,0.0,0.0,40,1240,13,0,0.0,0.0,0.495,0.0,-0.019,-0.016,0.709,0.091
rxr,pafnucy/GlideSP,5.0,NEF,,2.16,6.452,2.0,40,1240,62,4,0.674,2.069,0.526,10.0,0.042,0.041,0.709,0.091
sars-hcov,pafnucy/GlideSP,0.5,NEF,,0.0,0.0,0.0,39,1209,7,0,0.0,0.0,0.497,0.0,-0.014,-0.01,0.528,0.064
sars-hcov,pafnucy/GlideSP,1.0,NEF,,2.37,7.692,2.385,39,1209,13,1,0.714,2.5,0.508,7.692,0.026,0.023,0.528,0.064
sars-hcov,pafnucy/GlideSP,5.0,NEF,,2.021,6.557,2.033,39,1209,61,4,0.678,2.105,0.527,10.256,0.043,0.042,0.528,0.064
sirt2,pafnucy/GlideSP,0.5,NEF,,0.0,0.0,0.0,40,1240,7,0,0.0,0.0,0.497,0.0,-0.014,-0.01,0.419,0.036
sirt2,pafnucy/GlideSP,1.0,NEF,,2.35,7.692,2.385,40,1240,13,1,0.714,2.5,0.507,7.692,0.026,0.022,0.419,0.036
sirt2,pafnucy/GlideSP,5.0,NEF,,0.492,1.613,0.5,40,1240,62,1,0.33,0.492,0.487,2.5,-0.021,-0.02,0.419,0.036
src,pafnucy/GlideSP,0.5,NEF,,0.0,0.0,0.0,40,1240,7,0,0.0,0.0,0.497,0.0,-0.014,-0.01,0.667,0.117
src,pafnucy/GlideSP,1.0,NEF,,2.39,7.692,2.385,40,1240,13,1,0.714,2.5,0.507,7.692,0.026,0.022,0.667,0.117
src,pafnucy/GlideSP,5.0,NEF,,4.072,12.903,4.0,40,1240,62,8,0.816,4.444,0.578,20.0,0.126,0.122,0.667,0.117
thrombin,pafnucy/GlideSP,0.5,NEF,,0.0,0.0,0.0,40,1240,7,0,0.0,0.0,0.497,0.0,-0.014,-0.01,0.602,0.07
thrombin,pafnucy/GlideSP,1.0,NEF,,2.45,7.692,2.385,40,1240,13,1,0.714,2.5,0.507,7.692,0.026,0.022,0.602,0.07
thrombin,pafnucy/GlideSP,5.0,NEF,,2.612,8.065,2.5,40,1240,62,5,0.725,2.632,0.539,12.5,0.063,0.061,0.602,0.07
tie2,pafnucy/GlideSP,0.5,NEF,,0.0,0.0,0.0,40,1240,7,0,0.0,0.0,0.497,0.0,-0.014,-0.01,0.623,0.015
tie2,pafnucy/GlideSP,1.0,NEF,,0.0,0.0,0.0,40,1240,13,0,0.0,0.0,0.495,0.0,-0.019,-0.016,0.623,0.015
tie2,pafnucy/GlideSP,5.0,NEF,,0.999,3.226,1.0,40,1240,62,2,0.5,1.0,0.5,5.0,0.0,0.0,0.623,0.015
tk,pafnucy/GlideSP,0.5,NEF,,9.04,28.571,8.857,40,1240,7,2,0.923,12.0,0.523,28.571,0.108,0.076,0.701,0.259
tk,pafnucy/GlideSP,1.0,NEF,,7.3,23.077,7.154,40,1240,13,3,0.9,9.0,0.533,23.077,0.116,0.099,0.701,0.259
tk,pafnucy/GlideSP,5.0,NEF,,4.593,14.516,4.5,40,1240,62,9,0.836,5.094,0.59,22.5,0.147,0.143,0.701,0.259
tp,pafnucy/GlideSP,0.5,NEF,,5.473,14.286,4.429,40,1240,7,1,0.833,5.0,0.51,14.286,0.047,0.033,0.703,0.072
tp,pafnucy/GlideSP,1.0,NEF,,2.99,7.692,2.385,40,1240,13,1,0.714,2.5,0.507,7.692,0.026,0.022,0.703,0.072
tp,pafnucy/GlideSP,5.0,NEF,,1.288,4.839,1.5,40,1240,62,3,0.604,1.525,0.513,7.5,0.021,0.02,0.703,0.072
tpa,pafnucy/GlideSP,0.5,NEF,,0.0,0.0,0.0,40,1240,7,0,0.0,0.0,0.497,0.0,-0.014,-0.01,0.487,0.039
tpa,pafnucy/GlideSP,1.0,NEF,,2.55,7.692,2.385,40,1240,13,1,0.714,2.5,0.507,7.692,0.026,0.022,0.487,0.039
tpa,pafnucy/GlideSP,5.0,NEF,,0.518,1.613,0.5,40,1240,62,1,0.33,0.492,0.487,2.5,-0.021,-0.02,0.487,0.039
ts,pafnucy/GlideSP,0.5,NEF,,0.0,0.0,0.0,40,1239,7,0,0.0,0.0,0.497,0.0,-0.014,-0.01,0.509,0.007
ts,pafnucy/GlideSP,1.0,NEF,,0.0,0.0,0.0,40,1239,13,0,0.0,0.0,0.495,0.0,-0.019,-0.016,0.509,0.007
ts,pafnucy/GlideSP,5.0,NEF,,0.5,1.613,0.5,40,1239,62,1,0.329,0.491,0.487,2.5,-0.021,-0.02,0.509,0.007
upa,pafnucy/GlideSP,0.5,NEF,,0.0,0.0,0.0,40,1240,7,0,0.0,0.0,0.497,0.0,-0.014,-0.01,0.47,0.013
upa,pafnucy/GlideSP,1.0,NEF,,0.0,0.0,0.0,40,1240,13,0,0.0,0.0,0.495,0.0,-0.019,-0.016,0.47,0.013
upa,pafnucy/GlideSP,5.0,NEF,,0.997,3.226,1.0,40,1240,62,2,0.5,1.0,0.5,5.0,0.0,0.0,0.47,0.013
vegfr1,pafnucy/GlideSP,0.5,NEF,,4.991,14.286,4.429,40,1240,7,1,0.833,5.0,0.51,14.286,0.047,0.033,0.63,0.102
vegfr1,pafnucy/GlideSP,1.0,NEF,,2.5,7.692,2.385,40,1240,13,1,0.714,2.5,0.507,7.692,0.026,0.022,0.63,0.102
vegfr1,pafnucy/GlideSP,5.0,NEF,,2.102,6.452,2.0,40,1240,62,4,0.674,2.069,0.526,10.0,0.042,0.041,0.63,0.102
vegfr2,pafnucy/GlideSP,0.5,NEF,,0.0,0.0,0.0,40,1240,7,0,0.0,0.0,0.497,0.0,-0.014,-0.01,0.731,0.053
vegfr2,pafnucy/GlideSP,1.0,NEF,,0.0,0.0,0.0,40,1240,13,0,0.0,0.0,0.495,0.0,-0.019,-0.016,0.731,0.053
vegfr2,pafnucy/GlideSP,5.0,NEF,,2.564,8.065,2.5,40,1240,62,5,0.725,2.632,0.539,12.5,0.063,0.061,0.731,0.053
11betahsd1,PLECRF(ODDT)/GlideSP,0.5,NEF,,5.03,14.286,4.429,40,1240,7,1,0.833,5.0,0.51,14.286,0.047,0.033,0.625,0.067
11betahsd1,PLECRF(ODDT)/GlideSP,1.0,NEF,,2.51,7.692,2.385,40,1240,13,1,0.714,2.5,0.507,7.692,0.026,0.022,0.625,0.067
11betahsd1,PLECRF(ODDT)/GlideSP,5.0,NEF,,1.023,3.226,1.0,40,1240,62,2,0.5,1.0,0.5,5.0,0.0,0.0,0.625,0.067
17betahsd1,PLECRF(ODDT)/GlideSP,0.5,NEF,,0.0,0.0,0.0,40,1240,7,0,0.0,0.0,0.497,0.0,-0.014,-0.01,0.482,0.001
17betahsd1,PLECRF(ODDT)/GlideSP,1.0,NEF,,0.0,0.0,0.0,40,1240,13,0,0.0,0.0,0.495,0.0,-0.019,-0.016,0.482,0.001
17betahsd1,PLECRF(ODDT)/GlideSP,5.0,NEF,,0.0,0.0,0.0,40,1240,62,0,0.0,0.0,0.474,0.0,-0.042,-0.041,0.482,0.001
a2a,PLECRF(ODDT)/GlideSP,0.5,NEF,,17.543,57.143,17.714,40,1240,7,4,0.976,40.0,0.549,57.143,0.23,0.162,0.557,0.285
a2a,PLECRF(ODDT)/GlideSP,1.0,NEF,,9.45,30.769,9.538,40,1240,13,4,0.93,13.333,0.546,30.769,0.16,0.137,0.557,0.285
a2a,PLECRF(ODDT)/GlideSP,5.0,NEF,,3.466,11.29,3.5,40,1240,62,7,0.792,3.818,0.565,17.5,0.105,0.102,0.557,0.285
ace,PLECRF(ODDT)/GlideSP,0.5,NEF,,0.0,0.0,0.0,40,1240,7,0,0.0,0.0,0.497,0.0,-0.014,-0.01,0.513,0.003
ace,PLECRF(ODDT)/GlideSP,1.0,NEF,,0.0,0.0,0.0,40,1240,13,0,0.0,0.0,0.495,0.0,-0.019,-0.016,0.513,0.003
ace,PLECRF(ODDT)/GlideSP,5.0,NEF,,0.0,0.0,0.0,40,1240,62,0,0.0,0.0,0.474,0.0,-0.042,-0.041,0.513,0.003
ace2,PLECRF(ODDT)/GlideSP,0.5,NEF,,0.0,0.0,0.0,40,1240,7,0,0.0,0.0,0.497,0.0,-0.014,-0.01,0.514,0.04
ace2,PLECRF(ODDT)/GlideSP,1.0,NEF,,0.0,0.0,0.0,40,1240,13,0,0.0,0.0,0.495,0.0,-0.019,-0.016,0.514,0.04
ace2,PLECRF(ODDT)/GlideSP,5.0,NEF,,1.499,4.839,1.5,40,1240,62,3,0.604,1.525,0.513,7.5,0.021,0.02,0.514,0.04
ache,PLECRF(ODDT)/GlideSP,0.5,NEF,,4.361,14.286,4.429,40,1240,7,1,0.833,5.0,0.51,14.286,0.047,0.033,0.684,0.189
ache,PLECRF(ODDT)/GlideSP,1.0,NEF,,4.7,15.385,4.769,40,1240,13,2,0.845,5.455,0.52,15.385,0.071,0.061,0.684,0.189
ache,PLECRF(ODDT)/GlideSP,5.0,NEF,,4.431,14.516,4.5,40,1240,62,9,0.836,5.094,0.59,22.5,0.147,0.143,0.684,0.189
adam17,PLECRF(ODDT)/GlideSP,0.5,NEF,,0.0,0.0,0.0,40,1240,7,0,0.0,0.0,0.497,0.0,-0.014,-0.01,0.629,0.044
adam17,PLECRF(ODDT)/GlideSP,1.0,NEF,,0.0,0.0,0.0,40,1240,13,0,0.0,0.0,0.495,0.0,-0.019,-0.016,0.629,0.044
adam17,PLECRF(ODDT)/GlideSP,5.0,NEF,,2.48,8.065,2.5,40,1240,62,5,0.725,2.632,0.539,12.5,0.063,0.061,0.629,0.044
adrb2,PLECRF(ODDT)/GlideSP,0.5,NEF,,0.0,0.0,0.0,40,1240,7,0,0.0,0.0,0.497,0.0,-0.014,-0.01,0.598,0.045
adrb2,PLECRF(ODDT)/GlideSP,1.0,NEF,,0.0,0.0,0.0,40,1240,13,0,0.0,0.0,0.495,0.0,-0.019,-0.016,0.598,0.045
adrb2,PLECRF(ODDT)/GlideSP,5.0,NEF,,1.488,4.839,1.5,40,1240,62,3,0.604,1.525,0.513,7.5,0.021,0.02,0.598,0.045
akt1,PLECRF(ODDT)/GlideSP,0.5,NEF,,5.051,14.286,4.429,40,1240,7,1,0.833,5.0,0.51,14.286,0.047,0.033,0.543,0.092
akt1,PLECRF(ODDT)/GlideSP,1.0,NEF,,2.53,7.692,2.385,40,1240,13,1,0.714,2.5,0.507,7.692,0.026,0.022,0.543,0.092
akt1,PLECRF(ODDT)/GlideSP,5.0,NEF,,2.526,8.065,2.5,40,1240,62,5,0.725,2.632,0.539,12.5,0.063,0.061,0.543,0.092
alr2,PLECRF(ODDT)/GlideSP,0.5,NEF,,0.0,0.0,0.0,40,1240,7,0,0.0,0.0,0.497,0.0,-0.014,-0.01,0.322,0.0
alr2,PLECRF(ODDT)/GlideSP,1.0,NEF,,0.0,0.0,0.0,40,1240,13,0,0.0,0.0,0.495,0.0,-0.019,-0.016,0.322,0.0
alr2,PLECRF(ODDT)/GlideSP,5.0,NEF,,0.0,0.0,0.0,40,1240,62,0,0.0,0.0,0.474,0.0,-0.042,-0.041,0.322,0.0
ar,PLECRF(ODDT)/GlideSP,0.5,NEF,,0.0,0.0,0.0,40,1240,7,0,0.0,0.0,0.497,0.0,-0.014,-0.01,0.518,0.008
ar,PLECRF(ODDT)/GlideSP,1.0,NEF,,0.0,0.0,0.0,40,1240,13,0,0.0,0.0,0.495,0.0,-0.019,-0.016,0.518,0.008
ar,PLECRF(ODDT)/GlideSP,5.0,NEF,,0.705,1.613,0.5,40,1240,62,1,0.33,0.492,0.487,2.5,-0.021,-0.02,0.518,0.008
aurka,PLECRF(ODDT)/GlideSP,0.5,NEF,,4.432,14.286,4.429,40,1240,7,1,0.833,5.0,0.51,14.286,0.047,0.033,0.805,0.188
aurka,PLECRF(ODDT)/GlideSP,1.0,NEF,,2.39,7.692,2.385,40,1240,13,1,0.714,2.5,0.507,7.692,0.026,0.022,0.805,0.188
aurka,PLECRF(ODDT)/GlideSP,5.0,NEF,,6.103,19.355,6.0,40,1240,62,12,0.878,7.2,0.629,30.0,0.209,0.204,0.805,0.188
aurkb,PLECRF(ODDT)/GlideSP,0.5,NEF,,4.339,14.286,4.429,40,1240,7,1,0.833,5.0,0.51,14.286,0.047,0.033,0.611,0.162
aurkb,PLECRF(ODDT)/GlideSP,1.0,NEF,,4.67,15.385,4.769,40,1240,13,2,0.845,5.455,0.52,15.385,0.071,0.061,0.611,0.162
aurkb,PLECRF(ODDT)/GlideSP,5.0,NEF,,2.49,8.065,2.5,40,1240,62,5,0.725,2.632,0.539,12.5,0.063,0.061,0.611,0.162
bcl2,PLECRF(ODDT)/GlideSP,0.5,NEF,,0.0,0.0,0.0,40,1240,7,0,0.0,0.0,0.497,0.0,-0.014,-0.01,0.614,0.009
bcl2,PLECRF(ODDT)/GlideSP,1.0,NEF,,0.0,0.0,0.0,40,1240,13,0,0.0,0.0,0.495,0.0,-0.019,-0.016,0.614,0.009
bcl2,PLECRF(ODDT)/GlideSP,5.0,NEF,,0.986,3.226,1.0,40,1240,62,2,0.5,1.0,0.5,5.0,0.0,0.0,0.614,0.009
braf,PLECRF(ODDT)/GlideSP,0.5,NEF,,17.714,57.143,17.714,40,1240,7,4,0.976,40.0,0.549,57.143,0.23,0.162,0.677,0.287
braf,PLECRF(ODDT)/GlideSP,1.0,NEF,,11.92,38.462,11.923,40,1240,13,5,0.949,18.75,0.559,38.462,0.205,0.176,0.677,0.287
braf,PLECRF(ODDT)/GlideSP,5.0,NEF,,5.082,16.129,5.0,40,1240,62,10,0.852,5.769,0.603,25.0,0.168,0.163,0.677,0.287
catl,PLECRF(ODDT)/GlideSP,0.5,NEF,,4.404,14.286,4.429,40,1240,7,1,0.833,5.0,0.51,14.286,0.047,0.033,0.787,0.155
catl,PLECRF(ODDT)/GlideSP,1.0,NEF,,2.37,7.692,2.385,40,1240,13,1,0.714,2.5,0.507,7.692,0.026,0.022,0.787,0.155
catl,PLECRF(ODDT)/GlideSP,5.0,NEF,,3.48,11.29,3.5,40,1240,62,7,0.792,3.818,0.565,17.5,0.105,0.102,0.787,0.155
cdk2,PLECRF(ODDT)/GlideSP,0.5,NEF,,4.983,14.286,4.429,40,1240,7,1,0.833,5.0,0.51,14.286,0.047,0.033,0.632,0.234
cdk2,PLECRF(ODDT)/GlideSP,1.0,NEF,,4.98,15.385,4.769,40,1240,13,2,0.845,5.455,0.52,15.385,0.071,0.061,0.632,0.234
cdk2,PLECRF(ODDT)/GlideSP,5.0,NEF,,4.485,14.516,4.5,40,1240,62,9,0.836,5.094,0.59,22.5,0.147,0.143,0.632,0.234
cox1,PLECRF(ODDT)/GlideSP,0.5,NEF,,0.0,0.0,0.0,40,1240,7,0,0.0,0.0,0.497,0.0,-0.014,-0.01,0.589,0.032
cox1,PLECRF(ODDT)/GlideSP,1.0,NEF,,0.0,0.0,0.0,40,1240,13,0,0.0,0.0,0.495,0.0,-0.019,-0.016,0.589,0.032
cox1,PLECRF(ODDT)/GlideSP,5.0,NEF,,1.538,4.839,1.5,40,1240,62,3,0.604,1.525,0.513,7.5,0.021,0.02,0.589,0.032
cox2,PLECRF(ODDT)/GlideSP,0.5,NEF,,0.0,0.0,0.0,40,1240,7,0,0.0,0.0,0.497,0.0,-0.014,-0.01,0.626,0.031
cox2,PLECRF(ODDT)/GlideSP,1.0,NEF,,0.0,0.0,0.0,40,1240,13,0,0.0,0.0,0.495,0.0,-0.019,-0.016,0.626,0.031
cox2,PLECRF(ODDT)/GlideSP,5.0,NEF,,1.612,4.839,1.5,40,1240,62,3,0.604,1.525,0.513,7.5,0.021,0.02,0.626,0.031
ctsk,PLECRF(ODDT)/GlideSP,0.5,NEF,,26.464,85.714,26.571,40,1240,7,6,0.994,180.0,0.575,85.714,0.352,0.248,0.795,0.561
ctsk,PLECRF(ODDT)/GlideSP,1.0,NEF,,23.75,76.923,23.846,40,1240,13,10,0.99,100.0,0.624,76.923,0.429,0.367,0.795,0.561
ctsk,PLECRF(ODDT)/GlideSP,5.0,NEF,,6.972,22.581,7.0,40,1240,62,14,0.897,8.75,0.655,35.0,0.251,0.245,0.795,0.561
cyp2a6,PLECRF(ODDT)/GlideSP,0.5,NEF,,0.0,0.0,0.0,40,1240,7,0,0.0,0.0,0.497,0.0,-0.014,-0.01,0.42,0.001
cyp2a6,PLECRF(ODDT)/GlideSP,1.0,NEF,,0.0,0.0,0.0,40,1240,13,0,0.0,0.0,0.495,0.0,-0.019,-0.016,0.42,0.001
cyp2a6,PLECRF(ODDT)/GlideSP,5.0,NEF,,0.0,0.0,0.0,40,1240,62,0,0.0,0.0,0.474,0.0,-0.042,-0.041,0.42,0.001
dhfr,PLECRF(ODDT)/GlideSP,0.5,NEF,,0.0,0.0,0.0,40,1240,7,0,0.0,0.0,0.497,0.0,-0.014,-0.01,0.406,0.038
dhfr,PLECRF(ODDT)/GlideSP,1.0,NEF,,2.35,7.692,2.385,40,1240,13,1,0.714,2.5,0.507,7.692,0.026,0.022,0.406,0.038
dhfr,PLECRF(ODDT)/GlideSP,5.0,NEF,,0.494,1.613,0.5,40,1240,62,1,0.33,0.492,0.487,2.5,-0.021,-0.02,0.406,0.038
egfr,PLECRF(ODDT)/GlideSP,0.5,NEF,,4.414,14.286,4.429,40,1240,7,1,0.833,5.0,0.51,14.286,0.047,0.033,0.637,0.261
egfr,PLECRF(ODDT)/GlideSP,1.0,NEF,,9.51,30.769,9.538,40,1240,13,4,0.93,13.333,0.546,30.769,0.16,0.137,0.637,0.261
egfr,PLECRF(ODDT)/GlideSP,5.0,NEF,,4.559,14.516,4.5,40,1240,62,9,0.836,5.094,0.59,22.5,0.147,0.143,0.637,0.261
ephb4,PLECRF(ODDT)/GlideSP,0.5,NEF,,17.343,57.143,17.714,40,1240,7,4,0.976,40.0,0.549,57.143,0.23,0.162,0.694,0.313
ephb4,PLECRF(ODDT)/GlideSP,1.0,NEF,,9.34,30.769,9.538,40,1240,13,4,0.93,13.333,0.546,30.769,0.16,0.137,0.694,0.313
ephb4,PLECRF(ODDT)/GlideSP,5.0,NEF,,5.473,17.742,5.5,40,1240,62,11,0.866,6.471,0.616,27.5,0.188,0.184,0.694,0.313
erbb2,PLECRF(ODDT)/GlideSP,0.5,NEF,,19.733,57.143,17.714,40,1240,7,4,0.976,40.0,0.549,57.143,0.23,0.162,0.833,0.465
erbb2,PLECRF(ODDT)/GlideSP,1.0,NEF,,17.27,53.846,16.692,40,1240,13,7,0.972,35.0,0.585,53.846,0.295,0.252,0.833,0.465
erbb2,PLECRF(ODDT)/GlideSP,5.0,NEF,,5.92,19.355,6.0,40,1240,62,12,0.878,7.2,0.629,30.0,0.209,0.204,0.833,0.465
er-beta,PLECRF(ODDT)/GlideSP,0.5,NEF,,17.152,57.143,17.714,40,1240,7,4,0.976,40.0,0.549,57.143,0.23,0.162,0.698,0.478
er-beta,PLECRF(ODDT)/GlideSP,1.0,NEF,,15.88,53.846,16.692,40,1240,13,7,0.972,35.0,0.585,53.846,0.295,0.252,0.698,0.478
er-beta,PLECRF(ODDT)/GlideSP,5.0,NEF,,6.126,19.355,6.0,40,1240,62,12,0.878,7.2,0.629,30.0,0.209,0.204,0.698,0.478
fgfr1,PLECRF(ODDT)/GlideSP,0.5,NEF,,14.738,42.857,13.286,40,1240,7,3,0.957,22.5,0.536,42.857,0.169,0.119,0.7,0.236
fgfr1,PLECRF(ODDT)/GlideSP,1.0,NEF,,7.37,23.077,7.154,40,1240,13,3,0.9,9.0,0.533,23.077,0.116,0.099,0.7,0.236
fgfr1,PLECRF(ODDT)/GlideSP,5.0,NEF,,4.496,14.516,4.5,40,1240,62,9,0.836,5.094,0.59,22.5,0.147,0.143,0.7,0.236
fkbp1a,PLECRF(ODDT)/GlideSP,0.5,NEF,,9.256,28.571,8.857,40,1240,7,2,0.923,12.0,0.523,28.571,0.108,0.076,0.775,0.182
fkbp1a,PLECRF(ODDT)/GlideSP,1.0,NEF,,7.48,23.077,7.154,40,1240,13,3,0.9,9.0,0.533,23.077,0.116,0.099,0.775,0.182
fkbp1a,PLECRF(ODDT)/GlideSP,5.0,NEF,,2.612,8.065,2.5,40,1240,62,5,0.725,2.632,0.539,12.5,0.063,0.061,0.775,0.182
fxa,PLECRF(ODDT)/GlideSP,0.5,NEF,,15.295,42.857,13.286,40,1240,7,3,0.957,22.5,0.536,42.857,0.169,0.119,0.722,0.317
fxa,PLECRF(ODDT)/GlideSP,1.0,NEF,,12.75,38.462,11.923,40,1240,13,5,0.949,18.75,0.559,38.462,0.205,0.176,0.722,0.317
fxa,PLECRF(ODDT)/GlideSP,5.0,NEF,,3.569,11.29,3.5,40,1240,62,7,0.792,3.818,0.565,17.5,0.105,0.102,0.722,0.317
gba,PLECRF(ODDT)/GlideSP,0.5,NEF,,4.411,14.286,4.429,40,1240,7,1,0.833,5.0,0.51,14.286,0.047,0.033,0.603,0.062
gba,PLECRF(ODDT)/GlideSP,1.0,NEF,,2.38,7.692,2.385,40,1240,13,1,0.714,2.5,0.507,7.692,0.026,0.022,0.603,0.062
gba,PLECRF(ODDT)/GlideSP,5.0,NEF,,0.996,3.226,1.0,40,1240,62,2,0.5,1.0,0.5,5.0,0.0,0.0,0.603,0.062
gr,PLECRF(ODDT)/GlideSP,0.5,NEF,,8.736,28.571,8.857,40,1240,7,2,0.923,12.0,0.523,28.571,0.108,0.076,0.648,0.212
gr,PLECRF(ODDT)/GlideSP,1.0,NEF,,4.7,15.385,4.769,40,1240,13,2,0.845,5.455,0.52,15.385,0.071,0.061,0.648,0.212
gr,PLECRF(ODDT)/GlideSP,5.0,NEF,,4.438,14.516,4.5,40,1240,62,9,0.836,5.094,0.59,22.5,0.147,0.143,0.648,0.212
gsk3b,PLECRF(ODDT)/GlideSP,0.5,NEF,,8.614,28.571,8.857,40,1240,7,2,0.923,12.0,0.523,28.571,0.108,0.076,0.606,0.222
gsk3b,PLECRF(ODDT)/GlideSP,1.0,NEF,,4.64,15.385,4.769,40,1240,13,2,0.845,5.455,0.52,15.385,0.071,0.061,0.606,0.222
gsk3b,PLECRF(ODDT)/GlideSP,5.0,NEF,,3.46,11.29,3.5,40,1240,62,7,0.792,3.818,0.565,17.5,0.105,0.102,0.606,0.222
hdac2,PLECRF(ODDT)/GlideSP,0.5,NEF,,4.336,14.286,4.429,40,1240,7,1,0.833,5.0,0.51,14.286,0.047,0.033,0.647,0.098
hdac2,PLECRF(ODDT)/GlideSP,1.0,NEF,,2.33,7.692,2.385,40,1240,13,1,0.714,2.5,0.507,7.692,0.026,0.022,0.647,0.098
hdac2,PLECRF(ODDT)/GlideSP,5.0,NEF,,2.488,8.065,2.5,40,1240,62,5,0.725,2.632,0.539,12.5,0.063,0.061,0.647,0.098
hdac8,PLECRF(ODDT)/GlideSP,0.5,NEF,,0.0,0.0,0.0,40,1240,7,0,0.0,0.0,0.497,0.0,-0.014,-0.01,0.346,0.001
hdac8,PLECRF(ODDT)/GlideSP,1.0,NEF,,0.0,0.0,0.0,40,1240,13,0,0.0,0.0,0.495,0.0,-0.019,-0.016,0.346,0.001
hdac8,PLECRF(ODDT)/GlideSP,5.0,NEF,,0.0,0.0,0.0,40,1240,62,0,0.0,0.0,0.474,0.0,-0.042,-0.041,0.346,0.001
hiv1pr,PLECRF(ODDT)/GlideSP,0.5,NEF,,28.17,85.714,26.571,40,1240,7,6,0.994,180.0,0.575,85.714,0.352,0.248,0.811,0.635
hiv1pr,PLECRF(ODDT)/GlideSP,1.0,NEF,,25.28,84.615,26.231,40,1240,13,11,0.994,165.0,0.637,84.615,0.474,0.406,0.811,0.635
hiv1pr,PLECRF(ODDT)/GlideSP,5.0,NEF,,9.159,29.032,9.0,40,1240,62,18,0.925,12.273,0.707,45.0,0.335,0.327,0.811,0.635
hiv1rt,PLECRF(ODDT)/GlideSP,0.5,NEF,,0.0,0.0,0.0,40,1240,7,0,0.0,0.0,0.497,0.0,-0.014,-0.01,0.562,0.047
hiv1rt,PLECRF(ODDT)/GlideSP,1.0,NEF,,2.46,7.692,2.385,40,1240,13,1,0.714,2.5,0.507,7.692,0.026,0.022,0.562,0.047
hiv1rt,PLECRF(ODDT)/GlideSP,5.0,NEF,,1.05,3.226,1.0,40,1240,62,2,0.5,1.0,0.5,5.0,0.0,0.0,0.562,0.047
hmgr,PLECRF(ODDT)/GlideSP,0.5,NEF,,26.507,85.714,26.571,40,1240,7,6,0.994,180.0,0.575,85.714,0.352,0.248,0.544,0.503
hmgr,PLECRF(ODDT)/GlideSP,1.0,NEF,,19.03,61.538,19.077,40,1240,13,8,0.98,48.0,0.598,61.538,0.34,0.291,0.544,0.503
hmgr,PLECRF(ODDT)/GlideSP,5.0,NEF,,4.988,16.129,5.0,40,1240,62,10,0.852,5.769,0.603,25.0,0.168,0.163,0.544,0.503
hsp90,PLECRF(ODDT)/GlideSP,0.5,NEF,,8.671,28.571,8.857,40,1240,7,2,0.923,12.0,0.523,28.571,0.108,0.076,0.636,0.304
hsp90,PLECRF(ODDT)/GlideSP,1.0,NEF,,9.34,30.769,9.538,40,1240,13,4,0.93,13.333,0.546,30.769,0.16,0.137,0.636,0.304
hsp90,PLECRF(ODDT)/GlideSP,5.0,NEF,,5.97,19.355,6.0,40,1240,62,12,0.878,7.2,0.629,30.0,0.209,0.204,0.636,0.304
igf1r,PLECRF(ODDT)/GlideSP,0.5,NEF,,0.0,0.0,0.0,40,1240,7,0,0.0,0.0,0.497,0.0,-0.014,-0.01,0.678,0.175
igf1r,PLECRF(ODDT)/GlideSP,1.0,NEF,,4.97,15.385,4.769,40,1240,13,2,0.845,5.455,0.52,15.385,0.071,0.061,0.678,0.175
igf1r,PLECRF(ODDT)/GlideSP,5.0,NEF,,3.535,11.29,3.5,40,1240,62,7,0.792,3.818,0.565,17.5,0.105,0.102,0.678,0.175
inha,PLECRF(ODDT)/GlideSP,0.5,NEF,,0.0,0.0,0.0,40,1240,7,0,0.0,0.0,0.497,0.0,-0.014,-0.01,0.578,0.041
inha,PLECRF(ODDT)/GlideSP,1.0,NEF,,0.0,0.0,0.0,40,1240,13,0,0.0,0.0,0.495,0.0,-0.019,-0.016,0.578,0.041
inha,PLECRF(ODDT)/GlideSP,5.0,NEF,,1.976,6.452,2.0,40,1240,62,4,0.674,2.069,0.526,10.0,0.042,0.041,0.578,0.041
itk,PLECRF(ODDT)/GlideSP,0.5,NEF,,4.35,14.286,4.429,40,1240,7,1,0.833,5.0,0.51,14.286,0.047,0.033,0.671,0.06
itk,PLECRF(ODDT)/GlideSP,1.0,NEF,,2.34,7.692,2.385,40,1240,13,1,0.714,2.5,0.507,7.692,0.026,0.022,0.671,0.06
itk,PLECRF(ODDT)/GlideSP,5.0,NEF,,0.998,3.226,1.0,40,1240,62,2,0.5,1.0,0.5,5.0,0.0,0.0,0.671,0.06
jak3,PLECRF(ODDT)/GlideSP,0.5,NEF,,4.988,14.286,4.429,40,1240,7,1,0.833,5.0,0.51,14.286,0.047,0.033,0.756,0.214
jak3,PLECRF(ODDT)/GlideSP,1.0,NEF,,7.48,23.077,7.154,40,1240,13,3,0.9,9.0,0.533,23.077,0.116,0.099,0.756,0.214
jak3,PLECRF(ODDT)/GlideSP,5.0,NEF,,4.988,16.129,5.0,40,1240,62,10,0.852,5.769,0.603,25.0,0.168,0.163,0.756,0.214
jnk1,PLECRF(ODDT)/GlideSP,0.5,NEF,,0.0,0.0,0.0,40,1240,7,0,0.0,0.0,0.497,0.0,-0.014,-0.01,0.686,0.056
jnk1,PLECRF(ODDT)/GlideSP,1.0,NEF,,2.63,7.692,2.385,40,1240,13,1,0.714,2.5,0.507,7.692,0.026,0.022,0.686,0.056
jnk1,PLECRF(ODDT)/GlideSP,5.0,NEF,,2.1,6.452,2.0,40,1240,62,4,0.674,2.069,0.526,10.0,0.042,0.041,0.686,0.056
jnk2,PLECRF(ODDT)/GlideSP,0.5,NEF,,5.004,14.286,4.429,40,1240,7,1,0.833,5.0,0.51,14.286,0.047,0.033,0.642,0.196
jnk2,PLECRF(ODDT)/GlideSP,1.0,NEF,,10.01,30.769,9.538,40,1240,13,4,0.93,13.333,0.546,30.769,0.16,0.137,0.642,0.196
jnk2,PLECRF(ODDT)/GlideSP,5.0,NEF,,3.053,9.677,3.0,40,1240,62,6,0.763,3.214,0.552,15.0,0.084,0.082,0.642,0.196
jnk3,PLECRF(ODDT)/GlideSP,0.5,NEF,,8.857,28.571,8.857,40,1240,7,2,0.923,12.0,0.523,28.571,0.108,0.076,0.709,0.275
jnk3,PLECRF(ODDT)/GlideSP,1.0,NEF,,9.54,30.769,9.538,40,1240,13,4,0.93,13.333,0.546,30.769,0.16,0.137,0.709,0.275
jnk3,PLECRF(ODDT)/GlideSP,5.0,NEF,,5.082,16.129,5.0,40,1240,62,10,0.852,5.769,0.603,25.0,0.168,0.163,0.709,0.275
kif11,PLECRF(ODDT)/GlideSP,0.5,NEF,,30.225,100.0,31.0,40,1240,7,7,1.0,inf,0.588,100.0,0.413,0.291,0.669,0.595
kif11,PLECRF(ODDT)/GlideSP,1.0,NEF,,23.25,76.923,23.846,40,1240,13,10,0.99,100.0,0.624,76.923,0.429,0.367,0.669,0.595
kif11,PLECRF(ODDT)/GlideSP,5.0,NEF,,5.946,19.355,6.0,40,1240,62,12,0.878,7.2,0.629,30.0,0.209,0.204,0.669,0.595
lck,PLECRF(ODDT)/GlideSP,0.5,NEF,,17.2,57.143,17.714,40,1240,7,4,0.976,40.0,0.549,57.143,0.23,0.162,0.823,0.583
lck,PLECRF(ODDT)/GlideSP,1.0,NEF,,20.84,69.231,21.462,40,1240,13,9,0.985,67.5,0.611,69.231,0.385,0.329,0.823,0.583
lck,PLECRF(ODDT)/GlideSP,5.0,NEF,,9.869,32.258,10.0,40,1240,62,20,0.935,14.286,0.732,50.0,0.377,0.367,0.823,0.583
mdm2,PLECRF(ODDT)/GlideSP,0.5,NEF,,0.0,0.0,0.0,40,1240,7,0,0.0,0.0,0.497,0.0,-0.014,-0.01,0.374,0.109
mdm2,PLECRF(ODDT)/GlideSP,1.0,NEF,,4.99,15.385,4.769,40,1240,13,2,0.845,5.455,0.52,15.385,0.071,0.061,0.374,0.109
mdm2,PLECRF(ODDT)/GlideSP,5.0,NEF,,2.496,8.065,2.5,40,1240,62,5,0.725,2.632,0.539,12.5,0.063,0.061,0.374,0.109
mk2,PLECRF(ODDT)/GlideSP,0.5,NEF,,0.0,0.0,0.0,40,1240,7,0,0.0,0.0,0.497,0.0,-0.014,-0.01,0.724,0.074
mk2,PLECRF(ODDT)/GlideSP,1.0,NEF,,2.62,7.692,2.385,40,1240,13,1,0.714,2.5,0.507,7.692,0.026,0.022,0.724,0.074
mk2,PLECRF(ODDT)/GlideSP,5.0,NEF,,3.732,11.29,3.5,40,1240,62,7,0.792,3.818,0.565,17.5,0.105,0.102,0.724,0.074
mmp2,PLECRF(ODDT)/GlideSP,0.5,NEF,,4.386,14.286,4.429,40,1240,7,1,0.833,5.0,0.51,14.286,0.047,0.033,0.582,0.103
mmp2,PLECRF(ODDT)/GlideSP,1.0,NEF,,4.72,15.385,4.769,40,1240,13,2,0.845,5.455,0.52,15.385,0.071,0.061,0.582,0.103
mmp2,PLECRF(ODDT)/GlideSP,5.0,NEF,,1.981,6.452,2.0,40,1240,62,4,0.674,2.069,0.526,10.0,0.042,0.041,0.582,0.103
na,PLECRF(ODDT)/GlideSP,0.5,NEF,,30.975,100.0,31.0,40,1240,7,7,1.0,inf,0.588,100.0,0.413,0.291,0.81,0.704
na,PLECRF(ODDT)/GlideSP,1.0,NEF,,23.83,76.923,23.846,40,1240,13,10,0.99,100.0,0.624,76.923,0.429,0.367,0.81,0.704
na,PLECRF(ODDT)/GlideSP,5.0,NEF,,10.492,33.871,10.5,40,1240,62,21,0.939,15.366,0.745,52.5,0.398,0.388,0.81,0.704
p38-alpha,PLECRF(ODDT)/GlideSP,0.5,NEF,,17.457,57.143,17.714,40,1240,7,4,0.976,40.0,0.549,57.143,0.23,0.162,0.609,0.288
p38-alpha,PLECRF(ODDT)/GlideSP,1.0,NEF,,9.4,30.769,9.538,40,1240,13,4,0.93,13.333,0.546,30.769,0.16,0.137,0.609,0.288
p38-alpha,PLECRF(ODDT)/GlideSP,5.0,NEF,,2.956,9.677,3.0,40,1240,62,6,0.763,3.214,0.552,15.0,0.084,0.082,0.609,0.288
parp-1,PLECRF(ODDT)/GlideSP,0.5,NEF,,4.307,14.286,4.429,40,1240,7,1,0.833,5.0,0.51,14.286,0.047,0.033,0.624,0.108
parp-1,PLECRF(ODDT)/GlideSP,1.0,NEF,,4.64,15.385,4.769,40,1240,13,2,0.845,5.455,0.52,15.385,0.071,0.061,0.624,0.108
parp-1,PLECRF(ODDT)/GlideSP,5.0,NEF,,1.977,6.452,2.0,40,1240,62,4,0.674,2.069,0.526,10.0,0.042,0.041,0.624,0.108
pde4b,PLECRF(ODDT)/GlideSP,0.5,NEF,,0.0,0.0,0.0,40,1240,7,0,0.0,0.0,0.497,0.0,-0.014,-0.01,0.696,0.109
pde4b,PLECRF(ODDT)/GlideSP,1.0,NEF,,4.74,15.385,4.769,40,1240,13,2,0.845,5.455,0.52,15.385,0.071,0.061,0.696,0.109
pde4b,PLECRF(ODDT)/GlideSP,5.0,NEF,,2.484,8.065,2.5,40,1240,62,5,0.725,2.632,0.539,12.5,0.063,0.061,0.696,0.109
pde5,PLECRF(ODDT)/GlideSP,0.5,NEF,,18.436,57.143,17.714,40,1240,7,4,0.976,40.0,0.549,57.143,0.23,0.162,0.603,0.333
pde5,PLECRF(ODDT)/GlideSP,1.0,NEF,,12.41,38.462,11.923,40,1240,13,5,0.949,18.75,0.559,38.462,0.205,0.176,0.603,0.333
pde5,PLECRF(ODDT)/GlideSP,5.0,NEF,,3.643,11.29,3.5,40,1240,62,7,0.792,3.818,0.565,17.5,0.105,0.102,0.603,0.333
pdk1,PLECRF(ODDT)/GlideSP,0.5,NEF,,4.534,14.286,4.429,40,1240,7,1,0.833,5.0,0.51,14.286,0.047,0.033,0.672,0.304
pdk1,PLECRF(ODDT)/GlideSP,1.0,NEF,,4.88,15.385,4.769,40,1240,13,2,0.845,5.455,0.52,15.385,0.071,0.061,0.672,0.304
pdk1,PLECRF(ODDT)/GlideSP,5.0,NEF,,6.243,19.355,6.0,40,1240,62,12,0.878,7.2,0.629,30.0,0.209,0.204,0.672,0.304
pi3kg,PLECRF(ODDT)/GlideSP,0.5,NEF,,22.161,71.429,22.143,40,1240,7,5,0.987,75.0,0.562,71.429,0.291,0.205,0.789,0.402
pi3kg,PLECRF(ODDT)/GlideSP,1.0,NEF,,14.32,46.154,14.308,40,1240,13,6,0.963,25.714,0.572,46.154,0.25,0.214,0.789,0.402
pi3kg,PLECRF(ODDT)/GlideSP,5.0,NEF,,5.595,17.742,5.5,40,1240,62,11,0.866,6.471,0.616,27.5,0.188,0.184,0.789,0.402
pim-1,PLECRF(ODDT)/GlideSP,0.5,NEF,,4.318,14.286,4.429,40,1240,7,1,0.833,5.0,0.51,14.286,0.047,0.033,0.651,0.179
pim-1,PLECRF(ODDT)/GlideSP,1.0,NEF,,4.65,15.385,4.769,40,1240,13,2,0.845,5.455,0.52,15.385,0.071,0.061,0.651,0.179
pim-1,PLECRF(ODDT)/GlideSP,5.0,NEF,,4.459,14.516,4.5,40,1240,62,9,0.836,5.094,0.59,22.5,0.147,0.143,0.651,0.179
pim-2,PLECRF(ODDT)/GlideSP,0.5,NEF,,0.0,0.0,0.0,40,1240,7,0,0.0,0.0,0.497,0.0,-0.014,-0.01,0.489,0.056
pim-2,PLECRF(ODDT)/GlideSP,1.0,NEF,,0.0,0.0,0.0,40,1240,13,0,0.0,0.0,0.495,0.0,-0.019,-0.016,0.489,0.056
pim-2,PLECRF(ODDT)/GlideSP,5.0,NEF,,2.539,8.065,2.5,40,1240,62,5,0.725,2.632,0.539,12.5,0.063,0.061,0.489,0.056
pnp,PLECRF(ODDT)/GlideSP,0.5,NEF,,0.0,0.0,0.0,40,1240,7,0,0.0,0.0,0.497,0.0,-0.014,-0.01,0.399,0.001
pnp,PLECRF(ODDT)/GlideSP,1.0,NEF,,0.0,0.0,0.0,40,1240,13,0,0.0,0.0,0.495,0.0,-0.019,-0.016,0.399,0.001
pnp,PLECRF(ODDT)/GlideSP,5.0,NEF,,0.0,0.0,0.0,40,1240,62,0,0.0,0.0,0.474,0.0,-0.042,-0.041,0.399,0.001
ppara,PLECRF(ODDT)/GlideSP,0.5,NEF,,0.0,0.0,0.0,40,1240,7,0,0.0,0.0,0.497,0.0,-0.014,-0.01,0.723,0.063
ppara,PLECRF(ODDT)/GlideSP,1.0,NEF,,2.5,7.692,2.385,40,1240,13,1,0.714,2.5,0.507,7.692,0.026,0.022,0.723,0.063
ppara,PLECRF(ODDT)/GlideSP,5.0,NEF,,1.576,4.839,1.5,40,1240,62,3,0.604,1.525,0.513,7.5,0.021,0.02,0.723,0.063
pparg,PLECRF(ODDT)/GlideSP,0.5,NEF,,4.75,14.286,4.429,40,1240,7,1,0.833,5.0,0.51,14.286,0.047,0.033,0.573,0.102
pparg,PLECRF(ODDT)/GlideSP,1.0,NEF,,2.38,7.692,2.385,40,1240,13,1,0.714,2.5,0.507,7.692,0.026,0.022,0.573,0.102
pparg,PLECRF(ODDT)/GlideSP,5.0,NEF,,2.0,6.452,2.0,40,1240,62,4,0.674,2.069,0.526,10.0,0.042,0.041,0.573,0.102
pr,PLECRF(ODDT)/GlideSP,0.5,NEF,,0.0,0.0,0.0,40,1240,7,0,0.0,0.0,0.497,0.0,-0.014,-0.01,0.485,0.026
pr,PLECRF(ODDT)/GlideSP,1.0,NEF,,0.0,0.0,0.0,40,1240,13,0,0.0,0.0,0.495,0.0,-0.019,-0.016,0.485,0.026
pr,PLECRF(ODDT)/GlideSP,5.0,NEF,,1.131,3.226,1.0,40,1240,62,2,0.5,1.0,0.5,5.0,0.0,0.0,0.485,0.026
prkcq,PLECRF(ODDT)/GlideSP,0.5,NEF,,5.263,14.286,4.429,40,1240,7,1,0.833,5.0,0.51,14.286,0.047,0.033,0.762,0.194
prkcq,PLECRF(ODDT)/GlideSP,1.0,NEF,,5.26,15.385,4.769,40,1240,13,2,0.845,5.455,0.52,15.385,0.071,0.061,0.762,0.194
prkcq,PLECRF(ODDT)/GlideSP,5.0,NEF,,5.263,17.742,5.5,40,1240,62,11,0.866,6.471,0.616,27.5,0.188,0.184,0.762,0.194
pygl-in,PLECRF(ODDT)/GlideSP,0.5,NEF,,0.0,0.0,0.0,40,1240,7,0,0.0,0.0,0.497,0.0,-0.014,-0.01,0.625,0.071
pygl-in,PLECRF(ODDT)/GlideSP,1.0,NEF,,2.37,7.692,2.385,40,1240,13,1,0.714,2.5,0.507,7.692,0.026,0.022,0.625,0.071
pygl-in,PLECRF(ODDT)/GlideSP,5.0,NEF,,3.974,12.903,4.0,40,1240,62,8,0.816,4.444,0.578,20.0,0.126,0.122,0.625,0.071
pygl-out,PLECRF(ODDT)/GlideSP,0.5,NEF,,0.0,0.0,0.0,40,1240,7,0,0.0,0.0,0.497,0.0,-0.014,-0.01,0.525,0.002
pygl-out,PLECRF(ODDT)/GlideSP,1.0,NEF,,0.0,0.0,0.0,40,1240,13,0,0.0,0.0,0.495,0.0,-0.019,-0.016,0.525,0.002
pygl-out,PLECRF(ODDT)/GlideSP,5.0,NEF,,0.498,1.613,0.5,40,1240,62,1,0.33,0.492,0.487,2.5,-0.021,-0.02,0.525,0.002
qpct,PLECRF(ODDT)/GlideSP,0.5,NEF,,0.0,0.0,0.0,40,1240,7,0,0.0,0.0,0.497,0.0,-0.014,-0.01,0.503,0.0
qpct,PLECRF(ODDT)/GlideSP,1.0,NEF,,0.0,0.0,0.0,40,1240,13,0,0.0,0.0,0.495,0.0,-0.019,-0.016,0.503,0.0
qpct,PLECRF(ODDT)/GlideSP,5.0,NEF,,0.0,0.0,0.0,40,1240,62,0,0.0,0.0,0.474,0.0,-0.042,-0.041,0.503,0.0
rock-1,PLECRF(ODDT)/GlideSP,0.5,NEF,,4.311,14.286,4.429,40,1240,7,1,0.833,5.0,0.51,14.286,0.047,0.033,0.511,0.073
rock-1,PLECRF(ODDT)/GlideSP,1.0,NEF,,2.32,7.692,2.385,40,1240,13,1,0.714,2.5,0.507,7.692,0.026,0.022,0.511,0.073
rock-1,PLECRF(ODDT)/GlideSP,5.0,NEF,,0.989,3.226,1.0,40,1240,62,2,0.5,1.0,0.5,5.0,0.0,0.0,0.511,0.073
rxr,PLECRF(ODDT)/GlideSP,0.5,NEF,,0.0,0.0,0.0,40,1240,7,0,0.0,0.0,0.497,0.0,-0.014,-0.01,0.575,0.031
rxr,PLECRF(ODDT)/GlideSP,1.0,NEF,,0.0,0.0,0.0,40,1240,13,0,0.0,0.0,0.495,0.0,-0.019,-0.016,0.575,0.031
rxr,PLECRF(ODDT)/GlideSP,5.0,NEF,,1.62,4.839,1.5,40,1240,62,3,0.604,1.525,0.513,7.5,0.021,0.02,0.575,0.031
sars-hcov,PLECRF(ODDT)/GlideSP,0.5,NEF,,0.0,0.0,0.0,39,1209,7,0,0.0,0.0,0.497,0.0,-0.014,-0.01,0.36,0.015
sars-hcov,PLECRF(ODDT)/GlideSP,1.0,NEF,,0.0,0.0,0.0,39,1209,13,0,0.0,0.0,0.494,0.0,-0.019,-0.016,0.36,0.015
sars-hcov,PLECRF(ODDT)/GlideSP,5.0,NEF,,0.505,1.639,0.508,39,1209,61,1,0.333,0.5,0.487,2.564,-0.021,-0.02,0.36,0.015
sirt2,PLECRF(ODDT)/GlideSP,0.5,NEF,,0.0,0.0,0.0,40,1240,7,0,0.0,0.0,0.497,0.0,-0.014,-0.01,0.363,0.0
sirt2,PLECRF(ODDT)/GlideSP,1.0,NEF,,0.0,0.0,0.0,40,1240,13,0,0.0,0.0,0.495,0.0,-0.019,-0.016,0.363,0.0
sirt2,PLECRF(ODDT)/GlideSP,5.0,NEF,,0.0,0.0,0.0,40,1240,62,0,0.0,0.0,0.474,0.0,-0.042,-0.041,0.363,0.0
src,PLECRF(ODDT)/GlideSP,0.5,NEF,,13.308,42.857,13.286,40,1240,7,3,0.957,22.5,0.536,42.857,0.169,0.119,0.602,0.258
src,PLECRF(ODDT)/GlideSP,1.0,NEF,,7.17,23.077,7.154,40,1240,13,3,0.9,9.0,0.533,23.077,0.116,0.099,0.602,0.258
src,PLECRF(ODDT)/GlideSP,5.0,NEF,,4.072,12.903,4.0,40,1240,62,8,0.816,4.444,0.578,20.0,0.126,0.122,0.602,0.258
thrombin,PLECRF(ODDT)/GlideSP,0.5,NEF,,13.658,42.857,13.286,40,1240,7,3,0.957,22.5,0.536,42.857,0.169,0.119,0.593,0.28
thrombin,PLECRF(ODDT)/GlideSP,1.0,NEF,,9.81,30.769,9.538,40,1240,13,4,0.93,13.333,0.546,30.769,0.16,0.137,0.593,0.28
thrombin,PLECRF(ODDT)/GlideSP,5.0,NEF,,4.702,14.516,4.5,40,1240,62,9,0.836,5.094,0.59,22.5,0.147,0.143,0.593,0.28
tie2,PLECRF(ODDT)/GlideSP,0.5,NEF,,19.983,71.429,22.143,40,1240,7,5,0.987,75.0,0.562,71.429,0.291,0.205,0.69,0.394
tie2,PLECRF(ODDT)/GlideSP,1.0,NEF,,17.49,53.846,16.692,40,1240,13,7,0.972,35.0,0.585,53.846,0.295,0.252,0.69,0.394
tie2,PLECRF(ODDT)/GlideSP,5.0,NEF,,4.496,14.516,4.5,40,1240,62,9,0.836,5.094,0.59,22.5,0.147,0.143,0.69,0.394
tk,PLECRF(ODDT)/GlideSP,0.5,NEF,,0.0,0.0,0.0,40,1240,7,0,0.0,0.0,0.497,0.0,-0.014,-0.01,0.543,0.0
tk,PLECRF(ODDT)/GlideSP,1.0,NEF,,0.0,0.0,0.0,40,1240,13,0,0.0,0.0,0.495,0.0,-0.019,-0.016,0.543,0.0
tk,PLECRF(ODDT)/GlideSP,5.0,NEF,,0.0,0.0,0.0,40,1240,62,0,0.0,0.0,0.474,0.0,-0.042,-0.041,0.543,0.0
tp,PLECRF(ODDT)/GlideSP,0.5,NEF,,0.0,0.0,0.0,40,1240,7,0,0.0,0.0,0.497,0.0,-0.014,-0.01,0.268,0.0
tp,PLECRF(ODDT)/GlideSP,1.0,NEF,,0.0,0.0,0.0,40,1240,13,0,0.0,0.0,0.495,0.0,-0.019,-0.016,0.268,0.0
tp,PLECRF(ODDT)/GlideSP,5.0,NEF,,0.0,0.0,0.0,40,1240,62,0,0.0,0.0,0.474,0.0,-0.042,-0.041,0.268,0.0
tpa,PLECRF(ODDT)/GlideSP,0.5,NEF,,5.092,14.286,4.429,40,1240,7,1,0.833,5.0,0.51,14.286,0.047,0.033,0.472,0.081
tpa,PLECRF(ODDT)/GlideSP,1.0,NEF,,2.55,7.692,2.385,40,1240,13,1,0.714,2.5,0.507,7.692,0.026,0.022,0.472,0.081
tpa,PLECRF(ODDT)/GlideSP,5.0,NEF,,1.554,4.839,1.5,40,1240,62,3,0.604,1.525,0.513,7.5,0.021,0.02,0.472,0.081
ts,PLECRF(ODDT)/GlideSP,0.5,NEF,,0.0,0.0,0.0,40,1239,7,0,0.0,0.0,0.497,0.0,-0.014,-0.01,0.514,0.012
ts,PLECRF(ODDT)/GlideSP,1.0,NEF,,0.0,0.0,0.0,40,1239,13,0,0.0,0.0,0.495,0.0,-0.019,-0.016,0.514,0.012
ts,PLECRF(ODDT)/GlideSP,5.0,NEF,,1.5,4.839,1.499,40,1239,62,3,0.604,1.524,0.513,7.5,0.021,0.02,0.514,0.012
upa,PLECRF(ODDT)/GlideSP,0.5,NEF,,4.983,14.286,4.429,40,1240,7,1,0.833,5.0,0.51,14.286,0.047,0.033,0.549,0.078
upa,PLECRF(ODDT)/GlideSP,1.0,NEF,,2.49,7.692,2.385,40,1240,13,1,0.714,2.5,0.507,7.692,0.026,0.022,0.549,0.078
upa,PLECRF(ODDT)/GlideSP,5.0,NEF,,0.997,3.226,1.0,40,1240,62,2,0.5,1.0,0.5,5.0,0.0,0.0,0.549,0.078
vegfr1,PLECRF(ODDT)/GlideSP,0.5,NEF,,4.991,14.286,4.429,40,1240,7,1,0.833,5.0,0.51,14.286,0.047,0.033,0.661,0.272
vegfr1,PLECRF(ODDT)/GlideSP,1.0,NEF,,9.98,30.769,9.538,40,1240,13,4,0.93,13.333,0.546,30.769,0.16,0.137,0.661,0.272
vegfr1,PLECRF(ODDT)/GlideSP,5.0,NEF,,5.779,19.355,6.0,40,1240,62,12,0.878,7.2,0.629,30.0,0.209,0.204,0.661,0.272
vegfr2,PLECRF(ODDT)/GlideSP,0.5,NEF,,0.0,0.0,0.0,40,1240,7,0,0.0,0.0,0.497,0.0,-0.014,-0.01,0.583,0.07
vegfr2,PLECRF(ODDT)/GlideSP,1.0,NEF,,2.41,7.692,2.385,40,1240,13,1,0.714,2.5,0.507,7.692,0.026,0.022,0.583,0.07
vegfr2,PLECRF(ODDT)/GlideSP,5.0,NEF,,2.051,6.452,2.0,40,1240,62,4,0.674,2.069,0.526,10.0,0.042,0.041,0.583,0.07
11betahsd1,RF-Scorev1(ODDT)/GlideSP,0.5,NEF,,0.0,0.0,0.0,40,1240,7,0,0.0,0.0,0.497,0.0,-0.014,-0.01,0.496,0.001
11betahsd1,RF-Scorev1(ODDT)/GlideSP,1.0,NEF,,0.0,0.0,0.0,40,1240,13,0,0.0,0.0,0.495,0.0,-0.019,-0.016,0.496,0.001
11betahsd1,RF-Scorev1(ODDT)/GlideSP,5.0,NEF,,0.0,0.0,0.0,40,1240,62,0,0.0,0.0,0.474,0.0,-0.042,-0.041,0.496,0.001
17betahsd1,RF-Scorev1(ODDT)/GlideSP,0.5,NEF,,0.0,0.0,0.0,40,1240,7,0,0.0,0.0,0.497,0.0,-0.014,-0.01,0.396,0.04
17betahsd1,RF-Scorev1(ODDT)/GlideSP,1.0,NEF,,0.0,0.0,0.0,40,1240,13,0,0.0,0.0,0.495,0.0,-0.019,-0.016,0.396,0.04
17betahsd1,RF-Scorev1(ODDT)/GlideSP,5.0,NEF,,0.99,3.226,1.0,40,1240,62,2,0.5,1.0,0.5,5.0,0.0,0.0,0.396,0.04
a2a,RF-Scorev1(ODDT)/GlideSP,0.5,NEF,,0.0,0.0,0.0,40,1240,7,0,0.0,0.0,0.497,0.0,-0.014,-0.01,0.674,0.046
a2a,RF-Scorev1(ODDT)/GlideSP,1.0,NEF,,2.36,7.692,2.385,40,1240,13,1,0.714,2.5,0.507,7.692,0.026,0.022,0.674,0.046
a2a,RF-Scorev1(ODDT)/GlideSP,5.0,NEF,,0.495,1.613,0.5,40,1240,62,1,0.33,0.492,0.487,2.5,-0.021,-0.02,0.674,0.046
ace,RF-Scorev1(ODDT)/GlideSP,0.5,NEF,,4.411,14.286,4.429,40,1240,7,1,0.833,5.0,0.51,14.286,0.047,0.033,0.527,0.154
ace,RF-Scorev1(ODDT)/GlideSP,1.0,NEF,,2.38,7.692,2.385,40,1240,13,1,0.714,2.5,0.507,7.692,0.026,0.022,0.527,0.154
ace,RF-Scorev1(ODDT)/GlideSP,5.0,NEF,,3.486,11.29,3.5,40,1240,62,7,0.792,3.818,0.565,17.5,0.105,0.102,0.527,0.154
ace2,RF-Scorev1(ODDT)/GlideSP,0.5,NEF,,0.0,0.0,0.0,40,1240,7,0,0.0,0.0,0.497,0.0,-0.014,-0.01,0.615,0.137
ace2,RF-Scorev1(ODDT)/GlideSP,1.0,NEF,,4.77,15.385,4.769,40,1240,13,2,0.845,5.455,0.52,15.385,0.071,0.061,0.615,0.137
ace2,RF-Scorev1(ODDT)/GlideSP,5.0,NEF,,3.497,11.29,3.5,40,1240,62,7,0.792,3.818,0.565,17.5,0.105,0.102,0.615,0.137
ache,RF-Scorev1(ODDT)/GlideSP,0.5,NEF,,8.721,28.571,8.857,40,1240,7,2,0.923,12.0,0.523,28.571,0.108,0.076,0.563,0.154
ache,RF-Scorev1(ODDT)/GlideSP,1.0,NEF,,4.7,15.385,4.769,40,1240,13,2,0.845,5.455,0.52,15.385,0.071,0.061,0.563,0.154
ache,RF-Scorev1(ODDT)/GlideSP,5.0,NEF,,2.462,8.065,2.5,40,1240,62,5,0.725,2.632,0.539,12.5,0.063,0.061,0.563,0.154
adam17,RF-Scorev1(ODDT)/GlideSP,0.5,NEF,,4.393,14.286,4.429,40,1240,7,1,0.833,5.0,0.51,14.286,0.047,0.033,0.386,0.081
adam17,RF-Scorev1(ODDT)/GlideSP,1.0,NEF,,2.37,7.692,2.385,40,1240,13,1,0.714,2.5,0.507,7.692,0.026,0.022,0.386,0.081
adam17,RF-Scorev1(ODDT)/GlideSP,5.0,NEF,,0.992,3.226,1.0,40,1240,62,2,0.5,1.0,0.5,5.0,0.0,0.0,0.386,0.081
adrb2,RF-Scorev1(ODDT)/GlideSP,0.5,NEF,,0.0,0.0,0.0,40,1240,7,0,0.0,0.0,0.497,0.0,-0.014,-0.01,0.486,0.028
adrb2,RF-Scorev1(ODDT)/GlideSP,1.0,NEF,,0.0,0.0,0.0,40,1240,13,0,0.0,0.0,0.495,0.0,-0.019,-0.016,0.486,0.028
adrb2,RF-Scorev1(ODDT)/GlideSP,5.0,NEF,,0.992,3.226,1.0,40,1240,62,2,0.5,1.0,0.5,5.0,0.0,0.0,0.486,0.028
akt1,RF-Scorev1(ODDT)/GlideSP,0.5,NEF,,0.0,0.0,0.0,40,1240,7,0,0.0,0.0,0.497,0.0,-0.014,-0.01,0.567,0.019
akt1,RF-Scorev1(ODDT)/GlideSP,1.0,NEF,,0.0,0.0,0.0,40,1240,13,0,0.0,0.0,0.495,0.0,-0.019,-0.016,0.567,0.019
akt1,RF-Scorev1(ODDT)/GlideSP,5.0,NEF,,1.01,3.226,1.0,40,1240,62,2,0.5,1.0,0.5,5.0,0.0,0.0,0.567,0.019
alr2,RF-Scorev1(ODDT)/GlideSP,0.5,NEF,,0.0,0.0,0.0,40,1240,7,0,0.0,0.0,0.497,0.0,-0.014,-0.01,0.455,0.001
alr2,RF-Scorev1(ODDT)/GlideSP,1.0,NEF,,0.0,0.0,0.0,40,1240,13,0,0.0,0.0,0.495,0.0,-0.019,-0.016,0.455,0.001
alr2,RF-Scorev1(ODDT)/GlideSP,5.0,NEF,,0.0,0.0,0.0,40,1240,62,0,0.0,0.0,0.474,0.0,-0.042,-0.041,0.455,0.001
ar,RF-Scorev1(ODDT)/GlideSP,0.5,NEF,,5.643,14.286,4.429,40,1240,7,1,0.833,5.0,0.51,14.286,0.047,0.033,0.546,0.286
ar,RF-Scorev1(ODDT)/GlideSP,1.0,NEF,,3.22,7.692,2.385,40,1240,13,1,0.714,2.5,0.507,7.692,0.026,0.022,0.546,0.286
ar,RF-Scorev1(ODDT)/GlideSP,5.0,NEF,,4.938,16.129,5.0,40,1240,62,10,0.852,5.769,0.603,25.0,0.168,0.163,0.546,0.286
aurka,RF-Scorev1(ODDT)/GlideSP,0.5,NEF,,8.864,28.571,8.857,40,1240,7,2,0.923,12.0,0.523,28.571,0.108,0.076,0.615,0.183
aurka,RF-Scorev1(ODDT)/GlideSP,1.0,NEF,,7.16,23.077,7.154,40,1240,13,3,0.9,9.0,0.533,23.077,0.116,0.099,0.615,0.183
aurka,RF-Scorev1(ODDT)/GlideSP,5.0,NEF,,2.543,8.065,2.5,40,1240,62,5,0.725,2.632,0.539,12.5,0.063,0.061,0.615,0.183
aurkb,RF-Scorev1(ODDT)/GlideSP,0.5,NEF,,8.679,28.571,8.857,40,1240,7,2,0.923,12.0,0.523,28.571,0.108,0.076,0.693,0.203
aurkb,RF-Scorev1(ODDT)/GlideSP,1.0,NEF,,7.01,23.077,7.154,40,1240,13,3,0.9,9.0,0.533,23.077,0.116,0.099,0.693,0.203
aurkb,RF-Scorev1(ODDT)/GlideSP,5.0,NEF,,3.984,12.903,4.0,40,1240,62,8,0.816,4.444,0.578,20.0,0.126,0.122,0.693,0.203
bcl2,RF-Scorev1(ODDT)/GlideSP,0.5,NEF,,26.207,85.714,26.571,40,1240,7,6,0.994,180.0,0.575,85.714,0.352,0.248,0.791,0.6
bcl2,RF-Scorev1(ODDT)/GlideSP,1.0,NEF,,18.82,61.538,19.077,40,1240,13,8,0.98,48.0,0.598,61.538,0.34,0.291,0.791,0.6
bcl2,RF-Scorev1(ODDT)/GlideSP,5.0,NEF,,8.877,29.032,9.0,40,1240,62,18,0.925,12.273,0.707,45.0,0.335,0.327,0.791,0.6
braf,RF-Scorev1(ODDT)/GlideSP,0.5,NEF,,0.0,0.0,0.0,40,1240,7,0,0.0,0.0,0.497,0.0,-0.014,-0.01,0.559,0.001
braf,RF-Scorev1(ODDT)/GlideSP,1.0,NEF,,0.0,0.0,0.0,40,1240,13,0,0.0,0.0,0.495,0.0,-0.019,-0.016,0.559,0.001
braf,RF-Scorev1(ODDT)/GlideSP,5.0,NEF,,0.0,0.0,0.0,40,1240,62,0,0.0,0.0,0.474,0.0,-0.042,-0.041,0.559,0.001
catl,RF-Scorev1(ODDT)/GlideSP,0.5,NEF,,0.0,0.0,0.0,40,1240,7,0,0.0,0.0,0.497,0.0,-0.014,-0.01,0.708,0.049
catl,RF-Scorev1(ODDT)/GlideSP,1.0,NEF,,0.0,0.0,0.0,40,1240,13,0,0.0,0.0,0.495,0.0,-0.019,-0.016,0.708,0.049
catl,RF-Scorev1(ODDT)/GlideSP,5.0,NEF,,1.492,4.839,1.5,40,1240,62,3,0.604,1.525,0.513,7.5,0.021,0.02,0.708,0.049
cdk2,RF-Scorev1(ODDT)/GlideSP,0.5,NEF,,0.0,0.0,0.0,40,1240,7,0,0.0,0.0,0.497,0.0,-0.014,-0.01,0.587,0.023
cdk2,RF-Scorev1(ODDT)/GlideSP,1.0,NEF,,0.0,0.0,0.0,40,1240,13,0,0.0,0.0,0.495,0.0,-0.019,-0.016,0.587,0.023
cdk2,RF-Scorev1(ODDT)/GlideSP,5.0,NEF,,0.997,3.226,1.0,40,1240,62,2,0.5,1.0,0.5,5.0,0.0,0.0,0.587,0.023
cox1,RF-Scorev1(ODDT)/GlideSP,0.5,NEF,,0.0,0.0,0.0,40,1240,7,0,0.0,0.0,0.497,0.0,-0.014,-0.01,0.393,0.0
cox1,RF-Scorev1(ODDT)/GlideSP,1.0,NEF,,0.0,0.0,0.0,40,1240,13,0,0.0,0.0,0.495,0.0,-0.019,-0.016,0.393,0.0
cox1,RF-Scorev1(ODDT)/GlideSP,5.0,NEF,,0.0,0.0,0.0,40,1240,62,0,0.0,0.0,0.474,0.0,-0.042,-0.041,0.393,0.0
cox2,RF-Scorev1(ODDT)/GlideSP,0.5,NEF,,0.0,0.0,0.0,40,1240,7,0,0.0,0.0,0.497,0.0,-0.014,-0.01,0.371,0.0
cox2,RF-Scorev1(ODDT)/GlideSP,1.0,NEF,,0.0,0.0,0.0,40,1240,13,0,0.0,0.0,0.495,0.0,-0.019,-0.016,0.371,0.0
cox2,RF-Scorev1(ODDT)/GlideSP,5.0,NEF,,0.0,0.0,0.0,40,1240,62,0,0.0,0.0,0.474,0.0,-0.042,-0.041,0.371,0.0
ctsk,RF-Scorev1(ODDT)/GlideSP,0.5,NEF,,0.0,0.0,0.0,40,1240,7,0,0.0,0.0,0.497,0.0,-0.014,-0.01,0.648,0.043
ctsk,RF-Scorev1(ODDT)/GlideSP,1.0,NEF,,0.0,0.0,0.0,40,1240,13,0,0.0,0.0,0.495,0.0,-0.019,-0.016,0.648,0.043
ctsk,RF-Scorev1(ODDT)/GlideSP,5.0,NEF,,2.49,8.065,2.5,40,1240,62,5,0.725,2.632,0.539,12.5,0.063,0.061,0.648,0.043
cyp2a6,RF-Scorev1(ODDT)/GlideSP,0.5,NEF,,0.0,0.0,0.0,40,1240,7,0,0.0,0.0,0.497,0.0,-0.014,-0.01,0.412,0.0
cyp2a6,RF-Scorev1(ODDT)/GlideSP,1.0,NEF,,0.0,0.0,0.0,40,1240,13,0,0.0,0.0,0.495,0.0,-0.019,-0.016,0.412,0.0
cyp2a6,RF-Scorev1(ODDT)/GlideSP,5.0,NEF,,0.0,0.0,0.0,40,1240,62,0,0.0,0.0,0.474,0.0,-0.042,-0.041,0.412,0.0
dhfr,RF-Scorev1(ODDT)/GlideSP,0.5,NEF,,0.0,0.0,0.0,40,1240,7,0,0.0,0.0,0.497,0.0,-0.014,-0.01,0.678,0.033
dhfr,RF-Scorev1(ODDT)/GlideSP,1.0,NEF,,0.0,0.0,0.0,40,1240,13,0,0.0,0.0,0.495,0.0,-0.019,-0.016,0.678,0.033
dhfr,RF-Scorev1(ODDT)/GlideSP,5.0,NEF,,1.974,6.452,2.0,40,1240,62,4,0.674,2.069,0.526,10.0,0.042,0.041,0.678,0.033
egfr,RF-Scorev1(ODDT)/GlideSP,0.5,NEF,,0.0,0.0,0.0,40,1240,7,0,0.0,0.0,0.497,0.0,-0.014,-0.01,0.56,0.044
egfr,RF-Scorev1(ODDT)/GlideSP,1.0,NEF,,2.38,7.692,2.385,40,1240,13,1,0.714,2.5,0.507,7.692,0.026,0.022,0.56,0.044
egfr,RF-Scorev1(ODDT)/GlideSP,5.0,NEF,,0.507,1.613,0.5,40,1240,62,1,0.33,0.492,0.487,2.5,-0.021,-0.02,0.56,0.044
ephb4,RF-Scorev1(ODDT)/GlideSP,0.5,NEF,,0.0,0.0,0.0,40,1240,7,0,0.0,0.0,0.497,0.0,-0.014,-0.01,0.666,0.014
ephb4,RF-Scorev1(ODDT)/GlideSP,1.0,NEF,,0.0,0.0,0.0,40,1240,13,0,0.0,0.0,0.495,0.0,-0.019,-0.016,0.666,0.014
ephb4,RF-Scorev1(ODDT)/GlideSP,5.0,NEF,,1.493,4.839,1.5,40,1240,62,3,0.604,1.525,0.513,7.5,0.021,0.02,0.666,0.014
erbb2,RF-Scorev1(ODDT)/GlideSP,0.5,NEF,,0.0,0.0,0.0,40,1240,7,0,0.0,0.0,0.497,0.0,-0.014,-0.01,0.722,0.021
erbb2,RF-Scorev1(ODDT)/GlideSP,1.0,NEF,,0.0,0.0,0.0,40,1240,13,0,0.0,0.0,0.495,0.0,-0.019,-0.016,0.722,0.021
erbb2,RF-Scorev1(ODDT)/GlideSP,5.0,NEF,,1.48,4.839,1.5,40,1240,62,3,0.604,1.525,0.513,7.5,0.021,0.02,0.722,0.021
er-beta,RF-Scorev1(ODDT)/GlideSP,0.5,NEF,,5.717,14.286,4.429,40,1240,7,1,0.833,5.0,0.51,14.286,0.047,0.033,0.355,0.272
er-beta,RF-Scorev1(ODDT)/GlideSP,1.0,NEF,,12.7,38.462,11.923,40,1240,13,5,0.949,18.75,0.559,38.462,0.205,0.176,0.355,0.272
er-beta,RF-Scorev1(ODDT)/GlideSP,5.0,NEF,,2.722,8.065,2.5,40,1240,62,5,0.725,2.632,0.539,12.5,0.063,0.061,0.355,0.272
fgfr1,RF-Scorev1(ODDT)/GlideSP,0.5,NEF,,0.0,0.0,0.0,40,1240,7,0,0.0,0.0,0.497,0.0,-0.014,-0.01,0.596,0.001
fgfr1,RF-Scorev1(ODDT)/GlideSP,1.0,NEF,,0.0,0.0,0.0,40,1240,13,0,0.0,0.0,0.495,0.0,-0.019,-0.016,0.596,0.001
fgfr1,RF-Scorev1(ODDT)/GlideSP,5.0,NEF,,0.0,0.0,0.0,40,1240,62,0,0.0,0.0,0.474,0.0,-0.042,-0.041,0.596,0.001
fkbp1a,RF-Scorev1(ODDT)/GlideSP,0.5,NEF,,0.0,0.0,0.0,40,1240,7,0,0.0,0.0,0.497,0.0,-0.014,-0.01,0.415,0.0
fkbp1a,RF-Scorev1(ODDT)/GlideSP,1.0,NEF,,0.0,0.0,0.0,40,1240,13,0,0.0,0.0,0.495,0.0,-0.019,-0.016,0.415,0.0
fkbp1a,RF-Scorev1(ODDT)/GlideSP,5.0,NEF,,0.0,0.0,0.0,40,1240,62,0,0.0,0.0,0.474,0.0,-0.042,-0.041,0.415,0.0
fxa,RF-Scorev1(ODDT)/GlideSP,0.5,NEF,,5.098,14.286,4.429,40,1240,7,1,0.833,5.0,0.51,14.286,0.047,0.033,0.741,0.097
fxa,RF-Scorev1(ODDT)/GlideSP,1.0,NEF,,2.55,7.692,2.385,40,1240,13,1,0.714,2.5,0.507,7.692,0.026,0.022,0.741,0.097
fxa,RF-Scorev1(ODDT)/GlideSP,5.0,NEF,,2.549,8.065,2.5,40,1240,62,5,0.725,2.632,0.539,12.5,0.063,0.061,0.741,0.097
gba,RF-Scorev1(ODDT)/GlideSP,0.5,NEF,,0.0,0.0,0.0,40,1240,7,0,0.0,0.0,0.497,0.0,-0.014,-0.01,0.64,0.155
gba,RF-Scorev1(ODDT)/GlideSP,1.0,NEF,,2.38,7.692,2.385,40,1240,13,1,0.714,2.5,0.507,7.692,0.026,0.022,0.64,0.155
gba,RF-Scorev1(ODDT)/GlideSP,5.0,NEF,,4.482,14.516,4.5,40,1240,62,9,0.836,5.094,0.59,22.5,0.147,0.143,0.64,0.155
gr,RF-Scorev1(ODDT)/GlideSP,0.5,NEF,,0.0,0.0,0.0,40,1240,7,0,0.0,0.0,0.497,0.0,-0.014,-0.01,0.489,0.072
gr,RF-Scorev1(ODDT)/GlideSP,1.0,NEF,,2.35,7.692,2.385,40,1240,13,1,0.714,2.5,0.507,7.692,0.026,0.022,0.489,0.072
gr,RF-Scorev1(ODDT)/GlideSP,5.0,NEF,,1.479,4.839,1.5,40,1240,62,3,0.604,1.525,0.513,7.5,0.021,0.02,0.489,0.072
gsk3b,RF-Scorev1(ODDT)/GlideSP,0.5,NEF,,0.0,0.0,0.0,40,1240,7,0,0.0,0.0,0.497,0.0,-0.014,-0.01,0.595,0.002
gsk3b,RF-Scorev1(ODDT)/GlideSP,1.0,NEF,,0.0,0.0,0.0,40,1240,13,0,0.0,0.0,0.495,0.0,-0.019,-0.016,0.595,0.002
gsk3b,RF-Scorev1(ODDT)/GlideSP,5.0,NEF,,0.0,0.0,0.0,40,1240,62,0,0.0,0.0,0.474,0.0,-0.042,-0.041,0.595,0.002
hdac2,RF-Scorev1(ODDT)/GlideSP,0.5,NEF,,0.0,0.0,0.0,40,1240,7,0,0.0,0.0,0.497,0.0,-0.014,-0.01,0.654,0.047
hdac2,RF-Scorev1(ODDT)/GlideSP,1.0,NEF,,2.33,7.692,2.385,40,1240,13,1,0.714,2.5,0.507,7.692,0.026,0.022,0.654,0.047
hdac2,RF-Scorev1(ODDT)/GlideSP,5.0,NEF,,0.995,3.226,1.0,40,1240,62,2,0.5,1.0,0.5,5.0,0.0,0.0,0.654,0.047
hdac8,RF-Scorev1(ODDT)/GlideSP,0.5,NEF,,0.0,0.0,0.0,40,1240,7,0,0.0,0.0,0.497,0.0,-0.014,-0.01,0.381,0.03
hdac8,RF-Scorev1(ODDT)/GlideSP,1.0,NEF,,0.0,0.0,0.0,40,1240,13,0,0.0,0.0,0.495,0.0,-0.019,-0.016,0.381,0.03
hdac8,RF-Scorev1(ODDT)/GlideSP,5.0,NEF,,0.995,3.226,1.0,40,1240,62,2,0.5,1.0,0.5,5.0,0.0,0.0,0.381,0.03
hiv1pr,RF-Scorev1(ODDT)/GlideSP,0.5,NEF,,14.085,42.857,13.286,40,1240,7,3,0.957,22.5,0.536,42.857,0.169,0.119,0.832,0.533
hiv1pr,RF-Scorev1(ODDT)/GlideSP,1.0,NEF,,17.7,53.846,16.692,40,1240,13,7,0.972,35.0,0.585,53.846,0.295,0.252,0.832,0.533
hiv1pr,RF-Scorev1(ODDT)/GlideSP,5.0,NEF,,10.775,35.484,11.0,40,1240,62,22,0.943,16.5,0.758,55.0,0.419,0.408,0.832,0.533
hiv1rt,RF-Scorev1(ODDT)/GlideSP,0.5,NEF,,4.575,14.286,4.429,40,1240,7,1,0.833,5.0,0.51,14.286,0.047,0.033,0.562,0.11
hiv1rt,RF-Scorev1(ODDT)/GlideSP,1.0,NEF,,4.93,15.385,4.769,40,1240,13,2,0.845,5.455,0.52,15.385,0.071,0.061,0.562,0.11
hiv1rt,RF-Scorev1(ODDT)/GlideSP,5.0,NEF,,1.575,4.839,1.5,40,1240,62,3,0.604,1.525,0.513,7.5,0.021,0.02,0.562,0.11
hmgr,RF-Scorev1(ODDT)/GlideSP,0.5,NEF,,0.0,0.0,0.0,40,1240,7,0,0.0,0.0,0.497,0.0,-0.014,-0.01,0.483,0.0
hmgr,RF-Scorev1(ODDT)/GlideSP,1.0,NEF,,0.0,0.0,0.0,40,1240,13,0,0.0,0.0,0.495,0.0,-0.019,-0.016,0.483,0.0
hmgr,RF-Scorev1(ODDT)/GlideSP,5.0,NEF,,0.0,0.0,0.0,40,1240,62,0,0.0,0.0,0.474,0.0,-0.042,-0.041,0.483,0.0
hsp90,RF-Scorev1(ODDT)/GlideSP,0.5,NEF,,0.0,0.0,0.0,40,1240,7,0,0.0,0.0,0.497,0.0,-0.014,-0.01,0.521,0.032
hsp90,RF-Scorev1(ODDT)/GlideSP,1.0,NEF,,0.0,0.0,0.0,40,1240,13,0,0.0,0.0,0.495,0.0,-0.019,-0.016,0.521,0.032
hsp90,RF-Scorev1(ODDT)/GlideSP,5.0,NEF,,1.493,4.839,1.5,40,1240,62,3,0.604,1.525,0.513,7.5,0.021,0.02,0.521,0.032
igf1r,RF-Scorev1(ODDT)/GlideSP,0.5,NEF,,0.0,0.0,0.0,40,1240,7,0,0.0,0.0,0.497,0.0,-0.014,-0.01,0.667,0.008
igf1r,RF-Scorev1(ODDT)/GlideSP,1.0,NEF,,0.0,0.0,0.0,40,1240,13,0,0.0,0.0,0.495,0.0,-0.019,-0.016,0.667,0.008
igf1r,RF-Scorev1(ODDT)/GlideSP,5.0,NEF,,1.01,3.226,1.0,40,1240,62,2,0.5,1.0,0.5,5.0,0.0,0.0,0.667,0.008
inha,RF-Scorev1(ODDT)/GlideSP,0.5,NEF,,0.0,0.0,0.0,40,1240,7,0,0.0,0.0,0.497,0.0,-0.014,-0.01,0.371,0.003
inha,RF-Scorev1(ODDT)/GlideSP,1.0,NEF,,0.0,0.0,0.0,40,1240,13,0,0.0,0.0,0.495,0.0,-0.019,-0.016,0.371,0.003
inha,RF-Scorev1(ODDT)/GlideSP,5.0,NEF,,0.494,1.613,0.5,40,1240,62,1,0.33,0.492,0.487,2.5,-0.021,-0.02,0.371,0.003
itk,RF-Scorev1(ODDT)/GlideSP,0.5,NEF,,0.0,0.0,0.0,40,1240,7,0,0.0,0.0,0.497,0.0,-0.014,-0.01,0.674,0.023
itk,RF-Scorev1(ODDT)/GlideSP,1.0,NEF,,0.0,0.0,0.0,40,1240,13,0,0.0,0.0,0.495,0.0,-0.019,-0.016,0.674,0.023
itk,RF-Scorev1(ODDT)/GlideSP,5.0,NEF,,1.997,6.452,2.0,40,1240,62,4,0.674,2.069,0.526,10.0,0.042,0.041,0.674,0.023
jak3,RF-Scorev1(ODDT)/GlideSP,0.5,NEF,,0.0,0.0,0.0,40,1240,7,0,0.0,0.0,0.497,0.0,-0.014,-0.01,0.672,0.072
jak3,RF-Scorev1(ODDT)/GlideSP,1.0,NEF,,0.0,0.0,0.0,40,1240,13,0,0.0,0.0,0.495,0.0,-0.019,-0.016,0.672,0.072
jak3,RF-Scorev1(ODDT)/GlideSP,5.0,NEF,,1.995,6.452,2.0,40,1240,62,4,0.674,2.069,0.526,10.0,0.042,0.041,0.672,0.072
jnk1,RF-Scorev1(ODDT)/GlideSP,0.5,NEF,,0.0,0.0,0.0,40,1240,7,0,0.0,0.0,0.497,0.0,-0.014,-0.01,0.692,0.059
jnk1,RF-Scorev1(ODDT)/GlideSP,1.0,NEF,,0.0,0.0,0.0,40,1240,13,0,0.0,0.0,0.495,0.0,-0.019,-0.016,0.692,0.059
jnk1,RF-Scorev1(ODDT)/GlideSP,5.0,NEF,,2.625,8.065,2.5,40,1240,62,5,0.725,2.632,0.539,12.5,0.063,0.061,0.692,0.059
jnk2,RF-Scorev1(ODDT)/GlideSP,0.5,NEF,,0.0,0.0,0.0,40,1240,7,0,0.0,0.0,0.497,0.0,-0.014,-0.01,0.565,0.004
jnk2,RF-Scorev1(ODDT)/GlideSP,1.0,NEF,,0.0,0.0,0.0,40,1240,13,0,0.0,0.0,0.495,0.0,-0.019,-0.016,0.565,0.004
jnk2,RF-Scorev1(ODDT)/GlideSP,5.0,NEF,,0.509,1.613,0.5,40,1240,62,1,0.33,0.492,0.487,2.5,-0.021,-0.02,0.565,0.004
jnk3,RF-Scorev1(ODDT)/GlideSP,0.5,NEF,,0.0,0.0,0.0,40,1240,7,0,0.0,0.0,0.497,0.0,-0.014,-0.01,0.628,0.029
jnk3,RF-Scorev1(ODDT)/GlideSP,1.0,NEF,,0.0,0.0,0.0,40,1240,13,0,0.0,0.0,0.495,0.0,-0.019,-0.016,0.628,0.029
jnk3,RF-Scorev1(ODDT)/GlideSP,5.0,NEF,,2.033,6.452,2.0,40,1240,62,4,0.674,2.069,0.526,10.0,0.042,0.041,0.628,0.029
kif11,RF-Scorev1(ODDT)/GlideSP,0.5,NEF,,4.318,14.286,4.429,40,1240,7,1,0.833,5.0,0.51,14.286,0.047,0.033,0.573,0.193
kif11,RF-Scorev1(ODDT)/GlideSP,1.0,NEF,,6.98,23.077,7.154,40,1240,13,3,0.9,9.0,0.533,23.077,0.116,0.099,0.573,0.193
kif11,RF-Scorev1(ODDT)/GlideSP,5.0,NEF,,2.973,9.677,3.0,40,1240,62,6,0.763,3.214,0.552,15.0,0.084,0.082,0.573,0.193
lck,RF-Scorev1(ODDT)/GlideSP,0.5,NEF,,0.0,0.0,0.0,40,1240,7,0,0.0,0.0,0.497,0.0,-0.014,-0.01,0.556,0.007
lck,RF-Scorev1(ODDT)/GlideSP,1.0,NEF,,0.0,0.0,0.0,40,1240,13,0,0.0,0.0,0.495,0.0,-0.019,-0.016,0.556,0.007
lck,RF-Scorev1(ODDT)/GlideSP,5.0,NEF,,0.493,1.613,0.5,40,1240,62,1,0.33,0.492,0.487,2.5,-0.021,-0.02,0.556,0.007
mdm2,RF-Scorev1(ODDT)/GlideSP,0.5,NEF,,0.0,0.0,0.0,40,1240,7,0,0.0,0.0,0.497,0.0,-0.014,-0.01,0.35,0.003
mdm2,RF-Scorev1(ODDT)/GlideSP,1.0,NEF,,0.0,0.0,0.0,40,1240,13,0,0.0,0.0,0.495,0.0,-0.019,-0.016,0.35,0.003
mdm2,RF-Scorev1(ODDT)/GlideSP,5.0,NEF,,0.499,1.613,0.5,40,1240,62,1,0.33,0.492,0.487,2.5,-0.021,-0.02,0.35,0.003
mk2,RF-Scorev1(ODDT)/GlideSP,0.5,NEF,,0.0,0.0,0.0,40,1240,7,0,0.0,0.0,0.497,0.0,-0.014,-0.01,0.727,0.005
mk2,RF-Scorev1(ODDT)/GlideSP,1.0,NEF,,0.0,0.0,0.0,40,1240,13,0,0.0,0.0,0.495,0.0,-0.019,-0.016,0.727,0.005
mk2,RF-Scorev1(ODDT)/GlideSP,5.0,NEF,,0.533,1.613,0.5,40,1240,62,1,0.33,0.492,0.487,2.5,-0.021,-0.02,0.727,0.005
mmp2,RF-Scorev1(ODDT)/GlideSP,0.5,NEF,,0.0,0.0,0.0,40,1240,7,0,0.0,0.0,0.497,0.0,-0.014,-0.01,0.426,0.0
mmp2,RF-Scorev1(ODDT)/GlideSP,1.0,NEF,,0.0,0.0,0.0,40,1240,13,0,0.0,0.0,0.495,0.0,-0.019,-0.016,0.426,0.0
mmp2,RF-Scorev1(ODDT)/GlideSP,5.0,NEF,,0.0,0.0,0.0,40,1240,62,0,0.0,0.0,0.474,0.0,-0.042,-0.041,0.426,0.0
na,RF-Scorev1(ODDT)/GlideSP,0.5,NEF,,0.0,0.0,0.0,40,1240,7,0,0.0,0.0,0.497,0.0,-0.014,-0.01,0.569,0.015
na,RF-Scorev1(ODDT)/GlideSP,1.0,NEF,,0.0,0.0,0.0,40,1240,13,0,0.0,0.0,0.495,0.0,-0.019,-0.016,0.569,0.015
na,RF-Scorev1(ODDT)/GlideSP,5.0,NEF,,0.999,3.226,1.0,40,1240,62,2,0.5,1.0,0.5,5.0,0.0,0.0,0.569,0.015
p38-alpha,RF-Scorev1(ODDT)/GlideSP,0.5,NEF,,0.0,0.0,0.0,40,1240,7,0,0.0,0.0,0.497,0.0,-0.014,-0.01,0.66,0.002
p38-alpha,RF-Scorev1(ODDT)/GlideSP,1.0,NEF,,0.0,0.0,0.0,40,1240,13,0,0.0,0.0,0.495,0.0,-0.019,-0.016,0.66,0.002
p38-alpha,RF-Scorev1(ODDT)/GlideSP,5.0,NEF,,0.0,0.0,0.0,40,1240,62,0,0.0,0.0,0.474,0.0,-0.042,-0.041,0.66,0.002
parp-1,RF-Scorev1(ODDT)/GlideSP,0.5,NEF,,0.0,0.0,0.0,40,1240,7,0,0.0,0.0,0.497,0.0,-0.014,-0.01,0.55,0.042
parp-1,RF-Scorev1(ODDT)/GlideSP,1.0,NEF,,0.0,0.0,0.0,40,1240,13,0,0.0,0.0,0.495,0.0,-0.019,-0.016,0.55,0.042
parp-1,RF-Scorev1(ODDT)/GlideSP,5.0,NEF,,1.483,4.839,1.5,40,1240,62,3,0.604,1.525,0.513,7.5,0.021,0.02,0.55,0.042
pde4b,RF-Scorev1(ODDT)/GlideSP,0.5,NEF,,0.0,0.0,0.0,40,1240,7,0,0.0,0.0,0.497,0.0,-0.014,-0.01,0.472,0.037
pde4b,RF-Scorev1(ODDT)/GlideSP,1.0,NEF,,0.0,0.0,0.0,40,1240,13,0,0.0,0.0,0.495,0.0,-0.019,-0.016,0.472,0.037
pde4b,RF-Scorev1(ODDT)/GlideSP,5.0,NEF,,0.994,3.226,1.0,40,1240,62,2,0.5,1.0,0.5,5.0,0.0,0.0,0.472,0.037
pde5,RF-Scorev1(ODDT)/GlideSP,0.5,NEF,,0.0,0.0,0.0,40,1240,7,0,0.0,0.0,0.497,0.0,-0.014,-0.01,0.608,0.002
pde5,RF-Scorev1(ODDT)/GlideSP,1.0,NEF,,0.0,0.0,0.0,40,1240,13,0,0.0,0.0,0.495,0.0,-0.019,-0.016,0.608,0.002
pde5,RF-Scorev1(ODDT)/GlideSP,5.0,NEF,,0.52,1.613,0.5,40,1240,62,1,0.33,0.492,0.487,2.5,-0.021,-0.02,0.608,0.002
pdk1,RF-Scorev1(ODDT)/GlideSP,0.5,NEF,,0.0,0.0,0.0,40,1240,7,0,0.0,0.0,0.497,0.0,-0.014,-0.01,0.572,0.01
pdk1,RF-Scorev1(ODDT)/GlideSP,1.0,NEF,,0.0,0.0,0.0,40,1240,13,0,0.0,0.0,0.495,0.0,-0.019,-0.016,0.572,0.01
pdk1,RF-Scorev1(ODDT)/GlideSP,5.0,NEF,,0.52,1.613,0.5,40,1240,62,1,0.33,0.492,0.487,2.5,-0.021,-0.02,0.572,0.01
pi3kg,RF-Scorev1(ODDT)/GlideSP,0.5,NEF,,0.0,0.0,0.0,40,1240,7,0,0.0,0.0,0.497,0.0,-0.014,-0.01,0.657,0.093
pi3kg,RF-Scorev1(ODDT)/GlideSP,1.0,NEF,,2.39,7.692,2.385,40,1240,13,1,0.714,2.5,0.507,7.692,0.026,0.022,0.657,0.093
pi3kg,RF-Scorev1(ODDT)/GlideSP,5.0,NEF,,3.052,9.677,3.0,40,1240,62,6,0.763,3.214,0.552,15.0,0.084,0.082,0.657,0.093
pim-1,RF-Scorev1(ODDT)/GlideSP,0.5,NEF,,0.0,0.0,0.0,40,1240,7,0,0.0,0.0,0.497,0.0,-0.014,-0.01,0.54,0.004
pim-1,RF-Scorev1(ODDT)/GlideSP,1.0,NEF,,0.0,0.0,0.0,40,1240,13,0,0.0,0.0,0.495,0.0,-0.019,-0.016,0.54,0.004
pim-1,RF-Scorev1(ODDT)/GlideSP,5.0,NEF,,0.495,1.613,0.5,40,1240,62,1,0.33,0.492,0.487,2.5,-0.021,-0.02,0.54,0.004
pim-2,RF-Scorev1(ODDT)/GlideSP,0.5,NEF,,8.85,28.571,8.857,40,1240,7,2,0.923,12.0,0.523,28.571,0.108,0.076,0.618,0.177
pim-2,RF-Scorev1(ODDT)/GlideSP,1.0,NEF,,7.15,23.077,7.154,40,1240,13,3,0.9,9.0,0.533,23.077,0.116,0.099,0.618,0.177
pim-2,RF-Scorev1(ODDT)/GlideSP,5.0,NEF,,1.523,4.839,1.5,40,1240,62,3,0.604,1.525,0.513,7.5,0.021,0.02,0.618,0.177
pnp,RF-Scorev1(ODDT)/GlideSP,0.5,NEF,,4.404,14.286,4.429,40,1240,7,1,0.833,5.0,0.51,14.286,0.047,0.033,0.596,0.134
pnp,RF-Scorev1(ODDT)/GlideSP,1.0,NEF,,4.74,15.385,4.769,40,1240,13,2,0.845,5.455,0.52,15.385,0.071,0.061,0.596,0.134
pnp,RF-Scorev1(ODDT)/GlideSP,5.0,NEF,,2.983,9.677,3.0,40,1240,62,6,0.763,3.214,0.552,15.0,0.084,0.082,0.596,0.134
ppara,RF-Scorev1(ODDT)/GlideSP,0.5,NEF,,4.991,14.286,4.429,40,1240,7,1,0.833,5.0,0.51,14.286,0.047,0.033,0.639,0.21
ppara,RF-Scorev1(ODDT)/GlideSP,1.0,NEF,,7.49,23.077,7.154,40,1240,13,3,0.9,9.0,0.533,23.077,0.116,0.099,0.639,0.21
ppara,RF-Scorev1(ODDT)/GlideSP,5.0,NEF,,3.678,11.29,3.5,40,1240,62,7,0.792,3.818,0.565,17.5,0.105,0.102,0.639,0.21
pparg,RF-Scorev1(ODDT)/GlideSP,0.5,NEF,,4.75,14.286,4.429,40,1240,7,1,0.833,5.0,0.51,14.286,0.047,0.033,0.65,0.148
pparg,RF-Scorev1(ODDT)/GlideSP,1.0,NEF,,4.75,15.385,4.769,40,1240,13,2,0.845,5.455,0.52,15.385,0.071,0.061,0.65,0.148
pparg,RF-Scorev1(ODDT)/GlideSP,5.0,NEF,,3.5,11.29,3.5,40,1240,62,7,0.792,3.818,0.565,17.5,0.105,0.102,0.65,0.148
pr,RF-Scorev1(ODDT)/GlideSP,0.5,NEF,,0.0,0.0,0.0,40,1240,7,0,0.0,0.0,0.497,0.0,-0.014,-0.01,0.526,0.068
pr,RF-Scorev1(ODDT)/GlideSP,1.0,NEF,,0.0,0.0,0.0,40,1240,13,0,0.0,0.0,0.495,0.0,-0.019,-0.016,0.526,0.068
pr,RF-Scorev1(ODDT)/GlideSP,5.0,NEF,,1.131,3.226,1.0,40,1240,62,2,0.5,1.0,0.5,5.0,0.0,0.0,0.526,0.068
prkcq,RF-Scorev1(ODDT)/GlideSP,0.5,NEF,,0.0,0.0,0.0,40,1240,7,0,0.0,0.0,0.497,0.0,-0.014,-0.01,0.567,0.007
prkcq,RF-Scorev1(ODDT)/GlideSP,1.0,NEF,,0.0,0.0,0.0,40,1240,13,0,0.0,0.0,0.495,0.0,-0.019,-0.016,0.567,0.007
prkcq,RF-Scorev1(ODDT)/GlideSP,5.0,NEF,,1.053,3.226,1.0,40,1240,62,2,0.5,1.0,0.5,5.0,0.0,0.0,0.567,0.007
pygl-in,RF-Scorev1(ODDT)/GlideSP,0.5,NEF,,0.0,0.0,0.0,40,1240,7,0,0.0,0.0,0.497,0.0,-0.014,-0.01,0.478,0.0
pygl-in,RF-Scorev1(ODDT)/GlideSP,1.0,NEF,,0.0,0.0,0.0,40,1240,13,0,0.0,0.0,0.495,0.0,-0.019,-0.016,0.478,0.0
pygl-in,RF-Scorev1(ODDT)/GlideSP,5.0,NEF,,0.0,0.0,0.0,40,1240,62,0,0.0,0.0,0.474,0.0,-0.042,-0.041,0.478,0.0
pygl-out,RF-Scorev1(ODDT)/GlideSP,0.5,NEF,,4.414,14.286,4.429,40,1240,7,1,0.833,5.0,0.51,14.286,0.047,0.033,0.495,0.074
pygl-out,RF-Scorev1(ODDT)/GlideSP,1.0,NEF,,2.38,7.692,2.385,40,1240,13,1,0.714,2.5,0.507,7.692,0.026,0.022,0.495,0.074
pygl-out,RF-Scorev1(ODDT)/GlideSP,5.0,NEF,,0.498,1.613,0.5,40,1240,62,1,0.33,0.492,0.487,2.5,-0.021,-0.02,0.495,0.074
qpct,RF-Scorev1(ODDT)/GlideSP,0.5,NEF,,0.0,0.0,0.0,40,1240,7,0,0.0,0.0,0.497,0.0,-0.014,-0.01,0.57,0.009
qpct,RF-Scorev1(ODDT)/GlideSP,1.0,NEF,,0.0,0.0,0.0,40,1240,13,0,0.0,0.0,0.495,0.0,-0.019,-0.016,0.57,0.009
qpct,RF-Scorev1(ODDT)/GlideSP,5.0,NEF,,0.499,1.613,0.5,40,1240,62,1,0.33,0.492,0.487,2.5,-0.021,-0.02,0.57,0.009
rock-1,RF-Scorev1(ODDT)/GlideSP,0.5,NEF,,0.0,0.0,0.0,40,1240,7,0,0.0,0.0,0.497,0.0,-0.014,-0.01,0.56,0.049
rock-1,RF-Scorev1(ODDT)/GlideSP,1.0,NEF,,2.32,7.692,2.385,40,1240,13,1,0.714,2.5,0.507,7.692,0.026,0.022,0.56,0.049
rock-1,RF-Scorev1(ODDT)/GlideSP,5.0,NEF,,0.989,3.226,1.0,40,1240,62,2,0.5,1.0,0.5,5.0,0.0,0.0,0.56,0.049
rxr,RF-Scorev1(ODDT)/GlideSP,0.5,NEF,,15.551,57.143,17.714,40,1240,7,4,0.976,40.0,0.549,57.143,0.23,0.162,0.727,0.518
rxr,RF-Scorev1(ODDT)/GlideSP,1.0,NEF,,18.14,61.538,19.077,40,1240,13,8,0.98,48.0,0.598,61.538,0.34,0.291,0.727,0.518
rxr,RF-Scorev1(ODDT)/GlideSP,5.0,NEF,,7.02,22.581,7.0,40,1240,62,14,0.897,8.75,0.655,35.0,0.251,0.245,0.727,0.518
sars-hcov,RF-Scorev1(ODDT)/GlideSP,0.5,NEF,,4.403,14.286,4.429,39,1209,7,1,0.833,5.0,0.51,14.286,0.048,0.034,0.505,0.144
sars-hcov,RF-Scorev1(ODDT)/GlideSP,1.0,NEF,,4.74,15.385,4.769,39,1209,13,2,0.845,5.455,0.521,15.385,0.072,0.062,0.505,0.144
sars-hcov,RF-Scorev1(ODDT)/GlideSP,5.0,NEF,,3.032,9.836,3.049,39,1209,61,6,0.766,3.273,0.553,15.385,0.086,0.084,0.505,0.144
sirt2,RF-Scorev1(ODDT)/GlideSP,0.5,NEF,,0.0,0.0,0.0,40,1240,7,0,0.0,0.0,0.497,0.0,-0.014,-0.01,0.461,0.072
sirt2,RF-Scorev1(ODDT)/GlideSP,1.0,NEF,,2.35,7.692,2.385,40,1240,13,1,0.714,2.5,0.507,7.692,0.026,0.022,0.461,0.072
sirt2,RF-Scorev1(ODDT)/GlideSP,5.0,NEF,,1.477,4.839,1.5,40,1240,62,3,0.604,1.525,0.513,7.5,0.021,0.02,0.461,0.072
src,RF-Scorev1(ODDT)/GlideSP,0.5,NEF,,0.0,0.0,0.0,40,1240,7,0,0.0,0.0,0.497,0.0,-0.014,-0.01,0.571,0.022
src,RF-Scorev1(ODDT)/GlideSP,1.0,NEF,,0.0,0.0,0.0,40,1240,13,0,0.0,0.0,0.495,0.0,-0.019,-0.016,0.571,0.022
src,RF-Scorev1(ODDT)/GlideSP,5.0,NEF,,1.018,3.226,1.0,40,1240,62,2,0.5,1.0,0.5,5.0,0.0,0.0,0.571,0.022
thrombin,RF-Scorev1(ODDT)/GlideSP,0.5,NEF,,4.553,14.286,4.429,40,1240,7,1,0.833,5.0,0.51,14.286,0.047,0.033,0.678,0.139
thrombin,RF-Scorev1(ODDT)/GlideSP,1.0,NEF,,4.9,15.385,4.769,40,1240,13,2,0.845,5.455,0.52,15.385,0.071,0.061,0.678,0.139
thrombin,RF-Scorev1(ODDT)/GlideSP,5.0,NEF,,2.09,6.452,2.0,40,1240,62,4,0.674,2.069,0.526,10.0,0.042,0.041,0.678,0.139
tie2,RF-Scorev1(ODDT)/GlideSP,0.5,NEF,,0.0,0.0,0.0,40,1240,7,0,0.0,0.0,0.497,0.0,-0.014,-0.01,0.644,0.054
tie2,RF-Scorev1(ODDT)/GlideSP,1.0,NEF,,0.0,0.0,0.0,40,1240,13,0,0.0,0.0,0.495,0.0,-0.019,-0.016,0.644,0.054
tie2,RF-Scorev1(ODDT)/GlideSP,5.0,NEF,,2.498,8.065,2.5,40,1240,62,5,0.725,2.632,0.539,12.5,0.063,0.061,0.644,0.054
tk,RF-Scorev1(ODDT)/GlideSP,0.5,NEF,,0.0,0.0,0.0,40,1240,7,0,0.0,0.0,0.497,0.0,-0.014,-0.01,0.481,0.033
tk,RF-Scorev1(ODDT)/GlideSP,1.0,NEF,,2.43,7.692,2.385,40,1240,13,1,0.714,2.5,0.507,7.692,0.026,0.022,0.481,0.033
tk,RF-Scorev1(ODDT)/GlideSP,5.0,NEF,,0.51,1.613,0.5,40,1240,62,1,0.33,0.492,0.487,2.5,-0.021,-0.02,0.481,0.033
tp,RF-Scorev1(ODDT)/GlideSP,0.5,NEF,,0.0,0.0,0.0,40,1240,7,0,0.0,0.0,0.497,0.0,-0.014,-0.01,0.28,0.0
tp,RF-Scorev1(ODDT)/GlideSP,1.0,NEF,,0.0,0.0,0.0,40,1240,13,0,0.0,0.0,0.495,0.0,-0.019,-0.016,0.28,0.0
tp,RF-Scorev1(ODDT)/GlideSP,5.0,NEF,,0.0,0.0,0.0,40,1240,62,0,0.0,0.0,0.474,0.0,-0.042,-0.041,0.28,0.0
tpa,RF-Scorev1(ODDT)/GlideSP,0.5,NEF,,0.0,0.0,0.0,40,1240,7,0,0.0,0.0,0.497,0.0,-0.014,-0.01,0.537,0.007
tpa,RF-Scorev1(ODDT)/GlideSP,1.0,NEF,,0.0,0.0,0.0,40,1240,13,0,0.0,0.0,0.495,0.0,-0.019,-0.016,0.537,0.007
tpa,RF-Scorev1(ODDT)/GlideSP,5.0,NEF,,1.036,3.226,1.0,40,1240,62,2,0.5,1.0,0.5,5.0,0.0,0.0,0.537,0.007
ts,RF-Scorev1(ODDT)/GlideSP,0.5,NEF,,8.714,28.571,8.85,40,1239,7,2,0.923,11.99,0.523,28.571,0.108,0.076,0.627,0.128
ts,RF-Scorev1(ODDT)/GlideSP,1.0,NEF,,4.69,15.385,4.765,40,1239,13,2,0.845,5.45,0.52,15.385,0.071,0.061,0.627,0.128
ts,RF-Scorev1(ODDT)/GlideSP,5.0,NEF,,1.5,4.839,1.499,40,1239,62,3,0.604,1.524,0.513,7.5,0.021,0.02,0.627,0.128
upa,RF-Scorev1(ODDT)/GlideSP,0.5,NEF,,0.0,0.0,0.0,40,1240,7,0,0.0,0.0,0.497,0.0,-0.014,-0.01,0.52,0.043
upa,RF-Scorev1(ODDT)/GlideSP,1.0,NEF,,0.0,0.0,0.0,40,1240,13,0,0.0,0.0,0.495,0.0,-0.019,-0.016,0.52,0.043
upa,RF-Scorev1(ODDT)/GlideSP,5.0,NEF,,1.495,4.839,1.5,40,1240,62,3,0.604,1.525,0.513,7.5,0.021,0.02,0.52,0.043
vegfr1,RF-Scorev1(ODDT)/GlideSP,0.5,NEF,,9.982,28.571,8.857,40,1240,7,2,0.923,12.0,0.523,28.571,0.108,0.076,0.657,0.193
vegfr1,RF-Scorev1(ODDT)/GlideSP,1.0,NEF,,7.49,23.077,7.154,40,1240,13,3,0.9,9.0,0.533,23.077,0.116,0.099,0.657,0.193
vegfr1,RF-Scorev1(ODDT)/GlideSP,5.0,NEF,,2.627,8.065,2.5,40,1240,62,5,0.725,2.632,0.539,12.5,0.063,0.061,0.657,0.193
vegfr2,RF-Scorev1(ODDT)/GlideSP,0.5,NEF,,0.0,0.0,0.0,40,1240,7,0,0.0,0.0,0.497,0.0,-0.014,-0.01,0.587,0.065
vegfr2,RF-Scorev1(ODDT)/GlideSP,1.0,NEF,,2.41,7.692,2.385,40,1240,13,1,0.714,2.5,0.507,7.692,0.026,0.022,0.587,0.065
vegfr2,RF-Scorev1(ODDT)/GlideSP,5.0,NEF,,1.026,3.226,1.0,40,1240,62,2,0.5,1.0,0.5,5.0,0.0,0.0,0.587,0.065
11betahsd1,RF-Scorev2(ODDT)/GlideSP,0.5,NEF,,0.0,0.0,0.0,40,1240,7,0,0.0,0.0,0.497,0.0,-0.014,-0.01,0.472,0.125
11betahsd1,RF-Scorev2(ODDT)/GlideSP,1.0,NEF,,5.03,15.385,4.769,40,1240,13,2,0.845,5.455,0.52,15.385,0.071,0.061,0.472,0.125
11betahsd1,RF-Scorev2(ODDT)/GlideSP,5.0,NEF,,2.046,6.452,2.0,40,1240,62,4,0.674,2.069,0.526,10.0,0.042,0.041,0.472,0.125
17betahsd1,RF-Scorev2(ODDT)/GlideSP,0.5,NEF,,4.382,14.286,4.429,40,1240,7,1,0.833,5.0,0.51,14.286,0.047,0.033,0.365,0.078
17betahsd1,RF-Scorev2(ODDT)/GlideSP,1.0,NEF,,2.36,7.692,2.385,40,1240,13,1,0.714,2.5,0.507,7.692,0.026,0.022,0.365,0.078
17betahsd1,RF-Scorev2(ODDT)/GlideSP,5.0,NEF,,0.99,3.226,1.0,40,1240,62,2,0.5,1.0,0.5,5.0,0.0,0.0,0.365,0.078
a2a,RF-Scorev2(ODDT)/GlideSP,0.5,NEF,,0.0,0.0,0.0,40,1240,7,0,0.0,0.0,0.497,0.0,-0.014,-0.01,0.752,0.123
a2a,RF-Scorev2(ODDT)/GlideSP,1.0,NEF,,2.36,7.692,2.385,40,1240,13,1,0.714,2.5,0.507,7.692,0.026,0.022,0.752,0.123
a2a,RF-Scorev2(ODDT)/GlideSP,5.0,NEF,,4.456,14.516,4.5,40,1240,62,9,0.836,5.094,0.59,22.5,0.147,0.143,0.752,0.123
ace,RF-Scorev2(ODDT)/GlideSP,0.5,NEF,,4.411,14.286,4.429,40,1240,7,1,0.833,5.0,0.51,14.286,0.047,0.033,0.54,0.138
ace,RF-Scorev2(ODDT)/GlideSP,1.0,NEF,,4.75,15.385,4.769,40,1240,13,2,0.845,5.455,0.52,15.385,0.071,0.061,0.54,0.138
ace,RF-Scorev2(ODDT)/GlideSP,5.0,NEF,,1.992,6.452,2.0,40,1240,62,4,0.674,2.069,0.526,10.0,0.042,0.041,0.54,0.138
ace2,RF-Scorev2(ODDT)/GlideSP,0.5,NEF,,13.275,42.857,13.286,40,1240,7,3,0.957,22.5,0.536,42.857,0.169,0.119,0.616,0.272
ace2,RF-Scorev2(ODDT)/GlideSP,1.0,NEF,,9.53,30.769,9.538,40,1240,13,4,0.93,13.333,0.546,30.769,0.16,0.137,0.616,0.272
ace2,RF-Scorev2(ODDT)/GlideSP,5.0,NEF,,3.997,12.903,4.0,40,1240,62,8,0.816,4.444,0.578,20.0,0.126,0.122,0.616,0.272
ache,RF-Scorev2(ODDT)/GlideSP,0.5,NEF,,4.361,14.286,4.429,40,1240,7,1,0.833,5.0,0.51,14.286,0.047,0.033,0.555,0.086
ache,RF-Scorev2(ODDT)/GlideSP,1.0,NEF,,2.35,7.692,2.385,40,1240,13,1,0.714,2.5,0.507,7.692,0.026,0.022,0.555,0.086
ache,RF-Scorev2(ODDT)/GlideSP,5.0,NEF,,1.969,6.452,2.0,40,1240,62,4,0.674,2.069,0.526,10.0,0.042,0.041,0.555,0.086
adam17,RF-Scorev2(ODDT)/GlideSP,0.5,NEF,,4.393,14.286,4.429,40,1240,7,1,0.833,5.0,0.51,14.286,0.047,0.033,0.41,0.067
adam17,RF-Scorev2(ODDT)/GlideSP,1.0,NEF,,2.37,7.692,2.385,40,1240,13,1,0.714,2.5,0.507,7.692,0.026,0.022,0.41,0.067
adam17,RF-Scorev2(ODDT)/GlideSP,5.0,NEF,,1.488,4.839,1.5,40,1240,62,3,0.604,1.525,0.513,7.5,0.021,0.02,0.41,0.067
adrb2,RF-Scorev2(ODDT)/GlideSP,0.5,NEF,,0.0,0.0,0.0,40,1240,7,0,0.0,0.0,0.497,0.0,-0.014,-0.01,0.544,0.095
adrb2,RF-Scorev2(ODDT)/GlideSP,1.0,NEF,,2.4,7.692,2.385,40,1240,13,1,0.714,2.5,0.507,7.692,0.026,0.022,0.544,0.095
adrb2,RF-Scorev2(ODDT)/GlideSP,5.0,NEF,,2.481,8.065,2.5,40,1240,62,5,0.725,2.632,0.539,12.5,0.063,0.061,0.544,0.095
akt1,RF-Scorev2(ODDT)/GlideSP,0.5,NEF,,0.0,0.0,0.0,40,1240,7,0,0.0,0.0,0.497,0.0,-0.014,-0.01,0.608,0.023
akt1,RF-Scorev2(ODDT)/GlideSP,1.0,NEF,,0.0,0.0,0.0,40,1240,13,0,0.0,0.0,0.495,0.0,-0.019,-0.016,0.608,0.023
akt1,RF-Scorev2(ODDT)/GlideSP,5.0,NEF,,1.01,3.226,1.0,40,1240,62,2,0.5,1.0,0.5,5.0,0.0,0.0,0.608,0.023
alr2,RF-Scorev2(ODDT)/GlideSP,0.5,NEF,,0.0,0.0,0.0,40,1240,7,0,0.0,0.0,0.497,0.0,-0.014,-0.01,0.415,0.003
alr2,RF-Scorev2(ODDT)/GlideSP,1.0,NEF,,0.0,0.0,0.0,40,1240,13,0,0.0,0.0,0.495,0.0,-0.019,-0.016,0.415,0.003
alr2,RF-Scorev2(ODDT)/GlideSP,5.0,NEF,,0.494,1.613,0.5,40,1240,62,1,0.33,0.492,0.487,2.5,-0.021,-0.02,0.415,0.003
ar,RF-Scorev2(ODDT)/GlideSP,0.5,NEF,,0.0,0.0,0.0,40,1240,7,0,0.0,0.0,0.497,0.0,-0.014,-0.01,0.551,0.116
ar,RF-Scorev2(ODDT)/GlideSP,1.0,NEF,,3.22,7.692,2.385,40,1240,13,1,0.714,2.5,0.507,7.692,0.026,0.022,0.551,0.116
ar,RF-Scorev2(ODDT)/GlideSP,5.0,NEF,,1.411,4.839,1.5,40,1240,62,3,0.604,1.525,0.513,7.5,0.021,0.02,0.551,0.116
aurka,RF-Scorev2(ODDT)/GlideSP,0.5,NEF,,0.0,0.0,0.0,40,1240,7,0,0.0,0.0,0.497,0.0,-0.014,-0.01,0.673,0.072
aurka,RF-Scorev2(ODDT)/GlideSP,1.0,NEF,,2.39,7.692,2.385,40,1240,13,1,0.714,2.5,0.507,7.692,0.026,0.022,0.673,0.072
aurka,RF-Scorev2(ODDT)/GlideSP,5.0,NEF,,2.543,8.065,2.5,40,1240,62,5,0.725,2.632,0.539,12.5,0.063,0.061,0.673,0.072
aurkb,RF-Scorev2(ODDT)/GlideSP,0.5,NEF,,13.018,42.857,13.286,40,1240,7,3,0.957,22.5,0.536,42.857,0.169,0.119,0.679,0.283
aurkb,RF-Scorev2(ODDT)/GlideSP,1.0,NEF,,7.01,23.077,7.154,40,1240,13,3,0.9,9.0,0.533,23.077,0.116,0.099,0.679,0.283
aurkb,RF-Scorev2(ODDT)/GlideSP,5.0,NEF,,5.477,17.742,5.5,40,1240,62,11,0.866,6.471,0.616,27.5,0.188,0.184,0.679,0.283
bcl2,RF-Scorev2(ODDT)/GlideSP,0.5,NEF,,13.104,42.857,13.286,40,1240,7,3,0.957,22.5,0.536,42.857,0.169,0.119,0.763,0.317
bcl2,RF-Scorev2(ODDT)/GlideSP,1.0,NEF,,9.41,30.769,9.538,40,1240,13,4,0.93,13.333,0.546,30.769,0.16,0.137,0.763,0.317
bcl2,RF-Scorev2(ODDT)/GlideSP,5.0,NEF,,6.411,20.968,6.5,40,1240,62,13,0.888,7.959,0.642,32.5,0.23,0.224,0.763,0.317
braf,RF-Scorev2(ODDT)/GlideSP,0.5,NEF,,0.0,0.0,0.0,40,1240,7,0,0.0,0.0,0.497,0.0,-0.014,-0.01,0.595,0.013
braf,RF-Scorev2(ODDT)/GlideSP,1.0,NEF,,0.0,0.0,0.0,40,1240,13,0,0.0,0.0,0.495,0.0,-0.019,-0.016,0.595,0.013
braf,RF-Scorev2(ODDT)/GlideSP,5.0,NEF,,0.508,1.613,0.5,40,1240,62,1,0.33,0.492,0.487,2.5,-0.021,-0.02,0.595,0.013
catl,RF-Scorev2(ODDT)/GlideSP,0.5,NEF,,4.404,14.286,4.429,40,1240,7,1,0.833,5.0,0.51,14.286,0.047,0.033,0.639,0.161
catl,RF-Scorev2(ODDT)/GlideSP,1.0,NEF,,4.74,15.385,4.769,40,1240,13,2,0.845,5.455,0.52,15.385,0.071,0.061,0.639,0.161
catl,RF-Scorev2(ODDT)/GlideSP,5.0,NEF,,3.48,11.29,3.5,40,1240,62,7,0.792,3.818,0.565,17.5,0.105,0.102,0.639,0.161
cdk2,RF-Scorev2(ODDT)/GlideSP,0.5,NEF,,4.983,14.286,4.429,40,1240,7,1,0.833,5.0,0.51,14.286,0.047,0.033,0.64,0.08
cdk2,RF-Scorev2(ODDT)/GlideSP,1.0,NEF,,2.49,7.692,2.385,40,1240,13,1,0.714,2.5,0.507,7.692,0.026,0.022,0.64,0.08
cdk2,RF-Scorev2(ODDT)/GlideSP,5.0,NEF,,1.993,6.452,2.0,40,1240,62,4,0.674,2.069,0.526,10.0,0.042,0.041,0.64,0.08
cox1,RF-Scorev2(ODDT)/GlideSP,0.5,NEF,,0.0,0.0,0.0,40,1240,7,0,0.0,0.0,0.497,0.0,-0.014,-0.01,0.417,0.002
cox1,RF-Scorev2(ODDT)/GlideSP,1.0,NEF,,0.0,0.0,0.0,40,1240,13,0,0.0,0.0,0.495,0.0,-0.019,-0.016,0.417,0.002
cox1,RF-Scorev2(ODDT)/GlideSP,5.0,NEF,,0.0,0.0,0.0,40,1240,62,0,0.0,0.0,0.474,0.0,-0.042,-0.041,0.417,0.002
cox2,RF-Scorev2(ODDT)/GlideSP,0.5,NEF,,0.0,0.0,0.0,40,1240,7,0,0.0,0.0,0.497,0.0,-0.014,-0.01,0.39,0.001
cox2,RF-Scorev2(ODDT)/GlideSP,1.0,NEF,,0.0,0.0,0.0,40,1240,13,0,0.0,0.0,0.495,0.0,-0.019,-0.016,0.39,0.001
cox2,RF-Scorev2(ODDT)/GlideSP,5.0,NEF,,0.0,0.0,0.0,40,1240,62,0,0.0,0.0,0.474,0.0,-0.042,-0.041,0.39,0.001
ctsk,RF-Scorev2(ODDT)/GlideSP,0.5,NEF,,4.411,14.286,4.429,40,1240,7,1,0.833,5.0,0.51,14.286,0.047,0.033,0.62,0.119
ctsk,RF-Scorev2(ODDT)/GlideSP,1.0,NEF,,2.38,7.692,2.385,40,1240,13,1,0.714,2.5,0.507,7.692,0.026,0.022,0.62,0.119
ctsk,RF-Scorev2(ODDT)/GlideSP,5.0,NEF,,2.988,9.677,3.0,40,1240,62,6,0.763,3.214,0.552,15.0,0.084,0.082,0.62,0.119
cyp2a6,RF-Scorev2(ODDT)/GlideSP,0.5,NEF,,0.0,0.0,0.0,40,1240,7,0,0.0,0.0,0.497,0.0,-0.014,-0.01,0.381,0.0
cyp2a6,RF-Scorev2(ODDT)/GlideSP,1.0,NEF,,0.0,0.0,0.0,40,1240,13,0,0.0,0.0,0.495,0.0,-0.019,-0.016,0.381,0.0
cyp2a6,RF-Scorev2(ODDT)/GlideSP,5.0,NEF,,0.0,0.0,0.0,40,1240,62,0,0.0,0.0,0.474,0.0,-0.042,-0.041,0.381,0.0
dhfr,RF-Scorev2(ODDT)/GlideSP,0.5,NEF,,0.0,0.0,0.0,40,1240,7,0,0.0,0.0,0.497,0.0,-0.014,-0.01,0.662,0.034
dhfr,RF-Scorev2(ODDT)/GlideSP,1.0,NEF,,0.0,0.0,0.0,40,1240,13,0,0.0,0.0,0.495,0.0,-0.019,-0.016,0.662,0.034
dhfr,RF-Scorev2(ODDT)/GlideSP,5.0,NEF,,1.481,4.839,1.5,40,1240,62,3,0.604,1.525,0.513,7.5,0.021,0.02,0.662,0.034
egfr,RF-Scorev2(ODDT)/GlideSP,0.5,NEF,,4.414,14.286,4.429,40,1240,7,1,0.833,5.0,0.51,14.286,0.047,0.033,0.625,0.112
egfr,RF-Scorev2(ODDT)/GlideSP,1.0,NEF,,4.75,15.385,4.769,40,1240,13,2,0.845,5.455,0.52,15.385,0.071,0.061,0.625,0.112
egfr,RF-Scorev2(ODDT)/GlideSP,5.0,NEF,,2.026,6.452,2.0,40,1240,62,4,0.674,2.069,0.526,10.0,0.042,0.041,0.625,0.112
ephb4,RF-Scorev2(ODDT)/GlideSP,0.5,NEF,,4.336,14.286,4.429,40,1240,7,1,0.833,5.0,0.51,14.286,0.047,0.033,0.745,0.225
ephb4,RF-Scorev2(ODDT)/GlideSP,1.0,NEF,,4.67,15.385,4.769,40,1240,13,2,0.845,5.455,0.52,15.385,0.071,0.061,0.745,0.225
ephb4,RF-Scorev2(ODDT)/GlideSP,5.0,NEF,,5.473,17.742,5.5,40,1240,62,11,0.866,6.471,0.616,27.5,0.188,0.184,0.745,0.225
erbb2,RF-Scorev2(ODDT)/GlideSP,0.5,NEF,,14.8,42.857,13.286,40,1240,7,3,0.957,22.5,0.536,42.857,0.169,0.119,0.785,0.311
erbb2,RF-Scorev2(ODDT)/GlideSP,1.0,NEF,,12.33,38.462,11.923,40,1240,13,5,0.949,18.75,0.559,38.462,0.205,0.176,0.785,0.311
erbb2,RF-Scorev2(ODDT)/GlideSP,5.0,NEF,,3.947,12.903,4.0,40,1240,62,8,0.816,4.444,0.578,20.0,0.126,0.122,0.785,0.311
er-beta,RF-Scorev2(ODDT)/GlideSP,0.5,NEF,,5.717,14.286,4.429,40,1240,7,1,0.833,5.0,0.51,14.286,0.047,0.033,0.31,0.14
er-beta,RF-Scorev2(ODDT)/GlideSP,1.0,NEF,,3.18,7.692,2.385,40,1240,13,1,0.714,2.5,0.507,7.692,0.026,0.022,0.31,0.14
er-beta,RF-Scorev2(ODDT)/GlideSP,5.0,NEF,,2.042,6.452,2.0,40,1240,62,4,0.674,2.069,0.526,10.0,0.042,0.041,0.31,0.14
fgfr1,RF-Scorev2(ODDT)/GlideSP,0.5,NEF,,0.0,0.0,0.0,40,1240,7,0,0.0,0.0,0.497,0.0,-0.014,-0.01,0.71,0.069
fgfr1,RF-Scorev2(ODDT)/GlideSP,1.0,NEF,,0.0,0.0,0.0,40,1240,13,0,0.0,0.0,0.495,0.0,-0.019,-0.016,0.71,0.069
fgfr1,RF-Scorev2(ODDT)/GlideSP,5.0,NEF,,2.498,8.065,2.5,40,1240,62,5,0.725,2.632,0.539,12.5,0.063,0.061,0.71,0.069
fkbp1a,RF-Scorev2(ODDT)/GlideSP,0.5,NEF,,0.0,0.0,0.0,40,1240,7,0,0.0,0.0,0.497,0.0,-0.014,-0.01,0.368,0.0
fkbp1a,RF-Scorev2(ODDT)/GlideSP,1.0,NEF,,0.0,0.0,0.0,40,1240,13,0,0.0,0.0,0.495,0.0,-0.019,-0.016,0.368,0.0
fkbp1a,RF-Scorev2(ODDT)/GlideSP,5.0,NEF,,0.0,0.0,0.0,40,1240,62,0,0.0,0.0,0.474,0.0,-0.042,-0.041,0.368,0.0
fxa,RF-Scorev2(ODDT)/GlideSP,0.5,NEF,,20.393,71.429,22.143,40,1240,7,5,0.987,75.0,0.562,71.429,0.291,0.205,0.779,0.404
fxa,RF-Scorev2(ODDT)/GlideSP,1.0,NEF,,15.29,46.154,14.308,40,1240,13,6,0.963,25.714,0.572,46.154,0.25,0.214,0.779,0.404
fxa,RF-Scorev2(ODDT)/GlideSP,5.0,NEF,,6.628,20.968,6.5,40,1240,62,13,0.888,7.959,0.642,32.5,0.23,0.224,0.779,0.404
gba,RF-Scorev2(ODDT)/GlideSP,0.5,NEF,,0.0,0.0,0.0,40,1240,7,0,0.0,0.0,0.497,0.0,-0.014,-0.01,0.566,0.109
gba,RF-Scorev2(ODDT)/GlideSP,1.0,NEF,,4.75,15.385,4.769,40,1240,13,2,0.845,5.455,0.52,15.385,0.071,0.061,0.566,0.109
gba,RF-Scorev2(ODDT)/GlideSP,5.0,NEF,,2.988,9.677,3.0,40,1240,62,6,0.763,3.214,0.552,15.0,0.084,0.082,0.566,0.109
gr,RF-Scorev2(ODDT)/GlideSP,0.5,NEF,,0.0,0.0,0.0,40,1240,7,0,0.0,0.0,0.497,0.0,-0.014,-0.01,0.526,0.005
gr,RF-Scorev2(ODDT)/GlideSP,1.0,NEF,,0.0,0.0,0.0,40,1240,13,0,0.0,0.0,0.495,0.0,-0.019,-0.016,0.526,0.005
gr,RF-Scorev2(ODDT)/GlideSP,5.0,NEF,,0.986,3.226,1.0,40,1240,62,2,0.5,1.0,0.5,5.0,0.0,0.0,0.526,0.005
gsk3b,RF-Scorev2(ODDT)/GlideSP,0.5,NEF,,12.921,42.857,13.286,40,1240,7,3,0.957,22.5,0.536,42.857,0.169,0.119,0.665,0.245
gsk3b,RF-Scorev2(ODDT)/GlideSP,1.0,NEF,,6.96,23.077,7.154,40,1240,13,3,0.9,9.0,0.533,23.077,0.116,0.099,0.665,0.245
gsk3b,RF-Scorev2(ODDT)/GlideSP,5.0,NEF,,4.448,14.516,4.5,40,1240,62,9,0.836,5.094,0.59,22.5,0.147,0.143,0.665,0.245
hdac2,RF-Scorev2(ODDT)/GlideSP,0.5,NEF,,4.336,14.286,4.429,40,1240,7,1,0.833,5.0,0.51,14.286,0.047,0.033,0.628,0.071
hdac2,RF-Scorev2(ODDT)/GlideSP,1.0,NEF,,2.33,7.692,2.385,40,1240,13,1,0.714,2.5,0.507,7.692,0.026,0.022,0.628,0.071
hdac2,RF-Scorev2(ODDT)/GlideSP,5.0,NEF,,1.493,4.839,1.5,40,1240,62,3,0.604,1.525,0.513,7.5,0.021,0.02,0.628,0.071
hdac8,RF-Scorev2(ODDT)/GlideSP,0.5,NEF,,0.0,0.0,0.0,40,1240,7,0,0.0,0.0,0.497,0.0,-0.014,-0.01,0.332,0.0
hdac8,RF-Scorev2(ODDT)/GlideSP,1.0,NEF,,0.0,0.0,0.0,40,1240,13,0,0.0,0.0,0.495,0.0,-0.019,-0.016,0.332,0.0
hdac8,RF-Scorev2(ODDT)/GlideSP,5.0,NEF,,0.0,0.0,0.0,40,1240,62,0,0.0,0.0,0.474,0.0,-0.042,-0.041,0.332,0.0
hiv1pr,RF-Scorev2(ODDT)/GlideSP,0.5,NEF,,23.475,71.429,22.143,40,1240,7,5,0.987,75.0,0.562,71.429,0.291,0.205,0.882,0.72
hiv1pr,RF-Scorev2(ODDT)/GlideSP,1.0,NEF,,25.28,84.615,26.231,40,1240,13,11,0.994,165.0,0.637,84.615,0.474,0.406,0.882,0.72
hiv1pr,RF-Scorev2(ODDT)/GlideSP,5.0,NEF,,12.392,40.323,12.5,40,1240,62,25,0.953,20.27,0.797,62.5,0.482,0.469,0.882,0.72
hiv1rt,RF-Scorev2(ODDT)/GlideSP,0.5,NEF,,0.0,0.0,0.0,40,1240,7,0,0.0,0.0,0.497,0.0,-0.014,-0.01,0.596,0.069
hiv1rt,RF-Scorev2(ODDT)/GlideSP,1.0,NEF,,2.46,7.692,2.385,40,1240,13,1,0.714,2.5,0.507,7.692,0.026,0.022,0.596,0.069
hiv1rt,RF-Scorev2(ODDT)/GlideSP,5.0,NEF,,2.1,6.452,2.0,40,1240,62,4,0.674,2.069,0.526,10.0,0.042,0.041,0.596,0.069
hmgr,RF-Scorev2(ODDT)/GlideSP,0.5,NEF,,0.0,0.0,0.0,40,1240,7,0,0.0,0.0,0.497,0.0,-0.014,-0.01,0.463,0.054
hmgr,RF-Scorev2(ODDT)/GlideSP,1.0,NEF,,2.38,7.692,2.385,40,1240,13,1,0.714,2.5,0.507,7.692,0.026,0.022,0.463,0.054
hmgr,RF-Scorev2(ODDT)/GlideSP,5.0,NEF,,1.995,6.452,2.0,40,1240,62,4,0.674,2.069,0.526,10.0,0.042,0.041,0.463,0.054
hsp90,RF-Scorev2(ODDT)/GlideSP,0.5,NEF,,4.336,14.286,4.429,40,1240,7,1,0.833,5.0,0.51,14.286,0.047,0.033,0.572,0.134
hsp90,RF-Scorev2(ODDT)/GlideSP,1.0,NEF,,2.33,7.692,2.385,40,1240,13,1,0.714,2.5,0.507,7.692,0.026,0.022,0.572,0.134
hsp90,RF-Scorev2(ODDT)/GlideSP,5.0,NEF,,2.488,8.065,2.5,40,1240,62,5,0.725,2.632,0.539,12.5,0.063,0.061,0.572,0.134
igf1r,RF-Scorev2(ODDT)/GlideSP,0.5,NEF,,0.0,0.0,0.0,40,1240,7,0,0.0,0.0,0.497,0.0,-0.014,-0.01,0.774,0.113
igf1r,RF-Scorev2(ODDT)/GlideSP,1.0,NEF,,2.48,7.692,2.385,40,1240,13,1,0.714,2.5,0.507,7.692,0.026,0.022,0.774,0.113
igf1r,RF-Scorev2(ODDT)/GlideSP,5.0,NEF,,4.04,12.903,4.0,40,1240,62,8,0.816,4.444,0.578,20.0,0.126,0.122,0.774,0.113
inha,RF-Scorev2(ODDT)/GlideSP,0.5,NEF,,0.0,0.0,0.0,40,1240,7,0,0.0,0.0,0.497,0.0,-0.014,-0.01,0.371,0.012
inha,RF-Scorev2(ODDT)/GlideSP,1.0,NEF,,0.0,0.0,0.0,40,1240,13,0,0.0,0.0,0.495,0.0,-0.019,-0.016,0.371,0.012
inha,RF-Scorev2(ODDT)/GlideSP,5.0,NEF,,0.494,1.613,0.5,40,1240,62,1,0.33,0.492,0.487,2.5,-0.021,-0.02,0.371,0.012
itk,RF-Scorev2(ODDT)/GlideSP,0.5,NEF,,8.7,28.571,8.857,40,1240,7,2,0.923,12.0,0.523,28.571,0.108,0.076,0.695,0.13
itk,RF-Scorev2(ODDT)/GlideSP,1.0,NEF,,4.68,15.385,4.769,40,1240,13,2,0.845,5.455,0.52,15.385,0.071,0.061,0.695,0.13
itk,RF-Scorev2(ODDT)/GlideSP,5.0,NEF,,2.496,8.065,2.5,40,1240,62,5,0.725,2.632,0.539,12.5,0.063,0.061,0.695,0.13
jak3,RF-Scorev2(ODDT)/GlideSP,0.5,NEF,,4.988,14.286,4.429,40,1240,7,1,0.833,5.0,0.51,14.286,0.047,0.033,0.755,0.25
jak3,RF-Scorev2(ODDT)/GlideSP,1.0,NEF,,7.48,23.077,7.154,40,1240,13,3,0.9,9.0,0.533,23.077,0.116,0.099,0.755,0.25
jak3,RF-Scorev2(ODDT)/GlideSP,5.0,NEF,,3.491,11.29,3.5,40,1240,62,7,0.792,3.818,0.565,17.5,0.105,0.102,0.755,0.25
jnk1,RF-Scorev2(ODDT)/GlideSP,0.5,NEF,,0.0,0.0,0.0,40,1240,7,0,0.0,0.0,0.497,0.0,-0.014,-0.01,0.746,0.131
jnk1,RF-Scorev2(ODDT)/GlideSP,1.0,NEF,,5.25,15.385,4.769,40,1240,13,2,0.845,5.455,0.52,15.385,0.071,0.061,0.746,0.131
jnk1,RF-Scorev2(ODDT)/GlideSP,5.0,NEF,,2.625,8.065,2.5,40,1240,62,5,0.725,2.632,0.539,12.5,0.063,0.061,0.746,0.131
jnk2,RF-Scorev2(ODDT)/GlideSP,0.5,NEF,,0.0,0.0,0.0,40,1240,7,0,0.0,0.0,0.497,0.0,-0.014,-0.01,0.587,0.033
jnk2,RF-Scorev2(ODDT)/GlideSP,1.0,NEF,,0.0,0.0,0.0,40,1240,13,0,0.0,0.0,0.495,0.0,-0.019,-0.016,0.587,0.033
jnk2,RF-Scorev2(ODDT)/GlideSP,5.0,NEF,,1.018,3.226,1.0,40,1240,62,2,0.5,1.0,0.5,5.0,0.0,0.0,0.587,0.033
jnk3,RF-Scorev2(ODDT)/GlideSP,0.5,NEF,,8.857,28.571,8.857,40,1240,7,2,0.923,12.0,0.523,28.571,0.108,0.076,0.691,0.256
jnk3,RF-Scorev2(ODDT)/GlideSP,1.0,NEF,,9.54,30.769,9.538,40,1240,13,4,0.93,13.333,0.546,30.769,0.16,0.137,0.691,0.256
jnk3,RF-Scorev2(ODDT)/GlideSP,5.0,NEF,,4.066,12.903,4.0,40,1240,62,8,0.816,4.444,0.578,20.0,0.126,0.122,0.691,0.256
kif11,RF-Scorev2(ODDT)/GlideSP,0.5,NEF,,4.318,14.286,4.429,40,1240,7,1,0.833,5.0,0.51,14.286,0.047,0.033,0.633,0.175
kif11,RF-Scorev2(ODDT)/GlideSP,1.0,NEF,,4.65,15.385,4.769,40,1240,13,2,0.845,5.455,0.52,15.385,0.071,0.061,0.633,0.175
kif11,RF-Scorev2(ODDT)/GlideSP,5.0,NEF,,3.468,11.29,3.5,40,1240,62,7,0.792,3.818,0.565,17.5,0.105,0.102,0.633,0.175
lck,RF-Scorev2(ODDT)/GlideSP,0.5,NEF,,0.0,0.0,0.0,40,1240,7,0,0.0,0.0,0.497,0.0,-0.014,-0.01,0.659,0.004
lck,RF-Scorev2(ODDT)/GlideSP,1.0,NEF,,0.0,0.0,0.0,40,1240,13,0,0.0,0.0,0.495,0.0,-0.019,-0.016,0.659,0.004
lck,RF-Scorev2(ODDT)/GlideSP,5.0,NEF,,0.493,1.613,0.5,40,1240,62,1,0.33,0.492,0.487,2.5,-0.021,-0.02,0.659,0.004
mdm2,RF-Scorev2(ODDT)/GlideSP,0.5,NEF,,0.0,0.0,0.0,40,1240,7,0,0.0,0.0,0.497,0.0,-0.014,-0.01,0.321,0.019
mdm2,RF-Scorev2(ODDT)/GlideSP,1.0,NEF,,0.0,0.0,0.0,40,1240,13,0,0.0,0.0,0.495,0.0,-0.019,-0.016,0.321,0.019
mdm2,RF-Scorev2(ODDT)/GlideSP,5.0,NEF,,0.998,3.226,1.0,40,1240,62,2,0.5,1.0,0.5,5.0,0.0,0.0,0.321,0.019
mk2,RF-Scorev2(ODDT)/GlideSP,0.5,NEF,,5.243,14.286,4.429,40,1240,7,1,0.833,5.0,0.51,14.286,0.047,0.033,0.756,0.18
mk2,RF-Scorev2(ODDT)/GlideSP,1.0,NEF,,5.24,15.385,4.769,40,1240,13,2,0.845,5.455,0.52,15.385,0.071,0.061,0.756,0.18
mk2,RF-Scorev2(ODDT)/GlideSP,5.0,NEF,,2.666,8.065,2.5,40,1240,62,5,0.725,2.632,0.539,12.5,0.063,0.061,0.756,0.18
mmp2,RF-Scorev2(ODDT)/GlideSP,0.5,NEF,,0.0,0.0,0.0,40,1240,7,0,0.0,0.0,0.497,0.0,-0.014,-0.01,0.449,0.032
mmp2,RF-Scorev2(ODDT)/GlideSP,1.0,NEF,,0.0,0.0,0.0,40,1240,13,0,0.0,0.0,0.495,0.0,-0.019,-0.016,0.449,0.032
mmp2,RF-Scorev2(ODDT)/GlideSP,5.0,NEF,,0.99,3.226,1.0,40,1240,62,2,0.5,1.0,0.5,5.0,0.0,0.0,0.449,0.032
na,RF-Scorev2(ODDT)/GlideSP,0.5,NEF,,0.0,0.0,0.0,40,1240,7,0,0.0,0.0,0.497,0.0,-0.014,-0.01,0.691,0.006
na,RF-Scorev2(ODDT)/GlideSP,1.0,NEF,,0.0,0.0,0.0,40,1240,13,0,0.0,0.0,0.495,0.0,-0.019,-0.016,0.691,0.006
na,RF-Scorev2(ODDT)/GlideSP,5.0,NEF,,0.999,3.226,1.0,40,1240,62,2,0.5,1.0,0.5,5.0,0.0,0.0,0.691,0.006
p38-alpha,RF-Scorev2(ODDT)/GlideSP,0.5,NEF,,0.0,0.0,0.0,40,1240,7,0,0.0,0.0,0.497,0.0,-0.014,-0.01,0.732,0.043
p38-alpha,RF-Scorev2(ODDT)/GlideSP,1.0,NEF,,0.0,0.0,0.0,40,1240,13,0,0.0,0.0,0.495,0.0,-0.019,-0.016,0.732,0.043
p38-alpha,RF-Scorev2(ODDT)/GlideSP,5.0,NEF,,1.971,6.452,2.0,40,1240,62,4,0.674,2.069,0.526,10.0,0.042,0.041,0.732,0.043
parp-1,RF-Scorev2(ODDT)/GlideSP,0.5,NEF,,4.307,14.286,4.429,40,1240,7,1,0.833,5.0,0.51,14.286,0.047,0.033,0.618,0.101
parp-1,RF-Scorev2(ODDT)/GlideSP,1.0,NEF,,2.32,7.692,2.385,40,1240,13,1,0.714,2.5,0.507,7.692,0.026,0.022,0.618,0.101
parp-1,RF-Scorev2(ODDT)/GlideSP,5.0,NEF,,2.471,8.065,2.5,40,1240,62,5,0.725,2.632,0.539,12.5,0.063,0.061,0.618,0.101
pde4b,RF-Scorev2(ODDT)/GlideSP,0.5,NEF,,0.0,0.0,0.0,40,1240,7,0,0.0,0.0,0.497,0.0,-0.014,-0.01,0.556,0.041
pde4b,RF-Scorev2(ODDT)/GlideSP,1.0,NEF,,0.0,0.0,0.0,40,1240,13,0,0.0,0.0,0.495,0.0,-0.019,-0.016,0.556,0.041
pde4b,RF-Scorev2(ODDT)/GlideSP,5.0,NEF,,2.484,8.065,2.5,40,1240,62,5,0.725,2.632,0.539,12.5,0.063,0.061,0.556,0.041
pde5,RF-Scorev2(ODDT)/GlideSP,0.5,NEF,,4.609,14.286,4.429,40,1240,7,1,0.833,5.0,0.51,14.286,0.047,0.033,0.642,0.084
pde5,RF-Scorev2(ODDT)/GlideSP,1.0,NEF,,2.48,7.692,2.385,40,1240,13,1,0.714,2.5,0.507,7.692,0.026,0.022,0.642,0.084
pde5,RF-Scorev2(ODDT)/GlideSP,5.0,NEF,,1.041,3.226,1.0,40,1240,62,2,0.5,1.0,0.5,5.0,0.0,0.0,0.642,0.084
pdk1,RF-Scorev2(ODDT)/GlideSP,0.5,NEF,,0.0,0.0,0.0,40,1240,7,0,0.0,0.0,0.497,0.0,-0.014,-0.01,0.648,0.13
pdk1,RF-Scorev2(ODDT)/GlideSP,1.0,NEF,,4.88,15.385,4.769,40,1240,13,2,0.845,5.455,0.52,15.385,0.071,0.061,0.648,0.13
pdk1,RF-Scorev2(ODDT)/GlideSP,5.0,NEF,,3.122,9.677,3.0,40,1240,62,6,0.763,3.214,0.552,15.0,0.084,0.082,0.648,0.13
pi3kg,RF-Scorev2(ODDT)/GlideSP,0.5,NEF,,8.864,28.571,8.857,40,1240,7,2,0.923,12.0,0.523,28.571,0.108,0.076,0.73,0.195
pi3kg,RF-Scorev2(ODDT)/GlideSP,1.0,NEF,,7.16,23.077,7.154,40,1240,13,3,0.9,9.0,0.533,23.077,0.116,0.099,0.73,0.195
pi3kg,RF-Scorev2(ODDT)/GlideSP,5.0,NEF,,4.069,12.903,4.0,40,1240,62,8,0.816,4.444,0.578,20.0,0.126,0.122,0.73,0.195
pim-1,RF-Scorev2(ODDT)/GlideSP,0.5,NEF,,4.318,14.286,4.429,40,1240,7,1,0.833,5.0,0.51,14.286,0.047,0.033,0.553,0.067
pim-1,RF-Scorev2(ODDT)/GlideSP,1.0,NEF,,2.33,7.692,2.385,40,1240,13,1,0.714,2.5,0.507,7.692,0.026,0.022,0.553,0.067
pim-1,RF-Scorev2(ODDT)/GlideSP,5.0,NEF,,1.982,6.452,2.0,40,1240,62,4,0.674,2.069,0.526,10.0,0.042,0.041,0.553,0.067
pim-2,RF-Scorev2(ODDT)/GlideSP,0.5,NEF,,0.0,0.0,0.0,40,1240,7,0,0.0,0.0,0.497,0.0,-0.014,-0.01,0.606,0.036
pim-2,RF-Scorev2(ODDT)/GlideSP,1.0,NEF,,0.0,0.0,0.0,40,1240,13,0,0.0,0.0,0.495,0.0,-0.019,-0.016,0.606,0.036
pim-2,RF-Scorev2(ODDT)/GlideSP,5.0,NEF,,1.523,4.839,1.5,40,1240,62,3,0.604,1.525,0.513,7.5,0.021,0.02,0.606,0.036
pnp,RF-Scorev2(ODDT)/GlideSP,0.5,NEF,,8.807,28.571,8.857,40,1240,7,2,0.923,12.0,0.523,28.571,0.108,0.076,0.594,0.172
pnp,RF-Scorev2(ODDT)/GlideSP,1.0,NEF,,4.74,15.385,4.769,40,1240,13,2,0.845,5.455,0.52,15.385,0.071,0.061,0.594,0.172
pnp,RF-Scorev2(ODDT)/GlideSP,5.0,NEF,,2.486,8.065,2.5,40,1240,62,5,0.725,2.632,0.539,12.5,0.063,0.061,0.594,0.172
ppara,RF-Scorev2(ODDT)/GlideSP,0.5,NEF,,4.991,14.286,4.429,40,1240,7,1,0.833,5.0,0.51,14.286,0.047,0.033,0.665,0.214
ppara,RF-Scorev2(ODDT)/GlideSP,1.0,NEF,,4.99,15.385,4.769,40,1240,13,2,0.845,5.455,0.52,15.385,0.071,0.061,0.665,0.214
ppara,RF-Scorev2(ODDT)/GlideSP,5.0,NEF,,5.779,19.355,6.0,40,1240,62,12,0.878,7.2,0.629,30.0,0.209,0.204,0.665,0.214
pparg,RF-Scorev2(ODDT)/GlideSP,0.5,NEF,,0.0,0.0,0.0,40,1240,7,0,0.0,0.0,0.497,0.0,-0.014,-0.01,0.661,0.263
pparg,RF-Scorev2(ODDT)/GlideSP,1.0,NEF,,9.5,30.769,9.538,40,1240,13,4,0.93,13.333,0.546,30.769,0.16,0.137,0.661,0.263
pparg,RF-Scorev2(ODDT)/GlideSP,5.0,NEF,,6.0,19.355,6.0,40,1240,62,12,0.878,7.2,0.629,30.0,0.209,0.204,0.661,0.263
pr,RF-Scorev2(ODDT)/GlideSP,0.5,NEF,,4.9,14.286,4.429,40,1240,7,1,0.833,5.0,0.51,14.286,0.047,0.033,0.479,0.069
pr,RF-Scorev2(ODDT)/GlideSP,1.0,NEF,,2.67,7.692,2.385,40,1240,13,1,0.714,2.5,0.507,7.692,0.026,0.022,0.479,0.069
pr,RF-Scorev2(ODDT)/GlideSP,5.0,NEF,,0.565,1.613,0.5,40,1240,62,1,0.33,0.492,0.487,2.5,-0.021,-0.02,0.479,0.069
prkcq,RF-Scorev2(ODDT)/GlideSP,0.5,NEF,,0.0,0.0,0.0,40,1240,7,0,0.0,0.0,0.497,0.0,-0.014,-0.01,0.728,0.076
prkcq,RF-Scorev2(ODDT)/GlideSP,1.0,NEF,,0.0,0.0,0.0,40,1240,13,0,0.0,0.0,0.495,0.0,-0.019,-0.016,0.728,0.076
prkcq,RF-Scorev2(ODDT)/GlideSP,5.0,NEF,,4.211,12.903,4.0,40,1240,62,8,0.816,4.444,0.578,20.0,0.126,0.122,0.728,0.076
pygl-in,RF-Scorev2(ODDT)/GlideSP,0.5,NEF,,0.0,0.0,0.0,40,1240,7,0,0.0,0.0,0.497,0.0,-0.014,-0.01,0.704,0.116
pygl-in,RF-Scorev2(ODDT)/GlideSP,1.0,NEF,,4.74,15.385,4.769,40,1240,13,2,0.845,5.455,0.52,15.385,0.071,0.061,0.704,0.116
pygl-in,RF-Scorev2(ODDT)/GlideSP,5.0,NEF,,2.981,9.677,3.0,40,1240,62,6,0.763,3.214,0.552,15.0,0.084,0.082,0.704,0.116
pygl-out,RF-Scorev2(ODDT)/GlideSP,0.5,NEF,,8.829,28.571,8.857,40,1240,7,2,0.923,12.0,0.523,28.571,0.108,0.076,0.553,0.232
pygl-out,RF-Scorev2(ODDT)/GlideSP,1.0,NEF,,4.75,15.385,4.769,40,1240,13,2,0.845,5.455,0.52,15.385,0.071,0.061,0.553,0.232
pygl-out,RF-Scorev2(ODDT)/GlideSP,5.0,NEF,,5.482,17.742,5.5,40,1240,62,11,0.866,6.471,0.616,27.5,0.188,0.184,0.553,0.232
qpct,RF-Scorev2(ODDT)/GlideSP,0.5,NEF,,0.0,0.0,0.0,40,1240,7,0,0.0,0.0,0.497,0.0,-0.014,-0.01,0.617,0.03
qpct,RF-Scorev2(ODDT)/GlideSP,1.0,NEF,,0.0,0.0,0.0,40,1240,13,0,0.0,0.0,0.495,0.0,-0.019,-0.016,0.617,0.03
qpct,RF-Scorev2(ODDT)/GlideSP,5.0,NEF,,1.997,6.452,2.0,40,1240,62,4,0.674,2.069,0.526,10.0,0.042,0.041,0.617,0.03
rock-1,RF-Scorev2(ODDT)/GlideSP,0.5,NEF,,8.621,28.571,8.857,40,1240,7,2,0.923,12.0,0.523,28.571,0.108,0.076,0.656,0.135
rock-1,RF-Scorev2(ODDT)/GlideSP,1.0,NEF,,4.64,15.385,4.769,40,1240,13,2,0.845,5.455,0.52,15.385,0.071,0.061,0.656,0.135
rock-1,RF-Scorev2(ODDT)/GlideSP,5.0,NEF,,2.968,9.677,3.0,40,1240,62,6,0.763,3.214,0.552,15.0,0.084,0.082,0.656,0.135
rxr,RF-Scorev2(ODDT)/GlideSP,0.5,NEF,,20.735,71.429,22.143,40,1240,7,5,0.987,75.0,0.562,71.429,0.291,0.205,0.793,0.439
rxr,RF-Scorev2(ODDT)/GlideSP,1.0,NEF,,12.96,38.462,11.923,40,1240,13,5,0.949,18.75,0.559,38.462,0.205,0.176,0.793,0.439
rxr,RF-Scorev2(ODDT)/GlideSP,5.0,NEF,,5.4,17.742,5.5,40,1240,62,11,0.866,6.471,0.616,27.5,0.188,0.184,0.793,0.439
sars-hcov,RF-Scorev2(ODDT)/GlideSP,0.5,NEF,,8.806,28.571,8.857,39,1209,7,2,0.923,12.0,0.524,28.571,0.109,0.078,0.547,0.19
sars-hcov,RF-Scorev2(ODDT)/GlideSP,1.0,NEF,,4.74,15.385,4.769,39,1209,13,2,0.845,5.455,0.521,15.385,0.072,0.062,0.547,0.19
sars-hcov,RF-Scorev2(ODDT)/GlideSP,5.0,NEF,,2.526,8.197,2.541,39,1209,61,5,0.728,2.679,0.54,12.821,0.065,0.063,0.547,0.19
sirt2,RF-Scorev2(ODDT)/GlideSP,0.5,NEF,,4.361,14.286,4.429,40,1240,7,1,0.833,5.0,0.51,14.286,0.047,0.033,0.436,0.104
sirt2,RF-Scorev2(ODDT)/GlideSP,1.0,NEF,,4.7,15.385,4.769,40,1240,13,2,0.845,5.455,0.52,15.385,0.071,0.061,0.436,0.104
sirt2,RF-Scorev2(ODDT)/GlideSP,5.0,NEF,,1.969,6.452,2.0,40,1240,62,4,0.674,2.069,0.526,10.0,0.042,0.041,0.436,0.104
src,RF-Scorev2(ODDT)/GlideSP,0.5,NEF,,0.0,0.0,0.0,40,1240,7,0,0.0,0.0,0.497,0.0,-0.014,-0.01,0.575,0.061
src,RF-Scorev2(ODDT)/GlideSP,1.0,NEF,,0.0,0.0,0.0,40,1240,13,0,0.0,0.0,0.495,0.0,-0.019,-0.016,0.575,0.061
src,RF-Scorev2(ODDT)/GlideSP,5.0,NEF,,2.545,8.065,2.5,40,1240,62,5,0.725,2.632,0.539,12.5,0.063,0.061,0.575,0.061
thrombin,RF-Scorev2(ODDT)/GlideSP,0.5,NEF,,18.211,57.143,17.714,40,1240,7,4,0.976,40.0,0.549,57.143,0.23,0.162,0.724,0.384
thrombin,RF-Scorev2(ODDT)/GlideSP,1.0,NEF,,14.71,46.154,14.308,40,1240,13,6,0.963,25.714,0.572,46.154,0.25,0.214,0.724,0.384
thrombin,RF-Scorev2(ODDT)/GlideSP,5.0,NEF,,5.224,16.129,5.0,40,1240,62,10,0.852,5.769,0.603,25.0,0.168,0.163,0.724,0.384
tie2,RF-Scorev2(ODDT)/GlideSP,0.5,NEF,,4.996,14.286,4.429,40,1240,7,1,0.833,5.0,0.51,14.286,0.047,0.033,0.687,0.239
tie2,RF-Scorev2(ODDT)/GlideSP,1.0,NEF,,9.99,30.769,9.538,40,1240,13,4,0.93,13.333,0.546,30.769,0.16,0.137,0.687,0.239
tie2,RF-Scorev2(ODDT)/GlideSP,5.0,NEF,,3.497,11.29,3.5,40,1240,62,7,0.792,3.818,0.565,17.5,0.105,0.102,0.687,0.239
tk,RF-Scorev2(ODDT)/GlideSP,0.5,NEF,,0.0,0.0,0.0,40,1240,7,0,0.0,0.0,0.497,0.0,-0.014,-0.01,0.537,0.004
tk,RF-Scorev2(ODDT)/GlideSP,1.0,NEF,,0.0,0.0,0.0,40,1240,13,0,0.0,0.0,0.495,0.0,-0.019,-0.016,0.537,0.004
tk,RF-Scorev2(ODDT)/GlideSP,5.0,NEF,,0.51,1.613,0.5,40,1240,62,1,0.33,0.492,0.487,2.5,-0.021,-0.02,0.537,0.004
tp,RF-Scorev2(ODDT)/GlideSP,0.5,NEF,,0.0,0.0,0.0,40,1240,7,0,0.0,0.0,0.497,0.0,-0.014,-0.01,0.29,0.006
tp,RF-Scorev2(ODDT)/GlideSP,1.0,NEF,,0.0,0.0,0.0,40,1240,13,0,0.0,0.0,0.495,0.0,-0.019,-0.016,0.29,0.006
tp,RF-Scorev2(ODDT)/GlideSP,5.0,NEF,,0.644,1.613,0.5,40,1240,62,1,0.33,0.492,0.487,2.5,-0.021,-0.02,0.29,0.006
tpa,RF-Scorev2(ODDT)/GlideSP,0.5,NEF,,0.0,0.0,0.0,40,1240,7,0,0.0,0.0,0.497,0.0,-0.014,-0.01,0.587,0.025
tpa,RF-Scorev2(ODDT)/GlideSP,1.0,NEF,,0.0,0.0,0.0,40,1240,13,0,0.0,0.0,0.495,0.0,-0.019,-0.016,0.587,0.025
tpa,RF-Scorev2(ODDT)/GlideSP,5.0,NEF,,1.036,3.226,1.0,40,1240,62,2,0.5,1.0,0.5,5.0,0.0,0.0,0.587,0.025
ts,RF-Scorev2(ODDT)/GlideSP,0.5,NEF,,0.0,0.0,0.0,40,1239,7,0,0.0,0.0,0.497,0.0,-0.014,-0.01,0.584,0.0
ts,RF-Scorev2(ODDT)/GlideSP,1.0,NEF,,0.0,0.0,0.0,40,1239,13,0,0.0,0.0,0.495,0.0,-0.019,-0.016,0.584,0.0
ts,RF-Scorev2(ODDT)/GlideSP,5.0,NEF,,0.0,0.0,0.0,40,1239,62,0,0.0,0.0,0.474,0.0,-0.042,-0.041,0.584,0.0
upa,RF-Scorev2(ODDT)/GlideSP,0.5,NEF,,4.983,14.286,4.429,40,1240,7,1,0.833,5.0,0.51,14.286,0.047,0.033,0.52,0.079
upa,RF-Scorev2(ODDT)/GlideSP,1.0,NEF,,2.49,7.692,2.385,40,1240,13,1,0.714,2.5,0.507,7.692,0.026,0.022,0.52,0.079
upa,RF-Scorev2(ODDT)/GlideSP,5.0,NEF,,1.495,4.839,1.5,40,1240,62,3,0.604,1.525,0.513,7.5,0.021,0.02,0.52,0.079
vegfr1,RF-Scorev2(ODDT)/GlideSP,0.5,NEF,,0.0,0.0,0.0,40,1240,7,0,0.0,0.0,0.497,0.0,-0.014,-0.01,0.655,0.02
vegfr1,RF-Scorev2(ODDT)/GlideSP,1.0,NEF,,0.0,0.0,0.0,40,1240,13,0,0.0,0.0,0.495,0.0,-0.019,-0.016,0.655,0.02
vegfr1,RF-Scorev2(ODDT)/GlideSP,5.0,NEF,,2.102,6.452,2.0,40,1240,62,4,0.674,2.069,0.526,10.0,0.042,0.041,0.655,0.02
vegfr2,RF-Scorev2(ODDT)/GlideSP,0.5,NEF,,0.0,0.0,0.0,40,1240,7,0,0.0,0.0,0.497,0.0,-0.014,-0.01,0.611,0.065
vegfr2,RF-Scorev2(ODDT)/GlideSP,1.0,NEF,,2.41,7.692,2.385,40,1240,13,1,0.714,2.5,0.507,7.692,0.026,0.022,0.611,0.065
vegfr2,RF-Scorev2(ODDT)/GlideSP,5.0,NEF,,2.564,8.065,2.5,40,1240,62,5,0.725,2.632,0.539,12.5,0.063,0.061,0.611,0.065
11betahsd1,RF-Scorev3(ODDT)/GlideSP,0.5,NEF,,0.0,0.0,0.0,40,1240,7,0,0.0,0.0,0.497,0.0,-0.014,-0.01,0.481,0.071
11betahsd1,RF-Scorev3(ODDT)/GlideSP,1.0,NEF,,0.0,0.0,0.0,40,1240,13,0,0.0,0.0,0.495,0.0,-0.019,-0.016,0.481,0.071
11betahsd1,RF-Scorev3(ODDT)/GlideSP,5.0,NEF,,2.046,6.452,2.0,40,1240,62,4,0.674,2.069,0.526,10.0,0.042,0.041,0.481,0.071
17betahsd1,RF-Scorev3(ODDT)/GlideSP,0.5,NEF,,4.382,14.286,4.429,40,1240,7,1,0.833,5.0,0.51,14.286,0.047,0.033,0.393,0.053
17betahsd1,RF-Scorev3(ODDT)/GlideSP,1.0,NEF,,2.36,7.692,2.385,40,1240,13,1,0.714,2.5,0.507,7.692,0.026,0.022,0.393,0.053
17betahsd1,RF-Scorev3(ODDT)/GlideSP,5.0,NEF,,0.495,1.613,0.5,40,1240,62,1,0.33,0.492,0.487,2.5,-0.021,-0.02,0.393,0.053
a2a,RF-Scorev3(ODDT)/GlideSP,0.5,NEF,,4.386,14.286,4.429,40,1240,7,1,0.833,5.0,0.51,14.286,0.047,0.033,0.739,0.138
a2a,RF-Scorev3(ODDT)/GlideSP,1.0,NEF,,4.72,15.385,4.769,40,1240,13,2,0.845,5.455,0.52,15.385,0.071,0.061,0.739,0.138
a2a,RF-Scorev3(ODDT)/GlideSP,5.0,NEF,,2.971,9.677,3.0,40,1240,62,6,0.763,3.214,0.552,15.0,0.084,0.082,0.739,0.138
ace,RF-Scorev3(ODDT)/GlideSP,0.5,NEF,,4.411,14.286,4.429,40,1240,7,1,0.833,5.0,0.51,14.286,0.047,0.033,0.579,0.171
ace,RF-Scorev3(ODDT)/GlideSP,1.0,NEF,,7.13,23.077,7.154,40,1240,13,3,0.9,9.0,0.533,23.077,0.116,0.099,0.579,0.171
ace,RF-Scorev3(ODDT)/GlideSP,5.0,NEF,,2.988,9.677,3.0,40,1240,62,6,0.763,3.214,0.552,15.0,0.084,0.082,0.579,0.171
ace2,RF-Scorev3(ODDT)/GlideSP,0.5,NEF,,13.275,42.857,13.286,40,1240,7,3,0.957,22.5,0.536,42.857,0.169,0.119,0.641,0.274
ace2,RF-Scorev3(ODDT)/GlideSP,1.0,NEF,,7.15,23.077,7.154,40,1240,13,3,0.9,9.0,0.533,23.077,0.116,0.099,0.641,0.274
ace2,RF-Scorev3(ODDT)/GlideSP,5.0,NEF,,3.497,11.29,3.5,40,1240,62,7,0.792,3.818,0.565,17.5,0.105,0.102,0.641,0.274
ache,RF-Scorev3(ODDT)/GlideSP,0.5,NEF,,0.0,0.0,0.0,40,1240,7,0,0.0,0.0,0.497,0.0,-0.014,-0.01,0.545,0.086
ache,RF-Scorev3(ODDT)/GlideSP,1.0,NEF,,2.35,7.692,2.385,40,1240,13,1,0.714,2.5,0.507,7.692,0.026,0.022,0.545,0.086
ache,RF-Scorev3(ODDT)/GlideSP,5.0,NEF,,1.969,6.452,2.0,40,1240,62,4,0.674,2.069,0.526,10.0,0.042,0.041,0.545,0.086
adam17,RF-Scorev3(ODDT)/GlideSP,0.5,NEF,,4.393,14.286,4.429,40,1240,7,1,0.833,5.0,0.51,14.286,0.047,0.033,0.382,0.102
adam17,RF-Scorev3(ODDT)/GlideSP,1.0,NEF,,2.37,7.692,2.385,40,1240,13,1,0.714,2.5,0.507,7.692,0.026,0.022,0.382,0.102
adam17,RF-Scorev3(ODDT)/GlideSP,5.0,NEF,,1.984,6.452,2.0,40,1240,62,4,0.674,2.069,0.526,10.0,0.042,0.041,0.382,0.102
adrb2,RF-Scorev3(ODDT)/GlideSP,0.5,NEF,,4.796,14.286,4.429,40,1240,7,1,0.833,5.0,0.51,14.286,0.047,0.033,0.552,0.229
adrb2,RF-Scorev3(ODDT)/GlideSP,1.0,NEF,,9.59,30.769,9.538,40,1240,13,4,0.93,13.333,0.546,30.769,0.16,0.137,0.552,0.229
adrb2,RF-Scorev3(ODDT)/GlideSP,5.0,NEF,,3.969,12.903,4.0,40,1240,62,8,0.816,4.444,0.578,20.0,0.126,0.122,0.552,0.229
akt1,RF-Scorev3(ODDT)/GlideSP,0.5,NEF,,0.0,0.0,0.0,40,1240,7,0,0.0,0.0,0.497,0.0,-0.014,-0.01,0.639,0.096
akt1,RF-Scorev3(ODDT)/GlideSP,1.0,NEF,,2.53,7.692,2.385,40,1240,13,1,0.714,2.5,0.507,7.692,0.026,0.022,0.639,0.096
akt1,RF-Scorev3(ODDT)/GlideSP,5.0,NEF,,2.526,8.065,2.5,40,1240,62,5,0.725,2.632,0.539,12.5,0.063,0.061,0.639,0.096
alr2,RF-Scorev3(ODDT)/GlideSP,0.5,NEF,,0.0,0.0,0.0,40,1240,7,0,0.0,0.0,0.497,0.0,-0.014,-0.01,0.486,0.018
alr2,RF-Scorev3(ODDT)/GlideSP,1.0,NEF,,0.0,0.0,0.0,40,1240,13,0,0.0,0.0,0.495,0.0,-0.019,-0.016,0.486,0.018
alr2,RF-Scorev3(ODDT)/GlideSP,5.0,NEF,,0.989,3.226,1.0,40,1240,62,2,0.5,1.0,0.5,5.0,0.0,0.0,0.486,0.018
ar,RF-Scorev3(ODDT)/GlideSP,0.5,NEF,,5.643,14.286,4.429,40,1240,7,1,0.833,5.0,0.51,14.286,0.047,0.033,0.542,0.224
ar,RF-Scorev3(ODDT)/GlideSP,1.0,NEF,,6.45,23.077,7.154,40,1240,13,3,0.9,9.0,0.533,23.077,0.116,0.099,0.542,0.224
ar,RF-Scorev3(ODDT)/GlideSP,5.0,NEF,,2.821,9.677,3.0,40,1240,62,6,0.763,3.214,0.552,15.0,0.084,0.082,0.542,0.224
aurka,RF-Scorev3(ODDT)/GlideSP,0.5,NEF,,0.0,0.0,0.0,40,1240,7,0,0.0,0.0,0.497,0.0,-0.014,-0.01,0.667,0.066
aurka,RF-Scorev3(ODDT)/GlideSP,1.0,NEF,,0.0,0.0,0.0,40,1240,13,0,0.0,0.0,0.495,0.0,-0.019,-0.016,0.667,0.066
aurka,RF-Scorev3(ODDT)/GlideSP,5.0,NEF,,2.543,8.065,2.5,40,1240,62,5,0.725,2.632,0.539,12.5,0.063,0.061,0.667,0.066
aurkb,RF-Scorev3(ODDT)/GlideSP,0.5,NEF,,13.018,42.857,13.286,40,1240,7,3,0.957,22.5,0.536,42.857,0.169,0.119,0.687,0.351
aurkb,RF-Scorev3(ODDT)/GlideSP,1.0,NEF,,11.68,38.462,11.923,40,1240,13,5,0.949,18.75,0.559,38.462,0.205,0.176,0.687,0.351
aurkb,RF-Scorev3(ODDT)/GlideSP,5.0,NEF,,6.473,20.968,6.5,40,1240,62,13,0.888,7.959,0.642,32.5,0.23,0.224,0.687,0.351
bcl2,RF-Scorev3(ODDT)/GlideSP,0.5,NEF,,26.207,85.714,26.571,40,1240,7,6,0.994,180.0,0.575,85.714,0.352,0.248,0.766,0.601
bcl2,RF-Scorev3(ODDT)/GlideSP,1.0,NEF,,18.82,61.538,19.077,40,1240,13,8,0.98,48.0,0.598,61.538,0.34,0.291,0.766,0.601
bcl2,RF-Scorev3(ODDT)/GlideSP,5.0,NEF,,8.877,29.032,9.0,40,1240,62,18,0.925,12.273,0.707,45.0,0.335,0.327,0.766,0.601
braf,RF-Scorev3(ODDT)/GlideSP,0.5,NEF,,4.429,14.286,4.429,40,1240,7,1,0.833,5.0,0.51,14.286,0.047,0.033,0.517,0.06
braf,RF-Scorev3(ODDT)/GlideSP,1.0,NEF,,2.38,7.692,2.385,40,1240,13,1,0.714,2.5,0.507,7.692,0.026,0.022,0.517,0.06
braf,RF-Scorev3(ODDT)/GlideSP,5.0,NEF,,1.525,4.839,1.5,40,1240,62,3,0.604,1.525,0.513,7.5,0.021,0.02,0.517,0.06
catl,RF-Scorev3(ODDT)/GlideSP,0.5,NEF,,13.211,42.857,13.286,40,1240,7,3,0.957,22.5,0.536,42.857,0.169,0.119,0.62,0.208
catl,RF-Scorev3(ODDT)/GlideSP,1.0,NEF,,7.11,23.077,7.154,40,1240,13,3,0.9,9.0,0.533,23.077,0.116,0.099,0.62,0.208
catl,RF-Scorev3(ODDT)/GlideSP,5.0,NEF,,2.486,8.065,2.5,40,1240,62,5,0.725,2.632,0.539,12.5,0.063,0.061,0.62,0.208
cdk2,RF-Scorev3(ODDT)/GlideSP,0.5,NEF,,0.0,0.0,0.0,40,1240,7,0,0.0,0.0,0.497,0.0,-0.014,-0.01,0.629,0.101
cdk2,RF-Scorev3(ODDT)/GlideSP,1.0,NEF,,2.49,7.692,2.385,40,1240,13,1,0.714,2.5,0.507,7.692,0.026,0.022,0.629,0.101
cdk2,RF-Scorev3(ODDT)/GlideSP,5.0,NEF,,1.993,6.452,2.0,40,1240,62,4,0.674,2.069,0.526,10.0,0.042,0.041,0.629,0.101
cox1,RF-Scorev3(ODDT)/GlideSP,0.5,NEF,,0.0,0.0,0.0,40,1240,7,0,0.0,0.0,0.497,0.0,-0.014,-0.01,0.516,0.061
cox1,RF-Scorev3(ODDT)/GlideSP,1.0,NEF,,0.0,0.0,0.0,40,1240,13,0,0.0,0.0,0.495,0.0,-0.019,-0.016,0.516,0.061
cox1,RF-Scorev3(ODDT)/GlideSP,5.0,NEF,,2.051,6.452,2.0,40,1240,62,4,0.674,2.069,0.526,10.0,0.042,0.041,0.516,0.061
cox2,RF-Scorev3(ODDT)/GlideSP,0.5,NEF,,0.0,0.0,0.0,40,1240,7,0,0.0,0.0,0.497,0.0,-0.014,-0.01,0.531,0.011
cox2,RF-Scorev3(ODDT)/GlideSP,1.0,NEF,,0.0,0.0,0.0,40,1240,13,0,0.0,0.0,0.495,0.0,-0.019,-0.016,0.531,0.011
cox2,RF-Scorev3(ODDT)/GlideSP,5.0,NEF,,1.612,4.839,1.5,40,1240,62,3,0.604,1.525,0.513,7.5,0.021,0.02,0.531,0.011
ctsk,RF-Scorev3(ODDT)/GlideSP,0.5,NEF,,0.0,0.0,0.0,40,1240,7,0,0.0,0.0,0.497,0.0,-0.014,-0.01,0.57,0.023
ctsk,RF-Scorev3(ODDT)/GlideSP,1.0,NEF,,0.0,0.0,0.0,40,1240,13,0,0.0,0.0,0.495,0.0,-0.019,-0.016,0.57,0.023
ctsk,RF-Scorev3(ODDT)/GlideSP,5.0,NEF,,0.498,1.613,0.5,40,1240,62,1,0.33,0.492,0.487,2.5,-0.021,-0.02,0.57,0.023
cyp2a6,RF-Scorev3(ODDT)/GlideSP,0.5,NEF,,0.0,0.0,0.0,40,1240,7,0,0.0,0.0,0.497,0.0,-0.014,-0.01,0.347,0.0
cyp2a6,RF-Scorev3(ODDT)/GlideSP,1.0,NEF,,0.0,0.0,0.0,40,1240,13,0,0.0,0.0,0.495,0.0,-0.019,-0.016,0.347,0.0
cyp2a6,RF-Scorev3(ODDT)/GlideSP,5.0,NEF,,0.0,0.0,0.0,40,1240,62,0,0.0,0.0,0.474,0.0,-0.042,-0.041,0.347,0.0
dhfr,RF-Scorev3(ODDT)/GlideSP,0.5,NEF,,0.0,0.0,0.0,40,1240,7,0,0.0,0.0,0.497,0.0,-0.014,-0.01,0.693,0.081
dhfr,RF-Scorev3(ODDT)/GlideSP,1.0,NEF,,2.35,7.692,2.385,40,1240,13,1,0.714,2.5,0.507,7.692,0.026,0.022,0.693,0.081
dhfr,RF-Scorev3(ODDT)/GlideSP,5.0,NEF,,2.961,9.677,3.0,40,1240,62,6,0.763,3.214,0.552,15.0,0.084,0.082,0.693,0.081
egfr,RF-Scorev3(ODDT)/GlideSP,0.5,NEF,,0.0,0.0,0.0,40,1240,7,0,0.0,0.0,0.497,0.0,-0.014,-0.01,0.603,0.112
egfr,RF-Scorev3(ODDT)/GlideSP,1.0,NEF,,4.75,15.385,4.769,40,1240,13,2,0.845,5.455,0.52,15.385,0.071,0.061,0.603,0.112
egfr,RF-Scorev3(ODDT)/GlideSP,5.0,NEF,,2.533,8.065,2.5,40,1240,62,5,0.725,2.632,0.539,12.5,0.063,0.061,0.603,0.112
ephb4,RF-Scorev3(ODDT)/GlideSP,0.5,NEF,,0.0,0.0,0.0,40,1240,7,0,0.0,0.0,0.497,0.0,-0.014,-0.01,0.646,0.021
ephb4,RF-Scorev3(ODDT)/GlideSP,1.0,NEF,,0.0,0.0,0.0,40,1240,13,0,0.0,0.0,0.495,0.0,-0.019,-0.016,0.646,0.021
ephb4,RF-Scorev3(ODDT)/GlideSP,5.0,NEF,,1.493,4.839,1.5,40,1240,62,3,0.604,1.525,0.513,7.5,0.021,0.02,0.646,0.021
erbb2,RF-Scorev3(ODDT)/GlideSP,0.5,NEF,,4.933,14.286,4.429,40,1240,7,1,0.833,5.0,0.51,14.286,0.047,0.033,0.755,0.147
erbb2,RF-Scorev3(ODDT)/GlideSP,1.0,NEF,,4.93,15.385,4.769,40,1240,13,2,0.845,5.455,0.52,15.385,0.071,0.061,0.755,0.147
erbb2,RF-Scorev3(ODDT)/GlideSP,5.0,NEF,,2.96,9.677,3.0,40,1240,62,6,0.763,3.214,0.552,15.0,0.084,0.082,0.755,0.147
er-beta,RF-Scorev3(ODDT)/GlideSP,0.5,NEF,,11.434,42.857,13.286,40,1240,7,3,0.957,22.5,0.536,42.857,0.169,0.119,0.411,0.23
er-beta,RF-Scorev3(ODDT)/GlideSP,1.0,NEF,,9.53,30.769,9.538,40,1240,13,4,0.93,13.333,0.546,30.769,0.16,0.137,0.411,0.23
er-beta,RF-Scorev3(ODDT)/GlideSP,5.0,NEF,,2.042,6.452,2.0,40,1240,62,4,0.674,2.069,0.526,10.0,0.042,0.041,0.411,0.23
fgfr1,RF-Scorev3(ODDT)/GlideSP,0.5,NEF,,0.0,0.0,0.0,40,1240,7,0,0.0,0.0,0.497,0.0,-0.014,-0.01,0.664,0.029
fgfr1,RF-Scorev3(ODDT)/GlideSP,1.0,NEF,,0.0,0.0,0.0,40,1240,13,0,0.0,0.0,0.495,0.0,-0.019,-0.016,0.664,0.029
fgfr1,RF-Scorev3(ODDT)/GlideSP,5.0,NEF,,1.998,6.452,2.0,40,1240,62,4,0.674,2.069,0.526,10.0,0.042,0.041,0.664,0.029
fkbp1a,RF-Scorev3(ODDT)/GlideSP,0.5,NEF,,0.0,0.0,0.0,40,1240,7,0,0.0,0.0,0.497,0.0,-0.014,-0.01,0.409,0.0
fkbp1a,RF-Scorev3(ODDT)/GlideSP,1.0,NEF,,0.0,0.0,0.0,40,1240,13,0,0.0,0.0,0.495,0.0,-0.019,-0.016,0.409,0.0
fkbp1a,RF-Scorev3(ODDT)/GlideSP,5.0,NEF,,0.0,0.0,0.0,40,1240,62,0,0.0,0.0,0.474,0.0,-0.042,-0.041,0.409,0.0
fxa,RF-Scorev3(ODDT)/GlideSP,0.5,NEF,,10.197,28.571,8.857,40,1240,7,2,0.923,12.0,0.523,28.571,0.108,0.076,0.777,0.241
fxa,RF-Scorev3(ODDT)/GlideSP,1.0,NEF,,7.65,23.077,7.154,40,1240,13,3,0.9,9.0,0.533,23.077,0.116,0.099,0.777,0.241
fxa,RF-Scorev3(ODDT)/GlideSP,5.0,NEF,,5.098,16.129,5.0,40,1240,62,10,0.852,5.769,0.603,25.0,0.168,0.163,0.777,0.241
gba,RF-Scorev3(ODDT)/GlideSP,0.5,NEF,,0.0,0.0,0.0,40,1240,7,0,0.0,0.0,0.497,0.0,-0.014,-0.01,0.626,0.081
gba,RF-Scorev3(ODDT)/GlideSP,1.0,NEF,,0.0,0.0,0.0,40,1240,13,0,0.0,0.0,0.495,0.0,-0.019,-0.016,0.626,0.081
gba,RF-Scorev3(ODDT)/GlideSP,5.0,NEF,,3.486,11.29,3.5,40,1240,62,7,0.792,3.818,0.565,17.5,0.105,0.102,0.626,0.081
gr,RF-Scorev3(ODDT)/GlideSP,0.5,NEF,,4.368,14.286,4.429,40,1240,7,1,0.833,5.0,0.51,14.286,0.047,0.033,0.546,0.12
gr,RF-Scorev3(ODDT)/GlideSP,1.0,NEF,,4.7,15.385,4.769,40,1240,13,2,0.845,5.455,0.52,15.385,0.071,0.061,0.546,0.12
gr,RF-Scorev3(ODDT)/GlideSP,5.0,NEF,,1.479,4.839,1.5,40,1240,62,3,0.604,1.525,0.513,7.5,0.021,0.02,0.546,0.12
gsk3b,RF-Scorev3(ODDT)/GlideSP,0.5,NEF,,4.307,14.286,4.429,40,1240,7,1,0.833,5.0,0.51,14.286,0.047,0.033,0.658,0.248
gsk3b,RF-Scorev3(ODDT)/GlideSP,1.0,NEF,,9.28,30.769,9.538,40,1240,13,4,0.93,13.333,0.546,30.769,0.16,0.137,0.658,0.248
gsk3b,RF-Scorev3(ODDT)/GlideSP,5.0,NEF,,3.954,12.903,4.0,40,1240,62,8,0.816,4.444,0.578,20.0,0.126,0.122,0.658,0.248
hdac2,RF-Scorev3(ODDT)/GlideSP,0.5,NEF,,4.336,14.286,4.429,40,1240,7,1,0.833,5.0,0.51,14.286,0.047,0.033,0.625,0.157
hdac2,RF-Scorev3(ODDT)/GlideSP,1.0,NEF,,4.67,15.385,4.769,40,1240,13,2,0.845,5.455,0.52,15.385,0.071,0.061,0.625,0.157
hdac2,RF-Scorev3(ODDT)/GlideSP,5.0,NEF,,1.99,6.452,2.0,40,1240,62,4,0.674,2.069,0.526,10.0,0.042,0.041,0.625,0.157
hdac8,RF-Scorev3(ODDT)/GlideSP,0.5,NEF,,0.0,0.0,0.0,40,1240,7,0,0.0,0.0,0.497,0.0,-0.014,-0.01,0.313,0.0
hdac8,RF-Scorev3(ODDT)/GlideSP,1.0,NEF,,0.0,0.0,0.0,40,1240,13,0,0.0,0.0,0.495,0.0,-0.019,-0.016,0.313,0.0
hdac8,RF-Scorev3(ODDT)/GlideSP,5.0,NEF,,0.0,0.0,0.0,40,1240,62,0,0.0,0.0,0.474,0.0,-0.042,-0.041,0.313,0.0
hiv1pr,RF-Scorev3(ODDT)/GlideSP,0.5,NEF,,28.17,85.714,26.571,40,1240,7,6,0.994,180.0,0.575,85.714,0.352,0.248,0.85,0.657
hiv1pr,RF-Scorev3(ODDT)/GlideSP,1.0,NEF,,20.22,61.538,19.077,40,1240,13,8,0.98,48.0,0.598,61.538,0.34,0.291,0.85,0.657
hiv1pr,RF-Scorev3(ODDT)/GlideSP,5.0,NEF,,11.853,38.71,12.0,40,1240,62,24,0.95,18.947,0.784,60.0,0.461,0.449,0.85,0.657
hiv1rt,RF-Scorev3(ODDT)/GlideSP,0.5,NEF,,0.0,0.0,0.0,40,1240,7,0,0.0,0.0,0.497,0.0,-0.014,-0.01,0.562,0.11
hiv1rt,RF-Scorev3(ODDT)/GlideSP,1.0,NEF,,4.93,15.385,4.769,40,1240,13,2,0.845,5.455,0.52,15.385,0.071,0.061,0.562,0.11
hiv1rt,RF-Scorev3(ODDT)/GlideSP,5.0,NEF,,1.575,4.839,1.5,40,1240,62,3,0.604,1.525,0.513,7.5,0.021,0.02,0.562,0.11
hmgr,RF-Scorev3(ODDT)/GlideSP,0.5,NEF,,0.0,0.0,0.0,40,1240,7,0,0.0,0.0,0.497,0.0,-0.014,-0.01,0.443,0.0
hmgr,RF-Scorev3(ODDT)/GlideSP,1.0,NEF,,0.0,0.0,0.0,40,1240,13,0,0.0,0.0,0.495,0.0,-0.019,-0.016,0.443,0.0
hmgr,RF-Scorev3(ODDT)/GlideSP,5.0,NEF,,0.0,0.0,0.0,40,1240,62,0,0.0,0.0,0.474,0.0,-0.042,-0.041,0.443,0.0
hsp90,RF-Scorev3(ODDT)/GlideSP,0.5,NEF,,4.336,14.286,4.429,40,1240,7,1,0.833,5.0,0.51,14.286,0.047,0.033,0.576,0.119
hsp90,RF-Scorev3(ODDT)/GlideSP,1.0,NEF,,4.67,15.385,4.769,40,1240,13,2,0.845,5.455,0.52,15.385,0.071,0.061,0.576,0.119
hsp90,RF-Scorev3(ODDT)/GlideSP,5.0,NEF,,2.488,8.065,2.5,40,1240,62,5,0.725,2.632,0.539,12.5,0.063,0.061,0.576,0.119
igf1r,RF-Scorev3(ODDT)/GlideSP,0.5,NEF,,4.966,14.286,4.429,40,1240,7,1,0.833,5.0,0.51,14.286,0.047,0.033,0.749,0.08
igf1r,RF-Scorev3(ODDT)/GlideSP,1.0,NEF,,2.48,7.692,2.385,40,1240,13,1,0.714,2.5,0.507,7.692,0.026,0.022,0.749,0.08
igf1r,RF-Scorev3(ODDT)/GlideSP,5.0,NEF,,2.02,6.452,2.0,40,1240,62,4,0.674,2.069,0.526,10.0,0.042,0.041,0.749,0.08
inha,RF-Scorev3(ODDT)/GlideSP,0.5,NEF,,4.375,14.286,4.429,40,1240,7,1,0.833,5.0,0.51,14.286,0.047,0.033,0.414,0.091
inha,RF-Scorev3(ODDT)/GlideSP,1.0,NEF,,2.36,7.692,2.385,40,1240,13,1,0.714,2.5,0.507,7.692,0.026,0.022,0.414,0.091
inha,RF-Scorev3(ODDT)/GlideSP,5.0,NEF,,0.988,3.226,1.0,40,1240,62,2,0.5,1.0,0.5,5.0,0.0,0.0,0.414,0.091
itk,RF-Scorev3(ODDT)/GlideSP,0.5,NEF,,0.0,0.0,0.0,40,1240,7,0,0.0,0.0,0.497,0.0,-0.014,-0.01,0.701,0.05
itk,RF-Scorev3(ODDT)/GlideSP,1.0,NEF,,2.34,7.692,2.385,40,1240,13,1,0.714,2.5,0.507,7.692,0.026,0.022,0.701,0.05
itk,RF-Scorev3(ODDT)/GlideSP,5.0,NEF,,0.998,3.226,1.0,40,1240,62,2,0.5,1.0,0.5,5.0,0.0,0.0,0.701,0.05
jak3,RF-Scorev3(ODDT)/GlideSP,0.5,NEF,,14.963,42.857,13.286,40,1240,7,3,0.957,22.5,0.536,42.857,0.169,0.119,0.715,0.244
jak3,RF-Scorev3(ODDT)/GlideSP,1.0,NEF,,9.98,30.769,9.538,40,1240,13,4,0.93,13.333,0.546,30.769,0.16,0.137,0.715,0.244
jak3,RF-Scorev3(ODDT)/GlideSP,5.0,NEF,,2.993,9.677,3.0,40,1240,62,6,0.763,3.214,0.552,15.0,0.084,0.082,0.715,0.244
jnk1,RF-Scorev3(ODDT)/GlideSP,0.5,NEF,,5.25,14.286,4.429,40,1240,7,1,0.833,5.0,0.51,14.286,0.047,0.033,0.715,0.115
jnk1,RF-Scorev3(ODDT)/GlideSP,1.0,NEF,,2.63,7.692,2.385,40,1240,13,1,0.714,2.5,0.507,7.692,0.026,0.022,0.715,0.115
jnk1,RF-Scorev3(ODDT)/GlideSP,5.0,NEF,,4.2,12.903,4.0,40,1240,62,8,0.816,4.444,0.578,20.0,0.126,0.122,0.715,0.115
jnk2,RF-Scorev3(ODDT)/GlideSP,0.5,NEF,,5.004,14.286,4.429,40,1240,7,1,0.833,5.0,0.51,14.286,0.047,0.033,0.613,0.121
jnk2,RF-Scorev3(ODDT)/GlideSP,1.0,NEF,,5.0,15.385,4.769,40,1240,13,2,0.845,5.455,0.52,15.385,0.071,0.061,0.613,0.121
jnk2,RF-Scorev3(ODDT)/GlideSP,5.0,NEF,,1.527,4.839,1.5,40,1240,62,3,0.604,1.525,0.513,7.5,0.021,0.02,0.613,0.121
jnk3,RF-Scorev3(ODDT)/GlideSP,0.5,NEF,,4.429,14.286,4.429,40,1240,7,1,0.833,5.0,0.51,14.286,0.047,0.033,0.625,0.188
jnk3,RF-Scorev3(ODDT)/GlideSP,1.0,NEF,,4.77,15.385,4.769,40,1240,13,2,0.845,5.455,0.52,15.385,0.071,0.061,0.625,0.188
jnk3,RF-Scorev3(ODDT)/GlideSP,5.0,NEF,,4.066,12.903,4.0,40,1240,62,8,0.816,4.444,0.578,20.0,0.126,0.122,0.625,0.188
kif11,RF-Scorev3(ODDT)/GlideSP,0.5,NEF,,4.318,14.286,4.429,40,1240,7,1,0.833,5.0,0.51,14.286,0.047,0.033,0.679,0.264
kif11,RF-Scorev3(ODDT)/GlideSP,1.0,NEF,,11.63,38.462,11.923,40,1240,13,5,0.949,18.75,0.559,38.462,0.205,0.176,0.679,0.264
kif11,RF-Scorev3(ODDT)/GlideSP,5.0,NEF,,3.468,11.29,3.5,40,1240,62,7,0.792,3.818,0.565,17.5,0.105,0.102,0.679,0.264
lck,RF-Scorev3(ODDT)/GlideSP,0.5,NEF,,0.0,0.0,0.0,40,1240,7,0,0.0,0.0,0.497,0.0,-0.014,-0.01,0.593,0.039
lck,RF-Scorev3(ODDT)/GlideSP,1.0,NEF,,0.0,0.0,0.0,40,1240,13,0,0.0,0.0,0.495,0.0,-0.019,-0.016,0.593,0.039
lck,RF-Scorev3(ODDT)/GlideSP,5.0,NEF,,0.987,3.226,1.0,40,1240,62,2,0.5,1.0,0.5,5.0,0.0,0.0,0.593,0.039
mdm2,RF-Scorev3(ODDT)/GlideSP,0.5,NEF,,0.0,0.0,0.0,40,1240,7,0,0.0,0.0,0.497,0.0,-0.014,-0.01,0.31,0.031
mdm2,RF-Scorev3(ODDT)/GlideSP,1.0,NEF,,0.0,0.0,0.0,40,1240,13,0,0.0,0.0,0.495,0.0,-0.019,-0.016,0.31,0.031
mdm2,RF-Scorev3(ODDT)/GlideSP,5.0,NEF,,0.499,1.613,0.5,40,1240,62,1,0.33,0.492,0.487,2.5,-0.021,-0.02,0.31,0.031
mk2,RF-Scorev3(ODDT)/GlideSP,0.5,NEF,,5.243,14.286,4.429,40,1240,7,1,0.833,5.0,0.51,14.286,0.047,0.033,0.75,0.118
mk2,RF-Scorev3(ODDT)/GlideSP,1.0,NEF,,2.62,7.692,2.385,40,1240,13,1,0.714,2.5,0.507,7.692,0.026,0.022,0.75,0.118
mk2,RF-Scorev3(ODDT)/GlideSP,5.0,NEF,,3.199,9.677,3.0,40,1240,62,6,0.763,3.214,0.552,15.0,0.084,0.082,0.75,0.118
mmp2,RF-Scorev3(ODDT)/GlideSP,0.5,NEF,,0.0,0.0,0.0,40,1240,7,0,0.0,0.0,0.497,0.0,-0.014,-0.01,0.443,0.017
mmp2,RF-Scorev3(ODDT)/GlideSP,1.0,NEF,,0.0,0.0,0.0,40,1240,13,0,0.0,0.0,0.495,0.0,-0.019,-0.016,0.443,0.017
mmp2,RF-Scorev3(ODDT)/GlideSP,5.0,NEF,,0.495,1.613,0.5,40,1240,62,1,0.33,0.492,0.487,2.5,-0.021,-0.02,0.443,0.017
na,RF-Scorev3(ODDT)/GlideSP,0.5,NEF,,0.0,0.0,0.0,40,1240,7,0,0.0,0.0,0.497,0.0,-0.014,-0.01,0.643,0.001
na,RF-Scorev3(ODDT)/GlideSP,1.0,NEF,,0.0,0.0,0.0,40,1240,13,0,0.0,0.0,0.495,0.0,-0.019,-0.016,0.643,0.001
na,RF-Scorev3(ODDT)/GlideSP,5.0,NEF,,0.0,0.0,0.0,40,1240,62,0,0.0,0.0,0.474,0.0,-0.042,-0.041,0.643,0.001
p38-alpha,RF-Scorev3(ODDT)/GlideSP,0.5,NEF,,0.0,0.0,0.0,40,1240,7,0,0.0,0.0,0.497,0.0,-0.014,-0.01,0.605,0.057
p38-alpha,RF-Scorev3(ODDT)/GlideSP,1.0,NEF,,2.35,7.692,2.385,40,1240,13,1,0.714,2.5,0.507,7.692,0.026,0.022,0.605,0.057
p38-alpha,RF-Scorev3(ODDT)/GlideSP,5.0,NEF,,1.478,4.839,1.5,40,1240,62,3,0.604,1.525,0.513,7.5,0.021,0.02,0.605,0.057
parp-1,RF-Scorev3(ODDT)/GlideSP,0.5,NEF,,4.307,14.286,4.429,40,1240,7,1,0.833,5.0,0.51,14.286,0.047,0.033,0.586,0.089
parp-1,RF-Scorev3(ODDT)/GlideSP,1.0,NEF,,2.32,7.692,2.385,40,1240,13,1,0.714,2.5,0.507,7.692,0.026,0.022,0.586,0.089
parp-1,RF-Scorev3(ODDT)/GlideSP,5.0,NEF,,1.483,4.839,1.5,40,1240,62,3,0.604,1.525,0.513,7.5,0.021,0.02,0.586,0.089
pde4b,RF-Scorev3(ODDT)/GlideSP,0.5,NEF,,0.0,0.0,0.0,40,1240,7,0,0.0,0.0,0.497,0.0,-0.014,-0.01,0.504,0.012
pde4b,RF-Scorev3(ODDT)/GlideSP,1.0,NEF,,0.0,0.0,0.0,40,1240,13,0,0.0,0.0,0.495,0.0,-0.019,-0.016,0.504,0.012
pde4b,RF-Scorev3(ODDT)/GlideSP,5.0,NEF,,0.994,3.226,1.0,40,1240,62,2,0.5,1.0,0.5,5.0,0.0,0.0,0.504,0.012
pde5,RF-Scorev3(ODDT)/GlideSP,0.5,NEF,,0.0,0.0,0.0,40,1240,7,0,0.0,0.0,0.497,0.0,-0.014,-0.01,0.568,0.025
pde5,RF-Scorev3(ODDT)/GlideSP,1.0,NEF,,0.0,0.0,0.0,40,1240,13,0,0.0,0.0,0.495,0.0,-0.019,-0.016,0.568,0.025
pde5,RF-Scorev3(ODDT)/GlideSP,5.0,NEF,,1.041,3.226,1.0,40,1240,62,2,0.5,1.0,0.5,5.0,0.0,0.0,0.568,0.025
pdk1,RF-Scorev3(ODDT)/GlideSP,0.5,NEF,,4.534,14.286,4.429,40,1240,7,1,0.833,5.0,0.51,14.286,0.047,0.033,0.621,0.149
pdk1,RF-Scorev3(ODDT)/GlideSP,1.0,NEF,,4.88,15.385,4.769,40,1240,13,2,0.845,5.455,0.52,15.385,0.071,0.061,0.621,0.149
pdk1,RF-Scorev3(ODDT)/GlideSP,5.0,NEF,,3.122,9.677,3.0,40,1240,62,6,0.763,3.214,0.552,15.0,0.084,0.082,0.621,0.149
pi3kg,RF-Scorev3(ODDT)/GlideSP,0.5,NEF,,4.432,14.286,4.429,40,1240,7,1,0.833,5.0,0.51,14.286,0.047,0.033,0.741,0.179
pi3kg,RF-Scorev3(ODDT)/GlideSP,1.0,NEF,,7.16,23.077,7.154,40,1240,13,3,0.9,9.0,0.533,23.077,0.116,0.099,0.741,0.179
pi3kg,RF-Scorev3(ODDT)/GlideSP,5.0,NEF,,4.578,14.516,4.5,40,1240,62,9,0.836,5.094,0.59,22.5,0.147,0.143,0.741,0.179
pim-1,RF-Scorev3(ODDT)/GlideSP,0.5,NEF,,0.0,0.0,0.0,40,1240,7,0,0.0,0.0,0.497,0.0,-0.014,-0.01,0.581,0.055
pim-1,RF-Scorev3(ODDT)/GlideSP,1.0,NEF,,2.33,7.692,2.385,40,1240,13,1,0.714,2.5,0.507,7.692,0.026,0.022,0.581,0.055
pim-1,RF-Scorev3(ODDT)/GlideSP,5.0,NEF,,1.486,4.839,1.5,40,1240,62,3,0.604,1.525,0.513,7.5,0.021,0.02,0.581,0.055
pim-2,RF-Scorev3(ODDT)/GlideSP,0.5,NEF,,0.0,0.0,0.0,40,1240,7,0,0.0,0.0,0.497,0.0,-0.014,-0.01,0.621,0.051
pim-2,RF-Scorev3(ODDT)/GlideSP,1.0,NEF,,0.0,0.0,0.0,40,1240,13,0,0.0,0.0,0.495,0.0,-0.019,-0.016,0.621,0.051
pim-2,RF-Scorev3(ODDT)/GlideSP,5.0,NEF,,1.523,4.839,1.5,40,1240,62,3,0.604,1.525,0.513,7.5,0.021,0.02,0.621,0.051
pnp,RF-Scorev3(ODDT)/GlideSP,0.5,NEF,,4.404,14.286,4.429,40,1240,7,1,0.833,5.0,0.51,14.286,0.047,0.033,0.594,0.205
pnp,RF-Scorev3(ODDT)/GlideSP,1.0,NEF,,7.11,23.077,7.154,40,1240,13,3,0.9,9.0,0.533,23.077,0.116,0.099,0.594,0.205
pnp,RF-Scorev3(ODDT)/GlideSP,5.0,NEF,,4.475,14.516,4.5,40,1240,62,9,0.836,5.094,0.59,22.5,0.147,0.143,0.594,0.205
ppara,RF-Scorev3(ODDT)/GlideSP,0.5,NEF,,4.991,14.286,4.429,40,1240,7,1,0.833,5.0,0.51,14.286,0.047,0.033,0.642,0.154
ppara,RF-Scorev3(ODDT)/GlideSP,1.0,NEF,,4.99,15.385,4.769,40,1240,13,2,0.845,5.455,0.52,15.385,0.071,0.061,0.642,0.154
ppara,RF-Scorev3(ODDT)/GlideSP,5.0,NEF,,3.152,9.677,3.0,40,1240,62,6,0.763,3.214,0.552,15.0,0.084,0.082,0.642,0.154
pparg,RF-Scorev3(ODDT)/GlideSP,0.5,NEF,,0.0,0.0,0.0,40,1240,7,0,0.0,0.0,0.497,0.0,-0.014,-0.01,0.67,0.209
pparg,RF-Scorev3(ODDT)/GlideSP,1.0,NEF,,7.13,23.077,7.154,40,1240,13,3,0.9,9.0,0.533,23.077,0.116,0.099,0.67,0.209
pparg,RF-Scorev3(ODDT)/GlideSP,5.0,NEF,,5.0,16.129,5.0,40,1240,62,10,0.852,5.769,0.603,25.0,0.168,0.163,0.67,0.209
pr,RF-Scorev3(ODDT)/GlideSP,0.5,NEF,,0.0,0.0,0.0,40,1240,7,0,0.0,0.0,0.497,0.0,-0.014,-0.01,0.514,0.047
pr,RF-Scorev3(ODDT)/GlideSP,1.0,NEF,,2.67,7.692,2.385,40,1240,13,1,0.714,2.5,0.507,7.692,0.026,0.022,0.514,0.047
pr,RF-Scorev3(ODDT)/GlideSP,5.0,NEF,,0.565,1.613,0.5,40,1240,62,1,0.33,0.492,0.487,2.5,-0.021,-0.02,0.514,0.047
prkcq,RF-Scorev3(ODDT)/GlideSP,0.5,NEF,,10.526,28.571,8.857,40,1240,7,2,0.923,12.0,0.523,28.571,0.108,0.076,0.736,0.179
prkcq,RF-Scorev3(ODDT)/GlideSP,1.0,NEF,,5.26,15.385,4.769,40,1240,13,2,0.845,5.455,0.52,15.385,0.071,0.061,0.736,0.179
prkcq,RF-Scorev3(ODDT)/GlideSP,5.0,NEF,,4.211,12.903,4.0,40,1240,62,8,0.816,4.444,0.578,20.0,0.126,0.122,0.736,0.179
pygl-in,RF-Scorev3(ODDT)/GlideSP,0.5,NEF,,0.0,0.0,0.0,40,1240,7,0,0.0,0.0,0.497,0.0,-0.014,-0.01,0.586,0.001
pygl-in,RF-Scorev3(ODDT)/GlideSP,1.0,NEF,,0.0,0.0,0.0,40,1240,13,0,0.0,0.0,0.495,0.0,-0.019,-0.016,0.586,0.001
pygl-in,RF-Scorev3(ODDT)/GlideSP,5.0,NEF,,0.0,0.0,0.0,40,1240,62,0,0.0,0.0,0.474,0.0,-0.042,-0.041,0.586,0.001
pygl-out,RF-Scorev3(ODDT)/GlideSP,0.5,NEF,,17.657,57.143,17.714,40,1240,7,4,0.976,40.0,0.549,57.143,0.23,0.162,0.575,0.336
pygl-out,RF-Scorev3(ODDT)/GlideSP,1.0,NEF,,11.88,38.462,11.923,40,1240,13,5,0.949,18.75,0.559,38.462,0.205,0.176,0.575,0.336
pygl-out,RF-Scorev3(ODDT)/GlideSP,5.0,NEF,,4.485,14.516,4.5,40,1240,62,9,0.836,5.094,0.59,22.5,0.147,0.143,0.575,0.336
qpct,RF-Scorev3(ODDT)/GlideSP,0.5,NEF,,0.0,0.0,0.0,40,1240,7,0,0.0,0.0,0.497,0.0,-0.014,-0.01,0.583,0.003
qpct,RF-Scorev3(ODDT)/GlideSP,1.0,NEF,,0.0,0.0,0.0,40,1240,13,0,0.0,0.0,0.495,0.0,-0.019,-0.016,0.583,0.003
qpct,RF-Scorev3(ODDT)/GlideSP,5.0,NEF,,0.0,0.0,0.0,40,1240,62,0,0.0,0.0,0.474,0.0,-0.042,-0.041,0.583,0.003
rock-1,RF-Scorev3(ODDT)/GlideSP,0.5,NEF,,8.621,28.571,8.857,40,1240,7,2,0.923,12.0,0.523,28.571,0.108,0.076,0.636,0.204
rock-1,RF-Scorev3(ODDT)/GlideSP,1.0,NEF,,9.28,30.769,9.538,40,1240,13,4,0.93,13.333,0.546,30.769,0.16,0.137,0.636,0.204
rock-1,RF-Scorev3(ODDT)/GlideSP,5.0,NEF,,2.473,8.065,2.5,40,1240,62,5,0.725,2.632,0.539,12.5,0.063,0.061,0.636,0.204
rxr,RF-Scorev3(ODDT)/GlideSP,0.5,NEF,,20.735,71.429,22.143,40,1240,7,5,0.987,75.0,0.562,71.429,0.291,0.205,0.806,0.641
rxr,RF-Scorev3(ODDT)/GlideSP,1.0,NEF,,20.74,69.231,21.462,40,1240,13,9,0.985,67.5,0.611,69.231,0.385,0.329,0.806,0.641
rxr,RF-Scorev3(ODDT)/GlideSP,5.0,NEF,,7.02,22.581,7.0,40,1240,62,14,0.897,8.75,0.655,35.0,0.251,0.245,0.806,0.641
sars-hcov,RF-Scorev3(ODDT)/GlideSP,0.5,NEF,,8.806,28.571,8.857,39,1209,7,2,0.923,12.0,0.524,28.571,0.109,0.078,0.553,0.204
sars-hcov,RF-Scorev3(ODDT)/GlideSP,1.0,NEF,,7.11,23.077,7.154,39,1209,13,3,0.9,9.0,0.534,23.077,0.117,0.101,0.553,0.204
sars-hcov,RF-Scorev3(ODDT)/GlideSP,5.0,NEF,,2.021,6.557,2.033,39,1209,61,4,0.678,2.105,0.527,10.256,0.043,0.042,0.553,0.204
sirt2,RF-Scorev3(ODDT)/GlideSP,0.5,NEF,,0.0,0.0,0.0,40,1240,7,0,0.0,0.0,0.497,0.0,-0.014,-0.01,0.427,0.04
sirt2,RF-Scorev3(ODDT)/GlideSP,1.0,NEF,,2.35,7.692,2.385,40,1240,13,1,0.714,2.5,0.507,7.692,0.026,0.022,0.427,0.04
sirt2,RF-Scorev3(ODDT)/GlideSP,5.0,NEF,,0.985,3.226,1.0,40,1240,62,2,0.5,1.0,0.5,5.0,0.0,0.0,0.427,0.04
src,RF-Scorev3(ODDT)/GlideSP,0.5,NEF,,0.0,0.0,0.0,40,1240,7,0,0.0,0.0,0.497,0.0,-0.014,-0.01,0.555,0.002
src,RF-Scorev3(ODDT)/GlideSP,1.0,NEF,,0.0,0.0,0.0,40,1240,13,0,0.0,0.0,0.495,0.0,-0.019,-0.016,0.555,0.002
src,RF-Scorev3(ODDT)/GlideSP,5.0,NEF,,0.509,1.613,0.5,40,1240,62,1,0.33,0.492,0.487,2.5,-0.021,-0.02,0.555,0.002
thrombin,RF-Scorev3(ODDT)/GlideSP,0.5,NEF,,9.105,28.571,8.857,40,1240,7,2,0.923,12.0,0.523,28.571,0.108,0.076,0.702,0.261
thrombin,RF-Scorev3(ODDT)/GlideSP,1.0,NEF,,9.81,30.769,9.538,40,1240,13,4,0.93,13.333,0.546,30.769,0.16,0.137,0.702,0.261
thrombin,RF-Scorev3(ODDT)/GlideSP,5.0,NEF,,4.179,12.903,4.0,40,1240,62,8,0.816,4.444,0.578,20.0,0.126,0.122,0.702,0.261
tie2,RF-Scorev3(ODDT)/GlideSP,0.5,NEF,,0.0,0.0,0.0,40,1240,7,0,0.0,0.0,0.497,0.0,-0.014,-0.01,0.659,0.124
tie2,RF-Scorev3(ODDT)/GlideSP,1.0,NEF,,5.0,15.385,4.769,40,1240,13,2,0.845,5.455,0.52,15.385,0.071,0.061,0.659,0.124
tie2,RF-Scorev3(ODDT)/GlideSP,5.0,NEF,,4.996,16.129,5.0,40,1240,62,10,0.852,5.769,0.603,25.0,0.168,0.163,0.659,0.124
tk,RF-Scorev3(ODDT)/GlideSP,0.5,NEF,,0.0,0.0,0.0,40,1240,7,0,0.0,0.0,0.497,0.0,-0.014,-0.01,0.497,0.003
tk,RF-Scorev3(ODDT)/GlideSP,1.0,NEF,,0.0,0.0,0.0,40,1240,13,0,0.0,0.0,0.495,0.0,-0.019,-0.016,0.497,0.003
tk,RF-Scorev3(ODDT)/GlideSP,5.0,NEF,,0.51,1.613,0.5,40,1240,62,1,0.33,0.492,0.487,2.5,-0.021,-0.02,0.497,0.003
tp,RF-Scorev3(ODDT)/GlideSP,0.5,NEF,,0.0,0.0,0.0,40,1240,7,0,0.0,0.0,0.497,0.0,-0.014,-0.01,0.281,0.002
tp,RF-Scorev3(ODDT)/GlideSP,1.0,NEF,,0.0,0.0,0.0,40,1240,13,0,0.0,0.0,0.495,0.0,-0.019,-0.016,0.281,0.002
tp,RF-Scorev3(ODDT)/GlideSP,5.0,NEF,,0.644,1.613,0.5,40,1240,62,1,0.33,0.492,0.487,2.5,-0.021,-0.02,0.281,0.002
tpa,RF-Scorev3(ODDT)/GlideSP,0.5,NEF,,5.092,14.286,4.429,40,1240,7,1,0.833,5.0,0.51,14.286,0.047,0.033,0.557,0.08
tpa,RF-Scorev3(ODDT)/GlideSP,1.0,NEF,,2.55,7.692,2.385,40,1240,13,1,0.714,2.5,0.507,7.692,0.026,0.022,0.557,0.08
tpa,RF-Scorev3(ODDT)/GlideSP,5.0,NEF,,1.036,3.226,1.0,40,1240,62,2,0.5,1.0,0.5,5.0,0.0,0.0,0.557,0.08
ts,RF-Scorev3(ODDT)/GlideSP,0.5,NEF,,4.357,14.286,4.425,40,1239,7,1,0.833,4.996,0.51,14.286,0.047,0.033,0.612,0.12
ts,RF-Scorev3(ODDT)/GlideSP,1.0,NEF,,4.69,15.385,4.765,40,1239,13,2,0.845,5.45,0.52,15.385,0.071,0.061,0.612,0.12
ts,RF-Scorev3(ODDT)/GlideSP,5.0,NEF,,1.5,4.839,1.499,40,1239,62,3,0.604,1.524,0.513,7.5,0.021,0.02,0.612,0.12
upa,RF-Scorev3(ODDT)/GlideSP,0.5,NEF,,0.0,0.0,0.0,40,1240,7,0,0.0,0.0,0.497,0.0,-0.014,-0.01,0.527,0.063
upa,RF-Scorev3(ODDT)/GlideSP,1.0,NEF,,0.0,0.0,0.0,40,1240,13,0,0.0,0.0,0.495,0.0,-0.019,-0.016,0.527,0.063
upa,RF-Scorev3(ODDT)/GlideSP,5.0,NEF,,2.492,8.065,2.5,40,1240,62,5,0.725,2.632,0.539,12.5,0.063,0.061,0.527,0.063
vegfr1,RF-Scorev3(ODDT)/GlideSP,0.5,NEF,,0.0,0.0,0.0,40,1240,7,0,0.0,0.0,0.497,0.0,-0.014,-0.01,0.663,0.029
vegfr1,RF-Scorev3(ODDT)/GlideSP,1.0,NEF,,0.0,0.0,0.0,40,1240,13,0,0.0,0.0,0.495,0.0,-0.019,-0.016,0.663,0.029
vegfr1,RF-Scorev3(ODDT)/GlideSP,5.0,NEF,,1.051,3.226,1.0,40,1240,62,2,0.5,1.0,0.5,5.0,0.0,0.0,0.663,0.029
vegfr2,RF-Scorev3(ODDT)/GlideSP,0.5,NEF,,4.469,14.286,4.429,40,1240,7,1,0.833,5.0,0.51,14.286,0.047,0.033,0.585,0.158
vegfr2,RF-Scorev3(ODDT)/GlideSP,1.0,NEF,,4.81,15.385,4.769,40,1240,13,2,0.845,5.455,0.52,15.385,0.071,0.061,0.585,0.158
vegfr2,RF-Scorev3(ODDT)/GlideSP,5.0,NEF,,2.564,8.065,2.5,40,1240,62,5,0.725,2.632,0.539,12.5,0.063,0.061,0.585,0.158
11betahsd1,RF-Scorev3/GlideSP,0.5,NEF,,0.0,0.0,0.0,40,1240,7,0,0.0,0.0,0.497,0.0,-0.014,-0.01,0.591,0.083
11betahsd1,RF-Scorev3/GlideSP,1.0,NEF,,2.51,7.692,2.385,40,1240,13,1,0.714,2.5,0.507,7.692,0.026,0.022,0.591,0.083
11betahsd1,RF-Scorev3/GlideSP,5.0,NEF,,1.535,4.839,1.5,40,1240,62,3,0.604,1.525,0.513,7.5,0.021,0.02,0.591,0.083
17betahsd1,RF-Scorev3/GlideSP,0.5,NEF,,0.0,0.0,0.0,40,1240,7,0,0.0,0.0,0.497,0.0,-0.014,-0.01,0.473,0.06
17betahsd1,RF-Scorev3/GlideSP,1.0,NEF,,2.36,7.692,2.385,40,1240,13,1,0.714,2.5,0.507,7.692,0.026,0.022,0.473,0.06
17betahsd1,RF-Scorev3/GlideSP,5.0,NEF,,0.99,3.226,1.0,40,1240,62,2,0.5,1.0,0.5,5.0,0.0,0.0,0.473,0.06
a2a,RF-Scorev3/GlideSP,0.5,NEF,,0.0,0.0,0.0,40,1240,7,0,0.0,0.0,0.497,0.0,-0.014,-0.01,0.552,0.028
a2a,RF-Scorev3/GlideSP,1.0,NEF,,0.0,0.0,0.0,40,1240,13,0,0.0,0.0,0.495,0.0,-0.019,-0.016,0.552,0.028
a2a,RF-Scorev3/GlideSP,5.0,NEF,,1.485,4.839,1.5,40,1240,62,3,0.604,1.525,0.513,7.5,0.021,0.02,0.552,0.028
ace,RF-Scorev3/GlideSP,0.5,NEF,,13.232,42.857,13.286,40,1240,7,3,0.957,22.5,0.536,42.857,0.169,0.119,0.671,0.479
ace,RF-Scorev3/GlideSP,1.0,NEF,,16.63,53.846,16.692,40,1240,13,7,0.972,35.0,0.585,53.846,0.295,0.252,0.671,0.479
ace,RF-Scorev3/GlideSP,5.0,NEF,,7.968,25.806,8.0,40,1240,62,16,0.913,10.435,0.681,40.0,0.293,0.286,0.671,0.479
ace2,RF-Scorev3/GlideSP,0.5,NEF,,4.425,14.286,4.429,40,1240,7,1,0.833,5.0,0.51,14.286,0.047,0.033,0.744,0.168
ace2,RF-Scorev3/GlideSP,1.0,NEF,,2.38,7.692,2.385,40,1240,13,1,0.714,2.5,0.507,7.692,0.026,0.022,0.744,0.168
ace2,RF-Scorev3/GlideSP,5.0,NEF,,4.496,14.516,4.5,40,1240,62,9,0.836,5.094,0.59,22.5,0.147,0.143,0.744,0.168
ache,RF-Scorev3/GlideSP,0.5,NEF,,4.361,14.286,4.429,40,1240,7,1,0.833,5.0,0.51,14.286,0.047,0.033,0.615,0.136
ache,RF-Scorev3/GlideSP,1.0,NEF,,4.7,15.385,4.769,40,1240,13,2,0.845,5.455,0.52,15.385,0.071,0.061,0.615,0.136
ache,RF-Scorev3/GlideSP,5.0,NEF,,3.446,11.29,3.5,40,1240,62,7,0.792,3.818,0.565,17.5,0.105,0.102,0.615,0.136
adam17,RF-Scorev3/GlideSP,0.5,NEF,,4.393,14.286,4.429,40,1240,7,1,0.833,5.0,0.51,14.286,0.047,0.033,0.498,0.125
adam17,RF-Scorev3/GlideSP,1.0,NEF,,4.73,15.385,4.769,40,1240,13,2,0.845,5.455,0.52,15.385,0.071,0.061,0.498,0.125
adam17,RF-Scorev3/GlideSP,5.0,NEF,,2.48,8.065,2.5,40,1240,62,5,0.725,2.632,0.539,12.5,0.063,0.061,0.498,0.125
adrb2,RF-Scorev3/GlideSP,0.5,NEF,,0.0,0.0,0.0,40,1240,7,0,0.0,0.0,0.497,0.0,-0.014,-0.01,0.661,0.068
adrb2,RF-Scorev3/GlideSP,1.0,NEF,,2.4,7.692,2.385,40,1240,13,1,0.714,2.5,0.507,7.692,0.026,0.022,0.661,0.068
adrb2,RF-Scorev3/GlideSP,5.0,NEF,,0.992,3.226,1.0,40,1240,62,2,0.5,1.0,0.5,5.0,0.0,0.0,0.661,0.068
akt1,RF-Scorev3/GlideSP,0.5,NEF,,0.0,0.0,0.0,40,1240,7,0,0.0,0.0,0.497,0.0,-0.014,-0.01,0.395,0.007
akt1,RF-Scorev3/GlideSP,1.0,NEF,,0.0,0.0,0.0,40,1240,13,0,0.0,0.0,0.495,0.0,-0.019,-0.016,0.395,0.007
akt1,RF-Scorev3/GlideSP,5.0,NEF,,0.505,1.613,0.5,40,1240,62,1,0.33,0.492,0.487,2.5,-0.021,-0.02,0.395,0.007
alr2,RF-Scorev3/GlideSP,0.5,NEF,,0.0,0.0,0.0,40,1240,7,0,0.0,0.0,0.497,0.0,-0.014,-0.01,0.461,0.061
alr2,RF-Scorev3/GlideSP,1.0,NEF,,2.36,7.692,2.385,40,1240,13,1,0.714,2.5,0.507,7.692,0.026,0.022,0.461,0.061
alr2,RF-Scorev3/GlideSP,5.0,NEF,,0.989,3.226,1.0,40,1240,62,2,0.5,1.0,0.5,5.0,0.0,0.0,0.461,0.061
ar,RF-Scorev3/GlideSP,0.5,NEF,,0.0,0.0,0.0,40,1240,7,0,0.0,0.0,0.497,0.0,-0.014,-0.01,0.558,0.061
ar,RF-Scorev3/GlideSP,1.0,NEF,,0.0,0.0,0.0,40,1240,13,0,0.0,0.0,0.495,0.0,-0.019,-0.016,0.558,0.061
ar,RF-Scorev3/GlideSP,5.0,NEF,,1.411,4.839,1.5,40,1240,62,3,0.604,1.525,0.513,7.5,0.021,0.02,0.558,0.061
aurka,RF-Scorev3/GlideSP,0.5,NEF,,0.0,0.0,0.0,40,1240,7,0,0.0,0.0,0.497,0.0,-0.014,-0.01,0.546,0.0
aurka,RF-Scorev3/GlideSP,1.0,NEF,,0.0,0.0,0.0,40,1240,13,0,0.0,0.0,0.495,0.0,-0.019,-0.016,0.546,0.0
aurka,RF-Scorev3/GlideSP,5.0,NEF,,0.0,0.0,0.0,40,1240,62,0,0.0,0.0,0.474,0.0,-0.042,-0.041,0.546,0.0
aurkb,RF-Scorev3/GlideSP,0.5,NEF,,0.0,0.0,0.0,40,1240,7,0,0.0,0.0,0.497,0.0,-0.014,-0.01,0.525,0.016
aurkb,RF-Scorev3/GlideSP,1.0,NEF,,0.0,0.0,0.0,40,1240,13,0,0.0,0.0,0.495,0.0,-0.019,-0.016,0.525,0.016
aurkb,RF-Scorev3/GlideSP,5.0,NEF,,0.996,3.226,1.0,40,1240,62,2,0.5,1.0,0.5,5.0,0.0,0.0,0.525,0.016
bcl2,RF-Scorev3/GlideSP,0.5,NEF,,13.104,42.857,13.286,40,1240,7,3,0.957,22.5,0.536,42.857,0.169,0.119,0.724,0.35
bcl2,RF-Scorev3/GlideSP,1.0,NEF,,11.76,38.462,11.923,40,1240,13,5,0.949,18.75,0.559,38.462,0.205,0.176,0.724,0.35
bcl2,RF-Scorev3/GlideSP,5.0,NEF,,6.904,22.581,7.0,40,1240,62,14,0.897,8.75,0.655,35.0,0.251,0.245,0.724,0.35
braf,RF-Scorev3/GlideSP,0.5,NEF,,0.0,0.0,0.0,40,1240,7,0,0.0,0.0,0.497,0.0,-0.014,-0.01,0.598,0.038
braf,RF-Scorev3/GlideSP,1.0,NEF,,0.0,0.0,0.0,40,1240,13,0,0.0,0.0,0.495,0.0,-0.019,-0.016,0.598,0.038
braf,RF-Scorev3/GlideSP,5.0,NEF,,1.016,3.226,1.0,40,1240,62,2,0.5,1.0,0.5,5.0,0.0,0.0,0.598,0.038
catl,RF-Scorev3/GlideSP,0.5,NEF,,8.807,28.571,8.857,40,1240,7,2,0.923,12.0,0.523,28.571,0.108,0.076,0.698,0.189
catl,RF-Scorev3/GlideSP,1.0,NEF,,4.74,15.385,4.769,40,1240,13,2,0.845,5.455,0.52,15.385,0.071,0.061,0.698,0.189
catl,RF-Scorev3/GlideSP,5.0,NEF,,3.977,12.903,4.0,40,1240,62,8,0.816,4.444,0.578,20.0,0.126,0.122,0.698,0.189
cdk2,RF-Scorev3/GlideSP,0.5,NEF,,0.0,0.0,0.0,40,1240,7,0,0.0,0.0,0.497,0.0,-0.014,-0.01,0.567,0.054
cdk2,RF-Scorev3/GlideSP,1.0,NEF,,0.0,0.0,0.0,40,1240,13,0,0.0,0.0,0.495,0.0,-0.019,-0.016,0.567,0.054
cdk2,RF-Scorev3/GlideSP,5.0,NEF,,1.495,4.839,1.5,40,1240,62,3,0.604,1.525,0.513,7.5,0.021,0.02,0.567,0.054
cox1,RF-Scorev3/GlideSP,0.5,NEF,,0.0,0.0,0.0,40,1240,7,0,0.0,0.0,0.497,0.0,-0.014,-0.01,0.609,0.033
cox1,RF-Scorev3/GlideSP,1.0,NEF,,0.0,0.0,0.0,40,1240,13,0,0.0,0.0,0.495,0.0,-0.019,-0.016,0.609,0.033
cox1,RF-Scorev3/GlideSP,5.0,NEF,,3.077,9.677,3.0,40,1240,62,6,0.763,3.214,0.552,15.0,0.084,0.082,0.609,0.033
cox2,RF-Scorev3/GlideSP,0.5,NEF,,0.0,0.0,0.0,40,1240,7,0,0.0,0.0,0.497,0.0,-0.014,-0.01,0.684,0.005
cox2,RF-Scorev3/GlideSP,1.0,NEF,,0.0,0.0,0.0,40,1240,13,0,0.0,0.0,0.495,0.0,-0.019,-0.016,0.684,0.005
cox2,RF-Scorev3/GlideSP,5.0,NEF,,0.537,1.613,0.5,40,1240,62,1,0.33,0.492,0.487,2.5,-0.021,-0.02,0.684,0.005
ctsk,RF-Scorev3/GlideSP,0.5,NEF,,4.411,14.286,4.429,40,1240,7,1,0.833,5.0,0.51,14.286,0.047,0.033,0.644,0.186
ctsk,RF-Scorev3/GlideSP,1.0,NEF,,4.75,15.385,4.769,40,1240,13,2,0.845,5.455,0.52,15.385,0.071,0.061,0.644,0.186
ctsk,RF-Scorev3/GlideSP,5.0,NEF,,3.984,12.903,4.0,40,1240,62,8,0.816,4.444,0.578,20.0,0.126,0.122,0.644,0.186
cyp2a6,RF-Scorev3/GlideSP,0.5,NEF,,0.0,0.0,0.0,40,1240,7,0,0.0,0.0,0.497,0.0,-0.014,-0.01,0.325,0.0
cyp2a6,RF-Scorev3/GlideSP,1.0,NEF,,0.0,0.0,0.0,40,1240,13,0,0.0,0.0,0.495,0.0,-0.019,-0.016,0.325,0.0
cyp2a6,RF-Scorev3/GlideSP,5.0,NEF,,0.0,0.0,0.0,40,1240,62,0,0.0,0.0,0.474,0.0,-0.042,-0.041,0.325,0.0
dhfr,RF-Scorev3/GlideSP,0.5,NEF,,0.0,0.0,0.0,40,1240,7,0,0.0,0.0,0.497,0.0,-0.014,-0.01,0.48,0.014
dhfr,RF-Scorev3/GlideSP,1.0,NEF,,0.0,0.0,0.0,40,1240,13,0,0.0,0.0,0.495,0.0,-0.019,-0.016,0.48,0.014
dhfr,RF-Scorev3/GlideSP,5.0,NEF,,0.987,3.226,1.0,40,1240,62,2,0.5,1.0,0.5,5.0,0.0,0.0,0.48,0.014
egfr,RF-Scorev3/GlideSP,0.5,NEF,,0.0,0.0,0.0,40,1240,7,0,0.0,0.0,0.497,0.0,-0.014,-0.01,0.552,0.089
egfr,RF-Scorev3/GlideSP,1.0,NEF,,2.38,7.692,2.385,40,1240,13,1,0.714,2.5,0.507,7.692,0.026,0.022,0.552,0.089
egfr,RF-Scorev3/GlideSP,5.0,NEF,,4.052,12.903,4.0,40,1240,62,8,0.816,4.444,0.578,20.0,0.126,0.122,0.552,0.089
ephb4,RF-Scorev3/GlideSP,0.5,NEF,,0.0,0.0,0.0,40,1240,7,0,0.0,0.0,0.497,0.0,-0.014,-0.01,0.6,0.005
ephb4,RF-Scorev3/GlideSP,1.0,NEF,,0.0,0.0,0.0,40,1240,13,0,0.0,0.0,0.495,0.0,-0.019,-0.016,0.6,0.005
ephb4,RF-Scorev3/GlideSP,5.0,NEF,,0.995,3.226,1.0,40,1240,62,2,0.5,1.0,0.5,5.0,0.0,0.0,0.6,0.005
erbb2,RF-Scorev3/GlideSP,0.5,NEF,,0.0,0.0,0.0,40,1240,7,0,0.0,0.0,0.497,0.0,-0.014,-0.01,0.625,0.068
erbb2,RF-Scorev3/GlideSP,1.0,NEF,,2.47,7.692,2.385,40,1240,13,1,0.714,2.5,0.507,7.692,0.026,0.022,0.625,0.068
erbb2,RF-Scorev3/GlideSP,5.0,NEF,,2.467,8.065,2.5,40,1240,62,5,0.725,2.632,0.539,12.5,0.063,0.061,0.625,0.068
er-beta,RF-Scorev3/GlideSP,0.5,NEF,,0.0,0.0,0.0,40,1240,7,0,0.0,0.0,0.497,0.0,-0.014,-0.01,0.511,0.024
er-beta,RF-Scorev3/GlideSP,1.0,NEF,,0.0,0.0,0.0,40,1240,13,0,0.0,0.0,0.495,0.0,-0.019,-0.016,0.511,0.024
er-beta,RF-Scorev3/GlideSP,5.0,NEF,,1.361,4.839,1.5,40,1240,62,3,0.604,1.525,0.513,7.5,0.021,0.02,0.511,0.024
fgfr1,RF-Scorev3/GlideSP,0.5,NEF,,0.0,0.0,0.0,40,1240,7,0,0.0,0.0,0.497,0.0,-0.014,-0.01,0.512,0.001
fgfr1,RF-Scorev3/GlideSP,1.0,NEF,,0.0,0.0,0.0,40,1240,13,0,0.0,0.0,0.495,0.0,-0.019,-0.016,0.512,0.001
fgfr1,RF-Scorev3/GlideSP,5.0,NEF,,0.0,0.0,0.0,40,1240,62,0,0.0,0.0,0.474,0.0,-0.042,-0.041,0.512,0.001
fkbp1a,RF-Scorev3/GlideSP,0.5,NEF,,0.0,0.0,0.0,40,1240,7,0,0.0,0.0,0.497,0.0,-0.014,-0.01,0.658,0.014
fkbp1a,RF-Scorev3/GlideSP,1.0,NEF,,0.0,0.0,0.0,40,1240,13,0,0.0,0.0,0.495,0.0,-0.019,-0.016,0.658,0.014
fkbp1a,RF-Scorev3/GlideSP,5.0,NEF,,1.567,4.839,1.5,40,1240,62,3,0.604,1.525,0.513,7.5,0.021,0.02,0.658,0.014
fxa,RF-Scorev3/GlideSP,0.5,NEF,,15.295,42.857,13.286,40,1240,7,3,0.957,22.5,0.536,42.857,0.169,0.119,0.775,0.281
fxa,RF-Scorev3/GlideSP,1.0,NEF,,7.65,23.077,7.154,40,1240,13,3,0.9,9.0,0.533,23.077,0.116,0.099,0.775,0.281
fxa,RF-Scorev3/GlideSP,5.0,NEF,,4.588,14.516,4.5,40,1240,62,9,0.836,5.094,0.59,22.5,0.147,0.143,0.775,0.281
gba,RF-Scorev3/GlideSP,0.5,NEF,,0.0,0.0,0.0,40,1240,7,0,0.0,0.0,0.497,0.0,-0.014,-0.01,0.392,0.002
gba,RF-Scorev3/GlideSP,1.0,NEF,,0.0,0.0,0.0,40,1240,13,0,0.0,0.0,0.495,0.0,-0.019,-0.016,0.392,0.002
gba,RF-Scorev3/GlideSP,5.0,NEF,,0.498,1.613,0.5,40,1240,62,1,0.33,0.492,0.487,2.5,-0.021,-0.02,0.392,0.002
gr,RF-Scorev3/GlideSP,0.5,NEF,,0.0,0.0,0.0,40,1240,7,0,0.0,0.0,0.497,0.0,-0.014,-0.01,0.623,0.105
gr,RF-Scorev3/GlideSP,1.0,NEF,,2.35,7.692,2.385,40,1240,13,1,0.714,2.5,0.507,7.692,0.026,0.022,0.623,0.105
gr,RF-Scorev3/GlideSP,5.0,NEF,,2.466,8.065,2.5,40,1240,62,5,0.725,2.632,0.539,12.5,0.063,0.061,0.623,0.105
gsk3b,RF-Scorev3/GlideSP,0.5,NEF,,4.307,14.286,4.429,40,1240,7,1,0.833,5.0,0.51,14.286,0.047,0.033,0.544,0.13
gsk3b,RF-Scorev3/GlideSP,1.0,NEF,,2.32,7.692,2.385,40,1240,13,1,0.714,2.5,0.507,7.692,0.026,0.022,0.544,0.13
gsk3b,RF-Scorev3/GlideSP,5.0,NEF,,1.977,6.452,2.0,40,1240,62,4,0.674,2.069,0.526,10.0,0.042,0.041,0.544,0.13
hdac2,RF-Scorev3/GlideSP,0.5,NEF,,13.007,42.857,13.286,40,1240,7,3,0.957,22.5,0.536,42.857,0.169,0.119,0.711,0.234
hdac2,RF-Scorev3/GlideSP,1.0,NEF,,7.0,23.077,7.154,40,1240,13,3,0.9,9.0,0.533,23.077,0.116,0.099,0.711,0.234
hdac2,RF-Scorev3/GlideSP,5.0,NEF,,2.985,9.677,3.0,40,1240,62,6,0.763,3.214,0.552,15.0,0.084,0.082,0.711,0.234
hdac8,RF-Scorev3/GlideSP,0.5,NEF,,0.0,0.0,0.0,40,1240,7,0,0.0,0.0,0.497,0.0,-0.014,-0.01,0.406,0.012
hdac8,RF-Scorev3/GlideSP,1.0,NEF,,0.0,0.0,0.0,40,1240,13,0,0.0,0.0,0.495,0.0,-0.019,-0.016,0.406,0.012
hdac8,RF-Scorev3/GlideSP,5.0,NEF,,0.995,3.226,1.0,40,1240,62,2,0.5,1.0,0.5,5.0,0.0,0.0,0.406,0.012
hiv1pr,RF-Scorev3/GlideSP,0.5,NEF,,18.78,57.143,17.714,40,1240,7,4,0.976,40.0,0.549,57.143,0.23,0.162,0.894,0.553
hiv1pr,RF-Scorev3/GlideSP,1.0,NEF,,20.22,61.538,19.077,40,1240,13,8,0.98,48.0,0.598,61.538,0.34,0.291,0.894,0.553
hiv1pr,RF-Scorev3/GlideSP,5.0,NEF,,10.775,35.484,11.0,40,1240,62,22,0.943,16.5,0.758,55.0,0.419,0.408,0.894,0.553
hiv1rt,RF-Scorev3/GlideSP,0.5,NEF,,0.0,0.0,0.0,40,1240,7,0,0.0,0.0,0.497,0.0,-0.014,-0.01,0.55,0.036
hiv1rt,RF-Scorev3/GlideSP,1.0,NEF,,0.0,0.0,0.0,40,1240,13,0,0.0,0.0,0.495,0.0,-0.019,-0.016,0.55,0.036
hiv1rt,RF-Scorev3/GlideSP,5.0,NEF,,1.05,3.226,1.0,40,1240,62,2,0.5,1.0,0.5,5.0,0.0,0.0,0.55,0.036
hmgr,RF-Scorev3/GlideSP,0.5,NEF,,4.418,14.286,4.429,40,1240,7,1,0.833,5.0,0.51,14.286,0.047,0.033,0.601,0.085
hmgr,RF-Scorev3/GlideSP,1.0,NEF,,2.38,7.692,2.385,40,1240,13,1,0.714,2.5,0.507,7.692,0.026,0.022,0.601,0.085
hmgr,RF-Scorev3/GlideSP,5.0,NEF,,2.494,8.065,2.5,40,1240,62,5,0.725,2.632,0.539,12.5,0.063,0.061,0.601,0.085
hsp90,RF-Scorev3/GlideSP,0.5,NEF,,4.336,14.286,4.429,40,1240,7,1,0.833,5.0,0.51,14.286,0.047,0.033,0.534,0.075
hsp90,RF-Scorev3/GlideSP,1.0,NEF,,2.33,7.692,2.385,40,1240,13,1,0.714,2.5,0.507,7.692,0.026,0.022,0.534,0.075
hsp90,RF-Scorev3/GlideSP,5.0,NEF,,0.498,1.613,0.5,40,1240,62,1,0.33,0.492,0.487,2.5,-0.021,-0.02,0.534,0.075
igf1r,RF-Scorev3/GlideSP,0.5,NEF,,4.966,14.286,4.429,40,1240,7,1,0.833,5.0,0.51,14.286,0.047,0.033,0.513,0.101
igf1r,RF-Scorev3/GlideSP,1.0,NEF,,2.48,7.692,2.385,40,1240,13,1,0.714,2.5,0.507,7.692,0.026,0.022,0.513,0.101
igf1r,RF-Scorev3/GlideSP,5.0,NEF,,1.515,4.839,1.5,40,1240,62,3,0.604,1.525,0.513,7.5,0.021,0.02,0.513,0.101
inha,RF-Scorev3/GlideSP,0.5,NEF,,4.375,14.286,4.429,40,1240,7,1,0.833,5.0,0.51,14.286,0.047,0.033,0.476,0.157
inha,RF-Scorev3/GlideSP,1.0,NEF,,7.07,23.077,7.154,40,1240,13,3,0.9,9.0,0.533,23.077,0.116,0.099,0.476,0.157
inha,RF-Scorev3/GlideSP,5.0,NEF,,1.976,6.452,2.0,40,1240,62,4,0.674,2.069,0.526,10.0,0.042,0.041,0.476,0.157
itk,RF-Scorev3/GlideSP,0.5,NEF,,0.0,0.0,0.0,40,1240,7,0,0.0,0.0,0.497,0.0,-0.014,-0.01,0.615,0.038
itk,RF-Scorev3/GlideSP,1.0,NEF,,0.0,0.0,0.0,40,1240,13,0,0.0,0.0,0.495,0.0,-0.019,-0.016,0.615,0.038
itk,RF-Scorev3/GlideSP,5.0,NEF,,1.997,6.452,2.0,40,1240,62,4,0.674,2.069,0.526,10.0,0.042,0.041,0.615,0.038
jak3,RF-Scorev3/GlideSP,0.5,NEF,,9.975,28.571,8.857,40,1240,7,2,0.923,12.0,0.523,28.571,0.108,0.076,0.548,0.164
jak3,RF-Scorev3/GlideSP,1.0,NEF,,4.99,15.385,4.769,40,1240,13,2,0.845,5.455,0.52,15.385,0.071,0.061,0.548,0.164
jak3,RF-Scorev3/GlideSP,5.0,NEF,,1.995,6.452,2.0,40,1240,62,4,0.674,2.069,0.526,10.0,0.042,0.041,0.548,0.164
jnk1,RF-Scorev3/GlideSP,0.5,NEF,,0.0,0.0,0.0,40,1240,7,0,0.0,0.0,0.497,0.0,-0.014,-0.01,0.637,0.052
jnk1,RF-Scorev3/GlideSP,1.0,NEF,,0.0,0.0,0.0,40,1240,13,0,0.0,0.0,0.495,0.0,-0.019,-0.016,0.637,0.052
jnk1,RF-Scorev3/GlideSP,5.0,NEF,,1.575,4.839,1.5,40,1240,62,3,0.604,1.525,0.513,7.5,0.021,0.02,0.637,0.052
jnk2,RF-Scorev3/GlideSP,0.5,NEF,,10.009,28.571,8.857,40,1240,7,2,0.923,12.0,0.523,28.571,0.108,0.076,0.53,0.211
jnk2,RF-Scorev3/GlideSP,1.0,NEF,,7.51,23.077,7.154,40,1240,13,3,0.9,9.0,0.533,23.077,0.116,0.099,0.53,0.211
jnk2,RF-Scorev3/GlideSP,5.0,NEF,,2.545,8.065,2.5,40,1240,62,5,0.725,2.632,0.539,12.5,0.063,0.061,0.53,0.211
jnk3,RF-Scorev3/GlideSP,0.5,NEF,,0.0,0.0,0.0,40,1240,7,0,0.0,0.0,0.497,0.0,-0.014,-0.01,0.614,0.068
jnk3,RF-Scorev3/GlideSP,1.0,NEF,,2.38,7.692,2.385,40,1240,13,1,0.714,2.5,0.507,7.692,0.026,0.022,0.614,0.068
jnk3,RF-Scorev3/GlideSP,5.0,NEF,,2.541,8.065,2.5,40,1240,62,5,0.725,2.632,0.539,12.5,0.063,0.061,0.614,0.068
kif11,RF-Scorev3/GlideSP,0.5,NEF,,12.954,42.857,13.286,40,1240,7,3,0.957,22.5,0.536,42.857,0.169,0.119,0.851,0.299
kif11,RF-Scorev3/GlideSP,1.0,NEF,,9.3,30.769,9.538,40,1240,13,4,0.93,13.333,0.546,30.769,0.16,0.137,0.851,0.299
kif11,RF-Scorev3/GlideSP,5.0,NEF,,5.946,19.355,6.0,40,1240,62,12,0.878,7.2,0.629,30.0,0.209,0.204,0.851,0.299
lck,RF-Scorev3/GlideSP,0.5,NEF,,0.0,0.0,0.0,40,1240,7,0,0.0,0.0,0.497,0.0,-0.014,-0.01,0.476,0.033
lck,RF-Scorev3/GlideSP,1.0,NEF,,2.32,7.692,2.385,40,1240,13,1,0.714,2.5,0.507,7.692,0.026,0.022,0.476,0.033
lck,RF-Scorev3/GlideSP,5.0,NEF,,0.493,1.613,0.5,40,1240,62,1,0.33,0.492,0.487,2.5,-0.021,-0.02,0.476,0.033
mdm2,RF-Scorev3/GlideSP,0.5,NEF,,0.0,0.0,0.0,40,1240,7,0,0.0,0.0,0.497,0.0,-0.014,-0.01,0.476,0.008
mdm2,RF-Scorev3/GlideSP,1.0,NEF,,0.0,0.0,0.0,40,1240,13,0,0.0,0.0,0.495,0.0,-0.019,-0.016,0.476,0.008
mdm2,RF-Scorev3/GlideSP,5.0,NEF,,0.499,1.613,0.5,40,1240,62,1,0.33,0.492,0.487,2.5,-0.021,-0.02,0.476,0.008
mk2,RF-Scorev3/GlideSP,0.5,NEF,,5.243,14.286,4.429,40,1240,7,1,0.833,5.0,0.51,14.286,0.047,0.033,0.66,0.097
mk2,RF-Scorev3/GlideSP,1.0,NEF,,2.62,7.692,2.385,40,1240,13,1,0.714,2.5,0.507,7.692,0.026,0.022,0.66,0.097
mk2,RF-Scorev3/GlideSP,5.0,NEF,,3.199,9.677,3.0,40,1240,62,6,0.763,3.214,0.552,15.0,0.084,0.082,0.66,0.097
mmp2,RF-Scorev3/GlideSP,0.5,NEF,,0.0,0.0,0.0,40,1240,7,0,0.0,0.0,0.497,0.0,-0.014,-0.01,0.533,0.064
mmp2,RF-Scorev3/GlideSP,1.0,NEF,,0.0,0.0,0.0,40,1240,13,0,0.0,0.0,0.495,0.0,-0.019,-0.016,0.533,0.064
mmp2,RF-Scorev3/GlideSP,5.0,NEF,,1.981,6.452,2.0,40,1240,62,4,0.674,2.069,0.526,10.0,0.042,0.041,0.533,0.064
na,RF-Scorev3/GlideSP,0.5,NEF,,0.0,0.0,0.0,40,1240,7,0,0.0,0.0,0.497,0.0,-0.014,-0.01,0.734,0.089
na,RF-Scorev3/GlideSP,1.0,NEF,,4.77,15.385,4.769,40,1240,13,2,0.845,5.455,0.52,15.385,0.071,0.061,0.734,0.089
na,RF-Scorev3/GlideSP,5.0,NEF,,1.998,6.452,2.0,40,1240,62,4,0.674,2.069,0.526,10.0,0.042,0.041,0.734,0.089
p38-alpha,RF-Scorev3/GlideSP,0.5,NEF,,4.364,14.286,4.429,40,1240,7,1,0.833,5.0,0.51,14.286,0.047,0.033,0.548,0.074
p38-alpha,RF-Scorev3/GlideSP,1.0,NEF,,2.35,7.692,2.385,40,1240,13,1,0.714,2.5,0.507,7.692,0.026,0.022,0.548,0.074
p38-alpha,RF-Scorev3/GlideSP,5.0,NEF,,0.493,1.613,0.5,40,1240,62,1,0.33,0.492,0.487,2.5,-0.021,-0.02,0.548,0.074
parp-1,RF-Scorev3/GlideSP,0.5,NEF,,0.0,0.0,0.0,40,1240,7,0,0.0,0.0,0.497,0.0,-0.014,-0.01,0.618,0.066
parp-1,RF-Scorev3/GlideSP,1.0,NEF,,0.0,0.0,0.0,40,1240,13,0,0.0,0.0,0.495,0.0,-0.019,-0.016,0.618,0.066
parp-1,RF-Scorev3/GlideSP,5.0,NEF,,1.977,6.452,2.0,40,1240,62,4,0.674,2.069,0.526,10.0,0.042,0.041,0.618,0.066
pde4b,RF-Scorev3/GlideSP,0.5,NEF,,0.0,0.0,0.0,40,1240,7,0,0.0,0.0,0.497,0.0,-0.014,-0.01,0.58,0.017
pde4b,RF-Scorev3/GlideSP,1.0,NEF,,0.0,0.0,0.0,40,1240,13,0,0.0,0.0,0.495,0.0,-0.019,-0.016,0.58,0.017
pde4b,RF-Scorev3/GlideSP,5.0,NEF,,1.987,6.452,2.0,40,1240,62,4,0.674,2.069,0.526,10.0,0.042,0.041,0.58,0.017
pde5,RF-Scorev3/GlideSP,0.5,NEF,,0.0,0.0,0.0,40,1240,7,0,0.0,0.0,0.497,0.0,-0.014,-0.01,0.505,0.021
pde5,RF-Scorev3/GlideSP,1.0,NEF,,0.0,0.0,0.0,40,1240,13,0,0.0,0.0,0.495,0.0,-0.019,-0.016,0.505,0.021
pde5,RF-Scorev3/GlideSP,5.0,NEF,,1.041,3.226,1.0,40,1240,62,2,0.5,1.0,0.5,5.0,0.0,0.0,0.505,0.021
pdk1,RF-Scorev3/GlideSP,0.5,NEF,,0.0,0.0,0.0,40,1240,7,0,0.0,0.0,0.497,0.0,-0.014,-0.01,0.568,0.052
pdk1,RF-Scorev3/GlideSP,1.0,NEF,,2.44,7.692,2.385,40,1240,13,1,0.714,2.5,0.507,7.692,0.026,0.022,0.568,0.052
pdk1,RF-Scorev3/GlideSP,5.0,NEF,,1.561,4.839,1.5,40,1240,62,3,0.604,1.525,0.513,7.5,0.021,0.02,0.568,0.052
pi3kg,RF-Scorev3/GlideSP,0.5,NEF,,0.0,0.0,0.0,40,1240,7,0,0.0,0.0,0.497,0.0,-0.014,-0.01,0.577,0.0
pi3kg,RF-Scorev3/GlideSP,1.0,NEF,,0.0,0.0,0.0,40,1240,13,0,0.0,0.0,0.495,0.0,-0.019,-0.016,0.577,0.0
pi3kg,RF-Scorev3/GlideSP,5.0,NEF,,0.0,0.0,0.0,40,1240,62,0,0.0,0.0,0.474,0.0,-0.042,-0.041,0.577,0.0
pim-1,RF-Scorev3/GlideSP,0.5,NEF,,0.0,0.0,0.0,40,1240,7,0,0.0,0.0,0.497,0.0,-0.014,-0.01,0.655,0.085
pim-1,RF-Scorev3/GlideSP,1.0,NEF,,0.0,0.0,0.0,40,1240,13,0,0.0,0.0,0.495,0.0,-0.019,-0.016,0.655,0.085
pim-1,RF-Scorev3/GlideSP,5.0,NEF,,1.982,6.452,2.0,40,1240,62,4,0.674,2.069,0.526,10.0,0.042,0.041,0.655,0.085
pim-2,RF-Scorev3/GlideSP,0.5,NEF,,0.0,0.0,0.0,40,1240,7,0,0.0,0.0,0.497,0.0,-0.014,-0.01,0.555,0.062
pim-2,RF-Scorev3/GlideSP,1.0,NEF,,0.0,0.0,0.0,40,1240,13,0,0.0,0.0,0.495,0.0,-0.019,-0.016,0.555,0.062
pim-2,RF-Scorev3/GlideSP,5.0,NEF,,1.523,4.839,1.5,40,1240,62,3,0.604,1.525,0.513,7.5,0.021,0.02,0.555,0.062
pnp,RF-Scorev3/GlideSP,0.5,NEF,,4.404,14.286,4.429,40,1240,7,1,0.833,5.0,0.51,14.286,0.047,0.033,0.489,0.093
pnp,RF-Scorev3/GlideSP,1.0,NEF,,2.37,7.692,2.385,40,1240,13,1,0.714,2.5,0.507,7.692,0.026,0.022,0.489,0.093
pnp,RF-Scorev3/GlideSP,5.0,NEF,,3.48,11.29,3.5,40,1240,62,7,0.792,3.818,0.565,17.5,0.105,0.102,0.489,0.093
ppara,RF-Scorev3/GlideSP,0.5,NEF,,0.0,0.0,0.0,40,1240,7,0,0.0,0.0,0.497,0.0,-0.014,-0.01,0.675,0.028
ppara,RF-Scorev3/GlideSP,1.0,NEF,,0.0,0.0,0.0,40,1240,13,0,0.0,0.0,0.495,0.0,-0.019,-0.016,0.675,0.028
ppara,RF-Scorev3/GlideSP,5.0,NEF,,0.525,1.613,0.5,40,1240,62,1,0.33,0.492,0.487,2.5,-0.021,-0.02,0.675,0.028
pparg,RF-Scorev3/GlideSP,0.5,NEF,,4.75,14.286,4.429,40,1240,7,1,0.833,5.0,0.51,14.286,0.047,0.033,0.677,0.101
pparg,RF-Scorev3/GlideSP,1.0,NEF,,2.38,7.692,2.385,40,1240,13,1,0.714,2.5,0.507,7.692,0.026,0.022,0.677,0.101
pparg,RF-Scorev3/GlideSP,5.0,NEF,,3.5,11.29,3.5,40,1240,62,7,0.792,3.818,0.565,17.5,0.105,0.102,0.677,0.101
pr,RF-Scorev3/GlideSP,0.5,NEF,,0.0,0.0,0.0,40,1240,7,0,0.0,0.0,0.497,0.0,-0.014,-0.01,0.532,0.039
pr,RF-Scorev3/GlideSP,1.0,NEF,,0.0,0.0,0.0,40,1240,13,0,0.0,0.0,0.495,0.0,-0.019,-0.016,0.532,0.039
pr,RF-Scorev3/GlideSP,5.0,NEF,,1.131,3.226,1.0,40,1240,62,2,0.5,1.0,0.5,5.0,0.0,0.0,0.532,0.039
prkcq,RF-Scorev3/GlideSP,0.5,NEF,,0.0,0.0,0.0,40,1240,7,0,0.0,0.0,0.497,0.0,-0.014,-0.01,0.719,0.045
prkcq,RF-Scorev3/GlideSP,1.0,NEF,,0.0,0.0,0.0,40,1240,13,0,0.0,0.0,0.495,0.0,-0.019,-0.016,0.719,0.045
prkcq,RF-Scorev3/GlideSP,5.0,NEF,,2.105,6.452,2.0,40,1240,62,4,0.674,2.069,0.526,10.0,0.042,0.041,0.719,0.045
pygl-in,RF-Scorev3/GlideSP,0.5,NEF,,0.0,0.0,0.0,40,1240,7,0,0.0,0.0,0.497,0.0,-0.014,-0.01,0.683,0.105
pygl-in,RF-Scorev3/GlideSP,1.0,NEF,,2.37,7.692,2.385,40,1240,13,1,0.714,2.5,0.507,7.692,0.026,0.022,0.683,0.105
pygl-in,RF-Scorev3/GlideSP,5.0,NEF,,2.981,9.677,3.0,40,1240,62,6,0.763,3.214,0.552,15.0,0.084,0.082,0.683,0.105
pygl-out,RF-Scorev3/GlideSP,0.5,NEF,,13.243,42.857,13.286,40,1240,7,3,0.957,22.5,0.536,42.857,0.169,0.119,0.743,0.353
pygl-out,RF-Scorev3/GlideSP,1.0,NEF,,11.88,38.462,11.923,40,1240,13,5,0.949,18.75,0.559,38.462,0.205,0.176,0.743,0.353
pygl-out,RF-Scorev3/GlideSP,5.0,NEF,,6.479,20.968,6.5,40,1240,62,13,0.888,7.959,0.642,32.5,0.23,0.224,0.743,0.353
qpct,RF-Scorev3/GlideSP,0.5,NEF,,0.0,0.0,0.0,40,1240,7,0,0.0,0.0,0.497,0.0,-0.014,-0.01,0.328,0.0
qpct,RF-Scorev3/GlideSP,1.0,NEF,,0.0,0.0,0.0,40,1240,13,0,0.0,0.0,0.495,0.0,-0.019,-0.016,0.328,0.0
qpct,RF-Scorev3/GlideSP,5.0,NEF,,0.0,0.0,0.0,40,1240,62,0,0.0,0.0,0.474,0.0,-0.042,-0.041,0.328,0.0
rock-1,RF-Scorev3/GlideSP,0.5,NEF,,0.0,0.0,0.0,40,1240,7,0,0.0,0.0,0.497,0.0,-0.014,-0.01,0.467,0.003
rock-1,RF-Scorev3/GlideSP,1.0,NEF,,0.0,0.0,0.0,40,1240,13,0,0.0,0.0,0.495,0.0,-0.019,-0.016,0.467,0.003
rock-1,RF-Scorev3/GlideSP,5.0,NEF,,0.495,1.613,0.5,40,1240,62,1,0.33,0.492,0.487,2.5,-0.021,-0.02,0.467,0.003
rxr,RF-Scorev3/GlideSP,0.5,NEF,,0.0,0.0,0.0,40,1240,7,0,0.0,0.0,0.497,0.0,-0.014,-0.01,0.657,0.022
rxr,RF-Scorev3/GlideSP,1.0,NEF,,0.0,0.0,0.0,40,1240,13,0,0.0,0.0,0.495,0.0,-0.019,-0.016,0.657,0.022
rxr,RF-Scorev3/GlideSP,5.0,NEF,,0.54,1.613,0.5,40,1240,62,1,0.33,0.492,0.487,2.5,-0.021,-0.02,0.657,0.022
sars-hcov,RF-Scorev3/GlideSP,0.5,NEF,,13.209,42.857,13.286,39,1209,7,3,0.957,22.5,0.537,42.857,0.171,0.122,0.531,0.231
sars-hcov,RF-Scorev3/GlideSP,1.0,NEF,,9.48,30.769,9.538,39,1209,13,4,0.93,13.333,0.547,30.769,0.163,0.14,0.531,0.231
sars-hcov,RF-Scorev3/GlideSP,5.0,NEF,,2.526,8.197,2.541,39,1209,61,5,0.728,2.679,0.54,12.821,0.065,0.063,0.531,0.231
sirt2,RF-Scorev3/GlideSP,0.5,NEF,,0.0,0.0,0.0,40,1240,7,0,0.0,0.0,0.497,0.0,-0.014,-0.01,0.462,0.073
sirt2,RF-Scorev3/GlideSP,1.0,NEF,,0.0,0.0,0.0,40,1240,13,0,0.0,0.0,0.495,0.0,-0.019,-0.016,0.462,0.073
sirt2,RF-Scorev3/GlideSP,5.0,NEF,,1.969,6.452,2.0,40,1240,62,4,0.674,2.069,0.526,10.0,0.042,0.041,0.462,0.073
src,RF-Scorev3/GlideSP,0.5,NEF,,0.0,0.0,0.0,40,1240,7,0,0.0,0.0,0.497,0.0,-0.014,-0.01,0.458,0.004
src,RF-Scorev3/GlideSP,1.0,NEF,,0.0,0.0,0.0,40,1240,13,0,0.0,0.0,0.495,0.0,-0.019,-0.016,0.458,0.004
src,RF-Scorev3/GlideSP,5.0,NEF,,0.509,1.613,0.5,40,1240,62,1,0.33,0.492,0.487,2.5,-0.021,-0.02,0.458,0.004
thrombin,RF-Scorev3/GlideSP,0.5,NEF,,9.105,28.571,8.857,40,1240,7,2,0.923,12.0,0.523,28.571,0.108,0.076,0.691,0.241
thrombin,RF-Scorev3/GlideSP,1.0,NEF,,9.81,30.769,9.538,40,1240,13,4,0.93,13.333,0.546,30.769,0.16,0.137,0.691,0.241
thrombin,RF-Scorev3/GlideSP,5.0,NEF,,3.135,9.677,3.0,40,1240,62,6,0.763,3.214,0.552,15.0,0.084,0.082,0.691,0.241
tie2,RF-Scorev3/GlideSP,0.5,NEF,,9.992,28.571,8.857,40,1240,7,2,0.923,12.0,0.523,28.571,0.108,0.076,0.547,0.212
tie2,RF-Scorev3/GlideSP,1.0,NEF,,5.0,15.385,4.769,40,1240,13,2,0.845,5.455,0.52,15.385,0.071,0.061,0.547,0.212
tie2,RF-Scorev3/GlideSP,5.0,NEF,,3.497,11.29,3.5,40,1240,62,7,0.792,3.818,0.565,17.5,0.105,0.102,0.547,0.212
tk,RF-Scorev3/GlideSP,0.5,NEF,,0.0,0.0,0.0,40,1240,7,0,0.0,0.0,0.497,0.0,-0.014,-0.01,0.575,0.01
tk,RF-Scorev3/GlideSP,1.0,NEF,,0.0,0.0,0.0,40,1240,13,0,0.0,0.0,0.495,0.0,-0.019,-0.016,0.575,0.01
tk,RF-Scorev3/GlideSP,5.0,NEF,,1.021,3.226,1.0,40,1240,62,2,0.5,1.0,0.5,5.0,0.0,0.0,0.575,0.01
tp,RF-Scorev3/GlideSP,0.5,NEF,,0.0,0.0,0.0,40,1240,7,0,0.0,0.0,0.497,0.0,-0.014,-0.01,0.276,0.044
tp,RF-Scorev3/GlideSP,1.0,NEF,,2.99,7.692,2.385,40,1240,13,1,0.714,2.5,0.507,7.692,0.026,0.022,0.276,0.044
tp,RF-Scorev3/GlideSP,5.0,NEF,,0.644,1.613,0.5,40,1240,62,1,0.33,0.492,0.487,2.5,-0.021,-0.02,0.276,0.044
tpa,RF-Scorev3/GlideSP,0.5,NEF,,5.092,14.286,4.429,40,1240,7,1,0.833,5.0,0.51,14.286,0.047,0.033,0.588,0.099
tpa,RF-Scorev3/GlideSP,1.0,NEF,,2.55,7.692,2.385,40,1240,13,1,0.714,2.5,0.507,7.692,0.026,0.022,0.588,0.099
tpa,RF-Scorev3/GlideSP,5.0,NEF,,2.589,8.065,2.5,40,1240,62,5,0.725,2.632,0.539,12.5,0.063,0.061,0.588,0.099
ts,RF-Scorev3/GlideSP,0.5,NEF,,0.0,0.0,0.0,40,1239,7,0,0.0,0.0,0.497,0.0,-0.014,-0.01,0.562,0.039
ts,RF-Scorev3/GlideSP,1.0,NEF,,0.0,0.0,0.0,40,1239,13,0,0.0,0.0,0.495,0.0,-0.019,-0.016,0.562,0.039
ts,RF-Scorev3/GlideSP,5.0,NEF,,2.0,6.452,1.998,40,1239,62,4,0.674,2.067,0.526,10.0,0.042,0.041,0.562,0.039
upa,RF-Scorev3/GlideSP,0.5,NEF,,0.0,0.0,0.0,40,1240,7,0,0.0,0.0,0.497,0.0,-0.014,-0.01,0.515,0.017
upa,RF-Scorev3/GlideSP,1.0,NEF,,0.0,0.0,0.0,40,1240,13,0,0.0,0.0,0.495,0.0,-0.019,-0.016,0.515,0.017
upa,RF-Scorev3/GlideSP,5.0,NEF,,0.498,1.613,0.5,40,1240,62,1,0.33,0.492,0.487,2.5,-0.021,-0.02,0.515,0.017
vegfr1,RF-Scorev3/GlideSP,0.5,NEF,,0.0,0.0,0.0,40,1240,7,0,0.0,0.0,0.497,0.0,-0.014,-0.01,0.508,0.051
vegfr1,RF-Scorev3/GlideSP,1.0,NEF,,2.5,7.692,2.385,40,1240,13,1,0.714,2.5,0.507,7.692,0.026,0.022,0.508,0.051
vegfr1,RF-Scorev3/GlideSP,5.0,NEF,,1.051,3.226,1.0,40,1240,62,2,0.5,1.0,0.5,5.0,0.0,0.0,0.508,0.051
vegfr2,RF-Scorev3/GlideSP,0.5,NEF,,8.938,28.571,8.857,40,1240,7,2,0.923,12.0,0.523,28.571,0.108,0.076,0.487,0.171
vegfr2,RF-Scorev3/GlideSP,1.0,NEF,,4.81,15.385,4.769,40,1240,13,2,0.845,5.455,0.52,15.385,0.071,0.061,0.487,0.171
vegfr2,RF-Scorev3/GlideSP,5.0,NEF,,2.564,8.065,2.5,40,1240,62,5,0.725,2.632,0.539,12.5,0.063,0.061,0.487,0.171
11betahsd1,RF-Scorev4/GlideSP,0.5,NEF,,5.03,14.286,4.429,40,1240,7,1,0.833,5.0,0.51,14.286,0.047,0.033,0.564,0.073
11betahsd1,RF-Scorev4/GlideSP,1.0,NEF,,2.51,7.692,2.385,40,1240,13,1,0.714,2.5,0.507,7.692,0.026,0.022,0.564,0.073
11betahsd1,RF-Scorev4/GlideSP,5.0,NEF,,1.535,4.839,1.5,40,1240,62,3,0.604,1.525,0.513,7.5,0.021,0.02,0.564,0.073
17betahsd1,RF-Scorev4/GlideSP,0.5,NEF,,4.382,14.286,4.429,40,1240,7,1,0.833,5.0,0.51,14.286,0.047,0.033,0.472,0.08
17betahsd1,RF-Scorev4/GlideSP,1.0,NEF,,2.36,7.692,2.385,40,1240,13,1,0.714,2.5,0.507,7.692,0.026,0.022,0.472,0.08
17betahsd1,RF-Scorev4/GlideSP,5.0,NEF,,0.99,3.226,1.0,40,1240,62,2,0.5,1.0,0.5,5.0,0.0,0.0,0.472,0.08
a2a,RF-Scorev4/GlideSP,0.5,NEF,,0.0,0.0,0.0,40,1240,7,0,0.0,0.0,0.497,0.0,-0.014,-0.01,0.643,0.068
a2a,RF-Scorev4/GlideSP,1.0,NEF,,2.36,7.692,2.385,40,1240,13,1,0.714,2.5,0.507,7.692,0.026,0.022,0.643,0.068
a2a,RF-Scorev4/GlideSP,5.0,NEF,,0.99,3.226,1.0,40,1240,62,2,0.5,1.0,0.5,5.0,0.0,0.0,0.643,0.068
ace,RF-Scorev4/GlideSP,0.5,NEF,,4.411,14.286,4.429,40,1240,7,1,0.833,5.0,0.51,14.286,0.047,0.033,0.513,0.089
ace,RF-Scorev4/GlideSP,1.0,NEF,,2.38,7.692,2.385,40,1240,13,1,0.714,2.5,0.507,7.692,0.026,0.022,0.513,0.089
ace,RF-Scorev4/GlideSP,5.0,NEF,,1.992,6.452,2.0,40,1240,62,4,0.674,2.069,0.526,10.0,0.042,0.041,0.513,0.089
ace2,RF-Scorev4/GlideSP,0.5,NEF,,4.425,14.286,4.429,40,1240,7,1,0.833,5.0,0.51,14.286,0.047,0.033,0.676,0.218
ace2,RF-Scorev4/GlideSP,1.0,NEF,,9.53,30.769,9.538,40,1240,13,4,0.93,13.333,0.546,30.769,0.16,0.137,0.676,0.218
ace2,RF-Scorev4/GlideSP,5.0,NEF,,4.496,14.516,4.5,40,1240,62,9,0.836,5.094,0.59,22.5,0.147,0.143,0.676,0.218
ache,RF-Scorev4/GlideSP,0.5,NEF,,21.804,71.429,22.143,40,1240,7,5,0.987,75.0,0.562,71.429,0.291,0.205,0.59,0.425
ache,RF-Scorev4/GlideSP,1.0,NEF,,16.44,53.846,16.692,40,1240,13,7,0.972,35.0,0.585,53.846,0.295,0.252,0.59,0.425
ache,RF-Scorev4/GlideSP,5.0,NEF,,4.431,14.516,4.5,40,1240,62,9,0.836,5.094,0.59,22.5,0.147,0.143,0.59,0.425
adam17,RF-Scorev4/GlideSP,0.5,NEF,,4.393,14.286,4.429,40,1240,7,1,0.833,5.0,0.51,14.286,0.047,0.033,0.444,0.078
adam17,RF-Scorev4/GlideSP,1.0,NEF,,2.37,7.692,2.385,40,1240,13,1,0.714,2.5,0.507,7.692,0.026,0.022,0.444,0.078
adam17,RF-Scorev4/GlideSP,5.0,NEF,,1.984,6.452,2.0,40,1240,62,4,0.674,2.069,0.526,10.0,0.042,0.041,0.444,0.078
adrb2,RF-Scorev4/GlideSP,0.5,NEF,,4.796,14.286,4.429,40,1240,7,1,0.833,5.0,0.51,14.286,0.047,0.033,0.64,0.266
adrb2,RF-Scorev4/GlideSP,1.0,NEF,,9.59,30.769,9.538,40,1240,13,4,0.93,13.333,0.546,30.769,0.16,0.137,0.64,0.266
adrb2,RF-Scorev4/GlideSP,5.0,NEF,,3.969,12.903,4.0,40,1240,62,8,0.816,4.444,0.578,20.0,0.126,0.122,0.64,0.266
akt1,RF-Scorev4/GlideSP,0.5,NEF,,0.0,0.0,0.0,40,1240,7,0,0.0,0.0,0.497,0.0,-0.014,-0.01,0.586,0.073
akt1,RF-Scorev4/GlideSP,1.0,NEF,,5.05,15.385,4.769,40,1240,13,2,0.845,5.455,0.52,15.385,0.071,0.061,0.586,0.073
akt1,RF-Scorev4/GlideSP,5.0,NEF,,1.01,3.226,1.0,40,1240,62,2,0.5,1.0,0.5,5.0,0.0,0.0,0.586,0.073
alr2,RF-Scorev4/GlideSP,0.5,NEF,,4.379,14.286,4.429,40,1240,7,1,0.833,5.0,0.51,14.286,0.047,0.033,0.456,0.102
alr2,RF-Scorev4/GlideSP,1.0,NEF,,2.36,7.692,2.385,40,1240,13,1,0.714,2.5,0.507,7.692,0.026,0.022,0.456,0.102
alr2,RF-Scorev4/GlideSP,5.0,NEF,,2.472,8.065,2.5,40,1240,62,5,0.725,2.632,0.539,12.5,0.063,0.061,0.456,0.102
ar,RF-Scorev4/GlideSP,0.5,NEF,,11.286,42.857,13.286,40,1240,7,3,0.957,22.5,0.536,42.857,0.169,0.119,0.605,0.33
ar,RF-Scorev4/GlideSP,1.0,NEF,,9.67,30.769,9.538,40,1240,13,4,0.93,13.333,0.546,30.769,0.16,0.137,0.605,0.33
ar,RF-Scorev4/GlideSP,5.0,NEF,,3.527,11.29,3.5,40,1240,62,7,0.792,3.818,0.565,17.5,0.105,0.102,0.605,0.33
aurka,RF-Scorev4/GlideSP,0.5,NEF,,0.0,0.0,0.0,40,1240,7,0,0.0,0.0,0.497,0.0,-0.014,-0.01,0.696,0.047
aurka,RF-Scorev4/GlideSP,1.0,NEF,,0.0,0.0,0.0,40,1240,13,0,0.0,0.0,0.495,0.0,-0.019,-0.016,0.696,0.047
aurka,RF-Scorev4/GlideSP,5.0,NEF,,2.034,6.452,2.0,40,1240,62,4,0.674,2.069,0.526,10.0,0.042,0.041,0.696,0.047
aurkb,RF-Scorev4/GlideSP,0.5,NEF,,13.018,42.857,13.286,40,1240,7,3,0.957,22.5,0.536,42.857,0.169,0.119,0.649,0.345
aurkb,RF-Scorev4/GlideSP,1.0,NEF,,9.35,30.769,9.538,40,1240,13,4,0.93,13.333,0.546,30.769,0.16,0.137,0.649,0.345
aurkb,RF-Scorev4/GlideSP,5.0,NEF,,5.477,17.742,5.5,40,1240,62,11,0.866,6.471,0.616,27.5,0.188,0.184,0.649,0.345
bcl2,RF-Scorev4/GlideSP,0.5,NEF,,4.368,14.286,4.429,40,1240,7,1,0.833,5.0,0.51,14.286,0.047,0.033,0.689,0.246
bcl2,RF-Scorev4/GlideSP,1.0,NEF,,4.7,15.385,4.769,40,1240,13,2,0.845,5.455,0.52,15.385,0.071,0.061,0.689,0.246
bcl2,RF-Scorev4/GlideSP,5.0,NEF,,7.397,24.194,7.5,40,1240,62,15,0.905,9.574,0.668,37.5,0.272,0.265,0.689,0.246
braf,RF-Scorev4/GlideSP,0.5,NEF,,0.0,0.0,0.0,40,1240,7,0,0.0,0.0,0.497,0.0,-0.014,-0.01,0.574,0.056
braf,RF-Scorev4/GlideSP,1.0,NEF,,0.0,0.0,0.0,40,1240,13,0,0.0,0.0,0.495,0.0,-0.019,-0.016,0.574,0.056
braf,RF-Scorev4/GlideSP,5.0,NEF,,2.541,8.065,2.5,40,1240,62,5,0.725,2.632,0.539,12.5,0.063,0.061,0.574,0.056
catl,RF-Scorev4/GlideSP,0.5,NEF,,0.0,0.0,0.0,40,1240,7,0,0.0,0.0,0.497,0.0,-0.014,-0.01,0.684,0.091
catl,RF-Scorev4/GlideSP,1.0,NEF,,2.37,7.692,2.385,40,1240,13,1,0.714,2.5,0.507,7.692,0.026,0.022,0.684,0.091
catl,RF-Scorev4/GlideSP,5.0,NEF,,2.983,9.677,3.0,40,1240,62,6,0.763,3.214,0.552,15.0,0.084,0.082,0.684,0.091
cdk2,RF-Scorev4/GlideSP,0.5,NEF,,0.0,0.0,0.0,40,1240,7,0,0.0,0.0,0.497,0.0,-0.014,-0.01,0.656,0.05
cdk2,RF-Scorev4/GlideSP,1.0,NEF,,0.0,0.0,0.0,40,1240,13,0,0.0,0.0,0.495,0.0,-0.019,-0.016,0.656,0.05
cdk2,RF-Scorev4/GlideSP,5.0,NEF,,2.492,8.065,2.5,40,1240,62,5,0.725,2.632,0.539,12.5,0.063,0.061,0.656,0.05
cox1,RF-Scorev4/GlideSP,0.5,NEF,,0.0,0.0,0.0,40,1240,7,0,0.0,0.0,0.497,0.0,-0.014,-0.01,0.451,0.001
cox1,RF-Scorev4/GlideSP,1.0,NEF,,0.0,0.0,0.0,40,1240,13,0,0.0,0.0,0.495,0.0,-0.019,-0.016,0.451,0.001
cox1,RF-Scorev4/GlideSP,5.0,NEF,,0.0,0.0,0.0,40,1240,62,0,0.0,0.0,0.474,0.0,-0.042,-0.041,0.451,0.001
cox2,RF-Scorev4/GlideSP,0.5,NEF,,0.0,0.0,0.0,40,1240,7,0,0.0,0.0,0.497,0.0,-0.014,-0.01,0.386,0.0
cox2,RF-Scorev4/GlideSP,1.0,NEF,,0.0,0.0,0.0,40,1240,13,0,0.0,0.0,0.495,0.0,-0.019,-0.016,0.386,0.0
cox2,RF-Scorev4/GlideSP,5.0,NEF,,0.0,0.0,0.0,40,1240,62,0,0.0,0.0,0.474,0.0,-0.042,-0.041,0.386,0.0
ctsk,RF-Scorev4/GlideSP,0.5,NEF,,8.821,28.571,8.857,40,1240,7,2,0.923,12.0,0.523,28.571,0.108,0.076,0.615,0.173
ctsk,RF-Scorev4/GlideSP,1.0,NEF,,4.75,15.385,4.769,40,1240,13,2,0.845,5.455,0.52,15.385,0.071,0.061,0.615,0.173
ctsk,RF-Scorev4/GlideSP,5.0,NEF,,2.988,9.677,3.0,40,1240,62,6,0.763,3.214,0.552,15.0,0.084,0.082,0.615,0.173
cyp2a6,RF-Scorev4/GlideSP,0.5,NEF,,0.0,0.0,0.0,40,1240,7,0,0.0,0.0,0.497,0.0,-0.014,-0.01,0.285,0.0
cyp2a6,RF-Scorev4/GlideSP,1.0,NEF,,0.0,0.0,0.0,40,1240,13,0,0.0,0.0,0.495,0.0,-0.019,-0.016,0.285,0.0
cyp2a6,RF-Scorev4/GlideSP,5.0,NEF,,0.0,0.0,0.0,40,1240,62,0,0.0,0.0,0.474,0.0,-0.042,-0.041,0.285,0.0
dhfr,RF-Scorev4/GlideSP,0.5,NEF,,0.0,0.0,0.0,40,1240,7,0,0.0,0.0,0.497,0.0,-0.014,-0.01,0.619,0.025
dhfr,RF-Scorev4/GlideSP,1.0,NEF,,0.0,0.0,0.0,40,1240,13,0,0.0,0.0,0.495,0.0,-0.019,-0.016,0.619,0.025
dhfr,RF-Scorev4/GlideSP,5.0,NEF,,1.481,4.839,1.5,40,1240,62,3,0.604,1.525,0.513,7.5,0.021,0.02,0.619,0.025
egfr,RF-Scorev4/GlideSP,0.5,NEF,,0.0,0.0,0.0,40,1240,7,0,0.0,0.0,0.497,0.0,-0.014,-0.01,0.606,0.116
egfr,RF-Scorev4/GlideSP,1.0,NEF,,0.0,0.0,0.0,40,1240,13,0,0.0,0.0,0.495,0.0,-0.019,-0.016,0.606,0.116
egfr,RF-Scorev4/GlideSP,5.0,NEF,,4.559,14.516,4.5,40,1240,62,9,0.836,5.094,0.59,22.5,0.147,0.143,0.606,0.116
ephb4,RF-Scorev4/GlideSP,0.5,NEF,,8.671,28.571,8.857,40,1240,7,2,0.923,12.0,0.523,28.571,0.108,0.076,0.751,0.222
ephb4,RF-Scorev4/GlideSP,1.0,NEF,,7.0,23.077,7.154,40,1240,13,3,0.9,9.0,0.533,23.077,0.116,0.099,0.751,0.222
ephb4,RF-Scorev4/GlideSP,5.0,NEF,,5.473,17.742,5.5,40,1240,62,11,0.866,6.471,0.616,27.5,0.188,0.184,0.751,0.222
erbb2,RF-Scorev4/GlideSP,0.5,NEF,,0.0,0.0,0.0,40,1240,7,0,0.0,0.0,0.497,0.0,-0.014,-0.01,0.704,0.041
erbb2,RF-Scorev4/GlideSP,1.0,NEF,,0.0,0.0,0.0,40,1240,13,0,0.0,0.0,0.495,0.0,-0.019,-0.016,0.704,0.041
erbb2,RF-Scorev4/GlideSP,5.0,NEF,,1.973,6.452,2.0,40,1240,62,4,0.674,2.069,0.526,10.0,0.042,0.041,0.704,0.041
er-beta,RF-Scorev4/GlideSP,0.5,NEF,,0.0,0.0,0.0,40,1240,7,0,0.0,0.0,0.497,0.0,-0.014,-0.01,0.528,0.013
er-beta,RF-Scorev4/GlideSP,1.0,NEF,,0.0,0.0,0.0,40,1240,13,0,0.0,0.0,0.495,0.0,-0.019,-0.016,0.528,0.013
er-beta,RF-Scorev4/GlideSP,5.0,NEF,,1.361,4.839,1.5,40,1240,62,3,0.604,1.525,0.513,7.5,0.021,0.02,0.528,0.013
fgfr1,RF-Scorev4/GlideSP,0.5,NEF,,0.0,0.0,0.0,40,1240,7,0,0.0,0.0,0.497,0.0,-0.014,-0.01,0.671,0.189
fgfr1,RF-Scorev4/GlideSP,1.0,NEF,,4.91,15.385,4.769,40,1240,13,2,0.845,5.455,0.52,15.385,0.071,0.061,0.671,0.189
fgfr1,RF-Scorev4/GlideSP,5.0,NEF,,5.495,17.742,5.5,40,1240,62,11,0.866,6.471,0.616,27.5,0.188,0.184,0.671,0.189
fkbp1a,RF-Scorev4/GlideSP,0.5,NEF,,0.0,0.0,0.0,40,1240,7,0,0.0,0.0,0.497,0.0,-0.014,-0.01,0.518,0.006
fkbp1a,RF-Scorev4/GlideSP,1.0,NEF,,0.0,0.0,0.0,40,1240,13,0,0.0,0.0,0.495,0.0,-0.019,-0.016,0.518,0.006
fkbp1a,RF-Scorev4/GlideSP,5.0,NEF,,1.045,3.226,1.0,40,1240,62,2,0.5,1.0,0.5,5.0,0.0,0.0,0.518,0.006
fxa,RF-Scorev4/GlideSP,0.5,NEF,,10.197,28.571,8.857,40,1240,7,2,0.923,12.0,0.523,28.571,0.108,0.076,0.77,0.303
fxa,RF-Scorev4/GlideSP,1.0,NEF,,10.2,30.769,9.538,40,1240,13,4,0.93,13.333,0.546,30.769,0.16,0.137,0.77,0.303
fxa,RF-Scorev4/GlideSP,5.0,NEF,,5.098,16.129,5.0,40,1240,62,10,0.852,5.769,0.603,25.0,0.168,0.163,0.77,0.303
gba,RF-Scorev4/GlideSP,0.5,NEF,,0.0,0.0,0.0,40,1240,7,0,0.0,0.0,0.497,0.0,-0.014,-0.01,0.426,0.043
gba,RF-Scorev4/GlideSP,1.0,NEF,,2.38,7.692,2.385,40,1240,13,1,0.714,2.5,0.507,7.692,0.026,0.022,0.426,0.043
gba,RF-Scorev4/GlideSP,5.0,NEF,,0.996,3.226,1.0,40,1240,62,2,0.5,1.0,0.5,5.0,0.0,0.0,0.426,0.043
gr,RF-Scorev4/GlideSP,0.5,NEF,,0.0,0.0,0.0,40,1240,7,0,0.0,0.0,0.497,0.0,-0.014,-0.01,0.576,0.005
gr,RF-Scorev4/GlideSP,1.0,NEF,,0.0,0.0,0.0,40,1240,13,0,0.0,0.0,0.495,0.0,-0.019,-0.016,0.576,0.005
gr,RF-Scorev4/GlideSP,5.0,NEF,,0.493,1.613,0.5,40,1240,62,1,0.33,0.492,0.487,2.5,-0.021,-0.02,0.576,0.005
gsk3b,RF-Scorev4/GlideSP,0.5,NEF,,21.536,71.429,22.143,40,1240,7,5,0.987,75.0,0.562,71.429,0.291,0.205,0.667,0.398
gsk3b,RF-Scorev4/GlideSP,1.0,NEF,,13.92,46.154,14.308,40,1240,13,6,0.963,25.714,0.572,46.154,0.25,0.214,0.667,0.398
gsk3b,RF-Scorev4/GlideSP,5.0,NEF,,5.437,17.742,5.5,40,1240,62,11,0.866,6.471,0.616,27.5,0.188,0.184,0.667,0.398
hdac2,RF-Scorev4/GlideSP,0.5,NEF,,4.336,14.286,4.429,40,1240,7,1,0.833,5.0,0.51,14.286,0.047,0.033,0.674,0.17
hdac2,RF-Scorev4/GlideSP,1.0,NEF,,2.33,7.692,2.385,40,1240,13,1,0.714,2.5,0.507,7.692,0.026,0.022,0.674,0.17
hdac2,RF-Scorev4/GlideSP,5.0,NEF,,3.98,12.903,4.0,40,1240,62,8,0.816,4.444,0.578,20.0,0.126,0.122,0.674,0.17
hdac8,RF-Scorev4/GlideSP,0.5,NEF,,0.0,0.0,0.0,40,1240,7,0,0.0,0.0,0.497,0.0,-0.014,-0.01,0.322,0.0
hdac8,RF-Scorev4/GlideSP,1.0,NEF,,0.0,0.0,0.0,40,1240,13,0,0.0,0.0,0.495,0.0,-0.019,-0.016,0.322,0.0
hdac8,RF-Scorev4/GlideSP,5.0,NEF,,0.0,0.0,0.0,40,1240,62,0,0.0,0.0,0.474,0.0,-0.042,-0.041,0.322,0.0
hiv1pr,RF-Scorev4/GlideSP,0.5,NEF,,23.475,71.429,22.143,40,1240,7,5,0.987,75.0,0.562,71.429,0.291,0.205,0.833,0.54
hiv1pr,RF-Scorev4/GlideSP,1.0,NEF,,17.7,53.846,16.692,40,1240,13,7,0.972,35.0,0.585,53.846,0.295,0.252,0.833,0.54
hiv1pr,RF-Scorev4/GlideSP,5.0,NEF,,11.314,37.097,11.5,40,1240,62,23,0.947,17.692,0.771,57.5,0.44,0.429,0.833,0.54
hiv1rt,RF-Scorev4/GlideSP,0.5,NEF,,4.575,14.286,4.429,40,1240,7,1,0.833,5.0,0.51,14.286,0.047,0.033,0.551,0.15
hiv1rt,RF-Scorev4/GlideSP,1.0,NEF,,4.93,15.385,4.769,40,1240,13,2,0.845,5.455,0.52,15.385,0.071,0.061,0.551,0.15
hiv1rt,RF-Scorev4/GlideSP,5.0,NEF,,3.15,9.677,3.0,40,1240,62,6,0.763,3.214,0.552,15.0,0.084,0.082,0.551,0.15
hmgr,RF-Scorev4/GlideSP,0.5,NEF,,0.0,0.0,0.0,40,1240,7,0,0.0,0.0,0.497,0.0,-0.014,-0.01,0.468,0.045
hmgr,RF-Scorev4/GlideSP,1.0,NEF,,2.38,7.692,2.385,40,1240,13,1,0.714,2.5,0.507,7.692,0.026,0.022,0.468,0.045
hmgr,RF-Scorev4/GlideSP,5.0,NEF,,0.998,3.226,1.0,40,1240,62,2,0.5,1.0,0.5,5.0,0.0,0.0,0.468,0.045
hsp90,RF-Scorev4/GlideSP,0.5,NEF,,0.0,0.0,0.0,40,1240,7,0,0.0,0.0,0.497,0.0,-0.014,-0.01,0.584,0.008
hsp90,RF-Scorev4/GlideSP,1.0,NEF,,0.0,0.0,0.0,40,1240,13,0,0.0,0.0,0.495,0.0,-0.019,-0.016,0.584,0.008
hsp90,RF-Scorev4/GlideSP,5.0,NEF,,1.493,4.839,1.5,40,1240,62,3,0.604,1.525,0.513,7.5,0.021,0.02,0.584,0.008
igf1r,RF-Scorev4/GlideSP,0.5,NEF,,0.0,0.0,0.0,40,1240,7,0,0.0,0.0,0.497,0.0,-0.014,-0.01,0.733,0.018
igf1r,RF-Scorev4/GlideSP,1.0,NEF,,0.0,0.0,0.0,40,1240,13,0,0.0,0.0,0.495,0.0,-0.019,-0.016,0.733,0.018
igf1r,RF-Scorev4/GlideSP,5.0,NEF,,1.01,3.226,1.0,40,1240,62,2,0.5,1.0,0.5,5.0,0.0,0.0,0.733,0.018
inha,RF-Scorev4/GlideSP,0.5,NEF,,4.375,14.286,4.429,40,1240,7,1,0.833,5.0,0.51,14.286,0.047,0.033,0.463,0.193
inha,RF-Scorev4/GlideSP,1.0,NEF,,7.07,23.077,7.154,40,1240,13,3,0.9,9.0,0.533,23.077,0.116,0.099,0.463,0.193
inha,RF-Scorev4/GlideSP,5.0,NEF,,2.964,9.677,3.0,40,1240,62,6,0.763,3.214,0.552,15.0,0.084,0.082,0.463,0.193
itk,RF-Scorev4/GlideSP,0.5,NEF,,0.0,0.0,0.0,40,1240,7,0,0.0,0.0,0.497,0.0,-0.014,-0.01,0.631,0.064
itk,RF-Scorev4/GlideSP,1.0,NEF,,2.34,7.692,2.385,40,1240,13,1,0.714,2.5,0.507,7.692,0.026,0.022,0.631,0.064
itk,RF-Scorev4/GlideSP,5.0,NEF,,1.997,6.452,2.0,40,1240,62,4,0.674,2.069,0.526,10.0,0.042,0.041,0.631,0.064
jak3,RF-Scorev4/GlideSP,0.5,NEF,,4.988,14.286,4.429,40,1240,7,1,0.833,5.0,0.51,14.286,0.047,0.033,0.744,0.209
jak3,RF-Scorev4/GlideSP,1.0,NEF,,4.99,15.385,4.769,40,1240,13,2,0.845,5.455,0.52,15.385,0.071,0.061,0.744,0.209
jak3,RF-Scorev4/GlideSP,5.0,NEF,,4.489,14.516,4.5,40,1240,62,9,0.836,5.094,0.59,22.5,0.147,0.143,0.744,0.209
jnk1,RF-Scorev4/GlideSP,0.5,NEF,,0.0,0.0,0.0,40,1240,7,0,0.0,0.0,0.497,0.0,-0.014,-0.01,0.681,0.056
jnk1,RF-Scorev4/GlideSP,1.0,NEF,,0.0,0.0,0.0,40,1240,13,0,0.0,0.0,0.495,0.0,-0.019,-0.016,0.681,0.056
jnk1,RF-Scorev4/GlideSP,5.0,NEF,,3.15,9.677,3.0,40,1240,62,6,0.763,3.214,0.552,15.0,0.084,0.082,0.681,0.056
jnk2,RF-Scorev4/GlideSP,0.5,NEF,,0.0,0.0,0.0,40,1240,7,0,0.0,0.0,0.497,0.0,-0.014,-0.01,0.574,0.018
jnk2,RF-Scorev4/GlideSP,1.0,NEF,,0.0,0.0,0.0,40,1240,13,0,0.0,0.0,0.495,0.0,-0.019,-0.016,0.574,0.018
jnk2,RF-Scorev4/GlideSP,5.0,NEF,,1.018,3.226,1.0,40,1240,62,2,0.5,1.0,0.5,5.0,0.0,0.0,0.574,0.018
jnk3,RF-Scorev4/GlideSP,0.5,NEF,,0.0,0.0,0.0,40,1240,7,0,0.0,0.0,0.497,0.0,-0.014,-0.01,0.681,0.131
jnk3,RF-Scorev4/GlideSP,1.0,NEF,,2.38,7.692,2.385,40,1240,13,1,0.714,2.5,0.507,7.692,0.026,0.022,0.681,0.131
jnk3,RF-Scorev4/GlideSP,5.0,NEF,,3.049,9.677,3.0,40,1240,62,6,0.763,3.214,0.552,15.0,0.084,0.082,0.681,0.131
kif11,RF-Scorev4/GlideSP,0.5,NEF,,4.318,14.286,4.429,40,1240,7,1,0.833,5.0,0.51,14.286,0.047,0.033,0.727,0.128
kif11,RF-Scorev4/GlideSP,1.0,NEF,,2.33,7.692,2.385,40,1240,13,1,0.714,2.5,0.507,7.692,0.026,0.022,0.727,0.128
kif11,RF-Scorev4/GlideSP,5.0,NEF,,2.973,9.677,3.0,40,1240,62,6,0.763,3.214,0.552,15.0,0.084,0.082,0.727,0.128
lck,RF-Scorev4/GlideSP,0.5,NEF,,4.3,14.286,4.429,40,1240,7,1,0.833,5.0,0.51,14.286,0.047,0.033,0.685,0.146
lck,RF-Scorev4/GlideSP,1.0,NEF,,2.32,7.692,2.385,40,1240,13,1,0.714,2.5,0.507,7.692,0.026,0.022,0.685,0.146
lck,RF-Scorev4/GlideSP,5.0,NEF,,3.948,12.903,4.0,40,1240,62,8,0.816,4.444,0.578,20.0,0.126,0.122,0.685,0.146
mdm2,RF-Scorev4/GlideSP,0.5,NEF,,4.992,14.286,4.429,40,1240,7,1,0.833,5.0,0.51,14.286,0.047,0.033,0.371,0.068
mdm2,RF-Scorev4/GlideSP,1.0,NEF,,2.5,7.692,2.385,40,1240,13,1,0.714,2.5,0.507,7.692,0.026,0.022,0.371,0.068
mdm2,RF-Scorev4/GlideSP,5.0,NEF,,0.998,3.226,1.0,40,1240,62,2,0.5,1.0,0.5,5.0,0.0,0.0,0.371,0.068
mk2,RF-Scorev4/GlideSP,0.5,NEF,,0.0,0.0,0.0,40,1240,7,0,0.0,0.0,0.497,0.0,-0.014,-0.01,0.741,0.155
mk2,RF-Scorev4/GlideSP,1.0,NEF,,5.24,15.385,4.769,40,1240,13,2,0.845,5.455,0.52,15.385,0.071,0.061,0.741,0.155
mk2,RF-Scorev4/GlideSP,5.0,NEF,,5.332,17.742,5.5,40,1240,62,11,0.866,6.471,0.616,27.5,0.188,0.184,0.741,0.155
mmp2,RF-Scorev4/GlideSP,0.5,NEF,,0.0,0.0,0.0,40,1240,7,0,0.0,0.0,0.497,0.0,-0.014,-0.01,0.528,0.006
mmp2,RF-Scorev4/GlideSP,1.0,NEF,,0.0,0.0,0.0,40,1240,13,0,0.0,0.0,0.495,0.0,-0.019,-0.016,0.528,0.006
mmp2,RF-Scorev4/GlideSP,5.0,NEF,,0.495,1.613,0.5,40,1240,62,1,0.33,0.492,0.487,2.5,-0.021,-0.02,0.528,0.006
na,RF-Scorev4/GlideSP,0.5,NEF,,8.85,28.571,8.857,40,1240,7,2,0.923,12.0,0.523,28.571,0.108,0.076,0.803,0.324
na,RF-Scorev4/GlideSP,1.0,NEF,,14.3,46.154,14.308,40,1240,13,6,0.963,25.714,0.572,46.154,0.25,0.214,0.803,0.324
na,RF-Scorev4/GlideSP,5.0,NEF,,5.496,17.742,5.5,40,1240,62,11,0.866,6.471,0.616,27.5,0.188,0.184,0.803,0.324
p38-alpha,RF-Scorev4/GlideSP,0.5,NEF,,8.729,28.571,8.857,40,1240,7,2,0.923,12.0,0.523,28.571,0.108,0.076,0.673,0.138
p38-alpha,RF-Scorev4/GlideSP,1.0,NEF,,4.7,15.385,4.769,40,1240,13,2,0.845,5.455,0.52,15.385,0.071,0.061,0.673,0.138
p38-alpha,RF-Scorev4/GlideSP,5.0,NEF,,2.464,8.065,2.5,40,1240,62,5,0.725,2.632,0.539,12.5,0.063,0.061,0.673,0.138
parp-1,RF-Scorev4/GlideSP,0.5,NEF,,4.307,14.286,4.429,40,1240,7,1,0.833,5.0,0.51,14.286,0.047,0.033,0.669,0.162
parp-1,RF-Scorev4/GlideSP,1.0,NEF,,6.96,23.077,7.154,40,1240,13,3,0.9,9.0,0.533,23.077,0.116,0.099,0.669,0.162
parp-1,RF-Scorev4/GlideSP,5.0,NEF,,2.471,8.065,2.5,40,1240,62,5,0.725,2.632,0.539,12.5,0.063,0.061,0.669,0.162
pde4b,RF-Scorev4/GlideSP,0.5,NEF,,0.0,0.0,0.0,40,1240,7,0,0.0,0.0,0.497,0.0,-0.014,-0.01,0.56,0.009
pde4b,RF-Scorev4/GlideSP,1.0,NEF,,0.0,0.0,0.0,40,1240,13,0,0.0,0.0,0.495,0.0,-0.019,-0.016,0.56,0.009
pde4b,RF-Scorev4/GlideSP,5.0,NEF,,0.994,3.226,1.0,40,1240,62,2,0.5,1.0,0.5,5.0,0.0,0.0,0.56,0.009
pde5,RF-Scorev4/GlideSP,0.5,NEF,,0.0,0.0,0.0,40,1240,7,0,0.0,0.0,0.497,0.0,-0.014,-0.01,0.646,0.069
pde5,RF-Scorev4/GlideSP,1.0,NEF,,2.48,7.692,2.385,40,1240,13,1,0.714,2.5,0.507,7.692,0.026,0.022,0.646,0.069
pde5,RF-Scorev4/GlideSP,5.0,NEF,,2.081,6.452,2.0,40,1240,62,4,0.674,2.069,0.526,10.0,0.042,0.041,0.646,0.069
pdk1,RF-Scorev4/GlideSP,0.5,NEF,,9.068,28.571,8.857,40,1240,7,2,0.923,12.0,0.523,28.571,0.108,0.076,0.635,0.192
pdk1,RF-Scorev4/GlideSP,1.0,NEF,,7.32,23.077,7.154,40,1240,13,3,0.9,9.0,0.533,23.077,0.116,0.099,0.635,0.192
pdk1,RF-Scorev4/GlideSP,5.0,NEF,,2.081,6.452,2.0,40,1240,62,4,0.674,2.069,0.526,10.0,0.042,0.041,0.635,0.192
pi3kg,RF-Scorev4/GlideSP,0.5,NEF,,0.0,0.0,0.0,40,1240,7,0,0.0,0.0,0.497,0.0,-0.014,-0.01,0.707,0.073
pi3kg,RF-Scorev4/GlideSP,1.0,NEF,,2.39,7.692,2.385,40,1240,13,1,0.714,2.5,0.507,7.692,0.026,0.022,0.707,0.073
pi3kg,RF-Scorev4/GlideSP,5.0,NEF,,3.052,9.677,3.0,40,1240,62,6,0.763,3.214,0.552,15.0,0.084,0.082,0.707,0.073
pim-1,RF-Scorev4/GlideSP,0.5,NEF,,0.0,0.0,0.0,40,1240,7,0,0.0,0.0,0.497,0.0,-0.014,-0.01,0.624,0.094
pim-1,RF-Scorev4/GlideSP,1.0,NEF,,2.33,7.692,2.385,40,1240,13,1,0.714,2.5,0.507,7.692,0.026,0.022,0.624,0.094
pim-1,RF-Scorev4/GlideSP,5.0,NEF,,4.459,14.516,4.5,40,1240,62,9,0.836,5.094,0.59,22.5,0.147,0.143,0.624,0.094
pim-2,RF-Scorev4/GlideSP,0.5,NEF,,0.0,0.0,0.0,40,1240,7,0,0.0,0.0,0.497,0.0,-0.014,-0.01,0.634,0.085
pim-2,RF-Scorev4/GlideSP,1.0,NEF,,2.38,7.692,2.385,40,1240,13,1,0.714,2.5,0.507,7.692,0.026,0.022,0.634,0.085
pim-2,RF-Scorev4/GlideSP,5.0,NEF,,1.523,4.839,1.5,40,1240,62,3,0.604,1.525,0.513,7.5,0.021,0.02,0.634,0.085
pnp,RF-Scorev4/GlideSP,0.5,NEF,,8.807,28.571,8.857,40,1240,7,2,0.923,12.0,0.523,28.571,0.108,0.076,0.502,0.191
pnp,RF-Scorev4/GlideSP,1.0,NEF,,4.74,15.385,4.769,40,1240,13,2,0.845,5.455,0.52,15.385,0.071,0.061,0.502,0.191
pnp,RF-Scorev4/GlideSP,5.0,NEF,,2.983,9.677,3.0,40,1240,62,6,0.763,3.214,0.552,15.0,0.084,0.082,0.502,0.191
ppara,RF-Scorev4/GlideSP,0.5,NEF,,0.0,0.0,0.0,40,1240,7,0,0.0,0.0,0.497,0.0,-0.014,-0.01,0.611,0.023
ppara,RF-Scorev4/GlideSP,1.0,NEF,,0.0,0.0,0.0,40,1240,13,0,0.0,0.0,0.495,0.0,-0.019,-0.016,0.611,0.023
ppara,RF-Scorev4/GlideSP,5.0,NEF,,2.627,8.065,2.5,40,1240,62,5,0.725,2.632,0.539,12.5,0.063,0.061,0.611,0.023
pparg,RF-Scorev4/GlideSP,0.5,NEF,,0.0,0.0,0.0,40,1240,7,0,0.0,0.0,0.497,0.0,-0.014,-0.01,0.641,0.083
pparg,RF-Scorev4/GlideSP,1.0,NEF,,2.38,7.692,2.385,40,1240,13,1,0.714,2.5,0.507,7.692,0.026,0.022,0.641,0.083
pparg,RF-Scorev4/GlideSP,5.0,NEF,,3.0,9.677,3.0,40,1240,62,6,0.763,3.214,0.552,15.0,0.084,0.082,0.641,0.083
pr,RF-Scorev4/GlideSP,0.5,NEF,,4.9,14.286,4.429,40,1240,7,1,0.833,5.0,0.51,14.286,0.047,0.033,0.577,0.102
pr,RF-Scorev4/GlideSP,1.0,NEF,,2.67,7.692,2.385,40,1240,13,1,0.714,2.5,0.507,7.692,0.026,0.022,0.577,0.102
pr,RF-Scorev4/GlideSP,5.0,NEF,,1.696,4.839,1.5,40,1240,62,3,0.604,1.525,0.513,7.5,0.021,0.02,0.577,0.102
prkcq,RF-Scorev4/GlideSP,0.5,NEF,,0.0,0.0,0.0,40,1240,7,0,0.0,0.0,0.497,0.0,-0.014,-0.01,0.753,0.134
prkcq,RF-Scorev4/GlideSP,1.0,NEF,,0.0,0.0,0.0,40,1240,13,0,0.0,0.0,0.495,0.0,-0.019,-0.016,0.753,0.134
prkcq,RF-Scorev4/GlideSP,5.0,NEF,,4.737,14.516,4.5,40,1240,62,9,0.836,5.094,0.59,22.5,0.147,0.143,0.753,0.134
pygl-in,RF-Scorev4/GlideSP,0.5,NEF,,0.0,0.0,0.0,40,1240,7,0,0.0,0.0,0.497,0.0,-0.014,-0.01,0.668,0.078
pygl-in,RF-Scorev4/GlideSP,1.0,NEF,,4.74,15.385,4.769,40,1240,13,2,0.845,5.455,0.52,15.385,0.071,0.061,0.668,0.078
pygl-in,RF-Scorev4/GlideSP,5.0,NEF,,1.987,6.452,2.0,40,1240,62,4,0.674,2.069,0.526,10.0,0.042,0.041,0.668,0.078
pygl-out,RF-Scorev4/GlideSP,0.5,NEF,,13.243,42.857,13.286,40,1240,7,3,0.957,22.5,0.536,42.857,0.169,0.119,0.588,0.304
pygl-out,RF-Scorev4/GlideSP,1.0,NEF,,7.13,23.077,7.154,40,1240,13,3,0.9,9.0,0.533,23.077,0.116,0.099,0.588,0.304
pygl-out,RF-Scorev4/GlideSP,5.0,NEF,,4.984,16.129,5.0,40,1240,62,10,0.852,5.769,0.603,25.0,0.168,0.163,0.588,0.304
qpct,RF-Scorev4/GlideSP,0.5,NEF,,0.0,0.0,0.0,40,1240,7,0,0.0,0.0,0.497,0.0,-0.014,-0.01,0.5,0.0
qpct,RF-Scorev4/GlideSP,1.0,NEF,,0.0,0.0,0.0,40,1240,13,0,0.0,0.0,0.495,0.0,-0.019,-0.016,0.5,0.0
qpct,RF-Scorev4/GlideSP,5.0,NEF,,0.0,0.0,0.0,40,1240,62,0,0.0,0.0,0.474,0.0,-0.042,-0.041,0.5,0.0
rock-1,RF-Scorev4/GlideSP,0.5,NEF,,0.0,0.0,0.0,40,1240,7,0,0.0,0.0,0.497,0.0,-0.014,-0.01,0.603,0.119
rock-1,RF-Scorev4/GlideSP,1.0,NEF,,2.32,7.692,2.385,40,1240,13,1,0.714,2.5,0.507,7.692,0.026,0.022,0.603,0.119
rock-1,RF-Scorev4/GlideSP,5.0,NEF,,2.473,8.065,2.5,40,1240,62,5,0.725,2.632,0.539,12.5,0.063,0.061,0.603,0.119
rxr,RF-Scorev4/GlideSP,0.5,NEF,,5.184,14.286,4.429,40,1240,7,1,0.833,5.0,0.51,14.286,0.047,0.033,0.616,0.235
rxr,RF-Scorev4/GlideSP,1.0,NEF,,7.78,23.077,7.154,40,1240,13,3,0.9,9.0,0.533,23.077,0.116,0.099,0.616,0.235
rxr,RF-Scorev4/GlideSP,5.0,NEF,,3.24,9.677,3.0,40,1240,62,6,0.763,3.214,0.552,15.0,0.084,0.082,0.616,0.235
sars-hcov,RF-Scorev4/GlideSP,0.5,NEF,,8.806,28.571,8.857,39,1209,7,2,0.923,12.0,0.524,28.571,0.109,0.078,0.516,0.17
sars-hcov,RF-Scorev4/GlideSP,1.0,NEF,,4.74,15.385,4.769,39,1209,13,2,0.845,5.455,0.521,15.385,0.072,0.062,0.516,0.17
sars-hcov,RF-Scorev4/GlideSP,5.0,NEF,,2.526,8.197,2.541,39,1209,61,5,0.728,2.679,0.54,12.821,0.065,0.063,0.516,0.17
sirt2,RF-Scorev4/GlideSP,0.5,NEF,,4.361,14.286,4.429,40,1240,7,1,0.833,5.0,0.51,14.286,0.047,0.033,0.466,0.12
sirt2,RF-Scorev4/GlideSP,1.0,NEF,,2.35,7.692,2.385,40,1240,13,1,0.714,2.5,0.507,7.692,0.026,0.022,0.466,0.12
sirt2,RF-Scorev4/GlideSP,5.0,NEF,,2.462,8.065,2.5,40,1240,62,5,0.725,2.632,0.539,12.5,0.063,0.061,0.466,0.12
src,RF-Scorev4/GlideSP,0.5,NEF,,8.872,28.571,8.857,40,1240,7,2,0.923,12.0,0.523,28.571,0.108,0.076,0.58,0.198
src,RF-Scorev4/GlideSP,1.0,NEF,,4.78,15.385,4.769,40,1240,13,2,0.845,5.455,0.52,15.385,0.071,0.061,0.58,0.198
src,RF-Scorev4/GlideSP,5.0,NEF,,3.563,11.29,3.5,40,1240,62,7,0.792,3.818,0.565,17.5,0.105,0.102,0.58,0.198
thrombin,RF-Scorev4/GlideSP,0.5,NEF,,4.553,14.286,4.429,40,1240,7,1,0.833,5.0,0.51,14.286,0.047,0.033,0.727,0.173
thrombin,RF-Scorev4/GlideSP,1.0,NEF,,2.45,7.692,2.385,40,1240,13,1,0.714,2.5,0.507,7.692,0.026,0.022,0.727,0.173
thrombin,RF-Scorev4/GlideSP,5.0,NEF,,5.224,16.129,5.0,40,1240,62,10,0.852,5.769,0.603,25.0,0.168,0.163,0.727,0.173
tie2,RF-Scorev4/GlideSP,0.5,NEF,,0.0,0.0,0.0,40,1240,7,0,0.0,0.0,0.497,0.0,-0.014,-0.01,0.641,0.106
tie2,RF-Scorev4/GlideSP,1.0,NEF,,5.0,15.385,4.769,40,1240,13,2,0.845,5.455,0.52,15.385,0.071,0.061,0.641,0.106
tie2,RF-Scorev4/GlideSP,5.0,NEF,,2.998,9.677,3.0,40,1240,62,6,0.763,3.214,0.552,15.0,0.084,0.082,0.641,0.106
tk,RF-Scorev4/GlideSP,0.5,NEF,,0.0,0.0,0.0,40,1240,7,0,0.0,0.0,0.497,0.0,-0.014,-0.01,0.555,0.005
tk,RF-Scorev4/GlideSP,1.0,NEF,,0.0,0.0,0.0,40,1240,13,0,0.0,0.0,0.495,0.0,-0.019,-0.016,0.555,0.005
tk,RF-Scorev4/GlideSP,5.0,NEF,,0.51,1.613,0.5,40,1240,62,1,0.33,0.492,0.487,2.5,-0.021,-0.02,0.555,0.005
tp,RF-Scorev4/GlideSP,0.5,NEF,,0.0,0.0,0.0,40,1240,7,0,0.0,0.0,0.497,0.0,-0.014,-0.01,0.326,0.0
tp,RF-Scorev4/GlideSP,1.0,NEF,,0.0,0.0,0.0,40,1240,13,0,0.0,0.0,0.495,0.0,-0.019,-0.016,0.326,0.0
tp,RF-Scorev4/GlideSP,5.0,NEF,,0.0,0.0,0.0,40,1240,62,0,0.0,0.0,0.474,0.0,-0.042,-0.041,0.326,0.0
tpa,RF-Scorev4/GlideSP,0.5,NEF,,5.092,14.286,4.429,40,1240,7,1,0.833,5.0,0.51,14.286,0.047,0.033,0.607,0.118
tpa,RF-Scorev4/GlideSP,1.0,NEF,,5.09,15.385,4.769,40,1240,13,2,0.845,5.455,0.52,15.385,0.071,0.061,0.607,0.118
tpa,RF-Scorev4/GlideSP,5.0,NEF,,1.554,4.839,1.5,40,1240,62,3,0.604,1.525,0.513,7.5,0.021,0.02,0.607,0.118
ts,RF-Scorev4/GlideSP,0.5,NEF,,0.0,0.0,0.0,40,1239,7,0,0.0,0.0,0.497,0.0,-0.014,-0.01,0.532,0.0
ts,RF-Scorev4/GlideSP,1.0,NEF,,0.0,0.0,0.0,40,1239,13,0,0.0,0.0,0.495,0.0,-0.019,-0.016,0.532,0.0
ts,RF-Scorev4/GlideSP,5.0,NEF,,0.0,0.0,0.0,40,1239,62,0,0.0,0.0,0.474,0.0,-0.042,-0.041,0.532,0.0
upa,RF-Scorev4/GlideSP,0.5,NEF,,0.0,0.0,0.0,40,1240,7,0,0.0,0.0,0.497,0.0,-0.014,-0.01,0.513,0.05
upa,RF-Scorev4/GlideSP,1.0,NEF,,0.0,0.0,0.0,40,1240,13,0,0.0,0.0,0.495,0.0,-0.019,-0.016,0.513,0.05
upa,RF-Scorev4/GlideSP,5.0,NEF,,1.993,6.452,2.0,40,1240,62,4,0.674,2.069,0.526,10.0,0.042,0.041,0.513,0.05
vegfr1,RF-Scorev4/GlideSP,0.5,NEF,,0.0,0.0,0.0,40,1240,7,0,0.0,0.0,0.497,0.0,-0.014,-0.01,0.567,0.005
vegfr1,RF-Scorev4/GlideSP,1.0,NEF,,0.0,0.0,0.0,40,1240,13,0,0.0,0.0,0.495,0.0,-0.019,-0.016,0.567,0.005
vegfr1,RF-Scorev4/GlideSP,5.0,NEF,,0.525,1.613,0.5,40,1240,62,1,0.33,0.492,0.487,2.5,-0.021,-0.02,0.567,0.005
vegfr2,RF-Scorev4/GlideSP,0.5,NEF,,8.938,28.571,8.857,40,1240,7,2,0.923,12.0,0.523,28.571,0.108,0.076,0.564,0.161
vegfr2,RF-Scorev4/GlideSP,1.0,NEF,,4.81,15.385,4.769,40,1240,13,2,0.845,5.455,0.52,15.385,0.071,0.061,0.564,0.161
vegfr2,RF-Scorev4/GlideSP,5.0,NEF,,3.077,9.677,3.0,40,1240,62,6,0.763,3.214,0.552,15.0,0.084,0.082,0.564,0.161
11betahsd1,RF-Score-VS/GlideSP,0.5,NEF,,15.09,42.857,13.286,40,1240,7,3,0.957,22.5,0.536,42.857,0.169,0.119,0.694,0.302
11betahsd1,RF-Score-VS/GlideSP,1.0,NEF,,12.57,38.462,11.923,40,1240,13,5,0.949,18.75,0.559,38.462,0.205,0.176,0.694,0.302
11betahsd1,RF-Score-VS/GlideSP,5.0,NEF,,4.092,12.903,4.0,40,1240,62,8,0.816,4.444,0.578,20.0,0.126,0.122,0.694,0.302
17betahsd1,RF-Score-VS/GlideSP,0.5,NEF,,8.764,28.571,8.857,40,1240,7,2,0.923,12.0,0.523,28.571,0.108,0.076,0.731,0.133
17betahsd1,RF-Score-VS/GlideSP,1.0,NEF,,4.72,15.385,4.769,40,1240,13,2,0.845,5.455,0.52,15.385,0.071,0.061,0.731,0.133
17betahsd1,RF-Score-VS/GlideSP,5.0,NEF,,2.474,8.065,2.5,40,1240,62,5,0.725,2.632,0.539,12.5,0.063,0.061,0.731,0.133
a2a,RF-Score-VS/GlideSP,0.5,NEF,,17.543,57.143,17.714,40,1240,7,4,0.976,40.0,0.549,57.143,0.23,0.162,0.798,0.374
a2a,RF-Score-VS/GlideSP,1.0,NEF,,11.81,38.462,11.923,40,1240,13,5,0.949,18.75,0.559,38.462,0.205,0.176,0.798,0.374
a2a,RF-Score-VS/GlideSP,5.0,NEF,,6.932,22.581,7.0,40,1240,62,14,0.897,8.75,0.655,35.0,0.251,0.245,0.798,0.374
ace,RF-Score-VS/GlideSP,0.5,NEF,,4.411,14.286,4.429,40,1240,7,1,0.833,5.0,0.51,14.286,0.047,0.033,0.872,0.156
ace,RF-Score-VS/GlideSP,1.0,NEF,,2.38,7.692,2.385,40,1240,13,1,0.714,2.5,0.507,7.692,0.026,0.022,0.872,0.156
ace,RF-Score-VS/GlideSP,5.0,NEF,,4.98,16.129,5.0,40,1240,62,10,0.852,5.769,0.603,25.0,0.168,0.163,0.872,0.156
ace2,RF-Score-VS/GlideSP,0.5,NEF,,0.0,0.0,0.0,40,1240,7,0,0.0,0.0,0.497,0.0,-0.014,-0.01,0.806,0.043
ace2,RF-Score-VS/GlideSP,1.0,NEF,,0.0,0.0,0.0,40,1240,13,0,0.0,0.0,0.495,0.0,-0.019,-0.016,0.806,0.043
ace2,RF-Score-VS/GlideSP,5.0,NEF,,2.998,9.677,3.0,40,1240,62,6,0.763,3.214,0.552,15.0,0.084,0.082,0.806,0.043
ache,RF-Score-VS/GlideSP,0.5,NEF,,21.804,71.429,22.143,40,1240,7,5,0.987,75.0,0.562,71.429,0.291,0.205,0.708,0.51
ache,RF-Score-VS/GlideSP,1.0,NEF,,18.78,61.538,19.077,40,1240,13,8,0.98,48.0,0.598,61.538,0.34,0.291,0.708,0.51
ache,RF-Score-VS/GlideSP,5.0,NEF,,6.4,20.968,6.5,40,1240,62,13,0.888,7.959,0.642,32.5,0.23,0.224,0.708,0.51
adam17,RF-Score-VS/GlideSP,0.5,NEF,,13.179,42.857,13.286,40,1240,7,3,0.957,22.5,0.536,42.857,0.169,0.119,0.799,0.48
adam17,RF-Score-VS/GlideSP,1.0,NEF,,16.56,53.846,16.692,40,1240,13,7,0.972,35.0,0.585,53.846,0.295,0.252,0.799,0.48
adam17,RF-Score-VS/GlideSP,5.0,NEF,,8.431,27.419,8.5,40,1240,62,17,0.919,11.333,0.694,42.5,0.314,0.306,0.799,0.48
adrb2,RF-Score-VS/GlideSP,0.5,NEF,,4.796,14.286,4.429,40,1240,7,1,0.833,5.0,0.51,14.286,0.047,0.033,0.782,0.197
adrb2,RF-Score-VS/GlideSP,1.0,NEF,,4.8,15.385,4.769,40,1240,13,2,0.845,5.455,0.52,15.385,0.071,0.061,0.782,0.197
adrb2,RF-Score-VS/GlideSP,5.0,NEF,,5.457,17.742,5.5,40,1240,62,11,0.866,6.471,0.616,27.5,0.188,0.184,0.782,0.197
akt1,RF-Score-VS/GlideSP,0.5,NEF,,15.154,42.857,13.286,40,1240,7,3,0.957,22.5,0.536,42.857,0.169,0.119,0.894,0.43
akt1,RF-Score-VS/GlideSP,1.0,NEF,,12.63,38.462,11.923,40,1240,13,5,0.949,18.75,0.559,38.462,0.205,0.176,0.894,0.43
akt1,RF-Score-VS/GlideSP,5.0,NEF,,7.577,24.194,7.5,40,1240,62,15,0.905,9.574,0.668,37.5,0.272,0.265,0.894,0.43
alr2,RF-Score-VS/GlideSP,0.5,NEF,,4.379,14.286,4.429,40,1240,7,1,0.833,5.0,0.51,14.286,0.047,0.033,0.62,0.061
alr2,RF-Score-VS/GlideSP,1.0,NEF,,2.36,7.692,2.385,40,1240,13,1,0.714,2.5,0.507,7.692,0.026,0.022,0.62,0.061
alr2,RF-Score-VS/GlideSP,5.0,NEF,,0.494,1.613,0.5,40,1240,62,1,0.33,0.492,0.487,2.5,-0.021,-0.02,0.62,0.061
ar,RF-Score-VS/GlideSP,0.5,NEF,,11.286,42.857,13.286,40,1240,7,3,0.957,22.5,0.536,42.857,0.169,0.119,0.942,0.524
ar,RF-Score-VS/GlideSP,1.0,NEF,,6.45,23.077,7.154,40,1240,13,3,0.9,9.0,0.533,23.077,0.116,0.099,0.942,0.524
ar,RF-Score-VS/GlideSP,5.0,NEF,,10.58,33.871,10.5,40,1240,62,21,0.939,15.366,0.745,52.5,0.398,0.388,0.942,0.524
aurka,RF-Score-VS/GlideSP,0.5,NEF,,13.297,42.857,13.286,40,1240,7,3,0.957,22.5,0.536,42.857,0.169,0.119,0.759,0.38
aurka,RF-Score-VS/GlideSP,1.0,NEF,,14.32,46.154,14.308,40,1240,13,6,0.963,25.714,0.572,46.154,0.25,0.214,0.759,0.38
aurka,RF-Score-VS/GlideSP,5.0,NEF,,6.612,20.968,6.5,40,1240,62,13,0.888,7.959,0.642,32.5,0.23,0.224,0.759,0.38
aurkb,RF-Score-VS/GlideSP,0.5,NEF,,17.357,57.143,17.714,40,1240,7,4,0.976,40.0,0.549,57.143,0.23,0.162,0.713,0.352
aurkb,RF-Score-VS/GlideSP,1.0,NEF,,11.68,38.462,11.923,40,1240,13,5,0.949,18.75,0.559,38.462,0.205,0.176,0.713,0.352
aurkb,RF-Score-VS/GlideSP,5.0,NEF,,4.98,16.129,5.0,40,1240,62,10,0.852,5.769,0.603,25.0,0.168,0.163,0.713,0.352
bcl2,RF-Score-VS/GlideSP,0.5,NEF,,0.0,0.0,0.0,40,1240,7,0,0.0,0.0,0.497,0.0,-0.014,-0.01,0.569,0.028
bcl2,RF-Score-VS/GlideSP,1.0,NEF,,0.0,0.0,0.0,40,1240,13,0,0.0,0.0,0.495,0.0,-0.019,-0.016,0.569,0.028
bcl2,RF-Score-VS/GlideSP,5.0,NEF,,0.986,3.226,1.0,40,1240,62,2,0.5,1.0,0.5,5.0,0.0,0.0,0.569,0.028
braf,RF-Score-VS/GlideSP,0.5,NEF,,13.286,42.857,13.286,40,1240,7,3,0.957,22.5,0.536,42.857,0.169,0.119,0.832,0.24
braf,RF-Score-VS/GlideSP,1.0,NEF,,7.15,23.077,7.154,40,1240,13,3,0.9,9.0,0.533,23.077,0.116,0.099,0.832,0.24
braf,RF-Score-VS/GlideSP,5.0,NEF,,5.082,16.129,5.0,40,1240,62,10,0.852,5.769,0.603,25.0,0.168,0.163,0.832,0.24
catl,RF-Score-VS/GlideSP,0.5,NEF,,4.404,14.286,4.429,40,1240,7,1,0.833,5.0,0.51,14.286,0.047,0.033,0.649,0.133
catl,RF-Score-VS/GlideSP,1.0,NEF,,4.74,15.385,4.769,40,1240,13,2,0.845,5.455,0.52,15.385,0.071,0.061,0.649,0.133
catl,RF-Score-VS/GlideSP,5.0,NEF,,2.983,9.677,3.0,40,1240,62,6,0.763,3.214,0.552,15.0,0.084,0.082,0.649,0.133
cdk2,RF-Score-VS/GlideSP,0.5,NEF,,0.0,0.0,0.0,40,1240,7,0,0.0,0.0,0.497,0.0,-0.014,-0.01,0.731,0.24
cdk2,RF-Score-VS/GlideSP,1.0,NEF,,12.46,38.462,11.923,40,1240,13,5,0.949,18.75,0.559,38.462,0.205,0.176,0.731,0.24
cdk2,RF-Score-VS/GlideSP,5.0,NEF,,4.485,14.516,4.5,40,1240,62,9,0.836,5.094,0.59,22.5,0.147,0.143,0.731,0.24
cox1,RF-Score-VS/GlideSP,0.5,NEF,,23.932,71.429,22.143,40,1240,7,5,0.987,75.0,0.562,71.429,0.291,0.205,0.813,0.559
cox1,RF-Score-VS/GlideSP,1.0,NEF,,19.15,61.538,19.077,40,1240,13,8,0.98,48.0,0.598,61.538,0.34,0.291,0.813,0.559
cox1,RF-Score-VS/GlideSP,5.0,NEF,,7.179,22.581,7.0,40,1240,62,14,0.897,8.75,0.655,35.0,0.251,0.245,0.813,0.559
cox2,RF-Score-VS/GlideSP,0.5,NEF,,23.108,71.429,22.143,40,1240,7,5,0.987,75.0,0.562,71.429,0.291,0.205,0.979,1.058
cox2,RF-Score-VS/GlideSP,1.0,NEF,,23.11,76.923,23.846,40,1240,13,10,0.99,100.0,0.624,76.923,0.429,0.367,0.979,1.058
cox2,RF-Score-VS/GlideSP,5.0,NEF,,16.659,53.226,16.5,40,1240,62,33,0.972,34.138,0.9,82.5,0.649,0.633,0.979,1.058
ctsk,RF-Score-VS/GlideSP,0.5,NEF,,8.821,28.571,8.857,40,1240,7,2,0.923,12.0,0.523,28.571,0.108,0.076,0.655,0.15
ctsk,RF-Score-VS/GlideSP,1.0,NEF,,4.75,15.385,4.769,40,1240,13,2,0.845,5.455,0.52,15.385,0.071,0.061,0.655,0.15
ctsk,RF-Score-VS/GlideSP,5.0,NEF,,2.49,8.065,2.5,40,1240,62,5,0.725,2.632,0.539,12.5,0.063,0.061,0.655,0.15
cyp2a6,RF-Score-VS/GlideSP,0.5,NEF,,0.0,0.0,0.0,40,1240,7,0,0.0,0.0,0.497,0.0,-0.014,-0.01,0.541,0.004
cyp2a6,RF-Score-VS/GlideSP,1.0,NEF,,0.0,0.0,0.0,40,1240,13,0,0.0,0.0,0.495,0.0,-0.019,-0.016,0.541,0.004
cyp2a6,RF-Score-VS/GlideSP,5.0,NEF,,0.555,1.613,0.5,40,1240,62,1,0.33,0.492,0.487,2.5,-0.021,-0.02,0.541,0.004
dhfr,RF-Score-VS/GlideSP,0.5,NEF,,8.743,28.571,8.857,40,1240,7,2,0.923,12.0,0.523,28.571,0.108,0.076,0.701,0.205
dhfr,RF-Score-VS/GlideSP,1.0,NEF,,7.06,23.077,7.154,40,1240,13,3,0.9,9.0,0.533,23.077,0.116,0.099,0.701,0.205
dhfr,RF-Score-VS/GlideSP,5.0,NEF,,3.948,12.903,4.0,40,1240,62,8,0.816,4.444,0.578,20.0,0.126,0.122,0.701,0.205
egfr,RF-Score-VS/GlideSP,0.5,NEF,,0.0,0.0,0.0,40,1240,7,0,0.0,0.0,0.497,0.0,-0.014,-0.01,0.652,0.143
egfr,RF-Score-VS/GlideSP,1.0,NEF,,4.75,15.385,4.769,40,1240,13,2,0.845,5.455,0.52,15.385,0.071,0.061,0.652,0.143
egfr,RF-Score-VS/GlideSP,5.0,NEF,,3.546,11.29,3.5,40,1240,62,7,0.792,3.818,0.565,17.5,0.105,0.102,0.652,0.143
ephb4,RF-Score-VS/GlideSP,0.5,NEF,,17.343,57.143,17.714,40,1240,7,4,0.976,40.0,0.549,57.143,0.23,0.162,0.811,0.525
ephb4,RF-Score-VS/GlideSP,1.0,NEF,,14.01,46.154,14.308,40,1240,13,6,0.963,25.714,0.572,46.154,0.25,0.214,0.811,0.525
ephb4,RF-Score-VS/GlideSP,5.0,NEF,,8.458,27.419,8.5,40,1240,62,17,0.919,11.333,0.694,42.5,0.314,0.306,0.811,0.525
erbb2,RF-Score-VS/GlideSP,0.5,NEF,,29.6,100.0,31.0,40,1240,7,7,1.0,inf,0.588,100.0,0.413,0.291,0.897,0.693
erbb2,RF-Score-VS/GlideSP,1.0,NEF,,27.13,84.615,26.231,40,1240,13,11,0.994,165.0,0.637,84.615,0.474,0.406,0.897,0.693
erbb2,RF-Score-VS/GlideSP,5.0,NEF,,8.88,29.032,9.0,40,1240,62,18,0.925,12.273,0.707,45.0,0.335,0.327,0.897,0.693
er-beta,RF-Score-VS/GlideSP,0.5,NEF,,22.869,71.429,22.143,40,1240,7,5,0.987,75.0,0.562,71.429,0.291,0.205,0.944,0.741
er-beta,RF-Score-VS/GlideSP,1.0,NEF,,25.41,84.615,26.231,40,1240,13,11,0.994,165.0,0.637,84.615,0.474,0.406,0.944,0.741
er-beta,RF-Score-VS/GlideSP,5.0,NEF,,10.89,35.484,11.0,40,1240,62,22,0.943,16.5,0.758,55.0,0.419,0.408,0.944,0.741
fgfr1,RF-Score-VS/GlideSP,0.5,NEF,,0.0,0.0,0.0,40,1240,7,0,0.0,0.0,0.497,0.0,-0.014,-0.01,0.754,0.15
fgfr1,RF-Score-VS/GlideSP,1.0,NEF,,7.37,23.077,7.154,40,1240,13,3,0.9,9.0,0.533,23.077,0.116,0.099,0.754,0.15
fgfr1,RF-Score-VS/GlideSP,5.0,NEF,,4.496,14.516,4.5,40,1240,62,9,0.836,5.094,0.59,22.5,0.147,0.143,0.754,0.15
fkbp1a,RF-Score-VS/GlideSP,0.5,NEF,,18.511,57.143,17.714,40,1240,7,4,0.976,40.0,0.549,57.143,0.23,0.162,0.774,0.403
fkbp1a,RF-Score-VS/GlideSP,1.0,NEF,,14.95,46.154,14.308,40,1240,13,6,0.963,25.714,0.572,46.154,0.25,0.214,0.774,0.403
fkbp1a,RF-Score-VS/GlideSP,5.0,NEF,,5.747,17.742,5.5,40,1240,62,11,0.866,6.471,0.616,27.5,0.188,0.184,0.774,0.403
fxa,RF-Score-VS/GlideSP,0.5,NEF,,30.59,100.0,31.0,40,1240,7,7,1.0,inf,0.588,100.0,0.413,0.291,0.844,0.747
fxa,RF-Score-VS/GlideSP,1.0,NEF,,28.04,92.308,28.615,40,1240,13,12,0.997,360.0,0.65,92.308,0.519,0.444,0.844,0.747
fxa,RF-Score-VS/GlideSP,5.0,NEF,,10.706,33.871,10.5,40,1240,62,21,0.939,15.366,0.745,52.5,0.398,0.388,0.844,0.747
gba,RF-Score-VS/GlideSP,0.5,NEF,,4.411,14.286,4.429,40,1240,7,1,0.833,5.0,0.51,14.286,0.047,0.033,0.7,0.125
gba,RF-Score-VS/GlideSP,1.0,NEF,,4.75,15.385,4.769,40,1240,13,2,0.845,5.455,0.52,15.385,0.071,0.061,0.7,0.125
gba,RF-Score-VS/GlideSP,5.0,NEF,,2.988,9.677,3.0,40,1240,62,6,0.763,3.214,0.552,15.0,0.084,0.082,0.7,0.125
gr,RF-Score-VS/GlideSP,0.5,NEF,,13.104,42.857,13.286,40,1240,7,3,0.957,22.5,0.536,42.857,0.169,0.119,0.757,0.304
gr,RF-Score-VS/GlideSP,1.0,NEF,,11.76,38.462,11.923,40,1240,13,5,0.949,18.75,0.559,38.462,0.205,0.176,0.757,0.304
gr,RF-Score-VS/GlideSP,5.0,NEF,,4.438,14.516,4.5,40,1240,62,9,0.836,5.094,0.59,22.5,0.147,0.143,0.757,0.304
gsk3b,RF-Score-VS/GlideSP,0.5,NEF,,8.614,28.571,8.857,40,1240,7,2,0.923,12.0,0.523,28.571,0.108,0.076,0.724,0.254
gsk3b,RF-Score-VS/GlideSP,1.0,NEF,,4.64,15.385,4.769,40,1240,13,2,0.845,5.455,0.52,15.385,0.071,0.061,0.724,0.254
gsk3b,RF-Score-VS/GlideSP,5.0,NEF,,6.92,22.581,7.0,40,1240,62,14,0.897,8.75,0.655,35.0,0.251,0.245,0.724,0.254
hdac2,RF-Score-VS/GlideSP,0.5,NEF,,4.336,14.286,4.429,40,1240,7,1,0.833,5.0,0.51,14.286,0.047,0.033,0.785,0.215
hdac2,RF-Score-VS/GlideSP,1.0,NEF,,7.0,23.077,7.154,40,1240,13,3,0.9,9.0,0.533,23.077,0.116,0.099,0.785,0.215
hdac2,RF-Score-VS/GlideSP,5.0,NEF,,4.975,16.129,5.0,40,1240,62,10,0.852,5.769,0.603,25.0,0.168,0.163,0.785,0.215
hdac8,RF-Score-VS/GlideSP,0.5,NEF,,0.0,0.0,0.0,40,1240,7,0,0.0,0.0,0.497,0.0,-0.014,-0.01,0.639,0.096
hdac8,RF-Score-VS/GlideSP,1.0,NEF,,0.0,0.0,0.0,40,1240,13,0,0.0,0.0,0.495,0.0,-0.019,-0.016,0.639,0.096
hdac8,RF-Score-VS/GlideSP,5.0,NEF,,2.985,9.677,3.0,40,1240,62,6,0.763,3.214,0.552,15.0,0.084,0.082,0.639,0.096
hiv1pr,RF-Score-VS/GlideSP,0.5,NEF,,28.17,85.714,26.571,40,1240,7,6,0.994,180.0,0.575,85.714,0.352,0.248,0.903,0.69
hiv1pr,RF-Score-VS/GlideSP,1.0,NEF,,25.28,84.615,26.231,40,1240,13,11,0.994,165.0,0.637,84.615,0.474,0.406,0.903,0.69
hiv1pr,RF-Score-VS/GlideSP,5.0,NEF,,12.392,40.323,12.5,40,1240,62,25,0.953,20.27,0.797,62.5,0.482,0.469,0.903,0.69
hiv1rt,RF-Score-VS/GlideSP,0.5,NEF,,0.0,0.0,0.0,40,1240,7,0,0.0,0.0,0.497,0.0,-0.014,-0.01,0.561,0.015
hiv1rt,RF-Score-VS/GlideSP,1.0,NEF,,0.0,0.0,0.0,40,1240,13,0,0.0,0.0,0.495,0.0,-0.019,-0.016,0.561,0.015
hiv1rt,RF-Score-VS/GlideSP,5.0,NEF,,1.05,3.226,1.0,40,1240,62,2,0.5,1.0,0.5,5.0,0.0,0.0,0.561,0.015
hmgr,RF-Score-VS/GlideSP,0.5,NEF,,30.925,100.0,31.0,40,1240,7,7,1.0,inf,0.588,100.0,0.413,0.291,0.939,0.932
hmgr,RF-Score-VS/GlideSP,1.0,NEF,,28.55,92.308,28.615,40,1240,13,12,0.997,360.0,0.65,92.308,0.519,0.444,0.939,0.932
hmgr,RF-Score-VS/GlideSP,5.0,NEF,,14.465,46.774,14.5,40,1240,62,29,0.963,26.364,0.849,72.5,0.565,0.551,0.939,0.932
hsp90,RF-Score-VS/GlideSP,0.5,NEF,,8.671,28.571,8.857,40,1240,7,2,0.923,12.0,0.523,28.571,0.108,0.076,0.724,0.237
hsp90,RF-Score-VS/GlideSP,1.0,NEF,,7.0,23.077,7.154,40,1240,13,3,0.9,9.0,0.533,23.077,0.116,0.099,0.724,0.237
hsp90,RF-Score-VS/GlideSP,5.0,NEF,,3.98,12.903,4.0,40,1240,62,8,0.816,4.444,0.578,20.0,0.126,0.122,0.724,0.237
igf1r,RF-Score-VS/GlideSP,0.5,NEF,,14.897,42.857,13.286,40,1240,7,3,0.957,22.5,0.536,42.857,0.169,0.119,0.914,0.482
igf1r,RF-Score-VS/GlideSP,1.0,NEF,,9.93,30.769,9.538,40,1240,13,4,0.93,13.333,0.546,30.769,0.16,0.137,0.914,0.482
igf1r,RF-Score-VS/GlideSP,5.0,NEF,,9.595,30.645,9.5,40,1240,62,19,0.93,13.256,0.72,47.5,0.356,0.347,0.914,0.482
inha,RF-Score-VS/GlideSP,0.5,NEF,,0.0,0.0,0.0,40,1240,7,0,0.0,0.0,0.497,0.0,-0.014,-0.01,0.563,0.094
inha,RF-Score-VS/GlideSP,1.0,NEF,,2.36,7.692,2.385,40,1240,13,1,0.714,2.5,0.507,7.692,0.026,0.022,0.563,0.094
inha,RF-Score-VS/GlideSP,5.0,NEF,,3.458,11.29,3.5,40,1240,62,7,0.792,3.818,0.565,17.5,0.105,0.102,0.563,0.094
itk,RF-Score-VS/GlideSP,0.5,NEF,,4.35,14.286,4.429,40,1240,7,1,0.833,5.0,0.51,14.286,0.047,0.033,0.665,0.143
itk,RF-Score-VS/GlideSP,1.0,NEF,,4.68,15.385,4.769,40,1240,13,2,0.845,5.455,0.52,15.385,0.071,0.061,0.665,0.143
itk,RF-Score-VS/GlideSP,5.0,NEF,,2.496,8.065,2.5,40,1240,62,5,0.725,2.632,0.539,12.5,0.063,0.061,0.665,0.143
jak3,RF-Score-VS/GlideSP,0.5,NEF,,19.95,71.429,22.143,40,1240,7,5,0.987,75.0,0.562,71.429,0.291,0.205,0.788,0.465
jak3,RF-Score-VS/GlideSP,1.0,NEF,,17.46,53.846,16.692,40,1240,13,7,0.972,35.0,0.585,53.846,0.295,0.252,0.788,0.465
jak3,RF-Score-VS/GlideSP,5.0,NEF,,8.479,27.419,8.5,40,1240,62,17,0.919,11.333,0.694,42.5,0.314,0.306,0.788,0.465
jnk1,RF-Score-VS/GlideSP,0.5,NEF,,15.75,57.143,17.714,40,1240,7,4,0.976,40.0,0.549,57.143,0.23,0.162,0.78,0.44
jnk1,RF-Score-VS/GlideSP,1.0,NEF,,15.75,53.846,16.692,40,1240,13,7,0.972,35.0,0.585,53.846,0.295,0.252,0.78,0.44
jnk1,RF-Score-VS/GlideSP,5.0,NEF,,5.775,19.355,6.0,40,1240,62,12,0.878,7.2,0.629,30.0,0.209,0.204,0.78,0.44
jnk2,RF-Score-VS/GlideSP,0.5,NEF,,10.009,28.571,8.857,40,1240,7,2,0.923,12.0,0.523,28.571,0.108,0.076,0.723,0.297
jnk2,RF-Score-VS/GlideSP,1.0,NEF,,10.01,30.769,9.538,40,1240,13,4,0.93,13.333,0.546,30.769,0.16,0.137,0.723,0.297
jnk2,RF-Score-VS/GlideSP,5.0,NEF,,5.089,16.129,5.0,40,1240,62,10,0.852,5.769,0.603,25.0,0.168,0.163,0.723,0.297
jnk3,RF-Score-VS/GlideSP,0.5,NEF,,13.286,42.857,13.286,40,1240,7,3,0.957,22.5,0.536,42.857,0.169,0.119,0.784,0.364
jnk3,RF-Score-VS/GlideSP,1.0,NEF,,11.92,38.462,11.923,40,1240,13,5,0.949,18.75,0.559,38.462,0.205,0.176,0.784,0.364
jnk3,RF-Score-VS/GlideSP,5.0,NEF,,6.098,19.355,6.0,40,1240,62,12,0.878,7.2,0.629,30.0,0.209,0.204,0.784,0.364
kif11,RF-Score-VS/GlideSP,0.5,NEF,,25.907,85.714,26.571,40,1240,7,6,0.994,180.0,0.575,85.714,0.352,0.248,0.919,0.774
kif11,RF-Score-VS/GlideSP,1.0,NEF,,23.25,76.923,23.846,40,1240,13,10,0.99,100.0,0.624,76.923,0.429,0.367,0.919,0.774
kif11,RF-Score-VS/GlideSP,5.0,NEF,,12.387,40.323,12.5,40,1240,62,25,0.953,20.27,0.797,62.5,0.482,0.469,0.919,0.774
lck,RF-Score-VS/GlideSP,0.5,NEF,,17.2,57.143,17.714,40,1240,7,4,0.976,40.0,0.549,57.143,0.23,0.162,0.852,0.386
lck,RF-Score-VS/GlideSP,1.0,NEF,,11.58,38.462,11.923,40,1240,13,5,0.949,18.75,0.559,38.462,0.205,0.176,0.852,0.386
lck,RF-Score-VS/GlideSP,5.0,NEF,,5.921,19.355,6.0,40,1240,62,12,0.878,7.2,0.629,30.0,0.209,0.204,0.852,0.386
mdm2,RF-Score-VS/GlideSP,0.5,NEF,,0.0,0.0,0.0,40,1240,7,0,0.0,0.0,0.497,0.0,-0.014,-0.01,0.585,0.029
mdm2,RF-Score-VS/GlideSP,1.0,NEF,,0.0,0.0,0.0,40,1240,13,0,0.0,0.0,0.495,0.0,-0.019,-0.016,0.585,0.029
mdm2,RF-Score-VS/GlideSP,5.0,NEF,,0.998,3.226,1.0,40,1240,62,2,0.5,1.0,0.5,5.0,0.0,0.0,0.585,0.029
mk2,RF-Score-VS/GlideSP,0.5,NEF,,10.486,28.571,8.857,40,1240,7,2,0.923,12.0,0.523,28.571,0.108,0.076,0.767,0.303
mk2,RF-Score-VS/GlideSP,1.0,NEF,,13.11,38.462,11.923,40,1240,13,5,0.949,18.75,0.559,38.462,0.205,0.176,0.767,0.303
mk2,RF-Score-VS/GlideSP,5.0,NEF,,4.266,14.516,4.5,40,1240,62,9,0.836,5.094,0.59,22.5,0.147,0.143,0.767,0.303
mmp2,RF-Score-VS/GlideSP,0.5,NEF,,4.386,14.286,4.429,40,1240,7,1,0.833,5.0,0.51,14.286,0.047,0.033,0.719,0.164
mmp2,RF-Score-VS/GlideSP,1.0,NEF,,2.36,7.692,2.385,40,1240,13,1,0.714,2.5,0.507,7.692,0.026,0.022,0.719,0.164
mmp2,RF-Score-VS/GlideSP,5.0,NEF,,3.466,11.29,3.5,40,1240,62,7,0.792,3.818,0.565,17.5,0.105,0.102,0.719,0.164
na,RF-Score-VS/GlideSP,0.5,NEF,,13.275,42.857,13.286,40,1240,7,3,0.957,22.5,0.536,42.857,0.169,0.119,0.823,0.429
na,RF-Score-VS/GlideSP,1.0,NEF,,14.3,46.154,14.308,40,1240,13,6,0.963,25.714,0.572,46.154,0.25,0.214,0.823,0.429
na,RF-Score-VS/GlideSP,5.0,NEF,,8.993,29.032,9.0,40,1240,62,18,0.925,12.273,0.707,45.0,0.335,0.327,0.823,0.429
p38-alpha,RF-Score-VS/GlideSP,0.5,NEF,,13.093,42.857,13.286,40,1240,7,3,0.957,22.5,0.536,42.857,0.169,0.119,0.896,0.357
p38-alpha,RF-Score-VS/GlideSP,1.0,NEF,,9.4,30.769,9.538,40,1240,13,4,0.93,13.333,0.546,30.769,0.16,0.137,0.896,0.357
p38-alpha,RF-Score-VS/GlideSP,5.0,NEF,,7.391,24.194,7.5,40,1240,62,15,0.905,9.574,0.668,37.5,0.272,0.265,0.896,0.357
parp-1,RF-Score-VS/GlideSP,0.5,NEF,,30.15,100.0,31.0,40,1240,7,7,1.0,inf,0.588,100.0,0.413,0.291,0.818,0.628
parp-1,RF-Score-VS/GlideSP,1.0,NEF,,20.87,69.231,21.462,40,1240,13,9,0.985,67.5,0.611,69.231,0.385,0.329,0.818,0.628
parp-1,RF-Score-VS/GlideSP,5.0,NEF,,8.897,29.032,9.0,40,1240,62,18,0.925,12.273,0.707,45.0,0.335,0.327,0.818,0.628
pde4b,RF-Score-VS/GlideSP,0.5,NEF,,4.4,14.286,4.429,40,1240,7,1,0.833,5.0,0.51,14.286,0.047,0.033,0.738,0.133
pde4b,RF-Score-VS/GlideSP,1.0,NEF,,4.74,15.385,4.769,40,1240,13,2,0.845,5.455,0.52,15.385,0.071,0.061,0.738,0.133
pde4b,RF-Score-VS/GlideSP,5.0,NEF,,3.477,11.29,3.5,40,1240,62,7,0.792,3.818,0.565,17.5,0.105,0.102,0.738,0.133
pde5,RF-Score-VS/GlideSP,0.5,NEF,,0.0,0.0,0.0,40,1240,7,0,0.0,0.0,0.497,0.0,-0.014,-0.01,0.65,0.044
pde5,RF-Score-VS/GlideSP,1.0,NEF,,2.48,7.692,2.385,40,1240,13,1,0.714,2.5,0.507,7.692,0.026,0.022,0.65,0.044
pde5,RF-Score-VS/GlideSP,5.0,NEF,,1.561,4.839,1.5,40,1240,62,3,0.604,1.525,0.513,7.5,0.021,0.02,0.65,0.044
pdk1,RF-Score-VS/GlideSP,0.5,NEF,,0.0,0.0,0.0,40,1240,7,0,0.0,0.0,0.497,0.0,-0.014,-0.01,0.688,0.151
pdk1,RF-Score-VS/GlideSP,1.0,NEF,,2.44,7.692,2.385,40,1240,13,1,0.714,2.5,0.507,7.692,0.026,0.022,0.688,0.151
pdk1,RF-Score-VS/GlideSP,5.0,NEF,,4.682,14.516,4.5,40,1240,62,9,0.836,5.094,0.59,22.5,0.147,0.143,0.688,0.151
pi3kg,RF-Score-VS/GlideSP,0.5,NEF,,8.864,28.571,8.857,40,1240,7,2,0.923,12.0,0.523,28.571,0.108,0.076,0.756,0.325
pi3kg,RF-Score-VS/GlideSP,1.0,NEF,,11.93,38.462,11.923,40,1240,13,5,0.949,18.75,0.559,38.462,0.205,0.176,0.756,0.325
pi3kg,RF-Score-VS/GlideSP,5.0,NEF,,4.578,14.516,4.5,40,1240,62,9,0.836,5.094,0.59,22.5,0.147,0.143,0.756,0.325
pim-1,RF-Score-VS/GlideSP,0.5,NEF,,0.0,0.0,0.0,40,1240,7,0,0.0,0.0,0.497,0.0,-0.014,-0.01,0.541,0.007
pim-1,RF-Score-VS/GlideSP,1.0,NEF,,0.0,0.0,0.0,40,1240,13,0,0.0,0.0,0.495,0.0,-0.019,-0.016,0.541,0.007
pim-1,RF-Score-VS/GlideSP,5.0,NEF,,0.495,1.613,0.5,40,1240,62,1,0.33,0.492,0.487,2.5,-0.021,-0.02,0.541,0.007
pim-2,RF-Score-VS/GlideSP,0.5,NEF,,0.0,0.0,0.0,40,1240,7,0,0.0,0.0,0.497,0.0,-0.014,-0.01,0.469,0.001
pim-2,RF-Score-VS/GlideSP,1.0,NEF,,0.0,0.0,0.0,40,1240,13,0,0.0,0.0,0.495,0.0,-0.019,-0.016,0.469,0.001
pim-2,RF-Score-VS/GlideSP,5.0,NEF,,0.0,0.0,0.0,40,1240,62,0,0.0,0.0,0.474,0.0,-0.042,-0.041,0.469,0.001
pnp,RF-Score-VS/GlideSP,0.5,NEF,,22.018,71.429,22.143,40,1240,7,5,0.987,75.0,0.562,71.429,0.291,0.205,0.812,0.489
pnp,RF-Score-VS/GlideSP,1.0,NEF,,16.6,53.846,16.692,40,1240,13,7,0.972,35.0,0.585,53.846,0.295,0.252,0.812,0.489
pnp,RF-Score-VS/GlideSP,5.0,NEF,,7.955,25.806,8.0,40,1240,62,16,0.913,10.435,0.681,40.0,0.293,0.286,0.812,0.489
ppara,RF-Score-VS/GlideSP,0.5,NEF,,29.947,100.0,31.0,40,1240,7,7,1.0,inf,0.588,100.0,0.413,0.291,0.864,0.7
ppara,RF-Score-VS/GlideSP,1.0,NEF,,24.96,76.923,23.846,40,1240,13,10,0.99,100.0,0.624,76.923,0.429,0.367,0.864,0.7
ppara,RF-Score-VS/GlideSP,5.0,NEF,,9.457,30.645,9.5,40,1240,62,19,0.93,13.256,0.72,47.5,0.356,0.347,0.864,0.7
pparg,RF-Score-VS/GlideSP,0.5,NEF,,19.0,57.143,17.714,40,1240,7,4,0.976,40.0,0.549,57.143,0.23,0.162,0.815,0.5
pparg,RF-Score-VS/GlideSP,1.0,NEF,,14.25,46.154,14.308,40,1240,13,6,0.963,25.714,0.572,46.154,0.25,0.214,0.815,0.5
pparg,RF-Score-VS/GlideSP,5.0,NEF,,8.0,25.806,8.0,40,1240,62,16,0.913,10.435,0.681,40.0,0.293,0.286,0.815,0.5
pr,RF-Score-VS/GlideSP,0.5,NEF,,4.9,14.286,4.429,40,1240,7,1,0.833,5.0,0.51,14.286,0.047,0.033,0.833,0.296
pr,RF-Score-VS/GlideSP,1.0,NEF,,8.02,23.077,7.154,40,1240,13,3,0.9,9.0,0.533,23.077,0.116,0.099,0.833,0.296
pr,RF-Score-VS/GlideSP,5.0,NEF,,5.654,17.742,5.5,40,1240,62,11,0.866,6.471,0.616,27.5,0.188,0.184,0.833,0.296
prkcq,RF-Score-VS/GlideSP,0.5,NEF,,21.053,71.429,22.143,40,1240,7,5,0.987,75.0,0.562,71.429,0.291,0.205,0.852,0.46
prkcq,RF-Score-VS/GlideSP,1.0,NEF,,15.79,53.846,16.692,40,1240,13,7,0.972,35.0,0.585,53.846,0.295,0.252,0.852,0.46
prkcq,RF-Score-VS/GlideSP,5.0,NEF,,8.947,29.032,9.0,40,1240,62,18,0.925,12.273,0.707,45.0,0.335,0.327,0.852,0.46
pygl-in,RF-Score-VS/GlideSP,0.5,NEF,,0.0,0.0,0.0,40,1240,7,0,0.0,0.0,0.497,0.0,-0.014,-0.01,0.505,0.029
pygl-in,RF-Score-VS/GlideSP,1.0,NEF,,0.0,0.0,0.0,40,1240,13,0,0.0,0.0,0.495,0.0,-0.019,-0.016,0.505,0.029
pygl-in,RF-Score-VS/GlideSP,5.0,NEF,,0.497,1.613,0.5,40,1240,62,1,0.33,0.492,0.487,2.5,-0.021,-0.02,0.505,0.029
pygl-out,RF-Score-VS/GlideSP,0.5,NEF,,13.243,42.857,13.286,40,1240,7,3,0.957,22.5,0.536,42.857,0.169,0.119,0.778,0.235
pygl-out,RF-Score-VS/GlideSP,1.0,NEF,,9.51,30.769,9.538,40,1240,13,4,0.93,13.333,0.546,30.769,0.16,0.137,0.778,0.235
pygl-out,RF-Score-VS/GlideSP,5.0,NEF,,3.489,11.29,3.5,40,1240,62,7,0.792,3.818,0.565,17.5,0.105,0.102,0.778,0.235
qpct,RF-Score-VS/GlideSP,0.5,NEF,,0.0,0.0,0.0,40,1240,7,0,0.0,0.0,0.497,0.0,-0.014,-0.01,0.396,0.0
qpct,RF-Score-VS/GlideSP,1.0,NEF,,0.0,0.0,0.0,40,1240,13,0,0.0,0.0,0.495,0.0,-0.019,-0.016,0.396,0.0
qpct,RF-Score-VS/GlideSP,5.0,NEF,,0.0,0.0,0.0,40,1240,62,0,0.0,0.0,0.474,0.0,-0.042,-0.041,0.396,0.0
rock-1,RF-Score-VS/GlideSP,0.5,NEF,,8.621,28.571,8.857,40,1240,7,2,0.923,12.0,0.523,28.571,0.108,0.076,0.734,0.356
rock-1,RF-Score-VS/GlideSP,1.0,NEF,,9.28,30.769,9.538,40,1240,13,4,0.93,13.333,0.546,30.769,0.16,0.137,0.734,0.356
rock-1,RF-Score-VS/GlideSP,5.0,NEF,,6.431,20.968,6.5,40,1240,62,13,0.888,7.959,0.642,32.5,0.23,0.224,0.734,0.356
rxr,RF-Score-VS/GlideSP,0.5,NEF,,25.919,85.714,26.571,40,1240,7,6,0.994,180.0,0.575,85.714,0.352,0.248,0.995,1.055
rxr,RF-Score-VS/GlideSP,1.0,NEF,,25.92,84.615,26.231,40,1240,13,11,0.994,165.0,0.637,84.615,0.474,0.406,0.995,1.055
rxr,RF-Score-VS/GlideSP,5.0,NEF,,18.899,61.29,19.0,40,1240,62,38,0.979,47.5,0.965,95.0,0.754,0.735,0.995,1.055
sars-hcov,RF-Score-VS/GlideSP,0.5,NEF,,8.806,28.571,8.857,39,1209,7,2,0.923,12.0,0.524,28.571,0.109,0.078,0.519,0.194
sars-hcov,RF-Score-VS/GlideSP,1.0,NEF,,7.11,23.077,7.154,39,1209,13,3,0.9,9.0,0.534,23.077,0.117,0.101,0.519,0.194
sars-hcov,RF-Score-VS/GlideSP,5.0,NEF,,3.032,9.836,3.049,39,1209,61,6,0.766,3.273,0.553,15.385,0.086,0.084,0.519,0.194
sirt2,RF-Score-VS/GlideSP,0.5,NEF,,0.0,0.0,0.0,40,1240,7,0,0.0,0.0,0.497,0.0,-0.014,-0.01,0.481,0.012
sirt2,RF-Score-VS/GlideSP,1.0,NEF,,0.0,0.0,0.0,40,1240,13,0,0.0,0.0,0.495,0.0,-0.019,-0.016,0.481,0.012
sirt2,RF-Score-VS/GlideSP,5.0,NEF,,0.985,3.226,1.0,40,1240,62,2,0.5,1.0,0.5,5.0,0.0,0.0,0.481,0.012
src,RF-Score-VS/GlideSP,0.5,NEF,,17.744,57.143,17.714,40,1240,7,4,0.976,40.0,0.549,57.143,0.23,0.162,0.73,0.324
src,RF-Score-VS/GlideSP,1.0,NEF,,11.94,38.462,11.923,40,1240,13,5,0.949,18.75,0.559,38.462,0.205,0.176,0.73,0.324
src,RF-Score-VS/GlideSP,5.0,NEF,,6.108,19.355,6.0,40,1240,62,12,0.878,7.2,0.629,30.0,0.209,0.204,0.73,0.324
thrombin,RF-Score-VS/GlideSP,0.5,NEF,,22.763,71.429,22.143,40,1240,7,5,0.987,75.0,0.562,71.429,0.291,0.205,0.834,0.534
thrombin,RF-Score-VS/GlideSP,1.0,NEF,,17.16,53.846,16.692,40,1240,13,7,0.972,35.0,0.585,53.846,0.295,0.252,0.834,0.534
thrombin,RF-Score-VS/GlideSP,5.0,NEF,,9.926,32.258,10.0,40,1240,62,20,0.935,14.286,0.732,50.0,0.377,0.367,0.834,0.534
tie2,RF-Score-VS/GlideSP,0.5,NEF,,4.996,14.286,4.429,40,1240,7,1,0.833,5.0,0.51,14.286,0.047,0.033,0.626,0.139
tie2,RF-Score-VS/GlideSP,1.0,NEF,,2.5,7.692,2.385,40,1240,13,1,0.714,2.5,0.507,7.692,0.026,0.022,0.626,0.139
tie2,RF-Score-VS/GlideSP,5.0,NEF,,1.998,6.452,2.0,40,1240,62,4,0.674,2.069,0.526,10.0,0.042,0.041,0.626,0.139
tk,RF-Score-VS/GlideSP,0.5,NEF,,4.52,14.286,4.429,40,1240,7,1,0.833,5.0,0.51,14.286,0.047,0.033,0.751,0.263
tk,RF-Score-VS/GlideSP,1.0,NEF,,7.3,23.077,7.154,40,1240,13,3,0.9,9.0,0.533,23.077,0.116,0.099,0.751,0.263
tk,RF-Score-VS/GlideSP,5.0,NEF,,7.655,24.194,7.5,40,1240,62,15,0.905,9.574,0.668,37.5,0.272,0.265,0.751,0.263
tp,RF-Score-VS/GlideSP,0.5,NEF,,0.0,0.0,0.0,40,1240,7,0,0.0,0.0,0.497,0.0,-0.014,-0.01,0.307,0.005
tp,RF-Score-VS/GlideSP,1.0,NEF,,0.0,0.0,0.0,40,1240,13,0,0.0,0.0,0.495,0.0,-0.019,-0.016,0.307,0.005
tp,RF-Score-VS/GlideSP,5.0,NEF,,0.644,1.613,0.5,40,1240,62,1,0.33,0.492,0.487,2.5,-0.021,-0.02,0.307,0.005
tpa,RF-Score-VS/GlideSP,0.5,NEF,,5.092,14.286,4.429,40,1240,7,1,0.833,5.0,0.51,14.286,0.047,0.033,0.72,0.334
tpa,RF-Score-VS/GlideSP,1.0,NEF,,10.18,30.769,9.538,40,1240,13,4,0.93,13.333,0.546,30.769,0.16,0.137,0.72,0.334
tpa,RF-Score-VS/GlideSP,5.0,NEF,,7.25,22.581,7.0,40,1240,62,14,0.897,8.75,0.655,35.0,0.251,0.245,0.72,0.334
ts,RF-Score-VS/GlideSP,0.5,NEF,,0.0,0.0,0.0,40,1239,7,0,0.0,0.0,0.497,0.0,-0.014,-0.01,0.584,0.002
ts,RF-Score-VS/GlideSP,1.0,NEF,,0.0,0.0,0.0,40,1239,13,0,0.0,0.0,0.495,0.0,-0.019,-0.016,0.584,0.002
ts,RF-Score-VS/GlideSP,5.0,NEF,,0.5,1.613,0.5,40,1239,62,1,0.329,0.491,0.487,2.5,-0.021,-0.02,0.584,0.002
upa,RF-Score-VS/GlideSP,0.5,NEF,,9.967,28.571,8.857,40,1240,7,2,0.923,12.0,0.523,28.571,0.108,0.076,0.586,0.354
upa,RF-Score-VS/GlideSP,1.0,NEF,,9.97,30.769,9.538,40,1240,13,4,0.93,13.333,0.546,30.769,0.16,0.137,0.586,0.354
upa,RF-Score-VS/GlideSP,5.0,NEF,,5.482,17.742,5.5,40,1240,62,11,0.866,6.471,0.616,27.5,0.188,0.184,0.586,0.354
vegfr1,RF-Score-VS/GlideSP,0.5,NEF,,9.982,28.571,8.857,40,1240,7,2,0.923,12.0,0.523,28.571,0.108,0.076,0.768,0.404
vegfr1,RF-Score-VS/GlideSP,1.0,NEF,,14.97,46.154,14.308,40,1240,13,6,0.963,25.714,0.572,46.154,0.25,0.214,0.768,0.404
vegfr1,RF-Score-VS/GlideSP,5.0,NEF,,6.305,20.968,6.5,40,1240,62,13,0.888,7.959,0.642,32.5,0.23,0.224,0.768,0.404
vegfr2,RF-Score-VS/GlideSP,0.5,NEF,,4.469,14.286,4.429,40,1240,7,1,0.833,5.0,0.51,14.286,0.047,0.033,0.71,0.164
vegfr2,RF-Score-VS/GlideSP,1.0,NEF,,4.81,15.385,4.769,40,1240,13,2,0.845,5.455,0.52,15.385,0.071,0.061,0.71,0.164
vegfr2,RF-Score-VS/GlideSP,5.0,NEF,,3.59,11.29,3.5,40,1240,62,7,0.792,3.818,0.565,17.5,0.105,0.102,0.71,0.164
11betahsd1,RF-Score-VS@IGN,0.5,NEF,,0.0,0.0,0.0,40,1240,7,0,0.0,0.0,0.497,0.0,-0.014,-0.01,0.658,0.068
11betahsd1,RF-Score-VS@IGN,1.0,NEF,,0.0,0.0,0.0,40,1240,13,0,0.0,0.0,0.495,0.0,-0.019,-0.016,0.658,0.068
11betahsd1,RF-Score-VS@IGN,5.0,NEF,,2.05,6.452,2.0,40,1240,62,4,0.674,2.069,0.526,10.0,0.042,0.041,0.658,0.068
17betahsd1,RF-Score-VS@IGN,0.5,NEF,,4.38,14.286,4.429,40,1240,7,1,0.833,5.0,0.51,14.286,0.047,0.033,0.741,0.159
17betahsd1,RF-Score-VS@IGN,1.0,NEF,,4.72,15.385,4.769,40,1240,13,2,0.845,5.455,0.52,15.385,0.071,0.061,0.741,0.159
17betahsd1,RF-Score-VS@IGN,5.0,NEF,,3.96,12.903,4.0,40,1240,62,8,0.816,4.444,0.578,20.0,0.126,0.122,0.741,0.159
a2a,RF-Score-VS@IGN,0.5,NEF,,26.31,85.714,26.571,40,1240,7,6,0.994,180.0,0.575,85.714,0.352,0.248,0.838,0.623
a2a,RF-Score-VS@IGN,1.0,NEF,,21.25,69.231,21.462,40,1240,13,9,0.985,67.5,0.611,69.231,0.385,0.329,0.838,0.623
a2a,RF-Score-VS@IGN,5.0,NEF,,9.9,32.258,10.0,40,1240,62,20,0.935,14.286,0.732,50.0,0.377,0.367,0.838,0.623
ace,RF-Score-VS@IGN,0.5,NEF,,30.88,100.0,31.0,40,1240,7,7,1.0,inf,0.588,100.0,0.413,0.291,0.981,0.961
ace,RF-Score-VS@IGN,1.0,NEF,,30.88,100.0,31.0,40,1240,13,13,1.0,inf,0.662,100.0,0.564,0.482,0.981,0.961
ace,RF-Score-VS@IGN,5.0,NEF,,16.43,53.226,16.5,40,1240,62,33,0.972,34.138,0.9,82.5,0.649,0.633,0.981,0.961
ace2,RF-Score-VS@IGN,0.5,NEF,,30.98,100.0,31.0,40,1240,7,7,1.0,inf,0.588,100.0,0.413,0.291,0.983,0.938
ace2,RF-Score-VS@IGN,1.0,NEF,,30.98,100.0,31.0,40,1240,13,13,1.0,inf,0.662,100.0,0.564,0.482,0.983,0.938
ace2,RF-Score-VS@IGN,5.0,NEF,,15.99,51.613,16.0,40,1240,62,32,0.97,32.0,0.888,80.0,0.628,0.612,0.983,0.938
ache,RF-Score-VS@IGN,0.5,NEF,,13.08,42.857,13.286,40,1240,7,3,0.957,22.5,0.536,42.857,0.169,0.119,0.733,0.495
ache,RF-Score-VS@IGN,1.0,NEF,,14.09,46.154,14.308,40,1240,13,6,0.963,25.714,0.572,46.154,0.25,0.214,0.733,0.495
ache,RF-Score-VS@IGN,5.0,NEF,,8.86,29.032,9.0,40,1240,62,18,0.925,12.273,0.707,45.0,0.335,0.327,0.733,0.495
adam17,RF-Score-VS@IGN,0.5,NEF,,30.75,100.0,31.0,40,1240,7,7,1.0,inf,0.588,100.0,0.413,0.291,0.888,0.75
adam17,RF-Score-VS@IGN,1.0,NEF,,26.02,84.615,26.231,40,1240,13,11,0.994,165.0,0.637,84.615,0.474,0.406,0.888,0.75
adam17,RF-Score-VS@IGN,5.0,NEF,,11.41,37.097,11.5,40,1240,62,23,0.947,17.692,0.771,57.5,0.44,0.429,0.888,0.75
adrb2,RF-Score-VS@IGN,0.5,NEF,,23.98,71.429,22.143,40,1240,7,5,0.987,75.0,0.562,71.429,0.291,0.205,0.824,0.573
adrb2,RF-Score-VS@IGN,1.0,NEF,,16.79,53.846,16.692,40,1240,13,7,0.972,35.0,0.585,53.846,0.295,0.252,0.824,0.573
adrb2,RF-Score-VS@IGN,5.0,NEF,,8.43,27.419,8.5,40,1240,62,17,0.919,11.333,0.694,42.5,0.314,0.306,0.824,0.573
akt1,RF-Score-VS@IGN,0.5,NEF,,20.21,71.429,22.143,40,1240,7,5,0.987,75.0,0.562,71.429,0.291,0.205,0.936,0.601
akt1,RF-Score-VS@IGN,1.0,NEF,,17.68,53.846,16.692,40,1240,13,7,0.972,35.0,0.585,53.846,0.295,0.252,0.936,0.601
akt1,RF-Score-VS@IGN,5.0,NEF,,11.62,37.097,11.5,40,1240,62,23,0.947,17.692,0.771,57.5,0.44,0.429,0.936,0.601
alr2,RF-Score-VS@IGN,0.5,NEF,,8.76,28.571,8.857,40,1240,7,2,0.923,12.0,0.523,28.571,0.108,0.076,0.752,0.207
alr2,RF-Score-VS@IGN,1.0,NEF,,4.72,15.385,4.769,40,1240,13,2,0.845,5.455,0.52,15.385,0.071,0.061,0.752,0.207
alr2,RF-Score-VS@IGN,5.0,NEF,,5.93,19.355,6.0,40,1240,62,12,0.878,7.2,0.629,30.0,0.209,0.204,0.752,0.207
ar,RF-Score-VS@IGN,0.5,NEF,,11.29,42.857,13.286,40,1240,7,3,0.957,22.5,0.536,42.857,0.169,0.119,0.947,0.603
ar,RF-Score-VS@IGN,1.0,NEF,,9.67,30.769,9.538,40,1240,13,4,0.93,13.333,0.546,30.769,0.16,0.137,0.947,0.603
ar,RF-Score-VS@IGN,5.0,NEF,,9.88,32.258,10.0,40,1240,62,20,0.935,14.286,0.732,50.0,0.377,0.367,0.947,0.603
aurka,RF-Score-VS@IGN,0.5,NEF,,0.0,0.0,0.0,40,1240,7,0,0.0,0.0,0.497,0.0,-0.014,-0.01,0.723,0.109
aurka,RF-Score-VS@IGN,1.0,NEF,,2.39,7.692,2.385,40,1240,13,1,0.714,2.5,0.507,7.692,0.026,0.022,0.723,0.109
aurka,RF-Score-VS@IGN,5.0,NEF,,4.58,14.516,4.5,40,1240,62,9,0.836,5.094,0.59,22.5,0.147,0.143,0.723,0.109
aurkb,RF-Score-VS@IGN,0.5,NEF,,8.68,28.571,8.857,40,1240,7,2,0.923,12.0,0.523,28.571,0.108,0.076,0.683,0.212
aurkb,RF-Score-VS@IGN,1.0,NEF,,4.67,15.385,4.769,40,1240,13,2,0.845,5.455,0.52,15.385,0.071,0.061,0.683,0.212
aurkb,RF-Score-VS@IGN,5.0,NEF,,4.48,14.516,4.5,40,1240,62,9,0.836,5.094,0.59,22.5,0.147,0.143,0.683,0.212
bcl2,RF-Score-VS@IGN,0.5,NEF,,0.0,0.0,0.0,40,1240,7,0,0.0,0.0,0.497,0.0,-0.014,-0.01,0.505,0.002
bcl2,RF-Score-VS@IGN,1.0,NEF,,0.0,0.0,0.0,40,1240,13,0,0.0,0.0,0.495,0.0,-0.019,-0.016,0.505,0.002
bcl2,RF-Score-VS@IGN,5.0,NEF,,0.49,1.613,0.5,40,1240,62,1,0.33,0.492,0.487,2.5,-0.021,-0.02,0.505,0.002
braf,RF-Score-VS@IGN,0.5,NEF,,4.43,14.286,4.429,40,1240,7,1,0.833,5.0,0.51,14.286,0.047,0.033,0.866,0.189
braf,RF-Score-VS@IGN,1.0,NEF,,2.38,7.692,2.385,40,1240,13,1,0.714,2.5,0.507,7.692,0.026,0.022,0.866,0.189
braf,RF-Score-VS@IGN,5.0,NEF,,6.1,19.355,6.0,40,1240,62,12,0.878,7.2,0.629,30.0,0.209,0.204,0.866,0.189
catl,RF-Score-VS@IGN,0.5,NEF,,0.0,0.0,0.0,40,1240,7,0,0.0,0.0,0.497,0.0,-0.014,-0.01,0.659,0.057
catl,RF-Score-VS@IGN,1.0,NEF,,2.37,7.692,2.385,40,1240,13,1,0.714,2.5,0.507,7.692,0.026,0.022,0.659,0.057
catl,RF-Score-VS@IGN,5.0,NEF,,1.49,4.839,1.5,40,1240,62,3,0.604,1.525,0.513,7.5,0.021,0.02,0.659,0.057
cdk2,RF-Score-VS@IGN,0.5,NEF,,19.93,71.429,22.143,40,1240,7,5,0.987,75.0,0.562,71.429,0.291,0.205,0.746,0.309
cdk2,RF-Score-VS@IGN,1.0,NEF,,9.97,30.769,9.538,40,1240,13,4,0.93,13.333,0.546,30.769,0.16,0.137,0.746,0.309
cdk2,RF-Score-VS@IGN,5.0,NEF,,4.49,14.516,4.5,40,1240,62,9,0.836,5.094,0.59,22.5,0.147,0.143,0.746,0.309
cox1,RF-Score-VS@IGN,0.5,NEF,,23.93,71.429,22.143,40,1240,7,5,0.987,75.0,0.562,71.429,0.291,0.205,0.852,0.689
cox1,RF-Score-VS@IGN,1.0,NEF,,23.93,76.923,23.846,40,1240,13,10,0.99,100.0,0.624,76.923,0.429,0.367,0.852,0.689
cox1,RF-Score-VS@IGN,5.0,NEF,,9.74,30.645,9.5,40,1240,62,19,0.93,13.256,0.72,47.5,0.356,0.347,0.852,0.689
cox2,RF-Score-VS@IGN,0.5,NEF,,23.11,71.429,22.143,40,1240,7,5,0.987,75.0,0.562,71.429,0.291,0.205,0.973,1.013
cox2,RF-Score-VS@IGN,1.0,NEF,,23.11,76.923,23.846,40,1240,13,10,0.99,100.0,0.624,76.923,0.429,0.367,0.973,1.013
cox2,RF-Score-VS@IGN,5.0,NEF,,15.05,48.387,15.0,40,1240,62,30,0.966,28.125,0.862,75.0,0.586,0.571,0.973,1.013
ctsk,RF-Score-VS@IGN,0.5,NEF,,8.82,28.571,8.857,40,1240,7,2,0.923,12.0,0.523,28.571,0.108,0.076,0.586,0.104
ctsk,RF-Score-VS@IGN,1.0,NEF,,4.75,15.385,4.769,40,1240,13,2,0.845,5.455,0.52,15.385,0.071,0.061,0.586,0.104
ctsk,RF-Score-VS@IGN,5.0,NEF,,1.0,3.226,1.0,40,1240,62,2,0.5,1.0,0.5,5.0,0.0,0.0,0.586,0.104
dhfr,RF-Score-VS@IGN,0.5,NEF,,21.86,71.429,22.143,40,1240,7,5,0.987,75.0,0.562,71.429,0.291,0.205,0.747,0.487
dhfr,RF-Score-VS@IGN,1.0,NEF,,18.83,61.538,19.077,40,1240,13,8,0.98,48.0,0.598,61.538,0.34,0.291,0.747,0.487
dhfr,RF-Score-VS@IGN,5.0,NEF,,6.91,22.581,7.0,40,1240,62,14,0.897,8.75,0.655,35.0,0.251,0.245,0.747,0.487
egfr,RF-Score-VS@IGN,0.5,NEF,,0.0,0.0,0.0,40,1240,7,0,0.0,0.0,0.497,0.0,-0.014,-0.01,0.672,0.089
egfr,RF-Score-VS@IGN,1.0,NEF,,0.0,0.0,0.0,40,1240,13,0,0.0,0.0,0.495,0.0,-0.019,-0.016,0.672,0.089
egfr,RF-Score-VS@IGN,5.0,NEF,,4.05,12.903,4.0,40,1240,62,8,0.816,4.444,0.578,20.0,0.126,0.122,0.672,0.089
ephb4,RF-Score-VS@IGN,0.5,NEF,,21.68,71.429,22.143,40,1240,7,5,0.987,75.0,0.562,71.429,0.291,0.205,0.818,0.523
ephb4,RF-Score-VS@IGN,1.0,NEF,,18.68,61.538,19.077,40,1240,13,8,0.98,48.0,0.598,61.538,0.34,0.291,0.818,0.523
ephb4,RF-Score-VS@IGN,5.0,NEF,,6.47,20.968,6.5,40,1240,62,13,0.888,7.959,0.642,32.5,0.23,0.224,0.818,0.523
erbb2,RF-Score-VS@IGN,0.5,NEF,,24.67,85.714,26.571,40,1240,7,6,0.994,180.0,0.575,85.714,0.352,0.248,0.885,0.651
erbb2,RF-Score-VS@IGN,1.0,NEF,,22.2,69.231,21.462,40,1240,13,9,0.985,67.5,0.611,69.231,0.385,0.329,0.885,0.651
erbb2,RF-Score-VS@IGN,5.0,NEF,,9.87,32.258,10.0,40,1240,62,20,0.935,14.286,0.732,50.0,0.377,0.367,0.885,0.651
fgfr1,RF-Score-VS@IGN,0.5,NEF,,9.63,28.571,8.857,40,1240,7,2,0.923,12.0,0.523,28.571,0.108,0.076,0.871,0.423
fgfr1,RF-Score-VS@IGN,1.0,NEF,,9.63,30.769,9.538,40,1240,13,4,0.93,13.333,0.546,30.769,0.16,0.137,0.871,0.423
fgfr1,RF-Score-VS@IGN,5.0,NEF,,8.96,29.032,9.0,40,1240,62,18,0.925,12.273,0.707,45.0,0.335,0.327,0.871,0.423
fkbp1a,RF-Score-VS@IGN,0.5,NEF,,32.39,100.0,31.0,40,1240,7,7,1.0,inf,0.588,100.0,0.413,0.291,0.855,0.618
fkbp1a,RF-Score-VS@IGN,1.0,NEF,,24.92,76.923,23.846,40,1240,13,10,0.99,100.0,0.624,76.923,0.429,0.367,0.855,0.618
fkbp1a,RF-Score-VS@IGN,5.0,NEF,,7.84,25.806,8.0,40,1240,62,16,0.913,10.435,0.681,40.0,0.293,0.286,0.855,0.618
fxa,RF-Score-VS@IGN,0.5,NEF,,30.59,100.0,31.0,40,1240,7,7,1.0,inf,0.588,100.0,0.413,0.291,0.847,0.761
fxa,RF-Score-VS@IGN,1.0,NEF,,28.04,92.308,28.615,40,1240,13,12,0.997,360.0,0.65,92.308,0.519,0.444,0.847,0.761
fxa,RF-Score-VS@IGN,5.0,NEF,,10.2,32.258,10.0,40,1240,62,20,0.935,14.286,0.732,50.0,0.377,0.367,0.847,0.761
gba,RF-Score-VS@IGN,0.5,NEF,,22.05,71.429,22.143,40,1240,7,5,0.987,75.0,0.562,71.429,0.291,0.205,0.828,0.409
gba,RF-Score-VS@IGN,1.0,NEF,,14.25,46.154,14.308,40,1240,13,6,0.963,25.714,0.572,46.154,0.25,0.214,0.828,0.409
gba,RF-Score-VS@IGN,5.0,NEF,,6.47,20.968,6.5,40,1240,62,13,0.888,7.959,0.642,32.5,0.23,0.224,0.828,0.409
gr,RF-Score-VS@IGN,0.5,NEF,,13.1,42.857,13.286,40,1240,7,3,0.957,22.5,0.536,42.857,0.169,0.119,0.796,0.294
gr,RF-Score-VS@IGN,1.0,NEF,,11.76,38.462,11.923,40,1240,13,5,0.949,18.75,0.559,38.462,0.205,0.176,0.796,0.294
gr,RF-Score-VS@IGN,5.0,NEF,,3.45,11.29,3.5,40,1240,62,7,0.792,3.818,0.565,17.5,0.105,0.102,0.796,0.294
gsk3b,RF-Score-VS@IGN,0.5,NEF,,8.61,28.571,8.857,40,1240,7,2,0.923,12.0,0.523,28.571,0.108,0.076,0.684,0.231
gsk3b,RF-Score-VS@IGN,1.0,NEF,,6.96,23.077,7.154,40,1240,13,3,0.9,9.0,0.533,23.077,0.116,0.099,0.684,0.231
gsk3b,RF-Score-VS@IGN,5.0,NEF,,5.44,17.742,5.5,40,1240,62,11,0.866,6.471,0.616,27.5,0.188,0.184,0.684,0.231
hdac2,RF-Score-VS@IGN,0.5,NEF,,26.01,85.714,26.571,40,1240,7,6,0.994,180.0,0.575,85.714,0.352,0.248,0.899,0.764
hdac2,RF-Score-VS@IGN,1.0,NEF,,25.68,84.615,26.231,40,1240,13,11,0.994,165.0,0.637,84.615,0.474,0.406,0.899,0.764
hdac2,RF-Score-VS@IGN,5.0,NEF,,10.95,35.484,11.0,40,1240,62,22,0.943,16.5,0.758,55.0,0.419,0.408,0.899,0.764
hdac8,RF-Score-VS@IGN,0.5,NEF,,13.22,42.857,13.286,40,1240,7,3,0.957,22.5,0.536,42.857,0.169,0.119,0.801,0.44
hdac8,RF-Score-VS@IGN,1.0,NEF,,11.87,38.462,11.923,40,1240,13,5,0.949,18.75,0.559,38.462,0.205,0.176,0.801,0.44
hdac8,RF-Score-VS@IGN,5.0,NEF,,7.96,25.806,8.0,40,1240,62,16,0.913,10.435,0.681,40.0,0.293,0.286,0.801,0.44
hiv1pr,RF-Score-VS@IGN,0.5,NEF,,18.78,57.143,17.714,40,1240,7,4,0.976,40.0,0.549,57.143,0.23,0.162,0.911,0.531
hiv1pr,RF-Score-VS@IGN,1.0,NEF,,17.7,53.846,16.692,40,1240,13,7,0.972,35.0,0.585,53.846,0.295,0.252,0.911,0.531
hiv1pr,RF-Score-VS@IGN,5.0,NEF,,11.31,37.097,11.5,40,1240,62,23,0.947,17.692,0.771,57.5,0.44,0.429,0.911,0.531
hiv1rt,RF-Score-VS@IGN,0.5,NEF,,4.58,14.286,4.429,40,1240,7,1,0.833,5.0,0.51,14.286,0.047,0.033,0.686,0.173
hiv1rt,RF-Score-VS@IGN,1.0,NEF,,2.46,7.692,2.385,40,1240,13,1,0.714,2.5,0.507,7.692,0.026,0.022,0.686,0.173
hiv1rt,RF-Score-VS@IGN,5.0,NEF,,4.2,12.903,4.0,40,1240,62,8,0.816,4.444,0.578,20.0,0.126,0.122,0.686,0.173
hmgr,RF-Score-VS@IGN,0.5,NEF,,26.51,85.714,26.571,40,1240,7,6,0.994,180.0,0.575,85.714,0.352,0.248,0.987,0.999
hmgr,RF-Score-VS@IGN,1.0,NEF,,28.55,92.308,28.615,40,1240,13,12,0.997,360.0,0.65,92.308,0.519,0.444,0.987,0.999
hmgr,RF-Score-VS@IGN,5.0,NEF,,19.45,62.903,19.5,40,1240,62,39,0.981,50.87,0.978,97.5,0.775,0.755,0.987,0.999
hsp90,RF-Score-VS@IGN,0.5,NEF,,8.67,28.571,8.857,40,1240,7,2,0.923,12.0,0.523,28.571,0.108,0.076,0.757,0.223
hsp90,RF-Score-VS@IGN,1.0,NEF,,7.0,23.077,7.154,40,1240,13,3,0.9,9.0,0.533,23.077,0.116,0.099,0.757,0.223
hsp90,RF-Score-VS@IGN,5.0,NEF,,3.98,12.903,4.0,40,1240,62,8,0.816,4.444,0.578,20.0,0.126,0.122,0.757,0.223
igf1r,RF-Score-VS@IGN,0.5,NEF,,19.86,57.143,17.714,40,1240,7,4,0.976,40.0,0.549,57.143,0.23,0.162,0.917,0.473
igf1r,RF-Score-VS@IGN,1.0,NEF,,12.41,38.462,11.923,40,1240,13,5,0.949,18.75,0.559,38.462,0.205,0.176,0.917,0.473
igf1r,RF-Score-VS@IGN,5.0,NEF,,9.09,29.032,9.0,40,1240,62,18,0.925,12.273,0.707,45.0,0.335,0.327,0.917,0.473
inha,RF-Score-VS@IGN,0.5,NEF,,0.0,0.0,0.0,40,1240,7,0,0.0,0.0,0.497,0.0,-0.014,-0.01,0.551,0.005
inha,RF-Score-VS@IGN,1.0,NEF,,0.0,0.0,0.0,40,1240,13,0,0.0,0.0,0.495,0.0,-0.019,-0.016,0.551,0.005
inha,RF-Score-VS@IGN,5.0,NEF,,0.49,1.613,0.5,40,1240,62,1,0.33,0.492,0.487,2.5,-0.021,-0.02,0.551,0.005
itk,RF-Score-VS@IGN,0.5,NEF,,8.7,28.571,8.857,40,1240,7,2,0.923,12.0,0.523,28.571,0.108,0.076,0.664,0.33
itk,RF-Score-VS@IGN,1.0,NEF,,9.37,30.769,9.538,40,1240,13,4,0.93,13.333,0.546,30.769,0.16,0.137,0.664,0.33
itk,RF-Score-VS@IGN,5.0,NEF,,6.49,20.968,6.5,40,1240,62,13,0.888,7.959,0.642,32.5,0.23,0.224,0.664,0.33
jnk1,RF-Score-VS@IGN,0.5,NEF,,21.0,71.429,22.143,40,1240,7,5,0.987,75.0,0.562,71.429,0.291,0.205,0.759,0.494
jnk1,RF-Score-VS@IGN,1.0,NEF,,21.0,69.231,21.462,40,1240,13,9,0.985,67.5,0.611,69.231,0.385,0.329,0.759,0.494
jnk1,RF-Score-VS@IGN,5.0,NEF,,7.35,24.194,7.5,40,1240,62,15,0.905,9.574,0.668,37.5,0.272,0.265,0.759,0.494
jnk2,RF-Score-VS@IGN,0.5,NEF,,15.01,42.857,13.286,40,1240,7,3,0.957,22.5,0.536,42.857,0.169,0.119,0.718,0.325
jnk2,RF-Score-VS@IGN,1.0,NEF,,10.01,30.769,9.538,40,1240,13,4,0.93,13.333,0.546,30.769,0.16,0.137,0.718,0.325
jnk2,RF-Score-VS@IGN,5.0,NEF,,7.12,22.581,7.0,40,1240,62,14,0.897,8.75,0.655,35.0,0.251,0.245,0.718,0.325
jnk3,RF-Score-VS@IGN,0.5,NEF,,10.75,28.571,8.857,40,1240,7,2,0.923,12.0,0.523,28.571,0.108,0.076,0.793,0.356
jnk3,RF-Score-VS@IGN,1.0,NEF,,8.79,30.769,9.538,40,1240,13,4,0.93,13.333,0.546,30.769,0.16,0.137,0.793,0.356
jnk3,RF-Score-VS@IGN,5.0,NEF,,8.21,25.806,8.0,40,1240,62,16,0.913,10.435,0.681,40.0,0.293,0.286,0.793,0.356
kif11,RF-Score-VS@IGN,0.5,NEF,,30.23,100.0,31.0,40,1240,7,7,1.0,inf,0.588,100.0,0.413,0.291,0.957,0.841
kif11,RF-Score-VS@IGN,1.0,NEF,,27.9,92.308,28.615,40,1240,13,12,0.997,360.0,0.65,92.308,0.519,0.444,0.957,0.841
kif11,RF-Score-VS@IGN,5.0,NEF,,13.87,45.161,14.0,40,1240,62,28,0.961,24.706,0.836,70.0,0.545,0.531,0.957,0.841
lck,RF-Score-VS@IGN,0.5,NEF,,21.48,71.429,22.143,40,1240,7,5,0.987,75.0,0.562,71.429,0.291,0.205,0.892,0.471
lck,RF-Score-VS@IGN,1.0,NEF,,16.19,53.846,16.692,40,1240,13,7,0.972,35.0,0.585,53.846,0.295,0.252,0.892,0.471
lck,RF-Score-VS@IGN,5.0,NEF,,5.92,19.355,6.0,40,1240,62,12,0.878,7.2,0.629,30.0,0.209,0.204,0.892,0.471
mdm2,RF-Score-VS@IGN,0.5,NEF,,0.0,0.0,0.0,40,1240,7,0,0.0,0.0,0.497,0.0,-0.014,-0.01,0.565,0.037
mdm2,RF-Score-VS@IGN,1.0,NEF,,0.0,0.0,0.0,40,1240,13,0,0.0,0.0,0.495,0.0,-0.019,-0.016,0.565,0.037
mdm2,RF-Score-VS@IGN,5.0,NEF,,2.0,6.452,2.0,40,1240,62,4,0.674,2.069,0.526,10.0,0.042,0.041,0.565,0.037
mk2,RF-Score-VS@IGN,0.5,NEF,,10.49,28.571,8.857,40,1240,7,2,0.923,12.0,0.523,28.571,0.108,0.076,0.728,0.329
mk2,RF-Score-VS@IGN,1.0,NEF,,13.11,38.462,11.923,40,1240,13,5,0.949,18.75,0.559,38.462,0.205,0.176,0.728,0.329
mk2,RF-Score-VS@IGN,5.0,NEF,,5.87,19.355,6.0,40,1240,62,12,0.878,7.2,0.629,30.0,0.209,0.204,0.728,0.329
mmp2,RF-Score-VS@IGN,0.5,NEF,,8.77,28.571,8.857,40,1240,7,2,0.923,12.0,0.523,28.571,0.108,0.076,0.801,0.324
mmp2,RF-Score-VS@IGN,1.0,NEF,,11.81,38.462,11.923,40,1240,13,5,0.949,18.75,0.559,38.462,0.205,0.176,0.801,0.324
mmp2,RF-Score-VS@IGN,5.0,NEF,,5.45,17.742,5.5,40,1240,62,11,0.866,6.471,0.616,27.5,0.188,0.184,0.801,0.324
na,RF-Score-VS@IGN,0.5,NEF,,30.98,100.0,31.0,40,1240,7,7,1.0,inf,0.588,100.0,0.413,0.291,0.964,0.822
na,RF-Score-VS@IGN,1.0,NEF,,28.59,92.308,28.615,40,1240,13,12,0.997,360.0,0.65,92.308,0.519,0.444,0.964,0.822
na,RF-Score-VS@IGN,5.0,NEF,,12.99,41.935,13.0,40,1240,62,26,0.956,21.667,0.81,65.0,0.503,0.49,0.964,0.822
p38-alpha,RF-Score-VS@IGN,0.5,NEF,,8.73,28.571,8.857,40,1240,7,2,0.923,12.0,0.523,28.571,0.108,0.076,0.902,0.385
p38-alpha,RF-Score-VS@IGN,1.0,NEF,,7.05,23.077,7.154,40,1240,13,3,0.9,9.0,0.533,23.077,0.116,0.099,0.902,0.385
p38-alpha,RF-Score-VS@IGN,5.0,NEF,,10.35,33.871,10.5,40,1240,62,21,0.939,15.366,0.745,52.5,0.398,0.388,0.902,0.385
parp-1,RF-Score-VS@IGN,0.5,NEF,,30.13,100.0,31.0,40,1240,7,7,1.0,inf,0.588,100.0,0.413,0.291,0.854,0.751
parp-1,RF-Score-VS@IGN,1.0,NEF,,25.49,84.615,26.231,40,1240,13,11,0.994,165.0,0.637,84.615,0.474,0.406,0.854,0.751
parp-1,RF-Score-VS@IGN,5.0,NEF,,10.37,33.871,10.5,40,1240,62,21,0.939,15.366,0.745,52.5,0.398,0.388,0.854,0.751
pde4b,RF-Score-VS@IGN,0.5,NEF,,8.8,28.571,8.857,40,1240,7,2,0.923,12.0,0.523,28.571,0.108,0.076,0.75,0.172
pde4b,RF-Score-VS@IGN,1.0,NEF,,4.74,15.385,4.769,40,1240,13,2,0.845,5.455,0.52,15.385,0.071,0.061,0.75,0.172
pde4b,RF-Score-VS@IGN,5.0,NEF,,2.48,8.065,2.5,40,1240,62,5,0.725,2.632,0.539,12.5,0.063,0.061,0.75,0.172
pde5,RF-Score-VS@IGN,0.5,NEF,,9.22,28.571,8.857,40,1240,7,2,0.923,12.0,0.523,28.571,0.108,0.076,0.865,0.299
pde5,RF-Score-VS@IGN,1.0,NEF,,9.93,30.769,9.538,40,1240,13,4,0.93,13.333,0.546,30.769,0.16,0.137,0.865,0.299
pde5,RF-Score-VS@IGN,5.0,NEF,,7.81,25.806,8.0,40,1240,62,16,0.913,10.435,0.681,40.0,0.293,0.286,0.865,0.299
pi3kg,RF-Score-VS@IGN,0.5,NEF,,13.3,42.857,13.286,40,1240,7,3,0.957,22.5,0.536,42.857,0.169,0.119,0.753,0.272
pi3kg,RF-Score-VS@IGN,1.0,NEF,,9.55,30.769,9.538,40,1240,13,4,0.93,13.333,0.546,30.769,0.16,0.137,0.753,0.272
pi3kg,RF-Score-VS@IGN,5.0,NEF,,3.56,11.29,3.5,40,1240,62,7,0.792,3.818,0.565,17.5,0.105,0.102,0.753,0.272
pim-1,RF-Score-VS@IGN,0.5,NEF,,0.0,0.0,0.0,40,1240,7,0,0.0,0.0,0.497,0.0,-0.014,-0.01,0.514,0.007
pim-1,RF-Score-VS@IGN,1.0,NEF,,0.0,0.0,0.0,40,1240,13,0,0.0,0.0,0.495,0.0,-0.019,-0.016,0.514,0.007
pim-1,RF-Score-VS@IGN,5.0,NEF,,0.99,3.226,1.0,40,1240,62,2,0.5,1.0,0.5,5.0,0.0,0.0,0.514,0.007
pim-2,RF-Score-VS@IGN,0.5,NEF,,0.0,0.0,0.0,40,1240,7,0,0.0,0.0,0.497,0.0,-0.014,-0.01,0.421,0.005
pim-2,RF-Score-VS@IGN,1.0,NEF,,0.0,0.0,0.0,40,1240,13,0,0.0,0.0,0.495,0.0,-0.019,-0.016,0.421,0.005
pim-2,RF-Score-VS@IGN,5.0,NEF,,0.51,1.613,0.5,40,1240,62,1,0.33,0.492,0.487,2.5,-0.021,-0.02,0.421,0.005
pnp,RF-Score-VS@IGN,0.5,NEF,,26.4,85.714,26.571,40,1240,7,6,0.994,180.0,0.575,85.714,0.352,0.248,0.86,0.619
pnp,RF-Score-VS@IGN,1.0,NEF,,23.69,76.923,23.846,40,1240,13,10,0.99,100.0,0.624,76.923,0.429,0.367,0.86,0.619
pnp,RF-Score-VS@IGN,5.0,NEF,,9.44,30.645,9.5,40,1240,62,19,0.93,13.256,0.72,47.5,0.356,0.347,0.86,0.619
ppara,RF-Score-VS@IGN,0.5,NEF,,24.96,85.714,26.571,40,1240,7,6,0.994,180.0,0.575,85.714,0.352,0.248,0.891,0.602
ppara,RF-Score-VS@IGN,1.0,NEF,,17.47,53.846,16.692,40,1240,13,7,0.972,35.0,0.585,53.846,0.295,0.252,0.891,0.602
ppara,RF-Score-VS@IGN,5.0,NEF,,9.98,32.258,10.0,40,1240,62,20,0.935,14.286,0.732,50.0,0.377,0.367,0.891,0.602
pparg,RF-Score-VS@IGN,0.5,NEF,,14.25,42.857,13.286,40,1240,7,3,0.957,22.5,0.536,42.857,0.169,0.119,0.825,0.494
pparg,RF-Score-VS@IGN,1.0,NEF,,14.25,46.154,14.308,40,1240,13,6,0.963,25.714,0.572,46.154,0.25,0.214,0.825,0.494
pparg,RF-Score-VS@IGN,5.0,NEF,,9.0,29.032,9.0,40,1240,62,18,0.925,12.273,0.707,45.0,0.335,0.327,0.825,0.494
pr,RF-Score-VS@IGN,0.5,NEF,,4.9,14.286,4.429,40,1240,7,1,0.833,5.0,0.51,14.286,0.047,0.033,0.799,0.119
pr,RF-Score-VS@IGN,1.0,NEF,,2.67,7.692,2.385,40,1240,13,1,0.714,2.5,0.507,7.692,0.026,0.022,0.799,0.119
pr,RF-Score-VS@IGN,5.0,NEF,,3.39,11.29,3.5,40,1240,62,7,0.792,3.818,0.565,17.5,0.105,0.102,0.799,0.119
prkcq,RF-Score-VS@IGN,0.5,NEF,,21.05,71.429,22.143,40,1240,7,5,0.987,75.0,0.562,71.429,0.291,0.205,0.867,0.582
prkcq,RF-Score-VS@IGN,1.0,NEF,,15.79,53.846,16.692,40,1240,13,7,0.972,35.0,0.585,53.846,0.295,0.252,0.867,0.582
prkcq,RF-Score-VS@IGN,5.0,NEF,,9.47,30.645,9.5,40,1240,62,19,0.93,13.256,0.72,47.5,0.356,0.347,0.867,0.582
pygl-in,RF-Score-VS@IGN,0.5,NEF,,0.0,0.0,0.0,40,1240,7,0,0.0,0.0,0.497,0.0,-0.014,-0.01,0.346,0.0
pygl-in,RF-Score-VS@IGN,1.0,NEF,,0.0,0.0,0.0,40,1240,13,0,0.0,0.0,0.495,0.0,-0.019,-0.016,0.346,0.0
pygl-in,RF-Score-VS@IGN,5.0,NEF,,0.0,0.0,0.0,40,1240,62,0,0.0,0.0,0.474,0.0,-0.042,-0.041,0.346,0.0
pygl-out,RF-Score-VS@IGN,0.5,NEF,,4.41,14.286,4.429,40,1240,7,1,0.833,5.0,0.51,14.286,0.047,0.033,0.767,0.154
pygl-out,RF-Score-VS@IGN,1.0,NEF,,4.75,15.385,4.769,40,1240,13,2,0.845,5.455,0.52,15.385,0.071,0.061,0.767,0.154
pygl-out,RF-Score-VS@IGN,5.0,NEF,,3.49,11.29,3.5,40,1240,62,7,0.792,3.818,0.565,17.5,0.105,0.102,0.767,0.154
qpct,RF-Score-VS@IGN,0.5,NEF,,0.0,0.0,0.0,40,1240,7,0,0.0,0.0,0.497,0.0,-0.014,-0.01,0.363,0.0
qpct,RF-Score-VS@IGN,1.0,NEF,,0.0,0.0,0.0,40,1240,13,0,0.0,0.0,0.495,0.0,-0.019,-0.016,0.363,0.0
qpct,RF-Score-VS@IGN,5.0,NEF,,0.0,0.0,0.0,40,1240,62,0,0.0,0.0,0.474,0.0,-0.042,-0.041,0.363,0.0
rock-1,RF-Score-VS@IGN,0.5,NEF,,21.54,71.429,22.143,40,1240,7,5,0.987,75.0,0.562,71.429,0.291,0.205,0.844,0.585
rock-1,RF-Score-VS@IGN,1.0,NEF,,16.23,53.846,16.692,40,1240,13,7,0.972,35.0,0.585,53.846,0.295,0.252,0.844,0.585
rock-1,RF-Score-VS@IGN,5.0,NEF,,9.89,32.258,10.0,40,1240,62,20,0.935,14.286,0.732,50.0,0.377,0.367,0.844,0.585
rxr,RF-Score-VS@IGN,0.5,NEF,,25.92,85.714,26.571,40,1240,7,6,0.994,180.0,0.575,85.714,0.352,0.248,0.991,1.035
rxr,RF-Score-VS@IGN,1.0,NEF,,25.92,84.615,26.231,40,1240,13,11,0.994,165.0,0.637,84.615,0.474,0.406,0.991,1.035
rxr,RF-Score-VS@IGN,5.0,NEF,,17.82,58.065,18.0,40,1240,62,36,0.976,41.538,0.939,90.0,0.712,0.694,0.991,1.035
sars-hcov,RF-Score-VS@IGN,0.5,NEF,,0.0,0.0,0.0,39,1209,7,0,0.0,0.0,0.497,0.0,-0.014,-0.01,0.493,0.029
sars-hcov,RF-Score-VS@IGN,1.0,NEF,,0.0,0.0,0.0,39,1209,13,0,0.0,0.0,0.494,0.0,-0.019,-0.016,0.493,0.029
sars-hcov,RF-Score-VS@IGN,5.0,NEF,,1.52,4.918,1.525,39,1209,61,3,0.608,1.552,0.514,7.692,0.022,0.021,0.493,0.029
sirt2,RF-Score-VS@IGN,0.5,NEF,,0.0,0.0,0.0,40,1240,7,0,0.0,0.0,0.497,0.0,-0.014,-0.01,0.468,0.002
sirt2,RF-Score-VS@IGN,1.0,NEF,,0.0,0.0,0.0,40,1240,13,0,0.0,0.0,0.495,0.0,-0.019,-0.016,0.468,0.002
sirt2,RF-Score-VS@IGN,5.0,NEF,,0.49,1.613,0.5,40,1240,62,1,0.33,0.492,0.487,2.5,-0.021,-0.02,0.468,0.002
src,RF-Score-VS@IGN,0.5,NEF,,8.87,28.571,8.857,40,1240,7,2,0.923,12.0,0.523,28.571,0.108,0.076,0.739,0.262
src,RF-Score-VS@IGN,1.0,NEF,,7.17,23.077,7.154,40,1240,13,3,0.9,9.0,0.533,23.077,0.116,0.099,0.739,0.262
src,RF-Score-VS@IGN,5.0,NEF,,5.6,17.742,5.5,40,1240,62,11,0.866,6.471,0.616,27.5,0.188,0.184,0.739,0.262
thrombin,RF-Score-VS@IGN,0.5,NEF,,22.74,71.429,22.143,40,1240,7,5,0.987,75.0,0.562,71.429,0.291,0.205,0.83,0.617
thrombin,RF-Score-VS@IGN,1.0,NEF,,22.04,69.231,21.462,40,1240,13,9,0.985,67.5,0.611,69.231,0.385,0.329,0.83,0.617
thrombin,RF-Score-VS@IGN,5.0,NEF,,10.44,33.871,10.5,40,1240,62,21,0.939,15.366,0.745,52.5,0.398,0.388,0.83,0.617
tie2,RF-Score-VS@IGN,0.5,NEF,,9.98,28.571,8.857,40,1240,7,2,0.923,12.0,0.523,28.571,0.108,0.076,0.72,0.259
tie2,RF-Score-VS@IGN,1.0,NEF,,9.98,30.769,9.538,40,1240,13,4,0.93,13.333,0.546,30.769,0.16,0.137,0.72,0.259
tie2,RF-Score-VS@IGN,5.0,NEF,,3.49,11.29,3.5,40,1240,62,7,0.792,3.818,0.565,17.5,0.105,0.102,0.72,0.259
tk,RF-Score-VS@IGN,0.5,NEF,,22.58,71.429,22.143,40,1240,7,5,0.987,75.0,0.562,71.429,0.291,0.205,0.779,0.559
tk,RF-Score-VS@IGN,1.0,NEF,,21.89,69.231,21.462,40,1240,13,9,0.985,67.5,0.611,69.231,0.385,0.329,0.779,0.559
tk,RF-Score-VS@IGN,5.0,NEF,,9.69,30.645,9.5,40,1240,62,19,0.93,13.256,0.72,47.5,0.356,0.347,0.779,0.559
tp,RF-Score-VS@IGN,0.5,NEF,,0.0,0.0,0.0,40,1240,7,0,0.0,0.0,0.497,0.0,-0.014,-0.01,0.329,0.007
tp,RF-Score-VS@IGN,1.0,NEF,,0.0,0.0,0.0,40,1240,13,0,0.0,0.0,0.495,0.0,-0.019,-0.016,0.329,0.007
tp,RF-Score-VS@IGN,5.0,NEF,,0.64,1.613,0.5,40,1240,62,1,0.33,0.492,0.487,2.5,-0.021,-0.02,0.329,0.007
tpa,RF-Score-VS@IGN,0.5,NEF,,25.46,85.714,26.571,40,1240,7,6,0.994,180.0,0.575,85.714,0.352,0.248,0.743,0.649
tpa,RF-Score-VS@IGN,1.0,NEF,,22.91,76.923,23.846,40,1240,13,10,0.99,100.0,0.624,76.923,0.429,0.367,0.743,0.649
tpa,RF-Score-VS@IGN,5.0,NEF,,7.77,25.806,8.0,40,1240,62,16,0.913,10.435,0.681,40.0,0.293,0.286,0.743,0.649
ts,RF-Score-VS@IGN,0.5,NEF,,0.0,0.0,0.0,40,1239,7,0,0.0,0.0,0.497,0.0,-0.014,-0.01,0.62,0.025
ts,RF-Score-VS@IGN,1.0,NEF,,0.0,0.0,0.0,40,1239,13,0,0.0,0.0,0.495,0.0,-0.019,-0.016,0.62,0.025
ts,RF-Score-VS@IGN,5.0,NEF,,1.5,4.839,1.499,40,1239,62,3,0.604,1.524,0.513,7.5,0.021,0.02,0.62,0.025
upa,RF-Score-VS@IGN,0.5,NEF,,24.92,85.714,26.571,40,1240,7,6,0.994,180.0,0.575,85.714,0.352,0.248,0.68,0.664
upa,RF-Score-VS@IGN,1.0,NEF,,22.43,69.231,21.462,40,1240,13,9,0.985,67.5,0.611,69.231,0.385,0.329,0.68,0.664
upa,RF-Score-VS@IGN,5.0,NEF,,8.47,27.419,8.5,40,1240,62,17,0.919,11.333,0.694,42.5,0.314,0.306,0.68,0.664
vegfr1,RF-Score-VS@IGN,0.5,NEF,,19.96,71.429,22.143,40,1240,7,5,0.987,75.0,0.562,71.429,0.291,0.205,0.816,0.483
vegfr1,RF-Score-VS@IGN,1.0,NEF,,12.48,38.462,11.923,40,1240,13,5,0.949,18.75,0.559,38.462,0.205,0.176,0.816,0.483
vegfr1,RF-Score-VS@IGN,5.0,NEF,,8.41,27.419,8.5,40,1240,62,17,0.919,11.333,0.694,42.5,0.314,0.306,0.816,0.483
vegfr2,RF-Score-VS@IGN,0.5,NEF,,4.47,14.286,4.429,40,1240,7,1,0.833,5.0,0.51,14.286,0.047,0.033,0.744,0.131
vegfr2,RF-Score-VS@IGN,1.0,NEF,,4.81,15.385,4.769,40,1240,13,2,0.845,5.455,0.52,15.385,0.071,0.061,0.744,0.131
vegfr2,RF-Score-VS@IGN,5.0,NEF,,3.59,11.29,3.5,40,1240,62,7,0.792,3.818,0.565,17.5,0.105,0.102,0.744,0.131
11betahsd1,RTMScore/GlideSP,0.5,NEF,,0.0,0.0,0.0,40,1240,7,0,0.0,0.0,0.497,0.0,-0.014,-0.01,0.662,0.004
11betahsd1,RTMScore/GlideSP,1.0,NEF,,0.0,0.0,0.0,40,1240,13,0,0.0,0.0,0.495,0.0,-0.019,-0.016,0.662,0.004
11betahsd1,RTMScore/GlideSP,5.0,NEF,,0.497,1.613,0.5,40,1240,62,1,0.33,0.492,0.487,2.5,-0.021,-0.02,0.662,0.004
17betahsd1,RTMScore/GlideSP,0.5,NEF,,0.0,0.0,0.0,40,1240,7,0,0.0,0.0,0.497,0.0,-0.014,-0.01,0.503,0.03
17betahsd1,RTMScore/GlideSP,1.0,NEF,,0.0,0.0,0.0,40,1240,13,0,0.0,0.0,0.495,0.0,-0.019,-0.016,0.503,0.03
17betahsd1,RTMScore/GlideSP,5.0,NEF,,0.99,3.226,1.0,40,1240,62,2,0.5,1.0,0.5,5.0,0.0,0.0,0.503,0.03
a2a,RTMScore/GlideSP,0.5,NEF,,30.525,100.0,31.0,40,1240,7,7,1.0,inf,0.588,100.0,0.413,0.291,0.775,0.602
a2a,RTMScore/GlideSP,1.0,NEF,,23.481,76.923,23.846,40,1240,13,10,0.99,100.0,0.624,76.923,0.429,0.367,0.775,0.602
a2a,RTMScore/GlideSP,5.0,NEF,,7.385,24.194,7.5,40,1240,62,15,0.905,9.574,0.668,37.5,0.272,0.265,0.775,0.602
ace,RTMScore/GlideSP,0.5,NEF,,30.9,100.0,31.0,40,1240,7,7,1.0,inf,0.588,100.0,0.413,0.291,0.884,0.909
ace,RTMScore/GlideSP,1.0,NEF,,30.9,100.0,31.0,40,1240,13,13,1.0,inf,0.662,100.0,0.564,0.482,0.884,0.909
ace,RTMScore/GlideSP,5.0,NEF,,13.456,43.548,13.5,40,1240,62,27,0.959,23.143,0.823,67.5,0.524,0.51,0.884,0.909
ace2,RTMScore/GlideSP,0.5,NEF,,26.55,85.714,26.571,40,1240,7,6,0.994,180.0,0.575,85.714,0.352,0.248,0.91,0.464
ace2,RTMScore/GlideSP,1.0,NEF,,16.679,53.846,16.692,40,1240,13,7,0.972,35.0,0.585,53.846,0.295,0.252,0.91,0.464
ace2,RTMScore/GlideSP,5.0,NEF,,6.994,22.581,7.0,40,1240,62,14,0.897,8.75,0.655,35.0,0.251,0.245,0.91,0.464
ache,RTMScore/GlideSP,0.5,NEF,,0.0,0.0,0.0,40,1240,7,0,0.0,0.0,0.497,0.0,-0.014,-0.01,0.545,0.001
ache,RTMScore/GlideSP,1.0,NEF,,0.0,0.0,0.0,40,1240,13,0,0.0,0.0,0.495,0.0,-0.019,-0.016,0.545,0.001
ache,RTMScore/GlideSP,5.0,NEF,,0.0,0.0,0.0,40,1240,62,0,0.0,0.0,0.474,0.0,-0.042,-0.041,0.545,0.001
adam17,RTMScore/GlideSP,0.5,NEF,,30.75,100.0,31.0,40,1240,7,7,1.0,inf,0.588,100.0,0.413,0.291,0.903,0.881
adam17,RTMScore/GlideSP,1.0,NEF,,30.75,100.0,31.0,40,1240,13,13,1.0,inf,0.662,100.0,0.564,0.482,0.903,0.881
adam17,RTMScore/GlideSP,5.0,NEF,,12.895,41.935,13.0,40,1240,62,26,0.956,21.667,0.81,65.0,0.503,0.49,0.903,0.881
adrb2,RTMScore/GlideSP,0.5,NEF,,4.737,14.286,4.429,40,1240,7,1,0.833,5.0,0.51,14.286,0.047,0.033,0.628,0.115
adrb2,RTMScore/GlideSP,1.0,NEF,,2.369,7.692,2.385,40,1240,13,1,0.714,2.5,0.507,7.692,0.026,0.022,0.628,0.115
adrb2,RTMScore/GlideSP,5.0,NEF,,2.992,9.677,3.0,40,1240,62,6,0.763,3.214,0.552,15.0,0.084,0.082,0.628,0.115
akt1,RTMScore/GlideSP,0.5,NEF,,25.192,85.714,26.571,40,1240,7,6,0.994,180.0,0.575,85.714,0.352,0.248,0.695,0.481
akt1,RTMScore/GlideSP,1.0,NEF,,15.115,46.154,14.308,40,1240,13,6,0.963,25.714,0.572,46.154,0.25,0.214,0.695,0.481
akt1,RTMScore/GlideSP,5.0,NEF,,8.198,25.806,8.0,40,1240,62,16,0.913,10.435,0.681,40.0,0.293,0.286,0.695,0.481
alr2,RTMScore/GlideSP,0.5,NEF,,13.157,42.857,13.286,40,1240,7,3,0.957,22.5,0.536,42.857,0.169,0.119,0.588,0.286
alr2,RTMScore/GlideSP,1.0,NEF,,7.085,23.077,7.154,40,1240,13,3,0.9,9.0,0.533,23.077,0.116,0.099,0.588,0.286
alr2,RTMScore/GlideSP,5.0,NEF,,4.952,16.129,5.0,40,1240,62,10,0.852,5.769,0.603,25.0,0.168,0.163,0.588,0.286
ar,RTMScore/GlideSP,0.5,NEF,,23.556,71.429,22.143,40,1240,7,5,0.987,75.0,0.562,71.429,0.291,0.205,0.933,0.944
ar,RTMScore/GlideSP,1.0,NEF,,23.556,76.923,23.846,40,1240,13,10,0.99,100.0,0.624,76.923,0.429,0.367,0.933,0.944
ar,RTMScore/GlideSP,5.0,NEF,,12.514,40.323,12.5,40,1240,62,25,0.953,20.27,0.797,62.5,0.482,0.469,0.933,0.944
aurka,RTMScore/GlideSP,0.5,NEF,,31.051,100.0,31.0,40,1240,7,7,1.0,inf,0.588,100.0,0.413,0.291,0.929,0.921
aurka,RTMScore/GlideSP,1.0,NEF,,31.051,100.0,31.0,40,1240,13,13,1.0,inf,0.662,100.0,0.564,0.482,0.929,0.921
aurka,RTMScore/GlideSP,5.0,NEF,,13.744,43.548,13.5,40,1240,62,27,0.959,23.143,0.823,67.5,0.524,0.51,0.929,0.921
aurkb,RTMScore/GlideSP,0.5,NEF,,30.325,100.0,31.0,40,1240,7,7,1.0,inf,0.588,100.0,0.413,0.291,0.902,0.872
aurkb,RTMScore/GlideSP,1.0,NEF,,27.992,92.308,28.615,40,1240,13,12,0.997,360.0,0.65,92.308,0.519,0.444,0.902,0.872
aurkb,RTMScore/GlideSP,5.0,NEF,,13.423,43.548,13.5,40,1240,62,27,0.959,23.143,0.823,67.5,0.524,0.51,0.902,0.872
bcl2,RTMScore/GlideSP,0.5,NEF,,4.339,14.286,4.429,40,1240,7,1,0.833,5.0,0.51,14.286,0.047,0.033,0.58,0.084
bcl2,RTMScore/GlideSP,1.0,NEF,,2.337,7.692,2.385,40,1240,13,1,0.714,2.5,0.507,7.692,0.026,0.022,0.58,0.084
bcl2,RTMScore/GlideSP,5.0,NEF,,0.996,3.226,1.0,40,1240,62,2,0.5,1.0,0.5,5.0,0.0,0.0,0.58,0.084
braf,RTMScore/GlideSP,0.5,NEF,,17.67,57.143,17.714,40,1240,7,4,0.976,40.0,0.549,57.143,0.23,0.162,0.89,0.429
braf,RTMScore/GlideSP,1.0,NEF,,11.893,38.462,11.923,40,1240,13,5,0.949,18.75,0.559,38.462,0.205,0.176,0.89,0.429
braf,RTMScore/GlideSP,5.0,NEF,,9.125,29.032,9.0,40,1240,62,18,0.925,12.273,0.707,45.0,0.335,0.327,0.89,0.429
catl,RTMScore/GlideSP,0.5,NEF,,0.0,0.0,0.0,40,1240,7,0,0.0,0.0,0.497,0.0,-0.014,-0.01,0.68,0.112
catl,RTMScore/GlideSP,1.0,NEF,,2.369,7.692,2.385,40,1240,13,1,0.714,2.5,0.507,7.692,0.026,0.022,0.68,0.112
catl,RTMScore/GlideSP,5.0,NEF,,2.981,9.677,3.0,40,1240,62,6,0.763,3.214,0.552,15.0,0.084,0.082,0.68,0.112
cdk2,RTMScore/GlideSP,0.5,NEF,,20.496,71.429,22.143,40,1240,7,5,0.987,75.0,0.562,71.429,0.291,0.205,0.859,0.636
cdk2,RTMScore/GlideSP,1.0,NEF,,20.496,69.231,21.462,40,1240,13,9,0.985,67.5,0.611,69.231,0.385,0.329,0.859,0.636
cdk2,RTMScore/GlideSP,5.0,NEF,,10.76,35.484,11.0,40,1240,62,22,0.943,16.5,0.758,55.0,0.419,0.408,0.859,0.636
cox1,RTMScore/GlideSP,0.5,NEF,,19.179,57.143,17.714,40,1240,7,4,0.976,40.0,0.549,57.143,0.23,0.162,0.7,0.448
cox1,RTMScore/GlideSP,1.0,NEF,,16.782,53.846,16.692,40,1240,13,7,0.972,35.0,0.585,53.846,0.295,0.252,0.7,0.448
cox1,RTMScore/GlideSP,5.0,NEF,,5.552,17.742,5.5,40,1240,62,11,0.866,6.471,0.616,27.5,0.188,0.184,0.7,0.448
cox2,RTMScore/GlideSP,0.5,NEF,,13.849,42.857,13.286,40,1240,7,3,0.957,22.5,0.536,42.857,0.169,0.119,0.909,0.794
cox2,RTMScore/GlideSP,1.0,NEF,,17.952,61.538,19.077,40,1240,13,8,0.98,48.0,0.598,61.538,0.34,0.291,0.909,0.794
cox2,RTMScore/GlideSP,5.0,NEF,,12.346,40.323,12.5,40,1240,62,25,0.953,20.27,0.797,62.5,0.482,0.469,0.909,0.794
ctsk,RTMScore/GlideSP,0.5,NEF,,21.964,71.429,22.143,40,1240,7,5,0.987,75.0,0.562,71.429,0.291,0.205,0.722,0.391
ctsk,RTMScore/GlideSP,1.0,NEF,,11.827,38.462,11.923,40,1240,13,5,0.949,18.75,0.559,38.462,0.205,0.176,0.722,0.391
ctsk,RTMScore/GlideSP,5.0,NEF,,4.96,16.129,5.0,40,1240,62,10,0.852,5.769,0.603,25.0,0.168,0.163,0.722,0.391
cyp2a6,RTMScore/GlideSP,0.5,NEF,,0.0,0.0,0.0,40,1240,7,0,0.0,0.0,0.497,0.0,-0.014,-0.01,0.571,0.001
cyp2a6,RTMScore/GlideSP,1.0,NEF,,0.0,0.0,0.0,40,1240,13,0,0.0,0.0,0.495,0.0,-0.019,-0.016,0.571,0.001
cyp2a6,RTMScore/GlideSP,5.0,NEF,,0.0,0.0,0.0,40,1240,62,0,0.0,0.0,0.474,0.0,-0.042,-0.041,0.571,0.001
dhfr,RTMScore/GlideSP,0.5,NEF,,30.425,100.0,31.0,40,1240,7,7,1.0,inf,0.588,100.0,0.413,0.291,0.83,0.788
dhfr,RTMScore/GlideSP,1.0,NEF,,28.085,92.308,28.615,40,1240,13,12,0.997,360.0,0.65,92.308,0.519,0.444,0.83,0.788
dhfr,RTMScore/GlideSP,5.0,NEF,,11.472,37.097,11.5,40,1240,62,23,0.947,17.692,0.771,57.5,0.44,0.429,0.83,0.788
egfr,RTMScore/GlideSP,0.5,NEF,,26.462,85.714,26.571,40,1240,7,6,0.994,180.0,0.575,85.714,0.352,0.248,0.813,0.672
egfr,RTMScore/GlideSP,1.0,NEF,,21.373,69.231,21.462,40,1240,13,9,0.985,67.5,0.611,69.231,0.385,0.329,0.813,0.672
egfr,RTMScore/GlideSP,5.0,NEF,,9.11,29.032,9.0,40,1240,62,18,0.925,12.273,0.707,45.0,0.335,0.327,0.813,0.672
ephb4,RTMScore/GlideSP,0.5,NEF,,31.179,100.0,31.0,40,1240,7,7,1.0,inf,0.588,100.0,0.413,0.291,0.841,0.737
ephb4,RTMScore/GlideSP,1.0,NEF,,28.781,92.308,28.615,40,1240,13,12,0.997,360.0,0.65,92.308,0.519,0.444,0.841,0.737
ephb4,RTMScore/GlideSP,5.0,NEF,,9.201,29.032,9.0,40,1240,62,18,0.925,12.273,0.707,45.0,0.335,0.327,0.841,0.737
erbb2,RTMScore/GlideSP,0.5,NEF,,29.425,100.0,31.0,40,1240,7,7,1.0,inf,0.588,100.0,0.413,0.291,0.993,1.051
erbb2,RTMScore/GlideSP,1.0,NEF,,29.425,92.308,28.615,40,1240,13,12,0.997,360.0,0.65,92.308,0.519,0.444,0.993,1.051
erbb2,RTMScore/GlideSP,5.0,NEF,,19.45,62.903,19.5,40,1240,62,39,0.981,50.87,0.978,97.5,0.775,0.755,0.993,1.051
er-beta,RTMScore/GlideSP,0.5,NEF,,28.448,85.714,26.571,40,1240,7,6,0.994,180.0,0.575,85.714,0.352,0.248,0.909,0.902
er-beta,RTMScore/GlideSP,1.0,NEF,,28.448,92.308,28.615,40,1240,13,12,0.997,360.0,0.65,92.308,0.519,0.444,0.909,0.902
er-beta,RTMScore/GlideSP,5.0,NEF,,11.515,37.097,11.5,40,1240,62,23,0.947,17.692,0.771,57.5,0.44,0.429,0.909,0.902
fgfr1,RTMScore/GlideSP,0.5,NEF,,30.333,100.0,31.0,40,1240,7,7,1.0,inf,0.588,100.0,0.413,0.291,0.9,0.779
fgfr1,RTMScore/GlideSP,1.0,NEF,,30.333,100.0,31.0,40,1240,13,13,1.0,inf,0.662,100.0,0.564,0.482,0.9,0.779
fgfr1,RTMScore/GlideSP,5.0,NEF,,10.617,33.871,10.5,40,1240,62,21,0.939,15.366,0.745,52.5,0.398,0.388,0.9,0.779
fkbp1a,RTMScore/GlideSP,0.5,NEF,,32.342,100.0,31.0,40,1240,7,7,1.0,inf,0.588,100.0,0.413,0.291,0.692,0.789
fkbp1a,RTMScore/GlideSP,1.0,NEF,,29.854,100.0,31.0,40,1240,13,13,1.0,inf,0.662,100.0,0.564,0.482,0.692,0.789
fkbp1a,RTMScore/GlideSP,5.0,NEF,,9.911,32.258,10.0,40,1240,62,20,0.935,14.286,0.732,50.0,0.377,0.367,0.692,0.789
fxa,RTMScore/GlideSP,0.5,NEF,,30.538,100.0,31.0,40,1240,7,7,1.0,inf,0.588,100.0,0.413,0.291,0.878,0.875
fxa,RTMScore/GlideSP,1.0,NEF,,27.994,92.308,28.615,40,1240,13,12,0.997,360.0,0.65,92.308,0.519,0.444,0.878,0.875
fxa,RTMScore/GlideSP,5.0,NEF,,12.724,40.323,12.5,40,1240,62,25,0.953,20.27,0.797,62.5,0.482,0.469,0.878,0.875
gba,RTMScore/GlideSP,0.5,NEF,,8.821,28.571,8.857,40,1240,7,2,0.923,12.0,0.523,28.571,0.108,0.076,0.425,0.166
gba,RTMScore/GlideSP,1.0,NEF,,4.75,15.385,4.769,40,1240,13,2,0.845,5.455,0.52,15.385,0.071,0.061,0.425,0.166
gba,RTMScore/GlideSP,5.0,NEF,,1.992,6.452,2.0,40,1240,62,4,0.674,2.069,0.526,10.0,0.042,0.041,0.425,0.166
gr,RTMScore/GlideSP,0.5,NEF,,17.443,57.143,17.714,40,1240,7,4,0.976,40.0,0.549,57.143,0.23,0.162,0.523,0.252
gr,RTMScore/GlideSP,1.0,NEF,,9.392,30.769,9.538,40,1240,13,4,0.93,13.333,0.546,30.769,0.16,0.137,0.523,0.252
gr,RTMScore/GlideSP,5.0,NEF,,1.969,6.452,2.0,40,1240,62,4,0.674,2.069,0.526,10.0,0.042,0.041,0.523,0.252
gsk3b,RTMScore/GlideSP,0.5,NEF,,26.418,85.714,26.571,40,1240,7,6,0.994,180.0,0.575,85.714,0.352,0.248,0.861,0.661
gsk3b,RTMScore/GlideSP,1.0,NEF,,23.708,76.923,23.846,40,1240,13,10,0.99,100.0,0.624,76.923,0.429,0.367,0.861,0.661
gsk3b,RTMScore/GlideSP,5.0,NEF,,8.084,25.806,8.0,40,1240,62,16,0.913,10.435,0.681,40.0,0.293,0.286,0.861,0.661
hdac2,RTMScore/GlideSP,0.5,NEF,,12.921,42.857,13.286,40,1240,7,3,0.957,22.5,0.536,42.857,0.169,0.119,0.729,0.264
hdac2,RTMScore/GlideSP,1.0,NEF,,9.277,30.769,9.538,40,1240,13,4,0.93,13.333,0.546,30.769,0.16,0.137,0.729,0.264
hdac2,RTMScore/GlideSP,5.0,NEF,,3.46,11.29,3.5,40,1240,62,7,0.792,3.818,0.565,17.5,0.105,0.102,0.729,0.264
hdac8,RTMScore/GlideSP,0.5,NEF,,0.0,0.0,0.0,40,1240,7,0,0.0,0.0,0.497,0.0,-0.014,-0.01,0.54,0.0
hdac8,RTMScore/GlideSP,1.0,NEF,,0.0,0.0,0.0,40,1240,13,0,0.0,0.0,0.495,0.0,-0.019,-0.016,0.54,0.0
hdac8,RTMScore/GlideSP,5.0,NEF,,0.0,0.0,0.0,40,1240,62,0,0.0,0.0,0.474,0.0,-0.042,-0.041,0.54,0.0
hiv1pr,RTMScore/GlideSP,0.5,NEF,,34.457,114.286,35.429,40,1240,7,8,1.004,inf,0.6,100.0,0.474,0.334,0.781,0.752
hiv1pr,RTMScore/GlideSP,1.0,NEF,,31.807,100.0,31.0,40,1240,13,13,1.0,inf,0.662,100.0,0.564,0.482,0.781,0.752
hiv1pr,RTMScore/GlideSP,5.0,NEF,,10.733,33.871,10.5,40,1240,62,21,0.939,15.366,0.745,52.5,0.398,0.388,0.781,0.752
hiv1rt,RTMScore/GlideSP,0.5,NEF,,14.085,42.857,13.286,40,1240,7,3,0.957,22.5,0.536,42.857,0.169,0.119,0.683,0.282
hiv1rt,RTMScore/GlideSP,1.0,NEF,,10.112,30.769,9.538,40,1240,13,4,0.93,13.333,0.546,30.769,0.16,0.137,0.683,0.282
hiv1rt,RTMScore/GlideSP,5.0,NEF,,3.771,12.903,4.0,40,1240,62,8,0.816,4.444,0.578,20.0,0.126,0.122,0.683,0.282
hmgr,RTMScore/GlideSP,0.5,NEF,,30.9,100.0,31.0,40,1240,7,7,1.0,inf,0.588,100.0,0.413,0.291,0.987,1.037
hmgr,RTMScore/GlideSP,1.0,NEF,,30.9,100.0,31.0,40,1240,13,13,1.0,inf,0.662,100.0,0.564,0.482,0.987,1.037
hmgr,RTMScore/GlideSP,5.0,NEF,,18.44,59.677,18.5,40,1240,62,37,0.978,44.4,0.952,92.5,0.733,0.714,0.987,1.037
hsp90,RTMScore/GlideSP,0.5,NEF,,30.325,100.0,31.0,40,1240,7,7,1.0,inf,0.588,100.0,0.413,0.291,0.77,0.683
hsp90,RTMScore/GlideSP,1.0,NEF,,23.327,76.923,23.846,40,1240,13,10,0.99,100.0,0.624,76.923,0.429,0.367,0.77,0.683
hsp90,RTMScore/GlideSP,5.0,NEF,,10.44,33.871,10.5,40,1240,62,21,0.939,15.366,0.745,52.5,0.398,0.388,0.77,0.683
igf1r,RTMScore/GlideSP,0.5,NEF,,20.211,71.429,22.143,40,1240,7,5,0.987,75.0,0.562,71.429,0.291,0.205,0.551,0.325
igf1r,RTMScore/GlideSP,1.0,NEF,,10.105,30.769,9.538,40,1240,13,4,0.93,13.333,0.546,30.769,0.16,0.137,0.551,0.325
igf1r,RTMScore/GlideSP,5.0,NEF,,3.136,9.677,3.0,40,1240,62,6,0.763,3.214,0.552,15.0,0.084,0.082,0.551,0.325
inha,RTMScore/GlideSP,0.5,NEF,,0.0,0.0,0.0,40,1240,7,0,0.0,0.0,0.497,0.0,-0.014,-0.01,0.616,0.029
inha,RTMScore/GlideSP,1.0,NEF,,0.0,0.0,0.0,40,1240,13,0,0.0,0.0,0.495,0.0,-0.019,-0.016,0.616,0.029
inha,RTMScore/GlideSP,5.0,NEF,,0.989,3.226,1.0,40,1240,62,2,0.5,1.0,0.5,5.0,0.0,0.0,0.616,0.029
itk,RTMScore/GlideSP,0.5,NEF,,4.343,14.286,4.429,40,1240,7,1,0.833,5.0,0.51,14.286,0.047,0.033,0.638,0.146
itk,RTMScore/GlideSP,1.0,NEF,,4.677,15.385,4.769,40,1240,13,2,0.845,5.455,0.52,15.385,0.071,0.061,0.638,0.146
itk,RTMScore/GlideSP,5.0,NEF,,1.993,6.452,2.0,40,1240,62,4,0.674,2.069,0.526,10.0,0.042,0.041,0.638,0.146
jak3,RTMScore/GlideSP,0.5,NEF,,30.692,100.0,31.0,40,1240,7,7,1.0,inf,0.588,100.0,0.413,0.291,0.879,0.738
jak3,RTMScore/GlideSP,1.0,NEF,,25.577,84.615,26.231,40,1240,13,11,0.994,165.0,0.637,84.615,0.474,0.406,0.879,0.738
jak3,RTMScore/GlideSP,5.0,NEF,,11.254,37.097,11.5,40,1240,62,23,0.947,17.692,0.771,57.5,0.44,0.429,0.879,0.738
jnk1,RTMScore/GlideSP,0.5,NEF,,31.368,100.0,31.0,40,1240,7,7,1.0,inf,0.588,100.0,0.413,0.291,0.723,0.575
jnk1,RTMScore/GlideSP,1.0,NEF,,26.14,84.615,26.231,40,1240,13,11,0.994,165.0,0.637,84.615,0.474,0.406,0.723,0.575
jnk1,RTMScore/GlideSP,5.0,NEF,,6.274,20.968,6.5,40,1240,62,13,0.888,7.959,0.642,32.5,0.23,0.224,0.723,0.575
jnk2,RTMScore/GlideSP,0.5,NEF,,29.667,100.0,31.0,40,1240,7,7,1.0,inf,0.588,100.0,0.413,0.291,0.476,0.448
jnk2,RTMScore/GlideSP,1.0,NEF,,17.306,53.846,16.692,40,1240,13,7,0.972,35.0,0.585,53.846,0.295,0.252,0.476,0.448
jnk2,RTMScore/GlideSP,5.0,NEF,,4.092,12.903,4.0,40,1240,62,8,0.816,4.444,0.578,20.0,0.126,0.122,0.476,0.448
jnk3,RTMScore/GlideSP,0.5,NEF,,26.593,85.714,26.571,40,1240,7,6,0.994,180.0,0.575,85.714,0.352,0.248,0.823,0.719
jnk3,RTMScore/GlideSP,1.0,NEF,,23.866,76.923,23.846,40,1240,13,10,0.99,100.0,0.624,76.923,0.429,0.367,0.823,0.719
jnk3,RTMScore/GlideSP,5.0,NEF,,9.664,30.645,9.5,40,1240,62,19,0.93,13.256,0.72,47.5,0.356,0.347,0.823,0.719
kif11,RTMScore/GlideSP,0.5,NEF,,4.35,14.286,4.429,40,1240,7,1,0.833,5.0,0.51,14.286,0.047,0.033,0.882,0.15
kif11,RTMScore/GlideSP,1.0,NEF,,2.342,7.692,2.385,40,1240,13,1,0.714,2.5,0.507,7.692,0.026,0.022,0.882,0.15
kif11,RTMScore/GlideSP,5.0,NEF,,3.494,11.29,3.5,40,1240,62,7,0.792,3.818,0.565,17.5,0.105,0.102,0.882,0.15
lck,RTMScore/GlideSP,0.5,NEF,,30.769,100.0,31.0,40,1240,7,7,1.0,inf,0.588,100.0,0.413,0.291,0.773,0.789
lck,RTMScore/GlideSP,1.0,NEF,,28.205,92.308,28.615,40,1240,13,12,0.997,360.0,0.65,92.308,0.519,0.444,0.773,0.789
lck,RTMScore/GlideSP,5.0,NEF,,11.795,38.71,12.0,40,1240,62,24,0.95,18.947,0.784,60.0,0.461,0.449,0.773,0.789
mdm2,RTMScore/GlideSP,0.5,NEF,,33.222,114.286,35.429,40,1240,7,8,1.004,inf,0.6,100.0,0.474,0.334,0.865,0.715
mdm2,RTMScore/GlideSP,1.0,NEF,,27.685,92.308,28.615,40,1240,13,12,0.997,360.0,0.65,92.308,0.519,0.444,0.865,0.715
mdm2,RTMScore/GlideSP,5.0,NEF,,12.181,38.71,12.0,40,1240,62,24,0.95,18.947,0.784,60.0,0.461,0.449,0.865,0.715
mk2,RTMScore/GlideSP,0.5,NEF,,26.306,85.714,26.571,40,1240,7,6,0.994,180.0,0.575,85.714,0.352,0.248,0.864,0.557
mk2,RTMScore/GlideSP,1.0,NEF,,18.414,61.538,19.077,40,1240,13,8,0.98,48.0,0.598,61.538,0.34,0.291,0.864,0.557
mk2,RTMScore/GlideSP,5.0,NEF,,9.096,29.032,9.0,40,1240,62,18,0.925,12.273,0.707,45.0,0.335,0.327,0.864,0.557
mmp2,RTMScore/GlideSP,0.5,NEF,,0.0,0.0,0.0,40,1240,7,0,0.0,0.0,0.497,0.0,-0.014,-0.01,0.516,0.0
mmp2,RTMScore/GlideSP,1.0,NEF,,0.0,0.0,0.0,40,1240,13,0,0.0,0.0,0.495,0.0,-0.019,-0.016,0.516,0.0
mmp2,RTMScore/GlideSP,5.0,NEF,,0.0,0.0,0.0,40,1240,62,0,0.0,0.0,0.474,0.0,-0.042,-0.041,0.516,0.0
na,RTMScore/GlideSP,0.5,NEF,,30.925,100.0,31.0,40,1240,7,7,1.0,inf,0.588,100.0,0.413,0.291,0.999,1.059
na,RTMScore/GlideSP,1.0,NEF,,30.925,100.0,31.0,40,1240,13,13,1.0,inf,0.662,100.0,0.564,0.482,0.999,1.059
na,RTMScore/GlideSP,5.0,NEF,,19.453,62.903,19.5,40,1240,62,39,0.981,50.87,0.978,97.5,0.775,0.755,0.999,1.059
p38-alpha,RTMScore/GlideSP,0.5,NEF,,30.575,100.0,31.0,40,1240,7,7,1.0,inf,0.588,100.0,0.413,0.291,0.774,0.839
p38-alpha,RTMScore/GlideSP,1.0,NEF,,28.223,92.308,28.615,40,1240,13,12,0.997,360.0,0.65,92.308,0.519,0.444,0.774,0.839
p38-alpha,RTMScore/GlideSP,5.0,NEF,,12.329,40.323,12.5,40,1240,62,25,0.953,20.27,0.797,62.5,0.482,0.469,0.774,0.839
parp-1,RTMScore/GlideSP,0.5,NEF,,30.15,100.0,31.0,40,1240,7,7,1.0,inf,0.588,100.0,0.413,0.291,0.969,1.003
parp-1,RTMScore/GlideSP,1.0,NEF,,30.15,100.0,31.0,40,1240,13,13,1.0,inf,0.662,100.0,0.564,0.482,0.969,1.003
parp-1,RTMScore/GlideSP,5.0,NEF,,17.299,56.452,17.5,40,1240,62,35,0.975,38.889,0.926,87.5,0.691,0.673,0.969,1.003
pde4b,RTMScore/GlideSP,0.5,NEF,,17.978,57.143,17.714,40,1240,7,4,0.976,40.0,0.549,57.143,0.23,0.162,0.838,0.373
pde4b,RTMScore/GlideSP,1.0,NEF,,12.101,38.462,11.923,40,1240,13,5,0.949,18.75,0.559,38.462,0.205,0.176,0.838,0.373
pde4b,RTMScore/GlideSP,5.0,NEF,,6.597,20.968,6.5,40,1240,62,13,0.888,7.959,0.642,32.5,0.23,0.224,0.838,0.373
pde5,RTMScore/GlideSP,0.5,NEF,,27.632,85.714,26.571,40,1240,7,6,0.994,180.0,0.575,85.714,0.352,0.248,0.76,0.507
pde5,RTMScore/GlideSP,1.0,NEF,,17.358,53.846,16.692,40,1240,13,7,0.972,35.0,0.585,53.846,0.295,0.252,0.76,0.507
pde5,RTMScore/GlideSP,5.0,NEF,,7.279,24.194,7.5,40,1240,62,15,0.905,9.574,0.668,37.5,0.272,0.265,0.76,0.507
pdk1,RTMScore/GlideSP,0.5,NEF,,31.553,100.0,31.0,40,1240,7,7,1.0,inf,0.588,100.0,0.413,0.291,0.971,0.983
pdk1,RTMScore/GlideSP,1.0,NEF,,31.553,100.0,31.0,40,1240,13,13,1.0,inf,0.662,100.0,0.564,0.482,0.971,0.983
pdk1,RTMScore/GlideSP,5.0,NEF,,17.354,56.452,17.5,40,1240,62,35,0.975,38.889,0.926,87.5,0.691,0.673,0.971,0.983
pi3kg,RTMScore/GlideSP,0.5,NEF,,30.744,100.0,31.0,40,1240,7,7,1.0,inf,0.588,100.0,0.413,0.291,0.922,0.839
pi3kg,RTMScore/GlideSP,1.0,NEF,,30.744,100.0,31.0,40,1240,13,13,1.0,inf,0.662,100.0,0.564,0.482,0.922,0.839
pi3kg,RTMScore/GlideSP,5.0,NEF,,12.81,41.935,13.0,40,1240,62,26,0.956,21.667,0.81,65.0,0.503,0.49,0.922,0.839
pim-1,RTMScore/GlideSP,0.5,NEF,,13.22,42.857,13.286,40,1240,7,3,0.957,22.5,0.536,42.857,0.169,0.119,0.932,0.59
pim-1,RTMScore/GlideSP,1.0,NEF,,16.609,53.846,16.692,40,1240,13,7,0.972,35.0,0.585,53.846,0.295,0.252,0.932,0.59
pim-1,RTMScore/GlideSP,5.0,NEF,,12.642,40.323,12.5,40,1240,62,25,0.953,20.27,0.797,62.5,0.482,0.469,0.932,0.59
pim-2,RTMScore/GlideSP,0.5,NEF,,8.821,28.571,8.857,40,1240,7,2,0.923,12.0,0.523,28.571,0.108,0.076,0.903,0.378
pim-2,RTMScore/GlideSP,1.0,NEF,,11.874,38.462,11.923,40,1240,13,5,0.949,18.75,0.559,38.462,0.205,0.176,0.903,0.378
pim-2,RTMScore/GlideSP,5.0,NEF,,10.122,32.258,10.0,40,1240,62,20,0.935,14.286,0.732,50.0,0.377,0.367,0.903,0.378
pnp,RTMScore/GlideSP,0.5,NEF,,30.725,100.0,31.0,40,1240,7,7,1.0,inf,0.588,100.0,0.413,0.291,0.732,0.786
pnp,RTMScore/GlideSP,1.0,NEF,,30.725,100.0,31.0,40,1240,13,13,1.0,inf,0.662,100.0,0.564,0.482,0.732,0.786
pnp,RTMScore/GlideSP,5.0,NEF,,8.92,29.032,9.0,40,1240,62,18,0.925,12.273,0.707,45.0,0.335,0.327,0.732,0.786
ppara,RTMScore/GlideSP,0.5,NEF,,28.974,100.0,31.0,40,1240,7,7,1.0,inf,0.588,100.0,0.413,0.291,0.703,0.664
ppara,RTMScore/GlideSP,1.0,NEF,,21.731,69.231,21.462,40,1240,13,9,0.985,67.5,0.611,69.231,0.385,0.329,0.703,0.664
ppara,RTMScore/GlideSP,5.0,NEF,,8.641,27.419,8.5,40,1240,62,17,0.919,11.333,0.694,42.5,0.314,0.306,0.703,0.664
pparg,RTMScore/GlideSP,0.5,NEF,,9.442,28.571,8.857,40,1240,7,2,0.923,12.0,0.523,28.571,0.108,0.076,0.72,0.279
pparg,RTMScore/GlideSP,1.0,NEF,,7.081,23.077,7.154,40,1240,13,3,0.9,9.0,0.533,23.077,0.116,0.099,0.72,0.279
pparg,RTMScore/GlideSP,5.0,NEF,,4.472,14.516,4.5,40,1240,62,9,0.836,5.094,0.59,22.5,0.147,0.143,0.72,0.279
pr,RTMScore/GlideSP,0.5,NEF,,9.743,28.571,8.857,40,1240,7,2,0.923,12.0,0.523,28.571,0.108,0.076,0.675,0.215
pr,RTMScore/GlideSP,1.0,NEF,,7.971,23.077,7.154,40,1240,13,3,0.9,9.0,0.533,23.077,0.116,0.099,0.675,0.215
pr,RTMScore/GlideSP,5.0,NEF,,2.81,9.677,3.0,40,1240,62,6,0.763,3.214,0.552,15.0,0.084,0.082,0.675,0.215
prkcq,RTMScore/GlideSP,0.5,NEF,,10.474,28.571,8.857,40,1240,7,2,0.923,12.0,0.523,28.571,0.108,0.076,0.87,0.401
prkcq,RTMScore/GlideSP,1.0,NEF,,10.474,30.769,9.538,40,1240,13,4,0.93,13.333,0.546,30.769,0.16,0.137,0.87,0.401
prkcq,RTMScore/GlideSP,5.0,NEF,,10.997,35.484,11.0,40,1240,62,22,0.943,16.5,0.758,55.0,0.419,0.408,0.87,0.401
pygl-in,RTMScore/GlideSP,0.5,NEF,,30.8,100.0,31.0,40,1240,7,7,1.0,inf,0.588,100.0,0.413,0.291,0.911,0.955
pygl-in,RTMScore/GlideSP,1.0,NEF,,30.8,100.0,31.0,40,1240,13,13,1.0,inf,0.662,100.0,0.564,0.482,0.911,0.955
pygl-in,RTMScore/GlideSP,5.0,NEF,,15.4,50.0,15.5,40,1240,62,31,0.968,30.0,0.875,77.5,0.607,0.592,0.911,0.955
pygl-out,RTMScore/GlideSP,0.5,NEF,,17.614,57.143,17.714,40,1240,7,4,0.976,40.0,0.549,57.143,0.23,0.162,0.739,0.428
pygl-out,RTMScore/GlideSP,1.0,NEF,,14.227,46.154,14.308,40,1240,13,6,0.963,25.714,0.572,46.154,0.25,0.214,0.739,0.428
pygl-out,RTMScore/GlideSP,5.0,NEF,,6.96,22.581,7.0,40,1240,62,14,0.897,8.75,0.655,35.0,0.251,0.245,0.739,0.428
qpct,RTMScore/GlideSP,0.5,NEF,,31.0,100.0,31.0,40,1240,7,7,1.0,inf,0.588,100.0,0.413,0.291,0.84,0.968
qpct,RTMScore/GlideSP,1.0,NEF,,31.0,100.0,31.0,40,1240,13,13,1.0,inf,0.662,100.0,0.564,0.482,0.84,0.968
qpct,RTMScore/GlideSP,5.0,NEF,,15.0,48.387,15.0,40,1240,62,30,0.966,28.125,0.862,75.0,0.586,0.571,0.84,0.968
rock-1,RTMScore/GlideSP,0.5,NEF,,22.051,71.429,22.143,40,1240,7,5,0.987,75.0,0.562,71.429,0.291,0.205,0.751,0.507
rock-1,RTMScore/GlideSP,1.0,NEF,,16.623,53.846,16.692,40,1240,13,7,0.972,35.0,0.585,53.846,0.295,0.252,0.751,0.507
rock-1,RTMScore/GlideSP,5.0,NEF,,7.591,24.194,7.5,40,1240,62,15,0.905,9.574,0.668,37.5,0.272,0.265,0.751,0.507
rxr,RTMScore/GlideSP,0.5,NEF,,24.789,85.714,26.571,40,1240,7,6,0.994,180.0,0.575,85.714,0.352,0.248,0.989,1.063
rxr,RTMScore/GlideSP,1.0,NEF,,24.789,76.923,23.846,40,1240,13,10,0.99,100.0,0.624,76.923,0.429,0.367,0.989,1.063
rxr,RTMScore/GlideSP,5.0,NEF,,18.076,58.065,18.0,40,1240,62,36,0.976,41.538,0.939,90.0,0.712,0.694,0.989,1.063
sars-hcov,RTMScore/GlideSP,0.5,NEF,,4.399,14.286,4.429,39,1209,7,1,0.833,5.0,0.51,14.286,0.048,0.034,0.614,0.109
sars-hcov,RTMScore/GlideSP,1.0,NEF,,4.738,15.385,4.769,39,1209,13,2,0.845,5.455,0.521,15.385,0.072,0.062,0.614,0.109
sars-hcov,RTMScore/GlideSP,5.0,NEF,,2.019,6.557,2.033,39,1209,61,4,0.678,2.105,0.527,10.256,0.043,0.042,0.614,0.109
sirt2,RTMScore/GlideSP,0.5,NEF,,0.0,0.0,0.0,40,1240,7,0,0.0,0.0,0.497,0.0,-0.014,-0.01,0.52,0.006
sirt2,RTMScore/GlideSP,1.0,NEF,,0.0,0.0,0.0,40,1240,13,0,0.0,0.0,0.495,0.0,-0.019,-0.016,0.52,0.006
sirt2,RTMScore/GlideSP,5.0,NEF,,0.999,3.226,1.0,40,1240,62,2,0.5,1.0,0.5,5.0,0.0,0.0,0.52,0.006
src,RTMScore/GlideSP,0.5,NEF,,26.659,85.714,26.571,40,1240,7,6,0.994,180.0,0.575,85.714,0.352,0.248,0.68,0.643
src,RTMScore/GlideSP,1.0,NEF,,23.925,76.923,23.846,40,1240,13,10,0.99,100.0,0.624,76.923,0.429,0.367,0.68,0.643
src,RTMScore/GlideSP,5.0,NEF,,8.158,25.806,8.0,40,1240,62,16,0.913,10.435,0.681,40.0,0.293,0.286,0.68,0.643
thrombin,RTMScore/GlideSP,0.5,NEF,,31.737,100.0,31.0,40,1240,7,7,1.0,inf,0.588,100.0,0.413,0.291,0.94,0.932
thrombin,RTMScore/GlideSP,1.0,NEF,,29.296,92.308,28.615,40,1240,13,12,0.997,360.0,0.65,92.308,0.519,0.444,0.94,0.932
thrombin,RTMScore/GlideSP,5.0,NEF,,16.129,51.613,16.0,40,1240,62,32,0.97,32.0,0.888,80.0,0.628,0.612,0.94,0.932
tie2,RTMScore/GlideSP,0.5,NEF,,30.615,100.0,31.0,40,1240,7,7,1.0,inf,0.588,100.0,0.413,0.291,0.607,0.609
tie2,RTMScore/GlideSP,1.0,NEF,,25.513,84.615,26.231,40,1240,13,11,0.994,165.0,0.637,84.615,0.474,0.406,0.607,0.609
tie2,RTMScore/GlideSP,5.0,NEF,,6.123,19.355,6.0,40,1240,62,12,0.878,7.2,0.629,30.0,0.209,0.204,0.607,0.609
tk,RTMScore/GlideSP,0.5,NEF,,26.421,85.714,26.571,40,1240,7,6,0.994,180.0,0.575,85.714,0.352,0.248,0.742,0.804
tk,RTMScore/GlideSP,1.0,NEF,,26.083,84.615,26.231,40,1240,13,11,0.994,165.0,0.637,84.615,0.474,0.406,0.742,0.804
tk,RTMScore/GlideSP,5.0,NEF,,11.932,38.71,12.0,40,1240,62,24,0.95,18.947,0.784,60.0,0.461,0.449,0.742,0.804
tp,RTMScore/GlideSP,0.5,NEF,,26.12,85.714,26.571,40,1240,7,6,0.994,180.0,0.575,85.714,0.352,0.248,0.711,0.645
tp,RTMScore/GlideSP,1.0,NEF,,22.795,76.923,23.846,40,1240,13,10,0.99,100.0,0.624,76.923,0.429,0.367,0.711,0.645
tp,RTMScore/GlideSP,5.0,NEF,,7.375,24.194,7.5,40,1240,62,15,0.905,9.574,0.668,37.5,0.272,0.265,0.711,0.645
tpa,RTMScore/GlideSP,0.5,NEF,,30.579,100.0,31.0,40,1240,7,7,1.0,inf,0.588,100.0,0.413,0.291,0.896,0.983
tpa,RTMScore/GlideSP,1.0,NEF,,30.579,100.0,31.0,40,1240,13,13,1.0,inf,0.662,100.0,0.564,0.482,0.896,0.983
tpa,RTMScore/GlideSP,5.0,NEF,,15.03,48.387,15.0,40,1240,62,30,0.966,28.125,0.862,75.0,0.586,0.571,0.896,0.983
ts,RTMScore/GlideSP,0.5,NEF,,17.343,57.143,17.7,40,1239,7,4,0.976,39.967,0.549,57.143,0.23,0.162,0.66,0.325
ts,RTMScore/GlideSP,1.0,NEF,,9.338,30.769,9.531,40,1239,13,4,0.93,13.322,0.546,30.769,0.16,0.137,0.66,0.325
ts,RTMScore/GlideSP,5.0,NEF,,4.975,16.129,4.996,40,1239,62,10,0.852,5.764,0.603,25.0,0.168,0.163,0.66,0.325
upa,RTMScore/GlideSP,0.5,NEF,,29.875,100.0,31.0,40,1240,7,7,1.0,inf,0.588,100.0,0.413,0.291,0.743,0.842
upa,RTMScore/GlideSP,1.0,NEF,,29.875,100.0,31.0,40,1240,13,13,1.0,inf,0.662,100.0,0.564,0.482,0.743,0.842
upa,RTMScore/GlideSP,5.0,NEF,,9.958,32.258,10.0,40,1240,62,20,0.935,14.286,0.732,50.0,0.377,0.367,0.743,0.842
vegfr1,RTMScore/GlideSP,0.5,NEF,,19.842,57.143,17.714,40,1240,7,4,0.976,40.0,0.549,57.143,0.23,0.162,0.694,0.538
vegfr1,RTMScore/GlideSP,1.0,NEF,,22.322,69.231,21.462,40,1240,13,9,0.985,67.5,0.611,69.231,0.385,0.329,0.694,0.538
vegfr1,RTMScore/GlideSP,5.0,NEF,,8.355,27.419,8.5,40,1240,62,17,0.919,11.333,0.694,42.5,0.314,0.306,0.694,0.538
vegfr2,RTMScore/GlideSP,0.5,NEF,,22.876,71.429,22.143,40,1240,7,5,0.987,75.0,0.562,71.429,0.291,0.205,0.858,0.598
vegfr2,RTMScore/GlideSP,1.0,NEF,,27.099,84.615,26.231,40,1240,13,11,0.994,165.0,0.637,84.615,0.474,0.406,0.858,0.598
vegfr2,RTMScore/GlideSP,5.0,NEF,,7.35,24.194,7.5,40,1240,62,15,0.905,9.574,0.668,37.5,0.272,0.265,0.858,0.598
11betahsd1,Surflex,0.5,NEF,,4.43,14.286,4.429,40,1240,7,1,0.833,5.0,0.51,14.286,0.047,0.033,0.737,0.215
11betahsd1,Surflex,1.0,NEF,,9.54,30.769,9.538,40,1240,13,4,0.93,13.333,0.546,30.769,0.16,0.137,0.737,0.215
11betahsd1,Surflex,5.0,NEF,,4.5,14.516,4.5,40,1240,62,9,0.836,5.094,0.59,22.5,0.147,0.143,0.737,0.215
17betahsd1,Surflex,0.5,NEF,,4.43,14.286,4.429,40,1240,7,1,0.833,5.0,0.51,14.286,0.047,0.033,0.483,0.053
17betahsd1,Surflex,1.0,NEF,,2.38,7.692,2.385,40,1240,13,1,0.714,2.5,0.507,7.692,0.026,0.022,0.483,0.053
17betahsd1,Surflex,5.0,NEF,,1.0,3.226,1.0,40,1240,62,2,0.5,1.0,0.5,5.0,0.0,0.0,0.483,0.053
a2a,Surflex,0.5,NEF,,17.71,57.143,17.714,40,1240,7,4,0.976,40.0,0.549,57.143,0.23,0.162,0.69,0.378
a2a,Surflex,1.0,NEF,,16.69,53.846,16.692,40,1240,13,7,0.972,35.0,0.585,53.846,0.295,0.252,0.69,0.378
a2a,Surflex,5.0,NEF,,4.0,12.903,4.0,40,1240,62,8,0.816,4.444,0.578,20.0,0.126,0.122,0.69,0.378
ace,Surflex,0.5,NEF,,4.43,14.286,4.429,40,1240,7,1,0.833,5.0,0.51,14.286,0.047,0.033,0.704,0.243
ace,Surflex,1.0,NEF,,9.54,30.769,9.538,40,1240,13,4,0.93,13.333,0.546,30.769,0.16,0.137,0.704,0.243
ace,Surflex,5.0,NEF,,5.5,17.742,5.5,40,1240,62,11,0.866,6.471,0.616,27.5,0.188,0.184,0.704,0.243
ace2,Surflex,0.5,NEF,,4.43,14.286,4.429,40,1240,7,1,0.833,5.0,0.51,14.286,0.047,0.033,0.757,0.187
ace2,Surflex,1.0,NEF,,4.77,15.385,4.769,40,1240,13,2,0.845,5.455,0.52,15.385,0.071,0.061,0.757,0.187
ace2,Surflex,5.0,NEF,,4.0,12.903,4.0,40,1240,62,8,0.816,4.444,0.578,20.0,0.126,0.122,0.757,0.187
ache,Surflex,0.5,NEF,,0.0,0.0,0.0,40,1240,7,0,0.0,0.0,0.497,0.0,-0.014,-0.01,0.655,0.186
ache,Surflex,1.0,NEF,,2.38,7.692,2.385,40,1240,13,1,0.714,2.5,0.507,7.692,0.026,0.022,0.655,0.186
ache,Surflex,5.0,NEF,,6.0,19.355,6.0,40,1240,62,12,0.878,7.2,0.629,30.0,0.209,0.204,0.655,0.186
adam17,Surflex,0.5,NEF,,13.29,42.857,13.286,40,1240,7,3,0.957,22.5,0.536,42.857,0.169,0.119,0.766,0.251
adam17,Surflex,1.0,NEF,,7.15,23.077,7.154,40,1240,13,3,0.9,9.0,0.533,23.077,0.116,0.099,0.766,0.251
adam17,Surflex,5.0,NEF,,5.0,16.129,5.0,40,1240,62,10,0.852,5.769,0.603,25.0,0.168,0.163,0.766,0.251
adrb2,Surflex,0.5,NEF,,8.86,28.571,8.857,40,1240,7,2,0.923,12.0,0.523,28.571,0.108,0.076,0.863,0.301
adrb2,Surflex,1.0,NEF,,11.92,38.462,11.923,40,1240,13,5,0.949,18.75,0.559,38.462,0.205,0.176,0.863,0.301
adrb2,Surflex,5.0,NEF,,5.0,16.129,5.0,40,1240,62,10,0.852,5.769,0.603,25.0,0.168,0.163,0.863,0.301
akt1,Surflex,0.5,NEF,,17.71,57.143,17.714,40,1240,7,4,0.976,40.0,0.549,57.143,0.23,0.162,0.679,0.358
akt1,Surflex,1.0,NEF,,11.92,38.462,11.923,40,1240,13,5,0.949,18.75,0.559,38.462,0.205,0.176,0.679,0.358
akt1,Surflex,5.0,NEF,,5.5,17.742,5.5,40,1240,62,11,0.866,6.471,0.616,27.5,0.188,0.184,0.679,0.358
alr2,Surflex,0.5,NEF,,4.43,14.286,4.429,40,1240,7,1,0.833,5.0,0.51,14.286,0.047,0.033,0.605,0.112
alr2,Surflex,1.0,NEF,,2.38,7.692,2.385,40,1240,13,1,0.714,2.5,0.507,7.692,0.026,0.022,0.605,0.112
alr2,Surflex,5.0,NEF,,3.5,11.29,3.5,40,1240,62,7,0.792,3.818,0.565,17.5,0.105,0.102,0.605,0.112
ar,Surflex,0.5,NEF,,4.43,14.286,4.429,40,1240,7,1,0.833,5.0,0.51,14.286,0.047,0.033,0.716,0.172
ar,Surflex,1.0,NEF,,4.77,15.385,4.769,40,1240,13,2,0.845,5.455,0.52,15.385,0.071,0.061,0.716,0.172
ar,Surflex,5.0,NEF,,4.5,14.516,4.5,40,1240,62,9,0.836,5.094,0.59,22.5,0.147,0.143,0.716,0.172
aurka,Surflex,0.5,NEF,,4.43,14.286,4.429,40,1240,7,1,0.833,5.0,0.51,14.286,0.047,0.033,0.75,0.108
aurka,Surflex,1.0,NEF,,2.38,7.692,2.385,40,1240,13,1,0.714,2.5,0.507,7.692,0.026,0.022,0.75,0.108
aurka,Surflex,5.0,NEF,,3.5,11.29,3.5,40,1240,62,7,0.792,3.818,0.565,17.5,0.105,0.102,0.75,0.108
aurkb,Surflex,0.5,NEF,,4.43,14.286,4.429,40,1240,7,1,0.833,5.0,0.51,14.286,0.047,0.033,0.696,0.166
aurkb,Surflex,1.0,NEF,,2.38,7.692,2.385,40,1240,13,1,0.714,2.5,0.507,7.692,0.026,0.022,0.696,0.166
aurkb,Surflex,5.0,NEF,,3.5,11.29,3.5,40,1240,62,7,0.792,3.818,0.565,17.5,0.105,0.102,0.696,0.166
bcl2,Surflex,0.5,NEF,,0.0,0.0,0.0,40,1240,7,0,0.0,0.0,0.497,0.0,-0.014,-0.01,0.53,0.076
bcl2,Surflex,1.0,NEF,,2.38,7.692,2.385,40,1240,13,1,0.714,2.5,0.507,7.692,0.026,0.022,0.53,0.076
bcl2,Surflex,5.0,NEF,,1.5,4.839,1.5,40,1240,62,3,0.604,1.525,0.513,7.5,0.021,0.02,0.53,0.076
braf,Surflex,0.5,NEF,,0.0,0.0,0.0,40,1240,7,0,0.0,0.0,0.497,0.0,-0.014,-0.01,0.626,0.033
braf,Surflex,1.0,NEF,,0.0,0.0,0.0,40,1240,13,0,0.0,0.0,0.495,0.0,-0.019,-0.016,0.626,0.033
braf,Surflex,5.0,NEF,,1.0,3.226,1.0,40,1240,62,2,0.5,1.0,0.5,5.0,0.0,0.0,0.626,0.033
catl,Surflex,0.5,NEF,,4.43,14.286,4.429,40,1240,7,1,0.833,5.0,0.51,14.286,0.047,0.033,0.717,0.058
catl,Surflex,1.0,NEF,,2.38,7.692,2.385,40,1240,13,1,0.714,2.5,0.507,7.692,0.026,0.022,0.717,0.058
catl,Surflex,5.0,NEF,,2.0,6.452,2.0,40,1240,62,4,0.674,2.069,0.526,10.0,0.042,0.041,0.717,0.058
cdk2,Surflex,0.5,NEF,,8.86,28.571,8.857,40,1240,7,2,0.923,12.0,0.523,28.571,0.108,0.076,0.659,0.179
cdk2,Surflex,1.0,NEF,,4.77,15.385,4.769,40,1240,13,2,0.845,5.455,0.52,15.385,0.071,0.061,0.659,0.179
cdk2,Surflex,5.0,NEF,,4.0,12.903,4.0,40,1240,62,8,0.816,4.444,0.578,20.0,0.126,0.122,0.659,0.179
cox1,Surflex,0.5,NEF,,8.84,28.571,8.857,40,1240,7,2,0.923,12.0,0.523,28.571,0.108,0.076,0.717,0.281
cox1,Surflex,1.0,NEF,,11.89,38.462,11.923,40,1240,13,5,0.949,18.75,0.559,38.462,0.205,0.176,0.717,0.281
cox1,Surflex,5.0,NEF,,5.99,19.355,6.0,40,1240,62,12,0.878,7.2,0.629,30.0,0.209,0.204,0.717,0.281
cox2,Surflex,0.5,NEF,,4.43,14.286,4.429,40,1240,7,1,0.833,5.0,0.51,14.286,0.047,0.033,0.88,0.18
cox2,Surflex,1.0,NEF,,2.38,7.692,2.385,40,1240,13,1,0.714,2.5,0.507,7.692,0.026,0.022,0.88,0.18
cox2,Surflex,5.0,NEF,,6.0,19.355,6.0,40,1240,62,12,0.878,7.2,0.629,30.0,0.209,0.204,0.88,0.18
ctsk,Surflex,0.5,NEF,,4.43,14.286,4.429,40,1240,7,1,0.833,5.0,0.51,14.286,0.047,0.033,0.725,0.136
ctsk,Surflex,1.0,NEF,,4.77,15.385,4.769,40,1240,13,2,0.845,5.455,0.52,15.385,0.071,0.061,0.725,0.136
ctsk,Surflex,5.0,NEF,,2.5,8.065,2.5,40,1240,62,5,0.725,2.632,0.539,12.5,0.063,0.061,0.725,0.136
cyp2a6,Surflex,0.5,NEF,,0.0,0.0,0.0,40,1240,7,0,0.0,0.0,0.497,0.0,-0.014,-0.01,0.637,0.001
cyp2a6,Surflex,1.0,NEF,,0.0,0.0,0.0,40,1240,13,0,0.0,0.0,0.495,0.0,-0.019,-0.016,0.637,0.001
cyp2a6,Surflex,5.0,NEF,,0.0,0.0,0.0,40,1240,62,0,0.0,0.0,0.474,0.0,-0.042,-0.041,0.637,0.001
dhfr,Surflex,0.5,NEF,,8.86,28.571,8.857,40,1240,7,2,0.923,12.0,0.523,28.571,0.108,0.076,0.665,0.234
dhfr,Surflex,1.0,NEF,,7.15,23.077,7.154,40,1240,13,3,0.9,9.0,0.533,23.077,0.116,0.099,0.665,0.234
dhfr,Surflex,5.0,NEF,,4.5,14.516,4.5,40,1240,62,9,0.836,5.094,0.59,22.5,0.147,0.143,0.665,0.234
egfr,Surflex,0.5,NEF,,4.43,14.286,4.429,40,1240,7,1,0.833,5.0,0.51,14.286,0.047,0.033,0.578,0.121
egfr,Surflex,1.0,NEF,,4.77,15.385,4.769,40,1240,13,2,0.845,5.455,0.52,15.385,0.071,0.061,0.578,0.121
egfr,Surflex,5.0,NEF,,2.0,6.452,2.0,40,1240,62,4,0.674,2.069,0.526,10.0,0.042,0.041,0.578,0.121
ephb4,Surflex,0.5,NEF,,8.86,28.571,8.857,40,1240,7,2,0.923,12.0,0.523,28.571,0.108,0.076,0.69,0.192
ephb4,Surflex,1.0,NEF,,7.15,23.077,7.154,40,1240,13,3,0.9,9.0,0.533,23.077,0.116,0.099,0.69,0.192
ephb4,Surflex,5.0,NEF,,3.0,9.677,3.0,40,1240,62,6,0.763,3.214,0.552,15.0,0.084,0.082,0.69,0.192
erbb2,Surflex,0.5,NEF,,26.57,85.714,26.571,40,1240,7,6,0.994,180.0,0.575,85.714,0.352,0.248,0.87,0.674
erbb2,Surflex,1.0,NEF,,21.46,69.231,21.462,40,1240,13,9,0.985,67.5,0.611,69.231,0.385,0.329,0.87,0.674
erbb2,Surflex,5.0,NEF,,11.5,37.097,11.5,40,1240,62,23,0.947,17.692,0.771,57.5,0.44,0.429,0.87,0.674
er-beta,Surflex,0.5,NEF,,8.86,28.571,8.857,40,1240,7,2,0.923,12.0,0.523,28.571,0.108,0.076,0.7,0.317
er-beta,Surflex,1.0,NEF,,9.54,30.769,9.538,40,1240,13,4,0.93,13.333,0.546,30.769,0.16,0.137,0.7,0.317
er-beta,Surflex,5.0,NEF,,6.0,19.355,6.0,40,1240,62,12,0.878,7.2,0.629,30.0,0.209,0.204,0.7,0.317
fgfr1,Surflex,0.5,NEF,,4.43,14.286,4.429,40,1240,7,1,0.833,5.0,0.51,14.286,0.047,0.033,0.73,0.137
fgfr1,Surflex,1.0,NEF,,4.77,15.385,4.769,40,1240,13,2,0.845,5.455,0.52,15.385,0.071,0.061,0.73,0.137
fgfr1,Surflex,5.0,NEF,,3.5,11.29,3.5,40,1240,62,7,0.792,3.818,0.565,17.5,0.105,0.102,0.73,0.137
fkbp1a,Surflex,0.5,NEF,,4.43,14.286,4.429,40,1240,7,1,0.833,5.0,0.51,14.286,0.047,0.033,0.685,0.152
fkbp1a,Surflex,1.0,NEF,,4.77,15.385,4.769,40,1240,13,2,0.845,5.455,0.52,15.385,0.071,0.061,0.685,0.152
fkbp1a,Surflex,5.0,NEF,,3.0,9.677,3.0,40,1240,62,6,0.763,3.214,0.552,15.0,0.084,0.082,0.685,0.152
fxa,Surflex,0.5,NEF,,26.57,85.714,26.571,40,1240,7,6,0.994,180.0,0.575,85.714,0.352,0.248,0.871,0.571
fxa,Surflex,1.0,NEF,,19.08,61.538,19.077,40,1240,13,8,0.98,48.0,0.598,61.538,0.34,0.291,0.871,0.571
fxa,Surflex,5.0,NEF,,8.5,27.419,8.5,40,1240,62,17,0.919,11.333,0.694,42.5,0.314,0.306,0.871,0.571
gba,Surflex,0.5,NEF,,13.29,42.857,13.286,40,1240,7,3,0.957,22.5,0.536,42.857,0.169,0.119,0.537,0.213
gba,Surflex,1.0,NEF,,7.15,23.077,7.154,40,1240,13,3,0.9,9.0,0.533,23.077,0.116,0.099,0.537,0.213
gba,Surflex,5.0,NEF,,3.0,9.677,3.0,40,1240,62,6,0.763,3.214,0.552,15.0,0.084,0.082,0.537,0.213
gr,Surflex,0.5,NEF,,0.0,0.0,0.0,40,1240,7,0,0.0,0.0,0.497,0.0,-0.014,-0.01,0.578,0.028
gr,Surflex,1.0,NEF,,0.0,0.0,0.0,40,1240,13,0,0.0,0.0,0.495,0.0,-0.019,-0.016,0.578,0.028
gr,Surflex,5.0,NEF,,1.5,4.839,1.5,40,1240,62,3,0.604,1.525,0.513,7.5,0.021,0.02,0.578,0.028
gsk3b,Surflex,0.5,NEF,,8.86,28.571,8.857,40,1240,7,2,0.923,12.0,0.523,28.571,0.108,0.076,0.621,0.218
gsk3b,Surflex,1.0,NEF,,9.54,30.769,9.538,40,1240,13,4,0.93,13.333,0.546,30.769,0.16,0.137,0.621,0.218
gsk3b,Surflex,5.0,NEF,,2.5,8.065,2.5,40,1240,62,5,0.725,2.632,0.539,12.5,0.063,0.061,0.621,0.218
hdac2,Surflex,0.5,NEF,,17.71,57.143,17.714,40,1240,7,4,0.976,40.0,0.549,57.143,0.23,0.162,0.766,0.417
hdac2,Surflex,1.0,NEF,,16.69,53.846,16.692,40,1240,13,7,0.972,35.0,0.585,53.846,0.295,0.252,0.766,0.417
hdac2,Surflex,5.0,NEF,,5.5,17.742,5.5,40,1240,62,11,0.866,6.471,0.616,27.5,0.188,0.184,0.766,0.417
hdac8,Surflex,0.5,NEF,,4.43,14.286,4.429,40,1240,7,1,0.833,5.0,0.51,14.286,0.047,0.033,0.572,0.145
hdac8,Surflex,1.0,NEF,,7.15,23.077,7.154,40,1240,13,3,0.9,9.0,0.533,23.077,0.116,0.099,0.572,0.145
hdac8,Surflex,5.0,NEF,,2.0,6.452,2.0,40,1240,62,4,0.674,2.069,0.526,10.0,0.042,0.041,0.572,0.145
hiv1pr,Surflex,0.5,NEF,,4.43,14.286,4.429,40,1240,7,1,0.833,5.0,0.51,14.286,0.047,0.033,0.823,0.242
hiv1pr,Surflex,1.0,NEF,,4.77,15.385,4.769,40,1240,13,2,0.845,5.455,0.52,15.385,0.071,0.061,0.823,0.242
hiv1pr,Surflex,5.0,NEF,,6.5,20.968,6.5,40,1240,62,13,0.888,7.959,0.642,32.5,0.23,0.224,0.823,0.242
hiv1rt,Surflex,0.5,NEF,,0.0,0.0,0.0,40,1240,7,0,0.0,0.0,0.497,0.0,-0.014,-0.01,0.572,0.039
hiv1rt,Surflex,1.0,NEF,,0.0,0.0,0.0,40,1240,13,0,0.0,0.0,0.495,0.0,-0.019,-0.016,0.572,0.039
hiv1rt,Surflex,5.0,NEF,,1.0,3.226,1.0,40,1240,62,2,0.5,1.0,0.5,5.0,0.0,0.0,0.572,0.039
hmgr,Surflex,0.5,NEF,,31.0,100.0,31.0,40,1240,7,7,1.0,inf,0.588,100.0,0.413,0.291,0.99,1.044
hmgr,Surflex,1.0,NEF,,31.0,100.0,31.0,40,1240,13,13,1.0,inf,0.662,100.0,0.564,0.482,0.99,1.044
hmgr,Surflex,5.0,NEF,,19.0,61.29,19.0,40,1240,62,38,0.979,47.5,0.965,95.0,0.754,0.735,0.99,1.044
hsp90,Surflex,0.5,NEF,,0.0,0.0,0.0,40,1240,7,0,0.0,0.0,0.497,0.0,-0.014,-0.01,0.614,0.032
hsp90,Surflex,1.0,NEF,,0.0,0.0,0.0,40,1240,13,0,0.0,0.0,0.495,0.0,-0.019,-0.016,0.614,0.032
hsp90,Surflex,5.0,NEF,,1.5,4.839,1.5,40,1240,62,3,0.604,1.525,0.513,7.5,0.021,0.02,0.614,0.032
igf1r,Surflex,0.5,NEF,,0.0,0.0,0.0,40,1240,7,0,0.0,0.0,0.497,0.0,-0.014,-0.01,0.586,0.021
igf1r,Surflex,1.0,NEF,,0.0,0.0,0.0,40,1240,13,0,0.0,0.0,0.495,0.0,-0.019,-0.016,0.586,0.021
igf1r,Surflex,5.0,NEF,,0.5,1.613,0.5,40,1240,62,1,0.33,0.492,0.487,2.5,-0.021,-0.02,0.586,0.021
inha,Surflex,0.5,NEF,,13.29,42.857,13.286,40,1240,7,3,0.957,22.5,0.536,42.857,0.169,0.119,0.607,0.246
inha,Surflex,1.0,NEF,,9.54,30.769,9.538,40,1240,13,4,0.93,13.333,0.546,30.769,0.16,0.137,0.607,0.246
inha,Surflex,5.0,NEF,,4.5,14.516,4.5,40,1240,62,9,0.836,5.094,0.59,22.5,0.147,0.143,0.607,0.246
itk,Surflex,0.5,NEF,,0.0,0.0,0.0,40,1240,7,0,0.0,0.0,0.497,0.0,-0.014,-0.01,0.484,0.045
itk,Surflex,1.0,NEF,,0.0,0.0,0.0,40,1240,13,0,0.0,0.0,0.495,0.0,-0.019,-0.016,0.484,0.045
itk,Surflex,5.0,NEF,,1.0,3.226,1.0,40,1240,62,2,0.5,1.0,0.5,5.0,0.0,0.0,0.484,0.045
jak3,Surflex,0.5,NEF,,4.43,14.286,4.429,40,1240,7,1,0.833,5.0,0.51,14.286,0.047,0.033,0.726,0.115
jak3,Surflex,1.0,NEF,,4.77,15.385,4.769,40,1240,13,2,0.845,5.455,0.52,15.385,0.071,0.061,0.726,0.115
jak3,Surflex,5.0,NEF,,2.5,8.065,2.5,40,1240,62,5,0.725,2.632,0.539,12.5,0.063,0.061,0.726,0.115
jnk1,Surflex,0.5,NEF,,4.43,14.286,4.429,40,1240,7,1,0.833,5.0,0.51,14.286,0.047,0.033,0.521,0.073
jnk1,Surflex,1.0,NEF,,2.38,7.692,2.385,40,1240,13,1,0.714,2.5,0.507,7.692,0.026,0.022,0.521,0.073
jnk1,Surflex,5.0,NEF,,0.5,1.613,0.5,40,1240,62,1,0.33,0.492,0.487,2.5,-0.021,-0.02,0.521,0.073
jnk2,Surflex,0.5,NEF,,17.71,57.143,17.714,40,1240,7,4,0.976,40.0,0.549,57.143,0.23,0.162,0.583,0.306
jnk2,Surflex,1.0,NEF,,11.92,38.462,11.923,40,1240,13,5,0.949,18.75,0.559,38.462,0.205,0.176,0.583,0.306
jnk2,Surflex,5.0,NEF,,2.5,8.065,2.5,40,1240,62,5,0.725,2.632,0.539,12.5,0.063,0.061,0.583,0.306
jnk3,Surflex,0.5,NEF,,0.0,0.0,0.0,40,1240,7,0,0.0,0.0,0.497,0.0,-0.014,-0.01,0.628,0.074
jnk3,Surflex,1.0,NEF,,2.38,7.692,2.385,40,1240,13,1,0.714,2.5,0.507,7.692,0.026,0.022,0.628,0.074
jnk3,Surflex,5.0,NEF,,1.5,4.839,1.5,40,1240,62,3,0.604,1.525,0.513,7.5,0.021,0.02,0.628,0.074
kif11,Surflex,0.5,NEF,,8.86,28.571,8.857,40,1240,7,2,0.923,12.0,0.523,28.571,0.108,0.076,0.799,0.219
kif11,Surflex,1.0,NEF,,9.54,30.769,9.538,40,1240,13,4,0.93,13.333,0.546,30.769,0.16,0.137,0.799,0.219
kif11,Surflex,5.0,NEF,,3.0,9.677,3.0,40,1240,62,6,0.763,3.214,0.552,15.0,0.084,0.082,0.799,0.219
lck,Surflex,0.5,NEF,,8.86,28.571,8.857,40,1240,7,2,0.923,12.0,0.523,28.571,0.108,0.076,0.694,0.274
lck,Surflex,1.0,NEF,,7.15,23.077,7.154,40,1240,13,3,0.9,9.0,0.533,23.077,0.116,0.099,0.694,0.274
lck,Surflex,5.0,NEF,,4.5,14.516,4.5,40,1240,62,9,0.836,5.094,0.59,22.5,0.147,0.143,0.694,0.274
mdm2,Surflex,0.5,NEF,,0.0,0.0,0.0,40,1240,7,0,0.0,0.0,0.497,0.0,-0.014,-0.01,0.489,0.051
mdm2,Surflex,1.0,NEF,,2.38,7.692,2.385,40,1240,13,1,0.714,2.5,0.507,7.692,0.026,0.022,0.489,0.051
mdm2,Surflex,5.0,NEF,,2.0,6.452,2.0,40,1240,62,4,0.674,2.069,0.526,10.0,0.042,0.041,0.489,0.051
mk2,Surflex,0.5,NEF,,0.0,0.0,0.0,40,1240,7,0,0.0,0.0,0.497,0.0,-0.014,-0.01,0.639,0.01
mk2,Surflex,1.0,NEF,,0.0,0.0,0.0,40,1240,13,0,0.0,0.0,0.495,0.0,-0.019,-0.016,0.639,0.01
mk2,Surflex,5.0,NEF,,1.5,4.839,1.5,40,1240,62,3,0.604,1.525,0.513,7.5,0.021,0.02,0.639,0.01
mmp2,Surflex,0.5,NEF,,8.86,28.571,8.857,40,1240,7,2,0.923,12.0,0.523,28.571,0.108,0.076,0.554,0.166
mmp2,Surflex,1.0,NEF,,7.15,23.077,7.154,40,1240,13,3,0.9,9.0,0.533,23.077,0.116,0.099,0.554,0.166
mmp2,Surflex,5.0,NEF,,2.5,8.065,2.5,40,1240,62,5,0.725,2.632,0.539,12.5,0.063,0.061,0.554,0.166
na,Surflex,0.5,NEF,,13.29,42.857,13.286,40,1240,7,3,0.957,22.5,0.536,42.857,0.169,0.119,0.794,0.293
na,Surflex,1.0,NEF,,9.54,30.769,9.538,40,1240,13,4,0.93,13.333,0.546,30.769,0.16,0.137,0.794,0.293
na,Surflex,5.0,NEF,,4.5,14.516,4.5,40,1240,62,9,0.836,5.094,0.59,22.5,0.147,0.143,0.794,0.293
p38-alpha,Surflex,0.5,NEF,,4.43,14.286,4.429,40,1240,7,1,0.833,5.0,0.51,14.286,0.047,0.033,0.606,0.119
p38-alpha,Surflex,1.0,NEF,,4.77,15.385,4.769,40,1240,13,2,0.845,5.455,0.52,15.385,0.071,0.061,0.606,0.119
p38-alpha,Surflex,5.0,NEF,,1.0,3.226,1.0,40,1240,62,2,0.5,1.0,0.5,5.0,0.0,0.0,0.606,0.119
parp-1,Surflex,0.5,NEF,,13.29,42.857,13.286,40,1240,7,3,0.957,22.5,0.536,42.857,0.169,0.119,0.768,0.436
parp-1,Surflex,1.0,NEF,,14.31,46.154,14.308,40,1240,13,6,0.963,25.714,0.572,46.154,0.25,0.214,0.768,0.436
parp-1,Surflex,5.0,NEF,,7.0,22.581,7.0,40,1240,62,14,0.897,8.75,0.655,35.0,0.251,0.245,0.768,0.436
pde4b,Surflex,0.5,NEF,,0.0,0.0,0.0,40,1240,7,0,0.0,0.0,0.497,0.0,-0.014,-0.01,0.651,0.077
pde4b,Surflex,1.0,NEF,,2.38,7.692,2.385,40,1240,13,1,0.714,2.5,0.507,7.692,0.026,0.022,0.651,0.077
pde4b,Surflex,5.0,NEF,,1.0,3.226,1.0,40,1240,62,2,0.5,1.0,0.5,5.0,0.0,0.0,0.651,0.077
pde5,Surflex,0.5,NEF,,4.43,14.286,4.429,40,1240,7,1,0.833,5.0,0.51,14.286,0.047,0.033,0.675,0.1
pde5,Surflex,1.0,NEF,,2.38,7.692,2.385,40,1240,13,1,0.714,2.5,0.507,7.692,0.026,0.022,0.675,0.1
pde5,Surflex,5.0,NEF,,2.0,6.452,2.0,40,1240,62,4,0.674,2.069,0.526,10.0,0.042,0.041,0.675,0.1
pdk1,Surflex,0.5,NEF,,17.71,57.143,17.714,40,1240,7,4,0.976,40.0,0.549,57.143,0.23,0.162,0.725,0.339
pdk1,Surflex,1.0,NEF,,11.92,38.462,11.923,40,1240,13,5,0.949,18.75,0.559,38.462,0.205,0.176,0.725,0.339
pdk1,Surflex,5.0,NEF,,4.5,14.516,4.5,40,1240,62,9,0.836,5.094,0.59,22.5,0.147,0.143,0.725,0.339
pi3kg,Surflex,0.5,NEF,,8.86,28.571,8.857,40,1240,7,2,0.923,12.0,0.523,28.571,0.108,0.076,0.725,0.166
pi3kg,Surflex,1.0,NEF,,4.77,15.385,4.769,40,1240,13,2,0.845,5.455,0.52,15.385,0.071,0.061,0.725,0.166
pi3kg,Surflex,5.0,NEF,,3.5,11.29,3.5,40,1240,62,7,0.792,3.818,0.565,17.5,0.105,0.102,0.725,0.166
pim-1,Surflex,0.5,NEF,,13.29,42.857,13.286,40,1240,7,3,0.957,22.5,0.536,42.857,0.169,0.119,0.609,0.248
pim-1,Surflex,1.0,NEF,,9.54,30.769,9.538,40,1240,13,4,0.93,13.333,0.546,30.769,0.16,0.137,0.609,0.248
pim-1,Surflex,5.0,NEF,,4.0,12.903,4.0,40,1240,62,8,0.816,4.444,0.578,20.0,0.126,0.122,0.609,0.248
pim-2,Surflex,0.5,NEF,,0.0,0.0,0.0,40,1240,7,0,0.0,0.0,0.497,0.0,-0.014,-0.01,0.585,0.118
pim-2,Surflex,1.0,NEF,,4.77,15.385,4.769,40,1240,13,2,0.845,5.455,0.52,15.385,0.071,0.061,0.585,0.118
pim-2,Surflex,5.0,NEF,,3.0,9.677,3.0,40,1240,62,6,0.763,3.214,0.552,15.0,0.084,0.082,0.585,0.118
pnp,Surflex,0.5,NEF,,22.14,71.429,22.143,40,1240,7,5,0.987,75.0,0.562,71.429,0.291,0.205,0.718,0.522
pnp,Surflex,1.0,NEF,,19.08,61.538,19.077,40,1240,13,8,0.98,48.0,0.598,61.538,0.34,0.291,0.718,0.522
pnp,Surflex,5.0,NEF,,7.0,22.581,7.0,40,1240,62,14,0.897,8.75,0.655,35.0,0.251,0.245,0.718,0.522
ppara,Surflex,0.5,NEF,,13.29,42.857,13.286,40,1240,7,3,0.957,22.5,0.536,42.857,0.169,0.119,0.78,0.219
ppara,Surflex,1.0,NEF,,7.15,23.077,7.154,40,1240,13,3,0.9,9.0,0.533,23.077,0.116,0.099,0.78,0.219
ppara,Surflex,5.0,NEF,,4.0,12.903,4.0,40,1240,62,8,0.816,4.444,0.578,20.0,0.126,0.122,0.78,0.219
pparg,Surflex,0.5,NEF,,13.29,42.857,13.286,40,1240,7,3,0.957,22.5,0.536,42.857,0.169,0.119,0.673,0.331
pparg,Surflex,1.0,NEF,,9.54,30.769,9.538,40,1240,13,4,0.93,13.333,0.546,30.769,0.16,0.137,0.673,0.331
pparg,Surflex,5.0,NEF,,5.0,16.129,5.0,40,1240,62,10,0.852,5.769,0.603,25.0,0.168,0.163,0.673,0.331
pr,Surflex,0.5,NEF,,0.0,0.0,0.0,40,1240,7,0,0.0,0.0,0.497,0.0,-0.014,-0.01,0.58,0.116
pr,Surflex,1.0,NEF,,4.77,15.385,4.769,40,1240,13,2,0.845,5.455,0.52,15.385,0.071,0.061,0.58,0.116
pr,Surflex,5.0,NEF,,3.5,11.29,3.5,40,1240,62,7,0.792,3.818,0.565,17.5,0.105,0.102,0.58,0.116
prkcq,Surflex,0.5,NEF,,4.43,14.286,4.429,40,1240,7,1,0.833,5.0,0.51,14.286,0.047,0.033,0.725,0.191
prkcq,Surflex,1.0,NEF,,4.77,15.385,4.769,40,1240,13,2,0.845,5.455,0.52,15.385,0.071,0.061,0.725,0.191
prkcq,Surflex,5.0,NEF,,4.5,14.516,4.5,40,1240,62,9,0.836,5.094,0.59,22.5,0.147,0.143,0.725,0.191
pygl-in,Surflex,0.5,NEF,,0.0,0.0,0.0,40,1240,7,0,0.0,0.0,0.497,0.0,-0.014,-0.01,0.691,0.05
pygl-in,Surflex,1.0,NEF,,0.0,0.0,0.0,40,1240,13,0,0.0,0.0,0.495,0.0,-0.019,-0.016,0.691,0.05
pygl-in,Surflex,5.0,NEF,,3.0,9.677,3.0,40,1240,62,6,0.763,3.214,0.552,15.0,0.084,0.082,0.691,0.05
pygl-out,Surflex,0.5,NEF,,22.14,71.429,22.143,40,1240,7,5,0.987,75.0,0.562,71.429,0.291,0.205,0.792,0.472
pygl-out,Surflex,1.0,NEF,,16.69,53.846,16.692,40,1240,13,7,0.972,35.0,0.585,53.846,0.295,0.252,0.792,0.472
pygl-out,Surflex,5.0,NEF,,7.5,24.194,7.5,40,1240,62,15,0.905,9.574,0.668,37.5,0.272,0.265,0.792,0.472
qpct,Surflex,0.5,NEF,,0.0,0.0,0.0,40,1240,7,0,0.0,0.0,0.497,0.0,-0.014,-0.01,0.421,0.0
qpct,Surflex,1.0,NEF,,0.0,0.0,0.0,40,1240,13,0,0.0,0.0,0.495,0.0,-0.019,-0.016,0.421,0.0
qpct,Surflex,5.0,NEF,,0.0,0.0,0.0,40,1240,62,0,0.0,0.0,0.474,0.0,-0.042,-0.041,0.421,0.0
rock-1,Surflex,0.5,NEF,,4.43,14.286,4.429,40,1240,7,1,0.833,5.0,0.51,14.286,0.047,0.033,0.629,0.122
rock-1,Surflex,1.0,NEF,,2.38,7.692,2.385,40,1240,13,1,0.714,2.5,0.507,7.692,0.026,0.022,0.629,0.122
rock-1,Surflex,5.0,NEF,,3.0,9.677,3.0,40,1240,62,6,0.763,3.214,0.552,15.0,0.084,0.082,0.629,0.122
rxr,Surflex,0.5,NEF,,31.0,100.0,31.0,40,1240,7,7,1.0,inf,0.588,100.0,0.413,0.291,0.952,0.875
rxr,Surflex,1.0,NEF,,31.0,100.0,31.0,40,1240,13,13,1.0,inf,0.662,100.0,0.564,0.482,0.952,0.875
rxr,Surflex,5.0,NEF,,15.5,50.0,15.5,40,1240,62,31,0.968,30.0,0.875,77.5,0.607,0.592,0.952,0.875
sars-hcov,Surflex,0.5,NEF,,0.0,0.0,0.0,39,1209,7,0,0.0,0.0,0.497,0.0,-0.014,-0.01,0.439,0.001
sars-hcov,Surflex,1.0,NEF,,0.0,0.0,0.0,39,1209,13,0,0.0,0.0,0.494,0.0,-0.019,-0.016,0.439,0.001
sars-hcov,Surflex,5.0,NEF,,0.0,0.0,0.0,39,1209,61,0,0.0,0.0,0.474,0.0,-0.042,-0.041,0.439,0.001
sirt2,Surflex,0.5,NEF,,4.43,14.286,4.429,40,1240,7,1,0.833,5.0,0.51,14.286,0.047,0.033,0.524,0.082
sirt2,Surflex,1.0,NEF,,2.38,7.692,2.385,40,1240,13,1,0.714,2.5,0.507,7.692,0.026,0.022,0.524,0.082
sirt2,Surflex,5.0,NEF,,2.0,6.452,2.0,40,1240,62,4,0.674,2.069,0.526,10.0,0.042,0.041,0.524,0.082
src,Surflex,0.5,NEF,,13.29,42.857,13.286,40,1240,7,3,0.957,22.5,0.536,42.857,0.169,0.119,0.586,0.226
src,Surflex,1.0,NEF,,7.15,23.077,7.154,40,1240,13,3,0.9,9.0,0.533,23.077,0.116,0.099,0.586,0.226
src,Surflex,5.0,NEF,,3.0,9.677,3.0,40,1240,62,6,0.763,3.214,0.552,15.0,0.084,0.082,0.586,0.226
thrombin,Surflex,0.5,NEF,,13.29,42.857,13.286,40,1240,7,3,0.957,22.5,0.536,42.857,0.169,0.119,0.81,0.465
thrombin,Surflex,1.0,NEF,,14.31,46.154,14.308,40,1240,13,6,0.963,25.714,0.572,46.154,0.25,0.214,0.81,0.465
thrombin,Surflex,5.0,NEF,,8.0,25.806,8.0,40,1240,62,16,0.913,10.435,0.681,40.0,0.293,0.286,0.81,0.465
tie2,Surflex,0.5,NEF,,13.29,42.857,13.286,40,1240,7,3,0.957,22.5,0.536,42.857,0.169,0.119,0.645,0.298
tie2,Surflex,1.0,NEF,,9.54,30.769,9.538,40,1240,13,4,0.93,13.333,0.546,30.769,0.16,0.137,0.645,0.298
tie2,Surflex,5.0,NEF,,4.5,14.516,4.5,40,1240,62,9,0.836,5.094,0.59,22.5,0.147,0.143,0.645,0.298
tk,Surflex,0.5,NEF,,31.0,100.0,31.0,40,1240,7,7,1.0,inf,0.588,100.0,0.413,0.291,0.781,0.614
tk,Surflex,1.0,NEF,,23.85,76.923,23.846,40,1240,13,10,0.99,100.0,0.624,76.923,0.429,0.367,0.781,0.614
tk,Surflex,5.0,NEF,,8.0,25.806,8.0,40,1240,62,16,0.913,10.435,0.681,40.0,0.293,0.286,0.781,0.614
tp,Surflex,0.5,NEF,,0.0,0.0,0.0,40,1240,7,0,0.0,0.0,0.497,0.0,-0.014,-0.01,0.511,0.024
tp,Surflex,1.0,NEF,,0.0,0.0,0.0,40,1240,13,0,0.0,0.0,0.495,0.0,-0.019,-0.016,0.511,0.024
tp,Surflex,5.0,NEF,,1.0,3.226,1.0,40,1240,62,2,0.5,1.0,0.5,5.0,0.0,0.0,0.511,0.024
tpa,Surflex,0.5,NEF,,8.86,28.571,8.857,40,1240,7,2,0.923,12.0,0.523,28.571,0.108,0.076,0.768,0.257
tpa,Surflex,1.0,NEF,,7.15,23.077,7.154,40,1240,13,3,0.9,9.0,0.533,23.077,0.116,0.099,0.768,0.257
tpa,Surflex,5.0,NEF,,5.0,16.129,5.0,40,1240,62,10,0.852,5.769,0.603,25.0,0.168,0.163,0.768,0.257
ts,Surflex,0.5,NEF,,4.43,14.286,4.425,40,1239,7,1,0.833,4.996,0.51,14.286,0.047,0.033,0.666,0.177
ts,Surflex,1.0,NEF,,7.15,23.077,7.148,40,1239,13,3,0.9,8.992,0.533,23.077,0.116,0.099,0.666,0.177
ts,Surflex,5.0,NEF,,4.5,14.516,4.496,40,1239,62,9,0.836,5.09,0.59,22.5,0.147,0.143,0.666,0.177
upa,Surflex,0.5,NEF,,26.57,85.714,26.571,40,1240,7,6,0.994,180.0,0.575,85.714,0.352,0.248,0.683,0.564
upa,Surflex,1.0,NEF,,19.08,61.538,19.077,40,1240,13,8,0.98,48.0,0.598,61.538,0.34,0.291,0.683,0.564
upa,Surflex,5.0,NEF,,9.5,30.645,9.5,40,1240,62,19,0.93,13.256,0.72,47.5,0.356,0.347,0.683,0.564
vegfr1,Surflex,0.5,NEF,,8.86,28.571,8.857,40,1240,7,2,0.923,12.0,0.523,28.571,0.108,0.076,0.659,0.187
vegfr1,Surflex,1.0,NEF,,7.15,23.077,7.154,40,1240,13,3,0.9,9.0,0.533,23.077,0.116,0.099,0.659,0.187
vegfr1,Surflex,5.0,NEF,,3.5,11.29,3.5,40,1240,62,7,0.792,3.818,0.565,17.5,0.105,0.102,0.659,0.187
vegfr2,Surflex,0.5,NEF,,4.43,14.286,4.429,40,1240,7,1,0.833,5.0,0.51,14.286,0.047,0.033,0.557,0.1
vegfr2,Surflex,1.0,NEF,,4.77,15.385,4.769,40,1240,13,2,0.845,5.455,0.52,15.385,0.071,0.061,0.557,0.1
vegfr2,Surflex,5.0,NEF,,2.0,6.452,2.0,40,1240,62,4,0.674,2.069,0.526,10.0,0.042,0.041,0.557,0.1
11betahsd1,TankBind,0.5,NEF,,0.0,0.0,0.0,40,1240,7,0,0.0,0.0,0.497,0.0,-0.014,-0.01,0.339,0.002
11betahsd1,TankBind,1.0,NEF,,0.0,0.0,0.0,40,1240,13,0,0.0,0.0,0.495,0.0,-0.019,-0.016,0.339,0.002
11betahsd1,TankBind,5.0,NEF,,0.508,1.613,0.5,40,1240,62,1,0.33,0.492,0.487,2.5,-0.021,-0.02,0.339,0.002
17betahsd1,TankBind,0.5,NEF,,5.112,14.286,4.429,40,1240,7,1,0.833,5.0,0.51,14.286,0.047,0.033,0.585,0.099
17betahsd1,TankBind,1.0,NEF,,2.556,7.692,2.385,40,1240,13,1,0.714,2.5,0.507,7.692,0.026,0.022,0.585,0.099
17betahsd1,TankBind,5.0,NEF,,2.011,6.452,2.0,40,1240,62,4,0.674,2.069,0.526,10.0,0.042,0.041,0.585,0.099
a2a,TankBind,0.5,NEF,,5.117,14.286,4.429,40,1240,7,1,0.833,5.0,0.51,14.286,0.047,0.033,0.514,0.106
a2a,TankBind,1.0,NEF,,2.558,7.692,2.385,40,1240,13,1,0.714,2.5,0.507,7.692,0.026,0.022,0.514,0.106
a2a,TankBind,5.0,NEF,,1.51,4.839,1.5,40,1240,62,3,0.604,1.525,0.513,7.5,0.021,0.02,0.514,0.106
ace,TankBind,0.5,NEF,,10.292,28.571,8.857,40,1240,7,2,0.923,12.0,0.523,28.571,0.108,0.076,0.906,0.395
ace,TankBind,1.0,NEF,,12.865,38.462,11.923,40,1240,13,5,0.949,18.75,0.559,38.462,0.205,0.176,0.906,0.395
ace,TankBind,5.0,NEF,,9.111,29.032,9.0,40,1240,62,18,0.925,12.273,0.707,45.0,0.335,0.327,0.906,0.395
ace2,TankBind,0.5,NEF,,0.0,0.0,0.0,40,1240,7,0,0.0,0.0,0.497,0.0,-0.014,-0.01,0.266,0.0
ace2,TankBind,1.0,NEF,,0.0,0.0,0.0,40,1240,13,0,0.0,0.0,0.495,0.0,-0.019,-0.016,0.266,0.0
ace2,TankBind,5.0,NEF,,0.0,0.0,0.0,40,1240,62,0,0.0,0.0,0.474,0.0,-0.042,-0.041,0.266,0.0
ache,TankBind,0.5,NEF,,0.0,0.0,0.0,40,1240,7,0,0.0,0.0,0.497,0.0,-0.014,-0.01,0.774,0.1
ache,TankBind,1.0,NEF,,2.544,7.692,2.385,40,1240,13,1,0.714,2.5,0.507,7.692,0.026,0.022,0.774,0.1
ache,TankBind,5.0,NEF,,5.004,16.129,5.0,40,1240,62,10,0.852,5.769,0.603,25.0,0.168,0.163,0.774,0.1
adam17,TankBind,0.5,NEF,,25.625,85.714,26.571,40,1240,7,6,0.994,180.0,0.575,85.714,0.352,0.248,0.882,0.711
adam17,TankBind,1.0,NEF,,20.5,69.231,21.462,40,1240,13,9,0.985,67.5,0.611,69.231,0.385,0.329,0.882,0.711
adam17,TankBind,5.0,NEF,,12.098,38.71,12.0,40,1240,62,24,0.95,18.947,0.784,60.0,0.461,0.449,0.882,0.711
adrb2,TankBind,0.5,NEF,,0.0,0.0,0.0,40,1240,7,0,0.0,0.0,0.497,0.0,-0.014,-0.01,0.487,0.063
adrb2,TankBind,1.0,NEF,,0.0,0.0,0.0,40,1240,13,0,0.0,0.0,0.495,0.0,-0.019,-0.016,0.487,0.063
adrb2,TankBind,5.0,NEF,,2.524,8.065,2.5,40,1240,62,5,0.725,2.632,0.539,12.5,0.063,0.061,0.487,0.063
akt1,TankBind,0.5,NEF,,0.0,0.0,0.0,40,1240,7,0,0.0,0.0,0.497,0.0,-0.014,-0.01,0.755,0.224
akt1,TankBind,1.0,NEF,,8.066,23.077,7.154,40,1240,13,3,0.9,9.0,0.533,23.077,0.116,0.099,0.755,0.224
akt1,TankBind,5.0,NEF,,5.013,16.129,5.0,40,1240,62,10,0.852,5.769,0.603,25.0,0.168,0.163,0.755,0.224
alr2,TankBind,0.5,NEF,,0.0,0.0,0.0,40,1240,7,0,0.0,0.0,0.497,0.0,-0.014,-0.01,0.454,0.008
alr2,TankBind,1.0,NEF,,0.0,0.0,0.0,40,1240,13,0,0.0,0.0,0.495,0.0,-0.019,-0.016,0.454,0.008
alr2,TankBind,5.0,NEF,,0.502,1.613,0.5,40,1240,62,1,0.33,0.492,0.487,2.5,-0.021,-0.02,0.454,0.008
ar,TankBind,0.5,NEF,,0.0,0.0,0.0,40,1240,7,0,0.0,0.0,0.497,0.0,-0.014,-0.01,0.615,0.081
ar,TankBind,1.0,NEF,,0.0,0.0,0.0,40,1240,13,0,0.0,0.0,0.495,0.0,-0.019,-0.016,0.615,0.081
ar,TankBind,5.0,NEF,,1.509,4.839,1.5,40,1240,62,3,0.604,1.525,0.513,7.5,0.021,0.02,0.615,0.081
aurka,TankBind,0.5,NEF,,5.046,14.286,4.429,40,1240,7,1,0.833,5.0,0.51,14.286,0.047,0.033,0.488,0.074
aurka,TankBind,1.0,NEF,,2.523,7.692,2.385,40,1240,13,1,0.714,2.5,0.507,7.692,0.026,0.022,0.488,0.074
aurka,TankBind,5.0,NEF,,0.505,1.613,0.5,40,1240,62,1,0.33,0.492,0.487,2.5,-0.021,-0.02,0.488,0.074
aurkb,TankBind,0.5,NEF,,5.062,14.286,4.429,40,1240,7,1,0.833,5.0,0.51,14.286,0.047,0.033,0.778,0.189
aurkb,TankBind,1.0,NEF,,7.594,23.077,7.154,40,1240,13,3,0.9,9.0,0.533,23.077,0.116,0.099,0.778,0.189
aurkb,TankBind,5.0,NEF,,3.544,11.29,3.5,40,1240,62,7,0.792,3.818,0.565,17.5,0.105,0.102,0.778,0.189
bcl2,TankBind,0.5,NEF,,0.0,0.0,0.0,40,1240,7,0,0.0,0.0,0.497,0.0,-0.014,-0.01,0.687,0.078
bcl2,TankBind,1.0,NEF,,2.548,7.692,2.385,40,1240,13,1,0.714,2.5,0.507,7.692,0.026,0.022,0.687,0.078
bcl2,TankBind,5.0,NEF,,4.01,12.903,4.0,40,1240,62,8,0.816,4.444,0.578,20.0,0.126,0.122,0.687,0.078
braf,TankBind,0.5,NEF,,5.042,14.286,4.429,40,1240,7,1,0.833,5.0,0.51,14.286,0.047,0.033,0.889,0.272
braf,TankBind,1.0,NEF,,7.562,23.077,7.154,40,1240,13,3,0.9,9.0,0.533,23.077,0.116,0.099,0.889,0.272
braf,TankBind,5.0,NEF,,6.05,19.355,6.0,40,1240,62,12,0.878,7.2,0.629,30.0,0.209,0.204,0.889,0.272
catl,TankBind,0.5,NEF,,0.0,0.0,0.0,40,1240,7,0,0.0,0.0,0.497,0.0,-0.014,-0.01,0.222,0.0
catl,TankBind,1.0,NEF,,0.0,0.0,0.0,40,1240,13,0,0.0,0.0,0.495,0.0,-0.019,-0.016,0.222,0.0
catl,TankBind,5.0,NEF,,0.0,0.0,0.0,40,1240,62,0,0.0,0.0,0.474,0.0,-0.042,-0.041,0.222,0.0
cdk2,TankBind,0.5,NEF,,0.0,0.0,0.0,40,1240,7,0,0.0,0.0,0.497,0.0,-0.014,-0.01,0.581,0.03
cdk2,TankBind,1.0,NEF,,0.0,0.0,0.0,40,1240,13,0,0.0,0.0,0.495,0.0,-0.019,-0.016,0.581,0.03
cdk2,TankBind,5.0,NEF,,1.014,3.226,1.0,40,1240,62,2,0.5,1.0,0.5,5.0,0.0,0.0,0.581,0.03
cox1,TankBind,0.5,NEF,,0.0,0.0,0.0,40,1240,7,0,0.0,0.0,0.497,0.0,-0.014,-0.01,0.72,0.162
cox1,TankBind,1.0,NEF,,2.548,7.692,2.385,40,1240,13,1,0.714,2.5,0.507,7.692,0.026,0.022,0.72,0.162
cox1,TankBind,5.0,NEF,,4.504,14.516,4.5,40,1240,62,9,0.836,5.094,0.59,22.5,0.147,0.143,0.72,0.162
cox2,TankBind,0.5,NEF,,0.0,0.0,0.0,40,1240,7,0,0.0,0.0,0.497,0.0,-0.014,-0.01,0.687,0.082
cox2,TankBind,1.0,NEF,,2.681,7.692,2.385,40,1240,13,1,0.714,2.5,0.507,7.692,0.026,0.022,0.687,0.082
cox2,TankBind,5.0,NEF,,1.021,3.226,1.0,40,1240,62,2,0.5,1.0,0.5,5.0,0.0,0.0,0.687,0.082
ctsk,TankBind,0.5,NEF,,0.0,0.0,0.0,40,1240,7,0,0.0,0.0,0.497,0.0,-0.014,-0.01,0.683,0.006
ctsk,TankBind,1.0,NEF,,0.0,0.0,0.0,40,1240,13,0,0.0,0.0,0.495,0.0,-0.019,-0.016,0.683,0.006
ctsk,TankBind,5.0,NEF,,1.012,3.226,1.0,40,1240,62,2,0.5,1.0,0.5,5.0,0.0,0.0,0.683,0.006
cyp2a6,TankBind,0.5,NEF,,0.0,0.0,0.0,40,1240,7,0,0.0,0.0,0.497,0.0,-0.014,-0.01,0.594,0.119
cyp2a6,TankBind,1.0,NEF,,2.508,7.692,2.385,40,1240,13,1,0.714,2.5,0.507,7.692,0.026,0.022,0.594,0.119
cyp2a6,TankBind,5.0,NEF,,3.512,11.29,3.5,40,1240,62,7,0.792,3.818,0.565,17.5,0.105,0.102,0.594,0.119
dhfr,TankBind,0.5,NEF,,5.1,14.286,4.429,40,1240,7,1,0.833,5.0,0.51,14.286,0.047,0.033,0.499,0.091
dhfr,TankBind,1.0,NEF,,2.55,7.692,2.385,40,1240,13,1,0.714,2.5,0.507,7.692,0.026,0.022,0.499,0.091
dhfr,TankBind,5.0,NEF,,1.505,4.839,1.5,40,1240,62,3,0.604,1.525,0.513,7.5,0.021,0.02,0.499,0.091
egfr,TankBind,0.5,NEF,,0.0,0.0,0.0,40,1240,7,0,0.0,0.0,0.497,0.0,-0.014,-0.01,0.606,0.082
egfr,TankBind,1.0,NEF,,2.512,7.692,2.385,40,1240,13,1,0.714,2.5,0.507,7.692,0.026,0.022,0.606,0.082
egfr,TankBind,5.0,NEF,,1.508,4.839,1.5,40,1240,62,3,0.604,1.525,0.513,7.5,0.021,0.02,0.606,0.082
ephb4,TankBind,0.5,NEF,,0.0,0.0,0.0,40,1240,7,0,0.0,0.0,0.497,0.0,-0.014,-0.01,0.619,0.003
ephb4,TankBind,1.0,NEF,,0.0,0.0,0.0,40,1240,13,0,0.0,0.0,0.495,0.0,-0.019,-0.016,0.619,0.003
ephb4,TankBind,5.0,NEF,,0.506,1.613,0.5,40,1240,62,1,0.33,0.492,0.487,2.5,-0.021,-0.02,0.619,0.003
erbb2,TankBind,0.5,NEF,,11.84,42.857,13.286,40,1240,7,3,0.957,22.5,0.536,42.857,0.169,0.119,0.81,0.228
erbb2,TankBind,1.0,NEF,,8.073,23.077,7.154,40,1240,13,3,0.9,9.0,0.533,23.077,0.116,0.099,0.81,0.228
erbb2,TankBind,5.0,NEF,,4.014,12.903,4.0,40,1240,62,8,0.816,4.444,0.578,20.0,0.126,0.122,0.81,0.228
er-beta,TankBind,0.5,NEF,,15.75,57.143,17.714,40,1240,7,4,0.976,40.0,0.549,57.143,0.23,0.162,0.762,0.576
er-beta,TankBind,1.0,NEF,,13.125,46.154,14.308,40,1240,13,6,0.963,25.714,0.572,46.154,0.25,0.214,0.762,0.576
er-beta,TankBind,5.0,NEF,,5.5,17.742,5.5,40,1240,62,11,0.866,6.471,0.616,27.5,0.188,0.184,0.762,0.576
fgfr1,TankBind,0.5,NEF,,0.0,0.0,0.0,40,1240,7,0,0.0,0.0,0.497,0.0,-0.014,-0.01,0.574,0.048
fgfr1,TankBind,1.0,NEF,,0.0,0.0,0.0,40,1240,13,0,0.0,0.0,0.495,0.0,-0.019,-0.016,0.574,0.048
fgfr1,TankBind,5.0,NEF,,2.033,6.452,2.0,40,1240,62,4,0.674,2.069,0.526,10.0,0.042,0.041,0.574,0.048
fkbp1a,TankBind,0.5,NEF,,10.275,28.571,8.857,40,1240,7,2,0.923,12.0,0.523,28.571,0.108,0.076,0.705,0.18
fkbp1a,TankBind,1.0,NEF,,7.706,23.077,7.154,40,1240,13,3,0.9,9.0,0.533,23.077,0.116,0.099,0.705,0.18
fkbp1a,TankBind,5.0,NEF,,2.527,8.065,2.5,40,1240,62,5,0.725,2.632,0.539,12.5,0.063,0.061,0.705,0.18
fxa,TankBind,0.5,NEF,,5.97,14.286,4.429,40,1240,7,1,0.833,5.0,0.51,14.286,0.047,0.033,0.716,0.159
fxa,TankBind,1.0,NEF,,2.714,7.692,2.385,40,1240,13,1,0.714,2.5,0.507,7.692,0.026,0.022,0.716,0.159
fxa,TankBind,5.0,NEF,,3.542,11.29,3.5,40,1240,62,7,0.792,3.818,0.565,17.5,0.105,0.102,0.716,0.159
gba,TankBind,0.5,NEF,,0.0,0.0,0.0,40,1240,7,0,0.0,0.0,0.497,0.0,-0.014,-0.01,0.593,0.032
gba,TankBind,1.0,NEF,,0.0,0.0,0.0,40,1240,13,0,0.0,0.0,0.495,0.0,-0.019,-0.016,0.593,0.032
gba,TankBind,5.0,NEF,,0.506,1.613,0.5,40,1240,62,1,0.33,0.492,0.487,2.5,-0.021,-0.02,0.593,0.032
gr,TankBind,0.5,NEF,,0.0,0.0,0.0,40,1240,7,0,0.0,0.0,0.497,0.0,-0.014,-0.01,0.695,0.007
gr,TankBind,1.0,NEF,,0.0,0.0,0.0,40,1240,13,0,0.0,0.0,0.495,0.0,-0.019,-0.016,0.695,0.007
gr,TankBind,5.0,NEF,,0.501,1.613,0.5,40,1240,62,1,0.33,0.492,0.487,2.5,-0.021,-0.02,0.695,0.007
gsk3b,TankBind,0.5,NEF,,0.0,0.0,0.0,40,1240,7,0,0.0,0.0,0.497,0.0,-0.014,-0.01,0.686,0.002
gsk3b,TankBind,1.0,NEF,,0.0,0.0,0.0,40,1240,13,0,0.0,0.0,0.495,0.0,-0.019,-0.016,0.686,0.002
gsk3b,TankBind,5.0,NEF,,0.0,0.0,0.0,40,1240,62,0,0.0,0.0,0.474,0.0,-0.042,-0.041,0.686,0.002
hdac2,TankBind,0.5,NEF,,0.0,0.0,0.0,40,1240,7,0,0.0,0.0,0.497,0.0,-0.014,-0.01,0.584,0.017
hdac2,TankBind,1.0,NEF,,0.0,0.0,0.0,40,1240,13,0,0.0,0.0,0.495,0.0,-0.019,-0.016,0.584,0.017
hdac2,TankBind,5.0,NEF,,1.518,4.839,1.5,40,1240,62,3,0.604,1.525,0.513,7.5,0.021,0.02,0.584,0.017
hdac8,TankBind,0.5,NEF,,0.0,0.0,0.0,40,1240,7,0,0.0,0.0,0.497,0.0,-0.014,-0.01,0.415,0.004
hdac8,TankBind,1.0,NEF,,0.0,0.0,0.0,40,1240,13,0,0.0,0.0,0.495,0.0,-0.019,-0.016,0.415,0.004
hdac8,TankBind,5.0,NEF,,0.506,1.613,0.5,40,1240,62,1,0.33,0.492,0.487,2.5,-0.021,-0.02,0.415,0.004
hiv1pr,TankBind,0.5,NEF,,0.0,0.0,0.0,40,1240,7,0,0.0,0.0,0.497,0.0,-0.014,-0.01,0.834,0.34
hiv1pr,TankBind,1.0,NEF,,7.619,23.077,7.154,40,1240,13,3,0.9,9.0,0.533,23.077,0.116,0.099,0.834,0.34
hiv1pr,TankBind,5.0,NEF,,8.127,25.806,8.0,40,1240,62,16,0.913,10.435,0.681,40.0,0.293,0.286,0.834,0.34
hiv1rt,TankBind,0.5,NEF,,0.0,0.0,0.0,40,1240,7,0,0.0,0.0,0.497,0.0,-0.014,-0.01,0.437,0.0
hiv1rt,TankBind,1.0,NEF,,0.0,0.0,0.0,40,1240,13,0,0.0,0.0,0.495,0.0,-0.019,-0.016,0.437,0.0
hiv1rt,TankBind,5.0,NEF,,0.0,0.0,0.0,40,1240,62,0,0.0,0.0,0.474,0.0,-0.042,-0.041,0.437,0.0
hmgr,TankBind,0.5,NEF,,5.154,14.286,4.429,40,1240,7,1,0.833,5.0,0.51,14.286,0.047,0.033,0.923,0.484
hmgr,TankBind,1.0,NEF,,10.308,30.769,9.538,40,1240,13,4,0.93,13.333,0.546,30.769,0.16,0.137,0.923,0.484
hmgr,TankBind,5.0,NEF,,13.688,43.548,13.5,40,1240,62,27,0.959,23.143,0.823,67.5,0.524,0.51,0.923,0.484
hsp90,TankBind,0.5,NEF,,0.0,0.0,0.0,40,1240,7,0,0.0,0.0,0.497,0.0,-0.014,-0.01,0.619,0.008
hsp90,TankBind,1.0,NEF,,0.0,0.0,0.0,40,1240,13,0,0.0,0.0,0.495,0.0,-0.019,-0.016,0.619,0.008
hsp90,TankBind,5.0,NEF,,0.506,1.613,0.5,40,1240,62,1,0.33,0.492,0.487,2.5,-0.021,-0.02,0.619,0.008
igf1r,TankBind,0.5,NEF,,0.0,0.0,0.0,40,1240,7,0,0.0,0.0,0.497,0.0,-0.014,-0.01,0.753,0.114
igf1r,TankBind,1.0,NEF,,2.643,7.692,2.385,40,1240,13,1,0.714,2.5,0.507,7.692,0.026,0.022,0.753,0.114
igf1r,TankBind,5.0,NEF,,5.013,16.129,5.0,40,1240,62,10,0.852,5.769,0.603,25.0,0.168,0.163,0.753,0.114
inha,TankBind,0.5,NEF,,0.0,0.0,0.0,40,1240,7,0,0.0,0.0,0.497,0.0,-0.014,-0.01,0.273,0.0
inha,TankBind,1.0,NEF,,0.0,0.0,0.0,40,1240,13,0,0.0,0.0,0.495,0.0,-0.019,-0.016,0.273,0.0
inha,TankBind,5.0,NEF,,0.0,0.0,0.0,40,1240,62,0,0.0,0.0,0.474,0.0,-0.042,-0.041,0.273,0.0
itk,TankBind,0.5,NEF,,0.0,0.0,0.0,40,1240,7,0,0.0,0.0,0.497,0.0,-0.014,-0.01,0.655,0.053
itk,TankBind,1.0,NEF,,2.538,7.692,2.385,40,1240,13,1,0.714,2.5,0.507,7.692,0.026,0.022,0.655,0.053
itk,TankBind,5.0,NEF,,1.015,3.226,1.0,40,1240,62,2,0.5,1.0,0.5,5.0,0.0,0.0,0.655,0.053
jak3,TankBind,0.5,NEF,,0.0,0.0,0.0,40,1240,7,0,0.0,0.0,0.497,0.0,-0.014,-0.01,0.641,0.028
jak3,TankBind,1.0,NEF,,0.0,0.0,0.0,40,1240,13,0,0.0,0.0,0.495,0.0,-0.019,-0.016,0.641,0.028
jak3,TankBind,5.0,NEF,,1.522,4.839,1.5,40,1240,62,3,0.604,1.525,0.513,7.5,0.021,0.02,0.641,0.028
jnk1,TankBind,0.5,NEF,,0.0,0.0,0.0,40,1240,7,0,0.0,0.0,0.497,0.0,-0.014,-0.01,0.639,0.004
jnk1,TankBind,1.0,NEF,,0.0,0.0,0.0,40,1240,13,0,0.0,0.0,0.495,0.0,-0.019,-0.016,0.639,0.004
jnk1,TankBind,5.0,NEF,,0.508,1.613,0.5,40,1240,62,1,0.33,0.492,0.487,2.5,-0.021,-0.02,0.639,0.004
jnk2,TankBind,0.5,NEF,,0.0,0.0,0.0,40,1240,7,0,0.0,0.0,0.497,0.0,-0.014,-0.01,0.508,0.0
jnk2,TankBind,1.0,NEF,,0.0,0.0,0.0,40,1240,13,0,0.0,0.0,0.495,0.0,-0.019,-0.016,0.508,0.0
jnk2,TankBind,5.0,NEF,,0.0,0.0,0.0,40,1240,62,0,0.0,0.0,0.474,0.0,-0.042,-0.041,0.508,0.0
jnk3,TankBind,0.5,NEF,,0.0,0.0,0.0,40,1240,7,0,0.0,0.0,0.497,0.0,-0.014,-0.01,0.584,0.077
jnk3,TankBind,1.0,NEF,,2.521,7.692,2.385,40,1240,13,1,0.714,2.5,0.507,7.692,0.026,0.022,0.584,0.077
jnk3,TankBind,5.0,NEF,,1.512,4.839,1.5,40,1240,62,3,0.604,1.525,0.513,7.5,0.021,0.02,0.584,0.077
kif11,TankBind,0.5,NEF,,5.038,14.286,4.429,40,1240,7,1,0.833,5.0,0.51,14.286,0.047,0.033,0.668,0.144
kif11,TankBind,1.0,NEF,,5.038,15.385,4.769,40,1240,13,2,0.845,5.455,0.52,15.385,0.071,0.061,0.668,0.144
kif11,TankBind,5.0,NEF,,2.519,8.065,2.5,40,1240,62,5,0.725,2.632,0.539,12.5,0.063,0.061,0.668,0.144
lck,TankBind,0.5,NEF,,0.0,0.0,0.0,40,1240,7,0,0.0,0.0,0.497,0.0,-0.014,-0.01,0.597,0.005
lck,TankBind,1.0,NEF,,0.0,0.0,0.0,40,1240,13,0,0.0,0.0,0.495,0.0,-0.019,-0.016,0.597,0.005
lck,TankBind,5.0,NEF,,0.502,1.613,0.5,40,1240,62,1,0.33,0.492,0.487,2.5,-0.021,-0.02,0.597,0.005
mdm2,TankBind,0.5,NEF,,0.0,0.0,0.0,40,1240,7,0,0.0,0.0,0.497,0.0,-0.014,-0.01,0.595,0.002
mdm2,TankBind,1.0,NEF,,0.0,0.0,0.0,40,1240,13,0,0.0,0.0,0.495,0.0,-0.019,-0.016,0.595,0.002
mdm2,TankBind,5.0,NEF,,0.508,1.613,0.5,40,1240,62,1,0.33,0.492,0.487,2.5,-0.021,-0.02,0.595,0.002
mk2,TankBind,0.5,NEF,,17.505,57.143,17.714,40,1240,7,4,0.976,40.0,0.549,57.143,0.23,0.162,0.817,0.298
mk2,TankBind,1.0,NEF,,7.957,23.077,7.154,40,1240,13,3,0.9,9.0,0.533,23.077,0.116,0.099,0.817,0.298
mk2,TankBind,5.0,NEF,,5.533,17.742,5.5,40,1240,62,11,0.866,6.471,0.616,27.5,0.188,0.184,0.817,0.298
mmp2,TankBind,0.5,NEF,,20.467,71.429,22.143,40,1240,7,5,0.987,75.0,0.562,71.429,0.291,0.205,0.915,0.682
mmp2,TankBind,1.0,NEF,,23.025,76.923,23.846,40,1240,13,10,0.99,100.0,0.624,76.923,0.429,0.367,0.915,0.682
mmp2,TankBind,5.0,NEF,,13.589,43.548,13.5,40,1240,62,27,0.959,23.143,0.823,67.5,0.524,0.51,0.915,0.682
na,TankBind,0.5,NEF,,0.0,0.0,0.0,40,1240,7,0,0.0,0.0,0.497,0.0,-0.014,-0.01,0.279,0.0
na,TankBind,1.0,NEF,,0.0,0.0,0.0,40,1240,13,0,0.0,0.0,0.495,0.0,-0.019,-0.016,0.279,0.0
na,TankBind,5.0,NEF,,0.0,0.0,0.0,40,1240,62,0,0.0,0.0,0.474,0.0,-0.042,-0.041,0.279,0.0
p38-alpha,TankBind,0.5,NEF,,10.183,28.571,8.857,40,1240,7,2,0.923,12.0,0.523,28.571,0.108,0.076,0.819,0.205
p38-alpha,TankBind,1.0,NEF,,7.638,23.077,7.154,40,1240,13,3,0.9,9.0,0.533,23.077,0.116,0.099,0.819,0.205
p38-alpha,TankBind,5.0,NEF,,3.506,11.29,3.5,40,1240,62,7,0.792,3.818,0.565,17.5,0.105,0.102,0.819,0.205
parp-1,TankBind,0.5,NEF,,0.0,0.0,0.0,40,1240,7,0,0.0,0.0,0.497,0.0,-0.014,-0.01,0.714,0.119
parp-1,TankBind,1.0,NEF,,5.021,15.385,4.769,40,1240,13,2,0.845,5.455,0.52,15.385,0.071,0.061,0.714,0.119
parp-1,TankBind,5.0,NEF,,2.51,8.065,2.5,40,1240,62,5,0.725,2.632,0.539,12.5,0.063,0.061,0.714,0.119
pde4b,TankBind,0.5,NEF,,0.0,0.0,0.0,40,1240,7,0,0.0,0.0,0.497,0.0,-0.014,-0.01,0.471,0.013
pde4b,TankBind,1.0,NEF,,0.0,0.0,0.0,40,1240,13,0,0.0,0.0,0.495,0.0,-0.019,-0.016,0.471,0.013
pde4b,TankBind,5.0,NEF,,0.505,1.613,0.5,40,1240,62,1,0.33,0.492,0.487,2.5,-0.021,-0.02,0.471,0.013
pde5,TankBind,0.5,NEF,,5.117,14.286,4.429,40,1240,7,1,0.833,5.0,0.51,14.286,0.047,0.033,0.697,0.119
pde5,TankBind,1.0,NEF,,5.117,15.385,4.769,40,1240,13,2,0.845,5.455,0.52,15.385,0.071,0.061,0.697,0.119
pde5,TankBind,5.0,NEF,,2.013,6.452,2.0,40,1240,62,4,0.674,2.069,0.526,10.0,0.042,0.041,0.697,0.119
pdk1,TankBind,0.5,NEF,,5.033,14.286,4.429,40,1240,7,1,0.833,5.0,0.51,14.286,0.047,0.033,0.85,0.299
pdk1,TankBind,1.0,NEF,,5.033,15.385,4.769,40,1240,13,2,0.845,5.455,0.52,15.385,0.071,0.061,0.85,0.299
pdk1,TankBind,5.0,NEF,,6.04,19.355,6.0,40,1240,62,12,0.878,7.2,0.629,30.0,0.209,0.204,0.85,0.299
pi3kg,TankBind,0.5,NEF,,0.0,0.0,0.0,40,1240,7,0,0.0,0.0,0.497,0.0,-0.014,-0.01,0.453,0.118
pi3kg,TankBind,1.0,NEF,,5.046,15.385,4.769,40,1240,13,2,0.845,5.455,0.52,15.385,0.071,0.061,0.453,0.118
pi3kg,TankBind,5.0,NEF,,2.018,6.452,2.0,40,1240,62,4,0.674,2.069,0.526,10.0,0.042,0.041,0.453,0.118
pim-1,TankBind,0.5,NEF,,0.0,0.0,0.0,40,1240,7,0,0.0,0.0,0.497,0.0,-0.014,-0.01,0.446,0.0
pim-1,TankBind,1.0,NEF,,0.0,0.0,0.0,40,1240,13,0,0.0,0.0,0.495,0.0,-0.019,-0.016,0.446,0.0
pim-1,TankBind,5.0,NEF,,0.0,0.0,0.0,40,1240,62,0,0.0,0.0,0.474,0.0,-0.042,-0.041,0.446,0.0
pim-2,TankBind,0.5,NEF,,0.0,0.0,0.0,40,1240,7,0,0.0,0.0,0.497,0.0,-0.014,-0.01,0.48,0.036
pim-2,TankBind,1.0,NEF,,0.0,0.0,0.0,40,1240,13,0,0.0,0.0,0.495,0.0,-0.019,-0.016,0.48,0.036
pim-2,TankBind,5.0,NEF,,1.008,3.226,1.0,40,1240,62,2,0.5,1.0,0.5,5.0,0.0,0.0,0.48,0.036
pnp,TankBind,0.5,NEF,,0.0,0.0,0.0,40,1240,7,0,0.0,0.0,0.497,0.0,-0.014,-0.01,0.302,0.003
pnp,TankBind,1.0,NEF,,0.0,0.0,0.0,40,1240,13,0,0.0,0.0,0.495,0.0,-0.019,-0.016,0.302,0.003
pnp,TankBind,5.0,NEF,,0.505,1.613,0.5,40,1240,62,1,0.33,0.492,0.487,2.5,-0.021,-0.02,0.302,0.003
ppara,TankBind,0.5,NEF,,0.0,0.0,0.0,40,1240,7,0,0.0,0.0,0.497,0.0,-0.014,-0.01,0.171,0.0
ppara,TankBind,1.0,NEF,,0.0,0.0,0.0,40,1240,13,0,0.0,0.0,0.495,0.0,-0.019,-0.016,0.171,0.0
ppara,TankBind,5.0,NEF,,0.0,0.0,0.0,40,1240,62,0,0.0,0.0,0.474,0.0,-0.042,-0.041,0.171,0.0
pparg,TankBind,0.5,NEF,,0.0,0.0,0.0,40,1240,7,0,0.0,0.0,0.497,0.0,-0.014,-0.01,0.437,0.003
pparg,TankBind,1.0,NEF,,0.0,0.0,0.0,40,1240,13,0,0.0,0.0,0.495,0.0,-0.019,-0.016,0.437,0.003
pparg,TankBind,5.0,NEF,,0.5,1.613,0.5,40,1240,62,1,0.33,0.492,0.487,2.5,-0.021,-0.02,0.437,0.003
pr,TankBind,0.5,NEF,,15.51,57.143,17.714,40,1240,7,4,0.976,40.0,0.549,57.143,0.23,0.162,0.783,0.349
pr,TankBind,1.0,NEF,,10.34,30.769,9.538,40,1240,13,4,0.93,13.333,0.546,30.769,0.16,0.137,0.783,0.349
pr,TankBind,5.0,NEF,,4.055,12.903,4.0,40,1240,62,8,0.816,4.444,0.578,20.0,0.126,0.122,0.783,0.349
prkcq,TankBind,0.5,NEF,,0.0,0.0,0.0,40,1240,7,0,0.0,0.0,0.497,0.0,-0.014,-0.01,0.704,0.056
prkcq,TankBind,1.0,NEF,,2.504,7.692,2.385,40,1240,13,1,0.714,2.5,0.507,7.692,0.026,0.022,0.704,0.056
prkcq,TankBind,5.0,NEF,,1.502,4.839,1.5,40,1240,62,3,0.604,1.525,0.513,7.5,0.021,0.02,0.704,0.056
pygl-in,TankBind,0.5,NEF,,0.0,0.0,0.0,40,1240,7,0,0.0,0.0,0.497,0.0,-0.014,-0.01,0.516,0.038
pygl-in,TankBind,1.0,NEF,,2.567,7.692,2.385,40,1240,13,1,0.714,2.5,0.507,7.692,0.026,0.022,0.516,0.038
pygl-in,TankBind,5.0,NEF,,0.505,1.613,0.5,40,1240,62,1,0.33,0.492,0.487,2.5,-0.021,-0.02,0.516,0.038
pygl-out,TankBind,0.5,NEF,,0.0,0.0,0.0,40,1240,7,0,0.0,0.0,0.497,0.0,-0.014,-0.01,0.505,0.001
pygl-out,TankBind,1.0,NEF,,0.0,0.0,0.0,40,1240,13,0,0.0,0.0,0.495,0.0,-0.019,-0.016,0.505,0.001
pygl-out,TankBind,5.0,NEF,,0.0,0.0,0.0,40,1240,62,0,0.0,0.0,0.474,0.0,-0.042,-0.041,0.505,0.001
qpct,TankBind,0.5,NEF,,0.0,0.0,0.0,40,1240,7,0,0.0,0.0,0.497,0.0,-0.014,-0.01,0.65,0.011
qpct,TankBind,1.0,NEF,,0.0,0.0,0.0,40,1240,13,0,0.0,0.0,0.495,0.0,-0.019,-0.016,0.65,0.011
qpct,TankBind,5.0,NEF,,1.015,3.226,1.0,40,1240,62,2,0.5,1.0,0.5,5.0,0.0,0.0,0.65,0.011
rock-1,TankBind,0.5,NEF,,0.0,0.0,0.0,40,1240,7,0,0.0,0.0,0.497,0.0,-0.014,-0.01,0.402,0.006
rock-1,TankBind,1.0,NEF,,0.0,0.0,0.0,40,1240,13,0,0.0,0.0,0.495,0.0,-0.019,-0.016,0.402,0.006
rock-1,TankBind,5.0,NEF,,0.503,1.613,0.5,40,1240,62,1,0.33,0.492,0.487,2.5,-0.021,-0.02,0.402,0.006
rxr,TankBind,0.5,NEF,,12.025,42.857,13.286,40,1240,7,3,0.957,22.5,0.536,42.857,0.169,0.119,0.794,0.259
rxr,TankBind,1.0,NEF,,5.344,15.385,4.769,40,1240,13,2,0.845,5.455,0.52,15.385,0.071,0.061,0.794,0.259
rxr,TankBind,5.0,NEF,,5.01,16.129,5.0,40,1240,62,10,0.852,5.769,0.603,25.0,0.168,0.163,0.794,0.259
sars-hcov,TankBind,0.5,NEF,,0.0,0.0,0.0,39,1209,7,0,0.0,0.0,0.497,0.0,-0.014,-0.01,0.436,0.0
sars-hcov,TankBind,1.0,NEF,,0.0,0.0,0.0,39,1209,13,0,0.0,0.0,0.494,0.0,-0.019,-0.016,0.436,0.0
sars-hcov,TankBind,5.0,NEF,,0.0,0.0,0.0,39,1209,61,0,0.0,0.0,0.474,0.0,-0.042,-0.041,0.436,0.0
sirt2,TankBind,0.5,NEF,,0.0,0.0,0.0,40,1240,7,0,0.0,0.0,0.497,0.0,-0.014,-0.01,0.458,0.0
sirt2,TankBind,1.0,NEF,,0.0,0.0,0.0,40,1240,13,0,0.0,0.0,0.495,0.0,-0.019,-0.016,0.458,0.0
sirt2,TankBind,5.0,NEF,,0.0,0.0,0.0,40,1240,62,0,0.0,0.0,0.474,0.0,-0.042,-0.041,0.458,0.0
src,TankBind,0.5,NEF,,0.0,0.0,0.0,40,1240,7,0,0.0,0.0,0.497,0.0,-0.014,-0.01,0.514,0.019
src,TankBind,1.0,NEF,,0.0,0.0,0.0,40,1240,13,0,0.0,0.0,0.495,0.0,-0.019,-0.016,0.514,0.019
src,TankBind,5.0,NEF,,2.02,6.452,2.0,40,1240,62,4,0.674,2.069,0.526,10.0,0.042,0.041,0.514,0.019
thrombin,TankBind,0.5,NEF,,0.0,0.0,0.0,40,1240,7,0,0.0,0.0,0.497,0.0,-0.014,-0.01,0.563,0.054
thrombin,TankBind,1.0,NEF,,0.0,0.0,0.0,40,1240,13,0,0.0,0.0,0.495,0.0,-0.019,-0.016,0.563,0.054
thrombin,TankBind,5.0,NEF,,1.516,4.839,1.5,40,1240,62,3,0.604,1.525,0.513,7.5,0.021,0.02,0.563,0.054
tie2,TankBind,0.5,NEF,,17.985,57.143,17.714,40,1240,7,4,0.976,40.0,0.549,57.143,0.23,0.162,0.792,0.258
tie2,TankBind,1.0,NEF,,8.175,23.077,7.154,40,1240,13,3,0.9,9.0,0.533,23.077,0.116,0.099,0.792,0.258
tie2,TankBind,5.0,NEF,,5.081,16.129,5.0,40,1240,62,10,0.852,5.769,0.603,25.0,0.168,0.163,0.792,0.258
tk,TankBind,0.5,NEF,,0.0,0.0,0.0,40,1240,7,0,0.0,0.0,0.497,0.0,-0.014,-0.01,0.514,0.0
tk,TankBind,1.0,NEF,,0.0,0.0,0.0,40,1240,13,0,0.0,0.0,0.495,0.0,-0.019,-0.016,0.514,0.0
tk,TankBind,5.0,NEF,,0.0,0.0,0.0,40,1240,62,0,0.0,0.0,0.474,0.0,-0.042,-0.041,0.514,0.0
tp,TankBind,0.5,NEF,,0.0,0.0,0.0,40,1240,7,0,0.0,0.0,0.497,0.0,-0.014,-0.01,0.477,0.025
tp,TankBind,1.0,NEF,,0.0,0.0,0.0,40,1240,13,0,0.0,0.0,0.495,0.0,-0.019,-0.016,0.477,0.025
tp,TankBind,5.0,NEF,,0.503,1.613,0.5,40,1240,62,1,0.33,0.492,0.487,2.5,-0.021,-0.02,0.477,0.025
tpa,TankBind,0.5,NEF,,0.0,0.0,0.0,40,1240,7,0,0.0,0.0,0.497,0.0,-0.014,-0.01,0.431,0.007
tpa,TankBind,1.0,NEF,,0.0,0.0,0.0,40,1240,13,0,0.0,0.0,0.495,0.0,-0.019,-0.016,0.431,0.007
tpa,TankBind,5.0,NEF,,0.501,1.613,0.5,40,1240,62,1,0.33,0.492,0.487,2.5,-0.021,-0.02,0.431,0.007
ts,TankBind,0.5,NEF,,5.083,14.286,4.425,40,1239,7,1,0.833,4.996,0.51,14.286,0.047,0.033,0.657,0.153
ts,TankBind,1.0,NEF,,2.542,7.692,2.383,40,1239,13,1,0.714,2.498,0.507,7.692,0.026,0.022,0.657,0.153
ts,TankBind,5.0,NEF,,4.0,12.903,3.997,40,1239,62,8,0.816,4.441,0.577,20.0,0.126,0.122,0.657,0.153
upa,TankBind,0.5,NEF,,0.0,0.0,0.0,40,1240,7,0,0.0,0.0,0.497,0.0,-0.014,-0.01,0.671,0.052
upa,TankBind,1.0,NEF,,0.0,0.0,0.0,40,1240,13,0,0.0,0.0,0.495,0.0,-0.019,-0.016,0.671,0.052
upa,TankBind,5.0,NEF,,2.534,8.065,2.5,40,1240,62,5,0.725,2.632,0.539,12.5,0.063,0.061,0.671,0.052
vegfr1,TankBind,0.5,NEF,,0.0,0.0,0.0,40,1240,7,0,0.0,0.0,0.497,0.0,-0.014,-0.01,0.492,0.002
vegfr1,TankBind,1.0,NEF,,0.0,0.0,0.0,40,1240,13,0,0.0,0.0,0.495,0.0,-0.019,-0.016,0.492,0.002
vegfr1,TankBind,5.0,NEF,,0.0,0.0,0.0,40,1240,62,0,0.0,0.0,0.474,0.0,-0.042,-0.041,0.492,0.002
vegfr2,TankBind,0.5,NEF,,0.0,0.0,0.0,40,1240,7,0,0.0,0.0,0.497,0.0,-0.014,-0.01,0.505,0.005
vegfr2,TankBind,1.0,NEF,,0.0,0.0,0.0,40,1240,13,0,0.0,0.0,0.495,0.0,-0.019,-0.016,0.505,0.005
vegfr2,TankBind,5.0,NEF,,0.5,1.613,0.5,40,1240,62,1,0.33,0.492,0.487,2.5,-0.021,-0.02,0.505,0.005
11betahsd1,TranformerCPI,0.5,NEF,,0.0,0.0,0.0,40,1240,7,0,0.0,0.0,0.497,0.0,-0.014,-0.01,0.387,0.017
11betahsd1,TranformerCPI,1.0,NEF,,0.0,0.0,0.0,40,1240,13,0,0.0,0.0,0.495,0.0,-0.019,-0.016,0.387,0.017
11betahsd1,TranformerCPI,5.0,NEF,,1.016,3.226,1.0,40,1240,62,2,0.5,1.0,0.5,5.0,0.0,0.0,0.387,0.017
17betahsd1,TranformerCPI,0.5,NEF,,0.0,0.0,0.0,40,1240,7,0,0.0,0.0,0.497,0.0,-0.014,-0.01,0.405,0.0
17betahsd1,TranformerCPI,1.0,NEF,,0.0,0.0,0.0,40,1240,13,0,0.0,0.0,0.495,0.0,-0.019,-0.016,0.405,0.0
17betahsd1,TranformerCPI,5.0,NEF,,0.0,0.0,0.0,40,1240,62,0,0.0,0.0,0.474,0.0,-0.042,-0.041,0.405,0.0
a2a,TranformerCPI,0.5,NEF,,0.0,0.0,0.0,40,1240,7,0,0.0,0.0,0.497,0.0,-0.014,-0.01,0.322,0.001
a2a,TranformerCPI,1.0,NEF,,0.0,0.0,0.0,40,1240,13,0,0.0,0.0,0.495,0.0,-0.019,-0.016,0.322,0.001
a2a,TranformerCPI,5.0,NEF,,0.0,0.0,0.0,40,1240,62,0,0.0,0.0,0.474,0.0,-0.042,-0.041,0.322,0.001
ace,TranformerCPI,0.5,NEF,,0.0,0.0,0.0,40,1240,7,0,0.0,0.0,0.497,0.0,-0.014,-0.01,0.322,0.0
ace,TranformerCPI,1.0,NEF,,0.0,0.0,0.0,40,1240,13,0,0.0,0.0,0.495,0.0,-0.019,-0.016,0.322,0.0
ace,TranformerCPI,5.0,NEF,,0.0,0.0,0.0,40,1240,62,0,0.0,0.0,0.474,0.0,-0.042,-0.041,0.322,0.0
ace2,TranformerCPI,0.5,NEF,,0.0,0.0,0.0,40,1240,7,0,0.0,0.0,0.497,0.0,-0.014,-0.01,0.508,0.0
ace2,TranformerCPI,1.0,NEF,,0.0,0.0,0.0,40,1240,13,0,0.0,0.0,0.495,0.0,-0.019,-0.016,0.508,0.0
ace2,TranformerCPI,5.0,NEF,,0.0,0.0,0.0,40,1240,62,0,0.0,0.0,0.474,0.0,-0.042,-0.041,0.508,0.0
ache,TranformerCPI,0.5,NEF,,0.0,0.0,0.0,40,1240,7,0,0.0,0.0,0.497,0.0,-0.014,-0.01,0.459,0.0
ache,TranformerCPI,1.0,NEF,,0.0,0.0,0.0,40,1240,13,0,0.0,0.0,0.495,0.0,-0.019,-0.016,0.459,0.0
ache,TranformerCPI,5.0,NEF,,0.0,0.0,0.0,40,1240,62,0,0.0,0.0,0.474,0.0,-0.042,-0.041,0.459,0.0
adam17,TranformerCPI,0.5,NEF,,0.0,0.0,0.0,40,1240,7,0,0.0,0.0,0.497,0.0,-0.014,-0.01,0.582,0.0
adam17,TranformerCPI,1.0,NEF,,0.0,0.0,0.0,40,1240,13,0,0.0,0.0,0.495,0.0,-0.019,-0.016,0.582,0.0
adam17,TranformerCPI,5.0,NEF,,0.0,0.0,0.0,40,1240,62,0,0.0,0.0,0.474,0.0,-0.042,-0.041,0.582,0.0
adrb2,TranformerCPI,0.5,NEF,,0.0,0.0,0.0,40,1240,7,0,0.0,0.0,0.497,0.0,-0.014,-0.01,0.544,0.04
adrb2,TranformerCPI,1.0,NEF,,0.0,0.0,0.0,40,1240,13,0,0.0,0.0,0.495,0.0,-0.019,-0.016,0.544,0.04
adrb2,TranformerCPI,5.0,NEF,,1.514,4.839,1.5,40,1240,62,3,0.604,1.525,0.513,7.5,0.021,0.02,0.544,0.04
akt1,TranformerCPI,0.5,NEF,,11.83,42.857,13.286,40,1240,7,3,0.957,22.5,0.536,42.857,0.169,0.119,0.784,0.284
akt1,TranformerCPI,1.0,NEF,,8.066,23.077,7.154,40,1240,13,3,0.9,9.0,0.533,23.077,0.116,0.099,0.784,0.284
akt1,TranformerCPI,5.0,NEF,,5.514,17.742,5.5,40,1240,62,11,0.866,6.471,0.616,27.5,0.188,0.184,0.784,0.284
alr2,TranformerCPI,0.5,NEF,,5.108,14.286,4.429,40,1240,7,1,0.833,5.0,0.51,14.286,0.047,0.033,0.539,0.153
alr2,TranformerCPI,1.0,NEF,,2.554,7.692,2.385,40,1240,13,1,0.714,2.5,0.507,7.692,0.026,0.022,0.539,0.153
alr2,TranformerCPI,5.0,NEF,,3.015,9.677,3.0,40,1240,62,6,0.763,3.214,0.552,15.0,0.084,0.082,0.539,0.153
ar,TranformerCPI,0.5,NEF,,10.733,28.571,8.857,40,1240,7,2,0.923,12.0,0.523,28.571,0.108,0.076,0.784,0.333
ar,TranformerCPI,1.0,NEF,,5.367,15.385,4.769,40,1240,13,2,0.845,5.455,0.52,15.385,0.071,0.061,0.784,0.333
ar,TranformerCPI,5.0,NEF,,3.019,9.677,3.0,40,1240,62,6,0.763,3.214,0.552,15.0,0.084,0.082,0.784,0.333
aurka,TranformerCPI,0.5,NEF,,0.0,0.0,0.0,40,1240,7,0,0.0,0.0,0.497,0.0,-0.014,-0.01,0.511,0.036
aurka,TranformerCPI,1.0,NEF,,2.523,7.692,2.385,40,1240,13,1,0.714,2.5,0.507,7.692,0.026,0.022,0.511,0.036
aurka,TranformerCPI,5.0,NEF,,0.505,1.613,0.5,40,1240,62,1,0.33,0.492,0.487,2.5,-0.021,-0.02,0.511,0.036
aurkb,TranformerCPI,0.5,NEF,,5.062,14.286,4.429,40,1240,7,1,0.833,5.0,0.51,14.286,0.047,0.033,0.672,0.17
aurkb,TranformerCPI,1.0,NEF,,5.062,15.385,4.769,40,1240,13,2,0.845,5.455,0.52,15.385,0.071,0.061,0.672,0.17
aurkb,TranformerCPI,5.0,NEF,,4.556,14.516,4.5,40,1240,62,9,0.836,5.094,0.59,22.5,0.147,0.143,0.672,0.17
bcl2,TranformerCPI,0.5,NEF,,0.0,0.0,0.0,40,1240,7,0,0.0,0.0,0.497,0.0,-0.014,-0.01,0.647,0.005
bcl2,TranformerCPI,1.0,NEF,,0.0,0.0,0.0,40,1240,13,0,0.0,0.0,0.495,0.0,-0.019,-0.016,0.647,0.005
bcl2,TranformerCPI,5.0,NEF,,1.002,3.226,1.0,40,1240,62,2,0.5,1.0,0.5,5.0,0.0,0.0,0.647,0.005
braf,TranformerCPI,0.5,NEF,,5.042,14.286,4.429,40,1240,7,1,0.833,5.0,0.51,14.286,0.047,0.033,0.69,0.143
braf,TranformerCPI,1.0,NEF,,5.042,15.385,4.769,40,1240,13,2,0.845,5.455,0.52,15.385,0.071,0.061,0.69,0.143
braf,TranformerCPI,5.0,NEF,,2.521,8.065,2.5,40,1240,62,5,0.725,2.632,0.539,12.5,0.063,0.061,0.69,0.143
catl,TranformerCPI,0.5,NEF,,5.138,14.286,4.429,40,1240,7,1,0.833,5.0,0.51,14.286,0.047,0.033,0.597,0.174
catl,TranformerCPI,1.0,NEF,,5.138,15.385,4.769,40,1240,13,2,0.845,5.455,0.52,15.385,0.071,0.061,0.597,0.174
catl,TranformerCPI,5.0,NEF,,3.537,11.29,3.5,40,1240,62,7,0.792,3.818,0.565,17.5,0.105,0.102,0.597,0.174
cdk2,TranformerCPI,0.5,NEF,,0.0,0.0,0.0,40,1240,7,0,0.0,0.0,0.497,0.0,-0.014,-0.01,0.522,0.155
cdk2,TranformerCPI,1.0,NEF,,8.155,23.077,7.154,40,1240,13,3,0.9,9.0,0.533,23.077,0.116,0.099,0.522,0.155
cdk2,TranformerCPI,5.0,NEF,,2.027,6.452,2.0,40,1240,62,4,0.674,2.069,0.526,10.0,0.042,0.041,0.522,0.155
cox1,TranformerCPI,0.5,NEF,,0.0,0.0,0.0,40,1240,7,0,0.0,0.0,0.497,0.0,-0.014,-0.01,0.561,0.044
cox1,TranformerCPI,1.0,NEF,,0.0,0.0,0.0,40,1240,13,0,0.0,0.0,0.495,0.0,-0.019,-0.016,0.561,0.044
cox1,TranformerCPI,5.0,NEF,,1.501,4.839,1.5,40,1240,62,3,0.604,1.525,0.513,7.5,0.021,0.02,0.561,0.044
cox2,TranformerCPI,0.5,NEF,,0.0,0.0,0.0,40,1240,7,0,0.0,0.0,0.497,0.0,-0.014,-0.01,0.657,0.053
cox2,TranformerCPI,1.0,NEF,,0.0,0.0,0.0,40,1240,13,0,0.0,0.0,0.495,0.0,-0.019,-0.016,0.657,0.053
cox2,TranformerCPI,5.0,NEF,,2.043,6.452,2.0,40,1240,62,4,0.674,2.069,0.526,10.0,0.042,0.041,0.657,0.053
ctsk,TranformerCPI,0.5,NEF,,0.0,0.0,0.0,40,1240,7,0,0.0,0.0,0.497,0.0,-0.014,-0.01,0.435,0.0
ctsk,TranformerCPI,1.0,NEF,,0.0,0.0,0.0,40,1240,13,0,0.0,0.0,0.495,0.0,-0.019,-0.016,0.435,0.0
ctsk,TranformerCPI,5.0,NEF,,0.0,0.0,0.0,40,1240,62,0,0.0,0.0,0.474,0.0,-0.042,-0.041,0.435,0.0
cyp2a6,TranformerCPI,0.5,NEF,,0.0,0.0,0.0,40,1240,7,0,0.0,0.0,0.497,0.0,-0.014,-0.01,0.355,0.025
cyp2a6,TranformerCPI,1.0,NEF,,0.0,0.0,0.0,40,1240,13,0,0.0,0.0,0.495,0.0,-0.019,-0.016,0.355,0.025
cyp2a6,TranformerCPI,5.0,NEF,,0.502,1.613,0.5,40,1240,62,1,0.33,0.492,0.487,2.5,-0.021,-0.02,0.355,0.025
dhfr,TranformerCPI,0.5,NEF,,0.0,0.0,0.0,40,1240,7,0,0.0,0.0,0.497,0.0,-0.014,-0.01,0.515,0.059
dhfr,TranformerCPI,1.0,NEF,,2.55,7.692,2.385,40,1240,13,1,0.714,2.5,0.507,7.692,0.026,0.022,0.515,0.059
dhfr,TranformerCPI,5.0,NEF,,2.007,6.452,2.0,40,1240,62,4,0.674,2.069,0.526,10.0,0.042,0.041,0.515,0.059
egfr,TranformerCPI,0.5,NEF,,10.05,28.571,8.857,40,1240,7,2,0.923,12.0,0.523,28.571,0.108,0.076,0.745,0.202
egfr,TranformerCPI,1.0,NEF,,5.025,15.385,4.769,40,1240,13,2,0.845,5.455,0.52,15.385,0.071,0.061,0.745,0.202
egfr,TranformerCPI,5.0,NEF,,5.025,16.129,5.0,40,1240,62,10,0.852,5.769,0.603,25.0,0.168,0.163,0.745,0.202
ephb4,TranformerCPI,0.5,NEF,,0.0,0.0,0.0,40,1240,7,0,0.0,0.0,0.497,0.0,-0.014,-0.01,0.638,0.003
ephb4,TranformerCPI,1.0,NEF,,0.0,0.0,0.0,40,1240,13,0,0.0,0.0,0.495,0.0,-0.019,-0.016,0.638,0.003
ephb4,TranformerCPI,5.0,NEF,,0.506,1.613,0.5,40,1240,62,1,0.33,0.492,0.487,2.5,-0.021,-0.02,0.638,0.003
erbb2,TranformerCPI,0.5,NEF,,5.92,14.286,4.429,40,1240,7,1,0.833,5.0,0.51,14.286,0.047,0.033,0.717,0.261
erbb2,TranformerCPI,1.0,NEF,,8.073,23.077,7.154,40,1240,13,3,0.9,9.0,0.533,23.077,0.116,0.099,0.717,0.261
erbb2,TranformerCPI,5.0,NEF,,5.017,16.129,5.0,40,1240,62,10,0.852,5.769,0.603,25.0,0.168,0.163,0.717,0.261
er-beta,TranformerCPI,0.5,NEF,,0.0,0.0,0.0,40,1240,7,0,0.0,0.0,0.497,0.0,-0.014,-0.01,0.348,0.0
er-beta,TranformerCPI,1.0,NEF,,0.0,0.0,0.0,40,1240,13,0,0.0,0.0,0.495,0.0,-0.019,-0.016,0.348,0.0
er-beta,TranformerCPI,5.0,NEF,,0.0,0.0,0.0,40,1240,62,0,0.0,0.0,0.474,0.0,-0.042,-0.041,0.348,0.0
fgfr1,TranformerCPI,0.5,NEF,,0.0,0.0,0.0,40,1240,7,0,0.0,0.0,0.497,0.0,-0.014,-0.01,0.757,0.01
fgfr1,TranformerCPI,1.0,NEF,,0.0,0.0,0.0,40,1240,13,0,0.0,0.0,0.495,0.0,-0.019,-0.016,0.757,0.01
fgfr1,TranformerCPI,5.0,NEF,,0.508,1.613,0.5,40,1240,62,1,0.33,0.492,0.487,2.5,-0.021,-0.02,0.757,0.01
fkbp1a,TranformerCPI,0.5,NEF,,0.0,0.0,0.0,40,1240,7,0,0.0,0.0,0.497,0.0,-0.014,-0.01,0.273,0.0
fkbp1a,TranformerCPI,1.0,NEF,,0.0,0.0,0.0,40,1240,13,0,0.0,0.0,0.495,0.0,-0.019,-0.016,0.273,0.0
fkbp1a,TranformerCPI,5.0,NEF,,0.0,0.0,0.0,40,1240,62,0,0.0,0.0,0.474,0.0,-0.042,-0.041,0.273,0.0
fxa,TranformerCPI,0.5,NEF,,5.97,14.286,4.429,40,1240,7,1,0.833,5.0,0.51,14.286,0.047,0.033,0.556,0.097
fxa,TranformerCPI,1.0,NEF,,2.714,7.692,2.385,40,1240,13,1,0.714,2.5,0.507,7.692,0.026,0.022,0.556,0.097
fxa,TranformerCPI,5.0,NEF,,1.012,3.226,1.0,40,1240,62,2,0.5,1.0,0.5,5.0,0.0,0.0,0.556,0.097
gba,TranformerCPI,0.5,NEF,,10.292,28.571,8.857,40,1240,7,2,0.923,12.0,0.523,28.571,0.108,0.076,0.621,0.202
gba,TranformerCPI,1.0,NEF,,7.719,23.077,7.154,40,1240,13,3,0.9,9.0,0.533,23.077,0.116,0.099,0.621,0.202
gba,TranformerCPI,5.0,NEF,,2.531,8.065,2.5,40,1240,62,5,0.725,2.632,0.539,12.5,0.063,0.061,0.621,0.202
gr,TranformerCPI,0.5,NEF,,10.192,28.571,8.857,40,1240,7,2,0.923,12.0,0.523,28.571,0.108,0.076,0.76,0.513
gr,TranformerCPI,1.0,NEF,,17.835,53.846,16.692,40,1240,13,7,0.972,35.0,0.585,53.846,0.295,0.252,0.76,0.513
gr,TranformerCPI,5.0,NEF,,10.025,32.258,10.0,40,1240,62,20,0.935,14.286,0.732,50.0,0.377,0.367,0.76,0.513
gsk3b,TranformerCPI,0.5,NEF,,0.0,0.0,0.0,40,1240,7,0,0.0,0.0,0.497,0.0,-0.014,-0.01,0.56,0.056
gsk3b,TranformerCPI,1.0,NEF,,0.0,0.0,0.0,40,1240,13,0,0.0,0.0,0.495,0.0,-0.019,-0.016,0.56,0.056
gsk3b,TranformerCPI,5.0,NEF,,2.512,8.065,2.5,40,1240,62,5,0.725,2.632,0.539,12.5,0.063,0.061,0.56,0.056
hdac2,TranformerCPI,0.5,NEF,,0.0,0.0,0.0,40,1240,7,0,0.0,0.0,0.497,0.0,-0.014,-0.01,0.468,0.011
hdac2,TranformerCPI,1.0,NEF,,0.0,0.0,0.0,40,1240,13,0,0.0,0.0,0.495,0.0,-0.019,-0.016,0.468,0.011
hdac2,TranformerCPI,5.0,NEF,,1.518,4.839,1.5,40,1240,62,3,0.604,1.525,0.513,7.5,0.021,0.02,0.468,0.011
hdac8,TranformerCPI,0.5,NEF,,0.0,0.0,0.0,40,1240,7,0,0.0,0.0,0.497,0.0,-0.014,-0.01,0.479,0.014
hdac8,TranformerCPI,1.0,NEF,,0.0,0.0,0.0,40,1240,13,0,0.0,0.0,0.495,0.0,-0.019,-0.016,0.479,0.014
hdac8,TranformerCPI,5.0,NEF,,1.011,3.226,1.0,40,1240,62,2,0.5,1.0,0.5,5.0,0.0,0.0,0.479,0.014
hiv1pr,TranformerCPI,0.5,NEF,,0.0,0.0,0.0,40,1240,7,0,0.0,0.0,0.497,0.0,-0.014,-0.01,0.472,0.0
hiv1pr,TranformerCPI,1.0,NEF,,0.0,0.0,0.0,40,1240,13,0,0.0,0.0,0.495,0.0,-0.019,-0.016,0.472,0.0
hiv1pr,TranformerCPI,5.0,NEF,,0.0,0.0,0.0,40,1240,62,0,0.0,0.0,0.474,0.0,-0.042,-0.041,0.472,0.0
hiv1rt,TranformerCPI,0.5,NEF,,0.0,0.0,0.0,40,1240,7,0,0.0,0.0,0.497,0.0,-0.014,-0.01,0.516,0.004
hiv1rt,TranformerCPI,1.0,NEF,,0.0,0.0,0.0,40,1240,13,0,0.0,0.0,0.495,0.0,-0.019,-0.016,0.516,0.004
hiv1rt,TranformerCPI,5.0,NEF,,0.508,1.613,0.5,40,1240,62,1,0.33,0.492,0.487,2.5,-0.021,-0.02,0.516,0.004
hmgr,TranformerCPI,0.5,NEF,,5.154,14.286,4.429,40,1240,7,1,0.833,5.0,0.51,14.286,0.047,0.033,0.522,0.053
hmgr,TranformerCPI,1.0,NEF,,2.577,7.692,2.385,40,1240,13,1,0.714,2.5,0.507,7.692,0.026,0.022,0.522,0.053
hmgr,TranformerCPI,5.0,NEF,,0.507,1.613,0.5,40,1240,62,1,0.33,0.492,0.487,2.5,-0.021,-0.02,0.522,0.053
hsp90,TranformerCPI,0.5,NEF,,0.0,0.0,0.0,40,1240,7,0,0.0,0.0,0.497,0.0,-0.014,-0.01,0.585,0.035
hsp90,TranformerCPI,1.0,NEF,,0.0,0.0,0.0,40,1240,13,0,0.0,0.0,0.495,0.0,-0.019,-0.016,0.585,0.035
hsp90,TranformerCPI,5.0,NEF,,1.518,4.839,1.5,40,1240,62,3,0.604,1.525,0.513,7.5,0.021,0.02,0.585,0.035
igf1r,TranformerCPI,0.5,NEF,,5.815,14.286,4.429,40,1240,7,1,0.833,5.0,0.51,14.286,0.047,0.033,0.786,0.336
igf1r,TranformerCPI,1.0,NEF,,10.573,30.769,9.538,40,1240,13,4,0.93,13.333,0.546,30.769,0.16,0.137,0.786,0.336
igf1r,TranformerCPI,5.0,NEF,,6.016,19.355,6.0,40,1240,62,12,0.878,7.2,0.629,30.0,0.209,0.204,0.786,0.336
inha,TranformerCPI,0.5,NEF,,0.0,0.0,0.0,40,1240,7,0,0.0,0.0,0.497,0.0,-0.014,-0.01,0.191,0.0
inha,TranformerCPI,1.0,NEF,,0.0,0.0,0.0,40,1240,13,0,0.0,0.0,0.495,0.0,-0.019,-0.016,0.191,0.0
inha,TranformerCPI,5.0,NEF,,0.0,0.0,0.0,40,1240,62,0,0.0,0.0,0.474,0.0,-0.042,-0.041,0.191,0.0
itk,TranformerCPI,0.5,NEF,,0.0,0.0,0.0,40,1240,7,0,0.0,0.0,0.497,0.0,-0.014,-0.01,0.565,0.0
itk,TranformerCPI,1.0,NEF,,0.0,0.0,0.0,40,1240,13,0,0.0,0.0,0.495,0.0,-0.019,-0.016,0.565,0.0
itk,TranformerCPI,5.0,NEF,,0.0,0.0,0.0,40,1240,62,0,0.0,0.0,0.474,0.0,-0.042,-0.041,0.565,0.0
jak3,TranformerCPI,0.5,NEF,,11.97,42.857,13.286,40,1240,7,3,0.957,22.5,0.536,42.857,0.169,0.119,0.754,0.162
jak3,TranformerCPI,1.0,NEF,,5.441,15.385,4.769,40,1240,13,2,0.845,5.455,0.52,15.385,0.071,0.061,0.754,0.162
jak3,TranformerCPI,5.0,NEF,,3.043,9.677,3.0,40,1240,62,6,0.763,3.214,0.552,15.0,0.084,0.082,0.754,0.162
jnk1,TranformerCPI,0.5,NEF,,0.0,0.0,0.0,40,1240,7,0,0.0,0.0,0.497,0.0,-0.014,-0.01,0.607,0.048
jnk1,TranformerCPI,1.0,NEF,,2.725,7.692,2.385,40,1240,13,1,0.714,2.5,0.507,7.692,0.026,0.022,0.607,0.048
jnk1,TranformerCPI,5.0,NEF,,1.524,4.839,1.5,40,1240,62,3,0.604,1.525,0.513,7.5,0.021,0.02,0.607,0.048
jnk2,TranformerCPI,0.5,NEF,,0.0,0.0,0.0,40,1240,7,0,0.0,0.0,0.497,0.0,-0.014,-0.01,0.555,0.014
jnk2,TranformerCPI,1.0,NEF,,0.0,0.0,0.0,40,1240,13,0,0.0,0.0,0.495,0.0,-0.019,-0.016,0.555,0.014
jnk2,TranformerCPI,5.0,NEF,,0.505,1.613,0.5,40,1240,62,1,0.33,0.492,0.487,2.5,-0.021,-0.02,0.555,0.014
jnk3,TranformerCPI,0.5,NEF,,0.0,0.0,0.0,40,1240,7,0,0.0,0.0,0.497,0.0,-0.014,-0.01,0.537,0.011
jnk3,TranformerCPI,1.0,NEF,,0.0,0.0,0.0,40,1240,13,0,0.0,0.0,0.495,0.0,-0.019,-0.016,0.537,0.011
jnk3,TranformerCPI,5.0,NEF,,1.008,3.226,1.0,40,1240,62,2,0.5,1.0,0.5,5.0,0.0,0.0,0.537,0.011
kif11,TranformerCPI,0.5,NEF,,0.0,0.0,0.0,40,1240,7,0,0.0,0.0,0.497,0.0,-0.014,-0.01,0.381,0.0
kif11,TranformerCPI,1.0,NEF,,0.0,0.0,0.0,40,1240,13,0,0.0,0.0,0.495,0.0,-0.019,-0.016,0.381,0.0
kif11,TranformerCPI,5.0,NEF,,0.0,0.0,0.0,40,1240,62,0,0.0,0.0,0.474,0.0,-0.042,-0.041,0.381,0.0
lck,TranformerCPI,0.5,NEF,,0.0,0.0,0.0,40,1240,7,0,0.0,0.0,0.497,0.0,-0.014,-0.01,0.66,0.048
lck,TranformerCPI,1.0,NEF,,0.0,0.0,0.0,40,1240,13,0,0.0,0.0,0.495,0.0,-0.019,-0.016,0.66,0.048
lck,TranformerCPI,5.0,NEF,,3.01,9.677,3.0,40,1240,62,6,0.763,3.214,0.552,15.0,0.084,0.082,0.66,0.048
mdm2,TranformerCPI,0.5,NEF,,0.0,0.0,0.0,40,1240,7,0,0.0,0.0,0.497,0.0,-0.014,-0.01,0.257,0.0
mdm2,TranformerCPI,1.0,NEF,,0.0,0.0,0.0,40,1240,13,0,0.0,0.0,0.495,0.0,-0.019,-0.016,0.257,0.0
mdm2,TranformerCPI,5.0,NEF,,0.0,0.0,0.0,40,1240,62,0,0.0,0.0,0.474,0.0,-0.042,-0.041,0.257,0.0
mk2,TranformerCPI,0.5,NEF,,0.0,0.0,0.0,40,1240,7,0,0.0,0.0,0.497,0.0,-0.014,-0.01,0.622,0.05
mk2,TranformerCPI,1.0,NEF,,0.0,0.0,0.0,40,1240,13,0,0.0,0.0,0.495,0.0,-0.019,-0.016,0.622,0.05
mk2,TranformerCPI,5.0,NEF,,2.012,6.452,2.0,40,1240,62,4,0.674,2.069,0.526,10.0,0.042,0.041,0.622,0.05
mmp2,TranformerCPI,0.5,NEF,,0.0,0.0,0.0,40,1240,7,0,0.0,0.0,0.497,0.0,-0.014,-0.01,0.525,0.0
mmp2,TranformerCPI,1.0,NEF,,0.0,0.0,0.0,40,1240,13,0,0.0,0.0,0.495,0.0,-0.019,-0.016,0.525,0.0
mmp2,TranformerCPI,5.0,NEF,,0.0,0.0,0.0,40,1240,62,0,0.0,0.0,0.474,0.0,-0.042,-0.041,0.525,0.0
na,TranformerCPI,0.5,NEF,,0.0,0.0,0.0,40,1240,7,0,0.0,0.0,0.497,0.0,-0.014,-0.01,0.315,0.0
na,TranformerCPI,1.0,NEF,,0.0,0.0,0.0,40,1240,13,0,0.0,0.0,0.495,0.0,-0.019,-0.016,0.315,0.0
na,TranformerCPI,5.0,NEF,,0.0,0.0,0.0,40,1240,62,0,0.0,0.0,0.474,0.0,-0.042,-0.041,0.315,0.0
p38-alpha,TranformerCPI,0.5,NEF,,0.0,0.0,0.0,40,1240,7,0,0.0,0.0,0.497,0.0,-0.014,-0.01,0.456,0.003
p38-alpha,TranformerCPI,1.0,NEF,,0.0,0.0,0.0,40,1240,13,0,0.0,0.0,0.495,0.0,-0.019,-0.016,0.456,0.003
p38-alpha,TranformerCPI,5.0,NEF,,0.501,1.613,0.5,40,1240,62,1,0.33,0.492,0.487,2.5,-0.021,-0.02,0.456,0.003
parp-1,TranformerCPI,0.5,NEF,,0.0,0.0,0.0,40,1240,7,0,0.0,0.0,0.497,0.0,-0.014,-0.01,0.369,0.002
parp-1,TranformerCPI,1.0,NEF,,0.0,0.0,0.0,40,1240,13,0,0.0,0.0,0.495,0.0,-0.019,-0.016,0.369,0.002
parp-1,TranformerCPI,5.0,NEF,,0.502,1.613,0.5,40,1240,62,1,0.33,0.492,0.487,2.5,-0.021,-0.02,0.369,0.002
pde4b,TranformerCPI,0.5,NEF,,0.0,0.0,0.0,40,1240,7,0,0.0,0.0,0.497,0.0,-0.014,-0.01,0.61,0.001
pde4b,TranformerCPI,1.0,NEF,,0.0,0.0,0.0,40,1240,13,0,0.0,0.0,0.495,0.0,-0.019,-0.016,0.61,0.001
pde4b,TranformerCPI,5.0,NEF,,0.0,0.0,0.0,40,1240,62,0,0.0,0.0,0.474,0.0,-0.042,-0.041,0.61,0.001
pde5,TranformerCPI,0.5,NEF,,0.0,0.0,0.0,40,1240,7,0,0.0,0.0,0.497,0.0,-0.014,-0.01,0.616,0.069
pde5,TranformerCPI,1.0,NEF,,2.558,7.692,2.385,40,1240,13,1,0.714,2.5,0.507,7.692,0.026,0.022,0.616,0.069
pde5,TranformerCPI,5.0,NEF,,1.51,4.839,1.5,40,1240,62,3,0.604,1.525,0.513,7.5,0.021,0.02,0.616,0.069
pdk1,TranformerCPI,0.5,NEF,,0.0,0.0,0.0,40,1240,7,0,0.0,0.0,0.497,0.0,-0.014,-0.01,0.533,0.052
pdk1,TranformerCPI,1.0,NEF,,2.517,7.692,2.385,40,1240,13,1,0.714,2.5,0.507,7.692,0.026,0.022,0.533,0.052
pdk1,TranformerCPI,5.0,NEF,,2.013,6.452,2.0,40,1240,62,4,0.674,2.069,0.526,10.0,0.042,0.041,0.533,0.052
pim-1,TranformerCPI,0.5,NEF,,0.0,0.0,0.0,40,1240,7,0,0.0,0.0,0.497,0.0,-0.014,-0.01,0.489,0.023
pim-1,TranformerCPI,1.0,NEF,,0.0,0.0,0.0,40,1240,13,0,0.0,0.0,0.495,0.0,-0.019,-0.016,0.489,0.023
pim-1,TranformerCPI,5.0,NEF,,1.511,4.839,1.5,40,1240,62,3,0.604,1.525,0.513,7.5,0.021,0.02,0.489,0.023
pim-2,TranformerCPI,0.5,NEF,,0.0,0.0,0.0,40,1240,7,0,0.0,0.0,0.497,0.0,-0.014,-0.01,0.583,0.022
pim-2,TranformerCPI,1.0,NEF,,0.0,0.0,0.0,40,1240,13,0,0.0,0.0,0.495,0.0,-0.019,-0.016,0.583,0.022
pim-2,TranformerCPI,5.0,NEF,,2.519,8.065,2.5,40,1240,62,5,0.725,2.632,0.539,12.5,0.063,0.061,0.583,0.022
pnp,TranformerCPI,0.5,NEF,,5.138,14.286,4.429,40,1240,7,1,0.833,5.0,0.51,14.286,0.047,0.033,0.289,0.059
pnp,TranformerCPI,1.0,NEF,,2.569,7.692,2.385,40,1240,13,1,0.714,2.5,0.507,7.692,0.026,0.022,0.289,0.059
pnp,TranformerCPI,5.0,NEF,,1.516,4.839,1.5,40,1240,62,3,0.604,1.525,0.513,7.5,0.021,0.02,0.289,0.059
ppara,TranformerCPI,0.5,NEF,,0.0,0.0,0.0,40,1240,7,0,0.0,0.0,0.497,0.0,-0.014,-0.01,0.432,0.008
ppara,TranformerCPI,1.0,NEF,,0.0,0.0,0.0,40,1240,13,0,0.0,0.0,0.495,0.0,-0.019,-0.016,0.432,0.008
ppara,TranformerCPI,5.0,NEF,,0.5,1.613,0.5,40,1240,62,1,0.33,0.492,0.487,2.5,-0.021,-0.02,0.432,0.008
pparg,TranformerCPI,0.5,NEF,,0.0,0.0,0.0,40,1240,7,0,0.0,0.0,0.497,0.0,-0.014,-0.01,0.459,0.001
pparg,TranformerCPI,1.0,NEF,,0.0,0.0,0.0,40,1240,13,0,0.0,0.0,0.495,0.0,-0.019,-0.016,0.459,0.001
pparg,TranformerCPI,5.0,NEF,,0.0,0.0,0.0,40,1240,62,0,0.0,0.0,0.474,0.0,-0.042,-0.041,0.459,0.001
pr,TranformerCPI,0.5,NEF,,10.34,28.571,8.857,40,1240,7,2,0.923,12.0,0.523,28.571,0.108,0.076,0.633,0.242
pr,TranformerCPI,1.0,NEF,,7.755,23.077,7.154,40,1240,13,3,0.9,9.0,0.533,23.077,0.116,0.099,0.633,0.242
pr,TranformerCPI,5.0,NEF,,2.534,8.065,2.5,40,1240,62,5,0.725,2.632,0.539,12.5,0.063,0.061,0.633,0.242
prkcq,TranformerCPI,0.5,NEF,,0.0,0.0,0.0,40,1240,7,0,0.0,0.0,0.497,0.0,-0.014,-0.01,0.735,0.08
prkcq,TranformerCPI,1.0,NEF,,0.0,0.0,0.0,40,1240,13,0,0.0,0.0,0.495,0.0,-0.019,-0.016,0.735,0.08
prkcq,TranformerCPI,5.0,NEF,,4.508,14.516,4.5,40,1240,62,9,0.836,5.094,0.59,22.5,0.147,0.143,0.735,0.08
pygl-in,TranformerCPI,0.5,NEF,,0.0,0.0,0.0,40,1240,7,0,0.0,0.0,0.497,0.0,-0.014,-0.01,0.327,0.002
pygl-in,TranformerCPI,1.0,NEF,,0.0,0.0,0.0,40,1240,13,0,0.0,0.0,0.495,0.0,-0.019,-0.016,0.327,0.002
pygl-in,TranformerCPI,5.0,NEF,,0.505,1.613,0.5,40,1240,62,1,0.33,0.492,0.487,2.5,-0.021,-0.02,0.327,0.002
pygl-out,TranformerCPI,0.5,NEF,,0.0,0.0,0.0,40,1240,7,0,0.0,0.0,0.497,0.0,-0.014,-0.01,0.476,0.0
pygl-out,TranformerCPI,1.0,NEF,,0.0,0.0,0.0,40,1240,13,0,0.0,0.0,0.495,0.0,-0.019,-0.016,0.476,0.0
pygl-out,TranformerCPI,5.0,NEF,,0.0,0.0,0.0,40,1240,62,0,0.0,0.0,0.474,0.0,-0.042,-0.041,0.476,0.0
qpct,TranformerCPI,0.5,NEF,,0.0,0.0,0.0,40,1240,7,0,0.0,0.0,0.497,0.0,-0.014,-0.01,0.613,0.018
qpct,TranformerCPI,1.0,NEF,,0.0,0.0,0.0,40,1240,13,0,0.0,0.0,0.495,0.0,-0.019,-0.016,0.613,0.018
qpct,TranformerCPI,5.0,NEF,,1.522,4.839,1.5,40,1240,62,3,0.604,1.525,0.513,7.5,0.021,0.02,0.613,0.018
rock-1,TranformerCPI,0.5,NEF,,0.0,0.0,0.0,40,1240,7,0,0.0,0.0,0.497,0.0,-0.014,-0.01,0.441,0.057
rock-1,TranformerCPI,1.0,NEF,,2.515,7.692,2.385,40,1240,13,1,0.714,2.5,0.507,7.692,0.026,0.022,0.441,0.057
rock-1,TranformerCPI,5.0,NEF,,1.509,4.839,1.5,40,1240,62,3,0.604,1.525,0.513,7.5,0.021,0.02,0.441,0.057
rxr,TranformerCPI,0.5,NEF,,0.0,0.0,0.0,40,1240,7,0,0.0,0.0,0.497,0.0,-0.014,-0.01,0.568,0.001
rxr,TranformerCPI,1.0,NEF,,0.0,0.0,0.0,40,1240,13,0,0.0,0.0,0.495,0.0,-0.019,-0.016,0.568,0.001
rxr,TranformerCPI,5.0,NEF,,0.0,0.0,0.0,40,1240,62,0,0.0,0.0,0.474,0.0,-0.042,-0.041,0.568,0.001
sars-hcov,TranformerCPI,0.5,NEF,,0.0,0.0,0.0,39,1209,7,0,0.0,0.0,0.497,0.0,-0.014,-0.01,0.451,0.003
sars-hcov,TranformerCPI,1.0,NEF,,0.0,0.0,0.0,39,1209,13,0,0.0,0.0,0.494,0.0,-0.019,-0.016,0.451,0.003
sars-hcov,TranformerCPI,5.0,NEF,,0.514,1.639,0.508,39,1209,61,1,0.333,0.5,0.487,2.564,-0.021,-0.02,0.451,0.003
sirt2,TranformerCPI,0.5,NEF,,0.0,0.0,0.0,40,1240,7,0,0.0,0.0,0.497,0.0,-0.014,-0.01,0.422,0.016
sirt2,TranformerCPI,1.0,NEF,,0.0,0.0,0.0,40,1240,13,0,0.0,0.0,0.495,0.0,-0.019,-0.016,0.422,0.016
sirt2,TranformerCPI,5.0,NEF,,0.5,1.613,0.5,40,1240,62,1,0.33,0.492,0.487,2.5,-0.021,-0.02,0.422,0.016
src,TranformerCPI,0.5,NEF,,15.15,42.857,13.286,40,1240,7,3,0.957,22.5,0.536,42.857,0.169,0.119,0.692,0.313
src,TranformerCPI,1.0,NEF,,10.1,30.769,9.538,40,1240,13,4,0.93,13.333,0.546,30.769,0.16,0.137,0.692,0.313
src,TranformerCPI,5.0,NEF,,4.545,14.516,4.5,40,1240,62,9,0.836,5.094,0.59,22.5,0.147,0.143,0.692,0.313
thrombin,TranformerCPI,0.5,NEF,,0.0,0.0,0.0,40,1240,7,0,0.0,0.0,0.497,0.0,-0.014,-0.01,0.56,0.046
thrombin,TranformerCPI,1.0,NEF,,0.0,0.0,0.0,40,1240,13,0,0.0,0.0,0.495,0.0,-0.019,-0.016,0.56,0.046
thrombin,TranformerCPI,5.0,NEF,,1.516,4.839,1.5,40,1240,62,3,0.604,1.525,0.513,7.5,0.021,0.02,0.56,0.046
tie2,TranformerCPI,0.5,NEF,,0.0,0.0,0.0,40,1240,7,0,0.0,0.0,0.497,0.0,-0.014,-0.01,0.758,0.13
tie2,TranformerCPI,1.0,NEF,,5.45,15.385,4.769,40,1240,13,2,0.845,5.455,0.52,15.385,0.071,0.061,0.758,0.13
tie2,TranformerCPI,5.0,NEF,,3.556,11.29,3.5,40,1240,62,7,0.792,3.818,0.565,17.5,0.105,0.102,0.758,0.13
tk,TranformerCPI,0.5,NEF,,0.0,0.0,0.0,40,1240,7,0,0.0,0.0,0.497,0.0,-0.014,-0.01,0.409,0.0
tk,TranformerCPI,1.0,NEF,,0.0,0.0,0.0,40,1240,13,0,0.0,0.0,0.495,0.0,-0.019,-0.016,0.409,0.0
tk,TranformerCPI,5.0,NEF,,0.0,0.0,0.0,40,1240,62,0,0.0,0.0,0.474,0.0,-0.042,-0.041,0.409,0.0
tp,TranformerCPI,0.5,NEF,,0.0,0.0,0.0,40,1240,7,0,0.0,0.0,0.497,0.0,-0.014,-0.01,0.384,0.0
tp,TranformerCPI,1.0,NEF,,0.0,0.0,0.0,40,1240,13,0,0.0,0.0,0.495,0.0,-0.019,-0.016,0.384,0.0
tp,TranformerCPI,5.0,NEF,,0.0,0.0,0.0,40,1240,62,0,0.0,0.0,0.474,0.0,-0.042,-0.041,0.384,0.0
tpa,TranformerCPI,0.5,NEF,,0.0,0.0,0.0,40,1240,7,0,0.0,0.0,0.497,0.0,-0.014,-0.01,0.596,0.008
tpa,TranformerCPI,1.0,NEF,,0.0,0.0,0.0,40,1240,13,0,0.0,0.0,0.495,0.0,-0.019,-0.016,0.596,0.008
tpa,TranformerCPI,5.0,NEF,,1.003,3.226,1.0,40,1240,62,2,0.5,1.0,0.5,5.0,0.0,0.0,0.596,0.008
ts,TranformerCPI,0.5,NEF,,0.0,0.0,0.0,40,1239,7,0,0.0,0.0,0.497,0.0,-0.014,-0.01,0.76,0.069
ts,TranformerCPI,1.0,NEF,,2.542,7.692,2.383,40,1239,13,1,0.714,2.498,0.507,7.692,0.026,0.022,0.76,0.069
ts,TranformerCPI,5.0,NEF,,2.0,6.452,1.998,40,1239,62,4,0.674,2.067,0.526,10.0,0.042,0.041,0.76,0.069
upa,TranformerCPI,0.5,NEF,,0.0,0.0,0.0,40,1240,7,0,0.0,0.0,0.497,0.0,-0.014,-0.01,0.524,0.008
upa,TranformerCPI,1.0,NEF,,0.0,0.0,0.0,40,1240,13,0,0.0,0.0,0.495,0.0,-0.019,-0.016,0.524,0.008
upa,TranformerCPI,5.0,NEF,,1.014,3.226,1.0,40,1240,62,2,0.5,1.0,0.5,5.0,0.0,0.0,0.524,0.008
vegfr1,TranformerCPI,0.5,NEF,,0.0,0.0,0.0,40,1240,7,0,0.0,0.0,0.497,0.0,-0.014,-0.01,0.551,0.069
vegfr1,TranformerCPI,1.0,NEF,,0.0,0.0,0.0,40,1240,13,0,0.0,0.0,0.495,0.0,-0.019,-0.016,0.551,0.069
vegfr1,TranformerCPI,5.0,NEF,,2.0,6.452,2.0,40,1240,62,4,0.674,2.069,0.526,10.0,0.042,0.041,0.551,0.069
vegfr2,TranformerCPI,0.5,NEF,,0.0,0.0,0.0,40,1240,7,0,0.0,0.0,0.497,0.0,-0.014,-0.01,0.723,0.062
vegfr2,TranformerCPI,1.0,NEF,,0.0,0.0,0.0,40,1240,13,0,0.0,0.0,0.495,0.0,-0.019,-0.016,0.723,0.062
vegfr2,TranformerCPI,5.0,NEF,,3.002,9.677,3.0,40,1240,62,6,0.763,3.214,0.552,15.0,0.084,0.082,0.723,0.062
11betahsd1,ΔVinaRF20/GlideSP,0.5,NEF,,4.983,14.286,4.429,40,1240,7,1,0.833,5.0,0.51,14.286,0.047,0.033,0.63,0.116
11betahsd1,ΔVinaRF20/GlideSP,1.0,NEF,,2.49,7.692,2.385,40,1240,13,1,0.714,2.5,0.507,7.692,0.026,0.022,0.63,0.116
11betahsd1,ΔVinaRF20/GlideSP,5.0,NEF,,3.547,11.29,3.5,40,1240,62,7,0.792,3.818,0.565,17.5,0.105,0.102,0.63,0.116
17betahsd1,ΔVinaRF20/GlideSP,0.5,NEF,,4.382,14.286,4.429,40,1240,7,1,0.833,5.0,0.51,14.286,0.047,0.033,0.476,0.088
17betahsd1,ΔVinaRF20/GlideSP,1.0,NEF,,2.36,7.692,2.385,40,1240,13,1,0.714,2.5,0.507,7.692,0.026,0.022,0.476,0.088
17betahsd1,ΔVinaRF20/GlideSP,5.0,NEF,,1.484,4.839,1.5,40,1240,62,3,0.604,1.525,0.513,7.5,0.021,0.02,0.476,0.088
a2a,ΔVinaRF20/GlideSP,0.5,NEF,,0.0,0.0,0.0,40,1240,7,0,0.0,0.0,0.497,0.0,-0.014,-0.01,0.537,0.001
a2a,ΔVinaRF20/GlideSP,1.0,NEF,,0.0,0.0,0.0,40,1240,13,0,0.0,0.0,0.495,0.0,-0.019,-0.016,0.537,0.001
a2a,ΔVinaRF20/GlideSP,5.0,NEF,,0.0,0.0,0.0,40,1240,62,0,0.0,0.0,0.474,0.0,-0.042,-0.041,0.537,0.001
ace,ΔVinaRF20/GlideSP,0.5,NEF,,4.361,14.286,4.429,40,1240,7,1,0.833,5.0,0.51,14.286,0.047,0.033,0.421,0.062
ace,ΔVinaRF20/GlideSP,1.0,NEF,,2.35,7.692,2.385,40,1240,13,1,0.714,2.5,0.507,7.692,0.026,0.022,0.421,0.062
ace,ΔVinaRF20/GlideSP,5.0,NEF,,0.985,3.226,1.0,40,1240,62,2,0.5,1.0,0.5,5.0,0.0,0.0,0.421,0.062
ace2,ΔVinaRF20/GlideSP,0.5,NEF,,0.0,0.0,0.0,40,1240,7,0,0.0,0.0,0.497,0.0,-0.014,-0.01,0.385,0.0
ace2,ΔVinaRF20/GlideSP,1.0,NEF,,0.0,0.0,0.0,40,1240,13,0,0.0,0.0,0.495,0.0,-0.019,-0.016,0.385,0.0
ace2,ΔVinaRF20/GlideSP,5.0,NEF,,0.0,0.0,0.0,40,1240,62,0,0.0,0.0,0.474,0.0,-0.042,-0.041,0.385,0.0
ache,ΔVinaRF20/GlideSP,0.5,NEF,,4.361,14.286,4.429,40,1240,7,1,0.833,5.0,0.51,14.286,0.047,0.033,0.684,0.18
ache,ΔVinaRF20/GlideSP,1.0,NEF,,4.7,15.385,4.769,40,1240,13,2,0.845,5.455,0.52,15.385,0.071,0.061,0.684,0.18
ache,ΔVinaRF20/GlideSP,5.0,NEF,,3.939,12.903,4.0,40,1240,62,8,0.816,4.444,0.578,20.0,0.126,0.122,0.684,0.18
adam17,ΔVinaRF20/GlideSP,0.5,NEF,,8.607,28.571,8.857,40,1240,7,2,0.923,12.0,0.523,28.571,0.108,0.076,0.568,0.257
adam17,ΔVinaRF20/GlideSP,1.0,NEF,,9.27,30.769,9.538,40,1240,13,4,0.93,13.333,0.546,30.769,0.16,0.137,0.568,0.257
adam17,ΔVinaRF20/GlideSP,5.0,NEF,,3.951,12.903,4.0,40,1240,62,8,0.816,4.444,0.578,20.0,0.126,0.122,0.568,0.257
adrb2,ΔVinaRF20/GlideSP,0.5,NEF,,4.792,14.286,4.429,40,1240,7,1,0.833,5.0,0.51,14.286,0.047,0.033,0.621,0.088
adrb2,ΔVinaRF20/GlideSP,1.0,NEF,,2.4,7.692,2.385,40,1240,13,1,0.714,2.5,0.507,7.692,0.026,0.022,0.621,0.088
adrb2,ΔVinaRF20/GlideSP,5.0,NEF,,2.478,8.065,2.5,40,1240,62,5,0.725,2.632,0.539,12.5,0.063,0.061,0.621,0.088
akt1,ΔVinaRF20/GlideSP,0.5,NEF,,0.0,0.0,0.0,40,1240,7,0,0.0,0.0,0.497,0.0,-0.014,-0.01,0.616,0.03
akt1,ΔVinaRF20/GlideSP,1.0,NEF,,0.0,0.0,0.0,40,1240,13,0,0.0,0.0,0.495,0.0,-0.019,-0.016,0.616,0.03
akt1,ΔVinaRF20/GlideSP,5.0,NEF,,1.01,3.226,1.0,40,1240,62,2,0.5,1.0,0.5,5.0,0.0,0.0,0.616,0.03
alr2,ΔVinaRF20/GlideSP,0.5,NEF,,4.929,14.286,4.429,40,1240,7,1,0.833,5.0,0.51,14.286,0.047,0.033,0.544,0.069
alr2,ΔVinaRF20/GlideSP,1.0,NEF,,2.46,7.692,2.385,40,1240,13,1,0.714,2.5,0.507,7.692,0.026,0.022,0.544,0.069
alr2,ΔVinaRF20/GlideSP,5.0,NEF,,0.986,3.226,1.0,40,1240,62,2,0.5,1.0,0.5,5.0,0.0,0.0,0.544,0.069
ar,ΔVinaRF20/GlideSP,0.5,NEF,,16.848,57.143,17.714,40,1240,7,4,0.976,40.0,0.549,57.143,0.23,0.162,0.823,0.554
ar,ΔVinaRF20/GlideSP,1.0,NEF,,12.84,38.462,11.923,40,1240,13,5,0.949,18.75,0.559,38.462,0.205,0.176,0.823,0.554
ar,ΔVinaRF20/GlideSP,5.0,NEF,,7.02,22.581,7.0,40,1240,62,14,0.897,8.75,0.655,35.0,0.251,0.245,0.823,0.554
aurka,ΔVinaRF20/GlideSP,0.5,NEF,,0.0,0.0,0.0,40,1240,7,0,0.0,0.0,0.497,0.0,-0.014,-0.01,0.713,0.093
aurka,ΔVinaRF20/GlideSP,1.0,NEF,,0.0,0.0,0.0,40,1240,13,0,0.0,0.0,0.495,0.0,-0.019,-0.016,0.713,0.093
aurka,ΔVinaRF20/GlideSP,5.0,NEF,,3.042,9.677,3.0,40,1240,62,6,0.763,3.214,0.552,15.0,0.084,0.082,0.713,0.093
aurkb,ΔVinaRF20/GlideSP,0.5,NEF,,0.0,0.0,0.0,40,1240,7,0,0.0,0.0,0.497,0.0,-0.014,-0.01,0.639,0.07
aurkb,ΔVinaRF20/GlideSP,1.0,NEF,,0.0,0.0,0.0,40,1240,13,0,0.0,0.0,0.495,0.0,-0.019,-0.016,0.639,0.07
aurkb,ΔVinaRF20/GlideSP,5.0,NEF,,1.992,6.452,2.0,40,1240,62,4,0.674,2.069,0.526,10.0,0.042,0.041,0.639,0.07
bcl2,ΔVinaRF20/GlideSP,0.5,NEF,,4.368,14.286,4.429,40,1240,7,1,0.833,5.0,0.51,14.286,0.047,0.033,0.629,0.082
bcl2,ΔVinaRF20/GlideSP,1.0,NEF,,2.35,7.692,2.385,40,1240,13,1,0.714,2.5,0.507,7.692,0.026,0.022,0.629,0.082
bcl2,ΔVinaRF20/GlideSP,5.0,NEF,,1.479,4.839,1.5,40,1240,62,3,0.604,1.525,0.513,7.5,0.021,0.02,0.629,0.082
braf,ΔVinaRF20/GlideSP,0.5,NEF,,4.429,14.286,4.429,40,1240,7,1,0.833,5.0,0.51,14.286,0.047,0.033,0.62,0.096
braf,ΔVinaRF20/GlideSP,1.0,NEF,,2.38,7.692,2.385,40,1240,13,1,0.714,2.5,0.507,7.692,0.026,0.022,0.62,0.096
braf,ΔVinaRF20/GlideSP,5.0,NEF,,2.033,6.452,2.0,40,1240,62,4,0.674,2.069,0.526,10.0,0.042,0.041,0.62,0.096
catl,ΔVinaRF20/GlideSP,0.5,NEF,,0.0,0.0,0.0,40,1240,7,0,0.0,0.0,0.497,0.0,-0.014,-0.01,0.65,0.035
catl,ΔVinaRF20/GlideSP,1.0,NEF,,0.0,0.0,0.0,40,1240,13,0,0.0,0.0,0.495,0.0,-0.019,-0.016,0.65,0.035
catl,ΔVinaRF20/GlideSP,5.0,NEF,,1.492,4.839,1.5,40,1240,62,3,0.604,1.525,0.513,7.5,0.021,0.02,0.65,0.035
cdk2,ΔVinaRF20/GlideSP,0.5,NEF,,4.983,14.286,4.429,40,1240,7,1,0.833,5.0,0.51,14.286,0.047,0.033,0.69,0.148
cdk2,ΔVinaRF20/GlideSP,1.0,NEF,,4.98,15.385,4.769,40,1240,13,2,0.845,5.455,0.52,15.385,0.071,0.061,0.69,0.148
cdk2,ΔVinaRF20/GlideSP,5.0,NEF,,2.99,9.677,3.0,40,1240,62,6,0.763,3.214,0.552,15.0,0.084,0.082,0.69,0.148
cox1,ΔVinaRF20/GlideSP,0.5,NEF,,14.359,42.857,13.286,40,1240,7,3,0.957,22.5,0.536,42.857,0.169,0.119,0.656,0.285
cox1,ΔVinaRF20/GlideSP,1.0,NEF,,9.57,30.769,9.538,40,1240,13,4,0.93,13.333,0.546,30.769,0.16,0.137,0.656,0.285
cox1,ΔVinaRF20/GlideSP,5.0,NEF,,5.641,17.742,5.5,40,1240,62,11,0.866,6.471,0.616,27.5,0.188,0.184,0.656,0.285
cox2,ΔVinaRF20/GlideSP,0.5,NEF,,18.486,57.143,17.714,40,1240,7,4,0.976,40.0,0.549,57.143,0.23,0.162,0.911,0.838
cox2,ΔVinaRF20/GlideSP,1.0,NEF,,20.54,69.231,21.462,40,1240,13,9,0.985,67.5,0.611,69.231,0.385,0.329,0.911,0.838
cox2,ΔVinaRF20/GlideSP,5.0,NEF,,11.285,37.097,11.5,40,1240,62,23,0.947,17.692,0.771,57.5,0.44,0.429,0.911,0.838
ctsk,ΔVinaRF20/GlideSP,0.5,NEF,,4.411,14.286,4.429,40,1240,7,1,0.833,5.0,0.51,14.286,0.047,0.033,0.583,0.05
ctsk,ΔVinaRF20/GlideSP,1.0,NEF,,2.38,7.692,2.385,40,1240,13,1,0.714,2.5,0.507,7.692,0.026,0.022,0.583,0.05
ctsk,ΔVinaRF20/GlideSP,5.0,NEF,,0.498,1.613,0.5,40,1240,62,1,0.33,0.492,0.487,2.5,-0.021,-0.02,0.583,0.05
cyp2a6,ΔVinaRF20/GlideSP,0.5,NEF,,0.0,0.0,0.0,40,1240,7,0,0.0,0.0,0.497,0.0,-0.014,-0.01,0.643,0.058
cyp2a6,ΔVinaRF20/GlideSP,1.0,NEF,,2.77,7.692,2.385,40,1240,13,1,0.714,2.5,0.507,7.692,0.026,0.022,0.643,0.058
cyp2a6,ΔVinaRF20/GlideSP,5.0,NEF,,1.11,3.226,1.0,40,1240,62,2,0.5,1.0,0.5,5.0,0.0,0.0,0.643,0.058
dhfr,ΔVinaRF20/GlideSP,0.5,NEF,,4.371,14.286,4.429,40,1240,7,1,0.833,5.0,0.51,14.286,0.047,0.033,0.538,0.061
dhfr,ΔVinaRF20/GlideSP,1.0,NEF,,2.35,7.692,2.385,40,1240,13,1,0.714,2.5,0.507,7.692,0.026,0.022,0.538,0.061
dhfr,ΔVinaRF20/GlideSP,5.0,NEF,,0.987,3.226,1.0,40,1240,62,2,0.5,1.0,0.5,5.0,0.0,0.0,0.538,0.061
egfr,ΔVinaRF20/GlideSP,0.5,NEF,,4.414,14.286,4.429,40,1240,7,1,0.833,5.0,0.51,14.286,0.047,0.033,0.644,0.1
egfr,ΔVinaRF20/GlideSP,1.0,NEF,,2.38,7.692,2.385,40,1240,13,1,0.714,2.5,0.507,7.692,0.026,0.022,0.644,0.1
egfr,ΔVinaRF20/GlideSP,5.0,NEF,,2.533,8.065,2.5,40,1240,62,5,0.725,2.632,0.539,12.5,0.063,0.061,0.644,0.1
ephb4,ΔVinaRF20/GlideSP,0.5,NEF,,0.0,0.0,0.0,40,1240,7,0,0.0,0.0,0.497,0.0,-0.014,-0.01,0.701,0.103
ephb4,ΔVinaRF20/GlideSP,1.0,NEF,,0.0,0.0,0.0,40,1240,13,0,0.0,0.0,0.495,0.0,-0.019,-0.016,0.701,0.103
ephb4,ΔVinaRF20/GlideSP,5.0,NEF,,4.478,14.516,4.5,40,1240,62,9,0.836,5.094,0.59,22.5,0.147,0.143,0.701,0.103
erbb2,ΔVinaRF20/GlideSP,0.5,NEF,,9.842,28.571,8.857,40,1240,7,2,0.923,12.0,0.523,28.571,0.108,0.076,0.8,0.251
erbb2,ΔVinaRF20/GlideSP,1.0,NEF,,4.92,15.385,4.769,40,1240,13,2,0.845,5.455,0.52,15.385,0.071,0.061,0.8,0.251
erbb2,ΔVinaRF20/GlideSP,5.0,NEF,,5.905,19.355,6.0,40,1240,62,12,0.878,7.2,0.629,30.0,0.209,0.204,0.8,0.251
er-beta,ΔVinaRF20/GlideSP,0.5,NEF,,11.407,42.857,13.286,40,1240,7,3,0.957,22.5,0.536,42.857,0.169,0.119,0.783,0.375
er-beta,ΔVinaRF20/GlideSP,1.0,NEF,,12.67,38.462,11.923,40,1240,13,5,0.949,18.75,0.559,38.462,0.205,0.176,0.783,0.375
er-beta,ΔVinaRF20/GlideSP,5.0,NEF,,6.79,22.581,7.0,40,1240,62,14,0.897,8.75,0.655,35.0,0.251,0.245,0.783,0.375
fgfr1,ΔVinaRF20/GlideSP,0.5,NEF,,0.0,0.0,0.0,40,1240,7,0,0.0,0.0,0.497,0.0,-0.014,-0.01,0.662,0.009
fgfr1,ΔVinaRF20/GlideSP,1.0,NEF,,0.0,0.0,0.0,40,1240,13,0,0.0,0.0,0.495,0.0,-0.019,-0.016,0.662,0.009
fgfr1,ΔVinaRF20/GlideSP,5.0,NEF,,0.5,1.613,0.5,40,1240,62,1,0.33,0.492,0.487,2.5,-0.021,-0.02,0.662,0.009
fkbp1a,ΔVinaRF20/GlideSP,0.5,NEF,,0.0,0.0,0.0,40,1240,7,0,0.0,0.0,0.497,0.0,-0.014,-0.01,0.515,0.053
fkbp1a,ΔVinaRF20/GlideSP,1.0,NEF,,0.0,0.0,0.0,40,1240,13,0,0.0,0.0,0.495,0.0,-0.019,-0.016,0.515,0.053
fkbp1a,ΔVinaRF20/GlideSP,5.0,NEF,,1.045,3.226,1.0,40,1240,62,2,0.5,1.0,0.5,5.0,0.0,0.0,0.515,0.053
fxa,ΔVinaRF20/GlideSP,0.5,NEF,,5.098,14.286,4.429,40,1240,7,1,0.833,5.0,0.51,14.286,0.047,0.033,0.77,0.202
fxa,ΔVinaRF20/GlideSP,1.0,NEF,,5.1,15.385,4.769,40,1240,13,2,0.845,5.455,0.52,15.385,0.071,0.061,0.77,0.202
fxa,ΔVinaRF20/GlideSP,5.0,NEF,,5.098,16.129,5.0,40,1240,62,10,0.852,5.769,0.603,25.0,0.168,0.163,0.77,0.202
gba,ΔVinaRF20/GlideSP,0.5,NEF,,0.0,0.0,0.0,40,1240,7,0,0.0,0.0,0.497,0.0,-0.014,-0.01,0.451,0.0
gba,ΔVinaRF20/GlideSP,1.0,NEF,,0.0,0.0,0.0,40,1240,13,0,0.0,0.0,0.495,0.0,-0.019,-0.016,0.451,0.0
gba,ΔVinaRF20/GlideSP,5.0,NEF,,0.0,0.0,0.0,40,1240,62,0,0.0,0.0,0.474,0.0,-0.042,-0.041,0.451,0.0
gr,ΔVinaRF20/GlideSP,0.5,NEF,,0.0,0.0,0.0,40,1240,7,0,0.0,0.0,0.497,0.0,-0.014,-0.01,0.426,0.032
gr,ΔVinaRF20/GlideSP,1.0,NEF,,0.0,0.0,0.0,40,1240,13,0,0.0,0.0,0.495,0.0,-0.019,-0.016,0.426,0.032
gr,ΔVinaRF20/GlideSP,5.0,NEF,,0.492,1.613,0.5,40,1240,62,1,0.33,0.492,0.487,2.5,-0.021,-0.02,0.426,0.032
gsk3b,ΔVinaRF20/GlideSP,0.5,NEF,,17.186,57.143,17.714,40,1240,7,4,0.976,40.0,0.549,57.143,0.23,0.162,0.688,0.31
gsk3b,ΔVinaRF20/GlideSP,1.0,NEF,,11.57,38.462,11.923,40,1240,13,5,0.949,18.75,0.559,38.462,0.205,0.176,0.688,0.31
gsk3b,ΔVinaRF20/GlideSP,5.0,NEF,,2.958,9.677,3.0,40,1240,62,6,0.763,3.214,0.552,15.0,0.084,0.082,0.688,0.31
hdac2,ΔVinaRF20/GlideSP,0.5,NEF,,21.679,71.429,22.143,40,1240,7,5,0.987,75.0,0.562,71.429,0.291,0.205,0.803,0.414
hdac2,ΔVinaRF20/GlideSP,1.0,NEF,,14.01,46.154,14.308,40,1240,13,6,0.963,25.714,0.572,46.154,0.25,0.214,0.803,0.414
hdac2,ΔVinaRF20/GlideSP,5.0,NEF,,5.97,19.355,6.0,40,1240,62,12,0.878,7.2,0.629,30.0,0.209,0.204,0.803,0.414
hdac8,ΔVinaRF20/GlideSP,0.5,NEF,,0.0,0.0,0.0,40,1240,7,0,0.0,0.0,0.497,0.0,-0.014,-0.01,0.699,0.035
hdac8,ΔVinaRF20/GlideSP,1.0,NEF,,0.0,0.0,0.0,40,1240,13,0,0.0,0.0,0.495,0.0,-0.019,-0.016,0.699,0.035
hdac8,ΔVinaRF20/GlideSP,5.0,NEF,,1.99,6.452,2.0,40,1240,62,4,0.674,2.069,0.526,10.0,0.042,0.041,0.699,0.035
hiv1pr,ΔVinaRF20/GlideSP,0.5,NEF,,28.147,85.714,26.571,40,1240,7,6,0.994,180.0,0.575,85.714,0.352,0.248,0.736,0.565
hiv1pr,ΔVinaRF20/GlideSP,1.0,NEF,,20.21,61.538,19.077,40,1240,13,8,0.98,48.0,0.598,61.538,0.34,0.291,0.736,0.565
hiv1pr,ΔVinaRF20/GlideSP,5.0,NEF,,8.613,27.419,8.5,40,1240,62,17,0.919,11.333,0.694,42.5,0.314,0.306,0.736,0.565
hiv1rt,ΔVinaRF20/GlideSP,0.5,NEF,,0.0,0.0,0.0,40,1240,7,0,0.0,0.0,0.497,0.0,-0.014,-0.01,0.574,0.101
hiv1rt,ΔVinaRF20/GlideSP,1.0,NEF,,0.0,0.0,0.0,40,1240,13,0,0.0,0.0,0.495,0.0,-0.019,-0.016,0.574,0.101
hiv1rt,ΔVinaRF20/GlideSP,5.0,NEF,,2.625,8.065,2.5,40,1240,62,5,0.725,2.632,0.539,12.5,0.063,0.061,0.574,0.101
hmgr,ΔVinaRF20/GlideSP,0.5,NEF,,0.0,0.0,0.0,40,1240,7,0,0.0,0.0,0.497,0.0,-0.014,-0.01,0.617,0.115
hmgr,ΔVinaRF20/GlideSP,1.0,NEF,,4.85,15.385,4.769,40,1240,13,2,0.845,5.455,0.52,15.385,0.071,0.061,0.617,0.115
hmgr,ΔVinaRF20/GlideSP,5.0,NEF,,2.466,8.065,2.5,40,1240,62,5,0.725,2.632,0.539,12.5,0.063,0.061,0.617,0.115
hsp90,ΔVinaRF20/GlideSP,0.5,NEF,,0.0,0.0,0.0,40,1240,7,0,0.0,0.0,0.497,0.0,-0.014,-0.01,0.528,0.035
hsp90,ΔVinaRF20/GlideSP,1.0,NEF,,0.0,0.0,0.0,40,1240,13,0,0.0,0.0,0.495,0.0,-0.019,-0.016,0.528,0.035
hsp90,ΔVinaRF20/GlideSP,5.0,NEF,,1.985,6.452,2.0,40,1240,62,4,0.674,2.069,0.526,10.0,0.042,0.041,0.528,0.035
igf1r,ΔVinaRF20/GlideSP,0.5,NEF,,0.0,0.0,0.0,40,1240,7,0,0.0,0.0,0.497,0.0,-0.014,-0.01,0.578,0.045
igf1r,ΔVinaRF20/GlideSP,1.0,NEF,,2.48,7.692,2.385,40,1240,13,1,0.714,2.5,0.507,7.692,0.026,0.022,0.578,0.045
igf1r,ΔVinaRF20/GlideSP,5.0,NEF,,1.026,3.226,1.0,40,1240,62,2,0.5,1.0,0.5,5.0,0.0,0.0,0.578,0.045
inha,ΔVinaRF20/GlideSP,0.5,NEF,,8.743,28.571,8.857,40,1240,7,2,0.923,12.0,0.523,28.571,0.108,0.076,0.522,0.189
inha,ΔVinaRF20/GlideSP,1.0,NEF,,7.06,23.077,7.154,40,1240,13,3,0.9,9.0,0.533,23.077,0.116,0.099,0.522,0.189
inha,ΔVinaRF20/GlideSP,5.0,NEF,,1.974,6.452,2.0,40,1240,62,4,0.674,2.069,0.526,10.0,0.042,0.041,0.522,0.189
itk,ΔVinaRF20/GlideSP,0.5,NEF,,0.0,0.0,0.0,40,1240,7,0,0.0,0.0,0.497,0.0,-0.014,-0.01,0.54,0.038
itk,ΔVinaRF20/GlideSP,1.0,NEF,,0.0,0.0,0.0,40,1240,13,0,0.0,0.0,0.495,0.0,-0.019,-0.016,0.54,0.038
itk,ΔVinaRF20/GlideSP,5.0,NEF,,0.998,3.226,1.0,40,1240,62,2,0.5,1.0,0.5,5.0,0.0,0.0,0.54,0.038
jak3,ΔVinaRF20/GlideSP,0.5,NEF,,4.988,14.286,4.429,40,1240,7,1,0.833,5.0,0.51,14.286,0.047,0.033,0.702,0.311
jak3,ΔVinaRF20/GlideSP,1.0,NEF,,12.47,38.462,11.923,40,1240,13,5,0.949,18.75,0.559,38.462,0.205,0.176,0.702,0.311
jak3,ΔVinaRF20/GlideSP,5.0,NEF,,4.489,14.516,4.5,40,1240,62,9,0.836,5.094,0.59,22.5,0.147,0.143,0.702,0.311
jnk1,ΔVinaRF20/GlideSP,0.5,NEF,,10.5,28.571,8.857,40,1240,7,2,0.923,12.0,0.523,28.571,0.108,0.076,0.652,0.258
jnk1,ΔVinaRF20/GlideSP,1.0,NEF,,10.5,30.769,9.538,40,1240,13,4,0.93,13.333,0.546,30.769,0.16,0.137,0.652,0.258
jnk1,ΔVinaRF20/GlideSP,5.0,NEF,,2.625,8.065,2.5,40,1240,62,5,0.725,2.632,0.539,12.5,0.063,0.061,0.652,0.258
jnk2,ΔVinaRF20/GlideSP,0.5,NEF,,19.932,71.429,22.143,40,1240,7,5,0.987,75.0,0.562,71.429,0.291,0.205,0.576,0.356
jnk2,ΔVinaRF20/GlideSP,1.0,NEF,,9.97,30.769,9.538,40,1240,13,4,0.93,13.333,0.546,30.769,0.16,0.137,0.576,0.356
jnk2,ΔVinaRF20/GlideSP,5.0,NEF,,3.547,11.29,3.5,40,1240,62,7,0.792,3.818,0.565,17.5,0.105,0.102,0.576,0.356
jnk3,ΔVinaRF20/GlideSP,0.5,NEF,,4.429,14.286,4.429,40,1240,7,1,0.833,5.0,0.51,14.286,0.047,0.033,0.696,0.078
jnk3,ΔVinaRF20/GlideSP,1.0,NEF,,2.38,7.692,2.385,40,1240,13,1,0.714,2.5,0.507,7.692,0.026,0.022,0.696,0.078
jnk3,ΔVinaRF20/GlideSP,5.0,NEF,,2.541,8.065,2.5,40,1240,62,5,0.725,2.632,0.539,12.5,0.063,0.061,0.696,0.078
kif11,ΔVinaRF20/GlideSP,0.5,NEF,,21.589,71.429,22.143,40,1240,7,5,0.987,75.0,0.562,71.429,0.291,0.205,0.813,0.487
kif11,ΔVinaRF20/GlideSP,1.0,NEF,,18.6,61.538,19.077,40,1240,13,8,0.98,48.0,0.598,61.538,0.34,0.291,0.813,0.487
kif11,ΔVinaRF20/GlideSP,5.0,NEF,,6.441,20.968,6.5,40,1240,62,13,0.888,7.959,0.642,32.5,0.23,0.224,0.813,0.487
lck,ΔVinaRF20/GlideSP,0.5,NEF,,0.0,0.0,0.0,40,1240,7,0,0.0,0.0,0.497,0.0,-0.014,-0.01,0.488,0.0
lck,ΔVinaRF20/GlideSP,1.0,NEF,,0.0,0.0,0.0,40,1240,13,0,0.0,0.0,0.495,0.0,-0.019,-0.016,0.488,0.0
lck,ΔVinaRF20/GlideSP,5.0,NEF,,0.0,0.0,0.0,40,1240,62,0,0.0,0.0,0.474,0.0,-0.042,-0.041,0.488,0.0
mdm2,ΔVinaRF20/GlideSP,0.5,NEF,,0.0,0.0,0.0,40,1240,7,0,0.0,0.0,0.497,0.0,-0.014,-0.01,0.292,0.018
mdm2,ΔVinaRF20/GlideSP,1.0,NEF,,0.0,0.0,0.0,40,1240,13,0,0.0,0.0,0.495,0.0,-0.019,-0.016,0.292,0.018
mdm2,ΔVinaRF20/GlideSP,5.0,NEF,,0.498,1.613,0.5,40,1240,62,1,0.33,0.492,0.487,2.5,-0.021,-0.02,0.292,0.018
mk2,ΔVinaRF20/GlideSP,0.5,NEF,,5.243,14.286,4.429,40,1240,7,1,0.833,5.0,0.51,14.286,0.047,0.033,0.788,0.217
mk2,ΔVinaRF20/GlideSP,1.0,NEF,,7.86,23.077,7.154,40,1240,13,3,0.9,9.0,0.533,23.077,0.116,0.099,0.788,0.217
mk2,ΔVinaRF20/GlideSP,5.0,NEF,,4.266,14.516,4.5,40,1240,62,9,0.836,5.094,0.59,22.5,0.147,0.143,0.788,0.217
mmp2,ΔVinaRF20/GlideSP,0.5,NEF,,0.0,0.0,0.0,40,1240,7,0,0.0,0.0,0.497,0.0,-0.014,-0.01,0.458,0.001
mmp2,ΔVinaRF20/GlideSP,1.0,NEF,,0.0,0.0,0.0,40,1240,13,0,0.0,0.0,0.495,0.0,-0.019,-0.016,0.458,0.001
mmp2,ΔVinaRF20/GlideSP,5.0,NEF,,0.0,0.0,0.0,40,1240,62,0,0.0,0.0,0.474,0.0,-0.042,-0.041,0.458,0.001
na,ΔVinaRF20/GlideSP,0.5,NEF,,18.817,57.143,17.714,40,1240,7,4,0.976,40.0,0.549,57.143,0.23,0.162,0.882,0.625
na,ΔVinaRF20/GlideSP,1.0,NEF,,18.82,61.538,19.077,40,1240,13,8,0.98,48.0,0.598,61.538,0.34,0.291,0.882,0.625
na,ΔVinaRF20/GlideSP,5.0,NEF,,9.408,30.645,9.5,40,1240,62,19,0.93,13.256,0.72,47.5,0.356,0.347,0.882,0.625
p38-alpha,ΔVinaRF20/GlideSP,0.5,NEF,,4.357,14.286,4.429,40,1240,7,1,0.833,5.0,0.51,14.286,0.047,0.033,0.645,0.099
p38-alpha,ΔVinaRF20/GlideSP,1.0,NEF,,2.35,7.692,2.385,40,1240,13,1,0.714,2.5,0.507,7.692,0.026,0.022,0.645,0.099
p38-alpha,ΔVinaRF20/GlideSP,5.0,NEF,,1.5,4.839,1.5,40,1240,62,3,0.604,1.525,0.513,7.5,0.021,0.02,0.645,0.099
parp-1,ΔVinaRF20/GlideSP,0.5,NEF,,4.307,14.286,4.429,40,1240,7,1,0.833,5.0,0.51,14.286,0.047,0.033,0.776,0.13
parp-1,ΔVinaRF20/GlideSP,1.0,NEF,,2.32,7.692,2.385,40,1240,13,1,0.714,2.5,0.507,7.692,0.026,0.022,0.776,0.13
parp-1,ΔVinaRF20/GlideSP,5.0,NEF,,4.448,14.516,4.5,40,1240,62,9,0.836,5.094,0.59,22.5,0.147,0.143,0.776,0.13
pde4b,ΔVinaRF20/GlideSP,0.5,NEF,,4.393,14.286,4.429,40,1240,7,1,0.833,5.0,0.51,14.286,0.047,0.033,0.627,0.131
pde4b,ΔVinaRF20/GlideSP,1.0,NEF,,2.37,7.692,2.385,40,1240,13,1,0.714,2.5,0.507,7.692,0.026,0.022,0.627,0.131
pde4b,ΔVinaRF20/GlideSP,5.0,NEF,,2.976,9.677,3.0,40,1240,62,6,0.763,3.214,0.552,15.0,0.084,0.082,0.627,0.131
pde5,ΔVinaRF20/GlideSP,0.5,NEF,,0.0,0.0,0.0,40,1240,7,0,0.0,0.0,0.497,0.0,-0.014,-0.01,0.472,0.02
pde5,ΔVinaRF20/GlideSP,1.0,NEF,,0.0,0.0,0.0,40,1240,13,0,0.0,0.0,0.495,0.0,-0.019,-0.016,0.472,0.02
pde5,ΔVinaRF20/GlideSP,5.0,NEF,,1.041,3.226,1.0,40,1240,62,2,0.5,1.0,0.5,5.0,0.0,0.0,0.472,0.02
pdk1,ΔVinaRF20/GlideSP,0.5,NEF,,0.0,0.0,0.0,40,1240,7,0,0.0,0.0,0.497,0.0,-0.014,-0.01,0.738,0.07
pdk1,ΔVinaRF20/GlideSP,1.0,NEF,,2.44,7.692,2.385,40,1240,13,1,0.714,2.5,0.507,7.692,0.026,0.022,0.738,0.07
pdk1,ΔVinaRF20/GlideSP,5.0,NEF,,2.601,8.065,2.5,40,1240,62,5,0.725,2.632,0.539,12.5,0.063,0.061,0.738,0.07
pi3kg,ΔVinaRF20/GlideSP,0.5,NEF,,0.0,0.0,0.0,40,1240,7,0,0.0,0.0,0.497,0.0,-0.014,-0.01,0.717,0.079
pi3kg,ΔVinaRF20/GlideSP,1.0,NEF,,0.0,0.0,0.0,40,1240,13,0,0.0,0.0,0.495,0.0,-0.019,-0.016,0.717,0.079
pi3kg,ΔVinaRF20/GlideSP,5.0,NEF,,3.532,11.29,3.5,40,1240,62,7,0.792,3.818,0.565,17.5,0.105,0.102,0.717,0.079
pim-1,ΔVinaRF20/GlideSP,0.5,NEF,,0.0,0.0,0.0,40,1240,7,0,0.0,0.0,0.497,0.0,-0.014,-0.01,0.767,0.048
pim-1,ΔVinaRF20/GlideSP,1.0,NEF,,0.0,0.0,0.0,40,1240,13,0,0.0,0.0,0.495,0.0,-0.019,-0.016,0.767,0.048
pim-1,ΔVinaRF20/GlideSP,5.0,NEF,,1.977,6.452,2.0,40,1240,62,4,0.674,2.069,0.526,10.0,0.042,0.041,0.767,0.048
pim-2,ΔVinaRF20/GlideSP,0.5,NEF,,4.425,14.286,4.429,40,1240,7,1,0.833,5.0,0.51,14.286,0.047,0.033,0.736,0.14
pim-2,ΔVinaRF20/GlideSP,1.0,NEF,,4.77,15.385,4.769,40,1240,13,2,0.845,5.455,0.52,15.385,0.071,0.061,0.736,0.14
pim-2,ΔVinaRF20/GlideSP,5.0,NEF,,3.047,9.677,3.0,40,1240,62,6,0.763,3.214,0.552,15.0,0.084,0.082,0.736,0.14
pnp,ΔVinaRF20/GlideSP,0.5,NEF,,0.0,0.0,0.0,40,1240,7,0,0.0,0.0,0.497,0.0,-0.014,-0.01,0.667,0.062
pnp,ΔVinaRF20/GlideSP,1.0,NEF,,2.37,7.692,2.385,40,1240,13,1,0.714,2.5,0.507,7.692,0.026,0.022,0.667,0.062
pnp,ΔVinaRF20/GlideSP,5.0,NEF,,1.49,4.839,1.5,40,1240,62,3,0.604,1.525,0.513,7.5,0.021,0.02,0.667,0.062
ppara,ΔVinaRF20/GlideSP,0.5,NEF,,0.0,0.0,0.0,40,1240,7,0,0.0,0.0,0.497,0.0,-0.014,-0.01,0.572,0.028
ppara,ΔVinaRF20/GlideSP,1.0,NEF,,0.0,0.0,0.0,40,1240,13,0,0.0,0.0,0.495,0.0,-0.019,-0.016,0.572,0.028
ppara,ΔVinaRF20/GlideSP,5.0,NEF,,1.051,3.226,1.0,40,1240,62,2,0.5,1.0,0.5,5.0,0.0,0.0,0.572,0.028
pparg,ΔVinaRF20/GlideSP,0.5,NEF,,0.0,0.0,0.0,40,1240,7,0,0.0,0.0,0.497,0.0,-0.014,-0.01,0.556,0.023
pparg,ΔVinaRF20/GlideSP,1.0,NEF,,0.0,0.0,0.0,40,1240,13,0,0.0,0.0,0.495,0.0,-0.019,-0.016,0.556,0.023
pparg,ΔVinaRF20/GlideSP,5.0,NEF,,1.0,3.226,1.0,40,1240,62,2,0.5,1.0,0.5,5.0,0.0,0.0,0.556,0.023
pr,ΔVinaRF20/GlideSP,0.5,NEF,,4.9,14.286,4.429,40,1240,7,1,0.833,5.0,0.51,14.286,0.047,0.033,0.731,0.125
pr,ΔVinaRF20/GlideSP,1.0,NEF,,2.67,7.692,2.385,40,1240,13,1,0.714,2.5,0.507,7.692,0.026,0.022,0.731,0.125
pr,ΔVinaRF20/GlideSP,5.0,NEF,,3.392,11.29,3.5,40,1240,62,7,0.792,3.818,0.565,17.5,0.105,0.102,0.731,0.125
prkcq,ΔVinaRF20/GlideSP,0.5,NEF,,0.0,0.0,0.0,40,1240,7,0,0.0,0.0,0.497,0.0,-0.014,-0.01,0.761,0.177
prkcq,ΔVinaRF20/GlideSP,1.0,NEF,,5.26,15.385,4.769,40,1240,13,2,0.845,5.455,0.52,15.385,0.071,0.061,0.761,0.177
prkcq,ΔVinaRF20/GlideSP,5.0,NEF,,4.211,12.903,4.0,40,1240,62,8,0.816,4.444,0.578,20.0,0.126,0.122,0.761,0.177
pygl-in,ΔVinaRF20/GlideSP,0.5,NEF,,5.168,14.286,4.429,40,1240,7,1,0.833,5.0,0.51,14.286,0.047,0.033,0.772,0.149
pygl-in,ΔVinaRF20/GlideSP,1.0,NEF,,2.58,7.692,2.385,40,1240,13,1,0.714,2.5,0.507,7.692,0.026,0.022,0.772,0.149
pygl-in,ΔVinaRF20/GlideSP,5.0,NEF,,2.067,6.452,2.0,40,1240,62,4,0.674,2.069,0.526,10.0,0.042,0.041,0.772,0.149
pygl-out,ΔVinaRF20/GlideSP,0.5,NEF,,26.077,85.714,26.571,40,1240,7,6,0.994,180.0,0.575,85.714,0.352,0.248,0.786,0.781
pygl-out,ΔVinaRF20/GlideSP,1.0,NEF,,21.34,69.231,21.462,40,1240,13,9,0.985,67.5,0.611,69.231,0.385,0.329,0.786,0.781
pygl-out,ΔVinaRF20/GlideSP,5.0,NEF,,9.204,29.032,9.0,40,1240,62,18,0.925,12.273,0.707,45.0,0.335,0.327,0.786,0.781
qpct,ΔVinaRF20/GlideSP,0.5,NEF,,0.0,0.0,0.0,40,1240,7,0,0.0,0.0,0.497,0.0,-0.014,-0.01,0.629,0.037
qpct,ΔVinaRF20/GlideSP,1.0,NEF,,0.0,0.0,0.0,40,1240,13,0,0.0,0.0,0.495,0.0,-0.019,-0.016,0.629,0.037
qpct,ΔVinaRF20/GlideSP,5.0,NEF,,0.998,3.226,1.0,40,1240,62,2,0.5,1.0,0.5,5.0,0.0,0.0,0.629,0.037
rock-1,ΔVinaRF20/GlideSP,0.5,NEF,,4.311,14.286,4.429,40,1240,7,1,0.833,5.0,0.51,14.286,0.047,0.033,0.57,0.083
rock-1,ΔVinaRF20/GlideSP,1.0,NEF,,2.32,7.692,2.385,40,1240,13,1,0.714,2.5,0.507,7.692,0.026,0.022,0.57,0.083
rock-1,ΔVinaRF20/GlideSP,5.0,NEF,,1.484,4.839,1.5,40,1240,62,3,0.604,1.525,0.513,7.5,0.021,0.02,0.57,0.083
rxr,ΔVinaRF20/GlideSP,0.5,NEF,,10.357,28.571,8.857,40,1240,7,2,0.923,12.0,0.523,28.571,0.108,0.076,0.546,0.15
rxr,ΔVinaRF20/GlideSP,1.0,NEF,,5.18,15.385,4.769,40,1240,13,2,0.845,5.455,0.52,15.385,0.071,0.061,0.546,0.15
rxr,ΔVinaRF20/GlideSP,5.0,NEF,,2.158,6.452,2.0,40,1240,62,4,0.674,2.069,0.526,10.0,0.042,0.041,0.546,0.15
sars-hcov,ΔVinaRF20/GlideSP,0.5,NEF,,8.806,28.571,8.857,39,1209,7,2,0.923,12.0,0.524,28.571,0.109,0.078,0.559,0.149
sars-hcov,ΔVinaRF20/GlideSP,1.0,NEF,,4.74,15.385,4.769,39,1209,13,2,0.845,5.455,0.521,15.385,0.072,0.062,0.559,0.149
sars-hcov,ΔVinaRF20/GlideSP,5.0,NEF,,2.021,6.557,2.033,39,1209,61,4,0.678,2.105,0.527,10.256,0.043,0.042,0.559,0.149
sirt2,ΔVinaRF20/GlideSP,0.5,NEF,,0.0,0.0,0.0,40,1240,7,0,0.0,0.0,0.497,0.0,-0.014,-0.01,0.474,0.028
sirt2,ΔVinaRF20/GlideSP,1.0,NEF,,0.0,0.0,0.0,40,1240,13,0,0.0,0.0,0.495,0.0,-0.019,-0.016,0.474,0.028
sirt2,ΔVinaRF20/GlideSP,5.0,NEF,,0.492,1.613,0.5,40,1240,62,1,0.33,0.492,0.487,2.5,-0.021,-0.02,0.474,0.028
src,ΔVinaRF20/GlideSP,0.5,NEF,,0.0,0.0,0.0,40,1240,7,0,0.0,0.0,0.497,0.0,-0.014,-0.01,0.487,0.0
src,ΔVinaRF20/GlideSP,1.0,NEF,,0.0,0.0,0.0,40,1240,13,0,0.0,0.0,0.495,0.0,-0.019,-0.016,0.487,0.0
src,ΔVinaRF20/GlideSP,5.0,NEF,,0.0,0.0,0.0,40,1240,62,0,0.0,0.0,0.474,0.0,-0.042,-0.041,0.487,0.0
thrombin,ΔVinaRF20/GlideSP,0.5,NEF,,18.135,57.143,17.714,40,1240,7,4,0.976,40.0,0.549,57.143,0.23,0.162,0.727,0.32
thrombin,ΔVinaRF20/GlideSP,1.0,NEF,,9.77,30.769,9.538,40,1240,13,4,0.93,13.333,0.546,30.769,0.16,0.137,0.727,0.32
thrombin,ΔVinaRF20/GlideSP,5.0,NEF,,5.723,17.742,5.5,40,1240,62,11,0.866,6.471,0.616,27.5,0.188,0.184,0.727,0.32
tie2,ΔVinaRF20/GlideSP,0.5,NEF,,14.988,42.857,13.286,40,1240,7,3,0.957,22.5,0.536,42.857,0.169,0.119,0.617,0.257
tie2,ΔVinaRF20/GlideSP,1.0,NEF,,7.49,23.077,7.154,40,1240,13,3,0.9,9.0,0.533,23.077,0.116,0.099,0.617,0.257
tie2,ΔVinaRF20/GlideSP,5.0,NEF,,2.998,9.677,3.0,40,1240,62,6,0.763,3.214,0.552,15.0,0.084,0.082,0.617,0.257
tk,ΔVinaRF20/GlideSP,0.5,NEF,,18.081,57.143,17.714,40,1240,7,4,0.976,40.0,0.549,57.143,0.23,0.162,0.604,0.394
tk,ΔVinaRF20/GlideSP,1.0,NEF,,12.17,38.462,11.923,40,1240,13,5,0.949,18.75,0.559,38.462,0.205,0.176,0.604,0.394
tk,ΔVinaRF20/GlideSP,5.0,NEF,,6.124,19.355,6.0,40,1240,62,12,0.878,7.2,0.629,30.0,0.209,0.204,0.604,0.394
tp,ΔVinaRF20/GlideSP,0.5,NEF,,0.0,0.0,0.0,40,1240,7,0,0.0,0.0,0.497,0.0,-0.014,-0.01,0.5,0.003
tp,ΔVinaRF20/GlideSP,1.0,NEF,,0.0,0.0,0.0,40,1240,13,0,0.0,0.0,0.495,0.0,-0.019,-0.016,0.5,0.003
tp,ΔVinaRF20/GlideSP,5.0,NEF,,0.644,1.613,0.5,40,1240,62,1,0.33,0.492,0.487,2.5,-0.021,-0.02,0.5,0.003
tpa,ΔVinaRF20/GlideSP,0.5,NEF,,0.0,0.0,0.0,40,1240,7,0,0.0,0.0,0.497,0.0,-0.014,-0.01,0.659,0.07
tpa,ΔVinaRF20/GlideSP,1.0,NEF,,0.0,0.0,0.0,40,1240,13,0,0.0,0.0,0.495,0.0,-0.019,-0.016,0.659,0.07
tpa,ΔVinaRF20/GlideSP,5.0,NEF,,1.554,4.839,1.5,40,1240,62,3,0.604,1.525,0.513,7.5,0.021,0.02,0.659,0.07
ts,ΔVinaRF20/GlideSP,0.5,NEF,,4.357,14.286,4.425,40,1239,7,1,0.833,4.996,0.51,14.286,0.047,0.033,0.637,0.141
ts,ΔVinaRF20/GlideSP,1.0,NEF,,2.35,7.692,2.383,40,1239,13,1,0.714,2.498,0.507,7.692,0.026,0.022,0.637,0.141
ts,ΔVinaRF20/GlideSP,5.0,NEF,,3.5,11.29,3.497,40,1239,62,7,0.792,3.815,0.565,17.5,0.105,0.102,0.637,0.141
upa,ΔVinaRF20/GlideSP,0.5,NEF,,0.0,0.0,0.0,40,1240,7,0,0.0,0.0,0.497,0.0,-0.014,-0.01,0.638,0.2
upa,ΔVinaRF20/GlideSP,1.0,NEF,,9.97,30.769,9.538,40,1240,13,4,0.93,13.333,0.546,30.769,0.16,0.137,0.638,0.2
upa,ΔVinaRF20/GlideSP,5.0,NEF,,3.488,11.29,3.5,40,1240,62,7,0.792,3.818,0.565,17.5,0.105,0.102,0.638,0.2
vegfr1,ΔVinaRF20/GlideSP,0.5,NEF,,4.991,14.286,4.429,40,1240,7,1,0.833,5.0,0.51,14.286,0.047,0.033,0.72,0.274
vegfr1,ΔVinaRF20/GlideSP,1.0,NEF,,7.49,23.077,7.154,40,1240,13,3,0.9,9.0,0.533,23.077,0.116,0.099,0.72,0.274
vegfr1,ΔVinaRF20/GlideSP,5.0,NEF,,7.355,24.194,7.5,40,1240,62,15,0.905,9.574,0.668,37.5,0.272,0.265,0.72,0.274
vegfr2,ΔVinaRF20/GlideSP,0.5,NEF,,0.0,0.0,0.0,40,1240,7,0,0.0,0.0,0.497,0.0,-0.014,-0.01,0.409,0.024
vegfr2,ΔVinaRF20/GlideSP,1.0,NEF,,0.0,0.0,0.0,40,1240,13,0,0.0,0.0,0.495,0.0,-0.019,-0.016,0.409,0.024
vegfr2,ΔVinaRF20/GlideSP,5.0,NEF,,1.538,4.839,1.5,40,1240,62,3,0.604,1.525,0.513,7.5,0.021,0.02,0.409,0.024
11betahsd1,ΔVinaXGB/GlideSP,0.5,NEF,,5.03,14.286,4.429,40,1240,7,1,0.833,5.0,0.51,14.286,0.047,0.033,0.648,0.176
11betahsd1,ΔVinaXGB/GlideSP,1.0,NEF,,5.03,15.385,4.769,40,1240,13,2,0.845,5.455,0.52,15.385,0.071,0.061,0.648,0.176
11betahsd1,ΔVinaXGB/GlideSP,5.0,NEF,,4.092,12.903,4.0,40,1240,62,8,0.816,4.444,0.578,20.0,0.126,0.122,0.648,0.176
17betahsd1,ΔVinaXGB/GlideSP,0.5,NEF,,4.382,14.286,4.429,40,1240,7,1,0.833,5.0,0.51,14.286,0.047,0.033,0.556,0.087
17betahsd1,ΔVinaXGB/GlideSP,1.0,NEF,,2.36,7.692,2.385,40,1240,13,1,0.714,2.5,0.507,7.692,0.026,0.022,0.556,0.087
17betahsd1,ΔVinaXGB/GlideSP,5.0,NEF,,1.484,4.839,1.5,40,1240,62,3,0.604,1.525,0.513,7.5,0.021,0.02,0.556,0.087
a2a,ΔVinaXGB/GlideSP,0.5,NEF,,0.0,0.0,0.0,40,1240,7,0,0.0,0.0,0.497,0.0,-0.014,-0.01,0.6,0.049
a2a,ΔVinaXGB/GlideSP,1.0,NEF,,2.36,7.692,2.385,40,1240,13,1,0.714,2.5,0.507,7.692,0.026,0.022,0.6,0.049
a2a,ΔVinaXGB/GlideSP,5.0,NEF,,0.99,3.226,1.0,40,1240,62,2,0.5,1.0,0.5,5.0,0.0,0.0,0.6,0.049
ace,ΔVinaXGB/GlideSP,0.5,NEF,,8.821,28.571,8.857,40,1240,7,2,0.923,12.0,0.523,28.571,0.108,0.076,0.546,0.233
ace,ΔVinaXGB/GlideSP,1.0,NEF,,7.13,23.077,7.154,40,1240,13,3,0.9,9.0,0.533,23.077,0.116,0.099,0.546,0.233
ace,ΔVinaXGB/GlideSP,5.0,NEF,,3.486,11.29,3.5,40,1240,62,7,0.792,3.818,0.565,17.5,0.105,0.102,0.546,0.233
ace2,ΔVinaXGB/GlideSP,0.5,NEF,,0.0,0.0,0.0,40,1240,7,0,0.0,0.0,0.497,0.0,-0.014,-0.01,0.58,0.042
ace2,ΔVinaXGB/GlideSP,1.0,NEF,,0.0,0.0,0.0,40,1240,13,0,0.0,0.0,0.495,0.0,-0.019,-0.016,0.58,0.042
ace2,ΔVinaXGB/GlideSP,5.0,NEF,,1.998,6.452,2.0,40,1240,62,4,0.674,2.069,0.526,10.0,0.042,0.041,0.58,0.042
ache,ΔVinaXGB/GlideSP,0.5,NEF,,4.357,14.286,4.429,40,1240,7,1,0.833,5.0,0.51,14.286,0.047,0.033,0.672,0.19
ache,ΔVinaXGB/GlideSP,1.0,NEF,,9.38,30.769,9.538,40,1240,13,4,0.93,13.333,0.546,30.769,0.16,0.137,0.672,0.19
ache,ΔVinaXGB/GlideSP,5.0,NEF,,3.5,11.29,3.5,40,1240,62,7,0.792,3.818,0.565,17.5,0.105,0.102,0.672,0.19
adam17,ΔVinaXGB/GlideSP,0.5,NEF,,13.168,42.857,13.286,40,1240,7,3,0.957,22.5,0.536,42.857,0.169,0.119,0.574,0.266
adam17,ΔVinaXGB/GlideSP,1.0,NEF,,7.09,23.077,7.154,40,1240,13,3,0.9,9.0,0.533,23.077,0.116,0.099,0.574,0.266
adam17,ΔVinaXGB/GlideSP,5.0,NEF,,3.965,12.903,4.0,40,1240,62,8,0.816,4.444,0.578,20.0,0.126,0.122,0.574,0.266
adrb2,ΔVinaXGB/GlideSP,0.5,NEF,,4.792,14.286,4.429,40,1240,7,1,0.833,5.0,0.51,14.286,0.047,0.033,0.683,0.08
adrb2,ΔVinaXGB/GlideSP,1.0,NEF,,2.4,7.692,2.385,40,1240,13,1,0.714,2.5,0.507,7.692,0.026,0.022,0.683,0.08
adrb2,ΔVinaXGB/GlideSP,5.0,NEF,,1.487,4.839,1.5,40,1240,62,3,0.604,1.525,0.513,7.5,0.021,0.02,0.683,0.08
akt1,ΔVinaXGB/GlideSP,0.5,NEF,,0.0,0.0,0.0,40,1240,7,0,0.0,0.0,0.497,0.0,-0.014,-0.01,0.648,0.021
akt1,ΔVinaXGB/GlideSP,1.0,NEF,,0.0,0.0,0.0,40,1240,13,0,0.0,0.0,0.495,0.0,-0.019,-0.016,0.648,0.021
akt1,ΔVinaXGB/GlideSP,5.0,NEF,,1.515,4.839,1.5,40,1240,62,3,0.604,1.525,0.513,7.5,0.021,0.02,0.648,0.021
alr2,ΔVinaXGB/GlideSP,0.5,NEF,,0.0,0.0,0.0,40,1240,7,0,0.0,0.0,0.497,0.0,-0.014,-0.01,0.458,0.012
alr2,ΔVinaXGB/GlideSP,1.0,NEF,,0.0,0.0,0.0,40,1240,13,0,0.0,0.0,0.495,0.0,-0.019,-0.016,0.458,0.012
alr2,ΔVinaXGB/GlideSP,5.0,NEF,,0.988,3.226,1.0,40,1240,62,2,0.5,1.0,0.5,5.0,0.0,0.0,0.458,0.012
ar,ΔVinaXGB/GlideSP,0.5,NEF,,16.902,57.143,17.714,40,1240,7,4,0.976,40.0,0.549,57.143,0.23,0.162,0.858,0.725
ar,ΔVinaXGB/GlideSP,1.0,NEF,,19.32,61.538,19.077,40,1240,13,8,0.98,48.0,0.598,61.538,0.34,0.291,0.858,0.725
ar,ΔVinaXGB/GlideSP,5.0,NEF,,9.155,29.032,9.0,40,1240,62,18,0.925,12.273,0.707,45.0,0.335,0.327,0.858,0.725
aurka,ΔVinaXGB/GlideSP,0.5,NEF,,4.432,14.286,4.429,40,1240,7,1,0.833,5.0,0.51,14.286,0.047,0.033,0.691,0.167
aurka,ΔVinaXGB/GlideSP,1.0,NEF,,4.77,15.385,4.769,40,1240,13,2,0.845,5.455,0.52,15.385,0.071,0.061,0.691,0.167
aurka,ΔVinaXGB/GlideSP,5.0,NEF,,3.56,11.29,3.5,40,1240,62,7,0.792,3.818,0.565,17.5,0.105,0.102,0.691,0.167
aurkb,ΔVinaXGB/GlideSP,0.5,NEF,,4.339,14.286,4.429,40,1240,7,1,0.833,5.0,0.51,14.286,0.047,0.033,0.631,0.112
aurkb,ΔVinaXGB/GlideSP,1.0,NEF,,4.67,15.385,4.769,40,1240,13,2,0.845,5.455,0.52,15.385,0.071,0.061,0.631,0.112
aurkb,ΔVinaXGB/GlideSP,5.0,NEF,,2.49,8.065,2.5,40,1240,62,5,0.725,2.632,0.539,12.5,0.063,0.061,0.631,0.112
bcl2,ΔVinaXGB/GlideSP,0.5,NEF,,0.0,0.0,0.0,40,1240,7,0,0.0,0.0,0.497,0.0,-0.014,-0.01,0.545,0.002
bcl2,ΔVinaXGB/GlideSP,1.0,NEF,,0.0,0.0,0.0,40,1240,13,0,0.0,0.0,0.495,0.0,-0.019,-0.016,0.545,0.002
bcl2,ΔVinaXGB/GlideSP,5.0,NEF,,0.0,0.0,0.0,40,1240,62,0,0.0,0.0,0.474,0.0,-0.042,-0.041,0.545,0.002
braf,ΔVinaXGB/GlideSP,0.5,NEF,,4.429,14.286,4.429,40,1240,7,1,0.833,5.0,0.51,14.286,0.047,0.033,0.565,0.076
braf,ΔVinaXGB/GlideSP,1.0,NEF,,2.38,7.692,2.385,40,1240,13,1,0.714,2.5,0.507,7.692,0.026,0.022,0.565,0.076
braf,ΔVinaXGB/GlideSP,5.0,NEF,,2.033,6.452,2.0,40,1240,62,4,0.674,2.069,0.526,10.0,0.042,0.041,0.565,0.076
catl,ΔVinaXGB/GlideSP,0.5,NEF,,4.404,14.286,4.429,40,1240,7,1,0.833,5.0,0.51,14.286,0.047,0.033,0.686,0.054
catl,ΔVinaXGB/GlideSP,1.0,NEF,,2.37,7.692,2.385,40,1240,13,1,0.714,2.5,0.507,7.692,0.026,0.022,0.686,0.054
catl,ΔVinaXGB/GlideSP,5.0,NEF,,0.994,3.226,1.0,40,1240,62,2,0.5,1.0,0.5,5.0,0.0,0.0,0.686,0.054
cdk2,ΔVinaXGB/GlideSP,0.5,NEF,,10.205,28.571,8.857,40,1240,7,2,0.923,12.0,0.523,28.571,0.108,0.076,0.678,0.214
cdk2,ΔVinaXGB/GlideSP,1.0,NEF,,7.65,23.077,7.154,40,1240,13,3,0.9,9.0,0.533,23.077,0.116,0.099,0.678,0.214
cdk2,ΔVinaXGB/GlideSP,5.0,NEF,,4.592,14.516,4.5,40,1240,62,9,0.836,5.094,0.59,22.5,0.147,0.143,0.678,0.214
cox1,ΔVinaXGB/GlideSP,0.5,NEF,,14.359,42.857,13.286,40,1240,7,3,0.957,22.5,0.536,42.857,0.169,0.119,0.633,0.304
cox1,ΔVinaXGB/GlideSP,1.0,NEF,,9.57,30.769,9.538,40,1240,13,4,0.93,13.333,0.546,30.769,0.16,0.137,0.633,0.304
cox1,ΔVinaXGB/GlideSP,5.0,NEF,,5.128,16.129,5.0,40,1240,62,10,0.852,5.769,0.603,25.0,0.168,0.163,0.633,0.304
cox2,ΔVinaXGB/GlideSP,0.5,NEF,,23.108,71.429,22.143,40,1240,7,5,0.987,75.0,0.562,71.429,0.291,0.205,0.926,0.844
cox2,ΔVinaXGB/GlideSP,1.0,NEF,,20.54,69.231,21.462,40,1240,13,9,0.985,67.5,0.611,69.231,0.385,0.329,0.926,0.844
cox2,ΔVinaXGB/GlideSP,5.0,NEF,,11.823,38.71,12.0,40,1240,62,24,0.95,18.947,0.784,60.0,0.461,0.449,0.926,0.844
ctsk,ΔVinaXGB/GlideSP,0.5,NEF,,4.411,14.286,4.429,40,1240,7,1,0.833,5.0,0.51,14.286,0.047,0.033,0.652,0.09
ctsk,ΔVinaXGB/GlideSP,1.0,NEF,,2.38,7.692,2.385,40,1240,13,1,0.714,2.5,0.507,7.692,0.026,0.022,0.652,0.09
ctsk,ΔVinaXGB/GlideSP,5.0,NEF,,0.996,3.226,1.0,40,1240,62,2,0.5,1.0,0.5,5.0,0.0,0.0,0.652,0.09
cyp2a6,ΔVinaXGB/GlideSP,0.5,NEF,,4.989,14.286,4.429,40,1240,7,1,0.833,5.0,0.51,14.286,0.047,0.033,0.642,0.177
cyp2a6,ΔVinaXGB/GlideSP,1.0,NEF,,5.54,15.385,4.769,40,1240,13,2,0.845,5.455,0.52,15.385,0.071,0.061,0.642,0.177
cyp2a6,ΔVinaXGB/GlideSP,5.0,NEF,,2.217,6.452,2.0,40,1240,62,4,0.674,2.069,0.526,10.0,0.042,0.041,0.642,0.177
dhfr,ΔVinaXGB/GlideSP,0.5,NEF,,4.371,14.286,4.429,40,1240,7,1,0.833,5.0,0.51,14.286,0.047,0.033,0.543,0.09
dhfr,ΔVinaXGB/GlideSP,1.0,NEF,,2.35,7.692,2.385,40,1240,13,1,0.714,2.5,0.507,7.692,0.026,0.022,0.543,0.09
dhfr,ΔVinaXGB/GlideSP,5.0,NEF,,1.481,4.839,1.5,40,1240,62,3,0.604,1.525,0.513,7.5,0.021,0.02,0.543,0.09
egfr,ΔVinaXGB/GlideSP,0.5,NEF,,4.414,14.286,4.429,40,1240,7,1,0.833,5.0,0.51,14.286,0.047,0.033,0.619,0.08
egfr,ΔVinaXGB/GlideSP,1.0,NEF,,2.38,7.692,2.385,40,1240,13,1,0.714,2.5,0.507,7.692,0.026,0.022,0.619,0.08
egfr,ΔVinaXGB/GlideSP,5.0,NEF,,1.52,4.839,1.5,40,1240,62,3,0.604,1.525,0.513,7.5,0.021,0.02,0.619,0.08
ephb4,ΔVinaXGB/GlideSP,0.5,NEF,,0.0,0.0,0.0,40,1240,7,0,0.0,0.0,0.497,0.0,-0.014,-0.01,0.625,0.001
ephb4,ΔVinaXGB/GlideSP,1.0,NEF,,0.0,0.0,0.0,40,1240,13,0,0.0,0.0,0.495,0.0,-0.019,-0.016,0.625,0.001
ephb4,ΔVinaXGB/GlideSP,5.0,NEF,,0.0,0.0,0.0,40,1240,62,0,0.0,0.0,0.474,0.0,-0.042,-0.041,0.625,0.001
erbb2,ΔVinaXGB/GlideSP,0.5,NEF,,0.0,0.0,0.0,40,1240,7,0,0.0,0.0,0.497,0.0,-0.014,-0.01,0.7,0.101
erbb2,ΔVinaXGB/GlideSP,1.0,NEF,,2.46,7.692,2.385,40,1240,13,1,0.714,2.5,0.507,7.692,0.026,0.022,0.7,0.101
erbb2,ΔVinaXGB/GlideSP,5.0,NEF,,3.45,11.29,3.5,40,1240,62,7,0.792,3.818,0.565,17.5,0.105,0.102,0.7,0.101
er-beta,ΔVinaXGB/GlideSP,0.5,NEF,,5.717,14.286,4.429,40,1240,7,1,0.833,5.0,0.51,14.286,0.047,0.033,0.816,0.32
er-beta,ΔVinaXGB/GlideSP,1.0,NEF,,9.53,30.769,9.538,40,1240,13,4,0.93,13.333,0.546,30.769,0.16,0.137,0.816,0.32
er-beta,ΔVinaXGB/GlideSP,5.0,NEF,,4.084,12.903,4.0,40,1240,62,8,0.816,4.444,0.578,20.0,0.126,0.122,0.816,0.32
fgfr1,ΔVinaXGB/GlideSP,0.5,NEF,,0.0,0.0,0.0,40,1240,7,0,0.0,0.0,0.497,0.0,-0.014,-0.01,0.691,0.036
fgfr1,ΔVinaXGB/GlideSP,1.0,NEF,,0.0,0.0,0.0,40,1240,13,0,0.0,0.0,0.495,0.0,-0.019,-0.016,0.691,0.036
fgfr1,ΔVinaXGB/GlideSP,5.0,NEF,,1.998,6.452,2.0,40,1240,62,4,0.674,2.069,0.526,10.0,0.042,0.041,0.691,0.036
fkbp1a,ΔVinaXGB/GlideSP,0.5,NEF,,13.883,42.857,13.286,40,1240,7,3,0.957,22.5,0.536,42.857,0.169,0.119,0.58,0.346
fkbp1a,ΔVinaXGB/GlideSP,1.0,NEF,,9.97,30.769,9.538,40,1240,13,4,0.93,13.333,0.546,30.769,0.16,0.137,0.58,0.346
fkbp1a,ΔVinaXGB/GlideSP,5.0,NEF,,5.747,17.742,5.5,40,1240,62,11,0.866,6.471,0.616,27.5,0.188,0.184,0.58,0.346
fxa,ΔVinaXGB/GlideSP,0.5,NEF,,10.179,28.571,8.857,40,1240,7,2,0.923,12.0,0.523,28.571,0.108,0.076,0.813,0.331
fxa,ΔVinaXGB/GlideSP,1.0,NEF,,10.18,30.769,9.538,40,1240,13,4,0.93,13.333,0.546,30.769,0.16,0.137,0.813,0.331
fxa,ΔVinaXGB/GlideSP,5.0,NEF,,6.617,20.968,6.5,40,1240,62,13,0.888,7.959,0.642,32.5,0.23,0.224,0.813,0.331
gba,ΔVinaXGB/GlideSP,0.5,NEF,,0.0,0.0,0.0,40,1240,7,0,0.0,0.0,0.497,0.0,-0.014,-0.01,0.44,0.046
gba,ΔVinaXGB/GlideSP,1.0,NEF,,2.37,7.692,2.385,40,1240,13,1,0.714,2.5,0.507,7.692,0.026,0.022,0.44,0.046
gba,ΔVinaXGB/GlideSP,5.0,NEF,,0.497,1.613,0.5,40,1240,62,1,0.33,0.492,0.487,2.5,-0.021,-0.02,0.44,0.046
gr,ΔVinaXGB/GlideSP,0.5,NEF,,0.0,0.0,0.0,40,1240,7,0,0.0,0.0,0.497,0.0,-0.014,-0.01,0.46,0.001
gr,ΔVinaXGB/GlideSP,1.0,NEF,,0.0,0.0,0.0,40,1240,13,0,0.0,0.0,0.495,0.0,-0.019,-0.016,0.46,0.001
gr,ΔVinaXGB/GlideSP,5.0,NEF,,0.0,0.0,0.0,40,1240,62,0,0.0,0.0,0.474,0.0,-0.042,-0.041,0.46,0.001
gsk3b,ΔVinaXGB/GlideSP,0.5,NEF,,8.607,28.571,8.857,40,1240,7,2,0.923,12.0,0.523,28.571,0.108,0.076,0.676,0.213
gsk3b,ΔVinaXGB/GlideSP,1.0,NEF,,6.95,23.077,7.154,40,1240,13,3,0.9,9.0,0.533,23.077,0.116,0.099,0.676,0.213
gsk3b,ΔVinaXGB/GlideSP,5.0,NEF,,4.445,14.516,4.5,40,1240,62,9,0.836,5.094,0.59,22.5,0.147,0.143,0.676,0.213
hdac2,ΔVinaXGB/GlideSP,0.5,NEF,,8.664,28.571,8.857,40,1240,7,2,0.923,12.0,0.523,28.571,0.108,0.076,0.819,0.259
hdac2,ΔVinaXGB/GlideSP,1.0,NEF,,7.0,23.077,7.154,40,1240,13,3,0.9,9.0,0.533,23.077,0.116,0.099,0.819,0.259
hdac2,ΔVinaXGB/GlideSP,5.0,NEF,,3.977,12.903,4.0,40,1240,62,8,0.816,4.444,0.578,20.0,0.126,0.122,0.819,0.259
hdac8,ΔVinaXGB/GlideSP,0.5,NEF,,0.0,0.0,0.0,40,1240,7,0,0.0,0.0,0.497,0.0,-0.014,-0.01,0.57,0.011
hdac8,ΔVinaXGB/GlideSP,1.0,NEF,,0.0,0.0,0.0,40,1240,13,0,0.0,0.0,0.495,0.0,-0.019,-0.016,0.57,0.011
hdac8,ΔVinaXGB/GlideSP,5.0,NEF,,0.995,3.226,1.0,40,1240,62,2,0.5,1.0,0.5,5.0,0.0,0.0,0.57,0.011
hiv1pr,ΔVinaXGB/GlideSP,0.5,NEF,,14.073,42.857,13.286,40,1240,7,3,0.957,22.5,0.536,42.857,0.169,0.119,0.773,0.392
hiv1pr,ΔVinaXGB/GlideSP,1.0,NEF,,15.16,46.154,14.308,40,1240,13,6,0.963,25.714,0.572,46.154,0.25,0.214,0.773,0.392
hiv1pr,ΔVinaXGB/GlideSP,5.0,NEF,,6.46,20.968,6.5,40,1240,62,13,0.888,7.959,0.642,32.5,0.23,0.224,0.773,0.392
hiv1rt,ΔVinaXGB/GlideSP,0.5,NEF,,0.0,0.0,0.0,40,1240,7,0,0.0,0.0,0.497,0.0,-0.014,-0.01,0.549,0.027
hiv1rt,ΔVinaXGB/GlideSP,1.0,NEF,,0.0,0.0,0.0,40,1240,13,0,0.0,0.0,0.495,0.0,-0.019,-0.016,0.549,0.027
hiv1rt,ΔVinaXGB/GlideSP,5.0,NEF,,1.574,4.839,1.5,40,1240,62,3,0.604,1.525,0.513,7.5,0.021,0.02,0.549,0.027
hmgr,ΔVinaXGB/GlideSP,0.5,NEF,,13.254,42.857,13.286,40,1240,7,3,0.957,22.5,0.536,42.857,0.169,0.119,0.729,0.324
hmgr,ΔVinaXGB/GlideSP,1.0,NEF,,11.89,38.462,11.923,40,1240,13,5,0.949,18.75,0.559,38.462,0.205,0.176,0.729,0.324
hmgr,ΔVinaXGB/GlideSP,5.0,NEF,,4.489,14.516,4.5,40,1240,62,9,0.836,5.094,0.59,22.5,0.147,0.143,0.729,0.324
hsp90,ΔVinaXGB/GlideSP,0.5,NEF,,0.0,0.0,0.0,40,1240,7,0,0.0,0.0,0.497,0.0,-0.014,-0.01,0.555,0.041
hsp90,ΔVinaXGB/GlideSP,1.0,NEF,,2.33,7.692,2.385,40,1240,13,1,0.714,2.5,0.507,7.692,0.026,0.022,0.555,0.041
hsp90,ΔVinaXGB/GlideSP,5.0,NEF,,0.995,3.226,1.0,40,1240,62,2,0.5,1.0,0.5,5.0,0.0,0.0,0.555,0.041
igf1r,ΔVinaXGB/GlideSP,0.5,NEF,,0.0,0.0,0.0,40,1240,7,0,0.0,0.0,0.497,0.0,-0.014,-0.01,0.431,0.049
igf1r,ΔVinaXGB/GlideSP,1.0,NEF,,2.48,7.692,2.385,40,1240,13,1,0.714,2.5,0.507,7.692,0.026,0.022,0.431,0.049
igf1r,ΔVinaXGB/GlideSP,5.0,NEF,,0.505,1.613,0.5,40,1240,62,1,0.33,0.492,0.487,2.5,-0.021,-0.02,0.431,0.049
inha,ΔVinaXGB/GlideSP,0.5,NEF,,4.375,14.286,4.429,40,1240,7,1,0.833,5.0,0.51,14.286,0.047,0.033,0.552,0.099
inha,ΔVinaXGB/GlideSP,1.0,NEF,,2.36,7.692,2.385,40,1240,13,1,0.714,2.5,0.507,7.692,0.026,0.022,0.552,0.099
inha,ΔVinaXGB/GlideSP,5.0,NEF,,2.964,9.677,3.0,40,1240,62,6,0.763,3.214,0.552,15.0,0.084,0.082,0.552,0.099
itk,ΔVinaXGB/GlideSP,0.5,NEF,,0.0,0.0,0.0,40,1240,7,0,0.0,0.0,0.497,0.0,-0.014,-0.01,0.594,0.029
itk,ΔVinaXGB/GlideSP,1.0,NEF,,0.0,0.0,0.0,40,1240,13,0,0.0,0.0,0.495,0.0,-0.019,-0.016,0.594,0.029
itk,ΔVinaXGB/GlideSP,5.0,NEF,,1.496,4.839,1.5,40,1240,62,3,0.604,1.525,0.513,7.5,0.021,0.02,0.594,0.029
jak3,ΔVinaXGB/GlideSP,0.5,NEF,,0.0,0.0,0.0,40,1240,7,0,0.0,0.0,0.497,0.0,-0.014,-0.01,0.648,0.09
jak3,ΔVinaXGB/GlideSP,1.0,NEF,,0.0,0.0,0.0,40,1240,13,0,0.0,0.0,0.495,0.0,-0.019,-0.016,0.648,0.09
jak3,ΔVinaXGB/GlideSP,5.0,NEF,,2.494,8.065,2.5,40,1240,62,5,0.725,2.632,0.539,12.5,0.063,0.061,0.648,0.09
jnk1,ΔVinaXGB/GlideSP,0.5,NEF,,5.25,14.286,4.429,40,1240,7,1,0.833,5.0,0.51,14.286,0.047,0.033,0.662,0.241
jnk1,ΔVinaXGB/GlideSP,1.0,NEF,,7.88,23.077,7.154,40,1240,13,3,0.9,9.0,0.533,23.077,0.116,0.099,0.662,0.241
jnk1,ΔVinaXGB/GlideSP,5.0,NEF,,3.675,11.29,3.5,40,1240,62,7,0.792,3.818,0.565,17.5,0.105,0.102,0.662,0.241
jnk2,ΔVinaXGB/GlideSP,0.5,NEF,,15.395,42.857,13.286,40,1240,7,3,0.957,22.5,0.536,42.857,0.169,0.119,0.567,0.225
jnk2,ΔVinaXGB/GlideSP,1.0,NEF,,7.7,23.077,7.154,40,1240,13,3,0.9,9.0,0.533,23.077,0.116,0.099,0.567,0.225
jnk2,ΔVinaXGB/GlideSP,5.0,NEF,,3.131,9.677,3.0,40,1240,62,6,0.763,3.214,0.552,15.0,0.084,0.082,0.567,0.225
jnk3,ΔVinaXGB/GlideSP,0.5,NEF,,0.0,0.0,0.0,40,1240,7,0,0.0,0.0,0.497,0.0,-0.014,-0.01,0.636,0.076
jnk3,ΔVinaXGB/GlideSP,1.0,NEF,,2.38,7.692,2.385,40,1240,13,1,0.714,2.5,0.507,7.692,0.026,0.022,0.636,0.076
jnk3,ΔVinaXGB/GlideSP,5.0,NEF,,3.557,11.29,3.5,40,1240,62,7,0.792,3.818,0.565,17.5,0.105,0.102,0.636,0.076
kif11,ΔVinaXGB/GlideSP,0.5,NEF,,0.0,0.0,0.0,40,1240,7,0,0.0,0.0,0.497,0.0,-0.014,-0.01,0.751,0.152
kif11,ΔVinaXGB/GlideSP,1.0,NEF,,4.65,15.385,4.769,40,1240,13,2,0.845,5.455,0.52,15.385,0.071,0.061,0.751,0.152
kif11,ΔVinaXGB/GlideSP,5.0,NEF,,3.964,12.903,4.0,40,1240,62,8,0.816,4.444,0.578,20.0,0.126,0.122,0.751,0.152
lck,ΔVinaXGB/GlideSP,0.5,NEF,,0.0,0.0,0.0,40,1240,7,0,0.0,0.0,0.497,0.0,-0.014,-0.01,0.478,0.0
lck,ΔVinaXGB/GlideSP,1.0,NEF,,0.0,0.0,0.0,40,1240,13,0,0.0,0.0,0.495,0.0,-0.019,-0.016,0.478,0.0
lck,ΔVinaXGB/GlideSP,5.0,NEF,,0.0,0.0,0.0,40,1240,62,0,0.0,0.0,0.474,0.0,-0.042,-0.041,0.478,0.0
mdm2,ΔVinaXGB/GlideSP,0.5,NEF,,0.0,0.0,0.0,40,1240,7,0,0.0,0.0,0.497,0.0,-0.014,-0.01,0.28,0.0
mdm2,ΔVinaXGB/GlideSP,1.0,NEF,,0.0,0.0,0.0,40,1240,13,0,0.0,0.0,0.495,0.0,-0.019,-0.016,0.28,0.0
mdm2,ΔVinaXGB/GlideSP,5.0,NEF,,0.0,0.0,0.0,40,1240,62,0,0.0,0.0,0.474,0.0,-0.042,-0.041,0.28,0.0
mk2,ΔVinaXGB/GlideSP,0.5,NEF,,5.239,14.286,4.429,40,1240,7,1,0.833,5.0,0.51,14.286,0.047,0.033,0.713,0.087
mk2,ΔVinaXGB/GlideSP,1.0,NEF,,2.62,7.692,2.385,40,1240,13,1,0.714,2.5,0.507,7.692,0.026,0.022,0.713,0.087
mk2,ΔVinaXGB/GlideSP,5.0,NEF,,2.664,8.065,2.5,40,1240,62,5,0.725,2.632,0.539,12.5,0.063,0.061,0.713,0.087
mmp2,ΔVinaXGB/GlideSP,0.5,NEF,,0.0,0.0,0.0,40,1240,7,0,0.0,0.0,0.497,0.0,-0.014,-0.01,0.442,0.01
mmp2,ΔVinaXGB/GlideSP,1.0,NEF,,0.0,0.0,0.0,40,1240,13,0,0.0,0.0,0.495,0.0,-0.019,-0.016,0.442,0.01
mmp2,ΔVinaXGB/GlideSP,5.0,NEF,,0.495,1.613,0.5,40,1240,62,1,0.33,0.492,0.487,2.5,-0.021,-0.02,0.442,0.01
na,ΔVinaXGB/GlideSP,0.5,NEF,,30.95,100.0,31.0,40,1240,7,7,1.0,inf,0.588,100.0,0.413,0.291,0.935,0.777
na,ΔVinaXGB/GlideSP,1.0,NEF,,23.81,76.923,23.846,40,1240,13,10,0.99,100.0,0.624,76.923,0.429,0.367,0.935,0.777
na,ΔVinaXGB/GlideSP,5.0,NEF,,12.48,40.323,12.5,40,1240,62,25,0.953,20.27,0.797,62.5,0.482,0.469,0.935,0.777
p38-alpha,ΔVinaXGB/GlideSP,0.5,NEF,,0.0,0.0,0.0,40,1240,7,0,0.0,0.0,0.497,0.0,-0.014,-0.01,0.612,0.036
p38-alpha,ΔVinaXGB/GlideSP,1.0,NEF,,2.35,7.692,2.385,40,1240,13,1,0.714,2.5,0.507,7.692,0.026,0.022,0.612,0.036
p38-alpha,ΔVinaXGB/GlideSP,5.0,NEF,,0.985,3.226,1.0,40,1240,62,2,0.5,1.0,0.5,5.0,0.0,0.0,0.612,0.036
parp-1,ΔVinaXGB/GlideSP,0.5,NEF,,4.3,14.286,4.429,40,1240,7,1,0.833,5.0,0.51,14.286,0.047,0.033,0.74,0.154
parp-1,ΔVinaXGB/GlideSP,1.0,NEF,,6.95,23.077,7.154,40,1240,13,3,0.9,9.0,0.533,23.077,0.116,0.099,0.74,0.154
parp-1,ΔVinaXGB/GlideSP,5.0,NEF,,3.454,11.29,3.5,40,1240,62,7,0.792,3.818,0.565,17.5,0.105,0.102,0.74,0.154
pde4b,ΔVinaXGB/GlideSP,0.5,NEF,,13.2,42.857,13.286,40,1240,7,3,0.957,22.5,0.536,42.857,0.169,0.119,0.569,0.218
pde4b,ΔVinaXGB/GlideSP,1.0,NEF,,9.48,30.769,9.538,40,1240,13,4,0.93,13.333,0.546,30.769,0.16,0.137,0.569,0.218
pde4b,ΔVinaXGB/GlideSP,5.0,NEF,,2.981,9.677,3.0,40,1240,62,6,0.763,3.214,0.552,15.0,0.084,0.082,0.569,0.218
pde5,ΔVinaXGB/GlideSP,0.5,NEF,,0.0,0.0,0.0,40,1240,7,0,0.0,0.0,0.497,0.0,-0.014,-0.01,0.446,0.003
pde5,ΔVinaXGB/GlideSP,1.0,NEF,,0.0,0.0,0.0,40,1240,13,0,0.0,0.0,0.495,0.0,-0.019,-0.016,0.446,0.003
pde5,ΔVinaXGB/GlideSP,5.0,NEF,,0.52,1.613,0.5,40,1240,62,1,0.33,0.492,0.487,2.5,-0.021,-0.02,0.446,0.003
pdk1,ΔVinaXGB/GlideSP,0.5,NEF,,4.534,14.286,4.429,40,1240,7,1,0.833,5.0,0.51,14.286,0.047,0.033,0.706,0.125
pdk1,ΔVinaXGB/GlideSP,1.0,NEF,,2.44,7.692,2.385,40,1240,13,1,0.714,2.5,0.507,7.692,0.026,0.022,0.706,0.125
pdk1,ΔVinaXGB/GlideSP,5.0,NEF,,4.682,14.516,4.5,40,1240,62,9,0.836,5.094,0.59,22.5,0.147,0.143,0.706,0.125
pi3kg,ΔVinaXGB/GlideSP,0.5,NEF,,0.0,0.0,0.0,40,1240,7,0,0.0,0.0,0.497,0.0,-0.014,-0.01,0.703,0.072
pi3kg,ΔVinaXGB/GlideSP,1.0,NEF,,0.0,0.0,0.0,40,1240,13,0,0.0,0.0,0.495,0.0,-0.019,-0.016,0.703,0.072
pi3kg,ΔVinaXGB/GlideSP,5.0,NEF,,3.557,11.29,3.5,40,1240,62,7,0.792,3.818,0.565,17.5,0.105,0.102,0.703,0.072
pim-1,ΔVinaXGB/GlideSP,0.5,NEF,,0.0,0.0,0.0,40,1240,7,0,0.0,0.0,0.497,0.0,-0.014,-0.01,0.702,0.049
pim-1,ΔVinaXGB/GlideSP,1.0,NEF,,0.0,0.0,0.0,40,1240,13,0,0.0,0.0,0.495,0.0,-0.019,-0.016,0.702,0.049
pim-1,ΔVinaXGB/GlideSP,5.0,NEF,,1.486,4.839,1.5,40,1240,62,3,0.604,1.525,0.513,7.5,0.021,0.02,0.702,0.049
pim-2,ΔVinaXGB/GlideSP,0.5,NEF,,0.0,0.0,0.0,40,1240,7,0,0.0,0.0,0.497,0.0,-0.014,-0.01,0.674,0.081
pim-2,ΔVinaXGB/GlideSP,1.0,NEF,,0.0,0.0,0.0,40,1240,13,0,0.0,0.0,0.495,0.0,-0.019,-0.016,0.674,0.081
pim-2,ΔVinaXGB/GlideSP,5.0,NEF,,2.535,8.065,2.5,40,1240,62,5,0.725,2.632,0.539,12.5,0.063,0.061,0.674,0.081
pnp,ΔVinaXGB/GlideSP,0.5,NEF,,18.496,57.143,17.714,40,1240,7,4,0.976,40.0,0.549,57.143,0.23,0.162,0.633,0.393
pnp,ΔVinaXGB/GlideSP,1.0,NEF,,12.45,38.462,11.923,40,1240,13,5,0.949,18.75,0.559,38.462,0.205,0.176,0.633,0.393
pnp,ΔVinaXGB/GlideSP,5.0,NEF,,5.221,16.129,5.0,40,1240,62,10,0.852,5.769,0.603,25.0,0.168,0.163,0.633,0.393
ppara,ΔVinaXGB/GlideSP,0.5,NEF,,0.0,0.0,0.0,40,1240,7,0,0.0,0.0,0.497,0.0,-0.014,-0.01,0.563,0.0
ppara,ΔVinaXGB/GlideSP,1.0,NEF,,0.0,0.0,0.0,40,1240,13,0,0.0,0.0,0.495,0.0,-0.019,-0.016,0.563,0.0
ppara,ΔVinaXGB/GlideSP,5.0,NEF,,0.0,0.0,0.0,40,1240,62,0,0.0,0.0,0.474,0.0,-0.042,-0.041,0.563,0.0
pparg,ΔVinaXGB/GlideSP,0.5,NEF,,0.0,0.0,0.0,40,1240,7,0,0.0,0.0,0.497,0.0,-0.014,-0.01,0.477,0.051
pparg,ΔVinaXGB/GlideSP,1.0,NEF,,2.38,7.692,2.385,40,1240,13,1,0.714,2.5,0.507,7.692,0.026,0.022,0.477,0.051
pparg,ΔVinaXGB/GlideSP,5.0,NEF,,1.0,3.226,1.0,40,1240,62,2,0.5,1.0,0.5,5.0,0.0,0.0,0.477,0.051
pr,ΔVinaXGB/GlideSP,0.5,NEF,,14.671,42.857,13.286,40,1240,7,3,0.957,22.5,0.536,42.857,0.169,0.119,0.816,0.393
pr,ΔVinaXGB/GlideSP,1.0,NEF,,10.67,30.769,9.538,40,1240,13,4,0.93,13.333,0.546,30.769,0.16,0.137,0.816,0.393
pr,ΔVinaXGB/GlideSP,5.0,NEF,,6.771,22.581,7.0,40,1240,62,14,0.897,8.75,0.655,35.0,0.251,0.245,0.816,0.393
prkcq,ΔVinaXGB/GlideSP,0.5,NEF,,0.0,0.0,0.0,40,1240,7,0,0.0,0.0,0.497,0.0,-0.014,-0.01,0.731,0.102
prkcq,ΔVinaXGB/GlideSP,1.0,NEF,,2.63,7.692,2.385,40,1240,13,1,0.714,2.5,0.507,7.692,0.026,0.022,0.731,0.102
prkcq,ΔVinaXGB/GlideSP,5.0,NEF,,3.684,11.29,3.5,40,1240,62,7,0.792,3.818,0.565,17.5,0.105,0.102,0.731,0.102
pygl-in,ΔVinaXGB/GlideSP,0.5,NEF,,4.393,14.286,4.429,40,1240,7,1,0.833,5.0,0.51,14.286,0.047,0.033,0.786,0.117
pygl-in,ΔVinaXGB/GlideSP,1.0,NEF,,4.73,15.385,4.769,40,1240,13,2,0.845,5.455,0.52,15.385,0.071,0.061,0.786,0.117
pygl-in,ΔVinaXGB/GlideSP,5.0,NEF,,1.984,6.452,2.0,40,1240,62,4,0.674,2.069,0.526,10.0,0.042,0.041,0.786,0.117
pygl-out,ΔVinaXGB/GlideSP,0.5,NEF,,30.9,100.0,31.0,40,1240,7,7,1.0,inf,0.588,100.0,0.413,0.291,0.686,0.621
pygl-out,ΔVinaXGB/GlideSP,1.0,NEF,,26.15,84.615,26.231,40,1240,13,11,0.994,165.0,0.637,84.615,0.474,0.406,0.686,0.621
pygl-out,ΔVinaXGB/GlideSP,5.0,NEF,,7.476,24.194,7.5,40,1240,62,15,0.905,9.574,0.668,37.5,0.272,0.265,0.686,0.621
qpct,ΔVinaXGB/GlideSP,0.5,NEF,,0.0,0.0,0.0,40,1240,7,0,0.0,0.0,0.497,0.0,-0.014,-0.01,0.574,0.047
qpct,ΔVinaXGB/GlideSP,1.0,NEF,,2.38,7.692,2.385,40,1240,13,1,0.714,2.5,0.507,7.692,0.026,0.022,0.574,0.047
qpct,ΔVinaXGB/GlideSP,5.0,NEF,,1.496,4.839,1.5,40,1240,62,3,0.604,1.525,0.513,7.5,0.021,0.02,0.574,0.047
rock-1,ΔVinaXGB/GlideSP,0.5,NEF,,4.304,14.286,4.429,40,1240,7,1,0.833,5.0,0.51,14.286,0.047,0.033,0.551,0.063
rock-1,ΔVinaXGB/GlideSP,1.0,NEF,,2.32,7.692,2.385,40,1240,13,1,0.714,2.5,0.507,7.692,0.026,0.022,0.551,0.063
rock-1,ΔVinaXGB/GlideSP,5.0,NEF,,0.494,1.613,0.5,40,1240,62,1,0.33,0.492,0.487,2.5,-0.021,-0.02,0.551,0.063
rxr,ΔVinaXGB/GlideSP,0.5,NEF,,5.184,14.286,4.429,40,1240,7,1,0.833,5.0,0.51,14.286,0.047,0.033,0.588,0.158
rxr,ΔVinaXGB/GlideSP,1.0,NEF,,2.59,7.692,2.385,40,1240,13,1,0.714,2.5,0.507,7.692,0.026,0.022,0.588,0.158
rxr,ΔVinaXGB/GlideSP,5.0,NEF,,2.7,8.065,2.5,40,1240,62,5,0.725,2.632,0.539,12.5,0.063,0.061,0.588,0.158
sars-hcov,ΔVinaXGB/GlideSP,0.5,NEF,,4.403,14.286,4.429,39,1209,7,1,0.833,5.0,0.51,14.286,0.048,0.034,0.524,0.117
sars-hcov,ΔVinaXGB/GlideSP,1.0,NEF,,2.37,7.692,2.385,39,1209,13,1,0.714,2.5,0.508,7.692,0.026,0.023,0.524,0.117
sars-hcov,ΔVinaXGB/GlideSP,5.0,NEF,,2.021,6.557,2.033,39,1209,61,4,0.678,2.105,0.527,10.256,0.043,0.042,0.524,0.117
sirt2,ΔVinaXGB/GlideSP,0.5,NEF,,0.0,0.0,0.0,40,1240,7,0,0.0,0.0,0.497,0.0,-0.014,-0.01,0.472,0.0
sirt2,ΔVinaXGB/GlideSP,1.0,NEF,,0.0,0.0,0.0,40,1240,13,0,0.0,0.0,0.495,0.0,-0.019,-0.016,0.472,0.0
sirt2,ΔVinaXGB/GlideSP,5.0,NEF,,0.0,0.0,0.0,40,1240,62,0,0.0,0.0,0.474,0.0,-0.042,-0.041,0.472,0.0
src,ΔVinaXGB/GlideSP,0.5,NEF,,0.0,0.0,0.0,40,1240,7,0,0.0,0.0,0.497,0.0,-0.014,-0.01,0.498,0.029
src,ΔVinaXGB/GlideSP,1.0,NEF,,0.0,0.0,0.0,40,1240,13,0,0.0,0.0,0.495,0.0,-0.019,-0.016,0.498,0.029
src,ΔVinaXGB/GlideSP,5.0,NEF,,1.018,3.226,1.0,40,1240,62,2,0.5,1.0,0.5,5.0,0.0,0.0,0.498,0.029
thrombin,ΔVinaXGB/GlideSP,0.5,NEF,,22.744,71.429,22.143,40,1240,7,5,0.987,75.0,0.562,71.429,0.291,0.205,0.796,0.376
thrombin,ΔVinaXGB/GlideSP,1.0,NEF,,12.25,38.462,11.923,40,1240,13,5,0.949,18.75,0.559,38.462,0.205,0.176,0.796,0.376
thrombin,ΔVinaXGB/GlideSP,5.0,NEF,,4.698,14.516,4.5,40,1240,62,9,0.836,5.094,0.59,22.5,0.147,0.143,0.796,0.376
tie2,ΔVinaXGB/GlideSP,0.5,NEF,,4.992,14.286,4.429,40,1240,7,1,0.833,5.0,0.51,14.286,0.047,0.033,0.587,0.156
tie2,ΔVinaXGB/GlideSP,1.0,NEF,,4.99,15.385,4.769,40,1240,13,2,0.845,5.455,0.52,15.385,0.071,0.061,0.587,0.156
tie2,ΔVinaXGB/GlideSP,5.0,NEF,,2.496,8.065,2.5,40,1240,62,5,0.725,2.632,0.539,12.5,0.063,0.061,0.587,0.156
tk,ΔVinaXGB/GlideSP,0.5,NEF,,9.04,28.571,8.857,40,1240,7,2,0.923,12.0,0.523,28.571,0.108,0.076,0.631,0.383
tk,ΔVinaXGB/GlideSP,1.0,NEF,,12.17,38.462,11.923,40,1240,13,5,0.949,18.75,0.559,38.462,0.205,0.176,0.631,0.383
tk,ΔVinaXGB/GlideSP,5.0,NEF,,5.614,17.742,5.5,40,1240,62,11,0.866,6.471,0.616,27.5,0.188,0.184,0.631,0.383
tp,ΔVinaXGB/GlideSP,0.5,NEF,,0.0,0.0,0.0,40,1240,7,0,0.0,0.0,0.497,0.0,-0.014,-0.01,0.423,0.0
tp,ΔVinaXGB/GlideSP,1.0,NEF,,0.0,0.0,0.0,40,1240,13,0,0.0,0.0,0.495,0.0,-0.019,-0.016,0.423,0.0
tp,ΔVinaXGB/GlideSP,5.0,NEF,,0.0,0.0,0.0,40,1240,62,0,0.0,0.0,0.474,0.0,-0.042,-0.041,0.423,0.0
tpa,ΔVinaXGB/GlideSP,0.5,NEF,,0.0,0.0,0.0,40,1240,7,0,0.0,0.0,0.497,0.0,-0.014,-0.01,0.684,0.086
tpa,ΔVinaXGB/GlideSP,1.0,NEF,,2.55,7.692,2.385,40,1240,13,1,0.714,2.5,0.507,7.692,0.026,0.022,0.684,0.086
tpa,ΔVinaXGB/GlideSP,5.0,NEF,,2.589,8.065,2.5,40,1240,62,5,0.725,2.632,0.539,12.5,0.063,0.061,0.684,0.086
ts,ΔVinaXGB/GlideSP,0.5,NEF,,0.0,0.0,0.0,40,1239,7,0,0.0,0.0,0.497,0.0,-0.014,-0.01,0.604,0.021
ts,ΔVinaXGB/GlideSP,1.0,NEF,,0.0,0.0,0.0,40,1239,13,0,0.0,0.0,0.495,0.0,-0.019,-0.016,0.604,0.021
ts,ΔVinaXGB/GlideSP,5.0,NEF,,0.5,1.613,0.5,40,1239,62,1,0.329,0.491,0.487,2.5,-0.021,-0.02,0.604,0.021
upa,ΔVinaXGB/GlideSP,0.5,NEF,,0.0,0.0,0.0,40,1240,7,0,0.0,0.0,0.497,0.0,-0.014,-0.01,0.634,0.108
upa,ΔVinaXGB/GlideSP,1.0,NEF,,2.49,7.692,2.385,40,1240,13,1,0.714,2.5,0.507,7.692,0.026,0.022,0.634,0.108
upa,ΔVinaXGB/GlideSP,5.0,NEF,,2.985,9.677,3.0,40,1240,62,6,0.763,3.214,0.552,15.0,0.084,0.082,0.634,0.108
vegfr1,ΔVinaXGB/GlideSP,0.5,NEF,,9.982,28.571,8.857,40,1240,7,2,0.923,12.0,0.523,28.571,0.108,0.076,0.666,0.253
vegfr1,ΔVinaXGB/GlideSP,1.0,NEF,,9.98,30.769,9.538,40,1240,13,4,0.93,13.333,0.546,30.769,0.16,0.137,0.666,0.253
vegfr1,ΔVinaXGB/GlideSP,5.0,NEF,,4.203,12.903,4.0,40,1240,62,8,0.816,4.444,0.578,20.0,0.126,0.122,0.666,0.253
vegfr2,ΔVinaXGB/GlideSP,0.5,NEF,,0.0,0.0,0.0,40,1240,7,0,0.0,0.0,0.497,0.0,-0.014,-0.01,0.38,0.008
vegfr2,ΔVinaXGB/GlideSP,1.0,NEF,,0.0,0.0,0.0,40,1240,13,0,0.0,0.0,0.495,0.0,-0.019,-0.016,0.38,0.008
vegfr2,ΔVinaXGB/GlideSP,5.0,NEF,,1.026,3.226,1.0,40,1240,62,2,0.5,1.0,0.5,5.0,0.0,0.0,0.38,0.008
