Target,Model,Percentile,Factor_Type,EF_lit,NEF_lit,EF_calc,NEF_calc,n,N,Ns,ns,PM,ROCE,CCR,REF,MCC,CKC,AUC_ROC,BEDROC
fabp4,Scardino et al.(proprietary)*,1.0,NEF,,41.0,67.857,40.382,47,2797,28,19,0.992,123.522,0.7,67.857,0.518,0.5,,
hivrt,Scardino et al.(proprietary)*,1.0,NEF,,17.0,30.052,17.097,338,19229,193,58,0.96,24.012,0.582,30.052,0.217,0.208,,
dyr,Scardino et al.(proprietary)*,1.0,NEF,,25.8,34.286,25.872,231,17431,175,60,0.975,38.848,0.627,34.286,0.29,0.287,,
aldr,Scardino et al.(proprietary)*,1.0,NEF,,36.0,61.957,35.689,159,9159,92,57,0.989,92.183,0.677,61.957,0.464,0.447,,
lkha4,Scardino et al.(proprietary)*,1.0,NEF,,14.7,25.773,14.501,171,9621,97,25,0.95,19.189,0.569,25.773,0.183,0.176,,
ptn1,Scardino et al.(proprietary)*,1.0,NEF,,24.0,41.892,23.782,130,7380,74,31,0.976,40.206,0.616,41.892,0.307,0.295,,
pyrd,Scardino et al.(proprietary)*,1.0,NEF,,34.7,59.091,34.928,111,6561,66,39,0.988,83.934,0.674,59.091,0.449,0.434,,
reni,Scardino et al.(proprietary)*,1.0,NEF,,55.6,81.69,55.471,104,7062,71,58,0.997,298.494,0.778,81.69,0.671,0.659,,
hdac2,Scardino et al.(proprietary)*,1.0,NEF,,27.7,48.571,27.528,185,10485,105,51,0.981,52.583,0.635,48.571,0.358,0.343,,
hs90a,Scardino et al.(proprietary)*,1.0,NEF,,15.4,28.0,15.712,88,4938,50,14,0.955,21.433,0.576,28.0,0.2,0.192,,
abl1,Scardino et al.(proprietary)*,1.0,NEF,,26.4,43.636,26.211,182,10932,110,48,0.979,45.728,0.629,43.636,0.331,0.32,,
gria2,Scardino et al.(proprietary)*,1.0,NEF,,29.0,38.017,28.881,158,12003,121,46,0.979,45.981,0.642,38.017,0.325,0.322,,
esr1,Scardino et al.(proprietary)*,1.0,NEF,,32.8,59.716,32.848,383,21068,211,126,0.988,80.059,0.662,59.716,0.436,0.417,,
dhi1,Scardino et al.(proprietary)*,1.0,NEF,,9.0,15.228,9.082,330,19680,197,30,0.913,10.533,0.541,15.228,0.106,0.103,,
pgh1,Scardino et al.(proprietary)*,1.0,NEF,,5.8,10.0,5.638,195,10995,110,11,0.86,6.154,0.524,10.0,0.063,0.06,,
cdk2,Scardino et al.(proprietary)*,1.0,NEF,,19.0,31.69,18.937,474,28324,284,90,0.965,27.258,0.591,31.69,0.235,0.228,,
ace,Scardino et al.(proprietary)*,1.0,NEF,,23.0,37.791,23.026,282,17182,172,65,0.973,36.406,0.612,37.791,0.286,0.277,,
fa7,Scardino et al.(proprietary)*,1.0,NEF,,34.3,60.938,34.018,114,6364,64,39,0.988,85.526,0.669,60.938,0.449,0.431,,
kpcb,Scardino et al.(proprietary)*,1.0,NEF,,54.0,82.022,53.679,135,8835,89,73,0.997,294.028,0.769,82.022,0.662,0.648,,
igf1r,Scardino et al.(proprietary)*,1.0,NEF,,39.0,61.053,38.975,148,9448,95,58,0.99,98.503,0.694,61.053,0.483,0.471,,
hxk4,Scardino et al.(proprietary)*,1.0,NEF,,15.0,29.167,15.192,92,4792,48,14,0.955,21.036,0.572,29.167,0.2,0.189,,
prgr,Scardino et al.(proprietary)*,1.0,NEF,,17.0,31.25,17.004,293,15943,160,50,0.96,24.279,0.582,31.25,0.22,0.211,,
nram,Scardino et al.(proprietary)*,1.0,NEF,,14.0,22.222,14.281,98,6298,63,14,0.948,18.076,0.567,22.222,0.168,0.164,,
kith,Scardino et al.(proprietary)*,1.0,NEF,,20.0,40.0,20.4,57,2907,30,12,0.971,33.333,0.602,40.0,0.28,0.266,,
ital,Scardino et al.(proprietary)*,1.0,NEF,,11.6,18.391,11.512,138,8638,87,16,0.933,13.88,0.554,18.391,0.135,0.131,,
urok,Scardino et al.(proprietary)*,1.0,NEF,,57.0,92.079,56.907,162,10012,101,93,0.999,706.829,0.787,92.079,0.724,0.704,,
andr,Scardino et al.(proprietary)*,1.0,NEF,,14.0,25.85,14.049,269,14619,147,38,0.949,18.598,0.567,25.85,0.18,0.172,,
fabp4,Scardino et al.(free)*,1.0,NEF,,27.0,46.429,27.63,47,2797,28,13,0.981,50.709,0.636,46.429,0.35,0.338,,
hivrt,Scardino et al.(free)*,1.0,NEF,,5.0,8.808,5.011,338,19229,193,17,0.844,5.399,0.52,8.808,0.054,0.052,,
dyr,Scardino et al.(free)*,1.0,NEF,,14.5,19.429,14.661,231,17431,175,34,0.947,17.955,0.569,19.429,0.159,0.158,,
aldr,Scardino et al.(free)*,1.0,NEF,,24.0,41.304,23.793,159,9159,92,38,0.976,39.832,0.616,41.304,0.305,0.294,,
lkha4,Scardino et al.(free)*,1.0,NEF,,23.6,42.268,23.781,171,9621,97,41,0.976,40.461,0.617,42.268,0.309,0.297,,
ptn1,Scardino et al.(free)*,1.0,NEF,,30.0,52.703,29.919,130,7380,74,39,0.984,62.143,0.648,52.703,0.39,0.374,,
pyrd,Scardino et al.(free)*,1.0,NEF,,28.3,48.485,28.658,111,6561,66,32,0.982,54.69,0.642,48.485,0.366,0.353,,
reni,Scardino et al.(free)*,1.0,NEF,,12.5,18.31,12.433,104,7062,71,13,0.937,14.996,0.558,18.31,0.141,0.138,,
hdac2,Scardino et al.(free)*,1.0,NEF,,23.9,41.905,23.75,185,10485,105,44,0.976,40.16,0.616,41.905,0.307,0.294,,
hs90a,Scardino et al.(free)*,1.0,NEF,,0.0,0.0,0.0,88,4938,50,0,0.0,0.0,0.495,0.0,-0.014,-0.013,,
abl1,Scardino et al.(free)*,1.0,NEF,,13.4,22.727,13.651,182,10932,110,25,0.946,17.372,0.565,22.727,0.166,0.161,,
gria2,Scardino et al.(free)*,1.0,NEF,,24.0,31.405,23.858,158,12003,121,38,0.972,34.323,0.617,31.405,0.266,0.264,,
esr1,Scardino et al.(free)*,1.0,NEF,,20.4,36.967,20.335,383,21068,211,78,0.969,31.674,0.599,36.967,0.265,0.253,,
dhi1,Scardino et al.(free)*,1.0,NEF,,7.0,11.675,6.963,330,19680,197,23,0.886,7.751,0.53,11.675,0.078,0.076,,
pgh1,Scardino et al.(free)*,1.0,NEF,,1.9,3.636,2.05,195,10995,110,4,0.676,2.09,0.505,3.636,0.014,0.014,,
cdk2,Scardino et al.(free)*,1.0,NEF,,16.0,26.761,15.991,474,28324,284,76,0.955,21.468,0.576,26.761,0.197,0.19,,
ace,Scardino et al.(free)*,1.0,NEF,,14.0,23.256,14.17,282,17182,172,40,0.948,18.16,0.567,23.256,0.171,0.166,,
fa7,Scardino et al.(free)*,1.0,NEF,,26.6,46.875,26.168,114,6364,64,30,0.98,48.375,0.629,46.875,0.343,0.328,,
kpcb,Scardino et al.(free)*,1.0,NEF,,46.0,70.787,46.326,135,8835,89,63,0.994,156.154,0.732,70.787,0.57,0.557,,
igf1r,Scardino et al.(free)*,1.0,NEF,,30.0,47.368,30.239,148,9448,95,45,0.983,56.554,0.649,47.368,0.372,0.363,,
hxk4,Scardino et al.(free)*,1.0,NEF,,2.0,4.167,2.17,92,4792,48,2,0.69,2.221,0.506,4.167,0.016,0.016,,
prgr,Scardino et al.(free)*,1.0,NEF,,8.0,15.0,8.162,293,15943,160,24,0.904,9.426,0.537,15.0,0.099,0.094,,
nram,Scardino et al.(free)*,1.0,NEF,,2.0,3.175,2.04,98,6298,63,2,0.675,2.074,0.505,3.175,0.013,0.013,,
kith,Scardino et al.(free)*,1.0,NEF,,8.0,16.667,8.5,57,2907,30,5,0.909,10.0,0.539,16.667,0.108,0.103,,
ital,Scardino et al.(free)*,1.0,NEF,,10.6,17.241,10.792,138,8638,87,15,0.928,12.832,0.55,17.241,0.126,0.122,,
urok,Scardino et al.(free)*,1.0,NEF,,43.0,69.307,42.833,162,10012,101,70,0.993,137.296,0.714,69.307,0.542,0.526,,
andr,Scardino et al.(free)*,1.0,NEF,,7.0,12.925,7.024,269,14619,147,19,0.888,7.919,0.531,12.925,0.083,0.079,,
aa2ar,Gold,1.0,NEF,,17.01,25.545,16.976,482,32032,321,82,0.957,22.458,0.581,25.545,0.199,0.195,,0.29
abl1,Gold,1.0,NEF,,26.92,44.545,26.757,182,10932,110,49,0.979,47.446,0.632,44.545,0.338,0.327,,0.46
ace,Gold,1.0,NEF,,14.54,23.837,14.524,282,17182,172,41,0.949,18.756,0.569,23.837,0.176,0.17,,0.27
aces,Gold,1.0,NEF,,22.52,38.06,22.435,453,26703,268,102,0.973,35.606,0.609,38.06,0.284,0.274,,0.36
ada,Gold,1.0,NEF,,18.28,30.357,18.094,93,5543,56,17,0.962,25.545,0.588,30.357,0.226,0.218,,0.32
ada17,Gold,1.0,NEF,,20.49,29.863,20.451,532,36432,365,109,0.966,28.732,0.599,29.863,0.238,0.234,,0.34
adrb1,Gold,1.0,NEF,,27.53,42.236,27.525,247,16097,161,68,0.979,46.92,0.635,42.236,0.333,0.325,,0.45
adrb2,Gold,1.0,NEF,,26.41,39.869,26.288,231,15231,153,61,0.977,43.055,0.629,39.869,0.316,0.309,,0.42
akt1,Gold,1.0,NEF,,20.48,35.714,20.408,293,16743,168,60,0.969,31.191,0.599,35.714,0.261,0.251,,0.38
akt2,Gold,1.0,NEF,,41.03,69.014,41.391,117,7017,71,49,0.992,131.352,0.708,69.014,0.532,0.515,,0.63
aldr,Gold,1.0,NEF,,23.9,41.304,23.793,159,9159,92,38,0.976,39.832,0.616,41.304,0.305,0.294,,0.4
ampc,Gold,1.0,NEF,,0.0,0.0,0.0,48,2898,29,0,0.0,0.0,0.495,0.0,-0.013,-0.013,,0.04
andr,Gold,1.0,NEF,,1.12,2.041,1.109,269,14619,147,3,0.526,1.111,0.501,2.041,0.002,0.001,,0.04
aofb,Gold,1.0,NEF,,16.39,28.169,16.213,122,7022,71,20,0.957,22.179,0.578,28.169,0.204,0.197,,0.27
bace1,Gold,1.0,NEF,,25.44,39.13,25.418,283,18383,184,72,0.976,41.116,0.624,39.13,0.307,0.3,,0.41
braf,Gold,1.0,NEF,,25.0,37.255,24.76,152,10102,102,38,0.975,38.867,0.622,37.255,0.297,0.291,,0.39
cah2,Gold,1.0,NEF,,16.7,25.868,16.648,492,31664,317,82,0.957,22.108,0.58,25.868,0.198,0.193,,0.29
casp3,Gold,1.0,NEF,,25.13,45.872,25.123,199,10899,109,50,0.979,45.567,0.623,45.872,0.331,0.316,,0.49
cdk2,Gold,1.0,NEF,,15.82,26.408,15.78,474,28324,284,75,0.955,21.084,0.575,26.408,0.194,0.188,,0.29
comt,Gold,1.0,NEF,,70.73,74.359,70.568,41,3891,39,29,0.996,272.317,0.852,74.359,0.722,0.722,,0.82
cp2c9,Gold,1.0,NEF,,5.83,9.211,5.81,120,7570,76,7,0.863,6.298,0.525,9.211,0.061,0.06,,0.12
cp3a4,Gold,1.0,NEF,,12.35,17.5,12.322,170,11970,120,21,0.936,14.724,0.558,17.5,0.137,0.135,,0.22
csf1r,Gold,1.0,NEF,,19.28,25.806,19.147,166,12316,124,32,0.962,25.458,0.593,25.806,0.214,0.212,,0.34
cxcr4,Gold,1.0,NEF,,2.5,2.857,2.461,40,3446,35,1,0.715,2.504,0.508,2.857,0.016,0.016,,0.11
def,Gold,1.0,NEF,,26.47,45.763,26.031,102,5802,59,27,0.979,47.151,0.63,45.763,0.339,0.327,,0.48
dhi1,Gold,1.0,NEF,,8.79,14.721,8.779,330,19680,197,29,0.91,10.122,0.54,14.721,0.102,0.099,,0.16
dpp4,Gold,1.0,NEF,,20.08,25.783,20.067,533,41483,415,107,0.964,26.691,0.597,25.783,0.219,0.217,,0.3
drd3,Gold,1.0,NEF,,11.04,15.318,11.019,480,34530,346,53,0.928,12.832,0.551,15.318,0.12,0.118,,0.18
dyr,Gold,1.0,NEF,,48.48,64.0,48.294,231,17431,175,112,0.993,132.371,0.741,64.0,0.552,0.547,,0.66
egfr,Gold,1.0,NEF,,25.09,38.202,25.087,542,35592,356,136,0.976,39.977,0.622,38.202,0.301,0.294,,0.4
esr1,Gold,1.0,NEF,,24.61,44.55,24.506,383,21068,211,94,0.977,43.391,0.62,44.55,0.322,0.308,,0.42
esr2,Gold,1.0,NEF,,17.49,31.068,17.41,367,20566,206,64,0.961,24.806,0.584,31.068,0.222,0.213,,0.31
fa10,Gold,1.0,NEF,,34.26,63.668,34.219,537,28862,289,184,0.989,92.432,0.669,63.668,0.46,0.438,,0.72
fa7,Gold,1.0,NEF,,45.61,81.25,45.357,114,6364,64,52,0.996,237.573,0.727,81.25,0.604,0.579,,0.77
fabp4,Gold,1.0,NEF,,31.91,53.571,31.881,47,2797,28,15,0.985,67.512,0.657,53.571,0.406,0.392,,0.5
fak1,Gold,1.0,NEF,,29.0,52.727,28.736,100,5450,55,29,0.984,59.673,0.643,52.727,0.383,0.366,,0.52
fgfr1,Gold,1.0,NEF,,3.6,5.618,3.572,139,8839,89,5,0.788,3.726,0.513,5.618,0.033,0.032,,0.83
fkb1a,Gold,1.0,NEF,,25.0,46.667,24.851,111,5911,60,28,0.979,45.721,0.623,46.667,0.334,0.319,,0.39
fnta,Gold,1.0,NEF,,21.62,24.568,21.618,592,52092,521,128,0.966,28.334,0.604,24.568,0.222,0.222,,0.32
fpps,Gold,1.0,NEF,,91.76,87.778,92.27,85,8935,90,79,0.999,747.754,0.964,92.941,0.902,0.902,,0.97
gcr,Gold,1.0,NEF,,6.98,11.765,6.958,258,15258,153,18,0.886,7.752,0.53,11.765,0.079,0.076,,0.13
glcm,Gold,1.0,NEF,,27.78,38.462,27.45,54,3854,39,15,0.978,43.981,0.636,38.462,0.319,0.315,,0.4
gria2,Gold,1.0,NEF,,14.56,19.008,14.44,158,12003,121,23,0.946,17.595,0.569,19.008,0.157,0.155,,0.23
grik1,Gold,1.0,NEF,,29.7,44.776,29.486,101,6651,67,30,0.981,52.582,0.646,44.776,0.357,0.349,,0.47
hdac2,Gold,1.0,NEF,,16.76,29.524,16.733,185,10485,105,31,0.959,23.324,0.58,29.524,0.212,0.204,,0.32
hdac8,Gold,1.0,NEF,,10.0,15.888,9.925,170,10620,107,17,0.921,11.611,0.546,15.888,0.115,0.112,,0.21
hivint,Gold,1.0,NEF,,9.0,13.235,8.934,100,6750,68,9,0.91,10.144,0.541,13.235,0.098,0.096,,0.17
hivpr,Gold,1.0,NEF,,17.91,26.446,17.904,536,36286,363,96,0.96,23.981,0.586,26.446,0.208,0.204,,0.28
hivrt,Gold,1.0,NEF,,12.72,22.28,12.675,338,19229,193,43,0.941,16.022,0.56,22.28,0.157,0.151,,0.23
hmdh,Gold,1.0,NEF,,24.12,45.556,23.903,170,8920,90,41,0.977,43.067,0.618,45.556,0.322,0.306,,0.42
hs90a,Gold,1.0,NEF,,13.64,24.0,13.467,88,4938,50,12,0.946,17.404,0.564,24.0,0.17,0.163,,0.26
hxk4,Gold,1.0,NEF,,14.13,27.083,14.107,92,4792,48,13,0.95,18.975,0.567,27.083,0.184,0.175,,0.31
igf1r,Gold,1.0,NEF,,28.38,44.211,28.223,148,9448,95,42,0.98,49.796,0.639,44.211,0.346,0.338,,0.46
inha,Gold,1.0,NEF,,25.58,45.833,24.974,43,2343,24,11,0.978,45.259,0.625,45.833,0.333,0.319,,0.55
ital,Gold,1.0,NEF,,6.52,10.345,6.475,138,8638,87,9,0.877,7.107,0.528,10.345,0.07,0.068,,0.12
jak2,Gold,1.0,NEF,,28.97,46.269,28.57,107,6607,67,31,0.981,52.31,0.642,46.269,0.358,0.348,,0.49
kif11,Gold,1.0,NEF,,33.62,55.714,33.457,116,6966,70,39,0.987,74.291,0.666,55.714,0.426,0.412,,0.54
kit,Gold,1.0,NEF,,14.46,22.43,14.344,166,10616,107,24,0.948,18.203,0.568,22.43,0.17,0.166,,0.25
kith,Gold,1.0,NEF,,15.79,30.0,15.3,57,2907,30,9,0.955,21.429,0.575,30.0,0.207,0.196,,0.3
kpcb,Gold,1.0,NEF,,28.89,43.82,28.678,135,8835,89,39,0.98,50.267,0.642,43.82,0.348,0.34,,0.5
lck,Gold,1.0,NEF,,15.48,23.297,15.432,420,27820,279,65,0.952,19.815,0.573,23.297,0.18,0.176,,0.26
lkha4,Gold,1.0,NEF,,13.45,23.711,13.341,171,9621,97,23,0.945,17.176,0.563,23.711,0.168,0.161,,0.28
mapk2,Gold,1.0,NEF,,21.78,34.921,21.613,101,6251,63,22,0.97,32.673,0.606,34.921,0.267,0.259,,0.43
mcr,Gold,1.0,NEF,,2.13,3.774,2.105,94,5244,53,2,0.682,2.149,0.506,3.774,0.015,0.014,,0.05
met,Gold,1.0,NEF,,39.76,57.391,39.469,166,11416,115,66,0.989,91.284,0.697,57.391,0.471,0.463,,0.61
mk01,Gold,1.0,NEF,,20.25,34.043,19.947,79,4629,47,16,0.967,29.726,0.598,34.043,0.253,0.244,,0.44
mk10,Gold,1.0,NEF,,23.08,35.294,22.751,104,6704,68,24,0.972,34.615,0.612,35.294,0.276,0.27,,0.41
mk14,Gold,1.0,NEF,,14.19,22.466,14.159,578,36428,365,82,0.947,17.972,0.567,22.466,0.168,0.164,,0.26
mmp13,Gold,1.0,NEF,,25.7,38.889,25.68,572,37772,378,147,0.976,41.386,0.625,38.889,0.308,0.301,,0.4
mp2k1,Gold,1.0,NEF,,23.14,33.735,23.06,121,8271,83,28,0.972,34.29,0.612,33.735,0.271,0.266,,0.37
nos1,Gold,1.0,NEF,,20.0,24.39,19.878,100,8150,82,20,0.963,25.968,0.596,24.39,0.212,0.211,,0.3
nram,Gold,1.0,NEF,,19.39,30.159,19.382,98,6298,63,19,0.965,27.319,0.593,30.159,0.232,0.227,,0.39
pa2ga,Gold,1.0,NEF,,20.2,37.736,20.008,99,5249,53,20,0.969,31.527,0.598,37.736,0.266,0.253,,0.34
parp1,Gold,1.0,NEF,,14.17,23.529,14.154,508,30558,306,72,0.948,18.201,0.567,23.529,0.172,0.166,,0.24
pde5a,Gold,1.0,NEF,,10.55,15.0,10.533,398,27948,280,42,0.924,12.215,0.548,15.0,0.115,0.113,,0.18
pgh1,Gold,1.0,NEF,,14.36,25.455,14.352,195,10995,110,28,0.95,18.912,0.568,25.455,0.18,0.173,,0.25
pgh2,Gold,1.0,NEF,,18.62,34.322,18.609,435,23585,236,81,0.965,27.811,0.59,34.322,0.243,0.231,,0.33
plk1,Gold,1.0,NEF,,30.84,47.143,30.431,107,6907,70,33,0.983,56.681,0.651,47.143,0.374,0.365,,0.49
pnph,Gold,1.0,NEF,,25.24,36.62,25.076,103,7053,71,26,0.975,38.986,0.623,36.62,0.296,0.29,,0.47
ppara,Gold,1.0,NEF,,17.43,32.828,17.402,373,19772,198,65,0.962,25.417,0.584,32.828,0.229,0.217,,0.34
ppard,Gold,1.0,NEF,,12.08,23.2,12.074,240,12490,125,29,0.939,15.419,0.556,23.2,0.156,0.148,,0.24
pparg,Gold,1.0,NEF,,17.36,32.558,17.345,484,25784,258,84,0.962,25.235,0.583,32.558,0.227,0.216,,0.34
prgr,Gold,1.0,NEF,,2.39,4.375,2.381,293,15943,160,7,0.71,2.444,0.507,4.375,0.019,0.018,,0.07
ptn1,Gold,1.0,NEF,,41.54,72.973,41.426,130,7380,74,54,0.993,150.577,0.706,72.973,0.545,0.523,,0.66
pur2,Gold,1.0,NEF,,56.0,103.571,56.964,50,2750,28,29,1.001,inf,0.79,100.0,0.772,0.74,,0.95
pygm,Gold,1.0,NEF,,6.49,12.195,6.378,77,4027,41,5,0.877,7.125,0.528,12.195,0.076,0.072,,0.19
pyrd,Gold,1.0,NEF,,31.53,53.03,31.345,111,6561,66,35,0.985,65.606,0.655,53.03,0.401,0.388,,0.52
reni,Gold,1.0,NEF,,24.04,35.211,23.91,104,7062,71,25,0.973,36.361,0.617,35.211,0.282,0.277,,0.44
rock1,Gold,1.0,NEF,,12.0,18.75,12.0,100,6400,64,12,0.936,14.538,0.556,18.75,0.139,0.136,,0.24
rxra,Gold,1.0,NEF,,30.53,56.338,30.453,131,7081,71,40,0.986,68.456,0.65,56.338,0.407,0.388,,0.52
sahh,Gold,1.0,NEF,,42.86,77.778,43.37,63,3513,36,28,0.995,191.667,0.721,77.778,0.583,0.56,,0.69
src,Gold,1.0,NEF,,14.31,21.368,14.282,524,35024,351,75,0.947,17.891,0.568,21.368,0.165,0.161,,0.24
tgfr1,Gold,1.0,NEF,,38.35,58.621,38.051,133,8633,87,51,0.989,90.539,0.69,58.621,0.468,0.457,,0.6
thb,Gold,1.0,NEF,,31.07,42.105,30.876,103,7553,76,32,0.981,52.604,0.652,42.105,0.354,0.35,,0.46
thrb,Gold,1.0,NEF,,32.75,54.909,32.713,461,27465,275,151,0.986,71.332,0.661,54.909,0.417,0.403,,0.53
try1,Gold,1.0,NEF,,42.76,72.83,42.869,449,26429,265,193,0.994,155.102,0.714,72.83,0.554,0.535,,0.67
tryb1,Gold,1.0,NEF,,33.78,64.103,33.775,148,7798,78,50,0.989,92.302,0.667,64.103,0.458,0.435,,0.6
tysy,Gold,1.0,NEF,,45.87,72.464,45.599,109,6859,69,50,0.994,162.965,0.728,72.464,0.571,0.556,,0.7
urok,Gold,1.0,NEF,,43.21,70.297,43.445,162,10012,101,71,0.993,143.899,0.718,70.297,0.55,0.534,,0.66
vgfr2,Gold,1.0,NEF,,20.54,33.071,20.505,409,25359,254,84,0.968,30.142,0.599,33.071,0.251,0.244,,0.35
wee1,Gold,1.0,NEF,,61.76,100.0,61.294,102,6252,63,63,1.0,inf,0.809,100.0,0.783,0.761,,0.89
xiap,Gold,1.0,NEF,,26.0,49.057,25.755,100,5250,53,26,0.98,49.593,0.627,49.057,0.348,0.331,,0.5
aa2ar,Glide,1.0,NEF,,5.21,7.788,5.176,482,32032,321,25,0.847,5.528,0.521,7.788,0.052,0.051,,0.13
abl1,Glide,1.0,NEF,,17.42,29.091,17.474,182,10932,110,32,0.96,24.232,0.584,29.091,0.216,0.209,,0.33
ace,Glide,1.0,NEF,,5.42,8.721,5.314,282,17182,172,15,0.851,5.726,0.522,8.721,0.056,0.054,,0.09
aces,Glide,1.0,NEF,,8.13,13.806,8.138,453,26703,268,37,0.903,9.282,0.536,13.806,0.094,0.091,,0.16
ada,Glide,1.0,NEF,,5.38,8.929,5.322,93,5543,56,5,0.852,5.745,0.522,8.929,0.057,0.055,,0.15
ada17,Glide,1.0,NEF,,28.91,42.192,28.893,532,36432,365,154,0.98,49.252,0.642,42.192,0.342,0.335,,0.43
adrb1,Glide,1.0,NEF,,18.7,28.571,18.62,247,16097,161,46,0.963,25.668,0.589,28.571,0.221,0.216,,0.32
adrb2,Glide,1.0,NEF,,27.71,41.83,27.581,231,15231,153,64,0.979,46.695,0.636,41.83,0.332,0.325,,0.47
akt1,Glide,1.0,NEF,,10.92,19.048,10.884,293,16743,168,32,0.93,13.21,0.55,19.048,0.133,0.128,,0.21
akt2,Glide,1.0,NEF,,24.35,40.845,24.497,117,7017,71,29,0.976,40.72,0.621,40.845,0.309,0.3,,0.42
aldr,Glide,1.0,NEF,,27.67,47.826,27.55,159,9159,92,44,0.981,51.887,0.636,47.826,0.355,0.342,,0.43
ampc,Glide,1.0,NEF,,2.08,3.448,2.082,48,2898,29,1,0.68,2.121,0.506,3.448,0.014,0.014,,0.09
andr,Glide,1.0,NEF,,25.7,47.619,25.879,269,14619,147,70,0.98,48.496,0.627,47.619,0.343,0.328,,0.42
aofb,Glide,1.0,NEF,,6.67,11.268,6.485,122,7022,71,8,0.878,7.182,0.528,11.268,0.074,0.071,,0.14
bace1,Glide,1.0,NEF,,14.13,21.739,14.121,283,18383,184,40,0.947,17.766,0.567,21.739,0.165,0.161,,0.26
braf,Glide,1.0,NEF,,29.8,45.098,29.972,152,10102,102,46,0.982,53.771,0.649,45.098,0.362,0.354,,0.5
cah2,Glide,1.0,NEF,,3.89,5.994,3.857,492,31664,317,19,0.802,4.04,0.515,5.994,0.036,0.035,,0.08
casp3,Glide,1.0,NEF,,27.78,50.459,27.636,199,10899,109,55,0.982,54.765,0.636,50.459,0.365,0.349,,0.46
cdk2,Glide,1.0,NEF,,29.87,50.0,29.878,474,28324,284,142,0.983,58.755,0.647,50.0,0.379,0.367,,0.5
comt,Glide,1.0,NEF,,83.78,87.179,82.735,41,3891,39,34,0.998,638.537,0.914,87.179,0.849,0.848,,0.95
cp2c9,Glide,1.0,NEF,,0.88,1.316,0.83,120,7570,76,1,0.453,0.828,0.499,1.316,-0.002,-0.002,,0.04
cp3a4,Glide,1.0,NEF,,11.8,16.667,11.735,170,11970,120,20,0.933,13.882,0.555,16.667,0.13,0.128,,0.17
csf1r,Glide,1.0,NEF,,18.4,25.0,18.548,166,12316,124,31,0.961,24.398,0.59,25.0,0.207,0.205,,0.31
cxcr4,Glide,1.0,NEF,,0.0,0.0,0.0,40,3446,35,0,0.0,0.0,0.495,0.0,-0.011,-0.011,,0.01
def,Glide,1.0,NEF,,5.13,8.475,4.821,102,5802,59,5,0.838,5.174,0.52,8.475,0.052,0.05,,0.14
dhi1,Glide,1.0,NEF,,7.03,11.675,6.963,330,19680,197,23,0.886,7.751,0.53,11.675,0.078,0.076,,0.13
dpp4,Glide,1.0,NEF,,11.84,15.181,11.815,533,41483,415,63,0.932,13.751,0.555,15.181,0.124,0.123,,0.22
drd3,Glide,1.0,NEF,,1.69,2.312,1.663,480,34530,346,8,0.627,1.679,0.503,2.312,0.008,0.008,,0.04
dyr,Glide,1.0,NEF,,30.87,41.143,31.046,231,17431,175,72,0.981,52.049,0.653,41.143,0.351,0.347,,0.47
egfr,Glide,1.0,NEF,,24.95,37.921,24.902,542,35592,356,135,0.975,39.503,0.621,37.921,0.299,0.292,,0.41
esr1,Glide,1.0,NEF,,48.78,88.626,48.751,383,21068,211,187,0.998,420.811,0.744,88.626,0.654,0.625,,0.81
esr2,Glide,1.0,NEF,,44.26,79.126,44.341,367,20566,206,163,0.995,208.633,0.721,79.126,0.588,0.563,,0.75
fa10,Glide,1.0,NEF,,13.74,25.606,13.762,537,28862,289,74,0.948,18.155,0.565,25.606,0.177,0.168,,0.31
fa7,Glide,1.0,NEF,,44.04,78.125,43.613,114,6364,64,50,0.995,195.802,0.718,78.125,0.58,0.556,,0.71
fabp4,Glide,1.0,NEF,,25.58,42.857,25.505,47,2797,28,12,0.978,43.883,0.625,42.857,0.322,0.311,,0.48
fak1,Glide,1.0,NEF,,20.0,36.364,19.818,100,5450,55,20,0.968,30.571,0.597,36.364,0.26,0.248,,0.33
fgfr1,Glide,1.0,NEF,,0.0,0.0,0.0,139,8839,89,0,0.0,0.0,0.495,0.0,-0.013,-0.012,,0.04
fkb1a,Glide,1.0,NEF,,41.82,78.333,41.714,111,5911,60,47,0.995,188.912,0.711,78.333,0.57,0.544,,0.71
fnta,Glide,1.0,NEF,,6.85,7.869,6.925,592,52092,521,41,0.881,7.431,0.53,7.869,0.064,0.064,,0.12
fpps,Glide,1.0,NEF,,1.23,1.111,1.168,85,8935,90,1,0.539,1.17,0.501,1.176,0.002,0.002,,0.01
gcr,Glide,1.0,NEF,,16.56,28.105,16.621,258,15258,153,43,0.958,22.727,0.58,28.105,0.206,0.199,,0.25
glcm,Glide,1.0,NEF,,11.11,15.385,10.98,54,3854,39,6,0.928,12.795,0.551,15.385,0.12,0.119,,0.18
gria2,Glide,1.0,NEF,,33.33,43.802,33.275,158,12003,121,53,0.983,58.431,0.665,43.802,0.376,0.373,,0.48
grik1,Glide,1.0,NEF,,20.0,29.851,19.657,101,6651,67,20,0.965,27.596,0.595,29.851,0.234,0.229,,0.33
hdac2,Glide,1.0,NEF,,15.84,27.619,15.653,185,10485,105,29,0.955,21.245,0.575,27.619,0.198,0.19,,0.27
hdac8,Glide,1.0,NEF,,2.45,3.738,2.335,170,10620,107,4,0.705,2.387,0.507,3.738,0.017,0.017,,0.1
hivint,Glide,1.0,NEF,,2.06,2.941,1.985,100,6750,68,2,0.668,2.015,0.505,2.941,0.012,0.012,,0.04
hivpr,Glide,1.0,NEF,,9.14,13.499,9.138,536,36286,363,49,0.912,10.408,0.541,13.499,0.1,0.098,,0.16
hivrt,Glide,1.0,NEF,,22.94,40.415,22.992,338,19229,193,78,0.974,37.908,0.612,40.415,0.296,0.285,,0.41
hmdh,Glide,1.0,NEF,,39.41,75.556,39.644,170,8920,90,68,0.994,159.091,0.699,75.556,0.544,0.517,,0.69
hs90a,Glide,1.0,NEF,,1.16,2.0,1.122,88,4938,50,1,0.529,1.125,0.501,2.0,0.002,0.002,,0.03
hxk4,Glide,1.0,NEF,,22.83,43.75,22.788,92,4792,48,21,0.975,39.734,0.611,43.75,0.307,0.291,,0.38
igf1r,Glide,1.0,NEF,,32.65,51.579,32.927,148,9448,95,49,0.985,66.936,0.663,51.579,0.406,0.396,,0.5
inha,Glide,1.0,NEF,,9.3,16.667,9.081,43,2343,24,4,0.915,10.698,0.542,16.667,0.112,0.108,,0.15
ital,Glide,1.0,NEF,,8.91,13.793,8.634,138,8638,87,12,0.908,9.855,0.539,13.793,0.098,0.095,,0.13
jak2,Glide,1.0,NEF,,33.77,55.224,34.099,107,6607,67,37,0.987,74.922,0.671,55.224,0.43,0.418,,0.51
kif11,Glide,1.0,NEF,,38.79,64.286,38.605,116,6966,70,45,0.991,106.293,0.692,64.286,0.493,0.477,,0.59
kit,Glide,1.0,NEF,,6.1,9.346,5.977,166,10616,107,10,0.866,6.49,0.525,9.346,0.063,0.062,,0.11
kith,Glide,1.0,NEF,,30.77,60.0,30.6,57,2907,30,18,0.987,75.0,0.656,60.0,0.427,0.406,,0.63
kpcb,Glide,1.0,NEF,,52.46,79.775,52.208,135,8835,89,71,0.996,254.198,0.762,79.775,0.643,0.629,,0.69
lck,Glide,1.0,NEF,,25.12,37.993,25.166,420,27820,279,106,0.976,39.972,0.623,37.993,0.301,0.295,,0.39
lkha4,Glide,1.0,NEF,,28.24,50.515,28.422,171,9621,97,49,0.983,56.414,0.641,50.515,0.372,0.357,,0.57
mapk2,Glide,1.0,NEF,,27.72,44.444,27.507,101,6251,63,28,0.98,48.713,0.636,44.444,0.343,0.333,,0.49
mcr,Glide,1.0,NEF,,29.41,52.83,29.473,94,5244,53,28,0.984,61.362,0.647,52.83,0.389,0.373,,0.39
met,Glide,1.0,NEF,,27.71,40.0,27.508,166,11416,115,46,0.978,45.181,0.635,40.0,0.325,0.319,,0.44
mk01,Glide,1.0,NEF,,12.66,21.277,12.467,79,4629,47,10,0.94,15.566,0.559,21.277,0.153,0.148,,0.28
mk10,Glide,1.0,NEF,,12.5,19.118,12.324,104,6704,68,13,0.938,15.0,0.558,19.118,0.144,0.141,,0.26
mk14,Glide,1.0,NEF,,22.15,35.068,22.102,578,36428,365,128,0.971,33.498,0.607,35.068,0.27,0.262,,0.36
mmp13,Glide,1.0,NEF,,18.41,27.778,18.343,572,37772,378,105,0.962,25.013,0.588,27.778,0.216,0.212,,0.3
mp2k1,Glide,1.0,NEF,,13.22,19.277,13.177,121,8271,83,16,0.941,16.085,0.562,19.277,0.149,0.147,,0.22
nos1,Glide,1.0,NEF,,14.29,17.073,13.915,100,8150,82,14,0.943,16.574,0.566,17.073,0.145,0.144,,0.2
nram,Glide,1.0,NEF,,41.84,65.079,41.823,98,6298,63,41,0.992,117.904,0.707,65.079,0.516,0.503,,0.68
pa2ga,Glide,1.0,NEF,,35.35,66.038,35.013,99,5249,53,35,0.99,101.15,0.675,66.038,0.476,0.453,,0.59
parp1,Glide,1.0,NEF,,41.12,68.301,41.085,508,30558,306,209,0.992,127.455,0.704,68.301,0.524,0.507,,0.67
pde5a,Glide,1.0,NEF,,21.77,31.071,21.819,398,27948,280,87,0.969,31.203,0.606,31.071,0.252,0.248,,0.34
pgh1,Glide,1.0,NEF,,17.11,30.0,16.915,195,10995,110,33,0.96,23.736,0.581,30.0,0.215,0.206,,0.3
pgh2,Glide,1.0,NEF,,34.91,64.407,34.92,435,23585,236,152,0.99,96.3,0.673,64.407,0.467,0.446,,0.6
plk1,Glide,1.0,NEF,,43.81,68.571,44.264,107,6907,70,48,0.993,138.658,0.723,68.571,0.549,0.537,,0.62
pnph,Glide,1.0,NEF,,7.77,11.268,7.716,103,7053,71,8,0.895,8.568,0.534,11.268,0.082,0.081,,0.16
ppara,Glide,1.0,NEF,,8.94,16.667,8.835,373,19772,198,33,0.912,10.402,0.54,16.667,0.109,0.104,,0.21
ppard,Glide,1.0,NEF,,3.61,7.2,3.747,240,12490,125,9,0.798,3.96,0.514,7.2,0.039,0.037,,0.11
pparg,Glide,1.0,NEF,,7.53,13.953,7.433,484,25784,258,36,0.894,8.477,0.533,13.953,0.089,0.085,,0.17
prgr,Glide,1.0,NEF,,19.05,35.0,19.045,293,15943,160,56,0.966,28.761,0.592,35.0,0.249,0.237,,0.22
ptn1,Glide,1.0,NEF,,15.45,27.027,15.343,130,7380,74,20,0.954,20.655,0.573,27.027,0.193,0.186,,0.34
pur2,Glide,1.0,NEF,,54.0,96.429,53.036,50,2750,28,27,0.999,1458.0,0.77,96.429,0.718,0.688,,0.97
pygm,Glide,1.0,NEF,,1.3,2.439,1.276,77,4027,41,1,0.562,1.282,0.501,2.439,0.004,0.004,,0.02
pyrd,Glide,1.0,NEF,,41.18,69.697,41.197,111,6561,66,46,0.993,133.649,0.706,69.697,0.532,0.514,,0.62
reni,Glide,1.0,NEF,,33.98,50.704,34.43,104,7062,71,36,0.986,68.815,0.671,50.704,0.412,0.404,,0.48
rock1,Glide,1.0,NEF,,25.25,39.062,25.0,100,6400,64,25,0.976,40.385,0.622,39.062,0.304,0.296,,0.41
rxra,Glide,1.0,NEF,,39.32,73.239,39.588,131,7081,71,52,0.993,145.199,0.697,73.239,0.533,0.508,,0.84
sahh,Glide,1.0,NEF,,43.33,77.778,43.37,63,3513,36,28,0.995,191.667,0.721,77.778,0.583,0.56,,0.96
src,Glide,1.0,NEF,,12.21,18.234,12.187,524,35024,351,64,0.936,14.682,0.557,18.234,0.139,0.136,,0.23
tgfr1,Glide,1.0,NEF,,44.36,67.816,44.019,133,8633,87,59,0.993,134.667,0.72,67.816,0.543,0.531,,0.67
thb,Glide,1.0,NEF,,35.79,48.684,35.7,103,7553,76,37,0.986,68.621,0.677,48.684,0.411,0.407,,0.61
thrb,Glide,1.0,NEF,,39.47,66.182,39.429,461,27465,275,182,0.991,114.635,0.696,66.182,0.505,0.488,,0.65
try1,Glide,1.0,NEF,,44.19,75.094,44.202,449,26429,265,199,0.994,174.462,0.72,75.094,0.572,0.552,,0.69
tryb1,Glide,1.0,NEF,,28.57,53.846,28.371,148,7798,78,42,0.984,60.304,0.64,53.846,0.383,0.363,,0.47
tysy,Glide,1.0,NEF,,38.53,60.87,38.303,109,6859,69,42,0.99,96.33,0.691,60.87,0.478,0.465,,0.64
urok,Glide,1.0,NEF,,53.7,87.129,53.848,162,10012,101,88,0.998,411.586,0.771,87.129,0.684,0.665,,0.79
vgfr2,Glide,1.0,NEF,,17.0,27.559,17.087,409,25359,254,70,0.959,23.207,0.582,27.559,0.207,0.201,,0.3
wee1,Glide,1.0,NEF,,59.8,96.825,59.348,102,6252,63,61,0.999,1838.971,0.799,96.825,0.758,0.736,,0.99
xiap,Glide,1.0,NEF,,50.51,96.226,50.519,100,5250,53,51,0.999,1313.25,0.755,96.226,0.697,0.662,,0.77
aa2ar,Flexx,1.0,NEF,,6.02,9.034,6.004,482,32032,321,29,0.867,6.501,0.525,9.034,0.062,0.061,,0.11
abl1,Flexx,1.0,NEF,,27.78,46.364,27.849,182,10932,110,51,0.981,51.057,0.637,46.364,0.352,0.341,,0.48
ace,Flexx,1.0,NEF,,1.42,2.326,1.417,282,17182,172,4,0.588,1.427,0.502,2.326,0.005,0.005,,0.03
aces,Flexx,1.0,NEF,,1.35,2.239,1.32,453,26703,268,6,0.57,1.327,0.502,2.239,0.004,0.004,,0.03
ada,Flexx,1.0,NEF,,10.75,17.857,10.643,93,5543,56,10,0.927,12.74,0.55,17.857,0.127,0.123,,0.2
ada17,Flexx,1.0,NEF,,1.89,2.74,1.876,532,36432,365,10,0.655,1.901,0.504,2.74,0.011,0.011,,0.04
adrb1,Flexx,1.0,NEF,,9.35,14.286,9.31,247,16097,161,23,0.914,10.695,0.542,14.286,0.104,0.102,,0.18
adrb2,Flexx,1.0,NEF,,20.0,30.065,19.824,231,15231,153,46,0.965,27.916,0.596,30.065,0.235,0.23,,0.34
akt1,Flexx,1.0,NEF,,5.17,8.929,5.102,293,16743,168,15,0.846,5.504,0.521,8.929,0.055,0.053,,0.1
akt2,Flexx,1.0,NEF,,13.68,22.535,13.515,117,7017,71,16,0.945,17.156,0.564,22.535,0.165,0.16,,0.24
aldr,Flexx,1.0,NEF,,11.95,20.652,11.896,159,9159,92,19,0.936,14.732,0.556,20.652,0.146,0.14,,0.22
ampc,Flexx,1.0,NEF,,0.0,0.0,0.0,48,2898,29,0,0.0,0.0,0.495,0.0,-0.013,-0.013,,0.04
andr,Flexx,1.0,NEF,,0.0,0.0,0.0,269,14619,147,0,0.0,0.0,0.495,0.0,-0.014,-0.013,,0.01
aofb,Flexx,1.0,NEF,,5.26,8.451,4.864,122,7022,71,6,0.839,5.221,0.52,8.451,0.052,0.05,,0.11
bace1,Flexx,1.0,NEF,,11.11,16.848,10.944,283,18383,184,31,0.928,12.959,0.551,16.848,0.125,0.122,,0.21
braf,Flexx,1.0,NEF,,23.03,34.314,22.805,152,10102,102,35,0.972,34.196,0.612,34.314,0.272,0.267,,0.41
cah2,Flexx,1.0,NEF,,7.39,11.356,7.309,492,31664,317,36,0.89,8.117,0.532,11.356,0.08,0.078,,0.13
casp3,Flexx,1.0,NEF,,22.11,40.367,22.109,199,10899,109,44,0.973,36.397,0.608,40.367,0.289,0.276,,0.38
cdk2,Flexx,1.0,NEF,,11.8,19.718,11.783,474,28324,284,56,0.935,14.431,0.555,19.718,0.142,0.137,,0.22
comt,Flexx,1.0,NEF,,9.76,10.256,9.734,41,3891,39,4,0.915,10.732,0.544,10.256,0.091,0.091,,0.15
cp2c9,Flexx,1.0,NEF,,9.09,14.474,9.13,120,7570,76,11,0.913,10.506,0.541,14.474,0.104,0.101,,0.17
cp3a4,Flexx,1.0,NEF,,4.19,5.833,4.107,170,11970,120,7,0.811,4.3,0.516,5.833,0.038,0.037,,0.07
csf1r,Flexx,1.0,NEF,,24.54,33.065,24.531,166,12316,124,41,0.973,36.155,0.62,33.065,0.277,0.274,,0.38
cxcr4,Flexx,1.0,NEF,,0.0,0.0,0.0,40,3446,35,0,0.0,0.0,0.495,0.0,-0.011,-0.011,,0.01
def,Flexx,1.0,NEF,,0.0,0.0,0.0,102,5802,59,0,0.0,0.0,0.495,0.0,-0.014,-0.013,,0.01
dhi1,Flexx,1.0,NEF,,0.63,1.015,0.605,330,19680,197,2,0.376,0.601,0.498,1.015,-0.005,-0.005,,0.01
dpp4,Flexx,1.0,NEF,,11.84,15.181,11.815,533,41483,415,63,0.932,13.751,0.555,15.181,0.124,0.123,,0.22
drd3,Flexx,1.0,NEF,,2.51,3.468,2.495,480,34530,346,12,0.718,2.549,0.508,3.468,0.018,0.018,,0.05
dyr,Flexx,1.0,NEF,,10.43,13.714,10.349,231,17431,175,24,0.922,11.835,0.548,13.714,0.109,0.108,,0.17
egfr,Flexx,1.0,NEF,,19.29,29.494,19.368,542,35592,356,105,0.964,27.052,0.593,29.494,0.23,0.224,,0.31
esr1,Flexx,1.0,NEF,,31.73,57.82,31.805,383,21068,211,122,0.987,74.033,0.657,57.82,0.422,0.403,,0.51
esr2,Flexx,1.0,NEF,,31.02,55.34,31.011,367,20566,206,114,0.986,68.199,0.653,55.34,0.407,0.39,,0.51
fa10,Flexx,1.0,NEF,,33.08,61.592,33.104,537,28862,289,178,0.988,84.585,0.664,61.592,0.445,0.423,,0.72
fa7,Flexx,1.0,NEF,,55.26,98.438,54.952,114,6364,64,63,1.0,3453.947,0.776,98.438,0.734,0.704,,0.9
fabp4,Flexx,1.0,NEF,,17.02,28.571,17.003,47,2797,28,8,0.959,23.404,0.581,28.571,0.21,0.203,,0.33
fak1,Flexx,1.0,NEF,,15.0,27.273,14.864,100,5450,55,15,0.953,20.062,0.571,27.273,0.191,0.183,,0.31
fgfr1,Flexx,1.0,NEF,,0.76,1.124,0.714,139,8839,89,1,0.416,0.711,0.499,1.124,-0.004,-0.004,,0.3
fkb1a,Flexx,1.0,NEF,,0.0,0.0,0.0,111,5911,60,0,0.0,0.0,0.495,0.0,-0.014,-0.013,,0.01
fnta,Flexx,1.0,NEF,,6.26,7.102,6.249,592,52092,521,37,0.869,6.65,0.527,7.102,0.057,0.056,,0.11
fpps,Flexx,1.0,NEF,,1.18,1.111,1.168,85,8935,90,1,0.539,1.17,0.501,1.176,0.002,0.002,,0.07
gcr,Flexx,1.0,NEF,,7.63,13.072,7.731,258,15258,153,20,0.897,8.743,0.534,13.072,0.089,0.086,,0.13
glcm,Flexx,1.0,NEF,,5.56,7.692,5.49,54,3854,39,3,0.854,5.864,0.523,7.692,0.054,0.053,,0.16
gria2,Flexx,1.0,NEF,,7.59,9.917,7.534,158,12003,121,12,0.892,8.253,0.533,9.917,0.076,0.075,,0.13
grik1,Flexx,1.0,NEF,,19.8,29.851,19.657,101,6651,67,20,0.965,27.596,0.595,29.851,0.234,0.229,,0.38
hdac2,Flexx,1.0,NEF,,16.3,28.571,16.193,185,10485,105,30,0.957,22.27,0.577,28.571,0.205,0.197,,0.29
hdac8,Flexx,1.0,NEF,,12.94,20.561,12.844,170,10620,107,22,0.941,15.91,0.561,20.561,0.152,0.148,,0.23
hivint,Flexx,1.0,NEF,,4.0,5.882,3.971,100,6750,68,4,0.806,4.156,0.515,5.882,0.037,0.036,,0.07
hivpr,Flexx,1.0,NEF,,2.08,3.03,2.051,536,36286,363,11,0.676,2.084,0.505,3.03,0.013,0.013,,0.04
hivrt,Flexx,1.0,NEF,,2.08,3.627,2.063,338,19229,193,7,0.678,2.103,0.505,3.627,0.014,0.014,,0.05
hmdh,Flexx,1.0,NEF,,1.76,3.333,1.749,170,8920,90,3,0.64,1.775,0.504,3.333,0.011,0.01,,0.05
hs90a,Flexx,1.0,NEF,,2.35,4.0,2.245,88,4938,50,2,0.697,2.296,0.506,4.0,0.017,0.016,,0.03
hxk4,Flexx,1.0,NEF,,4.35,8.333,4.341,92,4792,48,4,0.823,4.644,0.517,8.333,0.047,0.045,,0.09
igf1r,Flexx,1.0,NEF,,27.7,43.158,27.551,148,9448,95,41,0.979,47.71,0.636,43.158,0.338,0.329,,0.47
inha,Flexx,1.0,NEF,,9.3,16.667,9.081,43,2343,24,4,0.915,10.698,0.542,16.667,0.112,0.108,,0.12
ital,Flexx,1.0,NEF,,1.45,2.299,1.439,138,8638,87,2,0.592,1.449,0.502,2.299,0.006,0.005,,0.03
jak2,Flexx,1.0,NEF,,8.41,13.433,8.294,107,6607,67,9,0.904,9.426,0.538,13.433,0.095,0.092,,0.16
kif11,Flexx,1.0,NEF,,2.59,4.286,2.574,116,6966,70,3,0.726,2.644,0.508,4.286,0.021,0.02,,0.09
kit,Flexx,1.0,NEF,,7.88,12.15,7.77,166,10616,107,13,0.897,8.706,0.535,12.15,0.086,0.084,,0.16
kith,Flexx,1.0,NEF,,0.0,0.0,0.0,57,2907,30,0,0.0,0.0,0.495,0.0,-0.014,-0.014,,0.08
kpcb,Flexx,1.0,NEF,,27.48,41.573,27.207,135,8835,89,37,0.979,45.855,0.634,41.573,0.329,0.322,,0.44
lck,Flexx,1.0,NEF,,18.12,27.24,18.043,420,27820,279,76,0.961,24.424,0.587,27.24,0.212,0.208,,0.31
lkha4,Flexx,1.0,NEF,,7.6,13.402,7.54,171,9621,97,13,0.895,8.553,0.534,13.402,0.089,0.085,,0.15
mapk2,Flexx,1.0,NEF,,6.93,11.111,6.877,101,6251,63,7,0.884,7.611,0.53,11.111,0.076,0.074,,0.2
mcr,Flexx,1.0,NEF,,0.0,0.0,0.0,94,5244,53,0,0.0,0.0,0.495,0.0,-0.014,-0.013,,0.01
met,Flexx,1.0,NEF,,18.07,26.087,17.94,166,11416,115,30,0.96,23.919,0.587,26.087,0.208,0.204,,0.35
mk01,Flexx,1.0,NEF,,21.52,36.17,21.194,79,4629,47,17,0.97,32.637,0.604,36.17,0.269,0.26,,0.38
mk10,Flexx,1.0,NEF,,14.42,22.059,14.219,104,6704,68,15,0.947,17.961,0.568,22.059,0.168,0.164,,0.25
mk14,Flexx,1.0,NEF,,14.19,22.466,14.159,578,36428,365,82,0.947,17.972,0.567,22.466,0.168,0.164,,0.26
mmp13,Flexx,1.0,NEF,,4.2,6.349,4.193,572,37772,378,24,0.815,4.409,0.516,6.349,0.04,0.039,,0.08
mp2k1,Flexx,1.0,NEF,,8.33,12.048,8.236,121,8271,83,10,0.902,9.227,0.537,12.048,0.089,0.087,,0.16
nos1,Flexx,1.0,NEF,,7.07,8.537,6.957,100,8150,82,7,0.883,7.513,0.53,8.537,0.067,0.067,,0.14
nram,Flexx,1.0,NEF,,14.29,22.222,14.281,98,6298,63,14,0.948,18.076,0.567,22.222,0.168,0.164,,0.21
pa2ga,Flexx,1.0,NEF,,17.53,33.962,18.007,99,5249,53,18,0.964,26.753,0.588,33.962,0.238,0.227,,0.32
parp1,Flexx,1.0,NEF,,12.4,20.588,12.385,508,30558,306,63,0.939,15.336,0.558,20.588,0.149,0.144,,0.22
pde5a,Flexx,1.0,NEF,,1.76,2.5,1.756,398,27948,280,7,0.64,1.775,0.504,2.5,0.009,0.009,,0.04
pgh1,Flexx,1.0,NEF,,5.21,9.091,5.126,195,10995,110,10,0.847,5.538,0.521,9.091,0.056,0.053,,0.09
pgh2,Flexx,1.0,NEF,,11.08,20.339,11.027,435,23585,236,48,0.931,13.588,0.551,20.339,0.138,0.132,,0.22
plk1,Flexx,1.0,NEF,,8.41,12.857,8.299,107,6907,70,9,0.904,9.376,0.538,12.857,0.093,0.091,,0.19
pnph,Flexx,1.0,NEF,,10.68,15.493,10.609,103,7053,71,11,0.925,12.371,0.549,15.493,0.118,0.116,,0.17
ppara,Flexx,1.0,NEF,,3.77,7.071,3.748,373,19772,198,14,0.798,3.957,0.514,7.071,0.038,0.036,,0.1
ppard,Flexx,1.0,NEF,,1.25,2.4,1.249,240,12490,125,3,0.557,1.255,0.501,2.4,0.004,0.003,,0.04
pparg,Flexx,1.0,NEF,,1.66,3.101,1.652,484,25784,258,8,0.626,1.673,0.503,3.101,0.009,0.009,,0.04
prgr,Flexx,1.0,NEF,,3.64,6.875,3.741,293,15943,160,11,0.798,3.943,0.514,6.875,0.038,0.036,,0.09
ptn1,Flexx,1.0,NEF,,14.84,25.676,14.576,130,7380,74,19,0.951,19.266,0.569,25.676,0.183,0.176,,0.28
pur2,Flexx,1.0,NEF,,56.0,103.571,56.964,50,2750,28,29,1.001,inf,0.79,100.0,0.772,0.74,,0.98
pygm,Flexx,1.0,NEF,,9.09,17.073,8.929,77,4027,41,7,0.914,10.561,0.541,17.073,0.112,0.107,,0.13
pyrd,Flexx,1.0,NEF,,29.09,48.485,28.658,111,6561,66,32,0.982,54.69,0.642,48.485,0.366,0.353,,0.49
reni,Flexx,1.0,NEF,,11.65,16.901,11.477,104,7062,71,12,0.932,13.608,0.553,16.901,0.129,0.127,,0.21
rock1,Flexx,1.0,NEF,,23.0,35.938,23.0,100,6400,64,23,0.972,35.341,0.612,35.938,0.279,0.272,,0.39
rxra,Flexx,1.0,NEF,,7.69,14.085,7.613,131,7081,71,10,0.897,8.697,0.534,14.085,0.091,0.087,,0.24
sahh,Flexx,1.0,NEF,,30.16,52.778,29.43,63,3513,36,19,0.984,61.204,0.648,52.778,0.391,0.376,,0.58
src,Flexx,1.0,NEF,,14.76,22.222,14.853,524,35024,351,78,0.95,18.811,0.57,22.222,0.172,0.168,,0.24
tgfr1,Flexx,1.0,NEF,,25.56,39.08,25.367,133,8633,87,34,0.976,40.999,0.625,39.08,0.308,0.301,,0.43
thb,Flexx,1.0,NEF,,15.53,21.053,15.438,103,7553,76,16,0.951,19.288,0.574,21.053,0.171,0.169,,0.28
thrb,Flexx,1.0,NEF,,33.11,55.636,33.146,461,27465,275,153,0.987,73.461,0.664,55.636,0.422,0.408,,0.55
try1,Flexx,1.0,NEF,,50.56,86.038,50.643,449,26429,265,228,0.997,356.555,0.753,86.038,0.657,0.634,,0.78
tryb1,Flexx,1.0,NEF,,27.89,52.564,27.696,148,7798,78,41,0.983,57.277,0.636,52.564,0.373,0.354,,0.45
tysy,Flexx,1.0,NEF,,18.35,28.986,18.24,109,6859,69,20,0.962,25.276,0.588,28.986,0.221,0.215,,0.32
urok,Flexx,1.0,NEF,,47.53,77.228,47.729,162,10012,101,78,0.995,206.2,0.74,77.228,0.605,0.588,,0.7
vgfr2,Flexx,1.0,NEF,,31.68,51.181,31.734,409,25359,254,130,0.985,63.954,0.656,51.181,0.396,0.385,,0.5
wee1,Flexx,1.0,NEF,,40.2,65.079,39.89,102,6252,63,41,0.991,112.366,0.699,65.079,0.505,0.491,,0.65
xiap,Flexx,1.0,NEF,,27.0,50.943,26.745,100,5250,53,27,0.982,53.481,0.632,50.943,0.362,0.344,,0.58
aa2ar,Surflex,1.0,NEF,,19.71,29.595,19.668,482,32032,321,95,0.965,27.515,0.595,29.595,0.232,0.227,,0.32
abl1,Surflex,1.0,NEF,,17.03,28.182,16.928,182,10932,110,31,0.959,23.178,0.581,28.182,0.209,0.202,,0.3
ace,Surflex,1.0,NEF,,2.48,4.07,2.48,282,17182,172,7,0.718,2.542,0.508,4.07,0.019,0.019,,0.07
aces,Surflex,1.0,NEF,,20.31,34.328,20.236,453,26703,268,92,0.968,30.29,0.598,34.328,0.254,0.246,,0.34
ada,Surflex,1.0,NEF,,9.68,16.071,9.579,93,5543,56,9,0.918,11.222,0.544,16.071,0.113,0.11,,0.18
ada17,Surflex,1.0,NEF,,35.9,52.329,35.835,532,36432,365,191,0.987,74.074,0.677,52.329,0.427,0.419,,0.57
adrb1,Surflex,1.0,NEF,,15.38,23.602,15.382,247,16097,161,38,0.952,19.825,0.573,23.602,0.18,0.176,,0.26
adrb2,Surflex,1.0,NEF,,20.35,30.719,20.255,231,15231,153,47,0.966,28.792,0.598,30.719,0.241,0.236,,0.33
akt1,Surflex,1.0,NEF,,4.44,7.738,4.422,293,16743,168,13,0.825,4.709,0.517,7.738,0.046,0.044,,0.08
akt2,Surflex,1.0,NEF,,14.53,23.944,14.36,117,7017,71,17,0.949,18.566,0.569,23.944,0.176,0.17,,0.24
aldr,Surflex,1.0,NEF,,7.55,13.043,7.514,159,9159,92,12,0.895,8.491,0.533,13.043,0.087,0.084,,0.15
ampc,Surflex,1.0,NEF,,0.0,0.0,0.0,48,2898,29,0,0.0,0.0,0.495,0.0,-0.013,-0.013,,0.02
andr,Surflex,1.0,NEF,,4.09,7.483,4.067,269,14619,147,11,0.812,4.315,0.516,7.483,0.042,0.04,,0.08
aofb,Surflex,1.0,NEF,,4.92,8.451,4.864,122,7022,71,6,0.839,5.221,0.52,8.451,0.052,0.05,,0.1
bace1,Surflex,1.0,NEF,,17.31,26.63,17.298,283,18383,184,49,0.959,23.214,0.583,26.63,0.205,0.2,,0.29
braf,Surflex,1.0,NEF,,5.26,7.843,5.213,152,10102,102,8,0.848,5.571,0.522,7.843,0.053,0.052,,0.1
cah2,Surflex,1.0,NEF,,3.05,4.732,3.045,492,31664,317,15,0.759,3.147,0.51,4.732,0.026,0.025,,0.06
casp3,Surflex,1.0,NEF,,12.56,22.936,12.562,199,10899,109,25,0.941,16.003,0.559,22.936,0.158,0.151,,0.23
cdk2,Surflex,1.0,NEF,,3.16,5.282,3.156,474,28324,284,15,0.766,3.276,0.511,5.282,0.028,0.027,,0.07
comt,Surflex,1.0,NEF,,2.44,2.564,2.433,41,3891,39,1,0.712,2.471,0.507,2.564,0.015,0.015,,0.05
cp2c9,Surflex,1.0,NEF,,3.33,5.263,3.32,120,7570,76,4,0.775,3.449,0.512,5.263,0.03,0.029,,0.05
cp3a4,Surflex,1.0,NEF,,8.82,12.5,8.801,170,11970,120,15,0.908,9.916,0.54,12.5,0.094,0.093,,0.14
csf1r,Surflex,1.0,NEF,,3.01,4.032,2.992,166,12316,124,5,0.755,3.075,0.51,4.032,0.023,0.023,,0.05
cxcr4,Surflex,1.0,NEF,,15.0,17.143,14.769,40,3446,35,6,0.946,17.617,0.571,17.143,0.151,0.151,,0.26
def,Surflex,1.0,NEF,,32.35,57.627,32.78,102,5802,59,34,0.987,76.0,0.664,57.627,0.431,0.415,,0.59
dhi1,Surflex,1.0,NEF,,3.64,6.091,3.633,330,19680,197,12,0.792,3.803,0.513,6.091,0.035,0.033,,0.09
dpp4,Surflex,1.0,NEF,,6.38,8.193,6.376,533,41483,415,34,0.873,6.856,0.527,8.193,0.062,0.061,,0.1
drd3,Surflex,1.0,NEF,,7.08,9.827,7.069,480,34530,346,34,0.885,7.73,0.531,9.827,0.072,0.072,,0.13
dyr,Surflex,1.0,NEF,,25.54,33.714,25.44,231,17431,175,59,0.974,37.871,0.624,33.714,0.285,0.282,,0.4
egfr,Surflex,1.0,NEF,,13.65,20.787,13.65,542,35592,356,74,0.944,16.97,0.564,20.787,0.158,0.155,,0.22
esr1,Surflex,1.0,NEF,,27.15,49.289,27.113,383,21068,211,104,0.981,52.494,0.633,49.289,0.357,0.342,,0.47
esr2,Surflex,1.0,NEF,,21.8,38.835,21.762,367,20566,206,80,0.972,34.945,0.606,38.835,0.282,0.27,,0.39
fa10,Surflex,1.0,NEF,,8.57,15.917,8.555,537,28862,289,46,0.909,9.985,0.539,15.917,0.105,0.1,,0.24
fa7,Surflex,1.0,NEF,,42.11,75.0,41.868,114,6364,64,48,0.994,164.474,0.709,75.0,0.556,0.533,,0.73
fabp4,Surflex,1.0,NEF,,2.13,3.571,2.125,47,2797,28,1,0.684,2.167,0.506,3.571,0.015,0.014,,0.1
fak1,Surflex,1.0,NEF,,5.0,9.091,4.955,100,5450,55,5,0.843,5.35,0.52,9.091,0.055,0.052,,0.09
fgfr1,Surflex,1.0,NEF,,0.72,1.124,0.714,139,8839,89,1,0.416,0.711,0.499,1.124,-0.004,-0.004,,0.28
fkb1a,Surflex,1.0,NEF,,9.91,18.333,9.763,111,5911,60,11,0.921,11.73,0.545,18.333,0.123,0.117,,0.19
fnta,Surflex,1.0,NEF,,4.94,5.566,4.898,592,52092,521,29,0.837,5.128,0.52,5.566,0.042,0.042,,0.13
fpps,Surflex,1.0,NEF,,1.18,1.111,1.168,85,8935,90,1,0.539,1.17,0.501,1.176,0.002,0.002,,0.03
gcr,Surflex,1.0,NEF,,15.12,25.49,15.075,258,15258,153,39,0.952,19.89,0.572,25.49,0.186,0.179,,0.26
glcm,Surflex,1.0,NEF,,31.48,43.59,31.11,54,3854,39,17,0.982,54.377,0.655,43.59,0.363,0.358,,0.49
gria2,Surflex,1.0,NEF,,8.23,10.744,8.162,158,12003,121,13,0.9,9.024,0.537,10.744,0.083,0.083,,0.14
grik1,Surflex,1.0,NEF,,6.93,10.448,6.88,101,6651,67,7,0.883,7.566,0.53,10.448,0.074,0.072,,0.18
hdac2,Surflex,1.0,NEF,,12.97,22.857,12.954,185,10485,105,24,0.943,16.496,0.561,22.857,0.161,0.155,,0.26
hdac8,Surflex,1.0,NEF,,5.29,8.411,5.255,170,10620,107,9,0.85,5.645,0.522,8.411,0.055,0.053,,0.09
hivint,Surflex,1.0,NEF,,3.0,4.412,2.978,100,6750,68,3,0.754,3.069,0.51,4.412,0.024,0.024,,0.07
hivpr,Surflex,1.0,NEF,,5.04,7.438,5.035,536,36286,363,27,0.843,5.36,0.52,7.438,0.05,0.049,,0.11
hivrt,Surflex,1.0,NEF,,4.73,8.29,4.716,338,19229,193,16,0.835,5.052,0.519,8.29,0.05,0.048,,0.09
hmdh,Surflex,1.0,NEF,,17.06,32.222,16.907,170,8920,90,29,0.961,24.47,0.582,32.222,0.224,0.213,,0.34
hs90a,Surflex,1.0,NEF,,1.14,2.0,1.122,88,4938,50,1,0.529,1.125,0.501,2.0,0.002,0.002,,0.02
hxk4,Surflex,1.0,NEF,,0.0,0.0,0.0,92,4792,48,0,0.0,0.0,0.495,0.0,-0.014,-0.013,,0.03
igf1r,Surflex,1.0,NEF,,10.81,16.842,10.752,148,9448,95,16,0.927,12.727,0.55,16.842,0.124,0.121,,0.19
inha,Surflex,1.0,NEF,,4.65,8.333,4.541,43,2343,24,2,0.829,4.863,0.518,8.333,0.049,0.047,,0.19
ital,Surflex,1.0,NEF,,2.9,4.598,2.878,138,8638,87,4,0.748,2.968,0.51,4.598,0.024,0.023,,0.04
jak2,Surflex,1.0,NEF,,14.95,23.881,14.746,107,6607,67,16,0.95,19.058,0.571,23.881,0.179,0.174,,0.21
kif11,Surflex,1.0,NEF,,6.03,10.0,6.005,116,6966,70,7,0.868,6.561,0.526,10.0,0.066,0.064,,0.11
kit,Surflex,1.0,NEF,,3.01,4.673,2.988,166,10616,107,5,0.755,3.086,0.51,4.673,0.025,0.025,,0.06
kith,Surflex,1.0,NEF,,42.11,83.333,42.5,57,2907,30,25,0.996,250.0,0.718,83.333,0.599,0.569,,0.7
kpcb,Surflex,1.0,NEF,,27.41,41.573,27.207,135,8835,89,37,0.979,45.855,0.634,41.573,0.329,0.322,,0.44
lck,Surflex,1.0,NEF,,13.57,20.43,13.533,420,27820,279,57,0.944,16.75,0.564,20.43,0.156,0.153,,0.22
lkha4,Surflex,1.0,NEF,,18.71,32.99,18.561,171,9621,97,32,0.965,27.206,0.59,32.99,0.238,0.229,,0.34
mapk2,Surflex,1.0,NEF,,2.97,4.762,2.947,101,6251,63,3,0.753,3.045,0.51,4.762,0.025,0.024,,0.05
mcr,Surflex,1.0,NEF,,2.13,3.774,2.105,94,5244,53,2,0.682,2.149,0.506,3.774,0.015,0.014,,0.06
met,Surflex,1.0,NEF,,9.04,13.043,8.97,166,11416,115,15,0.91,10.166,0.541,13.043,0.098,0.096,,0.15
mk01,Surflex,1.0,NEF,,1.27,2.128,1.247,79,4629,47,1,0.556,1.252,0.501,2.128,0.003,0.003,,0.04
mk10,Surflex,1.0,NEF,,3.85,5.882,3.792,104,6704,68,4,0.799,3.966,0.514,5.882,0.035,0.035,,0.07
mk14,Surflex,1.0,NEF,,3.29,5.205,3.281,578,36428,365,19,0.773,3.406,0.512,5.205,0.029,0.028,,0.06
mmp13,Surflex,1.0,NEF,,12.76,19.312,12.753,572,37772,378,73,0.94,15.566,0.56,19.312,0.147,0.143,,0.24
mp2k1,Surflex,1.0,NEF,,0.0,0.0,0.0,121,8271,83,0,0.0,0.0,0.495,0.0,-0.012,-0.012,,0.02
nos1,Surflex,1.0,NEF,,24.0,29.268,23.854,100,8150,82,24,0.971,33.31,0.616,29.268,0.257,0.256,,0.33
nram,Surflex,1.0,NEF,,22.45,34.921,22.442,98,6298,63,22,0.971,33.947,0.609,34.921,0.271,0.264,,0.4
pa2ga,Surflex,1.0,NEF,,2.02,3.774,2.001,99,5249,53,2,0.671,2.04,0.505,3.774,0.014,0.013,,0.06
parp1,Surflex,1.0,NEF,,19.09,31.699,19.068,508,30558,306,97,0.965,27.454,0.592,31.699,0.236,0.229,,0.32
pde5a,Surflex,1.0,NEF,,8.79,12.5,8.778,398,27948,280,35,0.908,9.889,0.54,12.5,0.094,0.093,,0.15
pgh1,Surflex,1.0,NEF,,7.18,12.727,7.176,195,10995,110,14,0.89,8.077,0.531,12.727,0.083,0.08,,0.16
pgh2,Surflex,1.0,NEF,,14.94,27.542,14.933,435,23585,236,65,0.953,20.229,0.571,27.542,0.192,0.183,,0.28
plk1,Surflex,1.0,NEF,,3.74,5.714,3.689,107,6907,70,4,0.794,3.852,0.514,5.714,0.034,0.033,,0.07
pnph,Surflex,1.0,NEF,,10.68,15.493,10.609,103,7053,71,11,0.925,12.371,0.549,15.493,0.118,0.116,,0.18
ppara,Surflex,1.0,NEF,,12.6,23.737,12.583,373,19772,198,47,0.942,16.188,0.559,23.737,0.162,0.154,,0.26
ppard,Surflex,1.0,NEF,,10.42,20.0,10.408,240,12490,125,25,0.927,12.76,0.548,20.0,0.132,0.125,,0.24
pparg,Surflex,1.0,NEF,,4.96,9.302,4.956,484,25784,258,24,0.843,5.361,0.52,9.302,0.055,0.052,,0.11
prgr,Surflex,1.0,NEF,,4.44,8.125,4.421,293,15943,160,13,0.825,4.724,0.517,8.125,0.047,0.045,,0.08
ptn1,Surflex,1.0,NEF,,10.77,18.919,10.74,130,7380,74,14,0.929,13.013,0.55,18.919,0.131,0.126,,0.23
pur2,Surflex,1.0,NEF,,56.0,103.571,56.964,50,2750,28,29,1.001,inf,0.79,100.0,0.772,0.74,,0.98
pygm,Surflex,1.0,NEF,,0.0,0.0,0.0,77,4027,41,0,0.0,0.0,0.495,0.0,-0.014,-0.013,,0.01
pyrd,Surflex,1.0,NEF,,11.71,19.697,11.643,111,6561,66,13,0.934,14.253,0.554,19.697,0.141,0.136,,0.25
reni,Surflex,1.0,NEF,,36.54,53.521,36.343,104,7062,71,38,0.987,77.041,0.68,53.521,0.435,0.427,,0.56
rock1,Surflex,1.0,NEF,,4.0,6.25,4.0,100,6400,64,4,0.808,4.2,0.515,6.25,0.038,0.037,,0.06
rxra,Surflex,1.0,NEF,,27.48,50.704,27.407,131,7081,71,36,0.982,54.569,0.635,50.704,0.365,0.348,,0.53
sahh,Surflex,1.0,NEF,,55.56,100.0,55.762,63,3513,36,36,1.0,inf,0.786,100.0,0.753,0.724,,0.87
src,Surflex,1.0,NEF,,7.82,11.681,7.807,524,35024,351,41,0.897,8.708,0.535,11.681,0.084,0.083,,0.14
tgfr1,Surflex,1.0,NEF,,18.05,27.586,17.906,133,8633,87,24,0.961,24.347,0.587,27.586,0.213,0.209,,0.29
thb,Surflex,1.0,NEF,,16.5,22.368,16.403,103,7553,76,17,0.954,20.841,0.579,22.368,0.183,0.18,,0.31
thrb,Surflex,1.0,NEF,,27.55,46.182,27.514,461,27465,275,127,0.98,50.265,0.635,46.182,0.348,0.337,,0.48
try1,Surflex,1.0,NEF,,40.98,69.434,40.87,449,26429,265,184,0.992,131.439,0.703,69.434,0.527,0.509,,0.68
tryb1,Surflex,1.0,NEF,,19.59,37.179,19.59,148,7798,78,29,0.968,30.592,0.595,37.179,0.26,0.247,,0.38
tysy,Surflex,1.0,NEF,,23.85,37.681,23.711,109,6859,69,26,0.974,37.444,0.616,37.681,0.291,0.283,,0.42
urok,Surflex,1.0,NEF,,12.96,20.792,12.85,162,10012,101,21,0.941,15.961,0.561,20.792,0.153,0.149,,0.23
vgfr2,Surflex,1.0,NEF,,4.65,7.48,4.638,409,25359,254,19,0.831,4.932,0.519,7.48,0.047,0.046,,0.08
wee1,Surflex,1.0,NEF,,52.94,85.714,52.538,102,6252,63,54,0.997,361.765,0.764,85.714,0.67,0.65,,0.78
xiap,Surflex,1.0,NEF,,37.0,69.811,36.651,100,5250,53,37,0.992,119.094,0.683,69.811,0.502,0.477,,0.64
aa2ar,DENVIS D-G,1.0,NEF,,35.68,53.583,35.609,482,32032,321,172,0.987,75.56,0.676,53.583,0.43,0.421,,0.53
abl1,DENVIS D-G,1.0,NEF,,51.65,86.364,51.875,182,10932,110,95,0.997,374.084,0.76,86.364,0.667,0.646,,0.73
ace,DENVIS D-G,1.0,NEF,,29.08,47.674,29.048,282,17182,172,82,0.982,54.602,0.643,47.674,0.364,0.353,,0.48
aces,DENVIS D-G,1.0,NEF,,20.97,35.448,20.895,453,26703,268,95,0.97,31.821,0.602,35.448,0.263,0.254,,0.38
ada,DENVIS D-G,1.0,NEF,,59.14,100.0,59.602,93,5543,56,56,1.0,inf,0.801,100.0,0.773,0.749,,0.85
ada17,DENVIS D-G,1.0,NEF,,67.67,98.904,67.731,532,36432,365,361,1.0,6090.179,0.839,98.904,0.817,0.803,,0.95
adrb1,DENVIS D-G,1.0,NEF,,22.27,34.161,22.263,247,16097,161,55,0.971,33.296,0.608,34.161,0.267,0.261,,0.38
adrb2,DENVIS D-G,1.0,NEF,,30.74,46.405,30.597,231,15231,153,71,0.983,56.224,0.651,46.405,0.37,0.362,,0.45
akt1,DENVIS D-G,1.0,NEF,,17.75,30.952,17.687,293,16743,168,52,0.962,25.168,0.585,30.952,0.224,0.216,,0.36
akt2,DENVIS D-G,1.0,NEF,,31.62,52.113,31.254,117,7017,71,37,0.985,64.178,0.656,52.113,0.398,0.386,,0.5
aldr,DENVIS D-G,1.0,NEF,,5.66,9.783,5.635,159,9159,92,9,0.86,6.138,0.524,9.783,0.062,0.06,,0.11
ampc,DENVIS D-G,1.0,NEF,,16.67,27.586,16.655,48,2898,29,8,0.958,22.619,0.58,27.586,0.204,0.198,,0.26
andr,DENVIS D-G,1.0,NEF,,32.71,59.864,32.533,269,14619,147,88,0.988,79.567,0.662,59.864,0.435,0.415,,0.6
aofb,DENVIS D-G,1.0,NEF,,2.46,4.225,2.432,122,7022,71,3,0.714,2.495,0.507,4.225,0.019,0.019,,0.05
bace1,DENVIS D-G,1.0,NEF,,50.53,77.717,50.483,283,18383,184,143,0.996,223.072,0.752,77.717,0.622,0.608,,0.77
braf,DENVIS D-G,1.0,NEF,,46.71,70.588,46.913,152,10102,102,72,0.994,157.105,0.735,70.588,0.573,0.562,,0.71
cah2,DENVIS D-G,1.0,NEF,,63.62,98.738,63.546,492,31664,317,313,1.0,4957.742,0.818,98.738,0.79,0.771,,0.92
casp3,DENVIS D-G,1.0,NEF,,39.2,71.56,39.192,199,10899,109,78,0.993,135.289,0.695,71.56,0.523,0.5,,0.63
cdk2,DENVIS D-G,1.0,NEF,,44.51,74.648,44.606,474,28324,284,212,0.994,173.002,0.722,74.648,0.573,0.554,,0.74
comt,DENVIS D-G,1.0,NEF,,75.61,79.487,75.435,41,3891,39,31,0.997,363.872,0.877,79.487,0.773,0.773,,0.86
cp2c9,DENVIS D-G,1.0,NEF,,10.0,15.789,9.961,120,7570,76,12,0.921,11.641,0.546,15.789,0.115,0.112,,0.17
cp3a4,DENVIS D-G,1.0,NEF,,2.94,4.167,2.934,170,11970,120,5,0.751,3.018,0.51,4.167,0.023,0.023,,0.05
csf1r,DENVIS D-G,1.0,NEF,,43.37,58.065,43.08,166,12316,124,72,0.99,101.344,0.715,58.065,0.496,0.491,,0.67
cxcr4,DENVIS D-G,1.0,NEF,,30.0,34.286,29.537,40,3446,35,12,0.978,44.426,0.647,34.286,0.313,0.313,,0.43
def,DENVIS D-G,1.0,NEF,,53.92,94.915,53.99,102,5802,59,56,0.999,1043.137,0.774,94.915,0.718,0.692,,0.97
dhi1,DENVIS D-G,1.0,NEF,,0.0,0.0,0.0,330,19680,197,0,0.0,0.0,0.495,0.0,-0.013,-0.013,,0.0
dpp4,DENVIS D-G,1.0,NEF,,30.58,39.277,30.569,533,41483,415,163,0.98,49.695,0.65,39.277,0.339,0.336,,0.44
drd3,DENVIS D-G,1.0,NEF,,7.92,10.983,7.901,480,34530,346,38,0.897,8.752,0.535,10.983,0.082,0.081,,0.12
dyr,DENVIS D-G,1.0,NEF,,57.58,76.571,57.78,231,17431,175,134,0.996,243.353,0.789,76.571,0.663,0.656,,0.8
egfr,DENVIS D-G,1.0,NEF,,62.36,94.944,62.348,542,35592,356,338,0.999,1214.319,0.812,94.944,0.767,0.75,,0.87
esr1,DENVIS D-G,1.0,NEF,,53.26,96.682,53.183,383,21068,211,204,0.999,1573.943,0.766,96.682,0.714,0.683,,0.88
esr2,DENVIS D-G,1.0,NEF,,50.68,90.291,50.598,367,20566,206,186,0.998,511.855,0.753,90.291,0.672,0.645,,0.8
fa10,DENVIS D-G,1.0,NEF,,31.84,59.17,31.802,537,28862,289,171,0.987,76.438,0.657,59.17,0.427,0.406,,0.7
fa7,DENVIS D-G,1.0,NEF,,56.14,100.0,55.825,114,6364,64,64,1.0,inf,0.781,100.0,0.746,0.715,,0.92
fabp4,DENVIS D-G,1.0,NEF,,48.94,82.143,48.884,47,2797,28,23,0.996,269.149,0.744,82.143,0.629,0.608,,0.77
fak1,DENVIS D-G,1.0,NEF,,55.0,101.818,55.491,100,5450,55,56,1.0,inf,0.78,100.0,0.752,0.719,,0.98
fgfr1,DENVIS D-G,1.0,NEF,,1.44,2.247,1.429,139,8839,89,2,0.59,1.439,0.502,2.247,0.005,0.005,,0.38
fkb1a,DENVIS D-G,1.0,NEF,,31.53,60.0,31.951,111,5911,60,36,0.987,78.378,0.66,60.0,0.434,0.413,,0.55
fnta,DENVIS D-G,1.0,NEF,,53.04,60.269,53.032,592,52092,521,314,0.992,131.961,0.763,60.269,0.561,0.56,,0.67
fpps,DENVIS D-G,1.0,NEF,,0.0,0.0,0.0,85,8935,90,0,0.0,0.0,0.495,0.0,-0.01,-0.01,,0.01
gcr,DENVIS D-G,1.0,NEF,,9.3,15.686,9.277,258,15258,153,24,0.915,10.817,0.542,15.686,0.109,0.106,,0.16
glcm,DENVIS D-G,1.0,NEF,,0.0,0.0,0.0,54,3854,39,0,0.0,0.0,0.495,0.0,-0.012,-0.012,,0.01
gria2,DENVIS D-G,1.0,NEF,,13.29,17.355,13.185,158,12003,121,21,0.94,15.743,0.562,17.355,0.142,0.141,,0.23
grik1,DENVIS D-G,1.0,NEF,,42.57,64.179,42.263,101,6651,67,43,0.991,116.192,0.711,64.179,0.517,0.506,,0.63
hdac2,DENVIS D-G,1.0,NEF,,55.14,97.143,55.056,185,10485,105,102,0.999,1892.973,0.776,97.143,0.729,0.7,,0.87
hdac8,DENVIS D-G,1.0,NEF,,62.94,100.935,63.054,170,10620,107,108,1.0,inf,0.818,100.0,0.798,0.777,,0.93
hivint,DENVIS D-G,1.0,NEF,,0.0,0.0,0.0,100,6750,68,0,0.0,0.0,0.495,0.0,-0.012,-0.012,,0.01
hivpr,DENVIS D-G,1.0,NEF,,50.93,75.207,50.913,536,36286,363,273,0.995,202.317,0.753,75.207,0.614,0.603,,0.73
hivrt,DENVIS D-G,1.0,NEF,,14.2,24.87,14.149,338,19229,193,48,0.949,18.502,0.567,24.87,0.177,0.17,,0.31
hmdh,DENVIS D-G,1.0,NEF,,45.29,86.667,45.475,170,8920,90,78,0.997,334.559,0.729,86.667,0.626,0.595,,0.71
hs90a,DENVIS D-G,1.0,NEF,,38.64,68.0,38.157,88,4938,50,34,0.992,117.116,0.692,68.0,0.506,0.486,,0.69
hxk4,DENVIS D-G,1.0,NEF,,19.57,37.5,19.533,92,4792,48,18,0.968,30.652,0.595,37.5,0.261,0.247,,0.32
igf1r,DENVIS D-G,1.0,NEF,,51.35,80.0,51.07,148,9448,95,76,0.996,251.351,0.756,80.0,0.637,0.621,,0.78
inha,DENVIS D-G,1.0,NEF,,20.93,37.5,20.433,43,2343,24,9,0.97,32.093,0.601,37.5,0.27,0.259,,0.38
ital,DENVIS D-G,1.0,NEF,,44.2,70.115,43.888,138,8638,87,61,0.993,144.509,0.719,70.115,0.551,0.536,,0.69
jak2,DENVIS D-G,1.0,NEF,,57.01,92.537,57.14,107,6607,67,62,0.999,753.271,0.789,92.537,0.729,0.709,,0.9
kif11,DENVIS D-G,1.0,NEF,,27.59,45.714,27.452,116,6966,70,32,0.98,49.728,0.635,45.714,0.347,0.336,,0.46
kit,DENVIS D-G,1.0,NEF,,35.54,55.14,35.263,166,10616,107,59,0.987,77.378,0.675,55.14,0.436,0.425,,0.6
kith,DENVIS D-G,1.0,NEF,,0.0,0.0,0.0,57,2907,30,0,0.0,0.0,0.495,0.0,-0.014,-0.014,,0.0
kpcb,DENVIS D-G,1.0,NEF,,58.52,89.888,58.826,135,8835,89,80,0.998,572.84,0.796,89.888,0.727,0.711,,0.77
lck,DENVIS D-G,1.0,NEF,,50.24,75.986,50.331,420,27820,279,212,0.995,206.425,0.751,75.986,0.615,0.602,,0.74
lkha4,DENVIS D-G,1.0,NEF,,52.63,93.814,52.783,171,9621,97,91,0.999,838.158,0.766,93.814,0.703,0.675,,0.85
mapk2,DENVIS D-G,1.0,NEF,,43.56,69.841,43.226,101,6251,63,44,0.993,141.011,0.716,69.841,0.546,0.531,,0.7
mcr,DENVIS D-G,1.0,NEF,,27.66,49.057,27.367,94,5244,53,26,0.981,52.758,0.636,49.057,0.36,0.345,,0.51
met,DENVIS D-G,1.0,NEF,,68.07,99.13,68.173,166,11416,115,114,1.0,7725.904,0.843,99.13,0.823,0.809,,0.84
mk01,DENVIS D-G,1.0,NEF,,59.49,102.128,59.842,79,4629,47,48,1.0,inf,0.804,100.0,0.785,0.759,,0.87
mk10,DENVIS D-G,1.0,NEF,,44.23,69.118,44.554,104,6704,68,47,0.993,142.033,0.724,69.118,0.553,0.541,,0.68
mk14,DENVIS D-G,1.0,NEF,,57.61,91.507,57.671,578,36428,365,334,0.999,668.261,0.788,91.507,0.724,0.705,,0.87
mmp13,DENVIS D-G,1.0,NEF,,65.56,99.206,65.511,572,37772,378,375,1.0,8129.371,0.828,99.206,0.804,0.787,,0.95
mp2k1,DENVIS D-G,1.0,NEF,,28.1,40.964,28.001,121,8271,83,34,0.979,46.736,0.637,40.964,0.331,0.325,,0.41
nos1,DENVIS D-G,1.0,NEF,,3.0,3.659,2.982,100,8150,82,3,0.754,3.057,0.51,3.659,0.022,0.022,,0.05
nram,DENVIS D-G,1.0,NEF,,50.0,77.778,49.984,98,6298,63,49,0.996,221.429,0.749,77.778,0.619,0.604,,0.8
pa2ga,DENVIS D-G,1.0,NEF,,37.37,69.811,37.014,99,5249,53,37,0.992,120.297,0.685,69.811,0.504,0.48,,0.66
parp1,DENVIS D-G,1.0,NEF,,36.22,60.131,36.171,508,30558,306,184,0.989,89.215,0.679,60.131,0.46,0.445,,0.58
pde5a,DENVIS D-G,1.0,NEF,,27.14,38.571,27.085,398,27948,280,108,0.978,43.464,0.633,38.571,0.315,0.31,,0.42
pgh1,DENVIS D-G,1.0,NEF,,0.0,0.0,0.0,195,10995,110,0,0.0,0.0,0.495,0.0,-0.014,-0.013,,0.0
pgh2,DENVIS D-G,1.0,NEF,,0.92,1.695,0.919,435,23585,236,4,0.479,0.918,0.5,1.695,-0.001,-0.001,,0.02
plk1,DENVIS D-G,1.0,NEF,,31.78,48.571,31.354,107,6907,70,34,0.984,60.021,0.656,48.571,0.385,0.377,,0.51
pnph,DENVIS D-G,1.0,NEF,,65.05,94.366,64.618,103,7053,71,67,0.999,1130.218,0.825,94.366,0.781,0.767,,0.97
ppara,DENVIS D-G,1.0,NEF,,50.13,94.444,50.063,373,19772,198,187,0.999,884.137,0.75,94.444,0.684,0.65,,0.84
ppard,DENVIS D-G,1.0,NEF,,48.75,93.6,48.711,240,12490,125,117,0.999,746.484,0.743,93.6,0.671,0.636,,0.86
pparg,DENVIS D-G,1.0,NEF,,50.0,93.798,49.969,484,25784,258,242,0.999,790.625,0.75,93.798,0.681,0.648,,0.78
prgr,DENVIS D-G,1.0,NEF,,22.87,41.875,22.785,293,15943,160,67,0.975,38.48,0.611,41.875,0.3,0.287,,0.4
ptn1,DENVIS D-G,1.0,NEF,,24.62,43.243,24.549,130,7380,74,32,0.977,42.491,0.62,43.243,0.317,0.305,,0.42
pur2,DENVIS D-G,1.0,NEF,,56.0,103.571,56.964,50,2750,28,29,1.001,inf,0.79,100.0,0.772,0.74,,1.0
pygm,DENVIS D-G,1.0,NEF,,0.0,0.0,0.0,77,4027,41,0,0.0,0.0,0.495,0.0,-0.014,-0.013,,0.0
pyrd,DENVIS D-G,1.0,NEF,,0.9,1.515,0.896,111,6561,66,1,0.472,0.894,0.499,1.515,-0.001,-0.001,,0.02
reni,DENVIS D-G,1.0,NEF,,17.31,25.352,17.215,104,7062,71,18,0.958,22.722,0.583,25.352,0.2,0.196,,0.26
rock1,DENVIS D-G,1.0,NEF,,24.0,37.5,24.0,100,6400,64,24,0.974,37.8,0.617,37.5,0.291,0.284,,0.35
rxra,DENVIS D-G,1.0,NEF,,54.2,100.0,54.053,131,7081,71,71,1.0,inf,0.771,100.0,0.733,0.699,,0.83
sahh,DENVIS D-G,1.0,NEF,,12.7,22.222,12.392,63,3513,36,8,0.94,15.646,0.559,22.222,0.157,0.151,,0.23
src,DENVIS D-G,1.0,NEF,,59.16,88.604,59.223,524,35024,351,311,0.998,511.904,0.796,88.604,0.722,0.707,,0.82
tgfr1,DENVIS D-G,1.0,NEF,,54.89,85.057,55.211,133,8633,87,74,0.997,363.794,0.777,85.057,0.684,0.669,,0.82
thb,DENVIS D-G,1.0,NEF,,58.25,78.947,57.892,103,7553,76,60,0.996,271.238,0.79,78.947,0.674,0.667,,0.76
thrb,DENVIS D-G,1.0,NEF,,54.66,91.636,54.594,461,27465,275,252,0.998,641.8,0.773,91.636,0.704,0.681,,0.88
try1,DENVIS D-G,1.0,NEF,,54.79,93.208,54.864,449,26429,265,247,0.999,793.994,0.775,93.208,0.713,0.688,,0.89
tryb1,DENVIS D-G,1.0,NEF,,12.84,24.359,12.835,148,7798,78,19,0.943,16.646,0.56,24.359,0.165,0.157,,0.28
tysy,DENVIS D-G,1.0,NEF,,48.62,76.812,48.335,109,6859,69,53,0.995,205.132,0.742,76.812,0.606,0.59,,0.73
urok,DENVIS D-G,1.0,NEF,,53.7,87.129,53.848,162,10012,101,88,0.998,411.586,0.771,87.129,0.684,0.665,,0.8
vgfr2,DENVIS D-G,1.0,NEF,,37.9,61.024,37.836,409,25359,254,155,0.99,95.509,0.688,61.024,0.474,0.461,,0.59
wee1,DENVIS D-G,1.0,NEF,,55.88,90.476,55.457,102,6252,63,57,0.998,572.794,0.779,90.476,0.708,0.687,,0.93
xiap,DENVIS D-G,1.0,NEF,,32.0,60.377,31.698,100,5250,53,32,0.987,78.476,0.658,60.377,0.432,0.411,,0.56
aa2ar,DDTA,1.0,NEF,,1.66,2.492,1.656,482,32032,321,8,0.626,1.673,0.503,2.492,0.008,0.008,,0.05
abl1,DDTA,1.0,NEF,,8.24,13.636,8.191,182,10932,110,15,0.903,9.326,0.537,13.636,0.094,0.091,,0.12
ace,DDTA,1.0,NEF,,0.0,0.0,0.0,282,17182,172,0,0.0,0.0,0.495,0.0,-0.013,-0.013,,0.0
aces,DDTA,1.0,NEF,,8.83,14.925,8.798,453,26703,268,40,0.91,10.166,0.54,14.925,0.103,0.1,,0.14
ada,DDTA,1.0,NEF,,0.0,0.0,0.0,93,5543,56,0,0.0,0.0,0.495,0.0,-0.013,-0.013,,0.03
ada17,DDTA,1.0,NEF,,0.56,0.822,0.563,532,36432,365,3,0.359,0.559,0.498,0.822,-0.005,-0.005,,0.01
adrb1,DDTA,1.0,NEF,,2.43,3.727,2.429,247,16097,161,6,0.713,2.484,0.507,3.727,0.018,0.018,,0.04
adrb2,DDTA,1.0,NEF,,2.16,3.268,2.155,231,15231,153,5,0.687,2.194,0.506,3.268,0.014,0.014,,0.04
akt1,DDTA,1.0,NEF,,4.44,7.738,4.422,293,16743,168,13,0.825,4.709,0.517,7.738,0.046,0.044,,0.1
akt2,DDTA,1.0,NEF,,3.42,5.634,3.379,117,7017,71,4,0.779,3.521,0.512,5.634,0.031,0.03,,0.1
aldr,DDTA,1.0,NEF,,0.0,0.0,0.0,159,9159,92,0,0.0,0.0,0.495,0.0,-0.013,-0.013,,0.01
ampc,DDTA,1.0,NEF,,0.0,0.0,0.0,48,2898,29,0,0.0,0.0,0.495,0.0,-0.013,-0.013,,0.0
andr,DDTA,1.0,NEF,,1.49,2.721,1.479,269,14619,147,4,0.599,1.492,0.502,2.721,0.007,0.006,,0.02
aofb,DDTA,1.0,NEF,,0.82,1.408,0.811,122,7022,71,1,0.447,0.808,0.499,1.408,-0.003,-0.002,,0.02
bace1,DDTA,1.0,NEF,,0.35,0.543,0.353,283,18383,184,1,0.259,0.349,0.497,0.543,-0.008,-0.008,,0.02
braf,DDTA,1.0,NEF,,3.95,5.882,3.909,152,10102,102,6,0.804,4.091,0.515,5.882,0.036,0.036,,0.09
cah2,DDTA,1.0,NEF,,1.42,2.208,1.421,492,31664,317,7,0.589,1.431,0.502,2.208,0.005,0.005,,0.05
casp3,DDTA,1.0,NEF,,0.0,0.0,0.0,199,10899,109,0,0.0,0.0,0.495,0.0,-0.014,-0.013,,0.01
cdk2,DDTA,1.0,NEF,,2.74,4.577,2.735,474,28324,284,13,0.738,2.819,0.509,4.577,0.023,0.022,,0.07
comt,DDTA,1.0,NEF,,0.0,0.0,0.0,41,3891,39,0,0.0,0.0,0.495,0.0,-0.01,-0.01,,0.0
cp2c9,DDTA,1.0,NEF,,1.67,2.632,1.66,120,7570,76,2,0.627,1.678,0.503,2.632,0.008,0.008,,0.03
cp3a4,DDTA,1.0,NEF,,3.53,5.0,3.521,170,11970,120,6,0.785,3.653,0.513,5.0,0.03,0.03,,0.05
csf1r,DDTA,1.0,NEF,,4.82,6.452,4.787,166,12316,124,8,0.835,5.048,0.519,6.452,0.045,0.044,,0.11
cxcr4,DDTA,1.0,NEF,,2.5,2.857,2.461,40,3446,35,1,0.715,2.504,0.508,2.857,0.016,0.016,,0.03
def,DDTA,1.0,NEF,,0.0,0.0,0.0,102,5802,59,0,0.0,0.0,0.495,0.0,-0.014,-0.013,,0.0
dhi1,DDTA,1.0,NEF,,1.21,2.03,1.211,330,19680,197,4,0.549,1.215,0.501,2.03,0.003,0.003,,0.02
dpp4,DDTA,1.0,NEF,,4.5,5.783,4.501,533,41483,415,24,0.825,4.716,0.518,5.783,0.04,0.04,,0.08
drd3,DDTA,1.0,NEF,,1.04,1.445,1.04,480,34530,346,5,0.51,1.04,0.5,1.445,0.0,0.0,,0.02
dyr,DDTA,1.0,NEF,,2.6,3.429,2.587,231,17431,175,6,0.726,2.644,0.508,3.429,0.019,0.018,,0.07
egfr,DDTA,1.0,NEF,,2.58,3.933,2.582,542,35592,356,14,0.726,2.647,0.508,3.933,0.02,0.019,,0.05
esr1,DDTA,1.0,NEF,,2.35,4.265,2.346,383,21068,211,9,0.706,2.406,0.507,4.265,0.018,0.018,,0.04
esr2,DDTA,1.0,NEF,,1.91,3.398,1.904,367,20566,206,7,0.659,1.936,0.505,3.398,0.012,0.012,,0.04
fa10,DDTA,1.0,NEF,,4.47,8.304,4.463,537,28862,289,24,0.827,4.777,0.518,8.304,0.048,0.046,,0.11
fa7,DDTA,1.0,NEF,,3.51,6.25,3.489,114,6364,64,4,0.785,3.655,0.513,6.25,0.034,0.032,,0.07
fabp4,DDTA,1.0,NEF,,0.0,0.0,0.0,47,2797,28,0,0.0,0.0,0.495,0.0,-0.013,-0.013,,0.0
fak1,DDTA,1.0,NEF,,2.0,3.636,1.982,100,5450,55,2,0.669,2.019,0.505,3.636,0.014,0.013,,0.03
fgfr1,DDTA,1.0,NEF,,2.16,3.371,2.143,139,8839,89,3,0.686,2.183,0.506,3.371,0.015,0.014,,0.44
fkb1a,DDTA,1.0,NEF,,0.0,0.0,0.0,111,5911,60,0,0.0,0.0,0.495,0.0,-0.014,-0.013,,0.0
fnta,DDTA,1.0,NEF,,0.84,0.96,0.844,592,52092,521,5,0.457,0.843,0.499,0.96,-0.002,-0.002,,0.02
fpps,DDTA,1.0,NEF,,0.0,0.0,0.0,85,8935,90,0,0.0,0.0,0.495,0.0,-0.01,-0.01,,0.0
gcr,DDTA,1.0,NEF,,0.78,1.307,0.773,258,15258,153,2,0.435,0.77,0.499,1.307,-0.003,-0.003,,0.04
glcm,DDTA,1.0,NEF,,1.85,2.564,1.83,54,3854,39,1,0.649,1.852,0.504,2.564,0.01,0.01,,0.03
gria2,DDTA,1.0,NEF,,1.9,2.479,1.884,158,12003,121,3,0.656,1.906,0.505,2.479,0.01,0.01,,0.03
grik1,DDTA,1.0,NEF,,0.99,1.493,0.983,101,6651,67,1,0.496,0.983,0.5,1.493,-0.0,-0.0,,0.03
hdac2,DDTA,1.0,NEF,,2.7,4.762,2.699,185,10485,105,5,0.736,2.784,0.509,4.762,0.023,0.022,,0.06
hdac8,DDTA,1.0,NEF,,1.76,2.804,1.752,170,10620,107,3,0.639,1.773,0.504,2.804,0.01,0.009,,0.04
hivint,DDTA,1.0,NEF,,0.0,0.0,0.0,100,6750,68,0,0.0,0.0,0.495,0.0,-0.012,-0.012,,0.01
hivpr,DDTA,1.0,NEF,,1.49,2.204,1.492,536,36286,363,8,0.6,1.503,0.502,2.204,0.006,0.006,,0.03
hivrt,DDTA,1.0,NEF,,0.59,1.036,0.59,338,19229,193,2,0.369,0.585,0.498,1.036,-0.006,-0.005,,0.01
hmdh,DDTA,1.0,NEF,,0.0,0.0,0.0,170,8920,90,0,0.0,0.0,0.495,0.0,-0.014,-0.013,,0.01
hs90a,DDTA,1.0,NEF,,2.27,4.0,2.245,88,4938,50,2,0.697,2.296,0.506,4.0,0.017,0.016,,0.05
hxk4,DDTA,1.0,NEF,,1.09,2.083,1.085,92,4792,48,1,0.521,1.087,0.5,2.083,0.001,0.001,,0.05
igf1r,DDTA,1.0,NEF,,3.38,5.263,3.36,148,9448,95,5,0.777,3.491,0.512,5.263,0.03,0.029,,0.06
inha,DDTA,1.0,NEF,,0.0,0.0,0.0,43,2343,24,0,0.0,0.0,0.495,0.0,-0.014,-0.013,,0.0
ital,DDTA,1.0,NEF,,0.0,0.0,0.0,138,8638,87,0,0.0,0.0,0.495,0.0,-0.013,-0.013,,0.0
jak2,DDTA,1.0,NEF,,6.54,10.448,6.451,107,6607,67,7,0.876,7.087,0.528,10.448,0.071,0.069,,0.12
kif11,DDTA,1.0,NEF,,0.0,0.0,0.0,116,6966,70,0,0.0,0.0,0.495,0.0,-0.013,-0.013,,0.01
kit,DDTA,1.0,NEF,,4.22,6.542,4.184,166,10616,107,7,0.815,4.407,0.516,6.542,0.04,0.04,,0.07
kith,DDTA,1.0,NEF,,0.0,0.0,0.0,57,2907,30,0,0.0,0.0,0.495,0.0,-0.014,-0.014,,0.0
kpcb,DDTA,1.0,NEF,,0.0,0.0,0.0,135,8835,89,0,0.0,0.0,0.495,0.0,-0.013,-0.012,,0.01
lck,DDTA,1.0,NEF,,3.81,5.735,3.799,420,27820,279,16,0.799,3.969,0.514,5.735,0.035,0.034,,0.07
lkha4,DDTA,1.0,NEF,,0.0,0.0,0.0,171,9621,97,0,0.0,0.0,0.495,0.0,-0.014,-0.013,,0.0
mapk2,DDTA,1.0,NEF,,14.85,23.81,14.736,101,6251,63,15,0.95,19.028,0.57,23.81,0.178,0.173,,0.26
mcr,DDTA,1.0,NEF,,1.06,1.887,1.053,94,5244,53,1,0.513,1.054,0.5,1.887,0.001,0.001,,0.02
met,DDTA,1.0,NEF,,1.2,1.739,1.196,166,11416,115,2,0.545,1.199,0.501,1.739,0.002,0.002,,0.03
mk01,DDTA,1.0,NEF,,1.27,2.128,1.247,79,4629,47,1,0.556,1.252,0.501,2.128,0.003,0.003,,0.05
mk10,DDTA,1.0,NEF,,3.85,5.882,3.792,104,6704,68,4,0.799,3.966,0.514,5.882,0.035,0.035,,0.1
mk14,DDTA,1.0,NEF,,2.42,3.836,2.417,578,36428,365,14,0.712,2.474,0.507,3.836,0.018,0.018,,0.06
mmp13,DDTA,1.0,NEF,,1.57,2.381,1.572,572,37772,378,9,0.613,1.586,0.503,2.381,0.007,0.007,,0.03
mp2k1,DDTA,1.0,NEF,,0.0,0.0,0.0,121,8271,83,0,0.0,0.0,0.495,0.0,-0.012,-0.012,,0.01
nos1,DDTA,1.0,NEF,,1.0,1.22,0.994,100,8150,82,1,0.498,0.994,0.5,1.22,-0.0,-0.0,,0.04
nram,DDTA,1.0,NEF,,0.0,0.0,0.0,98,6298,63,0,0.0,0.0,0.495,0.0,-0.013,-0.012,,0.0
pa2ga,DDTA,1.0,NEF,,2.02,3.774,2.001,99,5249,53,2,0.671,2.04,0.505,3.774,0.014,0.013,,0.04
parp1,DDTA,1.0,NEF,,0.98,1.634,0.983,508,30558,306,5,0.496,0.983,0.5,1.634,-0.0,-0.0,,0.03
pde5a,DDTA,1.0,NEF,,2.76,3.929,2.759,398,27948,280,11,0.739,2.831,0.509,3.929,0.021,0.021,,0.06
pgh1,DDTA,1.0,NEF,,3.08,5.455,3.076,195,10995,110,6,0.762,3.195,0.511,5.455,0.028,0.027,,0.07
pgh2,DDTA,1.0,NEF,,5.06,9.322,5.054,435,23585,236,22,0.845,5.471,0.521,9.322,0.056,0.053,,0.11
plk1,DDTA,1.0,NEF,,0.0,0.0,0.0,107,6907,70,0,0.0,0.0,0.495,0.0,-0.013,-0.012,,0.0
pnph,DDTA,1.0,NEF,,19.42,28.169,19.289,103,7053,71,20,0.964,26.461,0.593,28.169,0.225,0.221,,0.3
ppara,DDTA,1.0,NEF,,1.34,2.525,1.339,373,19772,198,5,0.574,1.347,0.502,2.525,0.005,0.004,,0.04
ppard,DDTA,1.0,NEF,,3.33,6.4,3.331,240,12490,125,8,0.777,3.49,0.512,6.4,0.033,0.031,,0.07
pparg,DDTA,1.0,NEF,,1.24,2.326,1.239,484,25784,258,6,0.554,1.245,0.501,2.326,0.003,0.003,,0.03
prgr,DDTA,1.0,NEF,,3.41,6.25,3.401,293,15943,160,10,0.781,3.561,0.512,6.25,0.033,0.032,,0.07
ptn1,DDTA,1.0,NEF,,0.77,1.351,0.767,130,7380,74,1,0.433,0.764,0.499,1.351,-0.003,-0.003,,0.03
pur2,DDTA,1.0,NEF,,6.0,10.714,5.893,50,2750,28,3,0.866,6.48,0.525,10.714,0.068,0.065,,0.16
pygm,DDTA,1.0,NEF,,1.3,2.439,1.276,77,4027,41,1,0.562,1.282,0.501,2.439,0.004,0.004,,0.03
pyrd,DDTA,1.0,NEF,,0.0,0.0,0.0,111,6561,66,0,0.0,0.0,0.495,0.0,-0.013,-0.013,,0.0
reni,DDTA,1.0,NEF,,0.0,0.0,0.0,104,7062,71,0,0.0,0.0,0.495,0.0,-0.012,-0.012,,0.01
rock1,DDTA,1.0,NEF,,4.0,6.25,4.0,100,6400,64,4,0.808,4.2,0.515,6.25,0.038,0.037,,0.06
rxra,DDTA,1.0,NEF,,2.29,4.225,2.284,131,7081,71,3,0.701,2.341,0.507,4.225,0.018,0.017,,0.05
sahh,DDTA,1.0,NEF,,0.0,0.0,0.0,63,3513,36,0,0.0,0.0,0.495,0.0,-0.014,-0.013,,0.0
src,DDTA,1.0,NEF,,1.91,2.849,1.904,524,35024,351,10,0.659,1.931,0.505,2.849,0.011,0.011,,0.06
tgfr1,DDTA,1.0,NEF,,10.53,16.092,10.445,133,8633,87,14,0.925,12.257,0.548,16.092,0.119,0.117,,0.14
thb,DDTA,1.0,NEF,,0.0,0.0,0.0,103,7553,76,0,0.0,0.0,0.495,0.0,-0.012,-0.012,,0.02
thrb,DDTA,1.0,NEF,,2.17,3.636,2.166,461,27465,275,10,0.689,2.21,0.506,3.636,0.015,0.015,,0.06
try1,DDTA,1.0,NEF,,4.23,7.17,4.22,449,26429,265,19,0.817,4.469,0.516,7.17,0.043,0.041,,0.09
tryb1,DDTA,1.0,NEF,,1.35,2.564,1.351,148,7798,78,2,0.576,1.36,0.502,2.564,0.005,0.005,,0.03
tysy,DDTA,1.0,NEF,,3.67,5.797,3.648,109,6859,69,4,0.792,3.811,0.514,5.797,0.034,0.033,,0.07
urok,DDTA,1.0,NEF,,2.47,3.96,2.448,162,10012,101,4,0.715,2.507,0.507,3.96,0.019,0.018,,0.06
vgfr2,DDTA,1.0,NEF,,4.65,7.48,4.638,409,25359,254,19,0.831,4.932,0.519,7.48,0.047,0.046,,0.08
wee1,DDTA,1.0,NEF,,0.0,0.0,0.0,102,6252,63,0,0.0,0.0,0.495,0.0,-0.013,-0.013,,0.0
xiap,DDTA,1.0,NEF,,0.0,0.0,0.0,100,5250,53,0,0.0,0.0,0.495,0.0,-0.014,-0.013,,0.0
aa2ar,CompScore*,1.0,NEF,,46.19,69.47,46.168,482,32032,321,223,0.993,148.947,0.73,69.47,0.562,0.55,,
abl1,CompScore*,1.0,NEF,,35.33,59.091,35.494,182,10932,110,65,0.988,85.317,0.676,59.091,0.452,0.438,,
ace,CompScore*,1.0,NEF,,29.5,48.256,29.402,282,17182,172,83,0.982,55.889,0.645,48.256,0.369,0.358,,
aces,CompScore*,1.0,NEF,,32.25,54.851,32.333,453,26703,268,147,0.986,70.398,0.66,54.851,0.414,0.4,,
ada,CompScore*,1.0,NEF,,45.58,76.786,45.766,93,5543,56,43,0.995,193.838,0.73,76.786,0.591,0.572,,
ada17,CompScore*,1.0,NEF,,51.06,74.521,51.033,532,36432,365,272,0.995,197.364,0.754,74.521,0.613,0.602,,
adrb1,CompScore*,1.0,NEF,,26.27,40.373,26.311,247,16097,161,65,0.978,43.448,0.629,40.373,0.318,0.31,,
adrb2,CompScore*,1.0,NEF,,23.94,36.601,24.133,231,15231,153,56,0.974,37.488,0.618,36.601,0.289,0.283,,
akt1,CompScore*,1.0,NEF,,37.57,65.476,37.415,293,16743,168,110,0.991,106.479,0.686,65.476,0.489,0.47,,
akt2,CompScore*,1.0,NEF,,36.13,60.563,36.322,117,7017,71,43,0.989,90.568,0.682,60.563,0.465,0.451,,
aldr,CompScore*,1.0,NEF,,32.02,55.435,31.933,159,9159,92,51,0.986,70.41,0.658,55.435,0.414,0.399,,
ampc,CompScore*,1.0,NEF,,39.27,65.517,39.556,48,2898,29,19,0.991,112.812,0.696,65.517,0.503,0.487,,
andr,CompScore*,1.0,NEF,,30.14,55.782,30.315,269,14619,147,82,0.985,67.298,0.65,55.782,0.405,0.386,,
aofb,CompScore*,1.0,NEF,,21.69,38.028,21.888,122,7022,71,27,0.972,34.706,0.607,38.028,0.281,0.27,,
bace1,CompScore*,1.0,NEF,,17.47,26.63,17.298,283,18383,184,49,0.959,23.214,0.583,26.63,0.205,0.2,,
braf,CompScore*,1.0,NEF,,36.68,54.902,36.488,152,10102,102,56,0.988,79.691,0.682,54.902,0.443,0.434,,
cah2,CompScore*,1.0,NEF,,31.74,49.211,31.671,492,31664,317,156,0.984,61.39,0.656,49.211,0.387,0.378,,
casp3,CompScore*,1.0,NEF,,17.54,32.11,17.586,199,10899,109,35,0.962,25.431,0.584,32.11,0.227,0.217,,
cdk2,CompScore*,1.0,NEF,,27.36,45.775,27.353,474,28324,284,130,0.98,49.599,0.634,45.775,0.346,0.335,,
comt,CompScore*,1.0,NEF,,91.85,97.436,92.469,41,3891,39,38,1.0,3568.293,0.963,97.436,0.95,0.949,,
cp2c9,CompScore*,1.0,NEF,,15.05,23.684,14.941,120,7570,76,18,0.951,19.267,0.571,23.684,0.178,0.174,,
cp3a4,CompScore*,1.0,NEF,,14.04,20.0,14.082,170,11970,120,24,0.946,17.353,0.567,20.0,0.158,0.156,,
csf1r,CompScore*,1.0,NEF,,33.01,44.355,32.908,166,12316,124,55,0.983,58.342,0.663,44.355,0.376,0.372,,
cxcr4,CompScore*,1.0,NEF,,51.61,60.0,51.69,40,3446,35,21,0.992,127.725,0.76,60.0,0.556,0.555,,
def,CompScore*,1.0,NEF,,58.46,103.39,58.811,102,5802,59,61,1.001,inf,0.799,100.0,0.784,0.755,,
dhi1,CompScore*,1.0,NEF,,19.94,33.503,19.98,330,19680,197,66,0.967,29.542,0.597,33.503,0.249,0.241,,
dpp4,CompScore*,1.0,NEF,,42.95,55.181,42.947,533,41483,415,229,0.99,94.591,0.713,55.181,0.481,0.477,,
drd3,CompScore*,1.0,NEF,,26.41,36.705,26.405,480,34530,346,127,0.976,41.137,0.629,36.705,0.303,0.299,,
dyr,CompScore*,1.0,NEF,,52.18,69.143,52.174,231,17431,175,121,0.994,166.843,0.76,69.143,0.597,0.591,,
egfr,CompScore*,1.0,NEF,,49.32,75.0,49.251,542,35592,356,267,0.995,194.004,0.745,75.0,0.603,0.59,,
esr1,CompScore*,1.0,NEF,,43.26,78.673,43.276,383,21068,211,166,0.995,199.229,0.716,78.673,0.579,0.553,,
esr2,CompScore*,1.0,NEF,,41.71,74.272,41.621,367,20566,206,153,0.994,158.884,0.707,74.272,0.551,0.528,,
fa10,CompScore*,1.0,NEF,,39.34,73.356,39.427,537,28862,289,212,0.993,145.225,0.696,73.356,0.532,0.507,,
fa7,CompScore*,1.0,NEF,,55.5,100.0,55.825,114,6364,64,64,1.0,inf,0.781,100.0,0.746,0.715,,
fabp4,CompScore*,1.0,NEF,,41.49,71.429,42.508,47,2797,28,20,0.993,146.277,0.711,71.429,0.546,0.527,,
fak1,CompScore*,1.0,NEF,,36.8,67.273,36.664,100,5450,55,37,0.991,109.972,0.683,67.273,0.492,0.471,,
fgfr1,CompScore*,1.0,NEF,,30.07,47.191,30.009,139,8839,89,42,0.982,55.931,0.648,47.191,0.37,0.361,,
fkb1a,CompScore*,1.0,NEF,,38.12,71.667,38.164,111,5911,60,43,0.992,132.167,0.692,71.667,0.521,0.496,,
fnta,CompScore*,1.0,NEF,,15.86,18.042,15.876,592,52092,521,94,0.95,19.151,0.575,18.042,0.16,0.16,,
fpps,CompScore*,1.0,NEF,,81.47,77.778,81.758,85,8935,90,70,0.997,364.412,0.911,82.353,0.798,0.798,,
gcr,CompScore*,1.0,NEF,,27.09,45.752,27.057,258,15258,153,70,0.98,49.033,0.633,45.752,0.344,0.332,,
glcm,CompScore*,1.0,NEF,,61.0,84.615,60.39,54,3854,39,33,0.997,387.037,0.805,84.615,0.716,0.706,,
gria2,CompScore*,1.0,NEF,,46.92,61.983,47.088,158,12003,121,75,0.992,122.231,0.735,61.983,0.537,0.532,,
grik1,CompScore*,1.0,NEF,,56.81,86.567,57.006,101,6651,67,58,0.998,417.932,0.786,86.567,0.702,0.687,,
hdac2,CompScore*,1.0,NEF,,42.19,74.286,42.102,185,10485,105,78,0.994,160.841,0.71,74.286,0.554,0.532,,
hdac8,CompScore*,1.0,NEF,,63.06,100.935,63.054,170,10620,107,108,1.0,inf,0.818,100.0,0.798,0.777,,
hivint,CompScore*,1.0,NEF,,16.99,25.0,16.875,100,6750,68,17,0.957,22.167,0.581,25.0,0.196,0.193,,
hivpr,CompScore*,1.0,NEF,,18.2,26.997,18.277,536,36286,363,98,0.961,24.666,0.588,26.997,0.213,0.209,,
hivrt,CompScore*,1.0,NEF,,21.77,38.342,21.813,338,19229,193,74,0.972,34.755,0.606,38.342,0.28,0.269,,
hmdh,CompScore*,1.0,NEF,,46.45,88.889,46.641,170,8920,90,80,0.998,411.765,0.735,88.889,0.642,0.61,,
hs90a,CompScore*,1.0,NEF,,47.44,84.0,47.135,88,4938,50,42,0.997,289.347,0.738,84.0,0.629,0.604,,
hxk4,CompScore*,1.0,NEF,,36.77,70.833,36.895,92,4792,48,34,0.992,124.068,0.683,70.833,0.505,0.479,,
igf1r,CompScore*,1.0,NEF,,32.14,50.526,32.255,148,9448,95,48,0.985,64.175,0.66,50.526,0.397,0.388,,
inha,CompScore*,1.0,NEF,,42.05,79.167,43.137,43,2343,24,19,0.995,203.256,0.72,79.167,0.586,0.561,,
ital,CompScore*,1.0,NEF,,24.63,39.08,24.462,138,8638,87,34,0.975,39.513,0.62,39.08,0.302,0.293,,
jak2,CompScore*,1.0,NEF,,47.35,76.119,47.002,107,6607,67,51,0.995,193.633,0.737,76.119,0.597,0.581,,
kif11,CompScore*,1.0,NEF,,51.34,85.714,51.473,116,6966,70,60,0.997,354.31,0.758,85.714,0.662,0.641,,
kit,CompScore*,1.0,NEF,,23.43,36.449,23.31,166,10616,107,39,0.973,36.105,0.614,36.449,0.284,0.277,,
kith,CompScore*,1.0,NEF,,50.91,100.0,51.0,57,2907,30,30,1.0,inf,0.763,100.0,0.722,0.685,,
kpcb,CompScore*,1.0,NEF,,47.24,71.91,47.061,135,8835,89,64,0.994,164.978,0.736,71.91,0.579,0.566,,
lck,CompScore*,1.0,NEF,,36.99,55.914,37.036,420,27820,279,156,0.988,82.741,0.683,55.914,0.449,0.44,,
lkha4,CompScore*,1.0,NEF,,28.43,50.515,28.422,171,9621,97,49,0.983,56.414,0.641,50.515,0.372,0.357,,
mapk2,CompScore*,1.0,NEF,,61.13,98.413,60.909,101,6251,63,62,1.0,3775.248,0.807,98.413,0.775,0.753,,
mcr,CompScore*,1.0,NEF,,34.54,62.264,34.735,94,5244,53,33,0.989,90.399,0.674,62.264,0.461,0.442,,
met,CompScore*,1.0,NEF,,43.27,62.609,43.057,166,11416,115,72,0.991,113.477,0.715,62.609,0.515,0.507,,
mk01,CompScore*,1.0,NEF,,32.62,55.319,32.414,79,4629,47,26,0.986,71.308,0.662,55.319,0.419,0.405,,
mk10,CompScore*,1.0,NEF,,36.42,55.882,36.023,104,6704,68,38,0.988,80.385,0.68,55.882,0.445,0.435,,
mk14,CompScore*,1.0,NEF,,23.87,37.808,23.828,578,36428,365,138,0.974,37.706,0.616,37.808,0.292,0.284,,
mmp13,CompScore*,1.0,NEF,,38.29,57.937,38.258,572,37772,378,219,0.989,89.576,0.689,57.937,0.465,0.454,,
mp2k1,CompScore*,1.0,NEF,,23.27,33.735,23.06,121,8271,83,28,0.972,34.29,0.612,33.735,0.271,0.266,,
nos1,CompScore*,1.0,NEF,,44.44,54.878,44.726,100,8150,82,45,0.99,97.905,0.723,54.878,0.491,0.489,,
nram,CompScore*,1.0,NEF,,64.07,100.0,64.265,98,6298,63,63,1.0,inf,0.821,100.0,0.8,0.78,,
pa2ga,CompScore*,1.0,NEF,,40.93,77.358,41.016,99,5249,53,41,0.994,177.736,0.706,77.358,0.56,0.533,,
parp1,CompScore*,1.0,NEF,,58.26,96.732,58.188,508,30558,306,296,0.999,1750.945,0.791,96.732,0.748,0.724,,
pde5a,CompScore*,1.0,NEF,,34.09,48.571,34.107,398,27948,280,136,0.985,65.375,0.668,48.571,0.4,0.394,,
pgh1,CompScore*,1.0,NEF,,20.1,35.455,19.991,195,10995,110,39,0.968,30.423,0.597,35.455,0.257,0.246,,
pgh2,CompScore*,1.0,NEF,,32.26,59.322,32.163,435,23585,236,140,0.987,77.61,0.659,59.322,0.429,0.41,,
plk1,CompScore*,1.0,NEF,,42.29,65.714,42.419,107,6907,70,46,0.992,121.807,0.713,65.714,0.526,0.514,,
pnph,CompScore*,1.0,NEF,,65.13,95.775,65.582,103,7053,71,68,0.999,1529.45,0.83,95.775,0.793,0.779,,
ppara,CompScore*,1.0,NEF,,19.6,36.869,19.543,373,19772,198,73,0.968,30.373,0.595,36.869,0.259,0.246,,
ppard,CompScore*,1.0,NEF,,23.22,44.8,23.315,240,12490,125,56,0.976,41.425,0.614,44.8,0.314,0.298,,
pparg,CompScore*,1.0,NEF,,22.39,41.86,22.3,484,25784,258,108,0.974,37.636,0.609,41.86,0.296,0.282,,
prgr,CompScore*,1.0,NEF,,45.33,83.125,45.231,293,15943,160,133,0.996,263.108,0.726,83.125,0.609,0.582,,
ptn1,CompScore*,1.0,NEF,,38.85,68.919,39.125,130,7380,74,51,0.992,123.662,0.695,68.919,0.514,0.494,,
pur2,CompScore*,1.0,NEF,,54.66,100.0,55.0,50,2750,28,28,1.0,inf,0.78,100.0,0.745,0.714,,
pygm,CompScore*,1.0,NEF,,16.49,31.707,16.583,77,4027,41,13,0.96,23.817,0.581,31.707,0.221,0.21,,
pyrd,CompScore*,1.0,NEF,,50.55,84.848,50.152,111,6561,66,56,0.997,325.405,0.751,84.848,0.65,0.628,,
reni,CompScore*,1.0,NEF,,41.99,61.972,42.081,104,7062,71,44,0.991,109.028,0.71,61.972,0.506,0.497,,
rock1,CompScore*,1.0,NEF,,40.83,64.062,41.0,100,6400,64,41,0.991,112.304,0.703,64.062,0.506,0.494,,
rxra,CompScore*,1.0,NEF,,53.25,98.592,53.292,131,7081,71,70,1.0,3713.74,0.767,98.592,0.723,0.689,,
sahh,CompScore*,1.0,NEF,,48.02,86.111,48.017,63,3513,36,31,0.997,339.524,0.745,86.111,0.646,0.621,,
src,CompScore*,1.0,NEF,,32.67,49.003,32.753,524,35024,351,172,0.984,63.265,0.662,49.003,0.394,0.386,,
tgfr1,CompScore*,1.0,NEF,,56.76,87.356,56.703,133,8633,87,76,0.998,441.558,0.785,87.356,0.703,0.687,,
thb,CompScore*,1.0,NEF,,53.38,72.368,53.068,103,7553,76,55,0.995,189.436,0.766,72.368,0.617,0.61,,
thrb,CompScore*,1.0,NEF,,45.92,77.091,45.928,461,27465,275,212,0.995,197.116,0.729,77.091,0.59,0.571,,
try1,CompScore*,1.0,NEF,,58.34,99.245,58.418,449,26429,265,263,1.0,7608.842,0.793,99.245,0.76,0.733,,
tryb1,CompScore*,1.0,NEF,,43.68,83.333,43.908,148,7798,78,65,0.996,258.446,0.719,83.333,0.6,0.57,,
tysy,CompScore*,1.0,NEF,,35.39,56.522,35.567,109,6859,69,39,0.988,80.505,0.677,56.522,0.443,0.431,,
urok,CompScore*,1.0,NEF,,60.94,99.01,61.191,162,10012,101,100,1.0,6080.247,0.809,99.01,0.779,0.757,,
vgfr2,CompScore*,1.0,NEF,,26.78,43.307,26.851,409,25359,254,110,0.979,46.599,0.632,43.307,0.333,0.323,,
wee1,CompScore*,1.0,NEF,,61.16,100.0,61.294,102,6252,63,63,1.0,inf,0.809,100.0,0.783,0.761,,
xiap,CompScore*,1.0,NEF,,52.3,100.0,52.5,100,5250,53,53,1.0,inf,0.765,100.0,0.725,0.689,,
ada,ESSENCE-DOCK*†(21/102),1.0,NEF,,11.9,19.643,11.708,93,5543,56,11,0.935,14.325,0.555,19.643,0.141,0.137,,
akt1,ESSENCE-DOCK*†(21/102),1.0,NEF,,2.7,4.762,2.721,293,16743,168,8,0.737,2.807,0.509,4.762,0.023,0.022,,
ampc,ESSENCE-DOCK*†(21/102),1.0,NEF,,2.1,3.448,2.082,48,2898,29,1,0.68,2.121,0.506,3.448,0.014,0.014,,
casp3,ESSENCE-DOCK*†(21/102),1.0,NEF,,9.5,17.431,9.547,199,10899,109,19,0.919,11.351,0.544,17.431,0.117,0.112,,
cp3a4,ESSENCE-DOCK*†(21/102),1.0,NEF,,1.8,2.5,1.76,170,11970,120,3,0.64,1.78,0.504,2.5,0.009,0.009,,
cxcr4,ESSENCE-DOCK*†(21/102),1.0,NEF,,0.0,0.0,0.0,40,3446,35,0,0.0,0.0,0.495,0.0,-0.011,-0.011,,
fa7,ESSENCE-DOCK*†(21/102),1.0,NEF,,17.4,31.25,17.445,114,6364,64,20,0.961,24.92,0.584,31.25,0.224,0.215,,
fabp4,ESSENCE-DOCK*†(21/102),1.0,NEF,,10.6,17.857,10.627,47,2797,28,5,0.927,12.72,0.549,17.857,0.127,0.122,,
fpps,ESSENCE-DOCK*†(21/102),1.0,NEF,,20.1,18.889,19.856,85,8935,90,17,0.96,24.247,0.596,20.0,0.186,0.186,,
gcr,ESSENCE-DOCK*†(21/102),1.0,NEF,,13.9,23.529,13.915,258,15258,153,36,0.947,17.889,0.566,23.529,0.17,0.165,,
glcm,ESSENCE-DOCK*†(21/102),1.0,NEF,,5.5,7.692,5.49,54,3854,39,3,0.854,5.864,0.523,7.692,0.054,0.053,,
hivpr,ESSENCE-DOCK*†(21/102),1.0,NEF,,9.7,14.325,9.698,536,36286,363,52,0.918,11.152,0.544,14.325,0.107,0.105,,
hivrt,ESSENCE-DOCK*†(21/102),1.0,NEF,,8.9,15.544,8.843,338,19229,193,30,0.911,10.287,0.54,15.544,0.106,0.102,,
hs90a,ESSENCE-DOCK*†(21/102),1.0,NEF,,8.0,14.0,7.856,88,4938,50,7,0.9,8.972,0.535,14.0,0.093,0.09,,
ital,ESSENCE-DOCK*†(21/102),1.0,NEF,,9.5,14.943,9.353,138,8638,87,13,0.915,10.821,0.543,14.943,0.107,0.104,,
kif11,ESSENCE-DOCK*†(21/102),1.0,NEF,,24.0,40.0,24.021,116,6966,70,28,0.975,39.368,0.618,40.0,0.302,0.292,,
mk14,ESSENCE-DOCK*†(21/102),1.0,NEF,,5.4,8.493,5.353,578,36428,365,31,0.852,5.757,0.522,8.493,0.056,0.054,,
nram,ESSENCE-DOCK*†(21/102),1.0,NEF,,17.3,26.984,17.341,98,6298,63,17,0.959,23.381,0.583,26.984,0.207,0.201,,
pa2ga,ESSENCE-DOCK*†(21/102),1.0,NEF,,25.5,47.17,25.01,99,5249,53,25,0.979,46.447,0.624,47.17,0.336,0.32,,
try1,ESSENCE-DOCK*†(21/102),1.0,NEF,,8.2,13.962,8.218,449,26429,265,37,0.904,9.39,0.537,13.962,0.096,0.092,,
wee1,ESSENCE-DOCK*†(21/102),1.0,NEF,,53.5,87.302,53.511,102,6252,63,55,0.998,414.522,0.769,87.302,0.682,0.662,,
aa2ar,SIEVE-Score‡,1.0,NEF,,51.0,76.636,50.929,482,32032,321,246,0.995,214.697,0.754,76.636,0.621,0.608,,
abl1,SIEVE-Score‡,1.0,NEF,,34.4,57.273,34.401,182,10932,110,63,0.988,79.173,0.671,57.273,0.438,0.424,,
ace,SIEVE-Score‡,1.0,NEF,,30.3,50.0,30.465,282,17182,172,86,0.984,59.929,0.65,50.0,0.383,0.371,,
aces,SIEVE-Score‡,1.0,NEF,,35.3,59.701,35.192,453,26703,268,160,0.988,85.847,0.675,59.701,0.452,0.437,,
ada,SIEVE-Score‡,1.0,NEF,,55.2,92.857,55.345,93,5543,56,52,0.999,761.828,0.779,92.857,0.717,0.694,,
ada17,SIEVE-Score‡,1.0,NEF,,59.3,86.575,59.288,532,36432,365,316,0.998,435.185,0.796,86.575,0.714,0.701,,
adrb1,SIEVE-Score‡,1.0,NEF,,42.1,64.596,42.097,247,16097,161,104,0.992,117.082,0.709,64.596,0.516,0.504,,
adrb2,SIEVE-Score‡,1.0,NEF,,42.4,64.052,42.233,231,15231,153,98,0.991,115.702,0.71,64.052,0.515,0.504,,
akt1,SIEVE-Score‡,1.0,NEF,,42.1,73.81,42.177,293,16743,168,124,0.994,158.222,0.71,73.81,0.553,0.532,,
akt2,SIEVE-Score‡,1.0,NEF,,49.0,81.69,48.993,117,7017,71,58,0.996,263.116,0.747,81.69,0.632,0.612,,
aldr,SIEVE-Score‡,1.0,NEF,,28.2,48.913,28.176,159,9159,92,45,0.982,54.195,0.639,48.913,0.364,0.35,,
ampc,SIEVE-Score‡,1.0,NEF,,30.7,51.724,31.228,48,2898,29,15,0.985,63.616,0.654,51.724,0.394,0.382,,
andr,SIEVE-Score‡,1.0,NEF,,40.5,74.83,40.667,269,14619,147,110,0.994,158.595,0.703,74.83,0.547,0.523,,
aofb,SIEVE-Score‡,1.0,NEF,,14.2,25.352,14.592,122,7022,71,18,0.951,19.208,0.57,25.352,0.183,0.176,,
bace1,SIEVE-Score‡,1.0,NEF,,36.6,56.522,36.715,283,18383,184,104,0.988,83.145,0.682,56.522,0.449,0.439,,
braf,SIEVE-Score‡,1.0,NEF,,47.0,70.588,46.913,152,10102,102,72,0.994,157.105,0.735,70.588,0.573,0.562,,
cah2,SIEVE-Score‡,1.0,NEF,,23.2,35.962,23.144,492,31664,317,114,0.973,35.58,0.613,35.962,0.28,0.273,,
casp3,SIEVE-Score‡,1.0,NEF,,45.6,83.486,45.724,199,10899,109,91,0.996,271.831,0.728,83.486,0.613,0.586,,
cdk2,SIEVE-Score‡,1.0,NEF,,34.8,58.099,34.717,474,28324,284,165,0.988,81.467,0.672,58.099,0.443,0.428,,
comt,SIEVE-Score‡,1.0,NEF,,75.5,79.487,75.435,41,3891,39,31,0.997,363.872,0.877,79.487,0.773,0.773,,
cp2c9,SIEVE-Score‡,1.0,NEF,,9.3,14.474,9.13,120,7570,76,11,0.913,10.506,0.541,14.474,0.104,0.101,,
cp3a4,SIEVE-Score‡,1.0,NEF,,6.7,9.167,6.454,170,11970,120,11,0.875,7.005,0.528,9.167,0.066,0.065,,
csf1r,SIEVE-Score‡,1.0,NEF,,43.2,58.065,43.08,166,12316,124,72,0.99,101.344,0.715,58.065,0.496,0.491,,
cxcr4,SIEVE-Score‡,1.0,NEF,,61.1,71.429,61.536,40,3446,35,25,0.995,212.875,0.811,71.429,0.665,0.663,,
def,SIEVE-Score‡,1.0,NEF,,56.6,100.0,56.882,102,5802,59,59,1.0,inf,0.789,100.0,0.758,0.729,,
dhi1,SIEVE-Score‡,1.0,NEF,,27.7,46.701,27.85,330,19680,197,92,0.981,51.377,0.637,46.701,0.353,0.341,,
dpp4,SIEVE-Score‡,1.0,NEF,,61.5,79.036,61.513,533,41483,415,328,0.997,289.655,0.807,79.036,0.694,0.688,,
drd3,SIEVE-Score‡,1.0,NEF,,50.8,70.52,50.73,480,34530,346,244,0.994,169.694,0.753,70.52,0.594,0.586,,
dyr,SIEVE-Score‡,1.0,NEF,,56.4,74.857,56.486,231,17431,175,131,0.996,221.684,0.782,74.857,0.648,0.641,,
egfr,SIEVE-Score‡,1.0,NEF,,44.7,67.978,44.639,542,35592,356,242,0.993,137.277,0.722,67.978,0.545,0.533,,
esr1,SIEVE-Score‡,1.0,NEF,,53.2,96.682,53.183,383,21068,211,204,0.999,1573.943,0.766,96.682,0.714,0.683,,
esr2,SIEVE-Score‡,1.0,NEF,,53.3,95.146,53.318,367,20566,206,196,0.999,1078.748,0.767,95.146,0.709,0.68,,
fa10,SIEVE-Score‡,1.0,NEF,,37.8,70.242,37.753,537,28862,289,203,0.992,124.507,0.687,70.242,0.509,0.485,,
fa7,SIEVE-Score‡,1.0,NEF,,54.5,96.875,54.08,114,6364,64,62,0.999,1699.561,0.772,96.875,0.723,0.693,,
fabp4,SIEVE-Score‡,1.0,NEF,,47.3,78.571,46.758,47,2797,28,22,0.995,214.539,0.733,78.571,0.602,0.581,,
fak1,SIEVE-Score‡,1.0,NEF,,54.2,100.0,54.5,100,5450,55,55,1.0,inf,0.775,100.0,0.739,0.706,,
fgfr1,SIEVE-Score‡,1.0,NEF,,0.0,0.0,0.0,139,8839,89,0,0.0,0.0,0.495,0.0,-0.013,-0.012,,
fkb1a,SIEVE-Score‡,1.0,NEF,,50.4,95.0,50.59,111,5911,60,57,0.999,992.793,0.756,95.0,0.695,0.662,,
fnta,SIEVE-Score‡,1.0,NEF,,44.3,50.288,44.25,592,52092,521,262,0.989,88.001,0.719,50.288,0.466,0.465,,
fpps,SIEVE-Score‡,1.0,NEF,,81.0,76.667,80.59,85,8935,90,69,0.997,342.101,0.905,81.176,0.787,0.786,,
gcr,SIEVE-Score‡,1.0,NEF,,33.3,56.209,33.242,258,15258,153,86,0.987,74.627,0.664,56.209,0.426,0.411,,
glcm,SIEVE-Score‡,1.0,NEF,,35.9,51.282,36.6,54,3854,39,20,0.987,74.074,0.683,51.282,0.429,0.423,,
gria2,SIEVE-Score‡,1.0,NEF,,56.6,74.38,56.505,158,12003,121,90,0.995,217.65,0.784,74.38,0.647,0.641,,
grik1,SIEVE-Score‡,1.0,NEF,,63.2,95.522,62.903,101,6651,67,64,0.999,1383.498,0.817,95.522,0.775,0.759,,
hdac2,SIEVE-Score‡,1.0,NEF,,49.9,87.619,49.659,185,10485,105,92,0.997,394.012,0.748,87.619,0.656,0.63,,
hdac8,SIEVE-Score‡,1.0,NEF,,59.6,95.327,59.551,170,10620,107,102,0.999,1254.0,0.8,95.327,0.753,0.733,,
hivint,SIEVE-Score‡,1.0,NEF,,23.8,35.294,23.824,100,6750,68,24,0.973,36.273,0.617,35.294,0.282,0.277,,
hivpr,SIEVE-Score‡,1.0,NEF,,38.3,56.474,38.232,536,36286,363,205,0.989,86.538,0.689,56.474,0.458,0.449,,
hivrt,SIEVE-Score‡,1.0,NEF,,39.8,69.948,39.794,338,19229,193,135,0.992,130.09,0.698,69.948,0.522,0.502,,
hmdh,SIEVE-Score‡,1.0,NEF,,52.3,100.0,52.471,170,8920,90,90,1.0,inf,0.765,100.0,0.724,0.688,,
hs90a,SIEVE-Score‡,1.0,NEF,,38.0,68.0,38.157,88,4938,50,34,0.992,117.116,0.692,68.0,0.506,0.486,,
hxk4,SIEVE-Score‡,1.0,NEF,,36.7,70.833,36.895,92,4792,48,34,0.992,124.068,0.683,70.833,0.505,0.479,,
igf1r,SIEVE-Score‡,1.0,NEF,,41.0,64.211,40.991,148,9448,95,61,0.991,112.738,0.704,64.211,0.508,0.496,,
inha,SIEVE-Score‡,1.0,NEF,,6.8,12.5,6.811,43,2343,24,3,0.884,7.641,0.53,12.5,0.081,0.077,,
ital,SIEVE-Score‡,1.0,NEF,,25.3,40.23,25.182,138,8638,87,35,0.976,41.458,0.624,40.23,0.311,0.302,,
jak2,SIEVE-Score‡,1.0,NEF,,45.3,73.134,45.159,107,6607,67,49,0.994,165.369,0.728,73.134,0.573,0.558,,
kif11,SIEVE-Score‡,1.0,NEF,,53.4,88.571,53.189,116,6966,70,62,0.998,457.651,0.767,88.571,0.684,0.662,,
kit,SIEVE-Score‡,1.0,NEF,,24.2,37.383,23.907,166,10616,107,40,0.974,37.583,0.617,37.383,0.291,0.284,,
kith,SIEVE-Score‡,1.0,NEF,,49.8,96.667,49.3,57,2907,30,29,0.999,1450.0,0.754,96.667,0.698,0.662,,
kpcb,SIEVE-Score‡,1.0,NEF,,57.2,87.64,57.356,135,8835,89,78,0.998,456.97,0.788,87.64,0.708,0.693,,
lck,SIEVE-Score‡,1.0,NEF,,41.0,62.007,41.072,420,27820,279,173,0.991,106.473,0.704,62.007,0.499,0.489,,
lkha4,SIEVE-Score‡,1.0,NEF,,37.9,67.01,37.702,171,9621,97,65,0.991,112.253,0.688,67.01,0.498,0.478,,
mapk2,SIEVE-Score‡,1.0,NEF,,56.4,90.476,55.997,101,6251,63,57,0.998,578.465,0.782,90.476,0.711,0.691,,
mcr,SIEVE-Score‡,1.0,NEF,,27.1,49.057,27.367,94,5244,53,26,0.981,52.758,0.636,49.057,0.36,0.345,,
met,SIEVE-Score‡,1.0,NEF,,49.1,71.304,49.037,166,11416,115,82,0.994,168.401,0.746,71.304,0.589,0.579,,
mk01,SIEVE-Score‡,1.0,NEF,,41.7,70.213,41.141,79,4629,47,33,0.993,135.759,0.707,70.213,0.536,0.518,,
mk10,SIEVE-Score‡,1.0,NEF,,27.5,42.647,27.491,104,6704,68,29,0.979,47.189,0.636,42.647,0.337,0.329,,
mk14,SIEVE-Score‡,1.0,NEF,,30.6,48.493,30.562,578,36428,365,177,0.983,58.395,0.65,48.493,0.378,0.368,,
mmp13,SIEVE-Score‡,1.0,NEF,,61.6,93.386,61.668,572,37772,378,353,0.999,918.294,0.808,93.386,0.756,0.74,,
mp2k1,SIEVE-Score‡,1.0,NEF,,5.0,7.229,4.941,121,8271,83,6,0.84,5.248,0.52,7.229,0.048,0.047,,
nos1,SIEVE-Score‡,1.0,NEF,,24.9,30.488,24.848,100,8150,82,25,0.972,35.307,0.621,30.488,0.268,0.267,,
nram,SIEVE-Score‡,1.0,NEF,,61.8,96.825,62.225,98,6298,63,61,0.999,1929.592,0.811,96.825,0.774,0.755,,
pa2ga,SIEVE-Score‡,1.0,NEF,,49.9,94.34,50.019,99,5249,53,50,0.999,867.003,0.752,94.34,0.686,0.653,,
parp1,SIEVE-Score‡,1.0,NEF,,59.6,99.02,59.564,508,30558,306,303,1.0,5974.508,0.798,99.02,0.766,0.741,,
pde5a,SIEVE-Score‡,1.0,NEF,,14.0,20.0,14.044,398,27948,280,56,0.945,17.305,0.566,20.0,0.158,0.155,,
pgh1,SIEVE-Score‡,1.0,NEF,,35.8,63.636,35.881,195,10995,110,70,0.99,96.923,0.678,63.636,0.471,0.452,,
pgh2,SIEVE-Score‡,1.0,NEF,,42.0,77.542,42.042,435,23585,236,183,0.995,183.754,0.709,77.542,0.566,0.539,,
plk1,SIEVE-Score‡,1.0,NEF,,40.7,62.857,40.575,107,6907,70,44,0.991,107.549,0.704,62.857,0.502,0.491,,
pnph,SIEVE-Score‡,1.0,NEF,,65.4,95.775,65.582,103,7053,71,68,0.999,1529.45,0.83,95.775,0.793,0.779,,
ppara,SIEVE-Score‡,1.0,NEF,,31.4,59.091,31.323,373,19772,198,117,0.987,75.123,0.655,59.091,0.423,0.402,,
ppard,SIEVE-Score‡,1.0,NEF,,33.8,64.8,33.723,240,12490,125,81,0.989,93.963,0.667,64.8,0.461,0.436,,
pparg,SIEVE-Score‡,1.0,NEF,,34.4,64.729,34.483,484,25784,258,167,0.99,95.929,0.671,64.729,0.466,0.443,,
prgr,SIEVE-Score‡,1.0,NEF,,47.1,86.25,46.931,293,15943,160,138,0.997,335.045,0.735,86.25,0.633,0.604,,
ptn1,SIEVE-Score‡,1.0,NEF,,53.2,93.243,52.933,130,7380,74,69,0.999,769.615,0.765,93.243,0.7,0.672,,
pur2,SIEVE-Score‡,1.0,NEF,,54.6,100.0,55.0,50,2750,28,28,1.0,inf,0.78,100.0,0.745,0.714,,
pygm,SIEVE-Score‡,1.0,NEF,,34.8,65.854,34.441,77,4027,41,27,0.99,98.933,0.674,65.854,0.474,0.45,,
pyrd,SIEVE-Score‡,1.0,NEF,,56.8,95.455,56.421,111,6561,66,63,0.999,1220.27,0.784,95.455,0.733,0.708,,
reni,SIEVE-Score‡,1.0,NEF,,26.0,38.028,25.823,104,7062,71,27,0.976,41.055,0.627,38.028,0.306,0.3,,
rock1,SIEVE-Score‡,1.0,NEF,,48.4,75.0,48.0,100,6400,64,48,0.995,189.0,0.739,75.0,0.595,0.58,,
rxra,SIEVE-Score‡,1.0,NEF,,40.5,74.648,40.35,131,7081,71,53,0.994,156.213,0.701,74.648,0.544,0.518,,
sahh,SIEVE-Score‡,1.0,NEF,,34.8,61.111,34.077,63,3513,36,22,0.989,86.054,0.673,61.111,0.455,0.437,,
src,SIEVE-Score‡,1.0,NEF,,44.9,67.236,44.941,524,35024,351,236,0.993,135.115,0.724,67.236,0.545,0.534,,
tgfr1,SIEVE-Score‡,1.0,NEF,,61.5,94.253,61.179,133,8633,87,82,0.999,1048.12,0.808,94.253,0.76,0.742,,
thb,SIEVE-Score‡,1.0,NEF,,36.6,50.0,36.665,103,7553,76,38,0.986,72.33,0.682,50.0,0.423,0.418,,
thrb,SIEVE-Score‡,1.0,NEF,,51.6,86.545,51.561,461,27465,275,238,0.997,376.793,0.757,86.545,0.664,0.642,,
try1,SIEVE-Score‡,1.0,NEF,,56.5,95.849,56.419,449,26429,265,254,0.999,1336.084,0.783,95.849,0.733,0.708,,
tryb1,SIEVE-Score‡,1.0,NEF,,49.8,94.872,49.987,148,7798,78,74,0.999,956.25,0.75,94.872,0.685,0.65,,
tysy,SIEVE-Score‡,1.0,NEF,,58.7,92.754,58.367,109,6859,69,64,0.999,792.661,0.793,92.754,0.735,0.716,,
urok,SIEVE-Score‡,1.0,NEF,,57.0,92.079,56.907,162,10012,101,93,0.999,706.829,0.787,92.079,0.724,0.704,,
vgfr2,SIEVE-Score‡,1.0,NEF,,37.4,60.236,37.348,409,25359,254,153,0.989,92.41,0.685,60.236,0.468,0.455,,
wee1,SIEVE-Score‡,1.0,NEF,,60.7,98.413,60.321,102,6252,63,62,1.0,3738.235,0.804,98.413,0.771,0.748,,
xiap,SIEVE-Score‡,1.0,NEF,,51.8,98.113,51.509,100,5250,53,52,1.0,2678.0,0.76,98.113,0.711,0.675,,
aa2ar,DLIGAND2,1.0,NEF,,2.5,3.738,2.484,482,32032,321,12,0.718,2.542,0.508,3.738,0.018,0.018,,
abl1,DLIGAND2,1.0,NEF,,7.49,12.727,7.645,182,10932,110,14,0.896,8.614,0.534,12.727,0.087,0.084,,
ace,DLIGAND2,1.0,NEF,,2.99,4.651,2.834,282,17182,172,8,0.745,2.923,0.509,4.651,0.024,0.023,,
aces,DLIGAND2,1.0,NEF,,0.75,1.119,0.66,453,26703,268,3,0.396,0.656,0.498,1.119,-0.004,-0.004,,
ada,DLIGAND2,1.0,NEF,,0.39,0.0,0.0,93,5543,56,0,0.0,0.0,0.495,0.0,-0.013,-0.013,,
ada17,DLIGAND2,1.0,NEF,,1.56,2.192,1.501,532,36432,365,8,0.602,1.512,0.503,2.192,0.006,0.006,,
adrb1,DLIGAND2,1.0,NEF,,6.78,10.559,6.881,247,16097,161,17,0.883,7.576,0.53,10.559,0.074,0.072,,
adrb2,DLIGAND2,1.0,NEF,,7.17,11.111,7.326,231,15231,153,17,0.89,8.117,0.532,11.111,0.079,0.077,,
akt1,DLIGAND2,1.0,NEF,,9.24,16.071,9.184,293,16743,168,27,0.915,10.751,0.542,16.071,0.11,0.106,,
akt2,DLIGAND2,1.0,NEF,,1.06,1.408,0.845,117,7017,71,1,0.457,0.842,0.499,1.408,-0.002,-0.002,,
aldr,DLIGAND2,1.0,NEF,,0.45,1.087,0.626,159,9159,92,1,0.383,0.622,0.498,1.087,-0.005,-0.005,,
ampc,DLIGAND2,1.0,NEF,,0.0,0.0,0.0,48,2898,29,0,0.0,0.0,0.495,0.0,-0.013,-0.013,,
andr,DLIGAND2,1.0,NEF,,0.19,0.68,0.37,269,14619,147,1,0.268,0.365,0.497,0.68,-0.009,-0.008,,
aofb,DLIGAND2,1.0,NEF,,3.57,5.634,3.243,122,7022,71,4,0.772,3.377,0.512,5.634,0.03,0.029,,
bace1,DLIGAND2,1.0,NEF,,13.39,20.652,13.415,283,18383,184,38,0.943,16.646,0.563,20.652,0.156,0.152,,
braf,DLIGAND2,1.0,NEF,,4.41,6.863,4.561,152,10102,102,7,0.828,4.823,0.518,6.863,0.044,0.044,,
cah2,DLIGAND2,1.0,NEF,,0.36,0.631,0.406,492,31664,317,2,0.287,0.402,0.497,0.631,-0.008,-0.007,,
casp3,DLIGAND2,1.0,NEF,,2.86,5.505,3.015,199,10899,109,6,0.758,3.132,0.51,5.505,0.028,0.026,,
cdk2,DLIGAND2,1.0,NEF,,1.0,1.761,1.052,474,28324,284,5,0.513,1.053,0.5,1.761,0.001,0.001,,
comt,DLIGAND2,1.0,NEF,,0.0,0.0,0.0,41,3891,39,0,0.0,0.0,0.495,0.0,-0.01,-0.01,,
cp2c9,DLIGAND2,1.0,NEF,,6.59,10.526,6.64,120,7570,76,8,0.88,7.304,0.529,10.526,0.072,0.07,,
cp3a4,DLIGAND2,1.0,NEF,,3.62,5.0,3.521,170,11970,120,6,0.785,3.653,0.513,5.0,0.03,0.03,,
csf1r,DLIGAND2,1.0,NEF,,0.35,0.806,0.598,166,12316,124,1,0.373,0.595,0.498,0.806,-0.005,-0.005,,
cxcr4,DLIGAND2,1.0,NEF,,0.0,0.0,0.0,40,3446,35,0,0.0,0.0,0.495,0.0,-0.011,-0.011,,
def,DLIGAND2,1.0,NEF,,0.0,0.0,0.0,102,5802,59,0,0.0,0.0,0.495,0.0,-0.014,-0.013,,
dhi1,DLIGAND2,1.0,NEF,,0.39,0.508,0.303,330,19680,197,1,0.23,0.299,0.496,0.508,-0.009,-0.009,,
dpp4,DLIGAND2,1.0,NEF,,1.02,1.205,0.938,533,41483,415,5,0.484,0.937,0.5,1.205,-0.001,-0.001,,
drd3,DLIGAND2,1.0,NEF,,2.52,3.468,2.495,480,34530,346,12,0.718,2.549,0.508,3.468,0.018,0.018,,
dyr,DLIGAND2,1.0,NEF,,3.37,4.571,3.45,231,17431,175,8,0.781,3.567,0.512,4.571,0.029,0.028,,
egfr,DLIGAND2,1.0,NEF,,4.09,6.18,4.058,542,35592,356,22,0.81,4.26,0.516,6.18,0.038,0.037,,
esr1,DLIGAND2,1.0,NEF,,19.28,35.071,19.292,383,21068,211,74,0.967,29.172,0.593,35.071,0.25,0.239,,
esr2,DLIGAND2,1.0,NEF,,3.36,5.825,3.264,367,20566,206,12,0.773,3.404,0.512,5.825,0.031,0.029,,
fa10,DLIGAND2,1.0,NEF,,3.53,6.574,3.534,537,28862,289,19,0.788,3.712,0.513,6.574,0.035,0.033,,
fa7,DLIGAND2,1.0,NEF,,31.19,56.25,31.401,114,6364,64,36,0.986,70.489,0.656,56.25,0.414,0.397,,
fabp4,DLIGAND2,1.0,NEF,,21.1,35.714,21.254,47,2797,28,10,0.97,32.506,0.603,35.714,0.266,0.257,,
fak1,DLIGAND2,1.0,NEF,,0.0,0.0,0.0,100,5450,55,0,0.0,0.0,0.495,0.0,-0.014,-0.013,,
fgfr1,DLIGAND2,1.0,NEF,,3.05,4.494,2.858,139,8839,89,4,0.747,2.945,0.51,4.494,0.024,0.023,,
fkb1a,DLIGAND2,1.0,NEF,,6.61,11.667,6.213,111,5911,60,7,0.873,6.901,0.527,11.667,0.073,0.07,,
fnta,DLIGAND2,1.0,NEF,,15.02,17.083,15.031,592,52092,521,89,0.947,17.922,0.571,17.083,0.151,0.151,,
fpps,DLIGAND2,1.0,NEF,,0.0,0.0,0.0,85,8935,90,0,0.0,0.0,0.495,0.0,-0.01,-0.01,,
gcr,DLIGAND2,1.0,NEF,,0.36,0.654,0.387,258,15258,153,1,0.277,0.382,0.497,0.654,-0.008,-0.008,,
glcm,DLIGAND2,1.0,NEF,,0.0,0.0,0.0,54,3854,39,0,0.0,0.0,0.495,0.0,-0.012,-0.012,,
gria2,DLIGAND2,1.0,NEF,,1.01,1.653,1.256,158,12003,121,2,0.558,1.26,0.501,1.653,0.003,0.003,,
grik1,DLIGAND2,1.0,NEF,,0.0,0.0,0.0,101,6651,67,0,0.0,0.0,0.495,0.0,-0.013,-0.012,,
hdac2,DLIGAND2,1.0,NEF,,5.47,9.524,5.398,185,10485,105,10,0.854,5.861,0.522,9.524,0.059,0.057,,
hdac8,DLIGAND2,1.0,NEF,,0.0,0.0,0.0,170,10620,107,0,0.0,0.0,0.495,0.0,-0.013,-0.013,,
hivint,DLIGAND2,1.0,NEF,,12.37,17.647,11.912,100,6750,68,12,0.934,14.25,0.556,17.647,0.135,0.132,,
hivpr,DLIGAND2,1.0,NEF,,13.35,19.835,13.428,536,36286,363,72,0.943,16.503,0.563,19.835,0.153,0.15,,
hivrt,DLIGAND2,1.0,NEF,,0.16,0.518,0.295,338,19229,193,1,0.225,0.291,0.496,0.518,-0.009,-0.009,,
hmdh,DLIGAND2,1.0,NEF,,8.41,15.556,8.162,170,8920,90,14,0.905,9.481,0.537,15.556,0.101,0.096,,
hs90a,DLIGAND2,1.0,NEF,,0.0,0.0,0.0,88,4938,50,0,0.0,0.0,0.495,0.0,-0.014,-0.013,,
hxk4,DLIGAND2,1.0,NEF,,0.78,2.083,1.085,92,4792,48,1,0.521,1.087,0.5,2.083,0.001,0.001,,
igf1r,DLIGAND2,1.0,NEF,,9.26,14.737,9.408,148,9448,95,14,0.916,10.861,0.543,14.737,0.107,0.104,,
inha,DLIGAND2,1.0,NEF,,0.0,0.0,0.0,43,2343,24,0,0.0,0.0,0.495,0.0,-0.014,-0.013,,
ital,DLIGAND2,1.0,NEF,,0.0,0.0,0.0,138,8638,87,0,0.0,0.0,0.495,0.0,-0.013,-0.013,,
jak2,DLIGAND2,1.0,NEF,,9.22,14.925,9.216,107,6607,67,10,0.914,10.657,0.542,14.925,0.107,0.104,,
kif11,DLIGAND2,1.0,NEF,,0.51,1.429,0.858,116,6966,70,1,0.461,0.856,0.499,1.429,-0.002,-0.002,,
kit,DLIGAND2,1.0,NEF,,3.56,5.607,3.586,166,10616,107,6,0.789,3.74,0.513,5.607,0.033,0.032,,
kith,DLIGAND2,1.0,NEF,,2.31,3.333,1.7,57,2907,30,1,0.633,1.724,0.504,3.333,0.01,0.01,,
kpcb,DLIGAND2,1.0,NEF,,19.37,29.213,19.119,135,8835,89,26,0.964,26.596,0.593,29.213,0.228,0.223,,
lck,DLIGAND2,1.0,NEF,,4.83,7.168,4.748,420,27820,279,20,0.834,5.038,0.519,7.168,0.047,0.046,,
lkha4,DLIGAND2,1.0,NEF,,4.94,9.278,5.22,171,9621,97,9,0.85,5.652,0.522,9.278,0.057,0.055,,
mapk2,DLIGAND2,1.0,NEF,,1.46,1.587,0.982,101,6251,63,1,0.495,0.982,0.5,1.587,-0.0,-0.0,,
mcr,DLIGAND2,1.0,NEF,,2.6,3.774,2.105,94,5244,53,2,0.682,2.149,0.506,3.774,0.015,0.014,,
met,DLIGAND2,1.0,NEF,,0.82,0.87,0.598,166,11416,115,1,0.373,0.594,0.498,0.87,-0.005,-0.005,,
mk01,DLIGAND2,1.0,NEF,,1.44,2.128,1.247,79,4629,47,1,0.556,1.252,0.501,2.128,0.003,0.003,,
mk10,DLIGAND2,1.0,NEF,,3.75,5.882,3.792,104,6704,68,4,0.799,3.966,0.514,5.882,0.035,0.035,,
mk14,DLIGAND2,1.0,NEF,,3.61,5.753,3.626,578,36428,365,21,0.791,3.786,0.513,5.753,0.034,0.033,,
mmp13,DLIGAND2,1.0,NEF,,2.6,3.968,2.62,572,37772,378,15,0.729,2.687,0.508,3.968,0.02,0.02,,
mp2k1,DLIGAND2,1.0,NEF,,9.93,14.458,9.883,121,8271,83,12,0.919,11.384,0.545,14.458,0.109,0.107,,
nos1,DLIGAND2,1.0,NEF,,1.72,2.439,1.988,100,8150,82,2,0.668,2.013,0.505,2.439,0.011,0.011,,
nram,DLIGAND2,1.0,NEF,,0.45,0.0,0.0,98,6298,63,0,0.0,0.0,0.495,0.0,-0.013,-0.012,,
pa2ga,DLIGAND2,1.0,NEF,,4.7,9.434,5.002,99,5249,53,5,0.844,5.419,0.521,9.434,0.056,0.053,,
parp1,DLIGAND2,1.0,NEF,,1.62,2.614,1.573,508,30558,306,8,0.614,1.588,0.503,2.614,0.007,0.007,,
pde5a,DLIGAND2,1.0,NEF,,3.54,5.0,3.511,398,27948,280,14,0.785,3.643,0.513,5.0,0.03,0.03,,
pgh1,DLIGAND2,1.0,NEF,,0.8,1.818,1.025,195,10995,110,2,0.506,1.026,0.5,1.818,0.0,0.0,,
pgh2,DLIGAND2,1.0,NEF,,0.75,1.271,0.689,435,23585,236,3,0.407,0.685,0.498,1.271,-0.004,-0.004,,
plk1,DLIGAND2,1.0,NEF,,0.0,0.0,0.0,107,6907,70,0,0.0,0.0,0.495,0.0,-0.013,-0.012,,
pnph,DLIGAND2,1.0,NEF,,2.14,2.817,1.929,103,7053,71,2,0.662,1.956,0.505,2.817,0.011,0.011,,
ppara,DLIGAND2,1.0,NEF,,5.51,10.606,5.622,373,19772,198,21,0.861,6.17,0.524,10.606,0.064,0.061,,
ppard,DLIGAND2,1.0,NEF,,2.08,4.0,2.082,240,12490,125,5,0.68,2.127,0.506,4.0,0.015,0.014,,
pparg,DLIGAND2,1.0,NEF,,9.83,18.605,9.911,484,25784,258,48,0.923,11.948,0.545,18.605,0.124,0.118,,
prgr,DLIGAND2,1.0,NEF,,1.57,3.125,1.7,293,15943,160,5,0.633,1.723,0.504,3.125,0.01,0.009,,
ptn1,DLIGAND2,1.0,NEF,,9.33,16.216,9.206,130,7380,74,12,0.915,10.794,0.542,16.216,0.111,0.106,,
pur2,DLIGAND2,1.0,NEF,,0.5,0.0,0.0,50,2750,28,0,0.0,0.0,0.495,0.0,-0.014,-0.013,,
pygm,DLIGAND2,1.0,NEF,,0.88,2.439,1.276,77,4027,41,1,0.562,1.282,0.501,2.439,0.004,0.004,,
pyrd,DLIGAND2,1.0,NEF,,2.24,4.545,2.687,111,6561,66,3,0.735,2.767,0.509,4.545,0.022,0.022,,
reni,DLIGAND2,1.0,NEF,,6.0,8.451,5.738,104,7062,71,6,0.861,6.176,0.524,8.451,0.058,0.057,,
rock1,DLIGAND2,1.0,NEF,,0.0,0.0,0.0,100,6400,64,0,0.0,0.0,0.495,0.0,-0.013,-0.012,,
rxra,DLIGAND2,1.0,NEF,,5.53,9.859,5.329,131,7081,71,7,0.853,5.803,0.522,9.859,0.06,0.057,,
sahh,DLIGAND2,1.0,NEF,,0.0,0.0,0.0,63,3513,36,0,0.0,0.0,0.495,0.0,-0.014,-0.013,,
src,DLIGAND2,1.0,NEF,,2.29,3.419,2.285,524,35024,351,12,0.7,2.331,0.507,3.419,0.016,0.016,,
tgfr1,DLIGAND2,1.0,NEF,,2.5,3.448,2.238,133,8633,87,3,0.695,2.282,0.506,3.448,0.016,0.015,,
thb,DLIGAND2,1.0,NEF,,0.0,0.0,0.0,103,7553,76,0,0.0,0.0,0.495,0.0,-0.012,-0.012,,
thrb,DLIGAND2,1.0,NEF,,4.18,6.909,4.116,461,27465,275,19,0.813,4.348,0.516,6.909,0.041,0.04,,
try1,DLIGAND2,1.0,NEF,,11.73,20.0,11.772,449,26429,265,53,0.935,14.465,0.555,20.0,0.143,0.138,,
tryb1,DLIGAND2,1.0,NEF,,12.81,24.359,12.835,148,7798,78,19,0.943,16.646,0.56,24.359,0.165,0.157,,
tysy,DLIGAND2,1.0,NEF,,1.62,2.899,1.824,109,6859,69,2,0.649,1.849,0.504,2.899,0.011,0.01,,
urok,DLIGAND2,1.0,NEF,,17.65,28.713,17.745,162,10012,101,29,0.961,24.49,0.586,28.713,0.217,0.211,,
vgfr2,DLIGAND2,1.0,NEF,,7.59,12.205,7.567,409,25359,254,31,0.895,8.48,0.533,12.205,0.085,0.082,,
wee1,DLIGAND2,1.0,NEF,,4.37,6.349,3.892,102,6252,63,4,0.803,4.088,0.515,6.349,0.038,0.036,,
xiap,DLIGAND2,1.0,NEF,,11.57,22.642,11.887,100,5250,53,12,0.938,15.073,0.556,22.642,0.153,0.146,,
aa2ar,X-Score,1.0,NEF,,1.31,1.869,1.242,482,32032,321,6,0.555,1.247,0.501,1.869,0.003,0.003,,
abl1,X-Score,1.0,NEF,,15.2,25.455,15.29,182,10932,110,28,0.953,20.169,0.573,25.455,0.187,0.182,,
ace,X-Score,1.0,NEF,,3.79,6.395,3.897,282,17182,172,11,0.804,4.095,0.515,6.395,0.038,0.036,,
aces,X-Score,1.0,NEF,,1.51,2.612,1.54,453,26703,268,7,0.608,1.554,0.503,2.612,0.007,0.007,,
ada,X-Score,1.0,NEF,,0.0,0.0,0.0,93,5543,56,0,0.0,0.0,0.495,0.0,-0.013,-0.013,,
ada17,X-Score,1.0,NEF,,2.19,3.288,2.251,532,36432,365,12,0.696,2.294,0.506,3.288,0.015,0.015,,
adrb1,X-Score,1.0,NEF,,3.36,4.969,3.238,247,16097,161,8,0.77,3.355,0.511,4.969,0.028,0.027,,
adrb2,X-Score,1.0,NEF,,0.91,1.307,0.862,231,15231,153,2,0.462,0.86,0.499,1.307,-0.002,-0.002,,
akt1,X-Score,1.0,NEF,,1.67,2.976,1.701,293,16743,168,5,0.633,1.722,0.504,2.976,0.009,0.009,,
akt2,X-Score,1.0,NEF,,5.04,8.451,5.068,117,7017,71,6,0.845,5.444,0.521,8.451,0.054,0.052,,
aldr,X-Score,1.0,NEF,,0.0,0.0,0.0,159,9159,92,0,0.0,0.0,0.495,0.0,-0.013,-0.013,,
ampc,X-Score,1.0,NEF,,0.0,0.0,0.0,48,2898,29,0,0.0,0.0,0.495,0.0,-0.013,-0.013,,
andr,X-Score,1.0,NEF,,0.76,1.361,0.739,269,14619,147,2,0.424,0.736,0.499,1.361,-0.004,-0.003,,
aofb,X-Score,1.0,NEF,,1.84,2.817,1.621,122,7022,71,2,0.621,1.639,0.503,2.817,0.008,0.008,,
bace1,X-Score,1.0,NEF,,13.8,21.196,13.768,283,18383,184,39,0.945,17.202,0.565,21.196,0.161,0.157,,
braf,X-Score,1.0,NEF,,9.18,13.725,9.122,152,10102,102,14,0.912,10.414,0.542,13.725,0.101,0.099,,
cah2,X-Score,1.0,NEF,,3.47,5.363,3.451,492,31664,317,17,0.782,3.59,0.512,5.363,0.031,0.03,,
casp3,X-Score,1.0,NEF,,0.29,0.917,0.502,199,10899,109,1,0.332,0.498,0.497,0.917,-0.007,-0.007,,
cdk2,X-Score,1.0,NEF,,0.53,1.056,0.631,474,28324,284,3,0.385,0.627,0.498,1.056,-0.005,-0.005,,
comt,X-Score,1.0,NEF,,0.0,0.0,0.0,41,3891,39,0,0.0,0.0,0.495,0.0,-0.01,-0.01,,
cp2c9,X-Score,1.0,NEF,,4.94,7.895,4.98,120,7570,76,6,0.842,5.321,0.52,7.895,0.051,0.05,,
cp3a4,X-Score,1.0,NEF,,2.25,3.333,2.347,170,11970,120,4,0.705,2.394,0.507,3.333,0.016,0.016,,
csf1r,X-Score,1.0,NEF,,2.11,3.226,2.393,166,12316,124,4,0.709,2.44,0.507,3.226,0.016,0.016,,
cxcr4,X-Score,1.0,NEF,,0.0,0.0,0.0,40,3446,35,0,0.0,0.0,0.495,0.0,-0.011,-0.011,,
def,X-Score,1.0,NEF,,0.0,0.0,0.0,102,5802,59,0,0.0,0.0,0.495,0.0,-0.014,-0.013,,
dhi1,X-Score,1.0,NEF,,3.19,5.584,3.33,330,19680,197,11,0.776,3.468,0.512,5.584,0.031,0.03,,
dpp4,X-Score,1.0,NEF,,0.48,0.723,0.563,533,41483,415,3,0.359,0.559,0.498,0.723,-0.005,-0.005,,
drd3,X-Score,1.0,NEF,,2.2,3.179,2.287,480,34530,346,11,0.7,2.329,0.507,3.179,0.015,0.015,,
dyr,X-Score,1.0,NEF,,2.69,3.429,2.587,231,17431,175,6,0.726,2.644,0.508,3.429,0.019,0.018,,
egfr,X-Score,1.0,NEF,,1.1,1.685,1.107,542,35592,356,6,0.526,1.109,0.501,1.685,0.001,0.001,,
esr1,X-Score,1.0,NEF,,12.77,23.223,12.774,383,21068,211,49,0.942,16.336,0.56,23.223,0.161,0.154,,
esr2,X-Score,1.0,NEF,,3.77,6.796,3.808,367,20566,206,14,0.801,4.013,0.514,6.796,0.038,0.037,,
fa10,X-Score,1.0,NEF,,11.28,21.107,11.344,537,28862,289,61,0.934,14.112,0.553,21.107,0.143,0.136,,
fa7,X-Score,1.0,NEF,,9.6,17.188,9.595,114,6364,64,11,0.919,11.379,0.544,17.188,0.117,0.112,,
fabp4,X-Score,1.0,NEF,,10.55,17.857,10.627,47,2797,28,5,0.927,12.72,0.549,17.857,0.127,0.122,,
fak1,X-Score,1.0,NEF,,0.0,0.0,0.0,100,5450,55,0,0.0,0.0,0.495,0.0,-0.014,-0.013,,
fgfr1,X-Score,1.0,NEF,,1.02,1.124,0.714,139,8839,89,1,0.416,0.711,0.499,1.124,-0.004,-0.004,,
fkb1a,X-Score,1.0,NEF,,2.36,5.0,2.663,111,5911,60,3,0.733,2.75,0.509,5.0,0.023,0.022,,
fnta,X-Score,1.0,NEF,,3.85,4.415,3.885,592,52092,521,23,0.801,4.018,0.515,4.415,0.031,0.031,,
fpps,X-Score,1.0,NEF,,0.0,0.0,0.0,85,8935,90,0,0.0,0.0,0.495,0.0,-0.01,-0.01,,
gcr,X-Score,1.0,NEF,,0.9,1.307,0.773,258,15258,153,2,0.435,0.77,0.499,1.307,-0.003,-0.003,,
glcm,X-Score,1.0,NEF,,18.01,25.641,18.3,54,3854,39,10,0.96,24.266,0.589,25.641,0.209,0.206,,
gria2,X-Score,1.0,NEF,,0.0,0.0,0.0,158,12003,121,0,0.0,0.0,0.495,0.0,-0.012,-0.012,,
grik1,X-Score,1.0,NEF,,0.0,0.0,0.0,101,6651,67,0,0.0,0.0,0.495,0.0,-0.013,-0.012,,
hdac2,X-Score,1.0,NEF,,5.53,9.524,5.398,185,10485,105,10,0.854,5.861,0.522,9.524,0.059,0.057,,
hdac8,X-Score,1.0,NEF,,3.87,6.542,4.087,170,10620,107,7,0.811,4.303,0.516,6.542,0.04,0.039,,
hivint,X-Score,1.0,NEF,,4.98,7.353,4.963,100,6750,68,5,0.841,5.278,0.52,7.353,0.049,0.048,,
hivpr,X-Score,1.0,NEF,,5.1,7.438,5.035,536,36286,363,27,0.843,5.36,0.52,7.438,0.05,0.049,,
hivrt,X-Score,1.0,NEF,,1.72,3.109,1.769,338,19229,193,6,0.642,1.793,0.504,3.109,0.01,0.01,,
hmdh,X-Score,1.0,NEF,,2.85,5.556,2.915,170,8920,90,5,0.752,3.028,0.51,5.556,0.027,0.026,,
hs90a,X-Score,1.0,NEF,,0.0,0.0,0.0,88,4938,50,0,0.0,0.0,0.495,0.0,-0.014,-0.013,,
hxk4,X-Score,1.0,NEF,,0.82,2.083,1.085,92,4792,48,1,0.521,1.087,0.5,2.083,0.001,0.001,,
igf1r,X-Score,1.0,NEF,,2.65,4.211,2.688,148,9448,95,4,0.734,2.762,0.509,4.211,0.021,0.021,,
inha,X-Score,1.0,NEF,,7.32,12.5,6.811,43,2343,24,3,0.884,7.641,0.53,12.5,0.081,0.077,,
ital,X-Score,1.0,NEF,,0.0,0.0,0.0,138,8638,87,0,0.0,0.0,0.495,0.0,-0.013,-0.013,,
jak2,X-Score,1.0,NEF,,9.22,14.925,9.216,107,6607,67,10,0.914,10.657,0.542,14.925,0.107,0.104,,
kif11,X-Score,1.0,NEF,,5.57,8.571,5.147,116,6966,70,6,0.847,5.536,0.521,8.571,0.054,0.053,,
kit,X-Score,1.0,NEF,,6.45,10.28,6.574,166,10616,107,11,0.878,7.213,0.529,10.28,0.071,0.069,,
kith,X-Score,1.0,NEF,,1.54,3.333,1.7,57,2907,30,1,0.633,1.724,0.504,3.333,0.01,0.01,,
kpcb,X-Score,1.0,NEF,,8.36,12.36,8.089,135,8835,89,11,0.901,9.088,0.536,12.36,0.089,0.087,,
lck,X-Score,1.0,NEF,,2.1,3.226,2.137,420,27820,279,9,0.685,2.175,0.506,3.226,0.014,0.014,,
lkha4,X-Score,1.0,NEF,,7.07,12.371,6.96,171,9621,97,12,0.886,7.802,0.531,12.371,0.081,0.078,,
mapk2,X-Score,1.0,NEF,,7.91,12.698,7.859,101,6251,63,8,0.899,8.857,0.535,12.698,0.089,0.086,,
mcr,X-Score,1.0,NEF,,2.7,5.66,3.158,94,5244,53,3,0.767,3.287,0.511,5.66,0.029,0.028,,
met,X-Score,1.0,NEF,,0.0,0.0,0.0,166,11416,115,0,0.0,0.0,0.495,0.0,-0.012,-0.012,,
mk01,X-Score,1.0,NEF,,1.5,2.128,1.247,79,4629,47,1,0.556,1.252,0.501,2.128,0.003,0.003,,
mk10,X-Score,1.0,NEF,,6.53,10.294,6.636,104,6704,68,7,0.879,7.282,0.529,10.294,0.072,0.07,,
mk14,X-Score,1.0,NEF,,7.6,12.055,7.597,578,36428,365,44,0.895,8.502,0.534,12.055,0.084,0.082,,
mmp13,X-Score,1.0,NEF,,3.73,5.556,3.669,572,37772,378,21,0.793,3.826,0.514,5.556,0.033,0.033,,
mp2k1,X-Score,1.0,NEF,,1.67,2.41,1.647,121,8271,83,2,0.624,1.663,0.503,2.41,0.008,0.008,,
nos1,X-Score,1.0,NEF,,1.32,1.22,0.994,100,8150,82,1,0.498,0.994,0.5,1.22,-0.0,-0.0,,
nram,X-Score,1.0,NEF,,0.0,0.0,0.0,98,6298,63,0,0.0,0.0,0.495,0.0,-0.013,-0.012,,
pa2ga,X-Score,1.0,NEF,,1.6,3.774,2.001,99,5249,53,2,0.671,2.04,0.505,3.774,0.014,0.013,,
parp1,X-Score,1.0,NEF,,3.12,5.229,3.145,508,30558,306,16,0.765,3.264,0.511,5.229,0.028,0.027,,
pde5a,X-Score,1.0,NEF,,0.87,1.071,0.752,398,27948,280,3,0.428,0.75,0.499,1.071,-0.003,-0.003,,
pgh1,X-Score,1.0,NEF,,1.21,1.818,1.025,195,10995,110,2,0.506,1.026,0.5,1.818,0.0,0.0,,
pgh2,X-Score,1.0,NEF,,1.32,2.542,1.378,435,23585,236,6,0.581,1.388,0.502,2.542,0.005,0.005,,
plk1,X-Score,1.0,NEF,,3.24,5.714,3.689,107,6907,70,4,0.794,3.852,0.514,5.714,0.034,0.033,,
pnph,X-Score,1.0,NEF,,0.0,0.0,0.0,103,7053,71,0,0.0,0.0,0.495,0.0,-0.012,-0.012,,
ppara,X-Score,1.0,NEF,,6.1,11.616,6.157,373,19772,198,23,0.872,6.835,0.526,11.616,0.072,0.068,,
ppard,X-Score,1.0,NEF,,1.06,2.4,1.249,240,12490,125,3,0.557,1.255,0.501,2.4,0.004,0.003,,
pparg,X-Score,1.0,NEF,,4.55,8.527,4.543,484,25784,258,22,0.83,4.873,0.518,8.527,0.049,0.047,,
prgr,X-Score,1.0,NEF,,2.31,4.375,2.381,293,15943,160,7,0.71,2.444,0.507,4.375,0.019,0.018,,
ptn1,X-Score,1.0,NEF,,9.33,16.216,9.206,130,7380,74,12,0.915,10.794,0.542,16.216,0.111,0.106,,
pur2,X-Score,1.0,NEF,,0.0,0.0,0.0,50,2750,28,0,0.0,0.0,0.495,0.0,-0.014,-0.013,,
pygm,X-Score,1.0,NEF,,0.0,0.0,0.0,77,4027,41,0,0.0,0.0,0.495,0.0,-0.014,-0.013,,
pyrd,X-Score,1.0,NEF,,9.23,15.152,8.956,111,6561,66,10,0.912,10.376,0.541,15.152,0.105,0.102,,
reni,X-Score,1.0,NEF,,5.91,8.451,5.738,104,7062,71,6,0.861,6.176,0.524,8.451,0.058,0.057,,
rock1,X-Score,1.0,NEF,,0.5,0.0,0.0,100,6400,64,0,0.0,0.0,0.495,0.0,-0.013,-0.012,,
rxra,X-Score,1.0,NEF,,6.75,12.676,6.852,131,7081,71,9,0.885,7.701,0.53,12.676,0.081,0.077,,
sahh,X-Score,1.0,NEF,,0.0,0.0,0.0,63,3513,36,0,0.0,0.0,0.495,0.0,-0.014,-0.013,,
src,X-Score,1.0,NEF,,1.71,2.564,1.714,524,35024,351,9,0.634,1.733,0.504,2.564,0.009,0.009,,
tgfr1,X-Score,1.0,NEF,,2.53,3.448,2.238,133,8633,87,3,0.695,2.282,0.506,3.448,0.016,0.015,,
thb,X-Score,1.0,NEF,,2.41,2.632,1.93,103,7553,76,2,0.662,1.955,0.505,2.632,0.011,0.011,,
thrb,X-Score,1.0,NEF,,5.4,9.091,5.416,461,27465,275,25,0.854,5.858,0.522,9.091,0.058,0.056,,
try1,X-Score,1.0,NEF,,8.01,13.585,7.996,449,26429,265,36,0.901,9.096,0.536,13.585,0.093,0.089,,
tryb1,X-Score,1.0,NEF,,6.41,11.538,6.08,148,7798,78,9,0.871,6.742,0.526,11.538,0.071,0.067,,
tysy,X-Score,1.0,NEF,,1.32,1.449,0.912,109,6859,69,1,0.477,0.911,0.5,1.449,-0.001,-0.001,,
urok,X-Score,1.0,NEF,,0.69,0.99,0.612,162,10012,101,1,0.378,0.608,0.498,0.99,-0.005,-0.005,,
vgfr2,X-Score,1.0,NEF,,7.27,11.811,7.323,409,25359,254,30,0.891,8.17,0.532,11.811,0.081,0.079,,
wee1,X-Score,1.0,NEF,,49.0,79.365,48.646,102,6252,63,50,0.996,231.9,0.744,79.365,0.619,0.601,,
xiap,X-Score,1.0,NEF,,6.17,11.321,5.943,100,5250,53,6,0.868,6.574,0.525,11.321,0.07,0.066,,
aa2ar,ΔVinaRF20,1.0,NEF,,3.33,4.984,3.312,482,32032,321,16,0.774,3.434,0.512,4.984,0.029,0.028,,
abl1,ΔVinaRF20,1.0,NEF,,9.19,15.455,9.283,182,10932,110,17,0.915,10.797,0.542,15.455,0.109,0.105,,
ace,ΔVinaRF20,1.0,NEF,,0.39,0.581,0.354,282,17182,172,1,0.26,0.35,0.497,0.581,-0.008,-0.008,,
aces,ΔVinaRF20,1.0,NEF,,7.5,12.687,7.478,453,26703,268,34,0.894,8.42,0.533,12.687,0.086,0.083,,
ada,ΔVinaRF20,1.0,NEF,,3.08,5.357,3.193,93,5543,56,3,0.768,3.317,0.511,5.357,0.029,0.028,,
ada17,ΔVinaRF20,1.0,NEF,,0.54,0.822,0.563,532,36432,365,3,0.359,0.559,0.498,0.822,-0.005,-0.005,,
adrb1,ΔVinaRF20,1.0,NEF,,5.49,8.696,5.667,247,16097,161,14,0.859,6.111,0.524,8.696,0.059,0.057,,
adrb2,ΔVinaRF20,1.0,NEF,,9.76,15.033,9.912,231,15231,153,23,0.92,11.489,0.545,15.033,0.111,0.109,,
akt1,ΔVinaRF20,1.0,NEF,,1.2,2.381,1.361,293,16743,168,4,0.578,1.369,0.502,2.381,0.005,0.005,,
akt2,ΔVinaRF20,1.0,NEF,,3.8,5.634,3.379,117,7017,71,4,0.779,3.521,0.512,5.634,0.031,0.03,,
aldr,ΔVinaRF20,1.0,NEF,,3.2,5.435,3.131,159,9159,92,5,0.765,3.253,0.511,5.435,0.029,0.027,,
ampc,ΔVinaRF20,1.0,NEF,,1.77,3.448,2.082,48,2898,29,1,0.68,2.121,0.506,3.448,0.014,0.014,,
andr,ΔVinaRF20,1.0,NEF,,5.81,10.884,5.915,269,14619,147,16,0.867,6.516,0.525,10.884,0.068,0.065,,
aofb,ΔVinaRF20,1.0,NEF,,2.38,4.225,2.432,122,7022,71,3,0.714,2.495,0.507,4.225,0.019,0.019,,
bace1,ΔVinaRF20,1.0,NEF,,23.59,36.413,23.653,283,18383,184,67,0.973,36.625,0.615,36.413,0.285,0.278,,
braf,ΔVinaRF20,1.0,NEF,,12.1,18.627,12.38,152,10102,102,19,0.937,14.985,0.558,18.627,0.142,0.139,,
cah2,ΔVinaRF20,1.0,NEF,,8.2,12.618,8.121,492,31664,317,40,0.901,9.149,0.536,12.618,0.09,0.088,,
casp3,ΔVinaRF20,1.0,NEF,,0.0,0.0,0.0,199,10899,109,0,0.0,0.0,0.495,0.0,-0.014,-0.013,,
cdk2,ΔVinaRF20,1.0,NEF,,4.2,7.042,4.208,474,28324,284,20,0.817,4.451,0.516,7.042,0.042,0.041,,
comt,ΔVinaRF20,1.0,NEF,,0.0,0.0,0.0,41,3891,39,0,0.0,0.0,0.495,0.0,-0.01,-0.01,,
cp2c9,ΔVinaRF20,1.0,NEF,,3.89,6.579,4.15,120,7570,76,5,0.814,4.372,0.516,6.579,0.04,0.039,,
cp3a4,ΔVinaRF20,1.0,NEF,,3.65,5.0,3.521,170,11970,120,6,0.785,3.653,0.513,5.0,0.03,0.03,,
csf1r,ΔVinaRF20,1.0,NEF,,0.7,0.806,0.598,166,12316,124,1,0.373,0.595,0.498,0.806,-0.005,-0.005,,
cxcr4,ΔVinaRF20,1.0,NEF,,0.0,0.0,0.0,40,3446,35,0,0.0,0.0,0.495,0.0,-0.011,-0.011,,
def,ΔVinaRF20,1.0,NEF,,1.26,1.695,0.964,102,5802,59,1,0.491,0.963,0.5,1.695,-0.0,-0.0,,
dhi1,ΔVinaRF20,1.0,NEF,,0.0,0.0,0.0,330,19680,197,0,0.0,0.0,0.495,0.0,-0.013,-0.013,,
dpp4,ΔVinaRF20,1.0,NEF,,0.21,0.241,0.188,533,41483,415,1,0.157,0.186,0.496,0.241,-0.009,-0.009,,
drd3,ΔVinaRF20,1.0,NEF,,2.26,3.179,2.287,480,34530,346,11,0.7,2.329,0.507,3.179,0.015,0.015,,
dyr,ΔVinaRF20,1.0,NEF,,1.29,1.714,1.294,231,17431,175,3,0.565,1.299,0.501,1.714,0.003,0.003,,
egfr,ΔVinaRF20,1.0,NEF,,9.5,14.607,9.592,542,35592,356,52,0.917,11.062,0.544,14.607,0.107,0.105,,
esr1,ΔVinaRF20,1.0,NEF,,18.99,34.597,19.031,383,21068,211,73,0.966,28.569,0.592,34.597,0.247,0.236,,
esr2,ΔVinaRF20,1.0,NEF,,12.57,22.33,12.513,367,20566,206,46,0.941,15.823,0.559,22.33,0.156,0.15,,
fa10,ΔVinaRF20,1.0,NEF,,1.95,3.46,1.86,537,28862,289,10,0.654,1.891,0.504,3.46,0.012,0.011,,
fa7,ΔVinaRF20,1.0,NEF,,18.82,34.375,19.19,114,6364,64,22,0.966,28.718,0.593,34.375,0.248,0.237,,
fabp4,ΔVinaRF20,1.0,NEF,,8.79,14.286,8.502,47,2797,28,4,0.907,9.752,0.538,14.286,0.099,0.095,,
fak1,ΔVinaRF20,1.0,NEF,,0.87,1.818,0.991,100,5450,55,1,0.498,0.991,0.5,1.818,-0.0,-0.0,,
fgfr1,ΔVinaRF20,1.0,NEF,,2.03,3.371,2.143,139,8839,89,3,0.686,2.183,0.506,3.371,0.015,0.014,,
fkb1a,ΔVinaRF20,1.0,NEF,,8.83,16.667,8.875,111,5911,60,10,0.913,10.45,0.541,16.667,0.11,0.105,,
fnta,ΔVinaRF20,1.0,NEF,,2.66,3.071,2.702,592,52092,521,16,0.734,2.756,0.509,3.071,0.018,0.018,,
fpps,ΔVinaRF20,1.0,NEF,,0.0,0.0,0.0,85,8935,90,0,0.0,0.0,0.495,0.0,-0.01,-0.01,,
gcr,ΔVinaRF20,1.0,NEF,,13.82,23.529,13.915,258,15258,153,36,0.947,17.889,0.566,23.529,0.17,0.165,,
glcm,ΔVinaRF20,1.0,NEF,,6.94,10.256,7.32,54,3854,39,4,0.889,8.042,0.532,10.256,0.076,0.075,,
gria2,ΔVinaRF20,1.0,NEF,,2.38,3.306,2.511,158,12003,121,4,0.719,2.563,0.508,3.306,0.018,0.017,,
grik1,ΔVinaRF20,1.0,NEF,,4.59,7.463,4.914,101,6651,67,5,0.839,5.23,0.52,7.463,0.049,0.048,,
hdac2,ΔVinaRF20,1.0,NEF,,21.47,38.095,21.591,185,10485,105,40,0.972,34.262,0.605,38.095,0.278,0.266,,
hdac8,ΔVinaRF20,1.0,NEF,,5.82,9.346,5.838,170,10620,107,10,0.864,6.337,0.525,9.346,0.062,0.061,,
hivint,ΔVinaRF20,1.0,NEF,,2.09,2.941,1.985,100,6750,68,2,0.668,2.015,0.505,2.941,0.012,0.012,,
hivpr,ΔVinaRF20,1.0,NEF,,1.33,1.928,1.305,536,36286,363,7,0.567,1.311,0.502,1.928,0.004,0.004,,
hivrt,ΔVinaRF20,1.0,NEF,,2.03,3.627,2.063,338,19229,193,7,0.678,2.103,0.505,3.627,0.014,0.014,,
hmdh,ΔVinaRF20,1.0,NEF,,2.07,4.444,2.332,170,8920,90,4,0.705,2.394,0.507,4.444,0.019,0.018,,
hs90a,ΔVinaRF20,1.0,NEF,,0.0,0.0,0.0,88,4938,50,0,0.0,0.0,0.495,0.0,-0.014,-0.013,,
hxk4,ΔVinaRF20,1.0,NEF,,0.0,0.0,0.0,92,4792,48,0,0.0,0.0,0.495,0.0,-0.014,-0.013,,
igf1r,ΔVinaRF20,1.0,NEF,,10.14,15.789,10.08,148,9448,95,15,0.922,11.782,0.546,15.789,0.115,0.113,,
inha,ΔVinaRF20,1.0,NEF,,15.4,29.167,15.892,43,2343,24,7,0.957,22.025,0.578,29.167,0.207,0.198,,
ital,ΔVinaRF20,1.0,NEF,,1.75,2.299,1.439,138,8638,87,2,0.592,1.449,0.502,2.299,0.006,0.005,,
jak2,ΔVinaRF20,1.0,NEF,,16.56,26.866,16.589,107,6607,67,18,0.957,22.315,0.58,26.866,0.202,0.197,,
kif11,ΔVinaRF20,1.0,NEF,,26.98,44.286,26.594,116,6966,70,31,0.979,46.939,0.631,44.286,0.336,0.325,,
kit,ΔVinaRF20,1.0,NEF,,20.76,32.71,20.919,166,10616,107,35,0.968,30.602,0.602,32.71,0.253,0.247,,
kith,ΔVinaRF20,1.0,NEF,,3.99,6.667,3.4,57,2907,30,2,0.781,3.571,0.513,6.667,0.035,0.033,,
kpcb,ΔVinaRF20,1.0,NEF,,17.55,26.966,17.648,135,8835,89,24,0.96,23.795,0.585,26.966,0.209,0.205,,
lck,ΔVinaRF20,1.0,NEF,,2.83,4.301,2.849,420,27820,279,12,0.746,2.932,0.509,4.301,0.023,0.023,,
lkha4,ΔVinaRF20,1.0,NEF,,26.75,47.423,26.681,171,9621,97,46,0.98,49.845,0.632,47.423,0.349,0.335,,
mapk2,ΔVinaRF20,1.0,NEF,,7.8,12.698,7.859,101,6251,63,8,0.899,8.857,0.535,12.698,0.089,0.086,,
mcr,ΔVinaRF20,1.0,NEF,,10.91,18.868,10.526,94,5244,53,10,0.927,12.741,0.549,18.868,0.13,0.125,,
met,ΔVinaRF20,1.0,NEF,,23.33,33.913,23.322,166,11416,115,39,0.972,34.777,0.614,33.913,0.274,0.269,,
mk01,ΔVinaRF20,1.0,NEF,,3.76,6.383,3.74,79,4629,47,3,0.797,3.927,0.514,6.383,0.037,0.035,,
mk10,ΔVinaRF20,1.0,NEF,,2.8,4.412,2.844,104,6704,68,3,0.745,2.929,0.509,4.412,0.023,0.023,,
mk14,ΔVinaRF20,1.0,NEF,,3.45,5.479,3.453,578,36428,365,20,0.782,3.596,0.512,5.479,0.031,0.031,,
mmp13,ΔVinaRF20,1.0,NEF,,2.72,4.233,2.795,572,37772,378,16,0.742,2.874,0.509,4.233,0.022,0.022,,
mp2k1,ΔVinaRF20,1.0,NEF,,0.45,1.205,0.824,121,8271,83,1,0.451,0.821,0.499,1.205,-0.002,-0.002,,
nos1,ΔVinaRF20,1.0,NEF,,0.0,0.0,0.0,100,8150,82,0,0.0,0.0,0.495,0.0,-0.011,-0.011,,
nram,ΔVinaRF20,1.0,NEF,,0.46,0.0,0.0,98,6298,63,0,0.0,0.0,0.495,0.0,-0.013,-0.012,,
pa2ga,ΔVinaRF20,1.0,NEF,,0.0,0.0,0.0,99,5249,53,0,0.0,0.0,0.495,0.0,-0.014,-0.013,,
parp1,ΔVinaRF20,1.0,NEF,,10.47,17.32,10.419,508,30558,306,53,0.925,12.392,0.548,17.32,0.123,0.119,,
pde5a,ΔVinaRF20,1.0,NEF,,4.21,6.071,4.263,398,27948,280,17,0.817,4.474,0.517,6.071,0.039,0.039,,
pgh1,ΔVinaRF20,1.0,NEF,,0.0,0.0,0.0,195,10995,110,0,0.0,0.0,0.495,0.0,-0.014,-0.013,,
pgh2,ΔVinaRF20,1.0,NEF,,12.35,22.881,12.406,435,23585,236,54,0.94,15.79,0.558,22.881,0.157,0.15,,
plk1,ΔVinaRF20,1.0,NEF,,0.0,0.0,0.0,107,6907,70,0,0.0,0.0,0.495,0.0,-0.013,-0.012,,
pnph,ΔVinaRF20,1.0,NEF,,3.0,4.225,2.893,103,7053,71,3,0.749,2.977,0.51,4.225,0.023,0.023,,
ppara,ΔVinaRF20,1.0,NEF,,12.5,23.737,12.583,373,19772,198,47,0.942,16.188,0.559,23.737,0.162,0.154,,
ppard,ΔVinaRF20,1.0,NEF,,1.85,3.2,1.665,240,12490,125,4,0.628,1.687,0.503,3.2,0.009,0.009,,
pparg,ΔVinaRF20,1.0,NEF,,9.18,17.054,9.085,484,25784,258,44,0.915,10.748,0.541,17.054,0.112,0.107,,
prgr,ΔVinaRF20,1.0,NEF,,5.11,9.375,5.101,293,15943,160,15,0.847,5.525,0.521,9.375,0.057,0.054,,
ptn1,ΔVinaRF20,1.0,NEF,,18.32,32.432,18.412,130,7380,74,24,0.964,26.769,0.589,32.432,0.235,0.225,,
pur2,ΔVinaRF20,1.0,NEF,,0.5,0.0,0.0,50,2750,28,0,0.0,0.0,0.495,0.0,-0.014,-0.013,,
pygm,ΔVinaRF20,1.0,NEF,,2.64,4.878,2.551,77,4027,41,2,0.725,2.631,0.508,4.878,0.022,0.021,,
pyrd,ΔVinaRF20,1.0,NEF,,0.0,0.0,0.0,111,6561,66,0,0.0,0.0,0.495,0.0,-0.013,-0.013,,
reni,ΔVinaRF20,1.0,NEF,,11.28,16.901,11.477,104,7062,71,12,0.932,13.608,0.553,16.901,0.129,0.127,,
rock1,ΔVinaRF20,1.0,NEF,,11.91,18.75,12.0,100,6400,64,12,0.936,14.538,0.556,18.75,0.139,0.136,,
rxra,ΔVinaRF20,1.0,NEF,,7.37,14.085,7.613,131,7081,71,10,0.897,8.697,0.534,14.085,0.091,0.087,,
sahh,ΔVinaRF20,1.0,NEF,,0.0,0.0,0.0,63,3513,36,0,0.0,0.0,0.495,0.0,-0.014,-0.013,,
src,ΔVinaRF20,1.0,NEF,,0.36,0.57,0.381,524,35024,351,2,0.274,0.377,0.497,0.57,-0.008,-0.008,,
tgfr1,ΔVinaRF20,1.0,NEF,,10.99,17.241,11.191,133,8633,87,15,0.93,13.315,0.552,17.241,0.129,0.126,,
thb,ΔVinaRF20,1.0,NEF,,7.14,9.211,6.754,103,7553,76,7,0.88,7.338,0.529,9.211,0.068,0.067,,
thrb,ΔVinaRF20,1.0,NEF,,8.29,13.818,8.232,461,27465,275,38,0.904,9.392,0.537,13.818,0.095,0.092,,
try1,ΔVinaRF20,1.0,NEF,,2.33,3.774,2.221,449,26429,265,10,0.694,2.269,0.506,3.774,0.016,0.016,,
tryb1,ΔVinaRF20,1.0,NEF,,3.47,6.41,3.378,148,7798,78,5,0.78,3.54,0.512,6.41,0.033,0.032,,
tysy,ΔVinaRF20,1.0,NEF,,19.39,30.435,19.152,109,6859,69,21,0.964,27.093,0.593,30.435,0.233,0.226,,
urok,ΔVinaRF20,1.0,NEF,,3.13,4.95,3.06,162,10012,101,5,0.76,3.167,0.511,4.95,0.027,0.026,,
vgfr2,ΔVinaRF20,1.0,NEF,,6.7,10.63,6.591,409,25359,254,27,0.879,7.256,0.528,10.63,0.072,0.07,,
wee1,ΔVinaRF20,1.0,NEF,,12.04,19.048,11.675,102,6252,63,12,0.934,14.187,0.555,19.048,0.139,0.135,,
xiap,ΔVinaRF20,1.0,NEF,,1.6,3.774,1.981,100,5250,53,2,0.669,2.02,0.505,3.774,0.014,0.013,,
aa2ar,OnionNet-SCFT+Vina,1.0,NEF,,0.62,0.935,0.621,482,32032,321,3,0.382,0.618,0.498,0.935,-0.005,-0.005,,
abl1,OnionNet-SCFT+Vina,1.0,NEF,,3.86,6.364,3.822,182,10932,110,7,0.801,4.014,0.514,6.364,0.037,0.036,,
ace,OnionNet-SCFT+Vina,1.0,NEF,,14.32,23.256,14.17,282,17182,172,40,0.948,18.16,0.567,23.256,0.171,0.166,,
aces,OnionNet-SCFT+Vina,1.0,NEF,,6.84,11.567,6.818,453,26703,268,31,0.883,7.58,0.53,11.567,0.077,0.074,,
ada,OnionNet-SCFT+Vina,1.0,NEF,,9.75,16.071,9.579,93,5543,56,9,0.918,11.222,0.544,16.071,0.113,0.11,,
ada17,OnionNet-SCFT+Vina,1.0,NEF,,10.16,14.795,10.131,532,36432,365,54,0.921,11.717,0.546,14.795,0.112,0.11,,
adrb1,OnionNet-SCFT+Vina,1.0,NEF,,6.88,10.559,6.881,247,16097,161,17,0.883,7.576,0.53,10.559,0.074,0.072,,
adrb2,OnionNet-SCFT+Vina,1.0,NEF,,13.87,20.915,13.79,231,15231,153,32,0.945,17.173,0.565,20.915,0.16,0.156,,
akt1,OnionNet-SCFT+Vina,1.0,NEF,,4.1,7.143,4.082,293,16743,168,12,0.812,4.319,0.516,7.143,0.041,0.04,,
akt2,OnionNet-SCFT+Vina,1.0,NEF,,23.11,38.028,22.807,117,7017,71,27,0.973,36.189,0.612,38.028,0.287,0.278,,
aldr,OnionNet-SCFT+Vina,1.0,NEF,,13.14,22.826,13.149,159,9159,92,21,0.944,16.742,0.562,22.826,0.163,0.157,,
ampc,OnionNet-SCFT+Vina,1.0,NEF,,0.0,0.0,0.0,48,2898,29,0,0.0,0.0,0.495,0.0,-0.013,-0.013,,
andr,OnionNet-SCFT+Vina,1.0,NEF,,21.58,39.456,21.443,269,14619,147,58,0.972,34.765,0.605,39.456,0.282,0.269,,
aofb,OnionNet-SCFT+Vina,1.0,NEF,,4.11,7.042,4.053,122,7022,71,5,0.811,4.285,0.516,7.042,0.041,0.04,,
bace1,OnionNet-SCFT+Vina,1.0,NEF,,16.22,25.0,16.239,283,18383,184,46,0.955,21.319,0.577,25.0,0.192,0.187,,
braf,OnionNet-SCFT+Vina,1.0,NEF,,21.7,32.353,21.502,152,10102,102,33,0.969,31.307,0.605,32.353,0.256,0.251,,
cah2,OnionNet-SCFT+Vina,1.0,NEF,,40.68,63.091,40.604,492,31664,317,200,0.991,108.304,0.701,63.091,0.5,0.488,,
casp3,OnionNet-SCFT+Vina,1.0,NEF,,1.01,1.835,1.005,199,10899,109,2,0.501,1.005,0.5,1.835,0.0,0.0,,
cdk2,OnionNet-SCFT+Vina,1.0,NEF,,13.29,22.183,13.256,474,28324,284,63,0.944,16.749,0.562,22.183,0.161,0.156,,
comt,OnionNet-SCFT+Vina,1.0,NEF,,0.0,0.0,0.0,41,3891,39,0,0.0,0.0,0.495,0.0,-0.01,-0.01,,
cp2c9,OnionNet-SCFT+Vina,1.0,NEF,,3.32,5.263,3.32,120,7570,76,4,0.775,3.449,0.512,5.263,0.03,0.029,,
cp3a4,OnionNet-SCFT+Vina,1.0,NEF,,1.19,1.667,1.174,170,11970,120,2,0.541,1.176,0.501,1.667,0.002,0.002,,
csf1r,OnionNet-SCFT+Vina,1.0,NEF,,6.03,8.065,5.983,166,12316,124,10,0.865,6.42,0.525,8.065,0.059,0.058,,
cxcr4,OnionNet-SCFT+Vina,1.0,NEF,,7.6,8.571,7.384,40,3446,35,3,0.889,7.983,0.533,8.571,0.07,0.07,,
def,OnionNet-SCFT+Vina,1.0,NEF,,0.0,0.0,0.0,102,5802,59,0,0.0,0.0,0.495,0.0,-0.014,-0.013,,
dhi1,OnionNet-SCFT+Vina,1.0,NEF,,2.72,4.569,2.725,330,19680,197,9,0.737,2.807,0.509,4.569,0.023,0.022,,
dpp4,OnionNet-SCFT+Vina,1.0,NEF,,10.52,13.494,10.502,533,41483,415,56,0.923,11.985,0.548,13.494,0.109,0.108,,
drd3,OnionNet-SCFT+Vina,1.0,NEF,,2.09,2.89,2.079,480,34530,346,10,0.679,2.111,0.505,2.89,0.013,0.013,,
dyr,OnionNet-SCFT+Vina,1.0,NEF,,25.97,34.286,25.872,231,17431,175,60,0.975,38.848,0.627,34.286,0.29,0.287,,
egfr,OnionNet-SCFT+Vina,1.0,NEF,,11.61,17.697,11.621,542,35592,356,63,0.933,13.905,0.554,17.697,0.133,0.13,,
esr1,OnionNet-SCFT+Vina,1.0,NEF,,30.35,54.976,30.241,383,21068,211,116,0.985,65.946,0.649,54.976,0.4,0.383,,
esr2,OnionNet-SCFT+Vina,1.0,NEF,,26.77,47.573,26.659,367,20566,206,98,0.98,49.942,0.631,47.573,0.348,0.334,,
fa10,OnionNet-SCFT+Vina,1.0,NEF,,25.65,47.751,25.665,537,28862,289,138,0.98,48.206,0.626,47.751,0.342,0.325,,
fa7,OnionNet-SCFT+Vina,1.0,NEF,,52.29,93.75,52.336,114,6364,64,60,0.999,822.368,0.763,93.75,0.699,0.67,,
fabp4,OnionNet-SCFT+Vina,1.0,NEF,,36.12,60.714,36.131,47,2797,28,17,0.989,90.426,0.679,60.714,0.462,0.446,,
fak1,OnionNet-SCFT+Vina,1.0,NEF,,13.12,23.636,12.882,100,5450,55,13,0.943,16.56,0.561,23.636,0.164,0.157,,
fgfr1,OnionNet-SCFT+Vina,1.0,NEF,,1.36,2.247,1.429,139,8839,89,2,0.59,1.439,0.502,2.247,0.005,0.005,,
fkb1a,OnionNet-SCFT+Vina,1.0,NEF,,9.93,18.333,9.763,111,5911,60,11,0.921,11.73,0.545,18.333,0.123,0.117,,
fnta,OnionNet-SCFT+Vina,1.0,NEF,,4.22,4.798,4.222,592,52092,521,25,0.814,4.385,0.516,4.798,0.035,0.035,,
fpps,OnionNet-SCFT+Vina,1.0,NEF,,0.0,0.0,0.0,85,8935,90,0,0.0,0.0,0.495,0.0,-0.01,-0.01,,
gcr,OnionNet-SCFT+Vina,1.0,NEF,,17.49,29.412,17.394,258,15258,153,45,0.96,24.225,0.584,29.412,0.216,0.209,,
glcm,OnionNet-SCFT+Vina,1.0,NEF,,1.83,2.564,1.83,54,3854,39,1,0.649,1.852,0.504,2.564,0.01,0.01,,
gria2,OnionNet-SCFT+Vina,1.0,NEF,,14.04,18.182,13.812,158,12003,121,22,0.943,16.66,0.565,18.182,0.149,0.148,,
grik1,OnionNet-SCFT+Vina,1.0,NEF,,11.97,17.91,11.794,101,6651,67,12,0.934,14.149,0.555,17.91,0.135,0.132,,
hdac2,OnionNet-SCFT+Vina,1.0,NEF,,0.0,0.0,0.0,185,10485,105,0,0.0,0.0,0.495,0.0,-0.013,-0.013,,
hdac8,OnionNet-SCFT+Vina,1.0,NEF,,2.36,3.738,2.335,170,10620,107,4,0.705,2.387,0.507,3.738,0.017,0.017,,
hivint,OnionNet-SCFT+Vina,1.0,NEF,,5.03,7.353,4.963,100,6750,68,5,0.841,5.278,0.52,7.353,0.049,0.048,,
hivpr,OnionNet-SCFT+Vina,1.0,NEF,,4.11,6.061,4.103,536,36286,363,22,0.811,4.303,0.516,6.061,0.038,0.037,,
hivrt,OnionNet-SCFT+Vina,1.0,NEF,,10.1,17.617,10.022,338,19229,193,34,0.923,11.951,0.546,17.617,0.122,0.117,,
hmdh,OnionNet-SCFT+Vina,1.0,NEF,,35.35,67.778,35.563,170,8920,90,61,0.991,108.266,0.678,67.778,0.486,0.462,,
hs90a,OnionNet-SCFT+Vina,1.0,NEF,,0.0,0.0,0.0,88,4938,50,0,0.0,0.0,0.495,0.0,-0.014,-0.013,,
hxk4,OnionNet-SCFT+Vina,1.0,NEF,,6.51,12.5,6.511,92,4792,48,6,0.879,7.298,0.528,12.5,0.078,0.074,,
igf1r,OnionNet-SCFT+Vina,1.0,NEF,,16.28,25.263,16.127,148,9448,95,24,0.955,21.241,0.577,25.263,0.192,0.188,,
inha,OnionNet-SCFT+Vina,1.0,NEF,,4.74,8.333,4.541,43,2343,24,2,0.829,4.863,0.518,8.333,0.049,0.047,,
ital,OnionNet-SCFT+Vina,1.0,NEF,,0.73,1.149,0.719,138,8638,87,1,0.417,0.716,0.499,1.149,-0.004,-0.004,,
jak2,OnionNet-SCFT+Vina,1.0,NEF,,27.11,43.284,26.727,107,6607,67,29,0.979,46.36,0.633,43.284,0.334,0.325,,
kif11,OnionNet-SCFT+Vina,1.0,NEF,,42.88,71.429,42.894,116,6966,70,50,0.993,147.629,0.714,71.429,0.549,0.532,,
kit,OnionNet-SCFT+Vina,1.0,NEF,,7.24,11.215,7.172,166,10616,107,12,0.888,7.952,0.532,11.215,0.078,0.077,,
kith,OnionNet-SCFT+Vina,1.0,NEF,,28.14,56.667,28.9,57,2907,30,17,0.985,65.385,0.647,56.667,0.403,0.382,,
kpcb,OnionNet-SCFT+Vina,1.0,NEF,,38.64,59.551,38.973,135,8835,89,53,0.99,94.877,0.694,59.551,0.477,0.467,,
lck,OnionNet-SCFT+Vina,1.0,NEF,,15.47,23.297,15.432,420,27820,279,65,0.952,19.815,0.573,23.297,0.18,0.176,,
lkha4,OnionNet-SCFT+Vina,1.0,NEF,,26.37,46.392,26.101,171,9621,97,45,0.98,47.824,0.629,46.392,0.341,0.327,,
mapk2,OnionNet-SCFT+Vina,1.0,NEF,,27.94,44.444,27.507,101,6251,63,28,0.98,48.713,0.636,44.444,0.343,0.333,,
mcr,OnionNet-SCFT+Vina,1.0,NEF,,7.5,13.208,7.368,94,5244,53,7,0.893,8.337,0.533,13.208,0.087,0.083,,
met,OnionNet-SCFT+Vina,1.0,NEF,,6.03,8.696,5.98,166,11416,115,10,0.866,6.454,0.525,8.696,0.061,0.06,,
mk01,OnionNet-SCFT+Vina,1.0,NEF,,20.37,34.043,19.947,79,4629,47,16,0.967,29.726,0.598,34.043,0.253,0.244,,
mk10,OnionNet-SCFT+Vina,1.0,NEF,,7.7,11.765,7.584,104,6704,68,8,0.894,8.462,0.534,11.765,0.084,0.082,,
mk14,OnionNet-SCFT+Vina,1.0,NEF,,6.57,10.411,6.561,578,36428,365,38,0.878,7.208,0.528,10.411,0.071,0.069,,
mmp13,OnionNet-SCFT+Vina,1.0,NEF,,13.11,19.841,13.102,572,37772,378,75,0.942,16.098,0.561,19.841,0.151,0.148,,
mp2k1,OnionNet-SCFT+Vina,1.0,NEF,,0.82,1.205,0.824,121,8271,83,1,0.451,0.821,0.499,1.205,-0.002,-0.002,,
nos1,OnionNet-SCFT+Vina,1.0,NEF,,0.0,0.0,0.0,100,8150,82,0,0.0,0.0,0.495,0.0,-0.011,-0.011,,
nram,OnionNet-SCFT+Vina,1.0,NEF,,3.06,4.762,3.06,98,6298,63,3,0.76,3.163,0.51,4.762,0.026,0.025,,
pa2ga,OnionNet-SCFT+Vina,1.0,NEF,,37.7,71.698,38.014,99,5249,53,38,0.992,131.785,0.69,71.698,0.518,0.493,,
parp1,OnionNet-SCFT+Vina,1.0,NEF,,24.44,40.523,24.376,508,30558,306,124,0.976,40.302,0.619,40.523,0.306,0.296,,
pde5a,OnionNet-SCFT+Vina,1.0,NEF,,7.54,10.714,7.524,398,27948,280,30,0.893,8.307,0.533,10.714,0.079,0.078,,
pgh1,OnionNet-SCFT+Vina,1.0,NEF,,7.69,13.636,7.689,195,10995,110,15,0.897,8.745,0.534,13.636,0.09,0.087,,
pgh2,OnionNet-SCFT+Vina,1.0,NEF,,2.53,4.661,2.527,435,23585,236,11,0.722,2.602,0.508,4.661,0.021,0.02,,
plk1,OnionNet-SCFT+Vina,1.0,NEF,,0.94,1.429,0.922,107,6907,70,1,0.479,0.921,0.5,1.429,-0.001,-0.001,,
pnph,OnionNet-SCFT+Vina,1.0,NEF,,49.19,71.831,49.187,103,7053,71,51,0.994,172.063,0.746,71.831,0.592,0.581,,
ppara,OnionNet-SCFT+Vina,1.0,NEF,,24.43,45.96,24.362,373,19772,198,91,0.978,44.231,0.619,45.96,0.326,0.31,,
ppard,OnionNet-SCFT+Vina,1.0,NEF,,7.89,15.2,7.91,240,12490,125,19,0.901,9.149,0.535,15.2,0.097,0.092,,
pparg,OnionNet-SCFT+Vina,1.0,NEF,,23.38,43.798,23.333,484,25784,258,113,0.976,40.737,0.614,43.798,0.311,0.295,,
prgr,OnionNet-SCFT+Vina,1.0,NEF,,11.23,20.625,11.223,293,15943,160,33,0.933,13.879,0.552,20.625,0.141,0.134,,
ptn1,OnionNet-SCFT+Vina,1.0,NEF,,29.89,52.703,29.919,130,7380,74,39,0.984,62.143,0.648,52.703,0.39,0.374,,
pur2,OnionNet-SCFT+Vina,1.0,NEF,,54.88,100.0,55.0,50,2750,28,28,1.0,inf,0.78,100.0,0.745,0.714,,
pygm,OnionNet-SCFT+Vina,1.0,NEF,,0.0,0.0,0.0,77,4027,41,0,0.0,0.0,0.495,0.0,-0.014,-0.013,,
pyrd,OnionNet-SCFT+Vina,1.0,NEF,,16.11,27.273,16.12,111,6561,66,18,0.956,21.791,0.577,27.273,0.2,0.193,,
reni,OnionNet-SCFT+Vina,1.0,NEF,,18.16,26.761,18.171,104,7062,71,19,0.961,24.446,0.588,26.761,0.212,0.208,,
rock1,OnionNet-SCFT+Vina,1.0,NEF,,16.99,26.562,17.0,100,6400,64,17,0.958,22.787,0.581,26.562,0.203,0.198,,
rxra,OnionNet-SCFT+Vina,1.0,NEF,,45.58,84.507,45.679,131,7081,71,60,0.997,289.382,0.728,84.507,0.617,0.589,,
sahh,OnionNet-SCFT+Vina,1.0,NEF,,27.08,47.222,26.332,63,3513,36,17,0.98,48.997,0.632,47.222,0.348,0.335,,
src,OnionNet-SCFT+Vina,1.0,NEF,,3.05,4.558,3.047,524,35024,351,16,0.759,3.145,0.51,4.558,0.025,0.025,,
tgfr1,OnionNet-SCFT+Vina,1.0,NEF,,20.37,31.034,20.144,133,8633,87,27,0.966,28.759,0.598,31.034,0.242,0.236,,
thb,OnionNet-SCFT+Vina,1.0,NEF,,41.02,56.579,41.489,103,7553,76,43,0.99,94.248,0.707,56.579,0.48,0.474,,
thrb,OnionNet-SCFT+Vina,1.0,NEF,,10.2,17.091,10.182,461,27465,275,47,0.924,12.075,0.547,17.091,0.121,0.117,,
try1,OnionNet-SCFT+Vina,1.0,NEF,,38.92,66.038,38.871,449,26429,265,175,0.991,112.509,0.693,66.038,0.501,0.484,,
tryb1,OnionNet-SCFT+Vina,1.0,NEF,,14.85,28.205,14.861,148,7798,78,22,0.953,20.306,0.571,28.205,0.194,0.184,,
tysy,OnionNet-SCFT+Vina,1.0,NEF,,14.78,23.188,14.592,109,6859,69,16,0.949,18.695,0.569,23.188,0.174,0.17,,
urok,OnionNet-SCFT+Vina,1.0,NEF,,36.43,59.406,36.714,162,10012,101,60,0.989,88.979,0.683,59.406,0.462,0.449,,
vgfr2,OnionNet-SCFT+Vina,1.0,NEF,,5.14,8.268,5.126,409,25359,254,21,0.846,5.498,0.521,8.268,0.053,0.052,,
wee1,OnionNet-SCFT+Vina,1.0,NEF,,61.27,100.0,61.294,102,6252,63,63,1.0,inf,0.809,100.0,0.783,0.761,,
xiap,OnionNet-SCFT+Vina,1.0,NEF,,28.24,54.717,28.726,100,5250,53,29,0.984,62.229,0.643,54.717,0.39,0.371,,
aa2ar,OnionNet-SCFT+Gnina,1.0,NEF,,2.49,3.738,2.484,482,32032,321,12,0.718,2.542,0.508,3.738,0.018,0.018,,
abl1,OnionNet-SCFT+Gnina,1.0,NEF,,12.12,20.0,12.013,182,10932,110,22,0.937,14.766,0.556,20.0,0.144,0.14,,
ace,OnionNet-SCFT+Gnina,1.0,NEF,,24.17,39.535,24.088,282,17182,172,68,0.975,39.184,0.617,39.535,0.3,0.291,,
aces,OnionNet-SCFT+Gnina,1.0,NEF,,23.39,39.552,23.315,453,26703,268,106,0.974,37.916,0.614,39.552,0.295,0.285,,
ada,OnionNet-SCFT+Gnina,1.0,NEF,,23.84,39.286,23.415,93,5543,56,22,0.974,37.919,0.615,39.286,0.296,0.286,,
ada17,OnionNet-SCFT+Gnina,1.0,NEF,,1.13,1.644,1.126,532,36432,365,6,0.53,1.128,0.501,1.644,0.002,0.002,,
adrb1,OnionNet-SCFT+Gnina,1.0,NEF,,8.5,13.043,8.5,247,16097,161,21,0.906,9.626,0.538,13.043,0.094,0.092,,
adrb2,OnionNet-SCFT+Gnina,1.0,NEF,,8.67,13.072,8.619,231,15231,153,20,0.907,9.765,0.539,13.072,0.095,0.093,,
akt1,OnionNet-SCFT+Gnina,1.0,NEF,,16.06,27.976,15.987,293,16743,168,47,0.956,21.808,0.577,27.976,0.201,0.194,,
akt2,OnionNet-SCFT+Gnina,1.0,NEF,,24.82,40.845,24.497,117,7017,71,29,0.976,40.72,0.621,40.845,0.309,0.3,,
aldr,OnionNet-SCFT+Gnina,1.0,NEF,,11.26,19.565,11.27,159,9159,92,18,0.932,13.768,0.552,19.565,0.138,0.132,,
ampc,OnionNet-SCFT+Gnina,1.0,NEF,,18.62,31.034,18.737,48,2898,29,9,0.964,26.719,0.59,31.034,0.231,0.224,,
andr,OnionNet-SCFT+Gnina,1.0,NEF,,12.28,22.449,12.2,269,14619,147,33,0.939,15.442,0.557,22.449,0.155,0.148,,
aofb,OnionNet-SCFT+Gnina,1.0,NEF,,1.64,2.817,1.621,122,7022,71,2,0.621,1.639,0.503,2.817,0.008,0.008,,
bace1,OnionNet-SCFT+Gnina,1.0,NEF,,32.09,49.457,32.126,283,18383,184,91,0.984,62.582,0.658,49.457,0.391,0.382,,
braf,OnionNet-SCFT+Gnina,1.0,NEF,,19.07,28.431,18.896,152,10102,102,29,0.963,26.005,0.592,28.431,0.223,0.219,,
cah2,OnionNet-SCFT+Gnina,1.0,NEF,,51.06,79.495,51.161,492,31664,317,252,0.996,245.633,0.755,79.495,0.634,0.618,,
casp3,OnionNet-SCFT+Gnina,1.0,NEF,,2.01,3.67,2.01,199,10899,109,4,0.672,2.048,0.505,3.67,0.014,0.013,,
cdk2,OnionNet-SCFT+Gnina,1.0,NEF,,6.96,11.62,6.943,474,28324,284,33,0.885,7.725,0.53,11.62,0.078,0.075,,
comt,OnionNet-SCFT+Gnina,1.0,NEF,,17.03,17.949,17.034,41,3891,39,7,0.954,20.541,0.581,17.949,0.166,0.166,,
cp2c9,OnionNet-SCFT+Gnina,1.0,NEF,,12.44,19.737,12.451,120,7570,76,15,0.939,15.266,0.558,19.737,0.146,0.143,,
cp3a4,OnionNet-SCFT+Gnina,1.0,NEF,,5.87,8.333,5.868,170,11970,120,10,0.863,6.31,0.525,8.333,0.059,0.058,,
csf1r,OnionNet-SCFT+Gnina,1.0,NEF,,10.25,13.71,10.172,166,12316,124,17,0.921,11.629,0.547,13.71,0.108,0.107,,
cxcr4,OnionNet-SCFT+Gnina,1.0,NEF,,50.68,60.0,51.69,40,3446,35,21,0.992,127.725,0.76,60.0,0.556,0.555,,
def,OnionNet-SCFT+Gnina,1.0,NEF,,0.0,0.0,0.0,102,5802,59,0,0.0,0.0,0.495,0.0,-0.014,-0.013,,
dhi1,OnionNet-SCFT+Gnina,1.0,NEF,,0.91,1.523,0.908,330,19680,197,3,0.476,0.907,0.5,1.523,-0.001,-0.001,,
dpp4,OnionNet-SCFT+Gnina,1.0,NEF,,20.47,26.265,20.442,533,41483,415,109,0.965,27.367,0.599,26.265,0.223,0.221,,
drd3,OnionNet-SCFT+Gnina,1.0,NEF,,0.83,1.156,0.832,480,34530,346,4,0.453,0.83,0.499,1.156,-0.002,-0.002,,
dyr,OnionNet-SCFT+Gnina,1.0,NEF,,40.69,53.714,40.532,231,17431,175,94,0.989,86.409,0.701,53.714,0.461,0.457,,
egfr,OnionNet-SCFT+Gnina,1.0,NEF,,16.03,24.438,16.048,542,35592,356,87,0.954,20.915,0.576,24.438,0.188,0.184,,
esr1,OnionNet-SCFT+Gnina,1.0,NEF,,26.17,47.393,26.07,383,21068,211,100,0.98,48.656,0.628,47.393,0.343,0.328,,
esr2,OnionNet-SCFT+Gnina,1.0,NEF,,10.93,19.417,10.881,367,20566,206,40,0.93,13.262,0.55,19.417,0.134,0.128,,
fa10,OnionNet-SCFT+Gnina,1.0,NEF,,32.71,60.9,32.732,537,28862,289,176,0.988,82.154,0.662,60.9,0.439,0.419,,
fa7,OnionNet-SCFT+Gnina,1.0,NEF,,54.04,96.875,54.08,114,6364,64,62,0.999,1699.561,0.772,96.875,0.723,0.693,,
fabp4,OnionNet-SCFT+Gnina,1.0,NEF,,4.25,7.143,4.251,47,2797,28,2,0.818,4.501,0.517,7.143,0.043,0.041,,
fak1,OnionNet-SCFT+Gnina,1.0,NEF,,3.03,5.455,2.973,100,5450,55,3,0.755,3.087,0.51,5.455,0.027,0.026,,
fgfr1,OnionNet-SCFT+Gnina,1.0,NEF,,0.0,0.0,0.0,139,8839,89,0,0.0,0.0,0.495,0.0,-0.013,-0.012,,
fkb1a,OnionNet-SCFT+Gnina,1.0,NEF,,7.22,13.333,7.1,111,5911,60,8,0.889,8.039,0.532,13.333,0.085,0.081,,
fnta,OnionNet-SCFT+Gnina,1.0,NEF,,15.04,17.083,15.031,592,52092,521,89,0.947,17.922,0.571,17.083,0.151,0.151,,
fpps,OnionNet-SCFT+Gnina,1.0,NEF,,3.53,3.333,3.504,85,8935,90,3,0.782,3.59,0.513,3.529,0.025,0.025,,
gcr,OnionNet-SCFT+Gnina,1.0,NEF,,4.66,7.843,4.638,258,15258,153,12,0.832,4.948,0.519,7.843,0.048,0.046,,
glcm,OnionNet-SCFT+Gnina,1.0,NEF,,9.15,12.821,9.15,54,3854,39,5,0.912,10.349,0.542,12.821,0.098,0.097,,
gria2,OnionNet-SCFT+Gnina,1.0,NEF,,8.85,11.57,8.79,158,12003,121,14,0.907,9.809,0.54,11.57,0.091,0.09,,
grik1,OnionNet-SCFT+Gnina,1.0,NEF,,13.96,20.896,13.76,101,6651,67,14,0.945,17.131,0.565,20.896,0.16,0.156,,
hdac2,OnionNet-SCFT+Gnina,1.0,NEF,,2.7,4.762,2.699,185,10485,105,5,0.736,2.784,0.509,4.762,0.023,0.022,,
hdac8,OnionNet-SCFT+Gnina,1.0,NEF,,1.18,1.869,1.168,170,10620,107,2,0.539,1.171,0.501,1.869,0.002,0.002,,
hivint,OnionNet-SCFT+Gnina,1.0,NEF,,3.02,4.412,2.978,100,6750,68,3,0.754,3.069,0.51,4.412,0.024,0.024,,
hivpr,OnionNet-SCFT+Gnina,1.0,NEF,,10.27,15.152,10.257,536,36286,363,55,0.923,11.91,0.547,15.152,0.114,0.112,,
hivrt,OnionNet-SCFT+Gnina,1.0,NEF,,21.32,37.306,21.223,338,19229,193,72,0.971,33.257,0.603,37.306,0.272,0.262,,
hmdh,OnionNet-SCFT+Gnina,1.0,NEF,,37.7,72.222,37.895,170,8920,90,65,0.993,133.824,0.69,72.222,0.519,0.493,,
hs90a,OnionNet-SCFT+Gnina,1.0,NEF,,24.04,42.0,23.568,88,4938,50,21,0.976,39.91,0.616,42.0,0.307,0.295,,
hxk4,OnionNet-SCFT+Gnina,1.0,NEF,,17.35,33.333,17.362,92,4792,48,16,0.962,25.543,0.584,33.333,0.23,0.218,,
igf1r,OnionNet-SCFT+Gnina,1.0,NEF,,21.71,33.684,21.503,148,9448,95,32,0.97,31.918,0.605,33.684,0.261,0.254,,
inha,OnionNet-SCFT+Gnina,1.0,NEF,,0.0,0.0,0.0,43,2343,24,0,0.0,0.0,0.495,0.0,-0.014,-0.013,,
ital,OnionNet-SCFT+Gnina,1.0,NEF,,6.54,10.345,6.475,138,8638,87,9,0.877,7.107,0.528,10.345,0.07,0.068,,
jak2,OnionNet-SCFT+Gnina,1.0,NEF,,15.89,25.373,15.667,107,6607,67,17,0.954,20.654,0.576,25.373,0.19,0.185,,
kif11,OnionNet-SCFT+Gnina,1.0,NEF,,44.6,74.286,44.61,116,6966,70,52,0.994,170.594,0.723,74.286,0.572,0.554,,
kit,OnionNet-SCFT+Gnina,1.0,NEF,,1.21,1.869,1.195,166,10616,107,2,0.545,1.199,0.501,1.869,0.002,0.002,,
kith,OnionNet-SCFT+Gnina,1.0,NEF,,29.9,60.0,30.6,57,2907,30,18,0.987,75.0,0.656,60.0,0.427,0.406,,
kpcb,OnionNet-SCFT+Gnina,1.0,NEF,,31.95,48.315,31.619,135,8835,89,43,0.984,60.242,0.657,48.315,0.385,0.376,,
lck,OnionNet-SCFT+Gnina,1.0,NEF,,11.9,17.921,11.871,420,27820,279,50,0.934,14.244,0.555,17.921,0.135,0.133,,
lkha4,OnionNet-SCFT+Gnina,1.0,NEF,,28.13,49.485,27.842,171,9621,97,48,0.982,54.135,0.638,49.485,0.364,0.35,,
mapk2,OnionNet-SCFT+Gnina,1.0,NEF,,4.99,7.937,4.912,101,6251,63,5,0.84,5.249,0.52,7.937,0.051,0.049,,
mcr,OnionNet-SCFT+Gnina,1.0,NEF,,10.72,18.868,10.526,94,5244,53,10,0.927,12.741,0.549,18.868,0.13,0.125,,
met,OnionNet-SCFT+Gnina,1.0,NEF,,37.37,53.913,37.077,166,11416,115,62,0.988,79.279,0.684,53.913,0.442,0.435,,
mk01,OnionNet-SCFT+Gnina,1.0,NEF,,26.74,44.681,26.181,79,4629,47,21,0.979,46.519,0.63,44.681,0.336,0.325,,
mk10,OnionNet-SCFT+Gnina,1.0,NEF,,5.77,8.824,5.688,104,6704,68,6,0.86,6.141,0.524,8.824,0.06,0.058,,
mk14,OnionNet-SCFT+Gnina,1.0,NEF,,11.41,18.082,11.396,578,36428,365,66,0.932,13.691,0.553,18.082,0.133,0.129,,
mmp13,OnionNet-SCFT+Gnina,1.0,NEF,,25.17,38.095,25.156,572,37772,378,144,0.976,40.022,0.623,38.095,0.301,0.295,,
mp2k1,OnionNet-SCFT+Gnina,1.0,NEF,,4.12,6.024,4.118,121,8271,83,5,0.812,4.318,0.516,6.024,0.038,0.038,,
nos1,OnionNet-SCFT+Gnina,1.0,NEF,,2.98,3.659,2.982,100,8150,82,3,0.754,3.057,0.51,3.659,0.022,0.022,,
nram,OnionNet-SCFT+Gnina,1.0,NEF,,29.58,46.032,29.582,98,6298,63,29,0.982,53.962,0.645,46.032,0.361,0.352,,
pa2ga,OnionNet-SCFT+Gnina,1.0,NEF,,51.96,98.113,52.02,99,5249,53,52,1.0,2705.051,0.763,98.113,0.714,0.68,,
parp1,OnionNet-SCFT+Gnina,1.0,NEF,,18.14,30.065,18.085,508,30558,306,92,0.962,25.43,0.587,30.065,0.223,0.216,,
pde5a,OnionNet-SCFT+Gnina,1.0,NEF,,3.52,5.0,3.511,398,27948,280,14,0.785,3.643,0.513,5.0,0.03,0.03,,
pgh1,OnionNet-SCFT+Gnina,1.0,NEF,,6.15,10.909,6.151,195,10995,110,12,0.871,6.782,0.526,10.909,0.07,0.067,,
pgh2,OnionNet-SCFT+Gnina,1.0,NEF,,0.92,1.695,0.919,435,23585,236,4,0.479,0.918,0.5,1.695,-0.001,-0.001,,
plk1,OnionNet-SCFT+Gnina,1.0,NEF,,15.9,24.286,15.677,107,6907,70,17,0.953,20.384,0.576,24.286,0.186,0.182,,
pnph,OnionNet-SCFT+Gnina,1.0,NEF,,57.87,84.507,57.867,103,7053,71,60,0.997,368.049,0.79,84.507,0.698,0.686,,
ppara,OnionNet-SCFT+Gnina,1.0,NEF,,19.87,37.374,19.811,373,19772,198,74,0.969,31.037,0.596,37.374,0.262,0.249,,
ppard,OnionNet-SCFT+Gnina,1.0,NEF,,27.83,53.6,27.894,240,12490,125,67,0.983,58.962,0.637,53.6,0.378,0.359,,
pparg,OnionNet-SCFT+Gnina,1.0,NEF,,28.14,52.713,28.082,484,25784,258,136,0.983,58.271,0.638,52.713,0.377,0.358,,
prgr,OnionNet-SCFT+Gnina,1.0,NEF,,10.26,18.75,10.202,293,15943,160,30,0.925,12.326,0.547,18.75,0.127,0.121,,
ptn1,OnionNet-SCFT+Gnina,1.0,NEF,,32.96,58.108,32.988,130,7380,74,43,0.987,77.357,0.663,58.108,0.431,0.414,,
pur2,OnionNet-SCFT+Gnina,1.0,NEF,,54.88,100.0,55.0,50,2750,28,28,1.0,inf,0.78,100.0,0.745,0.714,,
pygm,OnionNet-SCFT+Gnina,1.0,NEF,,0.0,0.0,0.0,77,4027,41,0,0.0,0.0,0.495,0.0,-0.014,-0.013,,
pyrd,OnionNet-SCFT+Gnina,1.0,NEF,,6.27,10.606,6.269,111,6561,66,7,0.873,6.894,0.527,10.606,0.07,0.067,,
reni,OnionNet-SCFT+Gnina,1.0,NEF,,21.99,32.394,21.997,104,7062,71,23,0.97,32.058,0.607,32.394,0.259,0.254,,
rock1,OnionNet-SCFT+Gnina,1.0,NEF,,25.99,40.625,26.0,100,6400,64,26,0.977,43.105,0.627,40.625,0.317,0.309,,
rxra,OnionNet-SCFT+Gnina,1.0,NEF,,44.06,81.69,44.156,131,7081,71,58,0.996,236.7,0.72,81.69,0.596,0.569,,
sahh,OnionNet-SCFT+Gnina,1.0,NEF,,0.0,0.0,0.0,63,3513,36,0,0.0,0.0,0.495,0.0,-0.014,-0.013,,
src,OnionNet-SCFT+Gnina,1.0,NEF,,1.34,1.994,1.333,524,35024,351,7,0.573,1.34,0.502,1.994,0.004,0.004,,
tgfr1,OnionNet-SCFT+Gnina,1.0,NEF,,24.15,36.782,23.875,133,8633,87,32,0.974,37.184,0.617,36.782,0.289,0.282,,
thb,OnionNet-SCFT+Gnina,1.0,NEF,,54.69,75.0,54.998,103,7553,76,57,0.995,216.99,0.775,75.0,0.64,0.633,,
thrb,OnionNet-SCFT+Gnina,1.0,NEF,,5.64,9.455,5.633,461,27465,275,26,0.859,6.116,0.524,9.455,0.061,0.059,,
try1,OnionNet-SCFT+Gnina,1.0,NEF,,47.15,80.0,47.09,449,26429,265,212,0.996,231.448,0.735,80.0,0.61,0.589,,
tryb1,OnionNet-SCFT+Gnina,1.0,NEF,,21.6,41.026,21.616,148,7798,78,32,0.973,35.958,0.605,41.026,0.288,0.274,,
tysy,OnionNet-SCFT+Gnina,1.0,NEF,,17.55,27.536,17.328,109,6859,69,19,0.959,23.532,0.583,27.536,0.209,0.204,,
urok,OnionNet-SCFT+Gnina,1.0,NEF,,45.08,73.267,45.281,162,10012,101,74,0.994,166.644,0.727,73.267,0.573,0.557,,
vgfr2,OnionNet-SCFT+Gnina,1.0,NEF,,17.38,27.953,17.331,409,25359,254,71,0.959,23.668,0.583,27.953,0.21,0.204,,
wee1,OnionNet-SCFT+Gnina,1.0,NEF,,61.27,100.0,61.294,102,6252,63,63,1.0,inf,0.809,100.0,0.783,0.761,,
xiap,OnionNet-SCFT+Gnina,1.0,NEF,,46.4,88.679,46.557,100,5250,53,47,0.998,403.417,0.734,88.679,0.641,0.609,,
aa2ar,GlideSP/GlideSP,1.0,NEF,,13.98,21.184,14.078,482,32032,321,68,0.946,17.593,0.567,21.184,0.163,0.159,0.806,0.346
abl1,GlideSP/GlideSP,1.0,NEF,,16.07,26.364,15.836,182,10932,110,29,0.955,21.147,0.576,26.364,0.195,0.188,0.761,0.371
ace,GlideSP/GlideSP,1.0,NEF,,18.85,30.814,18.775,282,17182,172,53,0.964,26.691,0.59,30.814,0.231,0.224,0.839,0.63
aces,GlideSP/GlideSP,1.0,NEF,,8.27,14.179,8.358,453,26703,268,38,0.905,9.574,0.538,14.179,0.097,0.094,0.604,0.195
ada,GlideSP/GlideSP,1.0,NEF,,2.26,3.571,2.129,93,5543,56,2,0.685,2.17,0.506,3.571,0.015,0.014,0.511,0.101
ada17,GlideSP/GlideSP,1.0,NEF,,23.91,34.795,23.828,532,36432,365,127,0.973,36.009,0.616,34.795,0.28,0.275,0.848,0.519
adrb1,GlideSP/GlideSP,1.0,NEF,,9.78,14.907,9.715,247,16097,161,24,0.918,11.241,0.544,14.907,0.109,0.107,0.74,0.262
adrb2,GlideSP/GlideSP,1.0,NEF,,17.87,26.797,17.669,231,15231,153,41,0.96,23.771,0.585,26.797,0.208,0.204,0.806,0.464
akt1,GlideSP/GlideSP,1.0,NEF,,9.69,16.667,9.524,293,16743,168,28,0.918,11.229,0.544,16.667,0.115,0.11,0.74,0.236
akt2,GlideSP/GlideSP,1.0,NEF,,14.26,23.944,14.36,117,7017,71,17,0.949,18.566,0.569,23.944,0.176,0.17,0.785,0.363
aldr,GlideSP/GlideSP,1.0,NEF,,24.63,42.391,24.419,159,9159,92,39,0.977,41.652,0.62,42.391,0.314,0.302,0.766,0.478
ampc,GlideSP/GlideSP,1.0,NEF,,3.17,6.897,4.164,48,2898,29,2,0.815,4.398,0.516,6.897,0.041,0.04,0.625,0.063
andr,GlideSP/GlideSP,1.0,NEF,,19.77,36.054,19.594,269,14619,147,53,0.968,30.078,0.595,36.054,0.257,0.245,0.829,0.5
aofb,GlideSP/GlideSP,1.0,NEF,,3.59,5.634,3.243,122,7022,71,4,0.772,3.377,0.512,5.634,0.03,0.029,0.712,0.133
bace1,GlideSP/GlideSP,1.0,NEF,,8.73,13.587,8.826,283,18383,184,25,0.91,10.056,0.54,13.587,0.098,0.096,0.731,0.212
braf,GlideSP/GlideSP,1.0,NEF,,24.29,36.275,24.108,152,10102,102,37,0.974,37.262,0.618,36.275,0.288,0.283,0.85,0.535
cah2,GlideSP/GlideSP,1.0,NEF,,0.73,1.262,0.812,492,31664,317,4,0.447,0.81,0.499,1.262,-0.002,-0.002,0.493,0.023
casp3,GlideSP/GlideSP,1.0,NEF,,19.69,35.78,19.596,199,10899,109,39,0.968,29.957,0.595,35.78,0.255,0.243,0.772,0.507
cdk2,GlideSP/GlideSP,1.0,NEF,,16.19,27.113,16.201,474,28324,284,77,0.956,21.856,0.578,27.113,0.2,0.193,0.839,0.421
comt,GlideSP/GlideSP,1.0,NEF,,0.0,0.0,0.0,41,3891,39,0,0.0,0.0,0.495,0.0,-0.01,-0.01,0.712,0.009
cp2c9,GlideSP/GlideSP,1.0,NEF,,3.84,6.579,4.15,120,7570,76,5,0.814,4.372,0.516,6.579,0.04,0.039,0.577,0.076
cp3a4,GlideSP/GlideSP,1.0,NEF,,2.01,2.5,1.76,170,11970,120,3,0.64,1.78,0.504,2.5,0.009,0.009,0.609,0.08
csf1r,GlideSP/GlideSP,1.0,NEF,,18.41,25.0,18.548,166,12316,124,31,0.961,24.398,0.59,25.0,0.207,0.205,0.742,0.352
cxcr4,GlideSP/GlideSP,1.0,NEF,,0.0,0.0,0.0,40,3446,35,0,0.0,0.0,0.495,0.0,-0.011,-0.011,0.525,0.003
def,GlideSP/GlideSP,1.0,NEF,,18.2,32.203,18.318,102,5802,59,19,0.964,26.544,0.59,32.203,0.235,0.226,0.943,0.51
dhi1,GlideSP/GlideSP,1.0,NEF,,8.17,13.706,8.174,330,19680,197,27,0.903,9.313,0.537,13.706,0.094,0.091,0.696,0.203
dpp4,GlideSP/GlideSP,1.0,NEF,,15.65,20.0,15.566,533,41483,415,83,0.951,19.207,0.574,20.0,0.167,0.166,0.711,0.362
drd3,GlideSP/GlideSP,1.0,NEF,,1.83,2.601,1.871,480,34530,346,9,0.655,1.894,0.504,2.601,0.01,0.01,0.655,0.057
dyr,GlideSP/GlideSP,1.0,NEF,,14.05,18.857,14.229,231,17431,175,33,0.945,17.304,0.567,18.857,0.154,0.153,0.709,0.361
egfr,GlideSP/GlideSP,1.0,NEF,,19.59,29.775,19.553,542,35592,356,106,0.965,27.419,0.594,29.775,0.232,0.227,0.782,0.403
esr1,GlideSP/GlideSP,1.0,NEF,,34.09,62.085,34.152,383,21068,211,131,0.989,88.438,0.669,62.085,0.454,0.434,0.845,0.818
esr2,GlideSP/GlideSP,1.0,NEF,,33.5,59.709,33.46,367,20566,206,123,0.988,81.563,0.666,59.709,0.44,0.422,0.881,0.829
fa10,GlideSP/GlideSP,1.0,NEF,,24.38,45.329,24.363,537,28862,289,131,0.978,43.733,0.619,45.329,0.324,0.308,0.901,0.802
fa7,GlideSP/GlideSP,1.0,NEF,,32.52,57.812,32.274,114,6364,64,37,0.987,75.13,0.66,57.812,0.426,0.408,0.959,0.872
fabp4,GlideSP/GlideSP,1.0,NEF,,41.43,67.857,40.382,47,2797,28,19,0.992,123.522,0.7,67.857,0.518,0.5,0.887,0.751
fak1,GlideSP/GlideSP,1.0,NEF,,31.82,58.182,31.709,100,5450,55,32,0.987,74.435,0.658,58.182,0.424,0.405,0.817,0.583
fgfr1,GlideSP/GlideSP,1.0,NEF,,0.44,1.124,0.714,139,8839,89,1,0.416,0.711,0.499,1.124,-0.004,-0.004,0.501,0.2
fkb1a,GlideSP/GlideSP,1.0,NEF,,6.93,13.333,7.1,111,5911,60,8,0.889,8.039,0.532,13.333,0.085,0.081,0.586,0.237
fnta,GlideSP/GlideSP,1.0,NEF,,2.06,2.303,2.027,592,52092,521,12,0.672,2.051,0.505,2.303,0.011,0.011,0.549,0.069
fpps,GlideSP/GlideSP,1.0,NEF,,0.96,1.111,1.168,85,8935,90,1,0.539,1.17,0.501,1.176,0.002,0.002,0.53,0.02
gcr,GlideSP/GlideSP,1.0,NEF,,14.65,24.837,14.688,258,15258,153,38,0.951,19.211,0.57,24.837,0.181,0.175,0.713,0.311
glcm,GlideSP/GlideSP,1.0,NEF,,6.99,10.256,7.32,54,3854,39,4,0.889,8.042,0.532,10.256,0.076,0.075,0.681,0.416
gria2,GlideSP/GlideSP,1.0,NEF,,2.06,2.479,1.884,158,12003,121,3,0.656,1.906,0.505,2.479,0.01,0.01,0.642,0.079
grik1,GlideSP/GlideSP,1.0,NEF,,8.47,13.433,8.846,101,6651,67,9,0.91,10.063,0.54,13.433,0.098,0.096,0.825,0.211
hdac2,GlideSP/GlideSP,1.0,NEF,,17.32,30.476,17.273,185,10485,105,32,0.961,24.406,0.583,30.476,0.219,0.211,0.812,0.337
hdac8,GlideSP/GlideSP,1.0,NEF,,7.14,11.215,7.006,170,10620,107,12,0.886,7.765,0.531,11.215,0.077,0.075,0.907,0.157
hivint,GlideSP/GlideSP,1.0,NEF,,2.36,2.941,1.985,100,6750,68,2,0.668,2.015,0.505,2.941,0.012,0.012,0.671,0.085
hivpr,GlideSP/GlideSP,1.0,NEF,,4.16,6.061,4.103,536,36286,363,22,0.811,4.303,0.516,6.061,0.038,0.037,0.585,0.137
hivrt,GlideSP/GlideSP,1.0,NEF,,17.38,30.57,17.391,338,19229,193,59,0.961,24.609,0.584,30.57,0.221,0.212,0.76,0.412
hmdh,GlideSP/GlideSP,1.0,NEF,,21.37,41.111,21.571,170,8920,90,37,0.973,35.932,0.606,41.111,0.289,0.275,0.824,0.561
hs90a,GlideSP/GlideSP,1.0,NEF,,0.83,2.0,1.122,88,4938,50,1,0.529,1.125,0.501,2.0,0.002,0.002,0.668,0.075
hxk4,GlideSP/GlideSP,1.0,NEF,,16.52,31.25,16.277,92,4792,48,15,0.959,23.221,0.578,31.25,0.215,0.204,0.63,0.327
igf1r,GlideSP/GlideSP,1.0,NEF,,20.39,31.579,20.159,148,9448,95,30,0.967,29.002,0.598,31.579,0.244,0.238,0.78,0.417
inha,GlideSP/GlideSP,1.0,NEF,,18.68,33.333,18.163,43,2343,24,8,0.964,26.744,0.59,33.333,0.239,0.229,0.624,0.375
ital,GlideSP/GlideSP,1.0,NEF,,7.86,12.644,7.914,138,8638,87,11,0.899,8.915,0.535,12.644,0.089,0.086,0.652,0.176
jak2,GlideSP/GlideSP,1.0,NEF,,23.11,37.313,23.04,107,6607,67,25,0.973,36.159,0.614,37.313,0.286,0.278,0.892,0.528
kif11,GlideSP/GlideSP,1.0,NEF,,20.77,34.286,20.589,116,6966,70,24,0.969,30.81,0.6,34.286,0.257,0.249,0.869,0.522
kit,GlideSP/GlideSP,1.0,NEF,,4.78,7.477,4.781,166,10616,107,8,0.836,5.087,0.519,7.477,0.048,0.047,0.687,0.113
kith,GlideSP/GlideSP,1.0,NEF,,22.6,43.333,22.1,57,2907,30,13,0.975,38.235,0.611,43.333,0.305,0.289,0.895,0.934
kpcb,GlideSP/GlideSP,1.0,NEF,,33.8,51.685,33.825,135,8835,89,46,0.986,68.941,0.668,51.685,0.412,0.403,0.758,0.647
lck,GlideSP/GlideSP,1.0,NEF,,22.71,34.409,22.792,420,27820,279,96,0.972,34.223,0.611,34.409,0.272,0.266,0.837,0.496
lkha4,GlideSP/GlideSP,1.0,NEF,,16.99,29.897,16.821,171,9621,97,29,0.959,23.568,0.581,29.897,0.215,0.206,0.877,0.452
mapk2,GlideSP/GlideSP,1.0,NEF,,21.87,34.921,21.613,101,6251,63,22,0.97,32.673,0.606,34.921,0.267,0.259,0.819,0.623
mcr,GlideSP/GlideSP,1.0,NEF,,19.53,35.849,19.999,94,5244,53,19,0.968,30.616,0.598,35.849,0.259,0.249,0.791,0.471
met,GlideSP/GlideSP,1.0,NEF,,38.22,55.652,38.273,166,11416,115,64,0.988,85.046,0.691,55.652,0.457,0.449,0.88,0.659
mk01,GlideSP/GlideSP,1.0,NEF,,5.73,10.638,6.234,79,4629,47,5,0.873,6.857,0.527,10.638,0.07,0.067,0.853,0.202
mk10,GlideSP/GlideSP,1.0,NEF,,5.92,8.824,5.688,104,6704,68,6,0.86,6.141,0.524,8.824,0.06,0.058,0.745,0.151
mk14,GlideSP/GlideSP,1.0,NEF,,15.31,24.384,15.368,578,36428,365,89,0.952,20.001,0.573,24.384,0.184,0.179,0.633,0.329
mmp13,GlideSP/GlideSP,1.0,NEF,,20.71,31.481,20.789,572,37772,378,119,0.968,29.881,0.601,31.481,0.247,0.241,0.761,0.453
mp2k1,GlideSP/GlideSP,1.0,NEF,,1.66,2.41,1.647,121,8271,83,2,0.624,1.663,0.503,2.41,0.008,0.008,0.715,0.086
nos1,GlideSP/GlideSP,1.0,NEF,,1.71,2.439,1.988,100,8150,82,2,0.668,2.013,0.505,2.439,0.011,0.011,0.558,0.05
nram,GlideSP/GlideSP,1.0,NEF,,23.54,36.508,23.462,98,6298,63,23,0.973,36.378,0.614,36.508,0.284,0.277,0.85,0.683
pa2ga,GlideSP/GlideSP,1.0,NEF,,31.64,60.377,32.012,99,5249,53,32,0.988,79.269,0.66,60.377,0.434,0.413,0.729,0.573
parp1,GlideSP/GlideSP,1.0,NEF,,38.01,63.072,37.94,508,30558,306,193,0.99,101.032,0.688,63.072,0.483,0.468,0.952,0.836
pde5a,GlideSP/GlideSP,1.0,NEF,,1.48,2.143,1.505,398,27948,280,6,0.603,1.516,0.503,2.143,0.006,0.006,0.716,0.043
pgh1,GlideSP/GlideSP,1.0,NEF,,9.0,16.364,9.227,195,10995,110,18,0.916,10.836,0.542,16.364,0.111,0.107,0.714,0.218
pgh2,GlideSP/GlideSP,1.0,NEF,,28.24,52.119,28.258,435,23585,236,123,0.983,57.928,0.639,52.119,0.376,0.358,0.794,0.568
plk1,GlideSP/GlideSP,1.0,NEF,,33.98,52.857,34.12,107,6907,70,37,0.986,71.255,0.67,52.857,0.42,0.411,0.894,0.645
pnph,GlideSP/GlideSP,1.0,NEF,,23.56,33.803,23.147,103,7053,71,24,0.972,34.456,0.613,33.803,0.272,0.267,0.916,0.677
ppara,GlideSP/GlideSP,1.0,NEF,,13.57,25.758,13.654,373,19772,198,51,0.947,18.044,0.565,25.758,0.176,0.168,0.825,0.41
ppard,GlideSP/GlideSP,1.0,NEF,,15.31,29.6,15.404,240,12490,125,37,0.955,21.461,0.573,29.6,0.203,0.192,0.823,0.34
pparg,GlideSP/GlideSP,1.0,NEF,,15.91,29.845,15.899,484,25784,258,77,0.957,22.238,0.576,29.845,0.207,0.197,0.814,0.409
prgr,GlideSP/GlideSP,1.0,NEF,,23.72,43.75,23.806,293,15943,160,70,0.976,41.543,0.617,43.75,0.314,0.3,0.877,0.52
ptn1,GlideSP/GlideSP,1.0,NEF,,16.08,28.378,16.11,130,7380,74,21,0.957,22.097,0.577,28.378,0.204,0.196,0.834,0.496
pur2,GlideSP/GlideSP,1.0,NEF,,14.36,25.0,13.75,50,2750,28,7,0.947,18.0,0.566,25.0,0.176,0.169,0.978,1.019
pygm,GlideSP/GlideSP,1.0,NEF,,0.0,0.0,0.0,77,4027,41,0,0.0,0.0,0.495,0.0,-0.014,-0.013,0.599,0.032
pyrd,GlideSP/GlideSP,1.0,NEF,,35.81,60.606,35.823,111,6561,66,40,0.989,89.397,0.678,60.606,0.461,0.445,0.84,0.637
reni,GlideSP/GlideSP,1.0,NEF,,12.88,18.31,12.433,104,7062,71,13,0.937,14.996,0.558,18.31,0.141,0.138,0.772,0.53
rock1,GlideSP/GlideSP,1.0,NEF,,13.31,20.312,13.0,100,6400,64,13,0.941,16.059,0.561,20.312,0.152,0.148,0.784,0.37
rxra,GlideSP/GlideSP,1.0,NEF,,34.4,63.38,34.259,131,7081,71,45,0.989,91.823,0.67,63.38,0.46,0.438,0.942,0.871
sahh,GlideSP/GlideSP,1.0,NEF,,14.52,25.0,13.94,63,3513,36,9,0.948,18.254,0.568,25.0,0.178,0.171,0.983,1.028
src,GlideSP/GlideSP,1.0,NEF,,14.55,21.652,14.472,524,35024,351,76,0.948,18.196,0.569,21.652,0.167,0.164,0.754,0.294
tgfr1,GlideSP/GlideSP,1.0,NEF,,17.05,26.437,17.16,133,8633,87,23,0.958,22.968,0.583,26.437,0.204,0.199,0.866,0.463
thb,GlideSP/GlideSP,1.0,NEF,,20.82,28.947,21.227,103,7553,76,22,0.967,29.468,0.603,28.947,0.24,0.237,0.813,0.52
thrb,GlideSP/GlideSP,1.0,NEF,,18.2,30.545,18.198,461,27465,275,84,0.963,25.762,0.588,30.545,0.226,0.218,0.82,0.472
try1,GlideSP/GlideSP,1.0,NEF,,12.99,21.887,12.883,449,26429,265,58,0.942,16.213,0.561,21.887,0.157,0.152,0.774,0.336
tryb1,GlideSP/GlideSP,1.0,NEF,,14.57,28.205,14.861,148,7798,78,22,0.953,20.306,0.571,28.205,0.194,0.184,0.817,0.289
tysy,GlideSP/GlideSP,1.0,NEF,,16.08,26.087,16.416,109,6859,69,18,0.956,21.856,0.579,26.087,0.197,0.192,0.828,0.555
urok,GlideSP/GlideSP,1.0,NEF,,30.35,49.505,30.595,162,10012,101,50,0.984,59.61,0.652,49.505,0.383,0.372,0.853,0.782
vgfr2,GlideSP/GlideSP,1.0,NEF,,13.27,21.26,13.182,409,25359,254,54,0.943,16.471,0.562,21.26,0.157,0.152,0.682,0.347
wee1,GlideSP/GlideSP,1.0,NEF,,45.48,74.603,45.727,102,6252,63,47,0.994,177.114,0.729,74.603,0.581,0.564,0.992,0.999
xiap,GlideSP/GlideSP,1.0,NEF,,40.68,77.358,40.613,100,5250,53,41,0.994,175.958,0.704,77.358,0.557,0.53,0.887,0.832
aa2ar,ΔVinaRF20/GlideSP,1.0,NEF,,0.48,0.623,0.414,482,32032,321,2,0.291,0.41,0.497,0.623,-0.007,-0.007,0.569,0.019
abl1,ΔVinaRF20/GlideSP,1.0,NEF,,7.76,12.727,7.645,182,10932,110,14,0.896,8.614,0.534,12.727,0.087,0.084,0.698,0.236
ace,ΔVinaRF20/GlideSP,1.0,NEF,,3.53,5.814,3.542,282,17182,172,10,0.787,3.699,0.513,5.814,0.033,0.032,0.526,0.132
aces,ΔVinaRF20/GlideSP,1.0,NEF,,6.9,11.567,6.818,453,26703,268,31,0.883,7.58,0.53,11.567,0.077,0.074,0.655,0.166
ada,ΔVinaRF20/GlideSP,1.0,NEF,,0.76,1.786,1.064,93,5543,56,1,0.516,1.065,0.5,1.786,0.001,0.001,0.609,0.053
ada17,ΔVinaRF20/GlideSP,1.0,NEF,,20.42,29.863,20.451,532,36432,365,109,0.966,28.732,0.599,29.863,0.238,0.234,0.763,0.42
adrb1,ΔVinaRF20/GlideSP,1.0,NEF,,0.67,1.242,0.81,247,16097,161,2,0.447,0.807,0.499,1.242,-0.002,-0.002,0.605,0.033
adrb2,ΔVinaRF20/GlideSP,1.0,NEF,,2.14,3.268,2.155,231,15231,153,5,0.687,2.194,0.506,3.268,0.014,0.014,0.655,0.066
akt1,ΔVinaRF20/GlideSP,1.0,NEF,,3.09,5.357,3.061,293,16743,168,9,0.761,3.178,0.511,5.357,0.028,0.027,0.756,0.084
akt2,ΔVinaRF20/GlideSP,1.0,NEF,,5.99,9.859,5.913,117,7017,71,7,0.866,6.45,0.525,9.859,0.065,0.063,0.763,0.197
aldr,ΔVinaRF20/GlideSP,1.0,NEF,,6.49,10.87,6.261,159,9159,92,10,0.873,6.903,0.527,10.87,0.07,0.068,0.622,0.153
ampc,ΔVinaRF20/GlideSP,1.0,NEF,,0.0,0.0,0.0,48,2898,29,0,0.0,0.0,0.495,0.0,-0.013,-0.013,0.515,0.0
andr,ΔVinaRF20/GlideSP,1.0,NEF,,8.3,14.966,8.133,269,14619,147,22,0.904,9.389,0.537,14.966,0.098,0.094,0.625,0.222
aofb,ΔVinaRF20/GlideSP,1.0,NEF,,5.73,9.859,5.675,122,7022,71,7,0.861,6.186,0.524,9.859,0.063,0.061,0.683,0.148
bace1,ΔVinaRF20/GlideSP,1.0,NEF,,6.4,9.783,6.355,283,18383,184,18,0.874,6.935,0.527,9.783,0.067,0.066,0.651,0.154
braf,ΔVinaRF20/GlideSP,1.0,NEF,,8.55,12.745,8.47,152,10102,102,13,0.905,9.562,0.538,12.745,0.093,0.091,0.81,0.202
cah2,ΔVinaRF20/GlideSP,1.0,NEF,,1.19,1.893,1.218,492,31664,317,6,0.55,1.222,0.501,1.893,0.003,0.003,0.464,0.031
casp3,ΔVinaRF20/GlideSP,1.0,NEF,,3.14,5.505,3.015,199,10899,109,6,0.758,3.132,0.51,5.505,0.028,0.026,0.672,0.117
cdk2,ΔVinaRF20/GlideSP,1.0,NEF,,8.54,14.437,8.627,474,28324,284,41,0.908,9.913,0.539,14.437,0.1,0.097,0.67,0.203
comt,ΔVinaRF20/GlideSP,1.0,NEF,,0.0,0.0,0.0,41,3891,39,0,0.0,0.0,0.495,0.0,-0.01,-0.01,0.742,0.022
cp2c9,ΔVinaRF20/GlideSP,1.0,NEF,,2.2,3.947,2.49,120,7570,76,3,0.718,2.551,0.508,3.947,0.019,0.019,0.559,0.064
cp3a4,ΔVinaRF20/GlideSP,1.0,NEF,,2.14,3.333,2.347,170,11970,120,4,0.705,2.394,0.507,3.333,0.016,0.016,0.545,0.056
csf1r,ΔVinaRF20/GlideSP,1.0,NEF,,7.92,10.484,7.778,166,12316,124,13,0.896,8.572,0.535,10.484,0.08,0.079,0.693,0.179
cxcr4,ΔVinaRF20/GlideSP,1.0,NEF,,0.0,0.0,0.0,40,3446,35,0,0.0,0.0,0.495,0.0,-0.011,-0.011,0.602,0.008
def,ΔVinaRF20/GlideSP,1.0,NEF,,20.75,37.288,21.21,102,5802,59,22,0.971,33.227,0.605,37.288,0.274,0.264,0.879,0.501
dhi1,ΔVinaRF20/GlideSP,1.0,NEF,,6.39,10.66,6.357,330,19680,197,21,0.875,6.996,0.527,10.66,0.07,0.068,0.773,0.184
dpp4,ΔVinaRF20/GlideSP,1.0,NEF,,4.01,5.06,3.938,533,41483,415,21,0.804,4.095,0.515,5.06,0.034,0.033,0.7,0.106
drd3,ΔVinaRF20/GlideSP,1.0,NEF,,1.53,2.023,1.455,480,34530,346,7,0.594,1.465,0.502,2.023,0.005,0.005,0.63,0.044
dyr,ΔVinaRF20/GlideSP,1.0,NEF,,3.64,4.571,3.45,231,17431,175,8,0.781,3.567,0.512,4.571,0.029,0.028,0.638,0.129
egfr,ΔVinaRF20/GlideSP,1.0,NEF,,3.6,5.618,3.689,542,35592,356,20,0.794,3.849,0.514,5.618,0.034,0.033,0.659,0.092
esr1,ΔVinaRF20/GlideSP,1.0,NEF,,24.36,44.076,24.245,383,21068,211,93,0.977,42.565,0.619,44.076,0.318,0.304,0.819,0.589
esr2,ΔVinaRF20/GlideSP,1.0,NEF,,20.04,35.922,20.13,367,20566,206,74,0.969,30.855,0.598,35.922,0.259,0.249,0.8,0.485
fa10,ΔVinaRF20/GlideSP,1.0,NEF,,20.67,38.408,20.643,537,28862,289,111,0.97,32.893,0.6,38.408,0.272,0.259,0.836,0.609
fa7,ΔVinaRF20/GlideSP,1.0,NEF,,15.66,28.125,15.701,114,6364,64,18,0.955,21.453,0.575,28.125,0.2,0.192,0.868,0.44
fabp4,ΔVinaRF20/GlideSP,1.0,NEF,,10.25,17.857,10.627,47,2797,28,5,0.927,12.72,0.549,17.857,0.127,0.122,0.751,0.269
fak1,ΔVinaRF20/GlideSP,1.0,NEF,,14.06,25.455,13.873,100,5450,55,14,0.948,18.268,0.566,25.455,0.178,0.17,0.668,0.296
fgfr1,ΔVinaRF20/GlideSP,1.0,NEF,,1.73,2.247,1.429,139,8839,89,2,0.59,1.439,0.502,2.247,0.005,0.005,0.55,0.576
fkb1a,ΔVinaRF20/GlideSP,1.0,NEF,,3.36,6.667,3.55,111,5911,60,4,0.789,3.732,0.513,6.667,0.036,0.034,0.633,0.127
fnta,ΔVinaRF20/GlideSP,1.0,NEF,,5.07,5.758,5.067,592,52092,521,30,0.842,5.315,0.521,5.758,0.044,0.044,0.645,0.147
fpps,ΔVinaRF20/GlideSP,1.0,NEF,,0.0,0.0,0.0,85,8935,90,0,0.0,0.0,0.495,0.0,-0.01,-0.01,0.412,0.0
gcr,ΔVinaRF20/GlideSP,1.0,NEF,,9.43,15.686,9.277,258,15258,153,24,0.915,10.817,0.542,15.686,0.109,0.106,0.661,0.197
glcm,ΔVinaRF20/GlideSP,1.0,NEF,,1.66,2.564,1.83,54,3854,39,1,0.649,1.852,0.504,2.564,0.01,0.01,0.734,0.149
gria2,ΔVinaRF20/GlideSP,1.0,NEF,,1.04,1.653,1.256,158,12003,121,2,0.558,1.26,0.501,1.653,0.003,0.003,0.582,0.033
grik1,ΔVinaRF20/GlideSP,1.0,NEF,,1.99,2.985,1.966,101,6651,67,2,0.666,1.995,0.505,2.985,0.012,0.012,0.599,0.064
hdac2,ΔVinaRF20/GlideSP,1.0,NEF,,10.53,19.048,10.795,185,10485,105,20,0.929,13.1,0.55,19.048,0.132,0.127,0.841,0.236
hdac8,ΔVinaRF20/GlideSP,1.0,NEF,,17.57,28.037,17.515,170,10620,107,30,0.96,23.95,0.585,28.037,0.213,0.207,0.909,0.393
hivint,ΔVinaRF20/GlideSP,1.0,NEF,,0.97,1.471,0.993,100,6750,68,1,0.498,0.993,0.5,1.471,-0.0,-0.0,0.626,0.054
hivpr,ΔVinaRF20/GlideSP,1.0,NEF,,1.52,2.204,1.492,536,36286,363,8,0.6,1.503,0.502,2.204,0.006,0.006,0.634,0.07
hivrt,ΔVinaRF20/GlideSP,1.0,NEF,,2.92,5.181,2.948,338,19229,193,10,0.753,3.054,0.51,5.181,0.026,0.025,0.617,0.088
hmdh,ΔVinaRF20/GlideSP,1.0,NEF,,2.74,5.556,2.915,170,8920,90,5,0.752,3.028,0.51,5.556,0.027,0.026,0.604,0.088
hs90a,ΔVinaRF20/GlideSP,1.0,NEF,,0.85,2.0,1.122,88,4938,50,1,0.529,1.125,0.501,2.0,0.002,0.002,0.532,0.031
hxk4,ΔVinaRF20/GlideSP,1.0,NEF,,0.81,2.083,1.085,92,4792,48,1,0.521,1.087,0.5,2.083,0.001,0.001,0.613,0.054
igf1r,ΔVinaRF20/GlideSP,1.0,NEF,,14.82,23.158,14.783,148,9448,95,22,0.95,18.937,0.57,23.158,0.175,0.171,0.708,0.311
inha,ΔVinaRF20/GlideSP,1.0,NEF,,13.45,25.0,13.622,43,2343,24,6,0.947,17.829,0.566,25.0,0.176,0.168,0.769,0.348
ital,ΔVinaRF20/GlideSP,1.0,NEF,,4.01,6.897,4.317,138,8638,87,6,0.82,4.563,0.517,6.897,0.043,0.041,0.516,0.105
jak2,ΔVinaRF20/GlideSP,1.0,NEF,,16.51,26.866,16.589,107,6607,67,18,0.957,22.315,0.58,26.866,0.202,0.197,0.771,0.328
kif11,ΔVinaRF20/GlideSP,1.0,NEF,,18.74,31.429,18.873,116,6966,70,22,0.964,27.065,0.591,31.429,0.234,0.227,0.773,0.432
kit,ΔVinaRF20/GlideSP,1.0,NEF,,3.62,5.607,3.586,166,10616,107,6,0.789,3.74,0.513,5.607,0.033,0.032,0.655,0.096
kith,ΔVinaRF20/GlideSP,1.0,NEF,,9.42,20.0,10.2,57,2907,30,6,0.926,12.5,0.548,20.0,0.133,0.126,0.633,0.28
kpcb,ΔVinaRF20/GlideSP,1.0,NEF,,10.84,16.854,11.03,135,8835,89,15,0.929,13.063,0.551,16.854,0.126,0.123,0.718,0.247
lck,ΔVinaRF20/GlideSP,1.0,NEF,,15.19,22.939,15.194,420,27820,279,64,0.951,19.42,0.572,22.939,0.177,0.173,0.75,0.315
lkha4,ΔVinaRF20/GlideSP,1.0,NEF,,3.87,7.216,4.06,171,9621,97,7,0.811,4.298,0.516,7.216,0.042,0.04,0.821,0.149
mapk2,ΔVinaRF20/GlideSP,1.0,NEF,,11.26,17.46,10.806,101,6251,63,11,0.928,12.881,0.55,17.46,0.127,0.123,0.801,0.355
mcr,ΔVinaRF20/GlideSP,1.0,NEF,,11.89,20.755,11.578,94,5244,53,11,0.935,14.349,0.554,20.755,0.144,0.139,0.647,0.29
met,ΔVinaRF20/GlideSP,1.0,NEF,,24.13,34.783,23.92,166,11416,115,40,0.973,36.145,0.617,34.783,0.281,0.276,0.855,0.485
mk01,ΔVinaRF20/GlideSP,1.0,NEF,,3.04,4.255,2.493,79,4629,47,2,0.719,2.56,0.508,4.255,0.02,0.019,0.789,0.114
mk10,ΔVinaRF20/GlideSP,1.0,NEF,,4.44,7.353,4.74,104,6704,68,5,0.834,5.037,0.519,7.353,0.048,0.046,0.711,0.093
mk14,ΔVinaRF20/GlideSP,1.0,NEF,,8.65,13.699,8.633,578,36428,365,50,0.908,9.845,0.539,13.699,0.098,0.095,0.634,0.191
mmp13,ΔVinaRF20/GlideSP,1.0,NEF,,2.41,3.704,2.446,572,37772,378,14,0.714,2.501,0.507,3.704,0.018,0.018,0.712,0.077
mp2k1,ΔVinaRF20/GlideSP,1.0,NEF,,2.08,3.614,2.471,121,8271,83,3,0.716,2.526,0.507,3.614,0.018,0.018,0.642,0.056
nos1,ΔVinaRF20/GlideSP,1.0,NEF,,0.0,0.0,0.0,100,8150,82,0,0.0,0.0,0.495,0.0,-0.011,-0.011,0.564,0.011
nram,ΔVinaRF20/GlideSP,1.0,NEF,,5.38,7.937,5.1,98,6298,63,5,0.845,5.454,0.521,7.937,0.052,0.051,0.763,0.187
pa2ga,ΔVinaRF20/GlideSP,1.0,NEF,,3.96,7.547,4.002,99,5249,53,4,0.809,4.247,0.515,7.547,0.042,0.04,0.619,0.097
parp1,ΔVinaRF20/GlideSP,1.0,NEF,,12.57,20.915,12.581,508,30558,306,64,0.94,15.644,0.559,20.915,0.151,0.147,0.833,0.281
pde5a,ΔVinaRF20/GlideSP,1.0,NEF,,5.32,7.5,5.267,398,27948,280,21,0.849,5.613,0.522,7.5,0.052,0.051,0.666,0.123
pgh1,ΔVinaRF20/GlideSP,1.0,NEF,,5.57,10.0,5.638,195,10995,110,11,0.86,6.154,0.524,10.0,0.063,0.06,0.653,0.138
pgh2,ΔVinaRF20/GlideSP,1.0,NEF,,15.8,29.237,15.852,435,23585,236,69,0.956,21.988,0.576,29.237,0.205,0.195,0.734,0.372
plk1,ΔVinaRF20/GlideSP,1.0,NEF,,6.45,10.0,6.455,107,6907,70,7,0.876,7.061,0.528,10.0,0.069,0.068,0.711,0.122
pnph,ΔVinaRF20/GlideSP,1.0,NEF,,9.05,12.676,8.68,103,7053,71,9,0.907,9.795,0.539,12.676,0.094,0.093,0.859,0.322
ppara,ΔVinaRF20/GlideSP,1.0,NEF,,5.47,10.101,5.354,373,19772,198,20,0.854,5.844,0.522,10.101,0.061,0.058,0.708,0.145
ppard,ΔVinaRF20/GlideSP,1.0,NEF,,2.44,4.8,2.498,240,12490,125,6,0.72,2.574,0.508,4.8,0.021,0.02,0.647,0.076
pparg,ΔVinaRF20/GlideSP,1.0,NEF,,2.19,4.264,2.271,484,25784,258,11,0.7,2.328,0.506,4.264,0.018,0.017,0.669,0.07
prgr,ΔVinaRF20/GlideSP,1.0,NEF,,11.12,20.625,11.223,293,15943,160,33,0.933,13.879,0.552,20.625,0.141,0.134,0.732,0.267
ptn1,ΔVinaRF20/GlideSP,1.0,NEF,,24.15,41.892,23.782,130,7380,74,31,0.976,40.206,0.616,41.892,0.307,0.295,0.85,0.592
pur2,ΔVinaRF20/GlideSP,1.0,NEF,,0.98,0.0,0.0,50,2750,28,0,0.0,0.0,0.495,0.0,-0.014,-0.013,0.705,0.07
pygm,ΔVinaRF20/GlideSP,1.0,NEF,,8.51,17.073,8.929,77,4027,41,7,0.914,10.561,0.541,17.073,0.112,0.107,0.574,0.173
pyrd,ΔVinaRF20/GlideSP,1.0,NEF,,18.87,31.818,18.807,111,6561,66,21,0.964,27.117,0.591,31.818,0.235,0.228,0.839,0.402
reni,ΔVinaRF20/GlideSP,1.0,NEF,,2.44,4.225,2.869,104,7062,71,3,0.747,2.952,0.51,4.225,0.023,0.023,0.57,0.144
rock1,ΔVinaRF20/GlideSP,1.0,NEF,,3.48,4.688,3.0,100,6400,64,3,0.756,3.098,0.51,4.688,0.025,0.025,0.721,0.099
rxra,ΔVinaRF20/GlideSP,1.0,NEF,,10.03,18.31,9.897,131,7081,71,13,0.922,11.891,0.545,18.31,0.123,0.117,0.755,0.31
sahh,ΔVinaRF20/GlideSP,1.0,NEF,,8.9,16.667,9.294,63,3513,36,6,0.916,10.952,0.543,16.667,0.114,0.11,0.821,0.578
src,ΔVinaRF20/GlideSP,1.0,NEF,,3.46,5.128,3.428,524,35024,351,18,0.781,3.559,0.512,5.128,0.03,0.029,0.668,0.095
tgfr1,ΔVinaRF20/GlideSP,1.0,NEF,,8.56,12.644,8.207,133,8633,87,11,0.902,9.25,0.537,12.644,0.091,0.089,0.812,0.283
thb,ΔVinaRF20/GlideSP,1.0,NEF,,22.09,30.263,22.192,103,7553,76,23,0.969,31.389,0.608,30.263,0.251,0.248,0.816,0.614
thrb,ΔVinaRF20/GlideSP,1.0,NEF,,4.88,8.364,4.983,461,27465,275,23,0.842,5.346,0.52,8.364,0.052,0.051,0.727,0.145
try1,ΔVinaRF20/GlideSP,1.0,NEF,,4.28,7.17,4.22,449,26429,265,19,0.817,4.469,0.516,7.17,0.043,0.041,0.72,0.129
tryb1,ΔVinaRF20/GlideSP,1.0,NEF,,5.32,10.256,5.404,148,7798,78,8,0.855,5.907,0.522,10.256,0.062,0.058,0.776,0.147
tysy,ΔVinaRF20/GlideSP,1.0,NEF,,11.16,17.391,10.944,109,6859,69,12,0.929,13.037,0.551,17.391,0.127,0.124,0.764,0.401
urok,ΔVinaRF20/GlideSP,1.0,NEF,,10.59,16.832,10.402,162,10012,101,17,0.925,12.305,0.548,16.832,0.122,0.118,0.828,0.32
vgfr2,ΔVinaRF20/GlideSP,1.0,NEF,,8.82,14.173,8.788,409,25359,254,36,0.91,10.074,0.54,14.173,0.1,0.097,0.687,0.224
wee1,ΔVinaRF20/GlideSP,1.0,NEF,,43.28,69.841,42.809,102,6252,63,44,0.993,139.628,0.714,69.841,0.543,0.527,0.97,0.933
xiap,ΔVinaRF20/GlideSP,1.0,NEF,,32.54,62.264,32.689,100,5250,53,33,0.988,84.975,0.663,62.264,0.446,0.424,0.735,0.606
aa2ar,RF-Score-VS/GlideSP,1.0,NEF,,27.29,41.121,27.328,482,32032,321,132,0.979,45.716,0.634,41.121,0.327,0.321,0.893,0.6
abl1,RF-Score-VS/GlideSP,1.0,NEF,,28.18,47.273,28.395,182,10932,110,52,0.981,52.956,0.64,47.273,0.359,0.348,0.911,0.737
ace,RF-Score-VS/GlideSP,1.0,NEF,,10.2,16.86,10.273,282,17182,172,29,0.924,12.153,0.547,16.86,0.12,0.117,0.786,0.38
aces,RF-Score-VS/GlideSP,1.0,NEF,,26.3,44.776,26.394,453,26703,268,120,0.979,46.984,0.63,44.776,0.336,0.324,0.865,0.574
ada,RF-Score-VS/GlideSP,1.0,NEF,,13.74,23.214,13.836,93,5543,56,13,0.947,17.717,0.566,23.214,0.169,0.164,0.787,0.5
ada17,RF-Score-VS/GlideSP,1.0,NEF,,34.71,50.685,34.71,532,36432,365,185,0.986,69.356,0.671,50.685,0.413,0.405,0.909,0.711
adrb1,RF-Score-VS/GlideSP,1.0,NEF,,5.89,9.317,6.072,247,16097,161,15,0.868,6.593,0.526,9.317,0.064,0.062,0.781,0.172
adrb2,RF-Score-VS/GlideSP,1.0,NEF,,14.38,21.569,14.221,231,15231,153,33,0.947,17.857,0.567,21.569,0.165,0.162,0.829,0.406
akt1,RF-Score-VS/GlideSP,1.0,NEF,,26.94,47.024,26.871,293,16743,168,79,0.98,49.835,0.632,47.024,0.348,0.334,0.93,0.613
akt2,RF-Score-VS/GlideSP,1.0,NEF,,31.2,52.113,31.254,117,7017,71,37,0.985,64.178,0.656,52.113,0.398,0.386,0.949,0.76
aldr,RF-Score-VS/GlideSP,1.0,NEF,,19.44,33.696,19.41,159,9159,92,31,0.966,28.766,0.594,33.696,0.246,0.237,0.845,0.413
ampc,RF-Score-VS/GlideSP,1.0,NEF,,0.0,0.0,0.0,48,2898,29,0,0.0,0.0,0.495,0.0,-0.013,-0.013,0.111,0.013
andr,RF-Score-VS/GlideSP,1.0,NEF,,24.66,45.578,24.77,269,14619,147,67,0.978,44.677,0.622,45.578,0.328,0.313,0.948,0.695
aofb,RF-Score-VS/GlideSP,1.0,NEF,,21.46,36.62,21.077,122,7022,71,26,0.97,32.678,0.603,36.62,0.27,0.26,0.803,0.468
bace1,RF-Score-VS/GlideSP,1.0,NEF,,25.71,39.674,25.771,283,18383,184,73,0.977,42.062,0.626,39.674,0.311,0.304,0.87,0.576
braf,RF-Score-VS/GlideSP,1.0,NEF,,30.72,46.078,30.624,152,10102,102,47,0.982,55.939,0.652,46.078,0.37,0.362,0.943,0.704
cah2,RF-Score-VS/GlideSP,1.0,NEF,,25.47,39.432,25.378,492,31664,317,125,0.976,41.249,0.624,39.432,0.308,0.301,0.875,0.554
casp3,RF-Score-VS/GlideSP,1.0,NEF,,19.9,36.697,20.099,199,10899,109,40,0.969,31.17,0.597,36.697,0.262,0.25,0.834,0.532
cdk2,RF-Score-VS/GlideSP,1.0,NEF,,14.47,24.296,14.518,474,28324,284,69,0.95,18.856,0.569,24.296,0.177,0.172,0.831,0.378
comt,RF-Score-VS/GlideSP,1.0,NEF,,28.52,30.769,29.201,41,3891,39,12,0.977,41.734,0.643,30.769,0.293,0.293,0.943,0.556
cp2c9,RF-Score-VS/GlideSP,1.0,NEF,,7.76,11.842,7.47,120,7570,76,9,0.893,8.34,0.533,11.842,0.083,0.081,0.733,0.164
cp3a4,RF-Score-VS/GlideSP,1.0,NEF,,6.57,9.167,6.454,170,11970,120,11,0.875,7.005,0.528,9.167,0.066,0.065,0.729,0.183
csf1r,RF-Score-VS/GlideSP,1.0,NEF,,8.53,11.29,8.377,166,12316,124,14,0.903,9.315,0.538,11.29,0.087,0.086,0.821,0.217
cxcr4,RF-Score-VS/GlideSP,1.0,NEF,,19.6,22.857,19.691,40,3446,35,8,0.962,25.23,0.596,22.857,0.205,0.205,0.971,0.661
def,RF-Score-VS/GlideSP,1.0,NEF,,35.73,62.712,35.672,102,5802,59,37,0.989,93.984,0.679,62.712,0.47,0.453,0.972,0.899
dhi1,RF-Score-VS/GlideSP,1.0,NEF,,13.13,21.827,13.017,330,19680,197,43,0.942,16.372,0.561,21.827,0.158,0.153,0.79,0.305
dpp4,RF-Score-VS/GlideSP,1.0,NEF,,25.12,32.289,25.13,533,41483,415,134,0.973,36.637,0.622,32.289,0.277,0.275,0.84,0.513
drd3,RF-Score-VS/GlideSP,1.0,NEF,,14.7,20.52,14.762,480,34530,346,71,0.948,18.315,0.57,20.52,0.164,0.162,0.806,0.334
dyr,RF-Score-VS/GlideSP,1.0,NEF,,24.29,32.0,24.147,231,17431,175,56,0.972,35.039,0.618,32.0,0.27,0.267,0.849,0.635
egfr,RF-Score-VS/GlideSP,1.0,NEF,,31.51,48.034,31.543,542,35592,356,171,0.984,59.774,0.655,48.034,0.382,0.373,0.899,0.655
esr1,RF-Score-VS/GlideSP,1.0,NEF,,33.65,61.137,33.63,383,21068,211,129,0.988,84.964,0.666,61.137,0.447,0.427,0.96,0.861
esr2,RF-Score-VS/GlideSP,1.0,NEF,,32.36,57.767,32.372,367,20566,206,119,0.987,75.282,0.66,57.767,0.425,0.408,0.97,0.889
fa10,RF-Score-VS/GlideSP,1.0,NEF,,25.97,48.443,26.036,537,28862,289,140,0.98,49.561,0.628,48.443,0.347,0.33,0.948,0.913
fa7,RF-Score-VS/GlideSP,1.0,NEF,,30.01,53.125,29.657,114,6364,64,34,0.984,62.135,0.647,53.125,0.39,0.374,0.974,0.884
fabp4,RF-Score-VS/GlideSP,1.0,NEF,,29.04,50.0,29.755,47,2797,28,14,0.983,58.511,0.646,50.0,0.378,0.365,0.877,0.615
fak1,RF-Score-VS/GlideSP,1.0,NEF,,23.15,41.818,22.791,100,5450,55,23,0.975,38.453,0.612,41.818,0.301,0.287,0.893,0.484
fgfr1,RF-Score-VS/GlideSP,1.0,NEF,,1.28,2.247,1.429,139,8839,89,2,0.59,1.439,0.502,2.247,0.005,0.005,0.499,0.459
fkb1a,RF-Score-VS/GlideSP,1.0,NEF,,13.3,25.0,13.313,111,5911,60,15,0.946,17.417,0.564,25.0,0.172,0.164,0.815,0.493
fnta,RF-Score-VS/GlideSP,1.0,NEF,,25.86,29.367,25.841,592,52092,521,153,0.973,36.168,0.626,29.367,0.268,0.267,0.873,0.669
fpps,RF-Score-VS/GlideSP,1.0,NEF,,42.65,41.111,43.215,85,8935,90,37,0.986,72.686,0.715,43.529,0.417,0.417,1.0,1.002
gcr,RF-Score-VS/GlideSP,1.0,NEF,,33.83,57.516,34.015,258,15258,153,88,0.987,78.712,0.668,57.516,0.436,0.421,0.941,0.708
glcm,RF-Score-VS/GlideSP,1.0,NEF,,2.54,2.564,1.83,54,3854,39,1,0.649,1.852,0.504,2.564,0.01,0.01,0.819,0.217
gria2,RF-Score-VS/GlideSP,1.0,NEF,,0.69,0.826,0.628,158,12003,121,1,0.385,0.625,0.498,0.826,-0.004,-0.004,0.529,0.018
grik1,RF-Score-VS/GlideSP,1.0,NEF,,17.64,26.866,17.691,101,6651,67,18,0.96,23.823,0.585,26.866,0.209,0.205,0.899,0.411
hdac2,RF-Score-VS/GlideSP,1.0,NEF,,8.77,15.238,8.636,185,10485,105,16,0.909,10.009,0.539,15.238,0.103,0.099,0.829,0.19
hdac8,RF-Score-VS/GlideSP,1.0,NEF,,26.28,42.056,26.273,170,10620,107,45,0.978,44.616,0.629,42.056,0.325,0.316,0.892,0.517
hivint,RF-Score-VS/GlideSP,1.0,NEF,,10.36,14.706,9.926,100,6750,68,10,0.92,11.466,0.546,14.706,0.11,0.108,0.735,0.292
hivpr,RF-Score-VS/GlideSP,1.0,NEF,,22.71,33.609,22.752,536,36286,363,122,0.971,33.764,0.61,33.609,0.268,0.263,0.88,0.686
hivrt,RF-Score-VS/GlideSP,1.0,NEF,,12.03,21.244,12.086,338,19229,193,41,0.938,15.076,0.557,21.244,0.149,0.143,0.787,0.315
hmdh,RF-Score-VS/GlideSP,1.0,NEF,,27.66,52.222,27.401,170,8920,90,47,0.983,56.259,0.636,52.222,0.372,0.353,0.95,0.731
hs90a,RF-Score-VS/GlideSP,1.0,NEF,,16.08,28.0,15.712,88,4938,50,14,0.955,21.433,0.576,28.0,0.2,0.192,0.76,0.348
hxk4,RF-Score-VS/GlideSP,1.0,NEF,,12.78,25.0,13.022,92,4792,48,12,0.945,17.029,0.561,25.0,0.169,0.16,0.786,0.299
igf1r,RF-Score-VS/GlideSP,1.0,NEF,,24.93,38.947,24.863,148,9448,95,37,0.976,40.086,0.622,38.947,0.303,0.296,0.915,0.599
inha,RF-Score-VS/GlideSP,1.0,NEF,,27.6,50.0,27.244,43,2343,24,12,0.982,53.488,0.637,50.0,0.365,0.35,0.894,0.622
ital,RF-Score-VS/GlideSP,1.0,NEF,,16.64,26.437,16.548,138,8638,87,23,0.957,22.135,0.58,26.437,0.2,0.194,0.772,0.423
jak2,RF-Score-VS/GlideSP,1.0,NEF,,35.27,56.716,35.021,107,6607,67,38,0.988,79.6,0.675,56.716,0.442,0.43,0.918,0.697
kif11,RF-Score-VS/GlideSP,1.0,NEF,,35.28,58.571,35.173,116,6966,70,41,0.988,83.487,0.675,58.571,0.448,0.434,0.874,0.744
kit,RF-Score-VS/GlideSP,1.0,NEF,,13.17,20.561,13.149,166,10616,107,22,0.942,16.293,0.562,20.561,0.155,0.151,0.843,0.296
kith,RF-Score-VS/GlideSP,1.0,NEF,,22.52,43.333,22.1,57,2907,30,13,0.975,38.235,0.611,43.333,0.305,0.289,0.8,0.886
kpcb,RF-Score-VS/GlideSP,1.0,NEF,,19.5,30.337,19.854,135,8835,89,27,0.966,28.065,0.596,30.337,0.237,0.232,0.88,0.475
lck,RF-Score-VS/GlideSP,1.0,NEF,,29.7,44.803,29.677,420,27820,279,125,0.981,52.953,0.646,44.803,0.357,0.35,0.938,0.631
lkha4,RF-Score-VS/GlideSP,1.0,NEF,,21.83,39.175,22.041,171,9621,97,38,0.973,35.593,0.608,39.175,0.286,0.274,0.852,0.578
mapk2,RF-Score-VS/GlideSP,1.0,NEF,,3.88,6.349,3.93,101,6251,63,4,0.805,4.128,0.515,6.349,0.038,0.037,0.724,0.149
mcr,RF-Score-VS/GlideSP,1.0,NEF,,38.18,67.925,37.893,94,5244,53,36,0.991,116.02,0.69,67.925,0.504,0.483,0.936,0.788
met,RF-Score-VS/GlideSP,1.0,NEF,,34.72,50.435,34.685,166,11416,115,58,0.986,68.96,0.672,50.435,0.413,0.406,0.909,0.655
mk01,RF-Score-VS/GlideSP,1.0,NEF,,17.3,29.787,17.454,79,4629,47,14,0.961,24.434,0.585,29.787,0.22,0.212,0.939,0.493
mk10,RF-Score-VS/GlideSP,1.0,NEF,,18.33,27.941,18.011,104,6704,68,19,0.961,24.608,0.588,27.941,0.216,0.211,0.864,0.429
mk14,RF-Score-VS/GlideSP,1.0,NEF,,23.84,37.808,23.828,578,36428,365,138,0.974,37.706,0.616,37.808,0.292,0.284,0.883,0.516
mmp13,RF-Score-VS/GlideSP,1.0,NEF,,28.27,42.857,28.301,572,37772,378,162,0.98,48.776,0.639,42.857,0.34,0.333,0.92,0.671
mp2k1,RF-Score-VS/GlideSP,1.0,NEF,,3.75,6.024,4.118,121,8271,83,5,0.812,4.318,0.516,6.024,0.038,0.038,0.606,0.097
nos1,RF-Score-VS/GlideSP,1.0,NEF,,2.13,2.439,1.988,100,8150,82,2,0.668,2.013,0.505,2.439,0.011,0.011,0.674,0.079
nram,RF-Score-VS/GlideSP,1.0,NEF,,15.95,25.397,16.321,98,6298,63,16,0.956,21.537,0.578,25.397,0.194,0.189,0.896,0.472
pa2ga,RF-Score-VS/GlideSP,1.0,NEF,,20.95,39.623,21.008,99,5249,53,21,0.972,34.138,0.603,39.623,0.28,0.267,0.857,0.472
parp1,RF-Score-VS/GlideSP,1.0,NEF,,36.49,60.784,36.564,508,30558,306,186,0.989,91.688,0.681,60.784,0.465,0.45,0.927,0.736
pde5a,RF-Score-VS/GlideSP,1.0,NEF,,2.83,3.929,2.759,398,27948,280,11,0.739,2.831,0.509,3.929,0.021,0.021,0.698,0.086
pgh1,RF-Score-VS/GlideSP,1.0,NEF,,29.68,52.727,29.73,195,10995,110,58,0.984,61.775,0.646,52.727,0.388,0.372,0.871,0.589
pgh2,RF-Score-VS/GlideSP,1.0,NEF,,34.2,63.136,34.231,435,23585,236,149,0.989,91.144,0.669,63.136,0.458,0.437,0.901,0.744
plk1,RF-Score-VS/GlideSP,1.0,NEF,,8.44,12.857,8.299,107,6907,70,9,0.904,9.376,0.538,12.857,0.093,0.091,0.76,0.215
pnph,RF-Score-VS/GlideSP,1.0,NEF,,31.19,45.07,30.862,103,7053,71,32,0.982,55.365,0.653,45.07,0.367,0.36,0.939,0.855
ppara,RF-Score-VS/GlideSP,1.0,NEF,,19.4,36.364,19.276,373,19772,198,72,0.967,29.719,0.593,36.364,0.255,0.242,0.911,0.594
ppard,RF-Score-VS/GlideSP,1.0,NEF,,33.34,64.0,33.307,240,12490,125,80,0.989,90.741,0.665,64.0,0.455,0.431,0.925,0.707
pparg,RF-Score-VS/GlideSP,1.0,NEF,,20.91,39.147,20.855,484,25784,258,101,0.971,33.628,0.601,39.147,0.276,0.263,0.89,0.527
prgr,RF-Score-VS/GlideSP,1.0,NEF,,33.02,60.625,32.988,293,15943,160,97,0.988,82.239,0.664,60.625,0.441,0.421,0.961,0.74
ptn1,RF-Score-VS/GlideSP,1.0,NEF,,31.42,55.405,31.453,130,7380,74,41,0.986,69.289,0.655,55.405,0.41,0.394,0.93,0.825
pur2,RF-Score-VS/GlideSP,1.0,NEF,,13.37,25.0,13.75,50,2750,28,7,0.947,18.0,0.566,25.0,0.176,0.169,0.971,0.932
pygm,RF-Score-VS/GlideSP,1.0,NEF,,4.42,7.317,3.827,77,4027,41,3,0.802,4.05,0.515,7.317,0.04,0.038,0.753,0.108
pyrd,RF-Score-VS/GlideSP,1.0,NEF,,38.35,65.152,38.51,111,6561,66,43,0.991,108.637,0.692,65.152,0.496,0.479,0.883,0.657
reni,RF-Score-VS/GlideSP,1.0,NEF,,10.9,15.493,10.52,104,7062,71,11,0.925,12.266,0.549,15.493,0.117,0.115,0.87,0.546
rock1,RF-Score-VS/GlideSP,1.0,NEF,,23.04,35.938,23.0,100,6400,64,23,0.972,35.341,0.612,35.938,0.279,0.272,0.92,0.657
rxra,RF-Score-VS/GlideSP,1.0,NEF,,30.96,57.746,31.214,131,7081,71,41,0.986,72.506,0.654,57.746,0.417,0.398,0.98,0.967
sahh,RF-Score-VS/GlideSP,1.0,NEF,,12.53,22.222,12.392,63,3513,36,8,0.94,15.646,0.559,22.222,0.157,0.151,0.941,0.995
src,RF-Score-VS/GlideSP,1.0,NEF,,23.47,35.043,23.422,524,35024,351,123,0.973,35.519,0.614,35.043,0.278,0.272,0.882,0.486
tgfr1,RF-Score-VS/GlideSP,1.0,NEF,,28.66,43.678,28.351,133,8633,87,38,0.98,49.563,0.64,43.678,0.345,0.337,0.951,0.798
thb,RF-Score-VS/GlideSP,1.0,NEF,,27.91,38.158,27.981,103,7553,76,29,0.978,44.629,0.638,38.158,0.32,0.316,0.963,0.965
thrb,RF-Score-VS/GlideSP,1.0,NEF,,22.98,38.545,22.964,461,27465,275,106,0.974,36.741,0.612,38.545,0.289,0.279,0.892,0.622
try1,RF-Score-VS/GlideSP,1.0,NEF,,25.08,42.642,25.1,449,26429,265,113,0.977,43.016,0.623,42.642,0.319,0.308,0.897,0.67
tryb1,RF-Score-VS/GlideSP,1.0,NEF,,23.85,44.872,23.643,148,7798,78,35,0.977,42.073,0.615,44.872,0.317,0.301,0.856,0.487
tysy,RF-Score-VS/GlideSP,1.0,NEF,,19.63,31.884,20.064,109,6859,69,22,0.967,28.987,0.597,31.884,0.244,0.238,0.887,0.671
urok,RF-Score-VS/GlideSP,1.0,NEF,,28.18,45.545,28.148,162,10012,101,46,0.981,50.853,0.639,45.545,0.351,0.342,0.944,0.76
vgfr2,RF-Score-VS/GlideSP,1.0,NEF,,19.1,30.709,19.04,409,25359,254,78,0.964,27.035,0.592,30.709,0.232,0.226,0.857,0.557
wee1,RF-Score-VS/GlideSP,1.0,NEF,,44.9,73.016,44.754,102,6252,63,46,0.994,163.149,0.724,73.016,0.569,0.552,0.98,0.91
xiap,RF-Score-VS/GlideSP,1.0,NEF,,41.03,77.358,40.613,100,5250,53,41,0.994,175.958,0.704,77.358,0.557,0.53,0.898,0.826
aa2ar,Pafnucy/GlideSP,1.0,NEF,,1.66,2.492,1.656,482,32032,321,8,0.626,1.673,0.503,2.492,0.008,0.008,0.664,0.148
abl1,Pafnucy/GlideSP,1.0,NEF,,5.13,8.182,4.914,182,10932,110,9,0.84,5.263,0.52,8.182,0.051,0.05,0.787,0.27
ace,Pafnucy/GlideSP,1.0,NEF,,0.26,0.581,0.354,282,17182,172,1,0.26,0.35,0.497,0.581,-0.008,-0.008,0.379,0.028
aces,Pafnucy/GlideSP,1.0,NEF,,3.67,6.343,3.739,453,26703,268,17,0.797,3.925,0.514,6.343,0.036,0.035,0.498,0.11
ada,Pafnucy/GlideSP,1.0,NEF,,1.13,1.786,1.064,93,5543,56,1,0.516,1.065,0.5,1.786,0.001,0.001,0.631,0.142
ada17,Pafnucy/GlideSP,1.0,NEF,,1.06,1.644,1.126,532,36432,365,6,0.53,1.128,0.501,1.644,0.002,0.002,0.632,0.102
adrb1,Pafnucy/GlideSP,1.0,NEF,,0.22,0.621,0.405,247,16097,161,1,0.286,0.401,0.497,0.621,-0.007,-0.007,0.514,0.044
adrb2,Pafnucy/GlideSP,1.0,NEF,,0.45,0.654,0.431,231,15231,153,1,0.299,0.427,0.497,0.654,-0.007,-0.007,0.483,0.025
akt1,Pafnucy/GlideSP,1.0,NEF,,4.25,7.143,4.082,293,16743,168,12,0.812,4.319,0.516,7.143,0.041,0.04,0.684,0.148
akt2,Pafnucy/GlideSP,1.0,NEF,,5.28,8.451,5.068,117,7017,71,6,0.845,5.444,0.521,8.451,0.054,0.052,0.789,0.291
aldr,Pafnucy/GlideSP,1.0,NEF,,7.3,13.043,7.514,159,9159,92,12,0.895,8.491,0.533,13.043,0.087,0.084,0.652,0.215
ampc,Pafnucy/GlideSP,1.0,NEF,,0.0,0.0,0.0,48,2898,29,0,0.0,0.0,0.495,0.0,-0.013,-0.013,0.348,0.001
andr,Pafnucy/GlideSP,1.0,NEF,,2.82,5.442,2.958,269,14619,147,8,0.754,3.07,0.51,5.442,0.027,0.026,0.625,0.143
aofb,Pafnucy/GlideSP,1.0,NEF,,0.0,0.0,0.0,122,7022,71,0,0.0,0.0,0.495,0.0,-0.013,-0.013,0.532,0.022
bace1,Pafnucy/GlideSP,1.0,NEF,,2.29,3.261,2.118,283,18383,184,6,0.683,2.156,0.506,3.261,0.014,0.014,0.597,0.125
braf,Pafnucy/GlideSP,1.0,NEF,,2.02,2.941,1.955,152,10102,102,3,0.665,1.984,0.505,2.941,0.012,0.012,0.748,0.196
cah2,Pafnucy/GlideSP,1.0,NEF,,0.61,0.946,0.609,492,31664,317,3,0.377,0.605,0.498,0.946,-0.005,-0.005,0.47,0.04
casp3,Pafnucy/GlideSP,1.0,NEF,,3.71,6.422,3.517,199,10899,109,7,0.787,3.69,0.513,6.422,0.035,0.033,0.558,0.109
cdk2,Pafnucy/GlideSP,1.0,NEF,,4.39,7.394,4.419,474,28324,284,21,0.824,4.691,0.517,7.394,0.045,0.043,0.777,0.247
comt,Pafnucy/GlideSP,1.0,NEF,,0.0,0.0,0.0,41,3891,39,0,0.0,0.0,0.495,0.0,-0.01,-0.01,0.521,0.019
cp2c9,Pafnucy/GlideSP,1.0,NEF,,6.03,9.211,5.81,120,7570,76,7,0.863,6.298,0.525,9.211,0.061,0.06,0.573,0.149
cp3a4,Pafnucy/GlideSP,1.0,NEF,,4.59,6.667,4.694,170,11970,120,8,0.832,4.958,0.519,6.667,0.045,0.044,0.629,0.165
csf1r,Pafnucy/GlideSP,1.0,NEF,,2.12,3.226,2.393,166,12316,124,4,0.709,2.44,0.507,3.226,0.016,0.016,0.677,0.127
cxcr4,Pafnucy/GlideSP,1.0,NEF,,0.0,0.0,0.0,40,3446,35,0,0.0,0.0,0.495,0.0,-0.011,-0.011,0.675,0.131
def,Pafnucy/GlideSP,1.0,NEF,,1.88,3.39,1.928,102,5802,59,2,0.662,1.961,0.505,3.39,0.013,0.012,0.554,0.093
dhi1,Pafnucy/GlideSP,1.0,NEF,,3.89,6.599,3.935,330,19680,197,13,0.806,4.143,0.515,6.599,0.039,0.037,0.682,0.2
dpp4,Pafnucy/GlideSP,1.0,NEF,,4.72,6.024,4.689,533,41483,415,25,0.831,4.925,0.519,6.024,0.042,0.042,0.626,0.169
drd3,Pafnucy/GlideSP,1.0,NEF,,1.94,2.601,1.871,480,34530,346,9,0.655,1.894,0.504,2.601,0.01,0.01,0.557,0.072
dyr,Pafnucy/GlideSP,1.0,NEF,,6.23,8.0,6.037,231,17431,175,14,0.866,6.475,0.526,8.0,0.059,0.058,0.701,0.239
egfr,Pafnucy/GlideSP,1.0,NEF,,3.39,5.056,3.32,542,35592,356,18,0.775,3.444,0.512,5.056,0.029,0.028,0.717,0.164
esr1,Pafnucy/GlideSP,1.0,NEF,,4.68,8.531,4.693,383,21068,211,18,0.834,5.037,0.519,8.531,0.051,0.048,0.708,0.267
esr2,Pafnucy/GlideSP,1.0,NEF,,2.6,4.854,2.72,367,20566,206,10,0.737,2.808,0.509,4.854,0.023,0.022,0.679,0.202
fa10,Pafnucy/GlideSP,1.0,NEF,,4.93,9.343,5.021,537,28862,289,27,0.845,5.436,0.521,9.343,0.056,0.053,0.75,0.287
fa7,Pafnucy/GlideSP,1.0,NEF,,1.07,1.562,0.872,114,6364,64,1,0.465,0.87,0.499,1.562,-0.002,-0.002,0.716,0.152
fabp4,Pafnucy/GlideSP,1.0,NEF,,6.91,10.714,6.376,47,2797,28,3,0.875,7.021,0.527,10.714,0.071,0.068,0.653,0.187
fak1,Pafnucy/GlideSP,1.0,NEF,,3.54,7.273,3.964,100,5450,55,4,0.808,4.196,0.515,7.273,0.041,0.039,0.708,0.154
fgfr1,Pafnucy/GlideSP,1.0,NEF,,1.32,2.247,1.429,139,8839,89,2,0.59,1.439,0.502,2.247,0.005,0.005,0.536,0.357
fkb1a,Pafnucy/GlideSP,1.0,NEF,,1.82,3.333,1.775,111,5911,60,2,0.643,1.802,0.504,3.333,0.011,0.01,0.547,0.109
fnta,Pafnucy/GlideSP,1.0,NEF,,0.91,0.96,0.844,592,52092,521,5,0.457,0.843,0.499,0.96,-0.002,-0.002,0.523,0.066
fpps,Pafnucy/GlideSP,1.0,NEF,,0.0,0.0,0.0,85,8935,90,0,0.0,0.0,0.495,0.0,-0.01,-0.01,0.237,0.0
gcr,Pafnucy/GlideSP,1.0,NEF,,4.18,7.19,4.252,258,15258,153,11,0.818,4.504,0.517,7.19,0.043,0.041,0.771,0.214
glcm,Pafnucy/GlideSP,1.0,NEF,,0.0,0.0,0.0,54,3854,39,0,0.0,0.0,0.495,0.0,-0.012,-0.012,0.388,0.024
gria2,Pafnucy/GlideSP,1.0,NEF,,5.5,7.438,5.651,158,12003,121,9,0.858,6.024,0.524,7.438,0.054,0.054,0.611,0.169
grik1,Pafnucy/GlideSP,1.0,NEF,,5.21,7.463,4.914,101,6651,67,5,0.839,5.23,0.52,7.463,0.049,0.048,0.605,0.168
hdac2,Pafnucy/GlideSP,1.0,NEF,,5.2,9.524,5.398,185,10485,105,10,0.854,5.861,0.522,9.524,0.059,0.057,0.544,0.13
hdac8,Pafnucy/GlideSP,1.0,NEF,,1.34,1.869,1.168,170,10620,107,2,0.539,1.171,0.501,1.869,0.002,0.002,0.576,0.095
hivint,Pafnucy/GlideSP,1.0,NEF,,0.0,0.0,0.0,100,6750,68,0,0.0,0.0,0.495,0.0,-0.012,-0.012,0.48,0.039
hivpr,Pafnucy/GlideSP,1.0,NEF,,1.63,2.479,1.678,536,36286,363,9,0.629,1.696,0.503,2.479,0.008,0.008,0.538,0.092
hivrt,Pafnucy/GlideSP,1.0,NEF,,2.17,3.627,2.063,338,19229,193,7,0.678,2.103,0.505,3.627,0.014,0.014,0.572,0.112
hmdh,Pafnucy/GlideSP,1.0,NEF,,1.0,2.222,1.166,170,8920,90,2,0.539,1.17,0.501,2.222,0.002,0.002,0.54,0.09
hs90a,Pafnucy/GlideSP,1.0,NEF,,0.0,0.0,0.0,88,4938,50,0,0.0,0.0,0.495,0.0,-0.014,-0.013,0.625,0.111
hxk4,Pafnucy/GlideSP,1.0,NEF,,0.79,2.083,1.085,92,4792,48,1,0.521,1.087,0.5,2.083,0.001,0.001,0.628,0.077
igf1r,Pafnucy/GlideSP,1.0,NEF,,7.54,11.579,7.392,148,9448,95,11,0.892,8.229,0.533,11.579,0.081,0.079,0.788,0.282
inha,Pafnucy/GlideSP,1.0,NEF,,0.0,0.0,0.0,43,2343,24,0,0.0,0.0,0.495,0.0,-0.014,-0.013,0.635,0.046
ital,Pafnucy/GlideSP,1.0,NEF,,0.87,1.149,0.719,138,8638,87,1,0.417,0.716,0.499,1.149,-0.004,-0.004,0.545,0.084
jak2,Pafnucy/GlideSP,1.0,NEF,,14.53,23.881,14.746,107,6607,67,16,0.95,19.058,0.571,23.881,0.179,0.174,0.854,0.421
kif11,Pafnucy/GlideSP,1.0,NEF,,7.6,12.857,7.721,116,6966,70,9,0.897,8.713,0.534,12.857,0.088,0.085,0.738,0.334
kit,Pafnucy/GlideSP,1.0,NEF,,1.59,2.804,1.793,166,10616,107,3,0.645,1.816,0.504,2.804,0.01,0.01,0.658,0.115
kith,Pafnucy/GlideSP,1.0,NEF,,0.75,0.0,0.0,57,2907,30,0,0.0,0.0,0.495,0.0,-0.014,-0.014,0.79,0.205
kpcb,Pafnucy/GlideSP,1.0,NEF,,13.52,20.225,13.236,135,8835,89,18,0.942,16.338,0.563,20.225,0.154,0.15,0.585,0.27
lck,Pafnucy/GlideSP,1.0,NEF,,11.94,17.921,11.871,420,27820,279,50,0.934,14.244,0.555,17.921,0.135,0.133,0.777,0.347
lkha4,Pafnucy/GlideSP,1.0,NEF,,0.0,0.0,0.0,171,9621,97,0,0.0,0.0,0.495,0.0,-0.014,-0.013,0.526,0.029
mapk2,Pafnucy/GlideSP,1.0,NEF,,6.8,11.111,6.877,101,6251,63,7,0.884,7.611,0.53,11.111,0.076,0.074,0.65,0.23
mcr,Pafnucy/GlideSP,1.0,NEF,,9.12,16.981,9.473,94,5244,53,9,0.918,11.206,0.544,16.981,0.116,0.111,0.635,0.219
met,Pafnucy/GlideSP,1.0,NEF,,4.52,6.957,4.784,166,11416,115,8,0.835,5.067,0.519,6.957,0.046,0.046,0.829,0.282
mk01,Pafnucy/GlideSP,1.0,NEF,,5.73,10.638,6.234,79,4629,47,5,0.873,6.857,0.527,10.638,0.07,0.067,0.808,0.31
mk10,Pafnucy/GlideSP,1.0,NEF,,3.77,5.882,3.792,104,6704,68,4,0.799,3.966,0.514,5.882,0.035,0.035,0.721,0.183
mk14,Pafnucy/GlideSP,1.0,NEF,,5.03,7.945,5.007,578,36428,365,29,0.843,5.353,0.52,7.945,0.051,0.05,0.683,0.191
mmp13,Pafnucy/GlideSP,1.0,NEF,,2.25,3.439,2.271,572,37772,378,13,0.698,2.316,0.506,3.439,0.016,0.016,0.659,0.143
mp2k1,Pafnucy/GlideSP,1.0,NEF,,0.42,1.205,0.824,121,8271,83,1,0.451,0.821,0.499,1.205,-0.002,-0.002,0.517,0.079
nos1,Pafnucy/GlideSP,1.0,NEF,,2.14,2.439,1.988,100,8150,82,2,0.668,2.013,0.505,2.439,0.011,0.011,0.561,0.097
nram,Pafnucy/GlideSP,1.0,NEF,,0.89,1.587,1.02,98,6298,63,1,0.505,1.02,0.5,1.587,0.0,0.0,0.445,0.054
pa2ga,Pafnucy/GlideSP,1.0,NEF,,0.0,0.0,0.0,99,5249,53,0,0.0,0.0,0.495,0.0,-0.014,-0.013,0.64,0.118
parp1,Pafnucy/GlideSP,1.0,NEF,,1.35,2.288,1.376,508,30558,306,7,0.581,1.385,0.502,2.288,0.005,0.005,0.671,0.09
pde5a,Pafnucy/GlideSP,1.0,NEF,,6.09,8.571,6.019,398,27948,280,24,0.866,6.489,0.526,8.571,0.061,0.06,0.729,0.25
pgh1,Pafnucy/GlideSP,1.0,NEF,,2.25,3.636,2.05,195,10995,110,4,0.676,2.09,0.505,3.636,0.014,0.014,0.556,0.099
pgh2,Pafnucy/GlideSP,1.0,NEF,,3.16,5.932,3.216,435,23585,236,14,0.77,3.356,0.511,5.932,0.031,0.029,0.58,0.13
plk1,Pafnucy/GlideSP,1.0,NEF,,6.53,10.0,6.455,107,6907,70,7,0.876,7.061,0.528,10.0,0.069,0.068,0.723,0.224
pnph,Pafnucy/GlideSP,1.0,NEF,,21.82,32.394,22.182,103,7053,71,23,0.97,32.332,0.608,32.394,0.26,0.255,0.873,0.563
ppara,Pafnucy/GlideSP,1.0,NEF,,0.19,0.505,0.268,373,19772,198,1,0.209,0.264,0.496,0.505,-0.01,-0.01,0.546,0.033
ppard,Pafnucy/GlideSP,1.0,NEF,,1.39,2.4,1.249,240,12490,125,3,0.557,1.255,0.501,2.4,0.004,0.003,0.667,0.118
pparg,Pafnucy/GlideSP,1.0,NEF,,2.08,3.876,2.065,484,25784,258,10,0.678,2.108,0.505,3.876,0.015,0.014,0.649,0.146
prgr,Pafnucy/GlideSP,1.0,NEF,,3.85,6.875,3.741,293,15943,160,11,0.798,3.943,0.514,6.875,0.038,0.036,0.71,0.175
ptn1,Pafnucy/GlideSP,1.0,NEF,,6.25,10.811,6.137,130,7380,74,8,0.871,6.76,0.526,10.811,0.069,0.067,0.701,0.255
pur2,Pafnucy/GlideSP,1.0,NEF,,0.5,0.0,0.0,50,2750,28,0,0.0,0.0,0.495,0.0,-0.014,-0.013,0.784,0.282
pygm,Pafnucy/GlideSP,1.0,NEF,,3.44,7.317,3.827,77,4027,41,3,0.802,4.05,0.515,7.317,0.04,0.038,0.521,0.127
pyrd,Pafnucy/GlideSP,1.0,NEF,,4.57,7.576,4.478,111,6561,66,5,0.826,4.763,0.518,7.576,0.046,0.044,0.638,0.178
reni,Pafnucy/GlideSP,1.0,NEF,,2.58,4.225,2.869,104,7062,71,3,0.747,2.952,0.51,4.225,0.023,0.023,0.419,0.099
rock1,Pafnucy/GlideSP,1.0,NEF,,7.39,10.938,7.0,100,6400,64,7,0.886,7.737,0.53,10.938,0.076,0.074,0.807,0.267
rxra,Pafnucy/GlideSP,1.0,NEF,,4.13,7.042,3.807,131,7081,71,5,0.801,4.019,0.514,7.042,0.039,0.037,0.655,0.141
sahh,Pafnucy/GlideSP,1.0,NEF,,2.23,2.778,1.549,63,3513,36,1,0.61,1.565,0.503,2.778,0.008,0.007,0.651,0.126
src,Pafnucy/GlideSP,1.0,NEF,,5.75,8.547,5.713,524,35024,351,30,0.86,6.153,0.524,8.547,0.058,0.057,0.695,0.226
tgfr1,Pafnucy/GlideSP,1.0,NEF,,7.46,11.494,7.461,133,8633,87,10,0.892,8.3,0.533,11.494,0.082,0.08,0.816,0.312
thb,Pafnucy/GlideSP,1.0,NEF,,18.98,26.316,19.297,103,7553,76,20,0.963,25.832,0.593,26.316,0.217,0.214,0.825,0.464
thrb,Pafnucy/GlideSP,1.0,NEF,,0.35,0.727,0.433,461,27465,275,2,0.3,0.429,0.497,0.727,-0.007,-0.007,0.508,0.05
try1,Pafnucy/GlideSP,1.0,NEF,,0.8,1.509,0.888,449,26429,265,4,0.47,0.887,0.499,1.509,-0.001,-0.001,0.359,0.023
tryb1,Pafnucy/GlideSP,1.0,NEF,,5.25,10.256,5.404,148,7798,78,8,0.855,5.907,0.522,10.256,0.062,0.058,0.694,0.158
tysy,Pafnucy/GlideSP,1.0,NEF,,3.28,5.797,3.648,109,6859,69,4,0.792,3.811,0.514,5.797,0.034,0.033,0.653,0.157
urok,Pafnucy/GlideSP,1.0,NEF,,0.33,0.99,0.612,162,10012,101,1,0.378,0.608,0.498,0.99,-0.005,-0.005,0.585,0.057
vgfr2,Pafnucy/GlideSP,1.0,NEF,,3.67,5.906,3.662,409,25359,254,15,0.793,3.829,0.514,5.906,0.034,0.033,0.743,0.178
wee1,Pafnucy/GlideSP,1.0,NEF,,31.77,52.381,32.106,102,6252,63,33,0.985,66.324,0.659,52.381,0.404,0.392,0.948,0.727
xiap,Pafnucy/GlideSP,1.0,NEF,,1.54,3.774,1.981,100,5250,53,2,0.669,2.02,0.505,3.774,0.014,0.013,0.42,0.047
aa2ar,OnionNet/GlideSP,1.0,NEF,,8.97,13.396,8.902,482,32032,321,43,0.91,10.125,0.54,13.396,0.098,0.096,0.704,0.198
abl1,OnionNet/GlideSP,1.0,NEF,,2.03,3.636,2.184,182,10932,110,4,0.69,2.229,0.506,3.636,0.016,0.015,0.611,0.06
ace,OnionNet/GlideSP,1.0,NEF,,0.79,1.163,0.708,282,17182,172,2,0.414,0.705,0.499,1.163,-0.004,-0.004,0.375,0.031
aces,OnionNet/GlideSP,1.0,NEF,,14.34,24.254,14.297,453,26703,268,65,0.949,18.554,0.568,24.254,0.176,0.17,0.651,0.234
ada,OnionNet/GlideSP,1.0,NEF,,3.01,5.357,3.193,93,5543,56,3,0.768,3.317,0.511,5.357,0.029,0.028,0.506,0.128
ada17,OnionNet/GlideSP,1.0,NEF,,15.44,22.466,15.385,532,36432,365,82,0.951,19.553,0.573,22.466,0.176,0.173,0.764,0.284
adrb1,OnionNet/GlideSP,1.0,NEF,,0.86,1.242,0.81,247,16097,161,2,0.447,0.807,0.499,1.242,-0.002,-0.002,0.679,0.082
adrb2,OnionNet/GlideSP,1.0,NEF,,4.47,6.536,4.309,231,15231,153,10,0.82,4.541,0.517,6.536,0.041,0.04,0.693,0.103
akt1,OnionNet/GlideSP,1.0,NEF,,2.82,4.762,2.721,293,16743,168,8,0.737,2.807,0.509,4.762,0.023,0.022,0.641,0.082
akt2,OnionNet/GlideSP,1.0,NEF,,4.16,7.042,4.224,117,7017,71,5,0.817,4.468,0.517,7.042,0.042,0.041,0.627,0.096
aldr,OnionNet/GlideSP,1.0,NEF,,0.0,0.0,0.0,159,9159,92,0,0.0,0.0,0.495,0.0,-0.013,-0.013,0.478,0.015
ampc,OnionNet/GlideSP,1.0,NEF,,0.0,0.0,0.0,48,2898,29,0,0.0,0.0,0.495,0.0,-0.013,-0.013,0.522,0.008
andr,OnionNet/GlideSP,1.0,NEF,,3.14,5.442,2.958,269,14619,147,8,0.754,3.07,0.51,5.442,0.027,0.026,0.638,0.108
aofb,OnionNet/GlideSP,1.0,NEF,,5.9,9.859,5.675,122,7022,71,7,0.861,6.186,0.524,9.859,0.063,0.061,0.52,0.087
bace1,OnionNet/GlideSP,1.0,NEF,,1.66,2.717,1.765,283,18383,184,5,0.641,1.787,0.504,2.717,0.01,0.009,0.508,0.037
braf,OnionNet/GlideSP,1.0,NEF,,3.21,4.902,3.258,152,10102,102,5,0.771,3.374,0.512,4.902,0.028,0.028,0.625,0.13
cah2,OnionNet/GlideSP,1.0,NEF,,11.69,18.297,11.775,492,31664,317,58,0.934,14.188,0.555,18.297,0.136,0.133,0.703,0.232
casp3,OnionNet/GlideSP,1.0,NEF,,0.57,0.917,0.502,199,10899,109,1,0.332,0.498,0.497,0.917,-0.007,-0.007,0.513,0.041
cdk2,OnionNet/GlideSP,1.0,NEF,,0.5,0.704,0.421,474,28324,284,2,0.294,0.417,0.497,0.704,-0.008,-0.007,0.59,0.032
comt,OnionNet/GlideSP,1.0,NEF,,0.0,0.0,0.0,41,3891,39,0,0.0,0.0,0.495,0.0,-0.01,-0.01,0.602,0.0
cp2c9,OnionNet/GlideSP,1.0,NEF,,0.0,0.0,0.0,120,7570,76,0,0.0,0.0,0.495,0.0,-0.013,-0.012,0.528,0.03
cp3a4,OnionNet/GlideSP,1.0,NEF,,0.57,0.833,0.587,170,11970,120,1,0.368,0.583,0.498,0.833,-0.005,-0.005,0.565,0.037
csf1r,OnionNet/GlideSP,1.0,NEF,,1.42,1.613,1.197,166,12316,124,2,0.545,1.2,0.501,1.613,0.002,0.002,0.68,0.079
cxcr4,OnionNet/GlideSP,1.0,NEF,,1.62,2.857,2.461,40,3446,35,1,0.715,2.504,0.508,2.857,0.016,0.016,0.703,0.06
def,OnionNet/GlideSP,1.0,NEF,,3.7,6.78,3.856,102,5802,59,4,0.803,4.064,0.515,6.78,0.039,0.037,0.669,0.086
dhi1,OnionNet/GlideSP,1.0,NEF,,1.17,2.03,1.211,330,19680,197,4,0.549,1.215,0.501,2.03,0.003,0.003,0.54,0.032
dpp4,OnionNet/GlideSP,1.0,NEF,,2.22,2.892,2.25,533,41483,415,12,0.696,2.288,0.506,2.892,0.014,0.014,0.561,0.05
drd3,OnionNet/GlideSP,1.0,NEF,,0.91,1.156,0.832,480,34530,346,4,0.453,0.83,0.499,1.156,-0.002,-0.002,0.561,0.038
dyr,OnionNet/GlideSP,1.0,NEF,,3.91,5.143,3.881,231,17431,175,9,0.801,4.037,0.515,5.143,0.034,0.033,0.501,0.131
egfr,OnionNet/GlideSP,1.0,NEF,,1.21,1.966,1.291,542,35592,356,7,0.565,1.297,0.501,1.966,0.004,0.004,0.619,0.035
esr1,OnionNet/GlideSP,1.0,NEF,,11.64,21.327,11.732,383,21068,211,45,0.936,14.641,0.555,21.327,0.147,0.14,0.78,0.287
esr2,OnionNet/GlideSP,1.0,NEF,,6.56,11.65,6.529,367,20566,206,24,0.879,7.258,0.528,11.65,0.075,0.072,0.785,0.223
fa10,OnionNet/GlideSP,1.0,NEF,,1.77,3.46,1.86,537,28862,289,10,0.654,1.891,0.504,3.46,0.012,0.011,0.702,0.096
fa7,OnionNet/GlideSP,1.0,NEF,,3.15,6.25,3.489,114,6364,64,4,0.785,3.655,0.513,6.25,0.034,0.032,0.703,0.09
fabp4,OnionNet/GlideSP,1.0,NEF,,9.99,17.857,10.627,47,2797,28,5,0.927,12.72,0.549,17.857,0.127,0.122,0.682,0.242
fak1,OnionNet/GlideSP,1.0,NEF,,0.0,0.0,0.0,100,5450,55,0,0.0,0.0,0.495,0.0,-0.014,-0.013,0.55,0.011
fgfr1,OnionNet/GlideSP,1.0,NEF,,2.3,3.371,2.143,139,8839,89,3,0.686,2.183,0.506,3.371,0.015,0.014,0.531,0.594
fkb1a,OnionNet/GlideSP,1.0,NEF,,2.15,3.333,1.775,111,5911,60,2,0.643,1.802,0.504,3.333,0.011,0.01,0.654,0.084
fnta,OnionNet/GlideSP,1.0,NEF,,1.94,2.111,1.858,592,52092,521,11,0.652,1.876,0.504,2.111,0.009,0.009,0.612,0.073
fpps,OnionNet/GlideSP,1.0,NEF,,0.0,0.0,0.0,85,8935,90,0,0.0,0.0,0.495,0.0,-0.01,-0.01,0.624,0.0
gcr,OnionNet/GlideSP,1.0,NEF,,1.2,1.961,1.16,258,15258,153,3,0.538,1.163,0.501,1.961,0.002,0.002,0.537,0.035
glcm,OnionNet/GlideSP,1.0,NEF,,2.54,2.564,1.83,54,3854,39,1,0.649,1.852,0.504,2.564,0.01,0.01,0.543,0.146
gria2,OnionNet/GlideSP,1.0,NEF,,0.0,0.0,0.0,158,12003,121,0,0.0,0.0,0.495,0.0,-0.012,-0.012,0.54,0.018
grik1,OnionNet/GlideSP,1.0,NEF,,2.61,4.478,2.949,101,6651,67,3,0.752,3.04,0.51,4.478,0.024,0.024,0.564,0.039
hdac2,OnionNet/GlideSP,1.0,NEF,,9.44,16.19,9.176,185,10485,105,17,0.915,10.756,0.542,16.19,0.11,0.106,0.648,0.15
hdac8,OnionNet/GlideSP,1.0,NEF,,0.0,0.0,0.0,170,10620,107,0,0.0,0.0,0.495,0.0,-0.013,-0.013,0.638,0.045
hivint,OnionNet/GlideSP,1.0,NEF,,1.86,2.941,1.985,100,6750,68,2,0.668,2.015,0.505,2.941,0.012,0.012,0.58,0.031
hivpr,OnionNet/GlideSP,1.0,NEF,,5.64,8.264,5.595,536,36286,363,30,0.857,6.009,0.523,8.264,0.057,0.055,0.724,0.157
hivrt,OnionNet/GlideSP,1.0,NEF,,1.45,2.591,1.474,338,19229,193,5,0.598,1.486,0.502,2.591,0.006,0.006,0.527,0.042
hmdh,OnionNet/GlideSP,1.0,NEF,,2.67,5.556,2.915,170,8920,90,5,0.752,3.028,0.51,5.556,0.027,0.026,0.581,0.093
hs90a,OnionNet/GlideSP,1.0,NEF,,1.66,2.0,1.122,88,4938,50,1,0.529,1.125,0.501,2.0,0.002,0.002,0.495,0.031
hxk4,OnionNet/GlideSP,1.0,NEF,,0.0,0.0,0.0,92,4792,48,0,0.0,0.0,0.495,0.0,-0.014,-0.013,0.631,0.046
igf1r,OnionNet/GlideSP,1.0,NEF,,2.63,4.211,2.688,148,9448,95,4,0.734,2.762,0.509,4.211,0.021,0.021,0.666,0.089
inha,OnionNet/GlideSP,1.0,NEF,,2.87,4.167,2.27,43,2343,24,1,0.699,2.326,0.507,4.167,0.018,0.017,0.436,0.053
ital,OnionNet/GlideSP,1.0,NEF,,0.0,0.0,0.0,138,8638,87,0,0.0,0.0,0.495,0.0,-0.013,-0.013,0.472,0.014
jak2,OnionNet/GlideSP,1.0,NEF,,1.32,1.493,0.922,107,6607,67,1,0.479,0.92,0.5,1.493,-0.001,-0.001,0.7,0.051
kif11,OnionNet/GlideSP,1.0,NEF,,0.0,0.0,0.0,116,6966,70,0,0.0,0.0,0.495,0.0,-0.013,-0.013,0.602,0.061
kit,OnionNet/GlideSP,1.0,NEF,,0.0,0.0,0.0,166,10616,107,0,0.0,0.0,0.495,0.0,-0.013,-0.012,0.577,0.029
kith,OnionNet/GlideSP,1.0,NEF,,7.53,13.333,6.8,57,2907,30,4,0.885,7.692,0.531,13.333,0.084,0.08,0.457,0.152
kpcb,OnionNet/GlideSP,1.0,NEF,,2.51,3.371,2.206,135,8835,89,3,0.692,2.248,0.506,3.371,0.015,0.015,0.635,0.105
lck,OnionNet/GlideSP,1.0,NEF,,0.59,0.717,0.475,420,27820,279,2,0.32,0.471,0.497,0.717,-0.007,-0.006,0.634,0.029
lkha4,OnionNet/GlideSP,1.0,NEF,,2.46,4.124,2.32,171,9621,97,4,0.704,2.377,0.507,4.124,0.018,0.017,0.594,0.055
mapk2,OnionNet/GlideSP,1.0,NEF,,2.92,4.762,2.947,101,6251,63,3,0.753,3.045,0.51,4.762,0.025,0.024,0.616,0.07
mcr,OnionNet/GlideSP,1.0,NEF,,2.51,3.774,2.105,94,5244,53,2,0.682,2.149,0.506,3.774,0.015,0.014,0.595,0.056
met,OnionNet/GlideSP,1.0,NEF,,0.81,0.87,0.598,166,11416,115,1,0.373,0.594,0.498,0.87,-0.005,-0.005,0.645,0.048
mk01,OnionNet/GlideSP,1.0,NEF,,1.4,2.128,1.247,79,4629,47,1,0.556,1.252,0.501,2.128,0.003,0.003,0.654,0.067
mk10,OnionNet/GlideSP,1.0,NEF,,5.38,8.824,5.688,104,6704,68,6,0.86,6.141,0.524,8.824,0.06,0.058,0.661,0.133
mk14,OnionNet/GlideSP,1.0,NEF,,1.75,2.74,1.727,578,36428,365,10,0.636,1.747,0.504,2.74,0.009,0.009,0.607,0.06
mmp13,OnionNet/GlideSP,1.0,NEF,,8.99,13.492,8.909,572,37772,378,51,0.91,10.143,0.54,13.492,0.099,0.096,0.763,0.214
mp2k1,OnionNet/GlideSP,1.0,NEF,,7.39,10.843,7.412,121,8271,83,9,0.891,8.192,0.533,10.843,0.079,0.077,0.615,0.144
nos1,OnionNet/GlideSP,1.0,NEF,,0.85,1.22,0.994,100,8150,82,1,0.498,0.994,0.5,1.22,-0.0,-0.0,0.6,0.057
nram,OnionNet/GlideSP,1.0,NEF,,0.87,1.587,1.02,98,6298,63,1,0.505,1.02,0.5,1.587,0.0,0.0,0.679,0.092
pa2ga,OnionNet/GlideSP,1.0,NEF,,10.87,20.755,11.004,99,5249,53,11,0.932,13.624,0.551,20.755,0.14,0.133,0.717,0.205
parp1,OnionNet/GlideSP,1.0,NEF,,5.12,8.497,5.111,508,30558,306,26,0.846,5.493,0.521,8.497,0.054,0.052,0.766,0.15
pde5a,OnionNet/GlideSP,1.0,NEF,,1.18,1.786,1.254,398,27948,280,5,0.557,1.259,0.501,1.786,0.003,0.003,0.577,0.06
pgh1,OnionNet/GlideSP,1.0,NEF,,0.0,0.0,0.0,195,10995,110,0,0.0,0.0,0.495,0.0,-0.014,-0.013,0.506,0.018
pgh2,OnionNet/GlideSP,1.0,NEF,,1.36,2.542,1.378,435,23585,236,6,0.581,1.388,0.502,2.542,0.005,0.005,0.495,0.032
plk1,OnionNet/GlideSP,1.0,NEF,,3.86,5.714,3.689,107,6907,70,4,0.794,3.852,0.514,5.714,0.034,0.033,0.686,0.122
pnph,OnionNet/GlideSP,1.0,NEF,,8.73,12.676,8.68,103,7053,71,9,0.907,9.795,0.539,12.676,0.094,0.093,0.56,0.163
ppara,OnionNet/GlideSP,1.0,NEF,,1.12,2.02,1.071,373,19772,198,4,0.517,1.072,0.5,2.02,0.001,0.001,0.447,0.022
ppard,OnionNet/GlideSP,1.0,NEF,,1.39,2.4,1.249,240,12490,125,3,0.557,1.255,0.501,2.4,0.004,0.003,0.445,0.014
pparg,OnionNet/GlideSP,1.0,NEF,,1.38,2.713,1.445,484,25784,258,7,0.593,1.458,0.502,2.713,0.006,0.006,0.5,0.044
prgr,OnionNet/GlideSP,1.0,NEF,,1.78,3.125,1.7,293,15943,160,5,0.633,1.723,0.504,3.125,0.01,0.009,0.62,0.063
ptn1,OnionNet/GlideSP,1.0,NEF,,4.47,8.108,4.603,130,7380,74,6,0.831,4.921,0.518,8.108,0.049,0.047,0.608,0.104
pur2,OnionNet/GlideSP,1.0,NEF,,0.0,0.0,0.0,50,2750,28,0,0.0,0.0,0.495,0.0,-0.014,-0.013,0.104,0.002
pygm,OnionNet/GlideSP,1.0,NEF,,1.72,2.439,1.276,77,4027,41,1,0.562,1.282,0.501,2.439,0.004,0.004,0.579,0.098
pyrd,OnionNet/GlideSP,1.0,NEF,,0.0,0.0,0.0,111,6561,66,0,0.0,0.0,0.495,0.0,-0.013,-0.013,0.573,0.007
reni,OnionNet/GlideSP,1.0,NEF,,0.52,1.408,0.956,104,7062,71,1,0.489,0.956,0.5,1.408,-0.001,-0.001,0.518,0.025
rock1,OnionNet/GlideSP,1.0,NEF,,3.88,6.25,4.0,100,6400,64,4,0.808,4.2,0.515,6.25,0.038,0.037,0.728,0.104
rxra,OnionNet/GlideSP,1.0,NEF,,0.0,0.0,0.0,131,7081,71,0,0.0,0.0,0.495,0.0,-0.014,-0.013,0.537,0.019
sahh,OnionNet/GlideSP,1.0,NEF,,2.23,2.778,1.549,63,3513,36,1,0.61,1.565,0.503,2.778,0.008,0.007,0.577,0.127
src,OnionNet/GlideSP,1.0,NEF,,0.98,1.425,0.952,524,35024,351,5,0.488,0.951,0.5,1.425,-0.001,-0.001,0.577,0.038
tgfr1,OnionNet/GlideSP,1.0,NEF,,1.42,2.299,1.492,133,8633,87,2,0.601,1.504,0.503,2.299,0.006,0.006,0.766,0.057
thb,OnionNet/GlideSP,1.0,NEF,,2.45,3.947,2.895,103,7553,76,3,0.748,2.972,0.51,3.947,0.022,0.022,0.437,0.042
thrb,OnionNet/GlideSP,1.0,NEF,,4.46,7.636,4.55,461,27465,275,21,0.829,4.843,0.518,7.636,0.047,0.045,0.666,0.126
try1,OnionNet/GlideSP,1.0,NEF,,2.95,4.906,2.888,449,26429,265,13,0.749,2.985,0.51,4.906,0.025,0.024,0.659,0.108
tryb1,OnionNet/GlideSP,1.0,NEF,,1.17,2.564,1.351,148,7798,78,2,0.576,1.36,0.502,2.564,0.005,0.005,0.637,0.059
tysy,OnionNet/GlideSP,1.0,NEF,,1.94,2.899,1.824,109,6859,69,2,0.649,1.849,0.504,2.899,0.011,0.01,0.342,0.046
urok,OnionNet/GlideSP,1.0,NEF,,0.65,0.99,0.612,162,10012,101,1,0.378,0.608,0.498,0.99,-0.005,-0.005,0.658,0.06
vgfr2,OnionNet/GlideSP,1.0,NEF,,2.43,3.937,2.441,409,25359,254,10,0.714,2.5,0.507,3.937,0.019,0.018,0.606,0.076
wee1,OnionNet/GlideSP,1.0,NEF,,0.0,0.0,0.0,102,6252,63,0,0.0,0.0,0.495,0.0,-0.013,-0.013,0.751,0.038
xiap,OnionNet/GlideSP,1.0,NEF,,0.0,0.0,0.0,100,5250,53,0,0.0,0.0,0.495,0.0,-0.014,-0.013,0.545,0.015
aa2ar,RF-Scorev4/GlideSP,1.0,NEF,,0.59,0.935,0.621,482,32032,321,3,0.382,0.618,0.498,0.935,-0.005,-0.005,0.656,0.021
abl1,RF-Scorev4/GlideSP,1.0,NEF,,3.76,6.364,3.822,182,10932,110,7,0.801,4.014,0.514,6.364,0.037,0.036,0.753,0.117
ace,RF-Scorev4/GlideSP,1.0,NEF,,7.25,11.628,7.085,282,17182,172,20,0.887,7.885,0.531,11.628,0.079,0.077,0.61,0.271
aces,RF-Scorev4/GlideSP,1.0,NEF,,9.34,15.672,9.238,453,26703,268,42,0.915,10.769,0.542,15.672,0.109,0.105,0.597,0.215
ada,RF-Scorev4/GlideSP,1.0,NEF,,0.0,0.0,0.0,93,5543,56,0,0.0,0.0,0.495,0.0,-0.013,-0.013,0.508,0.044
ada17,RF-Scorev4/GlideSP,1.0,NEF,,8.99,13.151,9.006,532,36432,365,48,0.911,10.218,0.541,13.151,0.098,0.096,0.639,0.203
adrb1,RF-Scorev4/GlideSP,1.0,NEF,,6.3,9.938,6.477,247,16097,161,16,0.876,7.081,0.528,9.938,0.069,0.067,0.615,0.163
adrb2,RF-Scorev4/GlideSP,1.0,NEF,,2.68,3.922,2.586,231,15231,153,6,0.726,2.65,0.508,3.922,0.02,0.019,0.587,0.076
akt1,RF-Scorev4/GlideSP,1.0,NEF,,0.71,1.19,0.68,293,16743,168,2,0.403,0.676,0.498,1.19,-0.004,-0.004,0.67,0.023
akt2,RF-Scorev4/GlideSP,1.0,NEF,,0.0,0.0,0.0,117,7017,71,0,0.0,0.0,0.495,0.0,-0.013,-0.013,0.705,0.018
aldr,RF-Scorev4/GlideSP,1.0,NEF,,7.75,13.043,7.514,159,9159,92,12,0.895,8.491,0.533,13.043,0.087,0.084,0.548,0.143
ampc,RF-Scorev4/GlideSP,1.0,NEF,,0.0,0.0,0.0,48,2898,29,0,0.0,0.0,0.495,0.0,-0.013,-0.013,0.434,0.0
andr,RF-Scorev4/GlideSP,1.0,NEF,,7.22,13.605,7.394,269,14619,147,20,0.894,8.401,0.533,13.605,0.088,0.084,0.714,0.183
aofb,RF-Scorev4/GlideSP,1.0,NEF,,2.39,4.225,2.432,122,7022,71,3,0.714,2.495,0.507,4.225,0.019,0.019,0.537,0.056
bace1,RF-Scorev4/GlideSP,1.0,NEF,,4.16,6.522,4.236,283,18383,184,12,0.817,4.462,0.516,6.522,0.041,0.04,0.668,0.109
braf,RF-Scorev4/GlideSP,1.0,NEF,,4.45,6.863,4.561,152,10102,102,7,0.828,4.823,0.518,6.863,0.044,0.044,0.809,0.129
cah2,RF-Scorev4/GlideSP,1.0,NEF,,6.96,10.726,6.903,492,31664,317,34,0.884,7.612,0.53,10.726,0.075,0.073,0.646,0.158
casp3,RF-Scorev4/GlideSP,1.0,NEF,,2.0,3.67,2.01,199,10899,109,4,0.672,2.048,0.505,3.67,0.014,0.013,0.491,0.05
cdk2,RF-Scorev4/GlideSP,1.0,NEF,,4.27,7.042,4.208,474,28324,284,20,0.817,4.451,0.516,7.042,0.042,0.041,0.686,0.118
comt,RF-Scorev4/GlideSP,1.0,NEF,,0.0,0.0,0.0,41,3891,39,0,0.0,0.0,0.495,0.0,-0.01,-0.01,0.41,0.0
cp2c9,RF-Scorev4/GlideSP,1.0,NEF,,4.94,7.895,4.98,120,7570,76,6,0.842,5.321,0.52,7.895,0.051,0.05,0.573,0.115
cp3a4,RF-Scorev4/GlideSP,1.0,NEF,,3.44,5.0,3.521,170,11970,120,6,0.785,3.653,0.513,5.0,0.03,0.03,0.619,0.1
csf1r,RF-Scorev4/GlideSP,1.0,NEF,,12.04,16.129,11.967,166,12316,124,20,0.934,14.076,0.556,16.129,0.129,0.128,0.791,0.26
cxcr4,RF-Scorev4/GlideSP,1.0,NEF,,0.0,0.0,0.0,40,3446,35,0,0.0,0.0,0.495,0.0,-0.011,-0.011,0.665,0.022
def,RF-Scorev4/GlideSP,1.0,NEF,,8.16,13.559,7.713,102,5802,59,8,0.898,8.766,0.535,13.559,0.091,0.088,0.709,0.244
dhi1,RF-Scorev4/GlideSP,1.0,NEF,,3.11,5.076,3.027,330,19680,197,10,0.758,3.136,0.51,5.076,0.027,0.026,0.668,0.077
dpp4,RF-Scorev4/GlideSP,1.0,NEF,,4.45,5.783,4.501,533,41483,415,24,0.825,4.716,0.518,5.783,0.04,0.04,0.647,0.111
drd3,RF-Scorev4/GlideSP,1.0,NEF,,2.86,4.046,2.911,480,34530,346,14,0.749,2.991,0.51,4.046,0.023,0.023,0.631,0.085
dyr,RF-Scorev4/GlideSP,1.0,NEF,,1.6,2.286,1.725,231,17431,175,4,0.635,1.742,0.504,2.286,0.008,0.008,0.667,0.056
egfr,RF-Scorev4/GlideSP,1.0,NEF,,2.18,3.371,2.214,542,35592,356,12,0.693,2.256,0.506,3.371,0.015,0.015,0.686,0.073
esr1,RF-Scorev4/GlideSP,1.0,NEF,,13.5,24.645,13.556,383,21068,211,52,0.946,17.663,0.564,24.645,0.172,0.164,0.714,0.315
esr2,RF-Scorev4/GlideSP,1.0,NEF,,4.69,8.252,4.625,367,20566,206,17,0.832,4.951,0.518,8.252,0.049,0.047,0.761,0.139
fa10,RF-Scorev4/GlideSP,1.0,NEF,,13.39,24.913,13.39,537,28862,289,72,0.946,17.501,0.563,24.913,0.172,0.163,0.849,0.499
fa7,RF-Scorev4/GlideSP,1.0,NEF,,9.6,17.188,9.595,114,6364,64,11,0.919,11.379,0.544,17.188,0.117,0.112,0.836,0.237
fabp4,RF-Scorev4/GlideSP,1.0,NEF,,1.73,3.571,2.125,47,2797,28,1,0.684,2.167,0.506,3.571,0.015,0.014,0.575,0.044
fak1,RF-Scorev4/GlideSP,1.0,NEF,,5.3,9.091,4.955,100,5450,55,5,0.843,5.35,0.52,9.091,0.055,0.052,0.796,0.14
fgfr1,RF-Scorev4/GlideSP,1.0,NEF,,0.0,0.0,0.0,139,8839,89,0,0.0,0.0,0.495,0.0,-0.013,-0.012,0.518,0.113
fkb1a,RF-Scorev4/GlideSP,1.0,NEF,,0.36,0.0,0.0,111,5911,60,0,0.0,0.0,0.495,0.0,-0.014,-0.013,0.575,0.031
fnta,RF-Scorev4/GlideSP,1.0,NEF,,2.91,3.263,2.871,592,52092,521,17,0.746,2.934,0.509,3.263,0.02,0.02,0.725,0.102
fpps,RF-Scorev4/GlideSP,1.0,NEF,,0.0,0.0,0.0,85,8935,90,0,0.0,0.0,0.495,0.0,-0.01,-0.01,0.348,0.0
gcr,RF-Scorev4/GlideSP,1.0,NEF,,0.9,1.307,0.773,258,15258,153,2,0.435,0.77,0.499,1.307,-0.003,-0.003,0.655,0.041
glcm,RF-Scorev4/GlideSP,1.0,NEF,,0.0,0.0,0.0,54,3854,39,0,0.0,0.0,0.495,0.0,-0.012,-0.012,0.505,0.014
gria2,RF-Scorev4/GlideSP,1.0,NEF,,0.69,0.826,0.628,158,12003,121,1,0.385,0.625,0.498,0.826,-0.004,-0.004,0.552,0.028
grik1,RF-Scorev4/GlideSP,1.0,NEF,,3.26,4.478,2.949,101,6651,67,3,0.752,3.04,0.51,4.478,0.024,0.024,0.48,0.062
hdac2,RF-Scorev4/GlideSP,1.0,NEF,,1.3,1.905,1.08,185,10485,105,2,0.519,1.081,0.5,1.905,0.001,0.001,0.652,0.046
hdac8,RF-Scorev4/GlideSP,1.0,NEF,,0.0,0.0,0.0,170,10620,107,0,0.0,0.0,0.495,0.0,-0.013,-0.013,0.654,0.004
hivint,RF-Scorev4/GlideSP,1.0,NEF,,0.0,0.0,0.0,100,6750,68,0,0.0,0.0,0.495,0.0,-0.012,-0.012,0.431,0.008
hivpr,RF-Scorev4/GlideSP,1.0,NEF,,12.55,18.457,12.495,536,36286,363,67,0.938,15.097,0.558,18.457,0.141,0.139,0.636,0.353
hivrt,RF-Scorev4/GlideSP,1.0,NEF,,1.27,2.073,1.179,338,19229,193,4,0.542,1.183,0.501,2.073,0.002,0.002,0.52,0.041
hmdh,RF-Scorev4/GlideSP,1.0,NEF,,0.67,1.111,0.583,170,8920,90,1,0.366,0.578,0.498,1.111,-0.006,-0.006,0.448,0.032
hs90a,RF-Scorev4/GlideSP,1.0,NEF,,0.0,0.0,0.0,88,4938,50,0,0.0,0.0,0.495,0.0,-0.014,-0.013,0.52,0.008
hxk4,RF-Scorev4/GlideSP,1.0,NEF,,0.0,0.0,0.0,92,4792,48,0,0.0,0.0,0.495,0.0,-0.014,-0.013,0.613,0.003
igf1r,RF-Scorev4/GlideSP,1.0,NEF,,3.99,6.316,4.032,148,9448,95,6,0.809,4.236,0.515,6.316,0.039,0.038,0.749,0.07
inha,RF-Scorev4/GlideSP,1.0,NEF,,2.87,4.167,2.27,43,2343,24,1,0.699,2.326,0.507,4.167,0.018,0.017,0.729,0.114
ital,RF-Scorev4/GlideSP,1.0,NEF,,4.8,8.046,5.036,138,8638,87,7,0.843,5.389,0.521,8.046,0.052,0.05,0.574,0.099
jak2,RF-Scorev4/GlideSP,1.0,NEF,,8.58,13.433,8.294,107,6607,67,9,0.904,9.426,0.538,13.433,0.095,0.092,0.799,0.174
kif11,RF-Scorev4/GlideSP,1.0,NEF,,4.56,7.143,4.289,116,6966,70,5,0.82,4.542,0.517,7.143,0.043,0.042,0.7,0.144
kit,RF-Scorev4/GlideSP,1.0,NEF,,3.59,5.607,3.586,166,10616,107,6,0.789,3.74,0.513,5.607,0.033,0.032,0.756,0.11
kith,RF-Scorev4/GlideSP,1.0,NEF,,3.77,6.667,3.4,57,2907,30,2,0.781,3.571,0.513,6.667,0.035,0.033,0.414,0.146
kpcb,RF-Scorev4/GlideSP,1.0,NEF,,1.69,2.247,1.471,135,8835,89,2,0.597,1.481,0.502,2.247,0.006,0.006,0.577,0.054
lck,RF-Scorev4/GlideSP,1.0,NEF,,10.32,15.412,10.209,420,27820,279,43,0.922,11.887,0.547,15.412,0.115,0.112,0.779,0.244
lkha4,RF-Scorev4/GlideSP,1.0,NEF,,3.31,6.186,3.48,171,9621,97,6,0.785,3.644,0.513,6.186,0.034,0.032,0.695,0.105
mapk2,RF-Scorev4/GlideSP,1.0,NEF,,2.43,3.175,1.965,101,6251,63,2,0.666,1.996,0.505,3.175,0.012,0.012,0.642,0.075
mcr,RF-Scorev4/GlideSP,1.0,NEF,,9.12,16.981,9.473,94,5244,53,9,0.918,11.206,0.544,16.981,0.116,0.111,0.813,0.247
met,RF-Scorev4/GlideSP,1.0,NEF,,6.58,9.565,6.578,166,11416,115,11,0.878,7.168,0.529,9.565,0.068,0.067,0.814,0.158
mk01,RF-Scorev4/GlideSP,1.0,NEF,,5.73,10.638,6.234,79,4629,47,5,0.873,6.857,0.527,10.638,0.07,0.067,0.741,0.161
mk10,RF-Scorev4/GlideSP,1.0,NEF,,2.69,4.412,2.844,104,6704,68,3,0.745,2.929,0.509,4.412,0.023,0.023,0.74,0.101
mk14,RF-Scorev4/GlideSP,1.0,NEF,,7.77,12.329,7.77,578,36428,365,45,0.897,8.722,0.534,12.329,0.086,0.084,0.689,0.173
mmp13,RF-Scorev4/GlideSP,1.0,NEF,,3.13,4.762,3.145,572,37772,378,18,0.765,3.252,0.511,4.762,0.027,0.026,0.615,0.077
mp2k1,RF-Scorev4/GlideSP,1.0,NEF,,0.0,0.0,0.0,121,8271,83,0,0.0,0.0,0.495,0.0,-0.012,-0.012,0.501,0.001
nos1,RF-Scorev4/GlideSP,1.0,NEF,,0.85,1.22,0.994,100,8150,82,1,0.498,0.994,0.5,1.22,-0.0,-0.0,0.592,0.042
nram,RF-Scorev4/GlideSP,1.0,NEF,,2.22,3.175,2.04,98,6298,63,2,0.675,2.074,0.505,3.175,0.013,0.013,0.756,0.141
pa2ga,RF-Scorev4/GlideSP,1.0,NEF,,5.54,11.321,6.002,99,5249,53,6,0.869,6.641,0.526,11.321,0.07,0.067,0.641,0.108
parp1,RF-Scorev4/GlideSP,1.0,NEF,,7.14,11.765,7.077,508,30558,306,36,0.887,7.887,0.531,11.765,0.079,0.077,0.719,0.148
pde5a,RF-Scorev4/GlideSP,1.0,NEF,,0.89,1.429,1.003,398,27948,280,4,0.501,1.003,0.5,1.429,0.0,0.0,0.599,0.023
pgh1,RF-Scorev4/GlideSP,1.0,NEF,,0.45,0.909,0.513,195,10995,110,1,0.337,0.508,0.498,0.909,-0.007,-0.006,0.552,0.016
pgh2,RF-Scorev4/GlideSP,1.0,NEF,,1.13,2.119,1.149,435,23585,236,5,0.535,1.152,0.501,2.119,0.002,0.002,0.512,0.026
plk1,RF-Scorev4/GlideSP,1.0,NEF,,1.31,1.429,0.922,107,6907,70,1,0.479,0.921,0.5,1.429,-0.001,-0.001,0.734,0.046
pnph,RF-Scorev4/GlideSP,1.0,NEF,,3.05,4.225,2.893,103,7053,71,3,0.749,2.977,0.51,4.225,0.023,0.023,0.601,0.141
ppara,RF-Scorev4/GlideSP,1.0,NEF,,5.58,10.606,5.622,373,19772,198,21,0.861,6.17,0.524,10.606,0.064,0.061,0.695,0.176
ppard,RF-Scorev4/GlideSP,1.0,NEF,,9.74,18.4,9.576,240,12490,125,23,0.92,11.509,0.544,18.4,0.121,0.114,0.684,0.231
pparg,RF-Scorev4/GlideSP,1.0,NEF,,4.43,8.14,4.336,484,25784,258,21,0.822,4.632,0.517,8.14,0.046,0.044,0.646,0.125
prgr,RF-Scorev4/GlideSP,1.0,NEF,,6.52,11.875,6.462,293,15943,160,19,0.878,7.197,0.528,11.875,0.075,0.072,0.737,0.158
ptn1,RF-Scorev4/GlideSP,1.0,NEF,,12.06,21.622,12.274,130,7380,74,16,0.939,15.385,0.558,21.622,0.152,0.146,0.743,0.319
pur2,RF-Scorev4/GlideSP,1.0,NEF,,0.0,0.0,0.0,50,2750,28,0,0.0,0.0,0.495,0.0,-0.014,-0.013,0.808,0.056
pygm,RF-Scorev4/GlideSP,1.0,NEF,,3.44,7.317,3.827,77,4027,41,3,0.802,4.05,0.515,7.317,0.04,0.038,0.591,0.072
pyrd,RF-Scorev4/GlideSP,1.0,NEF,,3.05,4.545,2.687,111,6561,66,3,0.735,2.767,0.509,4.545,0.022,0.022,0.763,0.103
reni,RF-Scorev4/GlideSP,1.0,NEF,,5.41,8.451,5.738,104,7062,71,6,0.861,6.176,0.524,8.451,0.058,0.057,0.629,0.237
rock1,RF-Scorev4/GlideSP,1.0,NEF,,2.96,4.688,3.0,100,6400,64,3,0.756,3.098,0.51,4.688,0.025,0.025,0.736,0.105
rxra,RF-Scorev4/GlideSP,1.0,NEF,,7.57,14.085,7.613,131,7081,71,10,0.897,8.697,0.534,14.085,0.091,0.087,0.654,0.182
sahh,RF-Scorev4/GlideSP,1.0,NEF,,0.0,0.0,0.0,63,3513,36,0,0.0,0.0,0.495,0.0,-0.014,-0.013,0.611,0.018
src,RF-Scorev4/GlideSP,1.0,NEF,,1.22,1.709,1.143,524,35024,351,6,0.534,1.145,0.501,1.709,0.002,0.002,0.675,0.046
tgfr1,RF-Scorev4/GlideSP,1.0,NEF,,0.36,0.0,0.0,133,8633,87,0,0.0,0.0,0.495,0.0,-0.013,-0.012,0.742,0.017
thb,RF-Scorev4/GlideSP,1.0,NEF,,7.96,10.526,7.719,103,7553,76,8,0.895,8.509,0.534,10.526,0.08,0.079,0.621,0.257
thrb,RF-Scorev4/GlideSP,1.0,NEF,,3.29,5.455,3.25,461,27465,275,15,0.772,3.379,0.511,5.455,0.03,0.029,0.744,0.103
try1,RF-Scorev4/GlideSP,1.0,NEF,,4.82,8.302,4.887,449,26429,265,22,0.84,5.239,0.52,8.302,0.051,0.05,0.748,0.134
tryb1,RF-Scorev4/GlideSP,1.0,NEF,,12.83,24.359,12.835,148,7798,78,19,0.943,16.646,0.56,24.359,0.165,0.157,0.721,0.243
tysy,RF-Scorev4/GlideSP,1.0,NEF,,9.19,14.493,9.12,109,6859,69,10,0.913,10.496,0.542,14.493,0.104,0.101,0.622,0.326
urok,RF-Scorev4/GlideSP,1.0,NEF,,1.98,2.97,1.836,162,10012,101,3,0.651,1.861,0.504,2.97,0.011,0.011,0.701,0.067
vgfr2,RF-Scorev4/GlideSP,1.0,NEF,,1.05,1.575,0.976,409,25359,254,4,0.494,0.976,0.5,1.575,-0.0,-0.0,0.614,0.04
wee1,RF-Scorev4/GlideSP,1.0,NEF,,41.15,66.667,40.863,102,6252,63,42,0.992,120.588,0.704,66.667,0.518,0.503,0.914,0.848
xiap,RF-Scorev4/GlideSP,1.0,NEF,,15.35,28.302,14.858,100,5250,53,15,0.953,20.329,0.571,28.302,0.195,0.185,0.819,0.353
aa2ar,RF-Scorev3/GlideSP,1.0,NEF,,0.47,0.623,0.414,482,32032,321,2,0.291,0.41,0.497,0.623,-0.007,-0.007,0.662,0.016
abl1,RF-Scorev3/GlideSP,1.0,NEF,,4.79,8.182,4.914,182,10932,110,9,0.84,5.263,0.52,8.182,0.051,0.05,0.689,0.125
ace,RF-Scorev3/GlideSP,1.0,NEF,,5.67,9.302,5.668,282,17182,172,16,0.86,6.147,0.524,9.302,0.061,0.059,0.612,0.227
aces,RF-Scorev3/GlideSP,1.0,NEF,,7.96,13.433,7.918,453,26703,268,36,0.9,8.992,0.535,13.433,0.092,0.088,0.535,0.192
ada,RF-Scorev3/GlideSP,1.0,NEF,,1.13,1.786,1.064,93,5543,56,1,0.516,1.065,0.5,1.786,0.001,0.001,0.513,0.04
ada17,RF-Scorev3/GlideSP,1.0,NEF,,7.93,11.507,7.88,532,36432,365,42,0.898,8.775,0.535,11.507,0.084,0.083,0.567,0.21
adrb1,RF-Scorev3/GlideSP,1.0,NEF,,1.52,2.484,1.619,247,16097,161,4,0.62,1.635,0.503,2.484,0.008,0.008,0.576,0.053
adrb2,RF-Scorev3/GlideSP,1.0,NEF,,1.34,1.961,1.293,231,15231,153,3,0.565,1.299,0.501,1.961,0.004,0.004,0.567,0.049
akt1,RF-Scorev3/GlideSP,1.0,NEF,,0.47,0.595,0.34,293,16743,168,1,0.252,0.336,0.497,0.595,-0.009,-0.009,0.647,0.015
akt2,RF-Scorev3/GlideSP,1.0,NEF,,0.0,0.0,0.0,117,7017,71,0,0.0,0.0,0.495,0.0,-0.013,-0.013,0.701,0.007
aldr,RF-Scorev3/GlideSP,1.0,NEF,,2.74,4.348,2.505,159,9159,92,4,0.72,2.573,0.508,4.348,0.02,0.019,0.517,0.086
ampc,RF-Scorev3/GlideSP,1.0,NEF,,0.0,0.0,0.0,48,2898,29,0,0.0,0.0,0.495,0.0,-0.013,-0.013,0.482,0.023
andr,RF-Scorev3/GlideSP,1.0,NEF,,1.26,2.041,1.109,269,14619,147,3,0.526,1.111,0.501,2.041,0.002,0.001,0.622,0.038
aofb,RF-Scorev3/GlideSP,1.0,NEF,,0.0,0.0,0.0,122,7022,71,0,0.0,0.0,0.495,0.0,-0.013,-0.013,0.53,0.024
bace1,RF-Scorev3/GlideSP,1.0,NEF,,10.19,15.761,10.238,283,18383,184,29,0.923,11.966,0.547,15.761,0.116,0.113,0.616,0.242
braf,RF-Scorev3/GlideSP,1.0,NEF,,3.24,4.902,3.258,152,10102,102,5,0.771,3.374,0.512,4.902,0.028,0.028,0.673,0.067
cah2,RF-Scorev3/GlideSP,1.0,NEF,,12.22,18.927,12.181,492,31664,317,60,0.937,14.792,0.557,18.927,0.141,0.138,0.658,0.281
casp3,RF-Scorev3/GlideSP,1.0,NEF,,2.28,4.587,2.512,199,10899,109,5,0.721,2.585,0.508,4.587,0.021,0.02,0.452,0.074
cdk2,RF-Scorev3/GlideSP,1.0,NEF,,0.5,0.704,0.421,474,28324,284,2,0.294,0.417,0.497,0.704,-0.008,-0.007,0.662,0.021
comt,RF-Scorev3/GlideSP,1.0,NEF,,0.0,0.0,0.0,41,3891,39,0,0.0,0.0,0.495,0.0,-0.01,-0.01,0.356,0.0
cp2c9,RF-Scorev3/GlideSP,1.0,NEF,,8.23,13.158,8.3,120,7570,76,10,0.904,9.407,0.537,13.158,0.093,0.091,0.569,0.164
cp3a4,RF-Scorev3/GlideSP,1.0,NEF,,3.73,5.0,3.521,170,11970,120,6,0.785,3.653,0.513,5.0,0.03,0.03,0.569,0.094
csf1r,RF-Scorev3/GlideSP,1.0,NEF,,1.06,1.613,1.197,166,12316,124,2,0.545,1.2,0.501,1.613,0.002,0.002,0.731,0.022
cxcr4,RF-Scorev3/GlideSP,1.0,NEF,,0.0,0.0,0.0,40,3446,35,0,0.0,0.0,0.495,0.0,-0.011,-0.011,0.69,0.004
def,RF-Scorev3/GlideSP,1.0,NEF,,0.0,0.0,0.0,102,5802,59,0,0.0,0.0,0.495,0.0,-0.014,-0.013,0.623,0.012
dhi1,RF-Scorev3/GlideSP,1.0,NEF,,2.14,3.553,2.119,330,19680,197,7,0.684,2.16,0.506,3.553,0.015,0.014,0.662,0.068
dpp4,RF-Scorev3/GlideSP,1.0,NEF,,0.93,1.205,0.938,533,41483,415,5,0.484,0.937,0.5,1.205,-0.001,-0.001,0.634,0.025
drd3,RF-Scorev3/GlideSP,1.0,NEF,,3.43,4.624,3.327,480,34530,346,16,0.775,3.439,0.512,4.624,0.028,0.027,0.548,0.079
dyr,RF-Scorev3/GlideSP,1.0,NEF,,1.25,1.714,1.294,231,17431,175,3,0.565,1.299,0.501,1.714,0.003,0.003,0.647,0.039
egfr,RF-Scorev3/GlideSP,1.0,NEF,,2.66,3.933,2.582,542,35592,356,14,0.726,2.647,0.508,3.933,0.02,0.019,0.628,0.058
esr1,RF-Scorev3/GlideSP,1.0,NEF,,0.33,0.474,0.261,383,21068,211,1,0.205,0.257,0.496,0.474,-0.01,-0.01,0.801,0.03
esr2,RF-Scorev3/GlideSP,1.0,NEF,,0.17,0.485,0.272,367,20566,206,1,0.212,0.268,0.496,0.485,-0.01,-0.009,0.811,0.023
fa10,RF-Scorev3/GlideSP,1.0,NEF,,18.07,33.564,18.04,537,28862,289,97,0.964,26.648,0.587,33.564,0.236,0.225,0.85,0.575
fa7,RF-Scorev3/GlideSP,1.0,NEF,,10.13,18.75,10.467,114,6364,64,12,0.927,12.652,0.548,18.75,0.129,0.124,0.821,0.287
fabp4,RF-Scorev3/GlideSP,1.0,NEF,,1.73,3.571,2.125,47,2797,28,1,0.684,2.167,0.506,3.571,0.015,0.014,0.59,0.042
fak1,RF-Scorev3/GlideSP,1.0,NEF,,3.54,7.273,3.964,100,5450,55,4,0.808,4.196,0.515,7.273,0.041,0.039,0.757,0.071
fgfr1,RF-Scorev3/GlideSP,1.0,NEF,,1.75,2.247,1.429,139,8839,89,2,0.59,1.439,0.502,2.247,0.005,0.005,0.496,0.468
fkb1a,RF-Scorev3/GlideSP,1.0,NEF,,0.0,0.0,0.0,111,5911,60,0,0.0,0.0,0.495,0.0,-0.014,-0.013,0.56,0.019
fnta,RF-Scorev3/GlideSP,1.0,NEF,,3.33,3.839,3.378,592,52092,521,20,0.776,3.473,0.512,3.839,0.026,0.026,0.706,0.116
fpps,RF-Scorev3/GlideSP,1.0,NEF,,0.0,0.0,0.0,85,8935,90,0,0.0,0.0,0.495,0.0,-0.01,-0.01,0.427,0.0
gcr,RF-Scorev3/GlideSP,1.0,NEF,,4.78,7.843,4.638,258,15258,153,12,0.832,4.948,0.519,7.843,0.048,0.046,0.68,0.09
glcm,RF-Scorev3/GlideSP,1.0,NEF,,0.0,0.0,0.0,54,3854,39,0,0.0,0.0,0.495,0.0,-0.012,-0.012,0.475,0.012
gria2,RF-Scorev3/GlideSP,1.0,NEF,,0.34,0.826,0.628,158,12003,121,1,0.385,0.625,0.498,0.826,-0.004,-0.004,0.584,0.021
grik1,RF-Scorev3/GlideSP,1.0,NEF,,1.95,2.985,1.966,101,6651,67,2,0.666,1.995,0.505,2.985,0.012,0.012,0.48,0.029
hdac2,RF-Scorev3/GlideSP,1.0,NEF,,4.76,8.571,4.858,185,10485,105,9,0.839,5.22,0.52,8.571,0.052,0.05,0.606,0.101
hdac8,RF-Scorev3/GlideSP,1.0,NEF,,0.0,0.0,0.0,170,10620,107,0,0.0,0.0,0.495,0.0,-0.013,-0.013,0.625,0.013
hivint,RF-Scorev3/GlideSP,1.0,NEF,,0.0,0.0,0.0,100,6750,68,0,0.0,0.0,0.495,0.0,-0.012,-0.012,0.525,0.012
hivpr,RF-Scorev3/GlideSP,1.0,NEF,,9.8,14.601,9.884,536,36286,363,53,0.919,11.403,0.545,14.601,0.109,0.107,0.704,0.33
hivrt,RF-Scorev3/GlideSP,1.0,NEF,,0.18,0.518,0.295,338,19229,193,1,0.225,0.291,0.496,0.518,-0.009,-0.009,0.547,0.012
hmdh,RF-Scorev3/GlideSP,1.0,NEF,,0.0,0.0,0.0,170,8920,90,0,0.0,0.0,0.495,0.0,-0.014,-0.013,0.59,0.006
hs90a,RF-Scorev3/GlideSP,1.0,NEF,,0.0,0.0,0.0,88,4938,50,0,0.0,0.0,0.495,0.0,-0.014,-0.013,0.576,0.007
hxk4,RF-Scorev3/GlideSP,1.0,NEF,,0.0,0.0,0.0,92,4792,48,0,0.0,0.0,0.495,0.0,-0.014,-0.013,0.626,0.002
igf1r,RF-Scorev3/GlideSP,1.0,NEF,,7.98,12.632,8.064,148,9448,95,12,0.901,9.085,0.536,12.632,0.09,0.088,0.682,0.159
inha,RF-Scorev3/GlideSP,1.0,NEF,,5.75,12.5,6.811,43,2343,24,3,0.884,7.641,0.53,12.5,0.081,0.077,0.673,0.224
ital,RF-Scorev3/GlideSP,1.0,NEF,,1.31,2.299,1.439,138,8638,87,2,0.592,1.449,0.502,2.299,0.006,0.005,0.538,0.03
jak2,RF-Scorev3/GlideSP,1.0,NEF,,9.24,14.925,9.216,107,6607,67,10,0.914,10.657,0.542,14.925,0.107,0.104,0.761,0.199
kif11,RF-Scorev3/GlideSP,1.0,NEF,,17.22,28.571,17.158,116,6966,70,20,0.959,23.621,0.583,28.571,0.212,0.205,0.693,0.392
kit,RF-Scorev3/GlideSP,1.0,NEF,,0.4,0.935,0.598,166,10616,107,1,0.373,0.594,0.498,0.935,-0.005,-0.005,0.726,0.037
kith,RF-Scorev3/GlideSP,1.0,NEF,,2.26,3.333,1.7,57,2907,30,1,0.633,1.724,0.504,3.333,0.01,0.01,0.383,0.088
kpcb,RF-Scorev3/GlideSP,1.0,NEF,,4.65,6.742,4.412,135,8835,89,6,0.823,4.659,0.517,6.742,0.043,0.042,0.567,0.136
lck,RF-Scorev3/GlideSP,1.0,NEF,,2.06,3.226,2.137,420,27820,279,9,0.685,2.175,0.506,3.226,0.014,0.014,0.698,0.052
lkha4,RF-Scorev3/GlideSP,1.0,NEF,,4.56,8.247,4.64,171,9621,97,8,0.832,4.967,0.519,8.247,0.049,0.047,0.637,0.141
mapk2,RF-Scorev3/GlideSP,1.0,NEF,,0.0,0.0,0.0,101,6251,63,0,0.0,0.0,0.495,0.0,-0.013,-0.013,0.609,0.016
mcr,RF-Scorev3/GlideSP,1.0,NEF,,3.91,7.547,4.21,94,5244,53,4,0.817,4.472,0.517,7.547,0.044,0.042,0.762,0.097
met,RF-Scorev3/GlideSP,1.0,NEF,,16.44,23.478,16.146,166,11416,115,27,0.954,20.793,0.577,23.478,0.186,0.182,0.768,0.356
mk01,RF-Scorev3/GlideSP,1.0,NEF,,1.43,2.128,1.247,79,4629,47,1,0.556,1.252,0.501,2.128,0.003,0.003,0.705,0.058
mk10,RF-Scorev3/GlideSP,1.0,NEF,,3.23,4.412,2.844,104,6704,68,3,0.745,2.929,0.509,4.412,0.023,0.023,0.725,0.066
mk14,RF-Scorev3/GlideSP,1.0,NEF,,5.36,8.493,5.353,578,36428,365,31,0.852,5.757,0.522,8.493,0.056,0.054,0.677,0.134
mmp13,RF-Scorev3/GlideSP,1.0,NEF,,3.42,5.291,3.494,572,37772,378,20,0.784,3.633,0.513,5.291,0.031,0.03,0.53,0.106
mp2k1,RF-Scorev3/GlideSP,1.0,NEF,,0.0,0.0,0.0,121,8271,83,0,0.0,0.0,0.495,0.0,-0.012,-0.012,0.549,0.002
nos1,RF-Scorev3/GlideSP,1.0,NEF,,1.71,2.439,1.988,100,8150,82,2,0.668,2.013,0.505,2.439,0.011,0.011,0.588,0.057
nram,RF-Scorev3/GlideSP,1.0,NEF,,1.33,1.587,1.02,98,6298,63,1,0.505,1.02,0.5,1.587,0.0,0.0,0.662,0.04
pa2ga,RF-Scorev3/GlideSP,1.0,NEF,,1.58,3.774,2.001,99,5249,53,2,0.671,2.04,0.505,3.774,0.014,0.013,0.68,0.028
parp1,RF-Scorev3/GlideSP,1.0,NEF,,2.83,4.575,2.752,508,30558,306,14,0.739,2.836,0.509,4.575,0.023,0.022,0.683,0.075
pde5a,RF-Scorev3/GlideSP,1.0,NEF,,1.34,1.786,1.254,398,27948,280,5,0.557,1.259,0.501,1.786,0.003,0.003,0.541,0.03
pgh1,RF-Scorev3/GlideSP,1.0,NEF,,1.35,2.727,1.538,195,10995,110,3,0.608,1.553,0.503,2.727,0.007,0.007,0.578,0.038
pgh2,RF-Scorev3/GlideSP,1.0,NEF,,1.58,2.966,1.608,435,23585,236,7,0.619,1.627,0.503,2.966,0.008,0.008,0.59,0.038
plk1,RF-Scorev3/GlideSP,1.0,NEF,,5.23,8.571,5.533,107,6907,70,6,0.856,5.958,0.523,8.571,0.058,0.056,0.717,0.118
pnph,RF-Scorev3/GlideSP,1.0,NEF,,0.0,0.0,0.0,103,7053,71,0,0.0,0.0,0.495,0.0,-0.012,-0.012,0.686,0.013
ppara,RF-Scorev3/GlideSP,1.0,NEF,,1.86,3.535,1.874,373,19772,198,7,0.656,1.906,0.504,3.535,0.012,0.012,0.608,0.052
ppard,RF-Scorev3/GlideSP,1.0,NEF,,1.74,3.2,1.665,240,12490,125,4,0.628,1.687,0.503,3.2,0.009,0.009,0.638,0.062
pparg,RF-Scorev3/GlideSP,1.0,NEF,,3.18,5.814,3.097,484,25784,258,15,0.763,3.227,0.511,5.814,0.029,0.028,0.643,0.106
prgr,RF-Scorev3/GlideSP,1.0,NEF,,2.08,3.75,2.04,293,15943,160,6,0.675,2.081,0.505,3.75,0.014,0.014,0.683,0.06
ptn1,RF-Scorev3/GlideSP,1.0,NEF,,12.95,22.973,13.042,130,7380,74,17,0.943,16.633,0.561,22.973,0.162,0.156,0.749,0.378
pur2,RF-Scorev3/GlideSP,1.0,NEF,,0.0,0.0,0.0,50,2750,28,0,0.0,0.0,0.495,0.0,-0.014,-0.013,0.768,0.006
pygm,RF-Scorev3/GlideSP,1.0,NEF,,2.58,4.878,2.551,77,4027,41,2,0.725,2.631,0.508,4.878,0.022,0.021,0.566,0.055
pyrd,RF-Scorev3/GlideSP,1.0,NEF,,9.14,15.152,8.956,111,6561,66,10,0.912,10.376,0.541,15.152,0.105,0.102,0.723,0.212
reni,RF-Scorev3/GlideSP,1.0,NEF,,1.8,2.817,1.913,104,7062,71,2,0.66,1.939,0.505,2.817,0.011,0.011,0.65,0.099
rock1,RF-Scorev3/GlideSP,1.0,NEF,,0.99,1.562,1.0,100,6400,64,1,0.5,1.0,0.5,1.562,0.0,0.0,0.72,0.018
rxra,RF-Scorev3/GlideSP,1.0,NEF,,4.13,7.042,3.807,131,7081,71,5,0.801,4.019,0.514,7.042,0.039,0.037,0.722,0.076
sahh,RF-Scorev3/GlideSP,1.0,NEF,,0.0,0.0,0.0,63,3513,36,0,0.0,0.0,0.495,0.0,-0.014,-0.013,0.653,0.001
src,RF-Scorev3/GlideSP,1.0,NEF,,0.37,0.57,0.381,524,35024,351,2,0.274,0.377,0.497,0.57,-0.008,-0.008,0.626,0.008
tgfr1,RF-Scorev3/GlideSP,1.0,NEF,,1.42,2.299,1.492,133,8633,87,2,0.601,1.504,0.503,2.299,0.006,0.006,0.706,0.035
thb,RF-Scorev3/GlideSP,1.0,NEF,,1.22,1.316,0.965,103,7553,76,1,0.491,0.964,0.5,1.316,-0.0,-0.0,0.545,0.059
thrb,RF-Scorev3/GlideSP,1.0,NEF,,5.17,8.727,5.199,461,27465,275,24,0.849,5.601,0.521,8.727,0.055,0.053,0.75,0.148
try1,RF-Scorev3/GlideSP,1.0,NEF,,3.88,6.415,3.776,449,26429,265,17,0.799,3.966,0.514,6.415,0.037,0.035,0.763,0.103
tryb1,RF-Scorev3/GlideSP,1.0,NEF,,4.08,7.692,4.053,148,7798,78,6,0.812,4.307,0.516,7.692,0.043,0.041,0.7,0.113
tysy,RF-Scorev3/GlideSP,1.0,NEF,,5.25,8.696,5.472,109,6859,69,6,0.855,5.898,0.523,8.696,0.057,0.056,0.647,0.215
urok,RF-Scorev3/GlideSP,1.0,NEF,,3.3,4.95,3.06,162,10012,101,5,0.76,3.167,0.511,4.95,0.027,0.026,0.713,0.106
vgfr2,RF-Scorev3/GlideSP,1.0,NEF,,3.14,5.118,3.173,409,25359,254,13,0.767,3.291,0.511,5.118,0.028,0.027,0.607,0.083
wee1,RF-Scorev3/GlideSP,1.0,NEF,,41.87,68.254,41.836,102,6252,63,43,0.992,129.632,0.709,68.254,0.531,0.515,0.821,0.845
xiap,RF-Scorev3/GlideSP,1.0,NEF,,8.44,16.981,8.915,100,5250,53,9,0.913,10.534,0.541,16.981,0.111,0.106,0.81,0.2
aa2ar,NNscore1.0/GlideSP,1.0,NEF,,2.13,3.115,2.07,482,32032,321,10,0.678,2.105,0.505,3.115,0.013,0.013,0.633,0.074
abl1,NNscore1.0/GlideSP,1.0,NEF,,4.79,8.182,4.914,182,10932,110,9,0.84,5.263,0.52,8.182,0.051,0.05,0.572,0.117
ace,NNscore1.0/GlideSP,1.0,NEF,,7.64,12.791,7.793,282,17182,172,22,0.898,8.79,0.535,12.791,0.088,0.086,0.655,0.262
aces,NNscore1.0/GlideSP,1.0,NEF,,8.12,13.806,8.138,453,26703,268,37,0.903,9.282,0.536,13.806,0.094,0.091,0.736,0.198
ada,NNscore1.0/GlideSP,1.0,NEF,,0.75,1.786,1.064,93,5543,56,1,0.516,1.065,0.5,1.786,0.001,0.001,0.456,0.036
ada17,NNscore1.0/GlideSP,1.0,NEF,,4.97,7.123,4.878,532,36432,365,26,0.838,5.176,0.52,7.123,0.047,0.047,0.744,0.135
adrb1,NNscore1.0/GlideSP,1.0,NEF,,1.52,2.484,1.619,247,16097,161,4,0.62,1.635,0.503,2.484,0.008,0.008,0.667,0.045
adrb2,NNscore1.0/GlideSP,1.0,NEF,,1.34,1.961,1.293,231,15231,153,3,0.565,1.299,0.501,1.961,0.004,0.004,0.672,0.057
akt1,NNscore1.0/GlideSP,1.0,NEF,,1.42,2.381,1.361,293,16743,168,4,0.578,1.369,0.502,2.381,0.005,0.005,0.565,0.046
akt2,NNscore1.0/GlideSP,1.0,NEF,,2.64,4.225,2.534,117,7017,71,3,0.722,2.602,0.508,4.225,0.02,0.02,0.594,0.085
aldr,NNscore1.0/GlideSP,1.0,NEF,,1.37,2.174,1.252,159,9159,92,2,0.557,1.258,0.501,2.174,0.003,0.003,0.55,0.042
ampc,NNscore1.0/GlideSP,1.0,NEF,,0.0,0.0,0.0,48,2898,29,0,0.0,0.0,0.495,0.0,-0.013,-0.013,0.522,0.0
andr,NNscore1.0/GlideSP,1.0,NEF,,3.77,6.803,3.697,269,14619,147,10,0.796,3.894,0.514,6.803,0.037,0.036,0.621,0.112
aofb,NNscore1.0/GlideSP,1.0,NEF,,2.39,4.225,2.432,122,7022,71,3,0.714,2.495,0.507,4.225,0.019,0.019,0.571,0.042
bace1,NNscore1.0/GlideSP,1.0,NEF,,3.33,4.891,3.177,283,18383,184,9,0.767,3.289,0.511,4.891,0.027,0.027,0.767,0.122
braf,NNscore1.0/GlideSP,1.0,NEF,,3.64,5.882,3.909,152,10102,102,6,0.804,4.091,0.515,5.882,0.036,0.036,0.634,0.084
cah2,NNscore1.0/GlideSP,1.0,NEF,,0.61,0.946,0.609,492,31664,317,3,0.377,0.605,0.498,0.946,-0.005,-0.005,0.522,0.04
casp3,NNscore1.0/GlideSP,1.0,NEF,,0.86,1.835,1.005,199,10899,109,2,0.501,1.005,0.5,1.835,0.0,0.0,0.659,0.037
cdk2,NNscore1.0/GlideSP,1.0,NEF,,2.26,3.873,2.314,474,28324,284,11,0.703,2.367,0.507,3.873,0.017,0.017,0.58,0.068
comt,NNscore1.0/GlideSP,1.0,NEF,,0.0,0.0,0.0,41,3891,39,0,0.0,0.0,0.495,0.0,-0.01,-0.01,0.319,0.0
cp2c9,NNscore1.0/GlideSP,1.0,NEF,,3.29,5.263,3.32,120,7570,76,4,0.775,3.449,0.512,5.263,0.03,0.029,0.59,0.073
cp3a4,NNscore1.0/GlideSP,1.0,NEF,,2.58,3.333,2.347,170,11970,120,4,0.705,2.394,0.507,3.333,0.016,0.016,0.58,0.071
csf1r,NNscore1.0/GlideSP,1.0,NEF,,5.66,7.258,5.385,166,12316,124,9,0.851,5.728,0.522,7.258,0.052,0.051,0.673,0.133
cxcr4,NNscore1.0/GlideSP,1.0,NEF,,2.5,2.857,2.461,40,3446,35,1,0.715,2.504,0.508,2.857,0.016,0.016,0.591,0.07
def,NNscore1.0/GlideSP,1.0,NEF,,8.79,15.254,8.677,102,5802,59,9,0.91,10.059,0.54,15.254,0.104,0.1,0.687,0.177
dhi1,NNscore1.0/GlideSP,1.0,NEF,,7.0,11.675,6.963,330,19680,197,23,0.886,7.751,0.53,11.675,0.078,0.076,0.703,0.171
dpp4,NNscore1.0/GlideSP,1.0,NEF,,4.17,5.301,4.126,533,41483,415,22,0.811,4.301,0.516,5.301,0.036,0.036,0.523,0.107
drd3,NNscore1.0/GlideSP,1.0,NEF,,1.37,2.023,1.455,480,34530,346,7,0.594,1.465,0.502,2.023,0.005,0.005,0.59,0.044
dyr,NNscore1.0/GlideSP,1.0,NEF,,0.89,1.143,0.862,231,17431,175,2,0.463,0.861,0.499,1.143,-0.002,-0.002,0.629,0.04
egfr,NNscore1.0/GlideSP,1.0,NEF,,3.87,5.899,3.874,542,35592,356,21,0.802,4.054,0.515,5.899,0.036,0.035,0.517,0.08
esr1,NNscore1.0/GlideSP,1.0,NEF,,2.51,4.739,2.607,383,21068,211,10,0.729,2.687,0.508,4.739,0.022,0.021,0.758,0.098
esr2,NNscore1.0/GlideSP,1.0,NEF,,1.21,1.942,1.088,367,20566,206,4,0.522,1.09,0.5,1.942,0.001,0.001,0.768,0.053
fa10,NNscore1.0/GlideSP,1.0,NEF,,3.92,7.266,3.905,537,28862,289,21,0.805,4.133,0.515,7.266,0.04,0.038,0.733,0.158
fa7,NNscore1.0/GlideSP,1.0,NEF,,11.2,20.312,11.339,114,6364,64,13,0.933,13.975,0.553,20.312,0.141,0.135,0.84,0.293
fabp4,NNscore1.0/GlideSP,1.0,NEF,,3.45,7.143,4.251,47,2797,28,2,0.818,4.501,0.517,7.143,0.043,0.041,0.762,0.118
fak1,NNscore1.0/GlideSP,1.0,NEF,,7.95,14.545,7.927,100,5450,55,8,0.901,9.106,0.536,14.545,0.096,0.091,0.639,0.17
fgfr1,NNscore1.0/GlideSP,1.0,NEF,,1.32,2.247,1.429,139,8839,89,2,0.59,1.439,0.502,2.247,0.005,0.005,0.52,0.418
fkb1a,NNscore1.0/GlideSP,1.0,NEF,,2.19,3.333,1.775,111,5911,60,2,0.643,1.802,0.504,3.333,0.011,0.01,0.732,0.096
fnta,NNscore1.0/GlideSP,1.0,NEF,,1.15,1.344,1.182,592,52092,521,7,0.542,1.185,0.501,1.344,0.002,0.002,0.642,0.044
fpps,NNscore1.0/GlideSP,1.0,NEF,,39.6,37.778,39.711,85,8935,90,34,0.984,63.214,0.697,40.0,0.383,0.383,0.885,0.867
gcr,NNscore1.0/GlideSP,1.0,NEF,,2.39,3.922,2.319,258,15258,153,6,0.704,2.373,0.507,3.922,0.017,0.017,0.716,0.084
glcm,NNscore1.0/GlideSP,1.0,NEF,,0.0,0.0,0.0,54,3854,39,0,0.0,0.0,0.495,0.0,-0.012,-0.012,0.708,0.018
gria2,NNscore1.0/GlideSP,1.0,NEF,,4.12,5.785,4.395,158,12003,121,7,0.822,4.603,0.517,5.785,0.04,0.039,0.539,0.091
grik1,NNscore1.0/GlideSP,1.0,NEF,,8.47,13.433,8.846,101,6651,67,9,0.91,10.063,0.54,13.433,0.098,0.096,0.647,0.183
hdac2,NNscore1.0/GlideSP,1.0,NEF,,0.87,1.905,1.08,185,10485,105,2,0.519,1.081,0.5,1.905,0.001,0.001,0.631,0.046
hdac8,NNscore1.0/GlideSP,1.0,NEF,,0.89,1.869,1.168,170,10620,107,2,0.539,1.171,0.501,1.869,0.002,0.002,0.672,0.023
hivint,NNscore1.0/GlideSP,1.0,NEF,,1.42,1.471,0.993,100,6750,68,1,0.498,0.993,0.5,1.471,-0.0,-0.0,0.666,0.071
hivpr,NNscore1.0/GlideSP,1.0,NEF,,0.89,1.377,0.932,536,36286,363,5,0.482,0.932,0.5,1.377,-0.001,-0.001,0.765,0.073
hivrt,NNscore1.0/GlideSP,1.0,NEF,,0.91,1.554,0.884,338,19229,193,3,0.469,0.882,0.499,1.554,-0.002,-0.001,0.526,0.024
hmdh,NNscore1.0/GlideSP,1.0,NEF,,6.68,12.222,6.413,170,8920,90,11,0.878,7.167,0.528,12.222,0.076,0.072,0.796,0.275
hs90a,NNscore1.0/GlideSP,1.0,NEF,,0.0,0.0,0.0,88,4938,50,0,0.0,0.0,0.495,0.0,-0.014,-0.013,0.399,0.005
hxk4,NNscore1.0/GlideSP,1.0,NEF,,2.36,4.167,2.17,92,4792,48,2,0.69,2.221,0.506,4.167,0.016,0.016,0.616,0.061
igf1r,NNscore1.0/GlideSP,1.0,NEF,,2.22,3.158,2.016,148,9448,95,3,0.672,2.049,0.505,3.158,0.013,0.013,0.597,0.07
inha,NNscore1.0/GlideSP,1.0,NEF,,7.18,12.5,6.811,43,2343,24,3,0.884,7.641,0.53,12.5,0.081,0.077,0.633,0.182
ital,NNscore1.0/GlideSP,1.0,NEF,,1.31,2.299,1.439,138,8638,87,2,0.592,1.449,0.502,2.299,0.006,0.005,0.583,0.035
jak2,NNscore1.0/GlideSP,1.0,NEF,,3.96,5.97,3.686,107,6607,67,4,0.794,3.857,0.514,5.97,0.035,0.034,0.644,0.079
kif11,NNscore1.0/GlideSP,1.0,NEF,,7.6,12.857,7.721,116,6966,70,9,0.897,8.713,0.534,12.857,0.088,0.085,0.76,0.236
kit,NNscore1.0/GlideSP,1.0,NEF,,2.39,3.738,2.391,166,10616,107,4,0.71,2.445,0.507,3.738,0.018,0.017,0.54,0.049
kith,NNscore1.0/GlideSP,1.0,NEF,,0.75,0.0,0.0,57,2907,30,0,0.0,0.0,0.495,0.0,-0.014,-0.014,0.641,0.051
kpcb,NNscore1.0/GlideSP,1.0,NEF,,1.69,2.247,1.471,135,8835,89,2,0.597,1.481,0.502,2.247,0.006,0.006,0.679,0.055
lck,NNscore1.0/GlideSP,1.0,NEF,,2.06,3.226,2.137,420,27820,279,9,0.685,2.175,0.506,3.226,0.014,0.014,0.584,0.052
lkha4,NNscore1.0/GlideSP,1.0,NEF,,0.83,1.031,0.58,171,9621,97,1,0.365,0.576,0.498,1.031,-0.006,-0.005,0.535,0.024
mapk2,NNscore1.0/GlideSP,1.0,NEF,,1.46,1.587,0.982,101,6251,63,1,0.495,0.982,0.5,1.587,-0.0,-0.0,0.607,0.052
mcr,NNscore1.0/GlideSP,1.0,NEF,,2.7,5.66,3.158,94,5244,53,3,0.767,3.287,0.511,5.66,0.029,0.028,0.741,0.106
met,NNscore1.0/GlideSP,1.0,NEF,,1.64,2.609,1.794,166,11416,115,3,0.645,1.815,0.504,2.609,0.01,0.01,0.588,0.062
mk01,NNscore1.0/GlideSP,1.0,NEF,,2.86,4.255,2.493,79,4629,47,2,0.719,2.56,0.508,4.255,0.02,0.019,0.642,0.099
mk10,NNscore1.0/GlideSP,1.0,NEF,,2.69,4.412,2.844,104,6704,68,3,0.745,2.929,0.509,4.412,0.023,0.023,0.559,0.068
mk14,NNscore1.0/GlideSP,1.0,NEF,,2.3,3.562,2.245,578,36428,365,13,0.696,2.291,0.506,3.562,0.016,0.015,0.616,0.054
mmp13,NNscore1.0/GlideSP,1.0,NEF,,3.71,5.556,3.669,572,37772,378,21,0.793,3.826,0.514,5.556,0.033,0.033,0.71,0.11
mp2k1,NNscore1.0/GlideSP,1.0,NEF,,2.08,3.614,2.471,121,8271,83,3,0.716,2.526,0.507,3.614,0.018,0.018,0.561,0.07
nos1,NNscore1.0/GlideSP,1.0,NEF,,0.0,0.0,0.0,100,8150,82,0,0.0,0.0,0.495,0.0,-0.011,-0.011,0.399,0.011
nram,NNscore1.0/GlideSP,1.0,NEF,,7.55,11.111,7.141,98,6298,63,7,0.888,7.908,0.531,11.111,0.078,0.076,0.792,0.249
pa2ga,NNscore1.0/GlideSP,1.0,NEF,,0.0,0.0,0.0,99,5249,53,0,0.0,0.0,0.495,0.0,-0.014,-0.013,0.507,0.019
parp1,NNscore1.0/GlideSP,1.0,NEF,,4.99,8.17,4.915,508,30558,306,25,0.84,5.263,0.52,8.17,0.051,0.05,0.715,0.134
pde5a,NNscore1.0/GlideSP,1.0,NEF,,3.41,5.0,3.511,398,27948,280,14,0.785,3.643,0.513,5.0,0.03,0.03,0.563,0.077
pgh1,NNscore1.0/GlideSP,1.0,NEF,,0.9,1.818,1.025,195,10995,110,2,0.506,1.026,0.5,1.818,0.0,0.0,0.415,0.042
pgh2,NNscore1.0/GlideSP,1.0,NEF,,1.36,2.542,1.378,435,23585,236,6,0.581,1.388,0.502,2.542,0.005,0.005,0.611,0.053
plk1,NNscore1.0/GlideSP,1.0,NEF,,2.61,4.286,2.766,107,6907,70,3,0.74,2.846,0.509,4.286,0.022,0.022,0.535,0.059
pnph,NNscore1.0/GlideSP,1.0,NEF,,5.24,7.042,4.822,103,7053,71,5,0.836,5.112,0.52,7.042,0.047,0.046,0.534,0.141
ppara,NNscore1.0/GlideSP,1.0,NEF,,6.69,12.626,6.693,373,19772,198,25,0.883,7.516,0.529,12.626,0.079,0.075,0.752,0.192
ppard,NNscore1.0/GlideSP,1.0,NEF,,7.65,14.4,7.494,240,12490,125,18,0.896,8.586,0.533,14.4,0.091,0.087,0.774,0.209
pparg,NNscore1.0/GlideSP,1.0,NEF,,2.35,4.264,2.271,484,25784,258,11,0.7,2.328,0.506,4.264,0.018,0.017,0.684,0.091
prgr,NNscore1.0/GlideSP,1.0,NEF,,1.78,3.125,1.7,293,15943,160,5,0.633,1.723,0.504,3.125,0.01,0.009,0.724,0.058
ptn1,NNscore1.0/GlideSP,1.0,NEF,,1.79,2.703,1.534,130,7380,74,2,0.608,1.549,0.503,2.703,0.007,0.007,0.417,0.066
pur2,NNscore1.0/GlideSP,1.0,NEF,,8.92,17.857,9.821,50,2750,28,5,0.922,11.739,0.546,17.857,0.122,0.117,0.785,0.583
pygm,NNscore1.0/GlideSP,1.0,NEF,,4.3,7.317,3.827,77,4027,41,3,0.802,4.05,0.515,7.317,0.04,0.038,0.559,0.115
pyrd,NNscore1.0/GlideSP,1.0,NEF,,6.86,12.121,7.165,111,6561,66,8,0.889,8.015,0.532,12.121,0.082,0.079,0.687,0.153
reni,NNscore1.0/GlideSP,1.0,NEF,,0.26,0.0,0.0,104,7062,71,0,0.0,0.0,0.495,0.0,-0.012,-0.012,0.71,0.022
rock1,NNscore1.0/GlideSP,1.0,NEF,,0.0,0.0,0.0,100,6400,64,0,0.0,0.0,0.495,0.0,-0.013,-0.012,0.6,0.014
rxra,NNscore1.0/GlideSP,1.0,NEF,,8.25,15.493,8.374,131,7081,71,11,0.907,9.726,0.538,15.493,0.102,0.097,0.884,0.367
sahh,NNscore1.0/GlideSP,1.0,NEF,,2.79,5.556,3.098,63,3513,36,2,0.763,3.221,0.511,5.556,0.029,0.028,0.201,0.134
src,NNscore1.0/GlideSP,1.0,NEF,,1.1,1.709,1.143,524,35024,351,6,0.534,1.145,0.501,1.709,0.002,0.002,0.466,0.032
tgfr1,NNscore1.0/GlideSP,1.0,NEF,,1.42,2.299,1.492,133,8633,87,2,0.601,1.504,0.503,2.299,0.006,0.006,0.511,0.048
thb,NNscore1.0/GlideSP,1.0,NEF,,6.12,7.895,5.789,103,7553,76,6,0.861,6.2,0.524,7.895,0.057,0.056,0.6,0.148
thrb,NNscore1.0/GlideSP,1.0,NEF,,9.04,15.273,9.099,461,27465,275,42,0.913,10.559,0.541,15.273,0.106,0.103,0.757,0.251
try1,NNscore1.0/GlideSP,1.0,NEF,,5.36,9.057,5.331,449,26429,265,24,0.852,5.762,0.522,9.057,0.057,0.055,0.751,0.143
tryb1,NNscore1.0/GlideSP,1.0,NEF,,7.0,12.821,6.755,148,7798,78,10,0.884,7.601,0.529,12.821,0.08,0.076,0.789,0.158
tysy,NNscore1.0/GlideSP,1.0,NEF,,5.91,8.696,5.472,109,6859,69,6,0.855,5.898,0.523,8.696,0.057,0.056,0.686,0.218
urok,NNscore1.0/GlideSP,1.0,NEF,,7.59,11.881,7.343,162,10012,101,12,0.891,8.198,0.533,11.881,0.082,0.08,0.73,0.243
vgfr2,NNscore1.0/GlideSP,1.0,NEF,,7.51,12.205,7.567,409,25359,254,31,0.895,8.48,0.533,12.205,0.085,0.082,0.659,0.184
wee1,NNscore1.0/GlideSP,1.0,NEF,,2.17,3.175,1.946,102,6252,63,2,0.664,1.977,0.505,3.175,0.012,0.012,0.852,0.109
xiap,NNscore1.0/GlideSP,1.0,NEF,,6.91,13.208,6.934,100,5250,53,7,0.887,7.837,0.531,13.208,0.084,0.079,0.9,0.198
aa2ar,NNscore2.0/GlideSP,1.0,NEF,,8.05,12.15,8.074,482,32032,321,39,0.901,9.052,0.536,12.15,0.088,0.086,0.748,0.202
abl1,NNscore2.0/GlideSP,1.0,NEF,,6.16,10.0,6.007,182,10932,110,11,0.868,6.563,0.526,10.0,0.066,0.064,0.708,0.182
ace,NNscore2.0/GlideSP,1.0,NEF,,0.0,0.0,0.0,282,17182,172,0,0.0,0.0,0.495,0.0,-0.013,-0.013,0.555,0.015
aces,NNscore2.0/GlideSP,1.0,NEF,,8.27,14.179,8.358,453,26703,268,38,0.905,9.574,0.538,14.179,0.097,0.094,0.693,0.194
ada,NNscore2.0/GlideSP,1.0,NEF,,1.88,3.571,2.129,93,5543,56,2,0.685,2.17,0.506,3.571,0.015,0.014,0.569,0.09
ada17,NNscore2.0/GlideSP,1.0,NEF,,0.85,1.37,0.938,532,36432,365,5,0.484,0.937,0.5,1.37,-0.001,-0.001,0.688,0.031
adrb1,NNscore2.0/GlideSP,1.0,NEF,,1.3,1.863,1.214,247,16097,161,3,0.549,1.218,0.501,1.863,0.003,0.003,0.6,0.042
adrb2,NNscore2.0/GlideSP,1.0,NEF,,1.34,1.961,1.293,231,15231,153,3,0.565,1.299,0.501,1.961,0.004,0.004,0.618,0.049
akt1,NNscore2.0/GlideSP,1.0,NEF,,4.02,7.143,4.082,293,16743,168,12,0.812,4.319,0.516,7.143,0.041,0.04,0.668,0.101
akt2,NNscore2.0/GlideSP,1.0,NEF,,4.75,8.451,5.068,117,7017,71,6,0.845,5.444,0.521,8.451,0.054,0.052,0.669,0.136
aldr,NNscore2.0/GlideSP,1.0,NEF,,1.37,2.174,1.252,159,9159,92,2,0.557,1.258,0.501,2.174,0.003,0.003,0.597,0.044
ampc,NNscore2.0/GlideSP,1.0,NEF,,0.0,0.0,0.0,48,2898,29,0,0.0,0.0,0.495,0.0,-0.013,-0.013,0.556,0.0
andr,NNscore2.0/GlideSP,1.0,NEF,,5.96,10.884,5.915,269,14619,147,16,0.867,6.516,0.525,10.884,0.068,0.065,0.613,0.155
aofb,NNscore2.0/GlideSP,1.0,NEF,,1.2,1.408,0.811,122,7022,71,1,0.447,0.808,0.499,1.408,-0.003,-0.002,0.698,0.071
bace1,NNscore2.0/GlideSP,1.0,NEF,,2.08,3.261,2.118,283,18383,184,6,0.683,2.156,0.506,3.261,0.014,0.014,0.727,0.057
braf,NNscore2.0/GlideSP,1.0,NEF,,12.15,18.627,12.38,152,10102,102,19,0.937,14.985,0.558,18.627,0.142,0.139,0.825,0.291
cah2,NNscore2.0/GlideSP,1.0,NEF,,0.37,0.631,0.406,492,31664,317,2,0.287,0.402,0.497,0.631,-0.008,-0.007,0.573,0.02
casp3,NNscore2.0/GlideSP,1.0,NEF,,1.72,2.752,1.507,199,10899,109,3,0.603,1.522,0.503,2.752,0.007,0.007,0.566,0.061
cdk2,NNscore2.0/GlideSP,1.0,NEF,,2.64,4.577,2.735,474,28324,284,13,0.738,2.819,0.509,4.577,0.023,0.022,0.629,0.081
comt,NNscore2.0/GlideSP,1.0,NEF,,3.48,2.564,2.433,41,3891,39,1,0.712,2.471,0.507,2.564,0.015,0.015,0.891,0.196
cp2c9,NNscore2.0/GlideSP,1.0,NEF,,1.1,1.316,0.83,120,7570,76,1,0.453,0.828,0.499,1.316,-0.002,-0.002,0.589,0.04
cp3a4,NNscore2.0/GlideSP,1.0,NEF,,3.48,5.0,3.521,170,11970,120,6,0.785,3.653,0.513,5.0,0.03,0.03,0.632,0.103
csf1r,NNscore2.0/GlideSP,1.0,NEF,,2.48,3.226,2.393,166,12316,124,4,0.709,2.44,0.507,3.226,0.016,0.016,0.734,0.095
cxcr4,NNscore2.0/GlideSP,1.0,NEF,,0.83,0.0,0.0,40,3446,35,0,0.0,0.0,0.495,0.0,-0.011,-0.011,0.573,0.037
def,NNscore2.0/GlideSP,1.0,NEF,,0.0,0.0,0.0,102,5802,59,0,0.0,0.0,0.495,0.0,-0.014,-0.013,0.771,0.03
dhi1,NNscore2.0/GlideSP,1.0,NEF,,5.83,9.645,5.752,330,19680,197,19,0.862,6.259,0.524,9.645,0.062,0.06,0.725,0.151
dpp4,NNscore2.0/GlideSP,1.0,NEF,,7.69,9.88,7.689,533,41483,415,41,0.894,8.422,0.534,9.88,0.077,0.076,0.646,0.178
drd3,NNscore2.0/GlideSP,1.0,NEF,,6.07,8.382,6.029,480,34530,346,29,0.866,6.49,0.526,8.382,0.06,0.059,0.661,0.139
dyr,NNscore2.0/GlideSP,1.0,NEF,,11.39,14.857,11.211,231,17431,175,26,0.929,12.993,0.552,14.857,0.119,0.118,0.652,0.307
egfr,NNscore2.0/GlideSP,1.0,NEF,,4.35,6.742,4.427,542,35592,356,24,0.824,4.675,0.517,6.742,0.043,0.042,0.666,0.105
esr1,NNscore2.0/GlideSP,1.0,NEF,,6.02,10.9,5.996,383,21068,211,23,0.869,6.607,0.525,10.9,0.068,0.065,0.748,0.195
esr2,NNscore2.0/GlideSP,1.0,NEF,,6.59,11.65,6.529,367,20566,206,24,0.879,7.258,0.528,11.65,0.075,0.072,0.767,0.208
fa10,NNscore2.0/GlideSP,1.0,NEF,,14.02,25.952,13.948,537,28862,289,75,0.949,18.486,0.566,25.952,0.179,0.171,0.813,0.452
fa7,NNscore2.0/GlideSP,1.0,NEF,,4.27,7.812,4.361,114,6364,64,5,0.823,4.646,0.517,7.812,0.046,0.044,0.837,0.146
fabp4,NNscore2.0/GlideSP,1.0,NEF,,3.45,7.143,4.251,47,2797,28,2,0.818,4.501,0.517,7.143,0.043,0.041,0.73,0.061
fak1,NNscore2.0/GlideSP,1.0,NEF,,3.54,7.273,3.964,100,5450,55,4,0.808,4.196,0.515,7.273,0.041,0.039,0.727,0.109
fgfr1,NNscore2.0/GlideSP,1.0,NEF,,0.88,1.124,0.714,139,8839,89,1,0.416,0.711,0.499,1.124,-0.004,-0.004,0.547,0.3
fkb1a,NNscore2.0/GlideSP,1.0,NEF,,1.46,3.333,1.775,111,5911,60,2,0.643,1.802,0.504,3.333,0.011,0.01,0.657,0.068
fnta,NNscore2.0/GlideSP,1.0,NEF,,1.64,1.919,1.689,592,52092,521,10,0.63,1.702,0.503,1.919,0.007,0.007,0.604,0.054
fpps,NNscore2.0/GlideSP,1.0,NEF,,23.88,22.222,23.359,85,8935,90,20,0.967,29.748,0.614,23.529,0.221,0.221,0.964,0.576
gcr,NNscore2.0/GlideSP,1.0,NEF,,8.07,13.725,8.117,258,15258,153,21,0.902,9.249,0.536,13.725,0.094,0.091,0.655,0.19
glcm,NNscore2.0/GlideSP,1.0,NEF,,1.27,2.564,1.83,54,3854,39,1,0.649,1.852,0.504,2.564,0.01,0.01,0.716,0.105
gria2,NNscore2.0/GlideSP,1.0,NEF,,0.34,0.826,0.628,158,12003,121,1,0.385,0.625,0.498,0.826,-0.004,-0.004,0.502,0.026
grik1,NNscore2.0/GlideSP,1.0,NEF,,3.91,5.97,3.931,101,6651,67,4,0.805,4.118,0.515,5.97,0.037,0.036,0.612,0.079
hdac2,NNscore2.0/GlideSP,1.0,NEF,,6.93,12.381,7.017,185,10485,105,13,0.887,7.867,0.531,12.381,0.081,0.078,0.804,0.145
hdac8,NNscore2.0/GlideSP,1.0,NEF,,0.0,0.0,0.0,170,10620,107,0,0.0,0.0,0.495,0.0,-0.013,-0.013,0.8,0.037
hivint,NNscore2.0/GlideSP,1.0,NEF,,0.95,1.471,0.993,100,6750,68,1,0.498,0.993,0.5,1.471,-0.0,-0.0,0.577,0.03
hivpr,NNscore2.0/GlideSP,1.0,NEF,,3.27,4.959,3.357,536,36286,363,18,0.777,3.48,0.512,4.959,0.029,0.028,0.715,0.108
hivrt,NNscore2.0/GlideSP,1.0,NEF,,1.48,2.591,1.474,338,19229,193,5,0.598,1.486,0.502,2.591,0.006,0.006,0.613,0.042
hmdh,NNscore2.0/GlideSP,1.0,NEF,,10.02,18.889,9.911,170,8920,90,17,0.923,11.986,0.546,18.889,0.125,0.119,0.836,0.317
hs90a,NNscore2.0/GlideSP,1.0,NEF,,0.83,2.0,1.122,88,4938,50,1,0.529,1.125,0.501,2.0,0.002,0.002,0.431,0.026
hxk4,NNscore2.0/GlideSP,1.0,NEF,,0.0,0.0,0.0,92,4792,48,0,0.0,0.0,0.495,0.0,-0.014,-0.013,0.596,0.007
igf1r,NNscore2.0/GlideSP,1.0,NEF,,2.66,4.211,2.688,148,9448,95,4,0.734,2.762,0.509,4.211,0.021,0.021,0.617,0.083
inha,NNscore2.0/GlideSP,1.0,NEF,,4.31,8.333,4.541,43,2343,24,2,0.829,4.863,0.518,8.333,0.049,0.047,0.678,0.131
ital,NNscore2.0/GlideSP,1.0,NEF,,0.0,0.0,0.0,138,8638,87,0,0.0,0.0,0.495,0.0,-0.013,-0.013,0.553,0.012
jak2,NNscore2.0/GlideSP,1.0,NEF,,4.62,7.463,4.608,107,6607,67,5,0.83,4.899,0.519,7.463,0.047,0.046,0.737,0.125
kif11,NNscore2.0/GlideSP,1.0,NEF,,10.13,17.143,10.295,116,6966,70,12,0.924,12.218,0.547,17.143,0.122,0.118,0.757,0.239
kit,NNscore2.0/GlideSP,1.0,NEF,,3.59,5.607,3.586,166,10616,107,6,0.789,3.74,0.513,5.607,0.033,0.032,0.653,0.096
kith,NNscore2.0/GlideSP,1.0,NEF,,8.29,16.667,8.5,57,2907,30,5,0.909,10.0,0.539,16.667,0.108,0.103,0.745,0.311
kpcb,NNscore2.0/GlideSP,1.0,NEF,,0.42,1.124,0.735,135,8835,89,1,0.423,0.732,0.499,1.124,-0.003,-0.003,0.638,0.037
lck,NNscore2.0/GlideSP,1.0,NEF,,5.6,8.602,5.698,420,27820,279,24,0.86,6.14,0.524,8.602,0.059,0.057,0.725,0.135
lkha4,NNscore2.0/GlideSP,1.0,NEF,,3.31,6.186,3.48,171,9621,97,6,0.785,3.644,0.513,6.186,0.034,0.032,0.719,0.105
mapk2,NNscore2.0/GlideSP,1.0,NEF,,1.46,1.587,0.982,101,6251,63,1,0.495,0.982,0.5,1.587,-0.0,-0.0,0.565,0.049
mcr,NNscore2.0/GlideSP,1.0,NEF,,7.81,13.208,7.368,94,5244,53,7,0.893,8.337,0.533,13.208,0.087,0.083,0.621,0.157
met,NNscore2.0/GlideSP,1.0,NEF,,4.11,6.087,4.186,166,11416,115,7,0.815,4.393,0.516,6.087,0.039,0.038,0.758,0.101
mk01,NNscore2.0/GlideSP,1.0,NEF,,4.29,6.383,3.74,79,4629,47,3,0.797,3.927,0.514,6.383,0.037,0.035,0.733,0.136
mk10,NNscore2.0/GlideSP,1.0,NEF,,3.23,4.412,2.844,104,6704,68,3,0.745,2.929,0.509,4.412,0.023,0.023,0.665,0.068
mk14,NNscore2.0/GlideSP,1.0,NEF,,5.03,7.945,5.007,578,36428,365,29,0.843,5.353,0.52,7.945,0.051,0.05,0.681,0.121
mmp13,NNscore2.0/GlideSP,1.0,NEF,,0.39,0.529,0.349,572,37772,378,2,0.257,0.346,0.497,0.529,-0.008,-0.008,0.679,0.021
mp2k1,NNscore2.0/GlideSP,1.0,NEF,,0.83,1.205,0.824,121,8271,83,1,0.451,0.821,0.499,1.205,-0.002,-0.002,0.547,0.028
nos1,NNscore2.0/GlideSP,1.0,NEF,,2.14,2.439,1.988,100,8150,82,2,0.668,2.013,0.505,2.439,0.011,0.011,0.53,0.046
nram,NNscore2.0/GlideSP,1.0,NEF,,1.78,3.175,2.04,98,6298,63,2,0.675,2.074,0.505,3.175,0.013,0.013,0.84,0.096
pa2ga,NNscore2.0/GlideSP,1.0,NEF,,0.0,0.0,0.0,99,5249,53,0,0.0,0.0,0.495,0.0,-0.014,-0.013,0.533,0.016
parp1,NNscore2.0/GlideSP,1.0,NEF,,8.09,13.399,8.06,508,30558,306,41,0.901,9.152,0.536,13.399,0.092,0.089,0.76,0.189
pde5a,NNscore2.0/GlideSP,1.0,NEF,,0.59,0.714,0.502,398,27948,280,2,0.332,0.498,0.497,0.714,-0.006,-0.006,0.598,0.022
pgh1,NNscore2.0/GlideSP,1.0,NEF,,2.7,4.545,2.563,195,10995,110,5,0.725,2.637,0.508,4.545,0.021,0.02,0.588,0.078
pgh2,NNscore2.0/GlideSP,1.0,NEF,,4.52,8.475,4.595,435,23585,236,20,0.831,4.928,0.518,8.475,0.05,0.047,0.678,0.123
plk1,NNscore2.0/GlideSP,1.0,NEF,,5.23,8.571,5.533,107,6907,70,6,0.856,5.958,0.523,8.571,0.058,0.056,0.633,0.097
pnph,NNscore2.0/GlideSP,1.0,NEF,,6.11,8.451,5.787,103,7053,71,6,0.862,6.229,0.524,8.451,0.059,0.058,0.775,0.15
ppara,NNscore2.0/GlideSP,1.0,NEF,,3.35,6.566,3.48,373,19772,198,13,0.785,3.655,0.513,6.566,0.035,0.033,0.743,0.125
ppard,NNscore2.0/GlideSP,1.0,NEF,,3.13,6.4,3.331,240,12490,125,8,0.777,3.49,0.512,6.4,0.033,0.031,0.72,0.078
pparg,NNscore2.0/GlideSP,1.0,NEF,,2.35,4.264,2.271,484,25784,258,11,0.7,2.328,0.506,4.264,0.018,0.017,0.727,0.091
prgr,NNscore2.0/GlideSP,1.0,NEF,,2.08,3.75,2.04,293,15943,160,6,0.675,2.081,0.505,3.75,0.014,0.014,0.676,0.078
ptn1,NNscore2.0/GlideSP,1.0,NEF,,1.34,2.703,1.534,130,7380,74,2,0.608,1.549,0.503,2.703,0.007,0.007,0.695,0.059
pur2,NNscore2.0/GlideSP,1.0,NEF,,0.0,0.0,0.0,50,2750,28,0,0.0,0.0,0.495,0.0,-0.014,-0.013,0.686,0.004
pygm,NNscore2.0/GlideSP,1.0,NEF,,1.72,2.439,1.276,77,4027,41,1,0.562,1.282,0.501,2.439,0.004,0.004,0.537,0.046
pyrd,NNscore2.0/GlideSP,1.0,NEF,,4.57,7.576,4.478,111,6561,66,5,0.826,4.763,0.518,7.576,0.046,0.044,0.707,0.124
reni,NNscore2.0/GlideSP,1.0,NEF,,0.52,1.408,0.956,104,7062,71,1,0.489,0.956,0.5,1.408,-0.001,-0.001,0.591,0.044
rock1,NNscore2.0/GlideSP,1.0,NEF,,0.99,1.562,1.0,100,6400,64,1,0.5,1.0,0.5,1.562,0.0,0.0,0.657,0.036
rxra,NNscore2.0/GlideSP,1.0,NEF,,4.82,8.451,4.568,131,7081,71,6,0.83,4.897,0.518,8.451,0.049,0.047,0.79,0.124
sahh,NNscore2.0/GlideSP,1.0,NEF,,11.16,19.444,10.843,63,3513,36,7,0.93,13.218,0.551,19.444,0.135,0.13,0.933,0.776
src,NNscore2.0/GlideSP,1.0,NEF,,0.86,1.425,0.952,524,35024,351,5,0.488,0.951,0.5,1.425,-0.001,-0.001,0.524,0.033
tgfr1,NNscore2.0/GlideSP,1.0,NEF,,8.88,13.793,8.953,133,8633,87,12,0.911,10.226,0.541,13.793,0.1,0.098,0.775,0.272
thb,NNscore2.0/GlideSP,1.0,NEF,,4.9,6.579,4.824,103,7553,76,5,0.836,5.094,0.52,6.579,0.045,0.045,0.747,0.151
thrb,NNscore2.0/GlideSP,1.0,NEF,,3.87,6.545,3.9,461,27465,275,18,0.804,4.103,0.515,6.545,0.038,0.037,0.723,0.113
try1,NNscore2.0/GlideSP,1.0,NEF,,1.21,1.887,1.111,449,26429,265,5,0.527,1.113,0.501,1.887,0.001,0.001,0.724,0.043
tryb1,NNscore2.0/GlideSP,1.0,NEF,,1.75,3.846,2.027,148,7798,78,3,0.674,2.068,0.505,3.846,0.014,0.014,0.741,0.042
tysy,NNscore2.0/GlideSP,1.0,NEF,,2.95,4.348,2.736,109,6859,69,3,0.738,2.815,0.509,4.348,0.022,0.022,0.631,0.123
urok,NNscore2.0/GlideSP,1.0,NEF,,0.33,0.99,0.612,162,10012,101,1,0.378,0.608,0.498,0.99,-0.005,-0.005,0.758,0.029
vgfr2,NNscore2.0/GlideSP,1.0,NEF,,2.62,4.331,2.685,409,25359,254,11,0.734,2.761,0.509,4.331,0.022,0.021,0.686,0.075
wee1,NNscore2.0/GlideSP,1.0,NEF,,27.43,44.444,27.242,102,6252,63,28,0.98,48.235,0.634,44.444,0.341,0.331,0.945,0.613
xiap,NNscore2.0/GlideSP,1.0,NEF,,4.61,9.434,4.953,100,5250,53,5,0.843,5.365,0.52,9.434,0.056,0.053,0.803,0.139
aa2ar,NNscore(ODDT)/GlideSP,1.0,NEF,,0.48,0.623,0.414,482,32032,321,2,0.291,0.41,0.497,0.623,-0.007,-0.007,0.47,0.012
abl1,NNscore(ODDT)/GlideSP,1.0,NEF,,0.68,0.909,0.546,182,10932,110,1,0.351,0.542,0.498,0.909,-0.006,-0.006,0.598,0.051
ace,NNscore(ODDT)/GlideSP,1.0,NEF,,5.67,9.302,5.668,282,17182,172,16,0.86,6.147,0.524,9.302,0.061,0.059,0.606,0.219
aces,NNscore(ODDT)/GlideSP,1.0,NEF,,2.3,3.731,2.2,453,26703,268,10,0.692,2.246,0.506,3.731,0.016,0.015,0.588,0.051
ada,NNscore(ODDT)/GlideSP,1.0,NEF,,0.75,1.786,1.064,93,5543,56,1,0.516,1.065,0.5,1.786,0.001,0.001,0.384,0.045
ada17,NNscore(ODDT)/GlideSP,1.0,NEF,,8.89,12.877,8.818,532,36432,365,47,0.909,9.974,0.54,12.877,0.096,0.094,0.747,0.211
adrb1,NNscore(ODDT)/GlideSP,1.0,NEF,,1.52,2.484,1.619,247,16097,161,4,0.62,1.635,0.503,2.484,0.008,0.008,0.537,0.037
adrb2,NNscore(ODDT)/GlideSP,1.0,NEF,,0.89,1.307,0.862,231,15231,153,2,0.462,0.86,0.499,1.307,-0.002,-0.002,0.572,0.044
akt1,NNscore(ODDT)/GlideSP,1.0,NEF,,0.48,0.595,0.34,293,16743,168,1,0.252,0.336,0.497,0.595,-0.009,-0.009,0.518,0.012
akt2,NNscore(ODDT)/GlideSP,1.0,NEF,,0.0,0.0,0.0,117,7017,71,0,0.0,0.0,0.495,0.0,-0.013,-0.013,0.519,0.001
aldr,NNscore(ODDT)/GlideSP,1.0,NEF,,1.82,3.261,1.878,159,9159,92,3,0.656,1.908,0.504,3.261,0.012,0.011,0.391,0.031
ampc,NNscore(ODDT)/GlideSP,1.0,NEF,,0.0,0.0,0.0,48,2898,29,0,0.0,0.0,0.495,0.0,-0.013,-0.013,0.409,0.0
andr,NNscore(ODDT)/GlideSP,1.0,NEF,,3.45,6.122,3.327,269,14619,147,9,0.777,3.479,0.512,6.122,0.032,0.031,0.625,0.118
aofb,NNscore(ODDT)/GlideSP,1.0,NEF,,0.6,1.408,0.811,122,7022,71,1,0.447,0.808,0.499,1.408,-0.003,-0.002,0.521,0.031
bace1,NNscore(ODDT)/GlideSP,1.0,NEF,,0.83,1.087,0.706,283,18383,184,2,0.413,0.703,0.499,1.087,-0.004,-0.004,0.536,0.029
braf,NNscore(ODDT)/GlideSP,1.0,NEF,,2.83,3.922,2.606,152,10102,102,4,0.728,2.672,0.508,3.922,0.02,0.02,0.705,0.067
cah2,NNscore(ODDT)/GlideSP,1.0,NEF,,1.83,2.839,1.827,492,31664,317,9,0.649,1.851,0.504,2.839,0.01,0.01,0.548,0.049
casp3,NNscore(ODDT)/GlideSP,1.0,NEF,,0.0,0.0,0.0,199,10899,109,0,0.0,0.0,0.495,0.0,-0.014,-0.013,0.454,0.009
cdk2,NNscore(ODDT)/GlideSP,1.0,NEF,,2.64,4.577,2.735,474,28324,284,13,0.738,2.819,0.509,4.577,0.023,0.022,0.539,0.064
comt,NNscore(ODDT)/GlideSP,1.0,NEF,,0.0,0.0,0.0,41,3891,39,0,0.0,0.0,0.495,0.0,-0.01,-0.01,0.568,0.0
cp2c9,NNscore(ODDT)/GlideSP,1.0,NEF,,2.74,3.947,2.49,120,7570,76,3,0.718,2.551,0.508,3.947,0.019,0.019,0.495,0.051
cp3a4,NNscore(ODDT)/GlideSP,1.0,NEF,,1.72,2.5,1.76,170,11970,120,3,0.64,1.78,0.504,2.5,0.009,0.009,0.501,0.04
csf1r,NNscore(ODDT)/GlideSP,1.0,NEF,,9.91,13.71,10.172,166,12316,124,17,0.921,11.629,0.547,13.71,0.108,0.107,0.695,0.194
cxcr4,NNscore(ODDT)/GlideSP,1.0,NEF,,0.0,0.0,0.0,40,3446,35,0,0.0,0.0,0.495,0.0,-0.011,-0.011,0.517,0.001
def,NNscore(ODDT)/GlideSP,1.0,NEF,,5.65,10.169,5.785,102,5802,59,6,0.864,6.326,0.525,10.169,0.065,0.062,0.849,0.195
dhi1,NNscore(ODDT)/GlideSP,1.0,NEF,,2.53,4.061,2.422,330,19680,197,8,0.713,2.482,0.507,4.061,0.019,0.018,0.663,0.08
dpp4,NNscore(ODDT)/GlideSP,1.0,NEF,,4.1,5.301,4.126,533,41483,415,22,0.811,4.301,0.516,5.301,0.036,0.036,0.606,0.097
drd3,NNscore(ODDT)/GlideSP,1.0,NEF,,0.69,0.867,0.624,480,34530,346,3,0.383,0.62,0.498,0.867,-0.004,-0.004,0.566,0.029
dyr,NNscore(ODDT)/GlideSP,1.0,NEF,,4.63,6.286,4.743,231,17431,175,11,0.833,4.994,0.519,6.286,0.044,0.043,0.563,0.136
egfr,NNscore(ODDT)/GlideSP,1.0,NEF,,1.81,2.809,1.845,542,35592,356,10,0.651,1.869,0.504,2.809,0.011,0.01,0.516,0.045
esr1,NNscore(ODDT)/GlideSP,1.0,NEF,,11.36,20.853,11.471,383,21068,211,44,0.934,14.23,0.553,20.853,0.143,0.137,0.688,0.291
esr2,NNscore(ODDT)/GlideSP,1.0,NEF,,11.45,20.388,11.425,367,20566,206,42,0.934,14.095,0.553,20.388,0.141,0.136,0.664,0.277
fa10,NNscore(ODDT)/GlideSP,1.0,NEF,,6.82,12.803,6.881,537,28862,289,37,0.886,7.745,0.53,12.803,0.081,0.078,0.804,0.251
fa7,NNscore(ODDT)/GlideSP,1.0,NEF,,10.18,18.75,10.467,114,6364,64,12,0.927,12.652,0.548,18.75,0.129,0.124,0.732,0.256
fabp4,NNscore(ODDT)/GlideSP,1.0,NEF,,0.0,0.0,0.0,47,2797,28,0,0.0,0.0,0.495,0.0,-0.013,-0.013,0.553,0.002
fak1,NNscore(ODDT)/GlideSP,1.0,NEF,,6.19,10.909,5.945,100,5450,55,6,0.868,6.551,0.525,10.909,0.068,0.065,0.416,0.128
fgfr1,NNscore(ODDT)/GlideSP,1.0,NEF,,0.0,0.0,0.0,139,8839,89,0,0.0,0.0,0.495,0.0,-0.013,-0.012,0.491,0.123
fkb1a,NNscore(ODDT)/GlideSP,1.0,NEF,,2.55,5.0,2.663,111,5911,60,3,0.733,2.75,0.509,5.0,0.023,0.022,0.532,0.091
fnta,NNscore(ODDT)/GlideSP,1.0,NEF,,6.06,6.91,6.08,592,52092,521,36,0.866,6.457,0.526,6.91,0.055,0.055,0.684,0.184
fpps,NNscore(ODDT)/GlideSP,1.0,NEF,,0.0,0.0,0.0,85,8935,90,0,0.0,0.0,0.495,0.0,-0.01,-0.01,0.579,0.003
gcr,NNscore(ODDT)/GlideSP,1.0,NEF,,1.2,1.961,1.16,258,15258,153,3,0.538,1.163,0.501,1.961,0.002,0.002,0.609,0.029
glcm,NNscore(ODDT)/GlideSP,1.0,NEF,,0.0,0.0,0.0,54,3854,39,0,0.0,0.0,0.495,0.0,-0.012,-0.012,0.62,0.079
gria2,NNscore(ODDT)/GlideSP,1.0,NEF,,0.0,0.0,0.0,158,12003,121,0,0.0,0.0,0.495,0.0,-0.012,-0.012,0.43,0.014
grik1,NNscore(ODDT)/GlideSP,1.0,NEF,,0.0,0.0,0.0,101,6651,67,0,0.0,0.0,0.495,0.0,-0.013,-0.012,0.48,0.011
hdac2,NNscore(ODDT)/GlideSP,1.0,NEF,,0.87,1.905,1.08,185,10485,105,2,0.519,1.081,0.5,1.905,0.001,0.001,0.664,0.026
hdac8,NNscore(ODDT)/GlideSP,1.0,NEF,,0.45,0.935,0.584,170,10620,107,1,0.367,0.58,0.498,0.935,-0.005,-0.005,0.678,0.029
hivint,NNscore(ODDT)/GlideSP,1.0,NEF,,0.47,0.0,0.0,100,6750,68,0,0.0,0.0,0.495,0.0,-0.012,-0.012,0.365,0.016
hivpr,NNscore(ODDT)/GlideSP,1.0,NEF,,2.15,3.306,2.238,536,36286,363,12,0.695,2.28,0.506,3.306,0.015,0.015,0.675,0.081
hivrt,NNscore(ODDT)/GlideSP,1.0,NEF,,1.09,2.073,1.179,338,19229,193,4,0.542,1.183,0.501,2.073,0.002,0.002,0.488,0.038
hmdh,NNscore(ODDT)/GlideSP,1.0,NEF,,3.67,6.667,3.498,170,8920,90,6,0.786,3.676,0.513,6.667,0.035,0.033,0.611,0.117
hs90a,NNscore(ODDT)/GlideSP,1.0,NEF,,0.0,0.0,0.0,88,4938,50,0,0.0,0.0,0.495,0.0,-0.014,-0.013,0.481,0.017
hxk4,NNscore(ODDT)/GlideSP,1.0,NEF,,0.0,0.0,0.0,92,4792,48,0,0.0,0.0,0.495,0.0,-0.014,-0.013,0.532,0.004
igf1r,NNscore(ODDT)/GlideSP,1.0,NEF,,0.44,1.053,0.672,148,9448,95,1,0.401,0.668,0.498,1.053,-0.004,-0.004,0.564,0.024
inha,NNscore(ODDT)/GlideSP,1.0,NEF,,0.0,0.0,0.0,43,2343,24,0,0.0,0.0,0.495,0.0,-0.014,-0.013,0.713,0.02
ital,NNscore(ODDT)/GlideSP,1.0,NEF,,4.8,8.046,5.036,138,8638,87,7,0.843,5.389,0.521,8.046,0.052,0.05,0.635,0.141
jak2,NNscore(ODDT)/GlideSP,1.0,NEF,,3.3,5.97,3.686,107,6607,67,4,0.794,3.857,0.514,5.97,0.035,0.034,0.626,0.11
kif11,NNscore(ODDT)/GlideSP,1.0,NEF,,0.51,1.429,0.858,116,6966,70,1,0.461,0.856,0.499,1.429,-0.002,-0.002,0.715,0.05
kit,NNscore(ODDT)/GlideSP,1.0,NEF,,0.8,0.935,0.598,166,10616,107,1,0.373,0.594,0.498,0.935,-0.005,-0.005,0.534,0.021
kith,NNscore(ODDT)/GlideSP,1.0,NEF,,2.26,3.333,1.7,57,2907,30,1,0.633,1.724,0.504,3.333,0.01,0.01,0.496,0.13
kpcb,NNscore(ODDT)/GlideSP,1.0,NEF,,1.27,2.247,1.471,135,8835,89,2,0.597,1.481,0.502,2.247,0.006,0.006,0.472,0.058
lck,NNscore(ODDT)/GlideSP,1.0,NEF,,2.21,3.226,2.137,420,27820,279,9,0.685,2.175,0.506,3.226,0.014,0.014,0.573,0.072
lkha4,NNscore(ODDT)/GlideSP,1.0,NEF,,2.49,4.124,2.32,171,9621,97,4,0.704,2.377,0.507,4.124,0.018,0.017,0.656,0.069
mapk2,NNscore(ODDT)/GlideSP,1.0,NEF,,0.97,1.587,0.982,101,6251,63,1,0.495,0.982,0.5,1.587,-0.0,-0.0,0.548,0.046
mcr,NNscore(ODDT)/GlideSP,1.0,NEF,,1.3,1.887,1.053,94,5244,53,1,0.513,1.054,0.5,1.887,0.001,0.001,0.735,0.047
met,NNscore(ODDT)/GlideSP,1.0,NEF,,6.58,9.565,6.578,166,11416,115,11,0.878,7.168,0.529,9.565,0.068,0.067,0.696,0.143
mk01,NNscore(ODDT)/GlideSP,1.0,NEF,,2.86,4.255,2.493,79,4629,47,2,0.719,2.56,0.508,4.255,0.02,0.019,0.654,0.101
mk10,NNscore(ODDT)/GlideSP,1.0,NEF,,1.08,1.471,0.948,104,6704,68,1,0.486,0.947,0.5,1.471,-0.001,-0.001,0.585,0.034
mk14,NNscore(ODDT)/GlideSP,1.0,NEF,,2.73,4.384,2.763,578,36428,365,16,0.74,2.844,0.509,4.384,0.023,0.022,0.562,0.065
mmp13,NNscore(ODDT)/GlideSP,1.0,NEF,,3.61,5.556,3.669,572,37772,378,21,0.793,3.826,0.514,5.556,0.033,0.033,0.66,0.094
mp2k1,NNscore(ODDT)/GlideSP,1.0,NEF,,0.0,0.0,0.0,121,8271,83,0,0.0,0.0,0.495,0.0,-0.012,-0.012,0.488,0.009
nos1,NNscore(ODDT)/GlideSP,1.0,NEF,,1.28,1.22,0.994,100,8150,82,1,0.498,0.994,0.5,1.22,-0.0,-0.0,0.59,0.045
nram,NNscore(ODDT)/GlideSP,1.0,NEF,,0.89,1.587,1.02,98,6298,63,1,0.505,1.02,0.5,1.587,0.0,0.0,0.758,0.032
pa2ga,NNscore(ODDT)/GlideSP,1.0,NEF,,5.54,11.321,6.002,99,5249,53,6,0.869,6.641,0.526,11.321,0.07,0.067,0.634,0.132
parp1,NNscore(ODDT)/GlideSP,1.0,NEF,,11.91,19.935,11.991,508,30558,306,61,0.936,14.728,0.556,19.935,0.144,0.139,0.731,0.268
pde5a,NNscore(ODDT)/GlideSP,1.0,NEF,,4.01,5.714,4.013,398,27948,280,16,0.808,4.195,0.515,5.714,0.036,0.036,0.672,0.101
pgh1,NNscore(ODDT)/GlideSP,1.0,NEF,,1.35,2.727,1.538,195,10995,110,3,0.608,1.553,0.503,2.727,0.007,0.007,0.487,0.028
pgh2,NNscore(ODDT)/GlideSP,1.0,NEF,,4.74,8.898,4.825,435,23585,236,21,0.839,5.198,0.519,8.898,0.053,0.05,0.643,0.124
plk1,NNscore(ODDT)/GlideSP,1.0,NEF,,6.53,10.0,6.455,107,6907,70,7,0.876,7.061,0.528,10.0,0.069,0.068,0.695,0.143
pnph,NNscore(ODDT)/GlideSP,1.0,NEF,,3.49,5.634,3.858,103,7053,71,4,0.801,4.028,0.515,5.634,0.035,0.034,0.721,0.114
ppara,NNscore(ODDT)/GlideSP,1.0,NEF,,2.04,4.04,2.142,373,19772,198,8,0.687,2.19,0.506,4.04,0.016,0.015,0.521,0.058
ppard,NNscore(ODDT)/GlideSP,1.0,NEF,,1.04,1.6,0.833,240,12490,125,2,0.454,0.83,0.499,1.6,-0.002,-0.002,0.429,0.027
pparg,NNscore(ODDT)/GlideSP,1.0,NEF,,0.97,1.938,1.032,484,25784,258,5,0.508,1.033,0.5,1.938,0.0,0.0,0.502,0.03
prgr,NNscore(ODDT)/GlideSP,1.0,NEF,,6.23,11.25,6.121,293,15943,160,18,0.871,6.771,0.526,11.25,0.071,0.067,0.708,0.167
ptn1,NNscore(ODDT)/GlideSP,1.0,NEF,,3.13,5.405,3.069,130,7380,74,4,0.761,3.187,0.511,5.405,0.028,0.027,0.537,0.123
pur2,NNscore(ODDT)/GlideSP,1.0,NEF,,0.0,0.0,0.0,50,2750,28,0,0.0,0.0,0.495,0.0,-0.014,-0.013,0.65,0.013
pygm,NNscore(ODDT)/GlideSP,1.0,NEF,,1.72,2.439,1.276,77,4027,41,1,0.562,1.282,0.501,2.439,0.004,0.004,0.532,0.06
pyrd,NNscore(ODDT)/GlideSP,1.0,NEF,,9.14,15.152,8.956,111,6561,66,10,0.912,10.376,0.541,15.152,0.105,0.102,0.702,0.193
reni,NNscore(ODDT)/GlideSP,1.0,NEF,,1.8,2.817,1.913,104,7062,71,2,0.66,1.939,0.505,2.817,0.011,0.011,0.506,0.068
rock1,NNscore(ODDT)/GlideSP,1.0,NEF,,0.49,0.0,0.0,100,6400,64,0,0.0,0.0,0.495,0.0,-0.013,-0.012,0.593,0.023
rxra,NNscore(ODDT)/GlideSP,1.0,NEF,,0.69,1.408,0.761,131,7081,71,1,0.431,0.758,0.499,1.408,-0.003,-0.003,0.756,0.046
sahh,NNscore(ODDT)/GlideSP,1.0,NEF,,0.0,0.0,0.0,63,3513,36,0,0.0,0.0,0.495,0.0,-0.014,-0.013,0.376,0.0
src,NNscore(ODDT)/GlideSP,1.0,NEF,,2.08,3.134,2.095,524,35024,351,11,0.681,2.13,0.506,3.134,0.014,0.013,0.543,0.055
tgfr1,NNscore(ODDT)/GlideSP,1.0,NEF,,0.0,0.0,0.0,133,8633,87,0,0.0,0.0,0.495,0.0,-0.013,-0.012,0.431,0.001
thb,NNscore(ODDT)/GlideSP,1.0,NEF,,3.06,3.947,2.895,103,7553,76,3,0.748,2.972,0.51,3.947,0.022,0.022,0.653,0.121
thrb,NNscore(ODDT)/GlideSP,1.0,NEF,,1.41,2.545,1.517,461,27465,275,7,0.605,1.53,0.503,2.545,0.007,0.007,0.513,0.045
try1,NNscore(ODDT)/GlideSP,1.0,NEF,,0.94,1.509,0.888,449,26429,265,4,0.47,0.887,0.499,1.509,-0.001,-0.001,0.559,0.032
tryb1,NNscore(ODDT)/GlideSP,1.0,NEF,,0.58,1.282,0.676,148,7798,78,1,0.402,0.671,0.498,1.282,-0.005,-0.004,0.628,0.038
tysy,NNscore(ODDT)/GlideSP,1.0,NEF,,1.31,1.449,0.912,109,6859,69,1,0.477,0.911,0.5,1.449,-0.001,-0.001,0.527,0.069
urok,NNscore(ODDT)/GlideSP,1.0,NEF,,0.33,0.99,0.612,162,10012,101,1,0.378,0.608,0.498,0.99,-0.005,-0.005,0.624,0.018
vgfr2,NNscore(ODDT)/GlideSP,1.0,NEF,,0.52,0.787,0.488,409,25359,254,2,0.326,0.484,0.497,0.787,-0.007,-0.006,0.464,0.015
wee1,NNscore(ODDT)/GlideSP,1.0,NEF,,24.55,39.683,24.323,102,6252,63,25,0.975,39.667,0.619,39.683,0.303,0.294,0.897,0.573
xiap,NNscore(ODDT)/GlideSP,1.0,NEF,,0.77,1.887,0.991,100,5250,53,1,0.498,0.99,0.5,1.887,-0.0,-0.0,0.599,0.024
aa2ar,RF-Scorev1(ODDT)/GlideSP,1.0,NEF,,0.24,0.312,0.207,482,32032,321,1,0.17,0.205,0.496,0.312,-0.01,-0.01,0.685,0.021
abl1,RF-Scorev1(ODDT)/GlideSP,1.0,NEF,,0.0,0.0,0.0,182,10932,110,0,0.0,0.0,0.495,0.0,-0.013,-0.013,0.727,0.027
ace,RF-Scorev1(ODDT)/GlideSP,1.0,NEF,,6.19,9.884,6.022,282,17182,172,17,0.868,6.573,0.526,9.884,0.065,0.063,0.575,0.23
aces,RF-Scorev1(ODDT)/GlideSP,1.0,NEF,,1.22,2.239,1.32,453,26703,268,6,0.57,1.327,0.502,2.239,0.004,0.004,0.567,0.046
ada,RF-Scorev1(ODDT)/GlideSP,1.0,NEF,,0.0,0.0,0.0,93,5543,56,0,0.0,0.0,0.495,0.0,-0.013,-0.013,0.589,0.013
ada17,RF-Scorev1(ODDT)/GlideSP,1.0,NEF,,0.11,0.274,0.188,532,36432,365,1,0.156,0.185,0.496,0.274,-0.01,-0.01,0.489,0.005
adrb1,RF-Scorev1(ODDT)/GlideSP,1.0,NEF,,4.56,6.832,4.453,247,16097,161,11,0.825,4.706,0.518,6.832,0.043,0.042,0.542,0.117
adrb2,RF-Scorev1(ODDT)/GlideSP,1.0,NEF,,2.46,3.922,2.586,231,15231,153,6,0.726,2.65,0.508,3.922,0.02,0.019,0.54,0.081
akt1,RF-Scorev1(ODDT)/GlideSP,1.0,NEF,,2.38,4.167,2.381,293,16743,168,7,0.709,2.441,0.507,4.167,0.019,0.018,0.657,0.055
akt2,RF-Scorev1(ODDT)/GlideSP,1.0,NEF,,0.53,1.408,0.845,117,7017,71,1,0.457,0.842,0.499,1.408,-0.002,-0.002,0.716,0.03
aldr,RF-Scorev1(ODDT)/GlideSP,1.0,NEF,,1.37,2.174,1.252,159,9159,92,2,0.557,1.258,0.501,2.174,0.003,0.003,0.504,0.031
ampc,RF-Scorev1(ODDT)/GlideSP,1.0,NEF,,1.58,3.448,2.082,48,2898,29,1,0.68,2.121,0.506,3.448,0.014,0.014,0.42,0.018
andr,RF-Scorev1(ODDT)/GlideSP,1.0,NEF,,6.9,12.925,7.024,269,14619,147,19,0.888,7.919,0.531,12.925,0.083,0.079,0.628,0.169
aofb,RF-Scorev1(ODDT)/GlideSP,1.0,NEF,,1.8,2.817,1.621,122,7022,71,2,0.621,1.639,0.503,2.817,0.008,0.008,0.499,0.051
bace1,RF-Scorev1(ODDT)/GlideSP,1.0,NEF,,5.17,8.152,5.295,283,18383,184,15,0.85,5.677,0.522,8.152,0.054,0.053,0.667,0.148
braf,RF-Scorev1(ODDT)/GlideSP,1.0,NEF,,1.21,1.961,1.303,152,10102,102,2,0.567,1.309,0.502,1.961,0.004,0.004,0.708,0.038
cah2,RF-Scorev1(ODDT)/GlideSP,1.0,NEF,,3.42,5.363,3.451,492,31664,317,17,0.782,3.59,0.512,5.363,0.031,0.03,0.436,0.078
casp3,RF-Scorev1(ODDT)/GlideSP,1.0,NEF,,0.0,0.0,0.0,199,10899,109,0,0.0,0.0,0.495,0.0,-0.014,-0.013,0.34,0.0
cdk2,RF-Scorev1(ODDT)/GlideSP,1.0,NEF,,0.38,0.704,0.421,474,28324,284,2,0.294,0.417,0.497,0.704,-0.008,-0.007,0.616,0.024
comt,RF-Scorev1(ODDT)/GlideSP,1.0,NEF,,0.0,0.0,0.0,41,3891,39,0,0.0,0.0,0.495,0.0,-0.01,-0.01,0.227,0.0
cp2c9,RF-Scorev1(ODDT)/GlideSP,1.0,NEF,,2.19,3.947,2.49,120,7570,76,3,0.718,2.551,0.508,3.947,0.019,0.019,0.573,0.061
cp3a4,RF-Scorev1(ODDT)/GlideSP,1.0,NEF,,1.43,1.667,1.174,170,11970,120,2,0.541,1.176,0.501,1.667,0.002,0.002,0.566,0.056
csf1r,RF-Scorev1(ODDT)/GlideSP,1.0,NEF,,3.54,4.839,3.59,166,12316,124,6,0.788,3.722,0.513,4.839,0.031,0.03,0.742,0.065
cxcr4,RF-Scorev1(ODDT)/GlideSP,1.0,NEF,,3.33,2.857,2.461,40,3446,35,1,0.715,2.504,0.508,2.857,0.016,0.016,0.636,0.091
def,RF-Scorev1(ODDT)/GlideSP,1.0,NEF,,3.14,5.085,2.892,102,5802,59,3,0.75,2.994,0.51,5.085,0.026,0.025,0.627,0.137
dhi1,RF-Scorev1(ODDT)/GlideSP,1.0,NEF,,0.39,0.508,0.303,330,19680,197,1,0.23,0.299,0.496,0.508,-0.009,-0.009,0.655,0.034
dpp4,RF-Scorev1(ODDT)/GlideSP,1.0,NEF,,1.03,1.205,0.938,533,41483,415,5,0.484,0.937,0.5,1.205,-0.001,-0.001,0.624,0.039
drd3,RF-Scorev1(ODDT)/GlideSP,1.0,NEF,,1.94,2.601,1.871,480,34530,346,9,0.655,1.894,0.504,2.601,0.01,0.01,0.545,0.057
dyr,RF-Scorev1(ODDT)/GlideSP,1.0,NEF,,0.36,0.571,0.431,231,17431,175,1,0.3,0.428,0.497,0.571,-0.007,-0.007,0.633,0.019
egfr,RF-Scorev1(ODDT)/GlideSP,1.0,NEF,,2.66,3.933,2.582,542,35592,356,14,0.726,2.647,0.508,3.933,0.02,0.019,0.65,0.066
esr1,RF-Scorev1(ODDT)/GlideSP,1.0,NEF,,22.06,40.284,22.16,383,21068,211,85,0.973,36.434,0.608,40.284,0.29,0.277,0.74,0.514
esr2,RF-Scorev1(ODDT)/GlideSP,1.0,NEF,,15.1,27.184,15.234,367,20566,206,56,0.954,20.548,0.573,27.184,0.193,0.185,0.718,0.355
fa10,RF-Scorev1(ODDT)/GlideSP,1.0,NEF,,2.27,4.152,2.232,537,28862,289,12,0.696,2.285,0.506,4.152,0.017,0.016,0.815,0.116
fa7,RF-Scorev1(ODDT)/GlideSP,1.0,NEF,,4.29,7.812,4.361,114,6364,64,5,0.823,4.646,0.517,7.812,0.046,0.044,0.834,0.167
fabp4,RF-Scorev1(ODDT)/GlideSP,1.0,NEF,,6.91,10.714,6.376,47,2797,28,3,0.875,7.021,0.527,10.714,0.071,0.068,0.649,0.176
fak1,RF-Scorev1(ODDT)/GlideSP,1.0,NEF,,0.0,0.0,0.0,100,5450,55,0,0.0,0.0,0.495,0.0,-0.014,-0.013,0.75,0.011
fgfr1,RF-Scorev1(ODDT)/GlideSP,1.0,NEF,,0.88,1.124,0.714,139,8839,89,1,0.416,0.711,0.499,1.124,-0.004,-0.004,0.518,0.469
fkb1a,RF-Scorev1(ODDT)/GlideSP,1.0,NEF,,0.0,0.0,0.0,111,5911,60,0,0.0,0.0,0.495,0.0,-0.014,-0.013,0.485,0.002
fnta,RF-Scorev1(ODDT)/GlideSP,1.0,NEF,,1.82,2.111,1.858,592,52092,521,11,0.652,1.876,0.504,2.111,0.009,0.009,0.668,0.051
fpps,RF-Scorev1(ODDT)/GlideSP,1.0,NEF,,0.0,0.0,0.0,85,8935,90,0,0.0,0.0,0.495,0.0,-0.01,-0.01,0.243,0.0
gcr,RF-Scorev1(ODDT)/GlideSP,1.0,NEF,,5.68,9.804,5.798,258,15258,153,15,0.863,6.32,0.524,9.804,0.063,0.061,0.683,0.181
glcm,RF-Scorev1(ODDT)/GlideSP,1.0,NEF,,0.0,0.0,0.0,54,3854,39,0,0.0,0.0,0.495,0.0,-0.012,-0.012,0.229,0.007
gria2,RF-Scorev1(ODDT)/GlideSP,1.0,NEF,,0.0,0.0,0.0,158,12003,121,0,0.0,0.0,0.495,0.0,-0.012,-0.012,0.609,0.011
grik1,RF-Scorev1(ODDT)/GlideSP,1.0,NEF,,0.65,1.493,0.983,101,6651,67,1,0.496,0.983,0.5,1.493,-0.0,-0.0,0.458,0.021
hdac2,RF-Scorev1(ODDT)/GlideSP,1.0,NEF,,4.33,7.619,4.318,185,10485,105,8,0.821,4.592,0.517,7.619,0.045,0.043,0.654,0.09
hdac8,RF-Scorev1(ODDT)/GlideSP,1.0,NEF,,2.23,3.738,2.335,170,10620,107,4,0.705,2.387,0.507,3.738,0.017,0.017,0.701,0.065
hivint,RF-Scorev1(ODDT)/GlideSP,1.0,NEF,,0.0,0.0,0.0,100,6750,68,0,0.0,0.0,0.495,0.0,-0.012,-0.012,0.425,0.006
hivpr,RF-Scorev1(ODDT)/GlideSP,1.0,NEF,,13.96,20.661,13.987,536,36286,363,75,0.946,17.369,0.566,20.661,0.16,0.157,0.714,0.395
hivrt,RF-Scorev1(ODDT)/GlideSP,1.0,NEF,,0.18,0.518,0.295,338,19229,193,1,0.225,0.291,0.496,0.518,-0.009,-0.009,0.513,0.017
hmdh,RF-Scorev1(ODDT)/GlideSP,1.0,NEF,,1.67,3.333,1.749,170,8920,90,3,0.64,1.775,0.504,3.333,0.011,0.01,0.537,0.059
hs90a,RF-Scorev1(ODDT)/GlideSP,1.0,NEF,,0.83,2.0,1.122,88,4938,50,1,0.529,1.125,0.501,2.0,0.002,0.002,0.538,0.025
hxk4,RF-Scorev1(ODDT)/GlideSP,1.0,NEF,,0.79,2.083,1.085,92,4792,48,1,0.521,1.087,0.5,2.083,0.001,0.001,0.643,0.02
igf1r,RF-Scorev1(ODDT)/GlideSP,1.0,NEF,,0.0,0.0,0.0,148,9448,95,0,0.0,0.0,0.495,0.0,-0.013,-0.012,0.628,0.01
inha,RF-Scorev1(ODDT)/GlideSP,1.0,NEF,,1.44,4.167,2.27,43,2343,24,1,0.699,2.326,0.507,4.167,0.018,0.017,0.631,0.024
ital,RF-Scorev1(ODDT)/GlideSP,1.0,NEF,,1.75,2.299,1.439,138,8638,87,2,0.592,1.449,0.502,2.299,0.006,0.005,0.486,0.043
jak2,RF-Scorev1(ODDT)/GlideSP,1.0,NEF,,3.3,5.97,3.686,107,6607,67,4,0.794,3.857,0.514,5.97,0.035,0.034,0.739,0.075
kif11,RF-Scorev1(ODDT)/GlideSP,1.0,NEF,,7.09,11.429,6.863,116,6966,70,8,0.884,7.62,0.53,11.429,0.077,0.074,0.688,0.204
kit,RF-Scorev1(ODDT)/GlideSP,1.0,NEF,,2.79,4.673,2.988,166,10616,107,5,0.755,3.086,0.51,4.673,0.025,0.025,0.684,0.076
kith,RF-Scorev1(ODDT)/GlideSP,1.0,NEF,,0.0,0.0,0.0,57,2907,30,0,0.0,0.0,0.495,0.0,-0.014,-0.014,0.328,0.002
kpcb,RF-Scorev1(ODDT)/GlideSP,1.0,NEF,,1.27,2.247,1.471,135,8835,89,2,0.597,1.481,0.502,2.247,0.006,0.006,0.542,0.04
lck,RF-Scorev1(ODDT)/GlideSP,1.0,NEF,,3.24,5.018,3.324,420,27820,279,14,0.775,3.447,0.512,5.018,0.029,0.028,0.625,0.075
lkha4,RF-Scorev1(ODDT)/GlideSP,1.0,NEF,,3.31,6.186,3.48,171,9621,97,6,0.785,3.644,0.513,6.186,0.034,0.032,0.605,0.114
mapk2,RF-Scorev1(ODDT)/GlideSP,1.0,NEF,,1.46,1.587,0.982,101,6251,63,1,0.495,0.982,0.5,1.587,-0.0,-0.0,0.633,0.057
mcr,RF-Scorev1(ODDT)/GlideSP,1.0,NEF,,9.12,16.981,9.473,94,5244,53,9,0.918,11.206,0.544,16.981,0.116,0.111,0.714,0.283
met,RF-Scorev1(ODDT)/GlideSP,1.0,NEF,,1.64,2.609,1.794,166,11416,115,3,0.645,1.815,0.504,2.609,0.01,0.01,0.763,0.067
mk01,RF-Scorev1(ODDT)/GlideSP,1.0,NEF,,0.0,0.0,0.0,79,4629,47,0,0.0,0.0,0.495,0.0,-0.013,-0.013,0.767,0.027
mk10,RF-Scorev1(ODDT)/GlideSP,1.0,NEF,,2.15,2.941,1.896,104,6704,68,2,0.658,1.923,0.505,2.941,0.011,0.011,0.73,0.079
mk14,RF-Scorev1(ODDT)/GlideSP,1.0,NEF,,1.75,2.74,1.727,578,36428,365,10,0.636,1.747,0.504,2.74,0.009,0.009,0.705,0.053
mmp13,RF-Scorev1(ODDT)/GlideSP,1.0,NEF,,0.0,0.0,0.0,572,37772,378,0,0.0,0.0,0.495,0.0,-0.012,-0.012,0.452,0.004
mp2k1,RF-Scorev1(ODDT)/GlideSP,1.0,NEF,,0.0,0.0,0.0,121,8271,83,0,0.0,0.0,0.495,0.0,-0.012,-0.012,0.539,0.013
nos1,RF-Scorev1(ODDT)/GlideSP,1.0,NEF,,1.28,1.22,0.994,100,8150,82,1,0.498,0.994,0.5,1.22,-0.0,-0.0,0.573,0.034
nram,RF-Scorev1(ODDT)/GlideSP,1.0,NEF,,0.0,0.0,0.0,98,6298,63,0,0.0,0.0,0.495,0.0,-0.013,-0.012,0.467,0.007
pa2ga,RF-Scorev1(ODDT)/GlideSP,1.0,NEF,,3.16,5.66,3.001,99,5249,53,3,0.757,3.121,0.51,5.66,0.028,0.027,0.678,0.071
parp1,RF-Scorev1(ODDT)/GlideSP,1.0,NEF,,0.54,0.98,0.59,508,30558,306,3,0.369,0.586,0.498,0.98,-0.005,-0.005,0.614,0.021
pde5a,RF-Scorev1(ODDT)/GlideSP,1.0,NEF,,0.3,0.357,0.251,398,27948,280,1,0.199,0.248,0.496,0.357,-0.009,-0.009,0.58,0.014
pgh1,RF-Scorev1(ODDT)/GlideSP,1.0,NEF,,0.0,0.0,0.0,195,10995,110,0,0.0,0.0,0.495,0.0,-0.014,-0.013,0.497,0.005
pgh2,RF-Scorev1(ODDT)/GlideSP,1.0,NEF,,0.0,0.0,0.0,435,23585,236,0,0.0,0.0,0.495,0.0,-0.014,-0.013,0.486,0.005
plk1,RF-Scorev1(ODDT)/GlideSP,1.0,NEF,,9.15,14.286,9.222,107,6907,70,10,0.914,10.592,0.542,14.286,0.104,0.102,0.745,0.208
pnph,RF-Scorev1(ODDT)/GlideSP,1.0,NEF,,4.8,7.042,4.822,103,7053,71,5,0.836,5.112,0.52,7.042,0.047,0.046,0.746,0.154
ppara,RF-Scorev1(ODDT)/GlideSP,1.0,NEF,,4.65,8.586,4.551,373,19772,198,17,0.83,4.885,0.518,8.586,0.05,0.047,0.696,0.179
ppard,RF-Scorev1(ODDT)/GlideSP,1.0,NEF,,2.78,5.6,2.914,240,12490,125,7,0.752,3.028,0.51,5.6,0.027,0.026,0.601,0.075
pparg,RF-Scorev1(ODDT)/GlideSP,1.0,NEF,,4.29,8.14,4.336,484,25784,258,21,0.822,4.632,0.517,8.14,0.046,0.044,0.649,0.142
prgr,RF-Scorev1(ODDT)/GlideSP,1.0,NEF,,6.82,12.5,6.802,293,15943,160,20,0.884,7.63,0.53,12.5,0.08,0.076,0.597,0.122
ptn1,RF-Scorev1(ODDT)/GlideSP,1.0,NEF,,8.93,16.216,9.206,130,7380,74,12,0.915,10.794,0.542,16.216,0.111,0.106,0.618,0.221
pur2,RF-Scorev1(ODDT)/GlideSP,1.0,NEF,,0.0,0.0,0.0,50,2750,28,0,0.0,0.0,0.495,0.0,-0.014,-0.013,0.798,0.243
pygm,RF-Scorev1(ODDT)/GlideSP,1.0,NEF,,0.0,0.0,0.0,77,4027,41,0,0.0,0.0,0.495,0.0,-0.014,-0.013,0.471,0.007
pyrd,RF-Scorev1(ODDT)/GlideSP,1.0,NEF,,1.52,3.03,1.791,111,6561,66,2,0.645,1.816,0.504,3.03,0.01,0.01,0.61,0.05
reni,RF-Scorev1(ODDT)/GlideSP,1.0,NEF,,2.06,2.817,1.913,104,7062,71,2,0.66,1.939,0.505,2.817,0.011,0.011,0.688,0.13
rock1,RF-Scorev1(ODDT)/GlideSP,1.0,NEF,,1.48,1.562,1.0,100,6400,64,1,0.5,1.0,0.5,1.562,0.0,0.0,0.638,0.042
rxra,RF-Scorev1(ODDT)/GlideSP,1.0,NEF,,15.82,29.577,15.988,131,7081,71,21,0.957,22.282,0.577,29.577,0.207,0.197,0.712,0.355
sahh,RF-Scorev1(ODDT)/GlideSP,1.0,NEF,,0.0,0.0,0.0,63,3513,36,0,0.0,0.0,0.495,0.0,-0.014,-0.013,0.445,0.008
src,RF-Scorev1(ODDT)/GlideSP,1.0,NEF,,0.86,1.425,0.952,524,35024,351,5,0.488,0.951,0.5,1.425,-0.001,-0.001,0.599,0.022
tgfr1,RF-Scorev1(ODDT)/GlideSP,1.0,NEF,,0.71,1.149,0.746,133,8633,87,1,0.426,0.743,0.499,1.149,-0.003,-0.003,0.682,0.026
thb,RF-Scorev1(ODDT)/GlideSP,1.0,NEF,,1.22,1.316,0.965,103,7553,76,1,0.491,0.964,0.5,1.316,-0.0,-0.0,0.639,0.106
thrb,RF-Scorev1(ODDT)/GlideSP,1.0,NEF,,1.41,2.545,1.517,461,27465,275,7,0.605,1.53,0.503,2.545,0.007,0.007,0.727,0.045
try1,RF-Scorev1(ODDT)/GlideSP,1.0,NEF,,2.68,4.528,2.665,449,26429,265,12,0.733,2.744,0.508,4.528,0.022,0.021,0.762,0.096
tryb1,RF-Scorev1(ODDT)/GlideSP,1.0,NEF,,10.49,20.513,10.808,148,7798,78,16,0.93,13.339,0.55,20.513,0.137,0.13,0.748,0.219
tysy,RF-Scorev1(ODDT)/GlideSP,1.0,NEF,,0.66,1.449,0.912,109,6859,69,1,0.477,0.911,0.5,1.449,-0.001,-0.001,0.555,0.067
urok,RF-Scorev1(ODDT)/GlideSP,1.0,NEF,,0.33,0.99,0.612,162,10012,101,1,0.378,0.608,0.498,0.99,-0.005,-0.005,0.665,0.019
vgfr2,RF-Scorev1(ODDT)/GlideSP,1.0,NEF,,2.97,4.724,2.929,409,25359,254,12,0.752,3.025,0.51,4.724,0.025,0.024,0.659,0.092
wee1,RF-Scorev1(ODDT)/GlideSP,1.0,NEF,,0.0,0.0,0.0,102,6252,63,0,0.0,0.0,0.495,0.0,-0.013,-0.013,0.762,0.023
xiap,RF-Scorev1(ODDT)/GlideSP,1.0,NEF,,9.21,16.981,8.915,100,5250,53,9,0.913,10.534,0.541,16.981,0.111,0.106,0.801,0.262
aa2ar,RF-Scorev2(ODDT)/GlideSP,1.0,NEF,,2.74,4.05,2.691,482,32032,321,13,0.734,2.763,0.509,4.05,0.021,0.021,0.764,0.114
abl1,RF-Scorev2(ODDT)/GlideSP,1.0,NEF,,4.1,7.273,4.368,182,10932,110,8,0.822,4.633,0.517,7.273,0.044,0.043,0.774,0.158
ace,RF-Scorev2(ODDT)/GlideSP,1.0,NEF,,8.3,13.372,8.147,282,17182,172,23,0.902,9.251,0.536,13.372,0.093,0.09,0.565,0.277
aces,RF-Scorev2(ODDT)/GlideSP,1.0,NEF,,2.45,4.104,2.419,453,26703,268,11,0.713,2.48,0.507,4.104,0.019,0.018,0.566,0.073
ada,RF-Scorev2(ODDT)/GlideSP,1.0,NEF,,1.88,3.571,2.129,93,5543,56,2,0.685,2.17,0.506,3.571,0.015,0.014,0.601,0.075
ada17,RF-Scorev2(ODDT)/GlideSP,1.0,NEF,,1.8,2.74,1.876,532,36432,365,10,0.655,1.901,0.504,2.74,0.011,0.011,0.607,0.056
adrb1,RF-Scorev2(ODDT)/GlideSP,1.0,NEF,,4.35,6.832,4.453,247,16097,161,11,0.825,4.706,0.518,6.832,0.043,0.042,0.566,0.119
adrb2,RF-Scorev2(ODDT)/GlideSP,1.0,NEF,,5.81,8.497,5.602,231,15231,153,13,0.858,6.03,0.523,8.497,0.058,0.056,0.559,0.165
akt1,RF-Scorev2(ODDT)/GlideSP,1.0,NEF,,6.68,11.905,6.803,293,16743,168,20,0.884,7.587,0.53,11.905,0.078,0.075,0.719,0.156
akt2,RF-Scorev2(ODDT)/GlideSP,1.0,NEF,,6.34,11.268,6.758,117,7017,71,8,0.882,7.489,0.53,11.268,0.076,0.073,0.748,0.162
aldr,RF-Scorev2(ODDT)/GlideSP,1.0,NEF,,1.82,3.261,1.878,159,9159,92,3,0.656,1.908,0.504,3.261,0.012,0.011,0.49,0.055
ampc,RF-Scorev2(ODDT)/GlideSP,1.0,NEF,,1.58,3.448,2.082,48,2898,29,1,0.68,2.121,0.506,3.448,0.014,0.014,0.411,0.029
andr,RF-Scorev2(ODDT)/GlideSP,1.0,NEF,,3.77,6.803,3.697,269,14619,147,10,0.796,3.894,0.514,6.803,0.037,0.036,0.674,0.125
aofb,RF-Scorev2(ODDT)/GlideSP,1.0,NEF,,1.2,1.408,0.811,122,7022,71,1,0.447,0.808,0.499,1.408,-0.003,-0.002,0.516,0.04
bace1,RF-Scorev2(ODDT)/GlideSP,1.0,NEF,,7.87,11.957,7.767,283,18383,184,22,0.897,8.686,0.534,11.957,0.085,0.083,0.664,0.195
braf,RF-Scorev2(ODDT)/GlideSP,1.0,NEF,,3.64,5.882,3.909,152,10102,102,6,0.804,4.091,0.515,5.882,0.036,0.036,0.808,0.121
cah2,RF-Scorev2(ODDT)/GlideSP,1.0,NEF,,6.96,10.726,6.903,492,31664,317,34,0.884,7.612,0.53,10.726,0.075,0.073,0.567,0.165
casp3,RF-Scorev2(ODDT)/GlideSP,1.0,NEF,,0.29,0.917,0.502,199,10899,109,1,0.332,0.498,0.497,0.917,-0.007,-0.007,0.401,0.008
cdk2,RF-Scorev2(ODDT)/GlideSP,1.0,NEF,,1.38,2.465,1.473,474,28324,284,7,0.598,1.485,0.502,2.465,0.006,0.006,0.692,0.057
comt,RF-Scorev2(ODDT)/GlideSP,1.0,NEF,,0.0,0.0,0.0,41,3891,39,0,0.0,0.0,0.495,0.0,-0.01,-0.01,0.196,0.0
cp2c9,RF-Scorev2(ODDT)/GlideSP,1.0,NEF,,3.84,6.579,4.15,120,7570,76,5,0.814,4.372,0.516,6.579,0.04,0.039,0.574,0.1
cp3a4,RF-Scorev2(ODDT)/GlideSP,1.0,NEF,,6.6,9.167,6.454,170,11970,120,11,0.875,7.005,0.528,9.167,0.066,0.065,0.648,0.177
csf1r,RF-Scorev2(ODDT)/GlideSP,1.0,NEF,,6.73,8.871,6.582,166,12316,124,11,0.877,7.125,0.528,8.871,0.066,0.065,0.777,0.177
cxcr4,RF-Scorev2(ODDT)/GlideSP,1.0,NEF,,3.33,2.857,2.461,40,3446,35,1,0.715,2.504,0.508,2.857,0.016,0.016,0.633,0.093
def,RF-Scorev2(ODDT)/GlideSP,1.0,NEF,,3.14,5.085,2.892,102,5802,59,3,0.75,2.994,0.51,5.085,0.026,0.025,0.63,0.113
dhi1,RF-Scorev2(ODDT)/GlideSP,1.0,NEF,,3.69,6.091,3.633,330,19680,197,12,0.792,3.803,0.513,6.091,0.035,0.033,0.635,0.09
dpp4,RF-Scorev2(ODDT)/GlideSP,1.0,NEF,,5.41,6.988,5.439,533,41483,415,29,0.852,5.772,0.522,6.988,0.051,0.051,0.66,0.129
drd3,RF-Scorev2(ODDT)/GlideSP,1.0,NEF,,2.29,3.179,2.287,480,34530,346,11,0.7,2.329,0.507,3.179,0.015,0.015,0.594,0.068
dyr,RF-Scorev2(ODDT)/GlideSP,1.0,NEF,,2.31,2.857,2.156,231,17431,175,5,0.687,2.19,0.506,2.857,0.013,0.013,0.678,0.057
egfr,RF-Scorev2(ODDT)/GlideSP,1.0,NEF,,6.77,10.393,6.825,542,35592,356,37,0.882,7.501,0.53,10.393,0.073,0.071,0.714,0.159
esr1,RF-Scorev2(ODDT)/GlideSP,1.0,NEF,,22.39,40.758,22.42,383,21068,211,86,0.974,37.157,0.609,40.758,0.293,0.28,0.743,0.53
esr2,RF-Scorev2(ODDT)/GlideSP,1.0,NEF,,17.7,31.553,17.682,367,20566,206,65,0.962,25.372,0.585,31.553,0.226,0.217,0.725,0.443
fa10,RF-Scorev2(ODDT)/GlideSP,1.0,NEF,,21.73,40.484,21.759,537,28862,289,117,0.973,35.88,0.606,40.484,0.287,0.274,0.885,0.686
fa7,RF-Scorev2(ODDT)/GlideSP,1.0,NEF,,10.18,18.75,10.467,114,6364,64,12,0.927,12.652,0.548,18.75,0.129,0.124,0.835,0.254
fabp4,RF-Scorev2(ODDT)/GlideSP,1.0,NEF,,6.91,10.714,6.376,47,2797,28,3,0.875,7.021,0.527,10.714,0.071,0.068,0.612,0.147
fak1,RF-Scorev2(ODDT)/GlideSP,1.0,NEF,,11.49,21.818,11.891,100,5450,55,12,0.937,14.93,0.556,21.818,0.15,0.144,0.82,0.223
fgfr1,RF-Scorev2(ODDT)/GlideSP,1.0,NEF,,1.75,2.247,1.429,139,8839,89,2,0.59,1.439,0.502,2.247,0.005,0.005,0.508,0.564
fkb1a,RF-Scorev2(ODDT)/GlideSP,1.0,NEF,,0.0,0.0,0.0,111,5911,60,0,0.0,0.0,0.495,0.0,-0.014,-0.013,0.469,0.002
fnta,RF-Scorev2(ODDT)/GlideSP,1.0,NEF,,7.88,9.021,7.938,592,52092,521,47,0.896,8.626,0.535,9.021,0.075,0.075,0.805,0.236
fpps,RF-Scorev2(ODDT)/GlideSP,1.0,NEF,,0.0,0.0,0.0,85,8935,90,0,0.0,0.0,0.495,0.0,-0.01,-0.01,0.204,0.0
gcr,RF-Scorev2(ODDT)/GlideSP,1.0,NEF,,5.08,8.497,5.025,258,15258,153,13,0.844,5.399,0.521,8.497,0.053,0.051,0.703,0.133
glcm,RF-Scorev2(ODDT)/GlideSP,1.0,NEF,,0.0,0.0,0.0,54,3854,39,0,0.0,0.0,0.495,0.0,-0.012,-0.012,0.376,0.0
gria2,RF-Scorev2(ODDT)/GlideSP,1.0,NEF,,0.34,0.826,0.628,158,12003,121,1,0.385,0.625,0.498,0.826,-0.004,-0.004,0.585,0.01
grik1,RF-Scorev2(ODDT)/GlideSP,1.0,NEF,,0.0,0.0,0.0,101,6651,67,0,0.0,0.0,0.495,0.0,-0.013,-0.012,0.42,0.018
hdac2,RF-Scorev2(ODDT)/GlideSP,1.0,NEF,,3.9,6.667,3.778,185,10485,105,7,0.799,3.977,0.514,6.667,0.037,0.036,0.613,0.087
hdac8,RF-Scorev2(ODDT)/GlideSP,1.0,NEF,,0.0,0.0,0.0,170,10620,107,0,0.0,0.0,0.495,0.0,-0.013,-0.013,0.665,0.007
hivint,RF-Scorev2(ODDT)/GlideSP,1.0,NEF,,0.0,0.0,0.0,100,6750,68,0,0.0,0.0,0.495,0.0,-0.012,-0.012,0.411,0.01
hivpr,RF-Scorev2(ODDT)/GlideSP,1.0,NEF,,13.74,20.386,13.801,536,36286,363,74,0.945,17.078,0.565,20.386,0.158,0.155,0.722,0.416
hivrt,RF-Scorev2(ODDT)/GlideSP,1.0,NEF,,0.54,1.036,0.59,338,19229,193,2,0.369,0.585,0.498,1.036,-0.006,-0.005,0.531,0.034
hmdh,RF-Scorev2(ODDT)/GlideSP,1.0,NEF,,0.33,1.111,0.583,170,8920,90,1,0.366,0.578,0.498,1.111,-0.006,-0.006,0.439,0.02
hs90a,RF-Scorev2(ODDT)/GlideSP,1.0,NEF,,1.66,2.0,1.122,88,4938,50,1,0.529,1.125,0.501,2.0,0.002,0.002,0.556,0.045
hxk4,RF-Scorev2(ODDT)/GlideSP,1.0,NEF,,2.36,4.167,2.17,92,4792,48,2,0.69,2.221,0.506,4.167,0.016,0.016,0.66,0.054
igf1r,RF-Scorev2(ODDT)/GlideSP,1.0,NEF,,10.64,16.842,10.752,148,9448,95,16,0.927,12.727,0.55,16.842,0.124,0.121,0.734,0.244
inha,RF-Scorev2(ODDT)/GlideSP,1.0,NEF,,2.87,4.167,2.27,43,2343,24,1,0.699,2.326,0.507,4.167,0.018,0.017,0.658,0.105
ital,RF-Scorev2(ODDT)/GlideSP,1.0,NEF,,4.8,8.046,5.036,138,8638,87,7,0.843,5.389,0.521,8.046,0.052,0.05,0.54,0.102
jak2,RF-Scorev2(ODDT)/GlideSP,1.0,NEF,,13.87,22.388,13.824,107,6607,67,15,0.946,17.523,0.566,22.388,0.167,0.162,0.819,0.275
kif11,RF-Scorev2(ODDT)/GlideSP,1.0,NEF,,11.65,20.0,12.01,116,6966,70,14,0.937,14.763,0.556,20.0,0.144,0.14,0.74,0.341
kit,RF-Scorev2(ODDT)/GlideSP,1.0,NEF,,7.57,12.15,7.77,166,10616,107,13,0.897,8.706,0.535,12.15,0.086,0.084,0.754,0.174
kith,RF-Scorev2(ODDT)/GlideSP,1.0,NEF,,0.75,0.0,0.0,57,2907,30,0,0.0,0.0,0.495,0.0,-0.014,-0.014,0.367,0.032
kpcb,RF-Scorev2(ODDT)/GlideSP,1.0,NEF,,13.52,20.225,13.236,135,8835,89,18,0.942,16.338,0.563,20.225,0.154,0.15,0.548,0.287
lck,RF-Scorev2(ODDT)/GlideSP,1.0,NEF,,14.01,21.147,14.007,420,27820,279,59,0.946,17.496,0.566,21.147,0.162,0.159,0.781,0.293
lkha4,RF-Scorev2(ODDT)/GlideSP,1.0,NEF,,5.8,10.309,5.8,171,9621,97,10,0.864,6.352,0.525,10.309,0.065,0.063,0.65,0.181
mapk2,RF-Scorev2(ODDT)/GlideSP,1.0,NEF,,0.49,0.0,0.0,101,6251,63,0,0.0,0.0,0.495,0.0,-0.013,-0.013,0.63,0.031
mcr,RF-Scorev2(ODDT)/GlideSP,1.0,NEF,,5.21,9.434,5.263,94,5244,53,5,0.851,5.707,0.522,9.434,0.058,0.056,0.828,0.205
met,RF-Scorev2(ODDT)/GlideSP,1.0,NEF,,18.9,27.826,19.136,166,11416,115,32,0.963,26.129,0.593,27.826,0.222,0.218,0.858,0.387
mk01,RF-Scorev2(ODDT)/GlideSP,1.0,NEF,,4.29,6.383,3.74,79,4629,47,3,0.797,3.927,0.514,6.383,0.037,0.035,0.803,0.126
mk10,RF-Scorev2(ODDT)/GlideSP,1.0,NEF,,5.92,8.824,5.688,104,6704,68,6,0.86,6.141,0.524,8.824,0.06,0.058,0.764,0.151
mk14,RF-Scorev2(ODDT)/GlideSP,1.0,NEF,,7.66,12.055,7.597,578,36428,365,44,0.895,8.502,0.534,12.055,0.084,0.082,0.713,0.168
mmp13,RF-Scorev2(ODDT)/GlideSP,1.0,NEF,,1.17,1.852,1.223,572,37772,378,7,0.551,1.227,0.501,1.852,0.003,0.003,0.567,0.058
mp2k1,RF-Scorev2(ODDT)/GlideSP,1.0,NEF,,0.0,0.0,0.0,121,8271,83,0,0.0,0.0,0.495,0.0,-0.012,-0.012,0.556,0.012
nos1,RF-Scorev2(ODDT)/GlideSP,1.0,NEF,,2.99,3.659,2.982,100,8150,82,3,0.754,3.057,0.51,3.659,0.022,0.022,0.617,0.072
nram,RF-Scorev2(ODDT)/GlideSP,1.0,NEF,,0.0,0.0,0.0,98,6298,63,0,0.0,0.0,0.495,0.0,-0.013,-0.012,0.571,0.0
pa2ga,RF-Scorev2(ODDT)/GlideSP,1.0,NEF,,6.33,11.321,6.002,99,5249,53,6,0.869,6.641,0.526,11.321,0.07,0.067,0.618,0.153
parp1,RF-Scorev2(ODDT)/GlideSP,1.0,NEF,,3.92,6.536,3.932,508,30558,306,20,0.805,4.137,0.515,6.536,0.038,0.037,0.672,0.087
pde5a,RF-Scorev2(ODDT)/GlideSP,1.0,NEF,,2.38,3.214,2.257,398,27948,280,9,0.697,2.299,0.506,3.214,0.015,0.015,0.645,0.055
pgh1,RF-Scorev2(ODDT)/GlideSP,1.0,NEF,,0.45,0.909,0.513,195,10995,110,1,0.337,0.508,0.498,0.909,-0.007,-0.006,0.537,0.029
pgh2,RF-Scorev2(ODDT)/GlideSP,1.0,NEF,,1.81,3.39,1.838,435,23585,236,8,0.651,1.867,0.504,3.39,0.012,0.011,0.548,0.051
plk1,RF-Scorev2(ODDT)/GlideSP,1.0,NEF,,15.68,24.286,15.677,107,6907,70,17,0.953,20.384,0.576,24.286,0.186,0.182,0.797,0.325
pnph,RF-Scorev2(ODDT)/GlideSP,1.0,NEF,,6.55,9.859,6.751,103,7053,71,7,0.881,7.38,0.529,9.859,0.071,0.069,0.731,0.197
ppara,RF-Scorev2(ODDT)/GlideSP,1.0,NEF,,6.69,12.626,6.693,373,19772,198,25,0.883,7.516,0.529,12.626,0.079,0.075,0.724,0.213
ppard,RF-Scorev2(ODDT)/GlideSP,1.0,NEF,,4.17,8.0,4.163,240,12490,125,10,0.816,4.438,0.516,8.0,0.045,0.042,0.64,0.101
pparg,RF-Scorev2(ODDT)/GlideSP,1.0,NEF,,8.02,15.116,8.053,484,25784,258,39,0.903,9.309,0.536,15.116,0.098,0.093,0.709,0.214
prgr,RF-Scorev2(ODDT)/GlideSP,1.0,NEF,,4.45,8.125,4.421,293,15943,160,13,0.825,4.724,0.517,8.125,0.047,0.045,0.676,0.11
ptn1,RF-Scorev2(ODDT)/GlideSP,1.0,NEF,,9.38,16.216,9.206,130,7380,74,12,0.915,10.794,0.542,16.216,0.111,0.106,0.678,0.303
pur2,RF-Scorev2(ODDT)/GlideSP,1.0,NEF,,0.99,3.571,1.964,50,2750,28,1,0.667,2.0,0.505,3.571,0.013,0.013,0.805,0.096
pygm,RF-Scorev2(ODDT)/GlideSP,1.0,NEF,,0.86,2.439,1.276,77,4027,41,1,0.562,1.282,0.501,2.439,0.004,0.004,0.526,0.032
pyrd,RF-Scorev2(ODDT)/GlideSP,1.0,NEF,,6.86,12.121,7.165,111,6561,66,8,0.889,8.015,0.532,12.121,0.082,0.079,0.685,0.117
reni,RF-Scorev2(ODDT)/GlideSP,1.0,NEF,,6.96,9.859,6.695,104,7062,71,7,0.88,7.318,0.529,9.859,0.07,0.069,0.743,0.305
rock1,RF-Scorev2(ODDT)/GlideSP,1.0,NEF,,6.9,10.938,7.0,100,6400,64,7,0.886,7.737,0.53,10.938,0.076,0.074,0.764,0.186
rxra,RF-Scorev2(ODDT)/GlideSP,1.0,NEF,,8.94,16.901,9.136,131,7081,71,12,0.915,10.791,0.542,16.901,0.112,0.107,0.813,0.258
sahh,RF-Scorev2(ODDT)/GlideSP,1.0,NEF,,1.68,2.778,1.549,63,3513,36,1,0.61,1.565,0.503,2.778,0.008,0.007,0.628,0.088
src,RF-Scorev2(ODDT)/GlideSP,1.0,NEF,,0.98,1.425,0.952,524,35024,351,5,0.488,0.951,0.5,1.425,-0.001,-0.001,0.68,0.041
tgfr1,RF-Scorev2(ODDT)/GlideSP,1.0,NEF,,2.13,3.448,2.238,133,8633,87,3,0.695,2.282,0.506,3.448,0.016,0.015,0.766,0.117
thb,RF-Scorev2(ODDT)/GlideSP,1.0,NEF,,3.06,3.947,2.895,103,7553,76,3,0.748,2.972,0.51,3.947,0.022,0.022,0.522,0.081
thrb,RF-Scorev2(ODDT)/GlideSP,1.0,NEF,,9.27,15.636,9.316,461,27465,275,43,0.916,10.857,0.542,15.636,0.109,0.106,0.797,0.264
try1,RF-Scorev2(ODDT)/GlideSP,1.0,NEF,,6.43,10.943,6.441,449,26429,265,29,0.877,7.11,0.528,10.943,0.072,0.069,0.78,0.185
tryb1,RF-Scorev2(ODDT)/GlideSP,1.0,NEF,,9.91,19.231,10.133,148,7798,78,15,0.925,12.307,0.547,19.231,0.128,0.121,0.762,0.198
tysy,RF-Scorev2(ODDT)/GlideSP,1.0,NEF,,9.52,14.493,9.12,109,6859,69,10,0.913,10.496,0.542,14.493,0.104,0.101,0.619,0.309
urok,RF-Scorev2(ODDT)/GlideSP,1.0,NEF,,2.31,3.96,2.448,162,10012,101,4,0.715,2.507,0.507,3.96,0.019,0.018,0.716,0.07
vgfr2,RF-Scorev2(ODDT)/GlideSP,1.0,NEF,,1.05,1.575,0.976,409,25359,254,4,0.494,0.976,0.5,1.575,-0.0,-0.0,0.635,0.034
wee1,RF-Scorev2(ODDT)/GlideSP,1.0,NEF,,30.32,49.206,30.161,102,6252,63,31,0.983,58.41,0.649,49.206,0.379,0.368,0.897,0.67
xiap,RF-Scorev2(ODDT)/GlideSP,1.0,NEF,,12.28,22.642,11.887,100,5250,53,12,0.938,15.073,0.556,22.642,0.153,0.146,0.799,0.296
aa2ar,RF-Scorev3(ODDT)/GlideSP,1.0,NEF,,4.65,6.854,4.555,482,32032,321,22,0.828,4.816,0.518,6.854,0.044,0.043,0.749,0.153
abl1,RF-Scorev3(ODDT)/GlideSP,1.0,NEF,,5.81,10.0,6.007,182,10932,110,11,0.868,6.563,0.526,10.0,0.066,0.064,0.754,0.162
ace,RF-Scorev3(ODDT)/GlideSP,1.0,NEF,,10.28,16.86,10.273,282,17182,172,29,0.924,12.153,0.547,16.86,0.12,0.117,0.608,0.359
aces,RF-Scorev3(ODDT)/GlideSP,1.0,NEF,,3.98,6.716,3.959,453,26703,268,18,0.807,4.172,0.515,6.716,0.039,0.038,0.567,0.112
ada,RF-Scorev3(ODDT)/GlideSP,1.0,NEF,,1.13,1.786,1.064,93,5543,56,1,0.516,1.065,0.5,1.786,0.001,0.001,0.587,0.041
ada17,RF-Scorev3(ODDT)/GlideSP,1.0,NEF,,1.48,2.192,1.501,532,36432,365,8,0.602,1.512,0.503,2.192,0.006,0.006,0.57,0.064
adrb1,RF-Scorev3(ODDT)/GlideSP,1.0,NEF,,4.56,6.832,4.453,247,16097,161,11,0.825,4.706,0.518,6.832,0.043,0.042,0.565,0.157
adrb2,RF-Scorev3(ODDT)/GlideSP,1.0,NEF,,8.94,13.725,9.05,231,15231,153,21,0.912,10.331,0.541,13.725,0.101,0.098,0.577,0.218
akt1,RF-Scorev3(ODDT)/GlideSP,1.0,NEF,,2.15,3.571,2.041,293,16743,168,6,0.675,2.079,0.505,3.571,0.014,0.013,0.728,0.064
akt2,RF-Scorev3(ODDT)/GlideSP,1.0,NEF,,4.23,7.042,4.224,117,7017,71,5,0.817,4.468,0.517,7.042,0.042,0.041,0.805,0.162
aldr,RF-Scorev3(ODDT)/GlideSP,1.0,NEF,,9.12,16.304,9.392,159,9159,92,15,0.917,11.027,0.543,16.304,0.112,0.108,0.522,0.195
ampc,RF-Scorev3(ODDT)/GlideSP,1.0,NEF,,0.0,0.0,0.0,48,2898,29,0,0.0,0.0,0.495,0.0,-0.013,-0.013,0.485,0.018
andr,RF-Scorev3(ODDT)/GlideSP,1.0,NEF,,2.82,5.442,2.958,269,14619,147,8,0.754,3.07,0.51,5.442,0.027,0.026,0.646,0.082
aofb,RF-Scorev3(ODDT)/GlideSP,1.0,NEF,,1.8,2.817,1.621,122,7022,71,2,0.621,1.639,0.503,2.817,0.008,0.008,0.522,0.051
bace1,RF-Scorev3(ODDT)/GlideSP,1.0,NEF,,5.59,8.696,5.648,283,18383,184,16,0.859,6.091,0.524,8.696,0.058,0.057,0.646,0.141
braf,RF-Scorev3(ODDT)/GlideSP,1.0,NEF,,2.83,3.922,2.606,152,10102,102,4,0.728,2.672,0.508,3.922,0.02,0.02,0.758,0.086
cah2,RF-Scorev3(ODDT)/GlideSP,1.0,NEF,,8.19,12.618,8.121,492,31664,317,40,0.901,9.149,0.536,12.618,0.09,0.088,0.626,0.182
casp3,RF-Scorev3(ODDT)/GlideSP,1.0,NEF,,0.57,0.917,0.502,199,10899,109,1,0.332,0.498,0.497,0.917,-0.007,-0.007,0.413,0.01
cdk2,RF-Scorev3(ODDT)/GlideSP,1.0,NEF,,1.13,1.761,1.052,474,28324,284,5,0.513,1.053,0.5,1.761,0.001,0.001,0.676,0.051
comt,RF-Scorev3(ODDT)/GlideSP,1.0,NEF,,0.0,0.0,0.0,41,3891,39,0,0.0,0.0,0.495,0.0,-0.01,-0.01,0.307,0.0
cp2c9,RF-Scorev3(ODDT)/GlideSP,1.0,NEF,,6.58,10.526,6.64,120,7570,76,8,0.88,7.304,0.529,10.526,0.072,0.07,0.555,0.128
cp3a4,RF-Scorev3(ODDT)/GlideSP,1.0,NEF,,4.3,5.833,4.107,170,11970,120,7,0.811,4.3,0.516,5.833,0.038,0.037,0.587,0.125
csf1r,RF-Scorev3(ODDT)/GlideSP,1.0,NEF,,12.39,16.935,12.565,166,12316,124,21,0.937,14.923,0.559,16.935,0.136,0.135,0.776,0.255
cxcr4,RF-Scorev3(ODDT)/GlideSP,1.0,NEF,,0.83,0.0,0.0,40,3446,35,0,0.0,0.0,0.495,0.0,-0.011,-0.011,0.666,0.043
def,RF-Scorev3(ODDT)/GlideSP,1.0,NEF,,0.0,0.0,0.0,102,5802,59,0,0.0,0.0,0.495,0.0,-0.014,-0.013,0.625,0.03
dhi1,RF-Scorev3(ODDT)/GlideSP,1.0,NEF,,4.08,6.599,3.935,330,19680,197,13,0.806,4.143,0.515,6.599,0.039,0.037,0.654,0.105
dpp4,RF-Scorev3(ODDT)/GlideSP,1.0,NEF,,4.85,6.265,4.876,533,41483,415,26,0.837,5.135,0.52,6.265,0.044,0.044,0.634,0.12
drd3,RF-Scorev3(ODDT)/GlideSP,1.0,NEF,,2.63,3.757,2.703,480,34530,346,13,0.735,2.769,0.509,3.757,0.02,0.02,0.59,0.075
dyr,RF-Scorev3(ODDT)/GlideSP,1.0,NEF,,1.07,1.143,0.862,231,17431,175,2,0.463,0.861,0.499,1.143,-0.002,-0.002,0.662,0.052
egfr,RF-Scorev3(ODDT)/GlideSP,1.0,NEF,,3.02,4.494,2.951,542,35592,356,16,0.753,3.043,0.51,4.494,0.024,0.024,0.681,0.093
esr1,RF-Scorev3(ODDT)/GlideSP,1.0,NEF,,27.24,49.289,27.113,383,21068,211,104,0.981,52.494,0.633,49.289,0.357,0.342,0.766,0.619
esr2,RF-Scorev3(ODDT)/GlideSP,1.0,NEF,,17.7,31.553,17.682,367,20566,206,65,0.962,25.372,0.585,31.553,0.226,0.217,0.763,0.458
fa10,RF-Scorev3(ODDT)/GlideSP,1.0,NEF,,19.96,37.024,19.899,537,28862,289,107,0.969,31.01,0.596,37.024,0.262,0.249,0.875,0.627
fa7,RF-Scorev3(ODDT)/GlideSP,1.0,NEF,,8.04,14.062,7.85,114,6364,64,9,0.9,8.971,0.535,14.062,0.093,0.089,0.856,0.238
fabp4,RF-Scorev3(ODDT)/GlideSP,1.0,NEF,,18.99,32.143,19.128,47,2797,28,9,0.965,27.716,0.592,32.143,0.238,0.23,0.641,0.392
fak1,RF-Scorev3(ODDT)/GlideSP,1.0,NEF,,8.84,16.364,8.918,100,5450,55,9,0.913,10.467,0.541,16.364,0.109,0.104,0.809,0.185
fgfr1,RF-Scorev3(ODDT)/GlideSP,1.0,NEF,,1.32,2.247,1.429,139,8839,89,2,0.59,1.439,0.502,2.247,0.005,0.005,0.506,0.409
fkb1a,RF-Scorev3(ODDT)/GlideSP,1.0,NEF,,0.0,0.0,0.0,111,5911,60,0,0.0,0.0,0.495,0.0,-0.014,-0.013,0.491,0.0
fnta,RF-Scorev3(ODDT)/GlideSP,1.0,NEF,,4.97,5.566,4.898,592,52092,521,29,0.837,5.128,0.52,5.566,0.042,0.042,0.727,0.148
fpps,RF-Scorev3(ODDT)/GlideSP,1.0,NEF,,0.0,0.0,0.0,85,8935,90,0,0.0,0.0,0.495,0.0,-0.01,-0.01,0.239,0.0
gcr,RF-Scorev3(ODDT)/GlideSP,1.0,NEF,,4.48,7.843,4.638,258,15258,153,12,0.832,4.948,0.519,7.843,0.048,0.046,0.714,0.131
glcm,RF-Scorev3(ODDT)/GlideSP,1.0,NEF,,0.0,0.0,0.0,54,3854,39,0,0.0,0.0,0.495,0.0,-0.012,-0.012,0.311,0.0
gria2,RF-Scorev3(ODDT)/GlideSP,1.0,NEF,,0.0,0.0,0.0,158,12003,121,0,0.0,0.0,0.495,0.0,-0.012,-0.012,0.552,0.005
grik1,RF-Scorev3(ODDT)/GlideSP,1.0,NEF,,1.3,1.493,0.983,101,6651,67,1,0.496,0.983,0.5,1.493,-0.0,-0.0,0.461,0.034
hdac2,RF-Scorev3(ODDT)/GlideSP,1.0,NEF,,5.2,9.524,5.398,185,10485,105,10,0.854,5.861,0.522,9.524,0.059,0.057,0.602,0.101
hdac8,RF-Scorev3(ODDT)/GlideSP,1.0,NEF,,0.0,0.0,0.0,170,10620,107,0,0.0,0.0,0.495,0.0,-0.013,-0.013,0.623,0.003
hivint,RF-Scorev3(ODDT)/GlideSP,1.0,NEF,,0.0,0.0,0.0,100,6750,68,0,0.0,0.0,0.495,0.0,-0.012,-0.012,0.414,0.006
hivpr,RF-Scorev3(ODDT)/GlideSP,1.0,NEF,,15.52,22.865,15.479,536,36286,363,83,0.952,19.771,0.574,22.865,0.178,0.175,0.732,0.442
hivrt,RF-Scorev3(ODDT)/GlideSP,1.0,NEF,,0.72,1.036,0.59,338,19229,193,2,0.369,0.585,0.498,1.036,-0.006,-0.005,0.522,0.03
hmdh,RF-Scorev3(ODDT)/GlideSP,1.0,NEF,,1.0,2.222,1.166,170,8920,90,2,0.539,1.17,0.501,2.222,0.002,0.002,0.486,0.028
hs90a,RF-Scorev3(ODDT)/GlideSP,1.0,NEF,,0.0,0.0,0.0,88,4938,50,0,0.0,0.0,0.495,0.0,-0.014,-0.013,0.609,0.035
hxk4,RF-Scorev3(ODDT)/GlideSP,1.0,NEF,,3.93,8.333,4.341,92,4792,48,4,0.823,4.644,0.517,8.333,0.047,0.045,0.672,0.1
igf1r,RF-Scorev3(ODDT)/GlideSP,1.0,NEF,,18.62,29.474,18.815,148,9448,95,28,0.963,26.261,0.591,29.474,0.227,0.221,0.771,0.347
inha,RF-Scorev3(ODDT)/GlideSP,1.0,NEF,,4.31,8.333,4.541,43,2343,24,2,0.829,4.863,0.518,8.333,0.049,0.047,0.676,0.103
ital,RF-Scorev3(ODDT)/GlideSP,1.0,NEF,,3.93,5.747,3.597,138,8638,87,5,0.79,3.756,0.513,5.747,0.033,0.032,0.505,0.088
jak2,RF-Scorev3(ODDT)/GlideSP,1.0,NEF,,11.89,19.403,11.981,107,6607,67,13,0.936,14.624,0.557,19.403,0.143,0.139,0.783,0.233
kif11,RF-Scorev3(ODDT)/GlideSP,1.0,NEF,,3.55,5.714,3.432,116,6966,70,4,0.782,3.579,0.512,5.714,0.032,0.031,0.678,0.125
kit,RF-Scorev3(ODDT)/GlideSP,1.0,NEF,,6.77,10.28,6.574,166,10616,107,11,0.878,7.213,0.529,10.28,0.071,0.069,0.738,0.163
kith,RF-Scorev3(ODDT)/GlideSP,1.0,NEF,,0.0,0.0,0.0,57,2907,30,0,0.0,0.0,0.495,0.0,-0.014,-0.014,0.351,0.013
kpcb,RF-Scorev3(ODDT)/GlideSP,1.0,NEF,,11.41,17.978,11.765,135,8835,89,16,0.934,14.125,0.555,17.978,0.135,0.132,0.565,0.268
lck,RF-Scorev3(ODDT)/GlideSP,1.0,NEF,,9.44,14.337,9.497,420,27820,279,40,0.916,10.919,0.543,14.337,0.106,0.104,0.752,0.206
lkha4,RF-Scorev3(ODDT)/GlideSP,1.0,NEF,,9.53,16.495,9.281,171,9621,97,16,0.916,10.916,0.542,16.495,0.112,0.108,0.672,0.274
mapk2,RF-Scorev3(ODDT)/GlideSP,1.0,NEF,,0.97,1.587,0.982,101,6251,63,1,0.495,0.982,0.5,1.587,-0.0,-0.0,0.639,0.078
mcr,RF-Scorev3(ODDT)/GlideSP,1.0,NEF,,1.3,1.887,1.053,94,5244,53,1,0.513,1.054,0.5,1.887,0.001,0.001,0.749,0.079
met,RF-Scorev3(ODDT)/GlideSP,1.0,NEF,,22.6,33.043,22.724,166,11416,115,38,0.971,33.445,0.611,33.043,0.266,0.262,0.851,0.47
mk01,RF-Scorev3(ODDT)/GlideSP,1.0,NEF,,1.43,2.128,1.247,79,4629,47,1,0.556,1.252,0.501,2.128,0.003,0.003,0.741,0.089
mk10,RF-Scorev3(ODDT)/GlideSP,1.0,NEF,,2.69,4.412,2.844,104,6704,68,3,0.745,2.929,0.509,4.412,0.023,0.023,0.736,0.135
mk14,RF-Scorev3(ODDT)/GlideSP,1.0,NEF,,6.89,10.959,6.907,578,36428,365,40,0.884,7.634,0.53,10.959,0.075,0.073,0.678,0.165
mmp13,RF-Scorev3(ODDT)/GlideSP,1.0,NEF,,0.88,1.323,0.873,572,37772,378,5,0.466,0.872,0.499,1.323,-0.002,-0.002,0.554,0.025
mp2k1,RF-Scorev3(ODDT)/GlideSP,1.0,NEF,,0.0,0.0,0.0,121,8271,83,0,0.0,0.0,0.495,0.0,-0.012,-0.012,0.515,0.015
nos1,RF-Scorev3(ODDT)/GlideSP,1.0,NEF,,1.28,1.22,0.994,100,8150,82,1,0.498,0.994,0.5,1.22,-0.0,-0.0,0.596,0.045
nram,RF-Scorev3(ODDT)/GlideSP,1.0,NEF,,0.0,0.0,0.0,98,6298,63,0,0.0,0.0,0.495,0.0,-0.013,-0.012,0.529,0.0
pa2ga,RF-Scorev3(ODDT)/GlideSP,1.0,NEF,,4.75,9.434,5.002,99,5249,53,5,0.844,5.419,0.521,9.434,0.056,0.053,0.593,0.1
parp1,RF-Scorev3(ODDT)/GlideSP,1.0,NEF,,4.74,7.843,4.718,508,30558,306,24,0.834,5.034,0.519,7.843,0.049,0.047,0.647,0.117
pde5a,RF-Scorev3(ODDT)/GlideSP,1.0,NEF,,2.82,3.929,2.759,398,27948,280,11,0.739,2.831,0.509,3.929,0.021,0.021,0.637,0.072
pgh1,RF-Scorev3(ODDT)/GlideSP,1.0,NEF,,1.8,3.636,2.05,195,10995,110,4,0.676,2.09,0.505,3.636,0.014,0.014,0.59,0.044
pgh2,RF-Scorev3(ODDT)/GlideSP,1.0,NEF,,2.03,3.814,2.068,435,23585,236,9,0.678,2.11,0.505,3.814,0.015,0.014,0.595,0.061
plk1,RF-Scorev3(ODDT)/GlideSP,1.0,NEF,,13.07,20.0,12.91,107,6907,70,14,0.941,15.888,0.561,20.0,0.151,0.148,0.763,0.329
pnph,RF-Scorev3(ODDT)/GlideSP,1.0,NEF,,7.42,11.268,7.716,103,7053,71,8,0.895,8.568,0.534,11.268,0.082,0.081,0.755,0.213
ppara,RF-Scorev3(ODDT)/GlideSP,1.0,NEF,,7.44,14.141,7.496,373,19772,198,28,0.895,8.566,0.533,14.141,0.091,0.086,0.723,0.233
ppard,RF-Scorev3(ODDT)/GlideSP,1.0,NEF,,4.17,8.0,4.163,240,12490,125,10,0.816,4.438,0.516,8.0,0.045,0.042,0.667,0.105
pparg,RF-Scorev3(ODDT)/GlideSP,1.0,NEF,,7.61,14.341,7.64,484,25784,258,37,0.897,8.752,0.534,14.341,0.092,0.088,0.683,0.209
prgr,RF-Scorev3(ODDT)/GlideSP,1.0,NEF,,4.74,8.75,4.761,293,15943,160,14,0.837,5.122,0.519,8.75,0.052,0.049,0.659,0.106
ptn1,RF-Scorev3(ODDT)/GlideSP,1.0,NEF,,15.63,27.027,15.343,130,7380,74,20,0.954,20.655,0.573,27.027,0.193,0.186,0.731,0.401
pur2,RF-Scorev3(ODDT)/GlideSP,1.0,NEF,,0.99,3.571,1.964,50,2750,28,1,0.667,2.0,0.505,3.571,0.013,0.013,0.794,0.094
pygm,RF-Scorev3(ODDT)/GlideSP,1.0,NEF,,0.0,0.0,0.0,77,4027,41,0,0.0,0.0,0.495,0.0,-0.014,-0.013,0.485,0.006
pyrd,RF-Scorev3(ODDT)/GlideSP,1.0,NEF,,10.67,18.182,10.747,111,6561,66,12,0.928,12.913,0.55,18.182,0.129,0.125,0.713,0.226
reni,RF-Scorev3(ODDT)/GlideSP,1.0,NEF,,7.21,11.268,7.651,104,7062,71,8,0.895,8.496,0.534,11.268,0.082,0.08,0.748,0.368
rock1,RF-Scorev3(ODDT)/GlideSP,1.0,NEF,,4.93,7.812,5.0,100,6400,64,5,0.842,5.339,0.52,7.812,0.051,0.049,0.711,0.157
rxra,RF-Scorev3(ODDT)/GlideSP,1.0,NEF,,19.26,35.211,19.033,131,7081,71,25,0.966,28.833,0.592,35.211,0.249,0.238,0.855,0.482
sahh,RF-Scorev3(ODDT)/GlideSP,1.0,NEF,,0.56,0.0,0.0,63,3513,36,0,0.0,0.0,0.495,0.0,-0.014,-0.013,0.524,0.042
src,RF-Scorev3(ODDT)/GlideSP,1.0,NEF,,0.49,0.855,0.571,524,35024,351,3,0.362,0.568,0.498,0.855,-0.005,-0.005,0.66,0.025
tgfr1,RF-Scorev3(ODDT)/GlideSP,1.0,NEF,,3.2,4.598,2.984,133,8633,87,4,0.755,3.08,0.51,4.598,0.025,0.024,0.739,0.111
thb,RF-Scorev3(ODDT)/GlideSP,1.0,NEF,,11.02,14.474,10.614,103,7553,76,11,0.924,12.24,0.549,14.474,0.114,0.113,0.762,0.327
thrb,RF-Scorev3(ODDT)/GlideSP,1.0,NEF,,4.46,7.636,4.55,461,27465,275,21,0.829,4.843,0.518,7.636,0.047,0.045,0.773,0.145
try1,RF-Scorev3(ODDT)/GlideSP,1.0,NEF,,5.36,9.057,5.331,449,26429,265,24,0.852,5.762,0.522,9.057,0.057,0.055,0.799,0.164
tryb1,RF-Scorev3(ODDT)/GlideSP,1.0,NEF,,2.91,5.128,2.702,148,7798,78,4,0.736,2.794,0.509,5.128,0.024,0.023,0.734,0.081
tysy,RF-Scorev3(ODDT)/GlideSP,1.0,NEF,,12.8,20.29,12.768,109,6859,69,14,0.94,15.763,0.56,20.29,0.151,0.147,0.661,0.4
urok,RF-Scorev3(ODDT)/GlideSP,1.0,NEF,,1.98,2.97,1.836,162,10012,101,3,0.651,1.861,0.504,2.97,0.011,0.011,0.723,0.075
vgfr2,RF-Scorev3(ODDT)/GlideSP,1.0,NEF,,2.45,3.937,2.441,409,25359,254,10,0.714,2.5,0.507,3.937,0.019,0.018,0.694,0.091
wee1,RF-Scorev3(ODDT)/GlideSP,1.0,NEF,,43.32,71.429,43.782,102,6252,63,45,0.993,150.735,0.719,71.429,0.556,0.54,0.894,0.84
xiap,RF-Scorev3(ODDT)/GlideSP,1.0,NEF,,6.14,11.321,5.943,100,5250,53,6,0.868,6.574,0.525,11.321,0.07,0.066,0.831,0.177
aa2ar,PLECRF(ODDT)/GlideSP,1.0,NEF,,4.53,6.854,4.555,482,32032,321,22,0.828,4.816,0.518,6.854,0.044,0.043,0.561,0.11
abl1,PLECRF(ODDT)/GlideSP,1.0,NEF,,13.68,22.727,13.651,182,10932,110,25,0.946,17.372,0.565,22.727,0.166,0.161,0.813,0.374
ace,PLECRF(ODDT)/GlideSP,1.0,NEF,,7.12,11.628,7.085,282,17182,172,20,0.887,7.885,0.531,11.628,0.079,0.077,0.64,0.25
aces,PLECRF(ODDT)/GlideSP,1.0,NEF,,3.98,6.716,3.959,453,26703,268,18,0.807,4.172,0.515,6.716,0.039,0.038,0.658,0.102
ada,PLECRF(ODDT)/GlideSP,1.0,NEF,,0.0,0.0,0.0,93,5543,56,0,0.0,0.0,0.495,0.0,-0.013,-0.013,0.377,0.026
ada17,PLECRF(ODDT)/GlideSP,1.0,NEF,,10.15,14.795,10.131,532,36432,365,54,0.921,11.717,0.546,14.795,0.112,0.11,0.778,0.245
adrb1,PLECRF(ODDT)/GlideSP,1.0,NEF,,0.87,1.242,0.81,247,16097,161,2,0.447,0.807,0.499,1.242,-0.002,-0.002,0.602,0.025
adrb2,PLECRF(ODDT)/GlideSP,1.0,NEF,,0.89,1.307,0.862,231,15231,153,2,0.462,0.86,0.499,1.307,-0.002,-0.002,0.599,0.031
akt1,PLECRF(ODDT)/GlideSP,1.0,NEF,,5.72,10.119,5.782,293,16743,168,17,0.863,6.321,0.524,10.119,0.064,0.062,0.598,0.151
akt2,PLECRF(ODDT)/GlideSP,1.0,NEF,,2.64,4.225,2.534,117,7017,71,3,0.722,2.602,0.508,4.225,0.02,0.02,0.643,0.072
aldr,PLECRF(ODDT)/GlideSP,1.0,NEF,,0.0,0.0,0.0,159,9159,92,0,0.0,0.0,0.495,0.0,-0.013,-0.013,0.429,0.004
ampc,PLECRF(ODDT)/GlideSP,1.0,NEF,,0.0,0.0,0.0,48,2898,29,0,0.0,0.0,0.495,0.0,-0.013,-0.013,0.394,0.0
andr,PLECRF(ODDT)/GlideSP,1.0,NEF,,10.98,20.408,11.091,269,14619,147,30,0.932,13.678,0.552,20.408,0.139,0.133,0.61,0.287
aofb,PLECRF(ODDT)/GlideSP,1.0,NEF,,0.0,0.0,0.0,122,7022,71,0,0.0,0.0,0.495,0.0,-0.013,-0.013,0.423,0.008
bace1,PLECRF(ODDT)/GlideSP,1.0,NEF,,1.66,2.717,1.765,283,18383,184,5,0.641,1.787,0.504,2.717,0.01,0.009,0.632,0.066
braf,PLECRF(ODDT)/GlideSP,1.0,NEF,,24.7,37.255,24.76,152,10102,102,38,0.975,38.867,0.622,37.255,0.297,0.291,0.811,0.489
cah2,PLECRF(ODDT)/GlideSP,1.0,NEF,,3.79,5.994,3.857,492,31664,317,19,0.802,4.04,0.515,5.994,0.036,0.035,0.622,0.104
casp3,PLECRF(ODDT)/GlideSP,1.0,NEF,,0.57,0.917,0.502,199,10899,109,1,0.332,0.498,0.497,0.917,-0.007,-0.007,0.551,0.02
cdk2,PLECRF(ODDT)/GlideSP,1.0,NEF,,8.79,14.789,8.837,474,28324,284,42,0.911,10.197,0.54,14.789,0.103,0.1,0.651,0.2
comt,PLECRF(ODDT)/GlideSP,1.0,NEF,,0.0,0.0,0.0,41,3891,39,0,0.0,0.0,0.495,0.0,-0.01,-0.01,0.632,0.0
cp2c9,PLECRF(ODDT)/GlideSP,1.0,NEF,,2.74,3.947,2.49,120,7570,76,3,0.718,2.551,0.508,3.947,0.019,0.019,0.568,0.065
cp3a4,PLECRF(ODDT)/GlideSP,1.0,NEF,,2.01,2.5,1.76,170,11970,120,3,0.64,1.78,0.504,2.5,0.009,0.009,0.584,0.065
csf1r,PLECRF(ODDT)/GlideSP,1.0,NEF,,16.29,21.774,16.155,166,12316,124,27,0.953,20.373,0.577,21.774,0.179,0.177,0.763,0.352
cxcr4,PLECRF(ODDT)/GlideSP,1.0,NEF,,0.83,0.0,0.0,40,3446,35,0,0.0,0.0,0.495,0.0,-0.011,-0.011,0.712,0.09
def,PLECRF(ODDT)/GlideSP,1.0,NEF,,2.51,5.085,2.892,102,5802,59,3,0.75,2.994,0.51,5.085,0.026,0.025,0.723,0.109
dhi1,PLECRF(ODDT)/GlideSP,1.0,NEF,,4.67,7.614,4.541,330,19680,197,15,0.829,4.833,0.518,7.614,0.046,0.045,0.75,0.129
dpp4,PLECRF(ODDT)/GlideSP,1.0,NEF,,13.8,17.831,13.878,533,41483,415,74,0.943,16.673,0.565,17.831,0.148,0.147,0.601,0.308
drd3,PLECRF(ODDT)/GlideSP,1.0,NEF,,3.2,4.335,3.119,480,34530,346,15,0.763,3.215,0.511,4.335,0.025,0.025,0.644,0.096
dyr,PLECRF(ODDT)/GlideSP,1.0,NEF,,0.36,0.571,0.431,231,17431,175,1,0.3,0.428,0.497,0.571,-0.007,-0.007,0.466,0.023
egfr,PLECRF(ODDT)/GlideSP,1.0,NEF,,18.14,27.528,18.077,542,35592,356,98,0.961,24.564,0.587,27.528,0.213,0.209,0.746,0.393
esr1,PLECRF(ODDT)/GlideSP,1.0,NEF,,27.41,49.763,27.374,383,21068,211,105,0.982,53.498,0.635,49.763,0.361,0.345,0.805,0.592
esr2,PLECRF(ODDT)/GlideSP,1.0,NEF,,18.74,33.495,18.77,367,20566,206,69,0.965,27.72,0.591,33.495,0.241,0.231,0.81,0.469
fa10,PLECRF(ODDT)/GlideSP,1.0,NEF,,22.87,42.561,22.875,537,28862,289,123,0.975,39.083,0.612,42.561,0.303,0.289,0.855,0.71
fa7,PLECRF(ODDT)/GlideSP,1.0,NEF,,4.29,7.812,4.361,114,6364,64,5,0.823,4.646,0.517,7.812,0.046,0.044,0.736,0.142
fabp4,PLECRF(ODDT)/GlideSP,1.0,NEF,,0.0,0.0,0.0,47,2797,28,0,0.0,0.0,0.495,0.0,-0.013,-0.013,0.578,0.001
fak1,PLECRF(ODDT)/GlideSP,1.0,NEF,,18.56,34.545,18.827,100,5450,55,19,0.966,28.236,0.592,34.545,0.246,0.235,0.79,0.339
fgfr1,PLECRF(ODDT)/GlideSP,1.0,NEF,,1.32,2.247,1.429,139,8839,89,2,0.59,1.439,0.502,2.247,0.005,0.005,0.541,0.406
fkb1a,PLECRF(ODDT)/GlideSP,1.0,NEF,,1.09,1.667,0.888,111,5911,60,1,0.47,0.886,0.499,1.667,-0.002,-0.002,0.693,0.097
fnta,PLECRF(ODDT)/GlideSP,1.0,NEF,,7.88,9.021,7.938,592,52092,521,47,0.896,8.626,0.535,9.021,0.075,0.075,0.695,0.216
fpps,PLECRF(ODDT)/GlideSP,1.0,NEF,,0.48,0.0,0.0,85,8935,90,0,0.0,0.0,0.495,0.0,-0.01,-0.01,0.441,0.01
gcr,PLECRF(ODDT)/GlideSP,1.0,NEF,,6.28,10.458,6.185,258,15258,153,16,0.872,6.79,0.526,10.458,0.068,0.066,0.728,0.161
glcm,PLECRF(ODDT)/GlideSP,1.0,NEF,,0.64,0.0,0.0,54,3854,39,0,0.0,0.0,0.495,0.0,-0.012,-0.012,0.498,0.032
gria2,PLECRF(ODDT)/GlideSP,1.0,NEF,,0.34,0.826,0.628,158,12003,121,1,0.385,0.625,0.498,0.826,-0.004,-0.004,0.436,0.011
grik1,PLECRF(ODDT)/GlideSP,1.0,NEF,,0.65,1.493,0.983,101,6651,67,1,0.496,0.983,0.5,1.493,-0.0,-0.0,0.43,0.012
hdac2,PLECRF(ODDT)/GlideSP,1.0,NEF,,1.3,1.905,1.08,185,10485,105,2,0.519,1.081,0.5,1.905,0.001,0.001,0.559,0.042
hdac8,PLECRF(ODDT)/GlideSP,1.0,NEF,,0.0,0.0,0.0,170,10620,107,0,0.0,0.0,0.495,0.0,-0.013,-0.013,0.541,0.004
hivint,PLECRF(ODDT)/GlideSP,1.0,NEF,,1.42,1.471,0.993,100,6750,68,1,0.498,0.993,0.5,1.471,-0.0,-0.0,0.462,0.048
hivpr,PLECRF(ODDT)/GlideSP,1.0,NEF,,10.32,15.152,10.257,536,36286,363,55,0.923,11.91,0.547,15.152,0.114,0.112,0.742,0.293
hivrt,PLECRF(ODDT)/GlideSP,1.0,NEF,,2.72,4.663,2.653,338,19229,193,9,0.732,2.734,0.508,4.663,0.022,0.021,0.46,0.087
hmdh,PLECRF(ODDT)/GlideSP,1.0,NEF,,11.02,21.111,11.077,170,8920,90,19,0.932,13.774,0.552,21.111,0.142,0.135,0.654,0.299
hs90a,PLECRF(ODDT)/GlideSP,1.0,NEF,,2.49,4.0,2.245,88,4938,50,2,0.697,2.296,0.506,4.0,0.017,0.016,0.417,0.054
hxk4,PLECRF(ODDT)/GlideSP,1.0,NEF,,6.29,12.5,6.511,92,4792,48,6,0.879,7.298,0.528,12.5,0.078,0.074,0.655,0.129
igf1r,PLECRF(ODDT)/GlideSP,1.0,NEF,,14.63,23.158,14.783,148,9448,95,22,0.95,18.937,0.57,23.158,0.175,0.171,0.69,0.29
inha,PLECRF(ODDT)/GlideSP,1.0,NEF,,1.44,4.167,2.27,43,2343,24,1,0.699,2.326,0.507,4.167,0.018,0.017,0.682,0.037
ital,PLECRF(ODDT)/GlideSP,1.0,NEF,,3.93,5.747,3.597,138,8638,87,5,0.79,3.756,0.513,5.747,0.033,0.032,0.586,0.089
jak2,PLECRF(ODDT)/GlideSP,1.0,NEF,,24.43,40.299,24.883,107,6607,67,27,0.976,41.005,0.623,40.299,0.31,0.302,0.801,0.486
kif11,PLECRF(ODDT)/GlideSP,1.0,NEF,,30.9,51.429,30.884,116,6966,70,36,0.984,62.525,0.653,51.429,0.392,0.379,0.752,0.644
kit,PLECRF(ODDT)/GlideSP,1.0,NEF,,7.97,12.15,7.77,166,10616,107,13,0.897,8.706,0.535,12.15,0.086,0.084,0.762,0.205
kith,PLECRF(ODDT)/GlideSP,1.0,NEF,,0.0,0.0,0.0,57,2907,30,0,0.0,0.0,0.495,0.0,-0.014,-0.014,0.288,0.003
kpcb,PLECRF(ODDT)/GlideSP,1.0,NEF,,2.11,3.371,2.206,135,8835,89,3,0.692,2.248,0.506,3.371,0.015,0.015,0.608,0.044
lck,PLECRF(ODDT)/GlideSP,1.0,NEF,,20.35,30.824,20.417,420,27820,279,86,0.967,29.07,0.599,30.824,0.242,0.237,0.785,0.439
lkha4,PLECRF(ODDT)/GlideSP,1.0,NEF,,0.41,1.031,0.58,171,9621,97,1,0.365,0.576,0.498,1.031,-0.006,-0.005,0.535,0.019
mapk2,PLECRF(ODDT)/GlideSP,1.0,NEF,,14.58,23.81,14.736,101,6251,63,15,0.95,19.028,0.57,23.81,0.178,0.173,0.688,0.415
mcr,PLECRF(ODDT)/GlideSP,1.0,NEF,,18.23,32.075,17.894,94,5244,53,17,0.963,25.872,0.587,32.075,0.231,0.221,0.814,0.463
met,PLECRF(ODDT)/GlideSP,1.0,NEF,,36.16,52.174,35.881,166,11416,115,60,0.987,73.932,0.678,52.174,0.427,0.42,0.875,0.684
mk01,PLECRF(ODDT)/GlideSP,1.0,NEF,,5.01,8.511,4.987,79,4629,47,4,0.843,5.358,0.521,8.511,0.053,0.051,0.69,0.152
mk10,PLECRF(ODDT)/GlideSP,1.0,NEF,,2.69,4.412,2.844,104,6704,68,3,0.745,2.929,0.509,4.412,0.023,0.023,0.644,0.091
mk14,PLECRF(ODDT)/GlideSP,1.0,NEF,,12.58,20.0,12.605,578,36428,365,73,0.939,15.506,0.559,20.0,0.148,0.144,0.696,0.279
mmp13,PLECRF(ODDT)/GlideSP,1.0,NEF,,23.35,35.45,23.409,572,37772,378,134,0.973,35.716,0.614,35.45,0.279,0.273,0.818,0.515
mp2k1,PLECRF(ODDT)/GlideSP,1.0,NEF,,1.25,2.41,1.647,121,8271,83,2,0.624,1.663,0.503,2.41,0.008,0.008,0.447,0.041
nos1,PLECRF(ODDT)/GlideSP,1.0,NEF,,2.99,3.659,2.982,100,8150,82,3,0.754,3.057,0.51,3.659,0.022,0.022,0.537,0.095
nram,PLECRF(ODDT)/GlideSP,1.0,NEF,,17.32,26.984,17.341,98,6298,63,17,0.959,23.381,0.583,26.984,0.207,0.201,0.735,0.512
pa2ga,PLECRF(ODDT)/GlideSP,1.0,NEF,,1.58,3.774,2.001,99,5249,53,2,0.671,2.04,0.505,3.774,0.014,0.013,0.5,0.046
parp1,PLECRF(ODDT)/GlideSP,1.0,NEF,,9.88,16.34,9.829,508,30558,306,50,0.92,11.553,0.545,16.34,0.115,0.112,0.694,0.21
pde5a,PLECRF(ODDT)/GlideSP,1.0,NEF,,7.42,10.714,7.524,398,27948,280,30,0.893,8.307,0.533,10.714,0.079,0.078,0.645,0.178
pgh1,PLECRF(ODDT)/GlideSP,1.0,NEF,,3.15,5.455,3.076,195,10995,110,6,0.762,3.195,0.511,5.455,0.028,0.027,0.576,0.064
pgh2,PLECRF(ODDT)/GlideSP,1.0,NEF,,2.03,3.814,2.068,435,23585,236,9,0.678,2.11,0.505,3.814,0.015,0.014,0.619,0.053
plk1,PLECRF(ODDT)/GlideSP,1.0,NEF,,5.23,8.571,5.533,107,6907,70,6,0.856,5.958,0.523,8.571,0.058,0.056,0.6,0.129
pnph,PLECRF(ODDT)/GlideSP,1.0,NEF,,1.31,1.408,0.964,103,7053,71,1,0.491,0.964,0.5,1.408,-0.0,-0.0,0.515,0.033
ppara,PLECRF(ODDT)/GlideSP,1.0,NEF,,4.65,8.586,4.551,373,19772,198,17,0.83,4.885,0.518,8.586,0.05,0.047,0.684,0.148
ppard,PLECRF(ODDT)/GlideSP,1.0,NEF,,10.09,19.2,9.992,240,12490,125,24,0.924,12.129,0.546,19.2,0.127,0.12,0.767,0.214
pparg,PLECRF(ODDT)/GlideSP,1.0,NEF,,3.32,6.202,3.304,484,25784,258,16,0.776,3.456,0.512,6.202,0.032,0.03,0.635,0.086
prgr,PLECRF(ODDT)/GlideSP,1.0,NEF,,5.63,10.625,5.781,293,15943,160,17,0.864,6.35,0.524,10.625,0.066,0.063,0.688,0.145
ptn1,PLECRF(ODDT)/GlideSP,1.0,NEF,,0.0,0.0,0.0,130,7380,74,0,0.0,0.0,0.495,0.0,-0.013,-0.013,0.693,0.041
pur2,PLECRF(ODDT)/GlideSP,1.0,NEF,,0.99,3.571,1.964,50,2750,28,1,0.667,2.0,0.505,3.571,0.013,0.013,0.669,0.149
pygm,PLECRF(ODDT)/GlideSP,1.0,NEF,,1.72,2.439,1.276,77,4027,41,1,0.562,1.282,0.501,2.439,0.004,0.004,0.521,0.055
pyrd,PLECRF(ODDT)/GlideSP,1.0,NEF,,11.43,19.697,11.643,111,6561,66,13,0.934,14.253,0.554,19.697,0.141,0.136,0.791,0.236
reni,PLECRF(ODDT)/GlideSP,1.0,NEF,,3.09,4.225,2.869,104,7062,71,3,0.747,2.952,0.51,4.225,0.023,0.023,0.67,0.153
rock1,PLECRF(ODDT)/GlideSP,1.0,NEF,,2.96,4.688,3.0,100,6400,64,3,0.756,3.098,0.51,4.688,0.025,0.025,0.642,0.101
rxra,PLECRF(ODDT)/GlideSP,1.0,NEF,,2.06,4.225,2.284,131,7081,71,3,0.701,2.341,0.507,4.225,0.018,0.017,0.727,0.073
sahh,PLECRF(ODDT)/GlideSP,1.0,NEF,,0.0,0.0,0.0,63,3513,36,0,0.0,0.0,0.495,0.0,-0.014,-0.013,0.275,0.017
src,PLECRF(ODDT)/GlideSP,1.0,NEF,,13.81,20.798,13.901,524,35024,351,73,0.945,17.289,0.566,20.798,0.16,0.157,0.706,0.291
tgfr1,PLECRF(ODDT)/GlideSP,1.0,NEF,,15.98,24.138,15.668,133,8633,87,21,0.953,20.335,0.575,24.138,0.185,0.181,0.847,0.483
thb,PLECRF(ODDT)/GlideSP,1.0,NEF,,21.43,28.947,21.227,103,7553,76,22,0.967,29.468,0.603,28.947,0.24,0.237,0.829,0.654
thrb,PLECRF(ODDT)/GlideSP,1.0,NEF,,5.87,9.818,5.849,461,27465,275,27,0.864,6.377,0.525,9.818,0.064,0.062,0.695,0.168
try1,PLECRF(ODDT)/GlideSP,1.0,NEF,,1.34,2.264,1.333,449,26429,265,6,0.573,1.34,0.502,2.264,0.004,0.004,0.575,0.042
tryb1,PLECRF(ODDT)/GlideSP,1.0,NEF,,0.0,0.0,0.0,148,7798,78,0,0.0,0.0,0.495,0.0,-0.014,-0.013,0.51,0.008
tysy,PLECRF(ODDT)/GlideSP,1.0,NEF,,0.66,1.449,0.912,109,6859,69,1,0.477,0.911,0.5,1.449,-0.001,-0.001,0.476,0.036
urok,PLECRF(ODDT)/GlideSP,1.0,NEF,,1.65,2.97,1.836,162,10012,101,3,0.651,1.861,0.504,2.97,0.011,0.011,0.639,0.06
vgfr2,PLECRF(ODDT)/GlideSP,1.0,NEF,,10.13,16.142,10.008,409,25359,254,41,0.922,11.742,0.546,16.142,0.116,0.113,0.695,0.266
wee1,PLECRF(ODDT)/GlideSP,1.0,NEF,,23.82,38.095,23.35,102,6252,63,24,0.974,37.104,0.614,38.095,0.29,0.282,0.861,0.516
xiap,PLECRF(ODDT)/GlideSP,1.0,NEF,,0.77,1.887,0.991,100,5250,53,1,0.498,0.99,0.5,1.887,-0.0,-0.0,0.691,0.044
ace,Masters et al.(Rank)*†(20/102),1.0,NEF,,1.0,1.744,1.063,282,17182,172,3,0.515,1.064,0.5,1.744,0.001,0.001,,
ada17,Masters et al.(Rank)*†(20/102),1.0,NEF,,29.0,42.466,29.081,532,36432,365,155,0.98,49.808,0.643,42.466,0.344,0.338,,
adrb1,Masters et al.(Rank)*†(20/102),1.0,NEF,,2.0,3.106,2.024,247,16097,161,5,0.673,2.057,0.505,3.106,0.013,0.013,,
braf,Masters et al.(Rank)*†(20/102),1.0,NEF,,12.0,17.647,11.728,152,10102,102,18,0.933,14.027,0.555,17.647,0.134,0.131,,
cdk2,Masters et al.(Rank)*†(20/102),1.0,NEF,,9.0,15.141,9.047,474,28324,284,43,0.913,10.483,0.541,15.141,0.106,0.102,,
drd3,Masters et al.(Rank)*†(20/102),1.0,NEF,,2.0,2.89,2.079,480,34530,346,10,0.679,2.111,0.505,2.89,0.013,0.013,,
esr1,Masters et al.(Rank)*†(20/102),1.0,NEF,,2.0,3.791,2.086,383,21068,211,8,0.68,2.128,0.506,3.791,0.015,0.014,,
esr2,Masters et al.(Rank)*†(20/102),1.0,NEF,,17.0,30.097,16.866,367,20566,206,62,0.96,23.697,0.581,30.097,0.215,0.206,,
fa10,Masters et al.(Rank)*†(20/102),1.0,NEF,,13.0,24.221,13.018,537,28862,289,70,0.944,16.86,0.561,24.221,0.166,0.159,,
fabp4,Masters et al.(Rank)*†(20/102),1.0,NEF,,36.0,60.714,36.131,47,2797,28,17,0.989,90.426,0.679,60.714,0.462,0.446,,
glcm,Masters et al.(Rank)*†(20/102),1.0,NEF,,0.0,0.0,0.0,54,3854,39,0,0.0,0.0,0.495,0.0,-0.012,-0.012,,
gria2,Masters et al.(Rank)*†(20/102),1.0,NEF,,3.0,4.132,3.139,158,12003,121,5,0.764,3.231,0.511,4.132,0.025,0.025,,
hdac8,Masters et al.(Rank)*†(20/102),1.0,NEF,,24.0,38.318,23.937,170,10620,107,41,0.974,38.186,0.617,38.318,0.295,0.287,,
hivpr,Masters et al.(Rank)*†(20/102),1.0,NEF,,4.0,5.785,3.916,536,36286,363,21,0.804,4.095,0.515,5.785,0.036,0.035,,
mmp13,Masters et al.(Rank)*†(20/102),1.0,NEF,,4.0,6.085,4.018,572,37772,378,23,0.808,4.214,0.515,6.085,0.038,0.037,,
pde5a,Masters et al.(Rank)*†(20/102),1.0,NEF,,12.0,17.143,12.038,398,27948,280,48,0.935,14.322,0.556,17.143,0.133,0.131,,
plk1,Masters et al.(Rank)*†(20/102),1.0,NEF,,2.0,2.857,1.844,107,6907,70,2,0.651,1.869,0.504,2.857,0.011,0.01,,
ptn1,Masters et al.(Rank)*†(20/102),1.0,NEF,,23.0,40.541,23.015,130,7380,74,30,0.974,38.024,0.612,40.541,0.297,0.285,,
src,Masters et al.(Rank)*†(20/102),1.0,NEF,,5.0,7.407,4.951,524,35024,351,26,0.84,5.267,0.52,7.407,0.049,0.048,,
try1,Masters et al.(Rank)*†(20/102),1.0,NEF,,2.0,3.396,1.999,449,26429,265,9,0.67,2.034,0.505,3.396,0.013,0.013,,
adrb1,FRED†(21/102),1.0,NEF,,7.0,10.559,6.881,247,16097,161,17,0.883,7.576,0.53,10.559,0.074,0.072,,
drd3,FRED†(21/102),1.0,NEF,,10.0,13.873,9.98,480,34530,346,48,0.92,11.426,0.546,13.873,0.107,0.106,,
gria2,FRED†(21/102),1.0,NEF,,32.0,42.149,32.02,158,12003,121,51,0.982,54.62,0.658,42.149,0.362,0.358,,
braf,FRED†(21/102),1.0,NEF,,18.0,27.451,18.244,152,10102,102,28,0.961,24.769,0.588,27.451,0.215,0.211,,
cdk2,FRED†(21/102),1.0,NEF,,18.0,30.282,18.095,474,28324,284,86,0.962,25.52,0.587,30.282,0.224,0.217,,
plk1,FRED†(21/102),1.0,NEF,,9.0,14.286,9.222,107,6907,70,10,0.914,10.592,0.542,14.286,0.104,0.102,,
src,FRED†(21/102),1.0,NEF,,5.0,7.407,4.951,524,35024,351,26,0.84,5.267,0.52,7.407,0.049,0.048,,
fabp4,FRED†(21/102),1.0,NEF,,30.0,50.0,29.755,47,2797,28,14,0.983,58.511,0.646,50.0,0.378,0.365,,
esr1,FRED†(21/102),1.0,NEF,,37.0,67.299,37.019,383,21068,211,142,0.991,111.147,0.684,67.299,0.493,0.471,,
esr2,FRED†(21/102),1.0,NEF,,40.0,71.359,39.988,367,20566,206,147,0.993,137.129,0.699,71.359,0.529,0.507,,
ace,FRED†(21/102),1.0,NEF,,18.0,29.651,18.066,282,17182,172,51,0.962,25.259,0.587,29.651,0.222,0.215,,
glcm,FRED†(21/102),1.0,NEF,,4.0,5.128,3.66,54,3854,39,2,0.792,3.804,0.514,5.128,0.032,0.032,,
hdac8,FRED†(21/102),1.0,NEF,,31.0,49.533,30.943,170,10620,107,53,0.984,60.332,0.653,49.533,0.385,0.375,,
hivint,FRED†(21/102),1.0,NEF,,8.0,11.765,7.941,100,6750,68,8,0.899,8.867,0.535,11.765,0.086,0.084,,
pde5a,FRED†(21/102),1.0,NEF,,20.0,28.571,20.063,398,27948,280,80,0.965,27.688,0.597,28.571,0.23,0.227,,
ptn1,FRED†(21/102),1.0,NEF,,21.0,36.486,20.713,130,7380,74,27,0.97,32.038,0.601,36.486,0.266,0.255,,
ada17,FRED†(21/102),1.0,NEF,,8.0,11.781,8.068,532,36432,365,43,0.9,9.011,0.536,11.781,0.087,0.085,,
fa10,FRED†(21/102),1.0,NEF,,17.0,31.488,16.924,537,28862,289,91,0.96,24.242,0.581,31.488,0.221,0.21,,
hivpr,FRED†(21/102),1.0,NEF,,6.0,8.815,5.968,536,36286,363,32,0.866,6.448,0.525,8.815,0.061,0.06,,
mmp13,FRED†(21/102),1.0,NEF,,18.0,27.249,17.994,572,37772,378,103,0.961,24.359,0.586,27.249,0.212,0.207,,
try1,FRED†(21/102),1.0,NEF,,17.0,29.057,17.103,449,26429,265,77,0.96,23.699,0.582,29.057,0.213,0.206,,
adrb1,HYBRID†(21/102),1.0,NEF,,19.0,29.193,19.025,247,16097,161,47,0.964,26.456,0.592,29.193,0.226,0.221,,
drd3,HYBRID†(21/102),1.0,NEF,,10.0,13.873,9.98,480,34530,346,48,0.92,11.426,0.546,13.873,0.107,0.106,,
gria2,HYBRID†(21/102),1.0,NEF,,47.0,61.983,47.088,158,12003,121,75,0.992,122.231,0.735,61.983,0.537,0.532,,
braf,HYBRID†(21/102),1.0,NEF,,29.0,44.118,29.321,152,10102,102,45,0.981,51.679,0.645,44.118,0.354,0.346,,
cdk2,HYBRID†(21/102),1.0,NEF,,30.0,50.352,30.088,474,28324,284,143,0.983,59.589,0.648,50.352,0.382,0.369,,
plk1,HYBRID†(21/102),1.0,NEF,,10.0,15.714,10.144,107,6907,70,11,0.922,11.849,0.547,15.714,0.116,0.113,,
src,HYBRID†(21/102),1.0,NEF,,7.0,10.541,7.046,524,35024,351,37,0.886,7.758,0.531,10.541,0.075,0.073,,
fabp4,HYBRID†(21/102),1.0,NEF,,32.0,53.571,31.881,47,2797,28,15,0.985,67.512,0.657,53.571,0.406,0.392,,
esr1,HYBRID†(21/102),1.0,NEF,,36.0,65.403,35.977,383,21068,211,138,0.99,102.097,0.678,65.403,0.479,0.458,,
esr2,HYBRID†(21/102),1.0,NEF,,40.0,71.359,39.988,367,20566,206,147,0.993,137.129,0.699,71.359,0.529,0.507,,
ace,HYBRID†(21/102),1.0,NEF,,20.0,32.558,19.837,282,17182,172,56,0.967,28.931,0.596,32.558,0.245,0.237,,
glcm,HYBRID†(21/102),1.0,NEF,,35.0,48.718,34.77,54,3854,39,19,0.985,66.852,0.673,48.718,0.407,0.402,,
hdac8,HYBRID†(21/102),1.0,NEF,,30.0,47.664,29.776,170,10620,107,51,0.982,55.982,0.647,47.664,0.37,0.36,,
hivint,HYBRID†(21/102),1.0,NEF,,10.0,14.706,9.926,100,6750,68,10,0.92,11.466,0.546,14.706,0.11,0.108,,
pde5a,HYBRID†(21/102),1.0,NEF,,31.0,44.286,31.098,398,27948,280,124,0.982,55.022,0.653,44.286,0.364,0.358,,
ptn1,HYBRID†(21/102),1.0,NEF,,19.0,33.784,19.179,130,7380,74,25,0.966,28.454,0.593,33.784,0.245,0.235,,
ada17,HYBRID†(21/102),1.0,NEF,,17.0,24.932,17.073,532,36432,365,91,0.957,22.412,0.582,24.932,0.197,0.193,,
fa10,HYBRID†(21/102),1.0,NEF,,19.0,35.294,18.969,537,28862,289,102,0.966,28.771,0.592,35.294,0.249,0.237,,
hivpr,HYBRID†(21/102),1.0,NEF,,10.0,14.876,10.071,536,36286,363,54,0.921,11.656,0.546,14.876,0.112,0.11,,
mmp13,HYBRID†(21/102),1.0,NEF,,30.0,45.503,30.048,572,37772,378,172,0.982,54.301,0.648,45.503,0.362,0.354,,
try1,HYBRID†(21/102),1.0,NEF,,20.0,33.962,19.991,449,26429,265,90,0.967,29.758,0.597,33.962,0.251,0.243,,
adrb1,PLANTS†(21/102),1.0,NEF,,19.0,29.193,19.025,247,16097,161,47,0.964,26.456,0.592,29.193,0.226,0.221,,
drd3,PLANTS†(21/102),1.0,NEF,,3.0,4.046,2.911,480,34530,346,14,0.749,2.991,0.51,4.046,0.023,0.023,,
gria2,PLANTS†(21/102),1.0,NEF,,14.0,18.182,13.812,158,12003,121,22,0.943,16.66,0.565,18.182,0.149,0.148,,
braf,PLANTS†(21/102),1.0,NEF,,0.0,0.0,0.0,152,10102,102,0,0.0,0.0,0.495,0.0,-0.012,-0.012,,
cdk2,PLANTS†(21/102),1.0,NEF,,4.0,6.69,3.998,474,28324,284,19,0.808,4.213,0.515,6.69,0.039,0.038,,
plk1,PLANTS†(21/102),1.0,NEF,,1.0,1.429,0.922,107,6907,70,1,0.479,0.921,0.5,1.429,-0.001,-0.001,,
src,PLANTS†(21/102),1.0,NEF,,1.0,1.425,0.952,524,35024,351,5,0.488,0.951,0.5,1.425,-0.001,-0.001,,
fabp4,PLANTS†(21/102),1.0,NEF,,0.0,0.0,0.0,47,2797,28,0,0.0,0.0,0.495,0.0,-0.013,-0.013,,
esr1,PLANTS†(21/102),1.0,NEF,,17.0,30.806,16.946,383,21068,211,65,0.96,24.045,0.581,30.806,0.218,0.209,,
esr2,PLANTS†(21/102),1.0,NEF,,12.0,21.359,11.969,367,20566,206,44,0.937,14.949,0.556,21.359,0.149,0.143,,
ace,PLANTS†(21/102),1.0,NEF,,24.0,39.535,24.088,282,17182,172,68,0.975,39.184,0.617,39.535,0.3,0.291,,
glcm,PLANTS†(21/102),1.0,NEF,,13.0,17.949,12.81,54,3854,39,7,0.939,15.394,0.561,17.949,0.142,0.14,,
hdac8,PLANTS†(21/102),1.0,NEF,,15.0,24.299,15.18,170,10620,107,26,0.952,19.731,0.573,24.299,0.182,0.178,,
hivint,PLANTS†(21/102),1.0,NEF,,15.0,22.059,14.89,100,6750,68,15,0.95,18.821,0.571,22.059,0.172,0.169,,
pde5a,PLANTS†(21/102),1.0,NEF,,15.0,21.429,15.047,398,27948,280,60,0.95,18.878,0.571,21.429,0.17,0.167,,
ptn1,PLANTS†(21/102),1.0,NEF,,21.0,36.486,20.713,130,7380,74,27,0.97,32.038,0.601,36.486,0.266,0.255,,
ada17,PLANTS†(21/102),1.0,NEF,,6.0,8.767,6.004,532,36432,365,32,0.866,6.485,0.525,8.767,0.061,0.06,,
fa10,PLANTS†(21/102),1.0,NEF,,12.0,22.491,12.088,537,28862,289,65,0.939,15.306,0.557,22.491,0.154,0.146,,
hivpr,PLANTS†(21/102),1.0,NEF,,15.0,22.039,14.92,536,36286,363,80,0.95,18.854,0.571,22.039,0.171,0.168,,
mmp13,PLANTS†(21/102),1.0,NEF,,15.0,22.751,15.024,572,37772,378,86,0.95,19.154,0.571,22.751,0.175,0.171,,
try1,PLANTS†(21/102),1.0,NEF,,17.0,29.057,17.103,449,26429,265,77,0.96,23.699,0.582,29.057,0.213,0.206,,
adrb1,rDock†(21/102),1.0,NEF,,13.0,19.876,12.953,247,16097,161,32,0.941,15.918,0.561,19.876,0.15,0.147,,
drd3,rDock†(21/102),1.0,NEF,,1.0,1.445,1.04,480,34530,346,5,0.51,1.04,0.5,1.445,0.0,0.0,,
gria2,rDock†(21/102),1.0,NEF,,4.0,4.959,3.767,158,12003,121,6,0.796,3.911,0.514,4.959,0.032,0.032,,
braf,rDock†(21/102),1.0,NEF,,12.0,17.647,11.728,152,10102,102,18,0.933,14.027,0.555,17.647,0.134,0.131,,
cdk2,rDock†(21/102),1.0,NEF,,17.0,28.521,17.043,474,28324,284,81,0.959,23.444,0.582,28.521,0.211,0.204,,
plk1,rDock†(21/102),1.0,NEF,,10.0,15.714,10.144,107,6907,70,11,0.922,11.849,0.547,15.714,0.116,0.113,,
src,rDock†(21/102),1.0,NEF,,3.0,4.558,3.047,524,35024,351,16,0.759,3.145,0.51,4.558,0.025,0.025,,
fabp4,rDock†(21/102),1.0,NEF,,0.0,0.0,0.0,47,2797,28,0,0.0,0.0,0.495,0.0,-0.013,-0.013,,
esr1,rDock†(21/102),1.0,NEF,,29.0,52.607,28.938,383,21068,211,111,0.984,59.949,0.642,52.607,0.382,0.366,,
esr2,rDock†(21/102),1.0,NEF,,22.0,39.32,22.034,367,20566,206,81,0.973,35.665,0.607,39.32,0.285,0.273,,
ace,rDock†(21/102),1.0,NEF,,3.0,4.651,2.834,282,17182,172,8,0.745,2.923,0.509,4.651,0.024,0.023,,
glcm,rDock†(21/102),1.0,NEF,,17.0,23.077,16.47,54,3854,39,9,0.955,21.111,0.579,23.077,0.186,0.184,,
hdac8,rDock†(21/102),1.0,NEF,,2.0,2.804,1.752,170,10620,107,3,0.639,1.773,0.504,2.804,0.01,0.009,,
hivint,rDock†(21/102),1.0,NEF,,7.0,10.294,6.949,100,6750,68,7,0.884,7.631,0.53,10.294,0.074,0.072,,
pde5a,rDock†(21/102),1.0,NEF,,10.0,14.286,10.032,398,27948,280,40,0.92,11.537,0.546,14.286,0.109,0.107,,
ptn1,rDock†(21/102),1.0,NEF,,26.0,45.946,26.083,130,7380,74,34,0.979,47.404,0.628,45.946,0.338,0.325,,
ada17,rDock†(21/102),1.0,NEF,,10.0,14.521,9.944,532,36432,365,53,0.92,11.463,0.545,14.521,0.11,0.108,,
fa10,rDock†(21/102),1.0,NEF,,27.0,50.173,26.966,537,28862,289,145,0.982,53.113,0.632,50.173,0.36,0.343,,
hivpr,rDock†(21/102),1.0,NEF,,5.0,7.438,5.035,536,36286,363,27,0.843,5.36,0.52,7.438,0.05,0.049,,
mmp13,rDock†(21/102),1.0,NEF,,3.0,4.497,2.97,572,37772,378,17,0.754,3.063,0.51,4.497,0.025,0.024,,
try1,rDock†(21/102),1.0,NEF,,14.0,23.774,13.994,449,26429,265,63,0.947,18.046,0.566,23.774,0.172,0.166,,
adrb1,SMINA†(21/102),1.0,NEF,,6.0,9.317,6.072,247,16097,161,15,0.868,6.593,0.526,9.317,0.064,0.062,,
drd3,SMINA†(21/102),1.0,NEF,,2.0,2.89,2.079,480,34530,346,10,0.679,2.111,0.505,2.89,0.013,0.013,,
gria2,SMINA†(21/102),1.0,NEF,,8.0,10.744,8.162,158,12003,121,13,0.9,9.024,0.537,10.744,0.083,0.083,,
braf,SMINA†(21/102),1.0,NEF,,14.0,20.588,13.683,152,10102,102,21,0.944,16.971,0.565,20.588,0.158,0.155,,
cdk2,SMINA†(21/102),1.0,NEF,,10.0,16.901,10.099,474,28324,284,48,0.923,11.95,0.546,16.901,0.119,0.116,,
plk1,SMINA†(21/102),1.0,NEF,,0.0,0.0,0.0,107,6907,70,0,0.0,0.0,0.495,0.0,-0.013,-0.012,,
src,SMINA†(21/102),1.0,NEF,,4.0,5.983,3.999,524,35024,351,21,0.807,4.19,0.515,5.983,0.037,0.036,,
fabp4,SMINA†(21/102),1.0,NEF,,30.0,50.0,29.755,47,2797,28,14,0.983,58.511,0.646,50.0,0.378,0.365,,
esr1,SMINA†(21/102),1.0,NEF,,23.0,41.706,22.942,383,21068,211,88,0.975,38.64,0.612,41.706,0.3,0.287,,
esr2,SMINA†(21/102),1.0,NEF,,20.0,35.922,20.13,367,20566,206,74,0.969,30.855,0.598,35.922,0.259,0.249,,
ace,SMINA†(21/102),1.0,NEF,,3.0,4.651,2.834,282,17182,172,8,0.745,2.923,0.509,4.651,0.024,0.023,,
glcm,SMINA†(21/102),1.0,NEF,,4.0,5.128,3.66,54,3854,39,2,0.792,3.804,0.514,5.128,0.032,0.032,,
hdac8,SMINA†(21/102),1.0,NEF,,32.0,51.402,32.111,170,10620,107,55,0.985,65.017,0.659,51.402,0.4,0.39,,
hivint,SMINA†(21/102),1.0,NEF,,8.0,11.765,7.941,100,6750,68,8,0.899,8.867,0.535,11.765,0.086,0.084,,
pde5a,SMINA†(21/102),1.0,NEF,,12.0,17.143,12.038,398,27948,280,48,0.935,14.322,0.556,17.143,0.133,0.131,,
ptn1,SMINA†(21/102),1.0,NEF,,21.0,36.486,20.713,130,7380,74,27,0.97,32.038,0.601,36.486,0.266,0.255,,
ada17,SMINA†(21/102),1.0,NEF,,14.0,20.548,14.071,532,36432,365,75,0.946,17.452,0.566,20.548,0.16,0.157,,
fa10,SMINA†(21/102),1.0,NEF,,18.0,33.564,18.04,537,28862,289,97,0.964,26.648,0.587,33.564,0.236,0.225,,
hivpr,SMINA†(21/102),1.0,NEF,,6.0,8.815,5.968,536,36286,363,32,0.866,6.448,0.525,8.815,0.061,0.06,,
mmp13,SMINA†(21/102),1.0,NEF,,4.0,6.085,4.018,572,37772,378,23,0.808,4.214,0.515,6.085,0.038,0.037,,
try1,SMINA†(21/102),1.0,NEF,,3.0,5.283,3.11,449,26429,265,14,0.763,3.227,0.511,5.283,0.028,0.027,,
adrb1,BoostingConsensus*†(21/102),1.0,NEF,,31.0,47.826,31.168,247,16097,161,77,0.983,58.823,0.653,47.826,0.379,0.37,,
drd3,BoostingConsensus*†(21/102),1.0,NEF,,13.0,18.208,13.098,480,34530,346,63,0.94,15.792,0.561,18.208,0.145,0.143,,
gria2,BoostingConsensus*†(21/102),1.0,NEF,,49.0,64.463,48.971,158,12003,121,78,0.993,135.989,0.745,64.463,0.559,0.554,,
braf,BoostingConsensus*†(21/102),1.0,NEF,,29.0,44.118,29.321,152,10102,102,45,0.981,51.679,0.645,44.118,0.354,0.346,,
cdk2,BoostingConsensus*†(21/102),1.0,NEF,,35.0,58.451,34.927,474,28324,284,166,0.988,82.656,0.673,58.451,0.445,0.431,,
plk1,BoostingConsensus*†(21/102),1.0,NEF,,8.0,12.857,8.299,107,6907,70,9,0.904,9.376,0.538,12.857,0.093,0.091,,
src,BoostingConsensus*†(21/102),1.0,NEF,,7.0,10.541,7.046,524,35024,351,37,0.886,7.758,0.531,10.541,0.075,0.073,,
fabp4,BoostingConsensus*†(21/102),1.0,NEF,,34.0,57.143,34.006,47,2797,28,16,0.987,78.014,0.668,57.143,0.434,0.419,,
esr1,BoostingConsensus*†(21/102),1.0,NEF,,38.0,69.194,38.062,383,21068,211,146,0.992,121.31,0.689,69.194,0.507,0.485,,
esr2,BoostingConsensus*†(21/102),1.0,NEF,,35.0,62.621,35.092,367,20566,206,129,0.989,92.207,0.674,62.621,0.462,0.443,,
ace,BoostingConsensus*†(21/102),1.0,NEF,,33.0,54.07,32.944,282,17182,172,93,0.986,70.549,0.663,54.07,0.415,0.402,,
glcm,BoostingConsensus*†(21/102),1.0,NEF,,37.0,51.282,36.6,54,3854,39,20,0.987,74.074,0.683,51.282,0.429,0.423,,
hdac8,BoostingConsensus*†(21/102),1.0,NEF,,45.0,71.963,44.955,170,10620,107,77,0.994,157.775,0.725,71.963,0.566,0.55,,
hivint,BoostingConsensus*†(21/102),1.0,NEF,,19.0,27.941,18.86,100,6750,68,19,0.963,25.786,0.591,27.941,0.221,0.217,,
pde5a,BoostingConsensus*†(21/102),1.0,NEF,,32.0,45.714,32.101,398,27948,280,128,0.983,58.291,0.658,45.714,0.376,0.37,,
ptn1,BoostingConsensus*†(21/102),1.0,NEF,,35.0,62.162,35.289,130,7380,74,46,0.989,91.621,0.675,62.162,0.462,0.444,,
ada17,BoostingConsensus*†(21/102),1.0,NEF,,19.0,27.671,18.95,532,36432,365,101,0.963,25.817,0.591,27.671,0.22,0.216,,
fa10,BoostingConsensus*†(21/102),1.0,NEF,,26.0,48.443,26.036,537,28862,289,140,0.98,49.561,0.628,48.443,0.347,0.33,,
hivpr,BoostingConsensus*†(21/102),1.0,NEF,,19.0,28.099,19.023,536,36286,363,102,0.963,26.066,0.591,28.099,0.222,0.218,,
mmp13,BoostingConsensus*†(21/102),1.0,NEF,,34.0,51.587,34.066,572,37772,378,195,0.986,69.3,0.668,51.587,0.412,0.403,,
try1,BoostingConsensus*†(21/102),1.0,NEF,,33.0,56.226,33.096,449,26429,265,149,0.987,74.323,0.664,56.226,0.425,0.41,,
adrb1,Mean-VarianceConsensus*†(21/102),1.0,NEF,,27.0,41.615,27.12,247,16097,161,67,0.979,45.738,0.633,41.615,0.328,0.32,,
drd3,Mean-VarianceConsensus*†(21/102),1.0,NEF,,7.0,9.827,7.069,480,34530,346,34,0.885,7.73,0.531,9.827,0.072,0.072,,
gria2,Mean-VarianceConsensus*†(21/102),1.0,NEF,,46.0,60.331,45.832,158,12003,121,73,0.991,114.014,0.729,60.331,0.523,0.518,,
braf,Mean-VarianceConsensus*†(21/102),1.0,NEF,,23.0,34.314,22.805,152,10102,102,35,0.972,34.196,0.612,34.314,0.272,0.267,,
cdk2,Mean-VarianceConsensus*†(21/102),1.0,NEF,,27.0,45.07,26.932,474,28324,284,128,0.98,48.209,0.632,45.07,0.34,0.329,,
plk1,Mean-VarianceConsensus*†(21/102),1.0,NEF,,8.0,12.857,8.299,107,6907,70,9,0.904,9.376,0.538,12.857,0.093,0.091,,
src,Mean-VarianceConsensus*†(21/102),1.0,NEF,,9.0,13.39,8.95,524,35024,351,47,0.911,10.179,0.54,13.39,0.099,0.097,,
fabp4,Mean-VarianceConsensus*†(21/102),1.0,NEF,,32.0,53.571,31.881,47,2797,28,15,0.985,67.512,0.657,53.571,0.406,0.392,,
esr1,Mean-VarianceConsensus*†(21/102),1.0,NEF,,37.0,67.299,37.019,383,21068,211,142,0.991,111.147,0.684,67.299,0.493,0.471,,
esr2,Mean-VarianceConsensus*†(21/102),1.0,NEF,,34.0,60.68,34.004,367,20566,206,125,0.988,84.935,0.668,60.68,0.447,0.429,,
ace,Mean-VarianceConsensus*†(21/102),1.0,NEF,,30.0,49.419,30.11,282,17182,172,85,0.983,58.551,0.648,49.419,0.378,0.367,,
glcm,Mean-VarianceConsensus*†(21/102),1.0,NEF,,30.0,41.026,29.28,54,3854,39,16,0.98,48.953,0.645,41.026,0.341,0.336,,
hdac8,Mean-VarianceConsensus*†(21/102),1.0,NEF,,46.0,73.832,46.123,170,10620,107,79,0.994,173.435,0.731,73.832,0.581,0.565,,
hivint,Mean-VarianceConsensus*†(21/102),1.0,NEF,,21.0,30.882,20.846,100,6750,68,21,0.967,29.713,0.601,30.882,0.246,0.241,,
pde5a,Mean-VarianceConsensus*†(21/102),1.0,NEF,,28.0,40.0,28.088,398,27948,280,112,0.979,46.147,0.638,40.0,0.328,0.322,,
ptn1,Mean-VarianceConsensus*†(21/102),1.0,NEF,,37.0,64.865,36.823,130,7380,74,48,0.99,102.959,0.683,64.865,0.483,0.464,,
ada17,Mean-VarianceConsensus*†(21/102),1.0,NEF,,17.0,24.932,17.073,532,36432,365,91,0.957,22.412,0.582,24.932,0.197,0.193,,
fa10,Mean-VarianceConsensus*†(21/102),1.0,NEF,,30.0,55.709,29.942,537,28862,289,161,0.985,66.346,0.648,55.709,0.401,0.382,,
hivpr,Mean-VarianceConsensus*†(21/102),1.0,NEF,,16.0,23.691,16.039,536,36286,363,86,0.954,20.708,0.576,23.691,0.185,0.182,,
mmp13,Mean-VarianceConsensus*†(21/102),1.0,NEF,,25.0,37.831,24.981,572,37772,378,143,0.975,39.574,0.622,37.831,0.299,0.293,,
try1,Mean-VarianceConsensus*†(21/102),1.0,NEF,,31.0,52.83,31.097,449,26429,265,140,0.985,64.805,0.653,52.83,0.398,0.384,,
aa2ar,DeepScore‡,1.0,NEF,,56.13,84.424,56.105,482,32032,321,271,0.997,354.774,0.78,84.424,0.685,0.671,0.99,
abl1,DeepScore‡,1.0,NEF,,40.08,66.364,39.862,182,10932,110,73,0.991,116.535,0.699,66.364,0.51,0.494,0.97,
ace,DeepScore‡,1.0,NEF,,60.15,98.837,60.221,282,17182,172,170,1.0,5093.972,0.801,98.837,0.769,0.746,0.99,
aces,DeepScore‡,1.0,NEF,,59.25,100.373,59.167,453,26703,268,269,1.0,inf,0.797,100.0,0.769,0.743,0.98,
ada,DeepScore‡,1.0,NEF,,58.2,98.214,58.538,93,5543,56,55,1.0,3223.118,0.796,98.214,0.759,0.735,1.0,
ada17,DeepScore‡,1.0,NEF,,69.29,101.096,69.232,532,36432,365,369,1.0,inf,0.847,100.0,0.836,0.821,1.0,
adrb1,DeepScore‡,1.0,NEF,,50.94,78.261,51.003,247,16097,161,126,0.996,231.012,0.754,78.261,0.627,0.613,0.98,
adrb2,DeepScore‡,1.0,NEF,,52.38,79.739,52.576,231,15231,153,122,0.996,255.551,0.763,79.739,0.645,0.631,0.98,
akt1,DeepScore‡,1.0,NEF,,59.03,103.571,59.184,293,16743,168,174,1.001,inf,0.797,100.0,0.782,0.752,0.99,
akt2,DeepScore‡,1.0,NEF,,53.9,90.141,54.061,117,7017,71,64,0.998,539.194,0.773,90.141,0.699,0.677,0.98,
aldr,DeepScore‡,1.0,NEF,,47.49,82.609,47.586,159,9159,92,76,0.996,268.868,0.738,82.609,0.624,0.6,0.97,
ampc,DeepScore‡,1.0,NEF,,28.07,44.828,27.065,48,2898,29,13,0.98,48.242,0.633,44.828,0.34,0.329,0.93,
andr,DeepScore‡,1.0,NEF,,44.76,82.313,44.734,269,14619,147,121,0.996,248.263,0.724,82.313,0.603,0.576,0.97,
aofb,DeepScore‡,1.0,NEF,,32.9,57.746,33.237,122,7022,71,41,0.987,77.295,0.666,57.746,0.433,0.417,0.94,
bace1,DeepScore‡,1.0,NEF,,50.47,77.717,50.483,283,18383,184,143,0.996,223.072,0.752,77.717,0.622,0.608,0.96,
braf,DeepScore‡,1.0,NEF,,62.85,94.118,62.551,152,10102,102,96,0.999,1047.368,0.815,94.118,0.768,0.753,0.99,
cah2,DeepScore‡,1.0,NEF,,59.52,92.429,59.485,492,31664,317,293,0.999,773.492,0.797,92.429,0.739,0.721,0.99,
casp3,DeepScore‡,1.0,NEF,,50.8,92.661,50.749,199,10899,109,101,0.999,678.832,0.753,92.661,0.682,0.651,0.98,
cdk2,DeepScore‡,1.0,NEF,,43.91,73.592,43.975,474,28324,284,209,0.994,163.731,0.719,73.592,0.564,0.546,0.97,
comt,DeepScore‡,1.0,NEF,,87.83,92.308,87.602,41,3891,39,36,0.999,1126.829,0.939,92.308,0.899,0.899,1.0,
cp2c9,DeepScore‡,1.0,NEF,,22.04,35.526,22.411,120,7570,76,27,0.972,34.209,0.609,35.526,0.274,0.266,0.87,
cp3a4,DeepScore‡,1.0,NEF,,37.09,52.5,36.966,170,11970,120,63,0.987,76.718,0.683,52.5,0.434,0.428,0.92,
csf1r,DeepScore‡,1.0,NEF,,58.96,79.839,59.235,166,12316,124,99,0.997,289.843,0.797,79.839,0.686,0.679,0.98,
cxcr4,DeepScore‡,1.0,NEF,,56.79,65.714,56.613,40,3446,35,23,0.994,163.204,0.786,65.714,0.61,0.609,0.94,
def,DeepScore‡,1.0,NEF,,58.07,101.695,57.846,102,5802,59,60,1.0,inf,0.794,100.0,0.771,0.742,1.0,
dhi1,DeepScore‡,1.0,NEF,,44.97,75.635,45.106,330,19680,197,149,0.995,182.017,0.725,75.635,0.579,0.56,0.98,
dpp4,DeepScore‡,1.0,NEF,,75.47,96.867,75.391,533,41483,415,402,1.0,2375.797,0.877,96.867,0.853,0.846,1.0,
drd3,DeepScore‡,1.0,NEF,,51.9,72.254,51.978,480,34530,346,250,0.995,184.733,0.759,72.254,0.609,0.601,0.97,
dyr,DeepScore‡,1.0,NEF,,68.68,90.857,68.56,231,17431,175,159,0.999,739.935,0.844,90.857,0.788,0.781,0.99,
egfr,DeepScore‡,1.0,NEF,,61.91,94.382,61.979,542,35592,356,336,0.999,1086.421,0.81,94.382,0.762,0.745,0.99,
esr1,DeepScore‡,1.0,NEF,,52.57,95.735,52.662,383,21068,211,202,0.999,1212.176,0.763,95.735,0.707,0.676,0.99,
esr2,DeepScore‡,1.0,NEF,,52.73,94.175,52.774,367,20566,206,194,0.999,889.783,0.764,94.175,0.702,0.673,0.99,
fa10,DeepScore‡,1.0,NEF,,36.75,68.512,36.823,537,28862,289,198,0.991,114.768,0.683,68.512,0.496,0.473,0.99,
fa7,DeepScore‡,1.0,NEF,,51.48,92.188,51.463,114,6364,64,59,0.998,646.93,0.758,92.188,0.687,0.659,0.99,
fabp4,DeepScore‡,1.0,NEF,,32.55,53.571,31.881,47,2797,28,15,0.985,67.512,0.657,53.571,0.406,0.392,0.95,
fak1,DeepScore‡,1.0,NEF,,53.41,98.182,53.509,100,5450,55,54,1.0,2889.0,0.77,98.182,0.725,0.693,0.99,
fgfr1,DeepScore‡,1.0,NEF,,40.91,64.045,40.726,139,8839,89,57,0.991,111.488,0.703,64.045,0.506,0.494,0.97,
fkb1a,DeepScore‡,1.0,NEF,,52.69,98.333,52.365,111,5911,60,59,1.0,3082.883,0.766,98.333,0.72,0.686,1.0,
fnta,DeepScore‡,1.0,NEF,,79.44,90.211,79.38,592,52092,521,470,0.999,801.702,0.896,90.211,0.845,0.843,0.99,
fpps,DeepScore‡,1.0,NEF,,92.83,87.778,92.27,85,8935,90,79,0.999,747.754,0.964,92.941,0.902,0.902,1.0,
gcr,DeepScore‡,1.0,NEF,,40.91,69.281,40.972,258,15258,153,106,0.992,131.123,0.704,69.281,0.528,0.51,0.97,
glcm,DeepScore‡,1.0,NEF,,45.49,64.103,45.75,54,3854,39,25,0.992,125.661,0.73,64.103,0.539,0.532,0.97,
gria2,DeepScore‡,1.0,NEF,,59.67,78.512,59.645,158,12003,121,95,0.996,273.923,0.8,78.512,0.683,0.677,0.96,
grik1,DeepScore‡,1.0,NEF,,58.36,88.06,57.989,101,6651,67,59,0.998,478.28,0.791,88.06,0.714,0.699,0.98,
hdac2,DeepScore‡,1.0,NEF,,55.62,98.095,55.596,185,10485,105,103,1.0,2867.297,0.778,98.095,0.736,0.707,0.99,
hdac8,DeepScore‡,1.0,NEF,,63.51,101.869,63.638,170,10620,107,109,1.0,inf,0.821,100.0,0.806,0.784,0.99,
hivint,DeepScore‡,1.0,NEF,,58.42,86.765,58.566,100,6750,68,59,0.998,435.944,0.794,86.765,0.712,0.699,0.98,
hivpr,DeepScore‡,1.0,NEF,,62.85,92.837,62.849,536,36286,363,337,0.999,864.506,0.814,92.837,0.761,0.747,0.99,
hivrt,DeepScore‡,1.0,NEF,,43.82,77.202,43.921,338,19229,193,149,0.995,189.266,0.719,77.202,0.578,0.556,0.97,
hmdh,DeepScore‡,1.0,NEF,,45.01,85.556,44.892,170,8920,90,77,0.997,304.864,0.726,85.556,0.618,0.587,0.99,
hs90a,DeepScore‡,1.0,NEF,,40.17,72.0,40.402,88,4938,50,36,0.993,141.721,0.703,72.0,0.537,0.515,0.99,
hxk4,DeepScore‡,1.0,NEF,,47.78,91.667,47.746,92,4792,48,44,0.998,561.957,0.739,91.667,0.658,0.624,0.98,
igf1r,DeepScore‡,1.0,NEF,,48.02,74.737,47.71,148,9448,95,71,0.995,185.895,0.739,74.737,0.594,0.579,0.97,
inha,DeepScore‡,1.0,NEF,,45.93,83.333,45.407,43,2343,24,20,0.996,267.442,0.732,83.333,0.618,0.592,0.96,
ital,DeepScore‡,1.0,NEF,,64.75,103.448,64.753,138,8638,87,90,1.001,inf,0.826,100.0,0.819,0.797,0.99,
jak2,DeepScore‡,1.0,NEF,,56.5,91.045,56.218,107,6607,67,61,0.998,617.601,0.785,91.045,0.717,0.697,0.98,
kif11,DeepScore‡,1.0,NEF,,54.28,90.0,54.047,116,6966,70,63,0.998,531.466,0.771,90.0,0.695,0.673,0.97,
kit,DeepScore‡,1.0,NEF,,46.01,71.963,46.021,166,10616,107,77,0.994,161.576,0.73,71.963,0.573,0.559,0.96,
kith,DeepScore‡,1.0,NEF,,50.42,100.0,51.0,57,2907,30,30,1.0,inf,0.763,100.0,0.722,0.685,1.0,
kpcb,DeepScore‡,1.0,NEF,,51.17,78.652,51.473,135,8835,89,70,0.996,237.427,0.758,78.652,0.634,0.62,0.97,
lck,DeepScore‡,1.0,NEF,,58.14,87.814,58.166,420,27820,279,245,0.998,470.098,0.791,87.814,0.712,0.697,0.98,
lkha4,DeepScore‡,1.0,NEF,,39.5,70.103,39.442,171,9621,97,68,0.992,129.583,0.697,70.103,0.522,0.501,0.99,
mapk2,DeepScore‡,1.0,NEF,,54.13,87.302,54.032,101,6251,63,55,0.998,418.626,0.772,87.302,0.686,0.667,0.98,
mcr,DeepScore‡,1.0,NEF,,36.38,66.038,36.841,94,5244,53,35,0.991,106.531,0.684,66.038,0.489,0.469,0.98,
met,DeepScore‡,1.0,NEF,,61.07,88.696,60.997,166,11416,115,102,0.998,531.742,0.807,88.696,0.735,0.723,0.98,
mk01,DeepScore‡,1.0,NEF,,34.7,59.574,34.908,79,4629,47,28,0.988,84.877,0.675,59.574,0.453,0.437,0.97,
mk10,DeepScore‡,1.0,NEF,,47.2,73.529,47.398,104,6704,68,50,0.994,176.282,0.739,73.529,0.59,0.576,0.95,
mk14,DeepScore‡,1.0,NEF,,53.13,84.384,53.182,578,36428,365,308,0.997,335.148,0.766,84.384,0.667,0.649,0.98,
mmp13,DeepScore‡,1.0,NEF,,64.93,98.413,64.987,572,37772,378,372,1.0,4032.168,0.825,98.413,0.798,0.781,0.99,
mp2k1,DeepScore‡,1.0,NEF,,54.43,79.518,54.355,121,8271,83,66,0.996,261.497,0.772,79.518,0.655,0.643,0.96,
nos1,DeepScore‡,1.0,NEF,,50.14,60.976,49.695,100,8150,82,50,0.992,125.781,0.748,60.976,0.547,0.544,0.95,
nram,DeepScore‡,1.0,NEF,,62.62,96.825,62.225,98,6298,63,61,0.999,1929.592,0.811,96.825,0.774,0.755,0.98,
pa2ga,DeepScore‡,1.0,NEF,,47.92,90.566,48.018,99,5249,53,48,0.998,499.394,0.742,90.566,0.658,0.627,0.98,
parp1,DeepScore‡,1.0,NEF,,58.55,97.386,58.581,508,30558,306,298,1.0,2203.469,0.793,97.386,0.753,0.729,1.0,
pde5a,DeepScore‡,1.0,NEF,,59.85,85.357,59.939,398,27948,280,239,0.998,403.508,0.8,85.357,0.713,0.702,0.99,
pgh1,DeepScore‡,1.0,NEF,,36.85,65.455,36.906,195,10995,110,72,0.991,104.939,0.683,65.455,0.485,0.465,0.92,
pgh2,DeepScore‡,1.0,NEF,,46.46,85.593,46.407,435,23585,236,202,0.997,316.18,0.731,85.593,0.626,0.597,0.96,
plk1,DeepScore‡,1.0,NEF,,53.69,82.857,53.485,107,6907,70,58,0.997,307.165,0.77,82.857,0.666,0.651,0.97,
pnph,DeepScore‡,1.0,NEF,,66.13,97.183,66.547,103,7053,71,69,1.0,2327.913,0.835,97.183,0.805,0.791,1.0,
ppara,DeepScore‡,1.0,NEF,,41.6,78.283,41.496,373,19772,198,155,0.995,187.471,0.707,78.283,0.565,0.537,0.98,
ppard,DeepScore‡,1.0,NEF,,44.75,85.6,44.548,240,12490,125,107,0.997,303.414,0.722,85.6,0.613,0.581,0.99,
pparg,DeepScore‡,1.0,NEF,,48.05,90.31,48.111,484,25784,258,233,0.998,487.182,0.74,90.31,0.655,0.623,0.97,
prgr,DeepScore‡,1.0,NEF,,52.21,96.25,52.372,293,15943,160,154,0.999,1370.933,0.763,96.25,0.708,0.676,0.98,
ptn1,DeepScore‡,1.0,NEF,,45.74,81.081,46.029,130,7380,74,60,0.996,239.011,0.73,81.081,0.607,0.583,0.98,
pur2,DeepScore‡,1.0,NEF,,53.96,96.429,53.036,50,2750,28,27,0.999,1458.0,0.77,96.429,0.718,0.688,1.0,
pygm,DeepScore‡,1.0,NEF,,26.77,51.22,26.787,77,4027,41,21,0.982,53.864,0.634,51.22,0.365,0.347,0.95,
pyrd,DeepScore‡,1.0,NEF,,55.01,92.424,54.63,111,6561,66,61,0.999,708.919,0.774,92.424,0.709,0.685,0.99,
reni,DeepScore‡,1.0,NEF,,57.22,84.507,57.384,104,7062,71,60,0.997,364.93,0.788,84.507,0.695,0.682,0.97,
rock1,DeepScore‡,1.0,NEF,,50.11,78.125,50.0,100,6400,64,50,0.996,225.0,0.749,78.125,0.62,0.605,0.98,
rxra,DeepScore‡,1.0,NEF,,42.44,78.873,42.634,131,7081,71,56,0.995,198.066,0.713,78.873,0.575,0.549,1.0,
sahh,DeepScore‡,1.0,NEF,,42.64,77.778,43.37,63,3513,36,28,0.995,191.667,0.721,77.778,0.583,0.56,1.0,
src,DeepScore‡,1.0,NEF,,57.42,86.04,57.509,524,35024,351,302,0.998,405.788,0.787,86.04,0.701,0.687,0.98,
tgfr1,DeepScore‡,1.0,NEF,,61.85,95.402,61.925,133,8633,87,83,0.999,1326.128,0.812,95.402,0.769,0.752,1.0,
thb,DeepScore‡,1.0,NEF,,42.62,57.895,42.454,103,7553,76,44,0.99,99.454,0.711,57.895,0.491,0.486,0.99,
thrb,DeepScore‡,1.0,NEF,,56.68,95.273,56.761,461,27465,275,262,0.999,1180.552,0.784,95.273,0.733,0.708,0.99,
try1,DeepScore‡,1.0,NEF,,57.36,97.358,57.307,449,26429,265,258,1.0,2132.625,0.787,97.358,0.745,0.719,0.99,
tryb1,DeepScore‡,1.0,NEF,,50.1,94.872,49.987,148,7798,78,74,0.999,956.25,0.75,94.872,0.685,0.65,1.0,
tysy,DeepScore‡,1.0,NEF,,54.99,86.957,54.719,109,6859,69,60,0.998,412.844,0.775,86.957,0.688,0.67,0.99,
urok,DeepScore‡,1.0,NEF,,56.28,91.089,56.295,162,10012,101,92,0.998,621.536,0.783,91.089,0.716,0.696,0.98,
vgfr2,DeepScore‡,1.0,NEF,,43.98,70.866,43.939,409,25359,254,180,0.993,148.384,0.719,70.866,0.553,0.537,0.99,
wee1,DeepScore‡,1.0,NEF,,59.91,98.413,60.321,102,6252,63,62,1.0,3738.235,0.804,98.413,0.771,0.748,1.0,
xiap,DeepScore‡,1.0,NEF,,50.87,96.226,50.519,100,5250,53,51,0.999,1313.25,0.755,96.226,0.697,0.662,1.0,
aa2ar,Vina,1.0,NEF,,2.49,3.738,2.484,482,32032,321,12,0.718,2.542,0.508,3.738,0.018,0.018,,0.06
abl1,Vina,1.0,NEF,,13.26,21.818,13.105,182,10932,110,24,0.943,16.484,0.562,21.818,0.159,0.154,,0.25
ace,Vina,1.0,NEF,,2.86,4.651,2.834,282,17182,172,8,0.745,2.923,0.509,4.651,0.024,0.023,,0.04
aces,Vina,1.0,NEF,,14.57,24.627,14.517,453,26703,268,66,0.95,18.933,0.569,24.627,0.179,0.173,,0.25
ada,Vina,1.0,NEF,,1.08,1.786,1.064,93,5543,56,1,0.516,1.065,0.5,1.786,0.001,0.001,,0.02
ada17,Vina,1.0,NEF,,28.01,40.822,27.955,532,36432,365,149,0.979,46.55,0.637,40.822,0.33,0.324,,0.42
adrb1,Vina,1.0,NEF,,4.05,6.211,4.048,247,16097,161,10,0.81,4.25,0.515,6.211,0.038,0.037,,0.08
adrb2,Vina,1.0,NEF,,3.46,5.229,3.448,231,15231,153,8,0.782,3.583,0.512,5.229,0.031,0.03,,0.09
akt1,Vina,1.0,NEF,,5.46,9.524,5.442,293,16743,168,16,0.855,5.91,0.523,9.524,0.06,0.057,,0.13
akt2,Vina,1.0,NEF,,26.5,43.662,26.186,117,7017,71,31,0.979,45.705,0.63,43.662,0.332,0.321,,0.39
aldr,Vina,1.0,NEF,,9.43,16.304,9.392,159,9159,92,15,0.917,11.027,0.543,16.304,0.112,0.108,,0.16
ampc,Vina,1.0,NEF,,0.0,0.0,0.0,48,2898,29,0,0.0,0.0,0.495,0.0,-0.013,-0.013,,0.02
andr,Vina,1.0,NEF,,17.84,32.653,17.746,269,14619,147,48,0.963,25.865,0.586,32.653,0.231,0.221,,0.31
aofb,Vina,1.0,NEF,,6.56,11.268,6.485,122,7022,71,8,0.878,7.182,0.528,11.268,0.074,0.071,,0.16
bace1,Vina,1.0,NEF,,4.59,7.065,4.589,283,18383,184,13,0.829,4.862,0.518,7.065,0.045,0.044,,0.09
braf,Vina,1.0,NEF,,17.11,25.49,16.941,152,10102,102,26,0.957,22.394,0.582,25.49,0.199,0.195,,0.27
cah2,Vina,1.0,NEF,,0.0,0.0,0.0,492,31664,317,0,0.0,0.0,0.495,0.0,-0.013,-0.012,,0.01
casp3,Vina,1.0,NEF,,1.52,2.752,1.507,199,10899,109,3,0.603,1.522,0.503,2.752,0.007,0.007,,0.05
cdk2,Vina,1.0,NEF,,9.51,15.845,9.468,474,28324,284,45,0.917,11.063,0.543,15.845,0.111,0.108,,0.17
comt,Vina,1.0,NEF,,4.88,5.128,4.867,41,3891,39,2,0.835,5.076,0.52,5.128,0.04,0.04,,0.06
cp2c9,Vina,1.0,NEF,,3.33,5.263,3.32,120,7570,76,4,0.775,3.449,0.512,5.263,0.03,0.029,,0.05
cp3a4,Vina,1.0,NEF,,1.8,2.5,1.76,170,11970,120,3,0.64,1.78,0.504,2.5,0.009,0.009,,0.04
csf1r,Vina,1.0,NEF,,1.2,1.613,1.197,166,12316,124,2,0.545,1.2,0.501,1.613,0.002,0.002,,0.05
cxcr4,Vina,1.0,NEF,,0.0,0.0,0.0,40,3446,35,0,0.0,0.0,0.495,0.0,-0.011,-0.011,,0.0
def,Vina,1.0,NEF,,9.8,16.949,9.641,102,5802,59,10,0.919,11.405,0.545,16.949,0.117,0.113,,0.2
dhi1,Vina,1.0,NEF,,4.24,7.107,4.238,330,19680,197,14,0.818,4.486,0.516,7.107,0.043,0.041,,0.09
dpp4,Vina,1.0,NEF,,0.56,0.723,0.563,533,41483,415,3,0.359,0.559,0.498,0.723,-0.005,-0.005,,0.02
drd3,Vina,1.0,NEF,,5.02,6.936,4.99,480,34530,346,24,0.841,5.287,0.52,6.936,0.048,0.047,,0.1
dyr,Vina,1.0,NEF,,7.36,9.714,7.33,231,17431,175,17,0.889,8.011,0.532,9.714,0.074,0.073,,0.12
egfr,Vina,1.0,NEF,,5.72,8.708,5.718,542,35592,356,31,0.86,6.168,0.524,8.708,0.059,0.058,,0.1
esr1,Vina,1.0,NEF,,18.54,33.649,18.51,383,21068,211,71,0.965,27.39,0.589,33.649,0.24,0.229,,0.35
esr2,Vina,1.0,NEF,,14.99,26.699,14.962,367,20566,206,55,0.952,20.047,0.571,26.699,0.189,0.181,,0.28
fa10,Vina,1.0,NEF,,15.83,29.412,15.808,537,28862,289,85,0.956,21.978,0.576,29.412,0.205,0.195,,0.38
fa7,Vina,1.0,NEF,,11.4,20.312,11.339,114,6364,64,13,0.933,13.975,0.553,20.312,0.141,0.135,,0.28
fabp4,Vina,1.0,NEF,,29.79,50.0,29.755,47,2797,28,14,0.983,58.511,0.646,50.0,0.378,0.365,,0.43
fak1,Vina,1.0,NEF,,19.0,34.545,18.827,100,5450,55,19,0.966,28.236,0.592,34.545,0.246,0.235,,0.33
fgfr1,Vina,1.0,NEF,,1.44,2.247,1.429,139,8839,89,2,0.59,1.439,0.502,2.247,0.005,0.005,,1.0
fkb1a,Vina,1.0,NEF,,7.21,13.333,7.1,111,5911,60,8,0.889,8.039,0.532,13.333,0.085,0.081,,0.13
fnta,Vina,1.0,NEF,,2.7,3.071,2.702,592,52092,521,16,0.734,2.756,0.509,3.071,0.018,0.018,,0.05
fpps,Vina,1.0,NEF,,0.0,0.0,0.0,85,8935,90,0,0.0,0.0,0.495,0.0,-0.01,-0.01,,0.0
gcr,Vina,1.0,NEF,,15.12,25.49,15.075,258,15258,153,39,0.952,19.89,0.572,25.49,0.186,0.179,,0.24
glcm,Vina,1.0,NEF,,0.0,0.0,0.0,54,3854,39,0,0.0,0.0,0.495,0.0,-0.012,-0.012,,0.0
gria2,Vina,1.0,NEF,,10.76,14.05,10.673,158,12003,121,17,0.925,12.254,0.549,14.05,0.113,0.112,,0.17
grik1,Vina,1.0,NEF,,4.0,5.97,3.931,101,6651,67,4,0.805,4.118,0.515,5.97,0.037,0.036,,0.08
hdac2,Vina,1.0,NEF,,11.89,20.952,11.875,185,10485,105,22,0.937,14.757,0.555,20.952,0.147,0.141,,0.24
hdac8,Vina,1.0,NEF,,20.0,31.776,19.85,170,10620,107,34,0.966,28.63,0.597,31.776,0.243,0.236,,0.34
hivint,Vina,1.0,NEF,,2.0,2.941,1.985,100,6750,68,2,0.668,2.015,0.505,2.941,0.012,0.012,,0.05
hivpr,Vina,1.0,NEF,,4.1,6.061,4.103,536,36286,363,22,0.811,4.303,0.516,6.061,0.038,0.037,,0.09
hivrt,Vina,1.0,NEF,,4.15,7.254,4.127,338,19229,193,14,0.814,4.371,0.516,7.254,0.042,0.04,,0.09
hmdh,Vina,1.0,NEF,,4.12,7.778,4.081,170,8920,90,7,0.813,4.341,0.516,7.778,0.043,0.041,,0.1
hs90a,Vina,1.0,NEF,,0.0,0.0,0.0,88,4938,50,0,0.0,0.0,0.495,0.0,-0.014,-0.013,,0.0
hxk4,Vina,1.0,NEF,,3.26,6.25,3.255,92,4792,48,3,0.773,3.406,0.512,6.25,0.032,0.03,,0.05
igf1r,Vina,1.0,NEF,,16.22,25.263,16.127,148,9448,95,24,0.955,21.241,0.577,25.263,0.192,0.188,,0.25
inha,Vina,1.0,NEF,,6.98,12.5,6.811,43,2343,24,3,0.884,7.641,0.53,12.5,0.081,0.077,,0.2
ital,Vina,1.0,NEF,,0.0,0.0,0.0,138,8638,87,0,0.0,0.0,0.495,0.0,-0.013,-0.013,,0.01
jak2,Vina,1.0,NEF,,15.89,25.373,15.667,107,6607,67,17,0.954,20.654,0.576,25.373,0.19,0.185,,0.26
kif11,Vina,1.0,NEF,,24.14,40.0,24.021,116,6966,70,28,0.975,39.368,0.618,40.0,0.302,0.292,,0.44
kit,Vina,1.0,NEF,,4.82,7.477,4.781,166,10616,107,8,0.836,5.087,0.519,7.477,0.048,0.047,,0.1
kith,Vina,1.0,NEF,,33.33,66.667,34.0,57,2907,30,20,0.99,100.0,0.674,66.667,0.477,0.452,,0.51
kpcb,Vina,1.0,NEF,,28.15,42.697,27.943,135,8835,89,38,0.98,48.017,0.638,42.697,0.339,0.331,,0.46
lck,Vina,1.0,NEF,,10.0,15.054,9.971,420,27820,279,42,0.92,11.561,0.546,15.054,0.112,0.109,,0.16
lkha4,Vina,1.0,NEF,,14.71,25.773,14.501,171,9621,97,25,0.95,19.189,0.569,25.773,0.183,0.176,,0.29
mapk2,Vina,1.0,NEF,,13.86,22.222,13.754,101,6251,63,14,0.946,17.397,0.565,22.222,0.165,0.16,,0.27
mcr,Vina,1.0,NEF,,7.45,13.208,7.368,94,5244,53,7,0.893,8.337,0.533,13.208,0.087,0.083,,0.14
met,Vina,1.0,NEF,,12.05,17.391,11.96,166,11416,115,20,0.935,14.268,0.556,17.391,0.134,0.132,,0.22
mk01,Vina,1.0,NEF,,3.8,6.383,3.74,79,4629,47,3,0.797,3.927,0.514,6.383,0.037,0.035,,0.11
mk10,Vina,1.0,NEF,,7.69,11.765,7.584,104,6704,68,8,0.894,8.462,0.534,11.765,0.084,0.082,,0.14
mk14,Vina,1.0,NEF,,6.57,10.411,6.561,578,36428,365,38,0.878,7.208,0.528,10.411,0.071,0.069,,0.13
mmp13,Vina,1.0,NEF,,4.02,6.085,4.018,572,37772,378,23,0.808,4.214,0.515,6.085,0.038,0.037,,0.08
mp2k1,Vina,1.0,NEF,,0.0,0.0,0.0,121,8271,83,0,0.0,0.0,0.495,0.0,-0.012,-0.012,,0.01
nos1,Vina,1.0,NEF,,2.0,2.439,1.988,100,8150,82,2,0.668,2.013,0.505,2.439,0.011,0.011,,0.03
nram,Vina,1.0,NEF,,0.0,0.0,0.0,98,6298,63,0,0.0,0.0,0.495,0.0,-0.013,-0.012,,0.0
pa2ga,Vina,1.0,NEF,,1.02,1.887,1.0,99,5249,53,1,0.5,1.0,0.5,1.887,0.0,0.0,,0.02
parp1,Vina,1.0,NEF,,13.78,22.876,13.761,508,30558,306,70,0.946,17.546,0.565,22.876,0.167,0.162,,0.26
pde5a,Vina,1.0,NEF,,11.81,16.786,11.787,398,27948,280,47,0.933,13.963,0.555,16.786,0.13,0.128,,0.19
pgh1,Vina,1.0,NEF,,6.15,10.909,6.151,195,10995,110,12,0.871,6.782,0.526,10.909,0.07,0.067,,0.11
pgh2,Vina,1.0,NEF,,25.98,47.881,25.961,435,23585,236,113,0.98,48.892,0.627,47.881,0.344,0.328,,0.45
plk1,Vina,1.0,NEF,,0.0,0.0,0.0,107,6907,70,0,0.0,0.0,0.495,0.0,-0.013,-0.012,,0.03
pnph,Vina,1.0,NEF,,11.76,16.901,11.573,103,7053,71,12,0.932,13.724,0.554,16.901,0.13,0.128,,0.2
ppara,Vina,1.0,NEF,,6.7,12.626,6.693,373,19772,198,25,0.883,7.516,0.529,12.626,0.079,0.075,,0.14
ppard,Vina,1.0,NEF,,1.25,2.4,1.249,240,12490,125,3,0.557,1.255,0.501,2.4,0.004,0.003,,0.05
pparg,Vina,1.0,NEF,,6.2,11.628,6.195,484,25784,258,30,0.873,6.878,0.526,11.628,0.072,0.069,,0.13
prgr,Vina,1.0,NEF,,12.97,23.75,12.923,293,15943,160,38,0.943,16.637,0.561,23.75,0.164,0.157,,0.22
ptn1,Vina,1.0,NEF,,26.15,45.946,26.083,130,7380,74,34,0.979,47.404,0.628,45.946,0.338,0.325,,0.45
pur2,Vina,1.0,NEF,,4.0,7.143,3.929,50,2750,28,2,0.806,4.154,0.515,7.143,0.04,0.039,,0.15
pygm,Vina,1.0,NEF,,2.6,4.878,2.551,77,4027,41,2,0.725,2.631,0.508,4.878,0.022,0.021,,0.04
pyrd,Vina,1.0,NEF,,20.72,34.848,20.598,111,6561,66,23,0.969,31.081,0.6,34.848,0.259,0.25,,0.34
reni,Vina,1.0,NEF,,4.85,7.042,4.782,104,7062,71,5,0.835,5.068,0.519,7.042,0.047,0.046,,0.11
rock1,Vina,1.0,NEF,,7.0,10.938,7.0,100,6400,64,7,0.886,7.737,0.53,10.938,0.076,0.074,,0.1
rxra,Vina,1.0,NEF,,29.77,54.93,29.691,131,7081,71,39,0.985,64.659,0.647,54.93,0.396,0.378,,0.51
sahh,Vina,1.0,NEF,,22.22,38.889,21.685,63,3513,36,14,0.972,34.848,0.608,38.889,0.284,0.273,,0.41
src,Vina,1.0,NEF,,5.53,8.262,5.522,524,35024,351,29,0.856,5.93,0.523,8.262,0.056,0.055,,0.09
tgfr1,Vina,1.0,NEF,,10.53,16.092,10.445,133,8633,87,14,0.925,12.257,0.548,16.092,0.119,0.117,,0.23
thb,Vina,1.0,NEF,,26.21,35.526,26.051,103,7553,76,27,0.976,39.855,0.628,35.526,0.297,0.293,,0.43
thrb,Vina,1.0,NEF,,1.52,2.545,1.517,461,27465,275,7,0.605,1.53,0.503,2.545,0.007,0.007,,0.07
try1,Vina,1.0,NEF,,2.67,4.528,2.665,449,26429,265,12,0.733,2.744,0.508,4.528,0.022,0.021,,0.07
tryb1,Vina,1.0,NEF,,8.11,15.385,8.106,148,7798,78,12,0.904,9.398,0.536,15.385,0.099,0.094,,0.16
tysy,Vina,1.0,NEF,,22.94,36.232,22.799,109,6859,69,25,0.972,35.186,0.611,36.232,0.279,0.272,,0.36
urok,Vina,1.0,NEF,,8.02,12.871,7.955,162,10012,101,13,0.9,8.982,0.536,12.871,0.09,0.088,,0.15
vgfr2,Vina,1.0,NEF,,17.36,27.953,17.331,409,25359,254,71,0.959,23.668,0.583,27.953,0.21,0.204,,0.28
wee1,Vina,1.0,NEF,,54.46,88.889,54.484,102,6252,63,56,0.998,482.353,0.774,88.889,0.695,0.675,,0.81
xiap,Vina,1.0,NEF,,10.1,18.868,9.906,100,5250,53,10,0.923,11.977,0.546,18.868,0.125,0.119,,0.16
aa2ar,GNINA,1.0,NEF,,6.43,9.657,6.418,482,32032,321,31,0.875,6.997,0.528,9.657,0.067,0.066,,0.14
abl1,GNINA,1.0,NEF,,20.44,33.636,20.204,182,10932,110,37,0.968,29.938,0.598,33.636,0.252,0.244,,0.34
ace,GNINA,1.0,NEF,,4.29,6.977,4.251,282,17182,172,12,0.818,4.495,0.517,6.977,0.042,0.041,,0.08
aces,GNINA,1.0,NEF,,15.45,26.119,15.397,453,26703,268,70,0.953,20.486,0.573,26.119,0.19,0.184,,0.27
ada,GNINA,1.0,NEF,,13.98,23.214,13.836,93,5543,56,13,0.947,17.717,0.566,23.214,0.169,0.164,,0.23
ada17,GNINA,1.0,NEF,,31.58,46.027,31.52,532,36432,365,168,0.983,57.547,0.655,46.027,0.374,0.367,,0.48
adrb1,GNINA,1.0,NEF,,4.05,6.211,4.048,247,16097,161,10,0.81,4.25,0.515,6.211,0.038,0.037,,0.08
adrb2,GNINA,1.0,NEF,,6.93,10.458,6.895,231,15231,153,16,0.883,7.584,0.53,10.458,0.074,0.072,,0.13
akt1,GNINA,1.0,NEF,,4.1,7.143,4.082,293,16743,168,12,0.812,4.319,0.516,7.143,0.041,0.04,,0.11
akt2,GNINA,1.0,NEF,,11.11,18.31,10.981,117,7017,71,13,0.93,13.218,0.551,18.31,0.131,0.127,,0.22
aldr,GNINA,1.0,NEF,,8.81,15.217,8.766,159,9159,92,14,0.91,10.16,0.54,15.217,0.104,0.1,,0.17
ampc,GNINA,1.0,NEF,,2.08,3.448,2.082,48,2898,29,1,0.68,2.121,0.506,3.448,0.014,0.014,,0.02
andr,GNINA,1.0,NEF,,8.55,15.646,8.503,269,14619,147,23,0.908,9.895,0.538,15.646,0.104,0.099,,0.17
aofb,GNINA,1.0,NEF,,1.64,2.817,1.621,122,7022,71,2,0.621,1.639,0.503,2.817,0.008,0.008,,0.04
bace1,GNINA,1.0,NEF,,20.85,32.065,20.829,283,18383,184,59,0.968,30.188,0.601,32.065,0.249,0.243,,0.32
braf,GNINA,1.0,NEF,,21.71,32.353,21.502,152,10102,102,33,0.969,31.307,0.605,32.353,0.256,0.251,,0.34
cah2,GNINA,1.0,NEF,,26.22,40.694,26.19,492,31664,317,129,0.978,43.474,0.628,40.694,0.318,0.311,,0.44
casp3,GNINA,1.0,NEF,,17.17,31.193,17.084,199,10899,109,34,0.961,24.375,0.582,31.193,0.22,0.211,,0.3
cdk2,GNINA,1.0,NEF,,21.35,35.563,21.251,474,28324,284,101,0.97,32.428,0.603,35.563,0.266,0.257,,0.37
comt,GNINA,1.0,NEF,,0.0,0.0,0.0,41,3891,39,0,0.0,0.0,0.495,0.0,-0.01,-0.01,,0.02
cp2c9,GNINA,1.0,NEF,,5.0,7.895,4.98,120,7570,76,6,0.842,5.321,0.52,7.895,0.051,0.05,,0.08
cp3a4,GNINA,1.0,NEF,,1.2,1.667,1.174,170,11970,120,2,0.541,1.176,0.501,1.667,0.002,0.002,,0.03
csf1r,GNINA,1.0,NEF,,19.28,25.806,19.147,166,12316,124,32,0.962,25.458,0.593,25.806,0.214,0.212,,0.31
cxcr4,GNINA,1.0,NEF,,15.0,17.143,14.769,40,3446,35,6,0.946,17.617,0.571,17.143,0.151,0.151,,0.33
def,GNINA,1.0,NEF,,31.37,55.932,31.816,102,5802,59,33,0.986,70.928,0.659,55.932,0.418,0.402,,0.58
dhi1,GNINA,1.0,NEF,,10.91,18.274,10.898,330,19680,197,36,0.929,13.111,0.55,18.274,0.13,0.126,,0.2
dpp4,GNINA,1.0,NEF,,14.63,18.795,14.628,533,41483,415,78,0.947,17.782,0.569,18.795,0.156,0.155,,0.23
drd3,GNINA,1.0,NEF,,8.16,11.272,8.109,480,34530,346,39,0.9,9.012,0.536,11.272,0.085,0.084,,0.14
dyr,GNINA,1.0,NEF,,28.57,37.714,28.459,231,17431,175,66,0.978,45.085,0.64,37.714,0.32,0.317,,0.44
egfr,GNINA,1.0,NEF,,22.69,34.551,22.689,542,35592,356,123,0.972,34.138,0.61,34.551,0.271,0.265,,0.35
esr1,GNINA,1.0,NEF,,24.8,45.024,24.767,383,21068,211,95,0.978,44.231,0.621,45.024,0.325,0.311,,0.43
esr2,GNINA,1.0,NEF,,29.16,51.942,29.107,367,20566,206,107,0.983,59.486,0.643,51.942,0.381,0.365,,0.46
fa10,GNINA,1.0,NEF,,26.44,49.135,26.408,537,28862,289,142,0.981,50.953,0.63,49.135,0.352,0.335,,0.61
fa7,GNINA,1.0,NEF,,30.7,54.688,30.529,114,6364,64,35,0.985,66.168,0.651,54.688,0.402,0.385,,0.52
fabp4,GNINA,1.0,NEF,,0.0,0.0,0.0,47,2797,28,0,0.0,0.0,0.495,0.0,-0.013,-0.013,,0.01
fak1,GNINA,1.0,NEF,,27.0,49.091,26.755,100,5450,55,27,0.981,51.589,0.632,49.091,0.356,0.34,,0.43
fgfr1,GNINA,1.0,NEF,,42.45,66.292,42.155,139,8839,89,59,0.992,123.094,0.711,66.292,0.525,0.512,,0.66
fkb1a,GNINA,1.0,NEF,,3.6,6.667,3.55,111,5911,60,4,0.789,3.732,0.513,6.667,0.036,0.034,,0.09
fnta,GNINA,1.0,NEF,,8.45,9.597,8.445,592,52092,521,50,0.902,9.235,0.538,9.597,0.08,0.08,,0.13
fpps,GNINA,1.0,NEF,,38.82,36.667,38.543,85,8935,90,33,0.984,60.279,0.691,38.824,0.371,0.371,,0.52
gcr,GNINA,1.0,NEF,,15.5,26.144,15.461,258,15258,153,40,0.954,20.58,0.574,26.144,0.191,0.184,,0.29
glcm,GNINA,1.0,NEF,,7.41,10.256,7.32,54,3854,39,4,0.889,8.042,0.532,10.256,0.076,0.075,,0.1
gria2,GNINA,1.0,NEF,,18.35,23.967,18.207,158,12003,121,29,0.959,23.631,0.588,23.967,0.201,0.199,,0.3
grik1,GNINA,1.0,NEF,,12.0,17.91,11.794,101,6651,67,12,0.934,14.149,0.555,17.91,0.135,0.132,,0.2
hdac2,GNINA,1.0,NEF,,3.78,6.667,3.778,185,10485,105,7,0.799,3.977,0.514,6.667,0.037,0.036,,0.09
hdac8,GNINA,1.0,NEF,,16.47,26.168,16.347,170,10620,107,28,0.956,21.787,0.579,26.168,0.197,0.192,,0.31
hivint,GNINA,1.0,NEF,,0.0,0.0,0.0,100,6750,68,0,0.0,0.0,0.495,0.0,-0.012,-0.012,,0.01
hivpr,GNINA,1.0,NEF,,28.36,41.873,28.347,536,36286,363,152,0.98,48.048,0.639,41.873,0.337,0.33,,0.45
hivrt,GNINA,1.0,NEF,,11.28,19.689,11.201,338,19229,193,38,0.932,13.702,0.552,19.689,0.137,0.132,,0.22
hmdh,GNINA,1.0,NEF,,36.47,70.0,36.729,170,8920,90,63,0.992,120.098,0.684,70.0,0.503,0.478,,0.65
hs90a,GNINA,1.0,NEF,,11.36,20.0,11.223,88,4938,50,10,0.932,13.778,0.553,20.0,0.139,0.134,,0.17
hxk4,GNINA,1.0,NEF,,20.65,39.583,20.618,92,4792,48,19,0.971,33.471,0.6,39.583,0.276,0.262,,0.31
igf1r,GNINA,1.0,NEF,,30.41,47.368,30.239,148,9448,95,45,0.983,56.554,0.649,47.368,0.372,0.363,,0.48
inha,GNINA,1.0,NEF,,2.33,4.167,2.27,43,2343,24,1,0.699,2.326,0.507,4.167,0.018,0.017,,0.04
ital,GNINA,1.0,NEF,,6.57,10.345,6.475,138,8638,87,9,0.877,7.107,0.528,10.345,0.07,0.068,,0.11
jak2,GNINA,1.0,NEF,,28.04,44.776,27.648,107,6607,67,30,0.98,49.255,0.637,44.776,0.346,0.337,,0.47
kif11,GNINA,1.0,NEF,,37.93,62.857,37.747,116,6966,70,44,0.99,99.934,0.688,62.857,0.482,0.466,,0.57
kit,GNINA,1.0,NEF,,13.86,21.495,13.747,166,10616,107,23,0.945,17.237,0.565,21.495,0.162,0.158,,0.22
kith,GNINA,1.0,NEF,,38.6,76.667,39.1,57,2907,30,23,0.994,164.286,0.701,76.667,0.55,0.522,,0.61
kpcb,GNINA,1.0,NEF,,23.7,35.955,23.531,135,8835,89,32,0.973,36.179,0.615,35.955,0.283,0.277,,0.36
lck,GNINA,1.0,NEF,,15.24,22.939,15.194,420,27820,279,64,0.951,19.42,0.572,22.939,0.177,0.173,,0.26
lkha4,GNINA,1.0,NEF,,15.29,26.804,15.081,171,9621,97,26,0.953,20.237,0.572,26.804,0.191,0.184,,0.3
mapk2,GNINA,1.0,NEF,,16.83,26.984,16.701,101,6251,63,17,0.957,22.503,0.58,26.984,0.203,0.197,,0.31
mcr,GNINA,1.0,NEF,,10.64,18.868,10.526,94,5244,53,10,0.927,12.741,0.549,18.868,0.13,0.125,,0.23
met,GNINA,1.0,NEF,,37.95,54.783,37.675,166,11416,115,63,0.988,82.107,0.687,54.783,0.449,0.442,,0.56
mk01,GNINA,1.0,NEF,,10.13,17.021,9.974,79,4629,47,8,0.922,11.814,0.546,17.021,0.12,0.116,,0.19
mk10,GNINA,1.0,NEF,,7.69,11.765,7.584,104,6704,68,8,0.894,8.462,0.534,11.765,0.084,0.082,,0.13
mk14,GNINA,1.0,NEF,,19.38,30.685,19.339,578,36428,365,112,0.965,27.457,0.593,30.685,0.234,0.228,,0.32
mmp13,GNINA,1.0,NEF,,9.09,13.757,9.084,572,37772,378,52,0.912,10.374,0.541,13.757,0.101,0.099,,0.17
mp2k1,GNINA,1.0,NEF,,5.83,8.434,5.765,121,8271,83,7,0.861,6.204,0.524,8.434,0.058,0.057,,0.13
nos1,GNINA,1.0,NEF,,8.0,9.756,7.951,100,8150,82,8,0.897,8.703,0.535,9.756,0.078,0.078,,0.13
nram,GNINA,1.0,NEF,,17.35,26.984,17.341,98,6298,63,17,0.959,23.381,0.583,26.984,0.207,0.201,,0.3
pa2ga,GNINA,1.0,NEF,,9.18,16.981,9.003,99,5249,53,9,0.914,10.64,0.541,16.981,0.112,0.107,,0.16
parp1,GNINA,1.0,NEF,,16.14,26.797,16.12,508,30558,306,82,0.956,21.654,0.577,26.797,0.198,0.191,,0.31
pde5a,GNINA,1.0,NEF,,14.32,20.357,14.295,398,27948,280,57,0.947,17.693,0.568,20.357,0.161,0.158,,0.24
pgh1,GNINA,1.0,NEF,,9.23,16.364,9.227,195,10995,110,18,0.916,10.836,0.542,16.364,0.111,0.107,,0.17
pgh2,GNINA,1.0,NEF,,17.24,31.78,17.23,435,23585,236,75,0.961,24.791,0.583,31.78,0.224,0.213,,0.29
plk1,GNINA,1.0,NEF,,38.68,60.0,38.731,107,6907,70,42,0.99,95.327,0.694,60.0,0.479,0.468,,0.61
pnph,GNINA,1.0,NEF,,35.29,52.113,35.685,103,7053,71,37,0.987,73.429,0.677,52.113,0.426,0.418,,0.57
ppara,GNINA,1.0,NEF,,4.83,9.091,4.819,373,19772,198,18,0.839,5.201,0.519,9.091,0.053,0.051,,0.11
ppard,GNINA,1.0,NEF,,4.58,8.8,4.58,240,12490,125,11,0.831,4.925,0.518,8.8,0.05,0.048,,0.08
pparg,GNINA,1.0,NEF,,5.99,11.24,5.988,484,25784,258,29,0.869,6.62,0.525,11.24,0.069,0.066,,0.12
prgr,GNINA,1.0,NEF,,18.43,33.75,18.364,293,15943,160,54,0.965,27.21,0.589,33.75,0.239,0.228,,0.32
ptn1,GNINA,1.0,NEF,,25.38,44.595,25.316,130,7380,74,33,0.978,44.887,0.624,44.595,0.328,0.315,,0.45
pur2,GNINA,1.0,NEF,,52.0,92.857,51.071,50,2750,28,26,0.999,702.0,0.76,92.857,0.691,0.662,,0.92
pygm,GNINA,1.0,NEF,,3.9,7.317,3.827,77,4027,41,3,0.802,4.05,0.515,7.317,0.04,0.038,,0.08
pyrd,GNINA,1.0,NEF,,22.52,37.879,22.389,111,6561,66,25,0.973,35.432,0.609,37.879,0.283,0.273,,0.34
reni,GNINA,1.0,NEF,,8.74,12.676,8.608,104,7062,71,9,0.907,9.712,0.539,12.676,0.094,0.092,,0.15
rock1,GNINA,1.0,NEF,,19.0,29.688,19.0,100,6400,64,19,0.964,26.6,0.591,29.688,0.228,0.222,,0.29
rxra,GNINA,1.0,NEF,,35.88,66.197,35.782,131,7081,71,47,0.99,103.896,0.678,66.197,0.481,0.458,,0.58
sahh,GNINA,1.0,NEF,,0.0,0.0,0.0,63,3513,36,0,0.0,0.0,0.495,0.0,-0.014,-0.013,,0.04
src,GNINA,1.0,NEF,,11.83,17.664,11.806,524,35024,351,62,0.934,14.125,0.555,17.664,0.134,0.131,,0.27
tgfr1,GNINA,1.0,NEF,,28.57,43.678,28.351,133,8633,87,38,0.98,49.563,0.64,43.678,0.345,0.337,,0.47
thb,GNINA,1.0,NEF,,34.95,47.368,34.735,103,7553,76,36,0.985,65.097,0.672,47.368,0.4,0.395,,0.54
thrb,GNINA,1.0,NEF,,35.14,58.909,35.096,461,27465,275,162,0.988,83.978,0.674,58.909,0.448,0.433,,0.57
try1,GNINA,1.0,NEF,,22.94,38.868,22.878,449,26429,265,103,0.974,36.789,0.612,38.868,0.289,0.279,,0.43
tryb1,GNINA,1.0,NEF,,2.03,3.846,2.027,148,7798,78,3,0.674,2.068,0.505,3.846,0.014,0.014,,0.07
tysy,GNINA,1.0,NEF,,30.28,47.826,30.095,109,6859,69,33,0.983,56.766,0.649,47.826,0.373,0.363,,0.49
urok,GNINA,1.0,NEF,,12.35,19.802,12.238,162,10012,101,20,0.938,15.013,0.558,19.802,0.145,0.141,,0.25
vgfr2,GNINA,1.0,NEF,,22.74,36.614,22.702,409,25359,254,93,0.972,35.237,0.61,36.614,0.279,0.272,,0.38
wee1,GNINA,1.0,NEF,,59.41,96.825,59.348,102,6252,63,61,0.999,1838.971,0.799,96.825,0.758,0.736,,0.84
xiap,GNINA,1.0,NEF,,35.35,67.925,35.66,100,5250,53,36,0.991,109.059,0.678,67.925,0.488,0.464,,0.59
aa2ar,RF-Score-VS‡,1.0,NEF,,2.28,3.427,2.277,482,32032,321,11,0.699,2.323,0.506,3.427,0.016,0.016,,0.04
abl1,RF-Score-VS‡,1.0,NEF,,11.05,18.182,10.921,182,10932,110,20,0.929,13.126,0.551,18.182,0.13,0.126,,0.19
ace,RF-Score-VS‡,1.0,NEF,,5.71,9.302,5.668,282,17182,172,16,0.86,6.147,0.524,9.302,0.061,0.059,,0.1
aces,RF-Score-VS‡,1.0,NEF,,3.97,6.716,3.959,453,26703,268,18,0.807,4.172,0.515,6.716,0.039,0.038,,0.09
ada,RF-Score-VS‡,1.0,NEF,,4.3,7.143,4.257,93,5543,56,4,0.818,4.508,0.517,7.143,0.043,0.042,,0.1
ada17,RF-Score-VS‡,1.0,NEF,,2.82,4.11,2.814,532,36432,365,15,0.743,2.892,0.509,4.11,0.022,0.022,,0.07
adrb1,RF-Score-VS‡,1.0,NEF,,0.4,0.621,0.405,247,16097,161,1,0.286,0.401,0.497,0.621,-0.007,-0.007,,0.03
adrb2,RF-Score-VS‡,1.0,NEF,,0.87,1.307,0.862,231,15231,153,2,0.462,0.86,0.499,1.307,-0.002,-0.002,,0.02
akt1,RF-Score-VS‡,1.0,NEF,,1.37,2.381,1.361,293,16743,168,4,0.578,1.369,0.502,2.381,0.005,0.005,,0.04
akt2,RF-Score-VS‡,1.0,NEF,,0.85,1.408,0.845,117,7017,71,1,0.457,0.842,0.499,1.408,-0.002,-0.002,,0.02
aldr,RF-Score-VS‡,1.0,NEF,,1.26,2.174,1.252,159,9159,92,2,0.557,1.258,0.501,2.174,0.003,0.003,,0.03
ampc,RF-Score-VS‡,1.0,NEF,,0.0,0.0,0.0,48,2898,29,0,0.0,0.0,0.495,0.0,-0.013,-0.013,,0.01
andr,RF-Score-VS‡,1.0,NEF,,1.49,2.721,1.479,269,14619,147,4,0.599,1.492,0.502,2.721,0.007,0.006,,0.03
aofb,RF-Score-VS‡,1.0,NEF,,0.82,1.408,0.811,122,7022,71,1,0.447,0.808,0.499,1.408,-0.003,-0.002,,0.02
bace1,RF-Score-VS‡,1.0,NEF,,18.37,28.261,18.358,283,18383,184,52,0.962,25.195,0.588,28.261,0.218,0.213,,0.3
braf,RF-Score-VS‡,1.0,NEF,,12.5,18.627,12.38,152,10102,102,19,0.937,14.985,0.558,18.627,0.142,0.139,,0.2
cah2,RF-Score-VS‡,1.0,NEF,,18.5,28.707,18.475,492,31664,317,91,0.962,25.511,0.589,28.707,0.221,0.215,,0.3
casp3,RF-Score-VS‡,1.0,NEF,,2.02,3.67,2.01,199,10899,109,4,0.672,2.048,0.505,3.67,0.014,0.013,,0.04
cdk2,RF-Score-VS‡,1.0,NEF,,0.85,1.408,0.842,474,28324,284,4,0.456,0.839,0.499,1.408,-0.002,-0.002,,0.02
comt,RF-Score-VS‡,1.0,NEF,,0.0,0.0,0.0,41,3891,39,0,0.0,0.0,0.495,0.0,-0.01,-0.01,,0.0
cp2c9,RF-Score-VS‡,1.0,NEF,,5.0,7.895,4.98,120,7570,76,6,0.842,5.321,0.52,7.895,0.051,0.05,,0.09
cp3a4,RF-Score-VS‡,1.0,NEF,,3.59,5.0,3.521,170,11970,120,6,0.785,3.653,0.513,5.0,0.03,0.03,,0.07
cxcr4,RF-Score-VS‡,1.0,NEF,,0.0,0.0,0.0,40,3446,35,0,0.0,0.0,0.495,0.0,-0.011,-0.011,,0.0
def,RF-Score-VS‡,1.0,NEF,,4.9,8.475,4.821,102,5802,59,5,0.838,5.174,0.52,8.475,0.052,0.05,,0.08
dhi1,RF-Score-VS‡,1.0,NEF,,6.36,10.66,6.357,330,19680,197,21,0.875,6.996,0.527,10.66,0.07,0.068,,0.12
dpp4,RF-Score-VS‡,1.0,NEF,,0.75,0.964,0.75,533,41483,415,4,0.428,0.748,0.499,0.964,-0.003,-0.003,,0.02
drd3,RF-Score-VS‡,1.0,NEF,,3.77,5.202,3.742,480,34530,346,18,0.796,3.893,0.514,5.202,0.033,0.032,,0.08
dyr,RF-Score-VS‡,1.0,NEF,,1.3,1.714,1.294,231,17431,175,3,0.565,1.299,0.501,1.714,0.003,0.003,,0.03
egfr,RF-Score-VS‡,1.0,NEF,,2.58,3.933,2.582,542,35592,356,14,0.726,2.647,0.508,3.933,0.02,0.019,,0.06
esr1,RF-Score-VS‡,1.0,NEF,,0.0,0.0,0.0,383,21068,211,0,0.0,0.0,0.495,0.0,-0.014,-0.013,,0.0
esr2,RF-Score-VS‡,1.0,NEF,,0.0,0.0,0.0,367,20566,206,0,0.0,0.0,0.495,0.0,-0.014,-0.013,,0.0
fa10,RF-Score-VS‡,1.0,NEF,,13.04,24.221,13.018,537,28862,289,70,0.944,16.86,0.561,24.221,0.166,0.159,,0.31
fa7,RF-Score-VS‡,1.0,NEF,,18.42,32.812,18.317,114,6364,64,21,0.964,26.775,0.589,32.812,0.236,0.226,,0.35
fabp4,RF-Score-VS‡,1.0,NEF,,0.0,0.0,0.0,47,2797,28,0,0.0,0.0,0.495,0.0,-0.013,-0.013,,0.05
fak1,RF-Score-VS‡,1.0,NEF,,2.0,3.636,1.982,100,5450,55,2,0.669,2.019,0.505,3.636,0.014,0.013,,0.05
fgfr1,RF-Score-VS‡,1.0,NEF,,1.44,2.247,1.429,139,8839,89,2,0.59,1.439,0.502,2.247,0.005,0.005,,
fkb1a,RF-Score-VS‡,1.0,NEF,,1.8,3.333,1.775,111,5911,60,2,0.643,1.802,0.504,3.333,0.011,0.01,,0.03
fnta,RF-Score-VS‡,1.0,NEF,,8.11,9.213,8.107,592,52092,521,48,0.898,8.828,0.536,9.213,0.077,0.076,,0.11
fpps,RF-Score-VS‡,1.0,NEF,,0.0,0.0,0.0,85,8935,90,0,0.0,0.0,0.495,0.0,-0.01,-0.01,,0.0
gcr,RF-Score-VS‡,1.0,NEF,,2.33,3.922,2.319,258,15258,153,6,0.704,2.373,0.507,3.922,0.017,0.017,,0.05
glcm,RF-Score-VS‡,1.0,NEF,,0.0,0.0,0.0,54,3854,39,0,0.0,0.0,0.495,0.0,-0.012,-0.012,,0.0
gria2,RF-Score-VS‡,1.0,NEF,,4.43,5.785,4.395,158,12003,121,7,0.822,4.603,0.517,5.785,0.04,0.039,,0.07
grik1,RF-Score-VS‡,1.0,NEF,,2.0,2.985,1.966,101,6651,67,2,0.666,1.995,0.505,2.985,0.012,0.012,,0.03
hdac2,RF-Score-VS‡,1.0,NEF,,2.7,4.762,2.699,185,10485,105,5,0.736,2.784,0.509,4.762,0.023,0.022,,0.08
hdac8,RF-Score-VS‡,1.0,NEF,,3.53,5.607,3.503,170,10620,107,6,0.785,3.652,0.513,5.607,0.032,0.031,,0.07
hivint,RF-Score-VS‡,1.0,NEF,,0.0,0.0,0.0,100,6750,68,0,0.0,0.0,0.495,0.0,-0.012,-0.012,,0.0
hivpr,RF-Score-VS‡,1.0,NEF,,23.51,34.711,23.498,536,36286,363,126,0.973,35.46,0.614,34.711,0.277,0.272,,0.36
hivrt,RF-Score-VS‡,1.0,NEF,,0.3,0.518,0.295,338,19229,193,1,0.225,0.291,0.496,0.518,-0.009,-0.009,,0.02
hmdh,RF-Score-VS‡,1.0,NEF,,4.71,8.889,4.664,170,8920,90,8,0.834,5.022,0.519,8.889,0.052,0.049,,0.1
hs90a,RF-Score-VS‡,1.0,NEF,,0.0,0.0,0.0,88,4938,50,0,0.0,0.0,0.495,0.0,-0.014,-0.013,,0.0
hxk4,RF-Score-VS‡,1.0,NEF,,0.0,0.0,0.0,92,4792,48,0,0.0,0.0,0.495,0.0,-0.014,-0.013,,0.01
igf1r,RF-Score-VS‡,1.0,NEF,,12.84,20.0,12.768,148,9448,95,19,0.94,15.709,0.56,20.0,0.15,0.146,,0.2
inha,RF-Score-VS‡,1.0,NEF,,0.0,0.0,0.0,43,2343,24,0,0.0,0.0,0.495,0.0,-0.014,-0.013,,0.03
ital,RF-Score-VS‡,1.0,NEF,,0.73,1.149,0.719,138,8638,87,1,0.417,0.716,0.499,1.149,-0.004,-0.004,,0.05
jak2,RF-Score-VS‡,1.0,NEF,,8.41,13.433,8.294,107,6607,67,9,0.904,9.426,0.538,13.433,0.095,0.092,,0.13
kif11,RF-Score-VS‡,1.0,NEF,,14.66,24.286,14.584,116,6966,70,17,0.95,18.941,0.569,24.286,0.178,0.172,,0.29
kit,RF-Score-VS‡,1.0,NEF,,6.63,10.28,6.574,166,10616,107,11,0.878,7.213,0.529,10.28,0.071,0.069,,0.12
kith,RF-Score-VS‡,1.0,NEF,,1.75,3.333,1.7,57,2907,30,1,0.633,1.724,0.504,3.333,0.01,0.01,,0.06
kpcb,RF-Score-VS‡,1.0,NEF,,0.0,0.0,0.0,135,8835,89,0,0.0,0.0,0.495,0.0,-0.013,-0.012,,0.03
lck,RF-Score-VS‡,1.0,NEF,,3.57,5.376,3.561,420,27820,279,15,0.788,3.707,0.513,5.376,0.032,0.031,,0.07
lkha4,RF-Score-VS‡,1.0,NEF,,0.0,0.0,0.0,171,9621,97,0,0.0,0.0,0.495,0.0,-0.014,-0.013,,0.02
mapk2,RF-Score-VS‡,1.0,NEF,,1.98,3.175,1.965,101,6251,63,2,0.666,1.996,0.505,3.175,0.012,0.012,,0.04
mcr,RF-Score-VS‡,1.0,NEF,,4.26,7.547,4.21,94,5244,53,4,0.817,4.472,0.517,7.547,0.044,0.042,,0.11
met,RF-Score-VS‡,1.0,NEF,,19.28,27.826,19.136,166,11416,115,32,0.963,26.129,0.593,27.826,0.222,0.218,,0.32
mk01,RF-Score-VS‡,1.0,NEF,,5.06,8.511,4.987,79,4629,47,4,0.843,5.358,0.521,8.511,0.053,0.051,,0.11
mk10,RF-Score-VS‡,1.0,NEF,,4.81,7.353,4.74,104,6704,68,5,0.834,5.037,0.519,7.353,0.048,0.046,,0.07
mk14,RF-Score-VS‡,1.0,NEF,,7.44,11.781,7.425,578,36428,365,43,0.892,8.283,0.533,11.781,0.082,0.08,,0.13
mmp13,RF-Score-VS‡,1.0,NEF,,5.59,8.466,5.59,572,37772,378,32,0.857,6.015,0.523,8.466,0.057,0.056,,0.1
mp2k1,RF-Score-VS‡,1.0,NEF,,0.83,1.205,0.824,121,8271,83,1,0.451,0.821,0.499,1.205,-0.002,-0.002,,0.02
nos1,RF-Score-VS‡,1.0,NEF,,0.0,0.0,0.0,100,8150,82,0,0.0,0.0,0.495,0.0,-0.011,-0.011,,0.01
nram,RF-Score-VS‡,1.0,NEF,,0.0,0.0,0.0,98,6298,63,0,0.0,0.0,0.495,0.0,-0.013,-0.012,,0.01
pa2ga,RF-Score-VS‡,1.0,NEF,,0.0,0.0,0.0,99,5249,53,0,0.0,0.0,0.495,0.0,-0.014,-0.013,,0.03
parp1,RF-Score-VS‡,1.0,NEF,,2.56,4.248,2.556,508,30558,306,13,0.724,2.625,0.508,4.248,0.02,0.02,,0.06
pde5a,RF-Score-VS‡,1.0,NEF,,1.01,1.429,1.003,398,27948,280,4,0.501,1.003,0.5,1.429,0.0,0.0,,0.02
pgh1,RF-Score-VS‡,1.0,NEF,,1.54,2.727,1.538,195,10995,110,3,0.608,1.553,0.503,2.727,0.007,0.007,,0.04
pgh2,RF-Score-VS‡,1.0,NEF,,1.84,3.39,1.838,435,23585,236,8,0.651,1.867,0.504,3.39,0.012,0.011,,0.04
plk1,RF-Score-VS‡,1.0,NEF,,5.66,8.571,5.533,107,6907,70,6,0.856,5.958,0.523,8.571,0.058,0.056,,0.11
pnph,RF-Score-VS‡,1.0,NEF,,0.0,0.0,0.0,103,7053,71,0,0.0,0.0,0.495,0.0,-0.012,-0.012,,0.01
ppara,RF-Score-VS‡,1.0,NEF,,0.8,1.515,0.803,373,19772,198,3,0.444,0.8,0.499,1.515,-0.003,-0.003,,0.02
ppard,RF-Score-VS‡,1.0,NEF,,1.25,2.4,1.249,240,12490,125,3,0.557,1.255,0.501,2.4,0.004,0.003,,0.04
pparg,RF-Score-VS‡,1.0,NEF,,3.1,5.814,3.097,484,25784,258,15,0.763,3.227,0.511,5.814,0.029,0.028,,0.08
prgr,RF-Score-VS‡,1.0,NEF,,2.39,4.375,2.381,293,15943,160,7,0.71,2.444,0.507,4.375,0.019,0.018,,0.05
ptn1,RF-Score-VS‡,1.0,NEF,,10.0,17.568,9.973,130,7380,74,13,0.922,11.885,0.546,17.568,0.121,0.116,,0.2
pur2,RF-Score-VS‡,1.0,NEF,,0.0,0.0,0.0,50,2750,28,0,0.0,0.0,0.495,0.0,-0.014,-0.013,,0.0
pygm,RF-Score-VS‡,1.0,NEF,,0.0,0.0,0.0,77,4027,41,0,0.0,0.0,0.495,0.0,-0.014,-0.013,,0.0
pyrd,RF-Score-VS‡,1.0,NEF,,11.71,19.697,11.643,111,6561,66,13,0.934,14.253,0.554,19.697,0.141,0.136,,0.18
reni,RF-Score-VS‡,1.0,NEF,,3.88,5.634,3.826,104,7062,71,4,0.8,3.994,0.514,5.634,0.035,0.034,,0.06
rock1,RF-Score-VS‡,1.0,NEF,,1.0,1.562,1.0,100,6400,64,1,0.5,1.0,0.5,1.562,0.0,0.0,,0.02
rxra,RF-Score-VS‡,1.0,NEF,,0.76,1.408,0.761,131,7081,71,1,0.431,0.758,0.499,1.408,-0.003,-0.003,,0.02
sahh,RF-Score-VS‡,1.0,NEF,,0.0,0.0,0.0,63,3513,36,0,0.0,0.0,0.495,0.0,-0.014,-0.013,,0.0
src,RF-Score-VS‡,1.0,NEF,,1.53,2.279,1.523,524,35024,351,8,0.606,1.536,0.503,2.279,0.006,0.006,,0.04
tgfr1,RF-Score-VS‡,1.0,NEF,,0.75,1.149,0.746,133,8633,87,1,0.426,0.743,0.499,1.149,-0.003,-0.003,,0.02
thb,RF-Score-VS‡,1.0,NEF,,1.94,2.632,1.93,103,7553,76,2,0.662,1.955,0.505,2.632,0.011,0.011,,0.03
thrb,RF-Score-VS‡,1.0,NEF,,7.38,12.364,7.366,461,27465,275,34,0.892,8.264,0.532,12.364,0.084,0.081,,0.13
try1,RF-Score-VS‡,1.0,NEF,,9.35,15.849,9.329,449,26429,265,42,0.916,10.898,0.542,15.849,0.11,0.106,,0.18
tryb1,RF-Score-VS‡,1.0,NEF,,7.43,14.103,7.431,148,7798,78,11,0.895,8.486,0.533,14.103,0.09,0.085,,0.16
tysy,RF-Score-VS‡,1.0,NEF,,3.67,5.797,3.648,109,6859,69,4,0.792,3.811,0.514,5.797,0.034,0.033,,0.08
urok,RF-Score-VS‡,1.0,NEF,,2.47,3.96,2.448,162,10012,101,4,0.715,2.507,0.507,3.96,0.019,0.018,,0.05
vgfr2,RF-Score-VS‡,1.0,NEF,,5.87,9.449,5.858,409,25359,254,24,0.864,6.365,0.525,9.449,0.063,0.061,,0.12
wee1,RF-Score-VS‡,1.0,NEF,,1.98,3.175,1.946,102,6252,63,2,0.664,1.977,0.505,3.175,0.012,0.012,,0.08
xiap,RF-Score-VS‡,1.0,NEF,,0.0,0.0,0.0,100,5250,53,0,0.0,0.0,0.495,0.0,-0.014,-0.013,,0.01
aa2ar,NN-Score,1.0,NEF,,0.62,0.935,0.621,482,32032,321,3,0.382,0.618,0.498,0.935,-0.005,-0.005,,0.01
abl1,NN-Score,1.0,NEF,,2.21,3.636,2.184,182,10932,110,4,0.69,2.229,0.506,3.636,0.016,0.015,,0.03
ace,NN-Score,1.0,NEF,,4.64,7.558,4.605,282,17182,172,13,0.831,4.9,0.518,7.558,0.047,0.045,,0.1
aces,NN-Score,1.0,NEF,,1.55,2.612,1.54,453,26703,268,7,0.608,1.554,0.503,2.612,0.007,0.007,,0.03
ada,NN-Score,1.0,NEF,,0.0,0.0,0.0,93,5543,56,0,0.0,0.0,0.495,0.0,-0.013,-0.013,,0.0
ada17,NN-Score,1.0,NEF,,3.76,5.479,3.752,532,36432,365,20,0.796,3.912,0.514,5.479,0.034,0.033,,0.07
adrb1,NN-Score,1.0,NEF,,2.02,3.106,2.024,247,16097,161,5,0.673,2.057,0.505,3.106,0.013,0.013,,0.03
adrb2,NN-Score,1.0,NEF,,3.46,5.229,3.448,231,15231,153,8,0.782,3.583,0.512,5.229,0.031,0.03,,0.06
akt1,NN-Score,1.0,NEF,,0.0,0.0,0.0,293,16743,168,0,0.0,0.0,0.495,0.0,-0.013,-0.013,,0.01
akt2,NN-Score,1.0,NEF,,1.71,2.817,1.689,117,7017,71,2,0.631,1.709,0.504,2.817,0.009,0.009,,0.05
aldr,NN-Score,1.0,NEF,,0.0,0.0,0.0,159,9159,92,0,0.0,0.0,0.495,0.0,-0.013,-0.013,,0.01
ampc,NN-Score,1.0,NEF,,0.0,0.0,0.0,48,2898,29,0,0.0,0.0,0.495,0.0,-0.013,-0.013,,0.01
andr,NN-Score,1.0,NEF,,2.6,4.762,2.588,269,14619,147,7,0.727,2.667,0.508,4.762,0.022,0.021,,0.04
aofb,NN-Score,1.0,NEF,,0.0,0.0,0.0,122,7022,71,0,0.0,0.0,0.495,0.0,-0.013,-0.013,,0.02
bace1,NN-Score,1.0,NEF,,2.12,3.261,2.118,283,18383,184,6,0.683,2.156,0.506,3.261,0.014,0.014,,0.03
braf,NN-Score,1.0,NEF,,0.66,0.98,0.652,152,10102,102,1,0.393,0.648,0.498,0.98,-0.004,-0.004,,0.03
cah2,NN-Score,1.0,NEF,,3.66,5.678,3.654,492,31664,317,18,0.792,3.814,0.513,5.678,0.034,0.033,,0.06
casp3,NN-Score,1.0,NEF,,4.04,7.339,4.02,199,10899,109,8,0.81,4.259,0.515,7.339,0.041,0.04,,0.07
cdk2,NN-Score,1.0,NEF,,1.48,2.465,1.473,474,28324,284,7,0.598,1.485,0.502,2.465,0.006,0.006,,0.03
comt,NN-Score,1.0,NEF,,4.88,5.128,4.867,41,3891,39,2,0.835,5.076,0.52,5.128,0.04,0.04,,0.06
cp2c9,NN-Score,1.0,NEF,,0.0,0.0,0.0,120,7570,76,0,0.0,0.0,0.495,0.0,-0.013,-0.012,,0.01
cp3a4,NN-Score,1.0,NEF,,0.0,0.0,0.0,170,11970,120,0,0.0,0.0,0.495,0.0,-0.012,-0.012,,0.01
cxcr4,NN-Score,1.0,NEF,,5.0,5.714,4.923,40,3446,35,2,0.838,5.161,0.52,5.714,0.043,0.043,,0.1
def,NN-Score,1.0,NEF,,1.96,3.39,1.928,102,5802,59,2,0.662,1.961,0.505,3.39,0.013,0.012,,0.04
dhi1,NN-Score,1.0,NEF,,1.82,3.046,1.816,330,19680,197,6,0.648,1.842,0.504,3.046,0.011,0.01,,0.04
dpp4,NN-Score,1.0,NEF,,3.19,4.096,3.188,533,41483,415,17,0.766,3.282,0.511,4.096,0.025,0.025,,0.06
drd3,NN-Score,1.0,NEF,,1.26,1.734,1.247,480,34530,346,6,0.556,1.252,0.501,1.734,0.003,0.003,,0.03
dyr,NN-Score,1.0,NEF,,1.3,1.714,1.294,231,17431,175,3,0.565,1.299,0.501,1.714,0.003,0.003,,0.04
egfr,NN-Score,1.0,NEF,,2.77,4.213,2.767,542,35592,356,15,0.74,2.845,0.509,4.213,0.022,0.022,,0.06
esr1,NN-Score,1.0,NEF,,1.31,2.37,1.304,383,21068,211,5,0.567,1.311,0.502,2.37,0.004,0.004,,0.02
esr2,NN-Score,1.0,NEF,,0.27,0.485,0.272,367,20566,206,1,0.212,0.268,0.496,0.485,-0.01,-0.009,,0.01
fa10,NN-Score,1.0,NEF,,0.93,1.73,0.93,537,28862,289,5,0.481,0.929,0.5,1.73,-0.001,-0.001,,0.03
fa7,NN-Score,1.0,NEF,,0.0,0.0,0.0,114,6364,64,0,0.0,0.0,0.495,0.0,-0.014,-0.013,,0.02
fabp4,NN-Score,1.0,NEF,,0.0,0.0,0.0,47,2797,28,0,0.0,0.0,0.495,0.0,-0.013,-0.013,,0.0
fak1,NN-Score,1.0,NEF,,0.0,0.0,0.0,100,5450,55,0,0.0,0.0,0.495,0.0,-0.014,-0.013,,0.0
fgfr1,NN-Score,1.0,NEF,,1.44,2.247,1.429,139,8839,89,2,0.59,1.439,0.502,2.247,0.005,0.005,,
fkb1a,NN-Score,1.0,NEF,,0.0,0.0,0.0,111,5911,60,0,0.0,0.0,0.495,0.0,-0.014,-0.013,,0.01
fnta,NN-Score,1.0,NEF,,1.52,1.727,1.52,592,52092,521,9,0.605,1.529,0.503,1.727,0.006,0.006,,0.03
fpps,NN-Score,1.0,NEF,,78.82,74.444,78.254,85,8935,90,67,0.997,303.299,0.893,78.824,0.764,0.763,,0.92
gcr,NN-Score,1.0,NEF,,2.33,3.922,2.319,258,15258,153,6,0.704,2.373,0.507,3.922,0.017,0.017,,0.06
glcm,NN-Score,1.0,NEF,,1.85,2.564,1.83,54,3854,39,1,0.649,1.852,0.504,2.564,0.01,0.01,,0.05
gria2,NN-Score,1.0,NEF,,8.86,11.57,8.79,158,12003,121,14,0.907,9.809,0.54,11.57,0.091,0.09,,0.14
grik1,NN-Score,1.0,NEF,,4.0,5.97,3.931,101,6651,67,4,0.805,4.118,0.515,5.97,0.037,0.036,,0.06
hdac2,NN-Score,1.0,NEF,,2.16,3.81,2.159,185,10485,105,4,0.688,2.205,0.506,3.81,0.016,0.015,,0.05
hdac8,NN-Score,1.0,NEF,,0.59,0.935,0.584,170,10620,107,1,0.367,0.58,0.498,0.935,-0.005,-0.005,,0.02
hivint,NN-Score,1.0,NEF,,0.0,0.0,0.0,100,6750,68,0,0.0,0.0,0.495,0.0,-0.012,-0.012,,0.0
hivpr,NN-Score,1.0,NEF,,0.19,0.275,0.186,536,36286,363,1,0.156,0.184,0.496,0.275,-0.01,-0.01,,0.01
hivrt,NN-Score,1.0,NEF,,2.08,3.627,2.063,338,19229,193,7,0.678,2.103,0.505,3.627,0.014,0.014,,0.05
hmdh,NN-Score,1.0,NEF,,1.76,3.333,1.749,170,8920,90,3,0.64,1.775,0.504,3.333,0.011,0.01,,0.04
hs90a,NN-Score,1.0,NEF,,2.27,4.0,2.245,88,4938,50,2,0.697,2.296,0.506,4.0,0.017,0.016,,0.04
hxk4,NN-Score,1.0,NEF,,0.0,0.0,0.0,92,4792,48,0,0.0,0.0,0.495,0.0,-0.014,-0.013,,0.0
igf1r,NN-Score,1.0,NEF,,2.7,4.211,2.688,148,9448,95,4,0.734,2.762,0.509,4.211,0.021,0.021,,0.04
inha,NN-Score,1.0,NEF,,0.0,0.0,0.0,43,2343,24,0,0.0,0.0,0.495,0.0,-0.014,-0.013,,0.0
ital,NN-Score,1.0,NEF,,0.73,1.149,0.719,138,8638,87,1,0.417,0.716,0.499,1.149,-0.004,-0.004,,0.01
jak2,NN-Score,1.0,NEF,,2.8,4.478,2.765,107,6607,67,3,0.74,2.848,0.509,4.478,0.023,0.022,,0.06
kif11,NN-Score,1.0,NEF,,0.0,0.0,0.0,116,6966,70,0,0.0,0.0,0.495,0.0,-0.013,-0.013,,0.01
kit,NN-Score,1.0,NEF,,2.41,3.738,2.391,166,10616,107,4,0.71,2.445,0.507,3.738,0.018,0.017,,0.03
kith,NN-Score,1.0,NEF,,0.0,0.0,0.0,57,2907,30,0,0.0,0.0,0.495,0.0,-0.014,-0.014,,0.04
kpcb,NN-Score,1.0,NEF,,2.22,3.371,2.206,135,8835,89,3,0.692,2.248,0.506,3.371,0.015,0.015,,0.04
lck,NN-Score,1.0,NEF,,0.71,1.075,0.712,420,27820,279,3,0.415,0.709,0.499,1.075,-0.004,-0.004,,0.02
lkha4,NN-Score,1.0,NEF,,0.0,0.0,0.0,171,9621,97,0,0.0,0.0,0.495,0.0,-0.014,-0.013,,0.0
mapk2,NN-Score,1.0,NEF,,1.98,3.175,1.965,101,6251,63,2,0.666,1.996,0.505,3.175,0.012,0.012,,0.03
mcr,NN-Score,1.0,NEF,,9.57,16.981,9.473,94,5244,53,9,0.918,11.206,0.544,16.981,0.116,0.111,,0.2
met,NN-Score,1.0,NEF,,1.2,1.739,1.196,166,11416,115,2,0.545,1.199,0.501,1.739,0.002,0.002,,0.03
mk01,NN-Score,1.0,NEF,,1.27,2.128,1.247,79,4629,47,1,0.556,1.252,0.501,2.128,0.003,0.003,,0.06
mk10,NN-Score,1.0,NEF,,0.96,1.471,0.948,104,6704,68,1,0.486,0.947,0.5,1.471,-0.001,-0.001,,0.03
mk14,NN-Score,1.0,NEF,,0.52,0.822,0.518,578,36428,365,3,0.34,0.514,0.498,0.822,-0.006,-0.006,,0.02
mmp13,NN-Score,1.0,NEF,,2.1,3.175,2.096,572,37772,378,12,0.681,2.132,0.506,3.175,0.014,0.013,,0.04
mp2k1,NN-Score,1.0,NEF,,5.0,7.229,4.941,121,8271,83,6,0.84,5.248,0.52,7.229,0.048,0.047,,0.07
nos1,NN-Score,1.0,NEF,,2.0,2.439,1.988,100,8150,82,2,0.668,2.013,0.505,2.439,0.011,0.011,,0.04
nram,NN-Score,1.0,NEF,,0.0,0.0,0.0,98,6298,63,0,0.0,0.0,0.495,0.0,-0.013,-0.012,,0.03
pa2ga,NN-Score,1.0,NEF,,0.0,0.0,0.0,99,5249,53,0,0.0,0.0,0.495,0.0,-0.014,-0.013,,0.02
parp1,NN-Score,1.0,NEF,,1.18,1.961,1.179,508,30558,306,6,0.542,1.183,0.501,1.961,0.002,0.002,,0.02
pde5a,NN-Score,1.0,NEF,,1.26,1.786,1.254,398,27948,280,5,0.557,1.259,0.501,1.786,0.003,0.003,,0.02
pgh1,NN-Score,1.0,NEF,,1.03,1.818,1.025,195,10995,110,2,0.506,1.026,0.5,1.818,0.0,0.0,,0.01
pgh2,NN-Score,1.0,NEF,,1.38,2.542,1.378,435,23585,236,6,0.581,1.388,0.502,2.542,0.005,0.005,,0.02
plk1,NN-Score,1.0,NEF,,5.66,8.571,5.533,107,6907,70,6,0.856,5.958,0.523,8.571,0.058,0.056,,0.09
pnph,NN-Score,1.0,NEF,,1.96,2.817,1.929,103,7053,71,2,0.662,1.956,0.505,2.817,0.011,0.011,,0.04
ppara,NN-Score,1.0,NEF,,2.14,4.04,2.142,373,19772,198,8,0.687,2.19,0.506,4.04,0.016,0.015,,0.04
ppard,NN-Score,1.0,NEF,,0.42,0.8,0.416,240,12490,125,1,0.292,0.412,0.497,0.8,-0.008,-0.008,,0.01
pparg,NN-Score,1.0,NEF,,1.24,2.326,1.239,484,25784,258,6,0.554,1.245,0.501,2.326,0.003,0.003,,0.03
prgr,NN-Score,1.0,NEF,,3.75,6.875,3.741,293,15943,160,11,0.798,3.943,0.514,6.875,0.038,0.036,,0.09
ptn1,NN-Score,1.0,NEF,,4.62,8.108,4.603,130,7380,74,6,0.831,4.921,0.518,8.108,0.049,0.047,,0.08
pur2,NN-Score,1.0,NEF,,12.0,21.429,11.786,50,2750,28,6,0.936,14.727,0.556,21.429,0.149,0.143,,0.29
pygm,NN-Score,1.0,NEF,,9.09,17.073,8.929,77,4027,41,7,0.914,10.561,0.541,17.073,0.112,0.107,,0.2
pyrd,NN-Score,1.0,NEF,,0.0,0.0,0.0,111,6561,66,0,0.0,0.0,0.495,0.0,-0.013,-0.013,,0.0
reni,NN-Score,1.0,NEF,,0.97,1.408,0.956,104,7062,71,1,0.489,0.956,0.5,1.408,-0.001,-0.001,,0.02
rock1,NN-Score,1.0,NEF,,1.0,1.562,1.0,100,6400,64,1,0.5,1.0,0.5,1.562,0.0,0.0,,0.02
rxra,NN-Score,1.0,NEF,,0.0,0.0,0.0,131,7081,71,0,0.0,0.0,0.495,0.0,-0.014,-0.013,,0.01
sahh,NN-Score,1.0,NEF,,0.0,0.0,0.0,63,3513,36,0,0.0,0.0,0.495,0.0,-0.014,-0.013,,0.08
src,NN-Score,1.0,NEF,,1.72,2.564,1.714,524,35024,351,9,0.634,1.733,0.504,2.564,0.009,0.009,,0.04
tgfr1,NN-Score,1.0,NEF,,0.0,0.0,0.0,133,8633,87,0,0.0,0.0,0.495,0.0,-0.013,-0.012,,0.0
thb,NN-Score,1.0,NEF,,0.0,0.0,0.0,103,7553,76,0,0.0,0.0,0.495,0.0,-0.012,-0.012,,0.02
thrb,NN-Score,1.0,NEF,,5.86,9.818,5.849,461,27465,275,27,0.864,6.377,0.525,9.818,0.064,0.062,,0.12
try1,NN-Score,1.0,NEF,,3.34,5.66,3.332,449,26429,265,15,0.776,3.472,0.512,5.66,0.031,0.03,,0.08
tryb1,NN-Score,1.0,NEF,,0.68,1.282,0.676,148,7798,78,1,0.402,0.671,0.498,1.282,-0.005,-0.004,,0.03
tysy,NN-Score,1.0,NEF,,2.75,4.348,2.736,109,6859,69,3,0.738,2.815,0.509,4.348,0.022,0.022,,0.05
urok,NN-Score,1.0,NEF,,0.0,0.0,0.0,162,10012,101,0,0.0,0.0,0.495,0.0,-0.013,-0.013,,0.02
vgfr2,NN-Score,1.0,NEF,,0.0,0.0,0.0,409,25359,254,0,0.0,0.0,0.495,0.0,-0.013,-0.013,,0.01
wee1,NN-Score,1.0,NEF,,0.0,0.0,0.0,102,6252,63,0,0.0,0.0,0.495,0.0,-0.013,-0.013,,0.01
xiap,NN-Score,1.0,NEF,,4.04,7.547,3.962,100,5250,53,4,0.808,4.204,0.515,7.547,0.042,0.04,,0.09
aa2ar,GenScore(ft_0.5),1.0,NEF,,22.58,33.956,22.566,482,32032,321,109,0.971,33.654,0.61,33.956,0.268,0.263,0.864,0.793
abl1,GenScore(ft_0.5),1.0,NEF,,25.33,41.818,25.118,182,10932,110,46,0.977,42.454,0.623,41.818,0.316,0.306,0.766,0.428
ace,GenScore(ft_0.5),1.0,NEF,,41.61,68.023,41.446,282,17182,172,117,0.992,127.485,0.706,68.023,0.525,0.509,0.809,0.617
aces,GenScore(ft_0.5),1.0,NEF,,23.57,39.925,23.535,453,26703,268,107,0.975,38.511,0.615,39.925,0.298,0.288,0.594,0.386
ada,GenScore(ft_0.5),1.0,NEF,,49.88,83.929,50.023,93,5543,56,47,0.997,306.033,0.752,83.929,0.647,0.626,0.92,0.749
ada17,GenScore(ft_0.5),1.0,NEF,,46.2,67.397,46.154,532,36432,365,246,0.993,139.499,0.73,67.397,0.553,0.543,0.945,0.681
adrb1,GenScore(ft_0.5),1.0,NEF,,40.3,62.112,40.478,247,16097,161,100,0.991,105.197,0.701,62.112,0.495,0.484,0.878,0.611
adrb2,GenScore(ft_0.5),1.0,NEF,,31.49,47.712,31.459,231,15231,153,73,0.983,59.253,0.655,47.712,0.381,0.373,0.844,0.488
akt1,GenScore(ft_0.5),1.0,NEF,,20.86,36.31,20.748,293,16743,168,61,0.97,32.007,0.601,36.31,0.265,0.255,0.768,0.339
akt2,GenScore(ft_0.5),1.0,NEF,,40.19,67.606,40.546,117,7017,71,48,0.992,123.077,0.703,67.606,0.521,0.504,0.879,0.643
aldr,GenScore(ft_0.5),1.0,NEF,,10.08,17.391,10.018,159,9159,92,16,0.923,11.917,0.546,17.391,0.121,0.116,0.595,0.208
ampc,GenScore(ft_0.5),1.0,NEF,,18.53,31.034,18.737,48,2898,29,9,0.964,26.719,0.59,31.034,0.231,0.224,0.695,0.332
andr,GenScore(ft_0.5),1.0,NEF,,26.77,48.98,26.618,269,14619,147,72,0.981,51.212,0.631,48.98,0.354,0.338,0.898,0.518
aofb,GenScore(ft_0.5),1.0,NEF,,2.47,4.225,2.432,122,7022,71,3,0.714,2.495,0.507,4.225,0.019,0.019,0.638,0.048
bace1,GenScore(ft_0.5),1.0,NEF,,32.85,50.543,32.832,283,18383,184,93,0.985,65.363,0.662,50.543,0.4,0.391,0.86,0.51
braf,GenScore(ft_0.5),1.0,NEF,,36.62,54.902,36.488,152,10102,102,56,0.988,79.691,0.682,54.902,0.443,0.434,0.868,0.549
cah2,GenScore(ft_0.5),1.0,NEF,,30.05,46.688,30.047,492,31664,317,148,0.982,55.485,0.648,46.688,0.367,0.358,0.728,0.453
casp3,GenScore(ft_0.5),1.0,NEF,,33.45,61.468,33.665,199,10899,109,67,0.988,85.774,0.666,61.468,0.448,0.428,0.809,0.55
cdk2,GenScore(ft_0.5),1.0,NEF,,46.63,78.169,46.71,474,28324,284,222,0.995,210.382,0.733,78.169,0.6,0.58,0.907,0.747
comt,GenScore(ft_0.5),1.0,NEF,,89.6,94.872,90.036,41,3891,39,37,0.999,1737.195,0.951,94.872,0.925,0.924,0.997,0.974
cp2c9,GenScore(ft_0.5),1.0,NEF,,1.65,2.632,1.66,120,7570,76,2,0.627,1.678,0.503,2.632,0.008,0.008,0.606,0.033
cp3a4,GenScore(ft_0.5),1.0,NEF,,6.23,9.167,6.454,170,11970,120,11,0.875,7.005,0.528,9.167,0.066,0.065,0.624,0.111
csf1r,GenScore(ft_0.5),1.0,NEF,,47.8,64.516,47.866,166,12316,124,80,0.993,133.078,0.739,64.516,0.552,0.546,0.872,0.639
cxcr4,GenScore(ft_0.5),1.0,NEF,,20.0,22.857,19.691,40,3446,35,8,0.962,25.23,0.596,22.857,0.205,0.205,0.804,0.292
def,GenScore(ft_0.5),1.0,NEF,,50.14,88.136,50.134,102,5802,59,52,0.998,415.126,0.754,88.136,0.666,0.641,0.96,0.808
dhi1,GenScore(ft_0.5),1.0,NEF,,0.91,1.523,0.908,330,19680,197,3,0.476,0.907,0.5,1.523,-0.001,-0.001,0.6,0.024
dpp4,GenScore(ft_0.5),1.0,NEF,,52.99,68.193,53.074,533,41483,415,283,0.994,164.717,0.764,68.193,0.597,0.592,0.935,0.719
drd3,GenScore(ft_0.5),1.0,NEF,,3.13,4.335,3.119,480,34530,346,15,0.763,3.215,0.511,4.335,0.025,0.025,0.606,0.062
dyr,GenScore(ft_0.5),1.0,NEF,,56.62,74.857,56.486,231,17431,175,131,0.996,221.684,0.782,74.857,0.648,0.641,0.865,0.736
egfr,GenScore(ft_0.5),1.0,NEF,,41.82,63.764,41.873,542,35592,356,227,0.991,113.795,0.708,63.764,0.511,0.5,0.875,0.63
esr1,GenScore(ft_0.5),1.0,NEF,,45.28,82.464,45.362,383,21068,211,174,0.996,253.983,0.726,82.464,0.607,0.58,0.858,0.715
esr2,GenScore(ft_0.5),1.0,NEF,,37.07,66.019,36.996,367,20566,206,136,0.991,106.931,0.684,66.019,0.488,0.468,0.891,0.656
fa10,GenScore(ft_0.5),1.0,NEF,,36.77,68.512,36.823,537,28862,289,198,0.991,114.768,0.683,68.512,0.496,0.473,0.952,0.871
fa7,GenScore(ft_0.5),1.0,NEF,,53.63,95.312,53.208,114,6364,64,61,0.999,1114.766,0.767,95.312,0.711,0.681,0.976,0.917
fabp4,GenScore(ft_0.5),1.0,NEF,,32.97,57.143,34.006,47,2797,28,16,0.987,78.014,0.668,57.143,0.434,0.419,0.839,0.554
fak1,GenScore(ft_0.5),1.0,NEF,,54.42,100.0,54.5,100,5450,55,55,1.0,inf,0.775,100.0,0.739,0.706,0.941,0.861
fgfr1,GenScore(ft_0.5),1.0,NEF,,0.67,1.124,0.714,139,8839,89,1,0.416,0.711,0.499,1.124,-0.004,-0.004,0.498,0.301
fkb1a,GenScore(ft_0.5),1.0,NEF,,38.65,73.333,39.052,111,5911,60,44,0.993,143.694,0.697,73.333,0.533,0.508,0.859,0.696
fnta,GenScore(ft_0.5),1.0,NEF,,30.88,35.125,30.907,592,52092,521,183,0.979,47.1,0.651,35.125,0.322,0.322,0.832,0.413
fpps,GenScore(ft_0.5),1.0,NEF,,85.08,81.111,85.262,85,8935,90,73,0.998,447.093,0.928,85.882,0.833,0.833,0.998,0.932
gcr,GenScore(ft_0.5),1.0,NEF,,15.74,26.797,15.848,258,15258,153,41,0.955,21.283,0.576,26.797,0.196,0.189,0.746,0.23
glcm,GenScore(ft_0.5),1.0,NEF,,32.77,46.154,32.94,54,3854,39,18,0.984,60.317,0.664,46.154,0.385,0.38,0.779,0.505
gria2,GenScore(ft_0.5),1.0,NEF,,1.26,1.653,1.256,158,12003,121,2,0.558,1.26,0.501,1.653,0.003,0.003,0.67,0.014
grik1,GenScore(ft_0.5),1.0,NEF,,53.81,82.09,54.057,101,6651,67,55,0.997,297.236,0.771,82.09,0.665,0.651,0.987,0.835
hdac2,GenScore(ft_0.5),1.0,NEF,,8.29,14.286,8.097,185,10485,105,15,0.903,9.279,0.536,14.286,0.096,0.092,0.718,0.156
hdac8,GenScore(ft_0.5),1.0,NEF,,56.6,90.654,56.632,170,10620,107,97,0.998,596.265,0.785,90.654,0.716,0.697,0.944,0.807
hivint,GenScore(ft_0.5),1.0,NEF,,6.97,10.294,6.949,100,6750,68,7,0.884,7.631,0.53,10.294,0.074,0.072,0.644,0.111
hivpr,GenScore(ft_0.5),1.0,NEF,,45.16,66.667,45.132,536,36286,363,242,0.993,133.396,0.724,66.667,0.543,0.533,0.896,0.654
hivrt,GenScore(ft_0.5),1.0,NEF,,12.13,21.244,12.086,338,19229,193,41,0.938,15.076,0.557,21.244,0.149,0.143,0.733,0.246
hmdh,GenScore(ft_0.5),1.0,NEF,,52.85,101.111,53.054,170,8920,90,91,1.0,inf,0.768,100.0,0.733,0.696,0.897,0.787
hs90a,GenScore(ft_0.5),1.0,NEF,,39.05,70.0,39.28,88,4938,50,35,0.992,128.598,0.697,70.0,0.522,0.501,0.85,0.583
hxk4,GenScore(ft_0.5),1.0,NEF,,0.0,0.0,0.0,92,4792,48,0,0.0,0.0,0.495,0.0,-0.014,-0.013,0.546,0.02
igf1r,GenScore(ft_0.5),1.0,NEF,,27.04,42.105,26.879,148,9448,95,40,0.979,45.7,0.632,42.105,0.329,0.321,0.672,0.421
inha,GenScore(ft_0.5),1.0,NEF,,2.26,4.167,2.27,43,2343,24,1,0.699,2.326,0.507,4.167,0.018,0.017,0.441,0.079
ital,GenScore(ft_0.5),1.0,NEF,,11.0,17.241,10.792,138,8638,87,15,0.928,12.832,0.55,17.241,0.126,0.122,0.544,0.198
jak2,GenScore(ft_0.5),1.0,NEF,,57.24,92.537,57.14,107,6607,67,62,0.999,753.271,0.789,92.537,0.729,0.709,0.97,0.832
kif11,GenScore(ft_0.5),1.0,NEF,,49.54,82.857,49.757,116,6966,70,58,0.997,285.417,0.749,82.857,0.639,0.619,0.884,0.755
kit,GenScore(ft_0.5),1.0,NEF,,4.21,6.542,4.184,166,10616,107,7,0.815,4.407,0.516,6.542,0.04,0.04,0.733,0.091
kith,GenScore(ft_0.5),1.0,NEF,,36.77,73.333,37.4,57,2907,30,22,0.993,137.5,0.692,73.333,0.526,0.499,0.843,0.658
kpcb,GenScore(ft_0.5),1.0,NEF,,47.13,71.91,47.061,135,8835,89,64,0.994,164.978,0.736,71.91,0.579,0.566,0.858,0.679
lck,GenScore(ft_0.5),1.0,NEF,,34.26,51.613,34.187,420,27820,279,144,0.986,69.587,0.669,51.613,0.414,0.405,0.891,0.553
lkha4,GenScore(ft_0.5),1.0,NEF,,27.62,49.485,27.842,171,9621,97,48,0.982,54.135,0.638,49.485,0.364,0.35,0.91,0.587
mapk2,GenScore(ft_0.5),1.0,NEF,,56.59,92.063,56.979,101,6251,63,58,0.999,706.337,0.787,92.063,0.724,0.704,0.968,0.88
mcr,GenScore(ft_0.5),1.0,NEF,,26.21,47.17,26.315,94,5244,53,25,0.98,48.917,0.63,47.17,0.346,0.331,0.899,0.427
met,GenScore(ft_0.5),1.0,NEF,,54.79,80.0,55.017,166,11416,115,92,0.996,271.084,0.776,80.0,0.662,0.651,0.911,0.722
mk01,GenScore(ft_0.5),1.0,NEF,,14.06,23.404,13.714,79,4629,47,11,0.946,17.598,0.566,23.404,0.17,0.164,0.791,0.252
mk10,GenScore(ft_0.5),1.0,NEF,,14.47,22.059,14.219,104,6704,68,15,0.947,17.961,0.568,22.059,0.168,0.164,0.829,0.266
mk14,GenScore(ft_0.5),1.0,NEF,,26.76,42.466,26.764,578,36428,365,155,0.979,45.78,0.631,42.466,0.329,0.32,0.717,0.42
mmp13,GenScore(ft_0.5),1.0,NEF,,43.53,65.873,43.499,572,37772,378,249,0.992,125.533,0.716,65.873,0.53,0.518,0.925,0.655
mp2k1,GenScore(ft_0.5),1.0,NEF,,4.99,7.229,4.941,121,8271,83,6,0.84,5.248,0.52,7.229,0.048,0.047,0.649,0.121
nos1,GenScore(ft_0.5),1.0,NEF,,1.99,2.439,1.988,100,8150,82,2,0.668,2.013,0.505,2.439,0.011,0.011,0.523,0.019
nram,GenScore(ft_0.5),1.0,NEF,,43.88,68.254,43.864,98,6298,63,43,0.993,136.02,0.718,68.254,0.542,0.528,0.992,0.979
pa2ga,GenScore(ft_0.5),1.0,NEF,,52.18,98.113,52.02,99,5249,53,52,1.0,2705.051,0.763,98.113,0.714,0.68,0.86,0.795
parp1,GenScore(ft_0.5),1.0,NEF,,59.51,99.02,59.564,508,30558,306,303,1.0,5974.508,0.798,99.02,0.766,0.741,0.971,0.94
pde5a,GenScore(ft_0.5),1.0,NEF,,26.83,38.214,26.834,398,27948,280,107,0.977,42.813,0.631,38.214,0.312,0.307,0.793,0.417
pgh1,GenScore(ft_0.5),1.0,NEF,,8.62,15.455,8.714,195,10995,110,17,0.91,10.124,0.539,15.455,0.104,0.1,0.694,0.179
pgh2,GenScore(ft_0.5),1.0,NEF,,17.81,33.051,17.92,435,23585,236,78,0.963,26.272,0.586,33.051,0.233,0.222,0.77,0.346
plk1,GenScore(ft_0.5),1.0,NEF,,51.8,80.0,51.641,107,6907,70,56,0.996,254.206,0.761,80.0,0.643,0.628,0.94,0.776
pnph,GenScore(ft_0.5),1.0,NEF,,68.06,100.0,68.476,103,7053,71,71,1.0,inf,0.845,100.0,0.828,0.814,0.928,0.833
ppara,GenScore(ft_0.5),1.0,NEF,,29.1,55.051,29.181,373,19772,198,109,0.985,63.695,0.644,55.051,0.393,0.374,0.906,0.618
ppard,GenScore(ft_0.5),1.0,NEF,,30.12,57.6,29.976,240,12490,125,72,0.986,69.34,0.648,57.6,0.408,0.386,0.909,0.603
pparg,GenScore(ft_0.5),1.0,NEF,,32.3,60.465,32.211,484,25784,258,156,0.988,79.947,0.659,60.465,0.434,0.413,0.861,0.562
prgr,GenScore(ft_0.5),1.0,NEF,,33.61,61.875,33.668,293,15943,160,99,0.989,86.687,0.667,61.875,0.45,0.43,0.893,0.538
ptn1,GenScore(ft_0.5),1.0,NEF,,44.77,78.378,44.495,130,7380,74,58,0.995,202.163,0.722,78.378,0.586,0.563,0.839,0.646
pur2,GenScore(ft_0.5),1.0,NEF,,54.34,100.0,55.0,50,2750,28,28,1.0,inf,0.78,100.0,0.745,0.714,1.0,1.021
pygm,GenScore(ft_0.5),1.0,NEF,,3.87,7.317,3.827,77,4027,41,3,0.802,4.05,0.515,7.317,0.04,0.038,0.642,0.075
pyrd,GenScore(ft_0.5),1.0,NEF,,15.52,25.758,15.225,111,6561,66,17,0.953,20.16,0.573,25.758,0.188,0.182,0.858,0.275
reni,GenScore(ft_0.5),1.0,NEF,,29.43,43.662,29.648,104,7062,71,31,0.981,51.85,0.646,43.662,0.353,0.346,0.658,0.438
rock1,GenScore(ft_0.5),1.0,NEF,,46.19,71.875,46.0,100,6400,64,46,0.994,161.0,0.729,71.875,0.57,0.556,0.917,0.729
rxra,GenScore(ft_0.5),1.0,NEF,,39.59,73.239,39.588,131,7081,71,52,0.993,145.199,0.697,73.239,0.533,0.508,0.987,0.911
sahh,GenScore(ft_0.5),1.0,NEF,,53.61,97.222,54.213,63,3513,36,35,0.999,1916.667,0.778,97.222,0.732,0.703,0.982,0.879
src,GenScore(ft_0.5),1.0,NEF,,16.74,25.071,16.758,524,35024,351,88,0.957,22.03,0.58,25.071,0.195,0.191,0.766,0.296
tgfr1,GenScore(ft_0.5),1.0,NEF,,58.41,89.655,58.195,133,8633,87,78,0.998,553.885,0.793,89.655,0.722,0.706,0.991,0.889
thb,GenScore(ft_0.5),1.0,NEF,,40.01,53.947,39.56,103,7553,76,41,0.988,84.73,0.697,53.947,0.457,0.452,0.887,0.696
thrb,GenScore(ft_0.5),1.0,NEF,,48.78,81.818,48.745,461,27465,275,225,0.996,263.597,0.743,81.818,0.627,0.606,0.943,0.763
try1,GenScore(ft_0.5),1.0,NEF,,37.55,63.774,37.538,449,26429,265,169,0.99,101.861,0.686,63.774,0.483,0.467,0.911,0.683
tryb1,GenScore(ft_0.5),1.0,NEF,,23.53,44.872,23.643,148,7798,78,35,0.977,42.073,0.615,44.872,0.317,0.301,0.795,0.412
tysy,GenScore(ft_0.5),1.0,NEF,,22.79,36.232,22.799,109,6859,69,25,0.972,35.186,0.611,36.232,0.279,0.272,0.852,0.433
urok,GenScore(ft_0.5),1.0,NEF,,53.02,86.139,53.236,162,10012,101,87,0.997,377.844,0.768,86.139,0.676,0.657,0.928,0.791
vgfr2,GenScore(ft_0.5),1.0,NEF,,22.12,35.827,22.213,409,25359,254,91,0.971,34.057,0.608,35.827,0.273,0.265,0.598,0.392
wee1,GenScore(ft_0.5),1.0,NEF,,60.03,98.413,60.321,102,6252,63,62,1.0,3738.235,0.804,98.413,0.771,0.748,1.0,1.003
xiap,GenScore(ft_0.5),1.0,NEF,,51.69,98.113,51.509,100,5250,53,52,1.0,2678.0,0.76,98.113,0.711,0.675,0.938,0.857
aa2ar,RTMScore,1.0,NEF,,22.58,33.956,22.566,482,32032,321,109,0.971,33.654,0.61,33.956,0.268,0.263,0.897,0.813
abl1,RTMScore,1.0,NEF,,25.33,41.818,25.118,182,10932,110,46,0.977,42.454,0.623,41.818,0.316,0.306,0.807,0.44
ace,RTMScore,1.0,NEF,,50.22,82.558,50.302,282,17182,172,142,0.996,283.664,0.751,82.558,0.64,0.621,0.869,0.716
aces,RTMScore,1.0,NEF,,25.84,43.657,25.734,453,26703,268,117,0.978,44.899,0.626,43.657,0.327,0.316,0.604,0.413
ada,RTMScore,1.0,NEF,,53.06,89.286,53.216,93,5543,56,50,0.998,488.351,0.768,89.286,0.689,0.667,0.945,0.788
ada17,RTMScore,1.0,NEF,,59.15,86.301,59.1,532,36432,365,315,0.998,425.132,0.795,86.301,0.712,0.699,0.98,0.846
adrb1,RTMScore,1.0,NEF,,35.46,54.658,35.621,247,16097,161,88,0.987,77.356,0.676,54.658,0.434,0.424,0.899,0.545
adrb2,RTMScore,1.0,NEF,,27.61,41.83,27.581,231,15231,153,64,0.979,46.695,0.636,41.83,0.332,0.325,0.854,0.435
akt1,RTMScore,1.0,NEF,,20.86,36.31,20.748,293,16743,168,61,0.97,32.007,0.601,36.31,0.265,0.255,0.795,0.358
akt2,RTMScore,1.0,NEF,,41.9,70.423,42.235,117,7017,71,50,0.993,140.415,0.712,70.423,0.543,0.526,0.906,0.691
aldr,RTMScore,1.0,NEF,,11.96,20.652,11.896,159,9159,92,19,0.936,14.732,0.556,20.652,0.146,0.14,0.611,0.196
ampc,RTMScore,1.0,NEF,,28.82,48.276,29.147,48,2898,29,14,0.982,55.417,0.643,48.276,0.367,0.356,0.73,0.466
andr,RTMScore,1.0,NEF,,34.57,63.946,34.752,269,14619,147,94,0.99,94.613,0.673,63.946,0.466,0.445,0.891,0.556
aofb,RTMScore,1.0,NEF,,0.82,1.408,0.811,122,7022,71,1,0.447,0.808,0.499,1.408,-0.003,-0.002,0.656,0.034
bace1,RTMScore,1.0,NEF,,47.14,72.826,47.306,283,18383,184,134,0.994,171.406,0.735,72.826,0.582,0.569,0.881,0.69
braf,RTMScore,1.0,NEF,,39.28,58.824,39.094,152,10102,102,60,0.989,93.515,0.695,58.824,0.476,0.466,0.879,0.571
cah2,RTMScore,1.0,NEF,,28.42,44.164,28.423,492,31664,317,140,0.98,50.113,0.639,44.164,0.346,0.338,0.734,0.439
casp3,RTMScore,1.0,NEF,,31.95,58.716,32.158,199,10899,109,64,0.987,76.471,0.659,58.716,0.427,0.408,0.799,0.515
cdk2,RTMScore,1.0,NEF,,46.21,77.465,46.289,474,28324,284,220,0.995,201.971,0.731,77.465,0.595,0.575,0.901,0.715
comt,RTMScore,1.0,NEF,,92.02,97.436,92.469,41,3891,39,38,1.0,3568.293,0.963,97.436,0.95,0.949,0.997,0.977
cp2c9,RTMScore,1.0,NEF,,1.65,2.632,1.66,120,7570,76,2,0.627,1.678,0.503,2.632,0.008,0.008,0.619,0.042
cp3a4,RTMScore,1.0,NEF,,6.23,9.167,6.454,170,11970,120,11,0.875,7.005,0.528,9.167,0.066,0.065,0.662,0.116
csf1r,RTMScore,1.0,NEF,,45.98,62.097,46.071,166,12316,124,77,0.992,119.912,0.73,62.097,0.531,0.526,0.868,0.622
cxcr4,RTMScore,1.0,NEF,,5.0,5.714,4.923,40,3446,35,2,0.838,5.161,0.52,5.714,0.043,0.043,0.839,0.081
def,RTMScore,1.0,NEF,,58.16,101.695,57.846,102,5802,59,60,1.0,inf,0.794,100.0,0.771,0.742,0.996,0.983
dhi1,RTMScore,1.0,NEF,,0.91,1.523,0.908,330,19680,197,3,0.476,0.907,0.5,1.523,-0.001,-0.001,0.653,0.027
dpp4,RTMScore,1.0,NEF,,52.43,67.47,52.511,533,41483,415,280,0.994,159.35,0.761,67.47,0.591,0.586,0.928,0.698
drd3,RTMScore,1.0,NEF,,3.34,4.624,3.327,480,34530,346,16,0.775,3.439,0.512,4.624,0.028,0.027,0.675,0.058
dyr,RTMScore,1.0,NEF,,57.06,75.429,56.918,231,17431,175,132,0.996,228.571,0.784,75.429,0.653,0.646,0.873,0.735
egfr,RTMScore,1.0,NEF,,51.26,78.09,51.28,542,35592,356,278,0.996,230.483,0.755,78.09,0.628,0.614,0.9,0.725
esr1,RTMScore,1.0,NEF,,45.81,83.412,45.883,383,21068,211,176,0.996,271.582,0.729,83.412,0.614,0.587,0.849,0.701
esr2,RTMScore,1.0,NEF,,47.23,84.466,47.333,367,20566,206,174,0.997,299.27,0.736,84.466,0.628,0.602,0.907,0.749
fa10,RTMScore,1.0,NEF,,33.06,61.592,33.104,537,28862,289,178,0.988,84.585,0.664,61.592,0.445,0.423,0.949,0.802
fa7,RTMScore,1.0,NEF,,53.63,95.312,53.208,114,6364,64,61,0.999,1114.766,0.767,95.312,0.711,0.681,0.991,0.946
fabp4,RTMScore,1.0,NEF,,32.97,57.143,34.006,47,2797,28,16,0.987,78.014,0.668,57.143,0.434,0.419,0.823,0.573
fak1,RTMScore,1.0,NEF,,54.42,100.0,54.5,100,5450,55,55,1.0,inf,0.775,100.0,0.739,0.706,0.943,0.881
fgfr1,RTMScore,1.0,NEF,,1.35,2.247,1.429,139,8839,89,2,0.59,1.439,0.502,2.247,0.005,0.005,0.507,0.339
fkb1a,RTMScore,1.0,NEF,,44.05,83.333,44.377,111,5911,60,50,0.996,261.261,0.724,83.333,0.608,0.579,0.856,0.756
fnta,RTMScore,1.0,NEF,,29.19,33.205,29.218,592,52092,521,173,0.977,43.247,0.643,33.205,0.304,0.303,0.882,0.415
fpps,RTMScore,1.0,NEF,,87.41,83.333,87.598,85,8935,90,75,0.998,520.588,0.94,88.235,0.856,0.856,0.999,0.963
gcr,RTMScore,1.0,NEF,,11.4,18.954,11.209,258,15258,153,29,0.931,13.597,0.552,18.954,0.135,0.13,0.689,0.221
glcm,RTMScore,1.0,NEF,,38.23,53.846,38.43,54,3854,39,21,0.988,82.099,0.692,53.846,0.451,0.445,0.79,0.549
gria2,RTMScore,1.0,NEF,,0.63,0.826,0.628,158,12003,121,1,0.385,0.625,0.498,0.826,-0.004,-0.004,0.558,0.011
grik1,RTMScore,1.0,NEF,,52.83,80.597,53.074,101,6651,67,54,0.996,269.383,0.766,80.597,0.652,0.638,0.985,0.788
hdac2,RTMScore,1.0,NEF,,11.06,19.048,10.795,185,10485,105,20,0.929,13.1,0.55,19.048,0.132,0.127,0.757,0.196
hdac8,RTMScore,1.0,NEF,,59.04,94.393,58.968,170,10620,107,101,0.999,1034.755,0.797,94.393,0.746,0.726,0.939,0.8
hivint,RTMScore,1.0,NEF,,6.97,10.294,6.949,100,6750,68,7,0.884,7.631,0.53,10.294,0.074,0.072,0.652,0.123
hivpr,RTMScore,1.0,NEF,,47.47,70.248,47.556,536,36286,363,255,0.994,157.481,0.736,70.248,0.573,0.562,0.885,0.685
hivrt,RTMScore,1.0,NEF,,9.46,16.58,9.433,338,19229,193,32,0.917,11.109,0.543,16.58,0.114,0.109,0.727,0.181
hmdh,RTMScore,1.0,NEF,,52.85,101.111,53.054,170,8920,90,91,1.0,inf,0.768,100.0,0.733,0.696,0.91,0.786
hs90a,RTMScore,1.0,NEF,,44.79,80.0,44.891,88,4938,50,40,0.995,220.455,0.726,80.0,0.598,0.574,0.858,0.673
hxk4,RTMScore,1.0,NEF,,0.0,0.0,0.0,92,4792,48,0,0.0,0.0,0.495,0.0,-0.014,-0.013,0.571,0.015
igf1r,RTMScore,1.0,NEF,,26.37,41.053,26.207,148,9448,95,39,0.978,43.762,0.629,41.053,0.32,0.313,0.698,0.405
inha,RTMScore,1.0,NEF,,4.51,8.333,4.541,43,2343,24,2,0.829,4.863,0.518,8.333,0.049,0.047,0.425,0.084
ital,RTMScore,1.0,NEF,,11.0,17.241,10.792,138,8638,87,15,0.928,12.832,0.55,17.241,0.126,0.122,0.505,0.191
jak2,RTMScore,1.0,NEF,,59.11,95.522,58.983,107,6607,67,64,0.999,1295.95,0.799,95.522,0.753,0.732,0.97,0.836
kif11,RTMScore,1.0,NEF,,52.11,87.143,52.331,116,6966,70,61,0.998,400.239,0.762,87.143,0.673,0.652,0.885,0.773
kit,RTMScore,1.0,NEF,,6.62,10.28,6.574,166,10616,107,11,0.878,7.213,0.529,10.28,0.071,0.069,0.764,0.109
kith,RTMScore,1.0,NEF,,50.77,100.0,51.0,57,2907,30,30,1.0,inf,0.763,100.0,0.722,0.685,0.851,0.855
kpcb,RTMScore,1.0,NEF,,42.42,65.169,42.649,135,8835,89,58,0.992,120.573,0.713,65.169,0.523,0.512,0.818,0.632
lck,RTMScore,1.0,NEF,,37.61,56.631,37.511,420,27820,279,158,0.988,85.187,0.686,56.631,0.455,0.445,0.905,0.584
lkha4,RTMScore,1.0,NEF,,38.2,68.041,38.282,171,9621,97,66,0.992,117.657,0.691,68.041,0.506,0.486,0.91,0.737
mapk2,RTMScore,1.0,NEF,,55.59,90.476,55.997,101,6251,63,57,0.998,578.465,0.782,90.476,0.711,0.691,0.956,0.837
mcr,RTMScore,1.0,NEF,,34.07,60.377,33.683,94,5244,53,32,0.988,83.485,0.668,60.377,0.446,0.428,0.902,0.503
met,RTMScore,1.0,NEF,,55.39,80.87,55.615,166,11416,115,93,0.997,286.487,0.779,80.87,0.669,0.658,0.929,0.745
mk01,RTMScore,1.0,NEF,,15.33,25.532,14.96,79,4629,47,12,0.952,19.747,0.572,25.532,0.186,0.18,0.79,0.28
mk10,RTMScore,1.0,NEF,,17.36,26.471,17.063,104,6704,68,18,0.958,22.846,0.583,26.471,0.204,0.199,0.824,0.314
mk14,RTMScore,1.0,NEF,,31.77,50.411,31.771,578,36428,365,184,0.984,63.052,0.657,50.411,0.393,0.383,0.751,0.47
mmp13,RTMScore,1.0,NEF,,47.41,71.693,47.343,572,37772,378,271,0.994,164.715,0.735,71.693,0.578,0.565,0.926,0.694
mp2k1,RTMScore,1.0,NEF,,3.33,4.819,3.294,121,8271,83,4,0.773,3.41,0.512,4.819,0.028,0.028,0.659,0.082
nos1,RTMScore,1.0,NEF,,2.98,3.659,2.982,100,8150,82,3,0.754,3.057,0.51,3.659,0.022,0.022,0.616,0.07
nram,RTMScore,1.0,NEF,,43.88,68.254,43.864,98,6298,63,43,0.993,136.02,0.718,68.254,0.542,0.528,0.992,0.98
pa2ga,RTMScore,1.0,NEF,,53.18,100.0,53.02,99,5249,53,53,1.0,inf,0.768,100.0,0.728,0.693,0.837,0.809
parp1,RTMScore,1.0,NEF,,59.12,98.366,59.171,508,30558,306,301,1.0,3561.043,0.796,98.366,0.761,0.736,0.971,0.909
pde5a,RTMScore,1.0,NEF,,31.04,44.286,31.098,398,27948,280,124,0.982,55.022,0.653,44.286,0.364,0.358,0.811,0.459
pgh1,RTMScore,1.0,NEF,,14.93,26.364,14.865,195,10995,110,29,0.952,19.829,0.571,26.364,0.187,0.18,0.669,0.254
pgh2,RTMScore,1.0,NEF,,15.61,28.814,15.622,435,23585,236,68,0.956,21.541,0.575,28.814,0.202,0.192,0.778,0.333
plk1,RTMScore,1.0,NEF,,57.45,88.571,57.174,107,6907,70,62,0.998,492.523,0.789,88.571,0.713,0.697,0.937,0.795
pnph,RTMScore,1.0,NEF,,68.06,100.0,68.476,103,7053,71,71,1.0,inf,0.845,100.0,0.828,0.814,0.937,0.838
ppara,RTMScore,1.0,NEF,,35.03,66.162,35.071,373,19772,198,131,0.99,101.687,0.674,66.162,0.475,0.452,0.899,0.701
ppard,RTMScore,1.0,NEF,,26.77,51.2,26.645,240,12490,125,64,0.982,53.552,0.631,51.2,0.361,0.342,0.905,0.558
pparg,RTMScore,1.0,NEF,,32.92,61.628,32.831,484,25784,258,159,0.988,83.953,0.662,61.628,0.443,0.421,0.856,0.589
prgr,RTMScore,1.0,NEF,,25.54,46.875,25.506,293,15943,160,75,0.979,47.129,0.625,46.875,0.338,0.322,0.847,0.42
ptn1,RTMScore,1.0,NEF,,44.77,78.378,44.495,130,7380,74,58,0.995,202.163,0.722,78.378,0.586,0.563,0.837,0.638
pur2,RTMScore,1.0,NEF,,54.34,100.0,55.0,50,2750,28,28,1.0,inf,0.78,100.0,0.745,0.714,1.0,1.024
pygm,RTMScore,1.0,NEF,,0.0,0.0,0.0,77,4027,41,0,0.0,0.0,0.495,0.0,-0.014,-0.013,0.61,0.019
pyrd,RTMScore,1.0,NEF,,18.26,30.303,17.912,111,6561,66,20,0.962,25.264,0.587,30.303,0.224,0.216,0.828,0.383
reni,RTMScore,1.0,NEF,,28.48,42.254,28.692,104,7062,71,30,0.98,48.954,0.641,42.254,0.341,0.335,0.66,0.431
rock1,RTMScore,1.0,NEF,,55.23,85.938,55.0,100,6400,64,55,0.997,385.0,0.774,85.938,0.684,0.667,0.937,0.798
rxra,RTMScore,1.0,NEF,,38.71,71.831,38.827,131,7081,71,51,0.993,135.286,0.693,71.831,0.523,0.498,0.99,0.899
sahh,RTMScore,1.0,NEF,,55.19,100.0,55.762,63,3513,36,36,1.0,inf,0.786,100.0,0.753,0.724,0.996,0.963
src,RTMScore,1.0,NEF,,33.1,49.573,33.134,524,35024,351,174,0.985,64.724,0.663,49.573,0.398,0.39,0.792,0.485
tgfr1,RTMScore,1.0,NEF,,59.9,91.954,59.687,133,8633,87,80,0.999,730.397,0.8,91.954,0.741,0.724,0.991,0.898
thb,RTMScore,1.0,NEF,,43.08,59.211,43.419,103,7553,76,45,0.991,104.995,0.716,59.211,0.503,0.497,0.889,0.742
thrb,RTMScore,1.0,NEF,,55.84,93.818,55.894,461,27465,275,258,0.999,888.992,0.78,93.818,0.721,0.697,0.957,0.832
try1,RTMScore,1.0,NEF,,48.25,81.887,48.2,449,26429,265,217,0.996,261.584,0.741,81.887,0.624,0.603,0.924,0.788
tryb1,RTMScore,1.0,NEF,,24.87,47.436,24.994,148,7798,78,37,0.979,46.646,0.622,47.436,0.335,0.319,0.733,0.428
tysy,RTMScore,1.0,NEF,,2.74,4.348,2.736,109,6859,69,3,0.738,2.815,0.509,4.348,0.022,0.022,0.794,0.117
urok,RTMScore,1.0,NEF,,59.8,97.03,59.967,162,10012,101,98,0.999,1986.214,0.802,97.03,0.763,0.742,0.94,0.846
vgfr2,RTMScore,1.0,NEF,,21.33,34.252,21.237,409,25359,254,87,0.969,31.78,0.603,34.252,0.261,0.253,0.621,0.386
wee1,RTMScore,1.0,NEF,,60.03,98.413,60.321,102,6252,63,62,1.0,3738.235,0.804,98.413,0.771,0.748,1.0,1.006
xiap,RTMScore,1.0,NEF,,51.69,98.113,51.509,100,5250,53,52,1.0,2678.0,0.76,98.113,0.711,0.675,0.942,0.936
