Target,Model,Percentile,Factor_Type,EF_lit,NEF_lit,EF_calc,NEF_calc,n,N,Ns,ns,PM,ROCE,CCR,REF,MCC,CKC,AUC_ROC,BEDROC
11betahsd1,Autodock Vina,0.5,NEF,,0.0,0.0,0.0,40,1240,7,0.0,0.0,0.0,0.497,0.0,-0.014,-0.01,0.567,0.088
11betahsd1,Autodock Vina,1.0,NEF,,0.0,0.0,0.0,40,1240,13,0.0,0.0,0.0,0.495,0.0,-0.019,-0.016,0.567,0.088
11betahsd1,Autodock Vina,5.0,NEF,,1.379,4.448,1.379,40,1240,62,2.758,0.583,1.397,0.51,6.895,0.016,0.015,0.567,0.088
17betahsd1,Autodock Vina,0.5,NEF,,0.0,0.0,0.0,40,1240,7,0.0,0.0,0.0,0.497,0.0,-0.014,-0.01,0.58,0.146
17betahsd1,Autodock Vina,1.0,NEF,,0.0,0.0,0.0,40,1240,13,0.0,0.0,0.0,0.495,0.0,-0.019,-0.016,0.58,0.146
17betahsd1,Autodock Vina,5.0,NEF,,5.735,18.5,5.735,40,1240,62,11.47,0.872,6.81,0.622,28.675,0.198,0.193,0.58,0.146
a2a,Autodock Vina,0.5,NEF,,0.0,0.0,0.0,40,1240,7,0.0,0.0,0.0,0.497,0.0,-0.014,-0.01,0.671,0.018
a2a,Autodock Vina,1.0,NEF,,0.0,0.0,0.0,40,1240,13,0.0,0.0,0.0,0.495,0.0,-0.019,-0.016,0.671,0.018
a2a,Autodock Vina,5.0,NEF,,3.032,9.781,3.032,40,1240,62,6.064,0.765,3.252,0.552,15.16,0.085,0.083,0.671,0.018
ace,Autodock Vina,0.5,NEF,,0.0,0.0,0.0,40,1240,7,0.0,0.0,0.0,0.497,0.0,-0.014,-0.01,0.327,0.038
ace,Autodock Vina,1.0,NEF,,0.0,0.0,0.0,40,1240,13,0.0,0.0,0.0,0.495,0.0,-0.019,-0.016,0.327,0.038
ace,Autodock Vina,5.0,NEF,,1.111,3.584,1.111,40,1240,62,2.222,0.527,1.115,0.503,5.555,0.005,0.005,0.327,0.038
ace2,Autodock Vina,0.5,NEF,,0.0,0.0,0.0,40,1240,7,0.0,0.0,0.0,0.497,0.0,-0.014,-0.01,0.535,0.148
ace2,Autodock Vina,1.0,NEF,,4.13,13.323,4.13,40,1240,13,1.732,0.822,4.611,0.517,13.323,0.059,0.05,0.535,0.148
ace2,Autodock Vina,5.0,NEF,,1.709,5.513,1.709,40,1240,62,3.418,0.636,1.75,0.518,8.545,0.03,0.029,0.535,0.148
ache,Autodock Vina,0.5,NEF,,19.708,63.574,19.708,40,1240,7,4.45,0.981,52.359,0.555,63.574,0.257,0.182,0.82,0.332
ache,Autodock Vina,1.0,NEF,,11.825,38.145,11.825,40,1240,13,4.959,0.949,18.501,0.559,38.145,0.203,0.174,0.82,0.332
ache,Autodock Vina,5.0,NEF,,9.854,31.787,9.854,40,1240,62,19.708,0.933,13.98,0.729,49.27,0.371,0.361,0.82,0.332
adam17,Autodock Vina,0.5,NEF,,12.472,40.232,12.472,40,1240,7,2.816,0.953,20.194,0.533,40.232,0.158,0.111,0.439,0.186
adam17,Autodock Vina,1.0,NEF,,7.483,24.139,7.483,40,1240,13,3.138,0.905,9.546,0.535,24.139,0.122,0.104,0.439,0.186
adam17,Autodock Vina,5.0,NEF,,1.627,5.248,1.627,40,1240,62,3.254,0.624,1.662,0.516,8.135,0.026,0.026,0.439,0.186
adrb2,Autodock Vina,0.5,NEF,,0.0,0.0,0.0,40,1240,7,0.0,0.0,0.0,0.497,0.0,-0.014,-0.01,0.717,0.008
adrb2,Autodock Vina,1.0,NEF,,0.0,0.0,0.0,40,1240,13,0.0,0.0,0.0,0.495,0.0,-0.019,-0.016,0.717,0.008
adrb2,Autodock Vina,5.0,NEF,,2.381,7.681,2.381,40,1240,62,4.762,0.714,2.496,0.536,11.905,0.058,0.056,0.717,0.008
akt1,Autodock Vina,0.5,NEF,,0.0,0.0,0.0,40,1240,7,0.0,0.0,0.0,0.497,0.0,-0.014,-0.01,0.475,0.001
akt1,Autodock Vina,1.0,NEF,,0.0,0.0,0.0,40,1240,13,0.0,0.0,0.0,0.495,0.0,-0.019,-0.016,0.475,0.001
akt1,Autodock Vina,5.0,NEF,,0.0,0.0,0.0,40,1240,62,0.0,0.0,0.0,0.474,0.0,-0.042,-0.041,0.475,0.001
alr2,Autodock Vina,0.5,NEF,,0.0,0.0,0.0,40,1240,7,0.0,0.0,0.0,0.497,0.0,-0.014,-0.01,0.813,0.005
alr2,Autodock Vina,1.0,NEF,,0.0,0.0,0.0,40,1240,13,0.0,0.0,0.0,0.495,0.0,-0.019,-0.016,0.813,0.005
alr2,Autodock Vina,5.0,NEF,,0.0,0.0,0.0,40,1240,62,0.0,0.0,0.0,0.474,0.0,-0.042,-0.041,0.813,0.005
ar,Autodock Vina,0.5,NEF,,0.0,0.0,0.0,40,1240,7,0.0,0.0,0.0,0.497,0.0,-0.014,-0.01,0.672,0.106
ar,Autodock Vina,1.0,NEF,,0.0,0.0,0.0,40,1240,13,0.0,0.0,0.0,0.495,0.0,-0.019,-0.016,0.672,0.106
ar,Autodock Vina,5.0,NEF,,3.176,10.245,3.176,40,1240,62,6.352,0.774,3.424,0.556,15.88,0.091,0.089,0.672,0.106
aurka,Autodock Vina,0.5,NEF,,0.0,0.0,0.0,40,1240,7,0.0,0.0,0.0,0.497,0.0,-0.014,-0.01,0.651,0.175
aurka,Autodock Vina,1.0,NEF,,6.214,20.045,6.214,40,1240,13,2.606,0.883,7.521,0.528,20.045,0.098,0.084,0.651,0.175
aurka,Autodock Vina,5.0,NEF,,2.762,8.91,2.762,40,1240,62,5.524,0.746,2.934,0.546,13.81,0.074,0.072,0.651,0.175
aurkb,Autodock Vina,0.5,NEF,,11.244,36.271,11.244,40,1240,7,2.539,0.945,17.074,0.53,36.271,0.141,0.099,0.796,0.337
aurkb,Autodock Vina,1.0,NEF,,11.244,36.271,11.244,40,1240,13,4.715,0.945,17.074,0.555,36.271,0.193,0.165,0.796,0.337
aurkb,Autodock Vina,5.0,NEF,,5.19,16.742,5.19,40,1240,62,10.38,0.858,6.033,0.608,25.95,0.175,0.171,0.796,0.337
bcl2,Autodock Vina,0.5,NEF,,0.0,0.0,0.0,40,1240,7,0.0,0.0,0.0,0.497,0.0,-0.014,-0.01,0.534,0.179
bcl2,Autodock Vina,1.0,NEF,,8.247,26.603,8.247,40,1240,13,3.458,0.916,10.874,0.539,26.603,0.136,0.117,0.534,0.179
bcl2,Autodock Vina,5.0,NEF,,3.608,11.639,3.608,40,1240,62,7.216,0.798,3.952,0.567,18.04,0.109,0.106,0.534,0.179
braf,Autodock Vina,0.5,NEF,,13.321,42.971,13.321,40,1240,7,3.008,0.958,22.605,0.536,42.971,0.169,0.12,0.716,0.278
braf,Autodock Vina,1.0,NEF,,6.661,21.487,6.661,40,1240,13,2.793,0.891,8.21,0.531,21.487,0.106,0.091,0.716,0.278
braf,Autodock Vina,5.0,NEF,,2.805,9.048,2.805,40,1240,62,5.61,0.749,2.985,0.547,14.025,0.076,0.074,0.716,0.278
catl,Autodock Vina,0.5,NEF,,0.0,0.0,0.0,40,1240,7,0.0,0.0,0.0,0.497,0.0,-0.014,-0.01,0.708,0.014
catl,Autodock Vina,1.0,NEF,,0.0,0.0,0.0,40,1240,13,0.0,0.0,0.0,0.495,0.0,-0.019,-0.016,0.708,0.014
catl,Autodock Vina,5.0,NEF,,1.529,4.932,1.529,40,1240,62,3.058,0.609,1.556,0.514,7.645,0.022,0.022,0.708,0.014
cdk2,Autodock Vina,0.5,NEF,,0.0,0.0,0.0,40,1240,7,0.0,0.0,0.0,0.497,0.0,-0.014,-0.01,0.574,0.0
cdk2,Autodock Vina,1.0,NEF,,0.0,0.0,0.0,40,1240,13,0.0,0.0,0.0,0.495,0.0,-0.019,-0.016,0.574,0.0
cdk2,Autodock Vina,5.0,NEF,,0.0,0.0,0.0,40,1240,62,0.0,0.0,0.0,0.474,0.0,-0.042,-0.041,0.574,0.0
cox1,Autodock Vina,0.5,NEF,,15.192,49.006,15.192,40,1240,7,3.43,0.966,28.831,0.541,49.006,0.195,0.138,0.757,0.338
cox1,Autodock Vina,1.0,NEF,,7.596,24.503,7.596,40,1240,13,3.185,0.907,9.737,0.536,24.503,0.124,0.106,0.757,0.338
cox1,Autodock Vina,5.0,NEF,,6.077,19.603,6.077,40,1240,62,12.154,0.88,7.315,0.631,30.385,0.213,0.207,0.757,0.338
cox2,Autodock Vina,0.5,NEF,,38.875,125.403,38.875,40,1240,7,8.778,1.007,inf,0.61,100.0,0.521,0.367,0.711,0.458
cox2,Autodock Vina,1.0,NEF,,19.438,62.703,19.438,40,1240,13,8.151,0.981,50.436,0.6,62.703,0.346,0.296,0.711,0.458
cox2,Autodock Vina,5.0,NEF,,4.859,15.674,4.859,40,1240,62,9.718,0.848,5.576,0.6,24.295,0.162,0.158,0.711,0.458
ctsk,Autodock Vina,0.5,NEF,,0.0,0.0,0.0,40,1240,7,0.0,0.0,0.0,0.497,0.0,-0.014,-0.01,0.545,0.046
ctsk,Autodock Vina,1.0,NEF,,0.0,0.0,0.0,40,1240,13,0.0,0.0,0.0,0.495,0.0,-0.019,-0.016,0.545,0.046
ctsk,Autodock Vina,5.0,NEF,,2.79,9.0,2.79,40,1240,62,5.58,0.748,2.967,0.546,13.95,0.075,0.073,0.545,0.046
cyp2a6,Autodock Vina,0.5,NEF,,0.0,0.0,0.0,40,1240,7,0.0,0.0,0.0,0.497,0.0,-0.014,-0.01,0.251,0.0
cyp2a6,Autodock Vina,1.0,NEF,,0.0,0.0,0.0,40,1240,13,0.0,0.0,0.0,0.495,0.0,-0.019,-0.016,0.251,0.0
cyp2a6,Autodock Vina,5.0,NEF,,0.0,0.0,0.0,40,1240,62,0.0,0.0,0.0,0.474,0.0,-0.042,-0.041,0.251,0.0
dhfr,Autodock Vina,0.5,NEF,,0.0,0.0,0.0,40,1240,7,0.0,0.0,0.0,0.497,0.0,-0.014,-0.01,0.469,0.014
dhfr,Autodock Vina,1.0,NEF,,0.0,0.0,0.0,40,1240,13,0.0,0.0,0.0,0.495,0.0,-0.019,-0.016,0.469,0.014
dhfr,Autodock Vina,5.0,NEF,,1.327,4.281,1.327,40,1240,62,2.654,0.573,1.342,0.508,6.635,0.014,0.013,0.469,0.014
egfr,Autodock Vina,0.5,NEF,,0.0,0.0,0.0,40,1240,7,0.0,0.0,0.0,0.497,0.0,-0.014,-0.01,0.524,0.106
egfr,Autodock Vina,1.0,NEF,,0.0,0.0,0.0,40,1240,13,0.0,0.0,0.0,0.495,0.0,-0.019,-0.016,0.524,0.106
egfr,Autodock Vina,5.0,NEF,,2.024,6.529,2.024,40,1240,62,4.048,0.677,2.096,0.526,10.12,0.043,0.042,0.524,0.106
ephb4,Autodock Vina,0.5,NEF,,0.0,0.0,0.0,40,1240,7,0.0,0.0,0.0,0.497,0.0,-0.014,-0.01,0.756,0.046
ephb4,Autodock Vina,1.0,NEF,,0.0,0.0,0.0,40,1240,13,0.0,0.0,0.0,0.495,0.0,-0.019,-0.016,0.756,0.046
ephb4,Autodock Vina,5.0,NEF,,1.212,3.91,1.212,40,1240,62,2.424,0.55,1.221,0.505,6.06,0.009,0.009,0.756,0.046
erbb2,Autodock Vina,0.5,NEF,,14.367,46.345,14.367,40,1240,7,3.244,0.963,25.913,0.539,46.345,0.184,0.13,0.789,0.306
erbb2,Autodock Vina,1.0,NEF,,8.62,27.806,8.62,40,1240,13,3.615,0.92,11.555,0.541,27.806,0.143,0.123,0.789,0.306
erbb2,Autodock Vina,5.0,NEF,,5.877,18.958,5.877,40,1240,62,11.754,0.875,7.018,0.626,29.385,0.204,0.199,0.789,0.306
er-beta,Autodock Vina,0.5,NEF,,0.0,0.0,0.0,40,1240,7,0.0,0.0,0.0,0.497,0.0,-0.014,-0.01,0.526,0.051
er-beta,Autodock Vina,1.0,NEF,,0.0,0.0,0.0,40,1240,13,0.0,0.0,0.0,0.495,0.0,-0.019,-0.016,0.526,0.051
er-beta,Autodock Vina,5.0,NEF,,4.75,15.323,4.75,40,1240,62,9.5,0.844,5.429,0.597,23.75,0.157,0.153,0.526,0.051
fgfr1,Autodock Vina,0.5,NEF,,0.0,0.0,0.0,40,1240,7,0.0,0.0,0.0,0.497,0.0,-0.014,-0.01,0.564,0.002
fgfr1,Autodock Vina,1.0,NEF,,0.0,0.0,0.0,40,1240,13,0.0,0.0,0.0,0.495,0.0,-0.019,-0.016,0.564,0.002
fgfr1,Autodock Vina,5.0,NEF,,0.0,0.0,0.0,40,1240,62,0.0,0.0,0.0,0.474,0.0,-0.042,-0.041,0.564,0.002
fkbp1a,Autodock Vina,0.5,NEF,,0.0,0.0,0.0,40,1240,7,0.0,0.0,0.0,0.497,0.0,-0.014,-0.01,0.472,0.0
fkbp1a,Autodock Vina,1.0,NEF,,0.0,0.0,0.0,40,1240,13,0.0,0.0,0.0,0.495,0.0,-0.019,-0.016,0.472,0.0
fkbp1a,Autodock Vina,5.0,NEF,,0.0,0.0,0.0,40,1240,62,0.0,0.0,0.0,0.474,0.0,-0.042,-0.041,0.472,0.0
fxa,Autodock Vina,0.5,NEF,,0.0,0.0,0.0,40,1240,7,0.0,0.0,0.0,0.497,0.0,-0.014,-0.01,0.788,0.281
fxa,Autodock Vina,1.0,NEF,,10.472,33.781,10.472,40,1240,13,4.391,0.939,15.304,0.551,33.781,0.178,0.152,0.788,0.281
fxa,Autodock Vina,5.0,NEF,,6.614,21.335,6.614,40,1240,62,13.228,0.891,8.137,0.645,33.07,0.235,0.229,0.788,0.281
gba,Autodock Vina,0.5,NEF,,0.0,0.0,0.0,40,1240,7,0.0,0.0,0.0,0.497,0.0,-0.014,-0.01,0.405,0.0
gba,Autodock Vina,1.0,NEF,,0.0,0.0,0.0,40,1240,13,0.0,0.0,0.0,0.495,0.0,-0.019,-0.016,0.405,0.0
gba,Autodock Vina,5.0,NEF,,0.0,0.0,0.0,40,1240,62,0.0,0.0,0.0,0.474,0.0,-0.042,-0.041,0.405,0.0
gr,Autodock Vina,0.5,NEF,,0.0,0.0,0.0,40,1240,7,0.0,0.0,0.0,0.497,0.0,-0.014,-0.01,0.615,0.008
gr,Autodock Vina,1.0,NEF,,0.0,0.0,0.0,40,1240,13,0.0,0.0,0.0,0.495,0.0,-0.019,-0.016,0.615,0.008
gr,Autodock Vina,5.0,NEF,,1.109,3.577,1.109,40,1240,62,2.218,0.527,1.113,0.503,5.545,0.005,0.004,0.615,0.008
gsk3b,Autodock Vina,0.5,NEF,,0.0,0.0,0.0,40,1240,7,0.0,0.0,0.0,0.497,0.0,-0.014,-0.01,0.596,0.001
gsk3b,Autodock Vina,1.0,NEF,,0.0,0.0,0.0,40,1240,13,0.0,0.0,0.0,0.495,0.0,-0.019,-0.016,0.596,0.001
gsk3b,Autodock Vina,5.0,NEF,,0.0,0.0,0.0,40,1240,62,0.0,0.0,0.0,0.474,0.0,-0.042,-0.041,0.596,0.001
hdac2,Autodock Vina,0.5,NEF,,0.0,0.0,0.0,40,1240,7,0.0,0.0,0.0,0.497,0.0,-0.014,-0.01,0.691,0.241
hdac2,Autodock Vina,1.0,NEF,,11.893,38.365,11.893,40,1240,13,4.987,0.949,18.673,0.559,38.365,0.205,0.175,0.691,0.241
hdac2,Autodock Vina,5.0,NEF,,8.395,27.081,8.395,40,1240,62,16.79,0.918,11.141,0.691,41.975,0.31,0.302,0.691,0.241
hdac8,Autodock Vina,0.5,NEF,,0.0,0.0,0.0,40,1240,7,0.0,0.0,0.0,0.497,0.0,-0.014,-0.01,0.633,0.015
hdac8,Autodock Vina,1.0,NEF,,0.0,0.0,0.0,40,1240,13,0.0,0.0,0.0,0.495,0.0,-0.019,-0.016,0.633,0.015
hdac8,Autodock Vina,5.0,NEF,,2.216,7.148,2.216,40,1240,62,4.432,0.698,2.31,0.531,11.08,0.051,0.05,0.633,0.015
hiv1pr,Autodock Vina,0.5,NEF,,15.175,48.952,15.175,40,1240,7,3.427,0.966,28.768,0.541,48.952,0.195,0.138,0.855,0.485
hiv1pr,Autodock Vina,1.0,NEF,,13.007,41.958,13.007,40,1240,13,5.455,0.956,21.687,0.565,41.958,0.226,0.193,0.855,0.485
hiv1pr,Autodock Vina,5.0,NEF,,6.853,22.106,6.853,40,1240,62,13.706,0.895,8.514,0.651,34.265,0.245,0.239,0.855,0.485
hiv1rt,Autodock Vina,0.5,NEF,,0.0,0.0,0.0,40,1240,7,0.0,0.0,0.0,0.497,0.0,-0.014,-0.01,0.356,0.0
hiv1rt,Autodock Vina,1.0,NEF,,0.0,0.0,0.0,40,1240,13,0.0,0.0,0.0,0.495,0.0,-0.019,-0.016,0.356,0.0
hiv1rt,Autodock Vina,5.0,NEF,,0.0,0.0,0.0,40,1240,62,0.0,0.0,0.0,0.474,0.0,-0.042,-0.041,0.356,0.0
hmgr,Autodock Vina,0.5,NEF,,0.0,0.0,0.0,40,1240,7,0.0,0.0,0.0,0.497,0.0,-0.014,-0.01,0.524,0.0
hmgr,Autodock Vina,1.0,NEF,,0.0,0.0,0.0,40,1240,13,0.0,0.0,0.0,0.495,0.0,-0.019,-0.016,0.524,0.0
hmgr,Autodock Vina,5.0,NEF,,0.0,0.0,0.0,40,1240,62,0.0,0.0,0.0,0.474,0.0,-0.042,-0.041,0.524,0.0
hsp90,Autodock Vina,0.5,NEF,,0.0,0.0,0.0,40,1240,7,0.0,0.0,0.0,0.497,0.0,-0.014,-0.01,0.435,0.0
hsp90,Autodock Vina,1.0,NEF,,0.0,0.0,0.0,40,1240,13,0.0,0.0,0.0,0.495,0.0,-0.019,-0.016,0.435,0.0
hsp90,Autodock Vina,5.0,NEF,,0.0,0.0,0.0,40,1240,62,0.0,0.0,0.0,0.474,0.0,-0.042,-0.041,0.435,0.0
igf1r,Autodock Vina,0.5,NEF,,13.333,43.01,13.333,40,1240,7,3.011,0.958,22.641,0.536,43.01,0.17,0.12,0.662,0.219
igf1r,Autodock Vina,1.0,NEF,,6.667,21.506,6.667,40,1240,13,2.796,0.892,8.22,0.531,21.506,0.106,0.091,0.662,0.219
igf1r,Autodock Vina,5.0,NEF,,3.077,9.926,3.077,40,1240,62,6.154,0.768,3.306,0.554,15.385,0.087,0.085,0.662,0.219
inha,Autodock Vina,0.5,NEF,,38.75,125.0,38.75,40,1240,7,8.75,1.007,inf,0.61,100.0,0.519,0.366,0.666,0.601
inha,Autodock Vina,1.0,NEF,,19.375,62.5,19.375,40,1240,13,8.125,0.98,50.0,0.6,62.5,0.345,0.295,0.666,0.601
inha,Autodock Vina,5.0,NEF,,4.844,15.626,4.844,40,1240,62,9.688,0.847,5.556,0.599,24.22,0.161,0.157,0.666,0.601
itk,Autodock Vina,0.5,NEF,,0.0,0.0,0.0,40,1240,7,0.0,0.0,0.0,0.497,0.0,-0.014,-0.01,0.506,0.0
itk,Autodock Vina,1.0,NEF,,0.0,0.0,0.0,40,1240,13,0.0,0.0,0.0,0.495,0.0,-0.019,-0.016,0.506,0.0
itk,Autodock Vina,5.0,NEF,,0.0,0.0,0.0,40,1240,62,0.0,0.0,0.0,0.474,0.0,-0.042,-0.041,0.506,0.0
jak3,Autodock Vina,0.5,NEF,,8.778,28.316,8.778,40,1240,7,1.982,0.922,11.85,0.523,28.316,0.107,0.075,0.759,0.477
jak3,Autodock Vina,1.0,NEF,,10.533,33.977,10.533,40,1240,13,4.417,0.939,15.439,0.552,33.977,0.179,0.153,0.759,0.477
jak3,Autodock Vina,5.0,NEF,,7.681,24.777,7.681,40,1240,62,15.362,0.908,9.882,0.673,38.405,0.28,0.273,0.759,0.477
jnk1,Autodock Vina,0.5,NEF,,10.667,34.41,10.667,40,1240,7,2.409,0.94,15.738,0.528,34.41,0.133,0.094,0.613,0.183
jnk1,Autodock Vina,1.0,NEF,,6.4,20.645,6.4,40,1240,13,2.684,0.886,7.805,0.529,20.645,0.101,0.087,0.613,0.183
jnk1,Autodock Vina,5.0,NEF,,1.391,4.487,1.391,40,1240,62,2.782,0.585,1.409,0.51,6.955,0.016,0.016,0.613,0.183
jnk2,Autodock Vina,0.5,NEF,,0.0,0.0,0.0,40,1240,7,0.0,0.0,0.0,0.497,0.0,-0.014,-0.01,0.466,0.011
jnk2,Autodock Vina,1.0,NEF,,0.0,0.0,0.0,40,1240,13,0.0,0.0,0.0,0.495,0.0,-0.019,-0.016,0.466,0.011
jnk2,Autodock Vina,5.0,NEF,,1.732,5.587,1.732,40,1240,62,3.464,0.64,1.775,0.519,8.66,0.031,0.03,0.466,0.011
jnk3,Autodock Vina,0.5,NEF,,0.0,0.0,0.0,40,1240,7,0.0,0.0,0.0,0.497,0.0,-0.014,-0.01,0.715,0.055
jnk3,Autodock Vina,1.0,NEF,,0.0,0.0,0.0,40,1240,13,0.0,0.0,0.0,0.495,0.0,-0.019,-0.016,0.715,0.055
jnk3,Autodock Vina,5.0,NEF,,3.021,9.745,3.021,40,1240,62,6.042,0.764,3.239,0.552,15.105,0.085,0.082,0.715,0.055
kif11,Autodock Vina,0.5,NEF,,0.0,0.0,0.0,40,1240,7,0.0,0.0,0.0,0.497,0.0,-0.014,-0.01,0.895,0.052
kif11,Autodock Vina,1.0,NEF,,0.0,0.0,0.0,40,1240,13,0.0,0.0,0.0,0.495,0.0,-0.019,-0.016,0.895,0.052
kif11,Autodock Vina,5.0,NEF,,3.705,11.952,3.705,40,1240,62,7.41,0.803,4.072,0.57,18.525,0.113,0.11,0.895,0.052
lck,Autodock Vina,0.5,NEF,,10.157,32.765,10.157,40,1240,7,2.294,0.936,14.619,0.527,32.765,0.126,0.089,0.592,0.199
lck,Autodock Vina,1.0,NEF,,5.078,16.381,5.078,40,1240,13,2.129,0.855,5.877,0.522,16.381,0.077,0.066,0.592,0.199
lck,Autodock Vina,5.0,NEF,,2.344,7.561,2.344,40,1240,62,4.688,0.71,2.454,0.535,11.72,0.056,0.055,0.592,0.199
mdm2,Autodock Vina,0.5,NEF,,0.0,0.0,0.0,40,1240,7,0.0,0.0,0.0,0.497,0.0,-0.014,-0.01,0.524,0.002
mdm2,Autodock Vina,1.0,NEF,,0.0,0.0,0.0,40,1240,13,0.0,0.0,0.0,0.495,0.0,-0.019,-0.016,0.524,0.002
mdm2,Autodock Vina,5.0,NEF,,0.0,0.0,0.0,40,1240,62,0.0,0.0,0.0,0.474,0.0,-0.042,-0.041,0.524,0.002
mk2,Autodock Vina,0.5,NEF,,0.0,0.0,0.0,40,1240,7,0.0,0.0,0.0,0.497,0.0,-0.014,-0.01,0.914,0.397
mk2,Autodock Vina,1.0,NEF,,21.3,68.71,21.3,40,1240,13,8.932,0.985,65.876,0.61,68.71,0.381,0.326,0.914,0.397
mk2,Autodock Vina,5.0,NEF,,9.682,31.232,9.682,40,1240,62,19.364,0.932,13.625,0.724,48.41,0.364,0.354,0.914,0.397
mmp2,Autodock Vina,0.5,NEF,,0.0,0.0,0.0,40,1240,7,0.0,0.0,0.0,0.497,0.0,-0.014,-0.01,0.62,0.002
mmp2,Autodock Vina,1.0,NEF,,0.0,0.0,0.0,40,1240,13,0.0,0.0,0.0,0.495,0.0,-0.019,-0.016,0.62,0.002
mmp2,Autodock Vina,5.0,NEF,,0.0,0.0,0.0,40,1240,62,0.0,0.0,0.0,0.474,0.0,-0.042,-0.041,0.62,0.002
na,Autodock Vina,0.5,NEF,,0.0,0.0,0.0,40,1240,7,0.0,0.0,0.0,0.497,0.0,-0.014,-0.01,0.495,0.0
na,Autodock Vina,1.0,NEF,,0.0,0.0,0.0,40,1240,13,0.0,0.0,0.0,0.495,0.0,-0.019,-0.016,0.495,0.0
na,Autodock Vina,5.0,NEF,,0.0,0.0,0.0,40,1240,62,0.0,0.0,0.0,0.474,0.0,-0.042,-0.041,0.495,0.0
p38-alpha,Autodock Vina,0.5,NEF,,23.667,76.345,23.667,40,1240,7,5.344,0.99,96.824,0.566,76.345,0.312,0.22,0.592,0.308
p38-alpha,Autodock Vina,1.0,NEF,,14.2,45.806,14.2,40,1240,13,5.955,0.962,25.357,0.572,45.806,0.248,0.212,0.592,0.308
p38-alpha,Autodock Vina,5.0,NEF,,3.227,10.41,3.227,40,1240,62,6.454,0.777,3.486,0.558,16.135,0.093,0.091,0.592,0.308
parp-1,Autodock Vina,0.5,NEF,,0.0,0.0,0.0,40,1240,7,0.0,0.0,0.0,0.497,0.0,-0.014,-0.01,0.796,0.209
parp-1,Autodock Vina,1.0,NEF,,0.0,0.0,0.0,40,1240,13,0.0,0.0,0.0,0.495,0.0,-0.019,-0.016,0.796,0.209
parp-1,Autodock Vina,5.0,NEF,,9.893,31.913,9.893,40,1240,62,19.786,0.934,14.061,0.73,49.465,0.372,0.363,0.796,0.209
pde4b,Autodock Vina,0.5,NEF,,0.0,0.0,0.0,40,1240,7,0.0,0.0,0.0,0.497,0.0,-0.014,-0.01,0.698,0.124
pde4b,Autodock Vina,1.0,NEF,,5.046,16.277,5.046,40,1240,13,2.116,0.854,5.833,0.522,16.277,0.076,0.065,0.698,0.124
pde4b,Autodock Vina,5.0,NEF,,2.163,6.977,2.163,40,1240,62,4.326,0.692,2.25,0.53,10.815,0.049,0.047,0.698,0.124
pde5,Autodock Vina,0.5,NEF,,19.037,61.41,19.037,40,1240,7,4.299,0.979,47.74,0.553,61.41,0.248,0.175,0.472,0.164
pde5,Autodock Vina,1.0,NEF,,9.519,30.706,9.519,40,1240,13,3.992,0.93,13.294,0.546,30.706,0.16,0.137,0.472,0.164
pde5,Autodock Vina,5.0,NEF,,2.197,7.087,2.197,40,1240,62,4.394,0.696,2.288,0.531,10.985,0.05,0.049,0.472,0.164
pdk1,Autodock Vina,0.5,NEF,,19.25,62.097,19.25,40,1240,7,4.347,0.98,49.149,0.553,62.097,0.251,0.177,0.822,0.278
pdk1,Autodock Vina,1.0,NEF,,9.625,31.048,9.625,40,1240,13,4.036,0.931,13.509,0.547,31.048,0.162,0.139,0.822,0.278
pdk1,Autodock Vina,5.0,NEF,,3.85,12.419,3.85,40,1240,62,7.7,0.81,4.254,0.574,19.25,0.119,0.116,0.822,0.278
pi3kg,Autodock Vina,0.5,NEF,,0.0,0.0,0.0,40,1240,7,0.0,0.0,0.0,0.497,0.0,-0.014,-0.01,0.701,0.006
pi3kg,Autodock Vina,1.0,NEF,,0.0,0.0,0.0,40,1240,13,0.0,0.0,0.0,0.495,0.0,-0.019,-0.016,0.701,0.006
pi3kg,Autodock Vina,5.0,NEF,,0.0,0.0,0.0,40,1240,62,0.0,0.0,0.0,0.474,0.0,-0.042,-0.041,0.701,0.006
pim-1,Autodock Vina,0.5,NEF,,12.879,41.545,12.879,40,1240,7,2.908,0.955,21.322,0.535,41.545,0.163,0.115,0.814,0.251
pim-1,Autodock Vina,1.0,NEF,,7.727,24.926,7.727,40,1240,13,3.24,0.909,9.96,0.536,24.926,0.126,0.108,0.814,0.251
pim-1,Autodock Vina,5.0,NEF,,3.512,11.329,3.512,40,1240,62,7.024,0.793,3.833,0.565,17.56,0.105,0.103,0.814,0.251
pim-2,Autodock Vina,0.5,NEF,,27.6,89.032,27.6,40,1240,7,6.232,0.996,243.529,0.578,89.032,0.366,0.258,0.717,0.486
pim-2,Autodock Vina,1.0,NEF,,16.56,53.419,16.56,40,1240,13,6.945,0.972,34.404,0.584,53.419,0.292,0.25,0.717,0.486
pim-2,Autodock Vina,5.0,NEF,,5.914,19.077,5.914,40,1240,62,11.828,0.876,7.072,0.627,29.57,0.206,0.201,0.717,0.486
pnp,Autodock Vina,0.5,NEF,,0.0,0.0,0.0,40,1240,7,0.0,0.0,0.0,0.497,0.0,-0.014,-0.01,0.815,0.014
pnp,Autodock Vina,1.0,NEF,,0.0,0.0,0.0,40,1240,13,0.0,0.0,0.0,0.495,0.0,-0.019,-0.016,0.815,0.014
pnp,Autodock Vina,5.0,NEF,,6.538,21.09,6.538,40,1240,62,13.076,0.889,8.018,0.643,32.69,0.232,0.226,0.815,0.014
ppara,Autodock Vina,0.5,NEF,,0.0,0.0,0.0,40,1240,7,0.0,0.0,0.0,0.497,0.0,-0.014,-0.01,0.847,0.045
ppara,Autodock Vina,1.0,NEF,,0.0,0.0,0.0,40,1240,13,0.0,0.0,0.0,0.495,0.0,-0.019,-0.016,0.847,0.045
ppara,Autodock Vina,5.0,NEF,,2.987,9.635,2.987,40,1240,62,5.974,0.762,3.199,0.551,14.935,0.083,0.081,0.847,0.045
pparg,Autodock Vina,0.5,NEF,,0.0,0.0,0.0,40,1240,7,0.0,0.0,0.0,0.497,0.0,-0.014,-0.01,0.776,0.129
pparg,Autodock Vina,1.0,NEF,,6.862,22.135,6.862,40,1240,13,2.878,0.895,8.528,0.532,22.135,0.11,0.094,0.776,0.129
pparg,Autodock Vina,5.0,NEF,,1.492,4.813,1.492,40,1240,62,2.984,0.603,1.517,0.513,7.46,0.021,0.02,0.776,0.129
pr,Autodock Vina,0.5,NEF,,0.0,0.0,0.0,40,1240,7,0.0,0.0,0.0,0.497,0.0,-0.014,-0.01,0.678,0.002
pr,Autodock Vina,1.0,NEF,,0.0,0.0,0.0,40,1240,13,0.0,0.0,0.0,0.495,0.0,-0.019,-0.016,0.678,0.002
pr,Autodock Vina,5.0,NEF,,0.0,0.0,0.0,40,1240,62,0.0,0.0,0.0,0.474,0.0,-0.042,-0.041,0.678,0.002
prkcq,Autodock Vina,0.5,NEF,,0.0,0.0,0.0,40,1240,7,0.0,0.0,0.0,0.497,0.0,-0.014,-0.01,0.749,0.137
prkcq,Autodock Vina,1.0,NEF,,0.0,0.0,0.0,40,1240,13,0.0,0.0,0.0,0.495,0.0,-0.019,-0.016,0.749,0.137
prkcq,Autodock Vina,5.0,NEF,,5.978,19.284,5.978,40,1240,62,11.956,0.878,7.167,0.629,29.89,0.209,0.203,0.749,0.137
pygl-in,Autodock Vina,0.5,NEF,,0.0,0.0,0.0,40,1240,7,0.0,0.0,0.0,0.497,0.0,-0.014,-0.01,0.674,0.001
pygl-in,Autodock Vina,1.0,NEF,,0.0,0.0,0.0,40,1240,13,0.0,0.0,0.0,0.495,0.0,-0.019,-0.016,0.674,0.001
pygl-in,Autodock Vina,5.0,NEF,,0.0,0.0,0.0,40,1240,62,0.0,0.0,0.0,0.474,0.0,-0.042,-0.041,0.674,0.001
pygl-out,Autodock Vina,0.5,NEF,,14.944,48.206,14.944,40,1240,7,3.374,0.965,27.922,0.541,48.206,0.192,0.135,0.855,0.352
pygl-out,Autodock Vina,1.0,NEF,,14.944,48.206,14.944,40,1240,13,6.267,0.965,27.922,0.576,48.206,0.262,0.224,0.855,0.352
pygl-out,Autodock Vina,5.0,NEF,,8.302,26.781,8.302,40,1240,62,16.604,0.916,10.973,0.689,41.51,0.306,0.298,0.855,0.352
qpct,Autodock Vina,0.5,NEF,,0.0,0.0,0.0,40,1240,7,0.0,0.0,0.0,0.497,0.0,-0.014,-0.01,0.421,0.003
qpct,Autodock Vina,1.0,NEF,,0.0,0.0,0.0,40,1240,13,0.0,0.0,0.0,0.495,0.0,-0.019,-0.016,0.421,0.003
qpct,Autodock Vina,5.0,NEF,,0.0,0.0,0.0,40,1240,62,0.0,0.0,0.0,0.474,0.0,-0.042,-0.041,0.421,0.003
rock-1,Autodock Vina,0.5,NEF,,0.0,0.0,0.0,40,1240,7,0.0,0.0,0.0,0.497,0.0,-0.014,-0.01,0.503,0.0
rock-1,Autodock Vina,1.0,NEF,,0.0,0.0,0.0,40,1240,13,0.0,0.0,0.0,0.495,0.0,-0.019,-0.016,0.503,0.0
rock-1,Autodock Vina,5.0,NEF,,0.0,0.0,0.0,40,1240,62,0.0,0.0,0.0,0.474,0.0,-0.042,-0.041,0.503,0.0
rxr,Autodock Vina,0.5,NEF,,23.563,76.01,23.563,40,1240,7,5.321,0.99,95.05,0.566,76.01,0.31,0.219,0.544,0.237
rxr,Autodock Vina,1.0,NEF,,11.781,38.003,11.781,40,1240,13,4.94,0.948,18.39,0.558,38.003,0.203,0.173,0.544,0.237
rxr,Autodock Vina,5.0,NEF,,2.48,8.0,2.48,40,1240,62,4.96,0.723,2.609,0.538,12.4,0.062,0.06,0.544,0.237
sars-hcov,Autodock Vina,0.5,NEF,,0.0,0.0,0.0,39,1209,7,0.0,0.0,0.0,0.497,0.0,-0.014,-0.01,0.503,0.07
sars-hcov,Autodock Vina,1.0,NEF,,0.0,0.0,0.0,39,1209,13,0.0,0.0,0.0,0.494,0.0,-0.019,-0.016,0.503,0.07
sars-hcov,Autodock Vina,5.0,NEF,,2.5,8.065,2.5,39,1209,61,4.919,0.725,2.632,0.539,12.614,0.063,0.061,0.503,0.07
sirt2,Autodock Vina,0.5,NEF,,9.25,29.839,9.25,40,1240,7,2.089,0.927,12.759,0.524,29.839,0.113,0.08,0.543,0.216
sirt2,Autodock Vina,1.0,NEF,,5.55,17.903,5.55,40,1240,13,2.327,0.867,6.542,0.525,17.903,0.086,0.073,0.543,0.216
sirt2,Autodock Vina,5.0,NEF,,3.62,11.677,3.62,40,1240,62,7.24,0.799,3.966,0.568,18.1,0.11,0.107,0.543,0.216
src,Autodock Vina,0.5,NEF,,0.0,0.0,0.0,40,1240,7,0.0,0.0,0.0,0.497,0.0,-0.014,-0.01,0.484,0.0
src,Autodock Vina,1.0,NEF,,0.0,0.0,0.0,40,1240,13,0.0,0.0,0.0,0.495,0.0,-0.019,-0.016,0.484,0.0
src,Autodock Vina,5.0,NEF,,0.0,0.0,0.0,40,1240,62,0.0,0.0,0.0,0.474,0.0,-0.042,-0.041,0.484,0.0
thrombin,Autodock Vina,0.5,NEF,,0.0,0.0,0.0,40,1240,7,0.0,0.0,0.0,0.497,0.0,-0.014,-0.01,0.663,0.138
thrombin,Autodock Vina,1.0,NEF,,7.85,25.323,7.85,40,1240,13,3.292,0.91,10.173,0.537,25.323,0.129,0.11,0.663,0.138
thrombin,Autodock Vina,5.0,NEF,,3.271,10.552,3.271,40,1240,62,6.542,0.78,3.539,0.559,16.355,0.095,0.093,0.663,0.138
tie2,Autodock Vina,0.5,NEF,,0.0,0.0,0.0,40,1240,7,0.0,0.0,0.0,0.497,0.0,-0.014,-0.01,0.566,0.004
tie2,Autodock Vina,1.0,NEF,,0.0,0.0,0.0,40,1240,13,0.0,0.0,0.0,0.495,0.0,-0.019,-0.016,0.566,0.004
tie2,Autodock Vina,5.0,NEF,,0.0,0.0,0.0,40,1240,62,0.0,0.0,0.0,0.474,0.0,-0.042,-0.041,0.566,0.004
tk,Autodock Vina,0.5,NEF,,0.0,0.0,0.0,40,1240,7,0.0,0.0,0.0,0.497,0.0,-0.014,-0.01,0.52,0.32
tk,Autodock Vina,1.0,NEF,,6.354,20.497,6.354,40,1240,13,2.665,0.886,7.734,0.529,20.497,0.101,0.086,0.52,0.32
tk,Autodock Vina,5.0,NEF,,4.766,15.374,4.766,40,1240,62,9.532,0.845,5.45,0.597,23.83,0.158,0.154,0.52,0.32
tp,Autodock Vina,0.5,NEF,,0.0,0.0,0.0,40,1240,7,0.0,0.0,0.0,0.497,0.0,-0.014,-0.01,0.516,0.0
tp,Autodock Vina,1.0,NEF,,0.0,0.0,0.0,40,1240,13,0.0,0.0,0.0,0.495,0.0,-0.019,-0.016,0.516,0.0
tp,Autodock Vina,5.0,NEF,,0.0,0.0,0.0,40,1240,62,0.0,0.0,0.0,0.474,0.0,-0.042,-0.041,0.516,0.0
tpa,Autodock Vina,0.5,NEF,,0.0,0.0,0.0,40,1240,7,0.0,0.0,0.0,0.497,0.0,-0.014,-0.01,0.735,0.0
tpa,Autodock Vina,1.0,NEF,,0.0,0.0,0.0,40,1240,13,0.0,0.0,0.0,0.495,0.0,-0.019,-0.016,0.735,0.0
tpa,Autodock Vina,5.0,NEF,,0.0,0.0,0.0,40,1240,62,0.0,0.0,0.0,0.474,0.0,-0.042,-0.041,0.735,0.0
ts,Autodock Vina,0.5,NEF,,12.028,38.831,12.028,40,1239,7,2.718,0.95,19.029,0.532,38.831,0.152,0.107,0.738,0.358
ts,Autodock Vina,1.0,NEF,,14.433,46.596,14.433,40,1239,13,6.057,0.963,26.153,0.573,46.596,0.253,0.216,0.738,0.358
ts,Autodock Vina,5.0,NEF,,4.92,15.884,4.92,40,1239,62,9.848,0.85,5.66,0.601,24.62,0.164,0.16,0.738,0.358
upa,Autodock Vina,0.5,NEF,,24.583,79.3,24.583,40,1240,7,5.551,0.991,114.928,0.569,79.3,0.324,0.229,0.766,0.297
upa,Autodock Vina,1.0,NEF,,16.389,52.868,16.389,40,1240,13,6.873,0.971,33.651,0.583,52.868,0.289,0.247,0.766,0.297
upa,Autodock Vina,5.0,NEF,,3.278,10.574,3.278,40,1240,62,6.556,0.78,3.547,0.559,16.39,0.095,0.093,0.766,0.297
vegfr1,Autodock Vina,0.5,NEF,,33.75,108.871,33.75,40,1240,7,7.621,1.003,inf,0.596,100.0,0.451,0.318,0.82,0.499
vegfr1,Autodock Vina,1.0,NEF,,22.5,72.581,22.5,40,1240,13,9.435,0.988,79.412,0.616,72.581,0.404,0.346,0.82,0.499
vegfr1,Autodock Vina,5.0,NEF,,4.821,15.552,4.821,40,1240,62,9.642,0.847,5.525,0.599,24.105,0.16,0.156,0.82,0.499
vegfr2,Autodock Vina,0.5,NEF,,0.0,0.0,0.0,40,1240,7,0.0,0.0,0.0,0.497,0.0,-0.014,-0.01,0.637,0.065
vegfr2,Autodock Vina,1.0,NEF,,0.0,0.0,0.0,40,1240,13,0.0,0.0,0.0,0.495,0.0,-0.019,-0.016,0.637,0.065
vegfr2,Autodock Vina,5.0,NEF,,5.59,18.032,5.59,40,1240,62,11.18,0.868,6.6,0.619,27.95,0.192,0.187,0.637,0.065
17betahsd1,DLIGAND2,1.0,NEF,,2.44,7.871,2.44,40,1240,13,1.023,0.719,2.563,0.508,7.871,0.027,0.023,,
ace2,DLIGAND2,1.0,NEF,,4.88,15.742,4.88,40,1240,13,2.046,0.849,5.605,0.521,15.742,0.073,0.062,,
ache,DLIGAND2,1.0,NEF,,0.0,0.0,0.0,40,1240,13,0.0,0.0,0.0,0.495,0.0,-0.019,-0.016,,
akt1,DLIGAND2,1.0,NEF,,4.88,15.742,4.88,40,1240,13,2.046,0.849,5.605,0.521,15.742,0.073,0.062,,
alr2,DLIGAND2,1.0,NEF,,2.44,7.871,2.44,40,1240,13,1.023,0.719,2.563,0.508,7.871,0.027,0.023,,
ar,DLIGAND2,1.0,NEF,,2.44,7.871,2.44,40,1240,13,1.023,0.719,2.563,0.508,7.871,0.027,0.023,,
aurka,DLIGAND2,1.0,NEF,,2.44,7.871,2.44,40,1240,13,1.023,0.719,2.563,0.508,7.871,0.027,0.023,,
aurkb,DLIGAND2,1.0,NEF,,4.88,15.742,4.88,40,1240,13,2.046,0.849,5.605,0.521,15.742,0.073,0.062,,
bcl2,DLIGAND2,1.0,NEF,,2.44,7.871,2.44,40,1240,13,1.023,0.719,2.563,0.508,7.871,0.027,0.023,,
catl,DLIGAND2,1.0,NEF,,7.32,23.613,7.32,40,1240,13,3.07,0.903,9.274,0.534,23.613,0.119,0.102,,
cdk2,DLIGAND2,1.0,NEF,,0.0,0.0,0.0,40,1240,13,0.0,0.0,0.0,0.495,0.0,-0.019,-0.016,,
ctsk,DLIGAND2,1.0,NEF,,4.88,15.742,4.88,40,1240,13,2.046,0.849,5.605,0.521,15.742,0.073,0.062,,
cyp2a6,DLIGAND2,1.0,NEF,,0.0,0.0,0.0,40,1240,13,0.0,0.0,0.0,0.495,0.0,-0.019,-0.016,,
dhfr,DLIGAND2,1.0,NEF,,2.44,7.871,2.44,40,1240,13,1.023,0.719,2.563,0.508,7.871,0.027,0.023,,
egfr,DLIGAND2,1.0,NEF,,2.44,7.871,2.44,40,1240,13,1.023,0.719,2.563,0.508,7.871,0.027,0.023,,
ephb4,DLIGAND2,1.0,NEF,,2.44,7.871,2.44,40,1240,13,1.023,0.719,2.563,0.508,7.871,0.027,0.023,,
erbb2,DLIGAND2,1.0,NEF,,19.51,62.935,19.51,40,1240,13,8.182,0.981,50.94,0.6,62.935,0.348,0.298,,
er-beta,DLIGAND2,1.0,NEF,,4.88,15.742,4.88,40,1240,13,2.046,0.849,5.605,0.521,15.742,0.073,0.062,,
gsk3b,DLIGAND2,1.0,NEF,,4.88,15.742,4.88,40,1240,13,2.046,0.849,5.605,0.521,15.742,0.073,0.062,,
hiv1pr,DLIGAND2,1.0,NEF,,19.51,62.935,19.51,40,1240,13,8.182,0.981,50.94,0.6,62.935,0.348,0.298,,
itk,DLIGAND2,1.0,NEF,,0.0,0.0,0.0,40,1240,13,0.0,0.0,0.0,0.495,0.0,-0.019,-0.016,,
jak3,DLIGAND2,1.0,NEF,,2.44,7.871,2.44,40,1240,13,1.023,0.719,2.563,0.508,7.871,0.027,0.023,,
jnk1,DLIGAND2,1.0,NEF,,0.0,0.0,0.0,40,1240,13,0.0,0.0,0.0,0.495,0.0,-0.019,-0.016,,
jnk2,DLIGAND2,1.0,NEF,,12.2,39.355,12.2,40,1240,13,5.116,0.951,19.468,0.561,39.355,0.21,0.18,,
mdm2,DLIGAND2,1.0,NEF,,2.44,7.871,2.44,40,1240,13,1.023,0.719,2.563,0.508,7.871,0.027,0.023,,
mk2,DLIGAND2,1.0,NEF,,2.44,7.871,2.44,40,1240,13,1.023,0.719,2.563,0.508,7.871,0.027,0.023,,
mmp2,DLIGAND2,1.0,NEF,,9.76,31.484,9.76,40,1240,13,4.093,0.932,13.785,0.547,31.484,0.165,0.141,,
na,DLIGAND2,1.0,NEF,,0.0,0.0,0.0,40,1240,13,0.0,0.0,0.0,0.495,0.0,-0.019,-0.016,,
p38-alpha,DLIGAND2,1.0,NEF,,0.0,0.0,0.0,40,1240,13,0.0,0.0,0.0,0.495,0.0,-0.019,-0.016,,
pde4b,DLIGAND2,1.0,NEF,,9.76,31.484,9.76,40,1240,13,4.093,0.932,13.785,0.547,31.484,0.165,0.141,,
pde5,DLIGAND2,1.0,NEF,,12.2,39.355,12.2,40,1240,13,5.116,0.951,19.468,0.561,39.355,0.21,0.18,,
pdk1,DLIGAND2,1.0,NEF,,4.88,15.742,4.88,40,1240,13,2.046,0.849,5.605,0.521,15.742,0.073,0.062,,
pi3kg,DLIGAND2,1.0,NEF,,7.32,23.613,7.32,40,1240,13,3.07,0.903,9.274,0.534,23.613,0.119,0.102,,
pim-1,DLIGAND2,1.0,NEF,,4.88,15.742,4.88,40,1240,13,2.046,0.849,5.605,0.521,15.742,0.073,0.062,,
pim-2,DLIGAND2,1.0,NEF,,2.5,8.065,2.5,40,1240,13,1.048,0.725,2.632,0.508,8.065,0.028,0.024,,
pnp,DLIGAND2,1.0,NEF,,0.0,0.0,0.0,40,1240,13,0.0,0.0,0.0,0.495,0.0,-0.019,-0.016,,
pparg,DLIGAND2,1.0,NEF,,2.44,7.871,2.44,40,1240,13,1.023,0.719,2.563,0.508,7.871,0.027,0.023,,
pr,DLIGAND2,1.0,NEF,,0.0,0.0,0.0,40,1240,13,0.0,0.0,0.0,0.495,0.0,-0.019,-0.016,,
prkcq,DLIGAND2,1.0,NEF,,4.88,15.742,4.88,40,1240,13,2.046,0.849,5.605,0.521,15.742,0.073,0.062,,
pygl-in,DLIGAND2,1.0,NEF,,0.0,0.0,0.0,40,1240,13,0.0,0.0,0.0,0.495,0.0,-0.019,-0.016,,
pygl-out,DLIGAND2,1.0,NEF,,2.44,7.871,2.44,40,1240,13,1.023,0.719,2.563,0.508,7.871,0.027,0.023,,
qpct,DLIGAND2,1.0,NEF,,0.0,0.0,0.0,40,1240,13,0.0,0.0,0.0,0.495,0.0,-0.019,-0.016,,
sars-hcov,DLIGAND2,1.0,NEF,,2.66,8.581,2.66,39,1209,13,1.115,0.738,2.816,0.509,8.581,0.032,0.027,,
src,DLIGAND2,1.0,NEF,,2.61,8.419,2.61,40,1240,13,1.095,0.734,2.758,0.509,8.419,0.03,0.026,,
thrombin,DLIGAND2,1.0,NEF,,2.44,7.871,2.44,40,1240,13,1.023,0.719,2.563,0.508,7.871,0.027,0.023,,
tie2,DLIGAND2,1.0,NEF,,17.07,55.065,17.07,40,1240,13,7.158,0.974,36.762,0.587,55.065,0.302,0.258,,
tk,DLIGAND2,1.0,NEF,,2.44,7.871,2.44,40,1240,13,1.023,0.719,2.563,0.508,7.871,0.027,0.023,,
tp,DLIGAND2,1.0,NEF,,19.51,62.935,19.51,40,1240,13,8.182,0.981,50.94,0.6,62.935,0.348,0.298,,
tpa,DLIGAND2,1.0,NEF,,0.0,0.0,0.0,40,1240,13,0.0,0.0,0.0,0.495,0.0,-0.019,-0.016,,
ts,DLIGAND2,1.0,NEF,,7.32,23.632,7.32,40,1239,13,3.072,0.903,9.276,0.534,23.632,0.119,0.102,,
vegfr1,DLIGAND2,1.0,NEF,,0.0,0.0,0.0,40,1240,13,0.0,0.0,0.0,0.495,0.0,-0.019,-0.016,,
vegfr2,DLIGAND2,1.0,NEF,,0.0,0.0,0.0,40,1240,13,0.0,0.0,0.0,0.495,0.0,-0.019,-0.016,,
11betahsd1,GenScore(ft_0.5),0.5,NEF,,0.0,0.0,0.0,40,1240,7,0.0,0.0,0.0,0.497,0.0,-0.014,-0.01,0.579,0.032
11betahsd1,GenScore(ft_0.5),1.0,NEF,,0.0,0.0,0.0,40,1240,13,0.0,0.0,0.0,0.495,0.0,-0.019,-0.016,0.579,0.032
11betahsd1,GenScore(ft_0.5),5.0,NEF,,1.99,6.419,1.99,40,1240,62,3.98,0.673,2.058,0.526,9.95,0.041,0.04,0.579,0.032
17betahsd1,GenScore(ft_0.5),0.5,NEF,,0.0,0.0,0.0,40,1240,7,0.0,0.0,0.0,0.497,0.0,-0.014,-0.01,0.524,0.019
17betahsd1,GenScore(ft_0.5),1.0,NEF,,0.0,0.0,0.0,40,1240,13,0.0,0.0,0.0,0.495,0.0,-0.019,-0.016,0.524,0.019
17betahsd1,GenScore(ft_0.5),5.0,NEF,,0.99,3.194,0.99,40,1240,62,1.98,0.497,0.99,0.5,4.95,-0.0,-0.0,0.524,0.019
a2a,GenScore(ft_0.5),0.5,NEF,,30.53,98.484,30.53,40,1240,7,6.894,0.999,1948.723,0.586,98.484,0.406,0.287,0.769,0.576
a2a,GenScore(ft_0.5),1.0,NEF,,16.44,53.032,16.44,40,1240,13,6.894,0.971,33.874,0.584,53.032,0.29,0.248,0.769,0.576
a2a,GenScore(ft_0.5),5.0,NEF,,7.88,25.419,7.88,40,1240,62,15.76,0.911,10.225,0.678,39.4,0.288,0.281,0.769,0.576
ace,GenScore(ft_0.5),0.5,NEF,,30.9,99.677,30.9,40,1240,7,6.977,1.0,9270.0,0.587,99.677,0.411,0.29,0.833,0.887
ace,GenScore(ft_0.5),1.0,NEF,,30.9,99.677,30.9,40,1240,13,12.958,1.0,9270.0,0.662,99.677,0.562,0.481,0.833,0.887
ace,GenScore(ft_0.5),5.0,NEF,,11.96,38.581,11.96,40,1240,62,23.92,0.95,18.845,0.783,59.8,0.459,0.447,0.833,0.887
ace2,GenScore(ft_0.5),0.5,NEF,,22.13,71.387,22.13,40,1240,7,4.997,0.987,74.848,0.562,71.387,0.291,0.205,0.844,0.382
ace2,GenScore(ft_0.5),1.0,NEF,,14.3,46.129,14.3,40,1240,13,5.997,0.963,25.689,0.572,46.129,0.25,0.214,0.844,0.382
ace2,GenScore(ft_0.5),5.0,NEF,,5.0,16.129,5.0,40,1240,62,10.0,0.852,5.769,0.603,25.0,0.168,0.163,0.844,0.382
ache,GenScore(ft_0.5),0.5,NEF,,0.0,0.0,0.0,40,1240,7,0.0,0.0,0.0,0.497,0.0,-0.014,-0.01,0.535,0.047
ache,GenScore(ft_0.5),1.0,NEF,,2.35,7.581,2.35,40,1240,13,0.985,0.711,2.461,0.507,7.581,0.025,0.022,0.535,0.047
ache,GenScore(ft_0.5),5.0,NEF,,0.99,3.194,0.99,40,1240,62,1.98,0.497,0.99,0.5,4.95,-0.0,-0.0,0.535,0.047
adam17,GenScore(ft_0.5),0.5,NEF,,26.36,85.032,26.36,40,1240,7,5.952,0.994,170.431,0.574,85.032,0.349,0.246,0.854,0.656
adam17,GenScore(ft_0.5),1.0,NEF,,21.29,68.677,21.29,40,1240,13,8.928,0.985,65.778,0.61,68.677,0.381,0.326,0.854,0.656
adam17,GenScore(ft_0.5),5.0,NEF,,9.42,30.387,9.42,40,1240,62,18.84,0.929,13.095,0.718,47.1,0.353,0.344,0.854,0.656
adrb2,GenScore(ft_0.5),0.5,NEF,,9.47,30.548,9.47,40,1240,7,2.138,0.93,13.196,0.525,30.548,0.117,0.082,0.699,0.159
adrb2,GenScore(ft_0.5),1.0,NEF,,4.74,15.29,4.74,40,1240,13,1.988,0.844,5.415,0.52,15.29,0.07,0.06,0.699,0.159
adrb2,GenScore(ft_0.5),5.0,NEF,,2.49,8.032,2.49,40,1240,62,4.98,0.724,2.62,0.538,12.45,0.062,0.061,0.699,0.159
akt1,GenScore(ft_0.5),0.5,NEF,,20.15,65.0,20.15,40,1240,7,4.55,0.982,55.714,0.556,65.0,0.263,0.186,0.725,0.436
akt1,GenScore(ft_0.5),1.0,NEF,,15.12,48.774,15.12,40,1240,13,6.341,0.966,28.564,0.576,48.774,0.265,0.227,0.725,0.436
akt1,GenScore(ft_0.5),5.0,NEF,,8.2,26.452,8.2,40,1240,62,16.4,0.915,10.789,0.686,41.0,0.302,0.294,0.725,0.436
alr2,GenScore(ft_0.5),0.5,NEF,,8.77,28.29,8.77,40,1240,7,1.98,0.922,11.835,0.523,28.29,0.107,0.075,0.613,0.155
alr2,GenScore(ft_0.5),1.0,NEF,,4.72,15.226,4.72,40,1240,13,1.979,0.843,5.388,0.52,15.226,0.07,0.06,0.613,0.155
alr2,GenScore(ft_0.5),5.0,NEF,,3.47,11.194,3.47,40,1240,62,6.94,0.791,3.781,0.564,17.35,0.103,0.101,0.613,0.155
ar,GenScore(ft_0.5),0.5,NEF,,11.78,38.0,11.78,40,1240,7,2.66,0.948,18.387,0.531,38.0,0.148,0.105,0.937,0.712
ar,GenScore(ft_0.5),1.0,NEF,,16.83,54.29,16.83,40,1240,13,7.058,0.973,35.632,0.586,54.29,0.297,0.255,0.937,0.712
ar,GenScore(ft_0.5),5.0,NEF,,9.57,30.871,9.57,40,1240,62,19.14,0.931,13.397,0.721,47.85,0.359,0.35,0.937,0.712
aurka,GenScore(ft_0.5),0.5,NEF,,31.05,100.161,31.05,40,1240,7,7.011,1.0,inf,0.588,100.0,0.413,0.292,0.915,0.904
aurka,GenScore(ft_0.5),1.0,NEF,,28.66,92.452,28.66,40,1240,13,12.019,0.997,367.436,0.65,92.452,0.52,0.445,0.915,0.904
aurka,GenScore(ft_0.5),5.0,NEF,,13.74,44.323,13.74,40,1240,62,27.48,0.96,23.882,0.829,68.7,0.534,0.52,0.915,0.904
aurkb,GenScore(ft_0.5),0.5,NEF,,30.33,97.839,30.33,40,1240,7,6.849,0.999,1358.06,0.586,97.839,0.403,0.285,0.897,0.891
aurkb,GenScore(ft_0.5),1.0,NEF,,27.99,90.29,27.99,40,1240,13,11.738,0.996,278.97,0.646,90.29,0.507,0.434,0.897,0.891
aurkb,GenScore(ft_0.5),5.0,NEF,,13.42,43.29,13.42,40,1240,62,26.84,0.958,22.901,0.821,67.1,0.52,0.507,0.897,0.891
bcl2,GenScore(ft_0.5),0.5,NEF,,4.34,14.0,4.34,40,1240,7,0.98,0.83,4.884,0.51,14.0,0.046,0.032,0.596,0.077
bcl2,GenScore(ft_0.5),1.0,NEF,,2.34,7.548,2.34,40,1240,13,0.981,0.71,2.449,0.507,7.548,0.025,0.022,0.596,0.077
bcl2,GenScore(ft_0.5),5.0,NEF,,1.0,3.226,1.0,40,1240,62,2.0,0.5,1.0,0.5,5.0,0.0,0.0,0.596,0.077
braf,GenScore(ft_0.5),0.5,NEF,,4.42,14.258,4.42,40,1240,7,0.998,0.833,4.989,0.51,14.258,0.047,0.033,0.874,0.243
braf,GenScore(ft_0.5),1.0,NEF,,7.14,23.032,7.14,40,1240,13,2.994,0.9,8.977,0.533,23.032,0.115,0.099,0.874,0.243
braf,GenScore(ft_0.5),5.0,NEF,,7.6,24.516,7.6,40,1240,62,15.2,0.907,9.744,0.671,38.0,0.276,0.269,0.874,0.243
catl,GenScore(ft_0.5),0.5,NEF,,0.0,0.0,0.0,40,1240,7,0.0,0.0,0.0,0.497,0.0,-0.014,-0.01,0.635,0.067
catl,GenScore(ft_0.5),1.0,NEF,,0.0,0.0,0.0,40,1240,13,0.0,0.0,0.0,0.495,0.0,-0.019,-0.016,0.635,0.067
catl,GenScore(ft_0.5),5.0,NEF,,2.98,9.613,2.98,40,1240,62,5.96,0.761,3.191,0.551,14.9,0.083,0.081,0.635,0.067
cdk2,GenScore(ft_0.5),0.5,NEF,,25.62,82.645,25.62,40,1240,7,5.785,0.993,142.862,0.572,82.645,0.339,0.239,0.842,0.667
cdk2,GenScore(ft_0.5),1.0,NEF,,23.06,74.387,23.06,40,1240,13,9.67,0.989,87.128,0.619,74.387,0.415,0.355,0.842,0.667
cdk2,GenScore(ft_0.5),5.0,NEF,,9.74,31.419,9.74,40,1240,62,19.48,0.932,13.744,0.726,48.7,0.366,0.357,0.842,0.667
cox1,GenScore(ft_0.5),0.5,NEF,,14.38,46.387,14.38,40,1240,7,3.247,0.963,25.957,0.539,46.387,0.184,0.13,0.746,0.39
cox1,GenScore(ft_0.5),1.0,NEF,,11.99,38.677,11.99,40,1240,13,5.028,0.95,18.922,0.56,38.677,0.207,0.177,0.746,0.39
cox1,GenScore(ft_0.5),5.0,NEF,,5.55,17.903,5.55,40,1240,62,11.1,0.867,6.542,0.618,27.75,0.191,0.186,0.746,0.39
cox2,GenScore(ft_0.5),0.5,NEF,,9.23,29.774,9.23,40,1240,7,2.084,0.927,12.719,0.524,29.774,0.113,0.08,0.845,0.45
cox2,GenScore(ft_0.5),1.0,NEF,,10.26,33.097,10.26,40,1240,13,4.303,0.937,14.841,0.55,33.097,0.174,0.149,0.845,0.45
cox2,GenScore(ft_0.5),5.0,NEF,,7.51,24.226,7.51,40,1240,62,15.02,0.906,9.591,0.668,37.55,0.273,0.266,0.845,0.45
ctsk,GenScore(ft_0.5),0.5,NEF,,17.57,56.677,17.57,40,1240,7,3.967,0.975,39.248,0.548,56.677,0.228,0.161,0.574,0.301
ctsk,GenScore(ft_0.5),1.0,NEF,,11.83,38.161,11.83,40,1240,13,4.961,0.949,18.513,0.559,38.161,0.204,0.174,0.574,0.301
ctsk,GenScore(ft_0.5),5.0,NEF,,2.98,9.613,2.98,40,1240,62,5.96,0.761,3.191,0.551,14.9,0.083,0.081,0.574,0.301
cyp2a6,GenScore(ft_0.5),0.5,NEF,,0.0,0.0,0.0,40,1240,7,0.0,0.0,0.0,0.497,0.0,-0.014,-0.01,0.44,0.005
cyp2a6,GenScore(ft_0.5),1.0,NEF,,0.0,0.0,0.0,40,1240,13,0.0,0.0,0.0,0.495,0.0,-0.019,-0.016,0.44,0.005
cyp2a6,GenScore(ft_0.5),5.0,NEF,,0.55,1.774,0.55,40,1240,62,1.1,0.351,0.542,0.488,2.75,-0.019,-0.018,0.44,0.005
dhfr,GenScore(ft_0.5),0.5,NEF,,30.42,98.129,30.42,40,1240,7,6.869,0.999,1573.448,0.586,98.129,0.405,0.285,0.812,0.769
dhfr,GenScore(ft_0.5),1.0,NEF,,25.74,83.032,25.74,40,1240,13,10.794,0.993,146.806,0.634,83.032,0.465,0.398,0.812,0.769
dhfr,GenScore(ft_0.5),5.0,NEF,,11.47,37.0,11.47,40,1240,62,22.94,0.946,17.619,0.77,57.35,0.439,0.427,0.812,0.769
egfr,GenScore(ft_0.5),0.5,NEF,,26.46,85.355,26.46,40,1240,7,5.975,0.994,174.846,0.574,85.355,0.35,0.247,0.833,0.63
egfr,GenScore(ft_0.5),1.0,NEF,,23.75,76.613,23.75,40,1240,13,9.96,0.99,98.276,0.623,76.613,0.428,0.366,0.833,0.63
egfr,GenScore(ft_0.5),5.0,NEF,,9.11,29.387,9.11,40,1240,62,18.22,0.926,12.485,0.71,45.55,0.34,0.331,0.833,0.63
ephb4,GenScore(ft_0.5),0.5,NEF,,31.18,100.581,31.18,40,1240,7,7.041,1.0,inf,0.588,100.0,0.415,0.293,0.875,0.751
ephb4,GenScore(ft_0.5),1.0,NEF,,31.18,100.581,31.18,40,1240,13,13.075,1.0,inf,0.663,100.0,0.567,0.485,0.875,0.751
ephb4,GenScore(ft_0.5),5.0,NEF,,10.22,32.968,10.22,40,1240,62,20.44,0.937,14.755,0.738,51.1,0.386,0.376,0.875,0.751
erbb2,GenScore(ft_0.5),0.5,NEF,,29.43,94.935,29.43,40,1240,7,6.645,0.998,562.357,0.583,94.935,0.391,0.276,0.979,0.984
erbb2,GenScore(ft_0.5),1.0,NEF,,29.43,94.935,29.43,40,1240,13,12.342,0.998,562.357,0.654,94.935,0.534,0.457,0.979,0.984
erbb2,GenScore(ft_0.5),5.0,NEF,,17.46,56.323,17.46,40,1240,62,34.92,0.975,38.685,0.925,87.3,0.689,0.672,0.979,0.984
er-beta,GenScore(ft_0.5),0.5,NEF,,28.45,91.774,28.45,40,1240,7,6.424,0.997,334.706,0.58,91.774,0.378,0.266,0.934,0.802
er-beta,GenScore(ft_0.5),1.0,NEF,,22.13,71.387,22.13,40,1240,13,9.28,0.987,74.848,0.614,71.387,0.397,0.34,0.934,0.802
er-beta,GenScore(ft_0.5),5.0,NEF,,13.55,43.71,13.55,40,1240,62,27.1,0.959,23.295,0.824,67.75,0.526,0.512,0.934,0.802
fgfr1,GenScore(ft_0.5),0.5,NEF,,30.33,97.839,30.33,40,1240,7,6.849,0.999,1358.06,0.586,97.839,0.403,0.285,0.881,0.796
fgfr1,GenScore(ft_0.5),1.0,NEF,,30.33,97.839,30.33,40,1240,13,12.719,0.999,1358.06,0.659,97.839,0.551,0.472,0.881,0.796
fgfr1,GenScore(ft_0.5),5.0,NEF,,10.11,32.613,10.11,40,1240,62,20.22,0.936,14.519,0.735,50.55,0.382,0.372,0.881,0.796
fkbp1a,GenScore(ft_0.5),0.5,NEF,,32.34,104.323,32.34,40,1240,7,7.303,1.001,inf,0.591,100.0,0.431,0.304,0.68,0.648
fkbp1a,GenScore(ft_0.5),1.0,NEF,,24.88,80.258,24.88,40,1240,13,10.434,0.992,121.961,0.629,80.258,0.449,0.384,0.68,0.648
fkbp1a,GenScore(ft_0.5),5.0,NEF,,9.39,30.29,9.39,40,1240,62,18.78,0.929,13.036,0.717,46.95,0.351,0.342,0.68,0.648
fxa,GenScore(ft_0.5),0.5,NEF,,30.54,98.516,30.54,40,1240,7,6.896,0.999,1991.739,0.586,98.516,0.406,0.287,0.876,0.876
fxa,GenScore(ft_0.5),1.0,NEF,,30.54,98.516,30.54,40,1240,13,12.807,0.999,1991.739,0.66,98.516,0.555,0.475,0.876,0.876
fxa,GenScore(ft_0.5),5.0,NEF,,11.71,37.774,11.71,40,1240,62,23.42,0.948,18.212,0.777,58.55,0.449,0.437,0.876,0.876
gba,GenScore(ft_0.5),0.5,NEF,,8.82,28.452,8.82,40,1240,7,1.992,0.923,11.93,0.523,28.452,0.108,0.076,0.398,0.18
gba,GenScore(ft_0.5),1.0,NEF,,4.75,15.323,4.75,40,1240,13,1.992,0.844,5.429,0.52,15.323,0.07,0.06,0.398,0.18
gba,GenScore(ft_0.5),5.0,NEF,,2.49,8.032,2.49,40,1240,62,4.98,0.724,2.62,0.538,12.45,0.062,0.061,0.398,0.18
gr,GenScore(ft_0.5),0.5,NEF,,17.44,56.258,17.44,40,1240,7,3.938,0.975,38.584,0.548,56.258,0.226,0.16,0.596,0.26
gr,GenScore(ft_0.5),1.0,NEF,,9.39,30.29,9.39,40,1240,13,3.938,0.929,13.036,0.545,30.29,0.158,0.135,0.596,0.26
gr,GenScore(ft_0.5),5.0,NEF,,2.46,7.935,2.46,40,1240,62,4.92,0.721,2.586,0.538,12.3,0.061,0.06,0.596,0.26
gsk3b,GenScore(ft_0.5),0.5,NEF,,26.42,85.226,26.42,40,1240,7,5.966,0.994,173.057,0.574,85.226,0.35,0.247,0.882,0.646
gsk3b,GenScore(ft_0.5),1.0,NEF,,21.34,68.839,21.34,40,1240,13,8.949,0.985,66.273,0.61,68.839,0.382,0.327,0.882,0.646
gsk3b,GenScore(ft_0.5),5.0,NEF,,7.58,24.452,7.58,40,1240,62,15.16,0.907,9.71,0.67,37.9,0.276,0.269,0.882,0.646
hdac2,GenScore(ft_0.5),0.5,NEF,,17.23,55.581,17.23,40,1240,7,3.891,0.974,37.538,0.547,55.581,0.223,0.157,0.704,0.265
hdac2,GenScore(ft_0.5),1.0,NEF,,9.28,29.935,9.28,40,1240,13,3.892,0.928,12.818,0.545,29.935,0.156,0.133,0.704,0.265
hdac2,GenScore(ft_0.5),5.0,NEF,,1.98,6.387,1.98,40,1240,62,3.96,0.672,2.047,0.525,9.9,0.041,0.04,0.704,0.265
hdac8,GenScore(ft_0.5),0.5,NEF,,0.0,0.0,0.0,40,1240,7,0.0,0.0,0.0,0.497,0.0,-0.014,-0.01,0.377,0.0
hdac8,GenScore(ft_0.5),1.0,NEF,,0.0,0.0,0.0,40,1240,13,0.0,0.0,0.0,0.495,0.0,-0.019,-0.016,0.377,0.0
hdac8,GenScore(ft_0.5),5.0,NEF,,0.0,0.0,0.0,40,1240,62,0.0,0.0,0.0,0.474,0.0,-0.042,-0.041,0.377,0.0
hiv1pr,GenScore(ft_0.5),0.5,NEF,,34.46,111.161,34.46,40,1240,7,7.781,1.003,inf,0.598,100.0,0.46,0.325,0.791,0.78
hiv1pr,GenScore(ft_0.5),1.0,NEF,,31.81,102.613,31.81,40,1240,13,13.34,1.001,inf,0.667,100.0,0.579,0.495,0.791,0.78
hiv1pr,GenScore(ft_0.5),5.0,NEF,,10.73,34.613,10.73,40,1240,62,21.46,0.941,15.881,0.751,53.65,0.408,0.397,0.791,0.78
hiv1rt,GenScore(ft_0.5),0.5,NEF,,18.78,60.581,18.78,40,1240,7,4.241,0.979,46.105,0.552,60.581,0.245,0.173,0.692,0.329
hiv1rt,GenScore(ft_0.5),1.0,NEF,,12.64,40.774,12.64,40,1240,13,5.301,0.954,20.654,0.563,40.774,0.219,0.187,0.692,0.329
hiv1rt,GenScore(ft_0.5),5.0,NEF,,3.77,12.161,3.77,40,1240,62,7.54,0.806,4.154,0.572,18.85,0.116,0.113,0.692,0.329
hmgr,GenScore(ft_0.5),0.5,NEF,,30.9,99.677,30.9,40,1240,7,6.977,1.0,9270.0,0.587,99.677,0.411,0.29,0.986,1.043
hmgr,GenScore(ft_0.5),1.0,NEF,,30.9,99.677,30.9,40,1240,13,12.958,1.0,9270.0,0.662,99.677,0.562,0.481,0.986,1.043
hmgr,GenScore(ft_0.5),5.0,NEF,,18.44,59.484,18.44,40,1240,62,36.88,0.978,44.045,0.951,92.2,0.73,0.712,0.986,1.043
hsp90,GenScore(ft_0.5),0.5,NEF,,30.33,97.839,30.33,40,1240,7,6.849,0.999,1358.06,0.586,97.839,0.403,0.285,0.771,0.779
hsp90,GenScore(ft_0.5),1.0,NEF,,30.33,97.839,30.33,40,1240,13,12.719,0.999,1358.06,0.659,97.839,0.551,0.472,0.771,0.779
hsp90,GenScore(ft_0.5),5.0,NEF,,10.44,33.677,10.44,40,1240,62,20.88,0.938,15.233,0.744,52.2,0.395,0.385,0.771,0.779
igf1r,GenScore(ft_0.5),0.5,NEF,,20.21,65.194,20.21,40,1240,7,4.564,0.983,56.191,0.556,65.194,0.264,0.186,0.525,0.311
igf1r,GenScore(ft_0.5),1.0,NEF,,10.11,32.613,10.11,40,1240,13,4.24,0.936,14.519,0.549,32.613,0.171,0.146,0.525,0.311
igf1r,GenScore(ft_0.5),5.0,NEF,,4.18,13.484,4.18,40,1240,62,8.36,0.824,4.676,0.582,20.9,0.133,0.13,0.525,0.311
inha,GenScore(ft_0.5),0.5,NEF,,8.76,28.258,8.76,40,1240,7,1.978,0.922,11.817,0.523,28.258,0.107,0.075,0.481,0.156
inha,GenScore(ft_0.5),1.0,NEF,,4.72,15.226,4.72,40,1240,13,1.979,0.843,5.388,0.52,15.226,0.07,0.06,0.481,0.156
inha,GenScore(ft_0.5),5.0,NEF,,1.98,6.387,1.98,40,1240,62,3.96,0.672,2.047,0.525,9.9,0.041,0.04,0.481,0.156
itk,GenScore(ft_0.5),0.5,NEF,,8.69,28.032,8.69,40,1240,7,1.962,0.921,11.685,0.522,28.032,0.106,0.075,0.603,0.216
itk,GenScore(ft_0.5),1.0,NEF,,9.35,30.161,9.35,40,1240,13,3.921,0.928,12.956,0.545,30.161,0.157,0.134,0.603,0.216
itk,GenScore(ft_0.5),5.0,NEF,,2.49,8.032,2.49,40,1240,62,4.98,0.724,2.62,0.538,12.45,0.062,0.061,0.603,0.216
jak3,GenScore(ft_0.5),0.5,NEF,,30.69,99.0,30.69,40,1240,7,6.93,1.0,2970.0,0.587,99.0,0.408,0.288,0.878,0.822
jak3,GenScore(ft_0.5),1.0,NEF,,28.13,90.742,28.13,40,1240,13,11.796,0.997,294.042,0.647,90.742,0.51,0.436,0.878,0.822
jak3,GenScore(ft_0.5),5.0,NEF,,11.25,36.29,11.25,40,1240,62,22.5,0.945,17.089,0.765,56.25,0.429,0.418,0.878,0.822
jnk1,GenScore(ft_0.5),0.5,NEF,,31.37,101.194,31.37,40,1240,7,7.084,1.0,inf,0.589,100.0,0.418,0.295,0.747,0.596
jnk1,GenScore(ft_0.5),1.0,NEF,,26.14,84.323,26.14,40,1240,13,10.962,0.994,161.358,0.636,84.323,0.472,0.404,0.747,0.596
jnk1,GenScore(ft_0.5),5.0,NEF,,7.84,25.29,7.84,40,1240,62,15.68,0.91,10.155,0.677,39.2,0.286,0.279,0.747,0.596
jnk2,GenScore(ft_0.5),0.5,NEF,,24.72,79.742,24.72,40,1240,7,5.582,0.992,118.089,0.569,79.742,0.326,0.23,0.471,0.417
jnk2,GenScore(ft_0.5),1.0,NEF,,17.31,55.839,17.31,40,1240,13,7.259,0.974,37.933,0.588,55.839,0.307,0.262,0.471,0.417
jnk2,GenScore(ft_0.5),5.0,NEF,,3.58,11.548,3.58,40,1240,62,7.16,0.797,3.917,0.567,17.9,0.108,0.105,0.471,0.417
jnk3,GenScore(ft_0.5),0.5,NEF,,26.59,85.774,26.59,40,1240,7,6.004,0.995,180.884,0.575,85.774,0.352,0.248,0.827,0.672
jnk3,GenScore(ft_0.5),1.0,NEF,,19.09,61.581,19.09,40,1240,13,8.005,0.98,48.086,0.598,61.581,0.34,0.291,0.827,0.672
jnk3,GenScore(ft_0.5),5.0,NEF,,10.17,32.806,10.17,40,1240,62,20.34,0.936,14.647,0.737,50.85,0.384,0.374,0.827,0.672
kif11,GenScore(ft_0.5),0.5,NEF,,4.35,14.032,4.35,40,1240,7,0.982,0.83,4.897,0.51,14.032,0.046,0.033,0.911,0.259
kif11,GenScore(ft_0.5),1.0,NEF,,7.03,22.677,7.03,40,1240,13,2.948,0.898,8.798,0.533,22.677,0.113,0.097,0.911,0.259
kif11,GenScore(ft_0.5),5.0,NEF,,5.49,17.71,5.49,40,1240,62,10.98,0.866,6.456,0.616,27.45,0.188,0.183,0.911,0.259
lck,GenScore(ft_0.5),0.5,NEF,,30.77,99.258,30.77,40,1240,7,6.948,1.0,4013.478,0.587,99.258,0.41,0.289,0.791,0.831
lck,GenScore(ft_0.5),1.0,NEF,,28.21,91.0,28.21,40,1240,13,11.83,0.997,303.333,0.647,91.0,0.511,0.438,0.791,0.831
lck,GenScore(ft_0.5),5.0,NEF,,11.79,38.032,11.79,40,1240,62,23.58,0.948,18.412,0.779,58.95,0.452,0.44,0.791,0.831
mdm2,GenScore(ft_0.5),0.5,NEF,,22.15,71.452,22.15,40,1240,7,5.002,0.987,75.085,0.562,71.452,0.291,0.205,0.878,0.667
mdm2,GenScore(ft_0.5),1.0,NEF,,24.92,80.387,24.92,40,1240,13,10.45,0.992,122.961,0.63,80.387,0.45,0.385,0.878,0.667
mdm2,GenScore(ft_0.5),5.0,NEF,,12.74,41.097,12.74,40,1240,62,25.48,0.954,20.931,0.803,63.7,0.492,0.479,0.878,0.667
mk2,GenScore(ft_0.5),0.5,NEF,,26.31,84.871,26.31,40,1240,7,5.941,0.994,168.294,0.574,84.871,0.348,0.246,0.863,0.558
mk2,GenScore(ft_0.5),1.0,NEF,,21.05,67.903,21.05,40,1240,13,8.827,0.984,63.467,0.609,67.903,0.377,0.322,0.863,0.558
mk2,GenScore(ft_0.5),5.0,NEF,,9.1,29.355,9.1,40,1240,62,18.2,0.926,12.466,0.709,45.5,0.339,0.331,0.863,0.558
mmp2,GenScore(ft_0.5),0.5,NEF,,0.0,0.0,0.0,40,1240,7,0.0,0.0,0.0,0.497,0.0,-0.014,-0.01,0.568,0.008
mmp2,GenScore(ft_0.5),1.0,NEF,,0.0,0.0,0.0,40,1240,13,0.0,0.0,0.0,0.495,0.0,-0.019,-0.016,0.568,0.008
mmp2,GenScore(ft_0.5),5.0,NEF,,0.5,1.613,0.5,40,1240,62,1.0,0.33,0.492,0.487,2.5,-0.021,-0.02,0.568,0.008
na,GenScore(ft_0.5),0.5,NEF,,30.92,99.742,30.92,40,1240,7,6.982,1.0,11595.0,0.587,99.742,0.412,0.29,0.999,1.058
na,GenScore(ft_0.5),1.0,NEF,,30.92,99.742,30.92,40,1240,13,12.966,1.0,11595.0,0.662,99.742,0.562,0.481,0.999,1.058
na,GenScore(ft_0.5),5.0,NEF,,19.45,62.742,19.45,40,1240,62,38.9,0.981,50.519,0.977,97.25,0.773,0.753,0.999,1.058
p38-alpha,GenScore(ft_0.5),0.5,NEF,,30.58,98.645,30.58,40,1240,7,6.905,1.0,2184.286,0.586,98.645,0.407,0.287,0.776,0.807
p38-alpha,GenScore(ft_0.5),1.0,NEF,,30.58,98.645,30.58,40,1240,13,12.824,1.0,2184.286,0.66,98.645,0.556,0.476,0.776,0.807
p38-alpha,GenScore(ft_0.5),5.0,NEF,,10.36,33.419,10.36,40,1240,62,20.72,0.938,15.058,0.742,51.8,0.392,0.382,0.776,0.807
parp-1,GenScore(ft_0.5),0.5,NEF,,30.15,97.258,30.15,40,1240,7,6.808,0.999,1064.118,0.585,97.258,0.401,0.283,0.964,1.019
parp-1,GenScore(ft_0.5),1.0,NEF,,30.15,97.258,30.15,40,1240,13,12.644,0.999,1064.118,0.658,97.258,0.548,0.469,0.964,1.019
parp-1,GenScore(ft_0.5),5.0,NEF,,17.3,55.806,17.3,40,1240,62,34.6,0.974,37.883,0.921,86.5,0.683,0.665,0.964,1.019
pde4b,GenScore(ft_0.5),0.5,NEF,,8.99,29.0,8.99,40,1240,7,2.03,0.925,12.254,0.523,29.0,0.11,0.078,0.817,0.324
pde4b,GenScore(ft_0.5),1.0,NEF,,12.1,39.032,12.1,40,1240,13,5.074,0.951,19.206,0.56,39.032,0.209,0.178,0.817,0.324
pde4b,GenScore(ft_0.5),5.0,NEF,,6.6,21.29,6.6,40,1240,62,13.2,0.89,8.115,0.645,33.0,0.235,0.229,0.817,0.324
pde5,GenScore(ft_0.5),0.5,NEF,,32.24,104.0,32.24,40,1240,7,7.28,1.001,inf,0.591,100.0,0.43,0.303,0.745,0.53
pde5,GenScore(ft_0.5),1.0,NEF,,17.36,56.0,17.36,40,1240,13,7.28,0.974,38.182,0.589,56.0,0.307,0.263,0.745,0.53
pde5,GenScore(ft_0.5),5.0,NEF,,7.28,23.484,7.28,40,1240,62,14.56,0.902,9.207,0.662,36.4,0.263,0.256,0.745,0.53
pdk1,GenScore(ft_0.5),0.5,NEF,,31.55,101.774,31.55,40,1240,7,7.124,1.001,inf,0.589,100.0,0.42,0.296,0.975,0.994
pdk1,GenScore(ft_0.5),1.0,NEF,,31.55,101.774,31.55,40,1240,13,13.231,1.001,inf,0.665,100.0,0.574,0.491,0.975,0.994
pdk1,GenScore(ft_0.5),5.0,NEF,,17.35,55.968,17.35,40,1240,62,34.7,0.974,38.132,0.922,86.75,0.685,0.667,0.975,0.994
pi3kg,GenScore(ft_0.5),0.5,NEF,,30.74,99.161,30.74,40,1240,7,6.941,1.0,3546.923,0.587,99.161,0.409,0.289,0.942,0.884
pi3kg,GenScore(ft_0.5),1.0,NEF,,28.18,90.903,28.18,40,1240,13,11.817,0.997,299.787,0.647,90.903,0.511,0.437,0.942,0.884
pi3kg,GenScore(ft_0.5),5.0,NEF,,14.35,46.29,14.35,40,1240,62,28.7,0.963,25.856,0.845,71.75,0.559,0.545,0.942,0.884
pim-1,GenScore(ft_0.5),0.5,NEF,,17.63,56.871,17.63,40,1240,7,3.981,0.975,39.559,0.549,56.871,0.229,0.161,0.944,0.615
pim-1,GenScore(ft_0.5),1.0,NEF,,18.98,61.226,18.98,40,1240,13,7.959,0.979,47.371,0.597,61.226,0.338,0.289,0.944,0.615
pim-1,GenScore(ft_0.5),5.0,NEF,,12.64,40.774,12.64,40,1240,62,25.28,0.954,20.654,0.801,63.2,0.488,0.475,0.944,0.615
pim-2,GenScore(ft_0.5),0.5,NEF,,13.23,42.677,13.23,40,1240,7,2.987,0.957,22.335,0.536,42.677,0.168,0.119,0.923,0.525
pim-2,GenScore(ft_0.5),1.0,NEF,,11.87,38.29,11.87,40,1240,13,4.978,0.949,18.615,0.559,38.29,0.204,0.175,0.923,0.525
pim-2,GenScore(ft_0.5),5.0,NEF,,12.15,39.194,12.15,40,1240,62,24.3,0.951,19.337,0.788,60.75,0.467,0.455,0.923,0.525
pnp,GenScore(ft_0.5),0.5,NEF,,30.72,99.097,30.72,40,1240,7,6.937,1.0,3291.429,0.587,99.097,0.409,0.288,0.73,0.79
pnp,GenScore(ft_0.5),1.0,NEF,,30.72,99.097,30.72,40,1240,13,12.883,1.0,3291.429,0.661,99.097,0.559,0.478,0.73,0.79
pnp,GenScore(ft_0.5),5.0,NEF,,8.92,28.774,8.92,40,1240,62,17.84,0.924,12.12,0.705,44.6,0.332,0.323,0.73,0.79
ppara,GenScore(ft_0.5),0.5,NEF,,28.97,93.452,28.97,40,1240,7,6.542,0.998,428.128,0.582,93.452,0.385,0.271,0.717,0.675
ppara,GenScore(ft_0.5),1.0,NEF,,24.15,77.903,24.15,40,1240,13,10.127,0.991,105.766,0.625,77.903,0.435,0.372,0.717,0.675
ppara,GenScore(ft_0.5),5.0,NEF,,8.13,26.226,8.13,40,1240,62,16.26,0.914,10.665,0.684,40.65,0.299,0.291,0.717,0.675
pparg,GenScore(ft_0.5),0.5,NEF,,4.72,15.226,4.72,40,1240,7,1.066,0.843,5.388,0.511,15.226,0.051,0.036,0.713,0.139
pparg,GenScore(ft_0.5),1.0,NEF,,4.72,15.226,4.72,40,1240,13,1.979,0.843,5.388,0.52,15.226,0.07,0.06,0.713,0.139
pparg,GenScore(ft_0.5),5.0,NEF,,1.99,6.419,1.99,40,1240,62,3.98,0.673,2.058,0.526,9.95,0.041,0.04,0.713,0.139
pr,GenScore(ft_0.5),0.5,NEF,,4.87,15.71,4.87,40,1240,7,1.1,0.848,5.591,0.511,15.71,0.053,0.038,0.743,0.223
pr,GenScore(ft_0.5),1.0,NEF,,5.31,17.129,5.31,40,1240,13,2.227,0.861,6.201,0.523,17.129,0.081,0.069,0.743,0.223
pr,GenScore(ft_0.5),5.0,NEF,,3.93,12.677,3.93,40,1240,62,7.86,0.813,4.355,0.576,19.65,0.123,0.12,0.743,0.223
prkcq,GenScore(ft_0.5),0.5,NEF,,10.47,33.774,10.47,40,1240,7,2.364,0.939,15.3,0.528,33.774,0.13,0.092,0.883,0.669
prkcq,GenScore(ft_0.5),1.0,NEF,,18.33,59.129,18.33,40,1240,13,7.687,0.977,43.402,0.594,59.129,0.326,0.279,0.883,0.669
prkcq,GenScore(ft_0.5),5.0,NEF,,14.66,47.29,14.66,40,1240,62,29.32,0.964,26.916,0.853,73.3,0.572,0.558,0.883,0.669
pygl-in,GenScore(ft_0.5),0.5,NEF,,30.8,99.355,30.8,40,1240,7,6.955,1.0,4620.0,0.587,99.355,0.41,0.289,0.937,0.981
pygl-in,GenScore(ft_0.5),1.0,NEF,,30.8,99.355,30.8,40,1240,13,12.916,1.0,4620.0,0.661,99.355,0.56,0.479,0.937,0.981
pygl-in,GenScore(ft_0.5),5.0,NEF,,15.9,51.29,15.9,40,1240,62,31.8,0.969,31.589,0.885,79.5,0.624,0.608,0.937,0.981
pygl-out,GenScore(ft_0.5),0.5,NEF,,26.42,85.226,26.42,40,1240,7,5.966,0.994,173.057,0.574,85.226,0.35,0.247,0.83,0.575
pygl-out,GenScore(ft_0.5),1.0,NEF,,21.34,68.839,21.34,40,1240,13,8.949,0.985,66.273,0.61,68.839,0.382,0.327,0.83,0.575
pygl-out,GenScore(ft_0.5),5.0,NEF,,8.45,27.258,8.45,40,1240,62,16.9,0.918,11.242,0.692,42.25,0.312,0.304,0.83,0.575
qpct,GenScore(ft_0.5),0.5,NEF,,26.57,85.71,26.57,40,1240,7,6.0,0.994,179.932,0.575,85.71,0.352,0.248,0.81,0.823
qpct,GenScore(ft_0.5),1.0,NEF,,28.62,92.323,28.62,40,1240,13,12.002,0.997,360.756,0.65,92.323,0.519,0.444,0.81,0.823
qpct,GenScore(ft_0.5),5.0,NEF,,14.5,46.774,14.5,40,1240,62,29.0,0.963,26.364,0.849,72.5,0.565,0.551,0.81,0.823
rock-1,GenScore(ft_0.5),0.5,NEF,,13.23,42.677,13.23,40,1240,7,2.987,0.957,22.335,0.536,42.677,0.168,0.119,0.726,0.474
rock-1,GenScore(ft_0.5),1.0,NEF,,14.25,45.968,14.25,40,1240,13,5.976,0.962,25.522,0.572,45.968,0.249,0.213,0.726,0.474
rock-1,GenScore(ft_0.5),5.0,NEF,,8.1,26.129,8.1,40,1240,62,16.2,0.914,10.611,0.683,40.5,0.297,0.29,0.726,0.474
rxr,GenScore(ft_0.5),0.5,NEF,,24.79,79.968,24.79,40,1240,7,5.598,0.992,119.758,0.569,79.968,0.327,0.231,0.973,1.05
rxr,GenScore(ft_0.5),1.0,NEF,,24.79,79.968,24.79,40,1240,13,10.396,0.992,119.758,0.629,79.968,0.447,0.383,0.973,1.05
rxr,GenScore(ft_0.5),5.0,NEF,,17.04,54.968,17.04,40,1240,62,34.08,0.973,36.619,0.914,85.2,0.672,0.655,0.973,1.05
sars-hcov,GenScore(ft_0.5),0.5,NEF,,0.0,0.0,0.0,39,1209,7,0.0,0.0,0.0,0.497,0.0,-0.014,-0.01,0.55,0.054
sars-hcov,GenScore(ft_0.5),1.0,NEF,,2.37,7.645,2.37,39,1209,13,0.994,0.713,2.483,0.508,7.645,0.026,0.022,0.55,0.054
sars-hcov,GenScore(ft_0.5),5.0,NEF,,1.51,4.871,1.51,39,1209,61,2.971,0.606,1.536,0.513,7.619,0.021,0.021,0.55,0.054
sirt2,GenScore(ft_0.5),0.5,NEF,,0.0,0.0,0.0,40,1240,7,0.0,0.0,0.0,0.497,0.0,-0.014,-0.01,0.533,0.071
sirt2,GenScore(ft_0.5),1.0,NEF,,2.34,7.548,2.34,40,1240,13,0.981,0.71,2.449,0.507,7.548,0.025,0.022,0.533,0.071
sirt2,GenScore(ft_0.5),5.0,NEF,,2.5,8.065,2.5,40,1240,62,5.0,0.725,2.632,0.539,12.5,0.063,0.061,0.533,0.071
src,GenScore(ft_0.5),0.5,NEF,,8.89,28.677,8.89,40,1240,7,2.007,0.923,12.062,0.523,28.677,0.109,0.077,0.583,0.199
src,GenScore(ft_0.5),1.0,NEF,,7.18,23.161,7.18,40,1240,13,3.011,0.9,9.043,0.533,23.161,0.116,0.099,0.583,0.199
src,GenScore(ft_0.5),5.0,NEF,,4.08,13.161,4.08,40,1240,62,8.16,0.82,4.547,0.58,20.4,0.129,0.126,0.583,0.199
thrombin,GenScore(ft_0.5),0.5,NEF,,31.74,102.387,31.74,40,1240,7,7.167,1.001,inf,0.59,100.0,0.423,0.298,0.945,0.948
thrombin,GenScore(ft_0.5),1.0,NEF,,31.74,102.387,31.74,40,1240,13,13.31,1.001,inf,0.667,100.0,0.578,0.494,0.945,0.948
thrombin,GenScore(ft_0.5),5.0,NEF,,16.13,52.032,16.13,40,1240,62,32.26,0.97,32.542,0.891,80.65,0.634,0.618,0.945,0.948
tie2,GenScore(ft_0.5),0.5,NEF,,30.62,98.774,30.62,40,1240,7,6.914,1.0,2417.368,0.586,98.774,0.407,0.287,0.605,0.57
tie2,GenScore(ft_0.5),1.0,NEF,,25.51,82.29,25.51,40,1240,13,10.698,0.993,139.399,0.633,82.29,0.461,0.394,0.605,0.57
tie2,GenScore(ft_0.5),5.0,NEF,,6.12,19.742,6.12,40,1240,62,12.24,0.881,7.379,0.632,30.6,0.214,0.209,0.605,0.57
tk,GenScore(ft_0.5),0.5,NEF,,4.4,14.194,4.4,40,1240,7,0.994,0.832,4.962,0.51,14.194,0.047,0.033,0.709,0.283
tk,GenScore(ft_0.5),1.0,NEF,,11.86,38.258,11.86,40,1240,13,4.974,0.949,18.589,0.559,38.258,0.204,0.175,0.709,0.283
tk,GenScore(ft_0.5),5.0,NEF,,4.97,16.032,4.97,40,1240,62,9.94,0.851,5.728,0.603,24.85,0.166,0.162,0.709,0.283
tp,GenScore(ft_0.5),0.5,NEF,,20.9,67.419,20.9,40,1240,7,4.719,0.984,62.079,0.558,67.419,0.274,0.193,0.672,0.607
tp,GenScore(ft_0.5),1.0,NEF,,22.8,73.548,22.8,40,1240,13,9.561,0.988,83.415,0.618,73.548,0.41,0.351,0.672,0.607
tp,GenScore(ft_0.5),5.0,NEF,,7.38,23.806,7.38,40,1240,62,14.76,0.904,9.373,0.665,36.9,0.267,0.26,0.672,0.607
tpa,GenScore(ft_0.5),0.5,NEF,,30.58,98.645,30.58,40,1240,7,6.905,1.0,2184.286,0.586,98.645,0.407,0.287,0.905,0.914
tpa,GenScore(ft_0.5),1.0,NEF,,30.58,98.645,30.58,40,1240,13,12.824,1.0,2184.286,0.66,98.645,0.556,0.476,0.905,0.914
tpa,GenScore(ft_0.5),5.0,NEF,,13.99,45.129,13.99,40,1240,62,27.98,0.961,24.674,0.836,69.95,0.544,0.53,0.905,0.914
ts,GenScore(ft_0.5),0.5,NEF,,4.34,14.011,4.34,40,1239,7,0.981,0.83,4.884,0.51,14.011,0.046,0.032,0.7,0.259
ts,GenScore(ft_0.5),1.0,NEF,,4.67,15.077,4.67,40,1239,13,1.96,0.842,5.322,0.52,15.077,0.069,0.059,0.7,0.259
ts,GenScore(ft_0.5),5.0,NEF,,5.47,17.659,5.47,40,1239,62,10.949,0.865,6.429,0.616,27.372,0.187,0.183,0.7,0.259
upa,GenScore(ft_0.5),0.5,NEF,,29.88,96.387,29.88,40,1240,7,6.747,0.999,800.357,0.584,96.387,0.397,0.28,0.717,0.797
upa,GenScore(ft_0.5),1.0,NEF,,27.39,88.355,27.39,40,1240,13,11.486,0.996,227.618,0.643,88.355,0.496,0.424,0.717,0.797
upa,GenScore(ft_0.5),5.0,NEF,,9.96,32.129,9.96,40,1240,62,19.92,0.934,14.202,0.731,49.8,0.375,0.366,0.717,0.797
vegfr1,GenScore(ft_0.5),0.5,NEF,,19.84,64.0,19.84,40,1240,7,4.48,0.982,53.333,0.555,64.0,0.259,0.183,0.661,0.452
vegfr1,GenScore(ft_0.5),1.0,NEF,,19.84,64.0,19.84,40,1240,13,8.32,0.982,53.333,0.602,64.0,0.354,0.303,0.661,0.452
vegfr1,GenScore(ft_0.5),5.0,NEF,,5.74,18.516,5.74,40,1240,62,11.48,0.872,6.817,0.622,28.7,0.199,0.193,0.661,0.452
vegfr2,GenScore(ft_0.5),0.5,NEF,,27.45,88.548,27.45,40,1240,7,6.198,0.996,231.972,0.577,88.548,0.364,0.257,0.822,0.602
vegfr2,GenScore(ft_0.5),1.0,NEF,,24.64,79.484,24.64,40,1240,13,10.333,0.991,116.226,0.628,79.484,0.444,0.38,0.822,0.602
vegfr2,GenScore(ft_0.5),5.0,NEF,,7.88,25.419,7.88,40,1240,62,15.76,0.911,10.225,0.678,39.4,0.288,0.281,0.822,0.602
11betahsd1,GlideSP,0.5,NEF,,4.887,15.765,4.887,40,1240,7,1.104,0.849,5.614,0.511,15.765,0.053,0.038,0.56,0.14
11betahsd1,GlideSP,1.0,NEF,,2.444,7.884,2.444,40,1240,13,1.025,0.72,2.568,0.508,7.884,0.027,0.023,0.56,0.14
11betahsd1,GlideSP,5.0,NEF,,2.982,9.619,2.982,40,1240,62,5.964,0.762,3.193,0.551,14.91,0.083,0.081,0.56,0.14
17betahsd1,GlideSP,0.5,NEF,,8.764,28.271,8.764,40,1240,7,1.979,0.922,11.824,0.523,28.271,0.107,0.075,0.555,0.197
17betahsd1,GlideSP,1.0,NEF,,4.719,15.223,4.719,40,1240,13,1.979,0.843,5.387,0.52,15.223,0.07,0.06,0.555,0.197
17betahsd1,GlideSP,5.0,NEF,,2.969,9.577,2.969,40,1240,62,5.938,0.761,3.178,0.551,14.845,0.082,0.08,0.555,0.197
a2a,GlideSP,0.5,NEF,,13.082,42.2,13.082,40,1240,7,2.954,0.956,21.903,0.535,42.2,0.166,0.117,0.776,0.453
a2a,GlideSP,1.0,NEF,,16.437,53.023,16.437,40,1240,13,6.893,0.971,33.86,0.584,53.023,0.29,0.248,0.776,0.453
a2a,GlideSP,5.0,NEF,,8.37,27.0,8.37,40,1240,62,16.74,0.917,11.096,0.69,41.85,0.309,0.301,0.776,0.453
ace,GlideSP,0.5,NEF,,26.486,85.439,26.486,40,1240,7,5.981,0.994,176.026,0.574,85.439,0.351,0.247,0.756,0.777
ace,GlideSP,1.0,NEF,,23.769,76.674,23.769,40,1240,13,9.968,0.99,98.613,0.623,76.674,0.428,0.366,0.756,0.777
ace,GlideSP,5.0,NEF,,13.456,43.406,13.456,40,1240,62,26.912,0.958,23.01,0.822,67.28,0.522,0.508,0.756,0.777
ace2,GlideSP,0.5,NEF,,8.85,28.548,8.85,40,1240,7,1.998,0.923,11.986,0.523,28.548,0.108,0.076,0.6,0.387
ace2,GlideSP,1.0,NEF,,9.531,30.745,9.531,40,1240,13,3.997,0.93,13.318,0.546,30.745,0.16,0.137,0.6,0.387
ace2,GlideSP,5.0,NEF,,9.992,32.232,9.992,40,1240,62,19.984,0.935,14.269,0.732,49.96,0.377,0.367,0.6,0.387
ache,GlideSP,0.5,NEF,,4.371,14.1,4.371,40,1240,7,0.987,0.831,4.924,0.51,14.1,0.046,0.033,0.628,0.129
ache,GlideSP,1.0,NEF,,4.708,15.187,4.708,40,1240,13,1.974,0.843,5.372,0.52,15.187,0.07,0.06,0.628,0.129
ache,GlideSP,5.0,NEF,,2.961,9.552,2.961,40,1240,62,5.922,0.76,3.168,0.551,14.805,0.082,0.08,0.628,0.129
adam17,GlideSP,0.5,NEF,,13.179,42.513,13.179,40,1240,7,2.976,0.957,22.186,0.536,42.513,0.168,0.118,0.848,0.301
adam17,GlideSP,1.0,NEF,,9.462,30.523,9.462,40,1240,13,3.968,0.929,13.179,0.546,30.523,0.159,0.136,0.848,0.301
adam17,GlideSP,5.0,NEF,,5.952,19.2,5.952,40,1240,62,11.904,0.877,7.129,0.628,29.76,0.207,0.202,0.848,0.301
adrb2,GlideSP,0.5,NEF,,4.737,15.281,4.737,40,1240,7,1.07,0.844,5.411,0.511,15.281,0.051,0.036,0.62,0.173
adrb2,GlideSP,1.0,NEF,,4.737,15.281,4.737,40,1240,13,1.986,0.844,5.411,0.52,15.281,0.07,0.06,0.62,0.173
adrb2,GlideSP,5.0,NEF,,4.488,14.477,4.488,40,1240,62,8.976,0.835,5.078,0.59,22.44,0.146,0.142,0.62,0.173
akt1,GlideSP,0.5,NEF,,5.038,16.252,5.038,40,1240,7,1.138,0.853,5.822,0.512,16.252,0.056,0.039,0.709,0.18
akt1,GlideSP,1.0,NEF,,5.038,16.252,5.038,40,1240,13,2.113,0.853,5.822,0.522,16.252,0.076,0.065,0.709,0.18
akt1,GlideSP,5.0,NEF,,5.124,16.529,5.124,40,1240,62,10.248,0.856,5.941,0.607,25.62,0.173,0.168,0.709,0.18
alr2,GlideSP,0.5,NEF,,17.543,56.59,17.543,40,1240,7,3.961,0.975,39.109,0.548,56.59,0.228,0.161,0.628,0.262
alr2,GlideSP,1.0,NEF,,9.446,30.471,9.446,40,1240,13,3.961,0.929,13.147,0.546,30.471,0.159,0.136,0.628,0.262
alr2,GlideSP,5.0,NEF,,3.961,12.777,3.961,40,1240,62,7.922,0.815,4.395,0.576,19.805,0.124,0.121,0.628,0.262
ar,GlideSP,0.5,NEF,,17.667,56.99,17.667,40,1240,7,3.989,0.975,39.752,0.549,56.99,0.229,0.162,0.621,0.664
ar,GlideSP,1.0,NEF,,16.825,54.274,16.825,40,1240,13,7.056,0.973,35.608,0.586,54.274,0.297,0.254,0.621,0.664
ar,GlideSP,5.0,NEF,,8.833,28.494,8.833,40,1240,62,17.666,0.923,11.954,0.702,44.165,0.328,0.32,0.621,0.664
aurka,GlideSP,0.5,NEF,,13.308,42.929,13.308,40,1240,7,3.005,0.958,22.566,0.536,42.929,0.169,0.119,0.929,0.526
aurka,GlideSP,1.0,NEF,,21.497,69.345,21.497,40,1240,13,9.015,0.985,67.864,0.611,69.345,0.385,0.33,0.929,0.526
aurka,GlideSP,5.0,NEF,,8.654,27.916,8.654,40,1240,62,17.308,0.921,11.618,0.698,43.27,0.321,0.312,0.929,0.526
aurkb,GlideSP,0.5,NEF,,21.661,69.874,21.661,40,1240,7,4.891,0.986,69.582,0.56,69.874,0.284,0.2,0.913,0.588
aurkb,GlideSP,1.0,NEF,,18.662,60.2,18.662,40,1240,13,7.826,0.978,45.377,0.596,60.2,0.332,0.284,0.913,0.588
aurkb,GlideSP,5.0,NEF,,8.451,27.261,8.451,40,1240,62,16.902,0.918,11.244,0.692,42.255,0.312,0.304,0.913,0.588
bcl2,GlideSP,0.5,NEF,,0.0,0.0,0.0,40,1240,7,0.0,0.0,0.0,0.497,0.0,-0.014,-0.01,0.563,0.033
bcl2,GlideSP,1.0,NEF,,0.0,0.0,0.0,40,1240,13,0.0,0.0,0.0,0.495,0.0,-0.019,-0.016,0.563,0.033
bcl2,GlideSP,5.0,NEF,,1.992,6.426,1.992,40,1240,62,3.984,0.673,2.06,0.526,9.96,0.042,0.04,0.563,0.033
braf,GlideSP,0.5,NEF,,4.418,14.252,4.418,40,1240,7,0.998,0.833,4.986,0.51,14.252,0.047,0.033,0.764,0.084
braf,GlideSP,1.0,NEF,,2.379,7.674,2.379,40,1240,13,0.998,0.714,2.494,0.507,7.674,0.026,0.022,0.764,0.084
braf,GlideSP,5.0,NEF,,2.028,6.542,2.028,40,1240,62,4.056,0.677,2.1,0.527,10.14,0.043,0.042,0.764,0.084
catl,GlideSP,0.5,NEF,,0.0,0.0,0.0,40,1240,7,0.0,0.0,0.0,0.497,0.0,-0.014,-0.01,0.643,0.078
catl,GlideSP,1.0,NEF,,2.369,7.642,2.369,40,1240,13,0.993,0.713,2.482,0.507,7.642,0.026,0.022,0.643,0.078
catl,GlideSP,5.0,NEF,,1.987,6.41,1.987,40,1240,62,3.974,0.673,2.055,0.525,9.935,0.041,0.04,0.643,0.078
cdk2,GlideSP,0.5,NEF,,10.248,33.058,10.248,40,1240,7,2.314,0.937,14.815,0.527,33.058,0.127,0.09,0.867,0.253
cdk2,GlideSP,1.0,NEF,,5.124,16.529,5.124,40,1240,13,2.149,0.856,5.941,0.522,16.529,0.078,0.066,0.867,0.253
cdk2,GlideSP,5.0,NEF,,6.149,19.835,6.149,40,1240,62,12.298,0.881,7.423,0.633,30.745,0.216,0.21,0.867,0.253
cox1,GlideSP,0.5,NEF,,19.179,61.868,19.179,40,1240,7,4.331,0.98,48.674,0.553,61.868,0.25,0.176,0.649,0.409
cox1,GlideSP,1.0,NEF,,14.385,46.403,14.385,40,1240,13,6.032,0.963,25.974,0.573,46.403,0.252,0.215,0.649,0.409
cox1,GlideSP,5.0,NEF,,5.552,17.91,5.552,40,1240,62,11.104,0.867,6.545,0.618,27.76,0.191,0.186,0.649,0.409
cox2,GlideSP,0.5,NEF,,18.465,59.565,18.465,40,1240,7,4.17,0.978,44.192,0.551,59.565,0.24,0.169,0.901,0.52
cox2,GlideSP,1.0,NEF,,12.823,41.365,12.823,40,1240,13,5.377,0.955,21.164,0.564,41.365,0.222,0.19,0.901,0.52
cox2,GlideSP,5.0,NEF,,7.515,24.242,7.515,40,1240,62,15.03,0.906,9.6,0.668,37.575,0.273,0.266,0.901,0.52
ctsk,GlideSP,0.5,NEF,,4.393,14.171,4.393,40,1240,7,0.992,0.832,4.953,0.51,14.171,0.047,0.033,0.531,0.209
ctsk,GlideSP,1.0,NEF,,7.096,22.89,7.096,40,1240,13,2.976,0.899,8.906,0.533,22.89,0.115,0.098,0.531,0.209
ctsk,GlideSP,5.0,NEF,,4.96,16.0,4.96,40,1240,62,9.92,0.851,5.714,0.602,24.8,0.166,0.162,0.531,0.209
cyp2a6,GlideSP,0.5,NEF,,9.878,31.865,9.878,40,1240,7,2.231,0.933,14.03,0.526,31.865,0.122,0.086,0.436,0.347
cyp2a6,GlideSP,1.0,NEF,,8.231,26.552,8.231,40,1240,13,3.452,0.916,10.845,0.539,26.552,0.136,0.116,0.436,0.347
cyp2a6,GlideSP,5.0,NEF,,7.134,23.013,7.134,40,1240,62,14.268,0.9,8.968,0.658,35.67,0.257,0.25,0.436,0.347
dhfr,GlideSP,0.5,NEF,,4.346,14.019,4.346,40,1240,7,0.981,0.83,4.892,0.51,14.019,0.046,0.032,0.768,0.094
dhfr,GlideSP,1.0,NEF,,2.34,7.548,2.34,40,1240,13,0.981,0.71,2.449,0.507,7.548,0.025,0.022,0.768,0.094
dhfr,GlideSP,5.0,NEF,,2.494,8.045,2.494,40,1240,62,4.988,0.724,2.625,0.539,12.47,0.063,0.061,0.768,0.094
egfr,GlideSP,0.5,NEF,,13.231,42.681,13.231,40,1240,7,2.988,0.957,22.338,0.536,42.681,0.168,0.119,0.855,0.271
egfr,GlideSP,1.0,NEF,,7.124,22.981,7.124,40,1240,13,2.987,0.9,8.951,0.533,22.981,0.115,0.098,0.855,0.271
egfr,GlideSP,5.0,NEF,,6.073,19.59,6.073,40,1240,62,12.146,0.88,7.309,0.631,30.365,0.212,0.207,0.855,0.271
ephb4,GlideSP,0.5,NEF,,0.0,0.0,0.0,40,1240,7,0.0,0.0,0.0,0.497,0.0,-0.014,-0.01,0.918,0.029
ephb4,GlideSP,1.0,NEF,,0.0,0.0,0.0,40,1240,13,0.0,0.0,0.0,0.495,0.0,-0.019,-0.016,0.918,0.029
ephb4,GlideSP,5.0,NEF,,1.022,3.297,1.022,40,1240,62,2.044,0.506,1.023,0.501,5.11,0.001,0.001,0.918,0.029
erbb2,GlideSP,0.5,NEF,,29.425,94.919,29.425,40,1240,7,6.644,0.998,560.476,0.583,94.919,0.391,0.276,0.99,0.96
erbb2,GlideSP,1.0,NEF,,29.425,94.919,29.425,40,1240,13,12.34,0.998,560.476,0.654,94.919,0.534,0.457,0.99,0.96
erbb2,GlideSP,5.0,NEF,,15.461,49.874,15.461,40,1240,62,30.922,0.968,29.849,0.874,77.305,0.606,0.59,0.99,0.96
er-beta,GlideSP,0.5,NEF,,28.448,91.768,28.448,40,1240,7,6.424,0.997,334.42,0.58,91.768,0.378,0.266,0.878,0.914
er-beta,GlideSP,1.0,NEF,,25.287,81.571,25.287,40,1240,13,10.604,0.993,132.787,0.632,81.571,0.456,0.391,0.878,0.914
er-beta,GlideSP,5.0,NEF,,14.901,48.068,14.901,40,1240,62,29.802,0.965,27.768,0.859,74.505,0.582,0.567,0.878,0.914
fgfr1,GlideSP,0.5,NEF,,20.222,65.232,20.222,40,1240,7,4.566,0.983,56.287,0.556,65.232,0.264,0.186,0.884,0.582
fgfr1,GlideSP,1.0,NEF,,20.222,65.232,20.222,40,1240,13,8.48,0.983,56.287,0.604,65.232,0.361,0.309,0.884,0.582
fgfr1,GlideSP,5.0,NEF,,8.089,26.094,8.089,40,1240,62,16.178,0.914,10.592,0.683,40.445,0.297,0.289,0.884,0.582
fkbp1a,GlideSP,0.5,NEF,,27.722,89.426,27.722,40,1240,7,6.26,0.996,253.71,0.578,89.426,0.368,0.259,0.501,0.635
fkbp1a,GlideSP,1.0,NEF,,24.879,80.255,24.879,40,1240,13,10.433,0.992,121.936,0.629,80.255,0.449,0.384,0.501,0.635
fkbp1a,GlideSP,5.0,NEF,,8.346,26.923,8.346,40,1240,62,16.692,0.917,11.052,0.69,41.73,0.308,0.3,0.501,0.635
fxa,GlideSP,0.5,NEF,,25.449,82.094,25.449,40,1240,7,5.747,0.993,137.537,0.571,82.094,0.336,0.237,0.887,0.675
fxa,GlideSP,1.0,NEF,,27.994,90.303,27.994,40,1240,13,11.739,0.996,279.381,0.646,90.303,0.507,0.434,0.887,0.675
fxa,GlideSP,5.0,NEF,,8.144,26.271,8.144,40,1240,62,16.288,0.914,10.69,0.685,40.72,0.299,0.292,0.887,0.675
gba,GlideSP,0.5,NEF,,8.821,28.455,8.821,40,1240,7,1.992,0.923,11.932,0.523,28.455,0.108,0.076,0.422,0.181
gba,GlideSP,1.0,NEF,,7.125,22.984,7.125,40,1240,13,2.988,0.9,8.953,0.533,22.984,0.115,0.098,0.422,0.181
gba,GlideSP,5.0,NEF,,2.988,9.639,2.988,40,1240,62,5.976,0.762,3.2,0.551,14.94,0.083,0.081,0.422,0.181
gr,GlideSP,0.5,NEF,,4.361,14.068,4.361,40,1240,7,0.985,0.831,4.911,0.51,14.068,0.046,0.033,0.559,0.076
gr,GlideSP,1.0,NEF,,2.348,7.574,2.348,40,1240,13,0.985,0.711,2.458,0.507,7.574,0.025,0.022,0.559,0.076
gr,GlideSP,5.0,NEF,,1.969,6.352,1.969,40,1240,62,3.938,0.67,2.035,0.525,9.845,0.041,0.04,0.559,0.076
gsk3b,GlideSP,0.5,NEF,,26.418,85.219,26.418,40,1240,7,5.965,0.994,172.968,0.574,85.219,0.35,0.247,0.904,0.623
gsk3b,GlideSP,1.0,NEF,,21.337,68.829,21.337,40,1240,13,8.948,0.985,66.243,0.61,68.829,0.382,0.327,0.904,0.623
gsk3b,GlideSP,5.0,NEF,,8.084,26.077,8.084,40,1240,62,16.168,0.914,10.583,0.683,40.42,0.297,0.289,0.904,0.623
hdac2,GlideSP,0.5,NEF,,30.15,97.258,30.15,40,1240,7,6.808,0.999,1064.118,0.585,97.258,0.401,0.283,0.652,0.531
hdac2,GlideSP,1.0,NEF,,20.873,67.332,20.873,40,1240,13,8.753,0.984,61.834,0.608,67.332,0.373,0.32,0.652,0.531
hdac2,GlideSP,5.0,NEF,,5.931,19.132,5.931,40,1240,62,11.862,0.877,7.098,0.627,29.655,0.207,0.201,0.652,0.531
hdac8,GlideSP,0.5,NEF,,0.0,0.0,0.0,40,1240,7,0.0,0.0,0.0,0.497,0.0,-0.014,-0.01,0.23,0.007
hdac8,GlideSP,1.0,NEF,,0.0,0.0,0.0,40,1240,13,0.0,0.0,0.0,0.495,0.0,-0.019,-0.016,0.23,0.007
hdac8,GlideSP,5.0,NEF,,0.498,1.606,0.498,40,1240,62,0.996,0.329,0.49,0.487,2.49,-0.021,-0.02,0.23,0.007
hiv1pr,GlideSP,0.5,NEF,,29.535,95.274,29.535,40,1240,7,6.669,0.998,604.812,0.583,95.274,0.393,0.277,0.785,0.486
hiv1pr,GlideSP,1.0,NEF,,18.554,59.852,18.554,40,1240,13,7.781,0.978,44.723,0.595,59.852,0.33,0.282,0.785,0.486
hiv1pr,GlideSP,5.0,NEF,,6.778,21.865,6.778,40,1240,62,13.556,0.894,8.395,0.649,33.89,0.242,0.236,0.785,0.486
hiv1rt,GlideSP,0.5,NEF,,9.39,30.29,9.39,40,1240,7,2.12,0.929,13.036,0.524,30.29,0.115,0.081,0.661,0.216
hiv1rt,GlideSP,1.0,NEF,,5.056,16.31,5.056,40,1240,13,2.12,0.854,5.846,0.522,16.31,0.076,0.065,0.661,0.216
hiv1rt,GlideSP,5.0,NEF,,4.31,13.903,4.31,40,1240,62,8.62,0.829,4.845,0.586,21.55,0.139,0.135,0.661,0.216
hmgr,GlideSP,0.5,NEF,,30.9,99.677,30.9,40,1240,7,6.977,1.0,9270.0,0.587,99.677,0.411,0.29,0.947,0.957
hmgr,GlideSP,1.0,NEF,,30.9,99.677,30.9,40,1240,13,12.958,1.0,9270.0,0.662,99.677,0.562,0.481,0.947,0.957
hmgr,GlideSP,5.0,NEF,,14.952,48.232,14.952,40,1240,62,29.904,0.965,27.951,0.86,74.76,0.584,0.569,0.947,0.957
hsp90,GlideSP,0.5,NEF,,4.332,13.974,4.332,40,1240,7,0.978,0.83,4.873,0.51,13.974,0.046,0.032,0.769,0.137
hsp90,GlideSP,1.0,NEF,,4.665,15.048,4.665,40,1240,13,1.956,0.842,5.314,0.52,15.048,0.069,0.059,0.769,0.137
hsp90,GlideSP,5.0,NEF,,1.491,4.81,1.491,40,1240,62,2.982,0.603,1.516,0.513,7.455,0.021,0.02,0.769,0.137
igf1r,GlideSP,0.5,NEF,,15.158,48.897,15.158,40,1240,7,3.423,0.966,28.705,0.541,48.897,0.195,0.137,0.517,0.26
igf1r,GlideSP,1.0,NEF,,7.579,24.448,7.579,40,1240,13,3.178,0.907,9.708,0.536,24.448,0.124,0.106,0.517,0.26
igf1r,GlideSP,5.0,NEF,,3.136,10.116,3.136,40,1240,62,6.272,0.772,3.376,0.555,15.68,0.089,0.087,0.517,0.26
inha,GlideSP,0.5,NEF,,17.514,56.497,17.514,40,1240,7,3.955,0.975,38.96,0.548,56.497,0.227,0.16,0.704,0.502
inha,GlideSP,1.0,NEF,,16.504,53.239,16.504,40,1240,13,6.921,0.972,34.156,0.584,53.239,0.291,0.249,0.704,0.502
inha,GlideSP,5.0,NEF,,7.415,23.919,7.415,40,1240,62,14.83,0.904,9.432,0.666,37.075,0.269,0.262,0.704,0.502
itk,GlideSP,0.5,NEF,,0.0,0.0,0.0,40,1240,7,0.0,0.0,0.0,0.497,0.0,-0.014,-0.01,0.657,0.043
itk,GlideSP,1.0,NEF,,0.0,0.0,0.0,40,1240,13,0.0,0.0,0.0,0.495,0.0,-0.019,-0.016,0.657,0.043
itk,GlideSP,5.0,NEF,,1.495,4.823,1.495,40,1240,62,2.99,0.603,1.52,0.513,7.475,0.021,0.02,0.657,0.043
jak3,GlideSP,0.5,NEF,,20.462,66.006,20.462,40,1240,7,4.62,0.983,58.252,0.557,66.006,0.268,0.189,0.901,0.458
jak3,GlideSP,1.0,NEF,,15.346,49.503,15.346,40,1240,13,6.435,0.967,29.41,0.578,49.503,0.27,0.231,0.901,0.458
jak3,GlideSP,5.0,NEF,,7.673,24.752,7.673,40,1240,62,15.346,0.908,9.868,0.672,38.365,0.28,0.272,0.901,0.458
jnk1,GlideSP,0.5,NEF,,10.456,33.729,10.456,40,1240,7,2.361,0.939,15.269,0.528,33.729,0.13,0.092,0.768,0.336
jnk1,GlideSP,1.0,NEF,,10.456,33.729,10.456,40,1240,13,4.385,0.939,15.269,0.551,33.729,0.178,0.152,0.768,0.336
jnk1,GlideSP,5.0,NEF,,6.274,20.239,6.274,40,1240,62,12.548,0.884,7.612,0.636,31.37,0.221,0.215,0.768,0.336
jnk2,GlideSP,0.5,NEF,,19.778,63.8,19.778,40,1240,7,4.466,0.981,52.873,0.555,63.8,0.258,0.182,0.481,0.341
jnk2,GlideSP,1.0,NEF,,9.889,31.9,9.889,40,1240,13,4.147,0.934,14.053,0.548,31.9,0.167,0.143,0.481,0.341
jnk2,GlideSP,5.0,NEF,,3.58,11.548,3.58,40,1240,62,7.16,0.797,3.917,0.567,17.9,0.108,0.105,0.481,0.341
jnk3,GlideSP,0.5,NEF,,13.297,42.894,13.297,40,1240,7,3.003,0.958,22.533,0.536,42.894,0.169,0.119,0.825,0.28
jnk3,GlideSP,1.0,NEF,,9.546,30.794,9.546,40,1240,13,4.003,0.93,13.349,0.546,30.794,0.161,0.137,0.825,0.28
jnk3,GlideSP,5.0,NEF,,4.069,13.126,4.069,40,1240,62,8.138,0.819,4.533,0.579,20.345,0.129,0.125,0.825,0.28
kif11,GlideSP,0.5,NEF,,13.05,42.097,13.05,40,1240,7,2.947,0.956,21.811,0.535,42.097,0.166,0.117,0.616,0.478
kif11,GlideSP,1.0,NEF,,9.369,30.223,9.369,40,1240,13,3.929,0.929,12.994,0.545,30.223,0.157,0.135,0.616,0.478
kif11,GlideSP,5.0,NEF,,9.984,32.206,9.984,40,1240,62,19.968,0.934,14.252,0.732,49.92,0.376,0.367,0.616,0.478
lck,GlideSP,0.5,NEF,,10.256,33.084,10.256,40,1240,7,2.316,0.937,14.832,0.527,33.084,0.127,0.09,0.841,0.297
lck,GlideSP,1.0,NEF,,10.256,33.084,10.256,40,1240,13,4.301,0.937,14.832,0.55,33.084,0.174,0.149,0.841,0.297
lck,GlideSP,5.0,NEF,,5.128,16.542,5.128,40,1240,62,10.256,0.856,5.946,0.607,25.64,0.173,0.168,0.841,0.297
mdm2,GlideSP,0.5,NEF,,16.611,53.584,16.611,40,1240,7,3.751,0.972,34.633,0.546,53.584,0.215,0.151,0.75,0.314
mdm2,GlideSP,1.0,NEF,,11.074,35.723,11.074,40,1240,13,4.644,0.943,16.673,0.555,35.723,0.189,0.162,0.75,0.314
mdm2,GlideSP,5.0,NEF,,5.537,17.861,5.537,40,1240,62,11.074,0.867,6.524,0.617,27.685,0.19,0.185,0.75,0.314
mk2,GlideSP,0.5,NEF,,15.784,50.916,15.784,40,1240,7,3.564,0.969,31.12,0.543,50.916,0.203,0.143,0.824,0.286
mk2,GlideSP,1.0,NEF,,7.892,25.458,7.892,40,1240,13,3.31,0.911,10.246,0.537,25.458,0.13,0.111,0.824,0.286
mk2,GlideSP,5.0,NEF,,6.421,20.713,6.421,40,1240,62,12.842,0.887,7.837,0.64,32.105,0.227,0.221,0.824,0.286
mmp2,GlideSP,0.5,NEF,,0.0,0.0,0.0,40,1240,7,0.0,0.0,0.0,0.497,0.0,-0.014,-0.01,0.589,0.015
mmp2,GlideSP,1.0,NEF,,0.0,0.0,0.0,40,1240,13,0.0,0.0,0.0,0.495,0.0,-0.019,-0.016,0.589,0.015
mmp2,GlideSP,5.0,NEF,,0.495,1.597,0.495,40,1240,62,0.99,0.327,0.487,0.487,2.475,-0.021,-0.021,0.589,0.015
na,GlideSP,0.5,NEF,,26.507,85.506,26.507,40,1240,7,5.985,0.994,176.989,0.574,85.506,0.351,0.247,0.975,0.747
na,GlideSP,1.0,NEF,,26.167,84.41,26.167,40,1240,13,10.973,0.994,162.427,0.636,84.41,0.473,0.405,0.975,0.747
na,GlideSP,5.0,NEF,,11.971,38.616,11.971,40,1240,62,23.942,0.95,18.873,0.783,59.855,0.46,0.448,0.975,0.747
p38-alpha,GlideSP,0.5,NEF,,21.839,70.448,21.839,40,1240,7,4.931,0.986,71.517,0.561,70.448,0.287,0.202,0.698,0.496
p38-alpha,GlideSP,1.0,NEF,,14.112,45.523,14.112,40,1240,13,5.918,0.962,25.069,0.571,45.523,0.246,0.211,0.698,0.496
p38-alpha,GlideSP,5.0,NEF,,7.397,23.861,7.397,40,1240,62,14.794,0.904,9.402,0.665,36.985,0.268,0.261,0.698,0.496
parp-1,GlideSP,0.5,NEF,,25.864,83.432,25.864,40,1240,7,5.84,0.993,151.075,0.573,83.432,0.342,0.241,0.971,0.76
parp-1,GlideSP,1.0,NEF,,27.854,89.852,27.854,40,1240,13,11.681,0.996,265.613,0.645,89.852,0.505,0.432,0.971,0.76
parp-1,GlideSP,5.0,NEF,,10.883,35.106,10.883,40,1240,62,21.766,0.942,16.23,0.755,54.415,0.414,0.403,0.971,0.76
pde4b,GlideSP,0.5,NEF,,13.484,43.497,13.484,40,1240,7,3.045,0.958,23.094,0.536,43.497,0.172,0.121,0.841,0.289
pde4b,GlideSP,1.0,NEF,,9.68,31.226,9.68,40,1240,13,4.059,0.932,13.621,0.547,31.226,0.163,0.14,0.841,0.289
pde4b,GlideSP,5.0,NEF,,4.06,13.097,4.06,40,1240,62,8.12,0.819,4.521,0.579,20.3,0.128,0.125,0.841,0.289
pde5,GlideSP,0.5,NEF,,9.211,29.713,9.211,40,1240,7,2.08,0.927,12.682,0.524,29.713,0.113,0.08,0.683,0.155
pde5,GlideSP,1.0,NEF,,7.439,23.997,7.439,40,1240,13,3.12,0.905,9.472,0.535,23.997,0.121,0.104,0.683,0.155
pde5,GlideSP,5.0,NEF,,2.08,6.71,2.08,40,1240,62,4.16,0.683,2.158,0.528,10.4,0.045,0.044,0.683,0.155
pdk1,GlideSP,0.5,NEF,,31.553,101.784,31.553,40,1240,7,7.125,1.001,inf,0.589,100.0,0.42,0.296,0.973,0.733
pdk1,GlideSP,1.0,NEF,,26.294,84.819,26.294,40,1240,13,11.027,0.994,167.62,0.637,84.819,0.475,0.407,0.973,0.733
pdk1,GlideSP,5.0,NEF,,13.673,44.106,13.673,40,1240,62,27.346,0.959,23.673,0.827,68.365,0.531,0.517,0.973,0.733
pi3kg,GlideSP,0.5,NEF,,15.372,49.587,15.372,40,1240,7,3.471,0.967,29.509,0.542,49.587,0.198,0.139,0.932,0.344
pi3kg,GlideSP,1.0,NEF,,7.686,24.794,7.686,40,1240,13,3.223,0.908,9.89,0.536,24.794,0.126,0.108,0.932,0.344
pi3kg,GlideSP,5.0,NEF,,8.711,28.1,8.711,40,1240,62,17.422,0.921,11.725,0.699,43.555,0.323,0.315,0.932,0.344
pim-1,GlideSP,0.5,NEF,,22.033,71.074,22.033,40,1240,7,4.975,0.987,73.714,0.561,71.074,0.289,0.204,0.866,0.493
pim-1,GlideSP,1.0,NEF,,16.609,53.577,16.609,40,1240,13,6.965,0.972,34.624,0.585,53.577,0.293,0.251,0.866,0.493
pim-1,GlideSP,5.0,NEF,,8.091,26.1,8.091,40,1240,62,16.182,0.914,10.595,0.683,40.455,0.297,0.289,0.866,0.493
pim-2,GlideSP,0.5,NEF,,8.821,28.455,8.821,40,1240,7,1.992,0.923,11.932,0.523,28.455,0.108,0.076,0.876,0.254
pim-2,GlideSP,1.0,NEF,,7.124,22.981,7.124,40,1240,13,2.987,0.9,8.951,0.533,22.981,0.115,0.098,0.876,0.254
pim-2,GlideSP,5.0,NEF,,7.591,24.487,7.591,40,1240,62,15.182,0.907,9.728,0.67,37.955,0.276,0.269,0.876,0.254
pnp,GlideSP,0.5,NEF,,21.946,70.794,21.946,40,1240,7,4.956,0.986,72.717,0.561,70.794,0.288,0.203,0.747,0.473
pnp,GlideSP,1.0,NEF,,16.544,53.368,16.544,40,1240,13,6.938,0.972,34.333,0.584,53.368,0.292,0.25,0.747,0.473
pnp,GlideSP,5.0,NEF,,6.442,20.781,6.442,40,1240,62,12.884,0.887,7.87,0.641,32.21,0.228,0.222,0.747,0.473
ppara,GlideSP,0.5,NEF,,0.0,0.0,0.0,40,1240,7,0.0,0.0,0.0,0.497,0.0,-0.014,-0.01,0.673,0.11
ppara,GlideSP,1.0,NEF,,4.829,15.577,4.829,40,1240,13,2.025,0.847,5.536,0.521,15.577,0.072,0.062,0.673,0.11
ppara,GlideSP,5.0,NEF,,2.542,8.2,2.542,40,1240,62,5.084,0.728,2.68,0.54,12.71,0.065,0.063,0.673,0.11
pparg,GlideSP,0.5,NEF,,4.721,15.229,4.721,40,1240,7,1.066,0.843,5.389,0.511,15.229,0.051,0.036,0.686,0.159
pparg,GlideSP,1.0,NEF,,2.36,7.613,2.36,40,1240,13,0.99,0.712,2.472,0.507,7.613,0.026,0.022,0.686,0.159
pparg,GlideSP,5.0,NEF,,3.479,11.223,3.479,40,1240,62,6.958,0.791,3.792,0.564,17.395,0.104,0.101,0.686,0.159
pr,GlideSP,0.5,NEF,,9.743,31.429,9.743,40,1240,7,2.2,0.932,13.75,0.526,31.429,0.12,0.085,0.61,0.196
pr,GlideSP,1.0,NEF,,7.971,25.713,7.971,40,1240,13,3.343,0.912,10.384,0.538,25.713,0.131,0.112,0.61,0.196
pr,GlideSP,5.0,NEF,,4.497,14.506,4.497,40,1240,62,8.994,0.836,5.09,0.59,22.485,0.146,0.143,0.61,0.196
prkcq,GlideSP,0.5,NEF,,20.947,67.571,20.947,40,1240,7,4.73,0.984,62.51,0.558,67.571,0.274,0.194,0.877,0.492
prkcq,GlideSP,1.0,NEF,,15.711,50.681,15.711,40,1240,13,6.588,0.969,30.828,0.58,50.681,0.276,0.237,0.877,0.492
prkcq,GlideSP,5.0,NEF,,8.903,28.719,8.903,40,1240,62,17.806,0.924,12.087,0.704,44.515,0.331,0.323,0.877,0.492
pygl-in,GlideSP,0.5,NEF,,30.8,99.355,30.8,40,1240,7,6.955,1.0,4620.0,0.587,99.355,0.41,0.289,0.92,0.864
pygl-in,GlideSP,1.0,NEF,,30.8,99.355,30.8,40,1240,13,12.916,1.0,4620.0,0.661,99.355,0.56,0.479,0.92,0.864
pygl-in,GlideSP,5.0,NEF,,11.426,36.858,11.426,40,1240,62,22.852,0.946,17.512,0.769,57.13,0.437,0.426,0.92,0.864
pygl-out,GlideSP,0.5,NEF,,30.825,99.435,30.825,40,1240,7,6.96,1.0,5284.286,0.587,99.435,0.41,0.289,0.755,0.848
pygl-out,GlideSP,1.0,NEF,,30.825,99.435,30.825,40,1240,13,12.927,1.0,5284.286,0.662,99.435,0.56,0.48,0.755,0.848
pygl-out,GlideSP,5.0,NEF,,10.441,33.681,10.441,40,1240,62,20.882,0.938,15.236,0.744,52.205,0.395,0.385,0.755,0.848
qpct,GlideSP,0.5,NEF,,0.0,0.0,0.0,40,1240,7,0.0,0.0,0.0,0.497,0.0,-0.014,-0.01,0.767,0.0
qpct,GlideSP,1.0,NEF,,0.0,0.0,0.0,40,1240,13,0.0,0.0,0.0,0.495,0.0,-0.019,-0.016,0.767,0.0
qpct,GlideSP,5.0,NEF,,0.0,0.0,0.0,40,1240,62,0.0,0.0,0.0,0.474,0.0,-0.042,-0.041,0.767,0.0
rock-1,GlideSP,0.5,NEF,,8.821,28.455,8.821,40,1240,7,1.992,0.923,11.932,0.523,28.455,0.108,0.076,0.795,0.245
rock-1,GlideSP,1.0,NEF,,7.124,22.981,7.124,40,1240,13,2.987,0.9,8.951,0.533,22.981,0.115,0.098,0.795,0.245
rock-1,GlideSP,5.0,NEF,,4.555,14.694,4.555,40,1240,62,9.11,0.838,5.167,0.592,22.775,0.149,0.145,0.795,0.245
rxr,GlideSP,0.5,NEF,,24.789,79.965,24.789,40,1240,7,5.598,0.992,119.734,0.569,79.965,0.327,0.231,0.979,0.992
rxr,GlideSP,1.0,NEF,,24.789,79.965,24.789,40,1240,13,10.395,0.992,119.734,0.629,79.965,0.447,0.383,0.979,0.992
rxr,GlideSP,5.0,NEF,,14.461,46.648,14.461,40,1240,62,28.922,0.963,26.231,0.848,72.305,0.564,0.549,0.979,0.992
sars-hcov,GlideSP,0.5,NEF,,4.399,14.19,4.399,39,1209,7,0.993,0.832,4.961,0.51,14.19,0.047,0.034,0.552,0.14
sars-hcov,GlideSP,1.0,NEF,,4.738,15.284,4.738,39,1209,13,1.987,0.844,5.412,0.521,15.284,0.071,0.061,0.552,0.14
sars-hcov,GlideSP,5.0,NEF,,2.524,8.142,2.524,39,1209,61,4.967,0.727,2.659,0.54,12.735,0.064,0.062,0.552,0.14
sirt2,GlideSP,0.5,NEF,,4.354,14.045,4.354,40,1240,7,0.983,0.831,4.902,0.51,14.045,0.046,0.033,0.546,0.053
sirt2,GlideSP,1.0,NEF,,2.344,7.561,2.344,40,1240,13,0.983,0.71,2.454,0.507,7.561,0.025,0.022,0.546,0.053
sirt2,GlideSP,5.0,NEF,,0.5,1.613,0.5,40,1240,62,1.0,0.33,0.492,0.487,2.5,-0.021,-0.02,0.546,0.053
src,GlideSP,0.5,NEF,,4.443,14.332,4.443,40,1240,7,1.003,0.834,5.019,0.51,14.332,0.047,0.033,0.718,0.17
src,GlideSP,1.0,NEF,,7.178,23.155,7.178,40,1240,13,3.01,0.9,9.04,0.533,23.155,0.116,0.099,0.718,0.17
src,GlideSP,5.0,NEF,,3.569,11.513,3.569,40,1240,62,7.138,0.796,3.903,0.566,17.845,0.108,0.105,0.718,0.17
thrombin,GlideSP,0.5,NEF,,27.203,87.752,27.203,40,1240,7,6.143,0.995,214.93,0.576,87.752,0.36,0.254,0.92,0.707
thrombin,GlideSP,1.0,NEF,,21.972,70.877,21.972,40,1240,13,9.214,0.986,73.013,0.614,70.877,0.394,0.337,0.92,0.707
thrombin,GlideSP,5.0,NEF,,11.446,36.923,11.446,40,1240,62,22.892,0.946,17.561,0.77,57.23,0.438,0.426,0.92,0.707
tie2,GlideSP,0.5,NEF,,20.41,65.839,20.41,40,1240,7,4.609,0.983,57.819,0.557,65.839,0.267,0.188,0.626,0.294
tie2,GlideSP,1.0,NEF,,10.205,32.919,10.205,40,1240,13,4.28,0.936,14.722,0.55,32.919,0.173,0.148,0.626,0.294
tie2,GlideSP,5.0,NEF,,3.062,9.877,3.062,40,1240,62,6.124,0.767,3.288,0.553,15.31,0.086,0.084,0.626,0.294
tk,GlideSP,0.5,NEF,,30.825,99.435,30.825,40,1240,7,6.96,1.0,5284.286,0.587,99.435,0.41,0.289,0.794,0.815
tk,GlideSP,1.0,NEF,,30.825,99.435,30.825,40,1240,13,12.927,1.0,5284.286,0.662,99.435,0.56,0.48,0.794,0.815
tk,GlideSP,5.0,NEF,,10.938,35.284,10.938,40,1240,62,21.876,0.942,16.356,0.757,54.69,0.416,0.406,0.794,0.815
tp,GlideSP,0.5,NEF,,5.224,16.852,5.224,40,1240,7,1.18,0.859,6.08,0.512,16.852,0.058,0.041,0.698,0.33
tp,GlideSP,1.0,NEF,,11.398,36.768,11.398,40,1240,13,4.78,0.946,17.444,0.556,36.768,0.195,0.167,0.698,0.33
tp,GlideSP,5.0,NEF,,5.531,17.842,5.531,40,1240,62,11.062,0.867,6.515,0.617,27.655,0.19,0.185,0.698,0.33
tpa,GlideSP,0.5,NEF,,20.386,65.761,20.386,40,1240,7,4.603,0.983,57.62,0.557,65.761,0.267,0.188,0.918,0.671
tpa,GlideSP,1.0,NEF,,22.934,73.981,22.934,40,1240,13,9.617,0.988,85.299,0.619,73.981,0.412,0.353,0.918,0.671
tpa,GlideSP,5.0,NEF,,10.366,33.439,10.366,40,1240,62,20.732,0.938,15.071,0.742,51.83,0.392,0.382,0.918,0.671
ts,GlideSP,0.5,NEF,,8.671,27.994,8.671,40,1239,7,1.96,0.921,11.653,0.522,27.994,0.106,0.074,0.633,0.313
ts,GlideSP,1.0,NEF,,9.338,30.147,9.338,40,1239,13,3.919,0.928,12.936,0.545,30.147,0.157,0.134,0.633,0.313
ts,GlideSP,5.0,NEF,,5.97,19.274,5.97,40,1239,62,11.95,0.877,7.157,0.628,29.874,0.208,0.203,0.633,0.313
upa,GlideSP,0.5,NEF,,24.896,80.31,24.896,40,1240,7,5.622,0.992,122.359,0.57,80.31,0.329,0.232,0.744,0.713
upa,GlideSP,1.0,NEF,,27.385,88.339,27.385,40,1240,13,11.484,0.996,227.261,0.643,88.339,0.496,0.424,0.744,0.713
upa,GlideSP,5.0,NEF,,8.963,28.913,8.963,40,1240,62,17.926,0.924,12.202,0.706,44.815,0.334,0.325,0.744,0.713
vegfr1,GlideSP,0.5,NEF,,24.803,80.01,24.803,40,1240,7,5.601,0.992,120.073,0.569,80.01,0.327,0.231,0.616,0.495
vegfr1,GlideSP,1.0,NEF,,17.362,56.006,17.362,40,1240,13,7.281,0.974,38.192,0.589,56.006,0.307,0.263,0.616,0.495
vegfr1,GlideSP,5.0,NEF,,6.266,20.213,6.266,40,1240,62,12.532,0.884,7.6,0.636,31.33,0.221,0.215,0.616,0.495
vegfr2,GlideSP,0.5,NEF,,9.15,29.516,9.15,40,1240,7,2.066,0.926,12.563,0.524,29.516,0.112,0.079,0.864,0.175
vegfr2,GlideSP,1.0,NEF,,4.927,15.894,4.927,40,1240,13,2.066,0.85,5.669,0.521,15.894,0.074,0.063,0.864,0.175
vegfr2,GlideSP,5.0,NEF,,3.675,11.855,3.675,40,1240,62,7.35,0.801,4.035,0.569,18.375,0.112,0.109,0.864,0.175
11betahsd1,GlideSP/GlideSP,0.5,NEF,,5.03,16.226,5.03,40,1240,7,1.136,0.853,5.81,0.512,16.226,0.055,0.039,0.678,0.105
11betahsd1,GlideSP/GlideSP,1.0,NEF,,2.515,8.113,2.515,40,1240,13,1.055,0.726,2.649,0.508,8.113,0.028,0.024,0.678,0.105
11betahsd1,GlideSP/GlideSP,5.0,NEF,,2.046,6.6,2.046,40,1240,62,4.092,0.679,2.12,0.527,10.23,0.044,0.043,0.678,0.105
17betahsd1,GlideSP/GlideSP,0.5,NEF,,8.764,28.272,8.764,40,1240,7,1.979,0.922,11.825,0.523,28.272,0.107,0.075,0.704,0.266
17betahsd1,GlideSP/GlideSP,1.0,NEF,,9.438,30.447,9.438,40,1240,13,3.958,0.929,13.132,0.546,30.447,0.159,0.136,0.704,0.266
17betahsd1,GlideSP/GlideSP,5.0,NEF,,4.453,14.364,4.453,40,1240,62,8.906,0.834,5.032,0.589,22.264,0.145,0.141,0.704,0.266
a2a,GlideSP/GlideSP,0.5,NEF,,8.771,28.295,8.771,40,1240,7,1.981,0.922,11.838,0.523,28.295,0.107,0.075,0.768,0.447
a2a,GlideSP/GlideSP,1.0,NEF,,14.169,45.707,14.169,40,1240,13,5.942,0.962,25.256,0.571,45.707,0.247,0.212,0.768,0.447
a2a,GlideSP/GlideSP,5.0,NEF,,8.913,28.751,8.913,40,1240,62,17.826,0.924,12.106,0.704,44.565,0.331,0.323,0.768,0.447
ace,GlideSP/GlideSP,0.5,NEF,,26.464,85.369,26.464,40,1240,7,5.976,0.994,175.039,0.574,85.369,0.35,0.247,0.882,0.702
ace,GlideSP/GlideSP,1.0,NEF,,21.375,68.952,21.375,40,1240,13,8.964,0.985,66.623,0.61,68.952,0.383,0.328,0.882,0.702
ace,GlideSP/GlideSP,5.0,NEF,,11.952,38.554,11.952,40,1240,62,23.903,0.95,18.823,0.783,59.758,0.459,0.447,0.882,0.702
ace2,GlideSP/GlideSP,0.5,NEF,,13.275,42.823,13.275,40,1240,7,2.998,0.957,22.468,0.536,42.823,0.169,0.119,0.838,0.365
ace2,GlideSP/GlideSP,1.0,NEF,,7.148,23.058,7.148,40,1240,13,2.998,0.9,8.991,0.533,23.058,0.116,0.099,0.838,0.365
ace2,GlideSP/GlideSP,5.0,NEF,,8.993,29.009,8.993,40,1240,62,17.985,0.925,12.259,0.706,44.964,0.335,0.326,0.838,0.365
ache,GlideSP/GlideSP,0.5,NEF,,4.361,14.067,4.361,40,1240,7,0.985,0.831,4.911,0.51,14.067,0.046,0.033,0.714,0.119
ache,GlideSP/GlideSP,1.0,NEF,,2.348,7.574,2.348,40,1240,13,0.985,0.711,2.459,0.507,7.574,0.025,0.022,0.714,0.119
ache,GlideSP/GlideSP,5.0,NEF,,2.954,9.529,2.954,40,1240,62,5.908,0.76,3.16,0.55,14.77,0.082,0.08,0.714,0.119
adam17,GlideSP/GlideSP,0.5,NEF,,13.179,42.512,13.179,40,1240,7,2.976,0.957,22.184,0.536,42.512,0.168,0.118,0.765,0.285
adam17,GlideSP/GlideSP,1.0,NEF,,7.096,22.891,7.096,40,1240,13,2.976,0.899,8.906,0.533,22.891,0.115,0.098,0.765,0.285
adam17,GlideSP/GlideSP,5.0,NEF,,4.464,14.399,4.464,40,1240,62,8.927,0.835,5.046,0.589,22.319,0.145,0.141,0.765,0.285
adrb2,GlideSP/GlideSP,0.5,NEF,,0.0,0.0,0.0,40,1240,7,0.0,0.0,0.0,0.497,0.0,-0.014,-0.01,0.843,0.264
adrb2,GlideSP/GlideSP,1.0,NEF,,4.796,15.47,4.796,40,1240,13,2.011,0.846,5.491,0.521,15.47,0.071,0.061,0.843,0.264
adrb2,GlideSP/GlideSP,5.0,NEF,,7.442,24.006,7.442,40,1240,62,14.884,0.905,9.477,0.666,37.209,0.27,0.263,0.843,0.264
akt1,GlideSP/GlideSP,0.5,NEF,,5.051,16.294,5.051,40,1240,7,1.141,0.854,5.84,0.512,16.294,0.056,0.039,0.733,0.187
akt1,GlideSP/GlideSP,1.0,NEF,,7.577,24.442,7.577,40,1240,13,3.177,0.907,9.704,0.536,24.442,0.124,0.106,0.733,0.187
akt1,GlideSP/GlideSP,5.0,NEF,,3.536,11.406,3.536,40,1240,62,7.072,0.794,3.862,0.566,17.679,0.106,0.104,0.733,0.187
alr2,GlideSP/GlideSP,0.5,NEF,,13.136,42.373,13.136,40,1240,7,2.966,0.957,22.059,0.535,42.373,0.167,0.118,0.674,0.206
alr2,GlideSP/GlideSP,1.0,NEF,,7.073,22.816,7.073,40,1240,13,2.966,0.899,8.868,0.533,22.816,0.114,0.098,0.674,0.206
alr2,GlideSP/GlideSP,5.0,NEF,,4.449,14.352,4.449,40,1240,62,8.898,0.834,5.027,0.589,22.246,0.144,0.141,0.674,0.206
ar,GlideSP/GlideSP,0.5,NEF,,16.929,54.608,16.929,40,1240,7,3.823,0.973,36.091,0.546,54.608,0.219,0.155,0.84,0.671
ar,GlideSP/GlideSP,1.0,NEF,,16.122,52.008,16.122,40,1240,13,6.761,0.97,32.51,0.582,52.008,0.284,0.243,0.84,0.671
ar,GlideSP/GlideSP,5.0,NEF,,9.17,29.579,9.17,40,1240,62,18.339,0.926,12.601,0.711,45.848,0.342,0.333,0.84,0.671
aurka,GlideSP/GlideSP,0.5,NEF,,17.729,57.19,17.729,40,1240,7,4.003,0.976,40.077,0.549,57.19,0.23,0.162,0.811,0.421
aurka,GlideSP/GlideSP,1.0,NEF,,14.32,46.192,14.32,40,1240,13,6.005,0.963,25.754,0.572,46.192,0.25,0.214,0.811,0.421
aurka,GlideSP/GlideSP,5.0,NEF,,8.138,26.251,8.138,40,1240,62,16.276,0.914,10.679,0.684,40.689,0.299,0.291,0.811,0.421
aurkb,GlideSP/GlideSP,0.5,NEF,,17.357,55.991,17.357,40,1240,7,3.919,0.974,38.168,0.548,55.991,0.225,0.159,0.774,0.458
aurkb,GlideSP/GlideSP,1.0,NEF,,16.356,52.761,16.356,40,1240,13,6.859,0.971,33.506,0.583,52.761,0.289,0.247,0.774,0.458
aurkb,GlideSP/GlideSP,5.0,NEF,,7.469,24.094,7.469,40,1240,62,14.939,0.905,9.523,0.667,37.346,0.271,0.264,0.774,0.458
bcl2,GlideSP/GlideSP,0.5,NEF,,8.736,28.18,8.736,40,1240,7,1.973,0.922,11.771,0.523,28.18,0.106,0.075,0.758,0.249
bcl2,GlideSP/GlideSP,1.0,NEF,,9.408,30.347,9.408,40,1240,13,3.945,0.929,13.071,0.546,30.347,0.158,0.135,0.758,0.249
bcl2,GlideSP/GlideSP,5.0,NEF,,4.931,15.908,4.931,40,1240,62,9.863,0.85,5.675,0.602,24.657,0.165,0.16,0.758,0.249
braf,GlideSP/GlideSP,0.5,NEF,,4.429,14.286,4.429,40,1240,7,1.0,0.833,5.0,0.51,14.286,0.047,0.033,0.713,0.105
braf,GlideSP/GlideSP,1.0,NEF,,4.769,15.385,4.769,40,1240,13,2.0,0.845,5.455,0.52,15.385,0.071,0.061,0.713,0.105
braf,GlideSP/GlideSP,5.0,NEF,,2.541,8.197,2.541,40,1240,62,5.082,0.728,2.679,0.54,12.705,0.065,0.063,0.713,0.105
catl,GlideSP/GlideSP,0.5,NEF,,4.404,14.205,4.404,40,1240,7,0.994,0.832,4.967,0.51,14.205,0.047,0.033,0.689,0.16
catl,GlideSP/GlideSP,1.0,NEF,,4.742,15.298,4.742,40,1240,13,1.989,0.844,5.418,0.52,15.298,0.07,0.06,0.689,0.16
catl,GlideSP/GlideSP,5.0,NEF,,2.486,8.019,2.486,40,1240,62,4.972,0.723,2.615,0.538,12.429,0.062,0.061,0.689,0.16
cdk2,GlideSP/GlideSP,0.5,NEF,,0.0,0.0,0.0,40,1240,7,0.0,0.0,0.0,0.497,0.0,-0.014,-0.01,0.852,0.218
cdk2,GlideSP/GlideSP,1.0,NEF,,7.475,24.113,7.475,40,1240,13,3.135,0.905,9.532,0.535,24.113,0.122,0.104,0.852,0.218
cdk2,GlideSP/GlideSP,5.0,NEF,,5.98,19.29,5.98,40,1240,62,11.96,0.878,7.17,0.629,29.9,0.209,0.203,0.852,0.218
cox1,GlideSP/GlideSP,0.5,NEF,,23.932,77.199,23.932,40,1240,7,5.404,0.99,101.572,0.567,77.199,0.315,0.222,0.748,0.427
cox1,GlideSP/GlideSP,1.0,NEF,,11.966,38.599,11.966,40,1240,13,5.018,0.95,18.859,0.559,38.599,0.206,0.176,0.748,0.427
cox1,GlideSP/GlideSP,5.0,NEF,,6.154,19.851,6.154,40,1240,62,12.308,0.881,7.43,0.633,30.769,0.216,0.21,0.748,0.427
cox2,GlideSP/GlideSP,0.5,NEF,,18.486,59.634,18.486,40,1240,7,4.174,0.978,44.32,0.551,59.634,0.241,0.17,0.938,0.84
cox2,GlideSP/GlideSP,1.0,NEF,,20.541,66.26,20.541,40,1240,13,8.614,0.983,58.915,0.606,66.26,0.367,0.314,0.938,0.84
cox2,GlideSP/GlideSP,5.0,NEF,,11.823,38.138,11.823,40,1240,62,23.646,0.949,18.495,0.78,59.114,0.453,0.442,0.938,0.84
ctsk,GlideSP/GlideSP,0.5,NEF,,4.411,14.228,4.411,40,1240,7,0.996,0.833,4.976,0.51,14.228,0.047,0.033,0.743,0.121
ctsk,GlideSP/GlideSP,1.0,NEF,,2.375,7.661,2.375,40,1240,13,0.996,0.713,2.489,0.507,7.661,0.026,0.022,0.743,0.121
ctsk,GlideSP/GlideSP,5.0,NEF,,3.486,11.245,3.486,40,1240,62,6.972,0.792,3.801,0.564,17.429,0.104,0.101,0.743,0.121
cyp2a6,GlideSP/GlideSP,0.5,NEF,,0.0,0.0,0.0,40,1240,7,0.0,0.0,0.0,0.497,0.0,-0.014,-0.01,0.763,0.264
cyp2a6,GlideSP/GlideSP,1.0,NEF,,2.775,8.951,2.775,40,1240,13,1.164,0.747,2.949,0.51,8.951,0.033,0.029,0.763,0.264
cyp2a6,GlideSP/GlideSP,5.0,NEF,,6.659,21.481,6.659,40,1240,62,13.319,0.891,8.208,0.646,33.296,0.237,0.231,0.763,0.264
dhfr,GlideSP/GlideSP,0.5,NEF,,4.371,14.101,4.371,40,1240,7,0.987,0.831,4.925,0.51,14.101,0.046,0.033,0.686,0.119
dhfr,GlideSP/GlideSP,1.0,NEF,,4.708,15.186,4.708,40,1240,13,1.974,0.843,5.372,0.52,15.186,0.07,0.06,0.686,0.119
dhfr,GlideSP/GlideSP,5.0,NEF,,2.468,7.96,2.468,40,1240,62,4.935,0.722,2.595,0.538,12.339,0.061,0.06,0.686,0.119
egfr,GlideSP/GlideSP,0.5,NEF,,8.828,28.477,8.828,40,1240,7,1.993,0.923,11.944,0.523,28.477,0.108,0.076,0.794,0.207
egfr,GlideSP/GlideSP,1.0,NEF,,4.753,15.334,4.753,40,1240,13,1.993,0.845,5.433,0.52,15.334,0.071,0.06,0.794,0.207
egfr,GlideSP/GlideSP,5.0,NEF,,5.572,17.973,5.572,40,1240,62,11.143,0.868,6.573,0.618,27.858,0.191,0.187,0.794,0.207
ephb4,GlideSP/GlideSP,0.5,NEF,,0.0,0.0,0.0,40,1240,7,0.0,0.0,0.0,0.497,0.0,-0.014,-0.01,0.628,0.015
ephb4,GlideSP/GlideSP,1.0,NEF,,0.0,0.0,0.0,40,1240,13,0.0,0.0,0.0,0.495,0.0,-0.019,-0.016,0.628,0.015
ephb4,GlideSP/GlideSP,5.0,NEF,,1.493,4.815,1.493,40,1240,62,2.985,0.603,1.518,0.513,7.463,0.021,0.02,0.628,0.015
erbb2,GlideSP/GlideSP,0.5,NEF,,24.667,79.57,24.667,40,1240,7,5.57,0.992,116.842,0.569,79.57,0.326,0.23,0.96,0.888
erbb2,GlideSP/GlideSP,1.0,NEF,,27.133,87.527,27.133,40,1240,13,11.378,0.995,210.517,0.642,87.527,0.491,0.42,0.96,0.888
erbb2,GlideSP/GlideSP,5.0,NEF,,14.307,46.151,14.307,40,1240,62,28.613,0.963,25.711,0.844,71.533,0.557,0.543,0.96,0.888
er-beta,GlideSP/GlideSP,0.5,NEF,,28.586,92.214,28.586,40,1240,7,6.455,0.997,355.286,0.58,92.214,0.379,0.268,0.952,0.936
er-beta,GlideSP/GlideSP,1.0,NEF,,28.586,92.214,28.586,40,1240,13,11.988,0.997,355.286,0.649,92.214,0.518,0.444,0.952,0.936
er-beta,GlideSP/GlideSP,5.0,NEF,,15.654,50.498,15.654,40,1240,62,31.309,0.968,30.603,0.879,78.272,0.614,0.598,0.952,0.936
fgfr1,GlideSP/GlideSP,0.5,NEF,,14.738,47.54,14.738,40,1240,7,3.328,0.965,27.187,0.54,47.54,0.189,0.133,0.758,0.504
fgfr1,GlideSP/GlideSP,1.0,NEF,,14.738,47.54,14.738,40,1240,13,6.18,0.965,27.187,0.574,47.54,0.258,0.221,0.758,0.504
fgfr1,GlideSP/GlideSP,5.0,NEF,,8.493,27.396,8.493,40,1240,62,16.986,0.919,11.32,0.694,42.464,0.314,0.306,0.758,0.504
fkbp1a,GlideSP/GlideSP,0.5,NEF,,32.395,104.499,32.395,40,1240,7,7.315,1.001,inf,0.592,100.0,0.432,0.305,0.62,0.589
fkbp1a,GlideSP/GlideSP,1.0,NEF,,22.427,72.346,22.427,40,1240,13,9.405,0.987,78.482,0.616,72.346,0.403,0.345,0.62,0.589
fkbp1a,GlideSP/GlideSP,5.0,NEF,,6.27,20.226,6.27,40,1240,62,12.54,0.884,7.606,0.636,31.35,0.221,0.215,0.62,0.589
fxa,GlideSP/GlideSP,0.5,NEF,,25.491,82.23,25.491,40,1240,7,5.756,0.993,138.829,0.571,82.23,0.337,0.238,0.874,0.678
fxa,GlideSP/GlideSP,1.0,NEF,,22.942,74.007,22.942,40,1240,13,9.621,0.988,85.418,0.619,74.007,0.412,0.353,0.874,0.678
fxa,GlideSP/GlideSP,5.0,NEF,,9.687,31.248,9.687,40,1240,62,19.374,0.932,13.635,0.724,48.434,0.364,0.355,0.874,0.678
gba,GlideSP/GlideSP,0.5,NEF,,13.232,42.684,13.232,40,1240,7,2.988,0.957,22.342,0.536,42.684,0.168,0.119,0.452,0.252
gba,GlideSP/GlideSP,1.0,NEF,,9.5,30.645,9.5,40,1240,13,3.984,0.93,13.256,0.546,30.645,0.16,0.137,0.452,0.252
gba,GlideSP/GlideSP,5.0,NEF,,2.988,9.638,2.988,40,1240,62,5.976,0.762,3.2,0.551,14.94,0.083,0.081,0.452,0.252
gr,GlideSP/GlideSP,0.5,NEF,,4.368,14.09,4.368,40,1240,7,0.986,0.831,4.92,0.51,14.09,0.046,0.033,0.547,0.09
gr,GlideSP/GlideSP,1.0,NEF,,2.352,7.587,2.352,40,1240,13,0.986,0.711,2.463,0.507,7.587,0.025,0.022,0.547,0.09
gr,GlideSP/GlideSP,5.0,NEF,,1.479,4.772,1.479,40,1240,62,2.959,0.601,1.503,0.512,7.397,0.02,0.02,0.547,0.09
gsk3b,GlideSP/GlideSP,0.5,NEF,,21.536,69.47,21.536,40,1240,7,4.863,0.986,68.264,0.56,69.47,0.282,0.199,0.816,0.547
gsk3b,GlideSP/GlideSP,1.0,NEF,,20.873,67.333,20.873,40,1240,13,8.753,0.984,61.834,0.608,67.333,0.373,0.32,0.816,0.547
gsk3b,GlideSP/GlideSP,5.0,NEF,,7.414,23.916,7.414,40,1240,62,14.828,0.904,9.43,0.666,37.07,0.269,0.262,0.816,0.547
hdac2,GlideSP/GlideSP,0.5,NEF,,30.35,97.903,30.35,40,1240,7,6.853,0.999,1400.769,0.586,97.903,0.404,0.285,0.733,0.56
hdac2,GlideSP/GlideSP,1.0,NEF,,23.346,75.31,23.346,40,1240,13,9.79,0.989,91.508,0.621,75.31,0.42,0.359,0.733,0.56
hdac2,GlideSP/GlideSP,5.0,NEF,,6.468,20.865,6.468,40,1240,62,12.936,0.888,7.91,0.641,32.34,0.229,0.223,0.733,0.56
hdac8,GlideSP/GlideSP,0.5,NEF,,4.407,14.217,4.407,40,1240,7,0.995,0.833,4.972,0.51,14.217,0.047,0.033,0.654,0.055
hdac8,GlideSP/GlideSP,1.0,NEF,,2.373,7.655,2.373,40,1240,13,0.995,0.713,2.487,0.507,7.655,0.026,0.022,0.654,0.055
hdac8,GlideSP/GlideSP,5.0,NEF,,0.995,3.21,0.995,40,1240,62,1.99,0.499,0.995,0.5,4.976,-0.0,-0.0,0.654,0.055
hiv1pr,GlideSP/GlideSP,0.5,NEF,,28.17,90.871,28.17,40,1240,7,6.361,0.997,298.608,0.579,90.871,0.374,0.264,0.8,0.731
hiv1pr,GlideSP/GlideSP,1.0,NEF,,25.281,81.551,25.281,40,1240,13,10.602,0.993,132.606,0.632,81.551,0.456,0.39,0.8,0.731
hiv1pr,GlideSP/GlideSP,5.0,NEF,,9.698,31.283,9.698,40,1240,62,19.396,0.932,13.658,0.725,48.489,0.364,0.355,0.8,0.731
hiv1rt,GlideSP/GlideSP,0.5,NEF,,18.301,59.035,18.301,40,1240,7,4.132,0.977,43.233,0.55,59.035,0.238,0.168,0.679,0.291
hiv1rt,GlideSP/GlideSP,1.0,NEF,,9.854,31.788,9.854,40,1240,13,4.132,0.933,13.98,0.548,31.788,0.166,0.142,0.679,0.291
hiv1rt,GlideSP/GlideSP,5.0,NEF,,3.675,11.855,3.675,40,1240,62,7.35,0.801,4.035,0.569,18.376,0.112,0.109,0.679,0.291
hmgr,GlideSP/GlideSP,0.5,NEF,,26.507,85.507,26.507,40,1240,7,5.985,0.994,176.995,0.574,85.507,0.351,0.247,0.94,0.844
hmgr,GlideSP/GlideSP,1.0,NEF,,28.546,92.084,28.546,40,1240,13,11.971,0.997,348.997,0.649,92.084,0.518,0.443,0.94,0.844
hmgr,GlideSP/GlideSP,5.0,NEF,,13.966,45.052,13.966,40,1240,62,27.932,0.961,24.597,0.835,69.831,0.543,0.529,0.94,0.844
hsp90,GlideSP/GlideSP,0.5,NEF,,4.336,13.986,4.336,40,1240,7,0.979,0.83,4.878,0.51,13.986,0.046,0.032,0.603,0.062
hsp90,GlideSP/GlideSP,1.0,NEF,,2.335,7.531,2.335,40,1240,13,0.979,0.71,2.443,0.507,7.531,0.025,0.021,0.603,0.062
hsp90,GlideSP/GlideSP,5.0,NEF,,0.995,3.21,0.995,40,1240,62,1.99,0.499,0.995,0.5,4.975,-0.0,-0.0,0.603,0.062
igf1r,GlideSP/GlideSP,0.5,NEF,,9.932,32.037,9.932,40,1240,7,2.243,0.934,14.142,0.526,32.037,0.123,0.087,0.75,0.218
igf1r,GlideSP/GlideSP,1.0,NEF,,4.966,16.019,4.966,40,1240,13,2.082,0.851,5.722,0.521,16.019,0.075,0.064,0.75,0.218
igf1r,GlideSP/GlideSP,5.0,NEF,,3.03,9.774,3.03,40,1240,62,6.06,0.765,3.25,0.552,15.15,0.085,0.083,0.75,0.218
inha,GlideSP/GlideSP,0.5,NEF,,26.25,84.677,26.25,40,1240,7,5.927,0.994,165.789,0.574,84.677,0.347,0.245,0.556,0.564
inha,GlideSP/GlideSP,1.0,NEF,,18.846,60.794,18.846,40,1240,13,7.903,0.979,46.519,0.597,60.794,0.335,0.287,0.556,0.564
inha,GlideSP/GlideSP,5.0,NEF,,7.903,25.494,7.903,40,1240,62,15.806,0.911,10.265,0.678,39.516,0.289,0.282,0.556,0.564
itk,GlideSP/GlideSP,0.5,NEF,,0.0,0.0,0.0,40,1240,7,0.0,0.0,0.0,0.497,0.0,-0.014,-0.01,0.688,0.03
itk,GlideSP/GlideSP,1.0,NEF,,0.0,0.0,0.0,40,1240,13,0.0,0.0,0.0,0.495,0.0,-0.019,-0.016,0.688,0.03
itk,GlideSP/GlideSP,5.0,NEF,,0.998,3.221,0.998,40,1240,62,1.997,0.5,0.998,0.5,4.992,-0.0,-0.0,0.688,0.03
jak3,GlideSP/GlideSP,0.5,NEF,,4.988,16.089,4.988,40,1240,7,1.126,0.852,5.752,0.512,16.089,0.055,0.039,0.817,0.39
jak3,GlideSP/GlideSP,1.0,NEF,,14.962,48.266,14.962,40,1240,13,6.275,0.966,27.989,0.576,48.266,0.262,0.225,0.817,0.39
jak3,GlideSP/GlideSP,5.0,NEF,,7.98,25.742,7.98,40,1240,62,15.96,0.912,10.4,0.68,39.9,0.292,0.285,0.817,0.39
jnk1,GlideSP/GlideSP,0.5,NEF,,5.25,16.935,5.25,40,1240,7,1.185,0.859,6.117,0.512,16.935,0.058,0.041,0.696,0.297
jnk1,GlideSP/GlideSP,1.0,NEF,,7.875,25.403,7.875,40,1240,13,3.302,0.911,10.216,0.537,25.403,0.129,0.111,0.696,0.297
jnk1,GlideSP/GlideSP,5.0,NEF,,6.3,20.323,6.3,40,1240,62,12.6,0.884,7.652,0.637,31.5,0.222,0.216,0.696,0.297
jnk2,GlideSP/GlideSP,0.5,NEF,,25.021,80.714,25.021,40,1240,7,5.65,0.992,125.554,0.57,80.714,0.33,0.233,0.556,0.387
jnk2,GlideSP/GlideSP,1.0,NEF,,12.511,40.357,12.511,40,1240,13,5.246,0.953,20.299,0.562,40.357,0.216,0.185,0.556,0.387
jnk2,GlideSP/GlideSP,5.0,NEF,,3.562,11.491,3.562,40,1240,62,7.125,0.796,3.895,0.566,17.812,0.107,0.105,0.556,0.387
jnk3,GlideSP/GlideSP,0.5,NEF,,4.429,14.286,4.429,40,1240,7,1.0,0.833,5.0,0.51,14.286,0.047,0.033,0.715,0.134
jnk3,GlideSP/GlideSP,1.0,NEF,,2.385,7.692,2.385,40,1240,13,1.0,0.714,2.5,0.508,7.692,0.026,0.022,0.715,0.134
jnk3,GlideSP/GlideSP,5.0,NEF,,3.557,11.475,3.557,40,1240,62,7.115,0.795,3.889,0.566,17.787,0.107,0.104,0.715,0.134
kif11,GlideSP/GlideSP,0.5,NEF,,21.589,69.643,21.589,40,1240,7,4.875,0.986,68.824,0.56,69.643,0.283,0.2,0.907,0.558
kif11,GlideSP/GlideSP,1.0,NEF,,16.275,52.5,16.275,40,1240,13,6.825,0.971,33.158,0.583,52.5,0.287,0.246,0.907,0.558
kif11,GlideSP/GlideSP,5.0,NEF,,9.414,30.369,9.414,40,1240,62,18.829,0.929,13.084,0.717,47.072,0.352,0.343,0.907,0.558
lck,GlideSP/GlideSP,0.5,NEF,,4.3,13.871,4.3,40,1240,7,0.971,0.829,4.831,0.51,13.871,0.045,0.032,0.768,0.227
lck,GlideSP/GlideSP,1.0,NEF,,6.946,22.407,6.946,40,1240,13,2.913,0.897,8.663,0.532,22.407,0.112,0.096,0.768,0.227
lck,GlideSP/GlideSP,5.0,NEF,,4.441,14.326,4.441,40,1240,62,8.882,0.834,5.016,0.589,22.205,0.144,0.14,0.768,0.227
mdm2,GlideSP/GlideSP,0.5,NEF,,14.975,48.306,14.975,40,1240,7,3.381,0.966,28.034,0.541,48.306,0.192,0.136,0.587,0.221
mdm2,GlideSP/GlideSP,1.0,NEF,,7.488,24.153,7.488,40,1240,13,3.14,0.905,9.553,0.535,24.153,0.122,0.104,0.587,0.221
mdm2,GlideSP/GlideSP,5.0,NEF,,2.995,9.661,2.995,40,1240,62,5.99,0.762,3.208,0.552,14.975,0.084,0.081,0.587,0.221
mk2,GlideSP/GlideSP,0.5,NEF,,10.486,33.827,10.486,40,1240,7,2.368,0.939,15.336,0.528,33.827,0.131,0.092,0.82,0.292
mk2,GlideSP/GlideSP,1.0,NEF,,7.865,25.371,7.865,40,1240,13,3.298,0.911,10.199,0.537,25.371,0.129,0.11,0.82,0.292
mk2,GlideSP/GlideSP,5.0,NEF,,5.865,18.92,5.865,40,1240,62,11.731,0.875,7.001,0.626,29.327,0.204,0.199,0.82,0.292
mmp2,GlideSP/GlideSP,0.5,NEF,,0.0,0.0,0.0,40,1240,7,0.0,0.0,0.0,0.497,0.0,-0.014,-0.01,0.588,0.03
mmp2,GlideSP/GlideSP,1.0,NEF,,0.0,0.0,0.0,40,1240,13,0.0,0.0,0.0,0.495,0.0,-0.019,-0.016,0.588,0.03
mmp2,GlideSP/GlideSP,5.0,NEF,,0.99,3.195,0.99,40,1240,62,1.981,0.497,0.99,0.5,4.952,-0.0,-0.0,0.588,0.03
na,GlideSP/GlideSP,0.5,NEF,,26.55,85.645,26.55,40,1240,7,5.995,0.994,178.989,0.575,85.645,0.351,0.248,0.929,0.809
na,GlideSP/GlideSP,1.0,NEF,,26.21,84.547,26.21,40,1240,13,10.991,0.994,164.139,0.637,84.547,0.474,0.405,0.929,0.809
na,GlideSP/GlideSP,5.0,NEF,,12.99,41.902,12.99,40,1240,62,25.979,0.956,21.637,0.81,64.948,0.502,0.489,0.929,0.809
p38-alpha,GlideSP/GlideSP,0.5,NEF,,13.093,42.235,13.093,40,1240,7,2.956,0.956,21.935,0.535,42.235,0.166,0.117,0.741,0.417
p38-alpha,GlideSP/GlideSP,1.0,NEF,,9.4,30.323,9.4,40,1240,13,3.942,0.929,13.056,0.546,30.323,0.158,0.135,0.741,0.417
p38-alpha,GlideSP/GlideSP,5.0,NEF,,7.391,23.842,7.391,40,1240,62,14.782,0.904,9.392,0.665,36.956,0.268,0.261,0.741,0.417
parp-1,GlideSP/GlideSP,0.5,NEF,,25.843,83.364,25.843,40,1240,7,5.835,0.993,150.332,0.572,83.364,0.342,0.241,0.891,0.761
parp-1,GlideSP/GlideSP,1.0,NEF,,27.831,89.777,27.831,40,1240,13,11.671,0.996,263.447,0.645,89.777,0.504,0.431,0.891,0.761
parp-1,GlideSP/GlideSP,5.0,NEF,,11.368,36.671,11.368,40,1240,62,22.736,0.946,17.372,0.768,56.84,0.434,0.423,0.891,0.761
pde4b,GlideSP/GlideSP,0.5,NEF,,4.4,14.194,4.4,40,1240,7,0.994,0.832,4.962,0.51,14.194,0.047,0.033,0.624,0.109
pde4b,GlideSP/GlideSP,1.0,NEF,,2.369,7.643,2.369,40,1240,13,0.994,0.713,2.483,0.507,7.643,0.026,0.022,0.624,0.109
pde4b,GlideSP/GlideSP,5.0,NEF,,2.981,9.615,2.981,40,1240,62,5.961,0.761,3.191,0.551,14.903,0.083,0.081,0.624,0.109
pde5,GlideSP/GlideSP,0.5,NEF,,4.609,14.868,4.609,40,1240,7,1.041,0.84,5.239,0.511,14.868,0.05,0.035,0.564,0.141
pde5,GlideSP/GlideSP,1.0,NEF,,7.445,24.017,7.445,40,1240,13,3.122,0.905,9.483,0.535,24.017,0.121,0.104,0.564,0.141
pde5,GlideSP/GlideSP,5.0,NEF,,1.561,5.036,1.561,40,1240,62,3.122,0.614,1.591,0.514,7.806,0.024,0.023,0.564,0.141
pdk1,GlideSP/GlideSP,0.5,NEF,,27.203,87.752,27.203,40,1240,7,6.143,0.995,214.931,0.576,87.752,0.36,0.254,0.904,0.754
pdk1,GlideSP/GlideSP,1.0,NEF,,26.854,86.627,26.854,40,1240,13,11.261,0.995,194.326,0.64,86.627,0.486,0.416,0.904,0.754
pdk1,GlideSP/GlideSP,5.0,NEF,,11.446,36.923,11.446,40,1240,62,22.892,0.946,17.561,0.77,57.23,0.438,0.426,0.904,0.754
pi3kg,GlideSP/GlideSP,0.5,NEF,,13.297,42.893,13.297,40,1240,7,3.002,0.958,22.533,0.536,42.893,0.169,0.119,0.816,0.312
pi3kg,GlideSP/GlideSP,1.0,NEF,,9.546,30.795,9.546,40,1240,13,4.003,0.93,13.349,0.546,30.795,0.161,0.137,0.816,0.312
pi3kg,GlideSP/GlideSP,5.0,NEF,,7.629,24.611,7.629,40,1240,62,15.259,0.907,9.793,0.671,38.146,0.278,0.271,0.816,0.312
pim-1,GlideSP/GlideSP,0.5,NEF,,12.954,41.786,12.954,40,1240,7,2.925,0.956,21.534,0.535,41.786,0.164,0.116,0.885,0.437
pim-1,GlideSP/GlideSP,1.0,NEF,,13.95,45.0,13.95,40,1240,13,5.85,0.961,24.545,0.57,45.0,0.243,0.208,0.885,0.437
pim-1,GlideSP/GlideSP,5.0,NEF,,6.441,20.779,6.441,40,1240,62,12.883,0.887,7.869,0.641,32.207,0.228,0.222,0.885,0.437
pim-2,GlideSP/GlideSP,0.5,NEF,,8.85,28.548,8.85,40,1240,7,1.998,0.923,11.986,0.523,28.548,0.108,0.076,0.824,0.295
pim-2,GlideSP/GlideSP,1.0,NEF,,7.148,23.058,7.148,40,1240,13,2.998,0.9,8.99,0.533,23.058,0.116,0.099,0.824,0.295
pim-2,GlideSP/GlideSP,5.0,NEF,,5.586,18.018,5.586,40,1240,62,11.171,0.868,6.593,0.618,27.928,0.192,0.187,0.824,0.295
pnp,GlideSP/GlideSP,0.5,NEF,,17.614,56.82,17.614,40,1240,7,3.977,0.975,39.477,0.548,56.82,0.229,0.161,0.774,0.399
pnp,GlideSP/GlideSP,1.0,NEF,,14.227,45.893,14.227,40,1240,13,5.966,0.962,25.446,0.572,45.893,0.249,0.213,0.774,0.399
pnp,GlideSP/GlideSP,5.0,NEF,,5.469,17.642,5.469,40,1240,62,10.938,0.865,6.426,0.615,27.345,0.187,0.182,0.774,0.399
ppara,GlideSP/GlideSP,0.5,NEF,,0.0,0.0,0.0,40,1240,7,0.0,0.0,0.0,0.497,0.0,-0.014,-0.01,0.705,0.054
ppara,GlideSP/GlideSP,1.0,NEF,,2.496,8.05,2.496,40,1240,13,1.047,0.724,2.627,0.508,8.05,0.028,0.024,0.705,0.054
ppara,GlideSP/GlideSP,5.0,NEF,,2.102,6.779,2.102,40,1240,62,4.203,0.686,2.182,0.528,10.508,0.046,0.045,0.705,0.054
pparg,GlideSP/GlideSP,0.5,NEF,,0.0,0.0,0.0,40,1240,7,0.0,0.0,0.0,0.497,0.0,-0.014,-0.01,0.611,0.081
pparg,GlideSP/GlideSP,1.0,NEF,,2.375,7.661,2.375,40,1240,13,0.996,0.713,2.489,0.507,7.661,0.026,0.022,0.611,0.081
pparg,GlideSP/GlideSP,5.0,NEF,,2.5,8.065,2.5,40,1240,62,5.0,0.725,2.632,0.539,12.5,0.063,0.061,0.611,0.081
pr,GlideSP/GlideSP,0.5,NEF,,4.9,15.806,4.9,40,1240,7,1.106,0.849,5.632,0.511,15.806,0.054,0.038,0.776,0.19
pr,GlideSP/GlideSP,1.0,NEF,,5.345,17.243,5.345,40,1240,13,2.242,0.862,6.251,0.524,17.243,0.082,0.07,0.776,0.19
pr,GlideSP/GlideSP,5.0,NEF,,6.219,20.062,6.219,40,1240,62,12.438,0.883,7.529,0.635,31.096,0.219,0.213,0.776,0.19
prkcq,GlideSP/GlideSP,0.5,NEF,,21.053,67.912,21.053,40,1240,7,4.754,0.984,63.492,0.558,67.912,0.276,0.195,0.878,0.525
prkcq,GlideSP/GlideSP,1.0,NEF,,15.789,50.934,15.789,40,1240,13,6.621,0.969,31.142,0.58,50.934,0.278,0.238,0.878,0.525
prkcq,GlideSP/GlideSP,5.0,NEF,,8.947,28.862,8.947,40,1240,62,17.895,0.924,12.172,0.705,44.737,0.333,0.324,0.878,0.525
pygl-in,GlideSP/GlideSP,0.5,NEF,,30.8,99.355,30.8,40,1240,7,6.955,1.0,4620.0,0.587,99.355,0.41,0.289,0.767,0.791
pygl-in,GlideSP/GlideSP,1.0,NEF,,30.8,99.355,30.8,40,1240,13,12.916,1.0,4620.0,0.661,99.355,0.56,0.479,0.767,0.791
pygl-in,GlideSP/GlideSP,5.0,NEF,,11.426,36.857,11.426,40,1240,62,22.852,0.946,17.512,0.769,57.129,0.437,0.426,0.767,0.791
pygl-out,GlideSP/GlideSP,0.5,NEF,,30.9,99.677,30.9,40,1240,7,6.977,1.0,9270.0,0.587,99.677,0.411,0.29,0.767,0.824
pygl-out,GlideSP/GlideSP,1.0,NEF,,28.523,92.01,28.523,40,1240,13,11.961,0.997,345.466,0.649,92.01,0.517,0.443,0.767,0.824
pygl-out,GlideSP/GlideSP,5.0,NEF,,9.968,32.154,9.968,40,1240,62,19.935,0.934,14.218,0.732,49.839,0.376,0.366,0.767,0.824
qpct,GlideSP/GlideSP,0.5,NEF,,0.0,0.0,0.0,40,1240,7,0.0,0.0,0.0,0.497,0.0,-0.014,-0.01,0.456,0.0
qpct,GlideSP/GlideSP,1.0,NEF,,0.0,0.0,0.0,40,1240,13,0.0,0.0,0.0,0.495,0.0,-0.019,-0.016,0.456,0.0
qpct,GlideSP/GlideSP,5.0,NEF,,0.0,0.0,0.0,40,1240,62,0.0,0.0,0.0,0.474,0.0,-0.042,-0.041,0.456,0.0
rock-1,GlideSP/GlideSP,0.5,NEF,,12.932,41.717,12.932,40,1240,7,2.92,0.956,21.473,0.535,41.717,0.164,0.116,0.622,0.261
rock-1,GlideSP/GlideSP,1.0,NEF,,6.963,22.463,6.963,40,1240,13,2.92,0.897,8.691,0.532,22.463,0.112,0.096,0.622,0.261
rock-1,GlideSP/GlideSP,5.0,NEF,,3.957,12.766,3.957,40,1240,62,7.915,0.814,4.39,0.576,19.787,0.124,0.121,0.622,0.261
rxr,GlideSP/GlideSP,0.5,NEF,,25.919,83.609,25.919,40,1240,7,5.853,0.994,153.032,0.573,83.609,0.343,0.242,0.962,0.935
rxr,GlideSP/GlideSP,1.0,NEF,,23.327,75.248,23.327,40,1240,13,9.782,0.989,91.205,0.621,75.248,0.42,0.359,0.962,0.935
rxr,GlideSP/GlideSP,5.0,NEF,,15.119,48.772,15.119,40,1240,62,30.239,0.966,28.562,0.865,75.597,0.591,0.576,0.962,0.935
sars-hcov,GlideSP/GlideSP,0.5,NEF,,4.403,14.203,4.403,39,1209,7,0.994,0.832,4.966,0.51,14.203,0.047,0.034,0.587,0.072
sars-hcov,GlideSP/GlideSP,1.0,NEF,,2.371,7.648,2.371,39,1209,13,0.994,0.713,2.484,0.508,7.648,0.026,0.022,0.587,0.072
sars-hcov,GlideSP/GlideSP,5.0,NEF,,3.032,9.779,3.032,39,1209,61,5.965,0.765,3.252,0.553,15.296,0.085,0.083,0.587,0.072
sirt2,GlideSP/GlideSP,0.5,NEF,,4.361,14.067,4.361,40,1240,7,0.985,0.831,4.911,0.51,14.067,0.046,0.033,0.512,0.067
sirt2,GlideSP/GlideSP,1.0,NEF,,2.348,7.574,2.348,40,1240,13,0.985,0.711,2.459,0.507,7.574,0.025,0.022,0.512,0.067
sirt2,GlideSP/GlideSP,5.0,NEF,,0.985,3.176,0.985,40,1240,62,1.969,0.496,0.984,0.5,4.923,-0.001,-0.001,0.512,0.067
src,GlideSP/GlideSP,0.5,NEF,,4.436,14.309,4.436,40,1240,7,1.002,0.834,5.01,0.51,14.309,0.047,0.033,0.632,0.134
src,GlideSP/GlideSP,1.0,NEF,,2.389,7.705,2.389,40,1240,13,1.002,0.715,2.504,0.508,7.705,0.026,0.022,0.632,0.134
src,GlideSP/GlideSP,5.0,NEF,,2.545,8.21,2.545,40,1240,62,5.09,0.729,2.683,0.54,12.726,0.065,0.063,0.632,0.134
thrombin,GlideSP/GlideSP,0.5,NEF,,22.763,73.43,22.763,40,1240,7,5.14,0.988,82.907,0.563,73.43,0.299,0.211,0.891,0.677
thrombin,GlideSP/GlideSP,1.0,NEF,,22.063,71.17,22.063,40,1240,13,9.252,0.987,74.059,0.614,71.17,0.396,0.339,0.891,0.677
thrombin,GlideSP/GlideSP,5.0,NEF,,12.016,38.761,12.016,40,1240,62,24.032,0.95,18.989,0.785,60.08,0.461,0.45,0.891,0.677
tie2,GlideSP/GlideSP,0.5,NEF,,24.979,80.578,24.979,40,1240,7,5.64,0.992,124.464,0.57,80.578,0.33,0.233,0.62,0.402
tie2,GlideSP/GlideSP,1.0,NEF,,14.988,48.347,14.988,40,1240,13,6.285,0.966,28.08,0.576,48.347,0.263,0.225,0.62,0.402
tie2,GlideSP/GlideSP,5.0,NEF,,3.497,11.281,3.497,40,1240,62,6.994,0.792,3.815,0.565,17.485,0.105,0.102,0.62,0.402
tk,GlideSP/GlideSP,0.5,NEF,,31.641,102.068,31.641,40,1240,7,7.145,1.001,inf,0.589,100.0,0.422,0.297,0.748,0.835
tk,GlideSP/GlideSP,1.0,NEF,,31.641,102.068,31.641,40,1240,13,13.269,1.001,inf,0.666,100.0,0.576,0.493,0.748,0.835
tk,GlideSP/GlideSP,5.0,NEF,,12.758,41.156,12.758,40,1240,62,25.517,0.955,20.983,0.804,63.792,0.493,0.48,0.748,0.835
tp,GlideSP/GlideSP,0.5,NEF,,10.946,35.31,10.946,40,1240,7,2.472,0.942,16.375,0.529,35.31,0.137,0.096,0.642,0.291
tp,GlideSP/GlideSP,1.0,NEF,,11.941,38.52,11.941,40,1240,13,5.008,0.949,18.797,0.559,38.52,0.206,0.176,0.642,0.291
tp,GlideSP/GlideSP,5.0,NEF,,5.151,16.617,5.151,40,1240,62,10.302,0.857,5.978,0.607,25.756,0.174,0.169,0.642,0.291
tpa,GlideSP/GlideSP,0.5,NEF,,25.461,82.131,25.461,40,1240,7,5.749,0.993,137.886,0.571,82.131,0.336,0.237,0.875,0.739
tpa,GlideSP/GlideSP,1.0,NEF,,28.007,90.344,28.007,40,1240,13,11.745,0.996,280.681,0.646,90.344,0.508,0.434,0.875,0.739
tpa,GlideSP/GlideSP,5.0,NEF,,10.357,33.409,10.357,40,1240,62,20.714,0.938,15.051,0.742,51.784,0.392,0.382,0.875,0.739
ts,GlideSP/GlideSP,0.5,NEF,,8.714,28.133,8.714,40,1239,7,1.969,0.921,11.734,0.523,28.133,0.106,0.075,0.845,0.255
ts,GlideSP/GlideSP,1.0,NEF,,7.038,22.723,7.038,40,1239,13,2.954,0.898,8.814,0.533,22.723,0.114,0.097,0.845,0.255
ts,GlideSP/GlideSP,5.0,NEF,,6.5,20.985,6.5,40,1239,62,13.01,0.888,7.961,0.642,32.526,0.231,0.225,0.845,0.255
upa,GlideSP/GlideSP,0.5,NEF,,29.9,96.452,29.9,40,1240,7,6.752,0.999,815.455,0.584,96.452,0.398,0.28,0.707,0.782
upa,GlideSP/GlideSP,1.0,NEF,,29.9,96.452,29.9,40,1240,13,12.539,0.999,815.455,0.657,96.452,0.543,0.465,0.707,0.782
upa,GlideSP/GlideSP,5.0,NEF,,9.967,32.151,9.967,40,1240,62,19.933,0.934,14.216,0.732,49.833,0.376,0.366,0.707,0.782
vegfr1,GlideSP/GlideSP,0.5,NEF,,9.982,32.201,9.982,40,1240,7,2.254,0.934,14.249,0.526,32.201,0.124,0.087,0.734,0.425
vegfr1,GlideSP/GlideSP,1.0,NEF,,14.974,48.302,14.974,40,1240,13,6.279,0.966,28.03,0.576,48.302,0.263,0.225,0.734,0.425
vegfr1,GlideSP/GlideSP,5.0,NEF,,6.83,22.033,6.83,40,1240,62,13.66,0.894,8.478,0.651,34.151,0.244,0.238,0.734,0.425
vegfr2,GlideSP/GlideSP,0.5,NEF,,13.407,43.247,13.407,40,1240,7,3.027,0.958,22.861,0.536,43.247,0.171,0.12,0.636,0.237
vegfr2,GlideSP/GlideSP,1.0,NEF,,7.219,23.287,7.219,40,1240,13,3.027,0.901,9.107,0.534,23.287,0.117,0.1,0.636,0.237
vegfr2,GlideSP/GlideSP,5.0,NEF,,3.59,11.58,3.59,40,1240,62,7.179,0.797,3.929,0.567,17.949,0.108,0.106,0.636,0.237
11betahsd1,GlideSP/GOLD,0.5,NEF,,0.0,0.0,0.0,40,1240,7,0.0,0.0,0.0,0.497,0.0,-0.014,-0.01,0.626,0.031
11betahsd1,GlideSP/GOLD,1.0,NEF,,0.0,0.0,0.0,40,1240,13,0.0,0.0,0.0,0.495,0.0,-0.019,-0.016,0.626,0.031
11betahsd1,GlideSP/GOLD,5.0,NEF,,1.5,4.839,1.5,40,1240,62,3.0,0.604,1.525,0.513,7.5,0.021,0.02,0.626,0.031
17betahsd1,GlideSP/GOLD,0.5,NEF,,0.0,0.0,0.0,40,1240,7,0.0,0.0,0.0,0.497,0.0,-0.014,-0.01,0.558,0.058
17betahsd1,GlideSP/GOLD,1.0,NEF,,2.365,7.63,2.365,40,1240,13,0.992,0.712,2.478,0.507,7.63,0.026,0.022,0.558,0.058
17betahsd1,GlideSP/GOLD,5.0,NEF,,1.488,4.8,1.488,40,1240,62,2.976,0.602,1.513,0.513,7.44,0.02,0.02,0.558,0.058
a2a,GlideSP/GOLD,0.5,NEF,,13.254,42.753,13.254,40,1240,7,2.993,0.957,22.405,0.536,42.753,0.169,0.119,0.62,0.213
a2a,GlideSP/GOLD,1.0,NEF,,7.137,23.021,7.137,40,1240,13,2.993,0.9,8.972,0.533,23.021,0.115,0.099,0.62,0.213
a2a,GlideSP/GOLD,5.0,NEF,,2.993,9.654,2.993,40,1240,62,5.985,0.762,3.206,0.551,14.964,0.083,0.081,0.62,0.213
ace,GlideSP/GOLD,0.5,NEF,,8.857,28.571,8.857,40,1240,7,2.0,0.923,12.0,0.523,28.571,0.108,0.076,0.635,0.327
ace,GlideSP/GOLD,1.0,NEF,,7.154,23.077,7.154,40,1240,13,3.0,0.9,9.0,0.533,23.077,0.116,0.099,0.635,0.327
ace,GlideSP/GOLD,5.0,NEF,,6.5,20.968,6.5,40,1240,62,13.0,0.888,7.959,0.642,32.5,0.23,0.224,0.635,0.327
ace2,GlideSP/GOLD,0.5,NEF,,4.538,14.64,4.538,40,1240,7,1.025,0.837,5.145,0.51,14.64,0.049,0.034,0.716,0.133
ace2,GlideSP/GOLD,1.0,NEF,,2.444,7.883,2.444,40,1240,13,1.025,0.72,2.567,0.508,7.883,0.027,0.023,0.716,0.133
ace2,GlideSP/GOLD,5.0,NEF,,3.587,11.57,3.587,40,1240,62,7.174,0.797,3.925,0.567,17.934,0.108,0.106,0.716,0.133
ache,GlideSP/GOLD,0.5,NEF,,0.0,0.0,0.0,40,1240,7,0.0,0.0,0.0,0.497,0.0,-0.014,-0.01,0.652,0.091
ache,GlideSP/GOLD,1.0,NEF,,0.0,0.0,0.0,40,1240,13,0.0,0.0,0.0,0.495,0.0,-0.019,-0.016,0.652,0.091
ache,GlideSP/GOLD,5.0,NEF,,4.98,16.064,4.98,40,1240,62,9.96,0.852,5.742,0.603,24.899,0.167,0.162,0.652,0.091
adam17,GlideSP/GOLD,0.5,NEF,,8.857,28.571,8.857,40,1240,7,2.0,0.923,12.0,0.523,28.571,0.108,0.076,0.638,0.236
adam17,GlideSP/GOLD,1.0,NEF,,7.154,23.077,7.154,40,1240,13,3.0,0.9,9.0,0.533,23.077,0.116,0.099,0.638,0.236
adam17,GlideSP/GOLD,5.0,NEF,,3.0,9.677,3.0,40,1240,62,6.0,0.763,3.214,0.552,15.0,0.084,0.082,0.638,0.236
adrb2,GlideSP/GOLD,0.5,NEF,,8.836,28.502,8.836,40,1240,7,1.995,0.923,11.959,0.523,28.502,0.108,0.076,0.682,0.217
adrb2,GlideSP/GOLD,1.0,NEF,,7.137,23.021,7.137,40,1240,13,2.993,0.9,8.972,0.533,23.021,0.115,0.099,0.682,0.217
adrb2,GlideSP/GOLD,5.0,NEF,,3.99,12.872,3.99,40,1240,62,7.981,0.816,4.432,0.577,19.952,0.125,0.122,0.682,0.217
akt1,GlideSP/GOLD,0.5,NEF,,0.0,0.0,0.0,40,1240,7,0.0,0.0,0.0,0.497,0.0,-0.014,-0.01,0.628,0.14
akt1,GlideSP/GOLD,1.0,NEF,,2.379,7.674,2.379,40,1240,13,0.998,0.714,2.493,0.507,7.674,0.026,0.022,0.628,0.14
akt1,GlideSP/GOLD,5.0,NEF,,3.492,11.263,3.492,40,1240,62,6.983,0.792,3.808,0.564,17.458,0.104,0.102,0.628,0.14
alr2,GlideSP/GOLD,0.5,NEF,,4.414,14.24,4.414,40,1240,7,0.997,0.833,4.981,0.51,14.24,0.047,0.033,0.47,0.069
alr2,GlideSP/GOLD,1.0,NEF,,2.377,7.667,2.377,40,1240,13,0.997,0.714,2.491,0.507,7.667,0.026,0.022,0.47,0.069
alr2,GlideSP/GOLD,5.0,NEF,,1.994,6.431,1.994,40,1240,62,3.987,0.673,2.062,0.526,9.968,0.042,0.041,0.47,0.069
ar,GlideSP/GOLD,0.5,NEF,,0.0,0.0,0.0,40,1240,7,0.0,0.0,0.0,0.497,0.0,-0.014,-0.01,0.633,0.044
ar,GlideSP/GOLD,1.0,NEF,,0.0,0.0,0.0,40,1240,13,0.0,0.0,0.0,0.495,0.0,-0.019,-0.016,0.633,0.044
ar,GlideSP/GOLD,5.0,NEF,,2.494,8.045,2.494,40,1240,62,4.988,0.724,2.625,0.539,12.47,0.063,0.061,0.633,0.044
aurka,GlideSP/GOLD,0.5,NEF,,13.286,42.857,13.286,40,1240,7,3.0,0.957,22.5,0.536,42.857,0.169,0.119,0.652,0.234
aurka,GlideSP/GOLD,1.0,NEF,,9.538,30.769,9.538,40,1240,13,4.0,0.93,13.333,0.546,30.769,0.16,0.137,0.652,0.234
aurka,GlideSP/GOLD,5.0,NEF,,4.0,12.903,4.0,40,1240,62,8.0,0.816,4.444,0.578,20.0,0.126,0.122,0.652,0.234
aurkb,GlideSP/GOLD,0.5,NEF,,8.857,28.571,8.857,40,1240,7,2.0,0.923,12.0,0.523,28.571,0.108,0.076,0.571,0.276
aurkb,GlideSP/GOLD,1.0,NEF,,9.538,30.769,9.538,40,1240,13,4.0,0.93,13.333,0.546,30.769,0.16,0.137,0.571,0.276
aurkb,GlideSP/GOLD,5.0,NEF,,4.0,12.903,4.0,40,1240,62,8.0,0.816,4.444,0.578,20.0,0.126,0.122,0.571,0.276
bcl2,GlideSP/GOLD,0.5,NEF,,0.0,0.0,0.0,40,1240,7,0.0,0.0,0.0,0.497,0.0,-0.014,-0.01,0.824,0.163
bcl2,GlideSP/GOLD,1.0,NEF,,2.383,7.686,2.383,40,1240,13,0.999,0.714,2.498,0.507,7.686,0.026,0.022,0.824,0.163
bcl2,GlideSP/GOLD,5.0,NEF,,5.995,19.339,5.995,40,1240,62,11.99,0.878,7.193,0.629,29.976,0.209,0.204,0.824,0.163
braf,GlideSP/GOLD,0.5,NEF,,4.4,14.194,4.4,40,1240,7,0.994,0.832,4.962,0.51,14.194,0.047,0.033,0.546,0.058
braf,GlideSP/GOLD,1.0,NEF,,2.369,7.643,2.369,40,1240,13,0.994,0.713,2.483,0.507,7.643,0.026,0.022,0.546,0.058
braf,GlideSP/GOLD,5.0,NEF,,0.497,1.602,0.497,40,1240,62,0.994,0.328,0.489,0.487,2.484,-0.021,-0.021,0.546,0.058
catl,GlideSP/GOLD,0.5,NEF,,4.429,14.286,4.429,40,1240,7,1.0,0.833,5.0,0.51,14.286,0.047,0.033,0.735,0.142
catl,GlideSP/GOLD,1.0,NEF,,2.385,7.692,2.385,40,1240,13,1.0,0.714,2.5,0.508,7.692,0.026,0.022,0.735,0.142
catl,GlideSP/GOLD,5.0,NEF,,4.0,12.903,4.0,40,1240,62,8.0,0.816,4.444,0.578,20.0,0.126,0.122,0.735,0.142
cdk2,GlideSP/GOLD,0.5,NEF,,0.0,0.0,0.0,40,1240,7,0.0,0.0,0.0,0.497,0.0,-0.014,-0.01,0.631,0.108
cdk2,GlideSP/GOLD,1.0,NEF,,4.765,15.372,4.765,40,1240,13,1.998,0.845,5.449,0.52,15.372,0.071,0.061,0.631,0.108
cdk2,GlideSP/GOLD,5.0,NEF,,1.499,4.835,1.499,40,1240,62,2.998,0.604,1.524,0.513,7.494,0.021,0.02,0.631,0.108
cox1,GlideSP/GOLD,0.5,NEF,,4.393,14.171,4.393,40,1240,7,0.992,0.832,4.953,0.51,14.171,0.047,0.033,0.681,0.297
cox1,GlideSP/GOLD,1.0,NEF,,7.096,22.891,7.096,40,1240,13,2.976,0.899,8.906,0.533,22.891,0.115,0.098,0.681,0.297
cox1,GlideSP/GOLD,5.0,NEF,,5.952,19.199,5.952,40,1240,62,11.903,0.877,7.128,0.628,29.758,0.207,0.202,0.681,0.297
cox2,GlideSP/GOLD,0.5,NEF,,13.232,42.684,13.232,40,1240,7,2.988,0.957,22.342,0.536,42.684,0.168,0.119,0.883,0.55
cox2,GlideSP/GOLD,1.0,NEF,,16.625,53.629,16.625,40,1240,13,6.972,0.972,34.696,0.585,53.629,0.294,0.251,0.883,0.55
cox2,GlideSP/GOLD,5.0,NEF,,11.454,36.947,11.454,40,1240,62,22.907,0.946,17.579,0.77,57.268,0.438,0.427,0.883,0.55
ctsk,GlideSP/GOLD,0.5,NEF,,13.286,42.857,13.286,40,1240,7,3.0,0.957,22.5,0.536,42.857,0.169,0.119,0.855,0.385
ctsk,GlideSP/GOLD,1.0,NEF,,11.923,38.462,11.923,40,1240,13,5.0,0.949,18.75,0.559,38.462,0.205,0.176,0.855,0.385
ctsk,GlideSP/GOLD,5.0,NEF,,7.0,22.581,7.0,40,1240,62,14.0,0.897,8.75,0.655,35.0,0.251,0.245,0.855,0.385
cyp2a6,GlideSP/GOLD,0.5,NEF,,0.0,0.0,0.0,40,1240,7,0.0,0.0,0.0,0.497,0.0,-0.014,-0.01,0.614,0.001
cyp2a6,GlideSP/GOLD,1.0,NEF,,0.0,0.0,0.0,40,1240,13,0.0,0.0,0.0,0.495,0.0,-0.019,-0.016,0.614,0.001
cyp2a6,GlideSP/GOLD,5.0,NEF,,0.0,0.0,0.0,40,1240,62,0.0,0.0,0.0,0.474,0.0,-0.042,-0.041,0.614,0.001
dhfr,GlideSP/GOLD,0.5,NEF,,0.0,0.0,0.0,40,1240,7,0.0,0.0,0.0,0.497,0.0,-0.014,-0.01,0.621,0.081
dhfr,GlideSP/GOLD,1.0,NEF,,0.0,0.0,0.0,40,1240,13,0.0,0.0,0.0,0.495,0.0,-0.019,-0.016,0.621,0.081
dhfr,GlideSP/GOLD,5.0,NEF,,1.5,4.839,1.5,40,1240,62,3.0,0.604,1.525,0.513,7.5,0.021,0.02,0.621,0.081
egfr,GlideSP/GOLD,0.5,NEF,,0.0,0.0,0.0,40,1240,7,0.0,0.0,0.0,0.497,0.0,-0.014,-0.01,0.556,0.059
egfr,GlideSP/GOLD,1.0,NEF,,2.377,7.667,2.377,40,1240,13,0.997,0.714,2.491,0.507,7.667,0.026,0.022,0.556,0.059
egfr,GlideSP/GOLD,5.0,NEF,,0.997,3.215,0.997,40,1240,62,1.994,0.499,0.997,0.5,4.984,-0.0,-0.0,0.556,0.059
ephb4,GlideSP/GOLD,0.5,NEF,,13.286,42.857,13.286,40,1240,7,3.0,0.957,22.5,0.536,42.857,0.169,0.119,0.812,0.319
ephb4,GlideSP/GOLD,1.0,NEF,,9.538,30.769,9.538,40,1240,13,4.0,0.93,13.333,0.546,30.769,0.16,0.137,0.812,0.319
ephb4,GlideSP/GOLD,5.0,NEF,,7.0,22.581,7.0,40,1240,62,14.0,0.897,8.75,0.655,35.0,0.251,0.245,0.812,0.319
erbb2,GlideSP/GOLD,0.5,NEF,,31.0,100.0,31.0,40,1240,7,7.0,1.0,inf,0.588,100.0,0.413,0.291,0.866,0.843
erbb2,GlideSP/GOLD,1.0,NEF,,28.615,92.308,28.615,40,1240,13,12.0,0.997,360.0,0.65,92.308,0.519,0.444,0.866,0.843
erbb2,GlideSP/GOLD,5.0,NEF,,12.0,38.71,12.0,40,1240,62,24.0,0.95,18.947,0.784,60.0,0.461,0.449,0.866,0.843
er-beta,GlideSP/GOLD,0.5,NEF,,4.414,14.24,4.414,40,1240,7,0.997,0.833,4.981,0.51,14.24,0.047,0.033,0.623,0.102
er-beta,GlideSP/GOLD,1.0,NEF,,4.754,15.335,4.754,40,1240,13,1.994,0.845,5.434,0.52,15.335,0.071,0.06,0.623,0.102
er-beta,GlideSP/GOLD,5.0,NEF,,2.492,8.039,2.492,40,1240,62,4.984,0.724,2.622,0.539,12.46,0.062,0.061,0.623,0.102
fgfr1,GlideSP/GOLD,0.5,NEF,,0.0,0.0,0.0,40,1240,7,0.0,0.0,0.0,0.497,0.0,-0.014,-0.01,0.704,0.11
fgfr1,GlideSP/GOLD,1.0,NEF,,4.765,15.372,4.765,40,1240,13,1.998,0.845,5.449,0.52,15.372,0.071,0.061,0.704,0.11
fgfr1,GlideSP/GOLD,5.0,NEF,,3.497,11.281,3.497,40,1240,62,6.994,0.792,3.815,0.565,17.486,0.105,0.102,0.704,0.11
fkbp1a,GlideSP/GOLD,0.5,NEF,,0.0,0.0,0.0,40,1240,7,0.0,0.0,0.0,0.497,0.0,-0.014,-0.01,0.599,0.017
fkbp1a,GlideSP/GOLD,1.0,NEF,,0.0,0.0,0.0,40,1240,13,0.0,0.0,0.0,0.495,0.0,-0.019,-0.016,0.599,0.017
fkbp1a,GlideSP/GOLD,5.0,NEF,,2.0,6.452,2.0,40,1240,62,4.0,0.674,2.069,0.526,10.0,0.042,0.041,0.599,0.017
fxa,GlideSP/GOLD,0.5,NEF,,13.286,42.857,13.286,40,1240,7,3.0,0.957,22.5,0.536,42.857,0.169,0.119,0.835,0.482
fxa,GlideSP/GOLD,1.0,NEF,,14.308,46.154,14.308,40,1240,13,6.0,0.963,25.714,0.572,46.154,0.25,0.214,0.835,0.482
fxa,GlideSP/GOLD,5.0,NEF,,8.5,27.419,8.5,40,1240,62,17.0,0.919,11.333,0.694,42.5,0.314,0.306,0.835,0.482
gba,GlideSP/GOLD,0.5,NEF,,8.857,28.571,8.857,40,1240,7,2.0,0.923,12.0,0.523,28.571,0.108,0.076,0.548,0.133
gba,GlideSP/GOLD,1.0,NEF,,4.769,15.385,4.769,40,1240,13,2.0,0.845,5.455,0.52,15.385,0.071,0.061,0.548,0.133
gba,GlideSP/GOLD,5.0,NEF,,2.0,6.452,2.0,40,1240,62,4.0,0.674,2.069,0.526,10.0,0.042,0.041,0.548,0.133
gr,GlideSP/GOLD,0.5,NEF,,0.0,0.0,0.0,40,1240,7,0.0,0.0,0.0,0.497,0.0,-0.014,-0.01,0.612,0.086
gr,GlideSP/GOLD,1.0,NEF,,2.385,7.692,2.385,40,1240,13,1.0,0.714,2.5,0.508,7.692,0.026,0.022,0.612,0.086
gr,GlideSP/GOLD,5.0,NEF,,2.5,8.065,2.5,40,1240,62,5.0,0.725,2.632,0.539,12.5,0.063,0.061,0.612,0.086
gsk3b,GlideSP/GOLD,0.5,NEF,,8.857,28.571,8.857,40,1240,7,2.0,0.923,12.0,0.523,28.571,0.108,0.076,0.618,0.203
gsk3b,GlideSP/GOLD,1.0,NEF,,7.154,23.077,7.154,40,1240,13,3.0,0.9,9.0,0.533,23.077,0.116,0.099,0.618,0.203
gsk3b,GlideSP/GOLD,5.0,NEF,,3.5,11.29,3.5,40,1240,62,7.0,0.792,3.818,0.565,17.5,0.105,0.102,0.618,0.203
hdac2,GlideSP/GOLD,0.5,NEF,,13.286,42.857,13.286,40,1240,7,3.0,0.957,22.5,0.536,42.857,0.169,0.119,0.82,0.324
hdac2,GlideSP/GOLD,1.0,NEF,,9.538,30.769,9.538,40,1240,13,4.0,0.93,13.333,0.546,30.769,0.16,0.137,0.82,0.324
hdac2,GlideSP/GOLD,5.0,NEF,,6.5,20.968,6.5,40,1240,62,13.0,0.888,7.959,0.642,32.5,0.23,0.224,0.82,0.324
hdac8,GlideSP/GOLD,0.5,NEF,,0.0,0.0,0.0,40,1240,7,0.0,0.0,0.0,0.497,0.0,-0.014,-0.01,0.599,0.071
hdac8,GlideSP/GOLD,1.0,NEF,,2.385,7.692,2.385,40,1240,13,1.0,0.714,2.5,0.508,7.692,0.026,0.022,0.599,0.071
hdac8,GlideSP/GOLD,5.0,NEF,,2.0,6.452,2.0,40,1240,62,4.0,0.674,2.069,0.526,10.0,0.042,0.041,0.599,0.071
hiv1pr,GlideSP/GOLD,0.5,NEF,,26.571,85.714,26.571,40,1240,7,6.0,0.994,180.0,0.575,85.714,0.352,0.248,0.792,0.623
hiv1pr,GlideSP/GOLD,1.0,NEF,,21.462,69.231,21.462,40,1240,13,9.0,0.985,67.5,0.611,69.231,0.385,0.329,0.792,0.623
hiv1pr,GlideSP/GOLD,5.0,NEF,,9.5,30.645,9.5,40,1240,62,19.0,0.93,13.256,0.72,47.5,0.356,0.347,0.792,0.623
hiv1rt,GlideSP/GOLD,0.5,NEF,,0.0,0.0,0.0,40,1240,7,0.0,0.0,0.0,0.497,0.0,-0.014,-0.01,0.513,0.015
hiv1rt,GlideSP/GOLD,1.0,NEF,,0.0,0.0,0.0,40,1240,13,0.0,0.0,0.0,0.495,0.0,-0.019,-0.016,0.513,0.015
hiv1rt,GlideSP/GOLD,5.0,NEF,,0.498,1.608,0.498,40,1240,62,0.997,0.329,0.49,0.487,2.492,-0.021,-0.02,0.513,0.015
hmgr,GlideSP/GOLD,0.5,NEF,,4.414,14.24,4.414,40,1240,7,0.997,0.833,4.981,0.51,14.24,0.047,0.033,0.638,0.16
hmgr,GlideSP/GOLD,1.0,NEF,,2.377,7.667,2.377,40,1240,13,0.997,0.714,2.491,0.507,7.667,0.026,0.022,0.638,0.16
hmgr,GlideSP/GOLD,5.0,NEF,,3.987,12.862,3.987,40,1240,62,7.974,0.816,4.428,0.577,19.935,0.125,0.122,0.638,0.16
hsp90,GlideSP/GOLD,0.5,NEF,,0.0,0.0,0.0,40,1240,7,0.0,0.0,0.0,0.497,0.0,-0.014,-0.01,0.524,0.066
hsp90,GlideSP/GOLD,1.0,NEF,,2.385,7.692,2.385,40,1240,13,1.0,0.714,2.5,0.508,7.692,0.026,0.022,0.524,0.066
hsp90,GlideSP/GOLD,5.0,NEF,,1.5,4.839,1.5,40,1240,62,3.0,0.604,1.525,0.513,7.5,0.021,0.02,0.524,0.066
igf1r,GlideSP/GOLD,0.5,NEF,,8.857,28.571,8.857,40,1240,7,2.0,0.923,12.0,0.523,28.571,0.108,0.076,0.654,0.174
igf1r,GlideSP/GOLD,1.0,NEF,,4.769,15.385,4.769,40,1240,13,2.0,0.845,5.455,0.52,15.385,0.071,0.061,0.654,0.174
igf1r,GlideSP/GOLD,5.0,NEF,,3.0,9.677,3.0,40,1240,62,6.0,0.763,3.214,0.552,15.0,0.084,0.082,0.654,0.174
inha,GlideSP/GOLD,0.5,NEF,,13.286,42.857,13.286,40,1240,7,3.0,0.957,22.5,0.536,42.857,0.169,0.119,0.588,0.274
inha,GlideSP/GOLD,1.0,NEF,,9.538,30.769,9.538,40,1240,13,4.0,0.93,13.333,0.546,30.769,0.16,0.137,0.588,0.274
inha,GlideSP/GOLD,5.0,NEF,,3.0,9.677,3.0,40,1240,62,6.0,0.763,3.214,0.552,15.0,0.084,0.082,0.588,0.274
itk,GlideSP/GOLD,0.5,NEF,,4.429,14.286,4.429,40,1240,7,1.0,0.833,5.0,0.51,14.286,0.047,0.033,0.627,0.064
itk,GlideSP/GOLD,1.0,NEF,,2.385,7.692,2.385,40,1240,13,1.0,0.714,2.5,0.508,7.692,0.026,0.022,0.627,0.064
itk,GlideSP/GOLD,5.0,NEF,,0.5,1.613,0.5,40,1240,62,1.0,0.33,0.492,0.487,2.5,-0.021,-0.02,0.627,0.064
jak3,GlideSP/GOLD,0.5,NEF,,4.429,14.286,4.429,40,1240,7,1.0,0.833,5.0,0.51,14.286,0.047,0.033,0.775,0.143
jak3,GlideSP/GOLD,1.0,NEF,,4.769,15.385,4.769,40,1240,13,2.0,0.845,5.455,0.52,15.385,0.071,0.061,0.775,0.143
jak3,GlideSP/GOLD,5.0,NEF,,3.5,11.29,3.5,40,1240,62,7.0,0.792,3.818,0.565,17.5,0.105,0.102,0.775,0.143
jnk1,GlideSP/GOLD,0.5,NEF,,0.0,0.0,0.0,40,1240,7,0.0,0.0,0.0,0.497,0.0,-0.014,-0.01,0.66,0.039
jnk1,GlideSP/GOLD,1.0,NEF,,0.0,0.0,0.0,40,1240,13,0.0,0.0,0.0,0.495,0.0,-0.019,-0.016,0.66,0.039
jnk1,GlideSP/GOLD,5.0,NEF,,3.0,9.677,3.0,40,1240,62,6.0,0.763,3.214,0.552,15.0,0.084,0.082,0.66,0.039
jnk2,GlideSP/GOLD,0.5,NEF,,13.275,42.823,13.275,40,1240,7,2.998,0.957,22.468,0.536,42.823,0.169,0.119,0.616,0.246
jnk2,GlideSP/GOLD,1.0,NEF,,9.531,30.744,9.531,40,1240,13,3.997,0.93,13.318,0.546,30.744,0.16,0.137,0.616,0.246
jnk2,GlideSP/GOLD,5.0,NEF,,2.498,8.058,2.498,40,1240,62,4.996,0.724,2.629,0.539,12.49,0.063,0.061,0.616,0.246
jnk3,GlideSP/GOLD,0.5,NEF,,8.857,28.571,8.857,40,1240,7,2.0,0.923,12.0,0.523,28.571,0.108,0.076,0.708,0.229
jnk3,GlideSP/GOLD,1.0,NEF,,9.538,30.769,9.538,40,1240,13,4.0,0.93,13.333,0.546,30.769,0.16,0.137,0.708,0.229
jnk3,GlideSP/GOLD,5.0,NEF,,4.5,14.516,4.5,40,1240,62,9.0,0.836,5.094,0.59,22.5,0.147,0.143,0.708,0.229
kif11,GlideSP/GOLD,0.5,NEF,,13.275,42.823,13.275,40,1240,7,2.998,0.957,22.468,0.536,42.823,0.169,0.119,0.85,0.333
kif11,GlideSP/GOLD,1.0,NEF,,14.296,46.117,14.296,40,1240,13,5.995,0.963,25.676,0.572,46.117,0.25,0.214,0.85,0.333
kif11,GlideSP/GOLD,5.0,NEF,,5.496,17.728,5.496,40,1240,62,10.991,0.866,6.464,0.616,27.478,0.188,0.183,0.85,0.333
lck,GlideSP/GOLD,0.5,NEF,,8.843,28.525,8.843,40,1240,7,1.997,0.923,11.973,0.523,28.525,0.108,0.076,0.62,0.207
lck,GlideSP/GOLD,1.0,NEF,,7.142,23.04,7.142,40,1240,13,2.995,0.9,8.981,0.533,23.04,0.115,0.099,0.62,0.207
lck,GlideSP/GOLD,5.0,NEF,,2.995,9.662,2.995,40,1240,62,5.99,0.762,3.209,0.552,14.976,0.084,0.081,0.62,0.207
mdm2,GlideSP/GOLD,0.5,NEF,,13.286,42.857,13.286,40,1240,7,3.0,0.957,22.5,0.536,42.857,0.169,0.119,0.481,0.262
mdm2,GlideSP/GOLD,1.0,NEF,,11.923,38.462,11.923,40,1240,13,5.0,0.949,18.75,0.559,38.462,0.205,0.176,0.481,0.262
mdm2,GlideSP/GOLD,5.0,NEF,,2.5,8.065,2.5,40,1240,62,5.0,0.725,2.632,0.539,12.5,0.063,0.061,0.481,0.262
mk2,GlideSP/GOLD,0.5,NEF,,9.544,30.788,9.544,40,1240,7,2.155,0.93,13.345,0.525,30.788,0.118,0.083,0.727,0.269
mk2,GlideSP/GOLD,1.0,NEF,,7.709,24.868,7.709,40,1240,13,3.233,0.909,9.929,0.536,24.868,0.126,0.108,0.727,0.269
mk2,GlideSP/GOLD,5.0,NEF,,4.31,13.904,4.31,40,1240,62,8.621,0.829,4.845,0.586,21.552,0.139,0.135,0.727,0.269
mmp2,GlideSP/GOLD,0.5,NEF,,4.535,14.628,4.535,40,1240,7,1.024,0.837,5.14,0.51,14.628,0.049,0.034,0.568,0.139
mmp2,GlideSP/GOLD,1.0,NEF,,2.442,7.877,2.442,40,1240,13,1.024,0.72,2.565,0.508,7.877,0.027,0.023,0.568,0.139
mmp2,GlideSP/GOLD,5.0,NEF,,2.56,8.258,2.56,40,1240,62,5.12,0.73,2.7,0.54,12.8,0.065,0.064,0.568,0.139
na,GlideSP/GOLD,0.5,NEF,,0.0,0.0,0.0,40,1240,7,0.0,0.0,0.0,0.497,0.0,-0.014,-0.01,0.494,0.061
na,GlideSP/GOLD,1.0,NEF,,2.385,7.692,2.385,40,1240,13,1.0,0.714,2.5,0.508,7.692,0.026,0.022,0.494,0.061
na,GlideSP/GOLD,5.0,NEF,,1.5,4.839,1.5,40,1240,62,3.0,0.604,1.525,0.513,7.5,0.021,0.02,0.494,0.061
p38-alpha,GlideSP/GOLD,0.5,NEF,,4.418,14.251,4.418,40,1240,7,0.998,0.833,4.986,0.51,14.251,0.047,0.033,0.608,0.073
p38-alpha,GlideSP/GOLD,1.0,NEF,,2.379,7.674,2.379,40,1240,13,0.998,0.714,2.493,0.507,7.674,0.026,0.022,0.608,0.073
p38-alpha,GlideSP/GOLD,5.0,NEF,,0.998,3.218,0.998,40,1240,62,1.995,0.499,0.998,0.5,4.988,-0.0,-0.0,0.608,0.073
parp-1,GlideSP/GOLD,0.5,NEF,,4.393,14.171,4.393,40,1240,7,0.992,0.832,4.953,0.51,14.171,0.047,0.033,0.753,0.164
parp-1,GlideSP/GOLD,1.0,NEF,,2.365,7.63,2.365,40,1240,13,0.992,0.712,2.478,0.507,7.63,0.026,0.022,0.753,0.164
parp-1,GlideSP/GOLD,5.0,NEF,,4.96,15.999,4.96,40,1240,62,9.919,0.851,5.714,0.602,24.798,0.166,0.162,0.753,0.164
pde4b,GlideSP/GOLD,0.5,NEF,,0.0,0.0,0.0,40,1240,7,0.0,0.0,0.0,0.497,0.0,-0.014,-0.01,0.609,0.004
pde4b,GlideSP/GOLD,1.0,NEF,,0.0,0.0,0.0,40,1240,13,0.0,0.0,0.0,0.495,0.0,-0.019,-0.016,0.609,0.004
pde4b,GlideSP/GOLD,5.0,NEF,,0.499,1.61,0.499,40,1240,62,0.998,0.329,0.491,0.487,2.496,-0.021,-0.02,0.609,0.004
pde5,GlideSP/GOLD,0.5,NEF,,9.308,30.027,9.308,40,1240,7,2.102,0.928,12.873,0.524,30.027,0.114,0.081,0.756,0.269
pde5,GlideSP/GOLD,1.0,NEF,,7.518,24.252,7.518,40,1240,13,3.153,0.906,9.605,0.535,24.252,0.122,0.105,0.756,0.269
pde5,GlideSP/GOLD,5.0,NEF,,4.729,15.255,4.729,40,1240,62,9.458,0.844,5.401,0.596,23.646,0.156,0.152,0.756,0.269
pdk1,GlideSP/GOLD,0.5,NEF,,8.829,28.479,8.829,40,1240,7,1.994,0.923,11.946,0.523,28.479,0.108,0.076,0.613,0.182
pdk1,GlideSP/GOLD,1.0,NEF,,7.131,23.002,7.131,40,1240,13,2.99,0.9,8.962,0.533,23.002,0.115,0.099,0.613,0.182
pdk1,GlideSP/GOLD,5.0,NEF,,1.994,6.431,1.994,40,1240,62,3.987,0.673,2.062,0.526,9.968,0.042,0.041,0.613,0.182
pi3kg,GlideSP/GOLD,0.5,NEF,,4.418,14.251,4.418,40,1240,7,0.998,0.833,4.986,0.51,14.251,0.047,0.033,0.751,0.148
pi3kg,GlideSP/GOLD,1.0,NEF,,4.758,15.347,4.758,40,1240,13,1.995,0.845,5.439,0.52,15.347,0.071,0.06,0.751,0.148
pi3kg,GlideSP/GOLD,5.0,NEF,,1.995,6.436,1.995,40,1240,62,3.99,0.674,2.064,0.526,9.976,0.042,0.041,0.751,0.148
pim-1,GlideSP/GOLD,0.5,NEF,,8.771,28.295,8.771,40,1240,7,1.981,0.922,11.838,0.523,28.295,0.107,0.075,0.642,0.174
pim-1,GlideSP/GOLD,1.0,NEF,,4.723,15.236,4.723,40,1240,13,1.981,0.844,5.392,0.52,15.236,0.07,0.06,0.642,0.174
pim-1,GlideSP/GOLD,5.0,NEF,,2.476,7.986,2.476,40,1240,62,4.952,0.723,2.604,0.538,12.379,0.062,0.06,0.642,0.174
pim-2,GlideSP/GOLD,0.5,NEF,,4.4,14.194,4.4,40,1240,7,0.994,0.832,4.962,0.51,14.194,0.047,0.033,0.651,0.166
pim-2,GlideSP/GOLD,1.0,NEF,,7.108,22.928,7.108,40,1240,13,2.981,0.899,8.925,0.533,22.928,0.115,0.098,0.651,0.166
pim-2,GlideSP/GOLD,5.0,NEF,,3.974,12.82,3.974,40,1240,62,7.948,0.815,4.412,0.577,19.871,0.125,0.121,0.651,0.166
pnp,GlideSP/GOLD,0.5,NEF,,0.0,0.0,0.0,40,1240,7,0.0,0.0,0.0,0.497,0.0,-0.014,-0.01,0.6,0.021
pnp,GlideSP/GOLD,1.0,NEF,,0.0,0.0,0.0,40,1240,13,0.0,0.0,0.0,0.495,0.0,-0.019,-0.016,0.6,0.021
pnp,GlideSP/GOLD,5.0,NEF,,0.5,1.613,0.5,40,1240,62,1.0,0.33,0.492,0.487,2.5,-0.021,-0.02,0.6,0.021
ppara,GlideSP/GOLD,0.5,NEF,,4.429,14.286,4.429,40,1240,7,1.0,0.833,5.0,0.51,14.286,0.047,0.033,0.679,0.193
ppara,GlideSP/GOLD,1.0,NEF,,7.154,23.077,7.154,40,1240,13,3.0,0.9,9.0,0.533,23.077,0.116,0.099,0.679,0.193
ppara,GlideSP/GOLD,5.0,NEF,,4.0,12.903,4.0,40,1240,62,8.0,0.816,4.444,0.578,20.0,0.126,0.122,0.679,0.193
pparg,GlideSP/GOLD,0.5,NEF,,8.93,28.808,8.93,40,1240,7,2.017,0.924,12.139,0.523,28.808,0.109,0.077,0.699,0.334
pparg,GlideSP/GOLD,1.0,NEF,,14.426,46.536,14.426,40,1240,13,6.05,0.963,26.112,0.573,46.536,0.252,0.216,0.699,0.334
pparg,GlideSP/GOLD,5.0,NEF,,6.149,19.835,6.149,40,1240,62,12.298,0.881,7.423,0.633,30.744,0.216,0.21,0.699,0.334
pr,GlideSP/GOLD,0.5,NEF,,0.0,0.0,0.0,40,1240,7,0.0,0.0,0.0,0.497,0.0,-0.014,-0.01,0.502,0.0
pr,GlideSP/GOLD,1.0,NEF,,0.0,0.0,0.0,40,1240,13,0.0,0.0,0.0,0.495,0.0,-0.019,-0.016,0.502,0.0
pr,GlideSP/GOLD,5.0,NEF,,0.0,0.0,0.0,40,1240,62,0.0,0.0,0.0,0.474,0.0,-0.042,-0.041,0.502,0.0
prkcq,GlideSP/GOLD,0.5,NEF,,4.425,14.274,4.425,40,1240,7,0.999,0.833,4.995,0.51,14.274,0.047,0.033,0.806,0.196
prkcq,GlideSP/GOLD,1.0,NEF,,4.765,15.372,4.765,40,1240,13,1.998,0.845,5.449,0.52,15.372,0.071,0.061,0.806,0.196
prkcq,GlideSP/GOLD,5.0,NEF,,6.994,22.562,6.994,40,1240,62,13.989,0.897,8.741,0.655,34.972,0.251,0.245,0.806,0.196
pygl-in,GlideSP/GOLD,0.5,NEF,,8.857,28.571,8.857,40,1240,7,2.0,0.923,12.0,0.523,28.571,0.108,0.076,0.703,0.241
pygl-in,GlideSP/GOLD,1.0,NEF,,9.538,30.769,9.538,40,1240,13,4.0,0.93,13.333,0.546,30.769,0.16,0.137,0.703,0.241
pygl-in,GlideSP/GOLD,5.0,NEF,,4.0,12.903,4.0,40,1240,62,8.0,0.816,4.444,0.578,20.0,0.126,0.122,0.703,0.241
pygl-out,GlideSP/GOLD,0.5,NEF,,0.0,0.0,0.0,40,1240,7,0.0,0.0,0.0,0.497,0.0,-0.014,-0.01,0.591,0.013
pygl-out,GlideSP/GOLD,1.0,NEF,,0.0,0.0,0.0,40,1240,13,0.0,0.0,0.0,0.495,0.0,-0.019,-0.016,0.591,0.013
pygl-out,GlideSP/GOLD,5.0,NEF,,1.5,4.839,1.5,40,1240,62,3.0,0.604,1.525,0.513,7.5,0.021,0.02,0.591,0.013
qpct,GlideSP/GOLD,0.5,NEF,,0.0,0.0,0.0,40,1240,7,0.0,0.0,0.0,0.497,0.0,-0.014,-0.01,0.658,0.014
qpct,GlideSP/GOLD,1.0,NEF,,0.0,0.0,0.0,40,1240,13,0.0,0.0,0.0,0.495,0.0,-0.019,-0.016,0.658,0.014
qpct,GlideSP/GOLD,5.0,NEF,,1.0,3.226,1.0,40,1240,62,2.0,0.5,1.0,0.5,5.0,0.0,0.0,0.658,0.014
rock-1,GlideSP/GOLD,0.5,NEF,,0.0,0.0,0.0,40,1240,7,0.0,0.0,0.0,0.497,0.0,-0.014,-0.01,0.538,0.035
rock-1,GlideSP/GOLD,1.0,NEF,,0.0,0.0,0.0,40,1240,13,0.0,0.0,0.0,0.495,0.0,-0.019,-0.016,0.538,0.035
rock-1,GlideSP/GOLD,5.0,NEF,,3.0,9.677,3.0,40,1240,62,6.0,0.763,3.214,0.552,15.0,0.084,0.082,0.538,0.035
rxr,GlideSP/GOLD,0.5,NEF,,0.0,0.0,0.0,40,1240,7,0.0,0.0,0.0,0.497,0.0,-0.014,-0.01,0.503,0.0
rxr,GlideSP/GOLD,1.0,NEF,,0.0,0.0,0.0,40,1240,13,0.0,0.0,0.0,0.495,0.0,-0.019,-0.016,0.503,0.0
rxr,GlideSP/GOLD,5.0,NEF,,0.0,0.0,0.0,40,1240,62,0.0,0.0,0.0,0.474,0.0,-0.042,-0.041,0.503,0.0
sars-hcov,GlideSP/GOLD,0.5,NEF,,0.0,0.0,0.0,39,1209,7,0.0,0.0,0.0,0.497,0.0,-0.014,-0.01,0.553,0.052
sars-hcov,GlideSP/GOLD,1.0,NEF,,2.385,7.692,2.385,39,1209,13,1.0,0.714,2.5,0.508,7.692,0.026,0.023,0.553,0.052
sars-hcov,GlideSP/GOLD,5.0,NEF,,1.525,4.918,1.525,39,1209,61,3.0,0.608,1.552,0.514,7.692,0.022,0.021,0.553,0.052
sirt2,GlideSP/GOLD,0.5,NEF,,0.0,0.0,0.0,40,1240,7,0.0,0.0,0.0,0.497,0.0,-0.014,-0.01,0.572,0.094
sirt2,GlideSP/GOLD,1.0,NEF,,4.75,15.323,4.75,40,1240,13,1.992,0.844,5.429,0.52,15.323,0.07,0.06,0.572,0.094
sirt2,GlideSP/GOLD,5.0,NEF,,2.49,8.032,2.49,40,1240,62,4.98,0.724,2.62,0.538,12.45,0.062,0.061,0.572,0.094
src,GlideSP/GOLD,0.5,NEF,,13.275,42.823,13.275,40,1240,7,2.998,0.957,22.468,0.536,42.823,0.169,0.119,0.547,0.184
src,GlideSP/GOLD,1.0,NEF,,7.148,23.058,7.148,40,1240,13,2.998,0.9,8.991,0.533,23.058,0.116,0.099,0.547,0.184
src,GlideSP/GOLD,5.0,NEF,,1.499,4.835,1.499,40,1240,62,2.998,0.604,1.524,0.513,7.494,0.021,0.02,0.547,0.184
thrombin,GlideSP/GOLD,0.5,NEF,,4.429,14.286,4.429,40,1240,7,1.0,0.833,5.0,0.51,14.286,0.047,0.033,0.727,0.151
thrombin,GlideSP/GOLD,1.0,NEF,,4.769,15.385,4.769,40,1240,13,2.0,0.845,5.455,0.52,15.385,0.071,0.061,0.727,0.151
thrombin,GlideSP/GOLD,5.0,NEF,,3.0,9.677,3.0,40,1240,62,6.0,0.763,3.214,0.552,15.0,0.084,0.082,0.727,0.151
tie2,GlideSP/GOLD,0.5,NEF,,8.857,28.571,8.857,40,1240,7,2.0,0.923,12.0,0.523,28.571,0.108,0.076,0.623,0.22
tie2,GlideSP/GOLD,1.0,NEF,,7.154,23.077,7.154,40,1240,13,3.0,0.9,9.0,0.533,23.077,0.116,0.099,0.623,0.22
tie2,GlideSP/GOLD,5.0,NEF,,4.0,12.903,4.0,40,1240,62,8.0,0.816,4.444,0.578,20.0,0.126,0.122,0.623,0.22
tk,GlideSP/GOLD,0.5,NEF,,0.0,0.0,0.0,40,1240,7,0.0,0.0,0.0,0.497,0.0,-0.014,-0.01,0.503,0.003
tk,GlideSP/GOLD,1.0,NEF,,0.0,0.0,0.0,40,1240,13,0.0,0.0,0.0,0.495,0.0,-0.019,-0.016,0.503,0.003
tk,GlideSP/GOLD,5.0,NEF,,0.512,1.652,0.512,40,1240,62,1.024,0.335,0.504,0.487,2.56,-0.02,-0.02,0.503,0.003
tp,GlideSP/GOLD,0.5,NEF,,0.0,0.0,0.0,40,1240,7,0.0,0.0,0.0,0.497,0.0,-0.014,-0.01,0.347,0.0
tp,GlideSP/GOLD,1.0,NEF,,0.0,0.0,0.0,40,1240,13,0.0,0.0,0.0,0.495,0.0,-0.019,-0.016,0.347,0.0
tp,GlideSP/GOLD,5.0,NEF,,0.0,0.0,0.0,40,1240,62,0.0,0.0,0.0,0.474,0.0,-0.042,-0.041,0.347,0.0
tpa,GlideSP/GOLD,0.5,NEF,,0.0,0.0,0.0,40,1240,7,0.0,0.0,0.0,0.497,0.0,-0.014,-0.01,0.707,0.054
tpa,GlideSP/GOLD,1.0,NEF,,0.0,0.0,0.0,40,1240,13,0.0,0.0,0.0,0.495,0.0,-0.019,-0.016,0.707,0.054
tpa,GlideSP/GOLD,5.0,NEF,,1.192,3.845,1.192,40,1240,62,2.384,0.545,1.2,0.505,5.96,0.008,0.008,0.707,0.054
ts,GlideSP/GOLD,0.5,NEF,,4.429,14.297,4.429,40,1239,7,1.001,0.833,5.001,0.51,14.297,0.047,0.033,0.695,0.201
ts,GlideSP/GOLD,1.0,NEF,,2.385,7.699,2.385,40,1239,13,1.001,0.714,2.5,0.508,7.699,0.026,0.022,0.695,0.201
ts,GlideSP/GOLD,5.0,NEF,,5.5,17.756,5.5,40,1239,62,11.009,0.866,6.472,0.616,27.522,0.189,0.184,0.695,0.201
upa,GlideSP/GOLD,0.5,NEF,,21.946,70.795,21.946,40,1240,7,4.956,0.986,72.722,0.561,70.795,0.288,0.203,0.715,0.583
upa,GlideSP/GOLD,1.0,NEF,,21.271,68.617,21.271,40,1240,13,8.92,0.985,65.592,0.61,68.617,0.381,0.326,0.715,0.583
upa,GlideSP/GOLD,5.0,NEF,,8.92,28.775,8.92,40,1240,62,17.84,0.924,12.12,0.705,44.601,0.332,0.323,0.715,0.583
vegfr1,GlideSP/GOLD,0.5,NEF,,4.429,14.286,4.429,40,1240,7,1.0,0.833,5.0,0.51,14.286,0.047,0.033,0.665,0.15
vegfr1,GlideSP/GOLD,1.0,NEF,,4.769,15.385,4.769,40,1240,13,2.0,0.845,5.455,0.52,15.385,0.071,0.061,0.665,0.15
vegfr1,GlideSP/GOLD,5.0,NEF,,2.5,8.065,2.5,40,1240,62,5.0,0.725,2.632,0.539,12.5,0.063,0.061,0.665,0.15
vegfr2,GlideSP/GOLD,0.5,NEF,,0.0,0.0,0.0,40,1240,7,0.0,0.0,0.0,0.497,0.0,-0.014,-0.01,0.577,0.029
vegfr2,GlideSP/GOLD,1.0,NEF,,0.0,0.0,0.0,40,1240,13,0.0,0.0,0.0,0.495,0.0,-0.019,-0.016,0.577,0.029
vegfr2,GlideSP/GOLD,5.0,NEF,,1.5,4.839,1.5,40,1240,62,3.0,0.604,1.525,0.513,7.5,0.021,0.02,0.577,0.029
11betahsd1,GlideSP/LeDock,0.5,NEF,,0.0,0.0,0.0,40,1240,7,0.0,0.0,0.0,0.497,0.0,-0.014,-0.01,0.429,0.0
11betahsd1,GlideSP/LeDock,1.0,NEF,,0.0,0.0,0.0,40,1240,13,0.0,0.0,0.0,0.495,0.0,-0.019,-0.016,0.429,0.0
11betahsd1,GlideSP/LeDock,5.0,NEF,,0.0,0.0,0.0,40,1240,62,0.0,0.0,0.0,0.474,0.0,-0.042,-0.041,0.429,0.0
17betahsd1,GlideSP/LeDock,0.5,NEF,,4.429,14.286,4.429,40,1240,7,1.0,0.833,5.0,0.51,14.286,0.047,0.033,0.548,0.066
17betahsd1,GlideSP/LeDock,1.0,NEF,,2.385,7.692,2.385,40,1240,13,1.0,0.714,2.5,0.508,7.692,0.026,0.022,0.548,0.066
17betahsd1,GlideSP/LeDock,5.0,NEF,,1.0,3.226,1.0,40,1240,62,2.0,0.5,1.0,0.5,5.0,0.0,0.0,0.548,0.066
a2a,GlideSP/LeDock,0.5,NEF,,4.429,14.286,4.429,40,1240,7,1.0,0.833,5.0,0.51,14.286,0.047,0.033,0.68,0.11
a2a,GlideSP/LeDock,1.0,NEF,,2.385,7.692,2.385,40,1240,13,1.0,0.714,2.5,0.508,7.692,0.026,0.022,0.68,0.11
a2a,GlideSP/LeDock,5.0,NEF,,2.5,8.065,2.5,40,1240,62,5.0,0.725,2.632,0.539,12.5,0.063,0.061,0.68,0.11
ace,GlideSP/LeDock,0.5,NEF,,0.0,0.0,0.0,40,1240,7,0.0,0.0,0.0,0.497,0.0,-0.014,-0.01,0.287,0.003
ace,GlideSP/LeDock,1.0,NEF,,0.0,0.0,0.0,40,1240,13,0.0,0.0,0.0,0.495,0.0,-0.019,-0.016,0.287,0.003
ace,GlideSP/LeDock,5.0,NEF,,0.5,1.613,0.5,40,1240,62,1.0,0.33,0.492,0.487,2.5,-0.021,-0.02,0.287,0.003
ace2,GlideSP/LeDock,0.5,NEF,,0.0,0.0,0.0,40,1240,7,0.0,0.0,0.0,0.497,0.0,-0.014,-0.01,0.148,0.0
ace2,GlideSP/LeDock,1.0,NEF,,0.0,0.0,0.0,40,1240,13,0.0,0.0,0.0,0.495,0.0,-0.019,-0.016,0.148,0.0
ace2,GlideSP/LeDock,5.0,NEF,,0.0,0.0,0.0,40,1240,62,0.0,0.0,0.0,0.474,0.0,-0.042,-0.041,0.148,0.0
ache,GlideSP/LeDock,0.5,NEF,,8.857,28.571,8.857,40,1240,7,2.0,0.923,12.0,0.523,28.571,0.108,0.076,0.588,0.174
ache,GlideSP/LeDock,1.0,NEF,,4.769,15.385,4.769,40,1240,13,2.0,0.845,5.455,0.52,15.385,0.071,0.061,0.588,0.174
ache,GlideSP/LeDock,5.0,NEF,,4.0,12.903,4.0,40,1240,62,8.0,0.816,4.444,0.578,20.0,0.126,0.122,0.588,0.174
adam17,GlideSP/LeDock,0.5,NEF,,0.0,0.0,0.0,40,1240,7,0.0,0.0,0.0,0.497,0.0,-0.014,-0.01,0.384,0.034
adam17,GlideSP/LeDock,1.0,NEF,,2.385,7.692,2.385,40,1240,13,1.0,0.714,2.5,0.508,7.692,0.026,0.022,0.384,0.034
adam17,GlideSP/LeDock,5.0,NEF,,0.5,1.613,0.5,40,1240,62,1.0,0.33,0.492,0.487,2.5,-0.021,-0.02,0.384,0.034
adrb2,GlideSP/LeDock,0.5,NEF,,4.429,14.286,4.429,40,1240,7,1.0,0.833,5.0,0.51,14.286,0.047,0.033,0.631,0.112
adrb2,GlideSP/LeDock,1.0,NEF,,2.385,7.692,2.385,40,1240,13,1.0,0.714,2.5,0.508,7.692,0.026,0.022,0.631,0.112
adrb2,GlideSP/LeDock,5.0,NEF,,3.0,9.677,3.0,40,1240,62,6.0,0.763,3.214,0.552,15.0,0.084,0.082,0.631,0.112
akt1,GlideSP/LeDock,0.5,NEF,,13.286,42.857,13.286,40,1240,7,3.0,0.957,22.5,0.536,42.857,0.169,0.119,0.765,0.303
akt1,GlideSP/LeDock,1.0,NEF,,11.923,38.462,11.923,40,1240,13,5.0,0.949,18.75,0.559,38.462,0.205,0.176,0.765,0.303
akt1,GlideSP/LeDock,5.0,NEF,,5.5,17.742,5.5,40,1240,62,11.0,0.866,6.471,0.616,27.5,0.188,0.184,0.765,0.303
alr2,GlideSP/LeDock,0.5,NEF,,0.0,0.0,0.0,40,1240,7,0.0,0.0,0.0,0.497,0.0,-0.014,-0.01,0.495,0.001
alr2,GlideSP/LeDock,1.0,NEF,,0.0,0.0,0.0,40,1240,13,0.0,0.0,0.0,0.495,0.0,-0.019,-0.016,0.495,0.001
alr2,GlideSP/LeDock,5.0,NEF,,0.0,0.0,0.0,40,1240,62,0.0,0.0,0.0,0.474,0.0,-0.042,-0.041,0.495,0.001
ar,GlideSP/LeDock,0.5,NEF,,0.0,0.0,0.0,40,1240,7,0.0,0.0,0.0,0.497,0.0,-0.014,-0.01,0.66,0.09
ar,GlideSP/LeDock,1.0,NEF,,2.385,7.692,2.385,40,1240,13,1.0,0.714,2.5,0.508,7.692,0.026,0.022,0.66,0.09
ar,GlideSP/LeDock,5.0,NEF,,3.5,11.29,3.5,40,1240,62,7.0,0.792,3.818,0.565,17.5,0.105,0.102,0.66,0.09
aurka,GlideSP/LeDock,0.5,NEF,,22.143,71.429,22.143,40,1240,7,5.0,0.987,75.0,0.562,71.429,0.291,0.205,0.876,0.555
aurka,GlideSP/LeDock,1.0,NEF,,16.692,53.846,16.692,40,1240,13,7.0,0.972,35.0,0.585,53.846,0.295,0.252,0.876,0.555
aurka,GlideSP/LeDock,5.0,NEF,,10.0,32.258,10.0,40,1240,62,20.0,0.935,14.286,0.732,50.0,0.377,0.367,0.876,0.555
aurkb,GlideSP/LeDock,0.5,NEF,,22.143,71.429,22.143,40,1240,7,5.0,0.987,75.0,0.562,71.429,0.291,0.205,0.828,0.569
aurkb,GlideSP/LeDock,1.0,NEF,,19.077,61.538,19.077,40,1240,13,8.0,0.98,48.0,0.598,61.538,0.34,0.291,0.828,0.569
aurkb,GlideSP/LeDock,5.0,NEF,,9.0,29.032,9.0,40,1240,62,18.0,0.925,12.273,0.707,45.0,0.335,0.327,0.828,0.569
bcl2,GlideSP/LeDock,0.5,NEF,,4.429,14.286,4.429,40,1240,7,1.0,0.833,5.0,0.51,14.286,0.047,0.033,0.728,0.246
bcl2,GlideSP/LeDock,1.0,NEF,,4.769,15.385,4.769,40,1240,13,2.0,0.845,5.455,0.52,15.385,0.071,0.061,0.728,0.246
bcl2,GlideSP/LeDock,5.0,NEF,,6.0,19.355,6.0,40,1240,62,12.0,0.878,7.2,0.629,30.0,0.209,0.204,0.728,0.246
braf,GlideSP/LeDock,0.5,NEF,,4.429,14.286,4.429,40,1240,7,1.0,0.833,5.0,0.51,14.286,0.047,0.033,0.721,0.079
braf,GlideSP/LeDock,1.0,NEF,,2.385,7.692,2.385,40,1240,13,1.0,0.714,2.5,0.508,7.692,0.026,0.022,0.721,0.079
braf,GlideSP/LeDock,5.0,NEF,,2.0,6.452,2.0,40,1240,62,4.0,0.674,2.069,0.526,10.0,0.042,0.041,0.721,0.079
catl,GlideSP/LeDock,0.5,NEF,,0.0,0.0,0.0,40,1240,7,0.0,0.0,0.0,0.497,0.0,-0.014,-0.01,0.602,0.034
catl,GlideSP/LeDock,1.0,NEF,,0.0,0.0,0.0,40,1240,13,0.0,0.0,0.0,0.495,0.0,-0.019,-0.016,0.602,0.034
catl,GlideSP/LeDock,5.0,NEF,,1.0,3.226,1.0,40,1240,62,2.0,0.5,1.0,0.5,5.0,0.0,0.0,0.602,0.034
cdk2,GlideSP/LeDock,0.5,NEF,,8.857,28.571,8.857,40,1240,7,2.0,0.923,12.0,0.523,28.571,0.108,0.076,0.763,0.273
cdk2,GlideSP/LeDock,1.0,NEF,,9.538,30.769,9.538,40,1240,13,4.0,0.93,13.333,0.546,30.769,0.16,0.137,0.763,0.273
cdk2,GlideSP/LeDock,5.0,NEF,,6.5,20.968,6.5,40,1240,62,13.0,0.888,7.959,0.642,32.5,0.23,0.224,0.763,0.273
cox1,GlideSP/LeDock,0.5,NEF,,4.429,14.286,4.429,40,1240,7,1.0,0.833,5.0,0.51,14.286,0.047,0.033,0.695,0.142
cox1,GlideSP/LeDock,1.0,NEF,,4.769,15.385,4.769,40,1240,13,2.0,0.845,5.455,0.52,15.385,0.071,0.061,0.695,0.142
cox1,GlideSP/LeDock,5.0,NEF,,2.5,8.065,2.5,40,1240,62,5.0,0.725,2.632,0.539,12.5,0.063,0.061,0.695,0.142
cox2,GlideSP/LeDock,0.5,NEF,,22.143,71.429,22.143,40,1240,7,5.0,0.987,75.0,0.562,71.429,0.291,0.205,0.882,0.586
cox2,GlideSP/LeDock,1.0,NEF,,19.077,61.538,19.077,40,1240,13,8.0,0.98,48.0,0.598,61.538,0.34,0.291,0.882,0.586
cox2,GlideSP/LeDock,5.0,NEF,,11.5,37.097,11.5,40,1240,62,23.0,0.947,17.692,0.771,57.5,0.44,0.429,0.882,0.586
ctsk,GlideSP/LeDock,0.5,NEF,,0.0,0.0,0.0,40,1240,7,0.0,0.0,0.0,0.497,0.0,-0.014,-0.01,0.639,0.01
ctsk,GlideSP/LeDock,1.0,NEF,,0.0,0.0,0.0,40,1240,13,0.0,0.0,0.0,0.495,0.0,-0.019,-0.016,0.639,0.01
ctsk,GlideSP/LeDock,5.0,NEF,,2.0,6.452,2.0,40,1240,62,4.0,0.674,2.069,0.526,10.0,0.042,0.041,0.639,0.01
cyp2a6,GlideSP/LeDock,0.5,NEF,,0.0,0.0,0.0,40,1240,7,0.0,0.0,0.0,0.497,0.0,-0.014,-0.01,0.296,0.037
cyp2a6,GlideSP/LeDock,1.0,NEF,,2.385,7.692,2.385,40,1240,13,1.0,0.714,2.5,0.508,7.692,0.026,0.022,0.296,0.037
cyp2a6,GlideSP/LeDock,5.0,NEF,,1.0,3.226,1.0,40,1240,62,2.0,0.5,1.0,0.5,5.0,0.0,0.0,0.296,0.037
dhfr,GlideSP/LeDock,0.5,NEF,,8.857,28.571,8.857,40,1240,7,2.0,0.923,12.0,0.523,28.571,0.108,0.076,0.7,0.152
dhfr,GlideSP/LeDock,1.0,NEF,,4.769,15.385,4.769,40,1240,13,2.0,0.845,5.455,0.52,15.385,0.071,0.061,0.7,0.152
dhfr,GlideSP/LeDock,5.0,NEF,,3.0,9.677,3.0,40,1240,62,6.0,0.763,3.214,0.552,15.0,0.084,0.082,0.7,0.152
egfr,GlideSP/LeDock,0.5,NEF,,22.143,71.429,22.143,40,1240,7,5.0,0.987,75.0,0.562,71.429,0.291,0.205,0.727,0.404
egfr,GlideSP/LeDock,1.0,NEF,,14.308,46.154,14.308,40,1240,13,6.0,0.963,25.714,0.572,46.154,0.25,0.214,0.727,0.404
egfr,GlideSP/LeDock,5.0,NEF,,5.5,17.742,5.5,40,1240,62,11.0,0.866,6.471,0.616,27.5,0.188,0.184,0.727,0.404
ephb4,GlideSP/LeDock,0.5,NEF,,13.286,42.857,13.286,40,1240,7,3.0,0.957,22.5,0.536,42.857,0.169,0.119,0.886,0.439
ephb4,GlideSP/LeDock,1.0,NEF,,14.308,46.154,14.308,40,1240,13,6.0,0.963,25.714,0.572,46.154,0.25,0.214,0.886,0.439
ephb4,GlideSP/LeDock,5.0,NEF,,10.5,33.871,10.5,40,1240,62,21.0,0.939,15.366,0.745,52.5,0.398,0.388,0.886,0.439
erbb2,GlideSP/LeDock,0.5,NEF,,13.286,42.857,13.286,40,1240,7,3.0,0.957,22.5,0.536,42.857,0.169,0.119,0.857,0.447
erbb2,GlideSP/LeDock,1.0,NEF,,9.538,30.769,9.538,40,1240,13,4.0,0.93,13.333,0.546,30.769,0.16,0.137,0.857,0.447
erbb2,GlideSP/LeDock,5.0,NEF,,9.0,29.032,9.0,40,1240,62,18.0,0.925,12.273,0.707,45.0,0.335,0.327,0.857,0.447
er-beta,GlideSP/LeDock,0.5,NEF,,0.0,0.0,0.0,40,1240,7,0.0,0.0,0.0,0.497,0.0,-0.014,-0.01,0.631,0.099
er-beta,GlideSP/LeDock,1.0,NEF,,0.0,0.0,0.0,40,1240,13,0.0,0.0,0.0,0.495,0.0,-0.019,-0.016,0.631,0.099
er-beta,GlideSP/LeDock,5.0,NEF,,3.0,9.677,3.0,40,1240,62,6.0,0.763,3.214,0.552,15.0,0.084,0.082,0.631,0.099
fgfr1,GlideSP/LeDock,0.5,NEF,,13.286,42.857,13.286,40,1240,7,3.0,0.957,22.5,0.536,42.857,0.169,0.119,0.796,0.359
fgfr1,GlideSP/LeDock,1.0,NEF,,14.308,46.154,14.308,40,1240,13,6.0,0.963,25.714,0.572,46.154,0.25,0.214,0.796,0.359
fgfr1,GlideSP/LeDock,5.0,NEF,,5.5,17.742,5.5,40,1240,62,11.0,0.866,6.471,0.616,27.5,0.188,0.184,0.796,0.359
fkbp1a,GlideSP/LeDock,0.5,NEF,,0.0,0.0,0.0,40,1240,7,0.0,0.0,0.0,0.497,0.0,-0.014,-0.01,0.262,0.0
fkbp1a,GlideSP/LeDock,1.0,NEF,,0.0,0.0,0.0,40,1240,13,0.0,0.0,0.0,0.495,0.0,-0.019,-0.016,0.262,0.0
fkbp1a,GlideSP/LeDock,5.0,NEF,,0.0,0.0,0.0,40,1240,62,0.0,0.0,0.0,0.474,0.0,-0.042,-0.041,0.262,0.0
fxa,GlideSP/LeDock,0.5,NEF,,13.286,42.857,13.286,40,1240,7,3.0,0.957,22.5,0.536,42.857,0.169,0.119,0.863,0.352
fxa,GlideSP/LeDock,1.0,NEF,,14.308,46.154,14.308,40,1240,13,6.0,0.963,25.714,0.572,46.154,0.25,0.214,0.863,0.352
fxa,GlideSP/LeDock,5.0,NEF,,8.5,27.419,8.5,40,1240,62,17.0,0.919,11.333,0.694,42.5,0.314,0.306,0.863,0.352
gba,GlideSP/LeDock,0.5,NEF,,0.0,0.0,0.0,40,1240,7,0.0,0.0,0.0,0.497,0.0,-0.014,-0.01,0.616,0.022
gba,GlideSP/LeDock,1.0,NEF,,0.0,0.0,0.0,40,1240,13,0.0,0.0,0.0,0.495,0.0,-0.019,-0.016,0.616,0.022
gba,GlideSP/LeDock,5.0,NEF,,1.5,4.839,1.5,40,1240,62,3.0,0.604,1.525,0.513,7.5,0.021,0.02,0.616,0.022
gr,GlideSP/LeDock,0.5,NEF,,0.0,0.0,0.0,40,1240,7,0.0,0.0,0.0,0.497,0.0,-0.014,-0.01,0.542,0.001
gr,GlideSP/LeDock,1.0,NEF,,0.0,0.0,0.0,40,1240,13,0.0,0.0,0.0,0.495,0.0,-0.019,-0.016,0.542,0.001
gr,GlideSP/LeDock,5.0,NEF,,0.0,0.0,0.0,40,1240,62,0.0,0.0,0.0,0.474,0.0,-0.042,-0.041,0.542,0.001
gsk3b,GlideSP/LeDock,0.5,NEF,,8.857,28.571,8.857,40,1240,7,2.0,0.923,12.0,0.523,28.571,0.108,0.076,0.758,0.296
gsk3b,GlideSP/LeDock,1.0,NEF,,9.538,30.769,9.538,40,1240,13,4.0,0.93,13.333,0.546,30.769,0.16,0.137,0.758,0.296
gsk3b,GlideSP/LeDock,5.0,NEF,,5.5,17.742,5.5,40,1240,62,11.0,0.866,6.471,0.616,27.5,0.188,0.184,0.758,0.296
hdac2,GlideSP/LeDock,0.5,NEF,,4.429,14.286,4.429,40,1240,7,1.0,0.833,5.0,0.51,14.286,0.047,0.033,0.731,0.115
hdac2,GlideSP/LeDock,1.0,NEF,,2.385,7.692,2.385,40,1240,13,1.0,0.714,2.5,0.508,7.692,0.026,0.022,0.731,0.115
hdac2,GlideSP/LeDock,5.0,NEF,,5.0,16.129,5.0,40,1240,62,10.0,0.852,5.769,0.603,25.0,0.168,0.163,0.731,0.115
hdac8,GlideSP/LeDock,0.5,NEF,,0.0,0.0,0.0,40,1240,7,0.0,0.0,0.0,0.497,0.0,-0.014,-0.01,0.547,0.0
hdac8,GlideSP/LeDock,1.0,NEF,,0.0,0.0,0.0,40,1240,13,0.0,0.0,0.0,0.495,0.0,-0.019,-0.016,0.547,0.0
hdac8,GlideSP/LeDock,5.0,NEF,,0.0,0.0,0.0,40,1240,62,0.0,0.0,0.0,0.474,0.0,-0.042,-0.041,0.547,0.0
hiv1pr,GlideSP/LeDock,0.5,NEF,,17.714,57.143,17.714,40,1240,7,4.0,0.976,40.0,0.549,57.143,0.23,0.162,0.629,0.284
hiv1pr,GlideSP/LeDock,1.0,NEF,,9.538,30.769,9.538,40,1240,13,4.0,0.93,13.333,0.546,30.769,0.16,0.137,0.629,0.284
hiv1pr,GlideSP/LeDock,5.0,NEF,,4.5,14.516,4.5,40,1240,62,9.0,0.836,5.094,0.59,22.5,0.147,0.143,0.629,0.284
hiv1rt,GlideSP/LeDock,0.5,NEF,,0.0,0.0,0.0,40,1240,7,0.0,0.0,0.0,0.497,0.0,-0.014,-0.01,0.624,0.029
hiv1rt,GlideSP/LeDock,1.0,NEF,,0.0,0.0,0.0,40,1240,13,0.0,0.0,0.0,0.495,0.0,-0.019,-0.016,0.624,0.029
hiv1rt,GlideSP/LeDock,5.0,NEF,,1.0,3.226,1.0,40,1240,62,2.0,0.5,1.0,0.5,5.0,0.0,0.0,0.624,0.029
hmgr,GlideSP/LeDock,0.5,NEF,,0.0,0.0,0.0,40,1240,7,0.0,0.0,0.0,0.497,0.0,-0.014,-0.01,0.682,0.012
hmgr,GlideSP/LeDock,1.0,NEF,,0.0,0.0,0.0,40,1240,13,0.0,0.0,0.0,0.495,0.0,-0.019,-0.016,0.682,0.012
hmgr,GlideSP/LeDock,5.0,NEF,,1.5,4.839,1.5,40,1240,62,3.0,0.604,1.525,0.513,7.5,0.021,0.02,0.682,0.012
hsp90,GlideSP/LeDock,0.5,NEF,,8.857,28.571,8.857,40,1240,7,2.0,0.923,12.0,0.523,28.571,0.108,0.076,0.684,0.289
hsp90,GlideSP/LeDock,1.0,NEF,,9.538,30.769,9.538,40,1240,13,4.0,0.93,13.333,0.546,30.769,0.16,0.137,0.684,0.289
hsp90,GlideSP/LeDock,5.0,NEF,,4.0,12.903,4.0,40,1240,62,8.0,0.816,4.444,0.578,20.0,0.126,0.122,0.684,0.289
igf1r,GlideSP/LeDock,0.5,NEF,,8.857,28.571,8.857,40,1240,7,2.0,0.923,12.0,0.523,28.571,0.108,0.076,0.711,0.287
igf1r,GlideSP/LeDock,1.0,NEF,,9.538,30.769,9.538,40,1240,13,4.0,0.93,13.333,0.546,30.769,0.16,0.137,0.711,0.287
igf1r,GlideSP/LeDock,5.0,NEF,,5.0,16.129,5.0,40,1240,62,10.0,0.852,5.769,0.603,25.0,0.168,0.163,0.711,0.287
inha,GlideSP/LeDock,0.5,NEF,,4.429,14.286,4.429,40,1240,7,1.0,0.833,5.0,0.51,14.286,0.047,0.033,0.419,0.085
inha,GlideSP/LeDock,1.0,NEF,,4.769,15.385,4.769,40,1240,13,2.0,0.845,5.455,0.52,15.385,0.071,0.061,0.419,0.085
inha,GlideSP/LeDock,5.0,NEF,,1.0,3.226,1.0,40,1240,62,2.0,0.5,1.0,0.5,5.0,0.0,0.0,0.419,0.085
itk,GlideSP/LeDock,0.5,NEF,,4.429,14.286,4.429,40,1240,7,1.0,0.833,5.0,0.51,14.286,0.047,0.033,0.78,0.239
itk,GlideSP/LeDock,1.0,NEF,,7.154,23.077,7.154,40,1240,13,3.0,0.9,9.0,0.533,23.077,0.116,0.099,0.78,0.239
itk,GlideSP/LeDock,5.0,NEF,,4.0,12.903,4.0,40,1240,62,8.0,0.816,4.444,0.578,20.0,0.126,0.122,0.78,0.239
jak3,GlideSP/LeDock,0.5,NEF,,0.0,0.0,0.0,40,1240,7,0.0,0.0,0.0,0.497,0.0,-0.014,-0.01,0.697,0.094
jak3,GlideSP/LeDock,1.0,NEF,,2.385,7.692,2.385,40,1240,13,1.0,0.714,2.5,0.508,7.692,0.026,0.022,0.697,0.094
jak3,GlideSP/LeDock,5.0,NEF,,2.5,8.065,2.5,40,1240,62,5.0,0.725,2.632,0.539,12.5,0.063,0.061,0.697,0.094
jnk1,GlideSP/LeDock,0.5,NEF,,4.429,14.286,4.429,40,1240,7,1.0,0.833,5.0,0.51,14.286,0.047,0.033,0.703,0.145
jnk1,GlideSP/LeDock,1.0,NEF,,4.769,15.385,4.769,40,1240,13,2.0,0.845,5.455,0.52,15.385,0.071,0.061,0.703,0.145
jnk1,GlideSP/LeDock,5.0,NEF,,3.5,11.29,3.5,40,1240,62,7.0,0.792,3.818,0.565,17.5,0.105,0.102,0.703,0.145
jnk2,GlideSP/LeDock,0.5,NEF,,17.714,57.143,17.714,40,1240,7,4.0,0.976,40.0,0.549,57.143,0.23,0.162,0.635,0.364
jnk2,GlideSP/LeDock,1.0,NEF,,11.923,38.462,11.923,40,1240,13,5.0,0.949,18.75,0.559,38.462,0.205,0.176,0.635,0.364
jnk2,GlideSP/LeDock,5.0,NEF,,3.5,11.29,3.5,40,1240,62,7.0,0.792,3.818,0.565,17.5,0.105,0.102,0.635,0.364
jnk3,GlideSP/LeDock,0.5,NEF,,17.714,57.143,17.714,40,1240,7,4.0,0.976,40.0,0.549,57.143,0.23,0.162,0.779,0.475
jnk3,GlideSP/LeDock,1.0,NEF,,19.077,61.538,19.077,40,1240,13,8.0,0.98,48.0,0.598,61.538,0.34,0.291,0.779,0.475
jnk3,GlideSP/LeDock,5.0,NEF,,6.5,20.968,6.5,40,1240,62,13.0,0.888,7.959,0.642,32.5,0.23,0.224,0.779,0.475
kif11,GlideSP/LeDock,0.5,NEF,,0.0,0.0,0.0,40,1240,7,0.0,0.0,0.0,0.497,0.0,-0.014,-0.01,0.64,0.005
kif11,GlideSP/LeDock,1.0,NEF,,0.0,0.0,0.0,40,1240,13,0.0,0.0,0.0,0.495,0.0,-0.019,-0.016,0.64,0.005
kif11,GlideSP/LeDock,5.0,NEF,,1.0,3.226,1.0,40,1240,62,2.0,0.5,1.0,0.5,5.0,0.0,0.0,0.64,0.005
lck,GlideSP/LeDock,0.5,NEF,,0.0,0.0,0.0,40,1240,7,0.0,0.0,0.0,0.497,0.0,-0.014,-0.01,0.675,0.092
lck,GlideSP/LeDock,1.0,NEF,,2.385,7.692,2.385,40,1240,13,1.0,0.714,2.5,0.508,7.692,0.026,0.022,0.675,0.092
lck,GlideSP/LeDock,5.0,NEF,,3.5,11.29,3.5,40,1240,62,7.0,0.792,3.818,0.565,17.5,0.105,0.102,0.675,0.092
mdm2,GlideSP/LeDock,0.5,NEF,,0.0,0.0,0.0,40,1240,7,0.0,0.0,0.0,0.497,0.0,-0.014,-0.01,0.609,0.072
mdm2,GlideSP/LeDock,1.0,NEF,,0.0,0.0,0.0,40,1240,13,0.0,0.0,0.0,0.495,0.0,-0.019,-0.016,0.609,0.072
mdm2,GlideSP/LeDock,5.0,NEF,,3.0,9.677,3.0,40,1240,62,6.0,0.763,3.214,0.552,15.0,0.084,0.082,0.609,0.072
mk2,GlideSP/LeDock,0.5,NEF,,17.714,57.143,17.714,40,1240,7,4.0,0.976,40.0,0.549,57.143,0.23,0.162,0.807,0.375
mk2,GlideSP/LeDock,1.0,NEF,,11.923,38.462,11.923,40,1240,13,5.0,0.949,18.75,0.559,38.462,0.205,0.176,0.807,0.375
mk2,GlideSP/LeDock,5.0,NEF,,5.0,16.129,5.0,40,1240,62,10.0,0.852,5.769,0.603,25.0,0.168,0.163,0.807,0.375
mmp2,GlideSP/LeDock,0.5,NEF,,0.0,0.0,0.0,40,1240,7,0.0,0.0,0.0,0.497,0.0,-0.014,-0.01,0.319,0.0
mmp2,GlideSP/LeDock,1.0,NEF,,0.0,0.0,0.0,40,1240,13,0.0,0.0,0.0,0.495,0.0,-0.019,-0.016,0.319,0.0
mmp2,GlideSP/LeDock,5.0,NEF,,0.0,0.0,0.0,40,1240,62,0.0,0.0,0.0,0.474,0.0,-0.042,-0.041,0.319,0.0
na,GlideSP/LeDock,0.5,NEF,,0.0,0.0,0.0,40,1240,7,0.0,0.0,0.0,0.497,0.0,-0.014,-0.01,0.501,0.005
na,GlideSP/LeDock,1.0,NEF,,0.0,0.0,0.0,40,1240,13,0.0,0.0,0.0,0.495,0.0,-0.019,-0.016,0.501,0.005
na,GlideSP/LeDock,5.0,NEF,,0.5,1.613,0.5,40,1240,62,1.0,0.33,0.492,0.487,2.5,-0.021,-0.02,0.501,0.005
p38-alpha,GlideSP/LeDock,0.5,NEF,,8.857,28.571,8.857,40,1240,7,2.0,0.923,12.0,0.523,28.571,0.108,0.076,0.707,0.142
p38-alpha,GlideSP/LeDock,1.0,NEF,,4.769,15.385,4.769,40,1240,13,2.0,0.845,5.455,0.52,15.385,0.071,0.061,0.707,0.142
p38-alpha,GlideSP/LeDock,5.0,NEF,,2.5,8.065,2.5,40,1240,62,5.0,0.725,2.632,0.539,12.5,0.063,0.061,0.707,0.142
parp-1,GlideSP/LeDock,0.5,NEF,,8.857,28.571,8.857,40,1240,7,2.0,0.923,12.0,0.523,28.571,0.108,0.076,0.71,0.216
parp-1,GlideSP/LeDock,1.0,NEF,,7.154,23.077,7.154,40,1240,13,3.0,0.9,9.0,0.533,23.077,0.116,0.099,0.71,0.216
parp-1,GlideSP/LeDock,5.0,NEF,,3.5,11.29,3.5,40,1240,62,7.0,0.792,3.818,0.565,17.5,0.105,0.102,0.71,0.216
pde4b,GlideSP/LeDock,0.5,NEF,,0.0,0.0,0.0,40,1240,7,0.0,0.0,0.0,0.497,0.0,-0.014,-0.01,0.585,0.152
pde4b,GlideSP/LeDock,1.0,NEF,,2.385,7.692,2.385,40,1240,13,1.0,0.714,2.5,0.508,7.692,0.026,0.022,0.585,0.152
pde4b,GlideSP/LeDock,5.0,NEF,,4.5,14.516,4.5,40,1240,62,9.0,0.836,5.094,0.59,22.5,0.147,0.143,0.585,0.152
pde5,GlideSP/LeDock,0.5,NEF,,4.429,14.286,4.429,40,1240,7,1.0,0.833,5.0,0.51,14.286,0.047,0.033,0.668,0.121
pde5,GlideSP/LeDock,1.0,NEF,,4.769,15.385,4.769,40,1240,13,2.0,0.845,5.455,0.52,15.385,0.071,0.061,0.668,0.121
pde5,GlideSP/LeDock,5.0,NEF,,3.5,11.29,3.5,40,1240,62,7.0,0.792,3.818,0.565,17.5,0.105,0.102,0.668,0.121
pdk1,GlideSP/LeDock,0.5,NEF,,17.714,57.143,17.714,40,1240,7,4.0,0.976,40.0,0.549,57.143,0.23,0.162,0.746,0.395
pdk1,GlideSP/LeDock,1.0,NEF,,11.923,38.462,11.923,40,1240,13,5.0,0.949,18.75,0.559,38.462,0.205,0.176,0.746,0.395
pdk1,GlideSP/LeDock,5.0,NEF,,6.5,20.968,6.5,40,1240,62,13.0,0.888,7.959,0.642,32.5,0.23,0.224,0.746,0.395
pi3kg,GlideSP/LeDock,0.5,NEF,,4.429,14.286,4.429,40,1240,7,1.0,0.833,5.0,0.51,14.286,0.047,0.033,0.773,0.212
pi3kg,GlideSP/LeDock,1.0,NEF,,9.538,30.769,9.538,40,1240,13,4.0,0.93,13.333,0.546,30.769,0.16,0.137,0.773,0.212
pi3kg,GlideSP/LeDock,5.0,NEF,,5.0,16.129,5.0,40,1240,62,10.0,0.852,5.769,0.603,25.0,0.168,0.163,0.773,0.212
pim-1,GlideSP/LeDock,0.5,NEF,,17.714,57.143,17.714,40,1240,7,4.0,0.976,40.0,0.549,57.143,0.23,0.162,0.653,0.351
pim-1,GlideSP/LeDock,1.0,NEF,,11.923,38.462,11.923,40,1240,13,5.0,0.949,18.75,0.559,38.462,0.205,0.176,0.653,0.351
pim-1,GlideSP/LeDock,5.0,NEF,,5.0,16.129,5.0,40,1240,62,10.0,0.852,5.769,0.603,25.0,0.168,0.163,0.653,0.351
pim-2,GlideSP/LeDock,0.5,NEF,,17.714,57.143,17.714,40,1240,7,4.0,0.976,40.0,0.549,57.143,0.23,0.162,0.669,0.325
pim-2,GlideSP/LeDock,1.0,NEF,,11.923,38.462,11.923,40,1240,13,5.0,0.949,18.75,0.559,38.462,0.205,0.176,0.669,0.325
pim-2,GlideSP/LeDock,5.0,NEF,,5.0,16.129,5.0,40,1240,62,10.0,0.852,5.769,0.603,25.0,0.168,0.163,0.669,0.325
pnp,GlideSP/LeDock,0.5,NEF,,22.143,71.429,22.143,40,1240,7,5.0,0.987,75.0,0.562,71.429,0.291,0.205,0.899,0.548
pnp,GlideSP/LeDock,1.0,NEF,,16.692,53.846,16.692,40,1240,13,7.0,0.972,35.0,0.585,53.846,0.295,0.252,0.899,0.548
pnp,GlideSP/LeDock,5.0,NEF,,7.5,24.194,7.5,40,1240,62,15.0,0.905,9.574,0.668,37.5,0.272,0.265,0.899,0.548
ppara,GlideSP/LeDock,0.5,NEF,,0.0,0.0,0.0,40,1240,7,0.0,0.0,0.0,0.497,0.0,-0.014,-0.01,0.515,0.0
ppara,GlideSP/LeDock,1.0,NEF,,0.0,0.0,0.0,40,1240,13,0.0,0.0,0.0,0.495,0.0,-0.019,-0.016,0.515,0.0
ppara,GlideSP/LeDock,5.0,NEF,,0.0,0.0,0.0,40,1240,62,0.0,0.0,0.0,0.474,0.0,-0.042,-0.041,0.515,0.0
pparg,GlideSP/LeDock,0.5,NEF,,0.0,0.0,0.0,40,1240,7,0.0,0.0,0.0,0.497,0.0,-0.014,-0.01,0.572,0.009
pparg,GlideSP/LeDock,1.0,NEF,,0.0,0.0,0.0,40,1240,13,0.0,0.0,0.0,0.495,0.0,-0.019,-0.016,0.572,0.009
pparg,GlideSP/LeDock,5.0,NEF,,1.0,3.226,1.0,40,1240,62,2.0,0.5,1.0,0.5,5.0,0.0,0.0,0.572,0.009
pr,GlideSP/LeDock,0.5,NEF,,8.857,28.571,8.857,40,1240,7,2.0,0.923,12.0,0.523,28.571,0.108,0.076,0.659,0.147
pr,GlideSP/LeDock,1.0,NEF,,4.769,15.385,4.769,40,1240,13,2.0,0.845,5.455,0.52,15.385,0.071,0.061,0.659,0.147
pr,GlideSP/LeDock,5.0,NEF,,2.5,8.065,2.5,40,1240,62,5.0,0.725,2.632,0.539,12.5,0.063,0.061,0.659,0.147
prkcq,GlideSP/LeDock,0.5,NEF,,13.286,42.857,13.286,40,1240,7,3.0,0.957,22.5,0.536,42.857,0.169,0.119,0.798,0.672
prkcq,GlideSP/LeDock,1.0,NEF,,21.462,69.231,21.462,40,1240,13,9.0,0.985,67.5,0.611,69.231,0.385,0.329,0.798,0.672
prkcq,GlideSP/LeDock,5.0,NEF,,11.5,37.097,11.5,40,1240,62,23.0,0.947,17.692,0.771,57.5,0.44,0.429,0.798,0.672
pygl-in,GlideSP/LeDock,0.5,NEF,,13.286,42.857,13.286,40,1240,7,3.0,0.957,22.5,0.536,42.857,0.169,0.119,0.856,0.315
pygl-in,GlideSP/LeDock,1.0,NEF,,9.538,30.769,9.538,40,1240,13,4.0,0.93,13.333,0.546,30.769,0.16,0.137,0.856,0.315
pygl-in,GlideSP/LeDock,5.0,NEF,,7.0,22.581,7.0,40,1240,62,14.0,0.897,8.75,0.655,35.0,0.251,0.245,0.856,0.315
pygl-out,GlideSP/LeDock,0.5,NEF,,0.0,0.0,0.0,40,1240,7,0.0,0.0,0.0,0.497,0.0,-0.014,-0.01,0.246,0.0
pygl-out,GlideSP/LeDock,1.0,NEF,,0.0,0.0,0.0,40,1240,13,0.0,0.0,0.0,0.495,0.0,-0.019,-0.016,0.246,0.0
pygl-out,GlideSP/LeDock,5.0,NEF,,0.0,0.0,0.0,40,1240,62,0.0,0.0,0.0,0.474,0.0,-0.042,-0.041,0.246,0.0
qpct,GlideSP/LeDock,0.5,NEF,,0.0,0.0,0.0,40,1240,7,0.0,0.0,0.0,0.497,0.0,-0.014,-0.01,0.767,0.011
qpct,GlideSP/LeDock,1.0,NEF,,0.0,0.0,0.0,40,1240,13,0.0,0.0,0.0,0.495,0.0,-0.019,-0.016,0.767,0.011
qpct,GlideSP/LeDock,5.0,NEF,,1.5,4.839,1.5,40,1240,62,3.0,0.604,1.525,0.513,7.5,0.021,0.02,0.767,0.011
rock-1,GlideSP/LeDock,0.5,NEF,,8.857,28.571,8.857,40,1240,7,2.0,0.923,12.0,0.523,28.571,0.108,0.076,0.701,0.18
rock-1,GlideSP/LeDock,1.0,NEF,,4.769,15.385,4.769,40,1240,13,2.0,0.845,5.455,0.52,15.385,0.071,0.061,0.701,0.18
rock-1,GlideSP/LeDock,5.0,NEF,,3.0,9.677,3.0,40,1240,62,6.0,0.763,3.214,0.552,15.0,0.084,0.082,0.701,0.18
rxr,GlideSP/LeDock,0.5,NEF,,0.0,0.0,0.0,40,1240,7,0.0,0.0,0.0,0.497,0.0,-0.014,-0.01,0.556,0.032
rxr,GlideSP/LeDock,1.0,NEF,,0.0,0.0,0.0,40,1240,13,0.0,0.0,0.0,0.495,0.0,-0.019,-0.016,0.556,0.032
rxr,GlideSP/LeDock,5.0,NEF,,2.0,6.452,2.0,40,1240,62,4.0,0.674,2.069,0.526,10.0,0.042,0.041,0.556,0.032
sars-hcov,GlideSP/LeDock,0.5,NEF,,0.0,0.0,0.0,39,1209,7,0.0,0.0,0.0,0.497,0.0,-0.014,-0.01,0.627,0.127
sars-hcov,GlideSP/LeDock,1.0,NEF,,2.385,7.692,2.385,39,1209,13,1.0,0.714,2.5,0.508,7.692,0.026,0.023,0.627,0.127
sars-hcov,GlideSP/LeDock,5.0,NEF,,4.574,14.754,4.574,39,1209,61,9.0,0.839,5.192,0.593,23.077,0.15,0.146,0.627,0.127
sirt2,GlideSP/LeDock,0.5,NEF,,0.0,0.0,0.0,40,1240,7,0.0,0.0,0.0,0.497,0.0,-0.014,-0.01,0.598,0.03
sirt2,GlideSP/LeDock,1.0,NEF,,0.0,0.0,0.0,40,1240,13,0.0,0.0,0.0,0.495,0.0,-0.019,-0.016,0.598,0.03
sirt2,GlideSP/LeDock,5.0,NEF,,2.0,6.452,2.0,40,1240,62,4.0,0.674,2.069,0.526,10.0,0.042,0.041,0.598,0.03
src,GlideSP/LeDock,0.5,NEF,,8.857,28.571,8.857,40,1240,7,2.0,0.923,12.0,0.523,28.571,0.108,0.076,0.7,0.195
src,GlideSP/LeDock,1.0,NEF,,7.154,23.077,7.154,40,1240,13,3.0,0.9,9.0,0.533,23.077,0.116,0.099,0.7,0.195
src,GlideSP/LeDock,5.0,NEF,,3.5,11.29,3.5,40,1240,62,7.0,0.792,3.818,0.565,17.5,0.105,0.102,0.7,0.195
thrombin,GlideSP/LeDock,0.5,NEF,,0.0,0.0,0.0,40,1240,7,0.0,0.0,0.0,0.497,0.0,-0.014,-0.01,0.726,0.089
thrombin,GlideSP/LeDock,1.0,NEF,,0.0,0.0,0.0,40,1240,13,0.0,0.0,0.0,0.495,0.0,-0.019,-0.016,0.726,0.089
thrombin,GlideSP/LeDock,5.0,NEF,,3.5,11.29,3.5,40,1240,62,7.0,0.792,3.818,0.565,17.5,0.105,0.102,0.726,0.089
tie2,GlideSP/LeDock,0.5,NEF,,17.714,57.143,17.714,40,1240,7,4.0,0.976,40.0,0.549,57.143,0.23,0.162,0.745,0.394
tie2,GlideSP/LeDock,1.0,NEF,,16.692,53.846,16.692,40,1240,13,7.0,0.972,35.0,0.585,53.846,0.295,0.252,0.745,0.394
tie2,GlideSP/LeDock,5.0,NEF,,6.0,19.355,6.0,40,1240,62,12.0,0.878,7.2,0.629,30.0,0.209,0.204,0.745,0.394
tk,GlideSP/LeDock,0.5,NEF,,4.429,14.286,4.429,40,1240,7,1.0,0.833,5.0,0.51,14.286,0.047,0.033,0.619,0.111
tk,GlideSP/LeDock,1.0,NEF,,2.385,7.692,2.385,40,1240,13,1.0,0.714,2.5,0.508,7.692,0.026,0.022,0.619,0.111
tk,GlideSP/LeDock,5.0,NEF,,2.0,6.452,2.0,40,1240,62,4.0,0.674,2.069,0.526,10.0,0.042,0.041,0.619,0.111
tp,GlideSP/LeDock,0.5,NEF,,4.429,14.286,4.429,40,1240,7,1.0,0.833,5.0,0.51,14.286,0.047,0.033,0.585,0.172
tp,GlideSP/LeDock,1.0,NEF,,7.154,23.077,7.154,40,1240,13,3.0,0.9,9.0,0.533,23.077,0.116,0.099,0.585,0.172
tp,GlideSP/LeDock,5.0,NEF,,2.0,6.452,2.0,40,1240,62,4.0,0.674,2.069,0.526,10.0,0.042,0.041,0.585,0.172
tpa,GlideSP/LeDock,0.5,NEF,,8.648,27.897,8.648,40,1240,7,1.953,0.921,11.607,0.522,27.897,0.105,0.074,0.824,0.255
tpa,GlideSP/LeDock,1.0,NEF,,9.313,30.043,9.313,40,1240,13,3.906,0.928,12.883,0.545,30.043,0.156,0.134,0.824,0.255
tpa,GlideSP/LeDock,5.0,NEF,,3.363,10.849,3.363,40,1240,62,6.726,0.785,3.651,0.561,16.816,0.099,0.096,0.824,0.255
ts,GlideSP/LeDock,0.5,NEF,,0.0,0.0,0.0,40,1239,7,0.0,0.0,0.0,0.497,0.0,-0.014,-0.01,0.649,0.001
ts,GlideSP/LeDock,1.0,NEF,,0.0,0.0,0.0,40,1239,13,0.0,0.0,0.0,0.495,0.0,-0.019,-0.016,0.649,0.001
ts,GlideSP/LeDock,5.0,NEF,,0.0,0.0,0.0,40,1239,62,0.0,0.0,0.0,0.474,0.0,-0.042,-0.041,0.649,0.001
upa,GlideSP/LeDock,0.5,NEF,,17.714,57.143,17.714,40,1240,7,4.0,0.976,40.0,0.549,57.143,0.23,0.162,0.747,0.371
upa,GlideSP/LeDock,1.0,NEF,,11.923,38.462,11.923,40,1240,13,5.0,0.949,18.75,0.559,38.462,0.205,0.176,0.747,0.371
upa,GlideSP/LeDock,5.0,NEF,,5.5,17.742,5.5,40,1240,62,11.0,0.866,6.471,0.616,27.5,0.188,0.184,0.747,0.371
vegfr1,GlideSP/LeDock,0.5,NEF,,8.857,28.571,8.857,40,1240,7,2.0,0.923,12.0,0.523,28.571,0.108,0.076,0.782,0.297
vegfr1,GlideSP/LeDock,1.0,NEF,,7.154,23.077,7.154,40,1240,13,3.0,0.9,9.0,0.533,23.077,0.116,0.099,0.782,0.297
vegfr1,GlideSP/LeDock,5.0,NEF,,7.0,22.581,7.0,40,1240,62,14.0,0.897,8.75,0.655,35.0,0.251,0.245,0.782,0.297
vegfr2,GlideSP/LeDock,0.5,NEF,,8.857,28.571,8.857,40,1240,7,2.0,0.923,12.0,0.523,28.571,0.108,0.076,0.778,0.248
vegfr2,GlideSP/LeDock,1.0,NEF,,4.769,15.385,4.769,40,1240,13,2.0,0.845,5.455,0.52,15.385,0.071,0.061,0.778,0.248
vegfr2,GlideSP/LeDock,5.0,NEF,,5.5,17.742,5.5,40,1240,62,11.0,0.866,6.471,0.616,27.5,0.188,0.184,0.778,0.248
11betahsd1,IGN(avg),0.5,NEF,,28.5,91.935,28.5,40,1240,7,6.435,0.997,342.0,0.58,91.935,0.378,0.267,0.974,0.966
11betahsd1,IGN(avg),1.0,NEF,,29.34,94.645,29.34,40,1240,13,12.304,0.998,530.241,0.654,94.645,0.533,0.456,0.974,0.966
11betahsd1,IGN(avg),5.0,NEF,,15.52,50.065,15.52,40,1240,62,31.04,0.968,30.078,0.875,77.6,0.608,0.593,0.974,0.966
17betahsd1,IGN(avg),0.5,NEF,,16.07,51.839,16.07,40,1240,7,3.629,0.97,32.291,0.544,51.839,0.207,0.146,0.899,0.48
17betahsd1,IGN(avg),1.0,NEF,,15.73,50.742,15.73,40,1240,13,6.596,0.969,30.904,0.58,50.742,0.277,0.237,0.899,0.48
17betahsd1,IGN(avg),5.0,NEF,,9.24,29.806,9.24,40,1240,62,18.48,0.927,12.739,0.713,46.2,0.345,0.336,0.899,0.48
a2a,IGN(avg),0.5,NEF,,29.24,94.323,29.24,40,1240,7,6.603,0.998,498.409,0.582,94.323,0.388,0.274,0.981,0.971
a2a,IGN(avg),1.0,NEF,,29.13,93.968,29.13,40,1240,13,12.216,0.998,467.326,0.652,93.968,0.529,0.452,0.981,0.971
a2a,IGN(avg),5.0,NEF,,17.17,55.387,17.17,40,1240,62,34.34,0.974,37.245,0.918,85.85,0.677,0.66,0.981,0.971
ace,IGN(avg),0.5,NEF,,30.88,99.613,30.88,40,1240,7,6.973,1.0,7720.0,0.587,99.613,0.411,0.29,0.998,1.05
ace,IGN(avg),1.0,NEF,,30.88,99.613,30.88,40,1240,13,12.95,1.0,7720.0,0.662,99.613,0.562,0.48,0.998,1.05
ace,IGN(avg),5.0,NEF,,19.42,62.645,19.42,40,1240,62,38.84,0.981,50.311,0.976,97.1,0.772,0.752,0.998,1.05
ace2,IGN(avg),0.5,NEF,,30.98,99.935,30.98,40,1240,7,6.995,1.0,46470.0,0.587,99.935,0.412,0.291,0.999,1.053
ace2,IGN(avg),1.0,NEF,,30.98,99.935,30.98,40,1240,13,12.992,1.0,46470.0,0.662,99.935,0.563,0.482,0.999,1.053
ace2,IGN(avg),5.0,NEF,,19.98,64.452,19.98,40,1240,62,39.96,0.982,54.392,0.99,99.9,0.795,0.775,0.999,1.053
ache,IGN(avg),0.5,NEF,,30.53,98.484,30.53,40,1240,7,6.894,0.999,1948.723,0.586,98.484,0.406,0.287,0.969,0.914
ache,IGN(avg),1.0,NEF,,28.96,93.419,28.96,40,1240,13,12.145,0.998,425.882,0.651,93.419,0.525,0.45,0.969,0.914
ache,IGN(avg),5.0,NEF,,14.44,46.581,14.44,40,1240,62,28.88,0.963,26.159,0.847,72.2,0.563,0.549,0.969,0.914
adam17,IGN(avg),0.5,NEF,,30.75,99.194,30.75,40,1240,7,6.944,1.0,3690.0,0.587,99.194,0.409,0.289,1.0,1.063
adam17,IGN(avg),1.0,NEF,,30.75,99.194,30.75,40,1240,13,12.895,1.0,3690.0,0.661,99.194,0.559,0.478,1.0,1.063
adam17,IGN(avg),5.0,NEF,,19.84,64.0,19.84,40,1240,62,39.68,0.982,53.333,0.987,99.2,0.789,0.769,1.0,1.063
adrb2,IGN(avg),0.5,NEF,,27.18,87.677,27.18,40,1240,7,6.137,0.995,213.455,0.576,87.677,0.36,0.254,0.995,0.998
adrb2,IGN(avg),1.0,NEF,,26.38,85.097,26.38,40,1240,13,11.063,0.994,171.299,0.637,85.097,0.477,0.408,0.995,0.998
adrb2,IGN(avg),5.0,NEF,,18.85,60.806,18.85,40,1240,62,37.7,0.979,46.543,0.961,94.25,0.748,0.729,0.995,0.998
akt1,IGN(avg),0.5,NEF,,16.84,54.323,16.84,40,1240,7,3.803,0.973,35.678,0.546,54.323,0.218,0.154,0.98,0.626
akt1,IGN(avg),1.0,NEF,,17.68,57.032,17.68,40,1240,13,7.414,0.976,39.82,0.59,57.032,0.313,0.268,0.98,0.626
akt1,IGN(avg),5.0,NEF,,14.82,47.806,14.82,40,1240,62,29.64,0.965,27.478,0.857,74.1,0.579,0.564,0.98,0.626
alr2,IGN(avg),0.5,NEF,,27.73,89.452,27.73,40,1240,7,6.262,0.996,254.404,0.578,89.452,0.368,0.259,0.98,0.871
alr2,IGN(avg),1.0,NEF,,28.29,91.258,28.29,40,1240,13,11.864,0.997,313.173,0.648,91.258,0.513,0.439,0.98,0.871
alr2,IGN(avg),5.0,NEF,,15.82,51.032,15.82,40,1240,62,31.64,0.969,31.265,0.883,79.1,0.621,0.605,0.98,0.871
ar,IGN(avg),0.5,NEF,,22.57,72.806,22.57,40,1240,7,5.096,0.988,80.32,0.563,72.806,0.297,0.209,0.99,1.08
ar,IGN(avg),1.0,NEF,,22.57,72.806,22.57,40,1240,13,9.465,0.988,80.32,0.617,72.806,0.405,0.347,0.99,1.08
ar,IGN(avg),5.0,NEF,,16.46,53.097,16.46,40,1240,62,32.92,0.971,33.961,0.899,82.3,0.648,0.631,0.99,1.08
aurka,IGN(avg),0.5,NEF,,22.16,71.484,22.16,40,1240,7,5.004,0.987,75.204,0.562,71.484,0.291,0.205,0.98,0.827
aurka,IGN(avg),1.0,NEF,,24.66,79.548,24.66,40,1240,13,10.341,0.992,116.688,0.628,79.548,0.445,0.38,0.98,0.827
aurka,IGN(avg),5.0,NEF,,16.78,54.129,16.78,40,1240,62,33.56,0.973,35.401,0.908,83.9,0.661,0.644,0.98,0.827
aurkb,IGN(avg),0.5,NEF,,24.59,79.323,24.59,40,1240,7,5.553,0.991,115.086,0.569,79.323,0.325,0.229,0.985,0.851
aurkb,IGN(avg),1.0,NEF,,25.7,82.903,25.7,40,1240,13,10.777,0.993,145.472,0.634,82.903,0.464,0.397,0.985,0.851
aurkb,IGN(avg),5.0,NEF,,16.93,54.613,16.93,40,1240,62,33.86,0.973,36.098,0.912,84.65,0.667,0.65,0.985,0.851
bcl2,IGN(avg),0.5,NEF,,0.0,0.0,0.0,40,1240,7,0.0,0.0,0.0,0.497,0.0,-0.014,-0.01,0.651,0.012
bcl2,IGN(avg),1.0,NEF,,0.0,0.0,0.0,40,1240,13,0.0,0.0,0.0,0.495,0.0,-0.019,-0.016,0.651,0.012
bcl2,IGN(avg),5.0,NEF,,0.49,1.581,0.49,40,1240,62,0.98,0.325,0.482,0.487,2.45,-0.021,-0.021,0.651,0.012
braf,IGN(avg),0.5,NEF,,25.1,80.968,25.1,40,1240,7,5.668,0.992,127.627,0.57,80.968,0.332,0.234,0.991,0.833
braf,IGN(avg),1.0,NEF,,24.64,79.484,24.64,40,1240,13,10.333,0.991,116.226,0.628,79.484,0.444,0.38,0.991,0.833
braf,IGN(avg),5.0,NEF,,18.13,58.484,18.13,40,1240,62,36.26,0.977,42.261,0.943,90.65,0.717,0.699,0.991,0.833
catl,IGN(avg),0.5,NEF,,4.4,14.194,4.4,40,1240,7,0.994,0.832,4.962,0.51,14.194,0.047,0.033,0.819,0.18
catl,IGN(avg),1.0,NEF,,5.53,17.839,5.53,40,1240,13,2.319,0.867,6.514,0.525,17.839,0.085,0.073,0.819,0.18
catl,IGN(avg),5.0,NEF,,5.14,16.581,5.14,40,1240,62,10.28,0.856,5.963,0.607,25.7,0.173,0.169,0.819,0.18
cdk2,IGN(avg),0.5,NEF,,26.58,85.742,26.58,40,1240,7,6.002,0.994,180.407,0.575,85.742,0.352,0.248,0.983,0.88
cdk2,IGN(avg),1.0,NEF,,24.92,80.387,24.92,40,1240,13,10.45,0.992,122.961,0.63,80.387,0.45,0.385,0.983,0.88
cdk2,IGN(avg),5.0,NEF,,16.28,52.516,16.28,40,1240,62,32.56,0.971,33.179,0.895,81.4,0.64,0.624,0.983,0.88
cox1,IGN(avg),0.5,NEF,,28.72,92.645,28.72,40,1240,7,6.485,0.997,377.895,0.581,92.645,0.381,0.269,0.989,1.022
cox1,IGN(avg),1.0,NEF,,28.72,92.645,28.72,40,1240,13,12.044,0.997,377.895,0.65,92.645,0.521,0.446,0.989,1.022
cox1,IGN(avg),5.0,NEF,,17.26,55.677,17.26,40,1240,62,34.52,0.974,37.686,0.92,86.3,0.681,0.664,0.989,1.022
cox2,IGN(avg),0.5,NEF,,23.11,74.548,23.11,40,1240,7,5.218,0.989,87.871,0.564,74.548,0.304,0.215,1.0,1.096
cox2,IGN(avg),1.0,NEF,,23.11,74.548,23.11,40,1240,13,9.691,0.989,87.871,0.62,74.548,0.416,0.356,1.0,1.096
cox2,IGN(avg),5.0,NEF,,19.53,63.0,19.53,40,1240,62,39.06,0.981,51.081,0.979,97.65,0.776,0.756,1.0,1.096
ctsk,IGN(avg),0.5,NEF,,0.0,0.0,0.0,40,1240,7,0.0,0.0,0.0,0.497,0.0,-0.014,-0.01,0.841,0.092
ctsk,IGN(avg),1.0,NEF,,0.79,2.548,0.79,40,1240,13,0.331,0.44,0.785,0.499,2.548,-0.004,-0.003,0.841,0.092
ctsk,IGN(avg),5.0,NEF,,3.82,12.323,3.82,40,1240,62,7.64,0.808,4.216,0.573,19.1,0.118,0.115,0.841,0.092
cyp2a6,IGN(avg),0.5,NEF,,1.66,5.355,1.66,40,1240,7,0.375,0.629,1.697,0.502,5.355,0.009,0.006,0.685,0.08
cyp2a6,IGN(avg),1.0,NEF,,1.85,5.968,1.85,40,1240,13,0.776,0.656,1.904,0.505,5.968,0.016,0.014,0.685,0.08
cyp2a6,IGN(avg),5.0,NEF,,1.11,3.581,1.11,40,1240,62,2.22,0.527,1.114,0.503,5.55,0.005,0.004,0.685,0.08
dhfr,IGN(avg),0.5,NEF,,26.23,84.613,26.23,40,1240,7,5.923,0.994,164.969,0.574,84.613,0.347,0.245,0.944,0.884
dhfr,IGN(avg),1.0,NEF,,27.46,88.581,27.46,40,1240,13,11.515,0.996,232.712,0.643,88.581,0.497,0.425,0.944,0.884
dhfr,IGN(avg),5.0,NEF,,15.96,51.484,15.96,40,1240,62,31.92,0.97,31.835,0.886,79.8,0.627,0.611,0.944,0.884
egfr,IGN(avg),0.5,NEF,,14.71,47.452,14.71,40,1240,7,3.322,0.964,27.09,0.54,47.452,0.189,0.133,0.97,0.717
egfr,IGN(avg),1.0,NEF,,20.6,66.452,20.6,40,1240,13,8.639,0.983,59.423,0.606,66.452,0.368,0.315,0.97,0.717
egfr,IGN(avg),5.0,NEF,,17.05,55.0,17.05,40,1240,62,34.1,0.973,36.667,0.915,85.25,0.672,0.655,0.97,0.717
ephb4,IGN(avg),0.5,NEF,,24.57,79.258,24.57,40,1240,7,5.548,0.991,114.635,0.569,79.258,0.324,0.229,0.962,0.867
ephb4,IGN(avg),1.0,NEF,,24.9,80.323,24.9,40,1240,13,10.442,0.992,122.459,0.629,80.323,0.449,0.384,0.962,0.867
ephb4,IGN(avg),5.0,NEF,,16.42,52.968,16.42,40,1240,62,32.84,0.971,33.786,0.898,82.1,0.646,0.629,0.962,0.867
erbb2,IGN(avg),0.5,NEF,,19.73,63.645,19.73,40,1240,7,4.455,0.981,52.52,0.555,63.645,0.258,0.182,0.995,0.854
erbb2,IGN(avg),1.0,NEF,,21.38,68.968,21.38,40,1240,13,8.966,0.985,66.674,0.61,68.968,0.383,0.328,0.995,0.854
erbb2,IGN(avg),5.0,NEF,,19.24,62.065,19.24,40,1240,62,38.48,0.98,49.082,0.971,96.2,0.764,0.744,0.995,0.854
er-beta,IGN(avg),0.5,NEF,,28.59,92.226,28.59,40,1240,7,6.456,0.997,355.892,0.58,92.226,0.38,0.268,0.996,1.046
er-beta,IGN(avg),1.0,NEF,,27.53,88.806,27.53,40,1240,13,11.545,0.996,238.012,0.644,88.806,0.499,0.427,0.996,1.046
er-beta,IGN(avg),5.0,NEF,,18.38,59.29,18.38,40,1240,62,36.76,0.978,43.693,0.949,91.9,0.728,0.709,0.996,1.046
fgfr1,IGN(avg),0.5,NEF,,19.48,62.839,19.48,40,1240,7,4.399,0.981,50.729,0.554,62.839,0.254,0.179,0.991,0.792
fgfr1,IGN(avg),1.0,NEF,,20.43,65.903,20.43,40,1240,13,8.567,0.983,57.985,0.605,65.903,0.365,0.312,0.991,0.792
fgfr1,IGN(avg),5.0,NEF,,17.81,57.452,17.81,40,1240,62,35.62,0.976,40.508,0.934,89.05,0.704,0.686,0.991,0.792
fkbp1a,IGN(avg),0.5,NEF,,32.39,104.484,32.39,40,1240,7,7.314,1.001,inf,0.592,100.0,0.432,0.305,0.963,0.868
fkbp1a,IGN(avg),1.0,NEF,,31.56,101.806,31.56,40,1240,13,13.235,1.001,inf,0.666,100.0,0.574,0.491,0.963,0.868
fkbp1a,IGN(avg),5.0,NEF,,13.93,44.935,13.93,40,1240,62,27.86,0.961,24.482,0.834,69.65,0.542,0.528,0.963,0.868
fxa,IGN(avg),0.5,NEF,,30.59,98.677,30.59,40,1240,7,6.907,1.0,2238.293,0.586,98.677,0.407,0.287,0.99,0.986
fxa,IGN(avg),1.0,NEF,,30.59,98.677,30.59,40,1240,13,12.828,1.0,2238.293,0.66,98.677,0.556,0.476,0.99,0.986
fxa,IGN(avg),5.0,NEF,,18.18,58.645,18.18,40,1240,62,36.36,0.977,42.543,0.944,90.9,0.72,0.701,0.99,0.986
gba,IGN(avg),0.5,NEF,,30.88,99.613,30.88,40,1240,7,6.973,1.0,7720.0,0.587,99.613,0.411,0.29,0.965,0.754
gba,IGN(avg),1.0,NEF,,25.33,81.71,25.33,40,1240,13,10.622,0.993,134.021,0.632,81.71,0.457,0.391,0.965,0.754
gba,IGN(avg),5.0,NEF,,12.45,40.161,12.45,40,1240,62,24.9,0.953,20.135,0.796,62.25,0.48,0.467,0.965,0.754
gr,IGN(avg),0.5,NEF,,18.93,61.065,18.93,40,1240,7,4.275,0.979,47.051,0.552,61.065,0.247,0.174,0.963,0.682
gr,IGN(avg),1.0,NEF,,20.38,65.742,20.38,40,1240,13,8.546,0.983,57.571,0.605,65.742,0.364,0.312,0.963,0.682
gr,IGN(avg),5.0,NEF,,14.14,45.613,14.14,40,1240,62,28.28,0.962,25.16,0.839,70.7,0.55,0.536,0.963,0.682
gsk3b,IGN(avg),0.5,NEF,,27.28,88.0,27.28,40,1240,7,6.16,0.995,220.0,0.577,88.0,0.362,0.255,0.945,0.738
gsk3b,IGN(avg),1.0,NEF,,23.97,77.323,23.97,40,1240,13,10.052,0.99,102.29,0.624,77.323,0.432,0.369,0.945,0.738
gsk3b,IGN(avg),5.0,NEF,,13.51,43.581,13.51,40,1240,62,27.02,0.959,23.173,0.823,67.55,0.524,0.511,0.945,0.738
hdac2,IGN(avg),0.5,NEF,,28.9,93.226,28.9,40,1240,7,6.526,0.998,412.857,0.581,93.226,0.384,0.271,0.994,0.993
hdac2,IGN(avg),1.0,NEF,,28.79,92.871,28.79,40,1240,13,12.073,0.997,390.814,0.651,92.871,0.522,0.447,0.994,0.993
hdac2,IGN(avg),5.0,NEF,,18.57,59.903,18.57,40,1240,62,37.14,0.978,44.819,0.954,92.85,0.736,0.717,0.994,0.993
hdac8,IGN(avg),0.5,NEF,,26.44,85.29,26.44,40,1240,7,5.97,0.994,173.947,0.574,85.29,0.35,0.247,0.99,0.914
hdac8,IGN(avg),1.0,NEF,,27.69,89.323,27.69,40,1240,13,11.612,0.996,250.967,0.645,89.323,0.502,0.429,0.99,0.914
hdac8,IGN(avg),5.0,NEF,,18.74,60.452,18.74,40,1240,62,37.48,0.979,45.856,0.958,93.7,0.743,0.724,0.99,0.914
hiv1pr,IGN(avg),0.5,NEF,,28.17,90.871,28.17,40,1240,7,6.361,0.997,298.622,0.579,90.871,0.374,0.264,0.991,0.907
hiv1pr,IGN(avg),1.0,NEF,,26.97,87.0,26.97,40,1240,13,11.31,0.995,200.769,0.641,87.0,0.488,0.418,0.991,0.907
hiv1pr,IGN(avg),5.0,NEF,,18.14,58.516,18.14,40,1240,62,36.28,0.977,42.317,0.943,90.7,0.718,0.7,0.991,0.907
hiv1rt,IGN(avg),0.5,NEF,,30.5,98.387,30.5,40,1240,7,6.887,0.999,1830.0,0.586,98.387,0.406,0.286,0.95,0.844
hiv1rt,IGN(avg),1.0,NEF,,28.74,92.71,28.74,40,1240,13,12.052,0.997,381.504,0.65,92.71,0.521,0.446,0.95,0.844
hiv1rt,IGN(avg),5.0,NEF,,14.88,48.0,14.88,40,1240,62,29.76,0.965,27.692,0.859,74.4,0.581,0.567,0.95,0.844
hmgr,IGN(avg),0.5,NEF,,27.98,90.258,27.98,40,1240,7,6.318,0.996,277.947,0.579,90.258,0.371,0.262,0.995,1.007
hmgr,IGN(avg),1.0,NEF,,29.34,94.645,29.34,40,1240,13,12.304,0.998,530.241,0.654,94.645,0.533,0.456,0.995,1.007
hmgr,IGN(avg),5.0,NEF,,19.12,61.677,19.12,40,1240,62,38.24,0.98,48.283,0.968,95.6,0.759,0.74,0.995,1.007
hsp90,IGN(avg),0.5,NEF,,27.46,88.581,27.46,40,1240,7,6.201,0.996,232.712,0.577,88.581,0.364,0.257,0.954,0.85
hsp90,IGN(avg),1.0,NEF,,25.68,82.839,25.68,40,1240,13,10.769,0.993,144.812,0.634,82.839,0.464,0.397,0.954,0.85
hsp90,IGN(avg),5.0,NEF,,14.26,46.0,14.26,40,1240,62,28.52,0.962,25.556,0.843,71.3,0.555,0.541,0.954,0.85
igf1r,IGN(avg),0.5,NEF,,26.48,85.419,26.48,40,1240,7,5.979,0.994,175.752,0.574,85.419,0.351,0.247,0.985,0.768
igf1r,IGN(avg),1.0,NEF,,21.52,69.419,21.52,40,1240,13,9.025,0.986,68.101,0.611,69.419,0.386,0.33,0.985,0.768
igf1r,IGN(avg),5.0,NEF,,16.16,52.129,16.16,40,1240,62,32.32,0.97,32.668,0.892,80.8,0.635,0.619,0.985,0.768
inha,IGN(avg),0.5,NEF,,10.21,32.935,10.21,40,1240,7,2.305,0.936,14.733,0.527,32.935,0.127,0.089,0.744,0.278
inha,IGN(avg),1.0,NEF,,7.85,25.323,7.85,40,1240,13,3.292,0.91,10.173,0.537,25.323,0.129,0.11,0.744,0.278
inha,IGN(avg),5.0,NEF,,6.42,20.71,6.42,40,1240,62,12.84,0.887,7.836,0.64,32.1,0.227,0.221,0.744,0.278
itk,IGN(avg),0.5,NEF,,21.75,70.161,21.75,40,1240,7,4.911,0.986,70.541,0.561,70.161,0.285,0.201,0.962,0.71
itk,IGN(avg),1.0,NEF,,21.08,68.0,21.08,40,1240,13,8.84,0.985,63.75,0.609,68.0,0.377,0.323,0.962,0.71
itk,IGN(avg),5.0,NEF,,13.64,44.0,13.64,40,1240,62,27.28,0.959,23.571,0.827,68.2,0.529,0.516,0.962,0.71
jak3,IGN(avg),0.5,NEF,,29.93,96.548,29.93,40,1240,7,6.758,0.999,839.159,0.584,96.548,0.398,0.281,0.997,1.009
jak3,IGN(avg),1.0,NEF,,28.26,91.161,28.26,40,1240,13,11.851,0.997,309.416,0.648,91.161,0.512,0.438,0.997,1.009
jak3,IGN(avg),5.0,NEF,,19.45,62.742,19.45,40,1240,62,38.9,0.981,50.519,0.977,97.25,0.773,0.753,0.997,1.009
jnk1,IGN(avg),0.5,NEF,,24.5,79.032,24.5,40,1240,7,5.532,0.991,113.077,0.569,79.032,0.323,0.228,0.938,0.815
jnk1,IGN(avg),1.0,NEF,,26.25,84.677,26.25,40,1240,13,11.008,0.994,165.789,0.637,84.677,0.475,0.406,0.938,0.815
jnk1,IGN(avg),5.0,NEF,,15.75,50.806,15.75,40,1240,62,31.5,0.969,30.984,0.881,78.75,0.618,0.602,0.938,0.815
jnk2,IGN(avg),0.5,NEF,,13.34,43.032,13.34,40,1240,7,3.012,0.958,22.661,0.536,43.032,0.17,0.12,0.952,0.536
jnk2,IGN(avg),1.0,NEF,,11.68,37.677,11.68,40,1240,13,4.898,0.948,18.137,0.558,37.677,0.201,0.172,0.952,0.536
jnk2,IGN(avg),5.0,NEF,,13.91,44.871,13.91,40,1240,62,27.82,0.961,24.418,0.834,69.55,0.541,0.527,0.952,0.536
jnk3,IGN(avg),0.5,NEF,,23.1,74.516,23.1,40,1240,7,5.216,0.989,87.722,0.564,74.516,0.304,0.214,0.987,0.862
jnk3,IGN(avg),1.0,NEF,,28.05,90.484,28.05,40,1240,13,11.763,0.997,285.254,0.647,90.484,0.508,0.435,0.987,0.862
jnk3,IGN(avg),5.0,NEF,,17.49,56.419,17.49,40,1240,62,34.98,0.975,38.838,0.926,87.45,0.691,0.673,0.987,0.862
kif11,IGN(avg),0.5,NEF,,23.03,74.29,23.03,40,1240,7,5.2,0.989,86.688,0.564,74.29,0.303,0.214,0.973,0.823
kif11,IGN(avg),1.0,NEF,,24.8,80.0,24.8,40,1240,13,10.4,0.992,120.0,0.629,80.0,0.447,0.383,0.973,0.823
kif11,IGN(avg),5.0,NEF,,15.2,49.032,15.2,40,1240,62,30.4,0.967,28.861,0.867,76.0,0.595,0.58,0.973,0.823
lck,IGN(avg),0.5,NEF,,30.08,97.032,30.08,40,1240,7,6.792,0.999,980.87,0.585,97.032,0.4,0.282,0.993,1.013
lck,IGN(avg),1.0,NEF,,30.08,97.032,30.08,40,1240,13,12.614,0.999,980.87,0.658,97.032,0.546,0.468,0.993,1.013
lck,IGN(avg),5.0,NEF,,18.41,59.387,18.41,40,1240,62,36.82,0.978,43.868,0.95,92.05,0.729,0.711,0.993,1.013
mdm2,IGN(avg),0.5,NEF,,0.0,0.0,0.0,40,1240,7,0.0,0.0,0.0,0.497,0.0,-0.014,-0.01,0.706,0.02
mdm2,IGN(avg),1.0,NEF,,0.0,0.0,0.0,40,1240,13,0.0,0.0,0.0,0.495,0.0,-0.019,-0.016,0.706,0.02
mdm2,IGN(avg),5.0,NEF,,1.33,4.29,1.33,40,1240,62,2.66,0.574,1.345,0.509,6.65,0.014,0.013,0.706,0.02
mk2,IGN(avg),0.5,NEF,,26.22,84.581,26.22,40,1240,7,5.921,0.994,164.561,0.574,84.581,0.347,0.245,0.988,0.848
mk2,IGN(avg),1.0,NEF,,26.22,84.581,26.22,40,1240,13,10.995,0.994,164.561,0.637,84.581,0.474,0.406,0.988,0.848
mk2,IGN(avg),5.0,NEF,,15.82,51.032,15.82,40,1240,62,31.64,0.969,31.265,0.883,79.1,0.621,0.605,0.988,0.848
mmp2,IGN(avg),0.5,NEF,,16.08,51.871,16.08,40,1240,7,3.631,0.97,32.332,0.544,51.871,0.207,0.146,0.936,0.582
mmp2,IGN(avg),1.0,NEF,,15.74,50.774,15.74,40,1240,13,6.601,0.969,30.944,0.58,50.774,0.277,0.237,0.936,0.582
mmp2,IGN(avg),5.0,NEF,,13.04,42.065,13.04,40,1240,62,26.08,0.956,21.782,0.811,65.2,0.504,0.491,0.936,0.582
na,IGN(avg),0.5,NEF,,30.98,99.935,30.98,40,1240,7,6.995,1.0,46470.0,0.587,99.935,0.412,0.291,1.0,1.065
na,IGN(avg),1.0,NEF,,30.98,99.935,30.98,40,1240,13,12.992,1.0,46470.0,0.662,99.935,0.563,0.482,1.0,1.065
na,IGN(avg),5.0,NEF,,19.98,64.452,19.98,40,1240,62,39.96,0.982,54.392,0.99,99.9,0.795,0.775,1.0,1.065
p38-alpha,IGN(avg),0.5,NEF,,29.1,93.871,29.1,40,1240,7,6.571,0.998,459.474,0.582,93.871,0.387,0.273,0.997,0.993
p38-alpha,IGN(avg),1.0,NEF,,29.77,96.032,29.77,40,1240,13,12.484,0.999,726.098,0.656,96.032,0.541,0.463,0.997,0.993
p38-alpha,IGN(avg),5.0,NEF,,19.38,62.516,19.38,40,1240,62,38.76,0.98,50.034,0.975,96.9,0.77,0.75,0.997,0.993
parp-1,IGN(avg),0.5,NEF,,30.13,97.194,30.13,40,1240,7,6.804,0.999,1038.966,0.585,97.194,0.401,0.283,0.987,1.03
parp-1,IGN(avg),1.0,NEF,,30.13,97.194,30.13,40,1240,13,12.635,0.999,1038.966,0.658,97.194,0.547,0.468,0.987,1.03
parp-1,IGN(avg),5.0,NEF,,18.11,58.419,18.11,40,1240,62,36.22,0.977,42.149,0.942,90.55,0.717,0.698,0.987,1.03
pde4b,IGN(avg),0.5,NEF,,16.13,52.032,16.13,40,1240,7,3.642,0.97,32.542,0.544,52.032,0.208,0.147,0.878,0.469
pde4b,IGN(avg),1.0,NEF,,15.01,48.419,15.01,40,1240,13,6.295,0.966,28.161,0.576,48.419,0.263,0.225,0.878,0.469
pde4b,IGN(avg),5.0,NEF,,7.95,25.645,7.95,40,1240,62,15.9,0.912,10.347,0.68,39.75,0.291,0.284,0.878,0.469
pde5,IGN(avg),0.5,NEF,,32.26,104.065,32.26,40,1240,7,7.285,1.001,inf,0.591,100.0,0.43,0.303,0.995,0.985
pde5,IGN(avg),1.0,NEF,,30.61,98.742,30.61,40,1240,13,12.836,1.0,2354.615,0.66,98.742,0.556,0.476,0.995,0.985
pde5,IGN(avg),5.0,NEF,,18.56,59.871,18.56,40,1240,62,37.12,0.978,44.759,0.954,92.8,0.736,0.717,0.995,0.985
pdk1,IGN(avg),0.5,NEF,,28.71,92.613,28.71,40,1240,7,6.483,0.997,376.114,0.581,92.613,0.381,0.269,0.986,0.865
pdk1,IGN(avg),1.0,NEF,,27.67,89.258,27.67,40,1240,13,11.604,0.996,249.279,0.644,89.258,0.501,0.429,0.986,0.865
pdk1,IGN(avg),5.0,NEF,,17.0,54.839,17.0,40,1240,62,34.0,0.973,36.429,0.913,85.0,0.67,0.653,0.986,0.865
pi3kg,IGN(avg),0.5,NEF,,8.86,28.581,8.86,40,1240,7,2.001,0.923,12.005,0.523,28.581,0.108,0.076,0.88,0.316
pi3kg,IGN(avg),1.0,NEF,,7.96,25.677,7.96,40,1240,13,3.338,0.912,10.365,0.538,25.677,0.131,0.112,0.88,0.316
pi3kg,IGN(avg),5.0,NEF,,8.48,27.355,8.48,40,1240,62,16.96,0.919,11.297,0.693,42.4,0.313,0.305,0.88,0.316
pim-1,IGN(avg),0.5,NEF,,12.95,41.774,12.95,40,1240,7,2.924,0.956,21.524,0.535,41.774,0.164,0.116,0.862,0.365
pim-1,IGN(avg),1.0,NEF,,12.4,40.0,12.4,40,1240,13,5.2,0.952,20.0,0.562,40.0,0.214,0.183,0.862,0.365
pim-1,IGN(avg),5.0,NEF,,6.94,22.387,6.94,40,1240,62,13.88,0.896,8.653,0.653,34.7,0.249,0.242,0.862,0.365
pim-2,IGN(avg),0.5,NEF,,8.85,28.548,8.85,40,1240,7,1.998,0.923,11.986,0.523,28.548,0.108,0.076,0.843,0.29
pim-2,IGN(avg),1.0,NEF,,6.35,20.484,6.35,40,1240,13,2.663,0.885,7.728,0.529,20.484,0.101,0.086,0.843,0.29
pim-2,IGN(avg),5.0,NEF,,6.77,21.839,6.77,40,1240,62,13.54,0.893,8.382,0.649,33.85,0.242,0.236,0.843,0.29
pnp,IGN(avg),0.5,NEF,,29.33,94.613,29.33,40,1240,7,6.623,0.998,526.886,0.583,94.613,0.39,0.275,0.978,0.815
pnp,IGN(avg),1.0,NEF,,25.27,81.516,25.27,40,1240,13,10.597,0.992,132.304,0.631,81.516,0.456,0.39,0.978,0.815
pnp,IGN(avg),5.0,NEF,,15.9,51.29,15.9,40,1240,62,31.8,0.969,31.589,0.885,79.5,0.624,0.608,0.978,0.815
ppara,IGN(avg),0.5,NEF,,29.95,96.613,29.95,40,1240,7,6.763,0.999,855.714,0.584,96.613,0.398,0.281,0.98,1.061
ppara,IGN(avg),1.0,NEF,,29.95,96.613,29.95,40,1240,13,12.56,0.999,855.714,0.657,96.613,0.544,0.465,0.98,1.061
ppara,IGN(avg),5.0,NEF,,19.09,61.581,19.09,40,1240,62,38.18,0.98,48.086,0.967,95.45,0.758,0.738,0.98,1.061
pparg,IGN(avg),0.5,NEF,,28.5,91.935,28.5,40,1240,7,6.435,0.997,342.0,0.58,91.935,0.378,0.267,0.989,1.022
pparg,IGN(avg),1.0,NEF,,28.5,91.935,28.5,40,1240,13,11.952,0.997,342.0,0.649,91.935,0.517,0.442,0.989,1.022
pparg,IGN(avg),5.0,NEF,,17.83,57.516,17.83,40,1240,62,35.66,0.976,40.615,0.935,89.15,0.705,0.687,0.989,1.022
pr,IGN(avg),0.5,NEF,,29.4,94.839,29.4,40,1240,7,6.639,0.998,551.25,0.583,94.839,0.391,0.276,0.986,0.966
pr,IGN(avg),1.0,NEF,,27.62,89.097,27.62,40,1240,13,11.583,0.996,245.148,0.644,89.097,0.5,0.428,0.986,0.966
pr,IGN(avg),5.0,NEF,,17.15,55.323,17.15,40,1240,62,34.3,0.974,37.148,0.917,85.75,0.676,0.659,0.986,0.966
prkcq,IGN(avg),0.5,NEF,,28.07,90.548,28.07,40,1240,7,6.338,0.997,287.406,0.579,90.548,0.372,0.263,0.984,0.836
prkcq,IGN(avg),1.0,NEF,,25.44,82.065,25.44,40,1240,13,10.668,0.993,137.266,0.632,82.065,0.459,0.393,0.984,0.836
prkcq,IGN(avg),5.0,NEF,,16.49,53.194,16.49,40,1240,62,32.98,0.972,34.094,0.9,82.45,0.649,0.632,0.984,0.836
pygl-in,IGN(avg),0.5,NEF,,16.13,52.032,16.13,40,1240,7,3.642,0.97,32.542,0.544,52.032,0.208,0.147,0.916,0.526
pygl-in,IGN(avg),1.0,NEF,,16.58,53.484,16.58,40,1240,13,6.953,0.972,34.494,0.584,53.484,0.293,0.251,0.916,0.526
pygl-in,IGN(avg),5.0,NEF,,9.77,31.516,9.77,40,1240,62,19.54,0.932,13.806,0.727,48.85,0.367,0.358,0.916,0.526
pygl-out,IGN(avg),0.5,NEF,,14.71,47.452,14.71,40,1240,7,3.322,0.964,27.09,0.54,47.452,0.189,0.133,0.971,0.666
pygl-out,IGN(avg),1.0,NEF,,19.02,61.355,19.02,40,1240,13,7.976,0.979,47.629,0.598,61.355,0.339,0.29,0.971,0.666
pygl-out,IGN(avg),5.0,NEF,,14.79,47.71,14.79,40,1240,62,29.58,0.965,27.372,0.856,73.95,0.578,0.563,0.971,0.666
qpct,IGN(avg),0.5,NEF,,1.47,4.742,1.47,40,1240,7,0.332,0.599,1.493,0.501,4.742,0.006,0.005,0.719,0.085
qpct,IGN(avg),1.0,NEF,,1.59,5.129,1.59,40,1240,13,0.667,0.619,1.622,0.503,5.129,0.011,0.009,0.719,0.085
qpct,IGN(avg),5.0,NEF,,2.5,8.065,2.5,40,1240,62,5.0,0.725,2.632,0.539,12.5,0.063,0.061,0.719,0.085
rock-1,IGN(avg),0.5,NEF,,22.97,74.097,22.97,40,1240,7,5.187,0.988,85.816,0.564,74.097,0.302,0.213,0.977,0.757
rock-1,IGN(avg),1.0,NEF,,20.87,67.323,20.87,40,1240,13,8.752,0.984,61.807,0.608,67.323,0.373,0.319,0.977,0.757
rock-1,IGN(avg),5.0,NEF,,15.98,51.548,15.98,40,1240,62,31.96,0.97,31.917,0.887,79.9,0.627,0.611,0.977,0.757
rxr,IGN(avg),0.5,NEF,,25.92,83.613,25.92,40,1240,7,5.853,0.994,153.071,0.573,83.613,0.343,0.242,1.0,1.084
rxr,IGN(avg),1.0,NEF,,25.92,83.613,25.92,40,1240,13,10.87,0.994,153.071,0.635,83.613,0.468,0.401,1.0,1.084
rxr,IGN(avg),5.0,NEF,,19.98,64.452,19.98,40,1240,62,39.96,0.982,54.392,0.99,99.9,0.795,0.775,1.0,1.084
sars-hcov,IGN(avg),0.5,NEF,,0.0,0.0,0.0,39,1209,7,0.0,0.0,0.0,0.497,0.0,-0.014,-0.01,0.423,0.024
sars-hcov,IGN(avg),1.0,NEF,,0.0,0.0,0.0,39,1209,13,0.0,0.0,0.0,0.494,0.0,-0.019,-0.016,0.423,0.024
sars-hcov,IGN(avg),5.0,NEF,,1.18,3.806,1.18,39,1209,61,2.322,0.543,1.187,0.505,5.954,0.008,0.007,0.423,0.024
sirt2,IGN(avg),0.5,NEF,,1.45,4.677,1.45,40,1240,7,0.327,0.595,1.472,0.501,4.677,0.006,0.004,0.711,0.055
sirt2,IGN(avg),1.0,NEF,,1.57,5.065,1.57,40,1240,13,0.658,0.615,1.6,0.503,5.065,0.011,0.009,0.711,0.055
sirt2,IGN(avg),5.0,NEF,,2.63,8.484,2.63,40,1240,62,5.26,0.736,2.781,0.542,13.15,0.068,0.067,0.711,0.055
src,IGN(avg),0.5,NEF,,29.57,95.387,29.57,40,1240,7,6.677,0.998,620.35,0.583,95.387,0.393,0.277,0.976,0.915
src,IGN(avg),1.0,NEF,,27.87,89.903,27.87,40,1240,13,11.687,0.996,267.125,0.646,89.903,0.505,0.432,0.976,0.915
src,IGN(avg),5.0,NEF,,17.14,55.29,17.14,40,1240,62,34.28,0.974,37.1,0.917,85.7,0.676,0.659,0.976,0.915
thrombin,IGN(avg),0.5,NEF,,27.23,87.839,27.23,40,1240,7,6.149,0.995,216.684,0.577,87.839,0.361,0.254,0.969,0.92
thrombin,IGN(avg),1.0,NEF,,28.51,91.968,28.51,40,1240,13,11.956,0.997,343.494,0.649,91.968,0.517,0.442,0.969,0.92
thrombin,IGN(avg),5.0,NEF,,18.4,59.355,18.4,40,1240,62,36.8,0.978,43.81,0.95,92.0,0.729,0.71,0.969,0.92
tie2,IGN(avg),0.5,NEF,,19.68,63.484,19.68,40,1240,7,4.444,0.981,52.155,0.554,63.484,0.257,0.181,0.969,0.745
tie2,IGN(avg),1.0,NEF,,21.32,68.774,21.32,40,1240,13,8.941,0.985,66.074,0.61,68.774,0.382,0.327,0.969,0.745
tie2,IGN(avg),5.0,NEF,,16.73,53.968,16.73,40,1240,62,33.46,0.972,35.172,0.906,83.65,0.659,0.642,0.969,0.745
tk,IGN(avg),0.5,NEF,,28.6,92.258,28.6,40,1240,7,6.458,0.997,357.5,0.58,92.258,0.38,0.268,0.969,0.833
tk,IGN(avg),1.0,NEF,,27.56,88.903,27.56,40,1240,13,11.557,0.996,240.349,0.644,88.903,0.499,0.427,0.969,0.833
tk,IGN(avg),5.0,NEF,,15.13,48.806,15.13,40,1240,62,30.26,0.966,28.601,0.865,75.65,0.592,0.577,0.969,0.833
tp,IGN(avg),0.5,NEF,,0.0,0.0,0.0,40,1240,7,0.0,0.0,0.0,0.497,0.0,-0.014,-0.01,0.564,0.007
tp,IGN(avg),1.0,NEF,,0.0,0.0,0.0,40,1240,13,0.0,0.0,0.0,0.495,0.0,-0.019,-0.016,0.564,0.007
tp,IGN(avg),5.0,NEF,,0.64,2.065,0.64,40,1240,62,1.28,0.387,0.632,0.491,3.2,-0.015,-0.015,0.564,0.007
tpa,IGN(avg),0.5,NEF,,30.55,98.548,30.55,40,1240,7,6.898,1.0,2036.667,0.586,98.548,0.407,0.287,0.989,1.018
tpa,IGN(avg),1.0,NEF,,30.55,98.548,30.55,40,1240,13,12.811,1.0,2036.667,0.66,98.548,0.555,0.475,0.989,1.018
tpa,IGN(avg),5.0,NEF,,18.12,58.452,18.12,40,1240,62,36.24,0.977,42.205,0.942,90.6,0.717,0.699,0.989,1.018
ts,IGN(avg),0.5,NEF,,26.14,84.391,26.14,40,1239,7,5.907,0.994,162.057,0.573,84.391,0.346,0.244,0.977,0.842
ts,IGN(avg),1.0,NEF,,26.59,85.843,26.59,40,1239,13,11.16,0.995,181.764,0.639,85.843,0.481,0.412,0.977,0.842
ts,IGN(avg),5.0,NEF,,16.17,52.203,16.17,40,1239,62,32.366,0.97,32.739,0.892,80.915,0.636,0.62,0.977,0.842
upa,IGN(avg),0.5,NEF,,26.58,85.742,26.58,40,1240,7,6.002,0.994,180.407,0.575,85.742,0.352,0.248,0.949,0.824
upa,IGN(avg),1.0,NEF,,24.92,80.387,24.92,40,1240,13,10.45,0.992,122.961,0.63,80.387,0.45,0.385,0.949,0.824
upa,IGN(avg),5.0,NEF,,13.95,45.0,13.95,40,1240,62,27.9,0.961,24.545,0.835,69.75,0.542,0.529,0.949,0.824
vegfr1,IGN(avg),0.5,NEF,,23.29,75.129,23.29,40,1240,7,5.259,0.989,90.623,0.565,75.129,0.307,0.216,0.991,0.875
vegfr1,IGN(avg),1.0,NEF,,24.96,80.516,24.96,40,1240,13,10.467,0.992,123.974,0.63,80.516,0.45,0.385,0.991,0.875
vegfr1,IGN(avg),5.0,NEF,,18.39,59.323,18.39,40,1240,62,36.78,0.978,43.751,0.949,91.95,0.728,0.71,0.991,0.875
vegfr2,IGN(avg),0.5,NEF,,29.79,96.097,29.79,40,1240,7,6.727,0.999,738.595,0.584,96.097,0.396,0.279,0.985,0.946
vegfr2,IGN(avg),1.0,NEF,,27.27,87.968,27.27,40,1240,13,11.436,0.995,219.33,0.642,87.968,0.494,0.422,0.985,0.946
vegfr2,IGN(avg),5.0,NEF,,18.12,58.452,18.12,40,1240,62,36.24,0.977,42.205,0.942,90.6,0.717,0.699,0.985,0.946
11betahsd1,KarmaDock Aligned,0.5,NEF,,0.0,0.0,0.0,40,1240,7,0.0,0.0,0.0,0.497,0.0,-0.014,-0.01,0.587,0.029
11betahsd1,KarmaDock Aligned,1.0,NEF,,0.0,0.0,0.0,40,1240,13,0.0,0.0,0.0,0.495,0.0,-0.019,-0.016,0.587,0.029
11betahsd1,KarmaDock Aligned,5.0,NEF,,1.522,4.91,1.522,40,1240,62,3.044,0.608,1.549,0.513,7.61,0.022,0.021,0.587,0.029
17betahsd1,KarmaDock Aligned,0.5,NEF,,0.0,0.0,0.0,40,1240,7,0.0,0.0,0.0,0.497,0.0,-0.014,-0.01,0.537,0.017
17betahsd1,KarmaDock Aligned,1.0,NEF,,0.0,0.0,0.0,40,1240,13,0.0,0.0,0.0,0.495,0.0,-0.019,-0.016,0.537,0.017
17betahsd1,KarmaDock Aligned,5.0,NEF,,1.509,4.866,1.509,40,1240,62,3.017,0.605,1.535,0.513,7.543,0.021,0.021,0.537,0.017
a2a,KarmaDock Aligned,0.5,NEF,,5.117,16.505,5.117,40,1240,7,1.155,0.856,5.93,0.512,16.505,0.057,0.04,0.718,0.226
a2a,KarmaDock Aligned,1.0,NEF,,10.233,33.011,10.233,40,1240,13,4.291,0.937,14.783,0.55,33.011,0.174,0.148,0.718,0.226
a2a,KarmaDock Aligned,5.0,NEF,,4.53,14.611,4.53,40,1240,62,9.059,0.837,5.133,0.591,22.648,0.148,0.144,0.718,0.226
ace,KarmaDock Aligned,0.5,NEF,,15.438,49.798,15.438,40,1240,7,3.486,0.967,29.759,0.542,49.798,0.199,0.14,0.686,0.469
ace,KarmaDock Aligned,1.0,NEF,,12.865,41.499,12.865,40,1240,13,5.395,0.955,21.281,0.564,41.499,0.223,0.191,0.686,0.469
ace,KarmaDock Aligned,5.0,NEF,,8.098,26.124,8.098,40,1240,62,16.197,0.914,10.608,0.683,40.492,0.297,0.29,0.686,0.469
ace2,KarmaDock Aligned,0.5,NEF,,5.162,16.653,5.162,40,1240,7,1.166,0.857,5.994,0.512,16.653,0.057,0.04,0.43,0.06
ace2,KarmaDock Aligned,1.0,NEF,,2.581,8.327,2.581,40,1240,13,1.082,0.732,2.725,0.509,8.327,0.03,0.025,0.43,0.06
ace2,KarmaDock Aligned,5.0,NEF,,0.508,1.638,0.508,40,1240,62,1.016,0.333,0.5,0.487,2.539,-0.021,-0.02,0.43,0.06
ache,KarmaDock Aligned,0.5,NEF,,5.075,16.371,5.075,40,1240,7,1.146,0.854,5.873,0.512,16.371,0.056,0.04,0.48,0.158
ache,KarmaDock Aligned,1.0,NEF,,5.075,16.371,5.075,40,1240,13,2.128,0.854,5.873,0.522,16.371,0.077,0.066,0.48,0.158
ache,KarmaDock Aligned,5.0,NEF,,3.045,9.823,3.045,40,1240,62,6.09,0.766,3.268,0.553,15.225,0.086,0.083,0.48,0.158
adam17,KarmaDock Aligned,0.5,NEF,,10.242,33.038,10.242,40,1240,7,2.313,0.937,14.801,0.527,33.038,0.127,0.09,0.581,0.142
adam17,KarmaDock Aligned,1.0,NEF,,5.121,16.519,5.121,40,1240,13,2.147,0.856,5.936,0.522,16.519,0.077,0.066,0.581,0.142
adam17,KarmaDock Aligned,5.0,NEF,,2.015,6.499,2.015,40,1240,62,4.03,0.676,2.085,0.526,10.074,0.043,0.041,0.581,0.142
adrb2,KarmaDock Aligned,0.5,NEF,,0.0,0.0,0.0,40,1240,7,0.0,0.0,0.0,0.497,0.0,-0.014,-0.01,0.519,0.024
adrb2,KarmaDock Aligned,1.0,NEF,,0.0,0.0,0.0,40,1240,13,0.0,0.0,0.0,0.495,0.0,-0.019,-0.016,0.519,0.024
adrb2,KarmaDock Aligned,5.0,NEF,,1.01,3.257,1.01,40,1240,62,2.019,0.502,1.01,0.5,5.048,0.0,0.0,0.519,0.024
akt1,KarmaDock Aligned,0.5,NEF,,5.915,19.081,5.915,40,1240,7,1.336,0.876,7.074,0.514,19.081,0.068,0.048,0.807,0.338
akt1,KarmaDock Aligned,1.0,NEF,,10.755,34.692,10.755,40,1240,13,4.51,0.941,15.936,0.553,34.692,0.183,0.157,0.807,0.338
akt1,KarmaDock Aligned,5.0,NEF,,6.015,19.404,6.015,40,1240,62,12.031,0.878,7.223,0.63,30.076,0.21,0.205,0.807,0.338
alr2,KarmaDock Aligned,0.5,NEF,,0.0,0.0,0.0,40,1240,7,0.0,0.0,0.0,0.497,0.0,-0.014,-0.01,0.514,0.098
alr2,KarmaDock Aligned,1.0,NEF,,2.552,8.233,2.552,40,1240,13,1.07,0.729,2.691,0.508,8.233,0.029,0.025,0.514,0.098
alr2,KarmaDock Aligned,5.0,NEF,,3.514,11.337,3.514,40,1240,62,7.029,0.793,3.836,0.565,17.572,0.105,0.103,0.514,0.098
ar,KarmaDock Aligned,0.5,NEF,,10.717,34.57,10.717,40,1240,7,2.42,0.941,15.85,0.528,34.57,0.134,0.094,0.856,0.74
ar,KarmaDock Aligned,1.0,NEF,,13.396,43.212,13.396,40,1240,13,5.618,0.958,22.828,0.567,43.212,0.233,0.199,0.856,0.74
ar,KarmaDock Aligned,5.0,NEF,,7.033,22.686,7.033,40,1240,62,14.066,0.898,8.803,0.656,35.164,0.253,0.246,0.856,0.74
aurka,KarmaDock Aligned,0.5,NEF,,30.275,97.661,30.275,40,1240,7,6.836,0.999,1252.759,0.585,97.661,0.403,0.284,0.907,0.874
aurka,KarmaDock Aligned,1.0,NEF,,25.229,81.384,25.229,40,1240,13,10.58,0.992,131.155,0.631,81.384,0.455,0.39,0.907,0.874
aurka,KarmaDock Aligned,5.0,NEF,,13.624,43.948,13.624,40,1240,62,27.247,0.959,23.521,0.826,68.119,0.529,0.515,0.907,0.874
aurkb,KarmaDock Aligned,0.5,NEF,,30.375,97.984,30.375,40,1240,7,6.859,0.999,1458.0,0.586,97.984,0.404,0.285,0.883,0.845
aurkb,KarmaDock Aligned,1.0,NEF,,30.375,97.984,30.375,40,1240,13,12.738,0.999,1458.0,0.659,97.984,0.552,0.472,0.883,0.845
aurkb,KarmaDock Aligned,5.0,NEF,,13.162,42.46,13.162,40,1240,62,26.325,0.957,22.137,0.814,65.812,0.509,0.496,0.883,0.845
bcl2,KarmaDock Aligned,0.5,NEF,,10.175,32.823,10.175,40,1240,7,2.298,0.936,14.658,0.527,32.823,0.126,0.089,0.562,0.172
bcl2,KarmaDock Aligned,1.0,NEF,,5.088,16.411,5.088,40,1240,13,2.133,0.855,5.89,0.522,16.411,0.077,0.066,0.562,0.172
bcl2,KarmaDock Aligned,5.0,NEF,,3.002,9.685,3.002,40,1240,62,6.005,0.763,3.217,0.552,15.012,0.084,0.082,0.562,0.172
braf,KarmaDock Aligned,0.5,NEF,,20.167,65.054,20.167,40,1240,7,4.554,0.982,55.846,0.556,65.054,0.264,0.186,0.797,0.351
braf,KarmaDock Aligned,1.0,NEF,,12.604,40.659,12.604,40,1240,13,5.286,0.954,20.555,0.563,40.659,0.218,0.187,0.797,0.351
braf,KarmaDock Aligned,5.0,NEF,,5.042,16.263,5.042,40,1240,62,10.083,0.854,5.827,0.604,25.208,0.169,0.165,0.797,0.351
catl,KarmaDock Aligned,0.5,NEF,,10.275,33.145,10.275,40,1240,7,2.32,0.937,14.873,0.527,33.145,0.128,0.09,0.592,0.246
catl,KarmaDock Aligned,1.0,NEF,,7.706,24.859,7.706,40,1240,13,3.232,0.908,9.925,0.536,24.859,0.126,0.108,0.592,0.246
catl,KarmaDock Aligned,5.0,NEF,,5.053,16.301,5.053,40,1240,62,10.107,0.854,5.843,0.605,25.266,0.17,0.165,0.592,0.246
cdk2,KarmaDock Aligned,0.5,NEF,,29.9,96.452,29.9,40,1240,7,6.752,0.999,815.455,0.584,96.452,0.398,0.28,0.932,0.793
cdk2,KarmaDock Aligned,1.0,NEF,,24.464,78.915,24.464,40,1240,13,10.259,0.991,112.281,0.627,78.915,0.441,0.377,0.932,0.793
cdk2,KarmaDock Aligned,5.0,NEF,,12.163,39.235,12.163,40,1240,62,24.325,0.951,19.37,0.788,60.814,0.468,0.456,0.932,0.793
cox1,KarmaDock Aligned,0.5,NEF,,11.2,36.129,11.2,40,1240,7,2.529,0.944,16.97,0.53,36.129,0.14,0.099,0.689,0.323
cox1,KarmaDock Aligned,1.0,NEF,,7.636,24.633,7.636,40,1240,13,3.202,0.907,9.805,0.536,24.633,0.125,0.107,0.689,0.323
cox1,KarmaDock Aligned,5.0,NEF,,4.5,14.516,4.5,40,1240,62,9.0,0.836,5.094,0.59,22.5,0.147,0.143,0.689,0.323
cox2,KarmaDock Aligned,0.5,NEF,,0.0,0.0,0.0,40,1240,7,0.0,0.0,0.0,0.497,0.0,-0.014,-0.01,0.803,0.203
cox2,KarmaDock Aligned,1.0,NEF,,5.362,17.298,5.363,40,1240,13,2.249,0.863,6.275,0.524,17.298,0.082,0.07,0.803,0.203
cox2,KarmaDock Aligned,5.0,NEF,,4.596,14.827,4.596,40,1240,62,9.193,0.839,5.223,0.593,22.982,0.151,0.147,0.803,0.203
ctsk,KarmaDock Aligned,0.5,NEF,,5.146,16.599,5.146,40,1240,7,1.162,0.857,5.971,0.512,16.599,0.057,0.04,0.36,0.092
ctsk,KarmaDock Aligned,1.0,NEF,,2.573,8.3,2.573,40,1240,13,1.079,0.731,2.715,0.509,8.3,0.03,0.025,0.36,0.092
ctsk,KarmaDock Aligned,5.0,NEF,,2.025,6.531,2.025,40,1240,62,4.049,0.677,2.096,0.526,10.123,0.043,0.042,0.36,0.092
cyp2a6,KarmaDock Aligned,0.5,NEF,,0.0,0.0,0.0,40,1240,7,0.0,0.0,0.0,0.497,0.0,-0.014,-0.01,0.514,0.054
cyp2a6,KarmaDock Aligned,1.0,NEF,,0.0,0.0,0.0,40,1240,13,0.0,0.0,0.0,0.495,0.0,-0.019,-0.016,0.514,0.054
cyp2a6,KarmaDock Aligned,5.0,NEF,,2.004,6.466,2.004,40,1240,62,4.009,0.675,2.074,0.526,10.022,0.042,0.041,0.514,0.054
dhfr,KarmaDock Aligned,0.5,NEF,,15.3,49.355,15.3,40,1240,7,3.455,0.967,29.236,0.542,49.355,0.197,0.139,0.779,0.453
dhfr,KarmaDock Aligned,1.0,NEF,,15.3,49.355,15.3,40,1240,13,6.416,0.967,29.236,0.577,49.355,0.269,0.23,0.779,0.453
dhfr,KarmaDock Aligned,5.0,NEF,,9.531,30.746,9.531,40,1240,62,19.062,0.93,13.319,0.72,47.656,0.357,0.348,0.779,0.453
egfr,KarmaDock Aligned,0.5,NEF,,25.083,80.914,25.083,40,1240,7,5.664,0.992,127.183,0.57,80.914,0.331,0.234,0.863,0.7
egfr,KarmaDock Aligned,1.0,NEF,,25.083,80.914,25.083,40,1240,13,10.519,0.992,127.183,0.63,80.914,0.453,0.387,0.863,0.7
egfr,KarmaDock Aligned,5.0,NEF,,10.033,32.366,10.033,40,1240,62,20.067,0.935,14.356,0.733,50.167,0.378,0.369,0.863,0.7
ephb4,KarmaDock Aligned,0.5,NEF,,30.35,97.903,30.35,40,1240,7,6.853,0.999,1400.769,0.586,97.903,0.404,0.285,0.974,0.899
ephb4,KarmaDock Aligned,1.0,NEF,,27.821,89.745,27.821,40,1240,13,11.667,0.996,262.529,0.645,89.745,0.504,0.431,0.974,0.899
ephb4,KarmaDock Aligned,5.0,NEF,,16.187,52.215,16.187,40,1240,62,32.373,0.97,32.781,0.892,80.933,0.636,0.62,0.974,0.899
erbb2,KarmaDock Aligned,0.5,NEF,,29.575,95.403,29.575,40,1240,7,6.678,0.998,622.632,0.583,95.403,0.393,0.277,0.96,0.909
erbb2,KarmaDock Aligned,1.0,NEF,,26.886,86.73,26.886,40,1240,13,11.275,0.995,196.077,0.64,86.73,0.486,0.416,0.96,0.909
erbb2,KarmaDock Aligned,5.0,NEF,,16.041,51.744,16.041,40,1240,62,32.081,0.97,32.169,0.889,80.203,0.63,0.614,0.96,0.909
er-beta,KarmaDock Aligned,0.5,NEF,,15.75,50.806,15.75,40,1240,7,3.556,0.969,30.984,0.543,50.806,0.203,0.143,0.88,0.717
er-beta,KarmaDock Aligned,1.0,NEF,,15.75,50.806,15.75,40,1240,13,6.605,0.969,30.984,0.58,50.806,0.277,0.237,0.88,0.717
er-beta,KarmaDock Aligned,5.0,NEF,,9.5,30.645,9.5,40,1240,62,19.0,0.93,13.256,0.72,47.5,0.356,0.347,0.88,0.717
fgfr1,KarmaDock Aligned,0.5,NEF,,17.685,57.048,17.685,40,1240,7,3.993,0.976,39.846,0.549,57.048,0.23,0.162,0.909,0.782
fgfr1,KarmaDock Aligned,1.0,NEF,,24.116,77.793,24.116,40,1240,13,10.113,0.991,105.094,0.625,77.793,0.434,0.372,0.909,0.782
fgfr1,KarmaDock Aligned,5.0,NEF,,11.688,37.704,11.688,40,1240,62,23.377,0.948,18.157,0.776,58.442,0.448,0.436,0.909,0.782
fkbp1a,KarmaDock Aligned,0.5,NEF,,30.825,99.435,30.825,40,1240,7,6.96,1.0,5284.286,0.587,99.435,0.41,0.289,0.822,0.722
fkbp1a,KarmaDock Aligned,1.0,NEF,,30.825,99.435,30.825,40,1240,13,12.927,1.0,5284.286,0.662,99.435,0.56,0.48,0.822,0.722
fkbp1a,KarmaDock Aligned,5.0,NEF,,8.591,27.712,8.591,40,1240,62,17.181,0.92,11.5,0.696,42.953,0.318,0.31,0.822,0.722
fxa,KarmaDock Aligned,0.5,NEF,,23.88,77.032,23.88,40,1240,7,5.392,0.99,100.618,0.567,77.032,0.315,0.222,0.766,0.551
fxa,KarmaDock Aligned,1.0,NEF,,21.709,70.029,21.709,40,1240,13,9.104,0.986,70.098,0.612,70.029,0.389,0.333,0.766,0.551
fxa,KarmaDock Aligned,5.0,NEF,,7.589,24.481,7.589,40,1240,62,15.178,0.907,9.725,0.67,37.945,0.276,0.269,0.766,0.551
gba,KarmaDock Aligned,0.5,NEF,,5.125,16.532,5.125,40,1240,7,1.157,0.856,5.942,0.512,16.532,0.057,0.04,0.701,0.132
gba,KarmaDock Aligned,1.0,NEF,,2.562,8.266,2.563,40,1240,13,1.075,0.73,2.703,0.508,8.266,0.029,0.025,0.701,0.132
gba,KarmaDock Aligned,5.0,NEF,,4.033,13.009,4.033,40,1240,62,8.066,0.818,4.486,0.578,20.164,0.127,0.124,0.701,0.132
gr,KarmaDock Aligned,0.5,NEF,,20.383,65.753,20.383,40,1240,7,4.603,0.983,57.598,0.557,65.753,0.267,0.188,0.642,0.297
gr,KarmaDock Aligned,1.0,NEF,,10.192,32.876,10.192,40,1240,13,4.274,0.936,14.694,0.55,32.876,0.173,0.148,0.642,0.297
gr,KarmaDock Aligned,5.0,NEF,,4.01,12.935,4.01,40,1240,62,8.02,0.817,4.457,0.578,20.049,0.126,0.123,0.642,0.297
gsk3b,KarmaDock Aligned,0.5,NEF,,25.104,80.981,25.104,40,1240,7,5.669,0.992,127.739,0.57,80.981,0.332,0.234,0.911,0.754
gsk3b,KarmaDock Aligned,1.0,NEF,,25.104,80.981,25.104,40,1240,13,10.528,0.992,127.739,0.631,80.981,0.453,0.388,0.911,0.754
gsk3b,KarmaDock Aligned,5.0,NEF,,14.058,45.349,14.058,40,1240,62,28.117,0.961,24.894,0.837,70.292,0.547,0.533,0.911,0.754
hdac2,KarmaDock Aligned,0.5,NEF,,15.175,48.952,15.175,40,1240,7,3.427,0.966,28.768,0.541,48.952,0.195,0.138,0.486,0.189
hdac2,KarmaDock Aligned,1.0,NEF,,7.588,24.476,7.587,40,1240,13,3.182,0.907,9.722,0.536,24.476,0.124,0.106,0.486,0.189
hdac2,KarmaDock Aligned,5.0,NEF,,2.023,6.527,2.023,40,1240,62,4.047,0.677,2.095,0.526,10.117,0.043,0.042,0.486,0.189
hdac8,KarmaDock Aligned,0.5,NEF,,0.0,0.0,0.0,40,1240,7,0.0,0.0,0.0,0.497,0.0,-0.014,-0.01,0.474,0.0
hdac8,KarmaDock Aligned,1.0,NEF,,0.0,0.0,0.0,40,1240,13,0.0,0.0,0.0,0.495,0.0,-0.019,-0.016,0.474,0.0
hdac8,KarmaDock Aligned,5.0,NEF,,0.0,0.0,0.0,40,1240,62,0.0,0.0,0.0,0.474,0.0,-0.042,-0.041,0.474,0.0
hiv1pr,KarmaDock Aligned,0.5,NEF,,32.865,106.016,32.865,40,1240,7,7.421,1.002,inf,0.593,100.0,0.438,0.309,0.864,0.927
hiv1pr,KarmaDock Aligned,1.0,NEF,,32.865,106.016,32.865,40,1240,13,13.782,1.002,inf,0.673,100.0,0.599,0.512,0.864,0.927
hiv1pr,KarmaDock Aligned,5.0,NEF,,14.789,47.707,14.789,40,1240,62,29.578,0.965,27.369,0.856,73.946,0.578,0.563,0.864,0.927
hiv1rt,KarmaDock Aligned,0.5,NEF,,0.0,0.0,0.0,40,1240,7,0.0,0.0,0.0,0.497,0.0,-0.014,-0.01,0.67,0.102
hiv1rt,KarmaDock Aligned,1.0,NEF,,5.071,16.358,5.071,40,1240,13,2.126,0.854,5.867,0.522,16.358,0.077,0.065,0.67,0.102
hiv1rt,KarmaDock Aligned,5.0,NEF,,3.042,9.815,3.043,40,1240,62,6.085,0.766,3.265,0.553,15.212,0.086,0.083,0.67,0.102
hmgr,KarmaDock Aligned,0.5,NEF,,25.771,83.132,25.771,40,1240,7,5.819,0.993,147.849,0.572,83.132,0.341,0.24,0.939,0.859
hmgr,KarmaDock Aligned,1.0,NEF,,28.348,91.445,28.348,40,1240,13,11.888,0.997,320.668,0.648,91.445,0.514,0.44,0.939,0.859
hmgr,KarmaDock Aligned,5.0,NEF,,14.702,47.426,14.702,40,1240,62,29.404,0.964,27.062,0.854,73.51,0.574,0.559,0.939,0.859
hsp90,KarmaDock Aligned,0.5,NEF,,20.217,65.215,20.217,40,1240,7,4.565,0.983,56.244,0.556,65.215,0.264,0.186,0.786,0.418
hsp90,KarmaDock Aligned,1.0,NEF,,15.162,48.911,15.162,40,1240,13,6.358,0.966,28.721,0.577,48.911,0.266,0.228,0.786,0.418
hsp90,KarmaDock Aligned,5.0,NEF,,6.065,19.565,6.065,40,1240,62,12.13,0.879,7.297,0.631,30.325,0.212,0.207,0.786,0.418
igf1r,KarmaDock Aligned,0.5,NEF,,17.445,56.274,17.445,40,1240,7,3.939,0.975,38.609,0.548,56.274,0.226,0.16,0.923,0.597
igf1r,KarmaDock Aligned,1.0,NEF,,18.502,59.685,18.502,40,1240,13,7.759,0.978,44.414,0.595,59.685,0.329,0.281,0.923,0.597
igf1r,KarmaDock Aligned,5.0,NEF,,11.53,37.193,11.53,40,1240,62,23.059,0.947,17.765,0.772,57.649,0.441,0.43,0.923,0.597
inha,KarmaDock Aligned,0.5,NEF,,0.0,0.0,0.0,40,1240,7,0.0,0.0,0.0,0.497,0.0,-0.014,-0.01,0.509,0.013
inha,KarmaDock Aligned,1.0,NEF,,0.0,0.0,0.0,40,1240,13,0.0,0.0,0.0,0.495,0.0,-0.019,-0.016,0.509,0.013
inha,KarmaDock Aligned,5.0,NEF,,1.004,3.239,1.004,40,1240,62,2.008,0.501,1.004,0.5,5.02,0.0,0.0,0.509,0.013
itk,KarmaDock Aligned,0.5,NEF,,20.283,65.43,20.283,40,1240,7,4.58,0.983,56.781,0.556,65.43,0.265,0.187,0.755,0.376
itk,KarmaDock Aligned,1.0,NEF,,12.677,40.894,12.677,40,1240,13,5.316,0.954,20.756,0.563,40.894,0.219,0.188,0.755,0.376
itk,KarmaDock Aligned,5.0,NEF,,4.564,14.722,4.564,40,1240,62,9.128,0.838,5.179,0.592,22.819,0.149,0.145,0.755,0.376
jak3,KarmaDock Aligned,0.5,NEF,,23.94,77.226,23.94,40,1240,7,5.406,0.99,101.728,0.567,77.226,0.316,0.223,0.918,0.798
jak3,KarmaDock Aligned,1.0,NEF,,27.205,87.757,27.205,40,1240,13,11.408,0.995,215.03,0.642,87.757,0.492,0.421,0.918,0.798
jak3,KarmaDock Aligned,5.0,NEF,,13.187,42.54,13.187,40,1240,62,26.375,0.957,22.21,0.815,65.936,0.51,0.497,0.918,0.798
jnk1,KarmaDock Aligned,0.5,NEF,,17.985,58.016,17.985,40,1240,7,4.061,0.976,41.456,0.55,58.016,0.234,0.165,0.858,0.698
jnk1,KarmaDock Aligned,1.0,NEF,,21.8,70.323,21.8,40,1240,13,9.142,0.986,71.087,0.613,70.323,0.391,0.334,0.858,0.698
jnk1,KarmaDock Aligned,5.0,NEF,,12.701,40.972,12.701,40,1240,62,25.403,0.954,20.823,0.802,63.506,0.49,0.478,0.858,0.698
jnk2,KarmaDock Aligned,0.5,NEF,,23.44,75.613,23.44,40,1240,7,5.293,0.989,93.016,0.565,75.613,0.309,0.218,0.588,0.391
jnk2,KarmaDock Aligned,1.0,NEF,,15.982,51.554,15.982,40,1240,13,6.702,0.97,31.925,0.581,51.554,0.282,0.241,0.588,0.391
jnk2,KarmaDock Aligned,5.0,NEF,,3.536,11.407,3.536,40,1240,62,7.072,0.794,3.863,0.566,17.681,0.106,0.104,0.588,0.391
jnk3,KarmaDock Aligned,0.5,NEF,,30.25,97.581,30.25,40,1240,7,6.831,0.999,1210.0,0.585,97.581,0.402,0.284,0.84,0.689
jnk3,KarmaDock Aligned,1.0,NEF,,22.688,73.185,22.688,40,1240,13,9.514,0.988,81.88,0.617,73.185,0.408,0.349,0.84,0.689
jnk3,KarmaDock Aligned,5.0,NEF,,9.579,30.901,9.579,40,1240,62,19.158,0.931,13.416,0.722,47.896,0.359,0.35,0.84,0.689
kif11,KarmaDock Aligned,0.5,NEF,,5.038,16.25,5.038,40,1240,7,1.138,0.853,5.821,0.512,16.25,0.056,0.039,0.641,0.214
kif11,KarmaDock Aligned,1.0,NEF,,7.556,24.375,7.556,40,1240,13,3.169,0.906,9.669,0.536,24.375,0.123,0.105,0.641,0.214
kif11,KarmaDock Aligned,5.0,NEF,,4.534,14.625,4.534,40,1240,62,9.068,0.837,5.139,0.591,22.669,0.148,0.144,0.641,0.214
lck,KarmaDock Aligned,0.5,NEF,,25.062,80.847,25.062,40,1240,7,5.659,0.992,126.632,0.57,80.847,0.331,0.233,0.827,0.717
lck,KarmaDock Aligned,1.0,NEF,,25.062,80.847,25.062,40,1240,13,10.51,0.992,126.632,0.63,80.847,0.452,0.387,0.827,0.717
lck,KarmaDock Aligned,5.0,NEF,,11.028,35.573,11.028,40,1240,62,22.055,0.943,16.564,0.759,55.137,0.42,0.409,0.827,0.717
mdm2,KarmaDock Aligned,0.5,NEF,,17.955,57.919,17.955,40,1240,7,4.054,0.976,41.292,0.549,57.919,0.233,0.164,0.614,0.299
mdm2,KarmaDock Aligned,1.0,NEF,,10.882,35.103,10.882,40,1240,13,4.563,0.942,16.227,0.554,35.103,0.186,0.159,0.614,0.299
mdm2,KarmaDock Aligned,5.0,NEF,,4.058,13.089,4.058,40,1240,62,8.115,0.819,4.518,0.579,20.288,0.128,0.125,0.614,0.299
mk2,KarmaDock Aligned,0.5,NEF,,23.32,75.226,23.32,40,1240,7,5.266,0.989,91.094,0.565,75.226,0.307,0.217,0.955,0.719
mk2,KarmaDock Aligned,1.0,NEF,,23.85,76.935,23.85,40,1240,13,10.002,0.99,100.07,0.624,76.935,0.429,0.367,0.955,0.719
mk2,KarmaDock Aligned,5.0,NEF,,12.565,40.531,12.565,40,1240,62,25.129,0.953,20.447,0.799,62.823,0.484,0.472,0.955,0.719
mmp2,KarmaDock Aligned,0.5,NEF,,0.0,0.0,0.0,40,1240,7,0.0,0.0,0.0,0.497,0.0,-0.014,-0.01,0.444,0.002
mmp2,KarmaDock Aligned,1.0,NEF,,0.0,0.0,0.0,40,1240,13,0.0,0.0,0.0,0.495,0.0,-0.019,-0.016,0.444,0.002
mmp2,KarmaDock Aligned,5.0,NEF,,0.502,1.621,0.502,40,1240,62,1.005,0.331,0.494,0.487,2.512,-0.021,-0.02,0.444,0.002
na,KarmaDock Aligned,0.5,NEF,,30.975,99.919,30.975,40,1240,7,6.994,1.0,37170.0,0.587,99.919,0.412,0.291,0.947,0.973
na,KarmaDock Aligned,1.0,NEF,,30.975,99.919,30.975,40,1240,13,12.99,1.0,37170.0,0.662,99.919,0.563,0.482,0.947,0.973
na,KarmaDock Aligned,5.0,NEF,,15.741,50.779,15.741,40,1240,62,31.483,0.969,30.949,0.881,78.707,0.617,0.602,0.947,0.973
p38-alpha,KarmaDock Aligned,0.5,NEF,,30.525,98.468,30.525,40,1240,7,6.893,0.999,1927.895,0.586,98.468,0.406,0.286,0.952,0.878
p38-alpha,KarmaDock Aligned,1.0,NEF,,30.525,98.468,30.525,40,1240,13,12.801,0.999,1927.895,0.66,98.468,0.555,0.475,0.952,0.878
p38-alpha,KarmaDock Aligned,5.0,NEF,,14.512,46.813,14.512,40,1240,62,29.024,0.964,26.404,0.849,72.559,0.566,0.552,0.952,0.878
parp-1,KarmaDock Aligned,0.5,NEF,,30.075,97.016,30.075,40,1240,7,6.791,0.999,975.405,0.585,97.016,0.4,0.282,0.938,0.729
parp-1,KarmaDock Aligned,1.0,NEF,,22.556,72.762,22.556,40,1240,13,9.459,0.988,80.141,0.617,72.762,0.405,0.347,0.938,0.729
parp-1,KarmaDock Aligned,5.0,NEF,,13.032,42.04,13.033,40,1240,62,26.065,0.956,21.76,0.811,65.163,0.504,0.491,0.938,0.729
pde4b,KarmaDock Aligned,0.5,NEF,,25.667,82.796,25.667,40,1240,7,5.796,0.993,144.375,0.572,82.796,0.339,0.239,0.848,0.691
pde4b,KarmaDock Aligned,1.0,NEF,,28.233,91.075,28.233,40,1240,13,11.84,0.997,306.145,0.648,91.075,0.512,0.438,0.848,0.691
pde4b,KarmaDock Aligned,5.0,NEF,,9.089,29.318,9.089,40,1240,62,18.177,0.926,12.444,0.709,45.443,0.339,0.33,0.848,0.691
pde5,KarmaDock Aligned,0.5,NEF,,15.35,49.516,15.35,40,1240,7,3.466,0.967,29.425,0.542,49.516,0.197,0.139,0.858,0.394
pde5,KarmaDock Aligned,1.0,NEF,,10.233,33.011,10.233,40,1240,13,4.291,0.937,14.783,0.55,33.011,0.174,0.148,0.858,0.394
pde5,KarmaDock Aligned,5.0,NEF,,7.549,24.352,7.549,40,1240,62,15.098,0.906,9.657,0.669,37.746,0.274,0.267,0.858,0.394
pdk1,KarmaDock Aligned,0.5,NEF,,30.175,97.339,30.175,40,1240,7,6.814,0.999,1097.273,0.585,97.339,0.401,0.283,0.985,1.001
pdk1,KarmaDock Aligned,1.0,NEF,,30.175,97.339,30.175,40,1240,13,12.654,0.999,1097.273,0.658,97.339,0.548,0.469,0.985,1.001
pdk1,KarmaDock Aligned,5.0,NEF,,18.105,58.403,18.105,40,1240,62,36.21,0.977,42.121,0.942,90.525,0.716,0.698,0.985,1.001
pi3kg,KarmaDock Aligned,0.5,NEF,,15.138,48.831,15.138,40,1240,7,3.418,0.966,28.629,0.541,48.831,0.194,0.137,0.863,0.497
pi3kg,KarmaDock Aligned,1.0,NEF,,15.138,48.831,15.138,40,1240,13,6.348,0.966,28.629,0.577,48.831,0.266,0.227,0.863,0.497
pi3kg,KarmaDock Aligned,5.0,NEF,,8.073,26.043,8.073,40,1240,62,16.147,0.914,10.564,0.683,40.367,0.296,0.289,0.863,0.497
pim-1,KarmaDock Aligned,0.5,NEF,,20.15,65.0,20.15,40,1240,7,4.55,0.982,55.714,0.556,65.0,0.263,0.186,0.875,0.555
pim-1,KarmaDock Aligned,1.0,NEF,,22.669,73.125,22.669,40,1240,13,9.506,0.988,81.628,0.617,73.125,0.407,0.348,0.875,0.555
pim-1,KarmaDock Aligned,5.0,NEF,,8.06,26.0,8.06,40,1240,62,16.12,0.913,10.541,0.682,40.3,0.296,0.288,0.875,0.555
pim-2,KarmaDock Aligned,0.5,NEF,,10.067,32.473,10.067,40,1240,7,2.273,0.935,14.427,0.526,32.473,0.125,0.088,0.895,0.391
pim-2,KarmaDock Aligned,1.0,NEF,,12.583,40.591,12.583,40,1240,13,5.277,0.953,20.498,0.563,40.591,0.218,0.186,0.895,0.391
pim-2,KarmaDock Aligned,5.0,NEF,,10.067,32.473,10.067,40,1240,62,20.133,0.935,14.427,0.734,50.333,0.38,0.37,0.895,0.391
pnp,KarmaDock Aligned,0.5,NEF,,30.775,99.274,30.775,40,1240,7,6.949,1.0,4103.333,0.587,99.274,0.41,0.289,0.956,0.791
pnp,KarmaDock Aligned,1.0,NEF,,28.21,91.001,28.21,40,1240,13,11.83,0.997,303.383,0.647,91.001,0.511,0.438,0.956,0.791
pnp,KarmaDock Aligned,5.0,NEF,,12.108,39.059,12.108,40,1240,62,24.216,0.951,19.228,0.787,60.541,0.465,0.453,0.956,0.791
ppara,KarmaDock Aligned,0.5,NEF,,5.7,18.387,5.7,40,1240,7,1.287,0.871,6.759,0.514,18.387,0.065,0.046,0.616,0.306
ppara,KarmaDock Aligned,1.0,NEF,,7.773,25.073,7.773,40,1240,13,3.26,0.909,10.039,0.537,25.073,0.127,0.109,0.616,0.306
ppara,KarmaDock Aligned,5.0,NEF,,5.0,16.129,5.0,40,1240,62,10.0,0.852,5.769,0.603,25.0,0.168,0.163,0.616,0.306
pparg,KarmaDock Aligned,0.5,NEF,,22.8,73.548,22.8,40,1240,7,5.148,0.988,83.415,0.564,73.548,0.3,0.212,0.609,0.493
pparg,KarmaDock Aligned,1.0,NEF,,18.136,58.504,18.136,40,1240,13,7.606,0.977,42.297,0.593,58.504,0.322,0.276,0.609,0.493
pparg,KarmaDock Aligned,5.0,NEF,,6.0,19.355,6.0,40,1240,62,12.0,0.878,7.2,0.629,30.0,0.209,0.204,0.609,0.493
pr,KarmaDock Aligned,0.5,NEF,,15.48,49.935,15.48,40,1240,7,3.495,0.968,29.923,0.542,49.935,0.199,0.14,0.698,0.339
pr,KarmaDock Aligned,1.0,NEF,,10.32,33.29,10.32,40,1240,13,4.328,0.937,14.971,0.55,33.29,0.175,0.15,0.698,0.339
pr,KarmaDock Aligned,5.0,NEF,,4.047,13.055,4.047,40,1240,62,8.094,0.818,4.505,0.579,20.235,0.128,0.124,0.698,0.339
prkcq,KarmaDock Aligned,0.5,NEF,,30.05,96.935,30.05,40,1240,7,6.785,0.999,948.947,0.585,96.935,0.4,0.282,0.834,0.773
prkcq,KarmaDock Aligned,1.0,NEF,,25.042,80.78,25.042,40,1240,13,10.501,0.992,126.084,0.63,80.78,0.452,0.387,0.834,0.773
prkcq,KarmaDock Aligned,5.0,NEF,,12.02,38.774,12.02,40,1240,62,24.04,0.95,18.999,0.785,60.1,0.462,0.45,0.834,0.773
pygl-in,KarmaDock Aligned,0.5,NEF,,30.8,99.355,30.8,40,1240,7,6.955,1.0,4620.0,0.587,99.355,0.41,0.289,0.726,0.603
pygl-in,KarmaDock Aligned,1.0,NEF,,23.1,74.516,23.1,40,1240,13,9.687,0.989,87.722,0.62,74.516,0.415,0.355,0.726,0.603
pygl-in,KarmaDock Aligned,5.0,NEF,,7.574,24.432,7.574,40,1240,62,15.148,0.907,9.699,0.67,37.869,0.275,0.268,0.726,0.603
pygl-out,KarmaDock Aligned,0.5,NEF,,20.6,66.452,20.6,40,1240,7,4.652,0.983,59.423,0.557,66.452,0.27,0.19,0.805,0.276
pygl-out,KarmaDock Aligned,1.0,NEF,,10.3,33.226,10.3,40,1240,13,4.319,0.937,14.928,0.55,33.226,0.175,0.15,0.805,0.276
pygl-out,KarmaDock Aligned,5.0,NEF,,3.039,9.804,3.039,40,1240,62,6.079,0.765,3.261,0.553,15.197,0.085,0.083,0.805,0.276
qpct,KarmaDock Aligned,0.5,NEF,,0.0,0.0,0.0,40,1240,7,0.0,0.0,0.0,0.497,0.0,-0.014,-0.01,0.649,0.02
qpct,KarmaDock Aligned,1.0,NEF,,0.0,0.0,0.0,40,1240,13,0.0,0.0,0.0,0.495,0.0,-0.019,-0.016,0.649,0.02
qpct,KarmaDock Aligned,5.0,NEF,,2.03,6.547,2.03,40,1240,62,4.059,0.678,2.102,0.527,10.148,0.043,0.042,0.649,0.02
rock-1,KarmaDock Aligned,0.5,NEF,,30.175,97.339,30.175,40,1240,7,6.814,0.999,1097.273,0.585,97.339,0.401,0.283,0.883,0.605
rock-1,KarmaDock Aligned,1.0,NEF,,22.631,73.004,22.631,40,1240,13,9.491,0.988,81.128,0.617,73.004,0.407,0.348,0.883,0.605
rock-1,KarmaDock Aligned,5.0,NEF,,9.052,29.202,9.052,40,1240,62,18.105,0.925,12.374,0.708,45.262,0.337,0.329,0.883,0.605
rxr,KarmaDock Aligned,0.5,NEF,,24.025,77.5,24.025,40,1240,7,5.425,0.99,103.333,0.567,77.5,0.317,0.223,0.915,0.924
rxr,KarmaDock Aligned,1.0,NEF,,24.025,77.5,24.025,40,1240,13,10.075,0.99,103.333,0.625,77.5,0.433,0.37,0.915,0.924
rxr,KarmaDock Aligned,5.0,NEF,,13.014,41.979,13.014,40,1240,62,26.027,0.956,21.706,0.81,65.068,0.503,0.49,0.915,0.924
sars-hcov,KarmaDock Aligned,0.5,NEF,,6.149,19.835,6.149,39,1209,7,1.388,0.881,7.423,0.515,19.835,0.072,0.051,0.504,0.077
sars-hcov,KarmaDock Aligned,1.0,NEF,,2.795,9.016,2.795,39,1209,13,1.172,0.748,2.973,0.51,9.016,0.034,0.029,0.504,0.077
sars-hcov,KarmaDock Aligned,5.0,NEF,,1.042,3.362,1.042,39,1209,61,2.051,0.511,1.044,0.501,5.258,0.002,0.002,0.504,0.077
sirt2,KarmaDock Aligned,0.5,NEF,,0.0,0.0,0.0,40,1240,7,0.0,0.0,0.0,0.497,0.0,-0.014,-0.01,0.539,0.011
sirt2,KarmaDock Aligned,1.0,NEF,,0.0,0.0,0.0,40,1240,13,0.0,0.0,0.0,0.495,0.0,-0.019,-0.016,0.539,0.011
sirt2,KarmaDock Aligned,5.0,NEF,,1.016,3.277,1.016,40,1240,62,2.032,0.504,1.016,0.5,5.079,0.001,0.001,0.539,0.011
src,KarmaDock Aligned,0.5,NEF,,25.229,81.384,25.229,40,1240,7,5.697,0.992,131.155,0.571,81.384,0.333,0.235,0.778,0.6
src,KarmaDock Aligned,1.0,NEF,,22.706,73.246,22.706,40,1240,13,9.522,0.988,82.133,0.618,73.246,0.408,0.349,0.778,0.6
src,KarmaDock Aligned,5.0,NEF,,7.569,24.415,7.569,40,1240,62,15.138,0.906,9.691,0.67,37.844,0.275,0.268,0.778,0.6
thrombin,KarmaDock Aligned,0.5,NEF,,30.3,97.742,30.3,40,1240,7,6.842,0.999,1298.571,0.585,97.742,0.403,0.284,0.849,0.75
thrombin,KarmaDock Aligned,1.0,NEF,,30.3,97.742,30.3,40,1240,13,12.706,0.999,1298.571,0.659,97.742,0.551,0.471,0.849,0.75
thrombin,KarmaDock Aligned,5.0,NEF,,10.1,32.581,10.1,40,1240,62,20.2,0.935,14.498,0.735,50.5,0.381,0.371,0.849,0.75
tie2,KarmaDock Aligned,0.5,NEF,,29.975,96.694,29.975,40,1240,7,6.769,0.999,877.317,0.585,96.694,0.399,0.281,0.628,0.549
tie2,KarmaDock Aligned,1.0,NEF,,21.8,70.323,21.8,40,1240,13,9.142,0.986,71.087,0.613,70.323,0.391,0.334,0.628,0.549
tie2,KarmaDock Aligned,5.0,NEF,,7.113,22.944,7.113,40,1240,62,14.225,0.899,8.933,0.658,35.564,0.256,0.249,0.628,0.549
tk,KarmaDock Aligned,0.5,NEF,,5.142,16.586,5.142,40,1240,7,1.161,0.856,5.965,0.512,16.586,0.057,0.04,0.57,0.08
tk,KarmaDock Aligned,1.0,NEF,,2.571,8.293,2.571,40,1240,13,1.078,0.731,2.713,0.509,8.293,0.03,0.025,0.57,0.08
tk,KarmaDock Aligned,5.0,NEF,,1.517,4.894,1.517,40,1240,62,3.034,0.607,1.544,0.513,7.586,0.022,0.021,0.57,0.08
tp,KarmaDock Aligned,0.5,NEF,,15.36,49.548,15.36,40,1240,7,3.468,0.967,29.463,0.542,49.548,0.198,0.139,0.807,0.421
tp,KarmaDock Aligned,1.0,NEF,,10.24,33.032,10.24,40,1240,13,4.294,0.937,14.798,0.55,33.032,0.174,0.149,0.807,0.421
tp,KarmaDock Aligned,5.0,NEF,,6.525,21.05,6.525,40,1240,62,13.051,0.889,7.999,0.643,32.627,0.231,0.226,0.807,0.421
tpa,KarmaDock Aligned,0.5,NEF,,23.26,75.032,23.26,40,1240,7,5.252,0.989,90.155,0.565,75.032,0.306,0.216,0.896,0.542
tpa,KarmaDock Aligned,1.0,NEF,,18.502,59.685,18.502,40,1240,13,7.759,0.978,44.414,0.595,59.685,0.329,0.281,0.896,0.542
tpa,KarmaDock Aligned,5.0,NEF,,10.026,32.341,10.026,40,1240,62,20.052,0.935,14.34,0.733,50.129,0.378,0.368,0.896,0.542
ts,KarmaDock Aligned,0.5,NEF,,0.0,0.0,0.0,40,1239,7,0.0,0.0,0.0,0.497,0.0,-0.014,-0.01,0.58,0.108
ts,KarmaDock Aligned,1.0,NEF,,2.542,8.206,2.542,40,1239,13,1.067,0.728,2.679,0.508,8.206,0.029,0.025,0.58,0.108
ts,KarmaDock Aligned,5.0,NEF,,3.5,11.299,3.5,40,1239,62,7.006,0.792,3.818,0.565,17.514,0.105,0.102,0.58,0.108
upa,KarmaDock Aligned,0.5,NEF,,29.9,96.452,29.9,40,1240,7,6.752,0.999,815.455,0.584,96.452,0.398,0.28,0.699,0.603
upa,KarmaDock Aligned,1.0,NEF,,27.182,87.683,27.182,40,1240,13,11.399,0.995,213.571,0.642,87.683,0.492,0.421,0.699,0.603
upa,KarmaDock Aligned,5.0,NEF,,6.588,21.252,6.588,40,1240,62,13.176,0.89,8.096,0.644,32.941,0.234,0.228,0.699,0.603
vegfr1,KarmaDock Aligned,0.5,NEF,,17.1,55.161,17.1,40,1240,7,3.861,0.974,36.906,0.547,55.161,0.221,0.156,0.675,0.422
vegfr1,KarmaDock Aligned,1.0,NEF,,15.545,50.147,15.545,40,1240,13,6.519,0.968,30.176,0.579,50.147,0.273,0.234,0.675,0.422
vegfr1,KarmaDock Aligned,5.0,NEF,,5.0,16.129,5.0,40,1240,62,10.0,0.852,5.769,0.603,25.0,0.168,0.163,0.675,0.422
vegfr2,KarmaDock Aligned,0.5,NEF,,15.262,49.234,15.262,40,1240,7,3.446,0.967,29.095,0.542,49.234,0.196,0.138,0.817,0.485
vegfr2,KarmaDock Aligned,1.0,NEF,,20.35,65.645,20.35,40,1240,13,8.534,0.983,57.324,0.605,65.645,0.364,0.311,0.817,0.485
vegfr2,KarmaDock Aligned,5.0,NEF,,7.006,22.599,7.006,40,1240,62,14.011,0.898,8.759,0.655,35.029,0.252,0.245,0.817,0.485
11betahsd1,KarmaDock FF,0.5,NEF,,0.0,0.0,0.0,40,1240,7,0.0,0.0,0.0,0.497,0.0,-0.014,-0.01,0.614,0.067
11betahsd1,KarmaDock FF,1.0,NEF,,0.0,0.0,0.0,40,1240,13,0.0,0.0,0.0,0.495,0.0,-0.019,-0.016,0.614,0.067
11betahsd1,KarmaDock FF,5.0,NEF,,2.537,8.183,2.537,40,1240,62,5.073,0.728,2.674,0.54,12.683,0.064,0.063,0.614,0.067
17betahsd1,KarmaDock FF,0.5,NEF,,0.0,0.0,0.0,40,1240,7,0.0,0.0,0.0,0.497,0.0,-0.014,-0.01,0.498,0.023
17betahsd1,KarmaDock FF,1.0,NEF,,0.0,0.0,0.0,40,1240,13,0.0,0.0,0.0,0.495,0.0,-0.019,-0.016,0.498,0.023
17betahsd1,KarmaDock FF,5.0,NEF,,0.503,1.622,0.503,40,1240,62,1.006,0.331,0.495,0.487,2.514,-0.021,-0.02,0.498,0.023
a2a,KarmaDock FF,0.5,NEF,,15.35,49.516,15.35,40,1240,7,3.466,0.967,29.425,0.542,49.516,0.197,0.139,0.669,0.268
a2a,KarmaDock FF,1.0,NEF,,7.675,24.758,7.675,40,1240,13,3.219,0.908,9.871,0.536,24.758,0.125,0.107,0.669,0.268
a2a,KarmaDock FF,5.0,NEF,,4.026,12.988,4.026,40,1240,62,8.052,0.817,4.478,0.578,20.131,0.127,0.124,0.669,0.268
ace,KarmaDock FF,0.5,NEF,,20.583,66.398,20.583,40,1240,7,4.648,0.983,59.28,0.557,66.398,0.269,0.19,0.838,0.547
ace,KarmaDock FF,1.0,NEF,,23.156,74.698,23.156,40,1240,13,9.711,0.989,88.566,0.62,74.698,0.416,0.356,0.838,0.547
ace,KarmaDock FF,5.0,NEF,,7.592,24.491,7.592,40,1240,62,15.184,0.907,9.73,0.67,37.961,0.276,0.269,0.838,0.547
ace2,KarmaDock FF,0.5,NEF,,0.0,0.0,0.0,40,1240,7,0.0,0.0,0.0,0.497,0.0,-0.014,-0.01,0.521,0.036
ace2,KarmaDock FF,1.0,NEF,,0.0,0.0,0.0,40,1240,13,0.0,0.0,0.0,0.495,0.0,-0.019,-0.016,0.521,0.036
ace2,KarmaDock FF,5.0,NEF,,1.523,4.914,1.523,40,1240,62,3.047,0.608,1.55,0.514,7.617,0.022,0.021,0.521,0.036
ache,KarmaDock FF,0.5,NEF,,5.075,16.371,5.075,40,1240,7,1.146,0.854,5.873,0.512,16.371,0.056,0.04,0.571,0.188
ache,KarmaDock FF,1.0,NEF,,5.075,16.371,5.075,40,1240,13,2.128,0.854,5.873,0.522,16.371,0.077,0.066,0.571,0.188
ache,KarmaDock FF,5.0,NEF,,4.568,14.734,4.568,40,1240,62,9.135,0.838,5.184,0.592,22.838,0.149,0.146,0.571,0.188
adam17,KarmaDock FF,0.5,NEF,,5.121,16.519,5.121,40,1240,7,1.156,0.856,5.936,0.512,16.519,0.057,0.04,0.712,0.292
adam17,KarmaDock FF,1.0,NEF,,10.242,33.038,10.242,40,1240,13,4.295,0.937,14.801,0.55,33.038,0.174,0.149,0.712,0.292
adam17,KarmaDock FF,5.0,NEF,,5.541,17.873,5.541,40,1240,62,11.081,0.867,6.529,0.617,27.703,0.19,0.185,0.712,0.292
adrb2,KarmaDock FF,0.5,NEF,,0.0,0.0,0.0,40,1240,7,0.0,0.0,0.0,0.497,0.0,-0.014,-0.01,0.598,0.075
adrb2,KarmaDock FF,1.0,NEF,,2.616,8.438,2.616,40,1240,13,1.097,0.734,2.765,0.509,8.438,0.03,0.026,0.598,0.075
adrb2,KarmaDock FF,5.0,NEF,,2.524,8.142,2.524,40,1240,62,5.048,0.727,2.659,0.539,12.621,0.064,0.062,0.598,0.075
akt1,KarmaDock FF,0.5,NEF,,17.745,57.242,17.745,40,1240,7,4.007,0.976,40.162,0.549,57.242,0.23,0.162,0.892,0.562
akt1,KarmaDock FF,1.0,NEF,,16.132,52.038,16.132,40,1240,13,6.765,0.97,32.55,0.582,52.038,0.284,0.243,0.892,0.562
akt1,KarmaDock FF,5.0,NEF,,10.527,33.957,10.527,40,1240,62,21.053,0.939,15.425,0.746,52.633,0.399,0.389,0.892,0.562
alr2,KarmaDock FF,0.5,NEF,,0.0,0.0,0.0,40,1240,7,0.0,0.0,0.0,0.497,0.0,-0.014,-0.01,0.479,0.027
alr2,KarmaDock FF,1.0,NEF,,0.0,0.0,0.0,40,1240,13,0.0,0.0,0.0,0.495,0.0,-0.019,-0.016,0.479,0.027
alr2,KarmaDock FF,5.0,NEF,,1.506,4.859,1.506,40,1240,62,3.012,0.605,1.532,0.513,7.531,0.021,0.021,0.479,0.027
ar,KarmaDock FF,0.5,NEF,,16.075,51.855,16.075,40,1240,7,3.63,0.97,32.312,0.544,51.855,0.207,0.146,0.905,0.969
ar,KarmaDock FF,1.0,NEF,,16.075,51.855,16.075,40,1240,13,6.741,0.97,32.312,0.582,51.855,0.283,0.242,0.905,0.969
ar,KarmaDock FF,5.0,NEF,,9.545,30.789,9.545,40,1240,62,19.089,0.93,13.346,0.721,47.723,0.358,0.349,0.905,0.969
aurka,KarmaDock FF,0.5,NEF,,30.275,97.661,30.275,40,1240,7,6.836,0.999,1252.759,0.585,97.661,0.403,0.284,0.983,0.919
aurka,KarmaDock FF,1.0,NEF,,27.752,89.523,27.752,40,1240,13,11.638,0.996,256.337,0.645,89.523,0.503,0.43,0.983,0.919
aurka,KarmaDock FF,5.0,NEF,,17.156,55.341,17.156,40,1240,62,34.312,0.974,37.176,0.917,85.779,0.677,0.659,0.983,0.919
aurkb,KarmaDock FF,0.5,NEF,,25.312,81.653,25.312,40,1240,7,5.716,0.993,133.516,0.571,81.653,0.334,0.236,0.982,0.864
aurkb,KarmaDock FF,1.0,NEF,,25.312,81.653,25.312,40,1240,13,10.615,0.993,133.516,0.632,81.653,0.457,0.391,0.982,0.864
aurkb,KarmaDock FF,5.0,NEF,,16.2,52.258,16.2,40,1240,62,32.4,0.97,32.838,0.893,81.0,0.637,0.62,0.982,0.864
bcl2,KarmaDock FF,0.5,NEF,,15.262,49.234,15.262,40,1240,7,3.446,0.967,29.095,0.542,49.234,0.196,0.138,0.83,0.491
bcl2,KarmaDock FF,1.0,NEF,,15.262,49.234,15.262,40,1240,13,6.4,0.967,29.095,0.577,49.234,0.268,0.229,0.83,0.491
bcl2,KarmaDock FF,5.0,NEF,,8.507,27.442,8.507,40,1240,62,17.014,0.919,11.346,0.694,42.535,0.314,0.306,0.83,0.491
braf,KarmaDock FF,0.5,NEF,,10.083,32.527,10.083,40,1240,7,2.277,0.935,14.462,0.526,32.527,0.125,0.088,0.728,0.307
braf,KarmaDock FF,1.0,NEF,,12.604,40.659,12.604,40,1240,13,5.286,0.954,20.555,0.563,40.659,0.218,0.187,0.728,0.307
braf,KarmaDock FF,5.0,NEF,,5.042,16.263,5.042,40,1240,62,10.083,0.854,5.827,0.604,25.208,0.169,0.165,0.728,0.307
catl,KarmaDock FF,0.5,NEF,,15.412,49.718,15.412,40,1240,7,3.48,0.967,29.663,0.542,49.718,0.198,0.14,0.694,0.483
catl,KarmaDock FF,1.0,NEF,,20.55,66.29,20.55,40,1240,13,8.618,0.983,58.995,0.606,66.29,0.367,0.314,0.694,0.483
catl,KarmaDock FF,5.0,NEF,,6.569,21.191,6.569,40,1240,62,13.139,0.89,8.067,0.644,32.846,0.233,0.227,0.694,0.483
cdk2,KarmaDock FF,0.5,NEF,,11.96,38.581,11.96,40,1240,7,2.701,0.95,18.845,0.532,38.581,0.151,0.106,0.901,0.49
cdk2,KarmaDock FF,1.0,NEF,,10.873,35.073,10.873,40,1240,13,4.56,0.942,16.206,0.553,35.073,0.186,0.159,0.901,0.49
cdk2,KarmaDock FF,5.0,NEF,,10.642,34.33,10.642,40,1240,62,21.285,0.94,15.683,0.749,53.212,0.404,0.394,0.901,0.49
cox1,KarmaDock FF,0.5,NEF,,5.6,18.065,5.6,40,1240,7,1.265,0.869,6.614,0.513,18.065,0.063,0.045,0.632,0.23
cox1,KarmaDock FF,1.0,NEF,,7.636,24.633,7.636,40,1240,13,3.202,0.907,9.805,0.536,24.633,0.125,0.107,0.632,0.23
cox1,KarmaDock FF,5.0,NEF,,4.0,12.903,4.0,40,1240,62,8.0,0.816,4.444,0.578,20.0,0.126,0.122,0.632,0.23
cox2,KarmaDock FF,0.5,NEF,,0.0,0.0,0.0,40,1240,7,0.0,0.0,0.0,0.497,0.0,-0.014,-0.01,0.702,0.059
cox2,KarmaDock FF,1.0,NEF,,0.0,0.0,0.0,40,1240,13,0.0,0.0,0.0,0.495,0.0,-0.019,-0.016,0.702,0.059
cox2,KarmaDock FF,5.0,NEF,,3.575,11.532,3.575,40,1240,62,7.15,0.796,3.911,0.567,17.875,0.108,0.105,0.702,0.059
ctsk,KarmaDock FF,0.5,NEF,,0.0,0.0,0.0,40,1240,7,0.0,0.0,0.0,0.497,0.0,-0.014,-0.01,0.481,0.236
ctsk,KarmaDock FF,1.0,NEF,,10.292,33.199,10.292,40,1240,13,4.316,0.937,14.909,0.55,33.199,0.175,0.149,0.481,0.236
ctsk,KarmaDock FF,5.0,NEF,,4.049,13.062,4.049,40,1240,62,8.098,0.818,4.507,0.579,20.246,0.128,0.124,0.481,0.236
cyp2a6,KarmaDock FF,0.5,NEF,,5.638,18.185,5.638,40,1240,7,1.273,0.87,6.668,0.514,18.185,0.064,0.045,0.486,0.1
cyp2a6,KarmaDock FF,1.0,NEF,,2.506,8.082,2.506,40,1240,13,1.051,0.725,2.638,0.508,8.082,0.028,0.024,0.486,0.1
cyp2a6,KarmaDock FF,5.0,NEF,,1.002,3.233,1.002,40,1240,62,2.004,0.501,1.002,0.5,5.011,0.0,0.0,0.486,0.1
dhfr,KarmaDock FF,0.5,NEF,,15.3,49.355,15.3,40,1240,7,3.455,0.967,29.236,0.542,49.355,0.197,0.139,0.826,0.615
dhfr,KarmaDock FF,1.0,NEF,,22.95,74.032,22.95,40,1240,13,9.624,0.988,85.528,0.619,74.032,0.412,0.353,0.826,0.615
dhfr,KarmaDock FF,5.0,NEF,,10.033,32.364,10.033,40,1240,62,20.066,0.935,14.355,0.733,50.164,0.378,0.369,0.826,0.615
egfr,KarmaDock FF,0.5,NEF,,30.1,97.097,30.1,40,1240,7,6.797,0.999,1003.333,0.585,97.097,0.4,0.282,0.868,0.735
egfr,KarmaDock FF,1.0,NEF,,25.083,80.914,25.083,40,1240,13,10.519,0.992,127.183,0.63,80.914,0.453,0.387,0.868,0.735
egfr,KarmaDock FF,5.0,NEF,,10.535,33.984,10.535,40,1240,62,21.07,0.939,15.443,0.746,52.675,0.399,0.389,0.868,0.735
ephb4,KarmaDock FF,0.5,NEF,,25.292,81.586,25.292,40,1240,7,5.711,0.993,132.92,0.571,81.586,0.334,0.236,0.997,0.969
ephb4,KarmaDock FF,1.0,NEF,,27.821,89.745,27.821,40,1240,13,11.667,0.996,262.529,0.645,89.745,0.504,0.431,0.997,0.969
ephb4,KarmaDock FF,5.0,NEF,,19.728,63.637,19.728,40,1240,62,39.455,0.981,52.502,0.984,98.638,0.784,0.764,0.997,0.969
erbb2,KarmaDock FF,0.5,NEF,,29.575,95.403,29.575,40,1240,7,6.678,0.998,622.632,0.583,95.403,0.393,0.277,0.935,0.855
erbb2,KarmaDock FF,1.0,NEF,,26.886,86.73,26.886,40,1240,13,11.275,0.995,196.077,0.64,86.73,0.486,0.416,0.935,0.855
erbb2,KarmaDock FF,5.0,NEF,,16.041,51.744,16.041,40,1240,62,32.081,0.97,32.169,0.889,80.203,0.63,0.614,0.935,0.855
er-beta,KarmaDock FF,0.5,NEF,,15.75,50.806,15.75,40,1240,7,3.556,0.969,30.984,0.543,50.806,0.203,0.143,0.872,0.726
er-beta,KarmaDock FF,1.0,NEF,,18.375,59.274,18.375,40,1240,13,7.706,0.978,43.663,0.594,59.274,0.327,0.279,0.872,0.726
er-beta,KarmaDock FF,5.0,NEF,,9.5,30.645,9.5,40,1240,62,19.0,0.93,13.256,0.72,47.5,0.356,0.347,0.872,0.726
fgfr1,KarmaDock FF,0.5,NEF,,29.475,95.081,29.475,40,1240,7,6.656,0.998,579.836,0.583,95.081,0.392,0.276,0.947,0.873
fgfr1,KarmaDock FF,1.0,NEF,,24.116,77.793,24.116,40,1240,13,10.113,0.991,105.094,0.625,77.793,0.434,0.372,0.947,0.873
fgfr1,KarmaDock FF,5.0,NEF,,14.229,45.901,14.229,40,1240,62,28.459,0.962,25.454,0.842,71.147,0.554,0.54,0.947,0.873
fkbp1a,KarmaDock FF,0.5,NEF,,30.825,99.435,30.825,40,1240,7,6.96,1.0,5284.286,0.587,99.435,0.41,0.289,0.971,0.991
fkbp1a,KarmaDock FF,1.0,NEF,,30.825,99.435,30.825,40,1240,13,12.927,1.0,5284.286,0.662,99.435,0.56,0.48,0.971,0.991
fkbp1a,KarmaDock FF,5.0,NEF,,16.676,53.793,16.676,40,1240,62,33.352,0.972,34.925,0.905,83.379,0.657,0.64,0.971,0.991
fxa,KarmaDock FF,0.5,NEF,,23.88,77.032,23.88,40,1240,7,5.392,0.99,100.618,0.567,77.032,0.315,0.222,0.969,0.886
fxa,KarmaDock FF,1.0,NEF,,27.136,87.537,27.136,40,1240,13,11.38,0.995,210.706,0.642,87.537,0.491,0.42,0.969,0.886
fxa,KarmaDock FF,5.0,NEF,,15.178,48.961,15.178,40,1240,62,30.356,0.966,28.779,0.866,75.89,0.594,0.579,0.969,0.886
gba,KarmaDock FF,0.5,NEF,,10.25,33.065,10.25,40,1240,7,2.315,0.937,14.819,0.527,33.065,0.127,0.09,0.635,0.141
gba,KarmaDock FF,1.0,NEF,,5.125,16.532,5.125,40,1240,13,2.149,0.856,5.942,0.522,16.532,0.078,0.066,0.635,0.141
gba,KarmaDock FF,5.0,NEF,,2.016,6.504,2.016,40,1240,62,4.033,0.676,2.087,0.526,10.082,0.043,0.041,0.635,0.141
gr,KarmaDock FF,0.5,NEF,,10.192,32.876,10.192,40,1240,7,2.301,0.936,14.694,0.527,32.876,0.126,0.089,0.654,0.244
gr,KarmaDock FF,1.0,NEF,,7.644,24.657,7.644,40,1240,13,3.205,0.908,9.818,0.536,24.657,0.125,0.107,0.654,0.244
gr,KarmaDock FF,5.0,NEF,,5.514,17.786,5.514,40,1240,62,11.027,0.866,6.49,0.617,27.568,0.189,0.184,0.654,0.244
gsk3b,KarmaDock FF,0.5,NEF,,30.125,97.177,30.125,40,1240,7,6.802,0.999,1032.857,0.585,97.177,0.401,0.283,0.934,0.65
gsk3b,KarmaDock FF,1.0,NEF,,17.573,56.687,17.573,40,1240,13,7.369,0.975,39.263,0.59,56.687,0.311,0.266,0.934,0.65
gsk3b,KarmaDock FF,5.0,NEF,,11.046,35.632,11.046,40,1240,62,22.092,0.943,16.607,0.76,55.229,0.421,0.41,0.934,0.65
hdac2,KarmaDock FF,0.5,NEF,,0.0,0.0,0.0,40,1240,7,0.0,0.0,0.0,0.497,0.0,-0.014,-0.01,0.521,0.039
hdac2,KarmaDock FF,1.0,NEF,,0.0,0.0,0.0,40,1240,13,0.0,0.0,0.0,0.495,0.0,-0.019,-0.016,0.521,0.039
hdac2,KarmaDock FF,5.0,NEF,,2.023,6.527,2.023,40,1240,62,4.047,0.677,2.095,0.526,10.117,0.043,0.042,0.521,0.039
hdac8,KarmaDock FF,0.5,NEF,,0.0,0.0,0.0,40,1240,7,0.0,0.0,0.0,0.497,0.0,-0.014,-0.01,0.44,0.001
hdac8,KarmaDock FF,1.0,NEF,,0.0,0.0,0.0,40,1240,13,0.0,0.0,0.0,0.495,0.0,-0.019,-0.016,0.44,0.001
hdac8,KarmaDock FF,5.0,NEF,,0.0,0.0,0.0,40,1240,62,0.0,0.0,0.0,0.474,0.0,-0.042,-0.041,0.44,0.001
hiv1pr,KarmaDock FF,0.5,NEF,,27.387,88.346,27.387,40,1240,7,6.184,0.996,227.431,0.577,88.346,0.363,0.256,0.875,0.903
hiv1pr,KarmaDock FF,1.0,NEF,,30.126,97.181,30.126,40,1240,13,12.634,0.999,1034.227,0.658,97.181,0.547,0.468,0.875,0.903
hiv1pr,KarmaDock FF,5.0,NEF,,16.432,53.008,16.432,40,1240,62,32.865,0.971,33.84,0.899,82.162,0.646,0.63,0.875,0.903
hiv1rt,KarmaDock FF,0.5,NEF,,0.0,0.0,0.0,40,1240,7,0.0,0.0,0.0,0.497,0.0,-0.014,-0.01,0.618,0.019
hiv1rt,KarmaDock FF,1.0,NEF,,0.0,0.0,0.0,40,1240,13,0.0,0.0,0.0,0.495,0.0,-0.019,-0.016,0.618,0.019
hiv1rt,KarmaDock FF,5.0,NEF,,1.014,3.272,1.014,40,1240,62,2.028,0.504,1.015,0.5,5.071,0.001,0.001,0.618,0.019
hmgr,KarmaDock FF,0.5,NEF,,30.925,99.758,30.925,40,1240,7,6.983,1.0,12370.0,0.587,99.758,0.412,0.29,0.961,0.997
hmgr,KarmaDock FF,1.0,NEF,,30.925,99.758,30.925,40,1240,13,12.969,1.0,12370.0,0.662,99.758,0.562,0.481,0.961,0.997
hmgr,KarmaDock FF,5.0,NEF,,17.744,57.238,17.744,40,1240,62,35.488,0.976,40.156,0.933,88.719,0.701,0.683,0.961,0.997
hsp90,KarmaDock FF,0.5,NEF,,25.271,81.519,25.271,40,1240,7,5.706,0.992,132.327,0.571,81.519,0.334,0.235,0.905,0.685
hsp90,KarmaDock FF,1.0,NEF,,25.271,81.519,25.271,40,1240,13,10.597,0.992,132.327,0.631,81.519,0.456,0.39,0.905,0.685
hsp90,KarmaDock FF,5.0,NEF,,12.13,39.129,12.13,40,1240,62,24.26,0.951,19.285,0.788,60.65,0.466,0.454,0.905,0.685
igf1r,KarmaDock FF,0.5,NEF,,29.075,93.79,29.075,40,1240,7,6.565,0.998,453.117,0.582,93.79,0.386,0.272,0.972,0.916
igf1r,KarmaDock FF,1.0,NEF,,29.075,93.79,29.075,40,1240,13,12.193,0.998,453.117,0.652,93.79,0.528,0.451,0.972,0.916
igf1r,KarmaDock FF,5.0,NEF,,14.036,45.278,14.036,40,1240,62,28.072,0.961,24.823,0.837,70.181,0.546,0.532,0.972,0.916
inha,KarmaDock FF,0.5,NEF,,0.0,0.0,0.0,40,1240,7,0.0,0.0,0.0,0.497,0.0,-0.014,-0.01,0.499,0.04
inha,KarmaDock FF,1.0,NEF,,0.0,0.0,0.0,40,1240,13,0.0,0.0,0.0,0.495,0.0,-0.019,-0.016,0.499,0.04
inha,KarmaDock FF,5.0,NEF,,2.008,6.478,2.008,40,1240,62,4.016,0.675,2.078,0.526,10.041,0.042,0.041,0.499,0.04
itk,KarmaDock FF,0.5,NEF,,15.212,49.073,15.212,40,1240,7,3.435,0.967,28.907,0.541,49.073,0.196,0.138,0.802,0.465
itk,KarmaDock FF,1.0,NEF,,15.212,49.073,15.213,40,1240,13,6.379,0.967,28.907,0.577,49.073,0.267,0.229,0.802,0.465
itk,KarmaDock FF,5.0,NEF,,8.62,27.808,8.62,40,1240,62,17.241,0.92,11.556,0.697,43.102,0.319,0.311,0.802,0.465
jak3,KarmaDock FF,0.5,NEF,,23.94,77.226,23.94,40,1240,7,5.406,0.99,101.728,0.567,77.226,0.316,0.223,0.942,0.718
jak3,KarmaDock FF,1.0,NEF,,24.484,78.981,24.484,40,1240,13,10.268,0.991,112.728,0.627,78.981,0.441,0.378,0.942,0.718
jak3,KarmaDock FF,5.0,NEF,,11.158,35.995,11.158,40,1240,62,22.317,0.944,16.871,0.762,55.792,0.425,0.415,0.942,0.718
jnk1,KarmaDock FF,0.5,NEF,,17.985,58.016,17.985,40,1240,7,4.061,0.976,41.456,0.55,58.016,0.234,0.165,0.853,0.534
jnk1,KarmaDock FF,1.0,NEF,,19.075,61.532,19.075,40,1240,13,7.999,0.98,47.987,0.598,61.532,0.34,0.291,0.853,0.534
jnk1,KarmaDock FF,5.0,NEF,,9.653,31.139,9.653,40,1240,62,19.306,0.931,13.566,0.724,48.265,0.362,0.353,0.853,0.534
jnk2,KarmaDock FF,0.5,NEF,,29.3,94.516,29.3,40,1240,7,6.616,0.998,517.059,0.583,94.516,0.389,0.275,0.586,0.444
jnk2,KarmaDock FF,1.0,NEF,,15.982,51.554,15.982,40,1240,13,6.702,0.97,31.925,0.581,51.554,0.282,0.241,0.586,0.444
jnk2,KarmaDock FF,5.0,NEF,,4.547,14.666,4.547,40,1240,62,9.093,0.838,5.156,0.592,22.733,0.149,0.145,0.586,0.444
jnk3,KarmaDock FF,0.5,NEF,,20.167,65.054,20.167,40,1240,7,4.554,0.982,55.846,0.556,65.054,0.264,0.186,0.864,0.698
jnk3,KarmaDock FF,1.0,NEF,,22.688,73.185,22.688,40,1240,13,9.514,0.988,81.88,0.617,73.185,0.408,0.349,0.864,0.698
jnk3,KarmaDock FF,5.0,NEF,,10.588,34.153,10.588,40,1240,62,21.175,0.94,15.56,0.748,52.938,0.402,0.391,0.864,0.698
kif11,KarmaDock FF,0.5,NEF,,5.038,16.25,5.038,40,1240,7,1.138,0.853,5.821,0.512,16.25,0.056,0.039,0.648,0.108
kif11,KarmaDock FF,1.0,NEF,,5.038,16.25,5.038,40,1240,13,2.112,0.853,5.821,0.522,16.25,0.076,0.065,0.648,0.108
kif11,KarmaDock FF,5.0,NEF,,1.008,3.25,1.008,40,1240,62,2.015,0.502,1.008,0.5,5.038,0.0,0.0,0.648,0.108
lck,KarmaDock FF,0.5,NEF,,25.062,80.847,25.062,40,1240,7,5.659,0.992,126.632,0.57,80.847,0.331,0.233,0.889,0.819
lck,KarmaDock FF,1.0,NEF,,25.062,80.847,25.062,40,1240,13,10.51,0.992,126.632,0.63,80.847,0.452,0.387,0.889,0.819
lck,KarmaDock FF,5.0,NEF,,14.536,46.891,14.536,40,1240,62,29.072,0.964,26.488,0.85,72.681,0.567,0.552,0.889,0.819
mdm2,KarmaDock FF,0.5,NEF,,29.925,96.532,29.925,40,1240,7,6.757,0.999,835.116,0.584,96.532,0.398,0.281,0.842,0.578
mdm2,KarmaDock FF,1.0,NEF,,24.484,78.981,24.484,40,1240,13,10.268,0.991,112.728,0.627,78.981,0.441,0.378,0.842,0.578
mdm2,KarmaDock FF,5.0,NEF,,8.115,26.178,8.115,40,1240,62,16.231,0.914,10.638,0.684,40.576,0.298,0.29,0.842,0.578
mk2,KarmaDock FF,0.5,NEF,,23.32,75.226,23.32,40,1240,7,5.266,0.989,91.094,0.565,75.226,0.307,0.217,0.933,0.648
mk2,KarmaDock FF,1.0,NEF,,23.85,76.935,23.85,40,1240,13,10.002,0.99,100.07,0.624,76.935,0.429,0.367,0.933,0.648
mk2,KarmaDock FF,5.0,NEF,,9.047,29.182,9.047,40,1240,62,18.093,0.925,12.362,0.708,45.233,0.337,0.328,0.933,0.648
mmp2,KarmaDock FF,0.5,NEF,,0.0,0.0,0.0,40,1240,7,0.0,0.0,0.0,0.497,0.0,-0.014,-0.01,0.422,0.033
mmp2,KarmaDock FF,1.0,NEF,,0.0,0.0,0.0,40,1240,13,0.0,0.0,0.0,0.495,0.0,-0.019,-0.016,0.422,0.033
mmp2,KarmaDock FF,5.0,NEF,,0.502,1.621,0.502,40,1240,62,1.005,0.331,0.494,0.487,2.512,-0.021,-0.02,0.422,0.033
na,KarmaDock FF,0.5,NEF,,30.975,99.919,30.975,40,1240,7,6.994,1.0,37170.0,0.587,99.919,0.412,0.291,0.995,1.043
na,KarmaDock FF,1.0,NEF,,30.975,99.919,30.975,40,1240,13,12.99,1.0,37170.0,0.662,99.919,0.563,0.482,0.995,1.043
na,KarmaDock FF,5.0,NEF,,18.788,60.607,18.788,40,1240,62,37.576,0.979,46.155,0.96,93.941,0.745,0.726,0.995,1.043
p38-alpha,KarmaDock FF,0.5,NEF,,25.438,82.056,25.438,40,1240,7,5.744,0.993,137.191,0.571,82.056,0.336,0.237,0.918,0.736
p38-alpha,KarmaDock FF,1.0,NEF,,22.894,73.851,22.894,40,1240,13,9.601,0.988,84.726,0.619,73.851,0.411,0.352,0.918,0.736
p38-alpha,KarmaDock FF,5.0,NEF,,11.509,37.127,11.509,40,1240,62,23.019,0.947,17.715,0.771,57.547,0.44,0.429,0.918,0.736
parp-1,KarmaDock FF,0.5,NEF,,30.075,97.016,30.075,40,1240,7,6.791,0.999,975.405,0.585,97.016,0.4,0.282,0.928,0.786
parp-1,KarmaDock FF,1.0,NEF,,27.569,88.931,27.569,40,1240,13,11.561,0.996,241.038,0.644,88.931,0.499,0.427,0.928,0.786
parp-1,KarmaDock FF,5.0,NEF,,12.531,40.423,12.531,40,1240,62,25.062,0.953,20.355,0.798,62.656,0.483,0.471,0.928,0.786
pde4b,KarmaDock FF,0.5,NEF,,30.8,99.355,30.8,40,1240,7,6.955,1.0,4620.0,0.587,99.355,0.41,0.289,0.908,0.673
pde4b,KarmaDock FF,1.0,NEF,,20.533,66.237,20.533,40,1240,13,8.611,0.983,58.854,0.606,66.237,0.367,0.314,0.908,0.673
pde4b,KarmaDock FF,5.0,NEF,,13.633,43.977,13.633,40,1240,62,27.266,0.959,23.549,0.826,68.164,0.529,0.516,0.908,0.673
pde5,KarmaDock FF,0.5,NEF,,10.233,33.011,10.233,40,1240,7,2.311,0.937,14.783,0.527,33.011,0.127,0.09,0.759,0.321
pde5,KarmaDock FF,1.0,NEF,,10.233,33.011,10.233,40,1240,13,4.291,0.937,14.783,0.55,33.011,0.174,0.148,0.759,0.321
pde5,KarmaDock FF,5.0,NEF,,5.033,16.235,5.033,40,1240,62,10.066,0.853,5.814,0.604,25.164,0.169,0.165,0.759,0.321
pdk1,KarmaDock FF,0.5,NEF,,30.175,97.339,30.175,40,1240,7,6.814,0.999,1097.273,0.585,97.339,0.401,0.283,0.973,1.022
pdk1,KarmaDock FF,1.0,NEF,,30.175,97.339,30.175,40,1240,13,12.654,0.999,1097.273,0.658,97.339,0.548,0.469,0.973,1.022
pdk1,KarmaDock FF,5.0,NEF,,18.105,58.403,18.105,40,1240,62,36.21,0.977,42.121,0.942,90.525,0.716,0.698,0.973,1.022
pi3kg,KarmaDock FF,0.5,NEF,,20.183,65.108,20.183,40,1240,7,4.558,0.982,55.978,0.556,65.108,0.264,0.186,0.816,0.439
pi3kg,KarmaDock FF,1.0,NEF,,15.138,48.831,15.138,40,1240,13,6.348,0.966,28.629,0.577,48.831,0.266,0.227,0.816,0.439
pi3kg,KarmaDock FF,5.0,NEF,,7.569,24.415,7.569,40,1240,62,15.138,0.906,9.691,0.67,37.844,0.275,0.268,0.816,0.439
pim-1,KarmaDock FF,0.5,NEF,,5.038,16.25,5.038,40,1240,7,1.138,0.853,5.821,0.512,16.25,0.056,0.039,0.807,0.44
pim-1,KarmaDock FF,1.0,NEF,,12.594,40.625,12.594,40,1240,13,5.281,0.954,20.526,0.563,40.625,0.218,0.186,0.807,0.44
pim-1,KarmaDock FF,5.0,NEF,,9.068,29.25,9.068,40,1240,62,18.135,0.925,12.403,0.708,45.338,0.338,0.329,0.807,0.44
pim-2,KarmaDock FF,0.5,NEF,,15.1,48.71,15.1,40,1240,7,3.41,0.966,28.491,0.541,48.71,0.194,0.137,0.862,0.464
pim-2,KarmaDock FF,1.0,NEF,,17.617,56.828,17.617,40,1240,13,7.388,0.975,39.489,0.59,56.828,0.312,0.267,0.862,0.464
pim-2,KarmaDock FF,5.0,NEF,,9.563,30.849,9.563,40,1240,62,19.127,0.93,13.384,0.721,47.817,0.359,0.35,0.862,0.464
pnp,KarmaDock FF,0.5,NEF,,30.775,99.274,30.775,40,1240,7,6.949,1.0,4103.333,0.587,99.274,0.41,0.289,0.943,0.81
pnp,KarmaDock FF,1.0,NEF,,28.21,91.001,28.21,40,1240,13,11.83,0.997,303.383,0.647,91.001,0.511,0.438,0.943,0.81
pnp,KarmaDock FF,5.0,NEF,,11.099,35.804,11.099,40,1240,62,22.198,0.944,16.732,0.761,55.496,0.423,0.412,0.943,0.81
ppara,KarmaDock FF,0.5,NEF,,17.1,55.161,17.1,40,1240,7,3.861,0.974,36.906,0.547,55.161,0.221,0.156,0.837,0.687
ppara,KarmaDock FF,1.0,NEF,,15.545,50.147,15.545,40,1240,13,6.519,0.968,30.176,0.579,50.147,0.273,0.234,0.837,0.687
ppara,KarmaDock FF,5.0,NEF,,12.5,40.323,12.5,40,1240,62,25.0,0.953,20.27,0.797,62.5,0.482,0.469,0.837,0.687
pparg,KarmaDock FF,0.5,NEF,,28.5,91.935,28.5,40,1240,7,6.435,0.997,342.0,0.58,91.935,0.378,0.267,0.712,0.453
pparg,KarmaDock FF,1.0,NEF,,15.545,50.147,15.545,40,1240,13,6.519,0.968,30.176,0.579,50.147,0.273,0.234,0.712,0.453
pparg,KarmaDock FF,5.0,NEF,,7.5,24.194,7.5,40,1240,62,15.0,0.905,9.574,0.668,37.5,0.272,0.265,0.712,0.453
pr,KarmaDock FF,0.5,NEF,,15.48,49.935,15.48,40,1240,7,3.495,0.968,29.923,0.542,49.935,0.199,0.14,0.62,0.383
pr,KarmaDock FF,1.0,NEF,,10.32,33.29,10.32,40,1240,13,4.328,0.937,14.971,0.55,33.29,0.175,0.15,0.62,0.383
pr,KarmaDock FF,5.0,NEF,,4.553,14.687,4.553,40,1240,62,9.106,0.838,5.165,0.592,22.765,0.149,0.145,0.62,0.383
prkcq,KarmaDock FF,0.5,NEF,,25.042,80.78,25.042,40,1240,7,5.655,0.992,126.084,0.57,80.78,0.331,0.233,0.871,0.703
prkcq,KarmaDock FF,1.0,NEF,,25.042,80.78,25.042,40,1240,13,10.501,0.992,126.084,0.63,80.78,0.452,0.387,0.871,0.703
prkcq,KarmaDock FF,5.0,NEF,,12.02,38.774,12.02,40,1240,62,24.04,0.95,18.999,0.785,60.1,0.462,0.45,0.871,0.703
pygl-in,KarmaDock FF,0.5,NEF,,20.533,66.237,20.533,40,1240,7,4.637,0.983,58.854,0.557,66.237,0.269,0.19,0.819,0.569
pygl-in,KarmaDock FF,1.0,NEF,,17.967,57.957,17.967,40,1240,13,7.534,0.976,41.355,0.592,57.957,0.319,0.273,0.819,0.569
pygl-in,KarmaDock FF,5.0,NEF,,9.593,30.947,9.593,40,1240,62,19.187,0.931,13.445,0.722,47.967,0.36,0.351,0.819,0.569
pygl-out,KarmaDock FF,0.5,NEF,,5.15,16.613,5.15,40,1240,7,1.163,0.857,5.977,0.512,16.613,0.057,0.04,0.812,0.118
pygl-out,KarmaDock FF,1.0,NEF,,2.575,8.306,2.575,40,1240,13,1.08,0.731,2.718,0.509,8.306,0.03,0.025,0.812,0.118
pygl-out,KarmaDock FF,5.0,NEF,,3.546,11.438,3.546,40,1240,62,7.092,0.795,3.875,0.566,17.73,0.107,0.104,0.812,0.118
qpct,KarmaDock FF,0.5,NEF,,20.633,66.559,20.633,40,1240,7,4.659,0.984,59.711,0.557,66.559,0.27,0.19,0.983,0.651
qpct,KarmaDock FF,1.0,NEF,,15.475,49.919,15.475,40,1240,13,6.49,0.968,29.903,0.578,49.919,0.272,0.233,0.983,0.651
qpct,KarmaDock FF,5.0,NEF,,16.236,52.374,16.236,40,1240,62,32.472,0.971,32.991,0.894,81.18,0.638,0.622,0.983,0.651
rock-1,KarmaDock FF,0.5,NEF,,25.146,81.116,25.146,40,1240,7,5.678,0.992,128.861,0.57,81.116,0.332,0.234,0.839,0.754
rock-1,KarmaDock FF,1.0,NEF,,25.146,81.116,25.146,40,1240,13,10.545,0.992,128.861,0.631,81.116,0.454,0.388,0.839,0.754
rock-1,KarmaDock FF,5.0,NEF,,11.567,37.313,11.567,40,1240,62,23.134,0.947,17.857,0.773,57.835,0.443,0.431,0.839,0.754
rxr,KarmaDock FF,0.5,NEF,,24.025,77.5,24.025,40,1240,7,5.425,0.99,103.333,0.567,77.5,0.317,0.223,0.977,0.948
rxr,KarmaDock FF,1.0,NEF,,24.025,77.5,24.025,40,1240,13,10.075,0.99,103.333,0.625,77.5,0.433,0.37,0.977,0.948
rxr,KarmaDock FF,5.0,NEF,,14.515,46.823,14.515,40,1240,62,29.03,0.964,26.415,0.849,72.576,0.566,0.552,0.977,0.948
sars-hcov,KarmaDock FF,0.5,NEF,,6.149,19.835,6.149,39,1209,7,1.388,0.881,7.423,0.515,19.835,0.072,0.051,0.588,0.099
sars-hcov,KarmaDock FF,1.0,NEF,,2.795,9.016,2.795,39,1209,13,1.172,0.748,2.973,0.51,9.016,0.034,0.029,0.588,0.099
sars-hcov,KarmaDock FF,5.0,NEF,,1.042,3.362,1.042,39,1209,61,2.051,0.511,1.044,0.501,5.258,0.002,0.002,0.588,0.099
sirt2,KarmaDock FF,0.5,NEF,,0.0,0.0,0.0,40,1240,7,0.0,0.0,0.0,0.497,0.0,-0.014,-0.01,0.567,0.021
sirt2,KarmaDock FF,1.0,NEF,,0.0,0.0,0.0,40,1240,13,0.0,0.0,0.0,0.495,0.0,-0.019,-0.016,0.567,0.021
sirt2,KarmaDock FF,5.0,NEF,,0.508,1.638,0.508,40,1240,62,1.016,0.333,0.5,0.487,2.54,-0.021,-0.02,0.567,0.021
src,KarmaDock FF,0.5,NEF,,30.275,97.661,30.275,40,1240,7,6.836,0.999,1252.759,0.585,97.661,0.403,0.284,0.866,0.731
src,KarmaDock FF,1.0,NEF,,25.229,81.384,25.229,40,1240,13,10.58,0.992,131.155,0.631,81.384,0.455,0.39,0.866,0.731
src,KarmaDock FF,5.0,NEF,,13.119,42.32,13.119,40,1240,62,26.238,0.957,22.011,0.813,65.596,0.508,0.495,0.866,0.731
thrombin,KarmaDock FF,0.5,NEF,,30.3,97.742,30.3,40,1240,7,6.842,0.999,1298.571,0.585,97.742,0.403,0.284,0.924,0.895
thrombin,KarmaDock FF,1.0,NEF,,30.3,97.742,30.3,40,1240,13,12.706,0.999,1298.571,0.659,97.742,0.551,0.471,0.924,0.895
thrombin,KarmaDock FF,5.0,NEF,,13.635,43.984,13.635,40,1240,62,27.27,0.959,23.556,0.826,68.175,0.529,0.516,0.924,0.895
tie2,KarmaDock FF,0.5,NEF,,29.975,96.694,29.975,40,1240,7,6.769,0.999,877.317,0.585,96.694,0.399,0.281,0.78,0.836
tie2,KarmaDock FF,1.0,NEF,,27.25,87.903,27.25,40,1240,13,11.427,0.995,218.0,0.642,87.903,0.493,0.422,0.78,0.836
tie2,KarmaDock FF,5.0,NEF,,12.193,39.333,12.193,40,1240,62,24.386,0.951,19.45,0.789,60.966,0.469,0.457,0.78,0.836
tk,KarmaDock FF,0.5,NEF,,25.708,82.93,25.708,40,1240,7,5.805,0.993,145.748,0.572,82.93,0.34,0.24,0.784,0.609
tk,KarmaDock FF,1.0,NEF,,23.138,74.637,23.138,40,1240,13,9.703,0.989,88.283,0.62,74.637,0.416,0.356,0.784,0.609
tk,KarmaDock FF,5.0,NEF,,8.598,27.734,8.598,40,1240,62,17.195,0.92,11.513,0.696,42.988,0.318,0.31,0.784,0.609
tp,KarmaDock FF,0.5,NEF,,25.6,82.581,25.6,40,1240,7,5.781,0.993,142.222,0.572,82.581,0.338,0.239,0.748,0.465
tp,KarmaDock FF,1.0,NEF,,17.92,57.806,17.92,40,1240,13,7.515,0.976,41.101,0.592,57.806,0.318,0.272,0.748,0.465
tp,KarmaDock FF,5.0,NEF,,4.518,14.573,4.518,40,1240,62,9.035,0.837,5.118,0.591,22.588,0.147,0.144,0.748,0.465
tpa,KarmaDock FF,0.5,NEF,,29.075,93.79,29.075,40,1240,7,6.565,0.998,453.117,0.582,93.79,0.386,0.272,0.938,0.838
tpa,KarmaDock FF,1.0,NEF,,26.432,85.264,26.432,40,1240,13,11.084,0.994,173.582,0.638,85.264,0.478,0.409,0.938,0.838
tpa,KarmaDock FF,5.0,NEF,,12.532,40.427,12.532,40,1240,62,25.065,0.953,20.358,0.798,62.662,0.483,0.471,0.938,0.838
ts,KarmaDock FF,0.5,NEF,,10.167,32.822,10.167,40,1239,7,2.298,0.936,14.645,0.527,32.822,0.126,0.089,0.615,0.259
ts,KarmaDock FF,1.0,NEF,,5.083,16.411,5.083,40,1239,13,2.133,0.855,5.885,0.522,16.411,0.077,0.066,0.615,0.259
ts,KarmaDock FF,5.0,NEF,,5.5,17.756,5.5,40,1239,62,11.009,0.866,6.472,0.616,27.522,0.189,0.184,0.615,0.259
upa,KarmaDock FF,0.5,NEF,,29.9,96.452,29.9,40,1240,7,6.752,0.999,815.455,0.584,96.452,0.398,0.28,0.717,0.754
upa,KarmaDock FF,1.0,NEF,,29.9,96.452,29.9,40,1240,13,12.539,0.999,815.455,0.657,96.452,0.543,0.465,0.717,0.754
upa,KarmaDock FF,5.0,NEF,,10.136,32.695,10.136,40,1240,62,20.271,0.936,14.574,0.736,50.678,0.383,0.373,0.717,0.754
vegfr1,KarmaDock FF,0.5,NEF,,11.4,36.774,11.4,40,1240,7,2.574,0.946,17.449,0.53,36.774,0.143,0.101,0.794,0.463
vegfr1,KarmaDock FF,1.0,NEF,,10.364,33.431,10.364,40,1240,13,4.346,0.938,15.066,0.551,33.431,0.176,0.151,0.794,0.463
vegfr1,KarmaDock FF,5.0,NEF,,7.5,24.194,7.5,40,1240,62,15.0,0.905,9.574,0.668,37.5,0.272,0.265,0.794,0.463
vegfr2,KarmaDock FF,0.5,NEF,,20.35,65.645,20.35,40,1240,7,4.595,0.983,57.324,0.556,65.645,0.266,0.188,0.866,0.484
vegfr2,KarmaDock FF,1.0,NEF,,15.262,49.234,15.262,40,1240,13,6.4,0.967,29.095,0.577,49.234,0.268,0.229,0.866,0.484
vegfr2,KarmaDock FF,5.0,NEF,,6.505,20.985,6.505,40,1240,62,13.011,0.888,7.967,0.642,32.527,0.231,0.225,0.866,0.484
11betahsd1,KarmaDock Raw,0.5,NEF,,0.0,0.0,0.0,40,1240,7,0.0,0.0,0.0,0.497,0.0,-0.014,-0.01,0.626,0.043
11betahsd1,KarmaDock Raw,1.0,NEF,,2.675,8.629,2.675,40,1240,13,1.122,0.739,2.833,0.509,8.629,0.031,0.027,0.626,0.043
11betahsd1,KarmaDock Raw,5.0,NEF,,1.015,3.273,1.015,40,1240,62,2.029,0.504,1.015,0.5,5.073,0.001,0.001,0.626,0.043
17betahsd1,KarmaDock Raw,0.5,NEF,,0.0,0.0,0.0,40,1240,7,0.0,0.0,0.0,0.497,0.0,-0.014,-0.01,0.508,0.023
17betahsd1,KarmaDock Raw,1.0,NEF,,0.0,0.0,0.0,40,1240,13,0.0,0.0,0.0,0.495,0.0,-0.019,-0.016,0.508,0.023
17betahsd1,KarmaDock Raw,5.0,NEF,,0.503,1.622,0.503,40,1240,62,1.006,0.331,0.495,0.487,2.514,-0.021,-0.02,0.508,0.023
a2a,KarmaDock Raw,0.5,NEF,,5.117,16.505,5.117,40,1240,7,1.155,0.856,5.93,0.512,16.505,0.057,0.04,0.685,0.223
a2a,KarmaDock Raw,1.0,NEF,,5.117,16.505,5.117,40,1240,13,2.146,0.856,5.93,0.522,16.505,0.077,0.066,0.685,0.223
a2a,KarmaDock Raw,5.0,NEF,,3.523,11.364,3.523,40,1240,62,7.046,0.794,3.846,0.565,17.615,0.106,0.103,0.685,0.223
ace,KarmaDock Raw,0.5,NEF,,20.583,66.398,20.583,40,1240,7,4.648,0.983,59.28,0.557,66.398,0.269,0.19,0.856,0.497
ace,KarmaDock Raw,1.0,NEF,,20.583,66.398,20.583,40,1240,13,8.632,0.983,59.28,0.606,66.398,0.368,0.315,0.856,0.497
ace,KarmaDock Raw,5.0,NEF,,6.074,19.593,6.074,40,1240,62,12.148,0.88,7.31,0.631,30.369,0.213,0.207,0.856,0.497
ace2,KarmaDock Raw,0.5,NEF,,0.0,0.0,0.0,40,1240,7,0.0,0.0,0.0,0.497,0.0,-0.014,-0.01,0.453,0.016
ace2,KarmaDock Raw,1.0,NEF,,0.0,0.0,0.0,40,1240,13,0.0,0.0,0.0,0.495,0.0,-0.019,-0.016,0.453,0.016
ace2,KarmaDock Raw,5.0,NEF,,1.523,4.914,1.523,40,1240,62,3.047,0.608,1.55,0.514,7.617,0.022,0.021,0.453,0.016
ache,KarmaDock Raw,0.5,NEF,,10.15,32.742,10.15,40,1240,7,2.292,0.936,14.604,0.527,32.742,0.126,0.089,0.581,0.191
ache,KarmaDock Raw,1.0,NEF,,7.612,24.556,7.612,40,1240,13,3.192,0.907,9.765,0.536,24.556,0.124,0.106,0.581,0.191
ache,KarmaDock Raw,5.0,NEF,,5.075,16.371,5.075,40,1240,62,10.15,0.854,5.873,0.605,25.375,0.171,0.166,0.581,0.191
adam17,KarmaDock Raw,0.5,NEF,,20.483,66.075,20.483,40,1240,7,4.625,0.983,58.431,0.557,66.075,0.268,0.189,0.688,0.429
adam17,KarmaDock Raw,1.0,NEF,,15.362,49.556,15.362,40,1240,13,6.442,0.967,29.472,0.578,49.556,0.27,0.231,0.688,0.429
adam17,KarmaDock Raw,5.0,NEF,,6.044,19.498,6.044,40,1240,62,12.089,0.879,7.266,0.63,30.221,0.211,0.206,0.688,0.429
adrb2,KarmaDock Raw,0.5,NEF,,0.0,0.0,0.0,40,1240,7,0.0,0.0,0.0,0.497,0.0,-0.014,-0.01,0.55,0.029
adrb2,KarmaDock Raw,1.0,NEF,,0.0,0.0,0.0,40,1240,13,0.0,0.0,0.0,0.495,0.0,-0.019,-0.016,0.55,0.029
adrb2,KarmaDock Raw,5.0,NEF,,0.505,1.628,0.505,40,1240,62,1.01,0.332,0.497,0.487,2.524,-0.021,-0.02,0.55,0.029
akt1,KarmaDock Raw,0.5,NEF,,17.745,57.242,17.745,40,1240,7,4.007,0.976,40.162,0.549,57.242,0.23,0.162,0.891,0.528
akt1,KarmaDock Raw,1.0,NEF,,13.443,43.365,13.443,40,1240,13,5.637,0.958,22.971,0.567,43.365,0.234,0.2,0.891,0.528
akt1,KarmaDock Raw,5.0,NEF,,10.527,33.957,10.527,40,1240,62,21.053,0.939,15.425,0.746,52.633,0.399,0.389,0.891,0.528
alr2,KarmaDock Raw,0.5,NEF,,0.0,0.0,0.0,40,1240,7,0.0,0.0,0.0,0.497,0.0,-0.014,-0.01,0.465,0.001
alr2,KarmaDock Raw,1.0,NEF,,0.0,0.0,0.0,40,1240,13,0.0,0.0,0.0,0.495,0.0,-0.019,-0.016,0.465,0.001
alr2,KarmaDock Raw,5.0,NEF,,0.0,0.0,0.0,40,1240,62,0.0,0.0,0.0,0.474,0.0,-0.042,-0.041,0.465,0.001
ar,KarmaDock Raw,0.5,NEF,,16.075,51.855,16.075,40,1240,7,3.63,0.97,32.312,0.544,51.855,0.207,0.146,0.887,0.935
ar,KarmaDock Raw,1.0,NEF,,16.075,51.855,16.075,40,1240,13,6.741,0.97,32.312,0.582,51.855,0.283,0.242,0.887,0.935
ar,KarmaDock Raw,5.0,NEF,,10.047,32.409,10.047,40,1240,62,20.094,0.935,14.385,0.734,50.234,0.379,0.369,0.887,0.935
aurka,KarmaDock Raw,0.5,NEF,,30.275,97.661,30.275,40,1240,7,6.836,0.999,1252.759,0.585,97.661,0.403,0.284,0.993,0.971
aurka,KarmaDock Raw,1.0,NEF,,27.752,89.523,27.752,40,1240,13,11.638,0.996,256.337,0.645,89.523,0.503,0.43,0.993,0.971
aurka,KarmaDock Raw,5.0,NEF,,18.165,58.597,18.165,40,1240,62,36.33,0.977,42.458,0.943,90.825,0.719,0.701,0.993,0.971
aurkb,KarmaDock Raw,0.5,NEF,,25.312,81.653,25.312,40,1240,7,5.716,0.993,133.516,0.571,81.653,0.334,0.236,0.988,0.941
aurkb,KarmaDock Raw,1.0,NEF,,27.844,89.819,27.844,40,1240,13,11.676,0.996,264.653,0.645,89.819,0.504,0.432,0.988,0.941
aurkb,KarmaDock Raw,5.0,NEF,,17.212,55.524,17.212,40,1240,62,34.425,0.974,37.452,0.919,86.062,0.679,0.662,0.988,0.941
bcl2,KarmaDock Raw,0.5,NEF,,20.35,65.645,20.35,40,1240,7,4.595,0.983,57.324,0.556,65.645,0.266,0.188,0.822,0.5
bcl2,KarmaDock Raw,1.0,NEF,,17.806,57.44,17.806,40,1240,13,7.467,0.976,40.488,0.591,57.44,0.316,0.27,0.822,0.5
bcl2,KarmaDock Raw,5.0,NEF,,7.006,22.599,7.006,40,1240,62,14.011,0.898,8.759,0.655,35.029,0.252,0.245,0.822,0.5
braf,KarmaDock Raw,0.5,NEF,,15.125,48.79,15.125,40,1240,7,3.415,0.966,28.583,0.541,48.79,0.194,0.137,0.828,0.326
braf,KarmaDock Raw,1.0,NEF,,7.562,24.395,7.562,40,1240,13,3.171,0.906,9.68,0.536,24.395,0.123,0.106,0.828,0.326
braf,KarmaDock Raw,5.0,NEF,,6.05,19.516,6.05,40,1240,62,12.1,0.879,7.275,0.63,30.25,0.212,0.206,0.828,0.326
catl,KarmaDock Raw,0.5,NEF,,10.275,33.145,10.275,40,1240,7,2.32,0.937,14.873,0.527,33.145,0.128,0.09,0.696,0.418
catl,KarmaDock Raw,1.0,NEF,,17.981,58.004,17.981,40,1240,13,7.541,0.976,41.435,0.592,58.004,0.319,0.273,0.696,0.418
catl,KarmaDock Raw,5.0,NEF,,6.569,21.191,6.569,40,1240,62,13.139,0.89,8.067,0.644,32.846,0.233,0.227,0.696,0.418
cdk2,KarmaDock Raw,0.5,NEF,,23.92,77.161,23.92,40,1240,7,5.401,0.99,101.356,0.567,77.161,0.315,0.222,0.924,0.679
cdk2,KarmaDock Raw,1.0,NEF,,24.464,78.915,24.464,40,1240,13,10.259,0.991,112.281,0.627,78.915,0.441,0.377,0.924,0.679
cdk2,KarmaDock Raw,5.0,NEF,,10.642,34.33,10.642,40,1240,62,21.285,0.94,15.683,0.749,53.212,0.404,0.394,0.924,0.679
cox1,KarmaDock Raw,0.5,NEF,,5.6,18.065,5.6,40,1240,7,1.265,0.869,6.614,0.513,18.065,0.063,0.045,0.62,0.161
cox1,KarmaDock Raw,1.0,NEF,,5.091,16.422,5.091,40,1240,13,2.135,0.855,5.895,0.522,16.422,0.077,0.066,0.62,0.161
cox1,KarmaDock Raw,5.0,NEF,,3.5,11.29,3.5,40,1240,62,7.0,0.792,3.818,0.565,17.5,0.105,0.102,0.62,0.161
cox2,KarmaDock Raw,0.5,NEF,,5.362,17.298,5.362,40,1240,7,1.211,0.863,6.275,0.513,17.298,0.06,0.042,0.646,0.094
cox2,KarmaDock Raw,1.0,NEF,,2.681,8.649,2.681,40,1240,13,1.124,0.74,2.84,0.509,8.649,0.032,0.027,0.646,0.094
cox2,KarmaDock Raw,5.0,NEF,,1.532,4.942,1.532,40,1240,62,3.064,0.609,1.56,0.514,7.661,0.022,0.022,0.646,0.094
ctsk,KarmaDock Raw,0.5,NEF,,0.0,0.0,0.0,40,1240,7,0.0,0.0,0.0,0.497,0.0,-0.014,-0.01,0.488,0.2
ctsk,KarmaDock Raw,1.0,NEF,,5.146,16.599,5.146,40,1240,13,2.158,0.857,5.971,0.522,16.599,0.078,0.067,0.488,0.2
ctsk,KarmaDock Raw,5.0,NEF,,5.061,16.327,5.061,40,1240,62,10.123,0.854,5.854,0.605,25.307,0.17,0.166,0.488,0.2
cyp2a6,KarmaDock Raw,0.5,NEF,,5.638,18.185,5.638,40,1240,7,1.273,0.87,6.668,0.514,18.185,0.064,0.045,0.483,0.225
cyp2a6,KarmaDock Raw,1.0,NEF,,7.517,24.247,7.517,40,1240,13,3.152,0.906,9.603,0.535,24.247,0.122,0.105,0.483,0.225
cyp2a6,KarmaDock Raw,5.0,NEF,,1.503,4.849,1.503,40,1240,62,3.007,0.605,1.529,0.513,7.517,0.021,0.021,0.483,0.225
dhfr,KarmaDock Raw,0.5,NEF,,15.3,49.355,15.3,40,1240,7,3.455,0.967,29.236,0.542,49.355,0.197,0.139,0.838,0.57
dhfr,KarmaDock Raw,1.0,NEF,,20.4,65.806,20.4,40,1240,13,8.555,0.983,57.736,0.605,65.806,0.365,0.312,0.838,0.57
dhfr,KarmaDock Raw,5.0,NEF,,9.03,29.127,9.03,40,1240,62,18.059,0.925,12.33,0.707,45.148,0.336,0.328,0.838,0.57
egfr,KarmaDock Raw,0.5,NEF,,30.1,97.097,30.1,40,1240,7,6.797,0.999,1003.333,0.585,97.097,0.4,0.282,0.853,0.789
egfr,KarmaDock Raw,1.0,NEF,,25.083,80.914,25.083,40,1240,13,10.519,0.992,127.183,0.63,80.914,0.453,0.387,0.853,0.789
egfr,KarmaDock Raw,5.0,NEF,,12.04,38.839,12.04,40,1240,62,24.08,0.95,19.051,0.785,60.2,0.462,0.451,0.853,0.789
ephb4,KarmaDock Raw,0.5,NEF,,25.292,81.586,25.292,40,1240,7,5.711,0.993,132.92,0.571,81.586,0.334,0.236,0.995,0.97
ephb4,KarmaDock Raw,1.0,NEF,,27.821,89.745,27.821,40,1240,13,11.667,0.996,262.529,0.645,89.745,0.504,0.431,0.995,0.97
ephb4,KarmaDock Raw,5.0,NEF,,19.222,62.005,19.222,40,1240,62,38.443,0.98,48.959,0.971,96.108,0.763,0.744,0.995,0.97
erbb2,KarmaDock Raw,0.5,NEF,,23.66,76.323,23.66,40,1240,7,5.343,0.99,96.703,0.566,76.323,0.312,0.22,0.939,0.832
erbb2,KarmaDock Raw,1.0,NEF,,26.886,86.73,26.886,40,1240,13,11.275,0.995,196.077,0.64,86.73,0.486,0.416,0.939,0.832
erbb2,KarmaDock Raw,5.0,NEF,,14.537,46.893,14.537,40,1240,62,29.074,0.964,26.49,0.85,72.684,0.567,0.553,0.939,0.832
er-beta,KarmaDock Raw,0.5,NEF,,21.0,67.742,21.0,40,1240,7,4.742,0.984,63.0,0.558,67.742,0.275,0.194,0.903,0.652
er-beta,KarmaDock Raw,1.0,NEF,,15.75,50.806,15.75,40,1240,13,6.605,0.969,30.984,0.58,50.806,0.277,0.237,0.903,0.652
er-beta,KarmaDock Raw,5.0,NEF,,9.0,29.032,9.0,40,1240,62,18.0,0.925,12.273,0.707,45.0,0.335,0.327,0.903,0.652
fgfr1,KarmaDock Raw,0.5,NEF,,29.475,95.081,29.475,40,1240,7,6.656,0.998,579.836,0.583,95.081,0.392,0.276,0.951,0.91
fgfr1,KarmaDock Raw,1.0,NEF,,29.475,95.081,29.475,40,1240,13,12.36,0.998,579.836,0.654,95.081,0.535,0.458,0.951,0.91
fgfr1,KarmaDock Raw,5.0,NEF,,14.229,45.901,14.229,40,1240,62,28.459,0.962,25.454,0.842,71.147,0.554,0.54,0.951,0.91
fkbp1a,KarmaDock Raw,0.5,NEF,,30.825,99.435,30.825,40,1240,7,6.96,1.0,5284.286,0.587,99.435,0.41,0.289,0.978,0.99
fkbp1a,KarmaDock Raw,1.0,NEF,,30.825,99.435,30.825,40,1240,13,12.927,1.0,5284.286,0.662,99.435,0.56,0.48,0.978,0.99
fkbp1a,KarmaDock Raw,5.0,NEF,,16.17,52.163,16.17,40,1240,62,32.341,0.97,32.713,0.892,80.852,0.635,0.619,0.978,0.99
fxa,KarmaDock Raw,0.5,NEF,,23.88,77.032,23.88,40,1240,7,5.392,0.99,100.618,0.567,77.032,0.315,0.222,0.97,0.871
fxa,KarmaDock Raw,1.0,NEF,,24.423,78.783,24.423,40,1240,13,10.242,0.991,111.396,0.627,78.783,0.44,0.377,0.97,0.871
fxa,KarmaDock Raw,5.0,NEF,,15.684,50.593,15.684,40,1240,62,31.368,0.968,30.72,0.879,78.419,0.615,0.599,0.97,0.871
gba,KarmaDock Raw,0.5,NEF,,10.25,33.065,10.25,40,1240,7,2.315,0.937,14.819,0.527,33.065,0.127,0.09,0.636,0.218
gba,KarmaDock Raw,1.0,NEF,,10.25,33.065,10.25,40,1240,13,4.298,0.937,14.819,0.55,33.065,0.174,0.149,0.636,0.218
gba,KarmaDock Raw,5.0,NEF,,2.016,6.504,2.016,40,1240,62,4.033,0.676,2.087,0.526,10.082,0.043,0.041,0.636,0.218
gr,KarmaDock Raw,0.5,NEF,,10.192,32.876,10.192,40,1240,7,2.301,0.936,14.694,0.527,32.876,0.126,0.089,0.645,0.229
gr,KarmaDock Raw,1.0,NEF,,7.644,24.657,7.644,40,1240,13,3.205,0.908,9.818,0.536,24.657,0.125,0.107,0.645,0.229
gr,KarmaDock Raw,5.0,NEF,,4.01,12.935,4.01,40,1240,62,8.02,0.817,4.457,0.578,20.049,0.126,0.123,0.645,0.229
gsk3b,KarmaDock Raw,0.5,NEF,,30.125,97.177,30.125,40,1240,7,6.802,0.999,1032.857,0.585,97.177,0.401,0.283,0.929,0.692
gsk3b,KarmaDock Raw,1.0,NEF,,20.083,64.785,20.083,40,1240,13,8.422,0.982,55.191,0.603,64.785,0.359,0.307,0.929,0.692
gsk3b,KarmaDock Raw,5.0,NEF,,11.046,35.632,11.046,40,1240,62,22.092,0.943,16.607,0.76,55.229,0.421,0.41,0.929,0.692
hdac2,KarmaDock Raw,0.5,NEF,,0.0,0.0,0.0,40,1240,7,0.0,0.0,0.0,0.497,0.0,-0.014,-0.01,0.539,0.04
hdac2,KarmaDock Raw,1.0,NEF,,0.0,0.0,0.0,40,1240,13,0.0,0.0,0.0,0.495,0.0,-0.019,-0.016,0.539,0.04
hdac2,KarmaDock Raw,5.0,NEF,,1.518,4.895,1.518,40,1240,62,3.035,0.607,1.544,0.513,7.587,0.022,0.021,0.539,0.04
hdac8,KarmaDock Raw,0.5,NEF,,0.0,0.0,0.0,40,1240,7,0.0,0.0,0.0,0.497,0.0,-0.014,-0.01,0.397,0.002
hdac8,KarmaDock Raw,1.0,NEF,,0.0,0.0,0.0,40,1240,13,0.0,0.0,0.0,0.495,0.0,-0.019,-0.016,0.397,0.002
hdac8,KarmaDock Raw,5.0,NEF,,0.506,1.631,0.506,40,1240,62,1.011,0.332,0.498,0.487,2.529,-0.021,-0.02,0.397,0.002
hiv1pr,KarmaDock Raw,0.5,NEF,,32.865,106.016,32.865,40,1240,7,7.421,1.002,inf,0.593,100.0,0.438,0.309,0.89,0.902
hiv1pr,KarmaDock Raw,1.0,NEF,,27.387,88.346,27.387,40,1240,13,11.485,0.996,227.431,0.643,88.346,0.496,0.424,0.89,0.902
hiv1pr,KarmaDock Raw,5.0,NEF,,15.885,51.241,15.885,40,1240,62,31.769,0.969,31.527,0.885,79.423,0.623,0.608,0.89,0.902
hiv1rt,KarmaDock Raw,0.5,NEF,,0.0,0.0,0.0,40,1240,7,0.0,0.0,0.0,0.497,0.0,-0.014,-0.01,0.64,0.044
hiv1rt,KarmaDock Raw,1.0,NEF,,0.0,0.0,0.0,40,1240,13,0.0,0.0,0.0,0.495,0.0,-0.019,-0.016,0.64,0.044
hiv1rt,KarmaDock Raw,5.0,NEF,,1.521,4.907,1.521,40,1240,62,3.043,0.608,1.548,0.513,7.606,0.022,0.021,0.64,0.044
hmgr,KarmaDock Raw,0.5,NEF,,30.925,99.758,30.925,40,1240,7,6.983,1.0,12370.0,0.587,99.758,0.412,0.29,0.969,1.032
hmgr,KarmaDock Raw,1.0,NEF,,30.925,99.758,30.925,40,1240,13,12.969,1.0,12370.0,0.662,99.758,0.562,0.481,0.969,1.032
hmgr,KarmaDock Raw,5.0,NEF,,18.251,58.874,18.251,40,1240,62,36.502,0.977,42.946,0.946,91.254,0.723,0.704,0.969,1.032
hsp90,KarmaDock Raw,0.5,NEF,,20.217,65.215,20.217,40,1240,7,4.565,0.983,56.244,0.556,65.215,0.264,0.186,0.888,0.652
hsp90,KarmaDock Raw,1.0,NEF,,20.217,65.215,20.217,40,1240,13,8.478,0.983,56.244,0.604,65.215,0.361,0.309,0.888,0.652
hsp90,KarmaDock Raw,5.0,NEF,,10.614,34.238,10.614,40,1240,62,21.228,0.94,15.619,0.748,53.069,0.403,0.392,0.888,0.652
igf1r,KarmaDock Raw,0.5,NEF,,29.075,93.79,29.075,40,1240,7,6.565,0.998,453.117,0.582,93.79,0.386,0.272,0.983,0.897
igf1r,KarmaDock Raw,1.0,NEF,,26.432,85.264,26.432,40,1240,13,11.084,0.994,173.582,0.638,85.264,0.478,0.409,0.983,0.897
igf1r,KarmaDock Raw,5.0,NEF,,16.041,51.746,16.041,40,1240,62,32.083,0.97,32.172,0.889,80.207,0.63,0.614,0.983,0.897
inha,KarmaDock Raw,0.5,NEF,,0.0,0.0,0.0,40,1240,7,0.0,0.0,0.0,0.497,0.0,-0.014,-0.01,0.477,0.022
inha,KarmaDock Raw,1.0,NEF,,0.0,0.0,0.0,40,1240,13,0.0,0.0,0.0,0.495,0.0,-0.019,-0.016,0.477,0.022
inha,KarmaDock Raw,5.0,NEF,,1.506,4.859,1.506,40,1240,62,3.012,0.605,1.532,0.513,7.531,0.021,0.021,0.477,0.022
itk,KarmaDock Raw,0.5,NEF,,10.142,32.715,10.142,40,1240,7,2.29,0.936,14.586,0.527,32.715,0.126,0.089,0.809,0.482
itk,KarmaDock Raw,1.0,NEF,,12.677,40.894,12.677,40,1240,13,5.316,0.954,20.756,0.563,40.894,0.219,0.188,0.809,0.482
itk,KarmaDock Raw,5.0,NEF,,9.635,31.079,9.635,40,1240,62,19.269,0.931,13.528,0.723,48.173,0.362,0.352,0.809,0.482
jak3,KarmaDock Raw,0.5,NEF,,23.94,77.226,23.94,40,1240,7,5.406,0.99,101.728,0.567,77.226,0.316,0.223,0.951,0.767
jak3,KarmaDock Raw,1.0,NEF,,24.484,78.981,24.484,40,1240,13,10.268,0.991,112.728,0.627,78.981,0.441,0.378,0.951,0.767
jak3,KarmaDock Raw,5.0,NEF,,12.173,39.267,12.173,40,1240,62,24.346,0.951,19.397,0.789,60.864,0.468,0.456,0.951,0.767
jnk1,KarmaDock Raw,0.5,NEF,,17.985,58.016,17.985,40,1240,7,4.061,0.976,41.456,0.55,58.016,0.234,0.165,0.841,0.611
jnk1,KarmaDock Raw,1.0,NEF,,19.075,61.532,19.075,40,1240,13,7.999,0.98,47.987,0.598,61.532,0.34,0.291,0.841,0.611
jnk1,KarmaDock Raw,5.0,NEF,,10.669,34.416,10.669,40,1240,62,21.338,0.94,15.743,0.75,53.345,0.405,0.395,0.841,0.611
jnk2,KarmaDock Raw,0.5,NEF,,29.3,94.516,29.3,40,1240,7,6.616,0.998,517.059,0.583,94.516,0.389,0.275,0.601,0.467
jnk2,KarmaDock Raw,1.0,NEF,,18.645,60.147,18.645,40,1240,13,7.819,0.978,45.276,0.596,60.147,0.332,0.284,0.601,0.467
jnk2,KarmaDock Raw,5.0,NEF,,4.547,14.666,4.547,40,1240,62,9.093,0.838,5.156,0.592,22.733,0.149,0.145,0.601,0.467
jnk3,KarmaDock Raw,0.5,NEF,,25.208,81.317,25.208,40,1240,7,5.692,0.992,130.576,0.571,81.317,0.333,0.235,0.857,0.741
jnk3,KarmaDock Raw,1.0,NEF,,25.208,81.317,25.208,40,1240,13,10.571,0.992,130.576,0.631,81.317,0.455,0.389,0.857,0.741
jnk3,KarmaDock Raw,5.0,NEF,,11.092,35.78,11.092,40,1240,62,22.183,0.944,16.714,0.761,55.458,0.423,0.412,0.857,0.741
kif11,KarmaDock Raw,0.5,NEF,,5.038,16.25,5.038,40,1240,7,1.138,0.853,5.821,0.512,16.25,0.056,0.039,0.698,0.125
kif11,KarmaDock Raw,1.0,NEF,,5.038,16.25,5.038,40,1240,13,2.112,0.853,5.821,0.522,16.25,0.076,0.065,0.698,0.125
kif11,KarmaDock Raw,5.0,NEF,,3.526,11.375,3.526,40,1240,62,7.052,0.794,3.85,0.565,17.631,0.106,0.103,0.698,0.125
lck,KarmaDock Raw,0.5,NEF,,25.062,80.847,25.062,40,1240,7,5.659,0.992,126.632,0.57,80.847,0.331,0.233,0.903,0.79
lck,KarmaDock Raw,1.0,NEF,,25.062,80.847,25.062,40,1240,13,10.51,0.992,126.632,0.63,80.847,0.452,0.387,0.903,0.79
lck,KarmaDock Raw,5.0,NEF,,13.534,43.657,13.534,40,1240,62,27.068,0.959,23.246,0.824,67.669,0.525,0.512,0.903,0.79
mdm2,KarmaDock Raw,0.5,NEF,,23.94,77.226,23.94,40,1240,7,5.406,0.99,101.728,0.567,77.226,0.316,0.223,0.857,0.617
mdm2,KarmaDock Raw,1.0,NEF,,24.484,78.981,24.484,40,1240,13,10.268,0.991,112.728,0.627,78.981,0.441,0.378,0.857,0.617
mdm2,KarmaDock Raw,5.0,NEF,,10.651,34.359,10.651,40,1240,62,21.303,0.94,15.703,0.749,53.256,0.404,0.394,0.857,0.617
mk2,KarmaDock Raw,0.5,NEF,,23.32,75.226,23.32,40,1240,7,5.266,0.989,91.094,0.565,75.226,0.307,0.217,0.934,0.636
mk2,KarmaDock Raw,1.0,NEF,,18.55,59.839,18.55,40,1240,13,7.779,0.978,44.699,0.595,59.839,0.33,0.282,0.934,0.636
mk2,KarmaDock Raw,5.0,NEF,,11.057,35.667,11.057,40,1240,62,22.114,0.943,16.633,0.76,55.284,0.421,0.41,0.934,0.636
mmp2,KarmaDock Raw,0.5,NEF,,0.0,0.0,0.0,40,1240,7,0.0,0.0,0.0,0.497,0.0,-0.014,-0.01,0.414,0.021
mmp2,KarmaDock Raw,1.0,NEF,,0.0,0.0,0.0,40,1240,13,0.0,0.0,0.0,0.495,0.0,-0.019,-0.016,0.414,0.021
mmp2,KarmaDock Raw,5.0,NEF,,0.502,1.621,0.502,40,1240,62,1.005,0.331,0.494,0.487,2.512,-0.021,-0.02,0.414,0.021
na,KarmaDock Raw,0.5,NEF,,30.975,99.919,30.975,40,1240,7,6.994,1.0,37170.0,0.587,99.919,0.412,0.291,0.993,1.043
na,KarmaDock Raw,1.0,NEF,,30.975,99.919,30.975,40,1240,13,12.99,1.0,37170.0,0.662,99.919,0.563,0.482,0.993,1.043
na,KarmaDock Raw,5.0,NEF,,18.28,58.969,18.28,40,1240,62,36.561,0.977,43.115,0.946,91.402,0.724,0.705,0.993,1.043
p38-alpha,KarmaDock Raw,0.5,NEF,,25.438,82.056,25.438,40,1240,7,5.744,0.993,137.191,0.571,82.056,0.336,0.237,0.931,0.753
p38-alpha,KarmaDock Raw,1.0,NEF,,25.438,82.056,25.438,40,1240,13,10.667,0.993,137.191,0.632,82.056,0.459,0.393,0.931,0.753
p38-alpha,KarmaDock Raw,5.0,NEF,,13.011,41.97,13.011,40,1240,62,26.021,0.956,21.697,0.81,65.053,0.503,0.49,0.931,0.753
parp-1,KarmaDock Raw,0.5,NEF,,30.075,97.016,30.075,40,1240,7,6.791,0.999,975.405,0.585,97.016,0.4,0.282,0.918,0.804
parp-1,KarmaDock Raw,1.0,NEF,,27.569,88.931,27.569,40,1240,13,11.561,0.996,241.038,0.644,88.931,0.499,0.427,0.918,0.804
parp-1,KarmaDock Raw,5.0,NEF,,13.534,43.657,13.534,40,1240,62,27.068,0.959,23.246,0.824,67.669,0.525,0.512,0.918,0.804
pde4b,KarmaDock Raw,0.5,NEF,,20.533,66.237,20.533,40,1240,7,4.637,0.983,58.854,0.557,66.237,0.269,0.19,0.913,0.597
pde4b,KarmaDock Raw,1.0,NEF,,15.4,49.677,15.4,40,1240,13,6.458,0.967,29.615,0.578,49.677,0.271,0.232,0.913,0.597
pde4b,KarmaDock Raw,5.0,NEF,,13.633,43.977,13.633,40,1240,62,27.266,0.959,23.549,0.826,68.164,0.529,0.516,0.913,0.597
pde5,KarmaDock Raw,0.5,NEF,,15.35,49.516,15.35,40,1240,7,3.466,0.967,29.425,0.542,49.516,0.197,0.139,0.786,0.273
pde5,KarmaDock Raw,1.0,NEF,,7.675,24.758,7.675,40,1240,13,3.219,0.908,9.871,0.536,24.758,0.125,0.107,0.786,0.273
pde5,KarmaDock Raw,5.0,NEF,,5.033,16.235,5.033,40,1240,62,10.066,0.853,5.814,0.604,25.164,0.169,0.165,0.786,0.273
pdk1,KarmaDock Raw,0.5,NEF,,30.175,97.339,30.175,40,1240,7,6.814,0.999,1097.273,0.585,97.339,0.401,0.283,0.977,1.021
pdk1,KarmaDock Raw,1.0,NEF,,30.175,97.339,30.175,40,1240,13,12.654,0.999,1097.273,0.658,97.339,0.548,0.469,0.977,1.021
pdk1,KarmaDock Raw,5.0,NEF,,18.105,58.403,18.105,40,1240,62,36.21,0.977,42.121,0.942,90.525,0.716,0.698,0.977,1.021
pi3kg,KarmaDock Raw,0.5,NEF,,20.183,65.108,20.183,40,1240,7,4.558,0.982,55.978,0.556,65.108,0.264,0.186,0.85,0.5
pi3kg,KarmaDock Raw,1.0,NEF,,12.615,40.692,12.615,40,1240,13,5.29,0.954,20.584,0.563,40.692,0.218,0.187,0.85,0.5
pi3kg,KarmaDock Raw,5.0,NEF,,9.587,30.926,9.587,40,1240,62,19.174,0.931,13.432,0.722,47.935,0.36,0.35,0.85,0.5
pim-1,KarmaDock Raw,0.5,NEF,,10.075,32.5,10.075,40,1240,7,2.275,0.935,14.444,0.526,32.5,0.125,0.088,0.79,0.407
pim-1,KarmaDock Raw,1.0,NEF,,10.075,32.5,10.075,40,1240,13,4.225,0.935,14.444,0.549,32.5,0.171,0.146,0.79,0.407
pim-1,KarmaDock Raw,5.0,NEF,,8.564,27.625,8.564,40,1240,62,17.128,0.92,11.451,0.695,42.819,0.317,0.309,0.79,0.407
pim-2,KarmaDock Raw,0.5,NEF,,10.067,32.473,10.067,40,1240,7,2.273,0.935,14.427,0.526,32.473,0.125,0.088,0.843,0.347
pim-2,KarmaDock Raw,1.0,NEF,,10.067,32.473,10.067,40,1240,13,4.222,0.935,14.427,0.549,32.473,0.17,0.146,0.843,0.347
pim-2,KarmaDock Raw,5.0,NEF,,7.55,24.355,7.55,40,1240,62,15.1,0.906,9.659,0.669,37.75,0.274,0.267,0.843,0.347
pnp,KarmaDock Raw,0.5,NEF,,30.775,99.274,30.775,40,1240,7,6.949,1.0,4103.333,0.587,99.274,0.41,0.289,0.909,0.833
pnp,KarmaDock Raw,1.0,NEF,,28.21,91.001,28.21,40,1240,13,11.83,0.997,303.383,0.647,91.001,0.511,0.438,0.909,0.833
pnp,KarmaDock Raw,5.0,NEF,,11.099,35.804,11.099,40,1240,62,22.198,0.944,16.732,0.761,55.496,0.423,0.412,0.909,0.833
ppara,KarmaDock Raw,0.5,NEF,,22.8,73.548,22.8,40,1240,7,5.148,0.988,83.415,0.564,73.548,0.3,0.212,0.85,0.778
ppara,KarmaDock Raw,1.0,NEF,,20.727,66.862,20.727,40,1240,13,8.692,0.984,60.531,0.607,66.862,0.371,0.317,0.85,0.778
ppara,KarmaDock Raw,5.0,NEF,,14.5,46.774,14.5,40,1240,62,29.0,0.963,26.364,0.849,72.5,0.565,0.551,0.85,0.778
pparg,KarmaDock Raw,0.5,NEF,,22.8,73.548,22.8,40,1240,7,5.148,0.988,83.415,0.564,73.548,0.3,0.212,0.729,0.546
pparg,KarmaDock Raw,1.0,NEF,,15.545,50.147,15.545,40,1240,13,6.519,0.968,30.176,0.579,50.147,0.273,0.234,0.729,0.546
pparg,KarmaDock Raw,5.0,NEF,,9.0,29.032,9.0,40,1240,62,18.0,0.925,12.273,0.707,45.0,0.335,0.327,0.729,0.546
pr,KarmaDock Raw,0.5,NEF,,15.48,49.935,15.48,40,1240,7,3.495,0.968,29.923,0.542,49.935,0.199,0.14,0.622,0.332
pr,KarmaDock Raw,1.0,NEF,,7.74,24.968,7.74,40,1240,13,3.246,0.909,9.983,0.537,24.968,0.127,0.108,0.622,0.332
pr,KarmaDock Raw,5.0,NEF,,3.541,11.423,3.541,40,1240,62,7.082,0.795,3.869,0.566,17.706,0.106,0.104,0.622,0.332
prkcq,KarmaDock Raw,0.5,NEF,,20.033,64.624,20.033,40,1240,7,4.524,0.982,54.802,0.556,64.624,0.262,0.185,0.854,0.664
prkcq,KarmaDock Raw,1.0,NEF,,20.033,64.624,20.033,40,1240,13,8.401,0.982,54.802,0.603,64.624,0.358,0.306,0.854,0.664
prkcq,KarmaDock Raw,5.0,NEF,,14.023,45.237,14.023,40,1240,62,28.047,0.961,24.781,0.836,70.117,0.545,0.532,0.854,0.664
pygl-in,KarmaDock Raw,0.5,NEF,,5.133,16.559,5.133,40,1240,7,1.159,0.856,5.954,0.512,16.559,0.057,0.04,0.739,0.13
pygl-in,KarmaDock Raw,1.0,NEF,,2.567,8.28,2.567,40,1240,13,1.076,0.73,2.708,0.508,8.28,0.029,0.025,0.739,0.13
pygl-in,KarmaDock Raw,5.0,NEF,,4.544,14.659,4.544,40,1240,62,9.089,0.837,5.153,0.592,22.721,0.148,0.145,0.739,0.13
pygl-out,KarmaDock Raw,0.5,NEF,,5.15,16.613,5.15,40,1240,7,1.163,0.857,5.977,0.512,16.613,0.057,0.04,0.78,0.109
pygl-out,KarmaDock Raw,1.0,NEF,,2.575,8.306,2.575,40,1240,13,1.08,0.731,2.718,0.509,8.306,0.03,0.025,0.78,0.109
pygl-out,KarmaDock Raw,5.0,NEF,,2.026,6.536,2.026,40,1240,62,4.052,0.677,2.098,0.527,10.131,0.043,0.042,0.78,0.109
qpct,KarmaDock Raw,0.5,NEF,,25.792,83.199,25.792,40,1240,7,5.824,0.993,148.56,0.572,83.199,0.341,0.241,0.985,0.74
qpct,KarmaDock Raw,1.0,NEF,,25.792,83.199,25.792,40,1240,13,10.816,0.993,148.56,0.634,83.199,0.466,0.399,0.985,0.74
qpct,KarmaDock Raw,5.0,NEF,,16.236,52.374,16.236,40,1240,62,32.472,0.971,32.991,0.894,81.18,0.638,0.622,0.985,0.74
rock-1,KarmaDock Raw,0.5,NEF,,15.088,48.669,15.088,40,1240,7,3.407,0.966,28.445,0.541,48.669,0.194,0.137,0.869,0.617
rock-1,KarmaDock Raw,1.0,NEF,,17.602,56.781,17.602,40,1240,13,7.382,0.975,39.414,0.59,56.781,0.312,0.267,0.869,0.617
rock-1,KarmaDock Raw,5.0,NEF,,12.07,38.935,12.07,40,1240,62,24.14,0.95,19.128,0.786,60.35,0.464,0.452,0.869,0.617
rxr,KarmaDock Raw,0.5,NEF,,12.012,38.75,12.012,40,1240,7,2.712,0.95,18.98,0.532,38.75,0.151,0.107,0.942,0.726
rxr,KarmaDock Raw,1.0,NEF,,18.686,60.278,18.686,40,1240,13,7.836,0.979,45.524,0.596,60.278,0.332,0.284,0.942,0.726
rxr,KarmaDock Raw,5.0,NEF,,12.012,38.75,12.012,40,1240,62,24.025,0.95,18.98,0.784,60.062,0.461,0.449,0.942,0.726
sars-hcov,KarmaDock Raw,0.5,NEF,,6.149,19.835,6.149,39,1209,7,1.388,0.881,7.423,0.515,19.835,0.072,0.051,0.596,0.113
sars-hcov,KarmaDock Raw,1.0,NEF,,5.59,18.031,5.59,39,1209,13,2.344,0.868,6.599,0.525,18.031,0.087,0.075,0.596,0.113
sars-hcov,KarmaDock Raw,5.0,NEF,,1.563,5.043,1.563,39,1209,61,3.076,0.614,1.593,0.515,7.887,0.024,0.023,0.596,0.113
sirt2,KarmaDock Raw,0.5,NEF,,0.0,0.0,0.0,40,1240,7,0.0,0.0,0.0,0.497,0.0,-0.014,-0.01,0.548,0.003
sirt2,KarmaDock Raw,1.0,NEF,,0.0,0.0,0.0,40,1240,13,0.0,0.0,0.0,0.495,0.0,-0.019,-0.016,0.548,0.003
sirt2,KarmaDock Raw,5.0,NEF,,0.0,0.0,0.0,40,1240,62,0.0,0.0,0.0,0.474,0.0,-0.042,-0.041,0.548,0.003
src,KarmaDock Raw,0.5,NEF,,30.275,97.661,30.275,40,1240,7,6.836,0.999,1252.759,0.585,97.661,0.403,0.284,0.852,0.744
src,KarmaDock Raw,1.0,NEF,,22.706,73.246,22.706,40,1240,13,9.522,0.988,82.133,0.618,73.246,0.408,0.349,0.852,0.744
src,KarmaDock Raw,5.0,NEF,,12.11,39.065,12.11,40,1240,62,24.22,0.951,19.232,0.787,60.55,0.465,0.453,0.852,0.744
thrombin,KarmaDock Raw,0.5,NEF,,30.3,97.742,30.3,40,1240,7,6.842,0.999,1298.571,0.585,97.742,0.403,0.284,0.94,0.922
thrombin,KarmaDock Raw,1.0,NEF,,30.3,97.742,30.3,40,1240,13,12.706,0.999,1298.571,0.659,97.742,0.551,0.471,0.94,0.922
thrombin,KarmaDock Raw,5.0,NEF,,15.15,48.871,15.15,40,1240,62,30.3,0.966,28.675,0.866,75.75,0.593,0.578,0.94,0.922
tie2,KarmaDock Raw,0.5,NEF,,29.975,96.694,29.975,40,1240,7,6.769,0.999,877.317,0.585,96.694,0.399,0.281,0.788,0.814
tie2,KarmaDock Raw,1.0,NEF,,27.25,87.903,27.25,40,1240,13,11.427,0.995,218.0,0.642,87.903,0.493,0.422,0.788,0.814
tie2,KarmaDock Raw,5.0,NEF,,12.193,39.333,12.193,40,1240,62,24.386,0.951,19.45,0.789,60.966,0.469,0.457,0.788,0.814
tk,KarmaDock Raw,0.5,NEF,,15.425,49.758,15.425,40,1240,7,3.483,0.967,29.711,0.542,49.758,0.198,0.14,0.765,0.452
tk,KarmaDock Raw,1.0,NEF,,15.425,49.758,15.425,40,1240,13,6.469,0.967,29.711,0.578,49.758,0.271,0.232,0.765,0.452
tk,KarmaDock Raw,5.0,NEF,,9.103,29.365,9.103,40,1240,62,18.207,0.926,12.472,0.709,45.516,0.339,0.331,0.765,0.452
tp,KarmaDock Raw,0.5,NEF,,20.48,66.065,20.48,40,1240,7,4.625,0.983,58.403,0.557,66.065,0.268,0.189,0.718,0.451
tp,KarmaDock Raw,1.0,NEF,,15.36,49.548,15.36,40,1240,13,6.441,0.967,29.463,0.578,49.548,0.27,0.231,0.718,0.451
tp,KarmaDock Raw,5.0,NEF,,4.518,14.573,4.518,40,1240,62,9.035,0.837,5.118,0.591,22.588,0.147,0.144,0.718,0.451
tpa,KarmaDock Raw,0.5,NEF,,29.075,93.79,29.075,40,1240,7,6.565,0.998,453.117,0.582,93.79,0.386,0.272,0.968,0.892
tpa,KarmaDock Raw,1.0,NEF,,29.075,93.79,29.075,40,1240,13,12.193,0.998,453.117,0.652,93.79,0.528,0.451,0.968,0.892
tpa,KarmaDock Raw,5.0,NEF,,14.036,45.278,14.036,40,1240,62,28.072,0.961,24.823,0.837,70.181,0.546,0.532,0.968,0.892
ts,KarmaDock Raw,0.5,NEF,,0.0,0.0,0.0,40,1239,7,0.0,0.0,0.0,0.497,0.0,-0.014,-0.01,0.599,0.116
ts,KarmaDock Raw,1.0,NEF,,0.0,0.0,0.0,40,1239,13,0.0,0.0,0.0,0.495,0.0,-0.019,-0.016,0.599,0.116
ts,KarmaDock Raw,5.0,NEF,,3.5,11.299,3.5,40,1239,62,7.006,0.792,3.818,0.565,17.514,0.105,0.102,0.599,0.116
upa,KarmaDock Raw,0.5,NEF,,29.9,96.452,29.9,40,1240,7,6.752,0.999,815.455,0.584,96.452,0.398,0.28,0.721,0.774
upa,KarmaDock Raw,1.0,NEF,,29.9,96.452,29.9,40,1240,13,12.539,0.999,815.455,0.657,96.452,0.543,0.465,0.721,0.774
upa,KarmaDock Raw,5.0,NEF,,10.642,34.33,10.642,40,1240,62,21.285,0.94,15.683,0.749,53.212,0.404,0.394,0.721,0.774
vegfr1,KarmaDock Raw,0.5,NEF,,17.1,55.161,17.1,40,1240,7,3.861,0.974,36.906,0.547,55.161,0.221,0.156,0.808,0.452
vegfr1,KarmaDock Raw,1.0,NEF,,12.955,41.789,12.955,40,1240,13,5.433,0.956,21.537,0.565,41.789,0.225,0.192,0.808,0.452
vegfr1,KarmaDock Raw,5.0,NEF,,7.5,24.194,7.5,40,1240,62,15.0,0.905,9.574,0.668,37.5,0.272,0.265,0.808,0.452
vegfr2,KarmaDock Raw,0.5,NEF,,20.35,65.645,20.35,40,1240,7,4.595,0.983,57.324,0.556,65.645,0.266,0.188,0.838,0.499
vegfr2,KarmaDock Raw,1.0,NEF,,22.894,73.851,22.894,40,1240,13,9.601,0.988,84.726,0.619,73.851,0.411,0.352,0.838,0.499
vegfr2,KarmaDock Raw,5.0,NEF,,6.505,20.985,6.505,40,1240,62,13.011,0.888,7.967,0.642,32.527,0.231,0.225,0.838,0.499
11betahsd1,NNscore(ODDT)/GlideSP,0.5,NEF,,0.0,0.0,0.0,40,1240,7,0.0,0.0,0.0,0.497,0.0,-0.014,-0.01,0.678,0.041
11betahsd1,NNscore(ODDT)/GlideSP,1.0,NEF,,0.0,0.0,0.0,40,1240,13,0.0,0.0,0.0,0.495,0.0,-0.019,-0.016,0.678,0.041
11betahsd1,NNscore(ODDT)/GlideSP,5.0,NEF,,3.069,9.9,3.069,40,1240,62,6.138,0.767,3.296,0.553,15.345,0.087,0.084,0.678,0.041
17betahsd1,NNscore(ODDT)/GlideSP,0.5,NEF,,4.382,14.135,4.382,40,1240,7,0.989,0.832,4.939,0.51,14.135,0.047,0.033,0.369,0.08
17betahsd1,NNscore(ODDT)/GlideSP,1.0,NEF,,2.36,7.613,2.36,40,1240,13,0.99,0.712,2.472,0.507,7.613,0.026,0.022,0.369,0.08
17betahsd1,NNscore(ODDT)/GlideSP,5.0,NEF,,1.484,4.787,1.484,40,1240,62,2.968,0.601,1.508,0.513,7.42,0.02,0.02,0.369,0.08
a2a,NNscore(ODDT)/GlideSP,0.5,NEF,,0.0,0.0,0.0,40,1240,7,0.0,0.0,0.0,0.497,0.0,-0.014,-0.01,0.502,0.003
a2a,NNscore(ODDT)/GlideSP,1.0,NEF,,0.0,0.0,0.0,40,1240,13,0.0,0.0,0.0,0.495,0.0,-0.019,-0.016,0.502,0.003
a2a,NNscore(ODDT)/GlideSP,5.0,NEF,,0.495,1.597,0.495,40,1240,62,0.99,0.327,0.487,0.487,2.475,-0.021,-0.021,0.502,0.003
ace,NNscore(ODDT)/GlideSP,0.5,NEF,,8.821,28.455,8.821,40,1240,7,1.992,0.923,11.932,0.523,28.455,0.108,0.076,0.63,0.277
ace,NNscore(ODDT)/GlideSP,1.0,NEF,,7.13,23.0,7.13,40,1240,13,2.99,0.9,8.961,0.533,23.0,0.115,0.099,0.63,0.277
ace,NNscore(ODDT)/GlideSP,5.0,NEF,,4.98,16.065,4.98,40,1240,62,9.96,0.852,5.742,0.603,24.9,0.167,0.162,0.63,0.277
ace2,NNscore(ODDT)/GlideSP,0.5,NEF,,0.0,0.0,0.0,40,1240,7,0.0,0.0,0.0,0.497,0.0,-0.014,-0.01,0.594,0.079
ace2,NNscore(ODDT)/GlideSP,1.0,NEF,,2.38,7.677,2.38,40,1240,13,0.998,0.714,2.495,0.507,7.677,0.026,0.022,0.594,0.079
ace2,NNscore(ODDT)/GlideSP,5.0,NEF,,3.497,11.281,3.497,40,1240,62,6.994,0.792,3.814,0.565,17.485,0.105,0.102,0.594,0.079
ache,NNscore(ODDT)/GlideSP,0.5,NEF,,0.0,0.0,0.0,40,1240,7,0.0,0.0,0.0,0.497,0.0,-0.014,-0.01,0.554,0.019
ache,NNscore(ODDT)/GlideSP,1.0,NEF,,0.0,0.0,0.0,40,1240,13,0.0,0.0,0.0,0.495,0.0,-0.019,-0.016,0.554,0.019
ache,NNscore(ODDT)/GlideSP,5.0,NEF,,0.985,3.177,0.985,40,1240,62,1.97,0.496,0.985,0.5,4.925,-0.001,-0.001,0.554,0.019
adam17,NNscore(ODDT)/GlideSP,0.5,NEF,,0.0,0.0,0.0,40,1240,7,0.0,0.0,0.0,0.497,0.0,-0.014,-0.01,0.531,0.048
adam17,NNscore(ODDT)/GlideSP,1.0,NEF,,0.0,0.0,0.0,40,1240,13,0.0,0.0,0.0,0.495,0.0,-0.019,-0.016,0.531,0.048
adam17,NNscore(ODDT)/GlideSP,5.0,NEF,,1.488,4.8,1.488,40,1240,62,2.976,0.602,1.513,0.513,7.44,0.02,0.02,0.531,0.048
adrb2,NNscore(ODDT)/GlideSP,0.5,NEF,,0.0,0.0,0.0,40,1240,7,0.0,0.0,0.0,0.497,0.0,-0.014,-0.01,0.595,0.153
adrb2,NNscore(ODDT)/GlideSP,1.0,NEF,,2.4,7.742,2.4,40,1240,13,1.006,0.716,2.517,0.508,7.742,0.026,0.023,0.595,0.153
adrb2,NNscore(ODDT)/GlideSP,5.0,NEF,,3.969,12.803,3.969,40,1240,62,7.938,0.815,4.405,0.577,19.845,0.124,0.121,0.595,0.153
akt1,NNscore(ODDT)/GlideSP,0.5,NEF,,0.0,0.0,0.0,40,1240,7,0.0,0.0,0.0,0.497,0.0,-0.014,-0.01,0.409,0.0
akt1,NNscore(ODDT)/GlideSP,1.0,NEF,,0.0,0.0,0.0,40,1240,13,0.0,0.0,0.0,0.495,0.0,-0.019,-0.016,0.409,0.0
akt1,NNscore(ODDT)/GlideSP,5.0,NEF,,0.0,0.0,0.0,40,1240,62,0.0,0.0,0.0,0.474,0.0,-0.042,-0.041,0.409,0.0
alr2,NNscore(ODDT)/GlideSP,0.5,NEF,,4.379,14.126,4.379,40,1240,7,0.989,0.832,4.935,0.51,14.126,0.046,0.033,0.444,0.051
alr2,NNscore(ODDT)/GlideSP,1.0,NEF,,2.36,7.613,2.36,40,1240,13,0.99,0.712,2.472,0.507,7.613,0.026,0.022,0.444,0.051
alr2,NNscore(ODDT)/GlideSP,5.0,NEF,,0.494,1.594,0.494,40,1240,62,0.988,0.327,0.486,0.487,2.47,-0.021,-0.021,0.444,0.051
ar,NNscore(ODDT)/GlideSP,0.5,NEF,,0.0,0.0,0.0,40,1240,7,0.0,0.0,0.0,0.497,0.0,-0.014,-0.01,0.504,0.028
ar,NNscore(ODDT)/GlideSP,1.0,NEF,,0.0,0.0,0.0,40,1240,13,0.0,0.0,0.0,0.495,0.0,-0.019,-0.016,0.504,0.028
ar,NNscore(ODDT)/GlideSP,5.0,NEF,,0.705,2.274,0.705,40,1240,62,1.41,0.411,0.698,0.492,3.525,-0.012,-0.012,0.504,0.028
aurka,NNscore(ODDT)/GlideSP,0.5,NEF,,0.0,0.0,0.0,40,1240,7,0.0,0.0,0.0,0.497,0.0,-0.014,-0.01,0.602,0.024
aurka,NNscore(ODDT)/GlideSP,1.0,NEF,,0.0,0.0,0.0,40,1240,13,0.0,0.0,0.0,0.495,0.0,-0.019,-0.016,0.602,0.024
aurka,NNscore(ODDT)/GlideSP,5.0,NEF,,2.034,6.561,2.034,40,1240,62,4.068,0.678,2.107,0.527,10.17,0.043,0.042,0.602,0.024
aurkb,NNscore(ODDT)/GlideSP,0.5,NEF,,4.339,13.997,4.339,40,1240,7,0.98,0.83,4.882,0.51,13.997,0.046,0.032,0.54,0.148
aurkb,NNscore(ODDT)/GlideSP,1.0,NEF,,4.67,15.065,4.67,40,1240,13,1.958,0.842,5.321,0.52,15.065,0.069,0.059,0.54,0.148
aurkb,NNscore(ODDT)/GlideSP,5.0,NEF,,2.49,8.032,2.49,40,1240,62,4.98,0.724,2.62,0.538,12.45,0.062,0.061,0.54,0.148
bcl2,NNscore(ODDT)/GlideSP,0.5,NEF,,8.736,28.181,8.736,40,1240,7,1.973,0.922,11.771,0.523,28.181,0.106,0.075,0.729,0.206
bcl2,NNscore(ODDT)/GlideSP,1.0,NEF,,4.7,15.161,4.7,40,1240,13,1.971,0.843,5.361,0.52,15.161,0.07,0.059,0.729,0.206
bcl2,NNscore(ODDT)/GlideSP,5.0,NEF,,4.931,15.906,4.931,40,1240,62,9.862,0.85,5.675,0.602,24.655,0.165,0.16,0.729,0.206
braf,NNscore(ODDT)/GlideSP,0.5,NEF,,0.0,0.0,0.0,40,1240,7,0.0,0.0,0.0,0.497,0.0,-0.014,-0.01,0.57,0.023
braf,NNscore(ODDT)/GlideSP,1.0,NEF,,0.0,0.0,0.0,40,1240,13,0.0,0.0,0.0,0.495,0.0,-0.019,-0.016,0.57,0.023
braf,NNscore(ODDT)/GlideSP,5.0,NEF,,1.016,3.277,1.016,40,1240,62,2.032,0.504,1.017,0.5,5.08,0.001,0.001,0.57,0.023
catl,NNscore(ODDT)/GlideSP,0.5,NEF,,4.404,14.206,4.404,40,1240,7,0.994,0.832,4.968,0.51,14.206,0.047,0.033,0.524,0.093
catl,NNscore(ODDT)/GlideSP,1.0,NEF,,2.37,7.645,2.37,40,1240,13,0.994,0.713,2.483,0.507,7.645,0.026,0.022,0.524,0.093
catl,NNscore(ODDT)/GlideSP,5.0,NEF,,1.492,4.813,1.492,40,1240,62,2.984,0.603,1.517,0.513,7.46,0.021,0.02,0.524,0.093
cdk2,NNscore(ODDT)/GlideSP,0.5,NEF,,0.0,0.0,0.0,40,1240,7,0.0,0.0,0.0,0.497,0.0,-0.014,-0.01,0.481,0.062
cdk2,NNscore(ODDT)/GlideSP,1.0,NEF,,0.0,0.0,0.0,40,1240,13,0.0,0.0,0.0,0.495,0.0,-0.019,-0.016,0.481,0.062
cdk2,NNscore(ODDT)/GlideSP,5.0,NEF,,2.492,8.039,2.492,40,1240,62,4.984,0.724,2.622,0.539,12.46,0.062,0.061,0.481,0.062
cox1,NNscore(ODDT)/GlideSP,0.5,NEF,,0.0,0.0,0.0,40,1240,7,0.0,0.0,0.0,0.497,0.0,-0.014,-0.01,0.462,0.047
cox1,NNscore(ODDT)/GlideSP,1.0,NEF,,0.0,0.0,0.0,40,1240,13,0.0,0.0,0.0,0.495,0.0,-0.019,-0.016,0.462,0.047
cox1,NNscore(ODDT)/GlideSP,5.0,NEF,,2.051,6.616,2.051,40,1240,62,4.102,0.68,2.125,0.527,10.255,0.044,0.043,0.462,0.047
cox2,NNscore(ODDT)/GlideSP,0.5,NEF,,0.0,0.0,0.0,40,1240,7,0.0,0.0,0.0,0.497,0.0,-0.014,-0.01,0.783,0.324
cox2,NNscore(ODDT)/GlideSP,1.0,NEF,,7.7,24.839,7.7,40,1240,13,3.229,0.908,9.914,0.536,24.839,0.126,0.108,0.783,0.324
cox2,NNscore(ODDT)/GlideSP,5.0,NEF,,6.449,20.803,6.449,40,1240,62,12.898,0.887,7.88,0.641,32.245,0.228,0.222,0.783,0.324
ctsk,NNscore(ODDT)/GlideSP,0.5,NEF,,0.0,0.0,0.0,40,1240,7,0.0,0.0,0.0,0.497,0.0,-0.014,-0.01,0.542,0.001
ctsk,NNscore(ODDT)/GlideSP,1.0,NEF,,0.0,0.0,0.0,40,1240,13,0.0,0.0,0.0,0.495,0.0,-0.019,-0.016,0.542,0.001
ctsk,NNscore(ODDT)/GlideSP,5.0,NEF,,0.0,0.0,0.0,40,1240,62,0.0,0.0,0.0,0.474,0.0,-0.042,-0.041,0.542,0.001
cyp2a6,NNscore(ODDT)/GlideSP,0.5,NEF,,0.0,0.0,0.0,40,1240,7,0.0,0.0,0.0,0.497,0.0,-0.014,-0.01,0.369,0.0
cyp2a6,NNscore(ODDT)/GlideSP,1.0,NEF,,0.0,0.0,0.0,40,1240,13,0.0,0.0,0.0,0.495,0.0,-0.019,-0.016,0.369,0.0
cyp2a6,NNscore(ODDT)/GlideSP,5.0,NEF,,0.0,0.0,0.0,40,1240,62,0.0,0.0,0.0,0.474,0.0,-0.042,-0.041,0.369,0.0
dhfr,NNscore(ODDT)/GlideSP,0.5,NEF,,0.0,0.0,0.0,40,1240,7,0.0,0.0,0.0,0.497,0.0,-0.014,-0.01,0.44,0.046
dhfr,NNscore(ODDT)/GlideSP,1.0,NEF,,2.35,7.581,2.35,40,1240,13,0.985,0.711,2.461,0.507,7.581,0.025,0.022,0.44,0.046
dhfr,NNscore(ODDT)/GlideSP,5.0,NEF,,0.987,3.184,0.987,40,1240,62,1.974,0.497,0.987,0.5,4.935,-0.001,-0.001,0.44,0.046
egfr,NNscore(ODDT)/GlideSP,0.5,NEF,,4.414,14.239,4.414,40,1240,7,0.997,0.833,4.981,0.51,14.239,0.047,0.033,0.527,0.062
egfr,NNscore(ODDT)/GlideSP,1.0,NEF,,2.38,7.677,2.38,40,1240,13,0.998,0.714,2.495,0.507,7.677,0.026,0.022,0.527,0.062
egfr,NNscore(ODDT)/GlideSP,5.0,NEF,,1.52,4.903,1.52,40,1240,62,3.04,0.607,1.547,0.513,7.6,0.022,0.021,0.527,0.062
ephb4,NNscore(ODDT)/GlideSP,0.5,NEF,,13.007,41.958,13.007,40,1240,7,2.937,0.956,21.687,0.535,41.958,0.165,0.116,0.669,0.273
ephb4,NNscore(ODDT)/GlideSP,1.0,NEF,,9.34,30.129,9.34,40,1240,13,3.917,0.928,12.936,0.545,30.129,0.157,0.134,0.669,0.273
ephb4,NNscore(ODDT)/GlideSP,5.0,NEF,,3.98,12.839,3.98,40,1240,62,7.96,0.815,4.419,0.577,19.9,0.125,0.122,0.669,0.273
erbb2,NNscore(ODDT)/GlideSP,0.5,NEF,,4.933,15.913,4.933,40,1240,7,1.114,0.85,5.677,0.511,15.913,0.054,0.038,0.665,0.115
erbb2,NNscore(ODDT)/GlideSP,1.0,NEF,,4.93,15.903,4.93,40,1240,13,2.067,0.85,5.673,0.521,15.903,0.074,0.063,0.665,0.115
erbb2,NNscore(ODDT)/GlideSP,5.0,NEF,,2.467,7.958,2.467,40,1240,62,4.934,0.722,2.594,0.538,12.335,0.061,0.06,0.665,0.115
er-beta,NNscore(ODDT)/GlideSP,0.5,NEF,,0.0,0.0,0.0,40,1240,7,0.0,0.0,0.0,0.497,0.0,-0.014,-0.01,0.342,0.0
er-beta,NNscore(ODDT)/GlideSP,1.0,NEF,,0.0,0.0,0.0,40,1240,13,0.0,0.0,0.0,0.495,0.0,-0.019,-0.016,0.342,0.0
er-beta,NNscore(ODDT)/GlideSP,5.0,NEF,,0.0,0.0,0.0,40,1240,62,0.0,0.0,0.0,0.474,0.0,-0.042,-0.041,0.342,0.0
fgfr1,NNscore(ODDT)/GlideSP,0.5,NEF,,4.913,15.848,4.913,40,1240,7,1.109,0.85,5.65,0.511,15.848,0.054,0.038,0.6,0.095
fgfr1,NNscore(ODDT)/GlideSP,1.0,NEF,,2.46,7.935,2.46,40,1240,13,1.032,0.721,2.586,0.508,7.935,0.027,0.023,0.6,0.095
fgfr1,NNscore(ODDT)/GlideSP,5.0,NEF,,1.499,4.835,1.499,40,1240,62,2.998,0.604,1.524,0.513,7.495,0.021,0.02,0.6,0.095
fkbp1a,NNscore(ODDT)/GlideSP,0.5,NEF,,4.628,14.929,4.628,40,1240,7,1.045,0.84,5.265,0.511,14.929,0.05,0.035,0.5,0.193
fkbp1a,NNscore(ODDT)/GlideSP,1.0,NEF,,4.98,16.065,4.98,40,1240,13,2.088,0.852,5.742,0.522,16.065,0.075,0.064,0.5,0.193
fkbp1a,NNscore(ODDT)/GlideSP,5.0,NEF,,5.225,16.855,5.225,40,1240,62,10.45,0.859,6.081,0.609,26.125,0.177,0.172,0.5,0.193
fxa,NNscore(ODDT)/GlideSP,0.5,NEF,,0.0,0.0,0.0,40,1240,7,0.0,0.0,0.0,0.497,0.0,-0.014,-0.01,0.748,0.154
fxa,NNscore(ODDT)/GlideSP,1.0,NEF,,5.1,16.452,5.1,40,1240,13,2.139,0.855,5.907,0.522,16.452,0.077,0.066,0.748,0.154
fxa,NNscore(ODDT)/GlideSP,5.0,NEF,,4.588,14.8,4.588,40,1240,62,9.176,0.839,5.211,0.593,22.94,0.15,0.146,0.748,0.154
gba,NNscore(ODDT)/GlideSP,0.5,NEF,,0.0,0.0,0.0,40,1240,7,0.0,0.0,0.0,0.497,0.0,-0.014,-0.01,0.481,0.006
gba,NNscore(ODDT)/GlideSP,1.0,NEF,,0.0,0.0,0.0,40,1240,13,0.0,0.0,0.0,0.495,0.0,-0.019,-0.016,0.481,0.006
gba,NNscore(ODDT)/GlideSP,5.0,NEF,,0.996,3.213,0.996,40,1240,62,1.992,0.499,0.996,0.5,4.98,-0.0,-0.0,0.481,0.006
gr,NNscore(ODDT)/GlideSP,0.5,NEF,,4.368,14.09,4.368,40,1240,7,0.986,0.831,4.92,0.51,14.09,0.046,0.033,0.555,0.07
gr,NNscore(ODDT)/GlideSP,1.0,NEF,,2.35,7.581,2.35,40,1240,13,0.985,0.711,2.461,0.507,7.581,0.025,0.022,0.555,0.07
gr,NNscore(ODDT)/GlideSP,5.0,NEF,,0.493,1.59,0.493,40,1240,62,0.986,0.327,0.485,0.487,2.465,-0.021,-0.021,0.555,0.07
gsk3b,NNscore(ODDT)/GlideSP,0.5,NEF,,4.307,13.894,4.307,40,1240,7,0.973,0.829,4.841,0.51,13.894,0.045,0.032,0.53,0.139
gsk3b,NNscore(ODDT)/GlideSP,1.0,NEF,,2.32,7.484,2.32,40,1240,13,0.973,0.708,2.427,0.507,7.484,0.025,0.021,0.53,0.139
gsk3b,NNscore(ODDT)/GlideSP,5.0,NEF,,3.46,11.161,3.46,40,1240,62,6.92,0.79,3.769,0.564,17.3,0.103,0.1,0.53,0.139
hdac2,NNscore(ODDT)/GlideSP,0.5,NEF,,0.0,0.0,0.0,40,1240,7,0.0,0.0,0.0,0.497,0.0,-0.014,-0.01,0.641,0.001
hdac2,NNscore(ODDT)/GlideSP,1.0,NEF,,0.0,0.0,0.0,40,1240,13,0.0,0.0,0.0,0.495,0.0,-0.019,-0.016,0.641,0.001
hdac2,NNscore(ODDT)/GlideSP,5.0,NEF,,0.0,0.0,0.0,40,1240,62,0.0,0.0,0.0,0.474,0.0,-0.042,-0.041,0.641,0.001
hdac8,NNscore(ODDT)/GlideSP,0.5,NEF,,0.0,0.0,0.0,40,1240,7,0.0,0.0,0.0,0.497,0.0,-0.014,-0.01,0.435,0.003
hdac8,NNscore(ODDT)/GlideSP,1.0,NEF,,0.0,0.0,0.0,40,1240,13,0.0,0.0,0.0,0.495,0.0,-0.019,-0.016,0.435,0.003
hdac8,NNscore(ODDT)/GlideSP,5.0,NEF,,0.498,1.606,0.498,40,1240,62,0.996,0.329,0.49,0.487,2.49,-0.021,-0.02,0.435,0.003
hiv1pr,NNscore(ODDT)/GlideSP,0.5,NEF,,4.695,15.145,4.695,40,1240,7,1.06,0.843,5.354,0.511,15.145,0.051,0.036,0.772,0.172
hiv1pr,NNscore(ODDT)/GlideSP,1.0,NEF,,7.58,24.452,7.58,40,1240,13,3.179,0.907,9.71,0.536,24.452,0.124,0.106,0.772,0.172
hiv1pr,NNscore(ODDT)/GlideSP,5.0,NEF,,3.771,12.165,3.771,40,1240,62,7.542,0.806,4.155,0.572,18.855,0.116,0.113,0.772,0.172
hiv1rt,NNscore(ODDT)/GlideSP,0.5,NEF,,0.0,0.0,0.0,40,1240,7,0.0,0.0,0.0,0.497,0.0,-0.014,-0.01,0.623,0.041
hiv1rt,NNscore(ODDT)/GlideSP,1.0,NEF,,0.0,0.0,0.0,40,1240,13,0.0,0.0,0.0,0.495,0.0,-0.019,-0.016,0.623,0.041
hiv1rt,NNscore(ODDT)/GlideSP,5.0,NEF,,1.575,5.081,1.575,40,1240,62,3.15,0.616,1.606,0.515,7.875,0.024,0.023,0.623,0.041
hmgr,NNscore(ODDT)/GlideSP,0.5,NEF,,4.418,14.252,4.418,40,1240,7,0.998,0.833,4.986,0.51,14.252,0.047,0.033,0.7,0.182
hmgr,NNscore(ODDT)/GlideSP,1.0,NEF,,4.76,15.355,4.76,40,1240,13,1.996,0.845,5.442,0.52,15.355,0.071,0.06,0.7,0.182
hmgr,NNscore(ODDT)/GlideSP,5.0,NEF,,3.492,11.265,3.492,40,1240,62,6.984,0.792,3.808,0.564,17.46,0.104,0.102,0.7,0.182
hsp90,NNscore(ODDT)/GlideSP,0.5,NEF,,4.336,13.987,4.336,40,1240,7,0.979,0.83,4.878,0.51,13.987,0.046,0.032,0.524,0.087
hsp90,NNscore(ODDT)/GlideSP,1.0,NEF,,2.33,7.516,2.33,40,1240,13,0.977,0.709,2.438,0.507,7.516,0.025,0.021,0.524,0.087
hsp90,NNscore(ODDT)/GlideSP,5.0,NEF,,2.488,8.026,2.488,40,1240,62,4.976,0.724,2.618,0.538,12.44,0.062,0.061,0.524,0.087
igf1r,NNscore(ODDT)/GlideSP,0.5,NEF,,0.0,0.0,0.0,40,1240,7,0.0,0.0,0.0,0.497,0.0,-0.014,-0.01,0.543,0.01
igf1r,NNscore(ODDT)/GlideSP,1.0,NEF,,0.0,0.0,0.0,40,1240,13,0.0,0.0,0.0,0.495,0.0,-0.019,-0.016,0.543,0.01
igf1r,NNscore(ODDT)/GlideSP,5.0,NEF,,0.505,1.629,0.505,40,1240,62,1.01,0.332,0.497,0.487,2.525,-0.021,-0.02,0.543,0.01
inha,NNscore(ODDT)/GlideSP,0.5,NEF,,0.0,0.0,0.0,40,1240,7,0.0,0.0,0.0,0.497,0.0,-0.014,-0.01,0.382,0.0
inha,NNscore(ODDT)/GlideSP,1.0,NEF,,0.0,0.0,0.0,40,1240,13,0.0,0.0,0.0,0.495,0.0,-0.019,-0.016,0.382,0.0
inha,NNscore(ODDT)/GlideSP,5.0,NEF,,0.0,0.0,0.0,40,1240,62,0.0,0.0,0.0,0.474,0.0,-0.042,-0.041,0.382,0.0
itk,NNscore(ODDT)/GlideSP,0.5,NEF,,0.0,0.0,0.0,40,1240,7,0.0,0.0,0.0,0.497,0.0,-0.014,-0.01,0.605,0.014
itk,NNscore(ODDT)/GlideSP,1.0,NEF,,0.0,0.0,0.0,40,1240,13,0.0,0.0,0.0,0.495,0.0,-0.019,-0.016,0.605,0.014
itk,NNscore(ODDT)/GlideSP,5.0,NEF,,1.997,6.442,1.997,40,1240,62,3.994,0.674,2.066,0.526,9.985,0.042,0.041,0.605,0.014
jak3,NNscore(ODDT)/GlideSP,0.5,NEF,,0.0,0.0,0.0,40,1240,7,0.0,0.0,0.0,0.497,0.0,-0.014,-0.01,0.563,0.041
jak3,NNscore(ODDT)/GlideSP,1.0,NEF,,0.0,0.0,0.0,40,1240,13,0.0,0.0,0.0,0.495,0.0,-0.019,-0.016,0.563,0.041
jak3,NNscore(ODDT)/GlideSP,5.0,NEF,,0.998,3.219,0.998,40,1240,62,1.996,0.499,0.998,0.5,4.99,-0.0,-0.0,0.563,0.041
jnk1,NNscore(ODDT)/GlideSP,0.5,NEF,,0.0,0.0,0.0,40,1240,7,0.0,0.0,0.0,0.497,0.0,-0.014,-0.01,0.612,0.072
jnk1,NNscore(ODDT)/GlideSP,1.0,NEF,,2.63,8.484,2.63,40,1240,13,1.103,0.736,2.781,0.509,8.484,0.031,0.026,0.612,0.072
jnk1,NNscore(ODDT)/GlideSP,5.0,NEF,,1.05,3.387,1.05,40,1240,62,2.1,0.513,1.052,0.501,5.25,0.002,0.002,0.612,0.072
jnk2,NNscore(ODDT)/GlideSP,0.5,NEF,,5.004,16.142,5.004,40,1240,7,1.13,0.852,5.775,0.512,16.142,0.055,0.039,0.416,0.073
jnk2,NNscore(ODDT)/GlideSP,1.0,NEF,,2.5,8.065,2.5,40,1240,13,1.048,0.725,2.632,0.508,8.065,0.028,0.024,0.416,0.073
jnk2,NNscore(ODDT)/GlideSP,5.0,NEF,,1.018,3.284,1.018,40,1240,62,2.036,0.505,1.019,0.5,5.09,0.001,0.001,0.416,0.073
jnk3,NNscore(ODDT)/GlideSP,0.5,NEF,,8.857,28.571,8.857,40,1240,7,2.0,0.923,12.0,0.523,28.571,0.108,0.076,0.531,0.133
jnk3,NNscore(ODDT)/GlideSP,1.0,NEF,,4.77,15.387,4.77,40,1240,13,2.0,0.845,5.456,0.52,15.387,0.071,0.061,0.531,0.133
jnk3,NNscore(ODDT)/GlideSP,5.0,NEF,,1.525,4.919,1.525,40,1240,62,3.05,0.608,1.552,0.514,7.625,0.022,0.021,0.531,0.133
kif11,NNscore(ODDT)/GlideSP,0.5,NEF,,4.318,13.929,4.318,40,1240,7,0.975,0.829,4.855,0.51,13.929,0.046,0.032,0.856,0.161
kif11,NNscore(ODDT)/GlideSP,1.0,NEF,,4.65,15.0,4.65,40,1240,13,1.95,0.841,5.294,0.52,15.0,0.069,0.059,0.856,0.161
kif11,NNscore(ODDT)/GlideSP,5.0,NEF,,4.955,15.984,4.955,40,1240,62,9.91,0.851,5.707,0.602,24.775,0.166,0.161,0.856,0.161
lck,NNscore(ODDT)/GlideSP,0.5,NEF,,0.0,0.0,0.0,40,1240,7,0.0,0.0,0.0,0.497,0.0,-0.014,-0.01,0.434,0.007
lck,NNscore(ODDT)/GlideSP,1.0,NEF,,0.0,0.0,0.0,40,1240,13,0.0,0.0,0.0,0.495,0.0,-0.019,-0.016,0.434,0.007
lck,NNscore(ODDT)/GlideSP,5.0,NEF,,0.493,1.59,0.493,40,1240,62,0.986,0.327,0.485,0.487,2.465,-0.021,-0.021,0.434,0.007
mdm2,NNscore(ODDT)/GlideSP,0.5,NEF,,0.0,0.0,0.0,40,1240,7,0.0,0.0,0.0,0.497,0.0,-0.014,-0.01,0.293,0.0
mdm2,NNscore(ODDT)/GlideSP,1.0,NEF,,0.0,0.0,0.0,40,1240,13,0.0,0.0,0.0,0.495,0.0,-0.019,-0.016,0.293,0.0
mdm2,NNscore(ODDT)/GlideSP,5.0,NEF,,0.0,0.0,0.0,40,1240,62,0.0,0.0,0.0,0.474,0.0,-0.042,-0.041,0.293,0.0
mk2,NNscore(ODDT)/GlideSP,0.5,NEF,,0.0,0.0,0.0,40,1240,7,0.0,0.0,0.0,0.497,0.0,-0.014,-0.01,0.549,0.048
mk2,NNscore(ODDT)/GlideSP,1.0,NEF,,0.0,0.0,0.0,40,1240,13,0.0,0.0,0.0,0.495,0.0,-0.019,-0.016,0.549,0.048
mk2,NNscore(ODDT)/GlideSP,5.0,NEF,,1.066,3.439,1.066,40,1240,62,2.132,0.517,1.068,0.502,5.33,0.003,0.003,0.549,0.048
mmp2,NNscore(ODDT)/GlideSP,0.5,NEF,,0.0,0.0,0.0,40,1240,7,0.0,0.0,0.0,0.497,0.0,-0.014,-0.01,0.466,0.012
mmp2,NNscore(ODDT)/GlideSP,1.0,NEF,,0.0,0.0,0.0,40,1240,13,0.0,0.0,0.0,0.495,0.0,-0.019,-0.016,0.466,0.012
mmp2,NNscore(ODDT)/GlideSP,5.0,NEF,,0.495,1.597,0.495,40,1240,62,0.99,0.327,0.487,0.487,2.475,-0.021,-0.021,0.466,0.012
na,NNscore(ODDT)/GlideSP,0.5,NEF,,4.425,14.274,4.425,40,1240,7,0.999,0.833,4.995,0.51,14.274,0.047,0.033,0.792,0.065
na,NNscore(ODDT)/GlideSP,1.0,NEF,,2.38,7.677,2.38,40,1240,13,0.998,0.714,2.495,0.507,7.677,0.026,0.022,0.792,0.065
na,NNscore(ODDT)/GlideSP,5.0,NEF,,1.998,6.445,1.998,40,1240,62,3.996,0.674,2.067,0.526,9.99,0.042,0.041,0.792,0.065
p38-alpha,NNscore(ODDT)/GlideSP,0.5,NEF,,4.364,14.077,4.364,40,1240,7,0.985,0.831,4.915,0.51,14.077,0.046,0.033,0.441,0.057
p38-alpha,NNscore(ODDT)/GlideSP,1.0,NEF,,2.35,7.581,2.35,40,1240,13,0.985,0.711,2.461,0.507,7.581,0.025,0.022,0.441,0.057
p38-alpha,NNscore(ODDT)/GlideSP,5.0,NEF,,0.493,1.59,0.493,40,1240,62,0.986,0.327,0.485,0.487,2.465,-0.021,-0.021,0.441,0.057
parp-1,NNscore(ODDT)/GlideSP,0.5,NEF,,8.614,27.787,8.614,40,1240,7,1.945,0.92,11.544,0.522,27.787,0.105,0.074,0.651,0.266
parp-1,NNscore(ODDT)/GlideSP,1.0,NEF,,11.6,37.419,11.6,40,1240,13,4.865,0.947,17.938,0.557,37.419,0.199,0.17,0.651,0.266
parp-1,NNscore(ODDT)/GlideSP,5.0,NEF,,3.46,11.161,3.46,40,1240,62,6.92,0.79,3.769,0.564,17.3,0.103,0.1,0.651,0.266
pde4b,NNscore(ODDT)/GlideSP,0.5,NEF,,0.0,0.0,0.0,40,1240,7,0.0,0.0,0.0,0.497,0.0,-0.014,-0.01,0.655,0.062
pde4b,NNscore(ODDT)/GlideSP,1.0,NEF,,2.37,7.645,2.37,40,1240,13,0.994,0.713,2.483,0.507,7.645,0.026,0.022,0.655,0.062
pde4b,NNscore(ODDT)/GlideSP,5.0,NEF,,1.987,6.41,1.987,40,1240,62,3.974,0.673,2.055,0.525,9.935,0.041,0.04,0.655,0.062
pde5,NNscore(ODDT)/GlideSP,0.5,NEF,,0.0,0.0,0.0,40,1240,7,0.0,0.0,0.0,0.497,0.0,-0.014,-0.01,0.651,0.05
pde5,NNscore(ODDT)/GlideSP,1.0,NEF,,0.0,0.0,0.0,40,1240,13,0.0,0.0,0.0,0.495,0.0,-0.019,-0.016,0.651,0.05
pde5,NNscore(ODDT)/GlideSP,5.0,NEF,,2.602,8.394,2.602,40,1240,62,5.204,0.733,2.749,0.541,13.01,0.067,0.065,0.651,0.05
pdk1,NNscore(ODDT)/GlideSP,0.5,NEF,,0.0,0.0,0.0,40,1240,7,0.0,0.0,0.0,0.497,0.0,-0.014,-0.01,0.484,0.008
pdk1,NNscore(ODDT)/GlideSP,1.0,NEF,,0.0,0.0,0.0,40,1240,13,0.0,0.0,0.0,0.495,0.0,-0.019,-0.016,0.484,0.008
pdk1,NNscore(ODDT)/GlideSP,5.0,NEF,,0.52,1.677,0.52,40,1240,62,1.04,0.339,0.512,0.488,2.6,-0.02,-0.02,0.484,0.008
pi3kg,NNscore(ODDT)/GlideSP,0.5,NEF,,0.0,0.0,0.0,40,1240,7,0.0,0.0,0.0,0.497,0.0,-0.014,-0.01,0.492,0.006
pi3kg,NNscore(ODDT)/GlideSP,1.0,NEF,,0.0,0.0,0.0,40,1240,13,0.0,0.0,0.0,0.495,0.0,-0.019,-0.016,0.492,0.006
pi3kg,NNscore(ODDT)/GlideSP,5.0,NEF,,0.509,1.642,0.509,40,1240,62,1.018,0.334,0.501,0.487,2.545,-0.021,-0.02,0.492,0.006
pim-1,NNscore(ODDT)/GlideSP,0.5,NEF,,0.0,0.0,0.0,40,1240,7,0.0,0.0,0.0,0.497,0.0,-0.014,-0.01,0.61,0.019
pim-1,NNscore(ODDT)/GlideSP,1.0,NEF,,0.0,0.0,0.0,40,1240,13,0.0,0.0,0.0,0.495,0.0,-0.019,-0.016,0.61,0.019
pim-1,NNscore(ODDT)/GlideSP,5.0,NEF,,1.486,4.794,1.486,40,1240,62,2.972,0.602,1.51,0.513,7.43,0.02,0.02,0.61,0.019
pim-2,NNscore(ODDT)/GlideSP,0.5,NEF,,0.0,0.0,0.0,40,1240,7,0.0,0.0,0.0,0.497,0.0,-0.014,-0.01,0.632,0.073
pim-2,NNscore(ODDT)/GlideSP,1.0,NEF,,2.38,7.677,2.38,40,1240,13,0.998,0.714,2.495,0.507,7.677,0.026,0.022,0.632,0.073
pim-2,NNscore(ODDT)/GlideSP,5.0,NEF,,2.031,6.552,2.031,40,1240,62,4.062,0.678,2.103,0.527,10.155,0.043,0.042,0.632,0.073
pnp,NNscore(ODDT)/GlideSP,0.5,NEF,,0.0,0.0,0.0,40,1240,7,0.0,0.0,0.0,0.497,0.0,-0.014,-0.01,0.494,0.013
pnp,NNscore(ODDT)/GlideSP,1.0,NEF,,0.0,0.0,0.0,40,1240,13,0.0,0.0,0.0,0.495,0.0,-0.019,-0.016,0.494,0.013
pnp,NNscore(ODDT)/GlideSP,5.0,NEF,,0.497,1.603,0.497,40,1240,62,0.994,0.328,0.489,0.487,2.485,-0.021,-0.021,0.494,0.013
ppara,NNscore(ODDT)/GlideSP,0.5,NEF,,0.0,0.0,0.0,40,1240,7,0.0,0.0,0.0,0.497,0.0,-0.014,-0.01,0.497,0.007
ppara,NNscore(ODDT)/GlideSP,1.0,NEF,,0.0,0.0,0.0,40,1240,13,0.0,0.0,0.0,0.495,0.0,-0.019,-0.016,0.497,0.007
ppara,NNscore(ODDT)/GlideSP,5.0,NEF,,0.525,1.694,0.525,40,1240,62,1.05,0.341,0.517,0.488,2.625,-0.02,-0.019,0.497,0.007
pparg,NNscore(ODDT)/GlideSP,0.5,NEF,,4.75,15.323,4.75,40,1240,7,1.073,0.844,5.429,0.511,15.323,0.052,0.036,0.533,0.099
pparg,NNscore(ODDT)/GlideSP,1.0,NEF,,2.38,7.677,2.38,40,1240,13,0.998,0.714,2.495,0.507,7.677,0.026,0.022,0.533,0.099
pparg,NNscore(ODDT)/GlideSP,5.0,NEF,,2.5,8.065,2.5,40,1240,62,5.0,0.725,2.632,0.539,12.5,0.063,0.061,0.533,0.099
pr,NNscore(ODDT)/GlideSP,0.5,NEF,,4.9,15.806,4.9,40,1240,7,1.106,0.849,5.632,0.511,15.806,0.054,0.038,0.571,0.13
pr,NNscore(ODDT)/GlideSP,1.0,NEF,,2.67,8.613,2.67,40,1240,13,1.12,0.739,2.827,0.509,8.613,0.031,0.027,0.571,0.13
pr,NNscore(ODDT)/GlideSP,5.0,NEF,,1.696,5.471,1.696,40,1240,62,3.392,0.635,1.736,0.518,8.48,0.029,0.028,0.571,0.13
prkcq,NNscore(ODDT)/GlideSP,0.5,NEF,,10.526,33.955,10.526,40,1240,7,2.377,0.939,15.423,0.528,33.955,0.131,0.092,0.619,0.133
prkcq,NNscore(ODDT)/GlideSP,1.0,NEF,,5.26,16.968,5.26,40,1240,13,2.206,0.86,6.131,0.523,16.968,0.08,0.068,0.619,0.133
prkcq,NNscore(ODDT)/GlideSP,5.0,NEF,,1.579,5.094,1.579,40,1240,62,3.158,0.617,1.61,0.515,7.895,0.024,0.024,0.619,0.133
pygl-in,NNscore(ODDT)/GlideSP,0.5,NEF,,0.0,0.0,0.0,40,1240,7,0.0,0.0,0.0,0.497,0.0,-0.014,-0.01,0.751,0.113
pygl-in,NNscore(ODDT)/GlideSP,1.0,NEF,,2.37,7.645,2.37,40,1240,13,0.994,0.713,2.483,0.507,7.645,0.026,0.022,0.751,0.113
pygl-in,NNscore(ODDT)/GlideSP,5.0,NEF,,3.477,11.216,3.477,40,1240,62,6.954,0.791,3.79,0.564,17.385,0.104,0.101,0.751,0.113
pygl-out,NNscore(ODDT)/GlideSP,0.5,NEF,,0.0,0.0,0.0,40,1240,7,0.0,0.0,0.0,0.497,0.0,-0.014,-0.01,0.526,0.079
pygl-out,NNscore(ODDT)/GlideSP,1.0,NEF,,0.0,0.0,0.0,40,1240,13,0.0,0.0,0.0,0.495,0.0,-0.019,-0.016,0.526,0.079
pygl-out,NNscore(ODDT)/GlideSP,5.0,NEF,,2.99,9.645,2.99,40,1240,62,5.98,0.762,3.202,0.551,14.95,0.083,0.081,0.526,0.079
qpct,NNscore(ODDT)/GlideSP,0.5,NEF,,0.0,0.0,0.0,40,1240,7,0.0,0.0,0.0,0.497,0.0,-0.014,-0.01,0.523,0.001
qpct,NNscore(ODDT)/GlideSP,1.0,NEF,,0.0,0.0,0.0,40,1240,13,0.0,0.0,0.0,0.495,0.0,-0.019,-0.016,0.523,0.001
qpct,NNscore(ODDT)/GlideSP,5.0,NEF,,0.0,0.0,0.0,40,1240,62,0.0,0.0,0.0,0.474,0.0,-0.042,-0.041,0.523,0.001
rock-1,NNscore(ODDT)/GlideSP,0.5,NEF,,4.311,13.906,4.311,40,1240,7,0.973,0.829,4.846,0.51,13.906,0.046,0.032,0.431,0.112
rock-1,NNscore(ODDT)/GlideSP,1.0,NEF,,4.64,14.968,4.64,40,1240,13,1.946,0.841,5.281,0.52,14.968,0.068,0.059,0.431,0.112
rock-1,NNscore(ODDT)/GlideSP,5.0,NEF,,1.484,4.787,1.484,40,1240,62,2.968,0.601,1.508,0.513,7.42,0.02,0.02,0.431,0.112
rxr,NNscore(ODDT)/GlideSP,0.5,NEF,,0.0,0.0,0.0,40,1240,7,0.0,0.0,0.0,0.497,0.0,-0.014,-0.01,0.675,0.003
rxr,NNscore(ODDT)/GlideSP,1.0,NEF,,0.0,0.0,0.0,40,1240,13,0.0,0.0,0.0,0.495,0.0,-0.019,-0.016,0.675,0.003
rxr,NNscore(ODDT)/GlideSP,5.0,NEF,,0.54,1.742,0.54,40,1240,62,1.08,0.347,0.532,0.488,2.7,-0.019,-0.019,0.675,0.003
sars-hcov,NNscore(ODDT)/GlideSP,0.5,NEF,,17.612,56.813,17.612,39,1209,7,3.977,0.975,39.465,0.55,56.813,0.231,0.165,0.574,0.329
sars-hcov,NNscore(ODDT)/GlideSP,1.0,NEF,,11.85,38.226,11.85,39,1209,13,4.969,0.949,18.564,0.56,38.226,0.207,0.178,0.574,0.329
sars-hcov,NNscore(ODDT)/GlideSP,5.0,NEF,,3.537,11.41,3.537,39,1209,61,6.96,0.794,3.864,0.566,17.846,0.107,0.104,0.574,0.329
sirt2,NNscore(ODDT)/GlideSP,0.5,NEF,,0.0,0.0,0.0,40,1240,7,0.0,0.0,0.0,0.497,0.0,-0.014,-0.01,0.464,0.032
sirt2,NNscore(ODDT)/GlideSP,1.0,NEF,,0.0,0.0,0.0,40,1240,13,0.0,0.0,0.0,0.495,0.0,-0.019,-0.016,0.464,0.032
sirt2,NNscore(ODDT)/GlideSP,5.0,NEF,,1.477,4.765,1.477,40,1240,62,2.954,0.6,1.501,0.512,7.385,0.02,0.019,0.464,0.032
src,NNscore(ODDT)/GlideSP,0.5,NEF,,0.0,0.0,0.0,40,1240,7,0.0,0.0,0.0,0.497,0.0,-0.014,-0.01,0.444,0.0
src,NNscore(ODDT)/GlideSP,1.0,NEF,,0.0,0.0,0.0,40,1240,13,0.0,0.0,0.0,0.495,0.0,-0.019,-0.016,0.444,0.0
src,NNscore(ODDT)/GlideSP,5.0,NEF,,0.0,0.0,0.0,40,1240,62,0.0,0.0,0.0,0.474,0.0,-0.042,-0.041,0.444,0.0
thrombin,NNscore(ODDT)/GlideSP,0.5,NEF,,0.0,0.0,0.0,40,1240,7,0.0,0.0,0.0,0.497,0.0,-0.014,-0.01,0.665,0.058
thrombin,NNscore(ODDT)/GlideSP,1.0,NEF,,0.0,0.0,0.0,40,1240,13,0.0,0.0,0.0,0.495,0.0,-0.019,-0.016,0.665,0.058
thrombin,NNscore(ODDT)/GlideSP,5.0,NEF,,3.657,11.797,3.657,40,1240,62,7.314,0.8,4.012,0.569,18.285,0.111,0.108,0.665,0.058
tie2,NNscore(ODDT)/GlideSP,0.5,NEF,,4.996,16.116,4.996,40,1240,7,1.128,0.852,5.764,0.512,16.116,0.055,0.039,0.485,0.063
tie2,NNscore(ODDT)/GlideSP,1.0,NEF,,2.5,8.065,2.5,40,1240,13,1.048,0.725,2.632,0.508,8.065,0.028,0.024,0.485,0.063
tie2,NNscore(ODDT)/GlideSP,5.0,NEF,,1.499,4.835,1.499,40,1240,62,2.998,0.604,1.524,0.513,7.495,0.021,0.02,0.485,0.063
tk,NNscore(ODDT)/GlideSP,0.5,NEF,,4.52,14.581,4.52,40,1240,7,1.021,0.837,5.121,0.51,14.581,0.048,0.034,0.578,0.094
tk,NNscore(ODDT)/GlideSP,1.0,NEF,,2.43,7.839,2.43,40,1240,13,1.019,0.718,2.552,0.508,7.839,0.027,0.023,0.578,0.094
tk,NNscore(ODDT)/GlideSP,5.0,NEF,,3.062,9.877,3.062,40,1240,62,6.124,0.767,3.288,0.553,15.31,0.086,0.084,0.578,0.094
tp,NNscore(ODDT)/GlideSP,0.5,NEF,,0.0,0.0,0.0,40,1240,7,0.0,0.0,0.0,0.497,0.0,-0.014,-0.01,0.423,0.007
tp,NNscore(ODDT)/GlideSP,1.0,NEF,,0.0,0.0,0.0,40,1240,13,0.0,0.0,0.0,0.495,0.0,-0.019,-0.016,0.423,0.007
tp,NNscore(ODDT)/GlideSP,5.0,NEF,,0.644,2.077,0.644,40,1240,62,1.288,0.389,0.636,0.491,3.22,-0.015,-0.015,0.423,0.007
tpa,NNscore(ODDT)/GlideSP,0.5,NEF,,0.0,0.0,0.0,40,1240,7,0.0,0.0,0.0,0.497,0.0,-0.014,-0.01,0.429,0.011
tpa,NNscore(ODDT)/GlideSP,1.0,NEF,,0.0,0.0,0.0,40,1240,13,0.0,0.0,0.0,0.495,0.0,-0.019,-0.016,0.429,0.011
tpa,NNscore(ODDT)/GlideSP,5.0,NEF,,0.518,1.671,0.518,40,1240,62,1.036,0.338,0.51,0.488,2.59,-0.02,-0.02,0.429,0.011
ts,NNscore(ODDT)/GlideSP,0.5,NEF,,0.0,0.0,0.0,40,1239,7,0.0,0.0,0.0,0.497,0.0,-0.014,-0.01,0.535,0.0
ts,NNscore(ODDT)/GlideSP,1.0,NEF,,0.0,0.0,0.0,40,1239,13,0.0,0.0,0.0,0.495,0.0,-0.019,-0.016,0.535,0.0
ts,NNscore(ODDT)/GlideSP,5.0,NEF,,0.0,0.0,0.0,40,1239,62,0.0,0.0,0.0,0.474,0.0,-0.042,-0.041,0.535,0.0
upa,NNscore(ODDT)/GlideSP,0.5,NEF,,0.0,0.0,0.0,40,1240,7,0.0,0.0,0.0,0.497,0.0,-0.014,-0.01,0.489,0.007
upa,NNscore(ODDT)/GlideSP,1.0,NEF,,0.0,0.0,0.0,40,1240,13,0.0,0.0,0.0,0.495,0.0,-0.019,-0.016,0.489,0.007
upa,NNscore(ODDT)/GlideSP,5.0,NEF,,0.498,1.606,0.498,40,1240,62,0.996,0.329,0.49,0.487,2.49,-0.021,-0.02,0.489,0.007
vegfr1,NNscore(ODDT)/GlideSP,0.5,NEF,,0.0,0.0,0.0,40,1240,7,0.0,0.0,0.0,0.497,0.0,-0.014,-0.01,0.553,0.053
vegfr1,NNscore(ODDT)/GlideSP,1.0,NEF,,0.0,0.0,0.0,40,1240,13,0.0,0.0,0.0,0.495,0.0,-0.019,-0.016,0.553,0.053
vegfr1,NNscore(ODDT)/GlideSP,5.0,NEF,,1.576,5.084,1.576,40,1240,62,3.152,0.616,1.607,0.515,7.88,0.024,0.024,0.553,0.053
vegfr2,NNscore(ODDT)/GlideSP,0.5,NEF,,0.0,0.0,0.0,40,1240,7,0.0,0.0,0.0,0.497,0.0,-0.014,-0.01,0.518,0.026
vegfr2,NNscore(ODDT)/GlideSP,1.0,NEF,,0.0,0.0,0.0,40,1240,13,0.0,0.0,0.0,0.495,0.0,-0.019,-0.016,0.518,0.026
vegfr2,NNscore(ODDT)/GlideSP,5.0,NEF,,1.538,4.961,1.538,40,1240,62,3.076,0.61,1.566,0.514,7.69,0.023,0.022,0.518,0.026
11betahsd1,NNscore1.0/GlideSP,0.5,NEF,,15.09,48.677,15.09,40,1240,7,3.407,0.966,28.454,0.541,48.677,0.194,0.137,0.681,0.28
11betahsd1,NNscore1.0/GlideSP,1.0,NEF,,10.06,32.452,10.06,40,1240,13,4.219,0.935,14.413,0.549,32.452,0.17,0.146,0.681,0.28
11betahsd1,NNscore1.0/GlideSP,5.0,NEF,,4.604,14.852,4.604,40,1240,62,9.208,0.84,5.233,0.593,23.02,0.151,0.147,0.681,0.28
17betahsd1,NNscore1.0/GlideSP,0.5,NEF,,0.0,0.0,0.0,40,1240,7,0.0,0.0,0.0,0.497,0.0,-0.014,-0.01,0.581,0.04
17betahsd1,NNscore1.0/GlideSP,1.0,NEF,,2.36,7.613,2.36,40,1240,13,0.99,0.712,2.472,0.507,7.613,0.026,0.022,0.581,0.04
17betahsd1,NNscore1.0/GlideSP,5.0,NEF,,0.495,1.597,0.495,40,1240,62,0.99,0.327,0.487,0.487,2.475,-0.021,-0.021,0.581,0.04
a2a,NNscore1.0/GlideSP,0.5,NEF,,8.771,28.294,8.771,40,1240,7,1.981,0.922,11.837,0.523,28.294,0.107,0.075,0.525,0.136
a2a,NNscore1.0/GlideSP,1.0,NEF,,4.72,15.226,4.72,40,1240,13,1.979,0.843,5.388,0.52,15.226,0.07,0.06,0.525,0.136
a2a,NNscore1.0/GlideSP,5.0,NEF,,2.476,7.987,2.476,40,1240,62,4.952,0.723,2.604,0.538,12.38,0.062,0.06,0.525,0.136
ace,NNscore1.0/GlideSP,0.5,NEF,,17.643,56.913,17.643,40,1240,7,3.984,0.975,39.626,0.549,56.913,0.229,0.161,0.782,0.348
ace,NNscore1.0/GlideSP,1.0,NEF,,11.88,38.323,11.88,40,1240,13,4.982,0.949,18.64,0.559,38.323,0.204,0.175,0.782,0.348
ace,NNscore1.0/GlideSP,5.0,NEF,,5.478,17.671,5.478,40,1240,62,10.956,0.866,6.439,0.616,27.39,0.188,0.183,0.782,0.348
ace2,NNscore1.0/GlideSP,0.5,NEF,,0.0,0.0,0.0,40,1240,7,0.0,0.0,0.0,0.497,0.0,-0.014,-0.01,0.757,0.078
ace2,NNscore1.0/GlideSP,1.0,NEF,,2.38,7.677,2.38,40,1240,13,0.998,0.714,2.495,0.507,7.677,0.026,0.022,0.757,0.078
ace2,NNscore1.0/GlideSP,5.0,NEF,,2.498,8.058,2.498,40,1240,62,4.996,0.724,2.629,0.539,12.49,0.063,0.061,0.757,0.078
ache,NNscore1.0/GlideSP,0.5,NEF,,0.0,0.0,0.0,40,1240,7,0.0,0.0,0.0,0.497,0.0,-0.014,-0.01,0.669,0.087
ache,NNscore1.0/GlideSP,1.0,NEF,,2.35,7.581,2.35,40,1240,13,0.985,0.711,2.461,0.507,7.581,0.025,0.022,0.669,0.087
ache,NNscore1.0/GlideSP,5.0,NEF,,2.462,7.942,2.462,40,1240,62,4.924,0.721,2.588,0.538,12.31,0.061,0.06,0.669,0.087
adam17,NNscore1.0/GlideSP,0.5,NEF,,8.786,28.342,8.786,40,1240,7,1.984,0.922,11.865,0.523,28.342,0.107,0.076,0.643,0.185
adam17,NNscore1.0/GlideSP,1.0,NEF,,4.73,15.258,4.73,40,1240,13,1.984,0.844,5.402,0.52,15.258,0.07,0.06,0.643,0.185
adam17,NNscore1.0/GlideSP,5.0,NEF,,2.976,9.6,2.976,40,1240,62,5.952,0.761,3.186,0.551,14.88,0.083,0.081,0.643,0.185
adrb2,NNscore1.0/GlideSP,0.5,NEF,,0.0,0.0,0.0,40,1240,7,0.0,0.0,0.0,0.497,0.0,-0.014,-0.01,0.697,0.036
adrb2,NNscore1.0/GlideSP,1.0,NEF,,0.0,0.0,0.0,40,1240,13,0.0,0.0,0.0,0.495,0.0,-0.019,-0.016,0.697,0.036
adrb2,NNscore1.0/GlideSP,5.0,NEF,,2.977,9.603,2.977,40,1240,62,5.954,0.761,3.187,0.551,14.885,0.083,0.081,0.697,0.036
akt1,NNscore1.0/GlideSP,0.5,NEF,,0.0,0.0,0.0,40,1240,7,0.0,0.0,0.0,0.497,0.0,-0.014,-0.01,0.603,0.018
akt1,NNscore1.0/GlideSP,1.0,NEF,,0.0,0.0,0.0,40,1240,13,0.0,0.0,0.0,0.495,0.0,-0.019,-0.016,0.603,0.018
akt1,NNscore1.0/GlideSP,5.0,NEF,,1.01,3.258,1.01,40,1240,62,2.02,0.503,1.01,0.5,5.05,0.0,0.0,0.603,0.018
alr2,NNscore1.0/GlideSP,0.5,NEF,,4.379,14.126,4.379,40,1240,7,0.989,0.832,4.935,0.51,14.126,0.046,0.033,0.543,0.084
alr2,NNscore1.0/GlideSP,1.0,NEF,,2.36,7.613,2.36,40,1240,13,0.99,0.712,2.472,0.507,7.613,0.026,0.022,0.543,0.084
alr2,NNscore1.0/GlideSP,5.0,NEF,,1.977,6.377,1.977,40,1240,62,3.954,0.671,2.044,0.525,9.885,0.041,0.04,0.543,0.084
ar,NNscore1.0/GlideSP,0.5,NEF,,5.643,18.203,5.643,40,1240,7,1.274,0.87,6.676,0.514,18.203,0.064,0.045,0.832,0.23
ar,NNscore1.0/GlideSP,1.0,NEF,,3.22,10.387,3.22,40,1240,13,1.35,0.777,3.477,0.512,10.387,0.042,0.036,0.832,0.23
ar,NNscore1.0/GlideSP,5.0,NEF,,6.348,20.477,6.348,40,1240,62,12.696,0.885,7.725,0.638,31.74,0.224,0.218,0.832,0.23
aurka,NNscore1.0/GlideSP,0.5,NEF,,0.0,0.0,0.0,40,1240,7,0.0,0.0,0.0,0.497,0.0,-0.014,-0.01,0.503,0.023
aurka,NNscore1.0/GlideSP,1.0,NEF,,0.0,0.0,0.0,40,1240,13,0.0,0.0,0.0,0.495,0.0,-0.019,-0.016,0.503,0.023
aurka,NNscore1.0/GlideSP,5.0,NEF,,0.509,1.642,0.509,40,1240,62,1.018,0.334,0.501,0.487,2.545,-0.021,-0.02,0.503,0.023
aurkb,NNscore1.0/GlideSP,0.5,NEF,,4.339,13.997,4.339,40,1240,7,0.98,0.83,4.882,0.51,13.997,0.046,0.032,0.497,0.105
aurkb,NNscore1.0/GlideSP,1.0,NEF,,2.34,7.548,2.34,40,1240,13,0.981,0.71,2.449,0.507,7.548,0.025,0.022,0.497,0.105
aurkb,NNscore1.0/GlideSP,5.0,NEF,,2.49,8.032,2.49,40,1240,62,4.98,0.724,2.62,0.538,12.45,0.062,0.061,0.497,0.105
bcl2,NNscore1.0/GlideSP,0.5,NEF,,0.0,0.0,0.0,40,1240,7,0.0,0.0,0.0,0.497,0.0,-0.014,-0.01,0.502,0.001
bcl2,NNscore1.0/GlideSP,1.0,NEF,,0.0,0.0,0.0,40,1240,13,0.0,0.0,0.0,0.495,0.0,-0.019,-0.016,0.502,0.001
bcl2,NNscore1.0/GlideSP,5.0,NEF,,0.0,0.0,0.0,40,1240,62,0.0,0.0,0.0,0.474,0.0,-0.042,-0.041,0.502,0.001
braf,NNscore1.0/GlideSP,0.5,NEF,,0.0,0.0,0.0,40,1240,7,0.0,0.0,0.0,0.497,0.0,-0.014,-0.01,0.624,0.061
braf,NNscore1.0/GlideSP,1.0,NEF,,0.0,0.0,0.0,40,1240,13,0.0,0.0,0.0,0.495,0.0,-0.019,-0.016,0.624,0.061
braf,NNscore1.0/GlideSP,5.0,NEF,,1.525,4.919,1.525,40,1240,62,3.05,0.608,1.552,0.514,7.625,0.022,0.021,0.624,0.061
catl,NNscore1.0/GlideSP,0.5,NEF,,4.404,14.206,4.404,40,1240,7,0.994,0.832,4.968,0.51,14.206,0.047,0.033,0.802,0.219
catl,NNscore1.0/GlideSP,1.0,NEF,,7.11,22.935,7.11,40,1240,13,2.982,0.899,8.928,0.533,22.935,0.115,0.098,0.802,0.219
catl,NNscore1.0/GlideSP,5.0,NEF,,6.463,20.848,6.463,40,1240,62,12.926,0.888,7.902,0.641,32.315,0.229,0.223,0.802,0.219
cdk2,NNscore1.0/GlideSP,0.5,NEF,,0.0,0.0,0.0,40,1240,7,0.0,0.0,0.0,0.497,0.0,-0.014,-0.01,0.566,0.011
cdk2,NNscore1.0/GlideSP,1.0,NEF,,0.0,0.0,0.0,40,1240,13,0.0,0.0,0.0,0.495,0.0,-0.019,-0.016,0.566,0.011
cdk2,NNscore1.0/GlideSP,5.0,NEF,,0.997,3.216,0.997,40,1240,62,1.994,0.499,0.997,0.5,4.985,-0.0,-0.0,0.566,0.011
cox1,NNscore1.0/GlideSP,0.5,NEF,,0.0,0.0,0.0,40,1240,7,0.0,0.0,0.0,0.497,0.0,-0.014,-0.01,0.564,0.051
cox1,NNscore1.0/GlideSP,1.0,NEF,,0.0,0.0,0.0,40,1240,13,0.0,0.0,0.0,0.495,0.0,-0.019,-0.016,0.564,0.051
cox1,NNscore1.0/GlideSP,5.0,NEF,,1.538,4.961,1.538,40,1240,62,3.076,0.61,1.566,0.514,7.69,0.023,0.022,0.564,0.051
cox2,NNscore1.0/GlideSP,0.5,NEF,,9.243,29.816,9.243,40,1240,7,2.087,0.927,12.745,0.524,29.816,0.113,0.08,0.826,0.471
cox2,NNscore1.0/GlideSP,1.0,NEF,,12.84,41.419,12.84,40,1240,13,5.385,0.955,21.211,0.564,41.419,0.223,0.19,0.826,0.471
cox2,NNscore1.0/GlideSP,5.0,NEF,,5.374,17.335,5.374,40,1240,62,10.748,0.863,6.291,0.613,26.87,0.183,0.179,0.826,0.471
ctsk,NNscore1.0/GlideSP,0.5,NEF,,0.0,0.0,0.0,40,1240,7,0.0,0.0,0.0,0.497,0.0,-0.014,-0.01,0.798,0.11
ctsk,NNscore1.0/GlideSP,1.0,NEF,,2.38,7.677,2.38,40,1240,13,0.998,0.714,2.495,0.507,7.677,0.026,0.022,0.798,0.11
ctsk,NNscore1.0/GlideSP,5.0,NEF,,4.482,14.458,4.482,40,1240,62,8.964,0.835,5.071,0.59,22.41,0.146,0.142,0.798,0.11
cyp2a6,NNscore1.0/GlideSP,0.5,NEF,,0.0,0.0,0.0,40,1240,7,0.0,0.0,0.0,0.497,0.0,-0.014,-0.01,0.477,0.001
cyp2a6,NNscore1.0/GlideSP,1.0,NEF,,0.0,0.0,0.0,40,1240,13,0.0,0.0,0.0,0.495,0.0,-0.019,-0.016,0.477,0.001
cyp2a6,NNscore1.0/GlideSP,5.0,NEF,,0.0,0.0,0.0,40,1240,62,0.0,0.0,0.0,0.474,0.0,-0.042,-0.041,0.477,0.001
dhfr,NNscore1.0/GlideSP,0.5,NEF,,8.743,28.203,8.743,40,1240,7,1.974,0.922,11.785,0.523,28.203,0.107,0.075,0.661,0.226
dhfr,NNscore1.0/GlideSP,1.0,NEF,,7.06,22.774,7.06,40,1240,13,2.961,0.898,8.847,0.533,22.774,0.114,0.097,0.661,0.226
dhfr,NNscore1.0/GlideSP,5.0,NEF,,3.948,12.735,3.948,40,1240,62,7.896,0.814,4.378,0.576,19.74,0.123,0.12,0.661,0.226
egfr,NNscore1.0/GlideSP,0.5,NEF,,0.0,0.0,0.0,40,1240,7,0.0,0.0,0.0,0.497,0.0,-0.014,-0.01,0.539,0.016
egfr,NNscore1.0/GlideSP,1.0,NEF,,0.0,0.0,0.0,40,1240,13,0.0,0.0,0.0,0.495,0.0,-0.019,-0.016,0.539,0.016
egfr,NNscore1.0/GlideSP,5.0,NEF,,1.52,4.903,1.52,40,1240,62,3.04,0.607,1.547,0.513,7.6,0.022,0.021,0.539,0.016
ephb4,NNscore1.0/GlideSP,0.5,NEF,,4.336,13.987,4.336,40,1240,7,0.979,0.83,4.878,0.51,13.987,0.046,0.032,0.564,0.084
ephb4,NNscore1.0/GlideSP,1.0,NEF,,2.33,7.516,2.33,40,1240,13,0.977,0.709,2.438,0.507,7.516,0.025,0.021,0.564,0.084
ephb4,NNscore1.0/GlideSP,5.0,NEF,,1.99,6.419,1.99,40,1240,62,3.98,0.673,2.058,0.526,9.95,0.041,0.04,0.564,0.084
erbb2,NNscore1.0/GlideSP,0.5,NEF,,4.933,15.913,4.933,40,1240,7,1.114,0.85,5.677,0.511,15.913,0.054,0.038,0.693,0.185
erbb2,NNscore1.0/GlideSP,1.0,NEF,,4.93,15.903,4.93,40,1240,13,2.067,0.85,5.673,0.521,15.903,0.074,0.063,0.693,0.185
erbb2,NNscore1.0/GlideSP,5.0,NEF,,3.453,11.139,3.453,40,1240,62,6.906,0.79,3.76,0.563,17.265,0.103,0.1,0.693,0.185
er-beta,NNscore1.0/GlideSP,0.5,NEF,,11.434,36.884,11.434,40,1240,7,2.582,0.946,17.531,0.53,36.884,0.144,0.101,0.811,0.352
er-beta,NNscore1.0/GlideSP,1.0,NEF,,6.35,20.484,6.35,40,1240,13,2.663,0.885,7.728,0.529,20.484,0.101,0.086,0.811,0.352
er-beta,NNscore1.0/GlideSP,5.0,NEF,,6.126,19.761,6.126,40,1240,62,12.252,0.881,7.388,0.632,30.63,0.215,0.209,0.811,0.352
fgfr1,NNscore1.0/GlideSP,0.5,NEF,,4.913,15.848,4.913,40,1240,7,1.109,0.85,5.65,0.511,15.848,0.054,0.038,0.705,0.118
fgfr1,NNscore1.0/GlideSP,1.0,NEF,,4.91,15.839,4.91,40,1240,13,2.059,0.85,5.646,0.521,15.839,0.073,0.063,0.705,0.118
fgfr1,NNscore1.0/GlideSP,5.0,NEF,,1.998,6.445,1.998,40,1240,62,3.996,0.674,2.067,0.526,9.99,0.042,0.041,0.705,0.118
fkbp1a,NNscore1.0/GlideSP,0.5,NEF,,0.0,0.0,0.0,40,1240,7,0.0,0.0,0.0,0.497,0.0,-0.014,-0.01,0.774,0.121
fkbp1a,NNscore1.0/GlideSP,1.0,NEF,,2.49,8.032,2.49,40,1240,13,1.044,0.724,2.62,0.508,8.032,0.028,0.024,0.774,0.121
fkbp1a,NNscore1.0/GlideSP,5.0,NEF,,4.18,13.484,4.18,40,1240,62,8.36,0.824,4.676,0.582,20.9,0.133,0.13,0.774,0.121
fxa,NNscore1.0/GlideSP,0.5,NEF,,10.197,32.894,10.197,40,1240,7,2.303,0.936,14.705,0.527,32.894,0.127,0.089,0.709,0.185
fxa,NNscore1.0/GlideSP,1.0,NEF,,5.1,16.452,5.1,40,1240,13,2.139,0.855,5.907,0.522,16.452,0.077,0.066,0.709,0.185
fxa,NNscore1.0/GlideSP,5.0,NEF,,3.569,11.513,3.569,40,1240,62,7.138,0.796,3.903,0.566,17.845,0.108,0.105,0.709,0.185
gba,NNscore1.0/GlideSP,0.5,NEF,,0.0,0.0,0.0,40,1240,7,0.0,0.0,0.0,0.497,0.0,-0.014,-0.01,0.649,0.063
gba,NNscore1.0/GlideSP,1.0,NEF,,0.0,0.0,0.0,40,1240,13,0.0,0.0,0.0,0.495,0.0,-0.019,-0.016,0.649,0.063
gba,NNscore1.0/GlideSP,5.0,NEF,,1.494,4.819,1.494,40,1240,62,2.988,0.603,1.519,0.513,7.47,0.021,0.02,0.649,0.063
gr,NNscore1.0/GlideSP,0.5,NEF,,0.0,0.0,0.0,40,1240,7,0.0,0.0,0.0,0.497,0.0,-0.014,-0.01,0.654,0.018
gr,NNscore1.0/GlideSP,1.0,NEF,,0.0,0.0,0.0,40,1240,13,0.0,0.0,0.0,0.495,0.0,-0.019,-0.016,0.654,0.018
gr,NNscore1.0/GlideSP,5.0,NEF,,1.973,6.365,1.973,40,1240,62,3.946,0.671,2.039,0.525,9.865,0.041,0.04,0.654,0.018
gsk3b,NNscore1.0/GlideSP,0.5,NEF,,4.307,13.894,4.307,40,1240,7,0.973,0.829,4.841,0.51,13.894,0.045,0.032,0.574,0.069
gsk3b,NNscore1.0/GlideSP,1.0,NEF,,2.32,7.484,2.32,40,1240,13,0.973,0.708,2.427,0.507,7.484,0.025,0.021,0.574,0.069
gsk3b,NNscore1.0/GlideSP,5.0,NEF,,0.494,1.594,0.494,40,1240,62,0.988,0.327,0.486,0.487,2.47,-0.021,-0.021,0.574,0.069
hdac2,NNscore1.0/GlideSP,0.5,NEF,,4.336,13.987,4.336,40,1240,7,0.979,0.83,4.878,0.51,13.987,0.046,0.032,0.609,0.057
hdac2,NNscore1.0/GlideSP,1.0,NEF,,2.33,7.516,2.33,40,1240,13,0.977,0.709,2.438,0.507,7.516,0.025,0.021,0.609,0.057
hdac2,NNscore1.0/GlideSP,5.0,NEF,,1.493,4.816,1.493,40,1240,62,2.986,0.603,1.518,0.513,7.465,0.021,0.02,0.609,0.057
hdac8,NNscore1.0/GlideSP,0.5,NEF,,0.0,0.0,0.0,40,1240,7,0.0,0.0,0.0,0.497,0.0,-0.014,-0.01,0.628,0.043
hdac8,NNscore1.0/GlideSP,1.0,NEF,,0.0,0.0,0.0,40,1240,13,0.0,0.0,0.0,0.495,0.0,-0.019,-0.016,0.628,0.043
hdac8,NNscore1.0/GlideSP,5.0,NEF,,2.488,8.026,2.488,40,1240,62,4.976,0.724,2.618,0.538,12.44,0.062,0.061,0.628,0.043
hiv1pr,NNscore1.0/GlideSP,0.5,NEF,,4.695,15.145,4.695,40,1240,7,1.06,0.843,5.354,0.511,15.145,0.051,0.036,0.797,0.208
hiv1pr,NNscore1.0/GlideSP,1.0,NEF,,5.06,16.323,5.06,40,1240,13,2.122,0.854,5.852,0.522,16.323,0.076,0.065,0.797,0.208
hiv1pr,NNscore1.0/GlideSP,5.0,NEF,,4.849,15.642,4.849,40,1240,62,9.698,0.848,5.563,0.599,24.245,0.161,0.157,0.797,0.208
hiv1rt,NNscore1.0/GlideSP,0.5,NEF,,0.0,0.0,0.0,40,1240,7,0.0,0.0,0.0,0.497,0.0,-0.014,-0.01,0.504,0.086
hiv1rt,NNscore1.0/GlideSP,1.0,NEF,,2.46,7.935,2.46,40,1240,13,1.032,0.721,2.586,0.508,7.935,0.027,0.023,0.504,0.086
hiv1rt,NNscore1.0/GlideSP,5.0,NEF,,1.575,5.081,1.575,40,1240,62,3.15,0.616,1.606,0.515,7.875,0.024,0.023,0.504,0.086
hmgr,NNscore1.0/GlideSP,0.5,NEF,,17.671,57.003,17.671,40,1240,7,3.99,0.975,39.773,0.549,57.003,0.229,0.162,0.929,0.51
hmgr,NNscore1.0/GlideSP,1.0,NEF,,16.65,53.71,16.65,40,1240,13,6.982,0.972,34.808,0.585,53.71,0.294,0.252,0.929,0.51
hmgr,NNscore1.0/GlideSP,5.0,NEF,,11.472,37.006,11.472,40,1240,62,22.944,0.946,17.624,0.771,57.36,0.439,0.427,0.929,0.51
hsp90,NNscore1.0/GlideSP,0.5,NEF,,4.336,13.987,4.336,40,1240,7,0.979,0.83,4.878,0.51,13.987,0.046,0.032,0.568,0.086
hsp90,NNscore1.0/GlideSP,1.0,NEF,,2.33,7.516,2.33,40,1240,13,0.977,0.709,2.438,0.507,7.516,0.025,0.021,0.568,0.086
hsp90,NNscore1.0/GlideSP,5.0,NEF,,1.493,4.816,1.493,40,1240,62,2.986,0.603,1.518,0.513,7.465,0.021,0.02,0.568,0.086
igf1r,NNscore1.0/GlideSP,0.5,NEF,,0.0,0.0,0.0,40,1240,7,0.0,0.0,0.0,0.497,0.0,-0.014,-0.01,0.559,0.028
igf1r,NNscore1.0/GlideSP,1.0,NEF,,0.0,0.0,0.0,40,1240,13,0.0,0.0,0.0,0.495,0.0,-0.019,-0.016,0.559,0.028
igf1r,NNscore1.0/GlideSP,5.0,NEF,,1.515,4.887,1.515,40,1240,62,3.03,0.607,1.541,0.513,7.575,0.022,0.021,0.559,0.028
inha,NNscore1.0/GlideSP,0.5,NEF,,0.0,0.0,0.0,40,1240,7,0.0,0.0,0.0,0.497,0.0,-0.014,-0.01,0.533,0.001
inha,NNscore1.0/GlideSP,1.0,NEF,,0.0,0.0,0.0,40,1240,13,0.0,0.0,0.0,0.495,0.0,-0.019,-0.016,0.533,0.001
inha,NNscore1.0/GlideSP,5.0,NEF,,0.494,1.594,0.494,40,1240,62,0.988,0.327,0.486,0.487,2.47,-0.021,-0.021,0.533,0.001
itk,NNscore1.0/GlideSP,0.5,NEF,,0.0,0.0,0.0,40,1240,7,0.0,0.0,0.0,0.497,0.0,-0.014,-0.01,0.539,0.066
itk,NNscore1.0/GlideSP,1.0,NEF,,2.34,7.548,2.34,40,1240,13,0.981,0.71,2.449,0.507,7.548,0.025,0.022,0.539,0.066
itk,NNscore1.0/GlideSP,5.0,NEF,,1.997,6.442,1.997,40,1240,62,3.994,0.674,2.066,0.526,9.985,0.042,0.041,0.539,0.066
jak3,NNscore1.0/GlideSP,0.5,NEF,,0.0,0.0,0.0,40,1240,7,0.0,0.0,0.0,0.497,0.0,-0.014,-0.01,0.569,0.03
jak3,NNscore1.0/GlideSP,1.0,NEF,,0.0,0.0,0.0,40,1240,13,0.0,0.0,0.0,0.495,0.0,-0.019,-0.016,0.569,0.03
jak3,NNscore1.0/GlideSP,5.0,NEF,,0.499,1.61,0.499,40,1240,62,0.998,0.329,0.491,0.487,2.495,-0.021,-0.02,0.569,0.03
jnk1,NNscore1.0/GlideSP,0.5,NEF,,5.25,16.935,5.25,40,1240,7,1.185,0.859,6.117,0.512,16.935,0.058,0.041,0.528,0.136
jnk1,NNscore1.0/GlideSP,1.0,NEF,,2.63,8.484,2.63,40,1240,13,1.103,0.736,2.781,0.509,8.484,0.031,0.026,0.528,0.136
jnk1,NNscore1.0/GlideSP,5.0,NEF,,2.625,8.468,2.625,40,1240,62,5.25,0.735,2.775,0.542,13.125,0.068,0.066,0.528,0.136
jnk2,NNscore1.0/GlideSP,0.5,NEF,,0.0,0.0,0.0,40,1240,7,0.0,0.0,0.0,0.497,0.0,-0.014,-0.01,0.575,0.042
jnk2,NNscore1.0/GlideSP,1.0,NEF,,0.0,0.0,0.0,40,1240,13,0.0,0.0,0.0,0.495,0.0,-0.019,-0.016,0.575,0.042
jnk2,NNscore1.0/GlideSP,5.0,NEF,,1.527,4.926,1.527,40,1240,62,3.054,0.609,1.554,0.514,7.635,0.022,0.022,0.575,0.042
jnk3,NNscore1.0/GlideSP,0.5,NEF,,0.0,0.0,0.0,40,1240,7,0.0,0.0,0.0,0.497,0.0,-0.014,-0.01,0.515,0.004
jnk3,NNscore1.0/GlideSP,1.0,NEF,,0.0,0.0,0.0,40,1240,13,0.0,0.0,0.0,0.495,0.0,-0.019,-0.016,0.515,0.004
jnk3,NNscore1.0/GlideSP,5.0,NEF,,1.016,3.277,1.016,40,1240,62,2.032,0.504,1.017,0.5,5.08,0.001,0.001,0.515,0.004
kif11,NNscore1.0/GlideSP,0.5,NEF,,4.318,13.929,4.318,40,1240,7,0.975,0.829,4.855,0.51,13.929,0.046,0.032,0.741,0.102
kif11,NNscore1.0/GlideSP,1.0,NEF,,2.33,7.516,2.33,40,1240,13,0.977,0.709,2.438,0.507,7.516,0.025,0.021,0.741,0.102
kif11,NNscore1.0/GlideSP,5.0,NEF,,1.982,6.394,1.982,40,1240,62,3.964,0.672,2.049,0.525,9.91,0.041,0.04,0.741,0.102
lck,NNscore1.0/GlideSP,0.5,NEF,,4.3,13.871,4.3,40,1240,7,0.971,0.829,4.831,0.51,13.871,0.045,0.032,0.626,0.059
lck,NNscore1.0/GlideSP,1.0,NEF,,2.32,7.484,2.32,40,1240,13,0.973,0.708,2.427,0.507,7.484,0.025,0.021,0.626,0.059
lck,NNscore1.0/GlideSP,5.0,NEF,,1.48,4.774,1.48,40,1240,62,2.96,0.601,1.504,0.512,7.4,0.02,0.02,0.626,0.059
mdm2,NNscore1.0/GlideSP,0.5,NEF,,19.967,64.41,19.967,40,1240,7,4.509,0.982,54.293,0.555,64.41,0.261,0.184,0.754,0.507
mdm2,NNscore1.0/GlideSP,1.0,NEF,,22.46,72.452,22.46,40,1240,13,9.419,0.987,78.899,0.616,72.452,0.403,0.345,0.754,0.507
mdm2,NNscore1.0/GlideSP,5.0,NEF,,6.988,22.542,6.988,40,1240,62,13.976,0.897,8.731,0.655,34.94,0.251,0.244,0.754,0.507
mk2,NNscore1.0/GlideSP,0.5,NEF,,0.0,0.0,0.0,40,1240,7,0.0,0.0,0.0,0.497,0.0,-0.014,-0.01,0.515,0.056
mk2,NNscore1.0/GlideSP,1.0,NEF,,0.0,0.0,0.0,40,1240,13,0.0,0.0,0.0,0.495,0.0,-0.019,-0.016,0.515,0.056
mk2,NNscore1.0/GlideSP,5.0,NEF,,1.6,5.161,1.6,40,1240,62,3.2,0.62,1.633,0.516,8.0,0.025,0.024,0.515,0.056
mmp2,NNscore1.0/GlideSP,0.5,NEF,,4.386,14.148,4.386,40,1240,7,0.99,0.832,4.944,0.51,14.148,0.047,0.033,0.643,0.146
mmp2,NNscore1.0/GlideSP,1.0,NEF,,7.08,22.839,7.08,40,1240,13,2.969,0.899,8.88,0.533,22.839,0.114,0.098,0.643,0.146
mmp2,NNscore1.0/GlideSP,5.0,NEF,,2.476,7.987,2.476,40,1240,62,4.952,0.723,2.604,0.538,12.38,0.062,0.06,0.643,0.146
na,NNscore1.0/GlideSP,0.5,NEF,,17.7,57.097,17.7,40,1240,7,3.997,0.976,39.925,0.549,57.097,0.23,0.162,0.848,0.505
na,NNscore1.0/GlideSP,1.0,NEF,,19.06,61.484,19.06,40,1240,13,7.993,0.98,47.889,0.598,61.484,0.339,0.29,0.848,0.505
na,NNscore1.0/GlideSP,5.0,NEF,,8.493,27.397,8.493,40,1240,62,16.986,0.919,11.32,0.694,42.465,0.314,0.306,0.848,0.505
p38-alpha,NNscore1.0/GlideSP,0.5,NEF,,8.729,28.158,8.729,40,1240,7,1.971,0.922,11.758,0.523,28.158,0.106,0.075,0.472,0.134
p38-alpha,NNscore1.0/GlideSP,1.0,NEF,,4.7,15.161,4.7,40,1240,13,1.971,0.843,5.361,0.52,15.161,0.07,0.059,0.472,0.134
p38-alpha,NNscore1.0/GlideSP,5.0,NEF,,1.971,6.358,1.971,40,1240,62,3.942,0.671,2.037,0.525,9.855,0.041,0.04,0.472,0.134
parp-1,NNscore1.0/GlideSP,0.5,NEF,,0.0,0.0,0.0,40,1240,7,0.0,0.0,0.0,0.497,0.0,-0.014,-0.01,0.6,0.051
parp-1,NNscore1.0/GlideSP,1.0,NEF,,0.0,0.0,0.0,40,1240,13,0.0,0.0,0.0,0.495,0.0,-0.019,-0.016,0.6,0.051
parp-1,NNscore1.0/GlideSP,5.0,NEF,,2.966,9.568,2.966,40,1240,62,5.932,0.76,3.174,0.551,14.83,0.082,0.08,0.6,0.051
pde4b,NNscore1.0/GlideSP,0.5,NEF,,0.0,0.0,0.0,40,1240,7,0.0,0.0,0.0,0.497,0.0,-0.014,-0.01,0.454,0.022
pde4b,NNscore1.0/GlideSP,1.0,NEF,,0.0,0.0,0.0,40,1240,13,0.0,0.0,0.0,0.495,0.0,-0.019,-0.016,0.454,0.022
pde4b,NNscore1.0/GlideSP,5.0,NEF,,0.994,3.206,0.994,40,1240,62,1.988,0.498,0.994,0.5,4.97,-0.0,-0.0,0.454,0.022
pde5,NNscore1.0/GlideSP,0.5,NEF,,4.609,14.868,4.609,40,1240,7,1.041,0.84,5.239,0.511,14.868,0.05,0.035,0.538,0.082
pde5,NNscore1.0/GlideSP,1.0,NEF,,2.48,8.0,2.48,40,1240,13,1.04,0.723,2.609,0.508,8.0,0.028,0.024,0.538,0.082
pde5,NNscore1.0/GlideSP,5.0,NEF,,1.561,5.035,1.561,40,1240,62,3.122,0.614,1.591,0.514,7.805,0.023,0.023,0.538,0.082
pdk1,NNscore1.0/GlideSP,0.5,NEF,,4.534,14.626,4.534,40,1240,7,1.024,0.837,5.139,0.51,14.626,0.049,0.034,0.627,0.08
pdk1,NNscore1.0/GlideSP,1.0,NEF,,2.44,7.871,2.44,40,1240,13,1.023,0.719,2.563,0.508,7.871,0.027,0.023,0.627,0.08
pdk1,NNscore1.0/GlideSP,5.0,NEF,,2.081,6.713,2.081,40,1240,62,4.162,0.683,2.159,0.528,10.405,0.045,0.044,0.627,0.08
pi3kg,NNscore1.0/GlideSP,0.5,NEF,,0.0,0.0,0.0,40,1240,7,0.0,0.0,0.0,0.497,0.0,-0.014,-0.01,0.636,0.058
pi3kg,NNscore1.0/GlideSP,1.0,NEF,,2.39,7.71,2.39,40,1240,13,1.002,0.715,2.506,0.508,7.71,0.026,0.022,0.636,0.058
pi3kg,NNscore1.0/GlideSP,5.0,NEF,,1.526,4.923,1.526,40,1240,62,3.052,0.608,1.553,0.514,7.63,0.022,0.021,0.636,0.058
pim-1,NNscore1.0/GlideSP,0.5,NEF,,0.0,0.0,0.0,40,1240,7,0.0,0.0,0.0,0.497,0.0,-0.014,-0.01,0.582,0.025
pim-1,NNscore1.0/GlideSP,1.0,NEF,,0.0,0.0,0.0,40,1240,13,0.0,0.0,0.0,0.495,0.0,-0.019,-0.016,0.582,0.025
pim-1,NNscore1.0/GlideSP,5.0,NEF,,0.495,1.597,0.495,40,1240,62,0.99,0.327,0.487,0.487,2.475,-0.021,-0.021,0.582,0.025
pim-2,NNscore1.0/GlideSP,0.5,NEF,,0.0,0.0,0.0,40,1240,7,0.0,0.0,0.0,0.497,0.0,-0.014,-0.01,0.577,0.045
pim-2,NNscore1.0/GlideSP,1.0,NEF,,0.0,0.0,0.0,40,1240,13,0.0,0.0,0.0,0.495,0.0,-0.019,-0.016,0.577,0.045
pim-2,NNscore1.0/GlideSP,5.0,NEF,,1.523,4.913,1.523,40,1240,62,3.046,0.608,1.55,0.514,7.615,0.022,0.021,0.577,0.045
pnp,NNscore1.0/GlideSP,0.5,NEF,,4.404,14.206,4.404,40,1240,7,0.994,0.832,4.968,0.51,14.206,0.047,0.033,0.476,0.155
pnp,NNscore1.0/GlideSP,1.0,NEF,,7.11,22.935,7.11,40,1240,13,2.982,0.899,8.928,0.533,22.935,0.115,0.098,0.476,0.155
pnp,NNscore1.0/GlideSP,5.0,NEF,,1.989,6.416,1.989,40,1240,62,3.978,0.673,2.057,0.526,9.945,0.041,0.04,0.476,0.155
ppara,NNscore1.0/GlideSP,0.5,NEF,,4.991,16.1,4.991,40,1240,7,1.127,0.852,5.757,0.512,16.1,0.055,0.039,0.635,0.274
ppara,NNscore1.0/GlideSP,1.0,NEF,,9.98,32.194,9.98,40,1240,13,4.185,0.934,14.244,0.549,32.194,0.169,0.144,0.635,0.274
ppara,NNscore1.0/GlideSP,5.0,NEF,,4.729,15.255,4.729,40,1240,62,9.458,0.844,5.4,0.596,23.645,0.156,0.152,0.635,0.274
pparg,NNscore1.0/GlideSP,0.5,NEF,,0.0,0.0,0.0,40,1240,7,0.0,0.0,0.0,0.497,0.0,-0.014,-0.01,0.631,0.202
pparg,NNscore1.0/GlideSP,1.0,NEF,,7.13,23.0,7.13,40,1240,13,2.99,0.9,8.961,0.533,23.0,0.115,0.099,0.631,0.202
pparg,NNscore1.0/GlideSP,5.0,NEF,,5.5,17.742,5.5,40,1240,62,11.0,0.866,6.471,0.616,27.5,0.188,0.184,0.631,0.202
pr,NNscore1.0/GlideSP,0.5,NEF,,0.0,0.0,0.0,40,1240,7,0.0,0.0,0.0,0.497,0.0,-0.014,-0.01,0.64,0.058
pr,NNscore1.0/GlideSP,1.0,NEF,,0.0,0.0,0.0,40,1240,13,0.0,0.0,0.0,0.495,0.0,-0.019,-0.016,0.64,0.058
pr,NNscore1.0/GlideSP,5.0,NEF,,3.392,10.942,3.392,40,1240,62,6.784,0.787,3.686,0.562,16.96,0.1,0.098,0.64,0.058
prkcq,NNscore1.0/GlideSP,0.5,NEF,,5.263,16.977,5.263,40,1240,7,1.188,0.86,6.135,0.512,16.977,0.059,0.041,0.7,0.119
prkcq,NNscore1.0/GlideSP,1.0,NEF,,2.63,8.484,2.63,40,1240,13,1.103,0.736,2.781,0.509,8.484,0.031,0.026,0.7,0.119
prkcq,NNscore1.0/GlideSP,5.0,NEF,,3.158,10.187,3.158,40,1240,62,6.316,0.773,3.403,0.556,15.79,0.09,0.088,0.7,0.119
pygl-in,NNscore1.0/GlideSP,0.5,NEF,,0.0,0.0,0.0,40,1240,7,0.0,0.0,0.0,0.497,0.0,-0.014,-0.01,0.544,0.121
pygl-in,NNscore1.0/GlideSP,1.0,NEF,,0.0,0.0,0.0,40,1240,13,0.0,0.0,0.0,0.495,0.0,-0.019,-0.016,0.544,0.121
pygl-in,NNscore1.0/GlideSP,5.0,NEF,,2.981,9.616,2.981,40,1240,62,5.962,0.761,3.192,0.551,14.905,0.083,0.081,0.544,0.121
pygl-out,NNscore1.0/GlideSP,0.5,NEF,,13.243,42.719,13.243,40,1240,7,2.99,0.957,22.374,0.536,42.719,0.168,0.119,0.825,0.36
pygl-out,NNscore1.0/GlideSP,1.0,NEF,,9.51,30.677,9.51,40,1240,13,3.988,0.93,13.276,0.546,30.677,0.16,0.137,0.825,0.36
pygl-out,NNscore1.0/GlideSP,5.0,NEF,,9.469,30.545,9.469,40,1240,62,18.938,0.93,13.194,0.719,47.345,0.355,0.346,0.825,0.36
qpct,NNscore1.0/GlideSP,0.5,NEF,,0.0,0.0,0.0,40,1240,7,0.0,0.0,0.0,0.497,0.0,-0.014,-0.01,0.223,0.001
qpct,NNscore1.0/GlideSP,1.0,NEF,,0.0,0.0,0.0,40,1240,13,0.0,0.0,0.0,0.495,0.0,-0.019,-0.016,0.223,0.001
qpct,NNscore1.0/GlideSP,5.0,NEF,,0.0,0.0,0.0,40,1240,62,0.0,0.0,0.0,0.474,0.0,-0.042,-0.041,0.223,0.001
rock-1,NNscore1.0/GlideSP,0.5,NEF,,0.0,0.0,0.0,40,1240,7,0.0,0.0,0.0,0.497,0.0,-0.014,-0.01,0.502,0.032
rock-1,NNscore1.0/GlideSP,1.0,NEF,,0.0,0.0,0.0,40,1240,13,0.0,0.0,0.0,0.495,0.0,-0.019,-0.016,0.502,0.032
rock-1,NNscore1.0/GlideSP,5.0,NEF,,0.495,1.597,0.495,40,1240,62,0.99,0.327,0.487,0.487,2.475,-0.021,-0.021,0.502,0.032
rxr,NNscore1.0/GlideSP,0.5,NEF,,10.368,33.445,10.368,40,1240,7,2.341,0.938,15.076,0.527,33.445,0.129,0.091,0.867,0.623
rxr,NNscore1.0/GlideSP,1.0,NEF,,12.96,41.806,12.96,40,1240,13,5.435,0.956,21.552,0.565,41.806,0.225,0.192,0.867,0.623
rxr,NNscore1.0/GlideSP,5.0,NEF,,11.34,36.581,11.34,40,1240,62,22.68,0.945,17.304,0.767,56.7,0.433,0.422,0.867,0.623
sars-hcov,NNscore1.0/GlideSP,0.5,NEF,,0.0,0.0,0.0,39,1209,7,0.0,0.0,0.0,0.497,0.0,-0.014,-0.01,0.414,0.026
sars-hcov,NNscore1.0/GlideSP,1.0,NEF,,0.0,0.0,0.0,39,1209,13,0.0,0.0,0.0,0.494,0.0,-0.019,-0.016,0.414,0.026
sars-hcov,NNscore1.0/GlideSP,5.0,NEF,,0.505,1.629,0.505,39,1209,61,0.994,0.332,0.497,0.487,2.548,-0.021,-0.02,0.414,0.026
sirt2,NNscore1.0/GlideSP,0.5,NEF,,0.0,0.0,0.0,40,1240,7,0.0,0.0,0.0,0.497,0.0,-0.014,-0.01,0.525,0.037
sirt2,NNscore1.0/GlideSP,1.0,NEF,,0.0,0.0,0.0,40,1240,13,0.0,0.0,0.0,0.495,0.0,-0.019,-0.016,0.525,0.037
sirt2,NNscore1.0/GlideSP,5.0,NEF,,2.462,7.942,2.462,40,1240,62,4.924,0.721,2.588,0.538,12.31,0.061,0.06,0.525,0.037
src,NNscore1.0/GlideSP,0.5,NEF,,0.0,0.0,0.0,40,1240,7,0.0,0.0,0.0,0.497,0.0,-0.014,-0.01,0.512,0.017
src,NNscore1.0/GlideSP,1.0,NEF,,0.0,0.0,0.0,40,1240,13,0.0,0.0,0.0,0.495,0.0,-0.019,-0.016,0.512,0.017
src,NNscore1.0/GlideSP,5.0,NEF,,0.509,1.642,0.509,40,1240,62,1.018,0.334,0.501,0.487,2.545,-0.021,-0.02,0.512,0.017
thrombin,NNscore1.0/GlideSP,0.5,NEF,,4.553,14.687,4.553,40,1240,7,1.028,0.838,5.165,0.51,14.687,0.049,0.034,0.714,0.215
thrombin,NNscore1.0/GlideSP,1.0,NEF,,2.45,7.903,2.45,40,1240,13,1.027,0.72,2.574,0.508,7.903,0.027,0.023,0.714,0.215
thrombin,NNscore1.0/GlideSP,5.0,NEF,,5.224,16.852,5.224,40,1240,62,10.448,0.859,6.08,0.609,26.12,0.177,0.172,0.714,0.215
tie2,NNscore1.0/GlideSP,0.5,NEF,,0.0,0.0,0.0,40,1240,7,0.0,0.0,0.0,0.497,0.0,-0.014,-0.01,0.566,0.101
tie2,NNscore1.0/GlideSP,1.0,NEF,,2.5,8.065,2.5,40,1240,13,1.048,0.725,2.632,0.508,8.065,0.028,0.024,0.566,0.101
tie2,NNscore1.0/GlideSP,5.0,NEF,,2.498,8.058,2.498,40,1240,62,4.996,0.724,2.629,0.539,12.49,0.063,0.061,0.566,0.101
tk,NNscore1.0/GlideSP,0.5,NEF,,0.0,0.0,0.0,40,1240,7,0.0,0.0,0.0,0.497,0.0,-0.014,-0.01,0.767,0.086
tk,NNscore1.0/GlideSP,1.0,NEF,,0.0,0.0,0.0,40,1240,13,0.0,0.0,0.0,0.495,0.0,-0.019,-0.016,0.767,0.086
tk,NNscore1.0/GlideSP,5.0,NEF,,4.593,14.816,4.593,40,1240,62,9.186,0.839,5.218,0.593,22.965,0.15,0.147,0.767,0.086
tp,NNscore1.0/GlideSP,0.5,NEF,,0.0,0.0,0.0,40,1240,7,0.0,0.0,0.0,0.497,0.0,-0.014,-0.01,0.48,0.006
tp,NNscore1.0/GlideSP,1.0,NEF,,0.0,0.0,0.0,40,1240,13,0.0,0.0,0.0,0.495,0.0,-0.019,-0.016,0.48,0.006
tp,NNscore1.0/GlideSP,5.0,NEF,,0.644,2.077,0.644,40,1240,62,1.288,0.389,0.636,0.491,3.22,-0.015,-0.015,0.48,0.006
tpa,NNscore1.0/GlideSP,0.5,NEF,,5.092,16.426,5.092,40,1240,7,1.15,0.855,5.896,0.512,16.426,0.056,0.04,0.701,0.163
tpa,NNscore1.0/GlideSP,1.0,NEF,,5.09,16.419,5.09,40,1240,13,2.135,0.855,5.893,0.522,16.419,0.077,0.066,0.701,0.163
tpa,NNscore1.0/GlideSP,5.0,NEF,,2.589,8.352,2.589,40,1240,62,5.178,0.732,2.734,0.541,12.945,0.067,0.065,0.701,0.163
ts,NNscore1.0/GlideSP,0.5,NEF,,0.0,0.0,0.0,40,1239,7,0.0,0.0,0.0,0.497,0.0,-0.014,-0.01,0.567,0.005
ts,NNscore1.0/GlideSP,1.0,NEF,,0.0,0.0,0.0,40,1239,13,0.0,0.0,0.0,0.495,0.0,-0.019,-0.016,0.567,0.005
ts,NNscore1.0/GlideSP,5.0,NEF,,0.5,1.614,0.5,40,1239,62,1.001,0.33,0.492,0.487,2.502,-0.021,-0.02,0.567,0.005
upa,NNscore1.0/GlideSP,0.5,NEF,,4.983,16.074,4.983,40,1240,7,1.125,0.852,5.746,0.512,16.074,0.055,0.039,0.557,0.105
upa,NNscore1.0/GlideSP,1.0,NEF,,2.49,8.032,2.49,40,1240,13,1.044,0.724,2.62,0.508,8.032,0.028,0.024,0.557,0.105
upa,NNscore1.0/GlideSP,5.0,NEF,,1.495,4.823,1.495,40,1240,62,2.99,0.603,1.52,0.513,7.475,0.021,0.02,0.557,0.105
vegfr1,NNscore1.0/GlideSP,0.5,NEF,,4.991,16.1,4.991,40,1240,7,1.127,0.852,5.757,0.512,16.1,0.055,0.039,0.542,0.069
vegfr1,NNscore1.0/GlideSP,1.0,NEF,,2.5,8.065,2.5,40,1240,13,1.048,0.725,2.632,0.508,8.065,0.028,0.024,0.542,0.069
vegfr1,NNscore1.0/GlideSP,5.0,NEF,,1.051,3.39,1.051,40,1240,62,2.102,0.513,1.053,0.501,5.255,0.002,0.002,0.542,0.069
vegfr2,NNscore1.0/GlideSP,0.5,NEF,,0.0,0.0,0.0,40,1240,7,0.0,0.0,0.0,0.497,0.0,-0.014,-0.01,0.528,0.03
vegfr2,NNscore1.0/GlideSP,1.0,NEF,,0.0,0.0,0.0,40,1240,13,0.0,0.0,0.0,0.495,0.0,-0.019,-0.016,0.528,0.03
vegfr2,NNscore1.0/GlideSP,5.0,NEF,,1.026,3.31,1.026,40,1240,62,2.052,0.507,1.027,0.501,5.13,0.001,0.001,0.528,0.03
11betahsd1,NNscore2.0/GlideSP,0.5,NEF,,0.0,0.0,0.0,40,1240,7,0.0,0.0,0.0,0.497,0.0,-0.014,-0.01,0.65,0.208
11betahsd1,NNscore2.0/GlideSP,1.0,NEF,,10.06,32.452,10.06,40,1240,13,4.219,0.935,14.413,0.549,32.452,0.17,0.146,0.65,0.208
11betahsd1,NNscore2.0/GlideSP,5.0,NEF,,4.604,14.852,4.604,40,1240,62,9.208,0.84,5.233,0.593,23.02,0.151,0.147,0.65,0.208
17betahsd1,NNscore2.0/GlideSP,0.5,NEF,,0.0,0.0,0.0,40,1240,7,0.0,0.0,0.0,0.497,0.0,-0.014,-0.01,0.654,0.023
17betahsd1,NNscore2.0/GlideSP,1.0,NEF,,0.0,0.0,0.0,40,1240,13,0.0,0.0,0.0,0.495,0.0,-0.019,-0.016,0.654,0.023
17betahsd1,NNscore2.0/GlideSP,5.0,NEF,,0.99,3.194,0.99,40,1240,62,1.98,0.497,0.99,0.5,4.95,-0.0,-0.0,0.654,0.023
a2a,NNscore2.0/GlideSP,0.5,NEF,,4.386,14.148,4.386,40,1240,7,0.99,0.832,4.944,0.51,14.148,0.047,0.033,0.674,0.117
a2a,NNscore2.0/GlideSP,1.0,NEF,,2.36,7.613,2.36,40,1240,13,0.99,0.712,2.472,0.507,7.613,0.026,0.022,0.674,0.117
a2a,NNscore2.0/GlideSP,5.0,NEF,,3.466,11.181,3.466,40,1240,62,6.932,0.791,3.776,0.564,17.33,0.103,0.101,0.674,0.117
ace,NNscore2.0/GlideSP,0.5,NEF,,0.0,0.0,0.0,40,1240,7,0.0,0.0,0.0,0.497,0.0,-0.014,-0.01,0.552,0.031
ace,NNscore2.0/GlideSP,1.0,NEF,,0.0,0.0,0.0,40,1240,13,0.0,0.0,0.0,0.495,0.0,-0.019,-0.016,0.552,0.031
ace,NNscore2.0/GlideSP,5.0,NEF,,0.498,1.606,0.498,40,1240,62,0.996,0.329,0.49,0.487,2.49,-0.021,-0.02,0.552,0.031
ace2,NNscore2.0/GlideSP,0.5,NEF,,0.0,0.0,0.0,40,1240,7,0.0,0.0,0.0,0.497,0.0,-0.014,-0.01,0.639,0.0
ace2,NNscore2.0/GlideSP,1.0,NEF,,0.0,0.0,0.0,40,1240,13,0.0,0.0,0.0,0.495,0.0,-0.019,-0.016,0.639,0.0
ace2,NNscore2.0/GlideSP,5.0,NEF,,0.0,0.0,0.0,40,1240,62,0.0,0.0,0.0,0.474,0.0,-0.042,-0.041,0.639,0.0
ache,NNscore2.0/GlideSP,0.5,NEF,,0.0,0.0,0.0,40,1240,7,0.0,0.0,0.0,0.497,0.0,-0.014,-0.01,0.526,0.054
ache,NNscore2.0/GlideSP,1.0,NEF,,2.35,7.581,2.35,40,1240,13,0.985,0.711,2.461,0.507,7.581,0.025,0.022,0.526,0.054
ache,NNscore2.0/GlideSP,5.0,NEF,,0.985,3.177,0.985,40,1240,62,1.97,0.496,0.985,0.5,4.925,-0.001,-0.001,0.526,0.054
adam17,NNscore2.0/GlideSP,0.5,NEF,,0.0,0.0,0.0,40,1240,7,0.0,0.0,0.0,0.497,0.0,-0.014,-0.01,0.576,0.054
adam17,NNscore2.0/GlideSP,1.0,NEF,,2.37,7.645,2.37,40,1240,13,0.994,0.713,2.483,0.507,7.645,0.026,0.022,0.576,0.054
adam17,NNscore2.0/GlideSP,5.0,NEF,,1.488,4.8,1.488,40,1240,62,2.976,0.602,1.513,0.513,7.44,0.02,0.02,0.576,0.054
adrb2,NNscore2.0/GlideSP,0.5,NEF,,4.796,15.471,4.796,40,1240,7,1.083,0.846,5.491,0.511,15.471,0.052,0.037,0.617,0.105
adrb2,NNscore2.0/GlideSP,1.0,NEF,,2.4,7.742,2.4,40,1240,13,1.006,0.716,2.517,0.508,7.742,0.026,0.023,0.617,0.105
adrb2,NNscore2.0/GlideSP,5.0,NEF,,0.992,3.2,0.992,40,1240,62,1.984,0.498,0.992,0.5,4.96,-0.0,-0.0,0.617,0.105
akt1,NNscore2.0/GlideSP,0.5,NEF,,5.051,16.294,5.051,40,1240,7,1.141,0.854,5.84,0.512,16.294,0.056,0.039,0.618,0.162
akt1,NNscore2.0/GlideSP,1.0,NEF,,5.05,16.29,5.05,40,1240,13,2.118,0.854,5.838,0.522,16.29,0.076,0.065,0.618,0.162
akt1,NNscore2.0/GlideSP,5.0,NEF,,3.031,9.777,3.031,40,1240,62,6.062,0.765,3.251,0.552,15.155,0.085,0.083,0.618,0.162
alr2,NNscore2.0/GlideSP,0.5,NEF,,4.379,14.126,4.379,40,1240,7,0.989,0.832,4.935,0.51,14.126,0.046,0.033,0.671,0.207
alr2,NNscore2.0/GlideSP,1.0,NEF,,7.07,22.806,7.07,40,1240,13,2.965,0.899,8.863,0.533,22.806,0.114,0.098,0.671,0.207
alr2,NNscore2.0/GlideSP,5.0,NEF,,3.955,12.758,3.955,40,1240,62,7.91,0.814,4.387,0.576,19.775,0.124,0.121,0.671,0.207
ar,NNscore2.0/GlideSP,0.5,NEF,,5.643,18.203,5.643,40,1240,7,1.274,0.87,6.676,0.514,18.203,0.064,0.045,0.83,0.335
ar,NNscore2.0/GlideSP,1.0,NEF,,6.45,20.806,6.45,40,1240,13,2.705,0.887,7.882,0.53,20.806,0.102,0.088,0.83,0.335
ar,NNscore2.0/GlideSP,5.0,NEF,,4.938,15.929,4.938,40,1240,62,9.876,0.85,5.684,0.602,24.69,0.165,0.161,0.83,0.335
aurka,NNscore2.0/GlideSP,0.5,NEF,,0.0,0.0,0.0,40,1240,7,0.0,0.0,0.0,0.497,0.0,-0.014,-0.01,0.624,0.074
aurka,NNscore2.0/GlideSP,1.0,NEF,,0.0,0.0,0.0,40,1240,13,0.0,0.0,0.0,0.495,0.0,-0.019,-0.016,0.624,0.074
aurka,NNscore2.0/GlideSP,5.0,NEF,,2.543,8.203,2.543,40,1240,62,5.086,0.728,2.681,0.54,12.715,0.065,0.063,0.624,0.074
aurkb,NNscore2.0/GlideSP,0.5,NEF,,4.339,13.997,4.339,40,1240,7,0.98,0.83,4.882,0.51,13.997,0.046,0.032,0.556,0.142
aurkb,NNscore2.0/GlideSP,1.0,NEF,,4.67,15.065,4.67,40,1240,13,1.958,0.842,5.321,0.52,15.065,0.069,0.059,0.556,0.142
aurkb,NNscore2.0/GlideSP,5.0,NEF,,2.49,8.032,2.49,40,1240,62,4.98,0.724,2.62,0.538,12.45,0.062,0.061,0.556,0.142
bcl2,NNscore2.0/GlideSP,0.5,NEF,,0.0,0.0,0.0,40,1240,7,0.0,0.0,0.0,0.497,0.0,-0.014,-0.01,0.546,0.047
bcl2,NNscore2.0/GlideSP,1.0,NEF,,2.35,7.581,2.35,40,1240,13,0.985,0.711,2.461,0.507,7.581,0.025,0.022,0.546,0.047
bcl2,NNscore2.0/GlideSP,5.0,NEF,,0.986,3.181,0.986,40,1240,62,1.972,0.496,0.986,0.5,4.93,-0.001,-0.001,0.546,0.047
braf,NNscore2.0/GlideSP,0.5,NEF,,8.857,28.571,8.857,40,1240,7,2.0,0.923,12.0,0.523,28.571,0.108,0.076,0.776,0.282
braf,NNscore2.0/GlideSP,1.0,NEF,,11.92,38.452,11.92,40,1240,13,4.999,0.949,18.742,0.559,38.452,0.205,0.176,0.776,0.282
braf,NNscore2.0/GlideSP,5.0,NEF,,4.066,13.116,4.066,40,1240,62,8.132,0.819,4.529,0.579,20.33,0.128,0.125,0.776,0.282
catl,NNscore2.0/GlideSP,0.5,NEF,,0.0,0.0,0.0,40,1240,7,0.0,0.0,0.0,0.497,0.0,-0.014,-0.01,0.667,0.01
catl,NNscore2.0/GlideSP,1.0,NEF,,0.0,0.0,0.0,40,1240,13,0.0,0.0,0.0,0.495,0.0,-0.019,-0.016,0.667,0.01
catl,NNscore2.0/GlideSP,5.0,NEF,,0.497,1.603,0.497,40,1240,62,0.994,0.328,0.489,0.487,2.485,-0.021,-0.021,0.667,0.01
cdk2,NNscore2.0/GlideSP,0.5,NEF,,0.0,0.0,0.0,40,1240,7,0.0,0.0,0.0,0.497,0.0,-0.014,-0.01,0.644,0.071
cdk2,NNscore2.0/GlideSP,1.0,NEF,,2.49,8.032,2.49,40,1240,13,1.044,0.724,2.62,0.508,8.032,0.028,0.024,0.644,0.071
cdk2,NNscore2.0/GlideSP,5.0,NEF,,1.495,4.823,1.495,40,1240,62,2.99,0.603,1.52,0.513,7.475,0.021,0.02,0.644,0.071
cox1,NNscore2.0/GlideSP,0.5,NEF,,0.0,0.0,0.0,40,1240,7,0.0,0.0,0.0,0.497,0.0,-0.014,-0.01,0.622,0.009
cox1,NNscore2.0/GlideSP,1.0,NEF,,0.0,0.0,0.0,40,1240,13,0.0,0.0,0.0,0.495,0.0,-0.019,-0.016,0.622,0.009
cox1,NNscore2.0/GlideSP,5.0,NEF,,1.538,4.961,1.538,40,1240,62,3.076,0.61,1.566,0.514,7.69,0.023,0.022,0.622,0.009
cox2,NNscore2.0/GlideSP,0.5,NEF,,4.622,14.91,4.622,40,1240,7,1.044,0.84,5.257,0.511,14.91,0.05,0.035,0.882,0.471
cox2,NNscore2.0/GlideSP,1.0,NEF,,12.84,41.419,12.84,40,1240,13,5.385,0.955,21.211,0.564,41.419,0.223,0.19,0.882,0.471
cox2,NNscore2.0/GlideSP,5.0,NEF,,9.673,31.203,9.673,40,1240,62,19.346,0.932,13.607,0.724,48.365,0.363,0.354,0.882,0.471
ctsk,NNscore2.0/GlideSP,0.5,NEF,,0.0,0.0,0.0,40,1240,7,0.0,0.0,0.0,0.497,0.0,-0.014,-0.01,0.708,0.046
ctsk,NNscore2.0/GlideSP,1.0,NEF,,2.38,7.677,2.38,40,1240,13,0.998,0.714,2.495,0.507,7.677,0.026,0.022,0.708,0.046
ctsk,NNscore2.0/GlideSP,5.0,NEF,,0.996,3.213,0.996,40,1240,62,1.992,0.499,0.996,0.5,4.98,-0.0,-0.0,0.708,0.046
cyp2a6,NNscore2.0/GlideSP,0.5,NEF,,0.0,0.0,0.0,40,1240,7,0.0,0.0,0.0,0.497,0.0,-0.014,-0.01,0.652,0.007
cyp2a6,NNscore2.0/GlideSP,1.0,NEF,,0.0,0.0,0.0,40,1240,13,0.0,0.0,0.0,0.495,0.0,-0.019,-0.016,0.652,0.007
cyp2a6,NNscore2.0/GlideSP,5.0,NEF,,0.555,1.79,0.555,40,1240,62,1.11,0.354,0.547,0.489,2.775,-0.019,-0.018,0.652,0.007
dhfr,NNscore2.0/GlideSP,0.5,NEF,,0.0,0.0,0.0,40,1240,7,0.0,0.0,0.0,0.497,0.0,-0.014,-0.01,0.639,0.031
dhfr,NNscore2.0/GlideSP,1.0,NEF,,0.0,0.0,0.0,40,1240,13,0.0,0.0,0.0,0.495,0.0,-0.019,-0.016,0.639,0.031
dhfr,NNscore2.0/GlideSP,5.0,NEF,,2.468,7.961,2.468,40,1240,62,4.936,0.722,2.595,0.538,12.34,0.061,0.06,0.639,0.031
egfr,NNscore2.0/GlideSP,0.5,NEF,,4.414,14.239,4.414,40,1240,7,0.997,0.833,4.981,0.51,14.239,0.047,0.033,0.635,0.145
egfr,NNscore2.0/GlideSP,1.0,NEF,,4.75,15.323,4.75,40,1240,13,1.992,0.844,5.429,0.52,15.323,0.07,0.06,0.635,0.145
egfr,NNscore2.0/GlideSP,5.0,NEF,,2.026,6.535,2.026,40,1240,62,4.052,0.677,2.098,0.527,10.13,0.043,0.042,0.635,0.145
ephb4,NNscore2.0/GlideSP,0.5,NEF,,4.336,13.987,4.336,40,1240,7,0.979,0.83,4.878,0.51,13.987,0.046,0.032,0.728,0.163
ephb4,NNscore2.0/GlideSP,1.0,NEF,,7.0,22.581,7.0,40,1240,13,2.935,0.897,8.75,0.533,22.581,0.113,0.096,0.728,0.163
ephb4,NNscore2.0/GlideSP,5.0,NEF,,3.98,12.839,3.98,40,1240,62,7.96,0.815,4.419,0.577,19.9,0.125,0.122,0.728,0.163
erbb2,NNscore2.0/GlideSP,0.5,NEF,,24.667,79.571,24.667,40,1240,7,5.57,0.992,116.85,0.569,79.571,0.326,0.23,0.86,0.555
erbb2,NNscore2.0/GlideSP,1.0,NEF,,17.27,55.71,17.27,40,1240,13,7.242,0.974,37.735,0.588,55.71,0.306,0.262,0.86,0.555
erbb2,NNscore2.0/GlideSP,5.0,NEF,,9.867,31.829,9.867,40,1240,62,19.734,0.933,14.007,0.729,49.335,0.371,0.362,0.86,0.555
er-beta,NNscore2.0/GlideSP,0.5,NEF,,0.0,0.0,0.0,40,1240,7,0.0,0.0,0.0,0.497,0.0,-0.014,-0.01,0.819,0.16
er-beta,NNscore2.0/GlideSP,1.0,NEF,,0.0,0.0,0.0,40,1240,13,0.0,0.0,0.0,0.495,0.0,-0.019,-0.016,0.819,0.16
er-beta,NNscore2.0/GlideSP,5.0,NEF,,6.806,21.955,6.806,40,1240,62,13.612,0.894,8.439,0.65,34.03,0.243,0.237,0.819,0.16
fgfr1,NNscore2.0/GlideSP,0.5,NEF,,0.0,0.0,0.0,40,1240,7,0.0,0.0,0.0,0.497,0.0,-0.014,-0.01,0.673,0.055
fgfr1,NNscore2.0/GlideSP,1.0,NEF,,0.0,0.0,0.0,40,1240,13,0.0,0.0,0.0,0.495,0.0,-0.019,-0.016,0.673,0.055
fgfr1,NNscore2.0/GlideSP,5.0,NEF,,2.498,8.058,2.498,40,1240,62,4.996,0.724,2.629,0.539,12.49,0.063,0.061,0.673,0.055
fkbp1a,NNscore2.0/GlideSP,0.5,NEF,,0.0,0.0,0.0,40,1240,7,0.0,0.0,0.0,0.497,0.0,-0.014,-0.01,0.648,0.003
fkbp1a,NNscore2.0/GlideSP,1.0,NEF,,0.0,0.0,0.0,40,1240,13,0.0,0.0,0.0,0.495,0.0,-0.019,-0.016,0.648,0.003
fkbp1a,NNscore2.0/GlideSP,5.0,NEF,,0.522,1.684,0.522,40,1240,62,1.044,0.339,0.514,0.488,2.61,-0.02,-0.02,0.648,0.003
fxa,NNscore2.0/GlideSP,0.5,NEF,,5.098,16.445,5.098,40,1240,7,1.151,0.855,5.905,0.512,16.445,0.056,0.04,0.747,0.164
fxa,NNscore2.0/GlideSP,1.0,NEF,,2.55,8.226,2.55,40,1240,13,1.069,0.729,2.689,0.508,8.226,0.029,0.025,0.747,0.164
fxa,NNscore2.0/GlideSP,5.0,NEF,,4.079,13.158,4.079,40,1240,62,8.158,0.82,4.546,0.58,20.395,0.129,0.126,0.747,0.164
gba,NNscore2.0/GlideSP,0.5,NEF,,0.0,0.0,0.0,40,1240,7,0.0,0.0,0.0,0.497,0.0,-0.014,-0.01,0.431,0.031
gba,NNscore2.0/GlideSP,1.0,NEF,,0.0,0.0,0.0,40,1240,13,0.0,0.0,0.0,0.495,0.0,-0.019,-0.016,0.431,0.031
gba,NNscore2.0/GlideSP,5.0,NEF,,0.996,3.213,0.996,40,1240,62,1.992,0.499,0.996,0.5,4.98,-0.0,-0.0,0.431,0.031
gr,NNscore2.0/GlideSP,0.5,NEF,,4.368,14.09,4.368,40,1240,7,0.986,0.831,4.92,0.51,14.09,0.046,0.033,0.638,0.163
gr,NNscore2.0/GlideSP,1.0,NEF,,4.7,15.161,4.7,40,1240,13,1.971,0.843,5.361,0.52,15.161,0.07,0.059,0.638,0.163
gr,NNscore2.0/GlideSP,5.0,NEF,,3.945,12.726,3.945,40,1240,62,7.89,0.814,4.374,0.576,19.725,0.123,0.12,0.638,0.163
gsk3b,NNscore2.0/GlideSP,0.5,NEF,,0.0,0.0,0.0,40,1240,7,0.0,0.0,0.0,0.497,0.0,-0.014,-0.01,0.55,0.015
gsk3b,NNscore2.0/GlideSP,1.0,NEF,,0.0,0.0,0.0,40,1240,13,0.0,0.0,0.0,0.495,0.0,-0.019,-0.016,0.55,0.015
gsk3b,NNscore2.0/GlideSP,5.0,NEF,,0.494,1.594,0.494,40,1240,62,0.988,0.327,0.486,0.487,2.47,-0.021,-0.021,0.55,0.015
hdac2,NNscore2.0/GlideSP,0.5,NEF,,0.0,0.0,0.0,40,1240,7,0.0,0.0,0.0,0.497,0.0,-0.014,-0.01,0.723,0.114
hdac2,NNscore2.0/GlideSP,1.0,NEF,,2.33,7.516,2.33,40,1240,13,0.977,0.709,2.438,0.507,7.516,0.025,0.021,0.723,0.114
hdac2,NNscore2.0/GlideSP,5.0,NEF,,2.985,9.629,2.985,40,1240,62,5.97,0.762,3.197,0.551,14.925,0.083,0.081,0.723,0.114
hdac8,NNscore2.0/GlideSP,0.5,NEF,,0.0,0.0,0.0,40,1240,7,0.0,0.0,0.0,0.497,0.0,-0.014,-0.01,0.419,0.001
hdac8,NNscore2.0/GlideSP,1.0,NEF,,0.0,0.0,0.0,40,1240,13,0.0,0.0,0.0,0.495,0.0,-0.019,-0.016,0.419,0.001
hdac8,NNscore2.0/GlideSP,5.0,NEF,,0.0,0.0,0.0,40,1240,62,0.0,0.0,0.0,0.474,0.0,-0.042,-0.041,0.419,0.001
hiv1pr,NNscore2.0/GlideSP,0.5,NEF,,0.0,0.0,0.0,40,1240,7,0.0,0.0,0.0,0.497,0.0,-0.014,-0.01,0.695,0.014
hiv1pr,NNscore2.0/GlideSP,1.0,NEF,,0.0,0.0,0.0,40,1240,13,0.0,0.0,0.0,0.495,0.0,-0.019,-0.016,0.695,0.014
hiv1pr,NNscore2.0/GlideSP,5.0,NEF,,1.078,3.477,1.078,40,1240,62,2.156,0.519,1.081,0.502,5.39,0.003,0.003,0.695,0.014
hiv1rt,NNscore2.0/GlideSP,0.5,NEF,,4.575,14.758,4.575,40,1240,7,1.033,0.839,5.194,0.51,14.758,0.049,0.035,0.537,0.088
hiv1rt,NNscore2.0/GlideSP,1.0,NEF,,2.46,7.935,2.46,40,1240,13,1.032,0.721,2.586,0.508,7.935,0.027,0.023,0.537,0.088
hiv1rt,NNscore2.0/GlideSP,5.0,NEF,,1.575,5.081,1.575,40,1240,62,3.15,0.616,1.606,0.515,7.875,0.024,0.023,0.537,0.088
hmgr,NNscore2.0/GlideSP,0.5,NEF,,17.671,57.003,17.671,40,1240,7,3.99,0.975,39.773,0.549,57.003,0.229,0.162,0.877,0.505
hmgr,NNscore2.0/GlideSP,1.0,NEF,,16.65,53.71,16.65,40,1240,13,6.982,0.972,34.808,0.585,53.71,0.294,0.252,0.877,0.505
hmgr,NNscore2.0/GlideSP,5.0,NEF,,8.479,27.352,8.479,40,1240,62,16.958,0.919,11.295,0.693,42.395,0.313,0.305,0.877,0.505
hsp90,NNscore2.0/GlideSP,0.5,NEF,,0.0,0.0,0.0,40,1240,7,0.0,0.0,0.0,0.497,0.0,-0.014,-0.01,0.578,0.042
hsp90,NNscore2.0/GlideSP,1.0,NEF,,2.33,7.516,2.33,40,1240,13,0.977,0.709,2.438,0.507,7.516,0.025,0.021,0.578,0.042
hsp90,NNscore2.0/GlideSP,5.0,NEF,,1.493,4.816,1.493,40,1240,62,2.986,0.603,1.518,0.513,7.465,0.021,0.02,0.578,0.042
igf1r,NNscore2.0/GlideSP,0.5,NEF,,0.0,0.0,0.0,40,1240,7,0.0,0.0,0.0,0.497,0.0,-0.014,-0.01,0.607,0.004
igf1r,NNscore2.0/GlideSP,1.0,NEF,,0.0,0.0,0.0,40,1240,13,0.0,0.0,0.0,0.495,0.0,-0.019,-0.016,0.607,0.004
igf1r,NNscore2.0/GlideSP,5.0,NEF,,0.505,1.629,0.505,40,1240,62,1.01,0.332,0.497,0.487,2.525,-0.021,-0.02,0.607,0.004
inha,NNscore2.0/GlideSP,0.5,NEF,,8.75,28.226,8.75,40,1240,7,1.976,0.922,11.798,0.523,28.226,0.107,0.075,0.487,0.133
inha,NNscore2.0/GlideSP,1.0,NEF,,4.71,15.194,4.71,40,1240,13,1.975,0.843,5.375,0.52,15.194,0.07,0.06,0.487,0.133
inha,NNscore2.0/GlideSP,5.0,NEF,,1.482,4.781,1.482,40,1240,62,2.964,0.601,1.506,0.512,7.41,0.02,0.02,0.487,0.133
itk,NNscore2.0/GlideSP,0.5,NEF,,4.35,14.032,4.35,40,1240,7,0.982,0.83,4.897,0.51,14.032,0.046,0.033,0.468,0.073
itk,NNscore2.0/GlideSP,1.0,NEF,,2.34,7.548,2.34,40,1240,13,0.981,0.71,2.449,0.507,7.548,0.025,0.022,0.468,0.073
itk,NNscore2.0/GlideSP,5.0,NEF,,0.998,3.219,0.998,40,1240,62,1.996,0.499,0.998,0.5,4.99,-0.0,-0.0,0.468,0.073
jak3,NNscore2.0/GlideSP,0.5,NEF,,0.0,0.0,0.0,40,1240,7,0.0,0.0,0.0,0.497,0.0,-0.014,-0.01,0.695,0.153
jak3,NNscore2.0/GlideSP,1.0,NEF,,2.49,8.032,2.49,40,1240,13,1.044,0.724,2.62,0.508,8.032,0.028,0.024,0.695,0.153
jak3,NNscore2.0/GlideSP,5.0,NEF,,3.491,11.261,3.491,40,1240,62,6.982,0.792,3.807,0.564,17.455,0.104,0.102,0.695,0.153
jnk1,NNscore2.0/GlideSP,0.5,NEF,,10.5,33.871,10.5,40,1240,7,2.371,0.939,15.366,0.528,33.871,0.131,0.092,0.62,0.162
jnk1,NNscore2.0/GlideSP,1.0,NEF,,5.25,16.935,5.25,40,1240,13,2.202,0.859,6.117,0.523,16.935,0.08,0.068,0.62,0.162
jnk1,NNscore2.0/GlideSP,5.0,NEF,,2.625,8.468,2.625,40,1240,62,5.25,0.735,2.775,0.542,13.125,0.068,0.066,0.62,0.162
jnk2,NNscore2.0/GlideSP,0.5,NEF,,5.004,16.142,5.004,40,1240,7,1.13,0.852,5.775,0.512,16.142,0.055,0.039,0.617,0.204
jnk2,NNscore2.0/GlideSP,1.0,NEF,,7.51,24.226,7.51,40,1240,13,3.149,0.906,9.591,0.535,24.226,0.122,0.105,0.617,0.204
jnk2,NNscore2.0/GlideSP,5.0,NEF,,4.071,13.132,4.071,40,1240,62,8.142,0.819,4.535,0.579,20.355,0.129,0.125,0.617,0.204
jnk3,NNscore2.0/GlideSP,0.5,NEF,,4.429,14.287,4.429,40,1240,7,1.0,0.833,5.001,0.51,14.287,0.047,0.033,0.65,0.139
jnk3,NNscore2.0/GlideSP,1.0,NEF,,4.77,15.387,4.77,40,1240,13,2.0,0.845,5.456,0.52,15.387,0.071,0.061,0.65,0.139
jnk3,NNscore2.0/GlideSP,5.0,NEF,,2.033,6.558,2.033,40,1240,62,4.066,0.678,2.105,0.527,10.165,0.043,0.042,0.65,0.139
kif11,NNscore2.0/GlideSP,0.5,NEF,,8.636,27.858,8.636,40,1240,7,1.95,0.921,11.585,0.522,27.858,0.105,0.074,0.765,0.137
kif11,NNscore2.0/GlideSP,1.0,NEF,,4.65,15.0,4.65,40,1240,13,1.95,0.841,5.294,0.52,15.0,0.069,0.059,0.765,0.137
kif11,NNscore2.0/GlideSP,5.0,NEF,,1.982,6.394,1.982,40,1240,62,3.964,0.672,2.049,0.525,9.91,0.041,0.04,0.765,0.137
lck,NNscore2.0/GlideSP,0.5,NEF,,4.3,13.871,4.3,40,1240,7,0.971,0.829,4.831,0.51,13.871,0.045,0.032,0.661,0.077
lck,NNscore2.0/GlideSP,1.0,NEF,,2.32,7.484,2.32,40,1240,13,0.973,0.708,2.427,0.507,7.484,0.025,0.021,0.661,0.077
lck,NNscore2.0/GlideSP,5.0,NEF,,0.987,3.184,0.987,40,1240,62,1.974,0.497,0.987,0.5,4.935,-0.001,-0.001,0.661,0.077
mdm2,NNscore2.0/GlideSP,0.5,NEF,,9.983,32.203,9.983,40,1240,7,2.254,0.934,14.25,0.526,32.203,0.124,0.087,0.77,0.172
mdm2,NNscore2.0/GlideSP,1.0,NEF,,4.99,16.097,4.99,40,1240,13,2.093,0.852,5.755,0.522,16.097,0.075,0.064,0.77,0.172
mdm2,NNscore2.0/GlideSP,5.0,NEF,,4.493,14.494,4.493,40,1240,62,8.986,0.836,5.085,0.59,22.465,0.146,0.143,0.77,0.172
mk2,NNscore2.0/GlideSP,0.5,NEF,,10.486,33.826,10.486,40,1240,7,2.368,0.939,15.335,0.528,33.826,0.13,0.092,0.626,0.192
mk2,NNscore2.0/GlideSP,1.0,NEF,,5.24,16.903,5.24,40,1240,13,2.197,0.859,6.102,0.523,16.903,0.08,0.068,0.626,0.192
mk2,NNscore2.0/GlideSP,5.0,NEF,,2.666,8.6,2.666,40,1240,62,5.332,0.738,2.823,0.543,13.33,0.07,0.068,0.626,0.192
mmp2,NNscore2.0/GlideSP,0.5,NEF,,0.0,0.0,0.0,40,1240,7,0.0,0.0,0.0,0.497,0.0,-0.014,-0.01,0.588,0.068
mmp2,NNscore2.0/GlideSP,1.0,NEF,,2.36,7.613,2.36,40,1240,13,0.99,0.712,2.472,0.507,7.613,0.026,0.022,0.588,0.068
mmp2,NNscore2.0/GlideSP,5.0,NEF,,1.485,4.79,1.485,40,1240,62,2.97,0.601,1.509,0.513,7.425,0.02,0.02,0.588,0.068
na,NNscore2.0/GlideSP,0.5,NEF,,0.0,0.0,0.0,40,1240,7,0.0,0.0,0.0,0.497,0.0,-0.014,-0.01,0.902,0.099
na,NNscore2.0/GlideSP,1.0,NEF,,0.0,0.0,0.0,40,1240,13,0.0,0.0,0.0,0.495,0.0,-0.019,-0.016,0.902,0.099
na,NNscore2.0/GlideSP,5.0,NEF,,5.995,19.339,5.995,40,1240,62,11.99,0.878,7.193,0.629,29.975,0.209,0.204,0.902,0.099
p38-alpha,NNscore2.0/GlideSP,0.5,NEF,,0.0,0.0,0.0,40,1240,7,0.0,0.0,0.0,0.497,0.0,-0.014,-0.01,0.601,0.015
p38-alpha,NNscore2.0/GlideSP,1.0,NEF,,0.0,0.0,0.0,40,1240,13,0.0,0.0,0.0,0.495,0.0,-0.019,-0.016,0.601,0.015
p38-alpha,NNscore2.0/GlideSP,5.0,NEF,,1.478,4.768,1.478,40,1240,62,2.956,0.6,1.502,0.512,7.39,0.02,0.02,0.601,0.015
parp-1,NNscore2.0/GlideSP,0.5,NEF,,0.0,0.0,0.0,40,1240,7,0.0,0.0,0.0,0.497,0.0,-0.014,-0.01,0.653,0.046
parp-1,NNscore2.0/GlideSP,1.0,NEF,,0.0,0.0,0.0,40,1240,13,0.0,0.0,0.0,0.495,0.0,-0.019,-0.016,0.653,0.046
parp-1,NNscore2.0/GlideSP,5.0,NEF,,0.989,3.19,0.989,40,1240,62,1.978,0.497,0.989,0.5,4.945,-0.0,-0.0,0.653,0.046
pde4b,NNscore2.0/GlideSP,0.5,NEF,,0.0,0.0,0.0,40,1240,7,0.0,0.0,0.0,0.497,0.0,-0.014,-0.01,0.632,0.023
pde4b,NNscore2.0/GlideSP,1.0,NEF,,0.0,0.0,0.0,40,1240,13,0.0,0.0,0.0,0.495,0.0,-0.019,-0.016,0.632,0.023
pde4b,NNscore2.0/GlideSP,5.0,NEF,,1.987,6.41,1.987,40,1240,62,3.974,0.673,2.055,0.525,9.935,0.041,0.04,0.632,0.023
pde5,NNscore2.0/GlideSP,0.5,NEF,,4.609,14.868,4.609,40,1240,7,1.041,0.84,5.239,0.511,14.868,0.05,0.035,0.614,0.133
pde5,NNscore2.0/GlideSP,1.0,NEF,,4.96,16.0,4.96,40,1240,13,2.08,0.851,5.714,0.521,16.0,0.074,0.064,0.614,0.133
pde5,NNscore2.0/GlideSP,5.0,NEF,,2.602,8.394,2.602,40,1240,62,5.204,0.733,2.749,0.541,13.01,0.067,0.065,0.614,0.133
pdk1,NNscore2.0/GlideSP,0.5,NEF,,0.0,0.0,0.0,40,1240,7,0.0,0.0,0.0,0.497,0.0,-0.014,-0.01,0.693,0.025
pdk1,NNscore2.0/GlideSP,1.0,NEF,,0.0,0.0,0.0,40,1240,13,0.0,0.0,0.0,0.495,0.0,-0.019,-0.016,0.693,0.025
pdk1,NNscore2.0/GlideSP,5.0,NEF,,2.081,6.713,2.081,40,1240,62,4.162,0.683,2.159,0.528,10.405,0.045,0.044,0.693,0.025
pi3kg,NNscore2.0/GlideSP,0.5,NEF,,0.0,0.0,0.0,40,1240,7,0.0,0.0,0.0,0.497,0.0,-0.014,-0.01,0.606,0.035
pi3kg,NNscore2.0/GlideSP,1.0,NEF,,0.0,0.0,0.0,40,1240,13,0.0,0.0,0.0,0.495,0.0,-0.019,-0.016,0.606,0.035
pi3kg,NNscore2.0/GlideSP,5.0,NEF,,1.526,4.923,1.526,40,1240,62,3.052,0.608,1.553,0.514,7.63,0.022,0.021,0.606,0.035
pim-1,NNscore2.0/GlideSP,0.5,NEF,,0.0,0.0,0.0,40,1240,7,0.0,0.0,0.0,0.497,0.0,-0.014,-0.01,0.653,0.052
pim-1,NNscore2.0/GlideSP,1.0,NEF,,0.0,0.0,0.0,40,1240,13,0.0,0.0,0.0,0.495,0.0,-0.019,-0.016,0.653,0.052
pim-1,NNscore2.0/GlideSP,5.0,NEF,,1.982,6.394,1.982,40,1240,62,3.964,0.672,2.049,0.525,9.91,0.041,0.04,0.653,0.052
pim-2,NNscore2.0/GlideSP,0.5,NEF,,0.0,0.0,0.0,40,1240,7,0.0,0.0,0.0,0.497,0.0,-0.014,-0.01,0.585,0.093
pim-2,NNscore2.0/GlideSP,1.0,NEF,,2.38,7.677,2.38,40,1240,13,0.998,0.714,2.495,0.507,7.677,0.026,0.022,0.585,0.093
pim-2,NNscore2.0/GlideSP,5.0,NEF,,3.047,9.829,3.047,40,1240,62,6.094,0.766,3.27,0.553,15.235,0.086,0.084,0.585,0.093
pnp,NNscore2.0/GlideSP,0.5,NEF,,0.0,0.0,0.0,40,1240,7,0.0,0.0,0.0,0.497,0.0,-0.014,-0.01,0.751,0.086
pnp,NNscore2.0/GlideSP,1.0,NEF,,2.37,7.645,2.37,40,1240,13,0.994,0.713,2.483,0.507,7.645,0.026,0.022,0.751,0.086
pnp,NNscore2.0/GlideSP,5.0,NEF,,2.486,8.019,2.486,40,1240,62,4.972,0.723,2.616,0.538,12.43,0.062,0.061,0.751,0.086
ppara,NNscore2.0/GlideSP,0.5,NEF,,9.982,32.2,9.982,40,1240,7,2.254,0.934,14.248,0.526,32.2,0.124,0.087,0.751,0.248
ppara,NNscore2.0/GlideSP,1.0,NEF,,7.49,24.161,7.49,40,1240,13,3.141,0.905,9.558,0.535,24.161,0.122,0.104,0.751,0.248
ppara,NNscore2.0/GlideSP,5.0,NEF,,5.779,18.642,5.779,40,1240,62,11.558,0.873,6.874,0.623,28.895,0.2,0.195,0.751,0.248
pparg,NNscore2.0/GlideSP,0.5,NEF,,9.5,30.645,9.5,40,1240,7,2.145,0.93,13.256,0.525,30.645,0.117,0.082,0.643,0.226
pparg,NNscore2.0/GlideSP,1.0,NEF,,4.75,15.323,4.75,40,1240,13,1.992,0.844,5.429,0.52,15.323,0.07,0.06,0.643,0.226
pparg,NNscore2.0/GlideSP,5.0,NEF,,3.5,11.29,3.5,40,1240,62,7.0,0.792,3.818,0.565,17.5,0.105,0.102,0.643,0.226
pr,NNscore2.0/GlideSP,0.5,NEF,,0.0,0.0,0.0,40,1240,7,0.0,0.0,0.0,0.497,0.0,-0.014,-0.01,0.641,0.002
pr,NNscore2.0/GlideSP,1.0,NEF,,0.0,0.0,0.0,40,1240,13,0.0,0.0,0.0,0.495,0.0,-0.019,-0.016,0.641,0.002
pr,NNscore2.0/GlideSP,5.0,NEF,,0.0,0.0,0.0,40,1240,62,0.0,0.0,0.0,0.474,0.0,-0.042,-0.041,0.641,0.002
prkcq,NNscore2.0/GlideSP,0.5,NEF,,5.263,16.977,5.263,40,1240,7,1.188,0.86,6.135,0.512,16.977,0.059,0.041,0.802,0.267
prkcq,NNscore2.0/GlideSP,1.0,NEF,,7.89,25.452,7.89,40,1240,13,3.309,0.911,10.242,0.537,25.452,0.129,0.111,0.802,0.267
prkcq,NNscore2.0/GlideSP,5.0,NEF,,6.316,20.374,6.316,40,1240,62,12.632,0.885,7.676,0.637,31.58,0.223,0.217,0.802,0.267
pygl-in,NNscore2.0/GlideSP,0.5,NEF,,0.0,0.0,0.0,40,1240,7,0.0,0.0,0.0,0.497,0.0,-0.014,-0.01,0.528,0.016
pygl-in,NNscore2.0/GlideSP,1.0,NEF,,0.0,0.0,0.0,40,1240,13,0.0,0.0,0.0,0.495,0.0,-0.019,-0.016,0.528,0.016
pygl-in,NNscore2.0/GlideSP,5.0,NEF,,0.994,3.206,0.994,40,1240,62,1.988,0.498,0.994,0.5,4.97,-0.0,-0.0,0.528,0.016
pygl-out,NNscore2.0/GlideSP,0.5,NEF,,0.0,0.0,0.0,40,1240,7,0.0,0.0,0.0,0.497,0.0,-0.014,-0.01,0.703,0.039
pygl-out,NNscore2.0/GlideSP,1.0,NEF,,0.0,0.0,0.0,40,1240,13,0.0,0.0,0.0,0.495,0.0,-0.019,-0.016,0.703,0.039
pygl-out,NNscore2.0/GlideSP,5.0,NEF,,1.495,4.823,1.495,40,1240,62,2.99,0.603,1.52,0.513,7.475,0.021,0.02,0.703,0.039
qpct,NNscore2.0/GlideSP,0.5,NEF,,0.0,0.0,0.0,40,1240,7,0.0,0.0,0.0,0.497,0.0,-0.014,-0.01,0.454,0.001
qpct,NNscore2.0/GlideSP,1.0,NEF,,0.0,0.0,0.0,40,1240,13,0.0,0.0,0.0,0.495,0.0,-0.019,-0.016,0.454,0.001
qpct,NNscore2.0/GlideSP,5.0,NEF,,0.0,0.0,0.0,40,1240,62,0.0,0.0,0.0,0.474,0.0,-0.042,-0.041,0.454,0.001
rock-1,NNscore2.0/GlideSP,0.5,NEF,,0.0,0.0,0.0,40,1240,7,0.0,0.0,0.0,0.497,0.0,-0.014,-0.01,0.512,0.071
rock-1,NNscore2.0/GlideSP,1.0,NEF,,0.0,0.0,0.0,40,1240,13,0.0,0.0,0.0,0.495,0.0,-0.019,-0.016,0.512,0.071
rock-1,NNscore2.0/GlideSP,5.0,NEF,,1.979,6.384,1.979,40,1240,62,3.958,0.672,2.046,0.525,9.895,0.041,0.04,0.512,0.071
rxr,NNscore2.0/GlideSP,0.5,NEF,,5.184,16.723,5.184,40,1240,7,1.171,0.858,6.024,0.512,16.723,0.058,0.041,0.694,0.363
rxr,NNscore2.0/GlideSP,1.0,NEF,,7.78,25.097,7.78,40,1240,13,3.263,0.91,10.052,0.537,25.097,0.127,0.109,0.694,0.363
rxr,NNscore2.0/GlideSP,5.0,NEF,,5.94,19.161,5.94,40,1240,62,11.88,0.877,7.111,0.628,29.7,0.207,0.202,0.694,0.363
sars-hcov,NNscore2.0/GlideSP,0.5,NEF,,0.0,0.0,0.0,39,1209,7,0.0,0.0,0.0,0.497,0.0,-0.014,-0.01,0.488,0.085
sars-hcov,NNscore2.0/GlideSP,1.0,NEF,,2.37,7.645,2.37,39,1209,13,0.994,0.713,2.483,0.508,7.645,0.026,0.022,0.488,0.085
sars-hcov,NNscore2.0/GlideSP,5.0,NEF,,3.032,9.781,3.032,39,1209,61,5.966,0.765,3.252,0.553,15.298,0.086,0.083,0.488,0.085
sirt2,NNscore2.0/GlideSP,0.5,NEF,,4.361,14.068,4.361,40,1240,7,0.985,0.831,4.911,0.51,14.068,0.046,0.033,0.497,0.052
sirt2,NNscore2.0/GlideSP,1.0,NEF,,2.35,7.581,2.35,40,1240,13,0.985,0.711,2.461,0.507,7.581,0.025,0.022,0.497,0.052
sirt2,NNscore2.0/GlideSP,5.0,NEF,,0.985,3.177,0.985,40,1240,62,1.97,0.496,0.985,0.5,4.925,-0.001,-0.001,0.497,0.052
src,NNscore2.0/GlideSP,0.5,NEF,,4.436,14.31,4.436,40,1240,7,1.002,0.834,5.01,0.51,14.31,0.047,0.033,0.557,0.117
src,NNscore2.0/GlideSP,1.0,NEF,,4.78,15.419,4.78,40,1240,13,2.005,0.845,5.469,0.52,15.419,0.071,0.061,0.557,0.117
src,NNscore2.0/GlideSP,5.0,NEF,,2.545,8.21,2.545,40,1240,62,5.09,0.728,2.683,0.54,12.725,0.065,0.063,0.557,0.117
thrombin,NNscore2.0/GlideSP,0.5,NEF,,4.553,14.687,4.553,40,1240,7,1.028,0.838,5.165,0.51,14.687,0.049,0.034,0.733,0.164
thrombin,NNscore2.0/GlideSP,1.0,NEF,,4.9,15.806,4.9,40,1240,13,2.055,0.849,5.632,0.521,15.806,0.073,0.063,0.733,0.164
thrombin,NNscore2.0/GlideSP,5.0,NEF,,3.657,11.797,3.657,40,1240,62,7.314,0.8,4.012,0.569,18.285,0.111,0.108,0.733,0.164
tie2,NNscore2.0/GlideSP,0.5,NEF,,9.992,32.232,9.992,40,1240,7,2.256,0.935,14.269,0.526,32.232,0.124,0.087,0.625,0.177
tie2,NNscore2.0/GlideSP,1.0,NEF,,7.49,24.161,7.49,40,1240,13,3.141,0.905,9.558,0.535,24.161,0.122,0.104,0.625,0.177
tie2,NNscore2.0/GlideSP,5.0,NEF,,1.998,6.445,1.998,40,1240,62,3.996,0.674,2.067,0.526,9.99,0.042,0.041,0.625,0.177
tk,NNscore2.0/GlideSP,0.5,NEF,,9.04,29.161,9.04,40,1240,7,2.041,0.925,12.35,0.523,29.161,0.111,0.078,0.823,0.351
tk,NNscore2.0/GlideSP,1.0,NEF,,14.6,47.097,14.6,40,1240,13,6.123,0.964,26.707,0.574,47.097,0.256,0.219,0.823,0.351
tk,NNscore2.0/GlideSP,5.0,NEF,,7.145,23.048,7.145,40,1240,62,14.29,0.9,8.986,0.659,35.725,0.257,0.251,0.823,0.351
tp,NNscore2.0/GlideSP,0.5,NEF,,5.473,17.655,5.473,40,1240,7,1.236,0.865,6.432,0.513,17.655,0.062,0.043,0.612,0.149
tp,NNscore2.0/GlideSP,1.0,NEF,,2.99,9.645,2.99,40,1240,13,1.254,0.762,3.202,0.511,9.645,0.037,0.032,0.612,0.149
tp,NNscore2.0/GlideSP,5.0,NEF,,2.576,8.31,2.576,40,1240,62,5.152,0.731,2.719,0.541,12.88,0.066,0.064,0.612,0.149
tpa,NNscore2.0/GlideSP,0.5,NEF,,5.092,16.426,5.092,40,1240,7,1.15,0.855,5.896,0.512,16.426,0.056,0.04,0.677,0.066
tpa,NNscore2.0/GlideSP,1.0,NEF,,2.55,8.226,2.55,40,1240,13,1.069,0.729,2.689,0.508,8.226,0.029,0.025,0.677,0.066
tpa,NNscore2.0/GlideSP,5.0,NEF,,1.036,3.342,1.036,40,1240,62,2.072,0.509,1.037,0.501,5.18,0.002,0.001,0.677,0.066
ts,NNscore2.0/GlideSP,0.5,NEF,,0.0,0.0,0.0,40,1239,7,0.0,0.0,0.0,0.497,0.0,-0.014,-0.01,0.525,0.022
ts,NNscore2.0/GlideSP,1.0,NEF,,0.0,0.0,0.0,40,1239,13,0.0,0.0,0.0,0.495,0.0,-0.019,-0.016,0.525,0.022
ts,NNscore2.0/GlideSP,5.0,NEF,,0.5,1.614,0.5,40,1239,62,1.001,0.33,0.492,0.487,2.502,-0.021,-0.02,0.525,0.022
upa,NNscore2.0/GlideSP,0.5,NEF,,0.0,0.0,0.0,40,1240,7,0.0,0.0,0.0,0.497,0.0,-0.014,-0.01,0.662,0.001
upa,NNscore2.0/GlideSP,1.0,NEF,,0.0,0.0,0.0,40,1240,13,0.0,0.0,0.0,0.495,0.0,-0.019,-0.016,0.662,0.001
upa,NNscore2.0/GlideSP,5.0,NEF,,0.0,0.0,0.0,40,1240,62,0.0,0.0,0.0,0.474,0.0,-0.042,-0.041,0.662,0.001
vegfr1,NNscore2.0/GlideSP,0.5,NEF,,0.0,0.0,0.0,40,1240,7,0.0,0.0,0.0,0.497,0.0,-0.014,-0.01,0.672,0.107
vegfr1,NNscore2.0/GlideSP,1.0,NEF,,2.5,8.065,2.5,40,1240,13,1.048,0.725,2.632,0.508,8.065,0.028,0.024,0.672,0.107
vegfr1,NNscore2.0/GlideSP,5.0,NEF,,2.627,8.474,2.627,40,1240,62,5.254,0.735,2.778,0.542,13.135,0.068,0.066,0.672,0.107
vegfr2,NNscore2.0/GlideSP,0.5,NEF,,0.0,0.0,0.0,40,1240,7,0.0,0.0,0.0,0.497,0.0,-0.014,-0.01,0.578,0.081
vegfr2,NNscore2.0/GlideSP,1.0,NEF,,0.0,0.0,0.0,40,1240,13,0.0,0.0,0.0,0.495,0.0,-0.019,-0.016,0.578,0.081
vegfr2,NNscore2.0/GlideSP,5.0,NEF,,3.077,9.926,3.077,40,1240,62,6.154,0.768,3.306,0.554,15.385,0.087,0.085,0.578,0.081
11betahsd1,OnionNet/GlideSP,0.5,NEF,,0.0,0.0,0.0,40,1240,7,0.0,0.0,0.0,0.497,0.0,-0.014,-0.01,0.5,0.075
11betahsd1,OnionNet/GlideSP,1.0,NEF,,2.51,8.097,2.51,40,1240,13,1.053,0.726,2.643,0.508,8.097,0.028,0.024,0.5,0.075
11betahsd1,OnionNet/GlideSP,5.0,NEF,,2.558,8.252,2.558,40,1240,62,5.116,0.73,2.698,0.54,12.79,0.065,0.064,0.5,0.075
17betahsd1,OnionNet/GlideSP,0.5,NEF,,0.0,0.0,0.0,40,1240,7,0.0,0.0,0.0,0.497,0.0,-0.014,-0.01,0.575,0.033
17betahsd1,OnionNet/GlideSP,1.0,NEF,,0.0,0.0,0.0,40,1240,13,0.0,0.0,0.0,0.495,0.0,-0.019,-0.016,0.575,0.033
17betahsd1,OnionNet/GlideSP,5.0,NEF,,1.484,4.787,1.484,40,1240,62,2.968,0.601,1.508,0.513,7.42,0.02,0.02,0.575,0.033
a2a,OnionNet/GlideSP,0.5,NEF,,0.0,0.0,0.0,40,1240,7,0.0,0.0,0.0,0.497,0.0,-0.014,-0.01,0.636,0.123
a2a,OnionNet/GlideSP,1.0,NEF,,2.36,7.613,2.36,40,1240,13,0.99,0.712,2.472,0.507,7.613,0.026,0.022,0.636,0.123
a2a,OnionNet/GlideSP,5.0,NEF,,2.971,9.584,2.971,40,1240,62,5.942,0.761,3.18,0.551,14.855,0.083,0.08,0.636,0.123
ace,OnionNet/GlideSP,0.5,NEF,,0.0,0.0,0.0,40,1240,7,0.0,0.0,0.0,0.497,0.0,-0.014,-0.01,0.481,0.127
ace,OnionNet/GlideSP,1.0,NEF,,4.75,15.323,4.75,40,1240,13,1.992,0.844,5.429,0.52,15.323,0.07,0.06,0.481,0.127
ace,OnionNet/GlideSP,5.0,NEF,,2.49,8.032,2.49,40,1240,62,4.98,0.724,2.62,0.538,12.45,0.062,0.061,0.481,0.127
ace2,OnionNet/GlideSP,0.5,NEF,,0.0,0.0,0.0,40,1240,7,0.0,0.0,0.0,0.497,0.0,-0.014,-0.01,0.319,0.007
ace2,OnionNet/GlideSP,1.0,NEF,,0.0,0.0,0.0,40,1240,13,0.0,0.0,0.0,0.495,0.0,-0.019,-0.016,0.319,0.007
ace2,OnionNet/GlideSP,5.0,NEF,,0.999,3.223,0.999,40,1240,62,1.998,0.5,0.999,0.5,4.995,-0.0,-0.0,0.319,0.007
ache,OnionNet/GlideSP,0.5,NEF,,4.361,14.068,4.361,40,1240,7,0.985,0.831,4.911,0.51,14.068,0.046,0.033,0.539,0.118
ache,OnionNet/GlideSP,1.0,NEF,,2.35,7.581,2.35,40,1240,13,0.985,0.711,2.461,0.507,7.581,0.025,0.022,0.539,0.118
ache,OnionNet/GlideSP,5.0,NEF,,2.462,7.942,2.462,40,1240,62,4.924,0.721,2.588,0.538,12.31,0.061,0.06,0.539,0.118
adam17,OnionNet/GlideSP,0.5,NEF,,8.786,28.342,8.786,40,1240,7,1.984,0.922,11.865,0.523,28.342,0.107,0.076,0.73,0.201
adam17,OnionNet/GlideSP,1.0,NEF,,9.46,30.516,9.46,40,1240,13,3.967,0.929,13.175,0.546,30.516,0.159,0.136,0.73,0.201
adam17,OnionNet/GlideSP,5.0,NEF,,3.472,11.2,3.472,40,1240,62,6.944,0.791,3.784,0.564,17.36,0.104,0.101,0.73,0.201
adrb2,OnionNet/GlideSP,0.5,NEF,,9.592,30.942,9.592,40,1240,7,2.166,0.931,13.442,0.525,30.942,0.118,0.083,0.682,0.149
adrb2,OnionNet/GlideSP,1.0,NEF,,4.8,15.484,4.8,40,1240,13,2.013,0.846,5.496,0.521,15.484,0.071,0.061,0.682,0.149
adrb2,OnionNet/GlideSP,5.0,NEF,,1.488,4.8,1.488,40,1240,62,2.976,0.602,1.513,0.513,7.44,0.02,0.02,0.682,0.149
akt1,OnionNet/GlideSP,0.5,NEF,,0.0,0.0,0.0,40,1240,7,0.0,0.0,0.0,0.497,0.0,-0.014,-0.01,0.587,0.012
akt1,OnionNet/GlideSP,1.0,NEF,,0.0,0.0,0.0,40,1240,13,0.0,0.0,0.0,0.495,0.0,-0.019,-0.016,0.587,0.012
akt1,OnionNet/GlideSP,5.0,NEF,,1.01,3.258,1.01,40,1240,62,2.02,0.503,1.01,0.5,5.05,0.0,0.0,0.587,0.012
alr2,OnionNet/GlideSP,0.5,NEF,,4.379,14.126,4.379,40,1240,7,0.989,0.832,4.935,0.51,14.126,0.046,0.033,0.42,0.069
alr2,OnionNet/GlideSP,1.0,NEF,,2.36,7.613,2.36,40,1240,13,0.99,0.712,2.472,0.507,7.613,0.026,0.022,0.42,0.069
alr2,OnionNet/GlideSP,5.0,NEF,,0.494,1.594,0.494,40,1240,62,0.988,0.327,0.486,0.487,2.47,-0.021,-0.021,0.42,0.069
ar,OnionNet/GlideSP,0.5,NEF,,0.0,0.0,0.0,40,1240,7,0.0,0.0,0.0,0.497,0.0,-0.014,-0.01,0.706,0.12
ar,OnionNet/GlideSP,1.0,NEF,,3.22,10.387,3.22,40,1240,13,1.35,0.777,3.477,0.512,10.387,0.042,0.036,0.706,0.12
ar,OnionNet/GlideSP,5.0,NEF,,2.821,9.1,2.821,40,1240,62,5.642,0.75,3.003,0.547,14.105,0.076,0.074,0.706,0.12
aurka,OnionNet/GlideSP,0.5,NEF,,4.432,14.297,4.432,40,1240,7,1.001,0.833,5.005,0.51,14.297,0.047,0.033,0.603,0.074
aurka,OnionNet/GlideSP,1.0,NEF,,2.39,7.71,2.39,40,1240,13,1.002,0.715,2.506,0.508,7.71,0.026,0.022,0.603,0.074
aurka,OnionNet/GlideSP,5.0,NEF,,2.543,8.203,2.543,40,1240,62,5.086,0.728,2.681,0.54,12.715,0.065,0.063,0.603,0.074
aurkb,OnionNet/GlideSP,0.5,NEF,,4.339,13.997,4.339,40,1240,7,0.98,0.83,4.882,0.51,13.997,0.046,0.032,0.592,0.1
aurkb,OnionNet/GlideSP,1.0,NEF,,2.34,7.548,2.34,40,1240,13,0.981,0.71,2.449,0.507,7.548,0.025,0.022,0.592,0.1
aurkb,OnionNet/GlideSP,5.0,NEF,,2.49,8.032,2.49,40,1240,62,4.98,0.724,2.62,0.538,12.45,0.062,0.061,0.592,0.1
bcl2,OnionNet/GlideSP,0.5,NEF,,0.0,0.0,0.0,40,1240,7,0.0,0.0,0.0,0.497,0.0,-0.014,-0.01,0.627,0.052
bcl2,OnionNet/GlideSP,1.0,NEF,,0.0,0.0,0.0,40,1240,13,0.0,0.0,0.0,0.495,0.0,-0.019,-0.016,0.627,0.052
bcl2,OnionNet/GlideSP,5.0,NEF,,3.452,11.135,3.452,40,1240,62,6.904,0.79,3.759,0.563,17.26,0.103,0.1,0.627,0.052
braf,OnionNet/GlideSP,0.5,NEF,,4.429,14.287,4.429,40,1240,7,1.0,0.833,5.001,0.51,14.287,0.047,0.033,0.568,0.085
braf,OnionNet/GlideSP,1.0,NEF,,2.38,7.677,2.38,40,1240,13,0.998,0.714,2.495,0.507,7.677,0.026,0.022,0.568,0.085
braf,OnionNet/GlideSP,5.0,NEF,,1.525,4.919,1.525,40,1240,62,3.05,0.608,1.552,0.514,7.625,0.022,0.021,0.568,0.085
catl,OnionNet/GlideSP,0.5,NEF,,4.404,14.206,4.404,40,1240,7,0.994,0.832,4.968,0.51,14.206,0.047,0.033,0.531,0.074
catl,OnionNet/GlideSP,1.0,NEF,,2.37,7.645,2.37,40,1240,13,0.994,0.713,2.483,0.507,7.645,0.026,0.022,0.531,0.074
catl,OnionNet/GlideSP,5.0,NEF,,0.497,1.603,0.497,40,1240,62,0.994,0.328,0.489,0.487,2.485,-0.021,-0.021,0.531,0.074
cdk2,OnionNet/GlideSP,0.5,NEF,,0.0,0.0,0.0,40,1240,7,0.0,0.0,0.0,0.497,0.0,-0.014,-0.01,0.57,0.004
cdk2,OnionNet/GlideSP,1.0,NEF,,0.0,0.0,0.0,40,1240,13,0.0,0.0,0.0,0.495,0.0,-0.019,-0.016,0.57,0.004
cdk2,OnionNet/GlideSP,5.0,NEF,,0.498,1.606,0.498,40,1240,62,0.996,0.329,0.49,0.487,2.49,-0.021,-0.02,0.57,0.004
cox1,OnionNet/GlideSP,0.5,NEF,,0.0,0.0,0.0,40,1240,7,0.0,0.0,0.0,0.497,0.0,-0.014,-0.01,0.455,0.001
cox1,OnionNet/GlideSP,1.0,NEF,,0.0,0.0,0.0,40,1240,13,0.0,0.0,0.0,0.495,0.0,-0.019,-0.016,0.455,0.001
cox1,OnionNet/GlideSP,5.0,NEF,,0.0,0.0,0.0,40,1240,62,0.0,0.0,0.0,0.474,0.0,-0.042,-0.041,0.455,0.001
cox2,OnionNet/GlideSP,0.5,NEF,,4.622,14.91,4.622,40,1240,7,1.044,0.84,5.257,0.511,14.91,0.05,0.035,0.478,0.113
cox2,OnionNet/GlideSP,1.0,NEF,,2.57,8.29,2.57,40,1240,13,1.078,0.731,2.712,0.509,8.29,0.03,0.025,0.478,0.113
cox2,OnionNet/GlideSP,5.0,NEF,,1.075,3.468,1.075,40,1240,62,2.15,0.519,1.078,0.502,5.375,0.003,0.003,0.478,0.113
ctsk,OnionNet/GlideSP,0.5,NEF,,4.411,14.229,4.411,40,1240,7,0.996,0.833,4.977,0.51,14.229,0.047,0.033,0.528,0.057
ctsk,OnionNet/GlideSP,1.0,NEF,,2.38,7.677,2.38,40,1240,13,0.998,0.714,2.495,0.507,7.677,0.026,0.022,0.528,0.057
ctsk,OnionNet/GlideSP,5.0,NEF,,0.498,1.606,0.498,40,1240,62,0.996,0.329,0.49,0.487,2.49,-0.021,-0.02,0.528,0.057
cyp2a6,OnionNet/GlideSP,0.5,NEF,,0.0,0.0,0.0,40,1240,7,0.0,0.0,0.0,0.497,0.0,-0.014,-0.01,0.465,0.001
cyp2a6,OnionNet/GlideSP,1.0,NEF,,0.0,0.0,0.0,40,1240,13,0.0,0.0,0.0,0.495,0.0,-0.019,-0.016,0.465,0.001
cyp2a6,OnionNet/GlideSP,5.0,NEF,,0.0,0.0,0.0,40,1240,62,0.0,0.0,0.0,0.474,0.0,-0.042,-0.041,0.465,0.001
dhfr,OnionNet/GlideSP,0.5,NEF,,0.0,0.0,0.0,40,1240,7,0.0,0.0,0.0,0.497,0.0,-0.014,-0.01,0.516,0.049
dhfr,OnionNet/GlideSP,1.0,NEF,,0.0,0.0,0.0,40,1240,13,0.0,0.0,0.0,0.495,0.0,-0.019,-0.016,0.516,0.049
dhfr,OnionNet/GlideSP,5.0,NEF,,1.974,6.368,1.974,40,1240,62,3.948,0.671,2.04,0.525,9.87,0.041,0.04,0.516,0.049
egfr,OnionNet/GlideSP,0.5,NEF,,4.414,14.239,4.414,40,1240,7,0.997,0.833,4.981,0.51,14.239,0.047,0.033,0.547,0.139
egfr,OnionNet/GlideSP,1.0,NEF,,4.75,15.323,4.75,40,1240,13,1.992,0.844,5.429,0.52,15.323,0.07,0.06,0.547,0.139
egfr,OnionNet/GlideSP,5.0,NEF,,2.026,6.535,2.026,40,1240,62,4.052,0.677,2.098,0.527,10.13,0.043,0.042,0.547,0.139
ephb4,OnionNet/GlideSP,0.5,NEF,,0.0,0.0,0.0,40,1240,7,0.0,0.0,0.0,0.497,0.0,-0.014,-0.01,0.498,0.04
ephb4,OnionNet/GlideSP,1.0,NEF,,0.0,0.0,0.0,40,1240,13,0.0,0.0,0.0,0.495,0.0,-0.019,-0.016,0.498,0.04
ephb4,OnionNet/GlideSP,5.0,NEF,,0.995,3.21,0.995,40,1240,62,1.99,0.499,0.995,0.5,4.975,-0.0,-0.0,0.498,0.04
erbb2,OnionNet/GlideSP,0.5,NEF,,0.0,0.0,0.0,40,1240,7,0.0,0.0,0.0,0.497,0.0,-0.014,-0.01,0.701,0.032
erbb2,OnionNet/GlideSP,1.0,NEF,,0.0,0.0,0.0,40,1240,13,0.0,0.0,0.0,0.495,0.0,-0.019,-0.016,0.701,0.032
erbb2,OnionNet/GlideSP,5.0,NEF,,2.467,7.958,2.467,40,1240,62,4.934,0.722,2.594,0.538,12.335,0.061,0.06,0.701,0.032
er-beta,OnionNet/GlideSP,0.5,NEF,,5.717,18.442,5.717,40,1240,7,1.291,0.872,6.784,0.514,18.442,0.065,0.046,0.735,0.195
er-beta,OnionNet/GlideSP,1.0,NEF,,6.35,20.484,6.35,40,1240,13,2.663,0.885,7.728,0.529,20.484,0.101,0.086,0.735,0.195
er-beta,OnionNet/GlideSP,5.0,NEF,,2.722,8.781,2.722,40,1240,62,5.444,0.743,2.888,0.544,13.61,0.072,0.07,0.735,0.195
fgfr1,OnionNet/GlideSP,0.5,NEF,,0.0,0.0,0.0,40,1240,7,0.0,0.0,0.0,0.497,0.0,-0.014,-0.01,0.555,0.009
fgfr1,OnionNet/GlideSP,1.0,NEF,,0.0,0.0,0.0,40,1240,13,0.0,0.0,0.0,0.495,0.0,-0.019,-0.016,0.555,0.009
fgfr1,OnionNet/GlideSP,5.0,NEF,,0.999,3.223,0.999,40,1240,62,1.998,0.5,0.999,0.5,4.995,-0.0,-0.0,0.555,0.009
fkbp1a,OnionNet/GlideSP,0.5,NEF,,0.0,0.0,0.0,40,1240,7,0.0,0.0,0.0,0.497,0.0,-0.014,-0.01,0.705,0.161
fkbp1a,OnionNet/GlideSP,1.0,NEF,,4.98,16.065,4.98,40,1240,13,2.088,0.852,5.742,0.522,16.065,0.075,0.064,0.705,0.161
fkbp1a,OnionNet/GlideSP,5.0,NEF,,3.135,10.113,3.135,40,1240,62,6.27,0.771,3.375,0.555,15.675,0.089,0.087,0.705,0.161
fxa,OnionNet/GlideSP,0.5,NEF,,0.0,0.0,0.0,40,1240,7,0.0,0.0,0.0,0.497,0.0,-0.014,-0.01,0.692,0.01
fxa,OnionNet/GlideSP,1.0,NEF,,0.0,0.0,0.0,40,1240,13,0.0,0.0,0.0,0.495,0.0,-0.019,-0.016,0.692,0.01
fxa,OnionNet/GlideSP,5.0,NEF,,1.02,3.29,1.02,40,1240,62,2.04,0.505,1.021,0.501,5.1,0.001,0.001,0.692,0.01
gba,OnionNet/GlideSP,0.5,NEF,,0.0,0.0,0.0,40,1240,7,0.0,0.0,0.0,0.497,0.0,-0.014,-0.01,0.436,0.0
gba,OnionNet/GlideSP,1.0,NEF,,0.0,0.0,0.0,40,1240,13,0.0,0.0,0.0,0.495,0.0,-0.019,-0.016,0.436,0.0
gba,OnionNet/GlideSP,5.0,NEF,,0.0,0.0,0.0,40,1240,62,0.0,0.0,0.0,0.474,0.0,-0.042,-0.041,0.436,0.0
gr,OnionNet/GlideSP,0.5,NEF,,4.368,14.09,4.368,40,1240,7,0.986,0.831,4.92,0.51,14.09,0.046,0.033,0.566,0.167
gr,OnionNet/GlideSP,1.0,NEF,,7.06,22.774,7.06,40,1240,13,2.961,0.898,8.847,0.533,22.774,0.114,0.097,0.566,0.167
gr,OnionNet/GlideSP,5.0,NEF,,2.959,9.545,2.959,40,1240,62,5.918,0.76,3.166,0.551,14.795,0.082,0.08,0.566,0.167
gsk3b,OnionNet/GlideSP,0.5,NEF,,4.307,13.894,4.307,40,1240,7,0.973,0.829,4.841,0.51,13.894,0.045,0.032,0.657,0.167
gsk3b,OnionNet/GlideSP,1.0,NEF,,6.96,22.452,6.96,40,1240,13,2.919,0.897,8.686,0.532,22.452,0.112,0.096,0.657,0.167
gsk3b,OnionNet/GlideSP,5.0,NEF,,2.471,7.971,2.471,40,1240,62,4.942,0.722,2.598,0.538,12.355,0.062,0.06,0.657,0.167
hdac2,OnionNet/GlideSP,0.5,NEF,,8.671,27.971,8.671,40,1240,7,1.958,0.921,11.65,0.522,27.971,0.106,0.074,0.634,0.198
hdac2,OnionNet/GlideSP,1.0,NEF,,9.34,30.129,9.34,40,1240,13,3.917,0.928,12.936,0.545,30.129,0.157,0.134,0.634,0.198
hdac2,OnionNet/GlideSP,5.0,NEF,,2.985,9.629,2.985,40,1240,62,5.97,0.762,3.197,0.551,14.925,0.083,0.081,0.634,0.198
hdac8,OnionNet/GlideSP,0.5,NEF,,4.407,14.216,4.407,40,1240,7,0.995,0.833,4.972,0.51,14.216,0.047,0.033,0.406,0.065
hdac8,OnionNet/GlideSP,1.0,NEF,,2.37,7.645,2.37,40,1240,13,0.994,0.713,2.483,0.507,7.645,0.026,0.022,0.406,0.065
hdac8,OnionNet/GlideSP,5.0,NEF,,0.498,1.606,0.498,40,1240,62,0.996,0.329,0.49,0.487,2.49,-0.021,-0.02,0.406,0.065
hiv1pr,OnionNet/GlideSP,0.5,NEF,,0.0,0.0,0.0,40,1240,7,0.0,0.0,0.0,0.497,0.0,-0.014,-0.01,0.785,0.165
hiv1pr,OnionNet/GlideSP,1.0,NEF,,5.06,16.323,5.06,40,1240,13,2.122,0.854,5.852,0.522,16.323,0.076,0.065,0.785,0.165
hiv1pr,OnionNet/GlideSP,5.0,NEF,,5.388,17.381,5.388,40,1240,62,10.776,0.863,6.311,0.613,26.94,0.184,0.179,0.785,0.165
hiv1rt,OnionNet/GlideSP,0.5,NEF,,0.0,0.0,0.0,40,1240,7,0.0,0.0,0.0,0.497,0.0,-0.014,-0.01,0.526,0.021
hiv1rt,OnionNet/GlideSP,1.0,NEF,,0.0,0.0,0.0,40,1240,13,0.0,0.0,0.0,0.495,0.0,-0.019,-0.016,0.526,0.021
hiv1rt,OnionNet/GlideSP,5.0,NEF,,1.05,3.387,1.05,40,1240,62,2.1,0.513,1.052,0.501,5.25,0.002,0.002,0.526,0.021
hmgr,OnionNet/GlideSP,0.5,NEF,,4.418,14.252,4.418,40,1240,7,0.998,0.833,4.986,0.51,14.252,0.047,0.033,0.637,0.129
hmgr,OnionNet/GlideSP,1.0,NEF,,4.76,15.355,4.76,40,1240,13,1.996,0.845,5.442,0.52,15.355,0.071,0.06,0.637,0.129
hmgr,OnionNet/GlideSP,5.0,NEF,,3.492,11.265,3.492,40,1240,62,6.984,0.792,3.808,0.564,17.46,0.104,0.102,0.637,0.129
hsp90,OnionNet/GlideSP,0.5,NEF,,4.336,13.987,4.336,40,1240,7,0.979,0.83,4.878,0.51,13.987,0.046,0.032,0.479,0.05
hsp90,OnionNet/GlideSP,1.0,NEF,,2.33,7.516,2.33,40,1240,13,0.977,0.709,2.438,0.507,7.516,0.025,0.021,0.479,0.05
hsp90,OnionNet/GlideSP,5.0,NEF,,0.498,1.606,0.498,40,1240,62,0.996,0.329,0.49,0.487,2.49,-0.021,-0.02,0.479,0.05
igf1r,OnionNet/GlideSP,0.5,NEF,,4.966,16.019,4.966,40,1240,7,1.121,0.851,5.723,0.512,16.019,0.055,0.038,0.596,0.161
igf1r,OnionNet/GlideSP,1.0,NEF,,2.48,8.0,2.48,40,1240,13,1.04,0.723,2.609,0.508,8.0,0.028,0.024,0.596,0.161
igf1r,OnionNet/GlideSP,5.0,NEF,,3.535,11.403,3.535,40,1240,62,7.07,0.794,3.861,0.565,17.675,0.106,0.103,0.596,0.161
inha,OnionNet/GlideSP,0.5,NEF,,0.0,0.0,0.0,40,1240,7,0.0,0.0,0.0,0.497,0.0,-0.014,-0.01,0.478,0.039
inha,OnionNet/GlideSP,1.0,NEF,,2.36,7.613,2.36,40,1240,13,0.99,0.712,2.472,0.507,7.613,0.026,0.022,0.478,0.039
inha,OnionNet/GlideSP,5.0,NEF,,0.988,3.187,0.988,40,1240,62,1.976,0.497,0.988,0.5,4.94,-0.001,-0.0,0.478,0.039
itk,OnionNet/GlideSP,0.5,NEF,,4.35,14.032,4.35,40,1240,7,0.982,0.83,4.897,0.51,14.032,0.046,0.033,0.673,0.096
itk,OnionNet/GlideSP,1.0,NEF,,2.34,7.548,2.34,40,1240,13,0.981,0.71,2.449,0.507,7.548,0.025,0.022,0.673,0.096
itk,OnionNet/GlideSP,5.0,NEF,,2.995,9.661,2.995,40,1240,62,5.99,0.762,3.208,0.552,14.975,0.084,0.081,0.673,0.096
jak3,OnionNet/GlideSP,0.5,NEF,,0.0,0.0,0.0,40,1240,7,0.0,0.0,0.0,0.497,0.0,-0.014,-0.01,0.638,0.013
jak3,OnionNet/GlideSP,1.0,NEF,,0.0,0.0,0.0,40,1240,13,0.0,0.0,0.0,0.495,0.0,-0.019,-0.016,0.638,0.013
jak3,OnionNet/GlideSP,5.0,NEF,,0.499,1.61,0.499,40,1240,62,0.998,0.329,0.491,0.487,2.495,-0.021,-0.02,0.638,0.013
jnk1,OnionNet/GlideSP,0.5,NEF,,0.0,0.0,0.0,40,1240,7,0.0,0.0,0.0,0.497,0.0,-0.014,-0.01,0.61,0.047
jnk1,OnionNet/GlideSP,1.0,NEF,,0.0,0.0,0.0,40,1240,13,0.0,0.0,0.0,0.495,0.0,-0.019,-0.016,0.61,0.047
jnk1,OnionNet/GlideSP,5.0,NEF,,1.575,5.081,1.575,40,1240,62,3.15,0.616,1.606,0.515,7.875,0.024,0.023,0.61,0.047
jnk2,OnionNet/GlideSP,0.5,NEF,,0.0,0.0,0.0,40,1240,7,0.0,0.0,0.0,0.497,0.0,-0.014,-0.01,0.466,0.022
jnk2,OnionNet/GlideSP,1.0,NEF,,0.0,0.0,0.0,40,1240,13,0.0,0.0,0.0,0.495,0.0,-0.019,-0.016,0.466,0.022
jnk2,OnionNet/GlideSP,5.0,NEF,,1.018,3.284,1.018,40,1240,62,2.036,0.505,1.019,0.5,5.09,0.001,0.001,0.466,0.022
jnk3,OnionNet/GlideSP,0.5,NEF,,13.286,42.858,13.286,40,1240,7,3.0,0.957,22.501,0.536,42.858,0.169,0.119,0.624,0.278
jnk3,OnionNet/GlideSP,1.0,NEF,,9.54,30.774,9.54,40,1240,13,4.001,0.93,13.336,0.546,30.774,0.16,0.137,0.624,0.278
jnk3,OnionNet/GlideSP,5.0,NEF,,4.066,13.116,4.066,40,1240,62,8.132,0.819,4.529,0.579,20.33,0.128,0.125,0.624,0.278
kif11,OnionNet/GlideSP,0.5,NEF,,0.0,0.0,0.0,40,1240,7,0.0,0.0,0.0,0.497,0.0,-0.014,-0.01,0.36,0.02
kif11,OnionNet/GlideSP,1.0,NEF,,0.0,0.0,0.0,40,1240,13,0.0,0.0,0.0,0.495,0.0,-0.019,-0.016,0.36,0.02
kif11,OnionNet/GlideSP,5.0,NEF,,1.486,4.794,1.486,40,1240,62,2.972,0.602,1.51,0.513,7.43,0.02,0.02,0.36,0.02
lck,OnionNet/GlideSP,0.5,NEF,,0.0,0.0,0.0,40,1240,7,0.0,0.0,0.0,0.497,0.0,-0.014,-0.01,0.412,0.0
lck,OnionNet/GlideSP,1.0,NEF,,0.0,0.0,0.0,40,1240,13,0.0,0.0,0.0,0.495,0.0,-0.019,-0.016,0.412,0.0
lck,OnionNet/GlideSP,5.0,NEF,,0.0,0.0,0.0,40,1240,62,0.0,0.0,0.0,0.474,0.0,-0.042,-0.041,0.412,0.0
mdm2,OnionNet/GlideSP,0.5,NEF,,0.0,0.0,0.0,40,1240,7,0.0,0.0,0.0,0.497,0.0,-0.014,-0.01,0.506,0.04
mdm2,OnionNet/GlideSP,1.0,NEF,,0.0,0.0,0.0,40,1240,13,0.0,0.0,0.0,0.495,0.0,-0.019,-0.016,0.506,0.04
mdm2,OnionNet/GlideSP,5.0,NEF,,0.998,3.219,0.998,40,1240,62,1.996,0.499,0.998,0.5,4.99,-0.0,-0.0,0.506,0.04
mk2,OnionNet/GlideSP,0.5,NEF,,10.486,33.826,10.486,40,1240,7,2.368,0.939,15.335,0.528,33.826,0.13,0.092,0.703,0.21
mk2,OnionNet/GlideSP,1.0,NEF,,5.24,16.903,5.24,40,1240,13,2.197,0.859,6.102,0.523,16.903,0.08,0.068,0.703,0.21
mk2,OnionNet/GlideSP,5.0,NEF,,3.732,12.039,3.732,40,1240,62,7.464,0.804,4.106,0.571,18.66,0.114,0.112,0.703,0.21
mmp2,OnionNet/GlideSP,0.5,NEF,,8.771,28.294,8.771,40,1240,7,1.981,0.922,11.837,0.523,28.294,0.107,0.075,0.573,0.179
mmp2,OnionNet/GlideSP,1.0,NEF,,4.72,15.226,4.72,40,1240,13,1.979,0.843,5.388,0.52,15.226,0.07,0.06,0.573,0.179
mmp2,OnionNet/GlideSP,5.0,NEF,,2.476,7.987,2.476,40,1240,62,4.952,0.723,2.604,0.538,12.38,0.062,0.06,0.573,0.179
na,OnionNet/GlideSP,0.5,NEF,,17.7,57.097,17.7,40,1240,7,3.997,0.976,39.925,0.549,57.097,0.23,0.162,0.912,0.483
na,OnionNet/GlideSP,1.0,NEF,,16.68,53.806,16.68,40,1240,13,6.995,0.972,34.944,0.585,53.806,0.295,0.252,0.912,0.483
na,OnionNet/GlideSP,5.0,NEF,,8.993,29.01,8.993,40,1240,62,17.986,0.925,12.259,0.706,44.965,0.335,0.326,0.912,0.483
p38-alpha,OnionNet/GlideSP,0.5,NEF,,0.0,0.0,0.0,40,1240,7,0.0,0.0,0.0,0.497,0.0,-0.014,-0.01,0.65,0.057
p38-alpha,OnionNet/GlideSP,1.0,NEF,,2.35,7.581,2.35,40,1240,13,0.985,0.711,2.461,0.507,7.581,0.025,0.022,0.65,0.057
p38-alpha,OnionNet/GlideSP,5.0,NEF,,1.971,6.358,1.971,40,1240,62,3.942,0.671,2.037,0.525,9.855,0.041,0.04,0.65,0.057
parp-1,OnionNet/GlideSP,0.5,NEF,,8.614,27.787,8.614,40,1240,7,1.945,0.92,11.544,0.522,27.787,0.105,0.074,0.715,0.215
parp-1,OnionNet/GlideSP,1.0,NEF,,4.64,14.968,4.64,40,1240,13,1.946,0.841,5.281,0.52,14.968,0.068,0.059,0.715,0.215
parp-1,OnionNet/GlideSP,5.0,NEF,,3.954,12.755,3.954,40,1240,62,7.908,0.814,4.386,0.576,19.77,0.124,0.121,0.715,0.215
pde4b,OnionNet/GlideSP,0.5,NEF,,4.4,14.194,4.4,40,1240,7,0.994,0.832,4.962,0.51,14.194,0.047,0.033,0.524,0.14
pde4b,OnionNet/GlideSP,1.0,NEF,,4.74,15.29,4.74,40,1240,13,1.988,0.844,5.415,0.52,15.29,0.07,0.06,0.524,0.14
pde4b,OnionNet/GlideSP,5.0,NEF,,1.49,4.806,1.49,40,1240,62,2.98,0.602,1.515,0.513,7.45,0.021,0.02,0.524,0.14
pde5,OnionNet/GlideSP,0.5,NEF,,0.0,0.0,0.0,40,1240,7,0.0,0.0,0.0,0.497,0.0,-0.014,-0.01,0.679,0.054
pde5,OnionNet/GlideSP,1.0,NEF,,2.48,8.0,2.48,40,1240,13,1.04,0.723,2.609,0.508,8.0,0.028,0.024,0.679,0.054
pde5,OnionNet/GlideSP,5.0,NEF,,1.561,5.035,1.561,40,1240,62,3.122,0.614,1.591,0.514,7.805,0.023,0.023,0.679,0.054
pdk1,OnionNet/GlideSP,0.5,NEF,,0.0,0.0,0.0,40,1240,7,0.0,0.0,0.0,0.497,0.0,-0.014,-0.01,0.544,0.043
pdk1,OnionNet/GlideSP,1.0,NEF,,0.0,0.0,0.0,40,1240,13,0.0,0.0,0.0,0.495,0.0,-0.019,-0.016,0.544,0.043
pdk1,OnionNet/GlideSP,5.0,NEF,,1.561,5.035,1.561,40,1240,62,3.122,0.614,1.591,0.514,7.805,0.023,0.023,0.544,0.043
pi3kg,OnionNet/GlideSP,0.5,NEF,,8.864,28.594,8.864,40,1240,7,2.002,0.923,12.013,0.523,28.594,0.108,0.076,0.685,0.282
pi3kg,OnionNet/GlideSP,1.0,NEF,,7.16,23.097,7.16,40,1240,13,3.003,0.9,9.01,0.533,23.097,0.116,0.099,0.685,0.282
pi3kg,OnionNet/GlideSP,5.0,NEF,,5.086,16.406,5.086,40,1240,62,10.172,0.855,5.888,0.606,25.43,0.171,0.167,0.685,0.282
pim-1,OnionNet/GlideSP,0.5,NEF,,0.0,0.0,0.0,40,1240,7,0.0,0.0,0.0,0.497,0.0,-0.014,-0.01,0.608,0.1
pim-1,OnionNet/GlideSP,1.0,NEF,,2.33,7.516,2.33,40,1240,13,0.977,0.709,2.438,0.507,7.516,0.025,0.021,0.608,0.1
pim-1,OnionNet/GlideSP,5.0,NEF,,2.477,7.99,2.477,40,1240,62,4.954,0.723,2.605,0.538,12.385,0.062,0.06,0.608,0.1
pim-2,OnionNet/GlideSP,0.5,NEF,,0.0,0.0,0.0,40,1240,7,0.0,0.0,0.0,0.497,0.0,-0.014,-0.01,0.596,0.055
pim-2,OnionNet/GlideSP,1.0,NEF,,2.38,7.677,2.38,40,1240,13,0.998,0.714,2.495,0.507,7.677,0.026,0.022,0.596,0.055
pim-2,OnionNet/GlideSP,5.0,NEF,,2.031,6.552,2.031,40,1240,62,4.062,0.678,2.103,0.527,10.155,0.043,0.042,0.596,0.055
pnp,OnionNet/GlideSP,0.5,NEF,,4.404,14.206,4.404,40,1240,7,0.994,0.832,4.968,0.51,14.206,0.047,0.033,0.495,0.084
pnp,OnionNet/GlideSP,1.0,NEF,,2.37,7.645,2.37,40,1240,13,0.994,0.713,2.483,0.507,7.645,0.026,0.022,0.495,0.084
pnp,OnionNet/GlideSP,5.0,NEF,,0.994,3.206,0.994,40,1240,62,1.988,0.498,0.994,0.5,4.97,-0.0,-0.0,0.495,0.084
ppara,OnionNet/GlideSP,0.5,NEF,,0.0,0.0,0.0,40,1240,7,0.0,0.0,0.0,0.497,0.0,-0.014,-0.01,0.391,0.018
ppara,OnionNet/GlideSP,1.0,NEF,,0.0,0.0,0.0,40,1240,13,0.0,0.0,0.0,0.495,0.0,-0.019,-0.016,0.391,0.018
ppara,OnionNet/GlideSP,5.0,NEF,,0.525,1.694,0.525,40,1240,62,1.05,0.341,0.517,0.488,2.625,-0.02,-0.019,0.391,0.018
pparg,OnionNet/GlideSP,0.5,NEF,,0.0,0.0,0.0,40,1240,7,0.0,0.0,0.0,0.497,0.0,-0.014,-0.01,0.339,0.001
pparg,OnionNet/GlideSP,1.0,NEF,,0.0,0.0,0.0,40,1240,13,0.0,0.0,0.0,0.495,0.0,-0.019,-0.016,0.339,0.001
pparg,OnionNet/GlideSP,5.0,NEF,,0.0,0.0,0.0,40,1240,62,0.0,0.0,0.0,0.474,0.0,-0.042,-0.041,0.339,0.001
pr,OnionNet/GlideSP,0.5,NEF,,0.0,0.0,0.0,40,1240,7,0.0,0.0,0.0,0.497,0.0,-0.014,-0.01,0.643,0.05
pr,OnionNet/GlideSP,1.0,NEF,,0.0,0.0,0.0,40,1240,13,0.0,0.0,0.0,0.495,0.0,-0.019,-0.016,0.643,0.05
pr,OnionNet/GlideSP,5.0,NEF,,1.696,5.471,1.696,40,1240,62,3.392,0.635,1.736,0.518,8.48,0.029,0.028,0.643,0.05
prkcq,OnionNet/GlideSP,0.5,NEF,,5.263,16.977,5.263,40,1240,7,1.188,0.86,6.135,0.512,16.977,0.059,0.041,0.801,0.305
prkcq,OnionNet/GlideSP,1.0,NEF,,10.53,33.968,10.53,40,1240,13,4.416,0.939,15.432,0.552,33.968,0.179,0.153,0.801,0.305
prkcq,OnionNet/GlideSP,5.0,NEF,,6.316,20.374,6.316,40,1240,62,12.632,0.885,7.676,0.637,31.58,0.223,0.217,0.801,0.305
pygl-in,OnionNet/GlideSP,0.5,NEF,,0.0,0.0,0.0,40,1240,7,0.0,0.0,0.0,0.497,0.0,-0.014,-0.01,0.555,0.005
pygl-in,OnionNet/GlideSP,1.0,NEF,,0.0,0.0,0.0,40,1240,13,0.0,0.0,0.0,0.495,0.0,-0.019,-0.016,0.555,0.005
pygl-in,OnionNet/GlideSP,5.0,NEF,,0.497,1.603,0.497,40,1240,62,0.994,0.328,0.489,0.487,2.485,-0.021,-0.021,0.555,0.005
pygl-out,OnionNet/GlideSP,0.5,NEF,,4.414,14.239,4.414,40,1240,7,0.997,0.833,4.981,0.51,14.239,0.047,0.033,0.396,0.139
pygl-out,OnionNet/GlideSP,1.0,NEF,,4.75,15.323,4.75,40,1240,13,1.992,0.844,5.429,0.52,15.323,0.07,0.06,0.396,0.139
pygl-out,OnionNet/GlideSP,5.0,NEF,,2.492,8.039,2.492,40,1240,62,4.984,0.724,2.622,0.539,12.46,0.062,0.061,0.396,0.139
qpct,OnionNet/GlideSP,0.5,NEF,,0.0,0.0,0.0,40,1240,7,0.0,0.0,0.0,0.497,0.0,-0.014,-0.01,0.543,0.003
qpct,OnionNet/GlideSP,1.0,NEF,,0.0,0.0,0.0,40,1240,13,0.0,0.0,0.0,0.495,0.0,-0.019,-0.016,0.543,0.003
qpct,OnionNet/GlideSP,5.0,NEF,,0.499,1.61,0.499,40,1240,62,0.998,0.329,0.491,0.487,2.495,-0.021,-0.02,0.543,0.003
rock-1,OnionNet/GlideSP,0.5,NEF,,0.0,0.0,0.0,40,1240,7,0.0,0.0,0.0,0.497,0.0,-0.014,-0.01,0.567,0.094
rock-1,OnionNet/GlideSP,1.0,NEF,,4.64,14.968,4.64,40,1240,13,1.946,0.841,5.281,0.52,14.968,0.068,0.059,0.567,0.094
rock-1,OnionNet/GlideSP,5.0,NEF,,1.484,4.787,1.484,40,1240,62,2.968,0.601,1.508,0.513,7.42,0.02,0.02,0.567,0.094
rxr,OnionNet/GlideSP,0.5,NEF,,5.184,16.723,5.184,40,1240,7,1.171,0.858,6.024,0.512,16.723,0.058,0.041,0.548,0.114
rxr,OnionNet/GlideSP,1.0,NEF,,2.59,8.355,2.59,40,1240,13,1.086,0.732,2.735,0.509,8.355,0.03,0.026,0.548,0.114
rxr,OnionNet/GlideSP,5.0,NEF,,1.62,5.226,1.62,40,1240,62,3.24,0.623,1.654,0.516,8.1,0.026,0.025,0.548,0.114
sars-hcov,OnionNet/GlideSP,0.5,NEF,,4.403,14.203,4.403,39,1209,7,0.994,0.832,4.966,0.51,14.203,0.047,0.034,0.42,0.05
sars-hcov,OnionNet/GlideSP,1.0,NEF,,2.37,7.645,2.37,39,1209,13,0.994,0.713,2.483,0.508,7.645,0.026,0.022,0.42,0.05
sars-hcov,OnionNet/GlideSP,5.0,NEF,,0.505,1.629,0.505,39,1209,61,0.994,0.332,0.497,0.487,2.548,-0.021,-0.02,0.42,0.05
sirt2,OnionNet/GlideSP,0.5,NEF,,0.0,0.0,0.0,40,1240,7,0.0,0.0,0.0,0.497,0.0,-0.014,-0.01,0.42,0.03
sirt2,OnionNet/GlideSP,1.0,NEF,,0.0,0.0,0.0,40,1240,13,0.0,0.0,0.0,0.495,0.0,-0.019,-0.016,0.42,0.03
sirt2,OnionNet/GlideSP,5.0,NEF,,0.492,1.587,0.492,40,1240,62,0.984,0.326,0.484,0.487,2.46,-0.021,-0.021,0.42,0.03
src,OnionNet/GlideSP,0.5,NEF,,4.436,14.31,4.436,40,1240,7,1.002,0.834,5.01,0.51,14.31,0.047,0.033,0.474,0.067
src,OnionNet/GlideSP,1.0,NEF,,2.39,7.71,2.39,40,1240,13,1.002,0.715,2.506,0.508,7.71,0.026,0.022,0.474,0.067
src,OnionNet/GlideSP,5.0,NEF,,1.018,3.284,1.018,40,1240,62,2.036,0.505,1.019,0.5,5.09,0.001,0.001,0.474,0.067
thrombin,OnionNet/GlideSP,0.5,NEF,,4.553,14.687,4.553,40,1240,7,1.028,0.838,5.165,0.51,14.687,0.049,0.034,0.651,0.111
thrombin,OnionNet/GlideSP,1.0,NEF,,2.45,7.903,2.45,40,1240,13,1.027,0.72,2.574,0.508,7.903,0.027,0.023,0.651,0.111
thrombin,OnionNet/GlideSP,5.0,NEF,,3.135,10.113,3.135,40,1240,62,6.27,0.771,3.375,0.555,15.675,0.089,0.087,0.651,0.111
tie2,OnionNet/GlideSP,0.5,NEF,,9.992,32.232,9.992,40,1240,7,2.256,0.935,14.269,0.526,32.232,0.124,0.087,0.522,0.154
tie2,OnionNet/GlideSP,1.0,NEF,,5.0,16.129,5.0,40,1240,13,2.097,0.852,5.769,0.522,16.129,0.075,0.064,0.522,0.154
tie2,OnionNet/GlideSP,5.0,NEF,,2.498,8.058,2.498,40,1240,62,4.996,0.724,2.629,0.539,12.49,0.063,0.061,0.522,0.154
tk,OnionNet/GlideSP,0.5,NEF,,4.52,14.581,4.52,40,1240,7,1.021,0.837,5.121,0.51,14.581,0.048,0.034,0.61,0.05
tk,OnionNet/GlideSP,1.0,NEF,,2.43,7.839,2.43,40,1240,13,1.019,0.718,2.552,0.508,7.839,0.027,0.023,0.61,0.05
tk,OnionNet/GlideSP,5.0,NEF,,0.51,1.645,0.51,40,1240,62,1.02,0.334,0.502,0.487,2.55,-0.021,-0.02,0.61,0.05
tp,OnionNet/GlideSP,0.5,NEF,,0.0,0.0,0.0,40,1240,7,0.0,0.0,0.0,0.497,0.0,-0.014,-0.01,0.341,0.001
tp,OnionNet/GlideSP,1.0,NEF,,0.0,0.0,0.0,40,1240,13,0.0,0.0,0.0,0.495,0.0,-0.019,-0.016,0.341,0.001
tp,OnionNet/GlideSP,5.0,NEF,,0.0,0.0,0.0,40,1240,62,0.0,0.0,0.0,0.474,0.0,-0.042,-0.041,0.341,0.001
tpa,OnionNet/GlideSP,0.5,NEF,,0.0,0.0,0.0,40,1240,7,0.0,0.0,0.0,0.497,0.0,-0.014,-0.01,0.67,0.082
tpa,OnionNet/GlideSP,1.0,NEF,,2.55,8.226,2.55,40,1240,13,1.069,0.729,2.689,0.508,8.226,0.029,0.025,0.67,0.082
tpa,OnionNet/GlideSP,5.0,NEF,,3.625,11.694,3.625,40,1240,62,7.25,0.799,3.973,0.568,18.125,0.11,0.107,0.67,0.082
ts,OnionNet/GlideSP,0.5,NEF,,0.0,0.0,0.0,40,1239,7,0.0,0.0,0.0,0.497,0.0,-0.014,-0.01,0.486,0.035
ts,OnionNet/GlideSP,1.0,NEF,,0.0,0.0,0.0,40,1239,13,0.0,0.0,0.0,0.495,0.0,-0.019,-0.016,0.486,0.035
ts,OnionNet/GlideSP,5.0,NEF,,1.0,3.228,1.0,40,1239,62,2.002,0.5,1.0,0.5,5.004,0.0,0.0,0.486,0.035
upa,OnionNet/GlideSP,0.5,NEF,,4.983,16.074,4.983,40,1240,7,1.125,0.852,5.746,0.512,16.074,0.055,0.039,0.596,0.071
upa,OnionNet/GlideSP,1.0,NEF,,2.49,8.032,2.49,40,1240,13,1.044,0.724,2.62,0.508,8.032,0.028,0.024,0.596,0.071
upa,OnionNet/GlideSP,5.0,NEF,,1.993,6.429,1.993,40,1240,62,3.986,0.673,2.061,0.526,9.965,0.042,0.041,0.596,0.071
vegfr1,OnionNet/GlideSP,0.5,NEF,,9.982,32.2,9.982,40,1240,7,2.254,0.934,14.248,0.526,32.2,0.124,0.087,0.604,0.178
vegfr1,OnionNet/GlideSP,1.0,NEF,,4.99,16.097,4.99,40,1240,13,2.093,0.852,5.755,0.522,16.097,0.075,0.064,0.604,0.178
vegfr1,OnionNet/GlideSP,5.0,NEF,,2.627,8.474,2.627,40,1240,62,5.254,0.735,2.778,0.542,13.135,0.068,0.066,0.604,0.178
vegfr2,OnionNet/GlideSP,0.5,NEF,,0.0,0.0,0.0,40,1240,7,0.0,0.0,0.0,0.497,0.0,-0.014,-0.01,0.554,0.036
vegfr2,OnionNet/GlideSP,1.0,NEF,,0.0,0.0,0.0,40,1240,13,0.0,0.0,0.0,0.495,0.0,-0.019,-0.016,0.554,0.036
vegfr2,OnionNet/GlideSP,5.0,NEF,,1.538,4.961,1.538,40,1240,62,3.076,0.61,1.566,0.514,7.69,0.023,0.022,0.554,0.036
11betahsd1,pafnucy/GlideSP,0.5,NEF,,0.0,0.0,0.0,40,1240,7,0.0,0.0,0.0,0.497,0.0,-0.014,-0.01,0.584,0.095
11betahsd1,pafnucy/GlideSP,1.0,NEF,,2.51,8.097,2.51,40,1240,13,1.053,0.726,2.643,0.508,8.097,0.028,0.024,0.584,0.095
11betahsd1,pafnucy/GlideSP,5.0,NEF,,3.069,9.9,3.069,40,1240,62,6.138,0.767,3.296,0.553,15.345,0.087,0.084,0.584,0.095
17betahsd1,pafnucy/GlideSP,0.5,NEF,,4.382,14.135,4.382,40,1240,7,0.989,0.832,4.939,0.51,14.135,0.047,0.033,0.394,0.097
17betahsd1,pafnucy/GlideSP,1.0,NEF,,4.72,15.226,4.72,40,1240,13,1.979,0.843,5.388,0.52,15.226,0.07,0.06,0.394,0.097
17betahsd1,pafnucy/GlideSP,5.0,NEF,,0.99,3.194,0.99,40,1240,62,1.98,0.497,0.99,0.5,4.95,-0.0,-0.0,0.394,0.097
a2a,pafnucy/GlideSP,0.5,NEF,,0.0,0.0,0.0,40,1240,7,0.0,0.0,0.0,0.497,0.0,-0.014,-0.01,0.661,0.028
a2a,pafnucy/GlideSP,1.0,NEF,,0.0,0.0,0.0,40,1240,13,0.0,0.0,0.0,0.495,0.0,-0.019,-0.016,0.661,0.028
a2a,pafnucy/GlideSP,5.0,NEF,,0.99,3.194,0.99,40,1240,62,1.98,0.497,0.99,0.5,4.95,-0.0,-0.0,0.661,0.028
ace,pafnucy/GlideSP,0.5,NEF,,8.821,28.455,8.821,40,1240,7,1.992,0.923,11.932,0.523,28.455,0.108,0.076,0.411,0.11
ace,pafnucy/GlideSP,1.0,NEF,,4.75,15.323,4.75,40,1240,13,1.992,0.844,5.429,0.52,15.323,0.07,0.06,0.411,0.11
ace,pafnucy/GlideSP,5.0,NEF,,0.996,3.213,0.996,40,1240,62,1.992,0.499,0.996,0.5,4.98,-0.0,-0.0,0.411,0.11
ace2,pafnucy/GlideSP,0.5,NEF,,0.0,0.0,0.0,40,1240,7,0.0,0.0,0.0,0.497,0.0,-0.014,-0.01,0.459,0.038
ace2,pafnucy/GlideSP,1.0,NEF,,2.38,7.677,2.38,40,1240,13,0.998,0.714,2.495,0.507,7.677,0.026,0.022,0.459,0.038
ace2,pafnucy/GlideSP,5.0,NEF,,0.5,1.613,0.5,40,1240,62,1.0,0.33,0.492,0.487,2.5,-0.021,-0.02,0.459,0.038
ache,pafnucy/GlideSP,0.5,NEF,,4.361,14.068,4.361,40,1240,7,0.985,0.831,4.911,0.51,14.068,0.046,0.033,0.529,0.074
ache,pafnucy/GlideSP,1.0,NEF,,2.35,7.581,2.35,40,1240,13,0.985,0.711,2.461,0.507,7.581,0.025,0.022,0.529,0.074
ache,pafnucy/GlideSP,5.0,NEF,,2.462,7.942,2.462,40,1240,62,4.924,0.721,2.588,0.538,12.31,0.061,0.06,0.529,0.074
adam17,pafnucy/GlideSP,0.5,NEF,,8.786,28.342,8.786,40,1240,7,1.984,0.922,11.865,0.523,28.342,0.107,0.076,0.598,0.133
adam17,pafnucy/GlideSP,1.0,NEF,,4.73,15.258,4.73,40,1240,13,1.984,0.844,5.402,0.52,15.258,0.07,0.06,0.598,0.133
adam17,pafnucy/GlideSP,5.0,NEF,,1.984,6.4,1.984,40,1240,62,3.968,0.672,2.051,0.525,9.92,0.041,0.04,0.598,0.133
adrb2,pafnucy/GlideSP,0.5,NEF,,0.0,0.0,0.0,40,1240,7,0.0,0.0,0.0,0.497,0.0,-0.014,-0.01,0.549,0.003
adrb2,pafnucy/GlideSP,1.0,NEF,,0.0,0.0,0.0,40,1240,13,0.0,0.0,0.0,0.495,0.0,-0.019,-0.016,0.549,0.003
adrb2,pafnucy/GlideSP,5.0,NEF,,0.496,1.6,0.496,40,1240,62,0.992,0.328,0.488,0.487,2.48,-0.021,-0.021,0.549,0.003
akt1,pafnucy/GlideSP,0.5,NEF,,5.051,16.294,5.051,40,1240,7,1.141,0.854,5.84,0.512,16.294,0.056,0.039,0.688,0.238
akt1,pafnucy/GlideSP,1.0,NEF,,7.58,24.452,7.58,40,1240,13,3.179,0.907,9.71,0.536,24.452,0.124,0.106,0.688,0.238
akt1,pafnucy/GlideSP,5.0,NEF,,4.546,14.665,4.546,40,1240,62,9.092,0.838,5.155,0.592,22.73,0.149,0.145,0.688,0.238
alr2,pafnucy/GlideSP,0.5,NEF,,0.0,0.0,0.0,40,1240,7,0.0,0.0,0.0,0.497,0.0,-0.014,-0.01,0.461,0.025
alr2,pafnucy/GlideSP,1.0,NEF,,0.0,0.0,0.0,40,1240,13,0.0,0.0,0.0,0.495,0.0,-0.019,-0.016,0.461,0.025
alr2,pafnucy/GlideSP,5.0,NEF,,1.977,6.377,1.977,40,1240,62,3.954,0.671,2.044,0.525,9.885,0.041,0.04,0.461,0.025
ar,pafnucy/GlideSP,0.5,NEF,,0.0,0.0,0.0,40,1240,7,0.0,0.0,0.0,0.497,0.0,-0.014,-0.01,0.667,0.017
ar,pafnucy/GlideSP,1.0,NEF,,0.0,0.0,0.0,40,1240,13,0.0,0.0,0.0,0.495,0.0,-0.019,-0.016,0.667,0.017
ar,pafnucy/GlideSP,5.0,NEF,,0.705,2.274,0.705,40,1240,62,1.41,0.411,0.698,0.492,3.525,-0.012,-0.012,0.667,0.017
aurka,pafnucy/GlideSP,0.5,NEF,,0.0,0.0,0.0,40,1240,7,0.0,0.0,0.0,0.497,0.0,-0.014,-0.01,0.767,0.087
aurka,pafnucy/GlideSP,1.0,NEF,,2.39,7.71,2.39,40,1240,13,1.002,0.715,2.506,0.508,7.71,0.026,0.022,0.767,0.087
aurka,pafnucy/GlideSP,5.0,NEF,,4.069,13.126,4.069,40,1240,62,8.138,0.819,4.533,0.579,20.345,0.129,0.125,0.767,0.087
aurkb,pafnucy/GlideSP,0.5,NEF,,8.679,27.997,8.679,40,1240,7,1.96,0.921,11.665,0.522,27.997,0.106,0.075,0.744,0.18
aurkb,pafnucy/GlideSP,1.0,NEF,,4.67,15.065,4.67,40,1240,13,1.958,0.842,5.321,0.52,15.065,0.069,0.059,0.744,0.18
aurkb,pafnucy/GlideSP,5.0,NEF,,3.984,12.852,3.984,40,1240,62,7.968,0.816,4.424,0.577,19.92,0.125,0.122,0.744,0.18
bcl2,pafnucy/GlideSP,0.5,NEF,,4.368,14.09,4.368,40,1240,7,0.986,0.831,4.92,0.51,14.09,0.046,0.033,0.749,0.155
bcl2,pafnucy/GlideSP,1.0,NEF,,4.7,15.161,4.7,40,1240,13,1.971,0.843,5.361,0.52,15.161,0.07,0.059,0.749,0.155
bcl2,pafnucy/GlideSP,5.0,NEF,,2.959,9.545,2.959,40,1240,62,5.918,0.76,3.166,0.551,14.795,0.082,0.08,0.749,0.155
braf,pafnucy/GlideSP,0.5,NEF,,4.429,14.287,4.429,40,1240,7,1.0,0.833,5.001,0.51,14.287,0.047,0.033,0.671,0.092
braf,pafnucy/GlideSP,1.0,NEF,,2.38,7.677,2.38,40,1240,13,0.998,0.714,2.495,0.507,7.677,0.026,0.022,0.671,0.092
braf,pafnucy/GlideSP,5.0,NEF,,1.525,4.919,1.525,40,1240,62,3.05,0.608,1.552,0.514,7.625,0.022,0.021,0.671,0.092
catl,pafnucy/GlideSP,0.5,NEF,,0.0,0.0,0.0,40,1240,7,0.0,0.0,0.0,0.497,0.0,-0.014,-0.01,0.565,0.043
catl,pafnucy/GlideSP,1.0,NEF,,0.0,0.0,0.0,40,1240,13,0.0,0.0,0.0,0.495,0.0,-0.019,-0.016,0.565,0.043
catl,pafnucy/GlideSP,5.0,NEF,,0.994,3.206,0.994,40,1240,62,1.988,0.498,0.994,0.5,4.97,-0.0,-0.0,0.565,0.043
cdk2,pafnucy/GlideSP,0.5,NEF,,0.0,0.0,0.0,40,1240,7,0.0,0.0,0.0,0.497,0.0,-0.014,-0.01,0.712,0.153
cdk2,pafnucy/GlideSP,1.0,NEF,,4.98,16.065,4.98,40,1240,13,2.088,0.852,5.742,0.522,16.065,0.075,0.064,0.712,0.153
cdk2,pafnucy/GlideSP,5.0,NEF,,3.987,12.861,3.987,40,1240,62,7.974,0.816,4.428,0.577,19.935,0.125,0.122,0.712,0.153
cox1,pafnucy/GlideSP,0.5,NEF,,0.0,0.0,0.0,40,1240,7,0.0,0.0,0.0,0.497,0.0,-0.014,-0.01,0.583,0.057
cox1,pafnucy/GlideSP,1.0,NEF,,2.39,7.71,2.39,40,1240,13,1.002,0.715,2.506,0.508,7.71,0.026,0.022,0.583,0.057
cox1,pafnucy/GlideSP,5.0,NEF,,1.538,4.961,1.538,40,1240,62,3.076,0.61,1.566,0.514,7.69,0.023,0.022,0.583,0.057
cox2,pafnucy/GlideSP,0.5,NEF,,0.0,0.0,0.0,40,1240,7,0.0,0.0,0.0,0.497,0.0,-0.014,-0.01,0.567,0.009
cox2,pafnucy/GlideSP,1.0,NEF,,0.0,0.0,0.0,40,1240,13,0.0,0.0,0.0,0.495,0.0,-0.019,-0.016,0.567,0.009
cox2,pafnucy/GlideSP,5.0,NEF,,0.537,1.732,0.537,40,1240,62,1.074,0.346,0.529,0.488,2.685,-0.019,-0.019,0.567,0.009
ctsk,pafnucy/GlideSP,0.5,NEF,,8.821,28.455,8.821,40,1240,7,1.992,0.923,11.932,0.523,28.455,0.108,0.076,0.54,0.19
ctsk,pafnucy/GlideSP,1.0,NEF,,7.13,23.0,7.13,40,1240,13,2.99,0.9,8.961,0.533,23.0,0.115,0.099,0.54,0.19
ctsk,pafnucy/GlideSP,5.0,NEF,,2.988,9.639,2.988,40,1240,62,5.976,0.762,3.2,0.551,14.94,0.083,0.081,0.54,0.19
cyp2a6,pafnucy/GlideSP,0.5,NEF,,0.0,0.0,0.0,40,1240,7,0.0,0.0,0.0,0.497,0.0,-0.014,-0.01,0.45,0.0
cyp2a6,pafnucy/GlideSP,1.0,NEF,,0.0,0.0,0.0,40,1240,13,0.0,0.0,0.0,0.495,0.0,-0.019,-0.016,0.45,0.0
cyp2a6,pafnucy/GlideSP,5.0,NEF,,0.0,0.0,0.0,40,1240,62,0.0,0.0,0.0,0.474,0.0,-0.042,-0.041,0.45,0.0
dhfr,pafnucy/GlideSP,0.5,NEF,,4.371,14.1,4.371,40,1240,7,0.987,0.831,4.924,0.51,14.1,0.046,0.033,0.649,0.094
dhfr,pafnucy/GlideSP,1.0,NEF,,4.71,15.194,4.71,40,1240,13,1.975,0.843,5.375,0.52,15.194,0.07,0.06,0.649,0.094
dhfr,pafnucy/GlideSP,5.0,NEF,,0.987,3.184,0.987,40,1240,62,1.974,0.497,0.987,0.5,4.935,-0.001,-0.001,0.649,0.094
egfr,pafnucy/GlideSP,0.5,NEF,,0.0,0.0,0.0,40,1240,7,0.0,0.0,0.0,0.497,0.0,-0.014,-0.01,0.744,0.098
egfr,pafnucy/GlideSP,1.0,NEF,,0.0,0.0,0.0,40,1240,13,0.0,0.0,0.0,0.495,0.0,-0.019,-0.016,0.744,0.098
egfr,pafnucy/GlideSP,5.0,NEF,,4.052,13.071,4.052,40,1240,62,8.104,0.819,4.511,0.579,20.26,0.128,0.125,0.744,0.098
ephb4,pafnucy/GlideSP,0.5,NEF,,4.336,13.987,4.336,40,1240,7,0.979,0.83,4.878,0.51,13.987,0.046,0.032,0.615,0.184
ephb4,pafnucy/GlideSP,1.0,NEF,,4.67,15.065,4.67,40,1240,13,1.958,0.842,5.321,0.52,15.065,0.069,0.059,0.615,0.184
ephb4,pafnucy/GlideSP,5.0,NEF,,4.478,14.445,4.478,40,1240,62,8.956,0.835,5.065,0.59,22.39,0.146,0.142,0.615,0.184
erbb2,pafnucy/GlideSP,0.5,NEF,,14.8,47.742,14.8,40,1240,7,3.342,0.965,27.407,0.54,47.742,0.19,0.134,0.907,0.417
erbb2,pafnucy/GlideSP,1.0,NEF,,14.8,47.742,14.8,40,1240,13,6.206,0.965,27.407,0.575,47.742,0.259,0.222,0.907,0.417
erbb2,pafnucy/GlideSP,5.0,NEF,,7.4,23.871,7.4,40,1240,62,14.8,0.904,9.407,0.665,37.0,0.268,0.261,0.907,0.417
er-beta,pafnucy/GlideSP,0.5,NEF,,5.717,18.442,5.717,40,1240,7,1.291,0.872,6.784,0.514,18.442,0.065,0.046,0.588,0.141
er-beta,pafnucy/GlideSP,1.0,NEF,,3.18,10.258,3.18,40,1240,13,1.334,0.774,3.429,0.512,10.258,0.041,0.035,0.588,0.141
er-beta,pafnucy/GlideSP,5.0,NEF,,2.042,6.587,2.042,40,1240,62,4.084,0.679,2.115,0.527,10.21,0.044,0.043,0.588,0.141
fgfr1,pafnucy/GlideSP,0.5,NEF,,9.825,31.694,9.825,40,1240,7,2.219,0.933,13.92,0.526,31.694,0.121,0.086,0.841,0.279
fgfr1,pafnucy/GlideSP,1.0,NEF,,7.37,23.774,7.37,40,1240,13,3.091,0.903,9.357,0.535,23.774,0.12,0.102,0.841,0.279
fgfr1,pafnucy/GlideSP,5.0,NEF,,4.496,14.503,4.496,40,1240,62,8.992,0.836,5.089,0.59,22.48,0.146,0.143,0.841,0.279
fkbp1a,pafnucy/GlideSP,0.5,NEF,,0.0,0.0,0.0,40,1240,7,0.0,0.0,0.0,0.497,0.0,-0.014,-0.01,0.496,0.0
fkbp1a,pafnucy/GlideSP,1.0,NEF,,0.0,0.0,0.0,40,1240,13,0.0,0.0,0.0,0.495,0.0,-0.019,-0.016,0.496,0.0
fkbp1a,pafnucy/GlideSP,5.0,NEF,,0.0,0.0,0.0,40,1240,62,0.0,0.0,0.0,0.474,0.0,-0.042,-0.041,0.496,0.0
fxa,pafnucy/GlideSP,0.5,NEF,,5.098,16.445,5.098,40,1240,7,1.151,0.855,5.905,0.512,16.445,0.056,0.04,0.694,0.089
fxa,pafnucy/GlideSP,1.0,NEF,,2.55,8.226,2.55,40,1240,13,1.069,0.729,2.689,0.508,8.226,0.029,0.025,0.694,0.089
fxa,pafnucy/GlideSP,5.0,NEF,,1.529,4.932,1.529,40,1240,62,3.058,0.609,1.556,0.514,7.645,0.022,0.022,0.694,0.089
gba,pafnucy/GlideSP,0.5,NEF,,0.0,0.0,0.0,40,1240,7,0.0,0.0,0.0,0.497,0.0,-0.014,-0.01,0.411,0.001
gba,pafnucy/GlideSP,1.0,NEF,,0.0,0.0,0.0,40,1240,13,0.0,0.0,0.0,0.495,0.0,-0.019,-0.016,0.411,0.001
gba,pafnucy/GlideSP,5.0,NEF,,0.0,0.0,0.0,40,1240,62,0.0,0.0,0.0,0.474,0.0,-0.042,-0.041,0.411,0.001
gr,pafnucy/GlideSP,0.5,NEF,,0.0,0.0,0.0,40,1240,7,0.0,0.0,0.0,0.497,0.0,-0.014,-0.01,0.518,0.007
gr,pafnucy/GlideSP,1.0,NEF,,0.0,0.0,0.0,40,1240,13,0.0,0.0,0.0,0.495,0.0,-0.019,-0.016,0.518,0.007
gr,pafnucy/GlideSP,5.0,NEF,,1.479,4.771,1.479,40,1240,62,2.958,0.6,1.503,0.512,7.395,0.02,0.02,0.518,0.007
gsk3b,pafnucy/GlideSP,0.5,NEF,,8.614,27.787,8.614,40,1240,7,1.945,0.92,11.544,0.522,27.787,0.105,0.074,0.703,0.223
gsk3b,pafnucy/GlideSP,1.0,NEF,,9.28,29.935,9.28,40,1240,13,3.892,0.928,12.818,0.545,29.935,0.156,0.133,0.703,0.223
gsk3b,pafnucy/GlideSP,5.0,NEF,,4.943,15.945,4.943,40,1240,62,9.886,0.851,5.691,0.602,24.715,0.165,0.161,0.703,0.223
hdac2,pafnucy/GlideSP,0.5,NEF,,8.671,27.971,8.671,40,1240,7,1.958,0.921,11.65,0.522,27.971,0.106,0.074,0.581,0.181
hdac2,pafnucy/GlideSP,1.0,NEF,,7.0,22.581,7.0,40,1240,13,2.935,0.897,8.75,0.533,22.581,0.113,0.096,0.581,0.181
hdac2,pafnucy/GlideSP,5.0,NEF,,2.488,8.026,2.488,40,1240,62,4.976,0.724,2.618,0.538,12.44,0.062,0.061,0.581,0.181
hdac8,pafnucy/GlideSP,0.5,NEF,,4.407,14.216,4.407,40,1240,7,0.995,0.833,4.972,0.51,14.216,0.047,0.033,0.38,0.049
hdac8,pafnucy/GlideSP,1.0,NEF,,2.37,7.645,2.37,40,1240,13,0.994,0.713,2.483,0.507,7.645,0.026,0.022,0.38,0.049
hdac8,pafnucy/GlideSP,5.0,NEF,,0.498,1.606,0.498,40,1240,62,0.996,0.329,0.49,0.487,2.49,-0.021,-0.02,0.38,0.049
hiv1pr,pafnucy/GlideSP,0.5,NEF,,9.39,30.29,9.39,40,1240,7,2.12,0.929,13.036,0.524,30.29,0.115,0.081,0.724,0.248
hiv1pr,pafnucy/GlideSP,1.0,NEF,,7.58,24.452,7.58,40,1240,13,3.179,0.907,9.71,0.536,24.452,0.124,0.106,0.724,0.248
hiv1pr,pafnucy/GlideSP,5.0,NEF,,6.465,20.855,6.465,40,1240,62,12.93,0.888,7.905,0.641,32.325,0.229,0.223,0.724,0.248
hiv1rt,pafnucy/GlideSP,0.5,NEF,,0.0,0.0,0.0,40,1240,7,0.0,0.0,0.0,0.497,0.0,-0.014,-0.01,0.575,0.035
hiv1rt,pafnucy/GlideSP,1.0,NEF,,0.0,0.0,0.0,40,1240,13,0.0,0.0,0.0,0.495,0.0,-0.019,-0.016,0.575,0.035
hiv1rt,pafnucy/GlideSP,5.0,NEF,,1.05,3.387,1.05,40,1240,62,2.1,0.513,1.052,0.501,5.25,0.002,0.002,0.575,0.035
hmgr,pafnucy/GlideSP,0.5,NEF,,4.418,14.252,4.418,40,1240,7,0.998,0.833,4.986,0.51,14.252,0.047,0.033,0.594,0.171
hmgr,pafnucy/GlideSP,1.0,NEF,,4.76,15.355,4.76,40,1240,13,1.996,0.845,5.442,0.52,15.355,0.071,0.06,0.594,0.171
hmgr,pafnucy/GlideSP,5.0,NEF,,2.993,9.655,2.993,40,1240,62,5.986,0.762,3.206,0.551,14.965,0.083,0.081,0.594,0.171
hsp90,pafnucy/GlideSP,0.5,NEF,,0.0,0.0,0.0,40,1240,7,0.0,0.0,0.0,0.497,0.0,-0.014,-0.01,0.617,0.058
hsp90,pafnucy/GlideSP,1.0,NEF,,2.33,7.516,2.33,40,1240,13,0.977,0.709,2.438,0.507,7.516,0.025,0.021,0.617,0.058
hsp90,pafnucy/GlideSP,5.0,NEF,,2.488,8.026,2.488,40,1240,62,4.976,0.724,2.618,0.538,12.44,0.062,0.061,0.617,0.058
igf1r,pafnucy/GlideSP,0.5,NEF,,4.966,16.019,4.966,40,1240,7,1.121,0.851,5.723,0.512,16.019,0.055,0.038,0.782,0.158
igf1r,pafnucy/GlideSP,1.0,NEF,,4.97,16.032,4.97,40,1240,13,2.084,0.851,5.728,0.522,16.032,0.075,0.064,0.782,0.158
igf1r,pafnucy/GlideSP,5.0,NEF,,4.545,14.661,4.545,40,1240,62,9.09,0.838,5.154,0.592,22.725,0.148,0.145,0.782,0.158
inha,pafnucy/GlideSP,0.5,NEF,,0.0,0.0,0.0,40,1240,7,0.0,0.0,0.0,0.497,0.0,-0.014,-0.01,0.359,0.0
inha,pafnucy/GlideSP,1.0,NEF,,0.0,0.0,0.0,40,1240,13,0.0,0.0,0.0,0.495,0.0,-0.019,-0.016,0.359,0.0
inha,pafnucy/GlideSP,5.0,NEF,,0.0,0.0,0.0,40,1240,62,0.0,0.0,0.0,0.474,0.0,-0.042,-0.041,0.359,0.0
itk,pafnucy/GlideSP,0.5,NEF,,0.0,0.0,0.0,40,1240,7,0.0,0.0,0.0,0.497,0.0,-0.014,-0.01,0.587,0.014
itk,pafnucy/GlideSP,1.0,NEF,,0.0,0.0,0.0,40,1240,13,0.0,0.0,0.0,0.495,0.0,-0.019,-0.016,0.587,0.014
itk,pafnucy/GlideSP,5.0,NEF,,0.998,3.219,0.998,40,1240,62,1.996,0.499,0.998,0.5,4.99,-0.0,-0.0,0.587,0.014
jak3,pafnucy/GlideSP,0.5,NEF,,4.988,16.09,4.988,40,1240,7,1.126,0.852,5.753,0.512,16.09,0.055,0.039,0.729,0.174
jak3,pafnucy/GlideSP,1.0,NEF,,2.49,8.032,2.49,40,1240,13,1.044,0.724,2.62,0.508,8.032,0.028,0.024,0.729,0.174
jak3,pafnucy/GlideSP,5.0,NEF,,3.99,12.871,3.99,40,1240,62,7.98,0.816,4.432,0.577,19.95,0.125,0.122,0.729,0.174
jnk1,pafnucy/GlideSP,0.5,NEF,,0.0,0.0,0.0,40,1240,7,0.0,0.0,0.0,0.497,0.0,-0.014,-0.01,0.771,0.069
jnk1,pafnucy/GlideSP,1.0,NEF,,0.0,0.0,0.0,40,1240,13,0.0,0.0,0.0,0.495,0.0,-0.019,-0.016,0.771,0.069
jnk1,pafnucy/GlideSP,5.0,NEF,,3.15,10.161,3.15,40,1240,62,6.3,0.772,3.393,0.556,15.75,0.09,0.088,0.771,0.069
jnk2,pafnucy/GlideSP,0.5,NEF,,0.0,0.0,0.0,40,1240,7,0.0,0.0,0.0,0.497,0.0,-0.014,-0.01,0.636,0.031
jnk2,pafnucy/GlideSP,1.0,NEF,,0.0,0.0,0.0,40,1240,13,0.0,0.0,0.0,0.495,0.0,-0.019,-0.016,0.636,0.031
jnk2,pafnucy/GlideSP,5.0,NEF,,1.527,4.926,1.527,40,1240,62,3.054,0.609,1.554,0.514,7.635,0.022,0.022,0.636,0.031
jnk3,pafnucy/GlideSP,0.5,NEF,,4.429,14.287,4.429,40,1240,7,1.0,0.833,5.001,0.51,14.287,0.047,0.033,0.684,0.081
jnk3,pafnucy/GlideSP,1.0,NEF,,2.38,7.677,2.38,40,1240,13,0.998,0.714,2.495,0.507,7.677,0.026,0.022,0.684,0.081
jnk3,pafnucy/GlideSP,5.0,NEF,,1.525,4.919,1.525,40,1240,62,3.05,0.608,1.552,0.514,7.625,0.022,0.021,0.684,0.081
kif11,pafnucy/GlideSP,0.5,NEF,,4.318,13.929,4.318,40,1240,7,0.975,0.829,4.855,0.51,13.929,0.046,0.032,0.68,0.129
kif11,pafnucy/GlideSP,1.0,NEF,,2.33,7.516,2.33,40,1240,13,0.977,0.709,2.438,0.507,7.516,0.025,0.021,0.68,0.129
kif11,pafnucy/GlideSP,5.0,NEF,,2.973,9.59,2.973,40,1240,62,5.946,0.761,3.182,0.551,14.865,0.083,0.081,0.68,0.129
lck,pafnucy/GlideSP,0.5,NEF,,4.3,13.871,4.3,40,1240,7,0.971,0.829,4.831,0.51,13.871,0.045,0.032,0.628,0.111
lck,pafnucy/GlideSP,1.0,NEF,,2.32,7.484,2.32,40,1240,13,0.973,0.708,2.427,0.507,7.484,0.025,0.021,0.628,0.111
lck,pafnucy/GlideSP,5.0,NEF,,1.974,6.368,1.974,40,1240,62,3.948,0.671,2.04,0.525,9.87,0.041,0.04,0.628,0.111
mdm2,pafnucy/GlideSP,0.5,NEF,,0.0,0.0,0.0,40,1240,7,0.0,0.0,0.0,0.497,0.0,-0.014,-0.01,0.396,0.0
mdm2,pafnucy/GlideSP,1.0,NEF,,0.0,0.0,0.0,40,1240,13,0.0,0.0,0.0,0.495,0.0,-0.019,-0.016,0.396,0.0
mdm2,pafnucy/GlideSP,5.0,NEF,,0.0,0.0,0.0,40,1240,62,0.0,0.0,0.0,0.474,0.0,-0.042,-0.041,0.396,0.0
mk2,pafnucy/GlideSP,0.5,NEF,,5.243,16.913,5.243,40,1240,7,1.184,0.859,6.107,0.512,16.913,0.058,0.041,0.733,0.132
mk2,pafnucy/GlideSP,1.0,NEF,,2.62,8.452,2.62,40,1240,13,1.099,0.735,2.77,0.509,8.452,0.03,0.026,0.733,0.132
mk2,pafnucy/GlideSP,5.0,NEF,,2.666,8.6,2.666,40,1240,62,5.332,0.738,2.823,0.543,13.33,0.07,0.068,0.733,0.132
mmp2,pafnucy/GlideSP,0.5,NEF,,0.0,0.0,0.0,40,1240,7,0.0,0.0,0.0,0.497,0.0,-0.014,-0.01,0.43,0.02
mmp2,pafnucy/GlideSP,1.0,NEF,,0.0,0.0,0.0,40,1240,13,0.0,0.0,0.0,0.495,0.0,-0.019,-0.016,0.43,0.02
mmp2,pafnucy/GlideSP,5.0,NEF,,0.495,1.597,0.495,40,1240,62,0.99,0.327,0.487,0.487,2.475,-0.021,-0.021,0.43,0.02
na,pafnucy/GlideSP,0.5,NEF,,0.0,0.0,0.0,40,1240,7,0.0,0.0,0.0,0.497,0.0,-0.014,-0.01,0.438,0.0
na,pafnucy/GlideSP,1.0,NEF,,0.0,0.0,0.0,40,1240,13,0.0,0.0,0.0,0.495,0.0,-0.019,-0.016,0.438,0.0
na,pafnucy/GlideSP,5.0,NEF,,0.0,0.0,0.0,40,1240,62,0.0,0.0,0.0,0.474,0.0,-0.042,-0.041,0.438,0.0
p38-alpha,pafnucy/GlideSP,0.5,NEF,,8.729,28.158,8.729,40,1240,7,1.971,0.922,11.758,0.523,28.158,0.106,0.075,0.682,0.201
p38-alpha,pafnucy/GlideSP,1.0,NEF,,4.7,15.161,4.7,40,1240,13,1.971,0.843,5.361,0.52,15.161,0.07,0.059,0.682,0.201
p38-alpha,pafnucy/GlideSP,5.0,NEF,,3.449,11.126,3.449,40,1240,62,6.898,0.79,3.756,0.563,17.245,0.103,0.1,0.682,0.201
parp-1,pafnucy/GlideSP,0.5,NEF,,0.0,0.0,0.0,40,1240,7,0.0,0.0,0.0,0.497,0.0,-0.014,-0.01,0.617,0.042
parp-1,pafnucy/GlideSP,1.0,NEF,,2.32,7.484,2.32,40,1240,13,0.973,0.708,2.427,0.507,7.484,0.025,0.021,0.617,0.042
parp-1,pafnucy/GlideSP,5.0,NEF,,1.483,4.784,1.483,40,1240,62,2.966,0.601,1.507,0.512,7.415,0.02,0.02,0.617,0.042
pde4b,pafnucy/GlideSP,0.5,NEF,,0.0,0.0,0.0,40,1240,7,0.0,0.0,0.0,0.497,0.0,-0.014,-0.01,0.592,0.123
pde4b,pafnucy/GlideSP,1.0,NEF,,2.37,7.645,2.37,40,1240,13,0.994,0.713,2.483,0.507,7.645,0.026,0.022,0.592,0.123
pde4b,pafnucy/GlideSP,5.0,NEF,,4.471,14.423,4.471,40,1240,62,8.942,0.835,5.056,0.59,22.355,0.145,0.142,0.592,0.123
pde5,pafnucy/GlideSP,0.5,NEF,,4.609,14.868,4.609,40,1240,7,1.041,0.84,5.239,0.511,14.868,0.05,0.035,0.647,0.072
pde5,pafnucy/GlideSP,1.0,NEF,,2.48,8.0,2.48,40,1240,13,1.04,0.723,2.609,0.508,8.0,0.028,0.024,0.647,0.072
pde5,pafnucy/GlideSP,5.0,NEF,,1.561,5.035,1.561,40,1240,62,3.122,0.614,1.591,0.514,7.805,0.023,0.023,0.647,0.072
pdk1,pafnucy/GlideSP,0.5,NEF,,0.0,0.0,0.0,40,1240,7,0.0,0.0,0.0,0.497,0.0,-0.014,-0.01,0.712,0.153
pdk1,pafnucy/GlideSP,1.0,NEF,,4.88,15.742,4.88,40,1240,13,2.046,0.849,5.605,0.521,15.742,0.073,0.062,0.712,0.153
pdk1,pafnucy/GlideSP,5.0,NEF,,4.162,13.426,4.162,40,1240,62,8.324,0.823,4.652,0.582,20.81,0.132,0.129,0.712,0.153
pi3kg,pafnucy/GlideSP,0.5,NEF,,4.432,14.297,4.432,40,1240,7,1.001,0.833,5.005,0.51,14.297,0.047,0.033,0.821,0.221
pi3kg,pafnucy/GlideSP,1.0,NEF,,7.16,23.097,7.16,40,1240,13,3.003,0.9,9.01,0.533,23.097,0.116,0.099,0.821,0.221
pi3kg,pafnucy/GlideSP,5.0,NEF,,6.103,19.687,6.103,40,1240,62,12.206,0.88,7.354,0.632,30.515,0.214,0.208,0.821,0.221
pim-1,pafnucy/GlideSP,0.5,NEF,,4.318,13.929,4.318,40,1240,7,0.975,0.829,4.855,0.51,13.929,0.046,0.032,0.651,0.113
pim-1,pafnucy/GlideSP,1.0,NEF,,2.33,7.516,2.33,40,1240,13,0.977,0.709,2.438,0.507,7.516,0.025,0.021,0.651,0.113
pim-1,pafnucy/GlideSP,5.0,NEF,,2.973,9.59,2.973,40,1240,62,5.946,0.761,3.182,0.551,14.865,0.083,0.081,0.651,0.113
pim-2,pafnucy/GlideSP,0.5,NEF,,4.425,14.274,4.425,40,1240,7,0.999,0.833,4.995,0.51,14.274,0.047,0.033,0.599,0.064
pim-2,pafnucy/GlideSP,1.0,NEF,,2.38,7.677,2.38,40,1240,13,0.998,0.714,2.495,0.507,7.677,0.026,0.022,0.599,0.064
pim-2,pafnucy/GlideSP,5.0,NEF,,1.016,3.277,1.016,40,1240,62,2.032,0.504,1.017,0.5,5.08,0.001,0.001,0.599,0.064
pnp,pafnucy/GlideSP,0.5,NEF,,0.0,0.0,0.0,40,1240,7,0.0,0.0,0.0,0.497,0.0,-0.014,-0.01,0.529,0.001
pnp,pafnucy/GlideSP,1.0,NEF,,0.0,0.0,0.0,40,1240,13,0.0,0.0,0.0,0.495,0.0,-0.019,-0.016,0.529,0.001
pnp,pafnucy/GlideSP,5.0,NEF,,0.0,0.0,0.0,40,1240,62,0.0,0.0,0.0,0.474,0.0,-0.042,-0.041,0.529,0.001
ppara,pafnucy/GlideSP,0.5,NEF,,0.0,0.0,0.0,40,1240,7,0.0,0.0,0.0,0.497,0.0,-0.014,-0.01,0.528,0.0
ppara,pafnucy/GlideSP,1.0,NEF,,0.0,0.0,0.0,40,1240,13,0.0,0.0,0.0,0.495,0.0,-0.019,-0.016,0.528,0.0
ppara,pafnucy/GlideSP,5.0,NEF,,0.0,0.0,0.0,40,1240,62,0.0,0.0,0.0,0.474,0.0,-0.042,-0.041,0.528,0.0
pparg,pafnucy/GlideSP,0.5,NEF,,0.0,0.0,0.0,40,1240,7,0.0,0.0,0.0,0.497,0.0,-0.014,-0.01,0.47,0.021
pparg,pafnucy/GlideSP,1.0,NEF,,0.0,0.0,0.0,40,1240,13,0.0,0.0,0.0,0.495,0.0,-0.019,-0.016,0.47,0.021
pparg,pafnucy/GlideSP,5.0,NEF,,0.5,1.613,0.5,40,1240,62,1.0,0.33,0.492,0.487,2.5,-0.021,-0.02,0.47,0.021
pr,pafnucy/GlideSP,0.5,NEF,,0.0,0.0,0.0,40,1240,7,0.0,0.0,0.0,0.497,0.0,-0.014,-0.01,0.546,0.005
pr,pafnucy/GlideSP,1.0,NEF,,0.0,0.0,0.0,40,1240,13,0.0,0.0,0.0,0.495,0.0,-0.019,-0.016,0.546,0.005
pr,pafnucy/GlideSP,5.0,NEF,,0.565,1.823,0.565,40,1240,62,1.13,0.358,0.557,0.489,2.825,-0.018,-0.018,0.546,0.005
prkcq,pafnucy/GlideSP,0.5,NEF,,5.263,16.977,5.263,40,1240,7,1.188,0.86,6.135,0.512,16.977,0.059,0.041,0.775,0.193
prkcq,pafnucy/GlideSP,1.0,NEF,,5.26,16.968,5.26,40,1240,13,2.206,0.86,6.131,0.523,16.968,0.08,0.068,0.775,0.193
prkcq,pafnucy/GlideSP,5.0,NEF,,4.211,13.584,4.211,40,1240,62,8.422,0.825,4.716,0.583,21.055,0.134,0.131,0.775,0.193
pygl-in,pafnucy/GlideSP,0.5,NEF,,0.0,0.0,0.0,40,1240,7,0.0,0.0,0.0,0.497,0.0,-0.014,-0.01,0.509,0.0
pygl-in,pafnucy/GlideSP,1.0,NEF,,0.0,0.0,0.0,40,1240,13,0.0,0.0,0.0,0.495,0.0,-0.019,-0.016,0.509,0.0
pygl-in,pafnucy/GlideSP,5.0,NEF,,0.0,0.0,0.0,40,1240,62,0.0,0.0,0.0,0.474,0.0,-0.042,-0.041,0.509,0.0
pygl-out,pafnucy/GlideSP,0.5,NEF,,4.414,14.239,4.414,40,1240,7,0.997,0.833,4.981,0.51,14.239,0.047,0.033,0.489,0.101
pygl-out,pafnucy/GlideSP,1.0,NEF,,2.38,7.677,2.38,40,1240,13,0.998,0.714,2.495,0.507,7.677,0.026,0.022,0.489,0.101
pygl-out,pafnucy/GlideSP,5.0,NEF,,1.495,4.823,1.495,40,1240,62,2.99,0.603,1.52,0.513,7.475,0.021,0.02,0.489,0.101
qpct,pafnucy/GlideSP,0.5,NEF,,0.0,0.0,0.0,40,1240,7,0.0,0.0,0.0,0.497,0.0,-0.014,-0.01,0.582,0.003
qpct,pafnucy/GlideSP,1.0,NEF,,0.0,0.0,0.0,40,1240,13,0.0,0.0,0.0,0.495,0.0,-0.019,-0.016,0.582,0.003
qpct,pafnucy/GlideSP,5.0,NEF,,0.499,1.61,0.499,40,1240,62,0.998,0.329,0.491,0.487,2.495,-0.021,-0.02,0.582,0.003
rock-1,pafnucy/GlideSP,0.5,NEF,,4.311,13.906,4.311,40,1240,7,0.973,0.829,4.846,0.51,13.906,0.046,0.032,0.742,0.101
rock-1,pafnucy/GlideSP,1.0,NEF,,2.32,7.484,2.32,40,1240,13,0.973,0.708,2.427,0.507,7.484,0.025,0.021,0.742,0.101
rock-1,pafnucy/GlideSP,5.0,NEF,,2.968,9.574,2.968,40,1240,62,5.936,0.761,3.176,0.551,14.84,0.082,0.08,0.742,0.101
rxr,pafnucy/GlideSP,0.5,NEF,,0.0,0.0,0.0,40,1240,7,0.0,0.0,0.0,0.497,0.0,-0.014,-0.01,0.709,0.091
rxr,pafnucy/GlideSP,1.0,NEF,,0.0,0.0,0.0,40,1240,13,0.0,0.0,0.0,0.495,0.0,-0.019,-0.016,0.709,0.091
rxr,pafnucy/GlideSP,5.0,NEF,,2.16,6.968,2.16,40,1240,62,4.32,0.692,2.247,0.53,10.8,0.049,0.047,0.709,0.091
sars-hcov,pafnucy/GlideSP,0.5,NEF,,0.0,0.0,0.0,39,1209,7,0.0,0.0,0.0,0.497,0.0,-0.014,-0.01,0.528,0.064
sars-hcov,pafnucy/GlideSP,1.0,NEF,,2.37,7.645,2.37,39,1209,13,0.994,0.713,2.483,0.508,7.645,0.026,0.022,0.528,0.064
sars-hcov,pafnucy/GlideSP,5.0,NEF,,2.021,6.519,2.021,39,1209,61,3.977,0.677,2.092,0.527,10.197,0.043,0.042,0.528,0.064
sirt2,pafnucy/GlideSP,0.5,NEF,,0.0,0.0,0.0,40,1240,7,0.0,0.0,0.0,0.497,0.0,-0.014,-0.01,0.419,0.036
sirt2,pafnucy/GlideSP,1.0,NEF,,2.35,7.581,2.35,40,1240,13,0.985,0.711,2.461,0.507,7.581,0.025,0.022,0.419,0.036
sirt2,pafnucy/GlideSP,5.0,NEF,,0.492,1.587,0.492,40,1240,62,0.984,0.326,0.484,0.487,2.46,-0.021,-0.021,0.419,0.036
src,pafnucy/GlideSP,0.5,NEF,,0.0,0.0,0.0,40,1240,7,0.0,0.0,0.0,0.497,0.0,-0.014,-0.01,0.667,0.117
src,pafnucy/GlideSP,1.0,NEF,,2.39,7.71,2.39,40,1240,13,1.002,0.715,2.506,0.508,7.71,0.026,0.022,0.667,0.117
src,pafnucy/GlideSP,5.0,NEF,,4.072,13.135,4.072,40,1240,62,8.144,0.819,4.537,0.579,20.36,0.129,0.125,0.667,0.117
thrombin,pafnucy/GlideSP,0.5,NEF,,0.0,0.0,0.0,40,1240,7,0.0,0.0,0.0,0.497,0.0,-0.014,-0.01,0.602,0.07
thrombin,pafnucy/GlideSP,1.0,NEF,,2.45,7.903,2.45,40,1240,13,1.027,0.72,2.574,0.508,7.903,0.027,0.023,0.602,0.07
thrombin,pafnucy/GlideSP,5.0,NEF,,2.612,8.426,2.612,40,1240,62,5.224,0.734,2.76,0.542,13.06,0.068,0.066,0.602,0.07
tie2,pafnucy/GlideSP,0.5,NEF,,0.0,0.0,0.0,40,1240,7,0.0,0.0,0.0,0.497,0.0,-0.014,-0.01,0.623,0.015
tie2,pafnucy/GlideSP,1.0,NEF,,0.0,0.0,0.0,40,1240,13,0.0,0.0,0.0,0.495,0.0,-0.019,-0.016,0.623,0.015
tie2,pafnucy/GlideSP,5.0,NEF,,0.999,3.223,0.999,40,1240,62,1.998,0.5,0.999,0.5,4.995,-0.0,-0.0,0.623,0.015
tk,pafnucy/GlideSP,0.5,NEF,,9.04,29.161,9.04,40,1240,7,2.041,0.925,12.35,0.523,29.161,0.111,0.078,0.701,0.259
tk,pafnucy/GlideSP,1.0,NEF,,7.3,23.548,7.3,40,1240,13,3.061,0.902,9.241,0.534,23.548,0.118,0.101,0.701,0.259
tk,pafnucy/GlideSP,5.0,NEF,,4.593,14.816,4.593,40,1240,62,9.186,0.839,5.218,0.593,22.965,0.15,0.147,0.701,0.259
tp,pafnucy/GlideSP,0.5,NEF,,5.473,17.655,5.473,40,1240,7,1.236,0.865,6.432,0.513,17.655,0.062,0.043,0.703,0.072
tp,pafnucy/GlideSP,1.0,NEF,,2.99,9.645,2.99,40,1240,13,1.254,0.762,3.202,0.511,9.645,0.037,0.032,0.703,0.072
tp,pafnucy/GlideSP,5.0,NEF,,1.288,4.155,1.288,40,1240,62,2.576,0.565,1.3,0.507,6.44,0.012,0.012,0.703,0.072
tpa,pafnucy/GlideSP,0.5,NEF,,0.0,0.0,0.0,40,1240,7,0.0,0.0,0.0,0.497,0.0,-0.014,-0.01,0.487,0.039
tpa,pafnucy/GlideSP,1.0,NEF,,2.55,8.226,2.55,40,1240,13,1.069,0.729,2.689,0.508,8.226,0.029,0.025,0.487,0.039
tpa,pafnucy/GlideSP,5.0,NEF,,0.518,1.671,0.518,40,1240,62,1.036,0.338,0.51,0.488,2.59,-0.02,-0.02,0.487,0.039
ts,pafnucy/GlideSP,0.5,NEF,,0.0,0.0,0.0,40,1239,7,0.0,0.0,0.0,0.497,0.0,-0.014,-0.01,0.509,0.007
ts,pafnucy/GlideSP,1.0,NEF,,0.0,0.0,0.0,40,1239,13,0.0,0.0,0.0,0.495,0.0,-0.019,-0.016,0.509,0.007
ts,pafnucy/GlideSP,5.0,NEF,,0.5,1.614,0.5,40,1239,62,1.001,0.33,0.492,0.487,2.502,-0.021,-0.02,0.509,0.007
upa,pafnucy/GlideSP,0.5,NEF,,0.0,0.0,0.0,40,1240,7,0.0,0.0,0.0,0.497,0.0,-0.014,-0.01,0.47,0.013
upa,pafnucy/GlideSP,1.0,NEF,,0.0,0.0,0.0,40,1240,13,0.0,0.0,0.0,0.495,0.0,-0.019,-0.016,0.47,0.013
upa,pafnucy/GlideSP,5.0,NEF,,0.997,3.216,0.997,40,1240,62,1.994,0.499,0.997,0.5,4.985,-0.0,-0.0,0.47,0.013
vegfr1,pafnucy/GlideSP,0.5,NEF,,4.991,16.1,4.991,40,1240,7,1.127,0.852,5.757,0.512,16.1,0.055,0.039,0.63,0.102
vegfr1,pafnucy/GlideSP,1.0,NEF,,2.5,8.065,2.5,40,1240,13,1.048,0.725,2.632,0.508,8.065,0.028,0.024,0.63,0.102
vegfr1,pafnucy/GlideSP,5.0,NEF,,2.102,6.781,2.102,40,1240,62,4.204,0.686,2.182,0.528,10.51,0.046,0.045,0.63,0.102
vegfr2,pafnucy/GlideSP,0.5,NEF,,0.0,0.0,0.0,40,1240,7,0.0,0.0,0.0,0.497,0.0,-0.014,-0.01,0.731,0.053
vegfr2,pafnucy/GlideSP,1.0,NEF,,0.0,0.0,0.0,40,1240,13,0.0,0.0,0.0,0.495,0.0,-0.019,-0.016,0.731,0.053
vegfr2,pafnucy/GlideSP,5.0,NEF,,2.564,8.271,2.564,40,1240,62,5.128,0.73,2.705,0.54,12.82,0.066,0.064,0.731,0.053
11betahsd1,PLECRF(ODDT)/GlideSP,0.5,NEF,,5.03,16.226,5.03,40,1240,7,1.136,0.853,5.811,0.512,16.226,0.055,0.039,0.625,0.067
11betahsd1,PLECRF(ODDT)/GlideSP,1.0,NEF,,2.51,8.097,2.51,40,1240,13,1.053,0.726,2.643,0.508,8.097,0.028,0.024,0.625,0.067
11betahsd1,PLECRF(ODDT)/GlideSP,5.0,NEF,,1.023,3.3,1.023,40,1240,62,2.046,0.506,1.024,0.501,5.115,0.001,0.001,0.625,0.067
17betahsd1,PLECRF(ODDT)/GlideSP,0.5,NEF,,0.0,0.0,0.0,40,1240,7,0.0,0.0,0.0,0.497,0.0,-0.014,-0.01,0.482,0.001
17betahsd1,PLECRF(ODDT)/GlideSP,1.0,NEF,,0.0,0.0,0.0,40,1240,13,0.0,0.0,0.0,0.495,0.0,-0.019,-0.016,0.482,0.001
17betahsd1,PLECRF(ODDT)/GlideSP,5.0,NEF,,0.0,0.0,0.0,40,1240,62,0.0,0.0,0.0,0.474,0.0,-0.042,-0.041,0.482,0.001
a2a,PLECRF(ODDT)/GlideSP,0.5,NEF,,17.543,56.59,17.543,40,1240,7,3.961,0.975,39.109,0.548,56.59,0.228,0.161,0.557,0.285
a2a,PLECRF(ODDT)/GlideSP,1.0,NEF,,9.45,30.484,9.45,40,1240,13,3.963,0.929,13.155,0.546,30.484,0.159,0.136,0.557,0.285
a2a,PLECRF(ODDT)/GlideSP,5.0,NEF,,3.466,11.181,3.466,40,1240,62,6.932,0.791,3.776,0.564,17.33,0.103,0.101,0.557,0.285
ace,PLECRF(ODDT)/GlideSP,0.5,NEF,,0.0,0.0,0.0,40,1240,7,0.0,0.0,0.0,0.497,0.0,-0.014,-0.01,0.513,0.003
ace,PLECRF(ODDT)/GlideSP,1.0,NEF,,0.0,0.0,0.0,40,1240,13,0.0,0.0,0.0,0.495,0.0,-0.019,-0.016,0.513,0.003
ace,PLECRF(ODDT)/GlideSP,5.0,NEF,,0.0,0.0,0.0,40,1240,62,0.0,0.0,0.0,0.474,0.0,-0.042,-0.041,0.513,0.003
ace2,PLECRF(ODDT)/GlideSP,0.5,NEF,,0.0,0.0,0.0,40,1240,7,0.0,0.0,0.0,0.497,0.0,-0.014,-0.01,0.514,0.04
ace2,PLECRF(ODDT)/GlideSP,1.0,NEF,,0.0,0.0,0.0,40,1240,13,0.0,0.0,0.0,0.495,0.0,-0.019,-0.016,0.514,0.04
ace2,PLECRF(ODDT)/GlideSP,5.0,NEF,,1.499,4.835,1.499,40,1240,62,2.998,0.604,1.524,0.513,7.495,0.021,0.02,0.514,0.04
ache,PLECRF(ODDT)/GlideSP,0.5,NEF,,4.361,14.068,4.361,40,1240,7,0.985,0.831,4.911,0.51,14.068,0.046,0.033,0.684,0.189
ache,PLECRF(ODDT)/GlideSP,1.0,NEF,,4.7,15.161,4.7,40,1240,13,1.971,0.843,5.361,0.52,15.161,0.07,0.059,0.684,0.189
ache,PLECRF(ODDT)/GlideSP,5.0,NEF,,4.431,14.294,4.431,40,1240,62,8.862,0.833,5.003,0.589,22.155,0.144,0.14,0.684,0.189
adam17,PLECRF(ODDT)/GlideSP,0.5,NEF,,0.0,0.0,0.0,40,1240,7,0.0,0.0,0.0,0.497,0.0,-0.014,-0.01,0.629,0.044
adam17,PLECRF(ODDT)/GlideSP,1.0,NEF,,0.0,0.0,0.0,40,1240,13,0.0,0.0,0.0,0.495,0.0,-0.019,-0.016,0.629,0.044
adam17,PLECRF(ODDT)/GlideSP,5.0,NEF,,2.48,8.0,2.48,40,1240,62,4.96,0.723,2.609,0.538,12.4,0.062,0.06,0.629,0.044
adrb2,PLECRF(ODDT)/GlideSP,0.5,NEF,,0.0,0.0,0.0,40,1240,7,0.0,0.0,0.0,0.497,0.0,-0.014,-0.01,0.598,0.045
adrb2,PLECRF(ODDT)/GlideSP,1.0,NEF,,0.0,0.0,0.0,40,1240,13,0.0,0.0,0.0,0.495,0.0,-0.019,-0.016,0.598,0.045
adrb2,PLECRF(ODDT)/GlideSP,5.0,NEF,,1.488,4.8,1.488,40,1240,62,2.976,0.602,1.513,0.513,7.44,0.02,0.02,0.598,0.045
akt1,PLECRF(ODDT)/GlideSP,0.5,NEF,,5.051,16.294,5.051,40,1240,7,1.141,0.854,5.84,0.512,16.294,0.056,0.039,0.543,0.092
akt1,PLECRF(ODDT)/GlideSP,1.0,NEF,,2.53,8.161,2.53,40,1240,13,1.061,0.727,2.666,0.508,8.161,0.029,0.025,0.543,0.092
akt1,PLECRF(ODDT)/GlideSP,5.0,NEF,,2.526,8.148,2.526,40,1240,62,5.052,0.727,2.661,0.539,12.63,0.064,0.062,0.543,0.092
alr2,PLECRF(ODDT)/GlideSP,0.5,NEF,,0.0,0.0,0.0,40,1240,7,0.0,0.0,0.0,0.497,0.0,-0.014,-0.01,0.322,0.0
alr2,PLECRF(ODDT)/GlideSP,1.0,NEF,,0.0,0.0,0.0,40,1240,13,0.0,0.0,0.0,0.495,0.0,-0.019,-0.016,0.322,0.0
alr2,PLECRF(ODDT)/GlideSP,5.0,NEF,,0.0,0.0,0.0,40,1240,62,0.0,0.0,0.0,0.474,0.0,-0.042,-0.041,0.322,0.0
ar,PLECRF(ODDT)/GlideSP,0.5,NEF,,0.0,0.0,0.0,40,1240,7,0.0,0.0,0.0,0.497,0.0,-0.014,-0.01,0.518,0.008
ar,PLECRF(ODDT)/GlideSP,1.0,NEF,,0.0,0.0,0.0,40,1240,13,0.0,0.0,0.0,0.495,0.0,-0.019,-0.016,0.518,0.008
ar,PLECRF(ODDT)/GlideSP,5.0,NEF,,0.705,2.274,0.705,40,1240,62,1.41,0.411,0.698,0.492,3.525,-0.012,-0.012,0.518,0.008
aurka,PLECRF(ODDT)/GlideSP,0.5,NEF,,4.432,14.297,4.432,40,1240,7,1.001,0.833,5.005,0.51,14.297,0.047,0.033,0.805,0.188
aurka,PLECRF(ODDT)/GlideSP,1.0,NEF,,2.39,7.71,2.39,40,1240,13,1.002,0.715,2.506,0.508,7.71,0.026,0.022,0.805,0.188
aurka,PLECRF(ODDT)/GlideSP,5.0,NEF,,6.103,19.687,6.103,40,1240,62,12.206,0.88,7.354,0.632,30.515,0.214,0.208,0.805,0.188
aurkb,PLECRF(ODDT)/GlideSP,0.5,NEF,,4.339,13.997,4.339,40,1240,7,0.98,0.83,4.882,0.51,13.997,0.046,0.032,0.611,0.162
aurkb,PLECRF(ODDT)/GlideSP,1.0,NEF,,4.67,15.065,4.67,40,1240,13,1.958,0.842,5.321,0.52,15.065,0.069,0.059,0.611,0.162
aurkb,PLECRF(ODDT)/GlideSP,5.0,NEF,,2.49,8.032,2.49,40,1240,62,4.98,0.724,2.62,0.538,12.45,0.062,0.061,0.611,0.162
bcl2,PLECRF(ODDT)/GlideSP,0.5,NEF,,0.0,0.0,0.0,40,1240,7,0.0,0.0,0.0,0.497,0.0,-0.014,-0.01,0.614,0.009
bcl2,PLECRF(ODDT)/GlideSP,1.0,NEF,,0.0,0.0,0.0,40,1240,13,0.0,0.0,0.0,0.495,0.0,-0.019,-0.016,0.614,0.009
bcl2,PLECRF(ODDT)/GlideSP,5.0,NEF,,0.986,3.181,0.986,40,1240,62,1.972,0.496,0.986,0.5,4.93,-0.001,-0.001,0.614,0.009
braf,PLECRF(ODDT)/GlideSP,0.5,NEF,,17.714,57.142,17.714,40,1240,7,4.0,0.976,39.998,0.549,57.142,0.23,0.162,0.677,0.287
braf,PLECRF(ODDT)/GlideSP,1.0,NEF,,11.92,38.452,11.92,40,1240,13,4.999,0.949,18.742,0.559,38.452,0.205,0.176,0.677,0.287
braf,PLECRF(ODDT)/GlideSP,5.0,NEF,,5.082,16.394,5.082,40,1240,62,10.164,0.855,5.882,0.605,25.41,0.171,0.167,0.677,0.287
catl,PLECRF(ODDT)/GlideSP,0.5,NEF,,4.404,14.206,4.404,40,1240,7,0.994,0.832,4.968,0.51,14.206,0.047,0.033,0.787,0.155
catl,PLECRF(ODDT)/GlideSP,1.0,NEF,,2.37,7.645,2.37,40,1240,13,0.994,0.713,2.483,0.507,7.645,0.026,0.022,0.787,0.155
catl,PLECRF(ODDT)/GlideSP,5.0,NEF,,3.48,11.226,3.48,40,1240,62,6.96,0.791,3.794,0.564,17.4,0.104,0.101,0.787,0.155
cdk2,PLECRF(ODDT)/GlideSP,0.5,NEF,,4.983,16.074,4.983,40,1240,7,1.125,0.852,5.746,0.512,16.074,0.055,0.039,0.632,0.234
cdk2,PLECRF(ODDT)/GlideSP,1.0,NEF,,4.98,16.065,4.98,40,1240,13,2.088,0.852,5.742,0.522,16.065,0.075,0.064,0.632,0.234
cdk2,PLECRF(ODDT)/GlideSP,5.0,NEF,,4.485,14.468,4.485,40,1240,62,8.97,0.835,5.074,0.59,22.425,0.146,0.142,0.632,0.234
cox1,PLECRF(ODDT)/GlideSP,0.5,NEF,,0.0,0.0,0.0,40,1240,7,0.0,0.0,0.0,0.497,0.0,-0.014,-0.01,0.589,0.032
cox1,PLECRF(ODDT)/GlideSP,1.0,NEF,,0.0,0.0,0.0,40,1240,13,0.0,0.0,0.0,0.495,0.0,-0.019,-0.016,0.589,0.032
cox1,PLECRF(ODDT)/GlideSP,5.0,NEF,,1.538,4.961,1.538,40,1240,62,3.076,0.61,1.566,0.514,7.69,0.023,0.022,0.589,0.032
cox2,PLECRF(ODDT)/GlideSP,0.5,NEF,,0.0,0.0,0.0,40,1240,7,0.0,0.0,0.0,0.497,0.0,-0.014,-0.01,0.626,0.031
cox2,PLECRF(ODDT)/GlideSP,1.0,NEF,,0.0,0.0,0.0,40,1240,13,0.0,0.0,0.0,0.495,0.0,-0.019,-0.016,0.626,0.031
cox2,PLECRF(ODDT)/GlideSP,5.0,NEF,,1.612,5.2,1.612,40,1240,62,3.224,0.622,1.646,0.516,8.06,0.026,0.025,0.626,0.031
ctsk,PLECRF(ODDT)/GlideSP,0.5,NEF,,26.464,85.368,26.464,40,1240,7,5.976,0.994,175.026,0.574,85.368,0.35,0.247,0.795,0.561
ctsk,PLECRF(ODDT)/GlideSP,1.0,NEF,,23.75,76.613,23.75,40,1240,13,9.96,0.99,98.276,0.623,76.613,0.428,0.366,0.795,0.561
ctsk,PLECRF(ODDT)/GlideSP,5.0,NEF,,6.972,22.49,6.972,40,1240,62,13.944,0.897,8.705,0.654,34.86,0.25,0.244,0.795,0.561
cyp2a6,PLECRF(ODDT)/GlideSP,0.5,NEF,,0.0,0.0,0.0,40,1240,7,0.0,0.0,0.0,0.497,0.0,-0.014,-0.01,0.42,0.001
cyp2a6,PLECRF(ODDT)/GlideSP,1.0,NEF,,0.0,0.0,0.0,40,1240,13,0.0,0.0,0.0,0.495,0.0,-0.019,-0.016,0.42,0.001
cyp2a6,PLECRF(ODDT)/GlideSP,5.0,NEF,,0.0,0.0,0.0,40,1240,62,0.0,0.0,0.0,0.474,0.0,-0.042,-0.041,0.42,0.001
dhfr,PLECRF(ODDT)/GlideSP,0.5,NEF,,0.0,0.0,0.0,40,1240,7,0.0,0.0,0.0,0.497,0.0,-0.014,-0.01,0.406,0.038
dhfr,PLECRF(ODDT)/GlideSP,1.0,NEF,,2.35,7.581,2.35,40,1240,13,0.985,0.711,2.461,0.507,7.581,0.025,0.022,0.406,0.038
dhfr,PLECRF(ODDT)/GlideSP,5.0,NEF,,0.494,1.594,0.494,40,1240,62,0.988,0.327,0.486,0.487,2.47,-0.021,-0.021,0.406,0.038
egfr,PLECRF(ODDT)/GlideSP,0.5,NEF,,4.414,14.239,4.414,40,1240,7,0.997,0.833,4.981,0.51,14.239,0.047,0.033,0.637,0.261
egfr,PLECRF(ODDT)/GlideSP,1.0,NEF,,9.51,30.677,9.51,40,1240,13,3.988,0.93,13.276,0.546,30.677,0.16,0.137,0.637,0.261
egfr,PLECRF(ODDT)/GlideSP,5.0,NEF,,4.559,14.706,4.559,40,1240,62,9.118,0.838,5.173,0.592,22.795,0.149,0.145,0.637,0.261
ephb4,PLECRF(ODDT)/GlideSP,0.5,NEF,,17.343,55.945,17.343,40,1240,7,3.916,0.974,38.097,0.548,55.945,0.225,0.159,0.694,0.313
ephb4,PLECRF(ODDT)/GlideSP,1.0,NEF,,9.34,30.129,9.34,40,1240,13,3.917,0.928,12.936,0.545,30.129,0.157,0.134,0.694,0.313
ephb4,PLECRF(ODDT)/GlideSP,5.0,NEF,,5.473,17.655,5.473,40,1240,62,10.946,0.865,6.432,0.616,27.365,0.187,0.183,0.694,0.313
erbb2,PLECRF(ODDT)/GlideSP,0.5,NEF,,19.733,63.655,19.733,40,1240,7,4.456,0.981,52.542,0.555,63.655,0.258,0.182,0.833,0.465
erbb2,PLECRF(ODDT)/GlideSP,1.0,NEF,,17.27,55.71,17.27,40,1240,13,7.242,0.974,37.735,0.588,55.71,0.306,0.262,0.833,0.465
erbb2,PLECRF(ODDT)/GlideSP,5.0,NEF,,5.92,19.097,5.92,40,1240,62,11.84,0.876,7.081,0.627,29.6,0.206,0.201,0.833,0.465
er-beta,PLECRF(ODDT)/GlideSP,0.5,NEF,,17.152,55.329,17.152,40,1240,7,3.873,0.974,37.158,0.547,55.329,0.222,0.157,0.698,0.478
er-beta,PLECRF(ODDT)/GlideSP,1.0,NEF,,15.88,51.226,15.88,40,1240,13,6.659,0.969,31.508,0.581,51.226,0.28,0.239,0.698,0.478
er-beta,PLECRF(ODDT)/GlideSP,5.0,NEF,,6.126,19.761,6.126,40,1240,62,12.252,0.881,7.388,0.632,30.63,0.215,0.209,0.698,0.478
fgfr1,PLECRF(ODDT)/GlideSP,0.5,NEF,,14.738,47.542,14.738,40,1240,7,3.328,0.965,27.189,0.54,47.542,0.189,0.133,0.7,0.236
fgfr1,PLECRF(ODDT)/GlideSP,1.0,NEF,,7.37,23.774,7.37,40,1240,13,3.091,0.903,9.357,0.535,23.774,0.12,0.102,0.7,0.236
fgfr1,PLECRF(ODDT)/GlideSP,5.0,NEF,,4.496,14.503,4.496,40,1240,62,8.992,0.836,5.089,0.59,22.48,0.146,0.143,0.7,0.236
fkbp1a,PLECRF(ODDT)/GlideSP,0.5,NEF,,9.256,29.858,9.256,40,1240,7,2.09,0.927,12.77,0.524,29.858,0.114,0.08,0.775,0.182
fkbp1a,PLECRF(ODDT)/GlideSP,1.0,NEF,,7.48,24.129,7.48,40,1240,13,3.137,0.905,9.541,0.535,24.129,0.122,0.104,0.775,0.182
fkbp1a,PLECRF(ODDT)/GlideSP,5.0,NEF,,2.612,8.426,2.612,40,1240,62,5.224,0.734,2.76,0.542,13.06,0.068,0.066,0.775,0.182
fxa,PLECRF(ODDT)/GlideSP,0.5,NEF,,15.295,49.339,15.295,40,1240,7,3.454,0.967,29.217,0.542,49.339,0.197,0.139,0.722,0.317
fxa,PLECRF(ODDT)/GlideSP,1.0,NEF,,12.75,41.129,12.75,40,1240,13,5.347,0.954,20.959,0.564,41.129,0.221,0.189,0.722,0.317
fxa,PLECRF(ODDT)/GlideSP,5.0,NEF,,3.569,11.513,3.569,40,1240,62,7.138,0.796,3.903,0.566,17.845,0.108,0.105,0.722,0.317
gba,PLECRF(ODDT)/GlideSP,0.5,NEF,,4.411,14.229,4.411,40,1240,7,0.996,0.833,4.977,0.51,14.229,0.047,0.033,0.603,0.062
gba,PLECRF(ODDT)/GlideSP,1.0,NEF,,2.38,7.677,2.38,40,1240,13,0.998,0.714,2.495,0.507,7.677,0.026,0.022,0.603,0.062
gba,PLECRF(ODDT)/GlideSP,5.0,NEF,,0.996,3.213,0.996,40,1240,62,1.992,0.499,0.996,0.5,4.98,-0.0,-0.0,0.603,0.062
gr,PLECRF(ODDT)/GlideSP,0.5,NEF,,8.736,28.181,8.736,40,1240,7,1.973,0.922,11.771,0.523,28.181,0.106,0.075,0.648,0.212
gr,PLECRF(ODDT)/GlideSP,1.0,NEF,,4.7,15.161,4.7,40,1240,13,1.971,0.843,5.361,0.52,15.161,0.07,0.059,0.648,0.212
gr,PLECRF(ODDT)/GlideSP,5.0,NEF,,4.438,14.316,4.438,40,1240,62,8.876,0.834,5.012,0.589,22.19,0.144,0.14,0.648,0.212
gsk3b,PLECRF(ODDT)/GlideSP,0.5,NEF,,8.614,27.787,8.614,40,1240,7,1.945,0.92,11.544,0.522,27.787,0.105,0.074,0.606,0.222
gsk3b,PLECRF(ODDT)/GlideSP,1.0,NEF,,4.64,14.968,4.64,40,1240,13,1.946,0.841,5.281,0.52,14.968,0.068,0.059,0.606,0.222
gsk3b,PLECRF(ODDT)/GlideSP,5.0,NEF,,3.46,11.161,3.46,40,1240,62,6.92,0.79,3.769,0.564,17.3,0.103,0.1,0.606,0.222
hdac2,PLECRF(ODDT)/GlideSP,0.5,NEF,,4.336,13.987,4.336,40,1240,7,0.979,0.83,4.878,0.51,13.987,0.046,0.032,0.647,0.098
hdac2,PLECRF(ODDT)/GlideSP,1.0,NEF,,2.33,7.516,2.33,40,1240,13,0.977,0.709,2.438,0.507,7.516,0.025,0.021,0.647,0.098
hdac2,PLECRF(ODDT)/GlideSP,5.0,NEF,,2.488,8.026,2.488,40,1240,62,4.976,0.724,2.618,0.538,12.44,0.062,0.061,0.647,0.098
hdac8,PLECRF(ODDT)/GlideSP,0.5,NEF,,0.0,0.0,0.0,40,1240,7,0.0,0.0,0.0,0.497,0.0,-0.014,-0.01,0.346,0.001
hdac8,PLECRF(ODDT)/GlideSP,1.0,NEF,,0.0,0.0,0.0,40,1240,13,0.0,0.0,0.0,0.495,0.0,-0.019,-0.016,0.346,0.001
hdac8,PLECRF(ODDT)/GlideSP,5.0,NEF,,0.0,0.0,0.0,40,1240,62,0.0,0.0,0.0,0.474,0.0,-0.042,-0.041,0.346,0.001
hiv1pr,PLECRF(ODDT)/GlideSP,0.5,NEF,,28.17,90.871,28.17,40,1240,7,6.361,0.997,298.622,0.579,90.871,0.374,0.264,0.811,0.635
hiv1pr,PLECRF(ODDT)/GlideSP,1.0,NEF,,25.28,81.548,25.28,40,1240,13,10.601,0.993,132.587,0.632,81.548,0.456,0.39,0.811,0.635
hiv1pr,PLECRF(ODDT)/GlideSP,5.0,NEF,,9.159,29.545,9.159,40,1240,62,18.318,0.926,12.58,0.711,45.795,0.342,0.333,0.811,0.635
hiv1rt,PLECRF(ODDT)/GlideSP,0.5,NEF,,0.0,0.0,0.0,40,1240,7,0.0,0.0,0.0,0.497,0.0,-0.014,-0.01,0.562,0.047
hiv1rt,PLECRF(ODDT)/GlideSP,1.0,NEF,,2.46,7.935,2.46,40,1240,13,1.032,0.721,2.586,0.508,7.935,0.027,0.023,0.562,0.047
hiv1rt,PLECRF(ODDT)/GlideSP,5.0,NEF,,1.05,3.387,1.05,40,1240,62,2.1,0.513,1.052,0.501,5.25,0.002,0.002,0.562,0.047
hmgr,PLECRF(ODDT)/GlideSP,0.5,NEF,,26.507,85.506,26.507,40,1240,7,5.985,0.994,176.989,0.574,85.506,0.351,0.247,0.544,0.503
hmgr,PLECRF(ODDT)/GlideSP,1.0,NEF,,19.03,61.387,19.03,40,1240,13,7.98,0.979,47.694,0.598,61.387,0.339,0.29,0.544,0.503
hmgr,PLECRF(ODDT)/GlideSP,5.0,NEF,,4.988,16.09,4.988,40,1240,62,9.976,0.852,5.753,0.603,24.94,0.167,0.163,0.544,0.503
hsp90,PLECRF(ODDT)/GlideSP,0.5,NEF,,8.671,27.971,8.671,40,1240,7,1.958,0.921,11.65,0.522,27.971,0.106,0.074,0.636,0.304
hsp90,PLECRF(ODDT)/GlideSP,1.0,NEF,,9.34,30.129,9.34,40,1240,13,3.917,0.928,12.936,0.545,30.129,0.157,0.134,0.636,0.304
hsp90,PLECRF(ODDT)/GlideSP,5.0,NEF,,5.97,19.258,5.97,40,1240,62,11.94,0.877,7.155,0.628,29.85,0.208,0.203,0.636,0.304
igf1r,PLECRF(ODDT)/GlideSP,0.5,NEF,,0.0,0.0,0.0,40,1240,7,0.0,0.0,0.0,0.497,0.0,-0.014,-0.01,0.678,0.175
igf1r,PLECRF(ODDT)/GlideSP,1.0,NEF,,4.97,16.032,4.97,40,1240,13,2.084,0.851,5.728,0.522,16.032,0.075,0.064,0.678,0.175
igf1r,PLECRF(ODDT)/GlideSP,5.0,NEF,,3.535,11.403,3.535,40,1240,62,7.07,0.794,3.861,0.565,17.675,0.106,0.103,0.678,0.175
inha,PLECRF(ODDT)/GlideSP,0.5,NEF,,0.0,0.0,0.0,40,1240,7,0.0,0.0,0.0,0.497,0.0,-0.014,-0.01,0.578,0.041
inha,PLECRF(ODDT)/GlideSP,1.0,NEF,,0.0,0.0,0.0,40,1240,13,0.0,0.0,0.0,0.495,0.0,-0.019,-0.016,0.578,0.041
inha,PLECRF(ODDT)/GlideSP,5.0,NEF,,1.976,6.374,1.976,40,1240,62,3.952,0.671,2.042,0.525,9.88,0.041,0.04,0.578,0.041
itk,PLECRF(ODDT)/GlideSP,0.5,NEF,,4.35,14.032,4.35,40,1240,7,0.982,0.83,4.897,0.51,14.032,0.046,0.033,0.671,0.06
itk,PLECRF(ODDT)/GlideSP,1.0,NEF,,2.34,7.548,2.34,40,1240,13,0.981,0.71,2.449,0.507,7.548,0.025,0.022,0.671,0.06
itk,PLECRF(ODDT)/GlideSP,5.0,NEF,,0.998,3.219,0.998,40,1240,62,1.996,0.499,0.998,0.5,4.99,-0.0,-0.0,0.671,0.06
jak3,PLECRF(ODDT)/GlideSP,0.5,NEF,,4.988,16.09,4.988,40,1240,7,1.126,0.852,5.753,0.512,16.09,0.055,0.039,0.756,0.214
jak3,PLECRF(ODDT)/GlideSP,1.0,NEF,,7.48,24.129,7.48,40,1240,13,3.137,0.905,9.541,0.535,24.129,0.122,0.104,0.756,0.214
jak3,PLECRF(ODDT)/GlideSP,5.0,NEF,,4.988,16.09,4.988,40,1240,62,9.976,0.852,5.753,0.603,24.94,0.167,0.163,0.756,0.214
jnk1,PLECRF(ODDT)/GlideSP,0.5,NEF,,0.0,0.0,0.0,40,1240,7,0.0,0.0,0.0,0.497,0.0,-0.014,-0.01,0.686,0.056
jnk1,PLECRF(ODDT)/GlideSP,1.0,NEF,,2.63,8.484,2.63,40,1240,13,1.103,0.736,2.781,0.509,8.484,0.031,0.026,0.686,0.056
jnk1,PLECRF(ODDT)/GlideSP,5.0,NEF,,2.1,6.774,2.1,40,1240,62,4.2,0.686,2.18,0.528,10.5,0.046,0.045,0.686,0.056
jnk2,PLECRF(ODDT)/GlideSP,0.5,NEF,,5.004,16.142,5.004,40,1240,7,1.13,0.852,5.775,0.512,16.142,0.055,0.039,0.642,0.196
jnk2,PLECRF(ODDT)/GlideSP,1.0,NEF,,10.01,32.29,10.01,40,1240,13,4.198,0.935,14.307,0.549,32.29,0.169,0.145,0.642,0.196
jnk2,PLECRF(ODDT)/GlideSP,5.0,NEF,,3.053,9.848,3.053,40,1240,62,6.106,0.766,3.277,0.553,15.265,0.086,0.084,0.642,0.196
jnk3,PLECRF(ODDT)/GlideSP,0.5,NEF,,8.857,28.571,8.857,40,1240,7,2.0,0.923,12.0,0.523,28.571,0.108,0.076,0.709,0.275
jnk3,PLECRF(ODDT)/GlideSP,1.0,NEF,,9.54,30.774,9.54,40,1240,13,4.001,0.93,13.336,0.546,30.774,0.16,0.137,0.709,0.275
jnk3,PLECRF(ODDT)/GlideSP,5.0,NEF,,5.082,16.394,5.082,40,1240,62,10.164,0.855,5.882,0.605,25.41,0.171,0.167,0.709,0.275
kif11,PLECRF(ODDT)/GlideSP,0.5,NEF,,30.225,97.5,30.225,40,1240,7,6.825,0.999,1170.0,0.585,97.5,0.402,0.284,0.669,0.595
kif11,PLECRF(ODDT)/GlideSP,1.0,NEF,,23.25,75.0,23.25,40,1240,13,9.75,0.989,90.0,0.621,75.0,0.418,0.358,0.669,0.595
kif11,PLECRF(ODDT)/GlideSP,5.0,NEF,,5.946,19.181,5.946,40,1240,62,11.892,0.877,7.12,0.628,29.73,0.207,0.202,0.669,0.595
lck,PLECRF(ODDT)/GlideSP,0.5,NEF,,17.2,55.484,17.2,40,1240,7,3.884,0.974,37.391,0.547,55.484,0.223,0.157,0.823,0.583
lck,PLECRF(ODDT)/GlideSP,1.0,NEF,,20.84,67.226,20.84,40,1240,13,8.739,0.984,61.535,0.607,67.226,0.373,0.319,0.823,0.583
lck,PLECRF(ODDT)/GlideSP,5.0,NEF,,9.869,31.835,9.869,40,1240,62,19.738,0.933,14.011,0.729,49.345,0.371,0.362,0.823,0.583
mdm2,PLECRF(ODDT)/GlideSP,0.5,NEF,,0.0,0.0,0.0,40,1240,7,0.0,0.0,0.0,0.497,0.0,-0.014,-0.01,0.374,0.109
mdm2,PLECRF(ODDT)/GlideSP,1.0,NEF,,4.99,16.097,4.99,40,1240,13,2.093,0.852,5.755,0.522,16.097,0.075,0.064,0.374,0.109
mdm2,PLECRF(ODDT)/GlideSP,5.0,NEF,,2.496,8.052,2.496,40,1240,62,4.992,0.724,2.627,0.539,12.48,0.063,0.061,0.374,0.109
mk2,PLECRF(ODDT)/GlideSP,0.5,NEF,,0.0,0.0,0.0,40,1240,7,0.0,0.0,0.0,0.497,0.0,-0.014,-0.01,0.724,0.074
mk2,PLECRF(ODDT)/GlideSP,1.0,NEF,,2.62,8.452,2.62,40,1240,13,1.099,0.735,2.77,0.509,8.452,0.03,0.026,0.724,0.074
mk2,PLECRF(ODDT)/GlideSP,5.0,NEF,,3.732,12.039,3.732,40,1240,62,7.464,0.804,4.106,0.571,18.66,0.114,0.112,0.724,0.074
mmp2,PLECRF(ODDT)/GlideSP,0.5,NEF,,4.386,14.148,4.386,40,1240,7,0.99,0.832,4.944,0.51,14.148,0.047,0.033,0.582,0.103
mmp2,PLECRF(ODDT)/GlideSP,1.0,NEF,,4.72,15.226,4.72,40,1240,13,1.979,0.843,5.388,0.52,15.226,0.07,0.06,0.582,0.103
mmp2,PLECRF(ODDT)/GlideSP,5.0,NEF,,1.981,6.39,1.981,40,1240,62,3.962,0.672,2.048,0.525,9.905,0.041,0.04,0.582,0.103
na,PLECRF(ODDT)/GlideSP,0.5,NEF,,30.975,99.919,30.975,40,1240,7,6.994,1.0,37170.0,0.587,99.919,0.412,0.291,0.81,0.704
na,PLECRF(ODDT)/GlideSP,1.0,NEF,,23.83,76.871,23.83,40,1240,13,9.993,0.99,99.707,0.624,76.871,0.429,0.367,0.81,0.704
na,PLECRF(ODDT)/GlideSP,5.0,NEF,,10.492,33.845,10.492,40,1240,62,20.984,0.939,15.348,0.745,52.46,0.398,0.387,0.81,0.704
p38-alpha,PLECRF(ODDT)/GlideSP,0.5,NEF,,17.457,56.313,17.457,40,1240,7,3.942,0.975,38.67,0.548,56.313,0.226,0.16,0.609,0.288
p38-alpha,PLECRF(ODDT)/GlideSP,1.0,NEF,,9.4,30.323,9.4,40,1240,13,3.942,0.929,13.056,0.546,30.323,0.158,0.135,0.609,0.288
p38-alpha,PLECRF(ODDT)/GlideSP,5.0,NEF,,2.956,9.535,2.956,40,1240,62,5.912,0.76,3.162,0.551,14.78,0.082,0.08,0.609,0.288
parp-1,PLECRF(ODDT)/GlideSP,0.5,NEF,,4.307,13.894,4.307,40,1240,7,0.973,0.829,4.841,0.51,13.894,0.045,0.032,0.624,0.108
parp-1,PLECRF(ODDT)/GlideSP,1.0,NEF,,4.64,14.968,4.64,40,1240,13,1.946,0.841,5.281,0.52,14.968,0.068,0.059,0.624,0.108
parp-1,PLECRF(ODDT)/GlideSP,5.0,NEF,,1.977,6.377,1.977,40,1240,62,3.954,0.671,2.044,0.525,9.885,0.041,0.04,0.624,0.108
pde4b,PLECRF(ODDT)/GlideSP,0.5,NEF,,0.0,0.0,0.0,40,1240,7,0.0,0.0,0.0,0.497,0.0,-0.014,-0.01,0.696,0.109
pde4b,PLECRF(ODDT)/GlideSP,1.0,NEF,,4.74,15.29,4.74,40,1240,13,1.988,0.844,5.415,0.52,15.29,0.07,0.06,0.696,0.109
pde4b,PLECRF(ODDT)/GlideSP,5.0,NEF,,2.484,8.013,2.484,40,1240,62,4.968,0.723,2.613,0.538,12.42,0.062,0.061,0.696,0.109
pde5,PLECRF(ODDT)/GlideSP,0.5,NEF,,18.436,59.471,18.436,40,1240,7,4.163,0.978,44.021,0.551,59.471,0.24,0.169,0.603,0.333
pde5,PLECRF(ODDT)/GlideSP,1.0,NEF,,12.41,40.032,12.41,40,1240,13,5.204,0.952,20.027,0.562,40.032,0.214,0.183,0.603,0.333
pde5,PLECRF(ODDT)/GlideSP,5.0,NEF,,3.643,11.752,3.643,40,1240,62,7.286,0.8,3.995,0.568,18.215,0.111,0.108,0.603,0.333
pdk1,PLECRF(ODDT)/GlideSP,0.5,NEF,,4.534,14.626,4.534,40,1240,7,1.024,0.837,5.139,0.51,14.626,0.049,0.034,0.672,0.304
pdk1,PLECRF(ODDT)/GlideSP,1.0,NEF,,4.88,15.742,4.88,40,1240,13,2.046,0.849,5.605,0.521,15.742,0.073,0.062,0.672,0.304
pdk1,PLECRF(ODDT)/GlideSP,5.0,NEF,,6.243,20.139,6.243,40,1240,62,12.486,0.883,7.565,0.635,31.215,0.22,0.214,0.672,0.304
pi3kg,PLECRF(ODDT)/GlideSP,0.5,NEF,,22.161,71.487,22.161,40,1240,7,5.004,0.987,75.216,0.562,71.487,0.291,0.205,0.789,0.402
pi3kg,PLECRF(ODDT)/GlideSP,1.0,NEF,,14.32,46.194,14.32,40,1240,13,6.005,0.963,25.755,0.572,46.194,0.25,0.214,0.789,0.402
pi3kg,PLECRF(ODDT)/GlideSP,5.0,NEF,,5.595,18.048,5.595,40,1240,62,11.19,0.869,6.607,0.619,27.975,0.192,0.188,0.789,0.402
pim-1,PLECRF(ODDT)/GlideSP,0.5,NEF,,4.318,13.929,4.318,40,1240,7,0.975,0.829,4.855,0.51,13.929,0.046,0.032,0.651,0.179
pim-1,PLECRF(ODDT)/GlideSP,1.0,NEF,,4.65,15.0,4.65,40,1240,13,1.95,0.841,5.294,0.52,15.0,0.069,0.059,0.651,0.179
pim-1,PLECRF(ODDT)/GlideSP,5.0,NEF,,4.459,14.384,4.459,40,1240,62,8.918,0.834,5.04,0.589,22.295,0.145,0.141,0.651,0.179
pim-2,PLECRF(ODDT)/GlideSP,0.5,NEF,,0.0,0.0,0.0,40,1240,7,0.0,0.0,0.0,0.497,0.0,-0.014,-0.01,0.489,0.056
pim-2,PLECRF(ODDT)/GlideSP,1.0,NEF,,0.0,0.0,0.0,40,1240,13,0.0,0.0,0.0,0.495,0.0,-0.019,-0.016,0.489,0.056
pim-2,PLECRF(ODDT)/GlideSP,5.0,NEF,,2.539,8.19,2.539,40,1240,62,5.078,0.728,2.676,0.54,12.695,0.064,0.063,0.489,0.056
pnp,PLECRF(ODDT)/GlideSP,0.5,NEF,,0.0,0.0,0.0,40,1240,7,0.0,0.0,0.0,0.497,0.0,-0.014,-0.01,0.399,0.001
pnp,PLECRF(ODDT)/GlideSP,1.0,NEF,,0.0,0.0,0.0,40,1240,13,0.0,0.0,0.0,0.495,0.0,-0.019,-0.016,0.399,0.001
pnp,PLECRF(ODDT)/GlideSP,5.0,NEF,,0.0,0.0,0.0,40,1240,62,0.0,0.0,0.0,0.474,0.0,-0.042,-0.041,0.399,0.001
ppara,PLECRF(ODDT)/GlideSP,0.5,NEF,,0.0,0.0,0.0,40,1240,7,0.0,0.0,0.0,0.497,0.0,-0.014,-0.01,0.723,0.063
ppara,PLECRF(ODDT)/GlideSP,1.0,NEF,,2.5,8.065,2.5,40,1240,13,1.048,0.725,2.632,0.508,8.065,0.028,0.024,0.723,0.063
ppara,PLECRF(ODDT)/GlideSP,5.0,NEF,,1.576,5.084,1.576,40,1240,62,3.152,0.616,1.607,0.515,7.88,0.024,0.024,0.723,0.063
pparg,PLECRF(ODDT)/GlideSP,0.5,NEF,,4.75,15.323,4.75,40,1240,7,1.073,0.844,5.429,0.511,15.323,0.052,0.036,0.573,0.102
pparg,PLECRF(ODDT)/GlideSP,1.0,NEF,,2.38,7.677,2.38,40,1240,13,0.998,0.714,2.495,0.507,7.677,0.026,0.022,0.573,0.102
pparg,PLECRF(ODDT)/GlideSP,5.0,NEF,,2.0,6.452,2.0,40,1240,62,4.0,0.674,2.069,0.526,10.0,0.042,0.041,0.573,0.102
pr,PLECRF(ODDT)/GlideSP,0.5,NEF,,0.0,0.0,0.0,40,1240,7,0.0,0.0,0.0,0.497,0.0,-0.014,-0.01,0.485,0.026
pr,PLECRF(ODDT)/GlideSP,1.0,NEF,,0.0,0.0,0.0,40,1240,13,0.0,0.0,0.0,0.495,0.0,-0.019,-0.016,0.485,0.026
pr,PLECRF(ODDT)/GlideSP,5.0,NEF,,1.131,3.648,1.131,40,1240,62,2.262,0.532,1.136,0.503,5.655,0.005,0.005,0.485,0.026
prkcq,PLECRF(ODDT)/GlideSP,0.5,NEF,,5.263,16.977,5.263,40,1240,7,1.188,0.86,6.135,0.512,16.977,0.059,0.041,0.762,0.194
prkcq,PLECRF(ODDT)/GlideSP,1.0,NEF,,5.26,16.968,5.26,40,1240,13,2.206,0.86,6.131,0.523,16.968,0.08,0.068,0.762,0.194
prkcq,PLECRF(ODDT)/GlideSP,5.0,NEF,,5.263,16.977,5.263,40,1240,62,10.526,0.86,6.135,0.61,26.315,0.179,0.174,0.762,0.194
pygl-in,PLECRF(ODDT)/GlideSP,0.5,NEF,,0.0,0.0,0.0,40,1240,7,0.0,0.0,0.0,0.497,0.0,-0.014,-0.01,0.625,0.071
pygl-in,PLECRF(ODDT)/GlideSP,1.0,NEF,,2.37,7.645,2.37,40,1240,13,0.994,0.713,2.483,0.507,7.645,0.026,0.022,0.625,0.071
pygl-in,PLECRF(ODDT)/GlideSP,5.0,NEF,,3.974,12.819,3.974,40,1240,62,7.948,0.815,4.411,0.577,19.87,0.125,0.121,0.625,0.071
pygl-out,PLECRF(ODDT)/GlideSP,0.5,NEF,,0.0,0.0,0.0,40,1240,7,0.0,0.0,0.0,0.497,0.0,-0.014,-0.01,0.525,0.002
pygl-out,PLECRF(ODDT)/GlideSP,1.0,NEF,,0.0,0.0,0.0,40,1240,13,0.0,0.0,0.0,0.495,0.0,-0.019,-0.016,0.525,0.002
pygl-out,PLECRF(ODDT)/GlideSP,5.0,NEF,,0.498,1.606,0.498,40,1240,62,0.996,0.329,0.49,0.487,2.49,-0.021,-0.02,0.525,0.002
qpct,PLECRF(ODDT)/GlideSP,0.5,NEF,,0.0,0.0,0.0,40,1240,7,0.0,0.0,0.0,0.497,0.0,-0.014,-0.01,0.503,0.0
qpct,PLECRF(ODDT)/GlideSP,1.0,NEF,,0.0,0.0,0.0,40,1240,13,0.0,0.0,0.0,0.495,0.0,-0.019,-0.016,0.503,0.0
qpct,PLECRF(ODDT)/GlideSP,5.0,NEF,,0.0,0.0,0.0,40,1240,62,0.0,0.0,0.0,0.474,0.0,-0.042,-0.041,0.503,0.0
rock-1,PLECRF(ODDT)/GlideSP,0.5,NEF,,4.311,13.906,4.311,40,1240,7,0.973,0.829,4.846,0.51,13.906,0.046,0.032,0.511,0.073
rock-1,PLECRF(ODDT)/GlideSP,1.0,NEF,,2.32,7.484,2.32,40,1240,13,0.973,0.708,2.427,0.507,7.484,0.025,0.021,0.511,0.073
rock-1,PLECRF(ODDT)/GlideSP,5.0,NEF,,0.989,3.19,0.989,40,1240,62,1.978,0.497,0.989,0.5,4.945,-0.0,-0.0,0.511,0.073
rxr,PLECRF(ODDT)/GlideSP,0.5,NEF,,0.0,0.0,0.0,40,1240,7,0.0,0.0,0.0,0.497,0.0,-0.014,-0.01,0.575,0.031
rxr,PLECRF(ODDT)/GlideSP,1.0,NEF,,0.0,0.0,0.0,40,1240,13,0.0,0.0,0.0,0.495,0.0,-0.019,-0.016,0.575,0.031
rxr,PLECRF(ODDT)/GlideSP,5.0,NEF,,1.62,5.226,1.62,40,1240,62,3.24,0.623,1.654,0.516,8.1,0.026,0.025,0.575,0.031
sars-hcov,PLECRF(ODDT)/GlideSP,0.5,NEF,,0.0,0.0,0.0,39,1209,7,0.0,0.0,0.0,0.497,0.0,-0.014,-0.01,0.36,0.015
sars-hcov,PLECRF(ODDT)/GlideSP,1.0,NEF,,0.0,0.0,0.0,39,1209,13,0.0,0.0,0.0,0.494,0.0,-0.019,-0.016,0.36,0.015
sars-hcov,PLECRF(ODDT)/GlideSP,5.0,NEF,,0.505,1.629,0.505,39,1209,61,0.994,0.332,0.497,0.487,2.548,-0.021,-0.02,0.36,0.015
sirt2,PLECRF(ODDT)/GlideSP,0.5,NEF,,0.0,0.0,0.0,40,1240,7,0.0,0.0,0.0,0.497,0.0,-0.014,-0.01,0.363,0.0
sirt2,PLECRF(ODDT)/GlideSP,1.0,NEF,,0.0,0.0,0.0,40,1240,13,0.0,0.0,0.0,0.495,0.0,-0.019,-0.016,0.363,0.0
sirt2,PLECRF(ODDT)/GlideSP,5.0,NEF,,0.0,0.0,0.0,40,1240,62,0.0,0.0,0.0,0.474,0.0,-0.042,-0.041,0.363,0.0
src,PLECRF(ODDT)/GlideSP,0.5,NEF,,13.308,42.929,13.308,40,1240,7,3.005,0.958,22.566,0.536,42.929,0.169,0.119,0.602,0.258
src,PLECRF(ODDT)/GlideSP,1.0,NEF,,7.17,23.129,7.17,40,1240,13,3.007,0.9,9.026,0.533,23.129,0.116,0.099,0.602,0.258
src,PLECRF(ODDT)/GlideSP,5.0,NEF,,4.072,13.135,4.072,40,1240,62,8.144,0.819,4.537,0.579,20.36,0.129,0.125,0.602,0.258
thrombin,PLECRF(ODDT)/GlideSP,0.5,NEF,,13.658,44.058,13.658,40,1240,7,3.084,0.959,23.627,0.537,44.058,0.174,0.123,0.593,0.28
thrombin,PLECRF(ODDT)/GlideSP,1.0,NEF,,9.81,31.645,9.81,40,1240,13,4.114,0.933,13.889,0.548,31.645,0.166,0.142,0.593,0.28
thrombin,PLECRF(ODDT)/GlideSP,5.0,NEF,,4.702,15.168,4.702,40,1240,62,9.404,0.843,5.364,0.596,23.51,0.155,0.151,0.593,0.28
tie2,PLECRF(ODDT)/GlideSP,0.5,NEF,,19.983,64.461,19.983,40,1240,7,4.512,0.982,54.415,0.555,64.461,0.261,0.184,0.69,0.394
tie2,PLECRF(ODDT)/GlideSP,1.0,NEF,,17.49,56.419,17.49,40,1240,13,7.335,0.975,38.838,0.589,56.419,0.31,0.265,0.69,0.394
tie2,PLECRF(ODDT)/GlideSP,5.0,NEF,,4.496,14.503,4.496,40,1240,62,8.992,0.836,5.089,0.59,22.48,0.146,0.143,0.69,0.394
tk,PLECRF(ODDT)/GlideSP,0.5,NEF,,0.0,0.0,0.0,40,1240,7,0.0,0.0,0.0,0.497,0.0,-0.014,-0.01,0.543,0.0
tk,PLECRF(ODDT)/GlideSP,1.0,NEF,,0.0,0.0,0.0,40,1240,13,0.0,0.0,0.0,0.495,0.0,-0.019,-0.016,0.543,0.0
tk,PLECRF(ODDT)/GlideSP,5.0,NEF,,0.0,0.0,0.0,40,1240,62,0.0,0.0,0.0,0.474,0.0,-0.042,-0.041,0.543,0.0
tp,PLECRF(ODDT)/GlideSP,0.5,NEF,,0.0,0.0,0.0,40,1240,7,0.0,0.0,0.0,0.497,0.0,-0.014,-0.01,0.268,0.0
tp,PLECRF(ODDT)/GlideSP,1.0,NEF,,0.0,0.0,0.0,40,1240,13,0.0,0.0,0.0,0.495,0.0,-0.019,-0.016,0.268,0.0
tp,PLECRF(ODDT)/GlideSP,5.0,NEF,,0.0,0.0,0.0,40,1240,62,0.0,0.0,0.0,0.474,0.0,-0.042,-0.041,0.268,0.0
tpa,PLECRF(ODDT)/GlideSP,0.5,NEF,,5.092,16.426,5.092,40,1240,7,1.15,0.855,5.896,0.512,16.426,0.056,0.04,0.472,0.081
tpa,PLECRF(ODDT)/GlideSP,1.0,NEF,,2.55,8.226,2.55,40,1240,13,1.069,0.729,2.689,0.508,8.226,0.029,0.025,0.472,0.081
tpa,PLECRF(ODDT)/GlideSP,5.0,NEF,,1.554,5.013,1.554,40,1240,62,3.108,0.613,1.583,0.514,7.77,0.023,0.023,0.472,0.081
ts,PLECRF(ODDT)/GlideSP,0.5,NEF,,0.0,0.0,0.0,40,1239,7,0.0,0.0,0.0,0.497,0.0,-0.014,-0.01,0.514,0.012
ts,PLECRF(ODDT)/GlideSP,1.0,NEF,,0.0,0.0,0.0,40,1239,13,0.0,0.0,0.0,0.495,0.0,-0.019,-0.016,0.514,0.012
ts,PLECRF(ODDT)/GlideSP,5.0,NEF,,1.5,4.843,1.5,40,1239,62,3.002,0.604,1.525,0.513,7.506,0.021,0.02,0.514,0.012
upa,PLECRF(ODDT)/GlideSP,0.5,NEF,,4.983,16.074,4.983,40,1240,7,1.125,0.852,5.746,0.512,16.074,0.055,0.039,0.549,0.078
upa,PLECRF(ODDT)/GlideSP,1.0,NEF,,2.49,8.032,2.49,40,1240,13,1.044,0.724,2.62,0.508,8.032,0.028,0.024,0.549,0.078
upa,PLECRF(ODDT)/GlideSP,5.0,NEF,,0.997,3.216,0.997,40,1240,62,1.994,0.499,0.997,0.5,4.985,-0.0,-0.0,0.549,0.078
vegfr1,PLECRF(ODDT)/GlideSP,0.5,NEF,,4.991,16.1,4.991,40,1240,7,1.127,0.852,5.757,0.512,16.1,0.055,0.039,0.661,0.272
vegfr1,PLECRF(ODDT)/GlideSP,1.0,NEF,,9.98,32.194,9.98,40,1240,13,4.185,0.934,14.244,0.549,32.194,0.169,0.144,0.661,0.272
vegfr1,PLECRF(ODDT)/GlideSP,5.0,NEF,,5.779,18.642,5.779,40,1240,62,11.558,0.873,6.874,0.623,28.895,0.2,0.195,0.661,0.272
vegfr2,PLECRF(ODDT)/GlideSP,0.5,NEF,,0.0,0.0,0.0,40,1240,7,0.0,0.0,0.0,0.497,0.0,-0.014,-0.01,0.583,0.07
vegfr2,PLECRF(ODDT)/GlideSP,1.0,NEF,,2.41,7.774,2.41,40,1240,13,1.011,0.717,2.529,0.508,7.774,0.026,0.023,0.583,0.07
vegfr2,PLECRF(ODDT)/GlideSP,5.0,NEF,,2.051,6.616,2.051,40,1240,62,4.102,0.68,2.125,0.527,10.255,0.044,0.043,0.583,0.07
11betahsd1,RF-Scorev1(ODDT)/GlideSP,0.5,NEF,,0.0,0.0,0.0,40,1240,7,0.0,0.0,0.0,0.497,0.0,-0.014,-0.01,0.496,0.001
11betahsd1,RF-Scorev1(ODDT)/GlideSP,1.0,NEF,,0.0,0.0,0.0,40,1240,13,0.0,0.0,0.0,0.495,0.0,-0.019,-0.016,0.496,0.001
11betahsd1,RF-Scorev1(ODDT)/GlideSP,5.0,NEF,,0.0,0.0,0.0,40,1240,62,0.0,0.0,0.0,0.474,0.0,-0.042,-0.041,0.496,0.001
17betahsd1,RF-Scorev1(ODDT)/GlideSP,0.5,NEF,,0.0,0.0,0.0,40,1240,7,0.0,0.0,0.0,0.497,0.0,-0.014,-0.01,0.396,0.04
17betahsd1,RF-Scorev1(ODDT)/GlideSP,1.0,NEF,,0.0,0.0,0.0,40,1240,13,0.0,0.0,0.0,0.495,0.0,-0.019,-0.016,0.396,0.04
17betahsd1,RF-Scorev1(ODDT)/GlideSP,5.0,NEF,,0.99,3.194,0.99,40,1240,62,1.98,0.497,0.99,0.5,4.95,-0.0,-0.0,0.396,0.04
a2a,RF-Scorev1(ODDT)/GlideSP,0.5,NEF,,0.0,0.0,0.0,40,1240,7,0.0,0.0,0.0,0.497,0.0,-0.014,-0.01,0.674,0.046
a2a,RF-Scorev1(ODDT)/GlideSP,1.0,NEF,,2.36,7.613,2.36,40,1240,13,0.99,0.712,2.472,0.507,7.613,0.026,0.022,0.674,0.046
a2a,RF-Scorev1(ODDT)/GlideSP,5.0,NEF,,0.495,1.597,0.495,40,1240,62,0.99,0.327,0.487,0.487,2.475,-0.021,-0.021,0.674,0.046
ace,RF-Scorev1(ODDT)/GlideSP,0.5,NEF,,4.411,14.229,4.411,40,1240,7,0.996,0.833,4.977,0.51,14.229,0.047,0.033,0.527,0.154
ace,RF-Scorev1(ODDT)/GlideSP,1.0,NEF,,2.38,7.677,2.38,40,1240,13,0.998,0.714,2.495,0.507,7.677,0.026,0.022,0.527,0.154
ace,RF-Scorev1(ODDT)/GlideSP,5.0,NEF,,3.486,11.245,3.486,40,1240,62,6.972,0.792,3.801,0.564,17.43,0.104,0.101,0.527,0.154
ace2,RF-Scorev1(ODDT)/GlideSP,0.5,NEF,,0.0,0.0,0.0,40,1240,7,0.0,0.0,0.0,0.497,0.0,-0.014,-0.01,0.615,0.137
ace2,RF-Scorev1(ODDT)/GlideSP,1.0,NEF,,4.77,15.387,4.77,40,1240,13,2.0,0.845,5.456,0.52,15.387,0.071,0.061,0.615,0.137
ace2,RF-Scorev1(ODDT)/GlideSP,5.0,NEF,,3.497,11.281,3.497,40,1240,62,6.994,0.792,3.814,0.565,17.485,0.105,0.102,0.615,0.137
ache,RF-Scorev1(ODDT)/GlideSP,0.5,NEF,,8.721,28.132,8.721,40,1240,7,1.969,0.922,11.743,0.523,28.132,0.106,0.075,0.563,0.154
ache,RF-Scorev1(ODDT)/GlideSP,1.0,NEF,,4.7,15.161,4.7,40,1240,13,1.971,0.843,5.361,0.52,15.161,0.07,0.059,0.563,0.154
ache,RF-Scorev1(ODDT)/GlideSP,5.0,NEF,,2.462,7.942,2.462,40,1240,62,4.924,0.721,2.588,0.538,12.31,0.061,0.06,0.563,0.154
adam17,RF-Scorev1(ODDT)/GlideSP,0.5,NEF,,4.393,14.171,4.393,40,1240,7,0.992,0.832,4.953,0.51,14.171,0.047,0.033,0.386,0.081
adam17,RF-Scorev1(ODDT)/GlideSP,1.0,NEF,,2.37,7.645,2.37,40,1240,13,0.994,0.713,2.483,0.507,7.645,0.026,0.022,0.386,0.081
adam17,RF-Scorev1(ODDT)/GlideSP,5.0,NEF,,0.992,3.2,0.992,40,1240,62,1.984,0.498,0.992,0.5,4.96,-0.0,-0.0,0.386,0.081
adrb2,RF-Scorev1(ODDT)/GlideSP,0.5,NEF,,0.0,0.0,0.0,40,1240,7,0.0,0.0,0.0,0.497,0.0,-0.014,-0.01,0.486,0.028
adrb2,RF-Scorev1(ODDT)/GlideSP,1.0,NEF,,0.0,0.0,0.0,40,1240,13,0.0,0.0,0.0,0.495,0.0,-0.019,-0.016,0.486,0.028
adrb2,RF-Scorev1(ODDT)/GlideSP,5.0,NEF,,0.992,3.2,0.992,40,1240,62,1.984,0.498,0.992,0.5,4.96,-0.0,-0.0,0.486,0.028
akt1,RF-Scorev1(ODDT)/GlideSP,0.5,NEF,,0.0,0.0,0.0,40,1240,7,0.0,0.0,0.0,0.497,0.0,-0.014,-0.01,0.567,0.019
akt1,RF-Scorev1(ODDT)/GlideSP,1.0,NEF,,0.0,0.0,0.0,40,1240,13,0.0,0.0,0.0,0.495,0.0,-0.019,-0.016,0.567,0.019
akt1,RF-Scorev1(ODDT)/GlideSP,5.0,NEF,,1.01,3.258,1.01,40,1240,62,2.02,0.503,1.01,0.5,5.05,0.0,0.0,0.567,0.019
alr2,RF-Scorev1(ODDT)/GlideSP,0.5,NEF,,0.0,0.0,0.0,40,1240,7,0.0,0.0,0.0,0.497,0.0,-0.014,-0.01,0.455,0.001
alr2,RF-Scorev1(ODDT)/GlideSP,1.0,NEF,,0.0,0.0,0.0,40,1240,13,0.0,0.0,0.0,0.495,0.0,-0.019,-0.016,0.455,0.001
alr2,RF-Scorev1(ODDT)/GlideSP,5.0,NEF,,0.0,0.0,0.0,40,1240,62,0.0,0.0,0.0,0.474,0.0,-0.042,-0.041,0.455,0.001
ar,RF-Scorev1(ODDT)/GlideSP,0.5,NEF,,5.643,18.203,5.643,40,1240,7,1.274,0.87,6.676,0.514,18.203,0.064,0.045,0.546,0.286
ar,RF-Scorev1(ODDT)/GlideSP,1.0,NEF,,3.22,10.387,3.22,40,1240,13,1.35,0.777,3.477,0.512,10.387,0.042,0.036,0.546,0.286
ar,RF-Scorev1(ODDT)/GlideSP,5.0,NEF,,4.938,15.929,4.938,40,1240,62,9.876,0.85,5.684,0.602,24.69,0.165,0.161,0.546,0.286
aurka,RF-Scorev1(ODDT)/GlideSP,0.5,NEF,,8.864,28.594,8.864,40,1240,7,2.002,0.923,12.013,0.523,28.594,0.108,0.076,0.615,0.183
aurka,RF-Scorev1(ODDT)/GlideSP,1.0,NEF,,7.16,23.097,7.16,40,1240,13,3.003,0.9,9.01,0.533,23.097,0.116,0.099,0.615,0.183
aurka,RF-Scorev1(ODDT)/GlideSP,5.0,NEF,,2.543,8.203,2.543,40,1240,62,5.086,0.728,2.681,0.54,12.715,0.065,0.063,0.615,0.183
aurkb,RF-Scorev1(ODDT)/GlideSP,0.5,NEF,,8.679,27.997,8.679,40,1240,7,1.96,0.921,11.665,0.522,27.997,0.106,0.075,0.693,0.203
aurkb,RF-Scorev1(ODDT)/GlideSP,1.0,NEF,,7.01,22.613,7.01,40,1240,13,2.94,0.898,8.766,0.533,22.613,0.113,0.097,0.693,0.203
aurkb,RF-Scorev1(ODDT)/GlideSP,5.0,NEF,,3.984,12.852,3.984,40,1240,62,7.968,0.816,4.424,0.577,19.92,0.125,0.122,0.693,0.203
bcl2,RF-Scorev1(ODDT)/GlideSP,0.5,NEF,,26.207,84.539,26.207,40,1240,7,5.918,0.994,164.033,0.574,84.539,0.347,0.245,0.791,0.6
bcl2,RF-Scorev1(ODDT)/GlideSP,1.0,NEF,,18.82,60.71,18.82,40,1240,13,7.892,0.979,46.355,0.597,60.71,0.335,0.287,0.791,0.6
bcl2,RF-Scorev1(ODDT)/GlideSP,5.0,NEF,,8.877,28.635,8.877,40,1240,62,17.754,0.923,12.038,0.703,44.385,0.33,0.322,0.791,0.6
braf,RF-Scorev1(ODDT)/GlideSP,0.5,NEF,,0.0,0.0,0.0,40,1240,7,0.0,0.0,0.0,0.497,0.0,-0.014,-0.01,0.559,0.001
braf,RF-Scorev1(ODDT)/GlideSP,1.0,NEF,,0.0,0.0,0.0,40,1240,13,0.0,0.0,0.0,0.495,0.0,-0.019,-0.016,0.559,0.001
braf,RF-Scorev1(ODDT)/GlideSP,5.0,NEF,,0.0,0.0,0.0,40,1240,62,0.0,0.0,0.0,0.474,0.0,-0.042,-0.041,0.559,0.001
catl,RF-Scorev1(ODDT)/GlideSP,0.5,NEF,,0.0,0.0,0.0,40,1240,7,0.0,0.0,0.0,0.497,0.0,-0.014,-0.01,0.708,0.049
catl,RF-Scorev1(ODDT)/GlideSP,1.0,NEF,,0.0,0.0,0.0,40,1240,13,0.0,0.0,0.0,0.495,0.0,-0.019,-0.016,0.708,0.049
catl,RF-Scorev1(ODDT)/GlideSP,5.0,NEF,,1.492,4.813,1.492,40,1240,62,2.984,0.603,1.517,0.513,7.46,0.021,0.02,0.708,0.049
cdk2,RF-Scorev1(ODDT)/GlideSP,0.5,NEF,,0.0,0.0,0.0,40,1240,7,0.0,0.0,0.0,0.497,0.0,-0.014,-0.01,0.587,0.023
cdk2,RF-Scorev1(ODDT)/GlideSP,1.0,NEF,,0.0,0.0,0.0,40,1240,13,0.0,0.0,0.0,0.495,0.0,-0.019,-0.016,0.587,0.023
cdk2,RF-Scorev1(ODDT)/GlideSP,5.0,NEF,,0.997,3.216,0.997,40,1240,62,1.994,0.499,0.997,0.5,4.985,-0.0,-0.0,0.587,0.023
cox1,RF-Scorev1(ODDT)/GlideSP,0.5,NEF,,0.0,0.0,0.0,40,1240,7,0.0,0.0,0.0,0.497,0.0,-0.014,-0.01,0.393,0.0
cox1,RF-Scorev1(ODDT)/GlideSP,1.0,NEF,,0.0,0.0,0.0,40,1240,13,0.0,0.0,0.0,0.495,0.0,-0.019,-0.016,0.393,0.0
cox1,RF-Scorev1(ODDT)/GlideSP,5.0,NEF,,0.0,0.0,0.0,40,1240,62,0.0,0.0,0.0,0.474,0.0,-0.042,-0.041,0.393,0.0
cox2,RF-Scorev1(ODDT)/GlideSP,0.5,NEF,,0.0,0.0,0.0,40,1240,7,0.0,0.0,0.0,0.497,0.0,-0.014,-0.01,0.371,0.0
cox2,RF-Scorev1(ODDT)/GlideSP,1.0,NEF,,0.0,0.0,0.0,40,1240,13,0.0,0.0,0.0,0.495,0.0,-0.019,-0.016,0.371,0.0
cox2,RF-Scorev1(ODDT)/GlideSP,5.0,NEF,,0.0,0.0,0.0,40,1240,62,0.0,0.0,0.0,0.474,0.0,-0.042,-0.041,0.371,0.0
ctsk,RF-Scorev1(ODDT)/GlideSP,0.5,NEF,,0.0,0.0,0.0,40,1240,7,0.0,0.0,0.0,0.497,0.0,-0.014,-0.01,0.648,0.043
ctsk,RF-Scorev1(ODDT)/GlideSP,1.0,NEF,,0.0,0.0,0.0,40,1240,13,0.0,0.0,0.0,0.495,0.0,-0.019,-0.016,0.648,0.043
ctsk,RF-Scorev1(ODDT)/GlideSP,5.0,NEF,,2.49,8.032,2.49,40,1240,62,4.98,0.724,2.62,0.538,12.45,0.062,0.061,0.648,0.043
cyp2a6,RF-Scorev1(ODDT)/GlideSP,0.5,NEF,,0.0,0.0,0.0,40,1240,7,0.0,0.0,0.0,0.497,0.0,-0.014,-0.01,0.412,0.0
cyp2a6,RF-Scorev1(ODDT)/GlideSP,1.0,NEF,,0.0,0.0,0.0,40,1240,13,0.0,0.0,0.0,0.495,0.0,-0.019,-0.016,0.412,0.0
cyp2a6,RF-Scorev1(ODDT)/GlideSP,5.0,NEF,,0.0,0.0,0.0,40,1240,62,0.0,0.0,0.0,0.474,0.0,-0.042,-0.041,0.412,0.0
dhfr,RF-Scorev1(ODDT)/GlideSP,0.5,NEF,,0.0,0.0,0.0,40,1240,7,0.0,0.0,0.0,0.497,0.0,-0.014,-0.01,0.678,0.033
dhfr,RF-Scorev1(ODDT)/GlideSP,1.0,NEF,,0.0,0.0,0.0,40,1240,13,0.0,0.0,0.0,0.495,0.0,-0.019,-0.016,0.678,0.033
dhfr,RF-Scorev1(ODDT)/GlideSP,5.0,NEF,,1.974,6.368,1.974,40,1240,62,3.948,0.671,2.04,0.525,9.87,0.041,0.04,0.678,0.033
egfr,RF-Scorev1(ODDT)/GlideSP,0.5,NEF,,0.0,0.0,0.0,40,1240,7,0.0,0.0,0.0,0.497,0.0,-0.014,-0.01,0.56,0.044
egfr,RF-Scorev1(ODDT)/GlideSP,1.0,NEF,,2.38,7.677,2.38,40,1240,13,0.998,0.714,2.495,0.507,7.677,0.026,0.022,0.56,0.044
egfr,RF-Scorev1(ODDT)/GlideSP,5.0,NEF,,0.507,1.635,0.507,40,1240,62,1.014,0.333,0.499,0.487,2.535,-0.021,-0.02,0.56,0.044
ephb4,RF-Scorev1(ODDT)/GlideSP,0.5,NEF,,0.0,0.0,0.0,40,1240,7,0.0,0.0,0.0,0.497,0.0,-0.014,-0.01,0.666,0.014
ephb4,RF-Scorev1(ODDT)/GlideSP,1.0,NEF,,0.0,0.0,0.0,40,1240,13,0.0,0.0,0.0,0.495,0.0,-0.019,-0.016,0.666,0.014
ephb4,RF-Scorev1(ODDT)/GlideSP,5.0,NEF,,1.493,4.816,1.493,40,1240,62,2.986,0.603,1.518,0.513,7.465,0.021,0.02,0.666,0.014
erbb2,RF-Scorev1(ODDT)/GlideSP,0.5,NEF,,0.0,0.0,0.0,40,1240,7,0.0,0.0,0.0,0.497,0.0,-0.014,-0.01,0.722,0.021
erbb2,RF-Scorev1(ODDT)/GlideSP,1.0,NEF,,0.0,0.0,0.0,40,1240,13,0.0,0.0,0.0,0.495,0.0,-0.019,-0.016,0.722,0.021
erbb2,RF-Scorev1(ODDT)/GlideSP,5.0,NEF,,1.48,4.774,1.48,40,1240,62,2.96,0.601,1.504,0.512,7.4,0.02,0.02,0.722,0.021
er-beta,RF-Scorev1(ODDT)/GlideSP,0.5,NEF,,5.717,18.442,5.717,40,1240,7,1.291,0.872,6.784,0.514,18.442,0.065,0.046,0.355,0.272
er-beta,RF-Scorev1(ODDT)/GlideSP,1.0,NEF,,12.7,40.968,12.7,40,1240,13,5.326,0.954,20.82,0.563,40.968,0.22,0.188,0.355,0.272
er-beta,RF-Scorev1(ODDT)/GlideSP,5.0,NEF,,2.722,8.781,2.722,40,1240,62,5.444,0.743,2.888,0.544,13.61,0.072,0.07,0.355,0.272
fgfr1,RF-Scorev1(ODDT)/GlideSP,0.5,NEF,,0.0,0.0,0.0,40,1240,7,0.0,0.0,0.0,0.497,0.0,-0.014,-0.01,0.596,0.001
fgfr1,RF-Scorev1(ODDT)/GlideSP,1.0,NEF,,0.0,0.0,0.0,40,1240,13,0.0,0.0,0.0,0.495,0.0,-0.019,-0.016,0.596,0.001
fgfr1,RF-Scorev1(ODDT)/GlideSP,5.0,NEF,,0.0,0.0,0.0,40,1240,62,0.0,0.0,0.0,0.474,0.0,-0.042,-0.041,0.596,0.001
fkbp1a,RF-Scorev1(ODDT)/GlideSP,0.5,NEF,,0.0,0.0,0.0,40,1240,7,0.0,0.0,0.0,0.497,0.0,-0.014,-0.01,0.415,0.0
fkbp1a,RF-Scorev1(ODDT)/GlideSP,1.0,NEF,,0.0,0.0,0.0,40,1240,13,0.0,0.0,0.0,0.495,0.0,-0.019,-0.016,0.415,0.0
fkbp1a,RF-Scorev1(ODDT)/GlideSP,5.0,NEF,,0.0,0.0,0.0,40,1240,62,0.0,0.0,0.0,0.474,0.0,-0.042,-0.041,0.415,0.0
fxa,RF-Scorev1(ODDT)/GlideSP,0.5,NEF,,5.098,16.445,5.098,40,1240,7,1.151,0.855,5.905,0.512,16.445,0.056,0.04,0.741,0.097
fxa,RF-Scorev1(ODDT)/GlideSP,1.0,NEF,,2.55,8.226,2.55,40,1240,13,1.069,0.729,2.689,0.508,8.226,0.029,0.025,0.741,0.097
fxa,RF-Scorev1(ODDT)/GlideSP,5.0,NEF,,2.549,8.223,2.549,40,1240,62,5.098,0.729,2.688,0.54,12.745,0.065,0.063,0.741,0.097
gba,RF-Scorev1(ODDT)/GlideSP,0.5,NEF,,0.0,0.0,0.0,40,1240,7,0.0,0.0,0.0,0.497,0.0,-0.014,-0.01,0.64,0.155
gba,RF-Scorev1(ODDT)/GlideSP,1.0,NEF,,2.38,7.677,2.38,40,1240,13,0.998,0.714,2.495,0.507,7.677,0.026,0.022,0.64,0.155
gba,RF-Scorev1(ODDT)/GlideSP,5.0,NEF,,4.482,14.458,4.482,40,1240,62,8.964,0.835,5.071,0.59,22.41,0.146,0.142,0.64,0.155
gr,RF-Scorev1(ODDT)/GlideSP,0.5,NEF,,0.0,0.0,0.0,40,1240,7,0.0,0.0,0.0,0.497,0.0,-0.014,-0.01,0.489,0.072
gr,RF-Scorev1(ODDT)/GlideSP,1.0,NEF,,2.35,7.581,2.35,40,1240,13,0.985,0.711,2.461,0.507,7.581,0.025,0.022,0.489,0.072
gr,RF-Scorev1(ODDT)/GlideSP,5.0,NEF,,1.479,4.771,1.479,40,1240,62,2.958,0.6,1.503,0.512,7.395,0.02,0.02,0.489,0.072
gsk3b,RF-Scorev1(ODDT)/GlideSP,0.5,NEF,,0.0,0.0,0.0,40,1240,7,0.0,0.0,0.0,0.497,0.0,-0.014,-0.01,0.595,0.002
gsk3b,RF-Scorev1(ODDT)/GlideSP,1.0,NEF,,0.0,0.0,0.0,40,1240,13,0.0,0.0,0.0,0.495,0.0,-0.019,-0.016,0.595,0.002
gsk3b,RF-Scorev1(ODDT)/GlideSP,5.0,NEF,,0.0,0.0,0.0,40,1240,62,0.0,0.0,0.0,0.474,0.0,-0.042,-0.041,0.595,0.002
hdac2,RF-Scorev1(ODDT)/GlideSP,0.5,NEF,,0.0,0.0,0.0,40,1240,7,0.0,0.0,0.0,0.497,0.0,-0.014,-0.01,0.654,0.047
hdac2,RF-Scorev1(ODDT)/GlideSP,1.0,NEF,,2.33,7.516,2.33,40,1240,13,0.977,0.709,2.438,0.507,7.516,0.025,0.021,0.654,0.047
hdac2,RF-Scorev1(ODDT)/GlideSP,5.0,NEF,,0.995,3.21,0.995,40,1240,62,1.99,0.499,0.995,0.5,4.975,-0.0,-0.0,0.654,0.047
hdac8,RF-Scorev1(ODDT)/GlideSP,0.5,NEF,,0.0,0.0,0.0,40,1240,7,0.0,0.0,0.0,0.497,0.0,-0.014,-0.01,0.381,0.03
hdac8,RF-Scorev1(ODDT)/GlideSP,1.0,NEF,,0.0,0.0,0.0,40,1240,13,0.0,0.0,0.0,0.495,0.0,-0.019,-0.016,0.381,0.03
hdac8,RF-Scorev1(ODDT)/GlideSP,5.0,NEF,,0.995,3.21,0.995,40,1240,62,1.99,0.499,0.995,0.5,4.975,-0.0,-0.0,0.381,0.03
hiv1pr,RF-Scorev1(ODDT)/GlideSP,0.5,NEF,,14.085,45.435,14.085,40,1240,7,3.18,0.962,24.981,0.538,45.435,0.18,0.127,0.832,0.533
hiv1pr,RF-Scorev1(ODDT)/GlideSP,1.0,NEF,,17.7,57.097,17.7,40,1240,13,7.423,0.976,39.925,0.59,57.097,0.314,0.269,0.832,0.533
hiv1pr,RF-Scorev1(ODDT)/GlideSP,5.0,NEF,,10.775,34.758,10.775,40,1240,62,21.55,0.941,15.983,0.753,53.875,0.409,0.399,0.832,0.533
hiv1rt,RF-Scorev1(ODDT)/GlideSP,0.5,NEF,,4.575,14.758,4.575,40,1240,7,1.033,0.839,5.194,0.51,14.758,0.049,0.035,0.562,0.11
hiv1rt,RF-Scorev1(ODDT)/GlideSP,1.0,NEF,,4.93,15.903,4.93,40,1240,13,2.067,0.85,5.673,0.521,15.903,0.074,0.063,0.562,0.11
hiv1rt,RF-Scorev1(ODDT)/GlideSP,5.0,NEF,,1.575,5.081,1.575,40,1240,62,3.15,0.616,1.606,0.515,7.875,0.024,0.023,0.562,0.11
hmgr,RF-Scorev1(ODDT)/GlideSP,0.5,NEF,,0.0,0.0,0.0,40,1240,7,0.0,0.0,0.0,0.497,0.0,-0.014,-0.01,0.483,0.0
hmgr,RF-Scorev1(ODDT)/GlideSP,1.0,NEF,,0.0,0.0,0.0,40,1240,13,0.0,0.0,0.0,0.495,0.0,-0.019,-0.016,0.483,0.0
hmgr,RF-Scorev1(ODDT)/GlideSP,5.0,NEF,,0.0,0.0,0.0,40,1240,62,0.0,0.0,0.0,0.474,0.0,-0.042,-0.041,0.483,0.0
hsp90,RF-Scorev1(ODDT)/GlideSP,0.5,NEF,,0.0,0.0,0.0,40,1240,7,0.0,0.0,0.0,0.497,0.0,-0.014,-0.01,0.521,0.032
hsp90,RF-Scorev1(ODDT)/GlideSP,1.0,NEF,,0.0,0.0,0.0,40,1240,13,0.0,0.0,0.0,0.495,0.0,-0.019,-0.016,0.521,0.032
hsp90,RF-Scorev1(ODDT)/GlideSP,5.0,NEF,,1.493,4.816,1.493,40,1240,62,2.986,0.603,1.518,0.513,7.465,0.021,0.02,0.521,0.032
igf1r,RF-Scorev1(ODDT)/GlideSP,0.5,NEF,,0.0,0.0,0.0,40,1240,7,0.0,0.0,0.0,0.497,0.0,-0.014,-0.01,0.667,0.008
igf1r,RF-Scorev1(ODDT)/GlideSP,1.0,NEF,,0.0,0.0,0.0,40,1240,13,0.0,0.0,0.0,0.495,0.0,-0.019,-0.016,0.667,0.008
igf1r,RF-Scorev1(ODDT)/GlideSP,5.0,NEF,,1.01,3.258,1.01,40,1240,62,2.02,0.503,1.01,0.5,5.05,0.0,0.0,0.667,0.008
inha,RF-Scorev1(ODDT)/GlideSP,0.5,NEF,,0.0,0.0,0.0,40,1240,7,0.0,0.0,0.0,0.497,0.0,-0.014,-0.01,0.371,0.003
inha,RF-Scorev1(ODDT)/GlideSP,1.0,NEF,,0.0,0.0,0.0,40,1240,13,0.0,0.0,0.0,0.495,0.0,-0.019,-0.016,0.371,0.003
inha,RF-Scorev1(ODDT)/GlideSP,5.0,NEF,,0.494,1.594,0.494,40,1240,62,0.988,0.327,0.486,0.487,2.47,-0.021,-0.021,0.371,0.003
itk,RF-Scorev1(ODDT)/GlideSP,0.5,NEF,,0.0,0.0,0.0,40,1240,7,0.0,0.0,0.0,0.497,0.0,-0.014,-0.01,0.674,0.023
itk,RF-Scorev1(ODDT)/GlideSP,1.0,NEF,,0.0,0.0,0.0,40,1240,13,0.0,0.0,0.0,0.495,0.0,-0.019,-0.016,0.674,0.023
itk,RF-Scorev1(ODDT)/GlideSP,5.0,NEF,,1.997,6.442,1.997,40,1240,62,3.994,0.674,2.066,0.526,9.985,0.042,0.041,0.674,0.023
jak3,RF-Scorev1(ODDT)/GlideSP,0.5,NEF,,0.0,0.0,0.0,40,1240,7,0.0,0.0,0.0,0.497,0.0,-0.014,-0.01,0.672,0.072
jak3,RF-Scorev1(ODDT)/GlideSP,1.0,NEF,,0.0,0.0,0.0,40,1240,13,0.0,0.0,0.0,0.495,0.0,-0.019,-0.016,0.672,0.072
jak3,RF-Scorev1(ODDT)/GlideSP,5.0,NEF,,1.995,6.435,1.995,40,1240,62,3.99,0.674,2.063,0.526,9.975,0.042,0.041,0.672,0.072
jnk1,RF-Scorev1(ODDT)/GlideSP,0.5,NEF,,0.0,0.0,0.0,40,1240,7,0.0,0.0,0.0,0.497,0.0,-0.014,-0.01,0.692,0.059
jnk1,RF-Scorev1(ODDT)/GlideSP,1.0,NEF,,0.0,0.0,0.0,40,1240,13,0.0,0.0,0.0,0.495,0.0,-0.019,-0.016,0.692,0.059
jnk1,RF-Scorev1(ODDT)/GlideSP,5.0,NEF,,2.625,8.468,2.625,40,1240,62,5.25,0.735,2.775,0.542,13.125,0.068,0.066,0.692,0.059
jnk2,RF-Scorev1(ODDT)/GlideSP,0.5,NEF,,0.0,0.0,0.0,40,1240,7,0.0,0.0,0.0,0.497,0.0,-0.014,-0.01,0.565,0.004
jnk2,RF-Scorev1(ODDT)/GlideSP,1.0,NEF,,0.0,0.0,0.0,40,1240,13,0.0,0.0,0.0,0.495,0.0,-0.019,-0.016,0.565,0.004
jnk2,RF-Scorev1(ODDT)/GlideSP,5.0,NEF,,0.509,1.642,0.509,40,1240,62,1.018,0.334,0.501,0.487,2.545,-0.021,-0.02,0.565,0.004
jnk3,RF-Scorev1(ODDT)/GlideSP,0.5,NEF,,0.0,0.0,0.0,40,1240,7,0.0,0.0,0.0,0.497,0.0,-0.014,-0.01,0.628,0.029
jnk3,RF-Scorev1(ODDT)/GlideSP,1.0,NEF,,0.0,0.0,0.0,40,1240,13,0.0,0.0,0.0,0.495,0.0,-0.019,-0.016,0.628,0.029
jnk3,RF-Scorev1(ODDT)/GlideSP,5.0,NEF,,2.033,6.558,2.033,40,1240,62,4.066,0.678,2.105,0.527,10.165,0.043,0.042,0.628,0.029
kif11,RF-Scorev1(ODDT)/GlideSP,0.5,NEF,,4.318,13.929,4.318,40,1240,7,0.975,0.829,4.855,0.51,13.929,0.046,0.032,0.573,0.193
kif11,RF-Scorev1(ODDT)/GlideSP,1.0,NEF,,6.98,22.516,6.98,40,1240,13,2.927,0.897,8.718,0.532,22.516,0.112,0.096,0.573,0.193
kif11,RF-Scorev1(ODDT)/GlideSP,5.0,NEF,,2.973,9.59,2.973,40,1240,62,5.946,0.761,3.182,0.551,14.865,0.083,0.081,0.573,0.193
lck,RF-Scorev1(ODDT)/GlideSP,0.5,NEF,,0.0,0.0,0.0,40,1240,7,0.0,0.0,0.0,0.497,0.0,-0.014,-0.01,0.556,0.007
lck,RF-Scorev1(ODDT)/GlideSP,1.0,NEF,,0.0,0.0,0.0,40,1240,13,0.0,0.0,0.0,0.495,0.0,-0.019,-0.016,0.556,0.007
lck,RF-Scorev1(ODDT)/GlideSP,5.0,NEF,,0.493,1.59,0.493,40,1240,62,0.986,0.327,0.485,0.487,2.465,-0.021,-0.021,0.556,0.007
mdm2,RF-Scorev1(ODDT)/GlideSP,0.5,NEF,,0.0,0.0,0.0,40,1240,7,0.0,0.0,0.0,0.497,0.0,-0.014,-0.01,0.35,0.003
mdm2,RF-Scorev1(ODDT)/GlideSP,1.0,NEF,,0.0,0.0,0.0,40,1240,13,0.0,0.0,0.0,0.495,0.0,-0.019,-0.016,0.35,0.003
mdm2,RF-Scorev1(ODDT)/GlideSP,5.0,NEF,,0.499,1.61,0.499,40,1240,62,0.998,0.329,0.491,0.487,2.495,-0.021,-0.02,0.35,0.003
mk2,RF-Scorev1(ODDT)/GlideSP,0.5,NEF,,0.0,0.0,0.0,40,1240,7,0.0,0.0,0.0,0.497,0.0,-0.014,-0.01,0.727,0.005
mk2,RF-Scorev1(ODDT)/GlideSP,1.0,NEF,,0.0,0.0,0.0,40,1240,13,0.0,0.0,0.0,0.495,0.0,-0.019,-0.016,0.727,0.005
mk2,RF-Scorev1(ODDT)/GlideSP,5.0,NEF,,0.533,1.719,0.533,40,1240,62,1.066,0.344,0.525,0.488,2.665,-0.02,-0.019,0.727,0.005
mmp2,RF-Scorev1(ODDT)/GlideSP,0.5,NEF,,0.0,0.0,0.0,40,1240,7,0.0,0.0,0.0,0.497,0.0,-0.014,-0.01,0.426,0.0
mmp2,RF-Scorev1(ODDT)/GlideSP,1.0,NEF,,0.0,0.0,0.0,40,1240,13,0.0,0.0,0.0,0.495,0.0,-0.019,-0.016,0.426,0.0
mmp2,RF-Scorev1(ODDT)/GlideSP,5.0,NEF,,0.0,0.0,0.0,40,1240,62,0.0,0.0,0.0,0.474,0.0,-0.042,-0.041,0.426,0.0
na,RF-Scorev1(ODDT)/GlideSP,0.5,NEF,,0.0,0.0,0.0,40,1240,7,0.0,0.0,0.0,0.497,0.0,-0.014,-0.01,0.569,0.015
na,RF-Scorev1(ODDT)/GlideSP,1.0,NEF,,0.0,0.0,0.0,40,1240,13,0.0,0.0,0.0,0.495,0.0,-0.019,-0.016,0.569,0.015
na,RF-Scorev1(ODDT)/GlideSP,5.0,NEF,,0.999,3.223,0.999,40,1240,62,1.998,0.5,0.999,0.5,4.995,-0.0,-0.0,0.569,0.015
p38-alpha,RF-Scorev1(ODDT)/GlideSP,0.5,NEF,,0.0,0.0,0.0,40,1240,7,0.0,0.0,0.0,0.497,0.0,-0.014,-0.01,0.66,0.002
p38-alpha,RF-Scorev1(ODDT)/GlideSP,1.0,NEF,,0.0,0.0,0.0,40,1240,13,0.0,0.0,0.0,0.495,0.0,-0.019,-0.016,0.66,0.002
p38-alpha,RF-Scorev1(ODDT)/GlideSP,5.0,NEF,,0.0,0.0,0.0,40,1240,62,0.0,0.0,0.0,0.474,0.0,-0.042,-0.041,0.66,0.002
parp-1,RF-Scorev1(ODDT)/GlideSP,0.5,NEF,,0.0,0.0,0.0,40,1240,7,0.0,0.0,0.0,0.497,0.0,-0.014,-0.01,0.55,0.042
parp-1,RF-Scorev1(ODDT)/GlideSP,1.0,NEF,,0.0,0.0,0.0,40,1240,13,0.0,0.0,0.0,0.495,0.0,-0.019,-0.016,0.55,0.042
parp-1,RF-Scorev1(ODDT)/GlideSP,5.0,NEF,,1.483,4.784,1.483,40,1240,62,2.966,0.601,1.507,0.512,7.415,0.02,0.02,0.55,0.042
pde4b,RF-Scorev1(ODDT)/GlideSP,0.5,NEF,,0.0,0.0,0.0,40,1240,7,0.0,0.0,0.0,0.497,0.0,-0.014,-0.01,0.472,0.037
pde4b,RF-Scorev1(ODDT)/GlideSP,1.0,NEF,,0.0,0.0,0.0,40,1240,13,0.0,0.0,0.0,0.495,0.0,-0.019,-0.016,0.472,0.037
pde4b,RF-Scorev1(ODDT)/GlideSP,5.0,NEF,,0.994,3.206,0.994,40,1240,62,1.988,0.498,0.994,0.5,4.97,-0.0,-0.0,0.472,0.037
pde5,RF-Scorev1(ODDT)/GlideSP,0.5,NEF,,0.0,0.0,0.0,40,1240,7,0.0,0.0,0.0,0.497,0.0,-0.014,-0.01,0.608,0.002
pde5,RF-Scorev1(ODDT)/GlideSP,1.0,NEF,,0.0,0.0,0.0,40,1240,13,0.0,0.0,0.0,0.495,0.0,-0.019,-0.016,0.608,0.002
pde5,RF-Scorev1(ODDT)/GlideSP,5.0,NEF,,0.52,1.677,0.52,40,1240,62,1.04,0.339,0.512,0.488,2.6,-0.02,-0.02,0.608,0.002
pdk1,RF-Scorev1(ODDT)/GlideSP,0.5,NEF,,0.0,0.0,0.0,40,1240,7,0.0,0.0,0.0,0.497,0.0,-0.014,-0.01,0.572,0.01
pdk1,RF-Scorev1(ODDT)/GlideSP,1.0,NEF,,0.0,0.0,0.0,40,1240,13,0.0,0.0,0.0,0.495,0.0,-0.019,-0.016,0.572,0.01
pdk1,RF-Scorev1(ODDT)/GlideSP,5.0,NEF,,0.52,1.677,0.52,40,1240,62,1.04,0.339,0.512,0.488,2.6,-0.02,-0.02,0.572,0.01
pi3kg,RF-Scorev1(ODDT)/GlideSP,0.5,NEF,,0.0,0.0,0.0,40,1240,7,0.0,0.0,0.0,0.497,0.0,-0.014,-0.01,0.657,0.093
pi3kg,RF-Scorev1(ODDT)/GlideSP,1.0,NEF,,2.39,7.71,2.39,40,1240,13,1.002,0.715,2.506,0.508,7.71,0.026,0.022,0.657,0.093
pi3kg,RF-Scorev1(ODDT)/GlideSP,5.0,NEF,,3.052,9.845,3.052,40,1240,62,6.104,0.766,3.276,0.553,15.26,0.086,0.084,0.657,0.093
pim-1,RF-Scorev1(ODDT)/GlideSP,0.5,NEF,,0.0,0.0,0.0,40,1240,7,0.0,0.0,0.0,0.497,0.0,-0.014,-0.01,0.54,0.004
pim-1,RF-Scorev1(ODDT)/GlideSP,1.0,NEF,,0.0,0.0,0.0,40,1240,13,0.0,0.0,0.0,0.495,0.0,-0.019,-0.016,0.54,0.004
pim-1,RF-Scorev1(ODDT)/GlideSP,5.0,NEF,,0.495,1.597,0.495,40,1240,62,0.99,0.327,0.487,0.487,2.475,-0.021,-0.021,0.54,0.004
pim-2,RF-Scorev1(ODDT)/GlideSP,0.5,NEF,,8.85,28.548,8.85,40,1240,7,1.998,0.923,11.986,0.523,28.548,0.108,0.076,0.618,0.177
pim-2,RF-Scorev1(ODDT)/GlideSP,1.0,NEF,,7.15,23.065,7.15,40,1240,13,2.998,0.9,8.994,0.533,23.065,0.116,0.099,0.618,0.177
pim-2,RF-Scorev1(ODDT)/GlideSP,5.0,NEF,,1.523,4.913,1.523,40,1240,62,3.046,0.608,1.55,0.514,7.615,0.022,0.021,0.618,0.177
pnp,RF-Scorev1(ODDT)/GlideSP,0.5,NEF,,4.404,14.206,4.404,40,1240,7,0.994,0.832,4.968,0.51,14.206,0.047,0.033,0.596,0.134
pnp,RF-Scorev1(ODDT)/GlideSP,1.0,NEF,,4.74,15.29,4.74,40,1240,13,1.988,0.844,5.415,0.52,15.29,0.07,0.06,0.596,0.134
pnp,RF-Scorev1(ODDT)/GlideSP,5.0,NEF,,2.983,9.623,2.983,40,1240,62,5.966,0.762,3.194,0.551,14.915,0.083,0.081,0.596,0.134
ppara,RF-Scorev1(ODDT)/GlideSP,0.5,NEF,,4.991,16.1,4.991,40,1240,7,1.127,0.852,5.757,0.512,16.1,0.055,0.039,0.639,0.21
ppara,RF-Scorev1(ODDT)/GlideSP,1.0,NEF,,7.49,24.161,7.49,40,1240,13,3.141,0.905,9.558,0.535,24.161,0.122,0.104,0.639,0.21
ppara,RF-Scorev1(ODDT)/GlideSP,5.0,NEF,,3.678,11.865,3.678,40,1240,62,7.356,0.802,4.039,0.569,18.39,0.112,0.109,0.639,0.21
pparg,RF-Scorev1(ODDT)/GlideSP,0.5,NEF,,4.75,15.323,4.75,40,1240,7,1.073,0.844,5.429,0.511,15.323,0.052,0.036,0.65,0.148
pparg,RF-Scorev1(ODDT)/GlideSP,1.0,NEF,,4.75,15.323,4.75,40,1240,13,1.992,0.844,5.429,0.52,15.323,0.07,0.06,0.65,0.148
pparg,RF-Scorev1(ODDT)/GlideSP,5.0,NEF,,3.5,11.29,3.5,40,1240,62,7.0,0.792,3.818,0.565,17.5,0.105,0.102,0.65,0.148
pr,RF-Scorev1(ODDT)/GlideSP,0.5,NEF,,0.0,0.0,0.0,40,1240,7,0.0,0.0,0.0,0.497,0.0,-0.014,-0.01,0.526,0.068
pr,RF-Scorev1(ODDT)/GlideSP,1.0,NEF,,0.0,0.0,0.0,40,1240,13,0.0,0.0,0.0,0.495,0.0,-0.019,-0.016,0.526,0.068
pr,RF-Scorev1(ODDT)/GlideSP,5.0,NEF,,1.131,3.648,1.131,40,1240,62,2.262,0.532,1.136,0.503,5.655,0.005,0.005,0.526,0.068
prkcq,RF-Scorev1(ODDT)/GlideSP,0.5,NEF,,0.0,0.0,0.0,40,1240,7,0.0,0.0,0.0,0.497,0.0,-0.014,-0.01,0.567,0.007
prkcq,RF-Scorev1(ODDT)/GlideSP,1.0,NEF,,0.0,0.0,0.0,40,1240,13,0.0,0.0,0.0,0.495,0.0,-0.019,-0.016,0.567,0.007
prkcq,RF-Scorev1(ODDT)/GlideSP,5.0,NEF,,1.053,3.397,1.053,40,1240,62,2.106,0.513,1.055,0.501,5.265,0.002,0.002,0.567,0.007
pygl-in,RF-Scorev1(ODDT)/GlideSP,0.5,NEF,,0.0,0.0,0.0,40,1240,7,0.0,0.0,0.0,0.497,0.0,-0.014,-0.01,0.478,0.0
pygl-in,RF-Scorev1(ODDT)/GlideSP,1.0,NEF,,0.0,0.0,0.0,40,1240,13,0.0,0.0,0.0,0.495,0.0,-0.019,-0.016,0.478,0.0
pygl-in,RF-Scorev1(ODDT)/GlideSP,5.0,NEF,,0.0,0.0,0.0,40,1240,62,0.0,0.0,0.0,0.474,0.0,-0.042,-0.041,0.478,0.0
pygl-out,RF-Scorev1(ODDT)/GlideSP,0.5,NEF,,4.414,14.239,4.414,40,1240,7,0.997,0.833,4.981,0.51,14.239,0.047,0.033,0.495,0.074
pygl-out,RF-Scorev1(ODDT)/GlideSP,1.0,NEF,,2.38,7.677,2.38,40,1240,13,0.998,0.714,2.495,0.507,7.677,0.026,0.022,0.495,0.074
pygl-out,RF-Scorev1(ODDT)/GlideSP,5.0,NEF,,0.498,1.606,0.498,40,1240,62,0.996,0.329,0.49,0.487,2.49,-0.021,-0.02,0.495,0.074
qpct,RF-Scorev1(ODDT)/GlideSP,0.5,NEF,,0.0,0.0,0.0,40,1240,7,0.0,0.0,0.0,0.497,0.0,-0.014,-0.01,0.57,0.009
qpct,RF-Scorev1(ODDT)/GlideSP,1.0,NEF,,0.0,0.0,0.0,40,1240,13,0.0,0.0,0.0,0.495,0.0,-0.019,-0.016,0.57,0.009
qpct,RF-Scorev1(ODDT)/GlideSP,5.0,NEF,,0.499,1.61,0.499,40,1240,62,0.998,0.329,0.491,0.487,2.495,-0.021,-0.02,0.57,0.009
rock-1,RF-Scorev1(ODDT)/GlideSP,0.5,NEF,,0.0,0.0,0.0,40,1240,7,0.0,0.0,0.0,0.497,0.0,-0.014,-0.01,0.56,0.049
rock-1,RF-Scorev1(ODDT)/GlideSP,1.0,NEF,,2.32,7.484,2.32,40,1240,13,0.973,0.708,2.427,0.507,7.484,0.025,0.021,0.56,0.049
rock-1,RF-Scorev1(ODDT)/GlideSP,5.0,NEF,,0.989,3.19,0.989,40,1240,62,1.978,0.497,0.989,0.5,4.945,-0.0,-0.0,0.56,0.049
rxr,RF-Scorev1(ODDT)/GlideSP,0.5,NEF,,15.551,50.165,15.551,40,1240,7,3.512,0.968,30.198,0.542,50.165,0.2,0.141,0.727,0.518
rxr,RF-Scorev1(ODDT)/GlideSP,1.0,NEF,,18.14,58.516,18.14,40,1240,13,7.607,0.977,42.317,0.593,58.516,0.322,0.276,0.727,0.518
rxr,RF-Scorev1(ODDT)/GlideSP,5.0,NEF,,7.02,22.645,7.02,40,1240,62,14.04,0.898,8.782,0.656,35.1,0.252,0.246,0.727,0.518
sars-hcov,RF-Scorev1(ODDT)/GlideSP,0.5,NEF,,4.403,14.203,4.403,39,1209,7,0.994,0.832,4.966,0.51,14.203,0.047,0.034,0.505,0.144
sars-hcov,RF-Scorev1(ODDT)/GlideSP,1.0,NEF,,4.74,15.29,4.74,39,1209,13,1.988,0.844,5.415,0.521,15.29,0.071,0.061,0.505,0.144
sars-hcov,RF-Scorev1(ODDT)/GlideSP,5.0,NEF,,3.032,9.781,3.032,39,1209,61,5.966,0.765,3.252,0.553,15.298,0.086,0.083,0.505,0.144
sirt2,RF-Scorev1(ODDT)/GlideSP,0.5,NEF,,0.0,0.0,0.0,40,1240,7,0.0,0.0,0.0,0.497,0.0,-0.014,-0.01,0.461,0.072
sirt2,RF-Scorev1(ODDT)/GlideSP,1.0,NEF,,2.35,7.581,2.35,40,1240,13,0.985,0.711,2.461,0.507,7.581,0.025,0.022,0.461,0.072
sirt2,RF-Scorev1(ODDT)/GlideSP,5.0,NEF,,1.477,4.765,1.477,40,1240,62,2.954,0.6,1.501,0.512,7.385,0.02,0.019,0.461,0.072
src,RF-Scorev1(ODDT)/GlideSP,0.5,NEF,,0.0,0.0,0.0,40,1240,7,0.0,0.0,0.0,0.497,0.0,-0.014,-0.01,0.571,0.022
src,RF-Scorev1(ODDT)/GlideSP,1.0,NEF,,0.0,0.0,0.0,40,1240,13,0.0,0.0,0.0,0.495,0.0,-0.019,-0.016,0.571,0.022
src,RF-Scorev1(ODDT)/GlideSP,5.0,NEF,,1.018,3.284,1.018,40,1240,62,2.036,0.505,1.019,0.5,5.09,0.001,0.001,0.571,0.022
thrombin,RF-Scorev1(ODDT)/GlideSP,0.5,NEF,,4.553,14.687,4.553,40,1240,7,1.028,0.838,5.165,0.51,14.687,0.049,0.034,0.678,0.139
thrombin,RF-Scorev1(ODDT)/GlideSP,1.0,NEF,,4.9,15.806,4.9,40,1240,13,2.055,0.849,5.632,0.521,15.806,0.073,0.063,0.678,0.139
thrombin,RF-Scorev1(ODDT)/GlideSP,5.0,NEF,,2.09,6.742,2.09,40,1240,62,4.18,0.684,2.169,0.528,10.45,0.046,0.044,0.678,0.139
tie2,RF-Scorev1(ODDT)/GlideSP,0.5,NEF,,0.0,0.0,0.0,40,1240,7,0.0,0.0,0.0,0.497,0.0,-0.014,-0.01,0.644,0.054
tie2,RF-Scorev1(ODDT)/GlideSP,1.0,NEF,,0.0,0.0,0.0,40,1240,13,0.0,0.0,0.0,0.495,0.0,-0.019,-0.016,0.644,0.054
tie2,RF-Scorev1(ODDT)/GlideSP,5.0,NEF,,2.498,8.058,2.498,40,1240,62,4.996,0.724,2.629,0.539,12.49,0.063,0.061,0.644,0.054
tk,RF-Scorev1(ODDT)/GlideSP,0.5,NEF,,0.0,0.0,0.0,40,1240,7,0.0,0.0,0.0,0.497,0.0,-0.014,-0.01,0.481,0.033
tk,RF-Scorev1(ODDT)/GlideSP,1.0,NEF,,2.43,7.839,2.43,40,1240,13,1.019,0.718,2.552,0.508,7.839,0.027,0.023,0.481,0.033
tk,RF-Scorev1(ODDT)/GlideSP,5.0,NEF,,0.51,1.645,0.51,40,1240,62,1.02,0.334,0.502,0.487,2.55,-0.021,-0.02,0.481,0.033
tp,RF-Scorev1(ODDT)/GlideSP,0.5,NEF,,0.0,0.0,0.0,40,1240,7,0.0,0.0,0.0,0.497,0.0,-0.014,-0.01,0.28,0.0
tp,RF-Scorev1(ODDT)/GlideSP,1.0,NEF,,0.0,0.0,0.0,40,1240,13,0.0,0.0,0.0,0.495,0.0,-0.019,-0.016,0.28,0.0
tp,RF-Scorev1(ODDT)/GlideSP,5.0,NEF,,0.0,0.0,0.0,40,1240,62,0.0,0.0,0.0,0.474,0.0,-0.042,-0.041,0.28,0.0
tpa,RF-Scorev1(ODDT)/GlideSP,0.5,NEF,,0.0,0.0,0.0,40,1240,7,0.0,0.0,0.0,0.497,0.0,-0.014,-0.01,0.537,0.007
tpa,RF-Scorev1(ODDT)/GlideSP,1.0,NEF,,0.0,0.0,0.0,40,1240,13,0.0,0.0,0.0,0.495,0.0,-0.019,-0.016,0.537,0.007
tpa,RF-Scorev1(ODDT)/GlideSP,5.0,NEF,,1.036,3.342,1.036,40,1240,62,2.072,0.509,1.037,0.501,5.18,0.002,0.001,0.537,0.007
ts,RF-Scorev1(ODDT)/GlideSP,0.5,NEF,,8.714,28.132,8.714,40,1239,7,1.969,0.921,11.734,0.523,28.132,0.106,0.075,0.627,0.128
ts,RF-Scorev1(ODDT)/GlideSP,1.0,NEF,,4.69,15.141,4.69,40,1239,13,1.968,0.842,5.348,0.52,15.141,0.069,0.059,0.627,0.128
ts,RF-Scorev1(ODDT)/GlideSP,5.0,NEF,,1.5,4.843,1.5,40,1239,62,3.002,0.604,1.525,0.513,7.506,0.021,0.02,0.627,0.128
upa,RF-Scorev1(ODDT)/GlideSP,0.5,NEF,,0.0,0.0,0.0,40,1240,7,0.0,0.0,0.0,0.497,0.0,-0.014,-0.01,0.52,0.043
upa,RF-Scorev1(ODDT)/GlideSP,1.0,NEF,,0.0,0.0,0.0,40,1240,13,0.0,0.0,0.0,0.495,0.0,-0.019,-0.016,0.52,0.043
upa,RF-Scorev1(ODDT)/GlideSP,5.0,NEF,,1.495,4.823,1.495,40,1240,62,2.99,0.603,1.52,0.513,7.475,0.021,0.02,0.52,0.043
vegfr1,RF-Scorev1(ODDT)/GlideSP,0.5,NEF,,9.982,32.2,9.982,40,1240,7,2.254,0.934,14.248,0.526,32.2,0.124,0.087,0.657,0.193
vegfr1,RF-Scorev1(ODDT)/GlideSP,1.0,NEF,,7.49,24.161,7.49,40,1240,13,3.141,0.905,9.558,0.535,24.161,0.122,0.104,0.657,0.193
vegfr1,RF-Scorev1(ODDT)/GlideSP,5.0,NEF,,2.627,8.474,2.627,40,1240,62,5.254,0.735,2.778,0.542,13.135,0.068,0.066,0.657,0.193
vegfr2,RF-Scorev1(ODDT)/GlideSP,0.5,NEF,,0.0,0.0,0.0,40,1240,7,0.0,0.0,0.0,0.497,0.0,-0.014,-0.01,0.587,0.065
vegfr2,RF-Scorev1(ODDT)/GlideSP,1.0,NEF,,2.41,7.774,2.41,40,1240,13,1.011,0.717,2.529,0.508,7.774,0.026,0.023,0.587,0.065
vegfr2,RF-Scorev1(ODDT)/GlideSP,5.0,NEF,,1.026,3.31,1.026,40,1240,62,2.052,0.507,1.027,0.501,5.13,0.001,0.001,0.587,0.065
11betahsd1,RF-Scorev2(ODDT)/GlideSP,0.5,NEF,,0.0,0.0,0.0,40,1240,7,0.0,0.0,0.0,0.497,0.0,-0.014,-0.01,0.472,0.125
11betahsd1,RF-Scorev2(ODDT)/GlideSP,1.0,NEF,,5.03,16.226,5.03,40,1240,13,2.109,0.853,5.811,0.522,16.226,0.076,0.065,0.472,0.125
11betahsd1,RF-Scorev2(ODDT)/GlideSP,5.0,NEF,,2.046,6.6,2.046,40,1240,62,4.092,0.679,2.12,0.527,10.23,0.044,0.043,0.472,0.125
17betahsd1,RF-Scorev2(ODDT)/GlideSP,0.5,NEF,,4.382,14.135,4.382,40,1240,7,0.989,0.832,4.939,0.51,14.135,0.047,0.033,0.365,0.078
17betahsd1,RF-Scorev2(ODDT)/GlideSP,1.0,NEF,,2.36,7.613,2.36,40,1240,13,0.99,0.712,2.472,0.507,7.613,0.026,0.022,0.365,0.078
17betahsd1,RF-Scorev2(ODDT)/GlideSP,5.0,NEF,,0.99,3.194,0.99,40,1240,62,1.98,0.497,0.99,0.5,4.95,-0.0,-0.0,0.365,0.078
a2a,RF-Scorev2(ODDT)/GlideSP,0.5,NEF,,0.0,0.0,0.0,40,1240,7,0.0,0.0,0.0,0.497,0.0,-0.014,-0.01,0.752,0.123
a2a,RF-Scorev2(ODDT)/GlideSP,1.0,NEF,,2.36,7.613,2.36,40,1240,13,0.99,0.712,2.472,0.507,7.613,0.026,0.022,0.752,0.123
a2a,RF-Scorev2(ODDT)/GlideSP,5.0,NEF,,4.456,14.374,4.456,40,1240,62,8.912,0.834,5.036,0.589,22.28,0.145,0.141,0.752,0.123
ace,RF-Scorev2(ODDT)/GlideSP,0.5,NEF,,4.411,14.229,4.411,40,1240,7,0.996,0.833,4.977,0.51,14.229,0.047,0.033,0.54,0.138
ace,RF-Scorev2(ODDT)/GlideSP,1.0,NEF,,4.75,15.323,4.75,40,1240,13,1.992,0.844,5.429,0.52,15.323,0.07,0.06,0.54,0.138
ace,RF-Scorev2(ODDT)/GlideSP,5.0,NEF,,1.992,6.426,1.992,40,1240,62,3.984,0.673,2.06,0.526,9.96,0.042,0.04,0.54,0.138
ace2,RF-Scorev2(ODDT)/GlideSP,0.5,NEF,,13.275,42.823,13.275,40,1240,7,2.998,0.957,22.468,0.536,42.823,0.169,0.119,0.616,0.272
ace2,RF-Scorev2(ODDT)/GlideSP,1.0,NEF,,9.53,30.742,9.53,40,1240,13,3.996,0.93,13.316,0.546,30.742,0.16,0.137,0.616,0.272
ace2,RF-Scorev2(ODDT)/GlideSP,5.0,NEF,,3.997,12.894,3.997,40,1240,62,7.994,0.816,4.441,0.577,19.985,0.126,0.122,0.616,0.272
ache,RF-Scorev2(ODDT)/GlideSP,0.5,NEF,,4.361,14.068,4.361,40,1240,7,0.985,0.831,4.911,0.51,14.068,0.046,0.033,0.555,0.086
ache,RF-Scorev2(ODDT)/GlideSP,1.0,NEF,,2.35,7.581,2.35,40,1240,13,0.985,0.711,2.461,0.507,7.581,0.025,0.022,0.555,0.086
ache,RF-Scorev2(ODDT)/GlideSP,5.0,NEF,,1.969,6.352,1.969,40,1240,62,3.938,0.67,2.035,0.525,9.845,0.041,0.04,0.555,0.086
adam17,RF-Scorev2(ODDT)/GlideSP,0.5,NEF,,4.393,14.171,4.393,40,1240,7,0.992,0.832,4.953,0.51,14.171,0.047,0.033,0.41,0.067
adam17,RF-Scorev2(ODDT)/GlideSP,1.0,NEF,,2.37,7.645,2.37,40,1240,13,0.994,0.713,2.483,0.507,7.645,0.026,0.022,0.41,0.067
adam17,RF-Scorev2(ODDT)/GlideSP,5.0,NEF,,1.488,4.8,1.488,40,1240,62,2.976,0.602,1.513,0.513,7.44,0.02,0.02,0.41,0.067
adrb2,RF-Scorev2(ODDT)/GlideSP,0.5,NEF,,0.0,0.0,0.0,40,1240,7,0.0,0.0,0.0,0.497,0.0,-0.014,-0.01,0.544,0.095
adrb2,RF-Scorev2(ODDT)/GlideSP,1.0,NEF,,2.4,7.742,2.4,40,1240,13,1.006,0.716,2.517,0.508,7.742,0.026,0.023,0.544,0.095
adrb2,RF-Scorev2(ODDT)/GlideSP,5.0,NEF,,2.481,8.003,2.481,40,1240,62,4.962,0.723,2.61,0.538,12.405,0.062,0.06,0.544,0.095
akt1,RF-Scorev2(ODDT)/GlideSP,0.5,NEF,,0.0,0.0,0.0,40,1240,7,0.0,0.0,0.0,0.497,0.0,-0.014,-0.01,0.608,0.023
akt1,RF-Scorev2(ODDT)/GlideSP,1.0,NEF,,0.0,0.0,0.0,40,1240,13,0.0,0.0,0.0,0.495,0.0,-0.019,-0.016,0.608,0.023
akt1,RF-Scorev2(ODDT)/GlideSP,5.0,NEF,,1.01,3.258,1.01,40,1240,62,2.02,0.503,1.01,0.5,5.05,0.0,0.0,0.608,0.023
alr2,RF-Scorev2(ODDT)/GlideSP,0.5,NEF,,0.0,0.0,0.0,40,1240,7,0.0,0.0,0.0,0.497,0.0,-0.014,-0.01,0.415,0.003
alr2,RF-Scorev2(ODDT)/GlideSP,1.0,NEF,,0.0,0.0,0.0,40,1240,13,0.0,0.0,0.0,0.495,0.0,-0.019,-0.016,0.415,0.003
alr2,RF-Scorev2(ODDT)/GlideSP,5.0,NEF,,0.494,1.594,0.494,40,1240,62,0.988,0.327,0.486,0.487,2.47,-0.021,-0.021,0.415,0.003
ar,RF-Scorev2(ODDT)/GlideSP,0.5,NEF,,0.0,0.0,0.0,40,1240,7,0.0,0.0,0.0,0.497,0.0,-0.014,-0.01,0.551,0.116
ar,RF-Scorev2(ODDT)/GlideSP,1.0,NEF,,3.22,10.387,3.22,40,1240,13,1.35,0.777,3.477,0.512,10.387,0.042,0.036,0.551,0.116
ar,RF-Scorev2(ODDT)/GlideSP,5.0,NEF,,1.411,4.552,1.411,40,1240,62,2.822,0.589,1.431,0.511,7.055,0.017,0.017,0.551,0.116
aurka,RF-Scorev2(ODDT)/GlideSP,0.5,NEF,,0.0,0.0,0.0,40,1240,7,0.0,0.0,0.0,0.497,0.0,-0.014,-0.01,0.673,0.072
aurka,RF-Scorev2(ODDT)/GlideSP,1.0,NEF,,2.39,7.71,2.39,40,1240,13,1.002,0.715,2.506,0.508,7.71,0.026,0.022,0.673,0.072
aurka,RF-Scorev2(ODDT)/GlideSP,5.0,NEF,,2.543,8.203,2.543,40,1240,62,5.086,0.728,2.681,0.54,12.715,0.065,0.063,0.673,0.072
aurkb,RF-Scorev2(ODDT)/GlideSP,0.5,NEF,,13.018,41.994,13.018,40,1240,7,2.94,0.956,21.718,0.535,41.994,0.165,0.117,0.679,0.283
aurkb,RF-Scorev2(ODDT)/GlideSP,1.0,NEF,,7.01,22.613,7.01,40,1240,13,2.94,0.898,8.766,0.533,22.613,0.113,0.097,0.679,0.283
aurkb,RF-Scorev2(ODDT)/GlideSP,5.0,NEF,,5.477,17.668,5.477,40,1240,62,10.954,0.866,6.438,0.616,27.385,0.188,0.183,0.679,0.283
bcl2,RF-Scorev2(ODDT)/GlideSP,0.5,NEF,,13.104,42.271,13.104,40,1240,7,2.959,0.956,21.967,0.535,42.271,0.167,0.117,0.763,0.317
bcl2,RF-Scorev2(ODDT)/GlideSP,1.0,NEF,,9.41,30.355,9.41,40,1240,13,3.946,0.929,13.075,0.546,30.355,0.158,0.135,0.763,0.317
bcl2,RF-Scorev2(ODDT)/GlideSP,5.0,NEF,,6.411,20.681,6.411,40,1240,62,12.822,0.887,7.822,0.64,32.055,0.227,0.221,0.763,0.317
braf,RF-Scorev2(ODDT)/GlideSP,0.5,NEF,,0.0,0.0,0.0,40,1240,7,0.0,0.0,0.0,0.497,0.0,-0.014,-0.01,0.595,0.013
braf,RF-Scorev2(ODDT)/GlideSP,1.0,NEF,,0.0,0.0,0.0,40,1240,13,0.0,0.0,0.0,0.495,0.0,-0.019,-0.016,0.595,0.013
braf,RF-Scorev2(ODDT)/GlideSP,5.0,NEF,,0.508,1.639,0.508,40,1240,62,1.016,0.333,0.5,0.487,2.54,-0.021,-0.02,0.595,0.013
catl,RF-Scorev2(ODDT)/GlideSP,0.5,NEF,,4.404,14.206,4.404,40,1240,7,0.994,0.832,4.968,0.51,14.206,0.047,0.033,0.639,0.161
catl,RF-Scorev2(ODDT)/GlideSP,1.0,NEF,,4.74,15.29,4.74,40,1240,13,1.988,0.844,5.415,0.52,15.29,0.07,0.06,0.639,0.161
catl,RF-Scorev2(ODDT)/GlideSP,5.0,NEF,,3.48,11.226,3.48,40,1240,62,6.96,0.791,3.794,0.564,17.4,0.104,0.101,0.639,0.161
cdk2,RF-Scorev2(ODDT)/GlideSP,0.5,NEF,,4.983,16.074,4.983,40,1240,7,1.125,0.852,5.746,0.512,16.074,0.055,0.039,0.64,0.08
cdk2,RF-Scorev2(ODDT)/GlideSP,1.0,NEF,,2.49,8.032,2.49,40,1240,13,1.044,0.724,2.62,0.508,8.032,0.028,0.024,0.64,0.08
cdk2,RF-Scorev2(ODDT)/GlideSP,5.0,NEF,,1.993,6.429,1.993,40,1240,62,3.986,0.673,2.061,0.526,9.965,0.042,0.041,0.64,0.08
cox1,RF-Scorev2(ODDT)/GlideSP,0.5,NEF,,0.0,0.0,0.0,40,1240,7,0.0,0.0,0.0,0.497,0.0,-0.014,-0.01,0.417,0.002
cox1,RF-Scorev2(ODDT)/GlideSP,1.0,NEF,,0.0,0.0,0.0,40,1240,13,0.0,0.0,0.0,0.495,0.0,-0.019,-0.016,0.417,0.002
cox1,RF-Scorev2(ODDT)/GlideSP,5.0,NEF,,0.0,0.0,0.0,40,1240,62,0.0,0.0,0.0,0.474,0.0,-0.042,-0.041,0.417,0.002
cox2,RF-Scorev2(ODDT)/GlideSP,0.5,NEF,,0.0,0.0,0.0,40,1240,7,0.0,0.0,0.0,0.497,0.0,-0.014,-0.01,0.39,0.001
cox2,RF-Scorev2(ODDT)/GlideSP,1.0,NEF,,0.0,0.0,0.0,40,1240,13,0.0,0.0,0.0,0.495,0.0,-0.019,-0.016,0.39,0.001
cox2,RF-Scorev2(ODDT)/GlideSP,5.0,NEF,,0.0,0.0,0.0,40,1240,62,0.0,0.0,0.0,0.474,0.0,-0.042,-0.041,0.39,0.001
ctsk,RF-Scorev2(ODDT)/GlideSP,0.5,NEF,,4.411,14.229,4.411,40,1240,7,0.996,0.833,4.977,0.51,14.229,0.047,0.033,0.62,0.119
ctsk,RF-Scorev2(ODDT)/GlideSP,1.0,NEF,,2.38,7.677,2.38,40,1240,13,0.998,0.714,2.495,0.507,7.677,0.026,0.022,0.62,0.119
ctsk,RF-Scorev2(ODDT)/GlideSP,5.0,NEF,,2.988,9.639,2.988,40,1240,62,5.976,0.762,3.2,0.551,14.94,0.083,0.081,0.62,0.119
cyp2a6,RF-Scorev2(ODDT)/GlideSP,0.5,NEF,,0.0,0.0,0.0,40,1240,7,0.0,0.0,0.0,0.497,0.0,-0.014,-0.01,0.381,0.0
cyp2a6,RF-Scorev2(ODDT)/GlideSP,1.0,NEF,,0.0,0.0,0.0,40,1240,13,0.0,0.0,0.0,0.495,0.0,-0.019,-0.016,0.381,0.0
cyp2a6,RF-Scorev2(ODDT)/GlideSP,5.0,NEF,,0.0,0.0,0.0,40,1240,62,0.0,0.0,0.0,0.474,0.0,-0.042,-0.041,0.381,0.0
dhfr,RF-Scorev2(ODDT)/GlideSP,0.5,NEF,,0.0,0.0,0.0,40,1240,7,0.0,0.0,0.0,0.497,0.0,-0.014,-0.01,0.662,0.034
dhfr,RF-Scorev2(ODDT)/GlideSP,1.0,NEF,,0.0,0.0,0.0,40,1240,13,0.0,0.0,0.0,0.495,0.0,-0.019,-0.016,0.662,0.034
dhfr,RF-Scorev2(ODDT)/GlideSP,5.0,NEF,,1.481,4.777,1.481,40,1240,62,2.962,0.601,1.505,0.512,7.405,0.02,0.02,0.662,0.034
egfr,RF-Scorev2(ODDT)/GlideSP,0.5,NEF,,4.414,14.239,4.414,40,1240,7,0.997,0.833,4.981,0.51,14.239,0.047,0.033,0.625,0.112
egfr,RF-Scorev2(ODDT)/GlideSP,1.0,NEF,,4.75,15.323,4.75,40,1240,13,1.992,0.844,5.429,0.52,15.323,0.07,0.06,0.625,0.112
egfr,RF-Scorev2(ODDT)/GlideSP,5.0,NEF,,2.026,6.535,2.026,40,1240,62,4.052,0.677,2.098,0.527,10.13,0.043,0.042,0.625,0.112
ephb4,RF-Scorev2(ODDT)/GlideSP,0.5,NEF,,4.336,13.987,4.336,40,1240,7,0.979,0.83,4.878,0.51,13.987,0.046,0.032,0.745,0.225
ephb4,RF-Scorev2(ODDT)/GlideSP,1.0,NEF,,4.67,15.065,4.67,40,1240,13,1.958,0.842,5.321,0.52,15.065,0.069,0.059,0.745,0.225
ephb4,RF-Scorev2(ODDT)/GlideSP,5.0,NEF,,5.473,17.655,5.473,40,1240,62,10.946,0.865,6.432,0.616,27.365,0.187,0.183,0.745,0.225
erbb2,RF-Scorev2(ODDT)/GlideSP,0.5,NEF,,14.8,47.742,14.8,40,1240,7,3.342,0.965,27.407,0.54,47.742,0.19,0.134,0.785,0.311
erbb2,RF-Scorev2(ODDT)/GlideSP,1.0,NEF,,12.33,39.774,12.33,40,1240,13,5.171,0.952,19.813,0.561,39.774,0.213,0.182,0.785,0.311
erbb2,RF-Scorev2(ODDT)/GlideSP,5.0,NEF,,3.947,12.732,3.947,40,1240,62,7.894,0.814,4.377,0.576,19.735,0.123,0.12,0.785,0.311
er-beta,RF-Scorev2(ODDT)/GlideSP,0.5,NEF,,5.717,18.442,5.717,40,1240,7,1.291,0.872,6.784,0.514,18.442,0.065,0.046,0.31,0.14
er-beta,RF-Scorev2(ODDT)/GlideSP,1.0,NEF,,3.18,10.258,3.18,40,1240,13,1.334,0.774,3.429,0.512,10.258,0.041,0.035,0.31,0.14
er-beta,RF-Scorev2(ODDT)/GlideSP,5.0,NEF,,2.042,6.587,2.042,40,1240,62,4.084,0.679,2.115,0.527,10.21,0.044,0.043,0.31,0.14
fgfr1,RF-Scorev2(ODDT)/GlideSP,0.5,NEF,,0.0,0.0,0.0,40,1240,7,0.0,0.0,0.0,0.497,0.0,-0.014,-0.01,0.71,0.069
fgfr1,RF-Scorev2(ODDT)/GlideSP,1.0,NEF,,0.0,0.0,0.0,40,1240,13,0.0,0.0,0.0,0.495,0.0,-0.019,-0.016,0.71,0.069
fgfr1,RF-Scorev2(ODDT)/GlideSP,5.0,NEF,,2.498,8.058,2.498,40,1240,62,4.996,0.724,2.629,0.539,12.49,0.063,0.061,0.71,0.069
fkbp1a,RF-Scorev2(ODDT)/GlideSP,0.5,NEF,,0.0,0.0,0.0,40,1240,7,0.0,0.0,0.0,0.497,0.0,-0.014,-0.01,0.368,0.0
fkbp1a,RF-Scorev2(ODDT)/GlideSP,1.0,NEF,,0.0,0.0,0.0,40,1240,13,0.0,0.0,0.0,0.495,0.0,-0.019,-0.016,0.368,0.0
fkbp1a,RF-Scorev2(ODDT)/GlideSP,5.0,NEF,,0.0,0.0,0.0,40,1240,62,0.0,0.0,0.0,0.474,0.0,-0.042,-0.041,0.368,0.0
fxa,RF-Scorev2(ODDT)/GlideSP,0.5,NEF,,20.393,65.784,20.393,40,1240,7,4.605,0.983,57.678,0.557,65.784,0.267,0.188,0.779,0.404
fxa,RF-Scorev2(ODDT)/GlideSP,1.0,NEF,,15.29,49.323,15.29,40,1240,13,6.412,0.967,29.198,0.577,49.323,0.269,0.23,0.779,0.404
fxa,RF-Scorev2(ODDT)/GlideSP,5.0,NEF,,6.628,21.381,6.628,40,1240,62,13.256,0.891,8.159,0.645,33.14,0.236,0.23,0.779,0.404
gba,RF-Scorev2(ODDT)/GlideSP,0.5,NEF,,0.0,0.0,0.0,40,1240,7,0.0,0.0,0.0,0.497,0.0,-0.014,-0.01,0.566,0.109
gba,RF-Scorev2(ODDT)/GlideSP,1.0,NEF,,4.75,15.323,4.75,40,1240,13,1.992,0.844,5.429,0.52,15.323,0.07,0.06,0.566,0.109
gba,RF-Scorev2(ODDT)/GlideSP,5.0,NEF,,2.988,9.639,2.988,40,1240,62,5.976,0.762,3.2,0.551,14.94,0.083,0.081,0.566,0.109
gr,RF-Scorev2(ODDT)/GlideSP,0.5,NEF,,0.0,0.0,0.0,40,1240,7,0.0,0.0,0.0,0.497,0.0,-0.014,-0.01,0.526,0.005
gr,RF-Scorev2(ODDT)/GlideSP,1.0,NEF,,0.0,0.0,0.0,40,1240,13,0.0,0.0,0.0,0.495,0.0,-0.019,-0.016,0.526,0.005
gr,RF-Scorev2(ODDT)/GlideSP,5.0,NEF,,0.986,3.181,0.986,40,1240,62,1.972,0.496,0.986,0.5,4.93,-0.001,-0.001,0.526,0.005
gsk3b,RF-Scorev2(ODDT)/GlideSP,0.5,NEF,,12.921,41.681,12.921,40,1240,7,2.918,0.955,21.441,0.535,41.681,0.164,0.116,0.665,0.245
gsk3b,RF-Scorev2(ODDT)/GlideSP,1.0,NEF,,6.96,22.452,6.96,40,1240,13,2.919,0.897,8.686,0.532,22.452,0.112,0.096,0.665,0.245
gsk3b,RF-Scorev2(ODDT)/GlideSP,5.0,NEF,,4.448,14.348,4.448,40,1240,62,8.896,0.834,5.026,0.589,22.24,0.144,0.141,0.665,0.245
hdac2,RF-Scorev2(ODDT)/GlideSP,0.5,NEF,,4.336,13.987,4.336,40,1240,7,0.979,0.83,4.878,0.51,13.987,0.046,0.032,0.628,0.071
hdac2,RF-Scorev2(ODDT)/GlideSP,1.0,NEF,,2.33,7.516,2.33,40,1240,13,0.977,0.709,2.438,0.507,7.516,0.025,0.021,0.628,0.071
hdac2,RF-Scorev2(ODDT)/GlideSP,5.0,NEF,,1.493,4.816,1.493,40,1240,62,2.986,0.603,1.518,0.513,7.465,0.021,0.02,0.628,0.071
hdac8,RF-Scorev2(ODDT)/GlideSP,0.5,NEF,,0.0,0.0,0.0,40,1240,7,0.0,0.0,0.0,0.497,0.0,-0.014,-0.01,0.332,0.0
hdac8,RF-Scorev2(ODDT)/GlideSP,1.0,NEF,,0.0,0.0,0.0,40,1240,13,0.0,0.0,0.0,0.495,0.0,-0.019,-0.016,0.332,0.0
hdac8,RF-Scorev2(ODDT)/GlideSP,5.0,NEF,,0.0,0.0,0.0,40,1240,62,0.0,0.0,0.0,0.474,0.0,-0.042,-0.041,0.332,0.0
hiv1pr,RF-Scorev2(ODDT)/GlideSP,0.5,NEF,,23.475,75.726,23.475,40,1240,7,5.301,0.989,93.588,0.566,75.726,0.309,0.218,0.882,0.72
hiv1pr,RF-Scorev2(ODDT)/GlideSP,1.0,NEF,,25.28,81.548,25.28,40,1240,13,10.601,0.993,132.587,0.632,81.548,0.456,0.39,0.882,0.72
hiv1pr,RF-Scorev2(ODDT)/GlideSP,5.0,NEF,,12.392,39.974,12.392,40,1240,62,24.784,0.952,19.979,0.794,61.96,0.477,0.465,0.882,0.72
hiv1rt,RF-Scorev2(ODDT)/GlideSP,0.5,NEF,,0.0,0.0,0.0,40,1240,7,0.0,0.0,0.0,0.497,0.0,-0.014,-0.01,0.596,0.069
hiv1rt,RF-Scorev2(ODDT)/GlideSP,1.0,NEF,,2.46,7.935,2.46,40,1240,13,1.032,0.721,2.586,0.508,7.935,0.027,0.023,0.596,0.069
hiv1rt,RF-Scorev2(ODDT)/GlideSP,5.0,NEF,,2.1,6.774,2.1,40,1240,62,4.2,0.686,2.18,0.528,10.5,0.046,0.045,0.596,0.069
hmgr,RF-Scorev2(ODDT)/GlideSP,0.5,NEF,,0.0,0.0,0.0,40,1240,7,0.0,0.0,0.0,0.497,0.0,-0.014,-0.01,0.463,0.054
hmgr,RF-Scorev2(ODDT)/GlideSP,1.0,NEF,,2.38,7.677,2.38,40,1240,13,0.998,0.714,2.495,0.507,7.677,0.026,0.022,0.463,0.054
hmgr,RF-Scorev2(ODDT)/GlideSP,5.0,NEF,,1.995,6.435,1.995,40,1240,62,3.99,0.674,2.063,0.526,9.975,0.042,0.041,0.463,0.054
hsp90,RF-Scorev2(ODDT)/GlideSP,0.5,NEF,,4.336,13.987,4.336,40,1240,7,0.979,0.83,4.878,0.51,13.987,0.046,0.032,0.572,0.134
hsp90,RF-Scorev2(ODDT)/GlideSP,1.0,NEF,,2.33,7.516,2.33,40,1240,13,0.977,0.709,2.438,0.507,7.516,0.025,0.021,0.572,0.134
hsp90,RF-Scorev2(ODDT)/GlideSP,5.0,NEF,,2.488,8.026,2.488,40,1240,62,4.976,0.724,2.618,0.538,12.44,0.062,0.061,0.572,0.134
igf1r,RF-Scorev2(ODDT)/GlideSP,0.5,NEF,,0.0,0.0,0.0,40,1240,7,0.0,0.0,0.0,0.497,0.0,-0.014,-0.01,0.774,0.113
igf1r,RF-Scorev2(ODDT)/GlideSP,1.0,NEF,,2.48,8.0,2.48,40,1240,13,1.04,0.723,2.609,0.508,8.0,0.028,0.024,0.774,0.113
igf1r,RF-Scorev2(ODDT)/GlideSP,5.0,NEF,,4.04,13.032,4.04,40,1240,62,8.08,0.818,4.496,0.579,20.2,0.127,0.124,0.774,0.113
inha,RF-Scorev2(ODDT)/GlideSP,0.5,NEF,,0.0,0.0,0.0,40,1240,7,0.0,0.0,0.0,0.497,0.0,-0.014,-0.01,0.371,0.012
inha,RF-Scorev2(ODDT)/GlideSP,1.0,NEF,,0.0,0.0,0.0,40,1240,13,0.0,0.0,0.0,0.495,0.0,-0.019,-0.016,0.371,0.012
inha,RF-Scorev2(ODDT)/GlideSP,5.0,NEF,,0.494,1.594,0.494,40,1240,62,0.988,0.327,0.486,0.487,2.47,-0.021,-0.021,0.371,0.012
itk,RF-Scorev2(ODDT)/GlideSP,0.5,NEF,,8.7,28.065,8.7,40,1240,7,1.965,0.921,11.704,0.522,28.065,0.106,0.075,0.695,0.13
itk,RF-Scorev2(ODDT)/GlideSP,1.0,NEF,,4.68,15.097,4.68,40,1240,13,1.963,0.842,5.334,0.52,15.097,0.069,0.059,0.695,0.13
itk,RF-Scorev2(ODDT)/GlideSP,5.0,NEF,,2.496,8.052,2.496,40,1240,62,4.992,0.724,2.627,0.539,12.48,0.063,0.061,0.695,0.13
jak3,RF-Scorev2(ODDT)/GlideSP,0.5,NEF,,4.988,16.09,4.988,40,1240,7,1.126,0.852,5.753,0.512,16.09,0.055,0.039,0.755,0.25
jak3,RF-Scorev2(ODDT)/GlideSP,1.0,NEF,,7.48,24.129,7.48,40,1240,13,3.137,0.905,9.541,0.535,24.129,0.122,0.104,0.755,0.25
jak3,RF-Scorev2(ODDT)/GlideSP,5.0,NEF,,3.491,11.261,3.491,40,1240,62,6.982,0.792,3.807,0.564,17.455,0.104,0.102,0.755,0.25
jnk1,RF-Scorev2(ODDT)/GlideSP,0.5,NEF,,0.0,0.0,0.0,40,1240,7,0.0,0.0,0.0,0.497,0.0,-0.014,-0.01,0.746,0.131
jnk1,RF-Scorev2(ODDT)/GlideSP,1.0,NEF,,5.25,16.935,5.25,40,1240,13,2.202,0.859,6.117,0.523,16.935,0.08,0.068,0.746,0.131
jnk1,RF-Scorev2(ODDT)/GlideSP,5.0,NEF,,2.625,8.468,2.625,40,1240,62,5.25,0.735,2.775,0.542,13.125,0.068,0.066,0.746,0.131
jnk2,RF-Scorev2(ODDT)/GlideSP,0.5,NEF,,0.0,0.0,0.0,40,1240,7,0.0,0.0,0.0,0.497,0.0,-0.014,-0.01,0.587,0.033
jnk2,RF-Scorev2(ODDT)/GlideSP,1.0,NEF,,0.0,0.0,0.0,40,1240,13,0.0,0.0,0.0,0.495,0.0,-0.019,-0.016,0.587,0.033
jnk2,RF-Scorev2(ODDT)/GlideSP,5.0,NEF,,1.018,3.284,1.018,40,1240,62,2.036,0.505,1.019,0.5,5.09,0.001,0.001,0.587,0.033
jnk3,RF-Scorev2(ODDT)/GlideSP,0.5,NEF,,8.857,28.571,8.857,40,1240,7,2.0,0.923,12.0,0.523,28.571,0.108,0.076,0.691,0.256
jnk3,RF-Scorev2(ODDT)/GlideSP,1.0,NEF,,9.54,30.774,9.54,40,1240,13,4.001,0.93,13.336,0.546,30.774,0.16,0.137,0.691,0.256
jnk3,RF-Scorev2(ODDT)/GlideSP,5.0,NEF,,4.066,13.116,4.066,40,1240,62,8.132,0.819,4.529,0.579,20.33,0.128,0.125,0.691,0.256
kif11,RF-Scorev2(ODDT)/GlideSP,0.5,NEF,,4.318,13.929,4.318,40,1240,7,0.975,0.829,4.855,0.51,13.929,0.046,0.032,0.633,0.175
kif11,RF-Scorev2(ODDT)/GlideSP,1.0,NEF,,4.65,15.0,4.65,40,1240,13,1.95,0.841,5.294,0.52,15.0,0.069,0.059,0.633,0.175
kif11,RF-Scorev2(ODDT)/GlideSP,5.0,NEF,,3.468,11.187,3.468,40,1240,62,6.936,0.791,3.779,0.564,17.34,0.103,0.101,0.633,0.175
lck,RF-Scorev2(ODDT)/GlideSP,0.5,NEF,,0.0,0.0,0.0,40,1240,7,0.0,0.0,0.0,0.497,0.0,-0.014,-0.01,0.659,0.004
lck,RF-Scorev2(ODDT)/GlideSP,1.0,NEF,,0.0,0.0,0.0,40,1240,13,0.0,0.0,0.0,0.495,0.0,-0.019,-0.016,0.659,0.004
lck,RF-Scorev2(ODDT)/GlideSP,5.0,NEF,,0.493,1.59,0.493,40,1240,62,0.986,0.327,0.485,0.487,2.465,-0.021,-0.021,0.659,0.004
mdm2,RF-Scorev2(ODDT)/GlideSP,0.5,NEF,,0.0,0.0,0.0,40,1240,7,0.0,0.0,0.0,0.497,0.0,-0.014,-0.01,0.321,0.019
mdm2,RF-Scorev2(ODDT)/GlideSP,1.0,NEF,,0.0,0.0,0.0,40,1240,13,0.0,0.0,0.0,0.495,0.0,-0.019,-0.016,0.321,0.019
mdm2,RF-Scorev2(ODDT)/GlideSP,5.0,NEF,,0.998,3.219,0.998,40,1240,62,1.996,0.499,0.998,0.5,4.99,-0.0,-0.0,0.321,0.019
mk2,RF-Scorev2(ODDT)/GlideSP,0.5,NEF,,5.243,16.913,5.243,40,1240,7,1.184,0.859,6.107,0.512,16.913,0.058,0.041,0.756,0.18
mk2,RF-Scorev2(ODDT)/GlideSP,1.0,NEF,,5.24,16.903,5.24,40,1240,13,2.197,0.859,6.102,0.523,16.903,0.08,0.068,0.756,0.18
mk2,RF-Scorev2(ODDT)/GlideSP,5.0,NEF,,2.666,8.6,2.666,40,1240,62,5.332,0.738,2.823,0.543,13.33,0.07,0.068,0.756,0.18
mmp2,RF-Scorev2(ODDT)/GlideSP,0.5,NEF,,0.0,0.0,0.0,40,1240,7,0.0,0.0,0.0,0.497,0.0,-0.014,-0.01,0.449,0.032
mmp2,RF-Scorev2(ODDT)/GlideSP,1.0,NEF,,0.0,0.0,0.0,40,1240,13,0.0,0.0,0.0,0.495,0.0,-0.019,-0.016,0.449,0.032
mmp2,RF-Scorev2(ODDT)/GlideSP,5.0,NEF,,0.99,3.194,0.99,40,1240,62,1.98,0.497,0.99,0.5,4.95,-0.0,-0.0,0.449,0.032
na,RF-Scorev2(ODDT)/GlideSP,0.5,NEF,,0.0,0.0,0.0,40,1240,7,0.0,0.0,0.0,0.497,0.0,-0.014,-0.01,0.691,0.006
na,RF-Scorev2(ODDT)/GlideSP,1.0,NEF,,0.0,0.0,0.0,40,1240,13,0.0,0.0,0.0,0.495,0.0,-0.019,-0.016,0.691,0.006
na,RF-Scorev2(ODDT)/GlideSP,5.0,NEF,,0.999,3.223,0.999,40,1240,62,1.998,0.5,0.999,0.5,4.995,-0.0,-0.0,0.691,0.006
p38-alpha,RF-Scorev2(ODDT)/GlideSP,0.5,NEF,,0.0,0.0,0.0,40,1240,7,0.0,0.0,0.0,0.497,0.0,-0.014,-0.01,0.732,0.043
p38-alpha,RF-Scorev2(ODDT)/GlideSP,1.0,NEF,,0.0,0.0,0.0,40,1240,13,0.0,0.0,0.0,0.495,0.0,-0.019,-0.016,0.732,0.043
p38-alpha,RF-Scorev2(ODDT)/GlideSP,5.0,NEF,,1.971,6.358,1.971,40,1240,62,3.942,0.671,2.037,0.525,9.855,0.041,0.04,0.732,0.043
parp-1,RF-Scorev2(ODDT)/GlideSP,0.5,NEF,,4.307,13.894,4.307,40,1240,7,0.973,0.829,4.841,0.51,13.894,0.045,0.032,0.618,0.101
parp-1,RF-Scorev2(ODDT)/GlideSP,1.0,NEF,,2.32,7.484,2.32,40,1240,13,0.973,0.708,2.427,0.507,7.484,0.025,0.021,0.618,0.101
parp-1,RF-Scorev2(ODDT)/GlideSP,5.0,NEF,,2.471,7.971,2.471,40,1240,62,4.942,0.722,2.598,0.538,12.355,0.062,0.06,0.618,0.101
pde4b,RF-Scorev2(ODDT)/GlideSP,0.5,NEF,,0.0,0.0,0.0,40,1240,7,0.0,0.0,0.0,0.497,0.0,-0.014,-0.01,0.556,0.041
pde4b,RF-Scorev2(ODDT)/GlideSP,1.0,NEF,,0.0,0.0,0.0,40,1240,13,0.0,0.0,0.0,0.495,0.0,-0.019,-0.016,0.556,0.041
pde4b,RF-Scorev2(ODDT)/GlideSP,5.0,NEF,,2.484,8.013,2.484,40,1240,62,4.968,0.723,2.613,0.538,12.42,0.062,0.061,0.556,0.041
pde5,RF-Scorev2(ODDT)/GlideSP,0.5,NEF,,4.609,14.868,4.609,40,1240,7,1.041,0.84,5.239,0.511,14.868,0.05,0.035,0.642,0.084
pde5,RF-Scorev2(ODDT)/GlideSP,1.0,NEF,,2.48,8.0,2.48,40,1240,13,1.04,0.723,2.609,0.508,8.0,0.028,0.024,0.642,0.084
pde5,RF-Scorev2(ODDT)/GlideSP,5.0,NEF,,1.041,3.358,1.041,40,1240,62,2.082,0.51,1.042,0.501,5.205,0.002,0.002,0.642,0.084
pdk1,RF-Scorev2(ODDT)/GlideSP,0.5,NEF,,0.0,0.0,0.0,40,1240,7,0.0,0.0,0.0,0.497,0.0,-0.014,-0.01,0.648,0.13
pdk1,RF-Scorev2(ODDT)/GlideSP,1.0,NEF,,4.88,15.742,4.88,40,1240,13,2.046,0.849,5.605,0.521,15.742,0.073,0.062,0.648,0.13
pdk1,RF-Scorev2(ODDT)/GlideSP,5.0,NEF,,3.122,10.071,3.122,40,1240,62,6.244,0.771,3.36,0.555,15.61,0.089,0.087,0.648,0.13
pi3kg,RF-Scorev2(ODDT)/GlideSP,0.5,NEF,,8.864,28.594,8.864,40,1240,7,2.002,0.923,12.013,0.523,28.594,0.108,0.076,0.73,0.195
pi3kg,RF-Scorev2(ODDT)/GlideSP,1.0,NEF,,7.16,23.097,7.16,40,1240,13,3.003,0.9,9.01,0.533,23.097,0.116,0.099,0.73,0.195
pi3kg,RF-Scorev2(ODDT)/GlideSP,5.0,NEF,,4.069,13.126,4.069,40,1240,62,8.138,0.819,4.533,0.579,20.345,0.129,0.125,0.73,0.195
pim-1,RF-Scorev2(ODDT)/GlideSP,0.5,NEF,,4.318,13.929,4.318,40,1240,7,0.975,0.829,4.855,0.51,13.929,0.046,0.032,0.553,0.067
pim-1,RF-Scorev2(ODDT)/GlideSP,1.0,NEF,,2.33,7.516,2.33,40,1240,13,0.977,0.709,2.438,0.507,7.516,0.025,0.021,0.553,0.067
pim-1,RF-Scorev2(ODDT)/GlideSP,5.0,NEF,,1.982,6.394,1.982,40,1240,62,3.964,0.672,2.049,0.525,9.91,0.041,0.04,0.553,0.067
pim-2,RF-Scorev2(ODDT)/GlideSP,0.5,NEF,,0.0,0.0,0.0,40,1240,7,0.0,0.0,0.0,0.497,0.0,-0.014,-0.01,0.606,0.036
pim-2,RF-Scorev2(ODDT)/GlideSP,1.0,NEF,,0.0,0.0,0.0,40,1240,13,0.0,0.0,0.0,0.495,0.0,-0.019,-0.016,0.606,0.036
pim-2,RF-Scorev2(ODDT)/GlideSP,5.0,NEF,,1.523,4.913,1.523,40,1240,62,3.046,0.608,1.55,0.514,7.615,0.022,0.021,0.606,0.036
pnp,RF-Scorev2(ODDT)/GlideSP,0.5,NEF,,8.807,28.41,8.807,40,1240,7,1.989,0.923,11.905,0.523,28.41,0.107,0.076,0.594,0.172
pnp,RF-Scorev2(ODDT)/GlideSP,1.0,NEF,,4.74,15.29,4.74,40,1240,13,1.988,0.844,5.415,0.52,15.29,0.07,0.06,0.594,0.172
pnp,RF-Scorev2(ODDT)/GlideSP,5.0,NEF,,2.486,8.019,2.486,40,1240,62,4.972,0.723,2.616,0.538,12.43,0.062,0.061,0.594,0.172
ppara,RF-Scorev2(ODDT)/GlideSP,0.5,NEF,,4.991,16.1,4.991,40,1240,7,1.127,0.852,5.757,0.512,16.1,0.055,0.039,0.665,0.214
ppara,RF-Scorev2(ODDT)/GlideSP,1.0,NEF,,4.99,16.097,4.99,40,1240,13,2.093,0.852,5.755,0.522,16.097,0.075,0.064,0.665,0.214
ppara,RF-Scorev2(ODDT)/GlideSP,5.0,NEF,,5.779,18.642,5.779,40,1240,62,11.558,0.873,6.874,0.623,28.895,0.2,0.195,0.665,0.214
pparg,RF-Scorev2(ODDT)/GlideSP,0.5,NEF,,0.0,0.0,0.0,40,1240,7,0.0,0.0,0.0,0.497,0.0,-0.014,-0.01,0.661,0.263
pparg,RF-Scorev2(ODDT)/GlideSP,1.0,NEF,,9.5,30.645,9.5,40,1240,13,3.984,0.93,13.256,0.546,30.645,0.16,0.137,0.661,0.263
pparg,RF-Scorev2(ODDT)/GlideSP,5.0,NEF,,6.0,19.355,6.0,40,1240,62,12.0,0.878,7.2,0.629,30.0,0.209,0.204,0.661,0.263
pr,RF-Scorev2(ODDT)/GlideSP,0.5,NEF,,4.9,15.806,4.9,40,1240,7,1.106,0.849,5.632,0.511,15.806,0.054,0.038,0.479,0.069
pr,RF-Scorev2(ODDT)/GlideSP,1.0,NEF,,2.67,8.613,2.67,40,1240,13,1.12,0.739,2.827,0.509,8.613,0.031,0.027,0.479,0.069
pr,RF-Scorev2(ODDT)/GlideSP,5.0,NEF,,0.565,1.823,0.565,40,1240,62,1.13,0.358,0.557,0.489,2.825,-0.018,-0.018,0.479,0.069
prkcq,RF-Scorev2(ODDT)/GlideSP,0.5,NEF,,0.0,0.0,0.0,40,1240,7,0.0,0.0,0.0,0.497,0.0,-0.014,-0.01,0.728,0.076
prkcq,RF-Scorev2(ODDT)/GlideSP,1.0,NEF,,0.0,0.0,0.0,40,1240,13,0.0,0.0,0.0,0.495,0.0,-0.019,-0.016,0.728,0.076
prkcq,RF-Scorev2(ODDT)/GlideSP,5.0,NEF,,4.211,13.584,4.211,40,1240,62,8.422,0.825,4.716,0.583,21.055,0.134,0.131,0.728,0.076
pygl-in,RF-Scorev2(ODDT)/GlideSP,0.5,NEF,,0.0,0.0,0.0,40,1240,7,0.0,0.0,0.0,0.497,0.0,-0.014,-0.01,0.704,0.116
pygl-in,RF-Scorev2(ODDT)/GlideSP,1.0,NEF,,4.74,15.29,4.74,40,1240,13,1.988,0.844,5.415,0.52,15.29,0.07,0.06,0.704,0.116
pygl-in,RF-Scorev2(ODDT)/GlideSP,5.0,NEF,,2.981,9.616,2.981,40,1240,62,5.962,0.761,3.192,0.551,14.905,0.083,0.081,0.704,0.116
pygl-out,RF-Scorev2(ODDT)/GlideSP,0.5,NEF,,8.829,28.481,8.829,40,1240,7,1.994,0.923,11.947,0.523,28.481,0.108,0.076,0.553,0.232
pygl-out,RF-Scorev2(ODDT)/GlideSP,1.0,NEF,,4.75,15.323,4.75,40,1240,13,1.992,0.844,5.429,0.52,15.323,0.07,0.06,0.553,0.232
pygl-out,RF-Scorev2(ODDT)/GlideSP,5.0,NEF,,5.482,17.684,5.482,40,1240,62,10.964,0.866,6.445,0.616,27.41,0.188,0.183,0.553,0.232
qpct,RF-Scorev2(ODDT)/GlideSP,0.5,NEF,,0.0,0.0,0.0,40,1240,7,0.0,0.0,0.0,0.497,0.0,-0.014,-0.01,0.617,0.03
qpct,RF-Scorev2(ODDT)/GlideSP,1.0,NEF,,0.0,0.0,0.0,40,1240,13,0.0,0.0,0.0,0.495,0.0,-0.019,-0.016,0.617,0.03
qpct,RF-Scorev2(ODDT)/GlideSP,5.0,NEF,,1.997,6.442,1.997,40,1240,62,3.994,0.674,2.066,0.526,9.985,0.042,0.041,0.617,0.03
rock-1,RF-Scorev2(ODDT)/GlideSP,0.5,NEF,,8.621,27.81,8.621,40,1240,7,1.947,0.92,11.557,0.522,27.81,0.105,0.074,0.656,0.135
rock-1,RF-Scorev2(ODDT)/GlideSP,1.0,NEF,,4.64,14.968,4.64,40,1240,13,1.946,0.841,5.281,0.52,14.968,0.068,0.059,0.656,0.135
rock-1,RF-Scorev2(ODDT)/GlideSP,5.0,NEF,,2.968,9.574,2.968,40,1240,62,5.936,0.761,3.176,0.551,14.84,0.082,0.08,0.656,0.135
rxr,RF-Scorev2(ODDT)/GlideSP,0.5,NEF,,20.735,66.887,20.735,40,1240,7,4.682,0.984,60.599,0.558,66.887,0.271,0.191,0.793,0.439
rxr,RF-Scorev2(ODDT)/GlideSP,1.0,NEF,,12.96,41.806,12.96,40,1240,13,5.435,0.956,21.552,0.565,41.806,0.225,0.192,0.793,0.439
rxr,RF-Scorev2(ODDT)/GlideSP,5.0,NEF,,5.4,17.419,5.4,40,1240,62,10.8,0.864,6.328,0.614,27.0,0.184,0.18,0.793,0.439
sars-hcov,RF-Scorev2(ODDT)/GlideSP,0.5,NEF,,8.806,28.406,8.806,39,1209,7,1.988,0.922,11.903,0.523,28.406,0.109,0.077,0.547,0.19
sars-hcov,RF-Scorev2(ODDT)/GlideSP,1.0,NEF,,4.74,15.29,4.74,39,1209,13,1.988,0.844,5.415,0.521,15.29,0.071,0.061,0.547,0.19
sars-hcov,RF-Scorev2(ODDT)/GlideSP,5.0,NEF,,2.526,8.148,2.526,39,1209,61,4.971,0.727,2.661,0.54,12.745,0.064,0.063,0.547,0.19
sirt2,RF-Scorev2(ODDT)/GlideSP,0.5,NEF,,4.361,14.068,4.361,40,1240,7,0.985,0.831,4.911,0.51,14.068,0.046,0.033,0.436,0.104
sirt2,RF-Scorev2(ODDT)/GlideSP,1.0,NEF,,4.7,15.161,4.7,40,1240,13,1.971,0.843,5.361,0.52,15.161,0.07,0.059,0.436,0.104
sirt2,RF-Scorev2(ODDT)/GlideSP,5.0,NEF,,1.969,6.352,1.969,40,1240,62,3.938,0.67,2.035,0.525,9.845,0.041,0.04,0.436,0.104
src,RF-Scorev2(ODDT)/GlideSP,0.5,NEF,,0.0,0.0,0.0,40,1240,7,0.0,0.0,0.0,0.497,0.0,-0.014,-0.01,0.575,0.061
src,RF-Scorev2(ODDT)/GlideSP,1.0,NEF,,0.0,0.0,0.0,40,1240,13,0.0,0.0,0.0,0.495,0.0,-0.019,-0.016,0.575,0.061
src,RF-Scorev2(ODDT)/GlideSP,5.0,NEF,,2.545,8.21,2.545,40,1240,62,5.09,0.728,2.683,0.54,12.725,0.065,0.063,0.575,0.061
thrombin,RF-Scorev2(ODDT)/GlideSP,0.5,NEF,,18.211,58.745,18.211,40,1240,7,4.112,0.977,42.719,0.55,58.745,0.237,0.167,0.724,0.384
thrombin,RF-Scorev2(ODDT)/GlideSP,1.0,NEF,,14.71,47.452,14.71,40,1240,13,6.169,0.964,27.09,0.574,47.452,0.258,0.22,0.724,0.384
thrombin,RF-Scorev2(ODDT)/GlideSP,5.0,NEF,,5.224,16.852,5.224,40,1240,62,10.448,0.859,6.08,0.609,26.12,0.177,0.172,0.724,0.384
tie2,RF-Scorev2(ODDT)/GlideSP,0.5,NEF,,4.996,16.116,4.996,40,1240,7,1.128,0.852,5.764,0.512,16.116,0.055,0.039,0.687,0.239
tie2,RF-Scorev2(ODDT)/GlideSP,1.0,NEF,,9.99,32.226,9.99,40,1240,13,4.189,0.934,14.265,0.549,32.226,0.169,0.145,0.687,0.239
tie2,RF-Scorev2(ODDT)/GlideSP,5.0,NEF,,3.497,11.281,3.497,40,1240,62,6.994,0.792,3.814,0.565,17.485,0.105,0.102,0.687,0.239
tk,RF-Scorev2(ODDT)/GlideSP,0.5,NEF,,0.0,0.0,0.0,40,1240,7,0.0,0.0,0.0,0.497,0.0,-0.014,-0.01,0.537,0.004
tk,RF-Scorev2(ODDT)/GlideSP,1.0,NEF,,0.0,0.0,0.0,40,1240,13,0.0,0.0,0.0,0.495,0.0,-0.019,-0.016,0.537,0.004
tk,RF-Scorev2(ODDT)/GlideSP,5.0,NEF,,0.51,1.645,0.51,40,1240,62,1.02,0.334,0.502,0.487,2.55,-0.021,-0.02,0.537,0.004
tp,RF-Scorev2(ODDT)/GlideSP,0.5,NEF,,0.0,0.0,0.0,40,1240,7,0.0,0.0,0.0,0.497,0.0,-0.014,-0.01,0.29,0.006
tp,RF-Scorev2(ODDT)/GlideSP,1.0,NEF,,0.0,0.0,0.0,40,1240,13,0.0,0.0,0.0,0.495,0.0,-0.019,-0.016,0.29,0.006
tp,RF-Scorev2(ODDT)/GlideSP,5.0,NEF,,0.644,2.077,0.644,40,1240,62,1.288,0.389,0.636,0.491,3.22,-0.015,-0.015,0.29,0.006
tpa,RF-Scorev2(ODDT)/GlideSP,0.5,NEF,,0.0,0.0,0.0,40,1240,7,0.0,0.0,0.0,0.497,0.0,-0.014,-0.01,0.587,0.025
tpa,RF-Scorev2(ODDT)/GlideSP,1.0,NEF,,0.0,0.0,0.0,40,1240,13,0.0,0.0,0.0,0.495,0.0,-0.019,-0.016,0.587,0.025
tpa,RF-Scorev2(ODDT)/GlideSP,5.0,NEF,,1.036,3.342,1.036,40,1240,62,2.072,0.509,1.037,0.501,5.18,0.002,0.001,0.587,0.025
ts,RF-Scorev2(ODDT)/GlideSP,0.5,NEF,,0.0,0.0,0.0,40,1239,7,0.0,0.0,0.0,0.497,0.0,-0.014,-0.01,0.584,0.0
ts,RF-Scorev2(ODDT)/GlideSP,1.0,NEF,,0.0,0.0,0.0,40,1239,13,0.0,0.0,0.0,0.495,0.0,-0.019,-0.016,0.584,0.0
ts,RF-Scorev2(ODDT)/GlideSP,5.0,NEF,,0.0,0.0,0.0,40,1239,62,0.0,0.0,0.0,0.474,0.0,-0.042,-0.041,0.584,0.0
upa,RF-Scorev2(ODDT)/GlideSP,0.5,NEF,,4.983,16.074,4.983,40,1240,7,1.125,0.852,5.746,0.512,16.074,0.055,0.039,0.52,0.079
upa,RF-Scorev2(ODDT)/GlideSP,1.0,NEF,,2.49,8.032,2.49,40,1240,13,1.044,0.724,2.62,0.508,8.032,0.028,0.024,0.52,0.079
upa,RF-Scorev2(ODDT)/GlideSP,5.0,NEF,,1.495,4.823,1.495,40,1240,62,2.99,0.603,1.52,0.513,7.475,0.021,0.02,0.52,0.079
vegfr1,RF-Scorev2(ODDT)/GlideSP,0.5,NEF,,0.0,0.0,0.0,40,1240,7,0.0,0.0,0.0,0.497,0.0,-0.014,-0.01,0.655,0.02
vegfr1,RF-Scorev2(ODDT)/GlideSP,1.0,NEF,,0.0,0.0,0.0,40,1240,13,0.0,0.0,0.0,0.495,0.0,-0.019,-0.016,0.655,0.02
vegfr1,RF-Scorev2(ODDT)/GlideSP,5.0,NEF,,2.102,6.781,2.102,40,1240,62,4.204,0.686,2.182,0.528,10.51,0.046,0.045,0.655,0.02
vegfr2,RF-Scorev2(ODDT)/GlideSP,0.5,NEF,,0.0,0.0,0.0,40,1240,7,0.0,0.0,0.0,0.497,0.0,-0.014,-0.01,0.611,0.065
vegfr2,RF-Scorev2(ODDT)/GlideSP,1.0,NEF,,2.41,7.774,2.41,40,1240,13,1.011,0.717,2.529,0.508,7.774,0.026,0.023,0.611,0.065
vegfr2,RF-Scorev2(ODDT)/GlideSP,5.0,NEF,,2.564,8.271,2.564,40,1240,62,5.128,0.73,2.705,0.54,12.82,0.066,0.064,0.611,0.065
11betahsd1,RF-Scorev3(ODDT)/GlideSP,0.5,NEF,,0.0,0.0,0.0,40,1240,7,0.0,0.0,0.0,0.497,0.0,-0.014,-0.01,0.481,0.071
11betahsd1,RF-Scorev3(ODDT)/GlideSP,1.0,NEF,,0.0,0.0,0.0,40,1240,13,0.0,0.0,0.0,0.495,0.0,-0.019,-0.016,0.481,0.071
11betahsd1,RF-Scorev3(ODDT)/GlideSP,5.0,NEF,,2.046,6.6,2.046,40,1240,62,4.092,0.679,2.12,0.527,10.23,0.044,0.043,0.481,0.071
17betahsd1,RF-Scorev3(ODDT)/GlideSP,0.5,NEF,,4.382,14.135,4.382,40,1240,7,0.989,0.832,4.939,0.51,14.135,0.047,0.033,0.393,0.053
17betahsd1,RF-Scorev3(ODDT)/GlideSP,1.0,NEF,,2.36,7.613,2.36,40,1240,13,0.99,0.712,2.472,0.507,7.613,0.026,0.022,0.393,0.053
17betahsd1,RF-Scorev3(ODDT)/GlideSP,5.0,NEF,,0.495,1.597,0.495,40,1240,62,0.99,0.327,0.487,0.487,2.475,-0.021,-0.021,0.393,0.053
a2a,RF-Scorev3(ODDT)/GlideSP,0.5,NEF,,4.386,14.148,4.386,40,1240,7,0.99,0.832,4.944,0.51,14.148,0.047,0.033,0.739,0.138
a2a,RF-Scorev3(ODDT)/GlideSP,1.0,NEF,,4.72,15.226,4.72,40,1240,13,1.979,0.843,5.388,0.52,15.226,0.07,0.06,0.739,0.138
a2a,RF-Scorev3(ODDT)/GlideSP,5.0,NEF,,2.971,9.584,2.971,40,1240,62,5.942,0.761,3.18,0.551,14.855,0.083,0.08,0.739,0.138
ace,RF-Scorev3(ODDT)/GlideSP,0.5,NEF,,4.411,14.229,4.411,40,1240,7,0.996,0.833,4.977,0.51,14.229,0.047,0.033,0.579,0.171
ace,RF-Scorev3(ODDT)/GlideSP,1.0,NEF,,7.13,23.0,7.13,40,1240,13,2.99,0.9,8.961,0.533,23.0,0.115,0.099,0.579,0.171
ace,RF-Scorev3(ODDT)/GlideSP,5.0,NEF,,2.988,9.639,2.988,40,1240,62,5.976,0.762,3.2,0.551,14.94,0.083,0.081,0.579,0.171
ace2,RF-Scorev3(ODDT)/GlideSP,0.5,NEF,,13.275,42.823,13.275,40,1240,7,2.998,0.957,22.468,0.536,42.823,0.169,0.119,0.641,0.274
ace2,RF-Scorev3(ODDT)/GlideSP,1.0,NEF,,7.15,23.065,7.15,40,1240,13,2.998,0.9,8.994,0.533,23.065,0.116,0.099,0.641,0.274
ace2,RF-Scorev3(ODDT)/GlideSP,5.0,NEF,,3.497,11.281,3.497,40,1240,62,6.994,0.792,3.814,0.565,17.485,0.105,0.102,0.641,0.274
ache,RF-Scorev3(ODDT)/GlideSP,0.5,NEF,,0.0,0.0,0.0,40,1240,7,0.0,0.0,0.0,0.497,0.0,-0.014,-0.01,0.545,0.086
ache,RF-Scorev3(ODDT)/GlideSP,1.0,NEF,,2.35,7.581,2.35,40,1240,13,0.985,0.711,2.461,0.507,7.581,0.025,0.022,0.545,0.086
ache,RF-Scorev3(ODDT)/GlideSP,5.0,NEF,,1.969,6.352,1.969,40,1240,62,3.938,0.67,2.035,0.525,9.845,0.041,0.04,0.545,0.086
adam17,RF-Scorev3(ODDT)/GlideSP,0.5,NEF,,4.393,14.171,4.393,40,1240,7,0.992,0.832,4.953,0.51,14.171,0.047,0.033,0.382,0.102
adam17,RF-Scorev3(ODDT)/GlideSP,1.0,NEF,,2.37,7.645,2.37,40,1240,13,0.994,0.713,2.483,0.507,7.645,0.026,0.022,0.382,0.102
adam17,RF-Scorev3(ODDT)/GlideSP,5.0,NEF,,1.984,6.4,1.984,40,1240,62,3.968,0.672,2.051,0.525,9.92,0.041,0.04,0.382,0.102
adrb2,RF-Scorev3(ODDT)/GlideSP,0.5,NEF,,4.796,15.471,4.796,40,1240,7,1.083,0.846,5.491,0.511,15.471,0.052,0.037,0.552,0.229
adrb2,RF-Scorev3(ODDT)/GlideSP,1.0,NEF,,9.59,30.935,9.59,40,1240,13,4.022,0.931,13.438,0.547,30.935,0.161,0.138,0.552,0.229
adrb2,RF-Scorev3(ODDT)/GlideSP,5.0,NEF,,3.969,12.803,3.969,40,1240,62,7.938,0.815,4.405,0.577,19.845,0.124,0.121,0.552,0.229
akt1,RF-Scorev3(ODDT)/GlideSP,0.5,NEF,,0.0,0.0,0.0,40,1240,7,0.0,0.0,0.0,0.497,0.0,-0.014,-0.01,0.639,0.096
akt1,RF-Scorev3(ODDT)/GlideSP,1.0,NEF,,2.53,8.161,2.53,40,1240,13,1.061,0.727,2.666,0.508,8.161,0.029,0.025,0.639,0.096
akt1,RF-Scorev3(ODDT)/GlideSP,5.0,NEF,,2.526,8.148,2.526,40,1240,62,5.052,0.727,2.661,0.539,12.63,0.064,0.062,0.639,0.096
alr2,RF-Scorev3(ODDT)/GlideSP,0.5,NEF,,0.0,0.0,0.0,40,1240,7,0.0,0.0,0.0,0.497,0.0,-0.014,-0.01,0.486,0.018
alr2,RF-Scorev3(ODDT)/GlideSP,1.0,NEF,,0.0,0.0,0.0,40,1240,13,0.0,0.0,0.0,0.495,0.0,-0.019,-0.016,0.486,0.018
alr2,RF-Scorev3(ODDT)/GlideSP,5.0,NEF,,0.989,3.19,0.989,40,1240,62,1.978,0.497,0.989,0.5,4.945,-0.0,-0.0,0.486,0.018
ar,RF-Scorev3(ODDT)/GlideSP,0.5,NEF,,5.643,18.203,5.643,40,1240,7,1.274,0.87,6.676,0.514,18.203,0.064,0.045,0.542,0.224
ar,RF-Scorev3(ODDT)/GlideSP,1.0,NEF,,6.45,20.806,6.45,40,1240,13,2.705,0.887,7.882,0.53,20.806,0.102,0.088,0.542,0.224
ar,RF-Scorev3(ODDT)/GlideSP,5.0,NEF,,2.821,9.1,2.821,40,1240,62,5.642,0.75,3.003,0.547,14.105,0.076,0.074,0.542,0.224
aurka,RF-Scorev3(ODDT)/GlideSP,0.5,NEF,,0.0,0.0,0.0,40,1240,7,0.0,0.0,0.0,0.497,0.0,-0.014,-0.01,0.667,0.066
aurka,RF-Scorev3(ODDT)/GlideSP,1.0,NEF,,0.0,0.0,0.0,40,1240,13,0.0,0.0,0.0,0.495,0.0,-0.019,-0.016,0.667,0.066
aurka,RF-Scorev3(ODDT)/GlideSP,5.0,NEF,,2.543,8.203,2.543,40,1240,62,5.086,0.728,2.681,0.54,12.715,0.065,0.063,0.667,0.066
aurkb,RF-Scorev3(ODDT)/GlideSP,0.5,NEF,,13.018,41.994,13.018,40,1240,7,2.94,0.956,21.718,0.535,41.994,0.165,0.117,0.687,0.351
aurkb,RF-Scorev3(ODDT)/GlideSP,1.0,NEF,,11.68,37.677,11.68,40,1240,13,4.898,0.948,18.137,0.558,37.677,0.201,0.172,0.687,0.351
aurkb,RF-Scorev3(ODDT)/GlideSP,5.0,NEF,,6.473,20.881,6.473,40,1240,62,12.946,0.888,7.917,0.641,32.365,0.229,0.223,0.687,0.351
bcl2,RF-Scorev3(ODDT)/GlideSP,0.5,NEF,,26.207,84.539,26.207,40,1240,7,5.918,0.994,164.033,0.574,84.539,0.347,0.245,0.766,0.601
bcl2,RF-Scorev3(ODDT)/GlideSP,1.0,NEF,,18.82,60.71,18.82,40,1240,13,7.892,0.979,46.355,0.597,60.71,0.335,0.287,0.766,0.601
bcl2,RF-Scorev3(ODDT)/GlideSP,5.0,NEF,,8.877,28.635,8.877,40,1240,62,17.754,0.923,12.038,0.703,44.385,0.33,0.322,0.766,0.601
braf,RF-Scorev3(ODDT)/GlideSP,0.5,NEF,,4.429,14.287,4.429,40,1240,7,1.0,0.833,5.001,0.51,14.287,0.047,0.033,0.517,0.06
braf,RF-Scorev3(ODDT)/GlideSP,1.0,NEF,,2.38,7.677,2.38,40,1240,13,0.998,0.714,2.495,0.507,7.677,0.026,0.022,0.517,0.06
braf,RF-Scorev3(ODDT)/GlideSP,5.0,NEF,,1.525,4.919,1.525,40,1240,62,3.05,0.608,1.552,0.514,7.625,0.022,0.021,0.517,0.06
catl,RF-Scorev3(ODDT)/GlideSP,0.5,NEF,,13.211,42.616,13.211,40,1240,7,2.983,0.957,22.279,0.536,42.616,0.168,0.118,0.62,0.208
catl,RF-Scorev3(ODDT)/GlideSP,1.0,NEF,,7.11,22.935,7.11,40,1240,13,2.982,0.899,8.928,0.533,22.935,0.115,0.098,0.62,0.208
catl,RF-Scorev3(ODDT)/GlideSP,5.0,NEF,,2.486,8.019,2.486,40,1240,62,4.972,0.723,2.616,0.538,12.43,0.062,0.061,0.62,0.208
cdk2,RF-Scorev3(ODDT)/GlideSP,0.5,NEF,,0.0,0.0,0.0,40,1240,7,0.0,0.0,0.0,0.497,0.0,-0.014,-0.01,0.629,0.101
cdk2,RF-Scorev3(ODDT)/GlideSP,1.0,NEF,,2.49,8.032,2.49,40,1240,13,1.044,0.724,2.62,0.508,8.032,0.028,0.024,0.629,0.101
cdk2,RF-Scorev3(ODDT)/GlideSP,5.0,NEF,,1.993,6.429,1.993,40,1240,62,3.986,0.673,2.061,0.526,9.965,0.042,0.041,0.629,0.101
cox1,RF-Scorev3(ODDT)/GlideSP,0.5,NEF,,0.0,0.0,0.0,40,1240,7,0.0,0.0,0.0,0.497,0.0,-0.014,-0.01,0.516,0.061
cox1,RF-Scorev3(ODDT)/GlideSP,1.0,NEF,,0.0,0.0,0.0,40,1240,13,0.0,0.0,0.0,0.495,0.0,-0.019,-0.016,0.516,0.061
cox1,RF-Scorev3(ODDT)/GlideSP,5.0,NEF,,2.051,6.616,2.051,40,1240,62,4.102,0.68,2.125,0.527,10.255,0.044,0.043,0.516,0.061
cox2,RF-Scorev3(ODDT)/GlideSP,0.5,NEF,,0.0,0.0,0.0,40,1240,7,0.0,0.0,0.0,0.497,0.0,-0.014,-0.01,0.531,0.011
cox2,RF-Scorev3(ODDT)/GlideSP,1.0,NEF,,0.0,0.0,0.0,40,1240,13,0.0,0.0,0.0,0.495,0.0,-0.019,-0.016,0.531,0.011
cox2,RF-Scorev3(ODDT)/GlideSP,5.0,NEF,,1.612,5.2,1.612,40,1240,62,3.224,0.622,1.646,0.516,8.06,0.026,0.025,0.531,0.011
ctsk,RF-Scorev3(ODDT)/GlideSP,0.5,NEF,,0.0,0.0,0.0,40,1240,7,0.0,0.0,0.0,0.497,0.0,-0.014,-0.01,0.57,0.023
ctsk,RF-Scorev3(ODDT)/GlideSP,1.0,NEF,,0.0,0.0,0.0,40,1240,13,0.0,0.0,0.0,0.495,0.0,-0.019,-0.016,0.57,0.023
ctsk,RF-Scorev3(ODDT)/GlideSP,5.0,NEF,,0.498,1.606,0.498,40,1240,62,0.996,0.329,0.49,0.487,2.49,-0.021,-0.02,0.57,0.023
cyp2a6,RF-Scorev3(ODDT)/GlideSP,0.5,NEF,,0.0,0.0,0.0,40,1240,7,0.0,0.0,0.0,0.497,0.0,-0.014,-0.01,0.347,0.0
cyp2a6,RF-Scorev3(ODDT)/GlideSP,1.0,NEF,,0.0,0.0,0.0,40,1240,13,0.0,0.0,0.0,0.495,0.0,-0.019,-0.016,0.347,0.0
cyp2a6,RF-Scorev3(ODDT)/GlideSP,5.0,NEF,,0.0,0.0,0.0,40,1240,62,0.0,0.0,0.0,0.474,0.0,-0.042,-0.041,0.347,0.0
dhfr,RF-Scorev3(ODDT)/GlideSP,0.5,NEF,,0.0,0.0,0.0,40,1240,7,0.0,0.0,0.0,0.497,0.0,-0.014,-0.01,0.693,0.081
dhfr,RF-Scorev3(ODDT)/GlideSP,1.0,NEF,,2.35,7.581,2.35,40,1240,13,0.985,0.711,2.461,0.507,7.581,0.025,0.022,0.693,0.081
dhfr,RF-Scorev3(ODDT)/GlideSP,5.0,NEF,,2.961,9.552,2.961,40,1240,62,5.922,0.76,3.168,0.551,14.805,0.082,0.08,0.693,0.081
egfr,RF-Scorev3(ODDT)/GlideSP,0.5,NEF,,0.0,0.0,0.0,40,1240,7,0.0,0.0,0.0,0.497,0.0,-0.014,-0.01,0.603,0.112
egfr,RF-Scorev3(ODDT)/GlideSP,1.0,NEF,,4.75,15.323,4.75,40,1240,13,1.992,0.844,5.429,0.52,15.323,0.07,0.06,0.603,0.112
egfr,RF-Scorev3(ODDT)/GlideSP,5.0,NEF,,2.533,8.171,2.533,40,1240,62,5.066,0.727,2.669,0.54,12.665,0.064,0.063,0.603,0.112
ephb4,RF-Scorev3(ODDT)/GlideSP,0.5,NEF,,0.0,0.0,0.0,40,1240,7,0.0,0.0,0.0,0.497,0.0,-0.014,-0.01,0.646,0.021
ephb4,RF-Scorev3(ODDT)/GlideSP,1.0,NEF,,0.0,0.0,0.0,40,1240,13,0.0,0.0,0.0,0.495,0.0,-0.019,-0.016,0.646,0.021
ephb4,RF-Scorev3(ODDT)/GlideSP,5.0,NEF,,1.493,4.816,1.493,40,1240,62,2.986,0.603,1.518,0.513,7.465,0.021,0.02,0.646,0.021
erbb2,RF-Scorev3(ODDT)/GlideSP,0.5,NEF,,4.933,15.913,4.933,40,1240,7,1.114,0.85,5.677,0.511,15.913,0.054,0.038,0.755,0.147
erbb2,RF-Scorev3(ODDT)/GlideSP,1.0,NEF,,4.93,15.903,4.93,40,1240,13,2.067,0.85,5.673,0.521,15.903,0.074,0.063,0.755,0.147
erbb2,RF-Scorev3(ODDT)/GlideSP,5.0,NEF,,2.96,9.548,2.96,40,1240,62,5.92,0.76,3.167,0.551,14.8,0.082,0.08,0.755,0.147
er-beta,RF-Scorev3(ODDT)/GlideSP,0.5,NEF,,11.434,36.884,11.434,40,1240,7,2.582,0.946,17.531,0.53,36.884,0.144,0.101,0.411,0.23
er-beta,RF-Scorev3(ODDT)/GlideSP,1.0,NEF,,9.53,30.742,9.53,40,1240,13,3.996,0.93,13.316,0.546,30.742,0.16,0.137,0.411,0.23
er-beta,RF-Scorev3(ODDT)/GlideSP,5.0,NEF,,2.042,6.587,2.042,40,1240,62,4.084,0.679,2.115,0.527,10.21,0.044,0.043,0.411,0.23
fgfr1,RF-Scorev3(ODDT)/GlideSP,0.5,NEF,,0.0,0.0,0.0,40,1240,7,0.0,0.0,0.0,0.497,0.0,-0.014,-0.01,0.664,0.029
fgfr1,RF-Scorev3(ODDT)/GlideSP,1.0,NEF,,0.0,0.0,0.0,40,1240,13,0.0,0.0,0.0,0.495,0.0,-0.019,-0.016,0.664,0.029
fgfr1,RF-Scorev3(ODDT)/GlideSP,5.0,NEF,,1.998,6.445,1.998,40,1240,62,3.996,0.674,2.067,0.526,9.99,0.042,0.041,0.664,0.029
fkbp1a,RF-Scorev3(ODDT)/GlideSP,0.5,NEF,,0.0,0.0,0.0,40,1240,7,0.0,0.0,0.0,0.497,0.0,-0.014,-0.01,0.409,0.0
fkbp1a,RF-Scorev3(ODDT)/GlideSP,1.0,NEF,,0.0,0.0,0.0,40,1240,13,0.0,0.0,0.0,0.495,0.0,-0.019,-0.016,0.409,0.0
fkbp1a,RF-Scorev3(ODDT)/GlideSP,5.0,NEF,,0.0,0.0,0.0,40,1240,62,0.0,0.0,0.0,0.474,0.0,-0.042,-0.041,0.409,0.0
fxa,RF-Scorev3(ODDT)/GlideSP,0.5,NEF,,10.197,32.894,10.197,40,1240,7,2.303,0.936,14.705,0.527,32.894,0.127,0.089,0.777,0.241
fxa,RF-Scorev3(ODDT)/GlideSP,1.0,NEF,,7.65,24.677,7.65,40,1240,13,3.208,0.908,9.829,0.536,24.677,0.125,0.107,0.777,0.241
fxa,RF-Scorev3(ODDT)/GlideSP,5.0,NEF,,5.098,16.445,5.098,40,1240,62,10.196,0.855,5.905,0.606,25.49,0.172,0.167,0.777,0.241
gba,RF-Scorev3(ODDT)/GlideSP,0.5,NEF,,0.0,0.0,0.0,40,1240,7,0.0,0.0,0.0,0.497,0.0,-0.014,-0.01,0.626,0.081
gba,RF-Scorev3(ODDT)/GlideSP,1.0,NEF,,0.0,0.0,0.0,40,1240,13,0.0,0.0,0.0,0.495,0.0,-0.019,-0.016,0.626,0.081
gba,RF-Scorev3(ODDT)/GlideSP,5.0,NEF,,3.486,11.245,3.486,40,1240,62,6.972,0.792,3.801,0.564,17.43,0.104,0.101,0.626,0.081
gr,RF-Scorev3(ODDT)/GlideSP,0.5,NEF,,4.368,14.09,4.368,40,1240,7,0.986,0.831,4.92,0.51,14.09,0.046,0.033,0.546,0.12
gr,RF-Scorev3(ODDT)/GlideSP,1.0,NEF,,4.7,15.161,4.7,40,1240,13,1.971,0.843,5.361,0.52,15.161,0.07,0.059,0.546,0.12
gr,RF-Scorev3(ODDT)/GlideSP,5.0,NEF,,1.479,4.771,1.479,40,1240,62,2.958,0.6,1.503,0.512,7.395,0.02,0.02,0.546,0.12
gsk3b,RF-Scorev3(ODDT)/GlideSP,0.5,NEF,,4.307,13.894,4.307,40,1240,7,0.973,0.829,4.841,0.51,13.894,0.045,0.032,0.658,0.248
gsk3b,RF-Scorev3(ODDT)/GlideSP,1.0,NEF,,9.28,29.935,9.28,40,1240,13,3.892,0.928,12.818,0.545,29.935,0.156,0.133,0.658,0.248
gsk3b,RF-Scorev3(ODDT)/GlideSP,5.0,NEF,,3.954,12.755,3.954,40,1240,62,7.908,0.814,4.386,0.576,19.77,0.124,0.121,0.658,0.248
hdac2,RF-Scorev3(ODDT)/GlideSP,0.5,NEF,,4.336,13.987,4.336,40,1240,7,0.979,0.83,4.878,0.51,13.987,0.046,0.032,0.625,0.157
hdac2,RF-Scorev3(ODDT)/GlideSP,1.0,NEF,,4.67,15.065,4.67,40,1240,13,1.958,0.842,5.321,0.52,15.065,0.069,0.059,0.625,0.157
hdac2,RF-Scorev3(ODDT)/GlideSP,5.0,NEF,,1.99,6.419,1.99,40,1240,62,3.98,0.673,2.058,0.526,9.95,0.041,0.04,0.625,0.157
hdac8,RF-Scorev3(ODDT)/GlideSP,0.5,NEF,,0.0,0.0,0.0,40,1240,7,0.0,0.0,0.0,0.497,0.0,-0.014,-0.01,0.313,0.0
hdac8,RF-Scorev3(ODDT)/GlideSP,1.0,NEF,,0.0,0.0,0.0,40,1240,13,0.0,0.0,0.0,0.495,0.0,-0.019,-0.016,0.313,0.0
hdac8,RF-Scorev3(ODDT)/GlideSP,5.0,NEF,,0.0,0.0,0.0,40,1240,62,0.0,0.0,0.0,0.474,0.0,-0.042,-0.041,0.313,0.0
hiv1pr,RF-Scorev3(ODDT)/GlideSP,0.5,NEF,,28.17,90.871,28.17,40,1240,7,6.361,0.997,298.622,0.579,90.871,0.374,0.264,0.85,0.657
hiv1pr,RF-Scorev3(ODDT)/GlideSP,1.0,NEF,,20.22,65.226,20.22,40,1240,13,8.479,0.983,56.271,0.604,65.226,0.361,0.309,0.85,0.657
hiv1pr,RF-Scorev3(ODDT)/GlideSP,5.0,NEF,,11.853,38.235,11.853,40,1240,62,23.706,0.949,18.572,0.78,59.265,0.455,0.443,0.85,0.657
hiv1rt,RF-Scorev3(ODDT)/GlideSP,0.5,NEF,,0.0,0.0,0.0,40,1240,7,0.0,0.0,0.0,0.497,0.0,-0.014,-0.01,0.562,0.11
hiv1rt,RF-Scorev3(ODDT)/GlideSP,1.0,NEF,,4.93,15.903,4.93,40,1240,13,2.067,0.85,5.673,0.521,15.903,0.074,0.063,0.562,0.11
hiv1rt,RF-Scorev3(ODDT)/GlideSP,5.0,NEF,,1.575,5.081,1.575,40,1240,62,3.15,0.616,1.606,0.515,7.875,0.024,0.023,0.562,0.11
hmgr,RF-Scorev3(ODDT)/GlideSP,0.5,NEF,,0.0,0.0,0.0,40,1240,7,0.0,0.0,0.0,0.497,0.0,-0.014,-0.01,0.443,0.0
hmgr,RF-Scorev3(ODDT)/GlideSP,1.0,NEF,,0.0,0.0,0.0,40,1240,13,0.0,0.0,0.0,0.495,0.0,-0.019,-0.016,0.443,0.0
hmgr,RF-Scorev3(ODDT)/GlideSP,5.0,NEF,,0.0,0.0,0.0,40,1240,62,0.0,0.0,0.0,0.474,0.0,-0.042,-0.041,0.443,0.0
hsp90,RF-Scorev3(ODDT)/GlideSP,0.5,NEF,,4.336,13.987,4.336,40,1240,7,0.979,0.83,4.878,0.51,13.987,0.046,0.032,0.576,0.119
hsp90,RF-Scorev3(ODDT)/GlideSP,1.0,NEF,,4.67,15.065,4.67,40,1240,13,1.958,0.842,5.321,0.52,15.065,0.069,0.059,0.576,0.119
hsp90,RF-Scorev3(ODDT)/GlideSP,5.0,NEF,,2.488,8.026,2.488,40,1240,62,4.976,0.724,2.618,0.538,12.44,0.062,0.061,0.576,0.119
igf1r,RF-Scorev3(ODDT)/GlideSP,0.5,NEF,,4.966,16.019,4.966,40,1240,7,1.121,0.851,5.723,0.512,16.019,0.055,0.038,0.749,0.08
igf1r,RF-Scorev3(ODDT)/GlideSP,1.0,NEF,,2.48,8.0,2.48,40,1240,13,1.04,0.723,2.609,0.508,8.0,0.028,0.024,0.749,0.08
igf1r,RF-Scorev3(ODDT)/GlideSP,5.0,NEF,,2.02,6.516,2.02,40,1240,62,4.04,0.676,2.091,0.526,10.1,0.043,0.042,0.749,0.08
inha,RF-Scorev3(ODDT)/GlideSP,0.5,NEF,,4.375,14.113,4.375,40,1240,7,0.988,0.831,4.93,0.51,14.113,0.046,0.033,0.414,0.091
inha,RF-Scorev3(ODDT)/GlideSP,1.0,NEF,,2.36,7.613,2.36,40,1240,13,0.99,0.712,2.472,0.507,7.613,0.026,0.022,0.414,0.091
inha,RF-Scorev3(ODDT)/GlideSP,5.0,NEF,,0.988,3.187,0.988,40,1240,62,1.976,0.497,0.988,0.5,4.94,-0.001,-0.0,0.414,0.091
itk,RF-Scorev3(ODDT)/GlideSP,0.5,NEF,,0.0,0.0,0.0,40,1240,7,0.0,0.0,0.0,0.497,0.0,-0.014,-0.01,0.701,0.05
itk,RF-Scorev3(ODDT)/GlideSP,1.0,NEF,,2.34,7.548,2.34,40,1240,13,0.981,0.71,2.449,0.507,7.548,0.025,0.022,0.701,0.05
itk,RF-Scorev3(ODDT)/GlideSP,5.0,NEF,,0.998,3.219,0.998,40,1240,62,1.996,0.499,0.998,0.5,4.99,-0.0,-0.0,0.701,0.05
jak3,RF-Scorev3(ODDT)/GlideSP,0.5,NEF,,14.963,48.268,14.963,40,1240,7,3.379,0.966,27.991,0.541,48.268,0.192,0.135,0.715,0.244
jak3,RF-Scorev3(ODDT)/GlideSP,1.0,NEF,,9.98,32.194,9.98,40,1240,13,4.185,0.934,14.244,0.549,32.194,0.169,0.144,0.715,0.244
jak3,RF-Scorev3(ODDT)/GlideSP,5.0,NEF,,2.993,9.655,2.993,40,1240,62,5.986,0.762,3.206,0.551,14.965,0.083,0.081,0.715,0.244
jnk1,RF-Scorev3(ODDT)/GlideSP,0.5,NEF,,5.25,16.935,5.25,40,1240,7,1.185,0.859,6.117,0.512,16.935,0.058,0.041,0.715,0.115
jnk1,RF-Scorev3(ODDT)/GlideSP,1.0,NEF,,2.63,8.484,2.63,40,1240,13,1.103,0.736,2.781,0.509,8.484,0.031,0.026,0.715,0.115
jnk1,RF-Scorev3(ODDT)/GlideSP,5.0,NEF,,4.2,13.548,4.2,40,1240,62,8.4,0.825,4.701,0.583,21.0,0.134,0.131,0.715,0.115
jnk2,RF-Scorev3(ODDT)/GlideSP,0.5,NEF,,5.004,16.142,5.004,40,1240,7,1.13,0.852,5.775,0.512,16.142,0.055,0.039,0.613,0.121
jnk2,RF-Scorev3(ODDT)/GlideSP,1.0,NEF,,5.0,16.129,5.0,40,1240,13,2.097,0.852,5.769,0.522,16.129,0.075,0.064,0.613,0.121
jnk2,RF-Scorev3(ODDT)/GlideSP,5.0,NEF,,1.527,4.926,1.527,40,1240,62,3.054,0.609,1.554,0.514,7.635,0.022,0.022,0.613,0.121
jnk3,RF-Scorev3(ODDT)/GlideSP,0.5,NEF,,4.429,14.287,4.429,40,1240,7,1.0,0.833,5.001,0.51,14.287,0.047,0.033,0.625,0.188
jnk3,RF-Scorev3(ODDT)/GlideSP,1.0,NEF,,4.77,15.387,4.77,40,1240,13,2.0,0.845,5.456,0.52,15.387,0.071,0.061,0.625,0.188
jnk3,RF-Scorev3(ODDT)/GlideSP,5.0,NEF,,4.066,13.116,4.066,40,1240,62,8.132,0.819,4.529,0.579,20.33,0.128,0.125,0.625,0.188
kif11,RF-Scorev3(ODDT)/GlideSP,0.5,NEF,,4.318,13.929,4.318,40,1240,7,0.975,0.829,4.855,0.51,13.929,0.046,0.032,0.679,0.264
kif11,RF-Scorev3(ODDT)/GlideSP,1.0,NEF,,11.63,37.516,11.63,40,1240,13,4.877,0.947,18.012,0.558,37.516,0.2,0.171,0.679,0.264
kif11,RF-Scorev3(ODDT)/GlideSP,5.0,NEF,,3.468,11.187,3.468,40,1240,62,6.936,0.791,3.779,0.564,17.34,0.103,0.101,0.679,0.264
lck,RF-Scorev3(ODDT)/GlideSP,0.5,NEF,,0.0,0.0,0.0,40,1240,7,0.0,0.0,0.0,0.497,0.0,-0.014,-0.01,0.593,0.039
lck,RF-Scorev3(ODDT)/GlideSP,1.0,NEF,,0.0,0.0,0.0,40,1240,13,0.0,0.0,0.0,0.495,0.0,-0.019,-0.016,0.593,0.039
lck,RF-Scorev3(ODDT)/GlideSP,5.0,NEF,,0.987,3.184,0.987,40,1240,62,1.974,0.497,0.987,0.5,4.935,-0.001,-0.001,0.593,0.039
mdm2,RF-Scorev3(ODDT)/GlideSP,0.5,NEF,,0.0,0.0,0.0,40,1240,7,0.0,0.0,0.0,0.497,0.0,-0.014,-0.01,0.31,0.031
mdm2,RF-Scorev3(ODDT)/GlideSP,1.0,NEF,,0.0,0.0,0.0,40,1240,13,0.0,0.0,0.0,0.495,0.0,-0.019,-0.016,0.31,0.031
mdm2,RF-Scorev3(ODDT)/GlideSP,5.0,NEF,,0.499,1.61,0.499,40,1240,62,0.998,0.329,0.491,0.487,2.495,-0.021,-0.02,0.31,0.031
mk2,RF-Scorev3(ODDT)/GlideSP,0.5,NEF,,5.243,16.913,5.243,40,1240,7,1.184,0.859,6.107,0.512,16.913,0.058,0.041,0.75,0.118
mk2,RF-Scorev3(ODDT)/GlideSP,1.0,NEF,,2.62,8.452,2.62,40,1240,13,1.099,0.735,2.77,0.509,8.452,0.03,0.026,0.75,0.118
mk2,RF-Scorev3(ODDT)/GlideSP,5.0,NEF,,3.199,10.319,3.199,40,1240,62,6.398,0.775,3.452,0.557,15.995,0.092,0.09,0.75,0.118
mmp2,RF-Scorev3(ODDT)/GlideSP,0.5,NEF,,0.0,0.0,0.0,40,1240,7,0.0,0.0,0.0,0.497,0.0,-0.014,-0.01,0.443,0.017
mmp2,RF-Scorev3(ODDT)/GlideSP,1.0,NEF,,0.0,0.0,0.0,40,1240,13,0.0,0.0,0.0,0.495,0.0,-0.019,-0.016,0.443,0.017
mmp2,RF-Scorev3(ODDT)/GlideSP,5.0,NEF,,0.495,1.597,0.495,40,1240,62,0.99,0.327,0.487,0.487,2.475,-0.021,-0.021,0.443,0.017
na,RF-Scorev3(ODDT)/GlideSP,0.5,NEF,,0.0,0.0,0.0,40,1240,7,0.0,0.0,0.0,0.497,0.0,-0.014,-0.01,0.643,0.001
na,RF-Scorev3(ODDT)/GlideSP,1.0,NEF,,0.0,0.0,0.0,40,1240,13,0.0,0.0,0.0,0.495,0.0,-0.019,-0.016,0.643,0.001
na,RF-Scorev3(ODDT)/GlideSP,5.0,NEF,,0.0,0.0,0.0,40,1240,62,0.0,0.0,0.0,0.474,0.0,-0.042,-0.041,0.643,0.001
p38-alpha,RF-Scorev3(ODDT)/GlideSP,0.5,NEF,,0.0,0.0,0.0,40,1240,7,0.0,0.0,0.0,0.497,0.0,-0.014,-0.01,0.605,0.057
p38-alpha,RF-Scorev3(ODDT)/GlideSP,1.0,NEF,,2.35,7.581,2.35,40,1240,13,0.985,0.711,2.461,0.507,7.581,0.025,0.022,0.605,0.057
p38-alpha,RF-Scorev3(ODDT)/GlideSP,5.0,NEF,,1.478,4.768,1.478,40,1240,62,2.956,0.6,1.502,0.512,7.39,0.02,0.02,0.605,0.057
parp-1,RF-Scorev3(ODDT)/GlideSP,0.5,NEF,,4.307,13.894,4.307,40,1240,7,0.973,0.829,4.841,0.51,13.894,0.045,0.032,0.586,0.089
parp-1,RF-Scorev3(ODDT)/GlideSP,1.0,NEF,,2.32,7.484,2.32,40,1240,13,0.973,0.708,2.427,0.507,7.484,0.025,0.021,0.586,0.089
parp-1,RF-Scorev3(ODDT)/GlideSP,5.0,NEF,,1.483,4.784,1.483,40,1240,62,2.966,0.601,1.507,0.512,7.415,0.02,0.02,0.586,0.089
pde4b,RF-Scorev3(ODDT)/GlideSP,0.5,NEF,,0.0,0.0,0.0,40,1240,7,0.0,0.0,0.0,0.497,0.0,-0.014,-0.01,0.504,0.012
pde4b,RF-Scorev3(ODDT)/GlideSP,1.0,NEF,,0.0,0.0,0.0,40,1240,13,0.0,0.0,0.0,0.495,0.0,-0.019,-0.016,0.504,0.012
pde4b,RF-Scorev3(ODDT)/GlideSP,5.0,NEF,,0.994,3.206,0.994,40,1240,62,1.988,0.498,0.994,0.5,4.97,-0.0,-0.0,0.504,0.012
pde5,RF-Scorev3(ODDT)/GlideSP,0.5,NEF,,0.0,0.0,0.0,40,1240,7,0.0,0.0,0.0,0.497,0.0,-0.014,-0.01,0.568,0.025
pde5,RF-Scorev3(ODDT)/GlideSP,1.0,NEF,,0.0,0.0,0.0,40,1240,13,0.0,0.0,0.0,0.495,0.0,-0.019,-0.016,0.568,0.025
pde5,RF-Scorev3(ODDT)/GlideSP,5.0,NEF,,1.041,3.358,1.041,40,1240,62,2.082,0.51,1.042,0.501,5.205,0.002,0.002,0.568,0.025
pdk1,RF-Scorev3(ODDT)/GlideSP,0.5,NEF,,4.534,14.626,4.534,40,1240,7,1.024,0.837,5.139,0.51,14.626,0.049,0.034,0.621,0.149
pdk1,RF-Scorev3(ODDT)/GlideSP,1.0,NEF,,4.88,15.742,4.88,40,1240,13,2.046,0.849,5.605,0.521,15.742,0.073,0.062,0.621,0.149
pdk1,RF-Scorev3(ODDT)/GlideSP,5.0,NEF,,3.122,10.071,3.122,40,1240,62,6.244,0.771,3.36,0.555,15.61,0.089,0.087,0.621,0.149
pi3kg,RF-Scorev3(ODDT)/GlideSP,0.5,NEF,,4.432,14.297,4.432,40,1240,7,1.001,0.833,5.005,0.51,14.297,0.047,0.033,0.741,0.179
pi3kg,RF-Scorev3(ODDT)/GlideSP,1.0,NEF,,7.16,23.097,7.16,40,1240,13,3.003,0.9,9.01,0.533,23.097,0.116,0.099,0.741,0.179
pi3kg,RF-Scorev3(ODDT)/GlideSP,5.0,NEF,,4.578,14.768,4.578,40,1240,62,9.156,0.839,5.198,0.592,22.89,0.15,0.146,0.741,0.179
pim-1,RF-Scorev3(ODDT)/GlideSP,0.5,NEF,,0.0,0.0,0.0,40,1240,7,0.0,0.0,0.0,0.497,0.0,-0.014,-0.01,0.581,0.055
pim-1,RF-Scorev3(ODDT)/GlideSP,1.0,NEF,,2.33,7.516,2.33,40,1240,13,0.977,0.709,2.438,0.507,7.516,0.025,0.021,0.581,0.055
pim-1,RF-Scorev3(ODDT)/GlideSP,5.0,NEF,,1.486,4.794,1.486,40,1240,62,2.972,0.602,1.51,0.513,7.43,0.02,0.02,0.581,0.055
pim-2,RF-Scorev3(ODDT)/GlideSP,0.5,NEF,,0.0,0.0,0.0,40,1240,7,0.0,0.0,0.0,0.497,0.0,-0.014,-0.01,0.621,0.051
pim-2,RF-Scorev3(ODDT)/GlideSP,1.0,NEF,,0.0,0.0,0.0,40,1240,13,0.0,0.0,0.0,0.495,0.0,-0.019,-0.016,0.621,0.051
pim-2,RF-Scorev3(ODDT)/GlideSP,5.0,NEF,,1.523,4.913,1.523,40,1240,62,3.046,0.608,1.55,0.514,7.615,0.022,0.021,0.621,0.051
pnp,RF-Scorev3(ODDT)/GlideSP,0.5,NEF,,4.404,14.206,4.404,40,1240,7,0.994,0.832,4.968,0.51,14.206,0.047,0.033,0.594,0.205
pnp,RF-Scorev3(ODDT)/GlideSP,1.0,NEF,,7.11,22.935,7.11,40,1240,13,2.982,0.899,8.928,0.533,22.935,0.115,0.098,0.594,0.205
pnp,RF-Scorev3(ODDT)/GlideSP,5.0,NEF,,4.475,14.435,4.475,40,1240,62,8.95,0.835,5.061,0.59,22.375,0.146,0.142,0.594,0.205
ppara,RF-Scorev3(ODDT)/GlideSP,0.5,NEF,,4.991,16.1,4.991,40,1240,7,1.127,0.852,5.757,0.512,16.1,0.055,0.039,0.642,0.154
ppara,RF-Scorev3(ODDT)/GlideSP,1.0,NEF,,4.99,16.097,4.99,40,1240,13,2.093,0.852,5.755,0.522,16.097,0.075,0.064,0.642,0.154
ppara,RF-Scorev3(ODDT)/GlideSP,5.0,NEF,,3.152,10.168,3.152,40,1240,62,6.304,0.772,3.396,0.556,15.76,0.09,0.088,0.642,0.154
pparg,RF-Scorev3(ODDT)/GlideSP,0.5,NEF,,0.0,0.0,0.0,40,1240,7,0.0,0.0,0.0,0.497,0.0,-0.014,-0.01,0.67,0.209
pparg,RF-Scorev3(ODDT)/GlideSP,1.0,NEF,,7.13,23.0,7.13,40,1240,13,2.99,0.9,8.961,0.533,23.0,0.115,0.099,0.67,0.209
pparg,RF-Scorev3(ODDT)/GlideSP,5.0,NEF,,5.0,16.129,5.0,40,1240,62,10.0,0.852,5.769,0.603,25.0,0.168,0.163,0.67,0.209
pr,RF-Scorev3(ODDT)/GlideSP,0.5,NEF,,0.0,0.0,0.0,40,1240,7,0.0,0.0,0.0,0.497,0.0,-0.014,-0.01,0.514,0.047
pr,RF-Scorev3(ODDT)/GlideSP,1.0,NEF,,2.67,8.613,2.67,40,1240,13,1.12,0.739,2.827,0.509,8.613,0.031,0.027,0.514,0.047
pr,RF-Scorev3(ODDT)/GlideSP,5.0,NEF,,0.565,1.823,0.565,40,1240,62,1.13,0.358,0.557,0.489,2.825,-0.018,-0.018,0.514,0.047
prkcq,RF-Scorev3(ODDT)/GlideSP,0.5,NEF,,10.526,33.955,10.526,40,1240,7,2.377,0.939,15.423,0.528,33.955,0.131,0.092,0.736,0.179
prkcq,RF-Scorev3(ODDT)/GlideSP,1.0,NEF,,5.26,16.968,5.26,40,1240,13,2.206,0.86,6.131,0.523,16.968,0.08,0.068,0.736,0.179
prkcq,RF-Scorev3(ODDT)/GlideSP,5.0,NEF,,4.211,13.584,4.211,40,1240,62,8.422,0.825,4.716,0.583,21.055,0.134,0.131,0.736,0.179
pygl-in,RF-Scorev3(ODDT)/GlideSP,0.5,NEF,,0.0,0.0,0.0,40,1240,7,0.0,0.0,0.0,0.497,0.0,-0.014,-0.01,0.586,0.001
pygl-in,RF-Scorev3(ODDT)/GlideSP,1.0,NEF,,0.0,0.0,0.0,40,1240,13,0.0,0.0,0.0,0.495,0.0,-0.019,-0.016,0.586,0.001
pygl-in,RF-Scorev3(ODDT)/GlideSP,5.0,NEF,,0.0,0.0,0.0,40,1240,62,0.0,0.0,0.0,0.474,0.0,-0.042,-0.041,0.586,0.001
pygl-out,RF-Scorev3(ODDT)/GlideSP,0.5,NEF,,17.657,56.958,17.657,40,1240,7,3.987,0.975,39.699,0.549,56.958,0.229,0.162,0.575,0.336
pygl-out,RF-Scorev3(ODDT)/GlideSP,1.0,NEF,,11.88,38.323,11.88,40,1240,13,4.982,0.949,18.64,0.559,38.323,0.204,0.175,0.575,0.336
pygl-out,RF-Scorev3(ODDT)/GlideSP,5.0,NEF,,4.485,14.468,4.485,40,1240,62,8.97,0.835,5.074,0.59,22.425,0.146,0.142,0.575,0.336
qpct,RF-Scorev3(ODDT)/GlideSP,0.5,NEF,,0.0,0.0,0.0,40,1240,7,0.0,0.0,0.0,0.497,0.0,-0.014,-0.01,0.583,0.003
qpct,RF-Scorev3(ODDT)/GlideSP,1.0,NEF,,0.0,0.0,0.0,40,1240,13,0.0,0.0,0.0,0.495,0.0,-0.019,-0.016,0.583,0.003
qpct,RF-Scorev3(ODDT)/GlideSP,5.0,NEF,,0.0,0.0,0.0,40,1240,62,0.0,0.0,0.0,0.474,0.0,-0.042,-0.041,0.583,0.003
rock-1,RF-Scorev3(ODDT)/GlideSP,0.5,NEF,,8.621,27.81,8.621,40,1240,7,1.947,0.92,11.557,0.522,27.81,0.105,0.074,0.636,0.204
rock-1,RF-Scorev3(ODDT)/GlideSP,1.0,NEF,,9.28,29.935,9.28,40,1240,13,3.892,0.928,12.818,0.545,29.935,0.156,0.133,0.636,0.204
rock-1,RF-Scorev3(ODDT)/GlideSP,5.0,NEF,,2.473,7.977,2.473,40,1240,62,4.946,0.722,2.601,0.538,12.365,0.062,0.06,0.636,0.204
rxr,RF-Scorev3(ODDT)/GlideSP,0.5,NEF,,20.735,66.887,20.735,40,1240,7,4.682,0.984,60.599,0.558,66.887,0.271,0.191,0.806,0.641
rxr,RF-Scorev3(ODDT)/GlideSP,1.0,NEF,,20.74,66.903,20.74,40,1240,13,8.697,0.984,60.643,0.607,66.903,0.371,0.317,0.806,0.641
rxr,RF-Scorev3(ODDT)/GlideSP,5.0,NEF,,7.02,22.645,7.02,40,1240,62,14.04,0.898,8.782,0.656,35.1,0.252,0.246,0.806,0.641
sars-hcov,RF-Scorev3(ODDT)/GlideSP,0.5,NEF,,8.806,28.406,8.806,39,1209,7,1.988,0.922,11.903,0.523,28.406,0.109,0.077,0.553,0.204
sars-hcov,RF-Scorev3(ODDT)/GlideSP,1.0,NEF,,7.11,22.935,7.11,39,1209,13,2.982,0.899,8.928,0.534,22.935,0.116,0.1,0.553,0.204
sars-hcov,RF-Scorev3(ODDT)/GlideSP,5.0,NEF,,2.021,6.519,2.021,39,1209,61,3.977,0.677,2.092,0.527,10.197,0.043,0.042,0.553,0.204
sirt2,RF-Scorev3(ODDT)/GlideSP,0.5,NEF,,0.0,0.0,0.0,40,1240,7,0.0,0.0,0.0,0.497,0.0,-0.014,-0.01,0.427,0.04
sirt2,RF-Scorev3(ODDT)/GlideSP,1.0,NEF,,2.35,7.581,2.35,40,1240,13,0.985,0.711,2.461,0.507,7.581,0.025,0.022,0.427,0.04
sirt2,RF-Scorev3(ODDT)/GlideSP,5.0,NEF,,0.985,3.177,0.985,40,1240,62,1.97,0.496,0.985,0.5,4.925,-0.001,-0.001,0.427,0.04
src,RF-Scorev3(ODDT)/GlideSP,0.5,NEF,,0.0,0.0,0.0,40,1240,7,0.0,0.0,0.0,0.497,0.0,-0.014,-0.01,0.555,0.002
src,RF-Scorev3(ODDT)/GlideSP,1.0,NEF,,0.0,0.0,0.0,40,1240,13,0.0,0.0,0.0,0.495,0.0,-0.019,-0.016,0.555,0.002
src,RF-Scorev3(ODDT)/GlideSP,5.0,NEF,,0.509,1.642,0.509,40,1240,62,1.018,0.334,0.501,0.487,2.545,-0.021,-0.02,0.555,0.002
thrombin,RF-Scorev3(ODDT)/GlideSP,0.5,NEF,,9.105,29.371,9.105,40,1240,7,2.056,0.926,12.475,0.524,29.371,0.111,0.079,0.702,0.261
thrombin,RF-Scorev3(ODDT)/GlideSP,1.0,NEF,,9.81,31.645,9.81,40,1240,13,4.114,0.933,13.889,0.548,31.645,0.166,0.142,0.702,0.261
thrombin,RF-Scorev3(ODDT)/GlideSP,5.0,NEF,,4.179,13.481,4.179,40,1240,62,8.358,0.824,4.674,0.582,20.895,0.133,0.13,0.702,0.261
tie2,RF-Scorev3(ODDT)/GlideSP,0.5,NEF,,0.0,0.0,0.0,40,1240,7,0.0,0.0,0.0,0.497,0.0,-0.014,-0.01,0.659,0.124
tie2,RF-Scorev3(ODDT)/GlideSP,1.0,NEF,,5.0,16.129,5.0,40,1240,13,2.097,0.852,5.769,0.522,16.129,0.075,0.064,0.659,0.124
tie2,RF-Scorev3(ODDT)/GlideSP,5.0,NEF,,4.996,16.116,4.996,40,1240,62,9.992,0.852,5.764,0.603,24.98,0.167,0.163,0.659,0.124
tk,RF-Scorev3(ODDT)/GlideSP,0.5,NEF,,0.0,0.0,0.0,40,1240,7,0.0,0.0,0.0,0.497,0.0,-0.014,-0.01,0.497,0.003
tk,RF-Scorev3(ODDT)/GlideSP,1.0,NEF,,0.0,0.0,0.0,40,1240,13,0.0,0.0,0.0,0.495,0.0,-0.019,-0.016,0.497,0.003
tk,RF-Scorev3(ODDT)/GlideSP,5.0,NEF,,0.51,1.645,0.51,40,1240,62,1.02,0.334,0.502,0.487,2.55,-0.021,-0.02,0.497,0.003
tp,RF-Scorev3(ODDT)/GlideSP,0.5,NEF,,0.0,0.0,0.0,40,1240,7,0.0,0.0,0.0,0.497,0.0,-0.014,-0.01,0.281,0.002
tp,RF-Scorev3(ODDT)/GlideSP,1.0,NEF,,0.0,0.0,0.0,40,1240,13,0.0,0.0,0.0,0.495,0.0,-0.019,-0.016,0.281,0.002
tp,RF-Scorev3(ODDT)/GlideSP,5.0,NEF,,0.644,2.077,0.644,40,1240,62,1.288,0.389,0.636,0.491,3.22,-0.015,-0.015,0.281,0.002
tpa,RF-Scorev3(ODDT)/GlideSP,0.5,NEF,,5.092,16.426,5.092,40,1240,7,1.15,0.855,5.896,0.512,16.426,0.056,0.04,0.557,0.08
tpa,RF-Scorev3(ODDT)/GlideSP,1.0,NEF,,2.55,8.226,2.55,40,1240,13,1.069,0.729,2.689,0.508,8.226,0.029,0.025,0.557,0.08
tpa,RF-Scorev3(ODDT)/GlideSP,5.0,NEF,,1.036,3.342,1.036,40,1240,62,2.072,0.509,1.037,0.501,5.18,0.002,0.001,0.557,0.08
ts,RF-Scorev3(ODDT)/GlideSP,0.5,NEF,,4.357,14.066,4.357,40,1239,7,0.985,0.831,4.906,0.51,14.066,0.046,0.033,0.612,0.12
ts,RF-Scorev3(ODDT)/GlideSP,1.0,NEF,,4.69,15.141,4.69,40,1239,13,1.968,0.842,5.348,0.52,15.141,0.069,0.059,0.612,0.12
ts,RF-Scorev3(ODDT)/GlideSP,5.0,NEF,,1.5,4.843,1.5,40,1239,62,3.002,0.604,1.525,0.513,7.506,0.021,0.02,0.612,0.12
upa,RF-Scorev3(ODDT)/GlideSP,0.5,NEF,,0.0,0.0,0.0,40,1240,7,0.0,0.0,0.0,0.497,0.0,-0.014,-0.01,0.527,0.063
upa,RF-Scorev3(ODDT)/GlideSP,1.0,NEF,,0.0,0.0,0.0,40,1240,13,0.0,0.0,0.0,0.495,0.0,-0.019,-0.016,0.527,0.063
upa,RF-Scorev3(ODDT)/GlideSP,5.0,NEF,,2.492,8.039,2.492,40,1240,62,4.984,0.724,2.622,0.539,12.46,0.062,0.061,0.527,0.063
vegfr1,RF-Scorev3(ODDT)/GlideSP,0.5,NEF,,0.0,0.0,0.0,40,1240,7,0.0,0.0,0.0,0.497,0.0,-0.014,-0.01,0.663,0.029
vegfr1,RF-Scorev3(ODDT)/GlideSP,1.0,NEF,,0.0,0.0,0.0,40,1240,13,0.0,0.0,0.0,0.495,0.0,-0.019,-0.016,0.663,0.029
vegfr1,RF-Scorev3(ODDT)/GlideSP,5.0,NEF,,1.051,3.39,1.051,40,1240,62,2.102,0.513,1.053,0.501,5.255,0.002,0.002,0.663,0.029
vegfr2,RF-Scorev3(ODDT)/GlideSP,0.5,NEF,,4.469,14.416,4.469,40,1240,7,1.009,0.835,5.053,0.51,14.416,0.048,0.034,0.585,0.158
vegfr2,RF-Scorev3(ODDT)/GlideSP,1.0,NEF,,4.81,15.516,4.81,40,1240,13,2.017,0.846,5.51,0.521,15.516,0.072,0.061,0.585,0.158
vegfr2,RF-Scorev3(ODDT)/GlideSP,5.0,NEF,,2.564,8.271,2.564,40,1240,62,5.128,0.73,2.705,0.54,12.82,0.066,0.064,0.585,0.158
11betahsd1,RF-Scorev3/GlideSP,0.5,NEF,,0.0,0.0,0.0,40,1240,7,0.0,0.0,0.0,0.497,0.0,-0.014,-0.01,0.591,0.083
11betahsd1,RF-Scorev3/GlideSP,1.0,NEF,,2.51,8.097,2.51,40,1240,13,1.053,0.726,2.643,0.508,8.097,0.028,0.024,0.591,0.083
11betahsd1,RF-Scorev3/GlideSP,5.0,NEF,,1.535,4.952,1.535,40,1240,62,3.07,0.61,1.563,0.514,7.675,0.022,0.022,0.591,0.083
17betahsd1,RF-Scorev3/GlideSP,0.5,NEF,,0.0,0.0,0.0,40,1240,7,0.0,0.0,0.0,0.497,0.0,-0.014,-0.01,0.473,0.06
17betahsd1,RF-Scorev3/GlideSP,1.0,NEF,,2.36,7.613,2.36,40,1240,13,0.99,0.712,2.472,0.507,7.613,0.026,0.022,0.473,0.06
17betahsd1,RF-Scorev3/GlideSP,5.0,NEF,,0.99,3.194,0.99,40,1240,62,1.98,0.497,0.99,0.5,4.95,-0.0,-0.0,0.473,0.06
a2a,RF-Scorev3/GlideSP,0.5,NEF,,0.0,0.0,0.0,40,1240,7,0.0,0.0,0.0,0.497,0.0,-0.014,-0.01,0.552,0.028
a2a,RF-Scorev3/GlideSP,1.0,NEF,,0.0,0.0,0.0,40,1240,13,0.0,0.0,0.0,0.495,0.0,-0.019,-0.016,0.552,0.028
a2a,RF-Scorev3/GlideSP,5.0,NEF,,1.485,4.79,1.485,40,1240,62,2.97,0.601,1.509,0.513,7.425,0.02,0.02,0.552,0.028
ace,RF-Scorev3/GlideSP,0.5,NEF,,13.232,42.684,13.232,40,1240,7,2.988,0.957,22.341,0.536,42.684,0.168,0.119,0.671,0.479
ace,RF-Scorev3/GlideSP,1.0,NEF,,16.63,53.645,16.63,40,1240,13,6.974,0.972,34.718,0.585,53.645,0.294,0.251,0.671,0.479
ace,RF-Scorev3/GlideSP,5.0,NEF,,7.968,25.703,7.968,40,1240,62,15.936,0.912,10.379,0.68,39.84,0.292,0.284,0.671,0.479
ace2,RF-Scorev3/GlideSP,0.5,NEF,,4.425,14.274,4.425,40,1240,7,0.999,0.833,4.995,0.51,14.274,0.047,0.033,0.744,0.168
ace2,RF-Scorev3/GlideSP,1.0,NEF,,2.38,7.677,2.38,40,1240,13,0.998,0.714,2.495,0.507,7.677,0.026,0.022,0.744,0.168
ace2,RF-Scorev3/GlideSP,5.0,NEF,,4.496,14.503,4.496,40,1240,62,8.992,0.836,5.089,0.59,22.48,0.146,0.143,0.744,0.168
ache,RF-Scorev3/GlideSP,0.5,NEF,,4.361,14.068,4.361,40,1240,7,0.985,0.831,4.911,0.51,14.068,0.046,0.033,0.615,0.136
ache,RF-Scorev3/GlideSP,1.0,NEF,,4.7,15.161,4.7,40,1240,13,1.971,0.843,5.361,0.52,15.161,0.07,0.059,0.615,0.136
ache,RF-Scorev3/GlideSP,5.0,NEF,,3.446,11.116,3.446,40,1240,62,6.892,0.79,3.752,0.563,17.23,0.102,0.1,0.615,0.136
adam17,RF-Scorev3/GlideSP,0.5,NEF,,4.393,14.171,4.393,40,1240,7,0.992,0.832,4.953,0.51,14.171,0.047,0.033,0.498,0.125
adam17,RF-Scorev3/GlideSP,1.0,NEF,,4.73,15.258,4.73,40,1240,13,1.984,0.844,5.402,0.52,15.258,0.07,0.06,0.498,0.125
adam17,RF-Scorev3/GlideSP,5.0,NEF,,2.48,8.0,2.48,40,1240,62,4.96,0.723,2.609,0.538,12.4,0.062,0.06,0.498,0.125
adrb2,RF-Scorev3/GlideSP,0.5,NEF,,0.0,0.0,0.0,40,1240,7,0.0,0.0,0.0,0.497,0.0,-0.014,-0.01,0.661,0.068
adrb2,RF-Scorev3/GlideSP,1.0,NEF,,2.4,7.742,2.4,40,1240,13,1.006,0.716,2.517,0.508,7.742,0.026,0.023,0.661,0.068
adrb2,RF-Scorev3/GlideSP,5.0,NEF,,0.992,3.2,0.992,40,1240,62,1.984,0.498,0.992,0.5,4.96,-0.0,-0.0,0.661,0.068
akt1,RF-Scorev3/GlideSP,0.5,NEF,,0.0,0.0,0.0,40,1240,7,0.0,0.0,0.0,0.497,0.0,-0.014,-0.01,0.395,0.007
akt1,RF-Scorev3/GlideSP,1.0,NEF,,0.0,0.0,0.0,40,1240,13,0.0,0.0,0.0,0.495,0.0,-0.019,-0.016,0.395,0.007
akt1,RF-Scorev3/GlideSP,5.0,NEF,,0.505,1.629,0.505,40,1240,62,1.01,0.332,0.497,0.487,2.525,-0.021,-0.02,0.395,0.007
alr2,RF-Scorev3/GlideSP,0.5,NEF,,0.0,0.0,0.0,40,1240,7,0.0,0.0,0.0,0.497,0.0,-0.014,-0.01,0.461,0.061
alr2,RF-Scorev3/GlideSP,1.0,NEF,,2.36,7.613,2.36,40,1240,13,0.99,0.712,2.472,0.507,7.613,0.026,0.022,0.461,0.061
alr2,RF-Scorev3/GlideSP,5.0,NEF,,0.989,3.19,0.989,40,1240,62,1.978,0.497,0.989,0.5,4.945,-0.0,-0.0,0.461,0.061
ar,RF-Scorev3/GlideSP,0.5,NEF,,0.0,0.0,0.0,40,1240,7,0.0,0.0,0.0,0.497,0.0,-0.014,-0.01,0.558,0.061
ar,RF-Scorev3/GlideSP,1.0,NEF,,0.0,0.0,0.0,40,1240,13,0.0,0.0,0.0,0.495,0.0,-0.019,-0.016,0.558,0.061
ar,RF-Scorev3/GlideSP,5.0,NEF,,1.411,4.552,1.411,40,1240,62,2.822,0.589,1.431,0.511,7.055,0.017,0.017,0.558,0.061
aurka,RF-Scorev3/GlideSP,0.5,NEF,,0.0,0.0,0.0,40,1240,7,0.0,0.0,0.0,0.497,0.0,-0.014,-0.01,0.546,0.0
aurka,RF-Scorev3/GlideSP,1.0,NEF,,0.0,0.0,0.0,40,1240,13,0.0,0.0,0.0,0.495,0.0,-0.019,-0.016,0.546,0.0
aurka,RF-Scorev3/GlideSP,5.0,NEF,,0.0,0.0,0.0,40,1240,62,0.0,0.0,0.0,0.474,0.0,-0.042,-0.041,0.546,0.0
aurkb,RF-Scorev3/GlideSP,0.5,NEF,,0.0,0.0,0.0,40,1240,7,0.0,0.0,0.0,0.497,0.0,-0.014,-0.01,0.525,0.016
aurkb,RF-Scorev3/GlideSP,1.0,NEF,,0.0,0.0,0.0,40,1240,13,0.0,0.0,0.0,0.495,0.0,-0.019,-0.016,0.525,0.016
aurkb,RF-Scorev3/GlideSP,5.0,NEF,,0.996,3.213,0.996,40,1240,62,1.992,0.499,0.996,0.5,4.98,-0.0,-0.0,0.525,0.016
bcl2,RF-Scorev3/GlideSP,0.5,NEF,,13.104,42.271,13.104,40,1240,7,2.959,0.956,21.967,0.535,42.271,0.167,0.117,0.724,0.35
bcl2,RF-Scorev3/GlideSP,1.0,NEF,,11.76,37.935,11.76,40,1240,13,4.932,0.948,18.337,0.558,37.935,0.202,0.173,0.724,0.35
bcl2,RF-Scorev3/GlideSP,5.0,NEF,,6.904,22.271,6.904,40,1240,62,13.808,0.896,8.596,0.653,34.52,0.247,0.241,0.724,0.35
braf,RF-Scorev3/GlideSP,0.5,NEF,,0.0,0.0,0.0,40,1240,7,0.0,0.0,0.0,0.497,0.0,-0.014,-0.01,0.598,0.038
braf,RF-Scorev3/GlideSP,1.0,NEF,,0.0,0.0,0.0,40,1240,13,0.0,0.0,0.0,0.495,0.0,-0.019,-0.016,0.598,0.038
braf,RF-Scorev3/GlideSP,5.0,NEF,,1.016,3.277,1.016,40,1240,62,2.032,0.504,1.017,0.5,5.08,0.001,0.001,0.598,0.038
catl,RF-Scorev3/GlideSP,0.5,NEF,,8.807,28.41,8.807,40,1240,7,1.989,0.923,11.905,0.523,28.41,0.107,0.076,0.698,0.189
catl,RF-Scorev3/GlideSP,1.0,NEF,,4.74,15.29,4.74,40,1240,13,1.988,0.844,5.415,0.52,15.29,0.07,0.06,0.698,0.189
catl,RF-Scorev3/GlideSP,5.0,NEF,,3.977,12.829,3.977,40,1240,62,7.954,0.815,4.415,0.577,19.885,0.125,0.122,0.698,0.189
cdk2,RF-Scorev3/GlideSP,0.5,NEF,,0.0,0.0,0.0,40,1240,7,0.0,0.0,0.0,0.497,0.0,-0.014,-0.01,0.567,0.054
cdk2,RF-Scorev3/GlideSP,1.0,NEF,,0.0,0.0,0.0,40,1240,13,0.0,0.0,0.0,0.495,0.0,-0.019,-0.016,0.567,0.054
cdk2,RF-Scorev3/GlideSP,5.0,NEF,,1.495,4.823,1.495,40,1240,62,2.99,0.603,1.52,0.513,7.475,0.021,0.02,0.567,0.054
cox1,RF-Scorev3/GlideSP,0.5,NEF,,0.0,0.0,0.0,40,1240,7,0.0,0.0,0.0,0.497,0.0,-0.014,-0.01,0.609,0.033
cox1,RF-Scorev3/GlideSP,1.0,NEF,,0.0,0.0,0.0,40,1240,13,0.0,0.0,0.0,0.495,0.0,-0.019,-0.016,0.609,0.033
cox1,RF-Scorev3/GlideSP,5.0,NEF,,3.077,9.926,3.077,40,1240,62,6.154,0.768,3.306,0.554,15.385,0.087,0.085,0.609,0.033
cox2,RF-Scorev3/GlideSP,0.5,NEF,,0.0,0.0,0.0,40,1240,7,0.0,0.0,0.0,0.497,0.0,-0.014,-0.01,0.684,0.005
cox2,RF-Scorev3/GlideSP,1.0,NEF,,0.0,0.0,0.0,40,1240,13,0.0,0.0,0.0,0.495,0.0,-0.019,-0.016,0.684,0.005
cox2,RF-Scorev3/GlideSP,5.0,NEF,,0.537,1.732,0.537,40,1240,62,1.074,0.346,0.529,0.488,2.685,-0.019,-0.019,0.684,0.005
ctsk,RF-Scorev3/GlideSP,0.5,NEF,,4.411,14.229,4.411,40,1240,7,0.996,0.833,4.977,0.51,14.229,0.047,0.033,0.644,0.186
ctsk,RF-Scorev3/GlideSP,1.0,NEF,,4.75,15.323,4.75,40,1240,13,1.992,0.844,5.429,0.52,15.323,0.07,0.06,0.644,0.186
ctsk,RF-Scorev3/GlideSP,5.0,NEF,,3.984,12.852,3.984,40,1240,62,7.968,0.816,4.424,0.577,19.92,0.125,0.122,0.644,0.186
cyp2a6,RF-Scorev3/GlideSP,0.5,NEF,,0.0,0.0,0.0,40,1240,7,0.0,0.0,0.0,0.497,0.0,-0.014,-0.01,0.325,0.0
cyp2a6,RF-Scorev3/GlideSP,1.0,NEF,,0.0,0.0,0.0,40,1240,13,0.0,0.0,0.0,0.495,0.0,-0.019,-0.016,0.325,0.0
cyp2a6,RF-Scorev3/GlideSP,5.0,NEF,,0.0,0.0,0.0,40,1240,62,0.0,0.0,0.0,0.474,0.0,-0.042,-0.041,0.325,0.0
dhfr,RF-Scorev3/GlideSP,0.5,NEF,,0.0,0.0,0.0,40,1240,7,0.0,0.0,0.0,0.497,0.0,-0.014,-0.01,0.48,0.014
dhfr,RF-Scorev3/GlideSP,1.0,NEF,,0.0,0.0,0.0,40,1240,13,0.0,0.0,0.0,0.495,0.0,-0.019,-0.016,0.48,0.014
dhfr,RF-Scorev3/GlideSP,5.0,NEF,,0.987,3.184,0.987,40,1240,62,1.974,0.497,0.987,0.5,4.935,-0.001,-0.001,0.48,0.014
egfr,RF-Scorev3/GlideSP,0.5,NEF,,0.0,0.0,0.0,40,1240,7,0.0,0.0,0.0,0.497,0.0,-0.014,-0.01,0.552,0.089
egfr,RF-Scorev3/GlideSP,1.0,NEF,,2.38,7.677,2.38,40,1240,13,0.998,0.714,2.495,0.507,7.677,0.026,0.022,0.552,0.089
egfr,RF-Scorev3/GlideSP,5.0,NEF,,4.052,13.071,4.052,40,1240,62,8.104,0.819,4.511,0.579,20.26,0.128,0.125,0.552,0.089
ephb4,RF-Scorev3/GlideSP,0.5,NEF,,0.0,0.0,0.0,40,1240,7,0.0,0.0,0.0,0.497,0.0,-0.014,-0.01,0.6,0.005
ephb4,RF-Scorev3/GlideSP,1.0,NEF,,0.0,0.0,0.0,40,1240,13,0.0,0.0,0.0,0.495,0.0,-0.019,-0.016,0.6,0.005
ephb4,RF-Scorev3/GlideSP,5.0,NEF,,0.995,3.21,0.995,40,1240,62,1.99,0.499,0.995,0.5,4.975,-0.0,-0.0,0.6,0.005
erbb2,RF-Scorev3/GlideSP,0.5,NEF,,0.0,0.0,0.0,40,1240,7,0.0,0.0,0.0,0.497,0.0,-0.014,-0.01,0.625,0.068
erbb2,RF-Scorev3/GlideSP,1.0,NEF,,2.47,7.968,2.47,40,1240,13,1.036,0.722,2.597,0.508,7.968,0.028,0.024,0.625,0.068
erbb2,RF-Scorev3/GlideSP,5.0,NEF,,2.467,7.958,2.467,40,1240,62,4.934,0.722,2.594,0.538,12.335,0.061,0.06,0.625,0.068
er-beta,RF-Scorev3/GlideSP,0.5,NEF,,0.0,0.0,0.0,40,1240,7,0.0,0.0,0.0,0.497,0.0,-0.014,-0.01,0.511,0.024
er-beta,RF-Scorev3/GlideSP,1.0,NEF,,0.0,0.0,0.0,40,1240,13,0.0,0.0,0.0,0.495,0.0,-0.019,-0.016,0.511,0.024
er-beta,RF-Scorev3/GlideSP,5.0,NEF,,1.361,4.39,1.361,40,1240,62,2.722,0.579,1.378,0.509,6.805,0.015,0.015,0.511,0.024
fgfr1,RF-Scorev3/GlideSP,0.5,NEF,,0.0,0.0,0.0,40,1240,7,0.0,0.0,0.0,0.497,0.0,-0.014,-0.01,0.512,0.001
fgfr1,RF-Scorev3/GlideSP,1.0,NEF,,0.0,0.0,0.0,40,1240,13,0.0,0.0,0.0,0.495,0.0,-0.019,-0.016,0.512,0.001
fgfr1,RF-Scorev3/GlideSP,5.0,NEF,,0.0,0.0,0.0,40,1240,62,0.0,0.0,0.0,0.474,0.0,-0.042,-0.041,0.512,0.001
fkbp1a,RF-Scorev3/GlideSP,0.5,NEF,,0.0,0.0,0.0,40,1240,7,0.0,0.0,0.0,0.497,0.0,-0.014,-0.01,0.658,0.014
fkbp1a,RF-Scorev3/GlideSP,1.0,NEF,,0.0,0.0,0.0,40,1240,13,0.0,0.0,0.0,0.495,0.0,-0.019,-0.016,0.658,0.014
fkbp1a,RF-Scorev3/GlideSP,5.0,NEF,,1.567,5.055,1.567,40,1240,62,3.134,0.615,1.597,0.515,7.835,0.024,0.023,0.658,0.014
fxa,RF-Scorev3/GlideSP,0.5,NEF,,15.295,49.339,15.295,40,1240,7,3.454,0.967,29.217,0.542,49.339,0.197,0.139,0.775,0.281
fxa,RF-Scorev3/GlideSP,1.0,NEF,,7.65,24.677,7.65,40,1240,13,3.208,0.908,9.829,0.536,24.677,0.125,0.107,0.775,0.281
fxa,RF-Scorev3/GlideSP,5.0,NEF,,4.588,14.8,4.588,40,1240,62,9.176,0.839,5.211,0.593,22.94,0.15,0.146,0.775,0.281
gba,RF-Scorev3/GlideSP,0.5,NEF,,0.0,0.0,0.0,40,1240,7,0.0,0.0,0.0,0.497,0.0,-0.014,-0.01,0.392,0.002
gba,RF-Scorev3/GlideSP,1.0,NEF,,0.0,0.0,0.0,40,1240,13,0.0,0.0,0.0,0.495,0.0,-0.019,-0.016,0.392,0.002
gba,RF-Scorev3/GlideSP,5.0,NEF,,0.498,1.606,0.498,40,1240,62,0.996,0.329,0.49,0.487,2.49,-0.021,-0.02,0.392,0.002
gr,RF-Scorev3/GlideSP,0.5,NEF,,0.0,0.0,0.0,40,1240,7,0.0,0.0,0.0,0.497,0.0,-0.014,-0.01,0.623,0.105
gr,RF-Scorev3/GlideSP,1.0,NEF,,2.35,7.581,2.35,40,1240,13,0.985,0.711,2.461,0.507,7.581,0.025,0.022,0.623,0.105
gr,RF-Scorev3/GlideSP,5.0,NEF,,2.466,7.955,2.466,40,1240,62,4.932,0.722,2.593,0.538,12.33,0.061,0.06,0.623,0.105
gsk3b,RF-Scorev3/GlideSP,0.5,NEF,,4.307,13.894,4.307,40,1240,7,0.973,0.829,4.841,0.51,13.894,0.045,0.032,0.544,0.13
gsk3b,RF-Scorev3/GlideSP,1.0,NEF,,2.32,7.484,2.32,40,1240,13,0.973,0.708,2.427,0.507,7.484,0.025,0.021,0.544,0.13
gsk3b,RF-Scorev3/GlideSP,5.0,NEF,,1.977,6.377,1.977,40,1240,62,3.954,0.671,2.044,0.525,9.885,0.041,0.04,0.544,0.13
hdac2,RF-Scorev3/GlideSP,0.5,NEF,,13.007,41.958,13.007,40,1240,7,2.937,0.956,21.687,0.535,41.958,0.165,0.116,0.711,0.234
hdac2,RF-Scorev3/GlideSP,1.0,NEF,,7.0,22.581,7.0,40,1240,13,2.935,0.897,8.75,0.533,22.581,0.113,0.096,0.711,0.234
hdac2,RF-Scorev3/GlideSP,5.0,NEF,,2.985,9.629,2.985,40,1240,62,5.97,0.762,3.197,0.551,14.925,0.083,0.081,0.711,0.234
hdac8,RF-Scorev3/GlideSP,0.5,NEF,,0.0,0.0,0.0,40,1240,7,0.0,0.0,0.0,0.497,0.0,-0.014,-0.01,0.406,0.012
hdac8,RF-Scorev3/GlideSP,1.0,NEF,,0.0,0.0,0.0,40,1240,13,0.0,0.0,0.0,0.495,0.0,-0.019,-0.016,0.406,0.012
hdac8,RF-Scorev3/GlideSP,5.0,NEF,,0.995,3.21,0.995,40,1240,62,1.99,0.499,0.995,0.5,4.975,-0.0,-0.0,0.406,0.012
hiv1pr,RF-Scorev3/GlideSP,0.5,NEF,,18.78,60.581,18.78,40,1240,7,4.241,0.979,46.105,0.552,60.581,0.245,0.173,0.894,0.553
hiv1pr,RF-Scorev3/GlideSP,1.0,NEF,,20.22,65.226,20.22,40,1240,13,8.479,0.983,56.271,0.604,65.226,0.361,0.309,0.894,0.553
hiv1pr,RF-Scorev3/GlideSP,5.0,NEF,,10.775,34.758,10.775,40,1240,62,21.55,0.941,15.983,0.753,53.875,0.409,0.399,0.894,0.553
hiv1rt,RF-Scorev3/GlideSP,0.5,NEF,,0.0,0.0,0.0,40,1240,7,0.0,0.0,0.0,0.497,0.0,-0.014,-0.01,0.55,0.036
hiv1rt,RF-Scorev3/GlideSP,1.0,NEF,,0.0,0.0,0.0,40,1240,13,0.0,0.0,0.0,0.495,0.0,-0.019,-0.016,0.55,0.036
hiv1rt,RF-Scorev3/GlideSP,5.0,NEF,,1.05,3.387,1.05,40,1240,62,2.1,0.513,1.052,0.501,5.25,0.002,0.002,0.55,0.036
hmgr,RF-Scorev3/GlideSP,0.5,NEF,,4.418,14.252,4.418,40,1240,7,0.998,0.833,4.986,0.51,14.252,0.047,0.033,0.601,0.085
hmgr,RF-Scorev3/GlideSP,1.0,NEF,,2.38,7.677,2.38,40,1240,13,0.998,0.714,2.495,0.507,7.677,0.026,0.022,0.601,0.085
hmgr,RF-Scorev3/GlideSP,5.0,NEF,,2.494,8.045,2.494,40,1240,62,4.988,0.724,2.625,0.539,12.47,0.063,0.061,0.601,0.085
hsp90,RF-Scorev3/GlideSP,0.5,NEF,,4.336,13.987,4.336,40,1240,7,0.979,0.83,4.878,0.51,13.987,0.046,0.032,0.534,0.075
hsp90,RF-Scorev3/GlideSP,1.0,NEF,,2.33,7.516,2.33,40,1240,13,0.977,0.709,2.438,0.507,7.516,0.025,0.021,0.534,0.075
hsp90,RF-Scorev3/GlideSP,5.0,NEF,,0.498,1.606,0.498,40,1240,62,0.996,0.329,0.49,0.487,2.49,-0.021,-0.02,0.534,0.075
igf1r,RF-Scorev3/GlideSP,0.5,NEF,,4.966,16.019,4.966,40,1240,7,1.121,0.851,5.723,0.512,16.019,0.055,0.038,0.513,0.101
igf1r,RF-Scorev3/GlideSP,1.0,NEF,,2.48,8.0,2.48,40,1240,13,1.04,0.723,2.609,0.508,8.0,0.028,0.024,0.513,0.101
igf1r,RF-Scorev3/GlideSP,5.0,NEF,,1.515,4.887,1.515,40,1240,62,3.03,0.607,1.541,0.513,7.575,0.022,0.021,0.513,0.101
inha,RF-Scorev3/GlideSP,0.5,NEF,,4.375,14.113,4.375,40,1240,7,0.988,0.831,4.93,0.51,14.113,0.046,0.033,0.476,0.157
inha,RF-Scorev3/GlideSP,1.0,NEF,,7.07,22.806,7.07,40,1240,13,2.965,0.899,8.863,0.533,22.806,0.114,0.098,0.476,0.157
inha,RF-Scorev3/GlideSP,5.0,NEF,,1.976,6.374,1.976,40,1240,62,3.952,0.671,2.042,0.525,9.88,0.041,0.04,0.476,0.157
itk,RF-Scorev3/GlideSP,0.5,NEF,,0.0,0.0,0.0,40,1240,7,0.0,0.0,0.0,0.497,0.0,-0.014,-0.01,0.615,0.038
itk,RF-Scorev3/GlideSP,1.0,NEF,,0.0,0.0,0.0,40,1240,13,0.0,0.0,0.0,0.495,0.0,-0.019,-0.016,0.615,0.038
itk,RF-Scorev3/GlideSP,5.0,NEF,,1.997,6.442,1.997,40,1240,62,3.994,0.674,2.066,0.526,9.985,0.042,0.041,0.615,0.038
jak3,RF-Scorev3/GlideSP,0.5,NEF,,9.975,32.177,9.975,40,1240,7,2.252,0.934,14.233,0.526,32.177,0.123,0.087,0.548,0.164
jak3,RF-Scorev3/GlideSP,1.0,NEF,,4.99,16.097,4.99,40,1240,13,2.093,0.852,5.755,0.522,16.097,0.075,0.064,0.548,0.164
jak3,RF-Scorev3/GlideSP,5.0,NEF,,1.995,6.435,1.995,40,1240,62,3.99,0.674,2.063,0.526,9.975,0.042,0.041,0.548,0.164
jnk1,RF-Scorev3/GlideSP,0.5,NEF,,0.0,0.0,0.0,40,1240,7,0.0,0.0,0.0,0.497,0.0,-0.014,-0.01,0.637,0.052
jnk1,RF-Scorev3/GlideSP,1.0,NEF,,0.0,0.0,0.0,40,1240,13,0.0,0.0,0.0,0.495,0.0,-0.019,-0.016,0.637,0.052
jnk1,RF-Scorev3/GlideSP,5.0,NEF,,1.575,5.081,1.575,40,1240,62,3.15,0.616,1.606,0.515,7.875,0.024,0.023,0.637,0.052
jnk2,RF-Scorev3/GlideSP,0.5,NEF,,10.009,32.287,10.009,40,1240,7,2.26,0.935,14.305,0.526,32.287,0.124,0.087,0.53,0.211
jnk2,RF-Scorev3/GlideSP,1.0,NEF,,7.51,24.226,7.51,40,1240,13,3.149,0.906,9.591,0.535,24.226,0.122,0.105,0.53,0.211
jnk2,RF-Scorev3/GlideSP,5.0,NEF,,2.545,8.21,2.545,40,1240,62,5.09,0.728,2.683,0.54,12.725,0.065,0.063,0.53,0.211
jnk3,RF-Scorev3/GlideSP,0.5,NEF,,0.0,0.0,0.0,40,1240,7,0.0,0.0,0.0,0.497,0.0,-0.014,-0.01,0.614,0.068
jnk3,RF-Scorev3/GlideSP,1.0,NEF,,2.38,7.677,2.38,40,1240,13,0.998,0.714,2.495,0.507,7.677,0.026,0.022,0.614,0.068
jnk3,RF-Scorev3/GlideSP,5.0,NEF,,2.541,8.197,2.541,40,1240,62,5.082,0.728,2.679,0.54,12.705,0.065,0.063,0.614,0.068
kif11,RF-Scorev3/GlideSP,0.5,NEF,,12.954,41.787,12.954,40,1240,7,2.925,0.956,21.535,0.535,41.787,0.164,0.116,0.851,0.299
kif11,RF-Scorev3/GlideSP,1.0,NEF,,9.3,30.0,9.3,40,1240,13,3.9,0.928,12.857,0.545,30.0,0.156,0.133,0.851,0.299
kif11,RF-Scorev3/GlideSP,5.0,NEF,,5.946,19.181,5.946,40,1240,62,11.892,0.877,7.12,0.628,29.73,0.207,0.202,0.851,0.299
lck,RF-Scorev3/GlideSP,0.5,NEF,,0.0,0.0,0.0,40,1240,7,0.0,0.0,0.0,0.497,0.0,-0.014,-0.01,0.476,0.033
lck,RF-Scorev3/GlideSP,1.0,NEF,,2.32,7.484,2.32,40,1240,13,0.973,0.708,2.427,0.507,7.484,0.025,0.021,0.476,0.033
lck,RF-Scorev3/GlideSP,5.0,NEF,,0.493,1.59,0.493,40,1240,62,0.986,0.327,0.485,0.487,2.465,-0.021,-0.021,0.476,0.033
mdm2,RF-Scorev3/GlideSP,0.5,NEF,,0.0,0.0,0.0,40,1240,7,0.0,0.0,0.0,0.497,0.0,-0.014,-0.01,0.476,0.008
mdm2,RF-Scorev3/GlideSP,1.0,NEF,,0.0,0.0,0.0,40,1240,13,0.0,0.0,0.0,0.495,0.0,-0.019,-0.016,0.476,0.008
mdm2,RF-Scorev3/GlideSP,5.0,NEF,,0.499,1.61,0.499,40,1240,62,0.998,0.329,0.491,0.487,2.495,-0.021,-0.02,0.476,0.008
mk2,RF-Scorev3/GlideSP,0.5,NEF,,5.243,16.913,5.243,40,1240,7,1.184,0.859,6.107,0.512,16.913,0.058,0.041,0.66,0.097
mk2,RF-Scorev3/GlideSP,1.0,NEF,,2.62,8.452,2.62,40,1240,13,1.099,0.735,2.77,0.509,8.452,0.03,0.026,0.66,0.097
mk2,RF-Scorev3/GlideSP,5.0,NEF,,3.199,10.319,3.199,40,1240,62,6.398,0.775,3.452,0.557,15.995,0.092,0.09,0.66,0.097
mmp2,RF-Scorev3/GlideSP,0.5,NEF,,0.0,0.0,0.0,40,1240,7,0.0,0.0,0.0,0.497,0.0,-0.014,-0.01,0.533,0.064
mmp2,RF-Scorev3/GlideSP,1.0,NEF,,0.0,0.0,0.0,40,1240,13,0.0,0.0,0.0,0.495,0.0,-0.019,-0.016,0.533,0.064
mmp2,RF-Scorev3/GlideSP,5.0,NEF,,1.981,6.39,1.981,40,1240,62,3.962,0.672,2.048,0.525,9.905,0.041,0.04,0.533,0.064
na,RF-Scorev3/GlideSP,0.5,NEF,,0.0,0.0,0.0,40,1240,7,0.0,0.0,0.0,0.497,0.0,-0.014,-0.01,0.734,0.089
na,RF-Scorev3/GlideSP,1.0,NEF,,4.77,15.387,4.77,40,1240,13,2.0,0.845,5.456,0.52,15.387,0.071,0.061,0.734,0.089
na,RF-Scorev3/GlideSP,5.0,NEF,,1.998,6.445,1.998,40,1240,62,3.996,0.674,2.067,0.526,9.99,0.042,0.041,0.734,0.089
p38-alpha,RF-Scorev3/GlideSP,0.5,NEF,,4.364,14.077,4.364,40,1240,7,0.985,0.831,4.915,0.51,14.077,0.046,0.033,0.548,0.074
p38-alpha,RF-Scorev3/GlideSP,1.0,NEF,,2.35,7.581,2.35,40,1240,13,0.985,0.711,2.461,0.507,7.581,0.025,0.022,0.548,0.074
p38-alpha,RF-Scorev3/GlideSP,5.0,NEF,,0.493,1.59,0.493,40,1240,62,0.986,0.327,0.485,0.487,2.465,-0.021,-0.021,0.548,0.074
parp-1,RF-Scorev3/GlideSP,0.5,NEF,,0.0,0.0,0.0,40,1240,7,0.0,0.0,0.0,0.497,0.0,-0.014,-0.01,0.618,0.066
parp-1,RF-Scorev3/GlideSP,1.0,NEF,,0.0,0.0,0.0,40,1240,13,0.0,0.0,0.0,0.495,0.0,-0.019,-0.016,0.618,0.066
parp-1,RF-Scorev3/GlideSP,5.0,NEF,,1.977,6.377,1.977,40,1240,62,3.954,0.671,2.044,0.525,9.885,0.041,0.04,0.618,0.066
pde4b,RF-Scorev3/GlideSP,0.5,NEF,,0.0,0.0,0.0,40,1240,7,0.0,0.0,0.0,0.497,0.0,-0.014,-0.01,0.58,0.017
pde4b,RF-Scorev3/GlideSP,1.0,NEF,,0.0,0.0,0.0,40,1240,13,0.0,0.0,0.0,0.495,0.0,-0.019,-0.016,0.58,0.017
pde4b,RF-Scorev3/GlideSP,5.0,NEF,,1.987,6.41,1.987,40,1240,62,3.974,0.673,2.055,0.525,9.935,0.041,0.04,0.58,0.017
pde5,RF-Scorev3/GlideSP,0.5,NEF,,0.0,0.0,0.0,40,1240,7,0.0,0.0,0.0,0.497,0.0,-0.014,-0.01,0.505,0.021
pde5,RF-Scorev3/GlideSP,1.0,NEF,,0.0,0.0,0.0,40,1240,13,0.0,0.0,0.0,0.495,0.0,-0.019,-0.016,0.505,0.021
pde5,RF-Scorev3/GlideSP,5.0,NEF,,1.041,3.358,1.041,40,1240,62,2.082,0.51,1.042,0.501,5.205,0.002,0.002,0.505,0.021
pdk1,RF-Scorev3/GlideSP,0.5,NEF,,0.0,0.0,0.0,40,1240,7,0.0,0.0,0.0,0.497,0.0,-0.014,-0.01,0.568,0.052
pdk1,RF-Scorev3/GlideSP,1.0,NEF,,2.44,7.871,2.44,40,1240,13,1.023,0.719,2.563,0.508,7.871,0.027,0.023,0.568,0.052
pdk1,RF-Scorev3/GlideSP,5.0,NEF,,1.561,5.035,1.561,40,1240,62,3.122,0.614,1.591,0.514,7.805,0.023,0.023,0.568,0.052
pi3kg,RF-Scorev3/GlideSP,0.5,NEF,,0.0,0.0,0.0,40,1240,7,0.0,0.0,0.0,0.497,0.0,-0.014,-0.01,0.577,0.0
pi3kg,RF-Scorev3/GlideSP,1.0,NEF,,0.0,0.0,0.0,40,1240,13,0.0,0.0,0.0,0.495,0.0,-0.019,-0.016,0.577,0.0
pi3kg,RF-Scorev3/GlideSP,5.0,NEF,,0.0,0.0,0.0,40,1240,62,0.0,0.0,0.0,0.474,0.0,-0.042,-0.041,0.577,0.0
pim-1,RF-Scorev3/GlideSP,0.5,NEF,,0.0,0.0,0.0,40,1240,7,0.0,0.0,0.0,0.497,0.0,-0.014,-0.01,0.655,0.085
pim-1,RF-Scorev3/GlideSP,1.0,NEF,,0.0,0.0,0.0,40,1240,13,0.0,0.0,0.0,0.495,0.0,-0.019,-0.016,0.655,0.085
pim-1,RF-Scorev3/GlideSP,5.0,NEF,,1.982,6.394,1.982,40,1240,62,3.964,0.672,2.049,0.525,9.91,0.041,0.04,0.655,0.085
pim-2,RF-Scorev3/GlideSP,0.5,NEF,,0.0,0.0,0.0,40,1240,7,0.0,0.0,0.0,0.497,0.0,-0.014,-0.01,0.555,0.062
pim-2,RF-Scorev3/GlideSP,1.0,NEF,,0.0,0.0,0.0,40,1240,13,0.0,0.0,0.0,0.495,0.0,-0.019,-0.016,0.555,0.062
pim-2,RF-Scorev3/GlideSP,5.0,NEF,,1.523,4.913,1.523,40,1240,62,3.046,0.608,1.55,0.514,7.615,0.022,0.021,0.555,0.062
pnp,RF-Scorev3/GlideSP,0.5,NEF,,4.404,14.206,4.404,40,1240,7,0.994,0.832,4.968,0.51,14.206,0.047,0.033,0.489,0.093
pnp,RF-Scorev3/GlideSP,1.0,NEF,,2.37,7.645,2.37,40,1240,13,0.994,0.713,2.483,0.507,7.645,0.026,0.022,0.489,0.093
pnp,RF-Scorev3/GlideSP,5.0,NEF,,3.48,11.226,3.48,40,1240,62,6.96,0.791,3.794,0.564,17.4,0.104,0.101,0.489,0.093
ppara,RF-Scorev3/GlideSP,0.5,NEF,,0.0,0.0,0.0,40,1240,7,0.0,0.0,0.0,0.497,0.0,-0.014,-0.01,0.675,0.028
ppara,RF-Scorev3/GlideSP,1.0,NEF,,0.0,0.0,0.0,40,1240,13,0.0,0.0,0.0,0.495,0.0,-0.019,-0.016,0.675,0.028
ppara,RF-Scorev3/GlideSP,5.0,NEF,,0.525,1.694,0.525,40,1240,62,1.05,0.341,0.517,0.488,2.625,-0.02,-0.019,0.675,0.028
pparg,RF-Scorev3/GlideSP,0.5,NEF,,4.75,15.323,4.75,40,1240,7,1.073,0.844,5.429,0.511,15.323,0.052,0.036,0.677,0.101
pparg,RF-Scorev3/GlideSP,1.0,NEF,,2.38,7.677,2.38,40,1240,13,0.998,0.714,2.495,0.507,7.677,0.026,0.022,0.677,0.101
pparg,RF-Scorev3/GlideSP,5.0,NEF,,3.5,11.29,3.5,40,1240,62,7.0,0.792,3.818,0.565,17.5,0.105,0.102,0.677,0.101
pr,RF-Scorev3/GlideSP,0.5,NEF,,0.0,0.0,0.0,40,1240,7,0.0,0.0,0.0,0.497,0.0,-0.014,-0.01,0.532,0.039
pr,RF-Scorev3/GlideSP,1.0,NEF,,0.0,0.0,0.0,40,1240,13,0.0,0.0,0.0,0.495,0.0,-0.019,-0.016,0.532,0.039
pr,RF-Scorev3/GlideSP,5.0,NEF,,1.131,3.648,1.131,40,1240,62,2.262,0.532,1.136,0.503,5.655,0.005,0.005,0.532,0.039
prkcq,RF-Scorev3/GlideSP,0.5,NEF,,0.0,0.0,0.0,40,1240,7,0.0,0.0,0.0,0.497,0.0,-0.014,-0.01,0.719,0.045
prkcq,RF-Scorev3/GlideSP,1.0,NEF,,0.0,0.0,0.0,40,1240,13,0.0,0.0,0.0,0.495,0.0,-0.019,-0.016,0.719,0.045
prkcq,RF-Scorev3/GlideSP,5.0,NEF,,2.105,6.79,2.105,40,1240,62,4.21,0.686,2.185,0.529,10.525,0.046,0.045,0.719,0.045
pygl-in,RF-Scorev3/GlideSP,0.5,NEF,,0.0,0.0,0.0,40,1240,7,0.0,0.0,0.0,0.497,0.0,-0.014,-0.01,0.683,0.105
pygl-in,RF-Scorev3/GlideSP,1.0,NEF,,2.37,7.645,2.37,40,1240,13,0.994,0.713,2.483,0.507,7.645,0.026,0.022,0.683,0.105
pygl-in,RF-Scorev3/GlideSP,5.0,NEF,,2.981,9.616,2.981,40,1240,62,5.962,0.761,3.192,0.551,14.905,0.083,0.081,0.683,0.105
pygl-out,RF-Scorev3/GlideSP,0.5,NEF,,13.243,42.719,13.243,40,1240,7,2.99,0.957,22.374,0.536,42.719,0.168,0.119,0.743,0.353
pygl-out,RF-Scorev3/GlideSP,1.0,NEF,,11.88,38.323,11.88,40,1240,13,4.982,0.949,18.64,0.559,38.323,0.204,0.175,0.743,0.353
pygl-out,RF-Scorev3/GlideSP,5.0,NEF,,6.479,20.9,6.479,40,1240,62,12.958,0.888,7.927,0.642,32.395,0.229,0.224,0.743,0.353
qpct,RF-Scorev3/GlideSP,0.5,NEF,,0.0,0.0,0.0,40,1240,7,0.0,0.0,0.0,0.497,0.0,-0.014,-0.01,0.328,0.0
qpct,RF-Scorev3/GlideSP,1.0,NEF,,0.0,0.0,0.0,40,1240,13,0.0,0.0,0.0,0.495,0.0,-0.019,-0.016,0.328,0.0
qpct,RF-Scorev3/GlideSP,5.0,NEF,,0.0,0.0,0.0,40,1240,62,0.0,0.0,0.0,0.474,0.0,-0.042,-0.041,0.328,0.0
rock-1,RF-Scorev3/GlideSP,0.5,NEF,,0.0,0.0,0.0,40,1240,7,0.0,0.0,0.0,0.497,0.0,-0.014,-0.01,0.467,0.003
rock-1,RF-Scorev3/GlideSP,1.0,NEF,,0.0,0.0,0.0,40,1240,13,0.0,0.0,0.0,0.495,0.0,-0.019,-0.016,0.467,0.003
rock-1,RF-Scorev3/GlideSP,5.0,NEF,,0.495,1.597,0.495,40,1240,62,0.99,0.327,0.487,0.487,2.475,-0.021,-0.021,0.467,0.003
rxr,RF-Scorev3/GlideSP,0.5,NEF,,0.0,0.0,0.0,40,1240,7,0.0,0.0,0.0,0.497,0.0,-0.014,-0.01,0.657,0.022
rxr,RF-Scorev3/GlideSP,1.0,NEF,,0.0,0.0,0.0,40,1240,13,0.0,0.0,0.0,0.495,0.0,-0.019,-0.016,0.657,0.022
rxr,RF-Scorev3/GlideSP,5.0,NEF,,0.54,1.742,0.54,40,1240,62,1.08,0.347,0.532,0.488,2.7,-0.019,-0.019,0.657,0.022
sars-hcov,RF-Scorev3/GlideSP,0.5,NEF,,13.209,42.61,13.209,39,1209,7,2.983,0.957,22.274,0.537,42.61,0.17,0.121,0.531,0.231
sars-hcov,RF-Scorev3/GlideSP,1.0,NEF,,9.48,30.581,9.48,39,1209,13,3.975,0.93,13.216,0.547,30.581,0.161,0.139,0.531,0.231
sars-hcov,RF-Scorev3/GlideSP,5.0,NEF,,2.526,8.148,2.526,39,1209,61,4.971,0.727,2.661,0.54,12.745,0.064,0.063,0.531,0.231
sirt2,RF-Scorev3/GlideSP,0.5,NEF,,0.0,0.0,0.0,40,1240,7,0.0,0.0,0.0,0.497,0.0,-0.014,-0.01,0.462,0.073
sirt2,RF-Scorev3/GlideSP,1.0,NEF,,0.0,0.0,0.0,40,1240,13,0.0,0.0,0.0,0.495,0.0,-0.019,-0.016,0.462,0.073
sirt2,RF-Scorev3/GlideSP,5.0,NEF,,1.969,6.352,1.969,40,1240,62,3.938,0.67,2.035,0.525,9.845,0.041,0.04,0.462,0.073
src,RF-Scorev3/GlideSP,0.5,NEF,,0.0,0.0,0.0,40,1240,7,0.0,0.0,0.0,0.497,0.0,-0.014,-0.01,0.458,0.004
src,RF-Scorev3/GlideSP,1.0,NEF,,0.0,0.0,0.0,40,1240,13,0.0,0.0,0.0,0.495,0.0,-0.019,-0.016,0.458,0.004
src,RF-Scorev3/GlideSP,5.0,NEF,,0.509,1.642,0.509,40,1240,62,1.018,0.334,0.501,0.487,2.545,-0.021,-0.02,0.458,0.004
thrombin,RF-Scorev3/GlideSP,0.5,NEF,,9.105,29.371,9.105,40,1240,7,2.056,0.926,12.475,0.524,29.371,0.111,0.079,0.691,0.241
thrombin,RF-Scorev3/GlideSP,1.0,NEF,,9.81,31.645,9.81,40,1240,13,4.114,0.933,13.889,0.548,31.645,0.166,0.142,0.691,0.241
thrombin,RF-Scorev3/GlideSP,5.0,NEF,,3.135,10.113,3.135,40,1240,62,6.27,0.771,3.375,0.555,15.675,0.089,0.087,0.691,0.241
tie2,RF-Scorev3/GlideSP,0.5,NEF,,9.992,32.232,9.992,40,1240,7,2.256,0.935,14.269,0.526,32.232,0.124,0.087,0.547,0.212
tie2,RF-Scorev3/GlideSP,1.0,NEF,,5.0,16.129,5.0,40,1240,13,2.097,0.852,5.769,0.522,16.129,0.075,0.064,0.547,0.212
tie2,RF-Scorev3/GlideSP,5.0,NEF,,3.497,11.281,3.497,40,1240,62,6.994,0.792,3.814,0.565,17.485,0.105,0.102,0.547,0.212
tk,RF-Scorev3/GlideSP,0.5,NEF,,0.0,0.0,0.0,40,1240,7,0.0,0.0,0.0,0.497,0.0,-0.014,-0.01,0.575,0.01
tk,RF-Scorev3/GlideSP,1.0,NEF,,0.0,0.0,0.0,40,1240,13,0.0,0.0,0.0,0.495,0.0,-0.019,-0.016,0.575,0.01
tk,RF-Scorev3/GlideSP,5.0,NEF,,1.021,3.294,1.021,40,1240,62,2.042,0.505,1.022,0.501,5.105,0.001,0.001,0.575,0.01
tp,RF-Scorev3/GlideSP,0.5,NEF,,0.0,0.0,0.0,40,1240,7,0.0,0.0,0.0,0.497,0.0,-0.014,-0.01,0.276,0.044
tp,RF-Scorev3/GlideSP,1.0,NEF,,2.99,9.645,2.99,40,1240,13,1.254,0.762,3.202,0.511,9.645,0.037,0.032,0.276,0.044
tp,RF-Scorev3/GlideSP,5.0,NEF,,0.644,2.077,0.644,40,1240,62,1.288,0.389,0.636,0.491,3.22,-0.015,-0.015,0.276,0.044
tpa,RF-Scorev3/GlideSP,0.5,NEF,,5.092,16.426,5.092,40,1240,7,1.15,0.855,5.896,0.512,16.426,0.056,0.04,0.588,0.099
tpa,RF-Scorev3/GlideSP,1.0,NEF,,2.55,8.226,2.55,40,1240,13,1.069,0.729,2.689,0.508,8.226,0.029,0.025,0.588,0.099
tpa,RF-Scorev3/GlideSP,5.0,NEF,,2.589,8.352,2.589,40,1240,62,5.178,0.732,2.734,0.541,12.945,0.067,0.065,0.588,0.099
ts,RF-Scorev3/GlideSP,0.5,NEF,,0.0,0.0,0.0,40,1239,7,0.0,0.0,0.0,0.497,0.0,-0.014,-0.01,0.562,0.039
ts,RF-Scorev3/GlideSP,1.0,NEF,,0.0,0.0,0.0,40,1239,13,0.0,0.0,0.0,0.495,0.0,-0.019,-0.016,0.562,0.039
ts,RF-Scorev3/GlideSP,5.0,NEF,,2.0,6.457,2.0,40,1239,62,4.003,0.674,2.069,0.526,10.008,0.042,0.041,0.562,0.039
upa,RF-Scorev3/GlideSP,0.5,NEF,,0.0,0.0,0.0,40,1240,7,0.0,0.0,0.0,0.497,0.0,-0.014,-0.01,0.515,0.017
upa,RF-Scorev3/GlideSP,1.0,NEF,,0.0,0.0,0.0,40,1240,13,0.0,0.0,0.0,0.495,0.0,-0.019,-0.016,0.515,0.017
upa,RF-Scorev3/GlideSP,5.0,NEF,,0.498,1.606,0.498,40,1240,62,0.996,0.329,0.49,0.487,2.49,-0.021,-0.02,0.515,0.017
vegfr1,RF-Scorev3/GlideSP,0.5,NEF,,0.0,0.0,0.0,40,1240,7,0.0,0.0,0.0,0.497,0.0,-0.014,-0.01,0.508,0.051
vegfr1,RF-Scorev3/GlideSP,1.0,NEF,,2.5,8.065,2.5,40,1240,13,1.048,0.725,2.632,0.508,8.065,0.028,0.024,0.508,0.051
vegfr1,RF-Scorev3/GlideSP,5.0,NEF,,1.051,3.39,1.051,40,1240,62,2.102,0.513,1.053,0.501,5.255,0.002,0.002,0.508,0.051
vegfr2,RF-Scorev3/GlideSP,0.5,NEF,,8.938,28.832,8.938,40,1240,7,2.018,0.924,12.154,0.523,28.832,0.109,0.077,0.487,0.171
vegfr2,RF-Scorev3/GlideSP,1.0,NEF,,4.81,15.516,4.81,40,1240,13,2.017,0.846,5.51,0.521,15.516,0.072,0.061,0.487,0.171
vegfr2,RF-Scorev3/GlideSP,5.0,NEF,,2.564,8.271,2.564,40,1240,62,5.128,0.73,2.705,0.54,12.82,0.066,0.064,0.487,0.171
11betahsd1,RF-Scorev4/GlideSP,0.5,NEF,,5.03,16.226,5.03,40,1240,7,1.136,0.853,5.811,0.512,16.226,0.055,0.039,0.564,0.073
11betahsd1,RF-Scorev4/GlideSP,1.0,NEF,,2.51,8.097,2.51,40,1240,13,1.053,0.726,2.643,0.508,8.097,0.028,0.024,0.564,0.073
11betahsd1,RF-Scorev4/GlideSP,5.0,NEF,,1.535,4.952,1.535,40,1240,62,3.07,0.61,1.563,0.514,7.675,0.022,0.022,0.564,0.073
17betahsd1,RF-Scorev4/GlideSP,0.5,NEF,,4.382,14.135,4.382,40,1240,7,0.989,0.832,4.939,0.51,14.135,0.047,0.033,0.472,0.08
17betahsd1,RF-Scorev4/GlideSP,1.0,NEF,,2.36,7.613,2.36,40,1240,13,0.99,0.712,2.472,0.507,7.613,0.026,0.022,0.472,0.08
17betahsd1,RF-Scorev4/GlideSP,5.0,NEF,,0.99,3.194,0.99,40,1240,62,1.98,0.497,0.99,0.5,4.95,-0.0,-0.0,0.472,0.08
a2a,RF-Scorev4/GlideSP,0.5,NEF,,0.0,0.0,0.0,40,1240,7,0.0,0.0,0.0,0.497,0.0,-0.014,-0.01,0.643,0.068
a2a,RF-Scorev4/GlideSP,1.0,NEF,,2.36,7.613,2.36,40,1240,13,0.99,0.712,2.472,0.507,7.613,0.026,0.022,0.643,0.068
a2a,RF-Scorev4/GlideSP,5.0,NEF,,0.99,3.194,0.99,40,1240,62,1.98,0.497,0.99,0.5,4.95,-0.0,-0.0,0.643,0.068
ace,RF-Scorev4/GlideSP,0.5,NEF,,4.411,14.229,4.411,40,1240,7,0.996,0.833,4.977,0.51,14.229,0.047,0.033,0.513,0.089
ace,RF-Scorev4/GlideSP,1.0,NEF,,2.38,7.677,2.38,40,1240,13,0.998,0.714,2.495,0.507,7.677,0.026,0.022,0.513,0.089
ace,RF-Scorev4/GlideSP,5.0,NEF,,1.992,6.426,1.992,40,1240,62,3.984,0.673,2.06,0.526,9.96,0.042,0.04,0.513,0.089
ace2,RF-Scorev4/GlideSP,0.5,NEF,,4.425,14.274,4.425,40,1240,7,0.999,0.833,4.995,0.51,14.274,0.047,0.033,0.676,0.218
ace2,RF-Scorev4/GlideSP,1.0,NEF,,9.53,30.742,9.53,40,1240,13,3.996,0.93,13.316,0.546,30.742,0.16,0.137,0.676,0.218
ace2,RF-Scorev4/GlideSP,5.0,NEF,,4.496,14.503,4.496,40,1240,62,8.992,0.836,5.089,0.59,22.48,0.146,0.143,0.676,0.218
ache,RF-Scorev4/GlideSP,0.5,NEF,,21.804,70.335,21.804,40,1240,7,4.923,0.986,71.131,0.561,70.335,0.286,0.202,0.59,0.425
ache,RF-Scorev4/GlideSP,1.0,NEF,,16.44,53.032,16.44,40,1240,13,6.894,0.971,33.874,0.584,53.032,0.29,0.248,0.59,0.425
ache,RF-Scorev4/GlideSP,5.0,NEF,,4.431,14.294,4.431,40,1240,62,8.862,0.833,5.003,0.589,22.155,0.144,0.14,0.59,0.425
adam17,RF-Scorev4/GlideSP,0.5,NEF,,4.393,14.171,4.393,40,1240,7,0.992,0.832,4.953,0.51,14.171,0.047,0.033,0.444,0.078
adam17,RF-Scorev4/GlideSP,1.0,NEF,,2.37,7.645,2.37,40,1240,13,0.994,0.713,2.483,0.507,7.645,0.026,0.022,0.444,0.078
adam17,RF-Scorev4/GlideSP,5.0,NEF,,1.984,6.4,1.984,40,1240,62,3.968,0.672,2.051,0.525,9.92,0.041,0.04,0.444,0.078
adrb2,RF-Scorev4/GlideSP,0.5,NEF,,4.796,15.471,4.796,40,1240,7,1.083,0.846,5.491,0.511,15.471,0.052,0.037,0.64,0.266
adrb2,RF-Scorev4/GlideSP,1.0,NEF,,9.59,30.935,9.59,40,1240,13,4.022,0.931,13.438,0.547,30.935,0.161,0.138,0.64,0.266
adrb2,RF-Scorev4/GlideSP,5.0,NEF,,3.969,12.803,3.969,40,1240,62,7.938,0.815,4.405,0.577,19.845,0.124,0.121,0.64,0.266
akt1,RF-Scorev4/GlideSP,0.5,NEF,,0.0,0.0,0.0,40,1240,7,0.0,0.0,0.0,0.497,0.0,-0.014,-0.01,0.586,0.073
akt1,RF-Scorev4/GlideSP,1.0,NEF,,5.05,16.29,5.05,40,1240,13,2.118,0.854,5.838,0.522,16.29,0.076,0.065,0.586,0.073
akt1,RF-Scorev4/GlideSP,5.0,NEF,,1.01,3.258,1.01,40,1240,62,2.02,0.503,1.01,0.5,5.05,0.0,0.0,0.586,0.073
alr2,RF-Scorev4/GlideSP,0.5,NEF,,4.379,14.126,4.379,40,1240,7,0.989,0.832,4.935,0.51,14.126,0.046,0.033,0.456,0.102
alr2,RF-Scorev4/GlideSP,1.0,NEF,,2.36,7.613,2.36,40,1240,13,0.99,0.712,2.472,0.507,7.613,0.026,0.022,0.456,0.102
alr2,RF-Scorev4/GlideSP,5.0,NEF,,2.472,7.974,2.472,40,1240,62,4.944,0.722,2.6,0.538,12.36,0.062,0.06,0.456,0.102
ar,RF-Scorev4/GlideSP,0.5,NEF,,11.286,36.406,11.286,40,1240,7,2.548,0.945,17.175,0.53,36.406,0.141,0.1,0.605,0.33
ar,RF-Scorev4/GlideSP,1.0,NEF,,9.67,31.194,9.67,40,1240,13,4.055,0.932,13.601,0.547,31.194,0.163,0.139,0.605,0.33
ar,RF-Scorev4/GlideSP,5.0,NEF,,3.527,11.377,3.527,40,1240,62,7.054,0.794,3.851,0.565,17.635,0.106,0.103,0.605,0.33
aurka,RF-Scorev4/GlideSP,0.5,NEF,,0.0,0.0,0.0,40,1240,7,0.0,0.0,0.0,0.497,0.0,-0.014,-0.01,0.696,0.047
aurka,RF-Scorev4/GlideSP,1.0,NEF,,0.0,0.0,0.0,40,1240,13,0.0,0.0,0.0,0.495,0.0,-0.019,-0.016,0.696,0.047
aurka,RF-Scorev4/GlideSP,5.0,NEF,,2.034,6.561,2.034,40,1240,62,4.068,0.678,2.107,0.527,10.17,0.043,0.042,0.696,0.047
aurkb,RF-Scorev4/GlideSP,0.5,NEF,,13.018,41.994,13.018,40,1240,7,2.94,0.956,21.718,0.535,41.994,0.165,0.117,0.649,0.345
aurkb,RF-Scorev4/GlideSP,1.0,NEF,,9.35,30.161,9.35,40,1240,13,3.921,0.928,12.956,0.545,30.161,0.157,0.134,0.649,0.345
aurkb,RF-Scorev4/GlideSP,5.0,NEF,,5.477,17.668,5.477,40,1240,62,10.954,0.866,6.438,0.616,27.385,0.188,0.183,0.649,0.345
bcl2,RF-Scorev4/GlideSP,0.5,NEF,,4.368,14.09,4.368,40,1240,7,0.986,0.831,4.92,0.51,14.09,0.046,0.033,0.689,0.246
bcl2,RF-Scorev4/GlideSP,1.0,NEF,,4.7,15.161,4.7,40,1240,13,1.971,0.843,5.361,0.52,15.161,0.07,0.059,0.689,0.246
bcl2,RF-Scorev4/GlideSP,5.0,NEF,,7.397,23.861,7.397,40,1240,62,14.794,0.904,9.402,0.665,36.985,0.268,0.261,0.689,0.246
braf,RF-Scorev4/GlideSP,0.5,NEF,,0.0,0.0,0.0,40,1240,7,0.0,0.0,0.0,0.497,0.0,-0.014,-0.01,0.574,0.056
braf,RF-Scorev4/GlideSP,1.0,NEF,,0.0,0.0,0.0,40,1240,13,0.0,0.0,0.0,0.495,0.0,-0.019,-0.016,0.574,0.056
braf,RF-Scorev4/GlideSP,5.0,NEF,,2.541,8.197,2.541,40,1240,62,5.082,0.728,2.679,0.54,12.705,0.065,0.063,0.574,0.056
catl,RF-Scorev4/GlideSP,0.5,NEF,,0.0,0.0,0.0,40,1240,7,0.0,0.0,0.0,0.497,0.0,-0.014,-0.01,0.684,0.091
catl,RF-Scorev4/GlideSP,1.0,NEF,,2.37,7.645,2.37,40,1240,13,0.994,0.713,2.483,0.507,7.645,0.026,0.022,0.684,0.091
catl,RF-Scorev4/GlideSP,5.0,NEF,,2.983,9.623,2.983,40,1240,62,5.966,0.762,3.194,0.551,14.915,0.083,0.081,0.684,0.091
cdk2,RF-Scorev4/GlideSP,0.5,NEF,,0.0,0.0,0.0,40,1240,7,0.0,0.0,0.0,0.497,0.0,-0.014,-0.01,0.656,0.05
cdk2,RF-Scorev4/GlideSP,1.0,NEF,,0.0,0.0,0.0,40,1240,13,0.0,0.0,0.0,0.495,0.0,-0.019,-0.016,0.656,0.05
cdk2,RF-Scorev4/GlideSP,5.0,NEF,,2.492,8.039,2.492,40,1240,62,4.984,0.724,2.622,0.539,12.46,0.062,0.061,0.656,0.05
cox1,RF-Scorev4/GlideSP,0.5,NEF,,0.0,0.0,0.0,40,1240,7,0.0,0.0,0.0,0.497,0.0,-0.014,-0.01,0.451,0.001
cox1,RF-Scorev4/GlideSP,1.0,NEF,,0.0,0.0,0.0,40,1240,13,0.0,0.0,0.0,0.495,0.0,-0.019,-0.016,0.451,0.001
cox1,RF-Scorev4/GlideSP,5.0,NEF,,0.0,0.0,0.0,40,1240,62,0.0,0.0,0.0,0.474,0.0,-0.042,-0.041,0.451,0.001
cox2,RF-Scorev4/GlideSP,0.5,NEF,,0.0,0.0,0.0,40,1240,7,0.0,0.0,0.0,0.497,0.0,-0.014,-0.01,0.386,0.0
cox2,RF-Scorev4/GlideSP,1.0,NEF,,0.0,0.0,0.0,40,1240,13,0.0,0.0,0.0,0.495,0.0,-0.019,-0.016,0.386,0.0
cox2,RF-Scorev4/GlideSP,5.0,NEF,,0.0,0.0,0.0,40,1240,62,0.0,0.0,0.0,0.474,0.0,-0.042,-0.041,0.386,0.0
ctsk,RF-Scorev4/GlideSP,0.5,NEF,,8.821,28.455,8.821,40,1240,7,1.992,0.923,11.932,0.523,28.455,0.108,0.076,0.615,0.173
ctsk,RF-Scorev4/GlideSP,1.0,NEF,,4.75,15.323,4.75,40,1240,13,1.992,0.844,5.429,0.52,15.323,0.07,0.06,0.615,0.173
ctsk,RF-Scorev4/GlideSP,5.0,NEF,,2.988,9.639,2.988,40,1240,62,5.976,0.762,3.2,0.551,14.94,0.083,0.081,0.615,0.173
cyp2a6,RF-Scorev4/GlideSP,0.5,NEF,,0.0,0.0,0.0,40,1240,7,0.0,0.0,0.0,0.497,0.0,-0.014,-0.01,0.285,0.0
cyp2a6,RF-Scorev4/GlideSP,1.0,NEF,,0.0,0.0,0.0,40,1240,13,0.0,0.0,0.0,0.495,0.0,-0.019,-0.016,0.285,0.0
cyp2a6,RF-Scorev4/GlideSP,5.0,NEF,,0.0,0.0,0.0,40,1240,62,0.0,0.0,0.0,0.474,0.0,-0.042,-0.041,0.285,0.0
dhfr,RF-Scorev4/GlideSP,0.5,NEF,,0.0,0.0,0.0,40,1240,7,0.0,0.0,0.0,0.497,0.0,-0.014,-0.01,0.619,0.025
dhfr,RF-Scorev4/GlideSP,1.0,NEF,,0.0,0.0,0.0,40,1240,13,0.0,0.0,0.0,0.495,0.0,-0.019,-0.016,0.619,0.025
dhfr,RF-Scorev4/GlideSP,5.0,NEF,,1.481,4.777,1.481,40,1240,62,2.962,0.601,1.505,0.512,7.405,0.02,0.02,0.619,0.025
egfr,RF-Scorev4/GlideSP,0.5,NEF,,0.0,0.0,0.0,40,1240,7,0.0,0.0,0.0,0.497,0.0,-0.014,-0.01,0.606,0.116
egfr,RF-Scorev4/GlideSP,1.0,NEF,,0.0,0.0,0.0,40,1240,13,0.0,0.0,0.0,0.495,0.0,-0.019,-0.016,0.606,0.116
egfr,RF-Scorev4/GlideSP,5.0,NEF,,4.559,14.706,4.559,40,1240,62,9.118,0.838,5.173,0.592,22.795,0.149,0.145,0.606,0.116
ephb4,RF-Scorev4/GlideSP,0.5,NEF,,8.671,27.971,8.671,40,1240,7,1.958,0.921,11.65,0.522,27.971,0.106,0.074,0.751,0.222
ephb4,RF-Scorev4/GlideSP,1.0,NEF,,7.0,22.581,7.0,40,1240,13,2.935,0.897,8.75,0.533,22.581,0.113,0.096,0.751,0.222
ephb4,RF-Scorev4/GlideSP,5.0,NEF,,5.473,17.655,5.473,40,1240,62,10.946,0.865,6.432,0.616,27.365,0.187,0.183,0.751,0.222
erbb2,RF-Scorev4/GlideSP,0.5,NEF,,0.0,0.0,0.0,40,1240,7,0.0,0.0,0.0,0.497,0.0,-0.014,-0.01,0.704,0.041
erbb2,RF-Scorev4/GlideSP,1.0,NEF,,0.0,0.0,0.0,40,1240,13,0.0,0.0,0.0,0.495,0.0,-0.019,-0.016,0.704,0.041
erbb2,RF-Scorev4/GlideSP,5.0,NEF,,1.973,6.365,1.973,40,1240,62,3.946,0.671,2.039,0.525,9.865,0.041,0.04,0.704,0.041
er-beta,RF-Scorev4/GlideSP,0.5,NEF,,0.0,0.0,0.0,40,1240,7,0.0,0.0,0.0,0.497,0.0,-0.014,-0.01,0.528,0.013
er-beta,RF-Scorev4/GlideSP,1.0,NEF,,0.0,0.0,0.0,40,1240,13,0.0,0.0,0.0,0.495,0.0,-0.019,-0.016,0.528,0.013
er-beta,RF-Scorev4/GlideSP,5.0,NEF,,1.361,4.39,1.361,40,1240,62,2.722,0.579,1.378,0.509,6.805,0.015,0.015,0.528,0.013
fgfr1,RF-Scorev4/GlideSP,0.5,NEF,,0.0,0.0,0.0,40,1240,7,0.0,0.0,0.0,0.497,0.0,-0.014,-0.01,0.671,0.189
fgfr1,RF-Scorev4/GlideSP,1.0,NEF,,4.91,15.839,4.91,40,1240,13,2.059,0.85,5.646,0.521,15.839,0.073,0.063,0.671,0.189
fgfr1,RF-Scorev4/GlideSP,5.0,NEF,,5.495,17.726,5.495,40,1240,62,10.99,0.866,6.463,0.616,27.475,0.188,0.183,0.671,0.189
fkbp1a,RF-Scorev4/GlideSP,0.5,NEF,,0.0,0.0,0.0,40,1240,7,0.0,0.0,0.0,0.497,0.0,-0.014,-0.01,0.518,0.006
fkbp1a,RF-Scorev4/GlideSP,1.0,NEF,,0.0,0.0,0.0,40,1240,13,0.0,0.0,0.0,0.495,0.0,-0.019,-0.016,0.518,0.006
fkbp1a,RF-Scorev4/GlideSP,5.0,NEF,,1.045,3.371,1.045,40,1240,62,2.09,0.511,1.047,0.501,5.225,0.002,0.002,0.518,0.006
fxa,RF-Scorev4/GlideSP,0.5,NEF,,10.197,32.894,10.197,40,1240,7,2.303,0.936,14.705,0.527,32.894,0.127,0.089,0.77,0.303
fxa,RF-Scorev4/GlideSP,1.0,NEF,,10.2,32.903,10.2,40,1240,13,4.277,0.936,14.712,0.55,32.903,0.173,0.148,0.77,0.303
fxa,RF-Scorev4/GlideSP,5.0,NEF,,5.098,16.445,5.098,40,1240,62,10.196,0.855,5.905,0.606,25.49,0.172,0.167,0.77,0.303
gba,RF-Scorev4/GlideSP,0.5,NEF,,0.0,0.0,0.0,40,1240,7,0.0,0.0,0.0,0.497,0.0,-0.014,-0.01,0.426,0.043
gba,RF-Scorev4/GlideSP,1.0,NEF,,2.38,7.677,2.38,40,1240,13,0.998,0.714,2.495,0.507,7.677,0.026,0.022,0.426,0.043
gba,RF-Scorev4/GlideSP,5.0,NEF,,0.996,3.213,0.996,40,1240,62,1.992,0.499,0.996,0.5,4.98,-0.0,-0.0,0.426,0.043
gr,RF-Scorev4/GlideSP,0.5,NEF,,0.0,0.0,0.0,40,1240,7,0.0,0.0,0.0,0.497,0.0,-0.014,-0.01,0.576,0.005
gr,RF-Scorev4/GlideSP,1.0,NEF,,0.0,0.0,0.0,40,1240,13,0.0,0.0,0.0,0.495,0.0,-0.019,-0.016,0.576,0.005
gr,RF-Scorev4/GlideSP,5.0,NEF,,0.493,1.59,0.493,40,1240,62,0.986,0.327,0.485,0.487,2.465,-0.021,-0.021,0.576,0.005
gsk3b,RF-Scorev4/GlideSP,0.5,NEF,,21.536,69.471,21.536,40,1240,7,4.863,0.986,68.267,0.56,69.471,0.283,0.199,0.667,0.398
gsk3b,RF-Scorev4/GlideSP,1.0,NEF,,13.92,44.903,13.92,40,1240,13,5.837,0.961,24.45,0.57,44.903,0.243,0.208,0.667,0.398
gsk3b,RF-Scorev4/GlideSP,5.0,NEF,,5.437,17.539,5.437,40,1240,62,10.874,0.865,6.381,0.615,27.185,0.186,0.181,0.667,0.398
hdac2,RF-Scorev4/GlideSP,0.5,NEF,,4.336,13.987,4.336,40,1240,7,0.979,0.83,4.878,0.51,13.987,0.046,0.032,0.674,0.17
hdac2,RF-Scorev4/GlideSP,1.0,NEF,,2.33,7.516,2.33,40,1240,13,0.977,0.709,2.438,0.507,7.516,0.025,0.021,0.674,0.17
hdac2,RF-Scorev4/GlideSP,5.0,NEF,,3.98,12.839,3.98,40,1240,62,7.96,0.815,4.419,0.577,19.9,0.125,0.122,0.674,0.17
hdac8,RF-Scorev4/GlideSP,0.5,NEF,,0.0,0.0,0.0,40,1240,7,0.0,0.0,0.0,0.497,0.0,-0.014,-0.01,0.322,0.0
hdac8,RF-Scorev4/GlideSP,1.0,NEF,,0.0,0.0,0.0,40,1240,13,0.0,0.0,0.0,0.495,0.0,-0.019,-0.016,0.322,0.0
hdac8,RF-Scorev4/GlideSP,5.0,NEF,,0.0,0.0,0.0,40,1240,62,0.0,0.0,0.0,0.474,0.0,-0.042,-0.041,0.322,0.0
hiv1pr,RF-Scorev4/GlideSP,0.5,NEF,,23.475,75.726,23.475,40,1240,7,5.301,0.989,93.588,0.566,75.726,0.309,0.218,0.833,0.54
hiv1pr,RF-Scorev4/GlideSP,1.0,NEF,,17.7,57.097,17.7,40,1240,13,7.423,0.976,39.925,0.59,57.097,0.314,0.269,0.833,0.54
hiv1pr,RF-Scorev4/GlideSP,5.0,NEF,,11.314,36.497,11.314,40,1240,62,22.628,0.945,17.242,0.766,56.57,0.432,0.421,0.833,0.54
hiv1rt,RF-Scorev4/GlideSP,0.5,NEF,,4.575,14.758,4.575,40,1240,7,1.033,0.839,5.194,0.51,14.758,0.049,0.035,0.551,0.15
hiv1rt,RF-Scorev4/GlideSP,1.0,NEF,,4.93,15.903,4.93,40,1240,13,2.067,0.85,5.673,0.521,15.903,0.074,0.063,0.551,0.15
hiv1rt,RF-Scorev4/GlideSP,5.0,NEF,,3.15,10.161,3.15,40,1240,62,6.3,0.772,3.393,0.556,15.75,0.09,0.088,0.551,0.15
hmgr,RF-Scorev4/GlideSP,0.5,NEF,,0.0,0.0,0.0,40,1240,7,0.0,0.0,0.0,0.497,0.0,-0.014,-0.01,0.468,0.045
hmgr,RF-Scorev4/GlideSP,1.0,NEF,,2.38,7.677,2.38,40,1240,13,0.998,0.714,2.495,0.507,7.677,0.026,0.022,0.468,0.045
hmgr,RF-Scorev4/GlideSP,5.0,NEF,,0.998,3.219,0.998,40,1240,62,1.996,0.499,0.998,0.5,4.99,-0.0,-0.0,0.468,0.045
hsp90,RF-Scorev4/GlideSP,0.5,NEF,,0.0,0.0,0.0,40,1240,7,0.0,0.0,0.0,0.497,0.0,-0.014,-0.01,0.584,0.008
hsp90,RF-Scorev4/GlideSP,1.0,NEF,,0.0,0.0,0.0,40,1240,13,0.0,0.0,0.0,0.495,0.0,-0.019,-0.016,0.584,0.008
hsp90,RF-Scorev4/GlideSP,5.0,NEF,,1.493,4.816,1.493,40,1240,62,2.986,0.603,1.518,0.513,7.465,0.021,0.02,0.584,0.008
igf1r,RF-Scorev4/GlideSP,0.5,NEF,,0.0,0.0,0.0,40,1240,7,0.0,0.0,0.0,0.497,0.0,-0.014,-0.01,0.733,0.018
igf1r,RF-Scorev4/GlideSP,1.0,NEF,,0.0,0.0,0.0,40,1240,13,0.0,0.0,0.0,0.495,0.0,-0.019,-0.016,0.733,0.018
igf1r,RF-Scorev4/GlideSP,5.0,NEF,,1.01,3.258,1.01,40,1240,62,2.02,0.503,1.01,0.5,5.05,0.0,0.0,0.733,0.018
inha,RF-Scorev4/GlideSP,0.5,NEF,,4.375,14.113,4.375,40,1240,7,0.988,0.831,4.93,0.51,14.113,0.046,0.033,0.463,0.193
inha,RF-Scorev4/GlideSP,1.0,NEF,,7.07,22.806,7.07,40,1240,13,2.965,0.899,8.863,0.533,22.806,0.114,0.098,0.463,0.193
inha,RF-Scorev4/GlideSP,5.0,NEF,,2.964,9.561,2.964,40,1240,62,5.928,0.76,3.172,0.551,14.82,0.082,0.08,0.463,0.193
itk,RF-Scorev4/GlideSP,0.5,NEF,,0.0,0.0,0.0,40,1240,7,0.0,0.0,0.0,0.497,0.0,-0.014,-0.01,0.631,0.064
itk,RF-Scorev4/GlideSP,1.0,NEF,,2.34,7.548,2.34,40,1240,13,0.981,0.71,2.449,0.507,7.548,0.025,0.022,0.631,0.064
itk,RF-Scorev4/GlideSP,5.0,NEF,,1.997,6.442,1.997,40,1240,62,3.994,0.674,2.066,0.526,9.985,0.042,0.041,0.631,0.064
jak3,RF-Scorev4/GlideSP,0.5,NEF,,4.988,16.09,4.988,40,1240,7,1.126,0.852,5.753,0.512,16.09,0.055,0.039,0.744,0.209
jak3,RF-Scorev4/GlideSP,1.0,NEF,,4.99,16.097,4.99,40,1240,13,2.093,0.852,5.755,0.522,16.097,0.075,0.064,0.744,0.209
jak3,RF-Scorev4/GlideSP,5.0,NEF,,4.489,14.481,4.489,40,1240,62,8.978,0.836,5.08,0.59,22.445,0.146,0.142,0.744,0.209
jnk1,RF-Scorev4/GlideSP,0.5,NEF,,0.0,0.0,0.0,40,1240,7,0.0,0.0,0.0,0.497,0.0,-0.014,-0.01,0.681,0.056
jnk1,RF-Scorev4/GlideSP,1.0,NEF,,0.0,0.0,0.0,40,1240,13,0.0,0.0,0.0,0.495,0.0,-0.019,-0.016,0.681,0.056
jnk1,RF-Scorev4/GlideSP,5.0,NEF,,3.15,10.161,3.15,40,1240,62,6.3,0.772,3.393,0.556,15.75,0.09,0.088,0.681,0.056
jnk2,RF-Scorev4/GlideSP,0.5,NEF,,0.0,0.0,0.0,40,1240,7,0.0,0.0,0.0,0.497,0.0,-0.014,-0.01,0.574,0.018
jnk2,RF-Scorev4/GlideSP,1.0,NEF,,0.0,0.0,0.0,40,1240,13,0.0,0.0,0.0,0.495,0.0,-0.019,-0.016,0.574,0.018
jnk2,RF-Scorev4/GlideSP,5.0,NEF,,1.018,3.284,1.018,40,1240,62,2.036,0.505,1.019,0.5,5.09,0.001,0.001,0.574,0.018
jnk3,RF-Scorev4/GlideSP,0.5,NEF,,0.0,0.0,0.0,40,1240,7,0.0,0.0,0.0,0.497,0.0,-0.014,-0.01,0.681,0.131
jnk3,RF-Scorev4/GlideSP,1.0,NEF,,2.38,7.677,2.38,40,1240,13,0.998,0.714,2.495,0.507,7.677,0.026,0.022,0.681,0.131
jnk3,RF-Scorev4/GlideSP,5.0,NEF,,3.049,9.835,3.049,40,1240,62,6.098,0.766,3.273,0.553,15.245,0.086,0.084,0.681,0.131
kif11,RF-Scorev4/GlideSP,0.5,NEF,,4.318,13.929,4.318,40,1240,7,0.975,0.829,4.855,0.51,13.929,0.046,0.032,0.727,0.128
kif11,RF-Scorev4/GlideSP,1.0,NEF,,2.33,7.516,2.33,40,1240,13,0.977,0.709,2.438,0.507,7.516,0.025,0.021,0.727,0.128
kif11,RF-Scorev4/GlideSP,5.0,NEF,,2.973,9.59,2.973,40,1240,62,5.946,0.761,3.182,0.551,14.865,0.083,0.081,0.727,0.128
lck,RF-Scorev4/GlideSP,0.5,NEF,,4.3,13.871,4.3,40,1240,7,0.971,0.829,4.831,0.51,13.871,0.045,0.032,0.685,0.146
lck,RF-Scorev4/GlideSP,1.0,NEF,,2.32,7.484,2.32,40,1240,13,0.973,0.708,2.427,0.507,7.484,0.025,0.021,0.685,0.146
lck,RF-Scorev4/GlideSP,5.0,NEF,,3.948,12.735,3.948,40,1240,62,7.896,0.814,4.378,0.576,19.74,0.123,0.12,0.685,0.146
mdm2,RF-Scorev4/GlideSP,0.5,NEF,,4.992,16.103,4.992,40,1240,7,1.127,0.852,5.758,0.512,16.103,0.055,0.039,0.371,0.068
mdm2,RF-Scorev4/GlideSP,1.0,NEF,,2.5,8.065,2.5,40,1240,13,1.048,0.725,2.632,0.508,8.065,0.028,0.024,0.371,0.068
mdm2,RF-Scorev4/GlideSP,5.0,NEF,,0.998,3.219,0.998,40,1240,62,1.996,0.499,0.998,0.5,4.99,-0.0,-0.0,0.371,0.068
mk2,RF-Scorev4/GlideSP,0.5,NEF,,0.0,0.0,0.0,40,1240,7,0.0,0.0,0.0,0.497,0.0,-0.014,-0.01,0.741,0.155
mk2,RF-Scorev4/GlideSP,1.0,NEF,,5.24,16.903,5.24,40,1240,13,2.197,0.859,6.102,0.523,16.903,0.08,0.068,0.741,0.155
mk2,RF-Scorev4/GlideSP,5.0,NEF,,5.332,17.2,5.332,40,1240,62,10.664,0.862,6.232,0.612,26.66,0.181,0.177,0.741,0.155
mmp2,RF-Scorev4/GlideSP,0.5,NEF,,0.0,0.0,0.0,40,1240,7,0.0,0.0,0.0,0.497,0.0,-0.014,-0.01,0.528,0.006
mmp2,RF-Scorev4/GlideSP,1.0,NEF,,0.0,0.0,0.0,40,1240,13,0.0,0.0,0.0,0.495,0.0,-0.019,-0.016,0.528,0.006
mmp2,RF-Scorev4/GlideSP,5.0,NEF,,0.495,1.597,0.495,40,1240,62,0.99,0.327,0.487,0.487,2.475,-0.021,-0.021,0.528,0.006
na,RF-Scorev4/GlideSP,0.5,NEF,,8.85,28.548,8.85,40,1240,7,1.998,0.923,11.986,0.523,28.548,0.108,0.076,0.803,0.324
na,RF-Scorev4/GlideSP,1.0,NEF,,14.3,46.129,14.3,40,1240,13,5.997,0.963,25.689,0.572,46.129,0.25,0.214,0.803,0.324
na,RF-Scorev4/GlideSP,5.0,NEF,,5.496,17.729,5.496,40,1240,62,10.992,0.866,6.465,0.616,27.48,0.188,0.184,0.803,0.324
p38-alpha,RF-Scorev4/GlideSP,0.5,NEF,,8.729,28.158,8.729,40,1240,7,1.971,0.922,11.758,0.523,28.158,0.106,0.075,0.673,0.138
p38-alpha,RF-Scorev4/GlideSP,1.0,NEF,,4.7,15.161,4.7,40,1240,13,1.971,0.843,5.361,0.52,15.161,0.07,0.059,0.673,0.138
p38-alpha,RF-Scorev4/GlideSP,5.0,NEF,,2.464,7.948,2.464,40,1240,62,4.928,0.721,2.59,0.538,12.32,0.061,0.06,0.673,0.138
parp-1,RF-Scorev4/GlideSP,0.5,NEF,,4.307,13.894,4.307,40,1240,7,0.973,0.829,4.841,0.51,13.894,0.045,0.032,0.669,0.162
parp-1,RF-Scorev4/GlideSP,1.0,NEF,,6.96,22.452,6.96,40,1240,13,2.919,0.897,8.686,0.532,22.452,0.112,0.096,0.669,0.162
parp-1,RF-Scorev4/GlideSP,5.0,NEF,,2.471,7.971,2.471,40,1240,62,4.942,0.722,2.598,0.538,12.355,0.062,0.06,0.669,0.162
pde4b,RF-Scorev4/GlideSP,0.5,NEF,,0.0,0.0,0.0,40,1240,7,0.0,0.0,0.0,0.497,0.0,-0.014,-0.01,0.56,0.009
pde4b,RF-Scorev4/GlideSP,1.0,NEF,,0.0,0.0,0.0,40,1240,13,0.0,0.0,0.0,0.495,0.0,-0.019,-0.016,0.56,0.009
pde4b,RF-Scorev4/GlideSP,5.0,NEF,,0.994,3.206,0.994,40,1240,62,1.988,0.498,0.994,0.5,4.97,-0.0,-0.0,0.56,0.009
pde5,RF-Scorev4/GlideSP,0.5,NEF,,0.0,0.0,0.0,40,1240,7,0.0,0.0,0.0,0.497,0.0,-0.014,-0.01,0.646,0.069
pde5,RF-Scorev4/GlideSP,1.0,NEF,,2.48,8.0,2.48,40,1240,13,1.04,0.723,2.609,0.508,8.0,0.028,0.024,0.646,0.069
pde5,RF-Scorev4/GlideSP,5.0,NEF,,2.081,6.713,2.081,40,1240,62,4.162,0.683,2.159,0.528,10.405,0.045,0.044,0.646,0.069
pdk1,RF-Scorev4/GlideSP,0.5,NEF,,9.068,29.252,9.068,40,1240,7,2.048,0.925,12.404,0.524,29.252,0.111,0.078,0.635,0.192
pdk1,RF-Scorev4/GlideSP,1.0,NEF,,7.32,23.613,7.32,40,1240,13,3.07,0.903,9.274,0.534,23.613,0.119,0.102,0.635,0.192
pdk1,RF-Scorev4/GlideSP,5.0,NEF,,2.081,6.713,2.081,40,1240,62,4.162,0.683,2.159,0.528,10.405,0.045,0.044,0.635,0.192
pi3kg,RF-Scorev4/GlideSP,0.5,NEF,,0.0,0.0,0.0,40,1240,7,0.0,0.0,0.0,0.497,0.0,-0.014,-0.01,0.707,0.073
pi3kg,RF-Scorev4/GlideSP,1.0,NEF,,2.39,7.71,2.39,40,1240,13,1.002,0.715,2.506,0.508,7.71,0.026,0.022,0.707,0.073
pi3kg,RF-Scorev4/GlideSP,5.0,NEF,,3.052,9.845,3.052,40,1240,62,6.104,0.766,3.276,0.553,15.26,0.086,0.084,0.707,0.073
pim-1,RF-Scorev4/GlideSP,0.5,NEF,,0.0,0.0,0.0,40,1240,7,0.0,0.0,0.0,0.497,0.0,-0.014,-0.01,0.624,0.094
pim-1,RF-Scorev4/GlideSP,1.0,NEF,,2.33,7.516,2.33,40,1240,13,0.977,0.709,2.438,0.507,7.516,0.025,0.021,0.624,0.094
pim-1,RF-Scorev4/GlideSP,5.0,NEF,,4.459,14.384,4.459,40,1240,62,8.918,0.834,5.04,0.589,22.295,0.145,0.141,0.624,0.094
pim-2,RF-Scorev4/GlideSP,0.5,NEF,,0.0,0.0,0.0,40,1240,7,0.0,0.0,0.0,0.497,0.0,-0.014,-0.01,0.634,0.085
pim-2,RF-Scorev4/GlideSP,1.0,NEF,,2.38,7.677,2.38,40,1240,13,0.998,0.714,2.495,0.507,7.677,0.026,0.022,0.634,0.085
pim-2,RF-Scorev4/GlideSP,5.0,NEF,,1.523,4.913,1.523,40,1240,62,3.046,0.608,1.55,0.514,7.615,0.022,0.021,0.634,0.085
pnp,RF-Scorev4/GlideSP,0.5,NEF,,8.807,28.41,8.807,40,1240,7,1.989,0.923,11.905,0.523,28.41,0.107,0.076,0.502,0.191
pnp,RF-Scorev4/GlideSP,1.0,NEF,,4.74,15.29,4.74,40,1240,13,1.988,0.844,5.415,0.52,15.29,0.07,0.06,0.502,0.191
pnp,RF-Scorev4/GlideSP,5.0,NEF,,2.983,9.623,2.983,40,1240,62,5.966,0.762,3.194,0.551,14.915,0.083,0.081,0.502,0.191
ppara,RF-Scorev4/GlideSP,0.5,NEF,,0.0,0.0,0.0,40,1240,7,0.0,0.0,0.0,0.497,0.0,-0.014,-0.01,0.611,0.023
ppara,RF-Scorev4/GlideSP,1.0,NEF,,0.0,0.0,0.0,40,1240,13,0.0,0.0,0.0,0.495,0.0,-0.019,-0.016,0.611,0.023
ppara,RF-Scorev4/GlideSP,5.0,NEF,,2.627,8.474,2.627,40,1240,62,5.254,0.735,2.778,0.542,13.135,0.068,0.066,0.611,0.023
pparg,RF-Scorev4/GlideSP,0.5,NEF,,0.0,0.0,0.0,40,1240,7,0.0,0.0,0.0,0.497,0.0,-0.014,-0.01,0.641,0.083
pparg,RF-Scorev4/GlideSP,1.0,NEF,,2.38,7.677,2.38,40,1240,13,0.998,0.714,2.495,0.507,7.677,0.026,0.022,0.641,0.083
pparg,RF-Scorev4/GlideSP,5.0,NEF,,3.0,9.677,3.0,40,1240,62,6.0,0.763,3.214,0.552,15.0,0.084,0.082,0.641,0.083
pr,RF-Scorev4/GlideSP,0.5,NEF,,4.9,15.806,4.9,40,1240,7,1.106,0.849,5.632,0.511,15.806,0.054,0.038,0.577,0.102
pr,RF-Scorev4/GlideSP,1.0,NEF,,2.67,8.613,2.67,40,1240,13,1.12,0.739,2.827,0.509,8.613,0.031,0.027,0.577,0.102
pr,RF-Scorev4/GlideSP,5.0,NEF,,1.696,5.471,1.696,40,1240,62,3.392,0.635,1.736,0.518,8.48,0.029,0.028,0.577,0.102
prkcq,RF-Scorev4/GlideSP,0.5,NEF,,0.0,0.0,0.0,40,1240,7,0.0,0.0,0.0,0.497,0.0,-0.014,-0.01,0.753,0.134
prkcq,RF-Scorev4/GlideSP,1.0,NEF,,0.0,0.0,0.0,40,1240,13,0.0,0.0,0.0,0.495,0.0,-0.019,-0.016,0.753,0.134
prkcq,RF-Scorev4/GlideSP,5.0,NEF,,4.737,15.281,4.737,40,1240,62,9.474,0.844,5.411,0.597,23.685,0.157,0.153,0.753,0.134
pygl-in,RF-Scorev4/GlideSP,0.5,NEF,,0.0,0.0,0.0,40,1240,7,0.0,0.0,0.0,0.497,0.0,-0.014,-0.01,0.668,0.078
pygl-in,RF-Scorev4/GlideSP,1.0,NEF,,4.74,15.29,4.74,40,1240,13,1.988,0.844,5.415,0.52,15.29,0.07,0.06,0.668,0.078
pygl-in,RF-Scorev4/GlideSP,5.0,NEF,,1.987,6.41,1.987,40,1240,62,3.974,0.673,2.055,0.525,9.935,0.041,0.04,0.668,0.078
pygl-out,RF-Scorev4/GlideSP,0.5,NEF,,13.243,42.719,13.243,40,1240,7,2.99,0.957,22.374,0.536,42.719,0.168,0.119,0.588,0.304
pygl-out,RF-Scorev4/GlideSP,1.0,NEF,,7.13,23.0,7.13,40,1240,13,2.99,0.9,8.961,0.533,23.0,0.115,0.099,0.588,0.304
pygl-out,RF-Scorev4/GlideSP,5.0,NEF,,4.984,16.077,4.984,40,1240,62,9.968,0.852,5.747,0.603,24.92,0.167,0.163,0.588,0.304
qpct,RF-Scorev4/GlideSP,0.5,NEF,,0.0,0.0,0.0,40,1240,7,0.0,0.0,0.0,0.497,0.0,-0.014,-0.01,0.5,0.0
qpct,RF-Scorev4/GlideSP,1.0,NEF,,0.0,0.0,0.0,40,1240,13,0.0,0.0,0.0,0.495,0.0,-0.019,-0.016,0.5,0.0
qpct,RF-Scorev4/GlideSP,5.0,NEF,,0.0,0.0,0.0,40,1240,62,0.0,0.0,0.0,0.474,0.0,-0.042,-0.041,0.5,0.0
rock-1,RF-Scorev4/GlideSP,0.5,NEF,,0.0,0.0,0.0,40,1240,7,0.0,0.0,0.0,0.497,0.0,-0.014,-0.01,0.603,0.119
rock-1,RF-Scorev4/GlideSP,1.0,NEF,,2.32,7.484,2.32,40,1240,13,0.973,0.708,2.427,0.507,7.484,0.025,0.021,0.603,0.119
rock-1,RF-Scorev4/GlideSP,5.0,NEF,,2.473,7.977,2.473,40,1240,62,4.946,0.722,2.601,0.538,12.365,0.062,0.06,0.603,0.119
rxr,RF-Scorev4/GlideSP,0.5,NEF,,5.184,16.723,5.184,40,1240,7,1.171,0.858,6.024,0.512,16.723,0.058,0.041,0.616,0.235
rxr,RF-Scorev4/GlideSP,1.0,NEF,,7.78,25.097,7.78,40,1240,13,3.263,0.91,10.052,0.537,25.097,0.127,0.109,0.616,0.235
rxr,RF-Scorev4/GlideSP,5.0,NEF,,3.24,10.452,3.24,40,1240,62,6.48,0.778,3.501,0.558,16.2,0.094,0.091,0.616,0.235
sars-hcov,RF-Scorev4/GlideSP,0.5,NEF,,8.806,28.406,8.806,39,1209,7,1.988,0.922,11.903,0.523,28.406,0.109,0.077,0.516,0.17
sars-hcov,RF-Scorev4/GlideSP,1.0,NEF,,4.74,15.29,4.74,39,1209,13,1.988,0.844,5.415,0.521,15.29,0.071,0.061,0.516,0.17
sars-hcov,RF-Scorev4/GlideSP,5.0,NEF,,2.526,8.148,2.526,39,1209,61,4.971,0.727,2.661,0.54,12.745,0.064,0.063,0.516,0.17
sirt2,RF-Scorev4/GlideSP,0.5,NEF,,4.361,14.068,4.361,40,1240,7,0.985,0.831,4.911,0.51,14.068,0.046,0.033,0.466,0.12
sirt2,RF-Scorev4/GlideSP,1.0,NEF,,2.35,7.581,2.35,40,1240,13,0.985,0.711,2.461,0.507,7.581,0.025,0.022,0.466,0.12
sirt2,RF-Scorev4/GlideSP,5.0,NEF,,2.462,7.942,2.462,40,1240,62,4.924,0.721,2.588,0.538,12.31,0.061,0.06,0.466,0.12
src,RF-Scorev4/GlideSP,0.5,NEF,,8.872,28.619,8.872,40,1240,7,2.003,0.923,12.028,0.523,28.619,0.108,0.076,0.58,0.198
src,RF-Scorev4/GlideSP,1.0,NEF,,4.78,15.419,4.78,40,1240,13,2.005,0.845,5.469,0.52,15.419,0.071,0.061,0.58,0.198
src,RF-Scorev4/GlideSP,5.0,NEF,,3.563,11.494,3.563,40,1240,62,7.126,0.796,3.896,0.566,17.815,0.107,0.105,0.58,0.198
thrombin,RF-Scorev4/GlideSP,0.5,NEF,,4.553,14.687,4.553,40,1240,7,1.028,0.838,5.165,0.51,14.687,0.049,0.034,0.727,0.173
thrombin,RF-Scorev4/GlideSP,1.0,NEF,,2.45,7.903,2.45,40,1240,13,1.027,0.72,2.574,0.508,7.903,0.027,0.023,0.727,0.173
thrombin,RF-Scorev4/GlideSP,5.0,NEF,,5.224,16.852,5.224,40,1240,62,10.448,0.859,6.08,0.609,26.12,0.177,0.172,0.727,0.173
tie2,RF-Scorev4/GlideSP,0.5,NEF,,0.0,0.0,0.0,40,1240,7,0.0,0.0,0.0,0.497,0.0,-0.014,-0.01,0.641,0.106
tie2,RF-Scorev4/GlideSP,1.0,NEF,,5.0,16.129,5.0,40,1240,13,2.097,0.852,5.769,0.522,16.129,0.075,0.064,0.641,0.106
tie2,RF-Scorev4/GlideSP,5.0,NEF,,2.998,9.671,2.998,40,1240,62,5.996,0.763,3.212,0.552,14.99,0.084,0.082,0.641,0.106
tk,RF-Scorev4/GlideSP,0.5,NEF,,0.0,0.0,0.0,40,1240,7,0.0,0.0,0.0,0.497,0.0,-0.014,-0.01,0.555,0.005
tk,RF-Scorev4/GlideSP,1.0,NEF,,0.0,0.0,0.0,40,1240,13,0.0,0.0,0.0,0.495,0.0,-0.019,-0.016,0.555,0.005
tk,RF-Scorev4/GlideSP,5.0,NEF,,0.51,1.645,0.51,40,1240,62,1.02,0.334,0.502,0.487,2.55,-0.021,-0.02,0.555,0.005
tp,RF-Scorev4/GlideSP,0.5,NEF,,0.0,0.0,0.0,40,1240,7,0.0,0.0,0.0,0.497,0.0,-0.014,-0.01,0.326,0.0
tp,RF-Scorev4/GlideSP,1.0,NEF,,0.0,0.0,0.0,40,1240,13,0.0,0.0,0.0,0.495,0.0,-0.019,-0.016,0.326,0.0
tp,RF-Scorev4/GlideSP,5.0,NEF,,0.0,0.0,0.0,40,1240,62,0.0,0.0,0.0,0.474,0.0,-0.042,-0.041,0.326,0.0
tpa,RF-Scorev4/GlideSP,0.5,NEF,,5.092,16.426,5.092,40,1240,7,1.15,0.855,5.896,0.512,16.426,0.056,0.04,0.607,0.118
tpa,RF-Scorev4/GlideSP,1.0,NEF,,5.09,16.419,5.09,40,1240,13,2.135,0.855,5.893,0.522,16.419,0.077,0.066,0.607,0.118
tpa,RF-Scorev4/GlideSP,5.0,NEF,,1.554,5.013,1.554,40,1240,62,3.108,0.613,1.583,0.514,7.77,0.023,0.023,0.607,0.118
ts,RF-Scorev4/GlideSP,0.5,NEF,,0.0,0.0,0.0,40,1239,7,0.0,0.0,0.0,0.497,0.0,-0.014,-0.01,0.532,0.0
ts,RF-Scorev4/GlideSP,1.0,NEF,,0.0,0.0,0.0,40,1239,13,0.0,0.0,0.0,0.495,0.0,-0.019,-0.016,0.532,0.0
ts,RF-Scorev4/GlideSP,5.0,NEF,,0.0,0.0,0.0,40,1239,62,0.0,0.0,0.0,0.474,0.0,-0.042,-0.041,0.532,0.0
upa,RF-Scorev4/GlideSP,0.5,NEF,,0.0,0.0,0.0,40,1240,7,0.0,0.0,0.0,0.497,0.0,-0.014,-0.01,0.513,0.05
upa,RF-Scorev4/GlideSP,1.0,NEF,,0.0,0.0,0.0,40,1240,13,0.0,0.0,0.0,0.495,0.0,-0.019,-0.016,0.513,0.05
upa,RF-Scorev4/GlideSP,5.0,NEF,,1.993,6.429,1.993,40,1240,62,3.986,0.673,2.061,0.526,9.965,0.042,0.041,0.513,0.05
vegfr1,RF-Scorev4/GlideSP,0.5,NEF,,0.0,0.0,0.0,40,1240,7,0.0,0.0,0.0,0.497,0.0,-0.014,-0.01,0.567,0.005
vegfr1,RF-Scorev4/GlideSP,1.0,NEF,,0.0,0.0,0.0,40,1240,13,0.0,0.0,0.0,0.495,0.0,-0.019,-0.016,0.567,0.005
vegfr1,RF-Scorev4/GlideSP,5.0,NEF,,0.525,1.694,0.525,40,1240,62,1.05,0.341,0.517,0.488,2.625,-0.02,-0.019,0.567,0.005
vegfr2,RF-Scorev4/GlideSP,0.5,NEF,,8.938,28.832,8.938,40,1240,7,2.018,0.924,12.154,0.523,28.832,0.109,0.077,0.564,0.161
vegfr2,RF-Scorev4/GlideSP,1.0,NEF,,4.81,15.516,4.81,40,1240,13,2.017,0.846,5.51,0.521,15.516,0.072,0.061,0.564,0.161
vegfr2,RF-Scorev4/GlideSP,5.0,NEF,,3.077,9.926,3.077,40,1240,62,6.154,0.768,3.306,0.554,15.385,0.087,0.085,0.564,0.161
11betahsd1,RF-Score-VS/GlideSP,0.5,NEF,,15.09,48.677,15.09,40,1240,7,3.407,0.966,28.454,0.541,48.677,0.194,0.137,0.694,0.302
11betahsd1,RF-Score-VS/GlideSP,1.0,NEF,,12.57,40.548,12.57,40,1240,13,5.271,0.953,20.461,0.563,40.548,0.217,0.186,0.694,0.302
11betahsd1,RF-Score-VS/GlideSP,5.0,NEF,,4.092,13.2,4.092,40,1240,62,8.184,0.82,4.562,0.58,20.46,0.13,0.126,0.694,0.302
17betahsd1,RF-Score-VS/GlideSP,0.5,NEF,,8.764,28.271,8.764,40,1240,7,1.979,0.922,11.824,0.523,28.271,0.107,0.075,0.731,0.133
17betahsd1,RF-Score-VS/GlideSP,1.0,NEF,,4.72,15.226,4.72,40,1240,13,1.979,0.843,5.388,0.52,15.226,0.07,0.06,0.731,0.133
17betahsd1,RF-Score-VS/GlideSP,5.0,NEF,,2.474,7.981,2.474,40,1240,62,4.948,0.722,2.602,0.538,12.37,0.062,0.06,0.731,0.133
a2a,RF-Score-VS/GlideSP,0.5,NEF,,17.543,56.59,17.543,40,1240,7,3.961,0.975,39.109,0.548,56.59,0.228,0.161,0.798,0.374
a2a,RF-Score-VS/GlideSP,1.0,NEF,,11.81,38.097,11.81,40,1240,13,4.953,0.949,18.463,0.559,38.097,0.203,0.174,0.798,0.374
a2a,RF-Score-VS/GlideSP,5.0,NEF,,6.932,22.361,6.932,40,1240,62,13.864,0.896,8.641,0.653,34.66,0.248,0.242,0.798,0.374
ace,RF-Score-VS/GlideSP,0.5,NEF,,4.411,14.229,4.411,40,1240,7,0.996,0.833,4.977,0.51,14.229,0.047,0.033,0.872,0.156
ace,RF-Score-VS/GlideSP,1.0,NEF,,2.38,7.677,2.38,40,1240,13,0.998,0.714,2.495,0.507,7.677,0.026,0.022,0.872,0.156
ace,RF-Score-VS/GlideSP,5.0,NEF,,4.98,16.065,4.98,40,1240,62,9.96,0.852,5.742,0.603,24.9,0.167,0.162,0.872,0.156
ace2,RF-Score-VS/GlideSP,0.5,NEF,,0.0,0.0,0.0,40,1240,7,0.0,0.0,0.0,0.497,0.0,-0.014,-0.01,0.806,0.043
ace2,RF-Score-VS/GlideSP,1.0,NEF,,0.0,0.0,0.0,40,1240,13,0.0,0.0,0.0,0.495,0.0,-0.019,-0.016,0.806,0.043
ace2,RF-Score-VS/GlideSP,5.0,NEF,,2.998,9.671,2.998,40,1240,62,5.996,0.763,3.212,0.552,14.99,0.084,0.082,0.806,0.043
ache,RF-Score-VS/GlideSP,0.5,NEF,,21.804,70.335,21.804,40,1240,7,4.923,0.986,71.131,0.561,70.335,0.286,0.202,0.708,0.51
ache,RF-Score-VS/GlideSP,1.0,NEF,,18.78,60.581,18.78,40,1240,13,7.875,0.979,46.105,0.596,60.581,0.334,0.286,0.708,0.51
ache,RF-Score-VS/GlideSP,5.0,NEF,,6.4,20.645,6.4,40,1240,62,12.8,0.886,7.805,0.64,32.0,0.226,0.22,0.708,0.51
adam17,RF-Score-VS/GlideSP,0.5,NEF,,13.179,42.513,13.179,40,1240,7,2.976,0.957,22.186,0.536,42.513,0.168,0.118,0.799,0.48
adam17,RF-Score-VS/GlideSP,1.0,NEF,,16.56,53.419,16.56,40,1240,13,6.945,0.972,34.404,0.584,53.419,0.292,0.25,0.799,0.48
adam17,RF-Score-VS/GlideSP,5.0,NEF,,8.431,27.197,8.431,40,1240,62,16.862,0.918,11.207,0.692,42.155,0.311,0.303,0.799,0.48
adrb2,RF-Score-VS/GlideSP,0.5,NEF,,4.796,15.471,4.796,40,1240,7,1.083,0.846,5.491,0.511,15.471,0.052,0.037,0.782,0.197
adrb2,RF-Score-VS/GlideSP,1.0,NEF,,4.8,15.484,4.8,40,1240,13,2.013,0.846,5.496,0.521,15.484,0.071,0.061,0.782,0.197
adrb2,RF-Score-VS/GlideSP,5.0,NEF,,5.457,17.603,5.457,40,1240,62,10.914,0.865,6.409,0.615,27.285,0.187,0.182,0.782,0.197
akt1,RF-Score-VS/GlideSP,0.5,NEF,,15.154,48.884,15.154,40,1240,7,3.422,0.966,28.69,0.541,48.884,0.195,0.137,0.894,0.43
akt1,RF-Score-VS/GlideSP,1.0,NEF,,12.63,40.742,12.63,40,1240,13,5.296,0.954,20.626,0.563,40.742,0.219,0.187,0.894,0.43
akt1,RF-Score-VS/GlideSP,5.0,NEF,,7.577,24.442,7.577,40,1240,62,15.154,0.907,9.705,0.67,37.885,0.275,0.268,0.894,0.43
alr2,RF-Score-VS/GlideSP,0.5,NEF,,4.379,14.126,4.379,40,1240,7,0.989,0.832,4.935,0.51,14.126,0.046,0.033,0.62,0.061
alr2,RF-Score-VS/GlideSP,1.0,NEF,,2.36,7.613,2.36,40,1240,13,0.99,0.712,2.472,0.507,7.613,0.026,0.022,0.62,0.061
alr2,RF-Score-VS/GlideSP,5.0,NEF,,0.494,1.594,0.494,40,1240,62,0.988,0.327,0.486,0.487,2.47,-0.021,-0.021,0.62,0.061
ar,RF-Score-VS/GlideSP,0.5,NEF,,11.286,36.406,11.286,40,1240,7,2.548,0.945,17.175,0.53,36.406,0.141,0.1,0.942,0.524
ar,RF-Score-VS/GlideSP,1.0,NEF,,6.45,20.806,6.45,40,1240,13,2.705,0.887,7.882,0.53,20.806,0.102,0.088,0.942,0.524
ar,RF-Score-VS/GlideSP,5.0,NEF,,10.58,34.129,10.58,40,1240,62,21.16,0.94,15.544,0.747,52.9,0.401,0.391,0.942,0.524
aurka,RF-Score-VS/GlideSP,0.5,NEF,,13.297,42.894,13.297,40,1240,7,3.003,0.958,22.533,0.536,42.894,0.169,0.119,0.759,0.38
aurka,RF-Score-VS/GlideSP,1.0,NEF,,14.32,46.194,14.32,40,1240,13,6.005,0.963,25.755,0.572,46.194,0.25,0.214,0.759,0.38
aurka,RF-Score-VS/GlideSP,5.0,NEF,,6.612,21.329,6.612,40,1240,62,13.224,0.891,8.134,0.645,33.06,0.235,0.229,0.759,0.38
aurkb,RF-Score-VS/GlideSP,0.5,NEF,,17.357,55.99,17.357,40,1240,7,3.919,0.974,38.167,0.548,55.99,0.225,0.159,0.713,0.352
aurkb,RF-Score-VS/GlideSP,1.0,NEF,,11.68,37.677,11.68,40,1240,13,4.898,0.948,18.137,0.558,37.677,0.201,0.172,0.713,0.352
aurkb,RF-Score-VS/GlideSP,5.0,NEF,,4.98,16.065,4.98,40,1240,62,9.96,0.852,5.742,0.603,24.9,0.167,0.162,0.713,0.352
bcl2,RF-Score-VS/GlideSP,0.5,NEF,,0.0,0.0,0.0,40,1240,7,0.0,0.0,0.0,0.497,0.0,-0.014,-0.01,0.569,0.028
bcl2,RF-Score-VS/GlideSP,1.0,NEF,,0.0,0.0,0.0,40,1240,13,0.0,0.0,0.0,0.495,0.0,-0.019,-0.016,0.569,0.028
bcl2,RF-Score-VS/GlideSP,5.0,NEF,,0.986,3.181,0.986,40,1240,62,1.972,0.496,0.986,0.5,4.93,-0.001,-0.001,0.569,0.028
braf,RF-Score-VS/GlideSP,0.5,NEF,,13.286,42.858,13.286,40,1240,7,3.0,0.957,22.501,0.536,42.858,0.169,0.119,0.832,0.24
braf,RF-Score-VS/GlideSP,1.0,NEF,,7.15,23.065,7.15,40,1240,13,2.998,0.9,8.994,0.533,23.065,0.116,0.099,0.832,0.24
braf,RF-Score-VS/GlideSP,5.0,NEF,,5.082,16.394,5.082,40,1240,62,10.164,0.855,5.882,0.605,25.41,0.171,0.167,0.832,0.24
catl,RF-Score-VS/GlideSP,0.5,NEF,,4.404,14.206,4.404,40,1240,7,0.994,0.832,4.968,0.51,14.206,0.047,0.033,0.649,0.133
catl,RF-Score-VS/GlideSP,1.0,NEF,,4.74,15.29,4.74,40,1240,13,1.988,0.844,5.415,0.52,15.29,0.07,0.06,0.649,0.133
catl,RF-Score-VS/GlideSP,5.0,NEF,,2.983,9.623,2.983,40,1240,62,5.966,0.762,3.194,0.551,14.915,0.083,0.081,0.649,0.133
cdk2,RF-Score-VS/GlideSP,0.5,NEF,,0.0,0.0,0.0,40,1240,7,0.0,0.0,0.0,0.497,0.0,-0.014,-0.01,0.731,0.24
cdk2,RF-Score-VS/GlideSP,1.0,NEF,,12.46,40.194,12.46,40,1240,13,5.225,0.953,20.162,0.562,40.194,0.215,0.184,0.731,0.24
cdk2,RF-Score-VS/GlideSP,5.0,NEF,,4.485,14.468,4.485,40,1240,62,8.97,0.835,5.074,0.59,22.425,0.146,0.142,0.731,0.24
cox1,RF-Score-VS/GlideSP,0.5,NEF,,23.932,77.2,23.932,40,1240,7,5.404,0.99,101.579,0.567,77.2,0.315,0.222,0.813,0.559
cox1,RF-Score-VS/GlideSP,1.0,NEF,,19.15,61.774,19.15,40,1240,13,8.031,0.98,48.481,0.598,61.774,0.341,0.292,0.813,0.559
cox1,RF-Score-VS/GlideSP,5.0,NEF,,7.179,23.158,7.179,40,1240,62,14.358,0.9,9.041,0.66,35.895,0.259,0.252,0.813,0.559
cox2,RF-Score-VS/GlideSP,0.5,NEF,,23.108,74.542,23.108,40,1240,7,5.218,0.989,87.841,0.564,74.542,0.304,0.214,0.979,1.058
cox2,RF-Score-VS/GlideSP,1.0,NEF,,23.11,74.548,23.11,40,1240,13,9.691,0.989,87.871,0.62,74.548,0.416,0.356,0.979,1.058
cox2,RF-Score-VS/GlideSP,5.0,NEF,,16.659,53.739,16.659,40,1240,62,33.318,0.972,34.849,0.905,83.295,0.656,0.639,0.979,1.058
ctsk,RF-Score-VS/GlideSP,0.5,NEF,,8.821,28.455,8.821,40,1240,7,1.992,0.923,11.932,0.523,28.455,0.108,0.076,0.655,0.15
ctsk,RF-Score-VS/GlideSP,1.0,NEF,,4.75,15.323,4.75,40,1240,13,1.992,0.844,5.429,0.52,15.323,0.07,0.06,0.655,0.15
ctsk,RF-Score-VS/GlideSP,5.0,NEF,,2.49,8.032,2.49,40,1240,62,4.98,0.724,2.62,0.538,12.45,0.062,0.061,0.655,0.15
cyp2a6,RF-Score-VS/GlideSP,0.5,NEF,,0.0,0.0,0.0,40,1240,7,0.0,0.0,0.0,0.497,0.0,-0.014,-0.01,0.541,0.004
cyp2a6,RF-Score-VS/GlideSP,1.0,NEF,,0.0,0.0,0.0,40,1240,13,0.0,0.0,0.0,0.495,0.0,-0.019,-0.016,0.541,0.004
cyp2a6,RF-Score-VS/GlideSP,5.0,NEF,,0.555,1.79,0.555,40,1240,62,1.11,0.354,0.547,0.489,2.775,-0.019,-0.018,0.541,0.004
dhfr,RF-Score-VS/GlideSP,0.5,NEF,,8.743,28.203,8.743,40,1240,7,1.974,0.922,11.785,0.523,28.203,0.107,0.075,0.701,0.205
dhfr,RF-Score-VS/GlideSP,1.0,NEF,,7.06,22.774,7.06,40,1240,13,2.961,0.898,8.847,0.533,22.774,0.114,0.097,0.701,0.205
dhfr,RF-Score-VS/GlideSP,5.0,NEF,,3.948,12.735,3.948,40,1240,62,7.896,0.814,4.378,0.576,19.74,0.123,0.12,0.701,0.205
egfr,RF-Score-VS/GlideSP,0.5,NEF,,0.0,0.0,0.0,40,1240,7,0.0,0.0,0.0,0.497,0.0,-0.014,-0.01,0.652,0.143
egfr,RF-Score-VS/GlideSP,1.0,NEF,,4.75,15.323,4.75,40,1240,13,1.992,0.844,5.429,0.52,15.323,0.07,0.06,0.652,0.143
egfr,RF-Score-VS/GlideSP,5.0,NEF,,3.546,11.439,3.546,40,1240,62,7.092,0.795,3.875,0.566,17.73,0.107,0.104,0.652,0.143
ephb4,RF-Score-VS/GlideSP,0.5,NEF,,17.343,55.945,17.343,40,1240,7,3.916,0.974,38.097,0.548,55.945,0.225,0.159,0.811,0.525
ephb4,RF-Score-VS/GlideSP,1.0,NEF,,14.01,45.194,14.01,40,1240,13,5.875,0.961,24.738,0.57,45.194,0.244,0.209,0.811,0.525
ephb4,RF-Score-VS/GlideSP,5.0,NEF,,8.458,27.284,8.458,40,1240,62,16.916,0.918,11.256,0.693,42.29,0.312,0.304,0.811,0.525
erbb2,RF-Score-VS/GlideSP,0.5,NEF,,29.6,95.484,29.6,40,1240,7,6.684,0.998,634.286,0.583,95.484,0.393,0.277,0.897,0.693
erbb2,RF-Score-VS/GlideSP,1.0,NEF,,27.13,87.516,27.13,40,1240,13,11.377,0.995,210.31,0.642,87.516,0.491,0.42,0.897,0.693
erbb2,RF-Score-VS/GlideSP,5.0,NEF,,8.88,28.645,8.88,40,1240,62,17.76,0.923,12.043,0.704,44.4,0.33,0.322,0.897,0.693
er-beta,RF-Score-VS/GlideSP,0.5,NEF,,22.869,73.771,22.869,40,1240,7,5.164,0.988,84.377,0.564,73.771,0.301,0.212,0.944,0.741
er-beta,RF-Score-VS/GlideSP,1.0,NEF,,25.41,81.968,25.41,40,1240,13,10.656,0.993,136.369,0.632,81.968,0.459,0.392,0.944,0.741
er-beta,RF-Score-VS/GlideSP,5.0,NEF,,10.89,35.129,10.89,40,1240,62,21.78,0.942,16.246,0.755,54.45,0.414,0.404,0.944,0.741
fgfr1,RF-Score-VS/GlideSP,0.5,NEF,,0.0,0.0,0.0,40,1240,7,0.0,0.0,0.0,0.497,0.0,-0.014,-0.01,0.754,0.15
fgfr1,RF-Score-VS/GlideSP,1.0,NEF,,7.37,23.774,7.37,40,1240,13,3.091,0.903,9.357,0.535,23.774,0.12,0.102,0.754,0.15
fgfr1,RF-Score-VS/GlideSP,5.0,NEF,,4.496,14.503,4.496,40,1240,62,8.992,0.836,5.089,0.59,22.48,0.146,0.143,0.754,0.15
fkbp1a,RF-Score-VS/GlideSP,0.5,NEF,,18.511,59.713,18.511,40,1240,7,4.18,0.978,44.466,0.551,59.713,0.241,0.17,0.774,0.403
fkbp1a,RF-Score-VS/GlideSP,1.0,NEF,,14.95,48.226,14.95,40,1240,13,6.269,0.965,27.944,0.576,48.226,0.262,0.224,0.774,0.403
fkbp1a,RF-Score-VS/GlideSP,5.0,NEF,,5.747,18.539,5.747,40,1240,62,11.494,0.872,6.827,0.623,28.735,0.199,0.194,0.774,0.403
fxa,RF-Score-VS/GlideSP,0.5,NEF,,30.59,98.677,30.59,40,1240,7,6.907,1.0,2238.293,0.586,98.677,0.407,0.287,0.844,0.747
fxa,RF-Score-VS/GlideSP,1.0,NEF,,28.04,90.452,28.04,40,1240,13,11.759,0.996,284.189,0.646,90.452,0.508,0.435,0.844,0.747
fxa,RF-Score-VS/GlideSP,5.0,NEF,,10.706,34.535,10.706,40,1240,62,21.412,0.941,15.826,0.751,53.53,0.407,0.396,0.844,0.747
gba,RF-Score-VS/GlideSP,0.5,NEF,,4.411,14.229,4.411,40,1240,7,0.996,0.833,4.977,0.51,14.229,0.047,0.033,0.7,0.125
gba,RF-Score-VS/GlideSP,1.0,NEF,,4.75,15.323,4.75,40,1240,13,1.992,0.844,5.429,0.52,15.323,0.07,0.06,0.7,0.125
gba,RF-Score-VS/GlideSP,5.0,NEF,,2.988,9.639,2.988,40,1240,62,5.976,0.762,3.2,0.551,14.94,0.083,0.081,0.7,0.125
gr,RF-Score-VS/GlideSP,0.5,NEF,,13.104,42.271,13.104,40,1240,7,2.959,0.956,21.967,0.535,42.271,0.167,0.117,0.757,0.304
gr,RF-Score-VS/GlideSP,1.0,NEF,,11.76,37.935,11.76,40,1240,13,4.932,0.948,18.337,0.558,37.935,0.202,0.173,0.757,0.304
gr,RF-Score-VS/GlideSP,5.0,NEF,,4.438,14.316,4.438,40,1240,62,8.876,0.834,5.012,0.589,22.19,0.144,0.14,0.757,0.304
gsk3b,RF-Score-VS/GlideSP,0.5,NEF,,8.614,27.787,8.614,40,1240,7,1.945,0.92,11.544,0.522,27.787,0.105,0.074,0.724,0.254
gsk3b,RF-Score-VS/GlideSP,1.0,NEF,,4.64,14.968,4.64,40,1240,13,1.946,0.841,5.281,0.52,14.968,0.068,0.059,0.724,0.254
gsk3b,RF-Score-VS/GlideSP,5.0,NEF,,6.92,22.323,6.92,40,1240,62,13.84,0.896,8.621,0.653,34.6,0.248,0.242,0.724,0.254
hdac2,RF-Score-VS/GlideSP,0.5,NEF,,4.336,13.987,4.336,40,1240,7,0.979,0.83,4.878,0.51,13.987,0.046,0.032,0.785,0.215
hdac2,RF-Score-VS/GlideSP,1.0,NEF,,7.0,22.581,7.0,40,1240,13,2.935,0.897,8.75,0.533,22.581,0.113,0.096,0.785,0.215
hdac2,RF-Score-VS/GlideSP,5.0,NEF,,4.975,16.048,4.975,40,1240,62,9.95,0.852,5.735,0.603,24.875,0.166,0.162,0.785,0.215
hdac8,RF-Score-VS/GlideSP,0.5,NEF,,0.0,0.0,0.0,40,1240,7,0.0,0.0,0.0,0.497,0.0,-0.014,-0.01,0.639,0.096
hdac8,RF-Score-VS/GlideSP,1.0,NEF,,0.0,0.0,0.0,40,1240,13,0.0,0.0,0.0,0.495,0.0,-0.019,-0.016,0.639,0.096
hdac8,RF-Score-VS/GlideSP,5.0,NEF,,2.985,9.629,2.985,40,1240,62,5.97,0.762,3.197,0.551,14.925,0.083,0.081,0.639,0.096
hiv1pr,RF-Score-VS/GlideSP,0.5,NEF,,28.17,90.871,28.17,40,1240,7,6.361,0.997,298.622,0.579,90.871,0.374,0.264,0.903,0.69
hiv1pr,RF-Score-VS/GlideSP,1.0,NEF,,25.28,81.548,25.28,40,1240,13,10.601,0.993,132.587,0.632,81.548,0.456,0.39,0.903,0.69
hiv1pr,RF-Score-VS/GlideSP,5.0,NEF,,12.392,39.974,12.392,40,1240,62,24.784,0.952,19.979,0.794,61.96,0.477,0.465,0.903,0.69
hiv1rt,RF-Score-VS/GlideSP,0.5,NEF,,0.0,0.0,0.0,40,1240,7,0.0,0.0,0.0,0.497,0.0,-0.014,-0.01,0.561,0.015
hiv1rt,RF-Score-VS/GlideSP,1.0,NEF,,0.0,0.0,0.0,40,1240,13,0.0,0.0,0.0,0.495,0.0,-0.019,-0.016,0.561,0.015
hiv1rt,RF-Score-VS/GlideSP,5.0,NEF,,1.05,3.387,1.05,40,1240,62,2.1,0.513,1.052,0.501,5.25,0.002,0.002,0.561,0.015
hmgr,RF-Score-VS/GlideSP,0.5,NEF,,30.925,99.758,30.925,40,1240,7,6.983,1.0,12370.0,0.587,99.758,0.412,0.29,0.939,0.932
hmgr,RF-Score-VS/GlideSP,1.0,NEF,,28.55,92.097,28.55,40,1240,13,11.973,0.997,349.592,0.649,92.097,0.518,0.443,0.939,0.932
hmgr,RF-Score-VS/GlideSP,5.0,NEF,,14.465,46.661,14.465,40,1240,62,28.93,0.963,26.244,0.848,72.325,0.564,0.55,0.939,0.932
hsp90,RF-Score-VS/GlideSP,0.5,NEF,,8.671,27.971,8.671,40,1240,7,1.958,0.921,11.65,0.522,27.971,0.106,0.074,0.724,0.237
hsp90,RF-Score-VS/GlideSP,1.0,NEF,,7.0,22.581,7.0,40,1240,13,2.935,0.897,8.75,0.533,22.581,0.113,0.096,0.724,0.237
hsp90,RF-Score-VS/GlideSP,5.0,NEF,,3.98,12.839,3.98,40,1240,62,7.96,0.815,4.419,0.577,19.9,0.125,0.122,0.724,0.237
igf1r,RF-Score-VS/GlideSP,0.5,NEF,,14.897,48.055,14.897,40,1240,7,3.364,0.965,27.753,0.541,48.055,0.191,0.135,0.914,0.482
igf1r,RF-Score-VS/GlideSP,1.0,NEF,,9.93,32.032,9.93,40,1240,13,4.164,0.934,14.139,0.548,32.032,0.168,0.144,0.914,0.482
igf1r,RF-Score-VS/GlideSP,5.0,NEF,,9.595,30.952,9.595,40,1240,62,19.19,0.931,13.448,0.722,47.975,0.36,0.351,0.914,0.482
inha,RF-Score-VS/GlideSP,0.5,NEF,,0.0,0.0,0.0,40,1240,7,0.0,0.0,0.0,0.497,0.0,-0.014,-0.01,0.563,0.094
inha,RF-Score-VS/GlideSP,1.0,NEF,,2.36,7.613,2.36,40,1240,13,0.99,0.712,2.472,0.507,7.613,0.026,0.022,0.563,0.094
inha,RF-Score-VS/GlideSP,5.0,NEF,,3.458,11.155,3.458,40,1240,62,6.916,0.79,3.767,0.563,17.29,0.103,0.1,0.563,0.094
itk,RF-Score-VS/GlideSP,0.5,NEF,,4.35,14.032,4.35,40,1240,7,0.982,0.83,4.897,0.51,14.032,0.046,0.033,0.665,0.143
itk,RF-Score-VS/GlideSP,1.0,NEF,,4.68,15.097,4.68,40,1240,13,1.963,0.842,5.334,0.52,15.097,0.069,0.059,0.665,0.143
itk,RF-Score-VS/GlideSP,5.0,NEF,,2.496,8.052,2.496,40,1240,62,4.992,0.724,2.627,0.539,12.48,0.063,0.061,0.665,0.143
jak3,RF-Score-VS/GlideSP,0.5,NEF,,19.95,64.355,19.95,40,1240,7,4.505,0.982,54.163,0.555,64.355,0.261,0.184,0.788,0.465
jak3,RF-Score-VS/GlideSP,1.0,NEF,,17.46,56.323,17.46,40,1240,13,7.322,0.975,38.685,0.589,56.323,0.309,0.265,0.788,0.465
jak3,RF-Score-VS/GlideSP,5.0,NEF,,8.479,27.352,8.479,40,1240,62,16.958,0.919,11.295,0.693,42.395,0.313,0.305,0.788,0.465
jnk1,RF-Score-VS/GlideSP,0.5,NEF,,15.75,50.806,15.75,40,1240,7,3.556,0.969,30.984,0.543,50.806,0.203,0.143,0.78,0.44
jnk1,RF-Score-VS/GlideSP,1.0,NEF,,15.75,50.806,15.75,40,1240,13,6.605,0.969,30.984,0.58,50.806,0.277,0.237,0.78,0.44
jnk1,RF-Score-VS/GlideSP,5.0,NEF,,5.775,18.629,5.775,40,1240,62,11.55,0.873,6.868,0.623,28.875,0.2,0.195,0.78,0.44
jnk2,RF-Score-VS/GlideSP,0.5,NEF,,10.009,32.287,10.009,40,1240,7,2.26,0.935,14.305,0.526,32.287,0.124,0.087,0.723,0.297
jnk2,RF-Score-VS/GlideSP,1.0,NEF,,10.01,32.29,10.01,40,1240,13,4.198,0.935,14.307,0.549,32.29,0.169,0.145,0.723,0.297
jnk2,RF-Score-VS/GlideSP,5.0,NEF,,5.089,16.416,5.089,40,1240,62,10.178,0.855,5.892,0.606,25.445,0.171,0.167,0.723,0.297
jnk3,RF-Score-VS/GlideSP,0.5,NEF,,13.286,42.858,13.286,40,1240,7,3.0,0.957,22.501,0.536,42.858,0.169,0.119,0.784,0.364
jnk3,RF-Score-VS/GlideSP,1.0,NEF,,11.92,38.452,11.92,40,1240,13,4.999,0.949,18.742,0.559,38.452,0.205,0.176,0.784,0.364
jnk3,RF-Score-VS/GlideSP,5.0,NEF,,6.098,19.671,6.098,40,1240,62,12.196,0.88,7.346,0.632,30.49,0.214,0.208,0.784,0.364
kif11,RF-Score-VS/GlideSP,0.5,NEF,,25.907,83.571,25.907,40,1240,7,5.85,0.993,152.604,0.573,83.571,0.343,0.242,0.919,0.774
kif11,RF-Score-VS/GlideSP,1.0,NEF,,23.25,75.0,23.25,40,1240,13,9.75,0.989,90.0,0.621,75.0,0.418,0.358,0.919,0.774
kif11,RF-Score-VS/GlideSP,5.0,NEF,,12.387,39.958,12.387,40,1240,62,24.774,0.952,19.965,0.794,61.935,0.477,0.465,0.919,0.774
lck,RF-Score-VS/GlideSP,0.5,NEF,,17.2,55.484,17.2,40,1240,7,3.884,0.974,37.391,0.547,55.484,0.223,0.157,0.852,0.386
lck,RF-Score-VS/GlideSP,1.0,NEF,,11.58,37.355,11.58,40,1240,13,4.856,0.947,17.889,0.557,37.355,0.199,0.17,0.852,0.386
lck,RF-Score-VS/GlideSP,5.0,NEF,,5.921,19.1,5.921,40,1240,62,11.842,0.876,7.083,0.627,29.605,0.206,0.201,0.852,0.386
mdm2,RF-Score-VS/GlideSP,0.5,NEF,,0.0,0.0,0.0,40,1240,7,0.0,0.0,0.0,0.497,0.0,-0.014,-0.01,0.585,0.029
mdm2,RF-Score-VS/GlideSP,1.0,NEF,,0.0,0.0,0.0,40,1240,13,0.0,0.0,0.0,0.495,0.0,-0.019,-0.016,0.585,0.029
mdm2,RF-Score-VS/GlideSP,5.0,NEF,,0.998,3.219,0.998,40,1240,62,1.996,0.499,0.998,0.5,4.99,-0.0,-0.0,0.585,0.029
mk2,RF-Score-VS/GlideSP,0.5,NEF,,10.486,33.826,10.486,40,1240,7,2.368,0.939,15.335,0.528,33.826,0.13,0.092,0.767,0.303
mk2,RF-Score-VS/GlideSP,1.0,NEF,,13.11,42.29,13.11,40,1240,13,5.498,0.956,21.984,0.566,42.29,0.228,0.195,0.767,0.303
mk2,RF-Score-VS/GlideSP,5.0,NEF,,4.266,13.761,4.266,40,1240,62,8.532,0.827,4.787,0.584,21.33,0.137,0.133,0.767,0.303
mmp2,RF-Score-VS/GlideSP,0.5,NEF,,4.386,14.148,4.386,40,1240,7,0.99,0.832,4.944,0.51,14.148,0.047,0.033,0.719,0.164
mmp2,RF-Score-VS/GlideSP,1.0,NEF,,2.36,7.613,2.36,40,1240,13,0.99,0.712,2.472,0.507,7.613,0.026,0.022,0.719,0.164
mmp2,RF-Score-VS/GlideSP,5.0,NEF,,3.466,11.181,3.466,40,1240,62,6.932,0.791,3.776,0.564,17.33,0.103,0.101,0.719,0.164
na,RF-Score-VS/GlideSP,0.5,NEF,,13.275,42.823,13.275,40,1240,7,2.998,0.957,22.468,0.536,42.823,0.169,0.119,0.823,0.429
na,RF-Score-VS/GlideSP,1.0,NEF,,14.3,46.129,14.3,40,1240,13,5.997,0.963,25.689,0.572,46.129,0.25,0.214,0.823,0.429
na,RF-Score-VS/GlideSP,5.0,NEF,,8.993,29.01,8.993,40,1240,62,17.986,0.925,12.259,0.706,44.965,0.335,0.326,0.823,0.429
p38-alpha,RF-Score-VS/GlideSP,0.5,NEF,,13.093,42.235,13.093,40,1240,7,2.956,0.956,21.935,0.535,42.235,0.166,0.117,0.896,0.357
p38-alpha,RF-Score-VS/GlideSP,1.0,NEF,,9.4,30.323,9.4,40,1240,13,3.942,0.929,13.056,0.546,30.323,0.158,0.135,0.896,0.357
p38-alpha,RF-Score-VS/GlideSP,5.0,NEF,,7.391,23.842,7.391,40,1240,62,14.782,0.904,9.392,0.665,36.955,0.268,0.261,0.896,0.357
parp-1,RF-Score-VS/GlideSP,0.5,NEF,,30.15,97.258,30.15,40,1240,7,6.808,0.999,1064.118,0.585,97.258,0.401,0.283,0.818,0.628
parp-1,RF-Score-VS/GlideSP,1.0,NEF,,20.87,67.323,20.87,40,1240,13,8.752,0.984,61.807,0.608,67.323,0.373,0.319,0.818,0.628
parp-1,RF-Score-VS/GlideSP,5.0,NEF,,8.897,28.7,8.897,40,1240,62,17.794,0.924,12.076,0.704,44.485,0.331,0.322,0.818,0.628
pde4b,RF-Score-VS/GlideSP,0.5,NEF,,4.4,14.194,4.4,40,1240,7,0.994,0.832,4.962,0.51,14.194,0.047,0.033,0.738,0.133
pde4b,RF-Score-VS/GlideSP,1.0,NEF,,4.74,15.29,4.74,40,1240,13,1.988,0.844,5.415,0.52,15.29,0.07,0.06,0.738,0.133
pde4b,RF-Score-VS/GlideSP,5.0,NEF,,3.477,11.216,3.477,40,1240,62,6.954,0.791,3.79,0.564,17.385,0.104,0.101,0.738,0.133
pde5,RF-Score-VS/GlideSP,0.5,NEF,,0.0,0.0,0.0,40,1240,7,0.0,0.0,0.0,0.497,0.0,-0.014,-0.01,0.65,0.044
pde5,RF-Score-VS/GlideSP,1.0,NEF,,2.48,8.0,2.48,40,1240,13,1.04,0.723,2.609,0.508,8.0,0.028,0.024,0.65,0.044
pde5,RF-Score-VS/GlideSP,5.0,NEF,,1.561,5.035,1.561,40,1240,62,3.122,0.614,1.591,0.514,7.805,0.023,0.023,0.65,0.044
pdk1,RF-Score-VS/GlideSP,0.5,NEF,,0.0,0.0,0.0,40,1240,7,0.0,0.0,0.0,0.497,0.0,-0.014,-0.01,0.688,0.151
pdk1,RF-Score-VS/GlideSP,1.0,NEF,,2.44,7.871,2.44,40,1240,13,1.023,0.719,2.563,0.508,7.871,0.027,0.023,0.688,0.151
pdk1,RF-Score-VS/GlideSP,5.0,NEF,,4.682,15.103,4.682,40,1240,62,9.364,0.842,5.337,0.595,23.41,0.154,0.15,0.688,0.151
pi3kg,RF-Score-VS/GlideSP,0.5,NEF,,8.864,28.594,8.864,40,1240,7,2.002,0.923,12.013,0.523,28.594,0.108,0.076,0.756,0.325
pi3kg,RF-Score-VS/GlideSP,1.0,NEF,,11.93,38.484,11.93,40,1240,13,5.003,0.949,18.768,0.559,38.484,0.205,0.176,0.756,0.325
pi3kg,RF-Score-VS/GlideSP,5.0,NEF,,4.578,14.768,4.578,40,1240,62,9.156,0.839,5.198,0.592,22.89,0.15,0.146,0.756,0.325
pim-1,RF-Score-VS/GlideSP,0.5,NEF,,0.0,0.0,0.0,40,1240,7,0.0,0.0,0.0,0.497,0.0,-0.014,-0.01,0.541,0.007
pim-1,RF-Score-VS/GlideSP,1.0,NEF,,0.0,0.0,0.0,40,1240,13,0.0,0.0,0.0,0.495,0.0,-0.019,-0.016,0.541,0.007
pim-1,RF-Score-VS/GlideSP,5.0,NEF,,0.495,1.597,0.495,40,1240,62,0.99,0.327,0.487,0.487,2.475,-0.021,-0.021,0.541,0.007
pim-2,RF-Score-VS/GlideSP,0.5,NEF,,0.0,0.0,0.0,40,1240,7,0.0,0.0,0.0,0.497,0.0,-0.014,-0.01,0.469,0.001
pim-2,RF-Score-VS/GlideSP,1.0,NEF,,0.0,0.0,0.0,40,1240,13,0.0,0.0,0.0,0.495,0.0,-0.019,-0.016,0.469,0.001
pim-2,RF-Score-VS/GlideSP,5.0,NEF,,0.0,0.0,0.0,40,1240,62,0.0,0.0,0.0,0.474,0.0,-0.042,-0.041,0.469,0.001
pnp,RF-Score-VS/GlideSP,0.5,NEF,,22.018,71.026,22.018,40,1240,7,4.972,0.987,73.54,0.561,71.026,0.289,0.204,0.812,0.489
pnp,RF-Score-VS/GlideSP,1.0,NEF,,16.6,53.548,16.6,40,1240,13,6.961,0.972,34.583,0.584,53.548,0.293,0.251,0.812,0.489
pnp,RF-Score-VS/GlideSP,5.0,NEF,,7.955,25.661,7.955,40,1240,62,15.91,0.912,10.356,0.68,39.775,0.291,0.284,0.812,0.489
ppara,RF-Score-VS/GlideSP,0.5,NEF,,29.947,96.603,29.947,40,1240,7,6.762,0.999,853.191,0.584,96.603,0.398,0.281,0.864,0.7
ppara,RF-Score-VS/GlideSP,1.0,NEF,,24.96,80.516,24.96,40,1240,13,10.467,0.992,123.974,0.63,80.516,0.45,0.385,0.864,0.7
ppara,RF-Score-VS/GlideSP,5.0,NEF,,9.457,30.506,9.457,40,1240,62,18.914,0.929,13.169,0.718,47.285,0.354,0.345,0.864,0.7
pparg,RF-Score-VS/GlideSP,0.5,NEF,,19.0,61.29,19.0,40,1240,7,4.29,0.979,47.5,0.552,61.29,0.248,0.175,0.815,0.5
pparg,RF-Score-VS/GlideSP,1.0,NEF,,14.25,45.968,14.25,40,1240,13,5.976,0.962,25.522,0.572,45.968,0.249,0.213,0.815,0.5
pparg,RF-Score-VS/GlideSP,5.0,NEF,,8.0,25.806,8.0,40,1240,62,16.0,0.913,10.435,0.681,40.0,0.293,0.286,0.815,0.5
pr,RF-Score-VS/GlideSP,0.5,NEF,,4.9,15.806,4.9,40,1240,7,1.106,0.849,5.632,0.511,15.806,0.054,0.038,0.833,0.296
pr,RF-Score-VS/GlideSP,1.0,NEF,,8.02,25.871,8.02,40,1240,13,3.363,0.913,10.47,0.538,25.871,0.132,0.113,0.833,0.296
pr,RF-Score-VS/GlideSP,5.0,NEF,,5.654,18.239,5.654,40,1240,62,11.308,0.87,6.692,0.62,28.27,0.195,0.19,0.833,0.296
prkcq,RF-Score-VS/GlideSP,0.5,NEF,,21.053,67.913,21.053,40,1240,7,4.754,0.984,63.496,0.558,67.913,0.276,0.195,0.852,0.46
prkcq,RF-Score-VS/GlideSP,1.0,NEF,,15.79,50.935,15.79,40,1240,13,6.622,0.969,31.144,0.58,50.935,0.278,0.238,0.852,0.46
prkcq,RF-Score-VS/GlideSP,5.0,NEF,,8.947,28.861,8.947,40,1240,62,17.894,0.924,12.171,0.705,44.735,0.333,0.324,0.852,0.46
pygl-in,RF-Score-VS/GlideSP,0.5,NEF,,0.0,0.0,0.0,40,1240,7,0.0,0.0,0.0,0.497,0.0,-0.014,-0.01,0.505,0.029
pygl-in,RF-Score-VS/GlideSP,1.0,NEF,,0.0,0.0,0.0,40,1240,13,0.0,0.0,0.0,0.495,0.0,-0.019,-0.016,0.505,0.029
pygl-in,RF-Score-VS/GlideSP,5.0,NEF,,0.497,1.603,0.497,40,1240,62,0.994,0.328,0.489,0.487,2.485,-0.021,-0.021,0.505,0.029
pygl-out,RF-Score-VS/GlideSP,0.5,NEF,,13.243,42.719,13.243,40,1240,7,2.99,0.957,22.374,0.536,42.719,0.168,0.119,0.778,0.235
pygl-out,RF-Score-VS/GlideSP,1.0,NEF,,9.51,30.677,9.51,40,1240,13,3.988,0.93,13.276,0.546,30.677,0.16,0.137,0.778,0.235
pygl-out,RF-Score-VS/GlideSP,5.0,NEF,,3.489,11.255,3.489,40,1240,62,6.978,0.792,3.805,0.564,17.445,0.104,0.102,0.778,0.235
qpct,RF-Score-VS/GlideSP,0.5,NEF,,0.0,0.0,0.0,40,1240,7,0.0,0.0,0.0,0.497,0.0,-0.014,-0.01,0.396,0.0
qpct,RF-Score-VS/GlideSP,1.0,NEF,,0.0,0.0,0.0,40,1240,13,0.0,0.0,0.0,0.495,0.0,-0.019,-0.016,0.396,0.0
qpct,RF-Score-VS/GlideSP,5.0,NEF,,0.0,0.0,0.0,40,1240,62,0.0,0.0,0.0,0.474,0.0,-0.042,-0.041,0.396,0.0
rock-1,RF-Score-VS/GlideSP,0.5,NEF,,8.621,27.81,8.621,40,1240,7,1.947,0.92,11.557,0.522,27.81,0.105,0.074,0.734,0.356
rock-1,RF-Score-VS/GlideSP,1.0,NEF,,9.28,29.935,9.28,40,1240,13,3.892,0.928,12.818,0.545,29.935,0.156,0.133,0.734,0.356
rock-1,RF-Score-VS/GlideSP,5.0,NEF,,6.431,20.745,6.431,40,1240,62,12.862,0.887,7.853,0.64,32.155,0.227,0.222,0.734,0.356
rxr,RF-Score-VS/GlideSP,0.5,NEF,,25.919,83.61,25.919,40,1240,7,5.853,0.994,153.035,0.573,83.61,0.343,0.242,0.995,1.055
rxr,RF-Score-VS/GlideSP,1.0,NEF,,25.92,83.613,25.92,40,1240,13,10.87,0.994,153.071,0.635,83.613,0.468,0.401,0.995,1.055
rxr,RF-Score-VS/GlideSP,5.0,NEF,,18.899,60.965,18.899,40,1240,62,37.798,0.979,46.853,0.962,94.495,0.75,0.731,0.995,1.055
sars-hcov,RF-Score-VS/GlideSP,0.5,NEF,,8.806,28.406,8.806,39,1209,7,1.988,0.922,11.903,0.523,28.406,0.109,0.077,0.519,0.194
sars-hcov,RF-Score-VS/GlideSP,1.0,NEF,,7.11,22.935,7.11,39,1209,13,2.982,0.899,8.928,0.534,22.935,0.116,0.1,0.519,0.194
sars-hcov,RF-Score-VS/GlideSP,5.0,NEF,,3.032,9.781,3.032,39,1209,61,5.966,0.765,3.252,0.553,15.298,0.086,0.083,0.519,0.194
sirt2,RF-Score-VS/GlideSP,0.5,NEF,,0.0,0.0,0.0,40,1240,7,0.0,0.0,0.0,0.497,0.0,-0.014,-0.01,0.481,0.012
sirt2,RF-Score-VS/GlideSP,1.0,NEF,,0.0,0.0,0.0,40,1240,13,0.0,0.0,0.0,0.495,0.0,-0.019,-0.016,0.481,0.012
sirt2,RF-Score-VS/GlideSP,5.0,NEF,,0.985,3.177,0.985,40,1240,62,1.97,0.496,0.985,0.5,4.925,-0.001,-0.001,0.481,0.012
src,RF-Score-VS/GlideSP,0.5,NEF,,17.744,57.239,17.744,40,1240,7,4.007,0.976,40.157,0.549,57.239,0.23,0.162,0.73,0.324
src,RF-Score-VS/GlideSP,1.0,NEF,,11.94,38.516,11.94,40,1240,13,5.007,0.949,18.793,0.559,38.516,0.206,0.176,0.73,0.324
src,RF-Score-VS/GlideSP,5.0,NEF,,6.108,19.703,6.108,40,1240,62,12.216,0.88,7.361,0.632,30.54,0.214,0.208,0.73,0.324
thrombin,RF-Score-VS/GlideSP,0.5,NEF,,22.763,73.429,22.763,40,1240,7,5.14,0.988,82.905,0.563,73.429,0.299,0.211,0.834,0.534
thrombin,RF-Score-VS/GlideSP,1.0,NEF,,17.16,55.355,17.16,40,1240,13,7.196,0.974,37.197,0.588,55.355,0.304,0.26,0.834,0.534
thrombin,RF-Score-VS/GlideSP,5.0,NEF,,9.926,32.019,9.926,40,1240,62,19.852,0.934,14.13,0.731,49.63,0.374,0.364,0.834,0.534
tie2,RF-Score-VS/GlideSP,0.5,NEF,,4.996,16.116,4.996,40,1240,7,1.128,0.852,5.764,0.512,16.116,0.055,0.039,0.626,0.139
tie2,RF-Score-VS/GlideSP,1.0,NEF,,2.5,8.065,2.5,40,1240,13,1.048,0.725,2.632,0.508,8.065,0.028,0.024,0.626,0.139
tie2,RF-Score-VS/GlideSP,5.0,NEF,,1.998,6.445,1.998,40,1240,62,3.996,0.674,2.067,0.526,9.99,0.042,0.041,0.626,0.139
tk,RF-Score-VS/GlideSP,0.5,NEF,,4.52,14.581,4.52,40,1240,7,1.021,0.837,5.121,0.51,14.581,0.048,0.034,0.751,0.263
tk,RF-Score-VS/GlideSP,1.0,NEF,,7.3,23.548,7.3,40,1240,13,3.061,0.902,9.241,0.534,23.548,0.118,0.101,0.751,0.263
tk,RF-Score-VS/GlideSP,5.0,NEF,,7.655,24.694,7.655,40,1240,62,15.31,0.908,9.837,0.672,38.275,0.279,0.272,0.751,0.263
tp,RF-Score-VS/GlideSP,0.5,NEF,,0.0,0.0,0.0,40,1240,7,0.0,0.0,0.0,0.497,0.0,-0.014,-0.01,0.307,0.005
tp,RF-Score-VS/GlideSP,1.0,NEF,,0.0,0.0,0.0,40,1240,13,0.0,0.0,0.0,0.495,0.0,-0.019,-0.016,0.307,0.005
tp,RF-Score-VS/GlideSP,5.0,NEF,,0.644,2.077,0.644,40,1240,62,1.288,0.389,0.636,0.491,3.22,-0.015,-0.015,0.307,0.005
tpa,RF-Score-VS/GlideSP,0.5,NEF,,5.092,16.426,5.092,40,1240,7,1.15,0.855,5.896,0.512,16.426,0.056,0.04,0.72,0.334
tpa,RF-Score-VS/GlideSP,1.0,NEF,,10.18,32.839,10.18,40,1240,13,4.269,0.936,14.669,0.55,32.839,0.173,0.148,0.72,0.334
tpa,RF-Score-VS/GlideSP,5.0,NEF,,7.25,23.387,7.25,40,1240,62,14.5,0.902,9.158,0.661,36.25,0.262,0.255,0.72,0.334
ts,RF-Score-VS/GlideSP,0.5,NEF,,0.0,0.0,0.0,40,1239,7,0.0,0.0,0.0,0.497,0.0,-0.014,-0.01,0.584,0.002
ts,RF-Score-VS/GlideSP,1.0,NEF,,0.0,0.0,0.0,40,1239,13,0.0,0.0,0.0,0.495,0.0,-0.019,-0.016,0.584,0.002
ts,RF-Score-VS/GlideSP,5.0,NEF,,0.5,1.614,0.5,40,1239,62,1.001,0.33,0.492,0.487,2.502,-0.021,-0.02,0.584,0.002
upa,RF-Score-VS/GlideSP,0.5,NEF,,9.967,32.152,9.967,40,1240,7,2.251,0.934,14.216,0.526,32.152,0.123,0.087,0.586,0.354
upa,RF-Score-VS/GlideSP,1.0,NEF,,9.97,32.161,9.97,40,1240,13,4.181,0.934,14.223,0.549,32.161,0.169,0.144,0.586,0.354
upa,RF-Score-VS/GlideSP,5.0,NEF,,5.482,17.684,5.482,40,1240,62,10.964,0.866,6.445,0.616,27.41,0.188,0.183,0.586,0.354
vegfr1,RF-Score-VS/GlideSP,0.5,NEF,,9.982,32.2,9.982,40,1240,7,2.254,0.934,14.248,0.526,32.2,0.124,0.087,0.768,0.404
vegfr1,RF-Score-VS/GlideSP,1.0,NEF,,14.97,48.29,14.97,40,1240,13,6.278,0.966,28.016,0.576,48.29,0.263,0.225,0.768,0.404
vegfr1,RF-Score-VS/GlideSP,5.0,NEF,,6.305,20.339,6.305,40,1240,62,12.61,0.885,7.659,0.637,31.525,0.222,0.217,0.768,0.404
vegfr2,RF-Score-VS/GlideSP,0.5,NEF,,4.469,14.416,4.469,40,1240,7,1.009,0.835,5.053,0.51,14.416,0.048,0.034,0.71,0.164
vegfr2,RF-Score-VS/GlideSP,1.0,NEF,,4.81,15.516,4.81,40,1240,13,2.017,0.846,5.51,0.521,15.516,0.072,0.061,0.71,0.164
vegfr2,RF-Score-VS/GlideSP,5.0,NEF,,3.59,11.581,3.59,40,1240,62,7.18,0.797,3.929,0.567,17.95,0.108,0.106,0.71,0.164
11betahsd1,RF-Score-VS@IGN,0.5,NEF,,0.0,0.0,0.0,40,1240,7,0.0,0.0,0.0,0.497,0.0,-0.014,-0.01,0.658,0.068
11betahsd1,RF-Score-VS@IGN,1.0,NEF,,0.0,0.0,0.0,40,1240,13,0.0,0.0,0.0,0.495,0.0,-0.019,-0.016,0.658,0.068
11betahsd1,RF-Score-VS@IGN,5.0,NEF,,2.05,6.613,2.05,40,1240,62,4.1,0.68,2.124,0.527,10.25,0.044,0.043,0.658,0.068
17betahsd1,RF-Score-VS@IGN,0.5,NEF,,4.38,14.129,4.38,40,1240,7,0.989,0.832,4.936,0.51,14.129,0.046,0.033,0.741,0.159
17betahsd1,RF-Score-VS@IGN,1.0,NEF,,4.72,15.226,4.72,40,1240,13,1.979,0.843,5.388,0.52,15.226,0.07,0.06,0.741,0.159
17betahsd1,RF-Score-VS@IGN,5.0,NEF,,3.96,12.774,3.96,40,1240,62,7.92,0.815,4.393,0.576,19.8,0.124,0.121,0.741,0.159
a2a,RF-Score-VS@IGN,0.5,NEF,,26.31,84.871,26.31,40,1240,7,5.941,0.994,168.294,0.574,84.871,0.348,0.246,0.838,0.623
a2a,RF-Score-VS@IGN,1.0,NEF,,21.25,68.548,21.25,40,1240,13,8.911,0.985,65.385,0.61,68.548,0.381,0.326,0.838,0.623
a2a,RF-Score-VS@IGN,5.0,NEF,,9.9,31.935,9.9,40,1240,62,19.8,0.934,14.076,0.73,49.5,0.373,0.363,0.838,0.623
ace,RF-Score-VS@IGN,0.5,NEF,,30.88,99.613,30.88,40,1240,7,6.973,1.0,7720.0,0.587,99.613,0.411,0.29,0.981,0.961
ace,RF-Score-VS@IGN,1.0,NEF,,30.88,99.613,30.88,40,1240,13,12.95,1.0,7720.0,0.662,99.613,0.562,0.48,0.981,0.961
ace,RF-Score-VS@IGN,5.0,NEF,,16.43,53.0,16.43,40,1240,62,32.86,0.971,33.83,0.899,82.15,0.646,0.63,0.981,0.961
ace2,RF-Score-VS@IGN,0.5,NEF,,30.98,99.935,30.98,40,1240,7,6.995,1.0,46470.0,0.587,99.935,0.412,0.291,0.983,0.938
ace2,RF-Score-VS@IGN,1.0,NEF,,30.98,99.935,30.98,40,1240,13,12.992,1.0,46470.0,0.662,99.935,0.563,0.482,0.983,0.938
ace2,RF-Score-VS@IGN,5.0,NEF,,15.99,51.581,15.99,40,1240,62,31.98,0.97,31.959,0.887,79.95,0.628,0.612,0.983,0.938
ache,RF-Score-VS@IGN,0.5,NEF,,13.08,42.194,13.08,40,1240,7,2.954,0.956,21.897,0.535,42.194,0.166,0.117,0.733,0.495
ache,RF-Score-VS@IGN,1.0,NEF,,14.09,45.452,14.09,40,1240,13,5.909,0.962,24.997,0.571,45.452,0.246,0.21,0.733,0.495
ache,RF-Score-VS@IGN,5.0,NEF,,8.86,28.581,8.86,40,1240,62,17.72,0.923,12.005,0.703,44.3,0.329,0.321,0.733,0.495
adam17,RF-Score-VS@IGN,0.5,NEF,,30.75,99.194,30.75,40,1240,7,6.944,1.0,3690.0,0.587,99.194,0.409,0.289,0.888,0.75
adam17,RF-Score-VS@IGN,1.0,NEF,,26.02,83.935,26.02,40,1240,13,10.912,0.994,156.747,0.636,83.935,0.47,0.402,0.888,0.75
adam17,RF-Score-VS@IGN,5.0,NEF,,11.41,36.806,11.41,40,1240,62,22.82,0.946,17.473,0.769,57.05,0.436,0.425,0.888,0.75
adrb2,RF-Score-VS@IGN,0.5,NEF,,23.98,77.355,23.98,40,1240,7,5.415,0.99,102.479,0.567,77.355,0.316,0.223,0.824,0.573
adrb2,RF-Score-VS@IGN,1.0,NEF,,16.79,54.161,16.79,40,1240,13,7.041,0.973,35.447,0.586,54.161,0.297,0.254,0.824,0.573
adrb2,RF-Score-VS@IGN,5.0,NEF,,8.43,27.194,8.43,40,1240,62,16.86,0.918,11.205,0.692,42.15,0.311,0.303,0.824,0.573
akt1,RF-Score-VS@IGN,0.5,NEF,,20.21,65.194,20.21,40,1240,7,4.564,0.983,56.191,0.556,65.194,0.264,0.186,0.936,0.601
akt1,RF-Score-VS@IGN,1.0,NEF,,17.68,57.032,17.68,40,1240,13,7.414,0.976,39.82,0.59,57.032,0.313,0.268,0.936,0.601
akt1,RF-Score-VS@IGN,5.0,NEF,,11.62,37.484,11.62,40,1240,62,23.24,0.947,17.988,0.774,58.1,0.445,0.433,0.936,0.601
alr2,RF-Score-VS@IGN,0.5,NEF,,8.76,28.258,8.76,40,1240,7,1.978,0.922,11.817,0.523,28.258,0.107,0.075,0.752,0.207
alr2,RF-Score-VS@IGN,1.0,NEF,,4.72,15.226,4.72,40,1240,13,1.979,0.843,5.388,0.52,15.226,0.07,0.06,0.752,0.207
alr2,RF-Score-VS@IGN,5.0,NEF,,5.93,19.129,5.93,40,1240,62,11.86,0.876,7.096,0.627,29.65,0.206,0.201,0.752,0.207
ar,RF-Score-VS@IGN,0.5,NEF,,11.29,36.419,11.29,40,1240,7,2.549,0.945,17.184,0.53,36.419,0.142,0.1,0.947,0.603
ar,RF-Score-VS@IGN,1.0,NEF,,9.67,31.194,9.67,40,1240,13,4.055,0.932,13.601,0.547,31.194,0.163,0.139,0.947,0.603
ar,RF-Score-VS@IGN,5.0,NEF,,9.88,31.871,9.88,40,1240,62,19.76,0.933,14.034,0.729,49.4,0.372,0.362,0.947,0.603
aurka,RF-Score-VS@IGN,0.5,NEF,,0.0,0.0,0.0,40,1240,7,0.0,0.0,0.0,0.497,0.0,-0.014,-0.01,0.723,0.109
aurka,RF-Score-VS@IGN,1.0,NEF,,2.39,7.71,2.39,40,1240,13,1.002,0.715,2.506,0.508,7.71,0.026,0.022,0.723,0.109
aurka,RF-Score-VS@IGN,5.0,NEF,,4.58,14.774,4.58,40,1240,62,9.16,0.839,5.201,0.592,22.9,0.15,0.146,0.723,0.109
aurkb,RF-Score-VS@IGN,0.5,NEF,,8.68,28.0,8.68,40,1240,7,1.96,0.921,11.667,0.522,28.0,0.106,0.075,0.683,0.212
aurkb,RF-Score-VS@IGN,1.0,NEF,,4.67,15.065,4.67,40,1240,13,1.958,0.842,5.321,0.52,15.065,0.069,0.059,0.683,0.212
aurkb,RF-Score-VS@IGN,5.0,NEF,,4.48,14.452,4.48,40,1240,62,8.96,0.835,5.068,0.59,22.4,0.146,0.142,0.683,0.212
bcl2,RF-Score-VS@IGN,0.5,NEF,,0.0,0.0,0.0,40,1240,7,0.0,0.0,0.0,0.497,0.0,-0.014,-0.01,0.505,0.002
bcl2,RF-Score-VS@IGN,1.0,NEF,,0.0,0.0,0.0,40,1240,13,0.0,0.0,0.0,0.495,0.0,-0.019,-0.016,0.505,0.002
bcl2,RF-Score-VS@IGN,5.0,NEF,,0.49,1.581,0.49,40,1240,62,0.98,0.325,0.482,0.487,2.45,-0.021,-0.021,0.505,0.002
braf,RF-Score-VS@IGN,0.5,NEF,,4.43,14.29,4.43,40,1240,7,1.0,0.833,5.002,0.51,14.29,0.047,0.033,0.866,0.189
braf,RF-Score-VS@IGN,1.0,NEF,,2.38,7.677,2.38,40,1240,13,0.998,0.714,2.495,0.507,7.677,0.026,0.022,0.866,0.189
braf,RF-Score-VS@IGN,5.0,NEF,,6.1,19.677,6.1,40,1240,62,12.2,0.88,7.349,0.632,30.5,0.214,0.208,0.866,0.189
catl,RF-Score-VS@IGN,0.5,NEF,,0.0,0.0,0.0,40,1240,7,0.0,0.0,0.0,0.497,0.0,-0.014,-0.01,0.659,0.057
catl,RF-Score-VS@IGN,1.0,NEF,,2.37,7.645,2.37,40,1240,13,0.994,0.713,2.483,0.507,7.645,0.026,0.022,0.659,0.057
catl,RF-Score-VS@IGN,5.0,NEF,,1.49,4.806,1.49,40,1240,62,2.98,0.602,1.515,0.513,7.45,0.021,0.02,0.659,0.057
cdk2,RF-Score-VS@IGN,0.5,NEF,,19.93,64.29,19.93,40,1240,7,4.5,0.982,54.011,0.555,64.29,0.26,0.184,0.746,0.309
cdk2,RF-Score-VS@IGN,1.0,NEF,,9.97,32.161,9.97,40,1240,13,4.181,0.934,14.223,0.549,32.161,0.169,0.144,0.746,0.309
cdk2,RF-Score-VS@IGN,5.0,NEF,,4.49,14.484,4.49,40,1240,62,8.98,0.836,5.081,0.59,22.45,0.146,0.142,0.746,0.309
cox1,RF-Score-VS@IGN,0.5,NEF,,23.93,77.194,23.93,40,1240,7,5.404,0.99,101.542,0.567,77.194,0.315,0.222,0.852,0.689
cox1,RF-Score-VS@IGN,1.0,NEF,,23.93,77.194,23.93,40,1240,13,10.035,0.99,101.542,0.624,77.194,0.431,0.369,0.852,0.689
cox1,RF-Score-VS@IGN,5.0,NEF,,9.74,31.419,9.74,40,1240,62,19.48,0.932,13.744,0.726,48.7,0.366,0.357,0.852,0.689
cox2,RF-Score-VS@IGN,0.5,NEF,,23.11,74.548,23.11,40,1240,7,5.218,0.989,87.871,0.564,74.548,0.304,0.215,0.973,1.013
cox2,RF-Score-VS@IGN,1.0,NEF,,23.11,74.548,23.11,40,1240,13,9.691,0.989,87.871,0.62,74.548,0.416,0.356,0.973,1.013
cox2,RF-Score-VS@IGN,5.0,NEF,,15.05,48.548,15.05,40,1240,62,30.1,0.966,28.307,0.863,75.25,0.588,0.573,0.973,1.013
ctsk,RF-Score-VS@IGN,0.5,NEF,,8.82,28.452,8.82,40,1240,7,1.992,0.923,11.93,0.523,28.452,0.108,0.076,0.586,0.104
ctsk,RF-Score-VS@IGN,1.0,NEF,,4.75,15.323,4.75,40,1240,13,1.992,0.844,5.429,0.52,15.323,0.07,0.06,0.586,0.104
ctsk,RF-Score-VS@IGN,5.0,NEF,,1.0,3.226,1.0,40,1240,62,2.0,0.5,1.0,0.5,5.0,0.0,0.0,0.586,0.104
dhfr,RF-Score-VS@IGN,0.5,NEF,,21.86,70.516,21.86,40,1240,7,4.936,0.986,71.751,0.561,70.516,0.287,0.202,0.747,0.487
dhfr,RF-Score-VS@IGN,1.0,NEF,,18.83,60.742,18.83,40,1240,13,7.896,0.979,46.417,0.597,60.742,0.335,0.287,0.747,0.487
dhfr,RF-Score-VS@IGN,5.0,NEF,,6.91,22.29,6.91,40,1240,62,13.82,0.896,8.605,0.653,34.55,0.248,0.241,0.747,0.487
egfr,RF-Score-VS@IGN,0.5,NEF,,0.0,0.0,0.0,40,1240,7,0.0,0.0,0.0,0.497,0.0,-0.014,-0.01,0.672,0.089
egfr,RF-Score-VS@IGN,1.0,NEF,,0.0,0.0,0.0,40,1240,13,0.0,0.0,0.0,0.495,0.0,-0.019,-0.016,0.672,0.089
egfr,RF-Score-VS@IGN,5.0,NEF,,4.05,13.065,4.05,40,1240,62,8.1,0.818,4.508,0.579,20.25,0.128,0.124,0.672,0.089
ephb4,RF-Score-VS@IGN,0.5,NEF,,21.68,69.935,21.68,40,1240,7,4.895,0.986,69.785,0.56,69.935,0.284,0.201,0.818,0.523
ephb4,RF-Score-VS@IGN,1.0,NEF,,18.68,60.258,18.68,40,1240,13,7.834,0.978,45.487,0.596,60.258,0.332,0.284,0.818,0.523
ephb4,RF-Score-VS@IGN,5.0,NEF,,6.47,20.871,6.47,40,1240,62,12.94,0.888,7.913,0.641,32.35,0.229,0.223,0.818,0.523
erbb2,RF-Score-VS@IGN,0.5,NEF,,24.67,79.581,24.67,40,1240,7,5.571,0.992,116.919,0.569,79.581,0.326,0.23,0.885,0.651
erbb2,RF-Score-VS@IGN,1.0,NEF,,22.2,71.613,22.2,40,1240,13,9.31,0.987,75.682,0.615,71.613,0.398,0.341,0.885,0.651
erbb2,RF-Score-VS@IGN,5.0,NEF,,9.87,31.839,9.87,40,1240,62,19.74,0.933,14.013,0.729,49.35,0.372,0.362,0.885,0.651
fgfr1,RF-Score-VS@IGN,0.5,NEF,,9.63,31.065,9.63,40,1240,7,2.175,0.931,13.519,0.525,31.065,0.119,0.084,0.871,0.423
fgfr1,RF-Score-VS@IGN,1.0,NEF,,9.63,31.065,9.63,40,1240,13,4.038,0.931,13.519,0.547,31.065,0.162,0.139,0.871,0.423
fgfr1,RF-Score-VS@IGN,5.0,NEF,,8.96,28.903,8.96,40,1240,62,17.92,0.924,12.196,0.706,44.8,0.333,0.325,0.871,0.423
fkbp1a,RF-Score-VS@IGN,0.5,NEF,,32.39,104.484,32.39,40,1240,7,7.314,1.001,inf,0.592,100.0,0.432,0.305,0.855,0.618
fkbp1a,RF-Score-VS@IGN,1.0,NEF,,24.92,80.387,24.92,40,1240,13,10.45,0.992,122.961,0.63,80.387,0.45,0.385,0.855,0.618
fkbp1a,RF-Score-VS@IGN,5.0,NEF,,7.84,25.29,7.84,40,1240,62,15.68,0.91,10.155,0.677,39.2,0.286,0.279,0.855,0.618
fxa,RF-Score-VS@IGN,0.5,NEF,,30.59,98.677,30.59,40,1240,7,6.907,1.0,2238.293,0.586,98.677,0.407,0.287,0.847,0.761
fxa,RF-Score-VS@IGN,1.0,NEF,,28.04,90.452,28.04,40,1240,13,11.759,0.996,284.189,0.646,90.452,0.508,0.435,0.847,0.761
fxa,RF-Score-VS@IGN,5.0,NEF,,10.2,32.903,10.2,40,1240,62,20.4,0.936,14.712,0.738,51.0,0.385,0.376,0.847,0.761
gba,RF-Score-VS@IGN,0.5,NEF,,22.05,71.129,22.05,40,1240,7,4.979,0.987,73.911,0.561,71.129,0.29,0.204,0.828,0.409
gba,RF-Score-VS@IGN,1.0,NEF,,14.25,45.968,14.25,40,1240,13,5.976,0.962,25.522,0.572,45.968,0.249,0.213,0.828,0.409
gba,RF-Score-VS@IGN,5.0,NEF,,6.47,20.871,6.47,40,1240,62,12.94,0.888,7.913,0.641,32.35,0.229,0.223,0.828,0.409
gr,RF-Score-VS@IGN,0.5,NEF,,13.1,42.258,13.1,40,1240,7,2.958,0.956,21.955,0.535,42.258,0.166,0.117,0.796,0.294
gr,RF-Score-VS@IGN,1.0,NEF,,11.76,37.935,11.76,40,1240,13,4.932,0.948,18.337,0.558,37.935,0.202,0.173,0.796,0.294
gr,RF-Score-VS@IGN,5.0,NEF,,3.45,11.129,3.45,40,1240,62,6.9,0.79,3.757,0.563,17.25,0.103,0.1,0.796,0.294
gsk3b,RF-Score-VS@IGN,0.5,NEF,,8.61,27.774,8.61,40,1240,7,1.944,0.92,11.536,0.522,27.774,0.105,0.074,0.684,0.231
gsk3b,RF-Score-VS@IGN,1.0,NEF,,6.96,22.452,6.96,40,1240,13,2.919,0.897,8.686,0.532,22.452,0.112,0.096,0.684,0.231
gsk3b,RF-Score-VS@IGN,5.0,NEF,,5.44,17.548,5.44,40,1240,62,10.88,0.865,6.385,0.615,27.2,0.186,0.181,0.684,0.231
hdac2,RF-Score-VS@IGN,0.5,NEF,,26.01,83.903,26.01,40,1240,7,5.873,0.994,156.373,0.573,83.903,0.344,0.243,0.899,0.764
hdac2,RF-Score-VS@IGN,1.0,NEF,,25.68,82.839,25.68,40,1240,13,10.769,0.993,144.812,0.634,82.839,0.464,0.397,0.899,0.764
hdac2,RF-Score-VS@IGN,5.0,NEF,,10.95,35.323,10.95,40,1240,62,21.9,0.942,16.384,0.757,54.75,0.417,0.406,0.899,0.764
hdac8,RF-Score-VS@IGN,0.5,NEF,,13.22,42.645,13.22,40,1240,7,2.985,0.957,22.306,0.536,42.645,0.168,0.119,0.801,0.44
hdac8,RF-Score-VS@IGN,1.0,NEF,,11.87,38.29,11.87,40,1240,13,4.978,0.949,18.615,0.559,38.29,0.204,0.175,0.801,0.44
hdac8,RF-Score-VS@IGN,5.0,NEF,,7.96,25.677,7.96,40,1240,62,15.92,0.912,10.365,0.68,39.8,0.292,0.284,0.801,0.44
hiv1pr,RF-Score-VS@IGN,0.5,NEF,,18.78,60.581,18.78,40,1240,7,4.241,0.979,46.105,0.552,60.581,0.245,0.173,0.911,0.531
hiv1pr,RF-Score-VS@IGN,1.0,NEF,,17.7,57.097,17.7,40,1240,13,7.423,0.976,39.925,0.59,57.097,0.314,0.269,0.911,0.531
hiv1pr,RF-Score-VS@IGN,5.0,NEF,,11.31,36.484,11.31,40,1240,62,22.62,0.945,17.232,0.766,56.55,0.432,0.421,0.911,0.531
hiv1rt,RF-Score-VS@IGN,0.5,NEF,,4.58,14.774,4.58,40,1240,7,1.034,0.839,5.201,0.51,14.774,0.049,0.035,0.686,0.173
hiv1rt,RF-Score-VS@IGN,1.0,NEF,,2.46,7.935,2.46,40,1240,13,1.032,0.721,2.586,0.508,7.935,0.027,0.023,0.686,0.173
hiv1rt,RF-Score-VS@IGN,5.0,NEF,,4.2,13.548,4.2,40,1240,62,8.4,0.825,4.701,0.583,21.0,0.134,0.131,0.686,0.173
hmgr,RF-Score-VS@IGN,0.5,NEF,,26.51,85.516,26.51,40,1240,7,5.986,0.994,177.127,0.574,85.516,0.351,0.247,0.987,0.999
hmgr,RF-Score-VS@IGN,1.0,NEF,,28.55,92.097,28.55,40,1240,13,11.973,0.997,349.592,0.649,92.097,0.518,0.443,0.987,0.999
hmgr,RF-Score-VS@IGN,5.0,NEF,,19.45,62.742,19.45,40,1240,62,38.9,0.981,50.519,0.977,97.25,0.773,0.753,0.987,0.999
hsp90,RF-Score-VS@IGN,0.5,NEF,,8.67,27.968,8.67,40,1240,7,1.958,0.921,11.648,0.522,27.968,0.106,0.074,0.757,0.223
hsp90,RF-Score-VS@IGN,1.0,NEF,,7.0,22.581,7.0,40,1240,13,2.935,0.897,8.75,0.533,22.581,0.113,0.096,0.757,0.223
hsp90,RF-Score-VS@IGN,5.0,NEF,,3.98,12.839,3.98,40,1240,62,7.96,0.815,4.419,0.577,19.9,0.125,0.122,0.757,0.223
igf1r,RF-Score-VS@IGN,0.5,NEF,,19.86,64.065,19.86,40,1240,7,4.485,0.982,53.483,0.555,64.065,0.259,0.183,0.917,0.473
igf1r,RF-Score-VS@IGN,1.0,NEF,,12.41,40.032,12.41,40,1240,13,5.204,0.952,20.027,0.562,40.032,0.214,0.183,0.917,0.473
igf1r,RF-Score-VS@IGN,5.0,NEF,,9.09,29.323,9.09,40,1240,62,18.18,0.926,12.446,0.709,45.45,0.339,0.33,0.917,0.473
inha,RF-Score-VS@IGN,0.5,NEF,,0.0,0.0,0.0,40,1240,7,0.0,0.0,0.0,0.497,0.0,-0.014,-0.01,0.551,0.005
inha,RF-Score-VS@IGN,1.0,NEF,,0.0,0.0,0.0,40,1240,13,0.0,0.0,0.0,0.495,0.0,-0.019,-0.016,0.551,0.005
inha,RF-Score-VS@IGN,5.0,NEF,,0.49,1.581,0.49,40,1240,62,0.98,0.325,0.482,0.487,2.45,-0.021,-0.021,0.551,0.005
itk,RF-Score-VS@IGN,0.5,NEF,,8.7,28.065,8.7,40,1240,7,1.965,0.921,11.704,0.522,28.065,0.106,0.075,0.664,0.33
itk,RF-Score-VS@IGN,1.0,NEF,,9.37,30.226,9.37,40,1240,13,3.929,0.929,12.996,0.545,30.226,0.157,0.135,0.664,0.33
itk,RF-Score-VS@IGN,5.0,NEF,,6.49,20.935,6.49,40,1240,62,12.98,0.888,7.944,0.642,32.45,0.23,0.224,0.664,0.33
jnk1,RF-Score-VS@IGN,0.5,NEF,,21.0,67.742,21.0,40,1240,7,4.742,0.984,63.0,0.558,67.742,0.275,0.194,0.759,0.494
jnk1,RF-Score-VS@IGN,1.0,NEF,,21.0,67.742,21.0,40,1240,13,8.806,0.984,63.0,0.608,67.742,0.376,0.322,0.759,0.494
jnk1,RF-Score-VS@IGN,5.0,NEF,,7.35,23.71,7.35,40,1240,62,14.7,0.903,9.323,0.664,36.75,0.266,0.259,0.759,0.494
jnk2,RF-Score-VS@IGN,0.5,NEF,,15.01,48.419,15.01,40,1240,7,3.389,0.966,28.161,0.541,48.419,0.193,0.136,0.718,0.325
jnk2,RF-Score-VS@IGN,1.0,NEF,,10.01,32.29,10.01,40,1240,13,4.198,0.935,14.307,0.549,32.29,0.169,0.145,0.718,0.325
jnk2,RF-Score-VS@IGN,5.0,NEF,,7.12,22.968,7.12,40,1240,62,14.24,0.899,8.945,0.658,35.6,0.256,0.25,0.718,0.325
jnk3,RF-Score-VS@IGN,0.5,NEF,,10.75,34.677,10.75,40,1240,7,2.427,0.941,15.926,0.528,34.677,0.134,0.095,0.793,0.356
jnk3,RF-Score-VS@IGN,1.0,NEF,,8.79,28.355,8.79,40,1240,13,3.686,0.922,11.873,0.542,28.355,0.146,0.125,0.793,0.356
jnk3,RF-Score-VS@IGN,5.0,NEF,,8.21,26.484,8.21,40,1240,62,16.42,0.915,10.807,0.686,41.05,0.302,0.294,0.793,0.356
kif11,RF-Score-VS@IGN,0.5,NEF,,30.23,97.516,30.23,40,1240,7,6.826,0.999,1177.792,0.585,97.516,0.402,0.284,0.957,0.841
kif11,RF-Score-VS@IGN,1.0,NEF,,27.9,90.0,27.9,40,1240,13,11.7,0.996,270.0,0.646,90.0,0.506,0.433,0.957,0.841
kif11,RF-Score-VS@IGN,5.0,NEF,,13.87,44.742,13.87,40,1240,62,27.74,0.96,24.291,0.832,69.35,0.539,0.525,0.957,0.841
lck,RF-Score-VS@IGN,0.5,NEF,,21.48,69.29,21.48,40,1240,7,4.85,0.985,67.689,0.56,69.29,0.282,0.199,0.892,0.471
lck,RF-Score-VS@IGN,1.0,NEF,,16.19,52.226,16.19,40,1240,13,6.789,0.97,32.795,0.582,52.226,0.285,0.244,0.892,0.471
lck,RF-Score-VS@IGN,5.0,NEF,,5.92,19.097,5.92,40,1240,62,11.84,0.876,7.081,0.627,29.6,0.206,0.201,0.892,0.471
mdm2,RF-Score-VS@IGN,0.5,NEF,,0.0,0.0,0.0,40,1240,7,0.0,0.0,0.0,0.497,0.0,-0.014,-0.01,0.565,0.037
mdm2,RF-Score-VS@IGN,1.0,NEF,,0.0,0.0,0.0,40,1240,13,0.0,0.0,0.0,0.495,0.0,-0.019,-0.016,0.565,0.037
mdm2,RF-Score-VS@IGN,5.0,NEF,,2.0,6.452,2.0,40,1240,62,4.0,0.674,2.069,0.526,10.0,0.042,0.041,0.565,0.037
mk2,RF-Score-VS@IGN,0.5,NEF,,10.49,33.839,10.49,40,1240,7,2.369,0.939,15.344,0.528,33.839,0.131,0.092,0.728,0.329
mk2,RF-Score-VS@IGN,1.0,NEF,,13.11,42.29,13.11,40,1240,13,5.498,0.956,21.984,0.566,42.29,0.228,0.195,0.728,0.329
mk2,RF-Score-VS@IGN,5.0,NEF,,5.87,18.935,5.87,40,1240,62,11.74,0.875,7.008,0.626,29.35,0.204,0.199,0.728,0.329
mmp2,RF-Score-VS@IGN,0.5,NEF,,8.77,28.29,8.77,40,1240,7,1.98,0.922,11.835,0.523,28.29,0.107,0.075,0.801,0.324
mmp2,RF-Score-VS@IGN,1.0,NEF,,11.81,38.097,11.81,40,1240,13,4.953,0.949,18.463,0.559,38.097,0.203,0.174,0.801,0.324
mmp2,RF-Score-VS@IGN,5.0,NEF,,5.45,17.581,5.45,40,1240,62,10.9,0.865,6.399,0.615,27.25,0.186,0.182,0.801,0.324
na,RF-Score-VS@IGN,0.5,NEF,,30.98,99.935,30.98,40,1240,7,6.995,1.0,46470.0,0.587,99.935,0.412,0.291,0.964,0.822
na,RF-Score-VS@IGN,1.0,NEF,,28.59,92.226,28.59,40,1240,13,11.989,0.997,355.892,0.649,92.226,0.518,0.444,0.964,0.822
na,RF-Score-VS@IGN,5.0,NEF,,12.99,41.903,12.99,40,1240,62,25.98,0.956,21.638,0.81,64.95,0.502,0.489,0.964,0.822
p38-alpha,RF-Score-VS@IGN,0.5,NEF,,8.73,28.161,8.73,40,1240,7,1.971,0.922,11.76,0.523,28.161,0.106,0.075,0.902,0.385
p38-alpha,RF-Score-VS@IGN,1.0,NEF,,7.05,22.742,7.05,40,1240,13,2.956,0.898,8.831,0.533,22.742,0.114,0.097,0.902,0.385
p38-alpha,RF-Score-VS@IGN,5.0,NEF,,10.35,33.387,10.35,40,1240,62,20.7,0.938,15.036,0.742,51.75,0.392,0.382,0.902,0.385
parp-1,RF-Score-VS@IGN,0.5,NEF,,30.13,97.194,30.13,40,1240,7,6.804,0.999,1038.966,0.585,97.194,0.401,0.283,0.854,0.751
parp-1,RF-Score-VS@IGN,1.0,NEF,,25.49,82.226,25.49,40,1240,13,10.689,0.993,138.784,0.633,82.226,0.46,0.394,0.854,0.751
parp-1,RF-Score-VS@IGN,5.0,NEF,,10.37,33.452,10.37,40,1240,62,20.74,0.938,15.08,0.742,51.85,0.392,0.382,0.854,0.751
pde4b,RF-Score-VS@IGN,0.5,NEF,,8.8,28.387,8.8,40,1240,7,1.987,0.922,11.892,0.523,28.387,0.107,0.076,0.75,0.172
pde4b,RF-Score-VS@IGN,1.0,NEF,,4.74,15.29,4.74,40,1240,13,1.988,0.844,5.415,0.52,15.29,0.07,0.06,0.75,0.172
pde4b,RF-Score-VS@IGN,5.0,NEF,,2.48,8.0,2.48,40,1240,62,4.96,0.723,2.609,0.538,12.4,0.062,0.06,0.75,0.172
pde5,RF-Score-VS@IGN,0.5,NEF,,9.22,29.742,9.22,40,1240,7,2.082,0.927,12.7,0.524,29.742,0.113,0.08,0.865,0.299
pde5,RF-Score-VS@IGN,1.0,NEF,,9.93,32.032,9.93,40,1240,13,4.164,0.934,14.139,0.548,32.032,0.168,0.144,0.865,0.299
pde5,RF-Score-VS@IGN,5.0,NEF,,7.81,25.194,7.81,40,1240,62,15.62,0.91,10.103,0.676,39.05,0.285,0.278,0.865,0.299
pi3kg,RF-Score-VS@IGN,0.5,NEF,,13.3,42.903,13.3,40,1240,7,3.003,0.958,22.542,0.536,42.903,0.169,0.119,0.753,0.272
pi3kg,RF-Score-VS@IGN,1.0,NEF,,9.55,30.806,9.55,40,1240,13,4.005,0.93,13.357,0.546,30.806,0.161,0.137,0.753,0.272
pi3kg,RF-Score-VS@IGN,5.0,NEF,,3.56,11.484,3.56,40,1240,62,7.12,0.796,3.892,0.566,17.8,0.107,0.104,0.753,0.272
pim-1,RF-Score-VS@IGN,0.5,NEF,,0.0,0.0,0.0,40,1240,7,0.0,0.0,0.0,0.497,0.0,-0.014,-0.01,0.514,0.007
pim-1,RF-Score-VS@IGN,1.0,NEF,,0.0,0.0,0.0,40,1240,13,0.0,0.0,0.0,0.495,0.0,-0.019,-0.016,0.514,0.007
pim-1,RF-Score-VS@IGN,5.0,NEF,,0.99,3.194,0.99,40,1240,62,1.98,0.497,0.99,0.5,4.95,-0.0,-0.0,0.514,0.007
pim-2,RF-Score-VS@IGN,0.5,NEF,,0.0,0.0,0.0,40,1240,7,0.0,0.0,0.0,0.497,0.0,-0.014,-0.01,0.421,0.005
pim-2,RF-Score-VS@IGN,1.0,NEF,,0.0,0.0,0.0,40,1240,13,0.0,0.0,0.0,0.495,0.0,-0.019,-0.016,0.421,0.005
pim-2,RF-Score-VS@IGN,5.0,NEF,,0.51,1.645,0.51,40,1240,62,1.02,0.334,0.502,0.487,2.55,-0.021,-0.02,0.421,0.005
pnp,RF-Score-VS@IGN,0.5,NEF,,26.4,85.161,26.4,40,1240,7,5.961,0.994,172.174,0.574,85.161,0.349,0.246,0.86,0.619
pnp,RF-Score-VS@IGN,1.0,NEF,,23.69,76.419,23.69,40,1240,13,9.935,0.99,97.223,0.623,76.419,0.426,0.365,0.86,0.619
pnp,RF-Score-VS@IGN,5.0,NEF,,9.44,30.452,9.44,40,1240,62,18.88,0.929,13.135,0.718,47.2,0.354,0.344,0.86,0.619
ppara,RF-Score-VS@IGN,0.5,NEF,,24.96,80.516,24.96,40,1240,7,5.636,0.992,123.974,0.57,80.516,0.33,0.232,0.891,0.602
ppara,RF-Score-VS@IGN,1.0,NEF,,17.47,56.355,17.47,40,1240,13,7.326,0.975,38.736,0.589,56.355,0.31,0.265,0.891,0.602
ppara,RF-Score-VS@IGN,5.0,NEF,,9.98,32.194,9.98,40,1240,62,19.96,0.934,14.244,0.732,49.9,0.376,0.367,0.891,0.602
pparg,RF-Score-VS@IGN,0.5,NEF,,14.25,45.968,14.25,40,1240,7,3.218,0.962,25.522,0.539,45.968,0.182,0.129,0.825,0.494
pparg,RF-Score-VS@IGN,1.0,NEF,,14.25,45.968,14.25,40,1240,13,5.976,0.962,25.522,0.572,45.968,0.249,0.213,0.825,0.494
pparg,RF-Score-VS@IGN,5.0,NEF,,9.0,29.032,9.0,40,1240,62,18.0,0.925,12.273,0.707,45.0,0.335,0.327,0.825,0.494
pr,RF-Score-VS@IGN,0.5,NEF,,4.9,15.806,4.9,40,1240,7,1.106,0.849,5.632,0.511,15.806,0.054,0.038,0.799,0.119
pr,RF-Score-VS@IGN,1.0,NEF,,2.67,8.613,2.67,40,1240,13,1.12,0.739,2.827,0.509,8.613,0.031,0.027,0.799,0.119
pr,RF-Score-VS@IGN,5.0,NEF,,3.39,10.935,3.39,40,1240,62,6.78,0.786,3.683,0.562,16.95,0.1,0.098,0.799,0.119
prkcq,RF-Score-VS@IGN,0.5,NEF,,21.05,67.903,21.05,40,1240,7,4.753,0.984,63.467,0.558,67.903,0.276,0.195,0.867,0.582
prkcq,RF-Score-VS@IGN,1.0,NEF,,15.79,50.935,15.79,40,1240,13,6.622,0.969,31.144,0.58,50.935,0.278,0.238,0.867,0.582
prkcq,RF-Score-VS@IGN,5.0,NEF,,9.47,30.548,9.47,40,1240,62,18.94,0.93,13.196,0.719,47.35,0.355,0.346,0.867,0.582
pygl-in,RF-Score-VS@IGN,0.5,NEF,,0.0,0.0,0.0,40,1240,7,0.0,0.0,0.0,0.497,0.0,-0.014,-0.01,0.346,0.0
pygl-in,RF-Score-VS@IGN,1.0,NEF,,0.0,0.0,0.0,40,1240,13,0.0,0.0,0.0,0.495,0.0,-0.019,-0.016,0.346,0.0
pygl-in,RF-Score-VS@IGN,5.0,NEF,,0.0,0.0,0.0,40,1240,62,0.0,0.0,0.0,0.474,0.0,-0.042,-0.041,0.346,0.0
pygl-out,RF-Score-VS@IGN,0.5,NEF,,4.41,14.226,4.41,40,1240,7,0.996,0.833,4.976,0.51,14.226,0.047,0.033,0.767,0.154
pygl-out,RF-Score-VS@IGN,1.0,NEF,,4.75,15.323,4.75,40,1240,13,1.992,0.844,5.429,0.52,15.323,0.07,0.06,0.767,0.154
pygl-out,RF-Score-VS@IGN,5.0,NEF,,3.49,11.258,3.49,40,1240,62,6.98,0.792,3.806,0.564,17.45,0.104,0.102,0.767,0.154
qpct,RF-Score-VS@IGN,0.5,NEF,,0.0,0.0,0.0,40,1240,7,0.0,0.0,0.0,0.497,0.0,-0.014,-0.01,0.363,0.0
qpct,RF-Score-VS@IGN,1.0,NEF,,0.0,0.0,0.0,40,1240,13,0.0,0.0,0.0,0.495,0.0,-0.019,-0.016,0.363,0.0
qpct,RF-Score-VS@IGN,5.0,NEF,,0.0,0.0,0.0,40,1240,62,0.0,0.0,0.0,0.474,0.0,-0.042,-0.041,0.363,0.0
rock-1,RF-Score-VS@IGN,0.5,NEF,,21.54,69.484,21.54,40,1240,7,4.864,0.986,68.309,0.56,69.484,0.283,0.199,0.844,0.585
rock-1,RF-Score-VS@IGN,1.0,NEF,,16.23,52.355,16.23,40,1240,13,6.806,0.971,32.965,0.582,52.355,0.286,0.245,0.844,0.585
rock-1,RF-Score-VS@IGN,5.0,NEF,,9.89,31.903,9.89,40,1240,62,19.78,0.934,14.055,0.73,49.45,0.372,0.363,0.844,0.585
rxr,RF-Score-VS@IGN,0.5,NEF,,25.92,83.613,25.92,40,1240,7,5.853,0.994,153.071,0.573,83.613,0.343,0.242,0.991,1.035
rxr,RF-Score-VS@IGN,1.0,NEF,,25.92,83.613,25.92,40,1240,13,10.87,0.994,153.071,0.635,83.613,0.468,0.401,0.991,1.035
rxr,RF-Score-VS@IGN,5.0,NEF,,17.82,57.484,17.82,40,1240,62,35.64,0.976,40.561,0.935,89.1,0.705,0.687,0.991,1.035
sars-hcov,RF-Score-VS@IGN,0.5,NEF,,0.0,0.0,0.0,39,1209,7,0.0,0.0,0.0,0.497,0.0,-0.014,-0.01,0.493,0.029
sars-hcov,RF-Score-VS@IGN,1.0,NEF,,0.0,0.0,0.0,39,1209,13,0.0,0.0,0.0,0.494,0.0,-0.019,-0.016,0.493,0.029
sars-hcov,RF-Score-VS@IGN,5.0,NEF,,1.52,4.903,1.52,39,1209,61,2.991,0.607,1.547,0.514,7.669,0.022,0.021,0.493,0.029
sirt2,RF-Score-VS@IGN,0.5,NEF,,0.0,0.0,0.0,40,1240,7,0.0,0.0,0.0,0.497,0.0,-0.014,-0.01,0.468,0.002
sirt2,RF-Score-VS@IGN,1.0,NEF,,0.0,0.0,0.0,40,1240,13,0.0,0.0,0.0,0.495,0.0,-0.019,-0.016,0.468,0.002
sirt2,RF-Score-VS@IGN,5.0,NEF,,0.49,1.581,0.49,40,1240,62,0.98,0.325,0.482,0.487,2.45,-0.021,-0.021,0.468,0.002
src,RF-Score-VS@IGN,0.5,NEF,,8.87,28.613,8.87,40,1240,7,2.003,0.923,12.024,0.523,28.613,0.108,0.076,0.739,0.262
src,RF-Score-VS@IGN,1.0,NEF,,7.17,23.129,7.17,40,1240,13,3.007,0.9,9.026,0.533,23.129,0.116,0.099,0.739,0.262
src,RF-Score-VS@IGN,5.0,NEF,,5.6,18.065,5.6,40,1240,62,11.2,0.869,6.614,0.619,28.0,0.193,0.188,0.739,0.262
thrombin,RF-Score-VS@IGN,0.5,NEF,,22.74,73.355,22.74,40,1240,7,5.135,0.988,82.591,0.563,73.355,0.299,0.211,0.83,0.617
thrombin,RF-Score-VS@IGN,1.0,NEF,,22.04,71.097,22.04,40,1240,13,9.243,0.987,73.795,0.614,71.097,0.395,0.338,0.83,0.617
thrombin,RF-Score-VS@IGN,5.0,NEF,,10.44,33.677,10.44,40,1240,62,20.88,0.938,15.233,0.744,52.2,0.395,0.385,0.83,0.617
tie2,RF-Score-VS@IGN,0.5,NEF,,9.98,32.194,9.98,40,1240,7,2.254,0.934,14.244,0.526,32.194,0.124,0.087,0.72,0.259
tie2,RF-Score-VS@IGN,1.0,NEF,,9.98,32.194,9.98,40,1240,13,4.185,0.934,14.244,0.549,32.194,0.169,0.144,0.72,0.259
tie2,RF-Score-VS@IGN,5.0,NEF,,3.49,11.258,3.49,40,1240,62,6.98,0.792,3.806,0.564,17.45,0.104,0.102,0.72,0.259
tk,RF-Score-VS@IGN,0.5,NEF,,22.58,72.839,22.58,40,1240,7,5.099,0.988,80.451,0.563,72.839,0.297,0.209,0.779,0.559
tk,RF-Score-VS@IGN,1.0,NEF,,21.89,70.613,21.89,40,1240,13,9.18,0.986,72.086,0.613,70.613,0.393,0.336,0.779,0.559
tk,RF-Score-VS@IGN,5.0,NEF,,9.69,31.258,9.69,40,1240,62,19.38,0.932,13.641,0.724,48.45,0.364,0.355,0.779,0.559
tp,RF-Score-VS@IGN,0.5,NEF,,0.0,0.0,0.0,40,1240,7,0.0,0.0,0.0,0.497,0.0,-0.014,-0.01,0.329,0.007
tp,RF-Score-VS@IGN,1.0,NEF,,0.0,0.0,0.0,40,1240,13,0.0,0.0,0.0,0.495,0.0,-0.019,-0.016,0.329,0.007
tp,RF-Score-VS@IGN,5.0,NEF,,0.64,2.065,0.64,40,1240,62,1.28,0.387,0.632,0.491,3.2,-0.015,-0.015,0.329,0.007
tpa,RF-Score-VS@IGN,0.5,NEF,,25.46,82.129,25.46,40,1240,7,5.749,0.993,137.87,0.571,82.129,0.336,0.237,0.743,0.649
tpa,RF-Score-VS@IGN,1.0,NEF,,22.91,73.903,22.91,40,1240,13,9.607,0.988,84.957,0.619,73.903,0.412,0.352,0.743,0.649
tpa,RF-Score-VS@IGN,5.0,NEF,,7.77,25.065,7.77,40,1240,62,15.54,0.909,10.034,0.675,38.85,0.284,0.276,0.743,0.649
ts,RF-Score-VS@IGN,0.5,NEF,,0.0,0.0,0.0,40,1239,7,0.0,0.0,0.0,0.497,0.0,-0.014,-0.01,0.62,0.025
ts,RF-Score-VS@IGN,1.0,NEF,,0.0,0.0,0.0,40,1239,13,0.0,0.0,0.0,0.495,0.0,-0.019,-0.016,0.62,0.025
ts,RF-Score-VS@IGN,5.0,NEF,,1.5,4.843,1.5,40,1239,62,3.002,0.604,1.525,0.513,7.506,0.021,0.02,0.62,0.025
upa,RF-Score-VS@IGN,0.5,NEF,,24.92,80.387,24.92,40,1240,7,5.627,0.992,122.961,0.57,80.387,0.329,0.232,0.68,0.664
upa,RF-Score-VS@IGN,1.0,NEF,,22.43,72.355,22.43,40,1240,13,9.406,0.987,78.518,0.616,72.355,0.403,0.345,0.68,0.664
upa,RF-Score-VS@IGN,5.0,NEF,,8.47,27.323,8.47,40,1240,62,16.94,0.919,11.278,0.693,42.35,0.313,0.305,0.68,0.664
vegfr1,RF-Score-VS@IGN,0.5,NEF,,19.96,64.387,19.96,40,1240,7,4.507,0.982,54.239,0.555,64.387,0.261,0.184,0.816,0.483
vegfr1,RF-Score-VS@IGN,1.0,NEF,,12.48,40.258,12.48,40,1240,13,5.234,0.953,20.216,0.562,40.258,0.216,0.185,0.816,0.483
vegfr1,RF-Score-VS@IGN,5.0,NEF,,8.41,27.129,8.41,40,1240,62,16.82,0.918,11.169,0.691,42.05,0.31,0.302,0.816,0.483
vegfr2,RF-Score-VS@IGN,0.5,NEF,,4.47,14.419,4.47,40,1240,7,1.009,0.835,5.055,0.51,14.419,0.048,0.034,0.744,0.131
vegfr2,RF-Score-VS@IGN,1.0,NEF,,4.81,15.516,4.81,40,1240,13,2.017,0.846,5.51,0.521,15.516,0.072,0.061,0.744,0.131
vegfr2,RF-Score-VS@IGN,5.0,NEF,,3.59,11.581,3.59,40,1240,62,7.18,0.797,3.929,0.567,17.95,0.108,0.106,0.744,0.131
11betahsd1,RTMScore/GlideSP,0.5,NEF,,0.0,0.0,0.0,40,1240,7,0.0,0.0,0.0,0.497,0.0,-0.014,-0.01,0.662,0.004
11betahsd1,RTMScore/GlideSP,1.0,NEF,,0.0,0.0,0.0,40,1240,13,0.0,0.0,0.0,0.495,0.0,-0.019,-0.016,0.662,0.004
11betahsd1,RTMScore/GlideSP,5.0,NEF,,0.497,1.603,0.497,40,1240,62,0.994,0.328,0.489,0.487,2.485,-0.021,-0.021,0.662,0.004
17betahsd1,RTMScore/GlideSP,0.5,NEF,,0.0,0.0,0.0,40,1240,7,0.0,0.0,0.0,0.497,0.0,-0.014,-0.01,0.503,0.03
17betahsd1,RTMScore/GlideSP,1.0,NEF,,0.0,0.0,0.0,40,1240,13,0.0,0.0,0.0,0.495,0.0,-0.019,-0.016,0.503,0.03
17betahsd1,RTMScore/GlideSP,5.0,NEF,,0.99,3.194,0.99,40,1240,62,1.98,0.497,0.99,0.5,4.95,-0.0,-0.0,0.503,0.03
a2a,RTMScore/GlideSP,0.5,NEF,,30.525,98.468,30.525,40,1240,7,6.893,0.999,1927.895,0.586,98.468,0.406,0.286,0.775,0.602
a2a,RTMScore/GlideSP,1.0,NEF,,23.481,75.745,23.481,40,1240,13,9.847,0.989,93.687,0.622,75.745,0.422,0.361,0.775,0.602
a2a,RTMScore/GlideSP,5.0,NEF,,7.385,23.823,7.385,40,1240,62,14.77,0.904,9.382,0.665,36.925,0.267,0.261,0.775,0.602
ace,RTMScore/GlideSP,0.5,NEF,,30.9,99.677,30.9,40,1240,7,6.977,1.0,9270.0,0.587,99.677,0.411,0.29,0.884,0.909
ace,RTMScore/GlideSP,1.0,NEF,,30.9,99.677,30.9,40,1240,13,12.958,1.0,9270.0,0.662,99.677,0.562,0.481,0.884,0.909
ace,RTMScore/GlideSP,5.0,NEF,,13.456,43.406,13.456,40,1240,62,26.912,0.958,23.01,0.822,67.28,0.522,0.508,0.884,0.909
ace2,RTMScore/GlideSP,0.5,NEF,,26.55,85.645,26.55,40,1240,7,5.995,0.994,178.989,0.575,85.645,0.351,0.248,0.91,0.464
ace2,RTMScore/GlideSP,1.0,NEF,,16.679,53.803,16.679,40,1240,13,6.994,0.972,34.94,0.585,53.803,0.295,0.252,0.91,0.464
ace2,RTMScore/GlideSP,5.0,NEF,,6.994,22.561,6.994,40,1240,62,13.988,0.897,8.74,0.655,34.97,0.251,0.245,0.91,0.464
ache,RTMScore/GlideSP,0.5,NEF,,0.0,0.0,0.0,40,1240,7,0.0,0.0,0.0,0.497,0.0,-0.014,-0.01,0.545,0.001
ache,RTMScore/GlideSP,1.0,NEF,,0.0,0.0,0.0,40,1240,13,0.0,0.0,0.0,0.495,0.0,-0.019,-0.016,0.545,0.001
ache,RTMScore/GlideSP,5.0,NEF,,0.0,0.0,0.0,40,1240,62,0.0,0.0,0.0,0.474,0.0,-0.042,-0.041,0.545,0.001
adam17,RTMScore/GlideSP,0.5,NEF,,30.75,99.194,30.75,40,1240,7,6.944,1.0,3690.0,0.587,99.194,0.409,0.289,0.903,0.881
adam17,RTMScore/GlideSP,1.0,NEF,,30.75,99.194,30.75,40,1240,13,12.895,1.0,3690.0,0.661,99.194,0.559,0.478,0.903,0.881
adam17,RTMScore/GlideSP,5.0,NEF,,12.895,41.597,12.895,40,1240,62,25.79,0.955,21.367,0.807,64.475,0.498,0.486,0.903,0.881
adrb2,RTMScore/GlideSP,0.5,NEF,,4.737,15.281,4.737,40,1240,7,1.07,0.844,5.411,0.511,15.281,0.051,0.036,0.628,0.115
adrb2,RTMScore/GlideSP,1.0,NEF,,2.369,7.642,2.369,40,1240,13,0.993,0.713,2.482,0.507,7.642,0.026,0.022,0.628,0.115
adrb2,RTMScore/GlideSP,5.0,NEF,,2.992,9.652,2.992,40,1240,62,5.984,0.762,3.205,0.551,14.96,0.083,0.081,0.628,0.115
akt1,RTMScore/GlideSP,0.5,NEF,,25.192,81.265,25.192,40,1240,7,5.689,0.992,130.124,0.571,81.265,0.333,0.235,0.695,0.481
akt1,RTMScore/GlideSP,1.0,NEF,,15.115,48.758,15.115,40,1240,13,6.339,0.966,28.546,0.576,48.758,0.265,0.227,0.695,0.481
akt1,RTMScore/GlideSP,5.0,NEF,,8.198,26.445,8.198,40,1240,62,16.396,0.915,10.786,0.686,40.99,0.301,0.294,0.695,0.481
alr2,RTMScore/GlideSP,0.5,NEF,,13.157,42.442,13.157,40,1240,7,2.971,0.957,22.121,0.535,42.442,0.167,0.118,0.588,0.286
alr2,RTMScore/GlideSP,1.0,NEF,,7.085,22.855,7.085,40,1240,13,2.971,0.899,8.888,0.533,22.855,0.114,0.098,0.588,0.286
alr2,RTMScore/GlideSP,5.0,NEF,,4.952,15.974,4.952,40,1240,62,9.904,0.851,5.703,0.602,24.76,0.166,0.161,0.588,0.286
ar,RTMScore/GlideSP,0.5,NEF,,23.556,75.987,23.556,40,1240,7,5.319,0.99,94.933,0.566,75.987,0.31,0.219,0.933,0.944
ar,RTMScore/GlideSP,1.0,NEF,,23.556,75.987,23.556,40,1240,13,9.878,0.99,94.933,0.622,75.987,0.424,0.363,0.933,0.944
ar,RTMScore/GlideSP,5.0,NEF,,12.514,40.368,12.514,40,1240,62,25.028,0.953,20.308,0.797,62.57,0.482,0.47,0.933,0.944
aurka,RTMScore/GlideSP,0.5,NEF,,31.051,100.165,31.051,40,1240,7,7.012,1.0,inf,0.588,100.0,0.413,0.292,0.929,0.921
aurka,RTMScore/GlideSP,1.0,NEF,,31.051,100.165,31.051,40,1240,13,13.021,1.0,inf,0.663,100.0,0.565,0.483,0.929,0.921
aurka,RTMScore/GlideSP,5.0,NEF,,13.744,44.335,13.744,40,1240,62,27.488,0.96,23.894,0.829,68.72,0.534,0.52,0.929,0.921
aurkb,RTMScore/GlideSP,0.5,NEF,,30.325,97.823,30.325,40,1240,7,6.848,0.999,1347.778,0.586,97.823,0.403,0.285,0.902,0.872
aurkb,RTMScore/GlideSP,1.0,NEF,,27.992,90.297,27.992,40,1240,13,11.739,0.996,279.176,0.646,90.297,0.507,0.434,0.902,0.872
aurkb,RTMScore/GlideSP,5.0,NEF,,13.423,43.3,13.423,40,1240,62,26.846,0.958,22.91,0.821,67.115,0.52,0.507,0.902,0.872
bcl2,RTMScore/GlideSP,0.5,NEF,,4.339,13.997,4.339,40,1240,7,0.98,0.83,4.882,0.51,13.997,0.046,0.032,0.58,0.084
bcl2,RTMScore/GlideSP,1.0,NEF,,2.337,7.539,2.337,40,1240,13,0.98,0.71,2.446,0.507,7.539,0.025,0.021,0.58,0.084
bcl2,RTMScore/GlideSP,5.0,NEF,,0.996,3.213,0.996,40,1240,62,1.992,0.499,0.996,0.5,4.98,-0.0,-0.0,0.58,0.084
braf,RTMScore/GlideSP,0.5,NEF,,17.67,57.0,17.67,40,1240,7,3.99,0.975,39.767,0.549,57.0,0.229,0.162,0.89,0.429
braf,RTMScore/GlideSP,1.0,NEF,,11.893,38.365,11.893,40,1240,13,4.987,0.949,18.673,0.559,38.365,0.205,0.175,0.89,0.429
braf,RTMScore/GlideSP,5.0,NEF,,9.125,29.435,9.125,40,1240,62,18.25,0.926,12.514,0.71,45.625,0.34,0.332,0.89,0.429
catl,RTMScore/GlideSP,0.5,NEF,,0.0,0.0,0.0,40,1240,7,0.0,0.0,0.0,0.497,0.0,-0.014,-0.01,0.68,0.112
catl,RTMScore/GlideSP,1.0,NEF,,2.369,7.642,2.369,40,1240,13,0.993,0.713,2.482,0.507,7.642,0.026,0.022,0.68,0.112
catl,RTMScore/GlideSP,5.0,NEF,,2.981,9.616,2.981,40,1240,62,5.962,0.761,3.192,0.551,14.905,0.083,0.081,0.68,0.112
cdk2,RTMScore/GlideSP,0.5,NEF,,20.496,66.116,20.496,40,1240,7,4.628,0.983,58.538,0.557,66.116,0.268,0.189,0.859,0.636
cdk2,RTMScore/GlideSP,1.0,NEF,,20.496,66.116,20.496,40,1240,13,8.595,0.983,58.538,0.606,66.116,0.366,0.313,0.859,0.636
cdk2,RTMScore/GlideSP,5.0,NEF,,10.76,34.71,10.76,40,1240,62,21.52,0.941,15.949,0.752,53.8,0.409,0.398,0.859,0.636
cox1,RTMScore/GlideSP,0.5,NEF,,19.179,61.868,19.179,40,1240,7,4.331,0.98,48.674,0.553,61.868,0.25,0.176,0.7,0.448
cox1,RTMScore/GlideSP,1.0,NEF,,16.782,54.135,16.782,40,1240,13,7.038,0.973,35.41,0.585,54.135,0.297,0.254,0.7,0.448
cox1,RTMScore/GlideSP,5.0,NEF,,5.552,17.91,5.552,40,1240,62,11.104,0.867,6.545,0.618,27.76,0.191,0.186,0.7,0.448
cox2,RTMScore/GlideSP,0.5,NEF,,13.849,44.674,13.849,40,1240,7,3.127,0.96,24.224,0.537,44.674,0.177,0.125,0.909,0.794
cox2,RTMScore/GlideSP,1.0,NEF,,17.952,57.91,17.952,40,1240,13,7.528,0.976,41.275,0.592,57.91,0.319,0.273,0.909,0.794
cox2,RTMScore/GlideSP,5.0,NEF,,12.346,39.826,12.346,40,1240,62,24.692,0.952,19.855,0.793,61.73,0.475,0.463,0.909,0.794
ctsk,RTMScore/GlideSP,0.5,NEF,,21.964,70.852,21.964,40,1240,7,4.96,0.986,72.922,0.561,70.852,0.288,0.203,0.722,0.391
ctsk,RTMScore/GlideSP,1.0,NEF,,11.827,38.152,11.827,40,1240,13,4.96,0.949,18.506,0.559,38.152,0.203,0.174,0.722,0.391
ctsk,RTMScore/GlideSP,5.0,NEF,,4.96,16.0,4.96,40,1240,62,9.92,0.851,5.714,0.602,24.8,0.166,0.162,0.722,0.391
cyp2a6,RTMScore/GlideSP,0.5,NEF,,0.0,0.0,0.0,40,1240,7,0.0,0.0,0.0,0.497,0.0,-0.014,-0.01,0.571,0.001
cyp2a6,RTMScore/GlideSP,1.0,NEF,,0.0,0.0,0.0,40,1240,13,0.0,0.0,0.0,0.495,0.0,-0.019,-0.016,0.571,0.001
cyp2a6,RTMScore/GlideSP,5.0,NEF,,0.0,0.0,0.0,40,1240,62,0.0,0.0,0.0,0.474,0.0,-0.042,-0.041,0.571,0.001
dhfr,RTMScore/GlideSP,0.5,NEF,,30.425,98.145,30.425,40,1240,7,6.87,0.999,1587.391,0.586,98.145,0.405,0.285,0.83,0.788
dhfr,RTMScore/GlideSP,1.0,NEF,,28.085,90.597,28.085,40,1240,13,11.778,0.997,289.039,0.647,90.597,0.509,0.436,0.83,0.788
dhfr,RTMScore/GlideSP,5.0,NEF,,11.472,37.006,11.472,40,1240,62,22.944,0.946,17.624,0.771,57.36,0.439,0.427,0.83,0.788
egfr,RTMScore/GlideSP,0.5,NEF,,26.462,85.361,26.462,40,1240,7,5.975,0.994,174.936,0.574,85.361,0.35,0.247,0.813,0.672
egfr,RTMScore/GlideSP,1.0,NEF,,21.373,68.945,21.373,40,1240,13,8.963,0.985,66.603,0.61,68.945,0.383,0.328,0.813,0.672
egfr,RTMScore/GlideSP,5.0,NEF,,9.11,29.387,9.11,40,1240,62,18.22,0.926,12.485,0.71,45.55,0.34,0.331,0.813,0.672
ephb4,RTMScore/GlideSP,0.5,NEF,,31.179,100.577,31.179,40,1240,7,7.04,1.0,inf,0.588,100.0,0.415,0.293,0.841,0.737
ephb4,RTMScore/GlideSP,1.0,NEF,,28.781,92.842,28.781,40,1240,13,12.069,0.997,389.108,0.65,92.842,0.522,0.447,0.841,0.737
ephb4,RTMScore/GlideSP,5.0,NEF,,9.201,29.681,9.201,40,1240,62,18.402,0.927,12.663,0.712,46.005,0.344,0.335,0.841,0.737
erbb2,RTMScore/GlideSP,0.5,NEF,,29.425,94.919,29.425,40,1240,7,6.644,0.998,560.476,0.583,94.919,0.391,0.276,0.993,1.051
erbb2,RTMScore/GlideSP,1.0,NEF,,29.425,94.919,29.425,40,1240,13,12.34,0.998,560.476,0.654,94.919,0.534,0.457,0.993,1.051
erbb2,RTMScore/GlideSP,5.0,NEF,,19.45,62.742,19.45,40,1240,62,38.9,0.981,50.519,0.977,97.25,0.773,0.753,0.993,1.051
er-beta,RTMScore/GlideSP,0.5,NEF,,28.448,91.768,28.448,40,1240,7,6.424,0.997,334.42,0.58,91.768,0.378,0.266,0.909,0.902
er-beta,RTMScore/GlideSP,1.0,NEF,,28.448,91.768,28.448,40,1240,13,11.93,0.997,334.42,0.649,91.768,0.516,0.441,0.909,0.902
er-beta,RTMScore/GlideSP,5.0,NEF,,11.515,37.145,11.515,40,1240,62,23.03,0.947,17.729,0.772,57.575,0.44,0.429,0.909,0.902
fgfr1,RTMScore/GlideSP,0.5,NEF,,30.333,97.848,30.333,40,1240,7,6.849,0.999,1364.303,0.586,97.848,0.404,0.285,0.9,0.779
fgfr1,RTMScore/GlideSP,1.0,NEF,,30.333,97.848,30.333,40,1240,13,12.72,0.999,1364.303,0.659,97.848,0.551,0.472,0.9,0.779
fgfr1,RTMScore/GlideSP,5.0,NEF,,10.617,34.248,10.617,40,1240,62,21.234,0.94,15.626,0.748,53.085,0.403,0.393,0.9,0.779
fkbp1a,RTMScore/GlideSP,0.5,NEF,,32.342,104.329,32.342,40,1240,7,7.303,1.001,inf,0.591,100.0,0.431,0.304,0.692,0.789
fkbp1a,RTMScore/GlideSP,1.0,NEF,,29.854,96.303,29.854,40,1240,13,12.519,0.999,781.518,0.656,96.303,0.542,0.464,0.692,0.789
fkbp1a,RTMScore/GlideSP,5.0,NEF,,9.911,31.971,9.911,40,1240,62,19.822,0.934,14.099,0.73,49.555,0.373,0.364,0.692,0.789
fxa,RTMScore/GlideSP,0.5,NEF,,30.538,98.51,30.538,40,1240,7,6.896,0.999,1982.987,0.586,98.51,0.406,0.287,0.878,0.875
fxa,RTMScore/GlideSP,1.0,NEF,,27.994,90.303,27.994,40,1240,13,11.739,0.996,279.381,0.646,90.303,0.507,0.434,0.878,0.875
fxa,RTMScore/GlideSP,5.0,NEF,,12.724,41.045,12.724,40,1240,62,25.448,0.954,20.886,0.803,63.62,0.491,0.479,0.878,0.875
gba,RTMScore/GlideSP,0.5,NEF,,8.821,28.455,8.821,40,1240,7,1.992,0.923,11.932,0.523,28.455,0.108,0.076,0.425,0.166
gba,RTMScore/GlideSP,1.0,NEF,,4.75,15.323,4.75,40,1240,13,1.992,0.844,5.429,0.52,15.323,0.07,0.06,0.425,0.166
gba,RTMScore/GlideSP,5.0,NEF,,1.992,6.426,1.992,40,1240,62,3.984,0.673,2.06,0.526,9.96,0.042,0.04,0.425,0.166
gr,RTMScore/GlideSP,0.5,NEF,,17.443,56.268,17.443,40,1240,7,3.939,0.975,38.599,0.548,56.268,0.226,0.16,0.523,0.252
gr,RTMScore/GlideSP,1.0,NEF,,9.392,30.297,9.392,40,1240,13,3.939,0.929,13.04,0.545,30.297,0.158,0.135,0.523,0.252
gr,RTMScore/GlideSP,5.0,NEF,,1.969,6.352,1.969,40,1240,62,3.938,0.67,2.035,0.525,9.845,0.041,0.04,0.523,0.252
gsk3b,RTMScore/GlideSP,0.5,NEF,,26.418,85.219,26.418,40,1240,7,5.965,0.994,172.968,0.574,85.219,0.35,0.247,0.861,0.661
gsk3b,RTMScore/GlideSP,1.0,NEF,,23.708,76.477,23.708,40,1240,13,9.942,0.99,97.537,0.623,76.477,0.427,0.365,0.861,0.661
gsk3b,RTMScore/GlideSP,5.0,NEF,,8.084,26.077,8.084,40,1240,62,16.168,0.914,10.583,0.683,40.42,0.297,0.289,0.861,0.661
hdac2,RTMScore/GlideSP,0.5,NEF,,12.921,41.681,12.921,40,1240,7,2.918,0.955,21.441,0.535,41.681,0.164,0.116,0.729,0.264
hdac2,RTMScore/GlideSP,1.0,NEF,,9.277,29.926,9.277,40,1240,13,3.89,0.928,12.812,0.545,29.926,0.156,0.133,0.729,0.264
hdac2,RTMScore/GlideSP,5.0,NEF,,3.46,11.161,3.46,40,1240,62,6.92,0.79,3.769,0.564,17.3,0.103,0.1,0.729,0.264
hdac8,RTMScore/GlideSP,0.5,NEF,,0.0,0.0,0.0,40,1240,7,0.0,0.0,0.0,0.497,0.0,-0.014,-0.01,0.54,0.0
hdac8,RTMScore/GlideSP,1.0,NEF,,0.0,0.0,0.0,40,1240,13,0.0,0.0,0.0,0.495,0.0,-0.019,-0.016,0.54,0.0
hdac8,RTMScore/GlideSP,5.0,NEF,,0.0,0.0,0.0,40,1240,62,0.0,0.0,0.0,0.474,0.0,-0.042,-0.041,0.54,0.0
hiv1pr,RTMScore/GlideSP,0.5,NEF,,34.457,111.152,34.457,40,1240,7,7.781,1.003,inf,0.598,100.0,0.46,0.325,0.781,0.752
hiv1pr,RTMScore/GlideSP,1.0,NEF,,31.807,102.603,31.807,40,1240,13,13.338,1.001,inf,0.667,100.0,0.579,0.495,0.781,0.752
hiv1pr,RTMScore/GlideSP,5.0,NEF,,10.733,34.623,10.733,40,1240,62,21.466,0.941,15.887,0.751,53.665,0.408,0.397,0.781,0.752
hiv1rt,RTMScore/GlideSP,0.5,NEF,,14.085,45.435,14.085,40,1240,7,3.18,0.962,24.981,0.538,45.435,0.18,0.127,0.683,0.282
hiv1rt,RTMScore/GlideSP,1.0,NEF,,10.112,32.619,10.112,40,1240,13,4.241,0.936,14.523,0.549,32.619,0.171,0.147,0.683,0.282
hiv1rt,RTMScore/GlideSP,5.0,NEF,,3.771,12.165,3.771,40,1240,62,7.542,0.806,4.155,0.572,18.855,0.116,0.113,0.683,0.282
hmgr,RTMScore/GlideSP,0.5,NEF,,30.9,99.677,30.9,40,1240,7,6.977,1.0,9270.0,0.587,99.677,0.411,0.29,0.987,1.037
hmgr,RTMScore/GlideSP,1.0,NEF,,30.9,99.677,30.9,40,1240,13,12.958,1.0,9270.0,0.662,99.677,0.562,0.481,0.987,1.037
hmgr,RTMScore/GlideSP,5.0,NEF,,18.44,59.484,18.44,40,1240,62,36.88,0.978,44.045,0.951,92.2,0.73,0.712,0.987,1.037
hsp90,RTMScore/GlideSP,0.5,NEF,,30.325,97.823,30.325,40,1240,7,6.848,0.999,1347.778,0.586,97.823,0.403,0.285,0.77,0.683
hsp90,RTMScore/GlideSP,1.0,NEF,,23.327,75.248,23.327,40,1240,13,9.782,0.989,91.204,0.621,75.248,0.42,0.359,0.77,0.683
hsp90,RTMScore/GlideSP,5.0,NEF,,10.44,33.677,10.44,40,1240,62,20.88,0.938,15.233,0.744,52.2,0.395,0.385,0.77,0.683
igf1r,RTMScore/GlideSP,0.5,NEF,,20.211,65.197,20.211,40,1240,7,4.564,0.983,56.199,0.556,65.197,0.264,0.186,0.551,0.325
igf1r,RTMScore/GlideSP,1.0,NEF,,10.105,32.597,10.105,40,1240,13,4.238,0.936,14.508,0.549,32.597,0.171,0.146,0.551,0.325
igf1r,RTMScore/GlideSP,5.0,NEF,,3.136,10.116,3.136,40,1240,62,6.272,0.772,3.376,0.555,15.68,0.089,0.087,0.551,0.325
inha,RTMScore/GlideSP,0.5,NEF,,0.0,0.0,0.0,40,1240,7,0.0,0.0,0.0,0.497,0.0,-0.014,-0.01,0.616,0.029
inha,RTMScore/GlideSP,1.0,NEF,,0.0,0.0,0.0,40,1240,13,0.0,0.0,0.0,0.495,0.0,-0.019,-0.016,0.616,0.029
inha,RTMScore/GlideSP,5.0,NEF,,0.989,3.19,0.989,40,1240,62,1.978,0.497,0.989,0.5,4.945,-0.0,-0.0,0.616,0.029
itk,RTMScore/GlideSP,0.5,NEF,,4.343,14.01,4.343,40,1240,7,0.981,0.83,4.888,0.51,14.01,0.046,0.032,0.638,0.146
itk,RTMScore/GlideSP,1.0,NEF,,4.677,15.087,4.677,40,1240,13,1.961,0.842,5.33,0.52,15.087,0.069,0.059,0.638,0.146
itk,RTMScore/GlideSP,5.0,NEF,,1.993,6.429,1.993,40,1240,62,3.986,0.673,2.061,0.526,9.965,0.042,0.041,0.638,0.146
jak3,RTMScore/GlideSP,0.5,NEF,,30.692,99.006,30.692,40,1240,7,6.93,1.0,2989.481,0.587,99.006,0.408,0.288,0.879,0.738
jak3,RTMScore/GlideSP,1.0,NEF,,25.577,82.506,25.577,40,1240,13,10.726,0.993,141.492,0.633,82.506,0.462,0.395,0.879,0.738
jak3,RTMScore/GlideSP,5.0,NEF,,11.254,36.303,11.254,40,1240,62,22.508,0.945,17.098,0.765,56.27,0.429,0.419,0.879,0.738
jnk1,RTMScore/GlideSP,0.5,NEF,,31.368,101.187,31.368,40,1240,7,7.083,1.0,inf,0.589,100.0,0.418,0.295,0.723,0.575
jnk1,RTMScore/GlideSP,1.0,NEF,,26.14,84.323,26.14,40,1240,13,10.962,0.994,161.358,0.636,84.323,0.472,0.404,0.723,0.575
jnk1,RTMScore/GlideSP,5.0,NEF,,6.274,20.239,6.274,40,1240,62,12.548,0.884,7.612,0.636,31.37,0.221,0.215,0.723,0.575
jnk2,RTMScore/GlideSP,0.5,NEF,,29.667,95.7,29.667,40,1240,7,6.699,0.999,667.674,0.584,95.7,0.394,0.278,0.476,0.448
jnk2,RTMScore/GlideSP,1.0,NEF,,17.306,55.826,17.306,40,1240,13,7.257,0.974,37.913,0.588,55.826,0.306,0.262,0.476,0.448
jnk2,RTMScore/GlideSP,5.0,NEF,,4.092,13.2,4.092,40,1240,62,8.184,0.82,4.562,0.58,20.46,0.13,0.126,0.476,0.448
jnk3,RTMScore/GlideSP,0.5,NEF,,26.593,85.784,26.593,40,1240,7,6.005,0.995,181.028,0.575,85.784,0.352,0.248,0.823,0.719
jnk3,RTMScore/GlideSP,1.0,NEF,,23.866,76.987,23.866,40,1240,13,10.008,0.99,100.362,0.624,76.987,0.43,0.368,0.823,0.719
jnk3,RTMScore/GlideSP,5.0,NEF,,9.664,31.174,9.664,40,1240,62,19.328,0.931,13.588,0.724,48.32,0.363,0.354,0.823,0.719
kif11,RTMScore/GlideSP,0.5,NEF,,4.35,14.032,4.35,40,1240,7,0.982,0.83,4.897,0.51,14.032,0.046,0.033,0.882,0.15
kif11,RTMScore/GlideSP,1.0,NEF,,2.342,7.555,2.342,40,1240,13,0.982,0.71,2.452,0.507,7.555,0.025,0.022,0.882,0.15
kif11,RTMScore/GlideSP,5.0,NEF,,3.494,11.271,3.494,40,1240,62,6.988,0.792,3.811,0.564,17.47,0.104,0.102,0.882,0.15
lck,RTMScore/GlideSP,0.5,NEF,,30.769,99.255,30.769,40,1240,7,6.948,1.0,3995.974,0.587,99.255,0.41,0.289,0.773,0.789
lck,RTMScore/GlideSP,1.0,NEF,,28.205,90.984,28.205,40,1240,13,11.828,0.997,302.737,0.647,90.984,0.511,0.437,0.773,0.789
lck,RTMScore/GlideSP,5.0,NEF,,11.795,38.048,11.795,40,1240,62,23.59,0.949,18.425,0.779,58.975,0.452,0.441,0.773,0.789
mdm2,RTMScore/GlideSP,0.5,NEF,,33.222,107.168,33.222,40,1240,7,7.502,1.002,inf,0.594,100.0,0.443,0.313,0.865,0.715
mdm2,RTMScore/GlideSP,1.0,NEF,,27.685,89.306,27.685,40,1240,13,11.61,0.996,250.543,0.645,89.306,0.501,0.429,0.865,0.715
mdm2,RTMScore/GlideSP,5.0,NEF,,12.181,39.294,12.181,40,1240,62,24.362,0.951,19.418,0.789,60.905,0.468,0.456,0.865,0.715
mk2,RTMScore/GlideSP,0.5,NEF,,26.306,84.858,26.306,40,1240,7,5.94,0.994,168.125,0.574,84.858,0.348,0.246,0.864,0.557
mk2,RTMScore/GlideSP,1.0,NEF,,18.414,59.4,18.414,40,1240,13,7.722,0.978,43.892,0.594,59.4,0.327,0.28,0.864,0.557
mk2,RTMScore/GlideSP,5.0,NEF,,9.096,29.342,9.096,40,1240,62,18.192,0.926,12.458,0.709,45.48,0.339,0.33,0.864,0.557
mmp2,RTMScore/GlideSP,0.5,NEF,,0.0,0.0,0.0,40,1240,7,0.0,0.0,0.0,0.497,0.0,-0.014,-0.01,0.516,0.0
mmp2,RTMScore/GlideSP,1.0,NEF,,0.0,0.0,0.0,40,1240,13,0.0,0.0,0.0,0.495,0.0,-0.019,-0.016,0.516,0.0
mmp2,RTMScore/GlideSP,5.0,NEF,,0.0,0.0,0.0,40,1240,62,0.0,0.0,0.0,0.474,0.0,-0.042,-0.041,0.516,0.0
na,RTMScore/GlideSP,0.5,NEF,,30.925,99.758,30.925,40,1240,7,6.983,1.0,12370.0,0.587,99.758,0.412,0.29,0.999,1.059
na,RTMScore/GlideSP,1.0,NEF,,30.925,99.758,30.925,40,1240,13,12.969,1.0,12370.0,0.662,99.758,0.562,0.481,0.999,1.059
na,RTMScore/GlideSP,5.0,NEF,,19.453,62.752,19.453,40,1240,62,38.906,0.981,50.54,0.977,97.265,0.773,0.753,0.999,1.059
p38-alpha,RTMScore/GlideSP,0.5,NEF,,30.575,98.629,30.575,40,1240,7,6.904,1.0,2158.235,0.586,98.629,0.407,0.287,0.774,0.839
p38-alpha,RTMScore/GlideSP,1.0,NEF,,28.223,91.042,28.223,40,1240,13,11.835,0.997,304.894,0.647,91.042,0.512,0.438,0.774,0.839
p38-alpha,RTMScore/GlideSP,5.0,NEF,,12.329,39.771,12.329,40,1240,62,24.658,0.952,19.81,0.793,61.645,0.475,0.462,0.774,0.839
parp-1,RTMScore/GlideSP,0.5,NEF,,30.15,97.258,30.15,40,1240,7,6.808,0.999,1064.118,0.585,97.258,0.401,0.283,0.969,1.003
parp-1,RTMScore/GlideSP,1.0,NEF,,30.15,97.258,30.15,40,1240,13,12.644,0.999,1064.118,0.658,97.258,0.548,0.469,0.969,1.003
parp-1,RTMScore/GlideSP,5.0,NEF,,17.299,55.803,17.299,40,1240,62,34.598,0.974,37.878,0.921,86.495,0.683,0.665,0.969,1.003
pde4b,RTMScore/GlideSP,0.5,NEF,,17.978,57.994,17.978,40,1240,7,4.06,0.976,41.418,0.55,57.994,0.234,0.165,0.838,0.373
pde4b,RTMScore/GlideSP,1.0,NEF,,12.101,39.035,12.101,40,1240,13,5.075,0.951,19.209,0.56,39.035,0.209,0.178,0.838,0.373
pde4b,RTMScore/GlideSP,5.0,NEF,,6.597,21.281,6.597,40,1240,62,13.194,0.89,8.11,0.645,32.985,0.234,0.228,0.838,0.373
pde5,RTMScore/GlideSP,0.5,NEF,,27.632,89.135,27.632,40,1240,7,6.239,0.996,246.128,0.578,89.135,0.366,0.258,0.76,0.507
pde5,RTMScore/GlideSP,1.0,NEF,,17.358,55.994,17.358,40,1240,13,7.279,0.974,38.172,0.589,55.994,0.307,0.263,0.76,0.507
pde5,RTMScore/GlideSP,5.0,NEF,,7.279,23.481,7.279,40,1240,62,14.558,0.902,9.206,0.662,36.395,0.263,0.256,0.76,0.507
pdk1,RTMScore/GlideSP,0.5,NEF,,31.553,101.784,31.553,40,1240,7,7.125,1.001,inf,0.589,100.0,0.42,0.296,0.971,0.983
pdk1,RTMScore/GlideSP,1.0,NEF,,31.553,101.784,31.553,40,1240,13,13.232,1.001,inf,0.665,100.0,0.574,0.491,0.971,0.983
pdk1,RTMScore/GlideSP,5.0,NEF,,17.354,55.981,17.354,40,1240,62,34.708,0.974,38.152,0.922,86.77,0.685,0.668,0.971,0.983
pi3kg,RTMScore/GlideSP,0.5,NEF,,30.744,99.174,30.744,40,1240,7,6.942,1.0,3602.812,0.587,99.174,0.409,0.289,0.922,0.839
pi3kg,RTMScore/GlideSP,1.0,NEF,,30.744,99.174,30.744,40,1240,13,12.893,1.0,3602.812,0.661,99.174,0.559,0.478,0.922,0.839
pi3kg,RTMScore/GlideSP,5.0,NEF,,12.81,41.323,12.81,40,1240,62,25.62,0.955,21.127,0.805,64.05,0.495,0.482,0.922,0.839
pim-1,RTMScore/GlideSP,0.5,NEF,,13.22,42.645,13.22,40,1240,7,2.985,0.957,22.306,0.536,42.645,0.168,0.119,0.932,0.59
pim-1,RTMScore/GlideSP,1.0,NEF,,16.609,53.577,16.609,40,1240,13,6.965,0.972,34.624,0.585,53.577,0.293,0.251,0.932,0.59
pim-1,RTMScore/GlideSP,5.0,NEF,,12.642,40.781,12.642,40,1240,62,25.284,0.954,20.659,0.801,63.21,0.488,0.475,0.932,0.59
pim-2,RTMScore/GlideSP,0.5,NEF,,8.821,28.455,8.821,40,1240,7,1.992,0.923,11.932,0.523,28.455,0.108,0.076,0.903,0.378
pim-2,RTMScore/GlideSP,1.0,NEF,,11.874,38.303,11.874,40,1240,13,4.979,0.949,18.625,0.559,38.303,0.204,0.175,0.903,0.378
pim-2,RTMScore/GlideSP,5.0,NEF,,10.122,32.652,10.122,40,1240,62,20.244,0.936,14.544,0.736,50.61,0.382,0.372,0.903,0.378
pnp,RTMScore/GlideSP,0.5,NEF,,30.725,99.113,30.725,40,1240,7,6.938,1.0,3351.818,0.587,99.113,0.409,0.288,0.732,0.786
pnp,RTMScore/GlideSP,1.0,NEF,,30.725,99.113,30.725,40,1240,13,12.885,1.0,3351.818,0.661,99.113,0.559,0.478,0.732,0.786
pnp,RTMScore/GlideSP,5.0,NEF,,8.92,28.774,8.92,40,1240,62,17.84,0.924,12.12,0.705,44.6,0.332,0.323,0.732,0.786
ppara,RTMScore/GlideSP,0.5,NEF,,28.974,93.465,28.974,40,1240,7,6.543,0.998,429.033,0.582,93.465,0.385,0.271,0.703,0.664
ppara,RTMScore/GlideSP,1.0,NEF,,21.731,70.1,21.731,40,1240,13,9.113,0.986,70.334,0.612,70.1,0.39,0.333,0.703,0.664
ppara,RTMScore/GlideSP,5.0,NEF,,8.641,27.874,8.641,40,1240,62,17.282,0.921,11.594,0.697,43.205,0.32,0.312,0.703,0.664
pparg,RTMScore/GlideSP,0.5,NEF,,9.442,30.458,9.442,40,1240,7,2.132,0.929,13.139,0.525,30.458,0.116,0.082,0.72,0.279
pparg,RTMScore/GlideSP,1.0,NEF,,7.081,22.842,7.081,40,1240,13,2.969,0.899,8.881,0.533,22.842,0.114,0.098,0.72,0.279
pparg,RTMScore/GlideSP,5.0,NEF,,4.472,14.426,4.472,40,1240,62,8.944,0.835,5.057,0.59,22.36,0.145,0.142,0.72,0.279
pr,RTMScore/GlideSP,0.5,NEF,,9.743,31.429,9.743,40,1240,7,2.2,0.932,13.75,0.526,31.429,0.12,0.085,0.675,0.215
pr,RTMScore/GlideSP,1.0,NEF,,7.971,25.713,7.971,40,1240,13,3.343,0.912,10.384,0.538,25.713,0.131,0.112,0.675,0.215
pr,RTMScore/GlideSP,5.0,NEF,,2.81,9.065,2.81,40,1240,62,5.62,0.749,2.99,0.547,14.05,0.076,0.074,0.675,0.215
prkcq,RTMScore/GlideSP,0.5,NEF,,10.474,33.787,10.474,40,1240,7,2.365,0.939,15.308,0.528,33.787,0.13,0.092,0.87,0.401
prkcq,RTMScore/GlideSP,1.0,NEF,,10.474,33.787,10.474,40,1240,13,4.392,0.939,15.308,0.551,33.787,0.178,0.152,0.87,0.401
prkcq,RTMScore/GlideSP,5.0,NEF,,10.997,35.474,10.997,40,1240,62,21.994,0.943,16.493,0.758,54.985,0.419,0.408,0.87,0.401
pygl-in,RTMScore/GlideSP,0.5,NEF,,30.8,99.355,30.8,40,1240,7,6.955,1.0,4620.0,0.587,99.355,0.41,0.289,0.911,0.955
pygl-in,RTMScore/GlideSP,1.0,NEF,,30.8,99.355,30.8,40,1240,13,12.916,1.0,4620.0,0.661,99.355,0.56,0.479,0.911,0.955
pygl-in,RTMScore/GlideSP,5.0,NEF,,15.4,49.677,15.4,40,1240,62,30.8,0.967,29.615,0.872,77.0,0.603,0.588,0.911,0.955
pygl-out,RTMScore/GlideSP,0.5,NEF,,17.614,56.819,17.614,40,1240,7,3.977,0.975,39.476,0.548,56.819,0.229,0.161,0.739,0.428
pygl-out,RTMScore/GlideSP,1.0,NEF,,14.227,45.894,14.227,40,1240,13,5.966,0.962,25.446,0.572,45.894,0.249,0.213,0.739,0.428
pygl-out,RTMScore/GlideSP,5.0,NEF,,6.96,22.452,6.96,40,1240,62,13.92,0.897,8.686,0.654,34.8,0.25,0.243,0.739,0.428
qpct,RTMScore/GlideSP,0.5,NEF,,31.0,100.0,31.0,40,1240,7,7.0,1.0,inf,0.588,100.0,0.413,0.291,0.84,0.968
qpct,RTMScore/GlideSP,1.0,NEF,,31.0,100.0,31.0,40,1240,13,13.0,1.0,inf,0.662,100.0,0.564,0.482,0.84,0.968
qpct,RTMScore/GlideSP,5.0,NEF,,15.0,48.387,15.0,40,1240,62,30.0,0.966,28.125,0.862,75.0,0.586,0.571,0.84,0.968
rock-1,RTMScore/GlideSP,0.5,NEF,,22.051,71.132,22.051,40,1240,7,4.979,0.987,73.922,0.561,71.132,0.29,0.204,0.751,0.507
rock-1,RTMScore/GlideSP,1.0,NEF,,16.623,53.623,16.623,40,1240,13,6.971,0.972,34.687,0.585,53.623,0.294,0.251,0.751,0.507
rock-1,RTMScore/GlideSP,5.0,NEF,,7.591,24.487,7.591,40,1240,62,15.182,0.907,9.728,0.67,37.955,0.276,0.269,0.751,0.507
rxr,RTMScore/GlideSP,0.5,NEF,,24.789,79.965,24.789,40,1240,7,5.598,0.992,119.734,0.569,79.965,0.327,0.231,0.989,1.063
rxr,RTMScore/GlideSP,1.0,NEF,,24.789,79.965,24.789,40,1240,13,10.395,0.992,119.734,0.629,79.965,0.447,0.383,0.989,1.063
rxr,RTMScore/GlideSP,5.0,NEF,,18.076,58.31,18.076,40,1240,62,36.152,0.977,41.959,0.941,90.38,0.715,0.697,0.989,1.063
sars-hcov,RTMScore/GlideSP,0.5,NEF,,4.399,14.19,4.399,39,1209,7,0.993,0.832,4.961,0.51,14.19,0.047,0.034,0.614,0.109
sars-hcov,RTMScore/GlideSP,1.0,NEF,,4.738,15.284,4.738,39,1209,13,1.987,0.844,5.412,0.521,15.284,0.071,0.061,0.614,0.109
sars-hcov,RTMScore/GlideSP,5.0,NEF,,2.019,6.513,2.019,39,1209,61,3.973,0.676,2.09,0.527,10.187,0.043,0.042,0.614,0.109
sirt2,RTMScore/GlideSP,0.5,NEF,,0.0,0.0,0.0,40,1240,7,0.0,0.0,0.0,0.497,0.0,-0.014,-0.01,0.52,0.006
sirt2,RTMScore/GlideSP,1.0,NEF,,0.0,0.0,0.0,40,1240,13,0.0,0.0,0.0,0.495,0.0,-0.019,-0.016,0.52,0.006
sirt2,RTMScore/GlideSP,5.0,NEF,,0.999,3.223,0.999,40,1240,62,1.998,0.5,0.999,0.5,4.995,-0.0,-0.0,0.52,0.006
src,RTMScore/GlideSP,0.5,NEF,,26.659,85.997,26.659,40,1240,7,6.02,0.995,184.236,0.575,85.997,0.353,0.249,0.68,0.643
src,RTMScore/GlideSP,1.0,NEF,,23.925,77.177,23.925,40,1240,13,10.033,0.99,101.449,0.624,77.177,0.431,0.369,0.68,0.643
src,RTMScore/GlideSP,5.0,NEF,,8.158,26.316,8.158,40,1240,62,16.316,0.915,10.714,0.685,40.79,0.3,0.292,0.68,0.643
thrombin,RTMScore/GlideSP,0.5,NEF,,31.737,102.377,31.737,40,1240,7,7.166,1.001,inf,0.59,100.0,0.423,0.298,0.94,0.932
thrombin,RTMScore/GlideSP,1.0,NEF,,29.296,94.503,29.296,40,1240,13,12.285,0.998,515.775,0.653,94.503,0.532,0.455,0.94,0.932
thrombin,RTMScore/GlideSP,5.0,NEF,,16.129,52.029,16.129,40,1240,62,32.258,0.97,32.538,0.891,80.645,0.634,0.618,0.94,0.932
tie2,RTMScore/GlideSP,0.5,NEF,,30.615,98.758,30.615,40,1240,7,6.913,1.0,2385.584,0.586,98.758,0.407,0.287,0.607,0.609
tie2,RTMScore/GlideSP,1.0,NEF,,25.513,82.3,25.513,40,1240,13,10.699,0.993,139.492,0.633,82.3,0.461,0.394,0.607,0.609
tie2,RTMScore/GlideSP,5.0,NEF,,6.123,19.752,6.123,40,1240,62,12.246,0.881,7.384,0.632,30.615,0.215,0.209,0.607,0.609
tk,RTMScore/GlideSP,0.5,NEF,,26.421,85.229,26.421,40,1240,7,5.966,0.994,173.101,0.574,85.229,0.35,0.247,0.742,0.804
tk,RTMScore/GlideSP,1.0,NEF,,26.083,84.139,26.083,40,1240,13,10.938,0.994,159.14,0.636,84.139,0.471,0.403,0.742,0.804
tk,RTMScore/GlideSP,5.0,NEF,,11.932,38.49,11.932,40,1240,62,23.864,0.949,18.773,0.782,59.66,0.458,0.446,0.742,0.804
tp,RTMScore/GlideSP,0.5,NEF,,26.12,84.258,26.12,40,1240,7,5.898,0.994,160.574,0.573,84.258,0.346,0.244,0.711,0.645
tp,RTMScore/GlideSP,1.0,NEF,,22.795,73.532,22.795,40,1240,13,9.559,0.988,83.346,0.618,73.532,0.41,0.35,0.711,0.645
tp,RTMScore/GlideSP,5.0,NEF,,7.375,23.79,7.375,40,1240,62,14.75,0.904,9.365,0.665,36.875,0.267,0.26,0.711,0.645
tpa,RTMScore/GlideSP,0.5,NEF,,30.579,98.642,30.579,40,1240,7,6.905,1.0,2179.026,0.586,98.642,0.407,0.287,0.896,0.983
tpa,RTMScore/GlideSP,1.0,NEF,,30.579,98.642,30.579,40,1240,13,12.823,1.0,2179.026,0.66,98.642,0.556,0.476,0.896,0.983
tpa,RTMScore/GlideSP,5.0,NEF,,15.03,48.484,15.03,40,1240,62,30.06,0.966,28.234,0.862,75.15,0.588,0.573,0.896,0.983
ts,RTMScore/GlideSP,0.5,NEF,,17.343,55.99,17.343,40,1239,7,3.919,0.974,38.135,0.548,55.99,0.225,0.159,0.66,0.325
ts,RTMScore/GlideSP,1.0,NEF,,9.338,30.147,9.338,40,1239,13,3.919,0.928,12.936,0.545,30.147,0.157,0.134,0.66,0.325
ts,RTMScore/GlideSP,5.0,NEF,,4.975,16.061,4.975,40,1239,62,9.958,0.852,5.736,0.603,24.895,0.167,0.162,0.66,0.325
upa,RTMScore/GlideSP,0.5,NEF,,29.875,96.371,29.875,40,1240,7,6.746,0.999,796.667,0.584,96.371,0.397,0.28,0.743,0.842
upa,RTMScore/GlideSP,1.0,NEF,,29.875,96.371,29.875,40,1240,13,12.528,0.999,796.667,0.656,96.371,0.543,0.464,0.743,0.842
upa,RTMScore/GlideSP,5.0,NEF,,9.958,32.123,9.958,40,1240,62,19.916,0.934,14.197,0.731,49.79,0.375,0.366,0.743,0.842
vegfr1,RTMScore/GlideSP,0.5,NEF,,19.842,64.006,19.842,40,1240,7,4.48,0.982,53.348,0.555,64.006,0.259,0.183,0.694,0.538
vegfr1,RTMScore/GlideSP,1.0,NEF,,22.322,72.006,22.322,40,1240,13,9.361,0.987,77.168,0.615,72.006,0.401,0.343,0.694,0.538
vegfr1,RTMScore/GlideSP,5.0,NEF,,8.355,26.952,8.355,40,1240,62,16.71,0.917,11.069,0.69,41.775,0.308,0.3,0.694,0.538
vegfr2,RTMScore/GlideSP,0.5,NEF,,22.876,73.794,22.876,40,1240,7,5.166,0.988,84.476,0.564,73.794,0.301,0.212,0.858,0.598
vegfr2,RTMScore/GlideSP,1.0,NEF,,27.099,87.416,27.099,40,1240,13,11.364,0.995,208.4,0.641,87.416,0.49,0.42,0.858,0.598
vegfr2,RTMScore/GlideSP,5.0,NEF,,7.35,23.71,7.35,40,1240,62,14.7,0.903,9.323,0.664,36.75,0.266,0.259,0.858,0.598
11betahsd1,Surflex,0.5,NEF,,4.43,14.29,4.43,40,1240,7,1.0,0.833,5.002,0.51,14.29,0.047,0.033,0.737,0.215
11betahsd1,Surflex,1.0,NEF,,9.54,30.774,9.54,40,1240,13,4.001,0.93,13.336,0.546,30.774,0.16,0.137,0.737,0.215
11betahsd1,Surflex,5.0,NEF,,4.5,14.516,4.5,40,1240,62,9.0,0.836,5.094,0.59,22.5,0.147,0.143,0.737,0.215
17betahsd1,Surflex,0.5,NEF,,4.43,14.29,4.43,40,1240,7,1.0,0.833,5.002,0.51,14.29,0.047,0.033,0.483,0.053
17betahsd1,Surflex,1.0,NEF,,2.38,7.677,2.38,40,1240,13,0.998,0.714,2.495,0.507,7.677,0.026,0.022,0.483,0.053
17betahsd1,Surflex,5.0,NEF,,1.0,3.226,1.0,40,1240,62,2.0,0.5,1.0,0.5,5.0,0.0,0.0,0.483,0.053
a2a,Surflex,0.5,NEF,,17.71,57.129,17.71,40,1240,7,3.999,0.976,39.977,0.549,57.129,0.23,0.162,0.69,0.378
a2a,Surflex,1.0,NEF,,16.69,53.839,16.69,40,1240,13,6.999,0.972,34.99,0.585,53.839,0.295,0.252,0.69,0.378
a2a,Surflex,5.0,NEF,,4.0,12.903,4.0,40,1240,62,8.0,0.816,4.444,0.578,20.0,0.126,0.122,0.69,0.378
ace,Surflex,0.5,NEF,,4.43,14.29,4.43,40,1240,7,1.0,0.833,5.002,0.51,14.29,0.047,0.033,0.704,0.243
ace,Surflex,1.0,NEF,,9.54,30.774,9.54,40,1240,13,4.001,0.93,13.336,0.546,30.774,0.16,0.137,0.704,0.243
ace,Surflex,5.0,NEF,,5.5,17.742,5.5,40,1240,62,11.0,0.866,6.471,0.616,27.5,0.188,0.184,0.704,0.243
ace2,Surflex,0.5,NEF,,4.43,14.29,4.43,40,1240,7,1.0,0.833,5.002,0.51,14.29,0.047,0.033,0.757,0.187
ace2,Surflex,1.0,NEF,,4.77,15.387,4.77,40,1240,13,2.0,0.845,5.456,0.52,15.387,0.071,0.061,0.757,0.187
ace2,Surflex,5.0,NEF,,4.0,12.903,4.0,40,1240,62,8.0,0.816,4.444,0.578,20.0,0.126,0.122,0.757,0.187
ache,Surflex,0.5,NEF,,0.0,0.0,0.0,40,1240,7,0.0,0.0,0.0,0.497,0.0,-0.014,-0.01,0.655,0.186
ache,Surflex,1.0,NEF,,2.38,7.677,2.38,40,1240,13,0.998,0.714,2.495,0.507,7.677,0.026,0.022,0.655,0.186
ache,Surflex,5.0,NEF,,6.0,19.355,6.0,40,1240,62,12.0,0.878,7.2,0.629,30.0,0.209,0.204,0.655,0.186
adam17,Surflex,0.5,NEF,,13.29,42.871,13.29,40,1240,7,3.001,0.957,22.513,0.536,42.871,0.169,0.119,0.766,0.251
adam17,Surflex,1.0,NEF,,7.15,23.065,7.15,40,1240,13,2.998,0.9,8.994,0.533,23.065,0.116,0.099,0.766,0.251
adam17,Surflex,5.0,NEF,,5.0,16.129,5.0,40,1240,62,10.0,0.852,5.769,0.603,25.0,0.168,0.163,0.766,0.251
adrb2,Surflex,0.5,NEF,,8.86,28.581,8.86,40,1240,7,2.001,0.923,12.005,0.523,28.581,0.108,0.076,0.863,0.301
adrb2,Surflex,1.0,NEF,,11.92,38.452,11.92,40,1240,13,4.999,0.949,18.742,0.559,38.452,0.205,0.176,0.863,0.301
adrb2,Surflex,5.0,NEF,,5.0,16.129,5.0,40,1240,62,10.0,0.852,5.769,0.603,25.0,0.168,0.163,0.863,0.301
akt1,Surflex,0.5,NEF,,17.71,57.129,17.71,40,1240,7,3.999,0.976,39.977,0.549,57.129,0.23,0.162,0.679,0.358
akt1,Surflex,1.0,NEF,,11.92,38.452,11.92,40,1240,13,4.999,0.949,18.742,0.559,38.452,0.205,0.176,0.679,0.358
akt1,Surflex,5.0,NEF,,5.5,17.742,5.5,40,1240,62,11.0,0.866,6.471,0.616,27.5,0.188,0.184,0.679,0.358
alr2,Surflex,0.5,NEF,,4.43,14.29,4.43,40,1240,7,1.0,0.833,5.002,0.51,14.29,0.047,0.033,0.605,0.112
alr2,Surflex,1.0,NEF,,2.38,7.677,2.38,40,1240,13,0.998,0.714,2.495,0.507,7.677,0.026,0.022,0.605,0.112
alr2,Surflex,5.0,NEF,,3.5,11.29,3.5,40,1240,62,7.0,0.792,3.818,0.565,17.5,0.105,0.102,0.605,0.112
ar,Surflex,0.5,NEF,,4.43,14.29,4.43,40,1240,7,1.0,0.833,5.002,0.51,14.29,0.047,0.033,0.716,0.172
ar,Surflex,1.0,NEF,,4.77,15.387,4.77,40,1240,13,2.0,0.845,5.456,0.52,15.387,0.071,0.061,0.716,0.172
ar,Surflex,5.0,NEF,,4.5,14.516,4.5,40,1240,62,9.0,0.836,5.094,0.59,22.5,0.147,0.143,0.716,0.172
aurka,Surflex,0.5,NEF,,4.43,14.29,4.43,40,1240,7,1.0,0.833,5.002,0.51,14.29,0.047,0.033,0.75,0.108
aurka,Surflex,1.0,NEF,,2.38,7.677,2.38,40,1240,13,0.998,0.714,2.495,0.507,7.677,0.026,0.022,0.75,0.108
aurka,Surflex,5.0,NEF,,3.5,11.29,3.5,40,1240,62,7.0,0.792,3.818,0.565,17.5,0.105,0.102,0.75,0.108
aurkb,Surflex,0.5,NEF,,4.43,14.29,4.43,40,1240,7,1.0,0.833,5.002,0.51,14.29,0.047,0.033,0.696,0.166
aurkb,Surflex,1.0,NEF,,2.38,7.677,2.38,40,1240,13,0.998,0.714,2.495,0.507,7.677,0.026,0.022,0.696,0.166
aurkb,Surflex,5.0,NEF,,3.5,11.29,3.5,40,1240,62,7.0,0.792,3.818,0.565,17.5,0.105,0.102,0.696,0.166
bcl2,Surflex,0.5,NEF,,0.0,0.0,0.0,40,1240,7,0.0,0.0,0.0,0.497,0.0,-0.014,-0.01,0.53,0.076
bcl2,Surflex,1.0,NEF,,2.38,7.677,2.38,40,1240,13,0.998,0.714,2.495,0.507,7.677,0.026,0.022,0.53,0.076
bcl2,Surflex,5.0,NEF,,1.5,4.839,1.5,40,1240,62,3.0,0.604,1.525,0.513,7.5,0.021,0.02,0.53,0.076
braf,Surflex,0.5,NEF,,0.0,0.0,0.0,40,1240,7,0.0,0.0,0.0,0.497,0.0,-0.014,-0.01,0.626,0.033
braf,Surflex,1.0,NEF,,0.0,0.0,0.0,40,1240,13,0.0,0.0,0.0,0.495,0.0,-0.019,-0.016,0.626,0.033
braf,Surflex,5.0,NEF,,1.0,3.226,1.0,40,1240,62,2.0,0.5,1.0,0.5,5.0,0.0,0.0,0.626,0.033
catl,Surflex,0.5,NEF,,4.43,14.29,4.43,40,1240,7,1.0,0.833,5.002,0.51,14.29,0.047,0.033,0.717,0.058
catl,Surflex,1.0,NEF,,2.38,7.677,2.38,40,1240,13,0.998,0.714,2.495,0.507,7.677,0.026,0.022,0.717,0.058
catl,Surflex,5.0,NEF,,2.0,6.452,2.0,40,1240,62,4.0,0.674,2.069,0.526,10.0,0.042,0.041,0.717,0.058
cdk2,Surflex,0.5,NEF,,8.86,28.581,8.86,40,1240,7,2.001,0.923,12.005,0.523,28.581,0.108,0.076,0.659,0.179
cdk2,Surflex,1.0,NEF,,4.77,15.387,4.77,40,1240,13,2.0,0.845,5.456,0.52,15.387,0.071,0.061,0.659,0.179
cdk2,Surflex,5.0,NEF,,4.0,12.903,4.0,40,1240,62,8.0,0.816,4.444,0.578,20.0,0.126,0.122,0.659,0.179
cox1,Surflex,0.5,NEF,,8.84,28.516,8.84,40,1240,7,1.996,0.923,11.968,0.523,28.516,0.108,0.076,0.717,0.281
cox1,Surflex,1.0,NEF,,11.89,38.355,11.89,40,1240,13,4.986,0.949,18.666,0.559,38.355,0.205,0.175,0.717,0.281
cox1,Surflex,5.0,NEF,,5.99,19.323,5.99,40,1240,62,11.98,0.878,7.185,0.629,29.95,0.209,0.204,0.717,0.281
cox2,Surflex,0.5,NEF,,4.43,14.29,4.43,40,1240,7,1.0,0.833,5.002,0.51,14.29,0.047,0.033,0.88,0.18
cox2,Surflex,1.0,NEF,,2.38,7.677,2.38,40,1240,13,0.998,0.714,2.495,0.507,7.677,0.026,0.022,0.88,0.18
cox2,Surflex,5.0,NEF,,6.0,19.355,6.0,40,1240,62,12.0,0.878,7.2,0.629,30.0,0.209,0.204,0.88,0.18
ctsk,Surflex,0.5,NEF,,4.43,14.29,4.43,40,1240,7,1.0,0.833,5.002,0.51,14.29,0.047,0.033,0.725,0.136
ctsk,Surflex,1.0,NEF,,4.77,15.387,4.77,40,1240,13,2.0,0.845,5.456,0.52,15.387,0.071,0.061,0.725,0.136
ctsk,Surflex,5.0,NEF,,2.5,8.065,2.5,40,1240,62,5.0,0.725,2.632,0.539,12.5,0.063,0.061,0.725,0.136
cyp2a6,Surflex,0.5,NEF,,0.0,0.0,0.0,40,1240,7,0.0,0.0,0.0,0.497,0.0,-0.014,-0.01,0.637,0.001
cyp2a6,Surflex,1.0,NEF,,0.0,0.0,0.0,40,1240,13,0.0,0.0,0.0,0.495,0.0,-0.019,-0.016,0.637,0.001
cyp2a6,Surflex,5.0,NEF,,0.0,0.0,0.0,40,1240,62,0.0,0.0,0.0,0.474,0.0,-0.042,-0.041,0.637,0.001
dhfr,Surflex,0.5,NEF,,8.86,28.581,8.86,40,1240,7,2.001,0.923,12.005,0.523,28.581,0.108,0.076,0.665,0.234
dhfr,Surflex,1.0,NEF,,7.15,23.065,7.15,40,1240,13,2.998,0.9,8.994,0.533,23.065,0.116,0.099,0.665,0.234
dhfr,Surflex,5.0,NEF,,4.5,14.516,4.5,40,1240,62,9.0,0.836,5.094,0.59,22.5,0.147,0.143,0.665,0.234
egfr,Surflex,0.5,NEF,,4.43,14.29,4.43,40,1240,7,1.0,0.833,5.002,0.51,14.29,0.047,0.033,0.578,0.121
egfr,Surflex,1.0,NEF,,4.77,15.387,4.77,40,1240,13,2.0,0.845,5.456,0.52,15.387,0.071,0.061,0.578,0.121
egfr,Surflex,5.0,NEF,,2.0,6.452,2.0,40,1240,62,4.0,0.674,2.069,0.526,10.0,0.042,0.041,0.578,0.121
ephb4,Surflex,0.5,NEF,,8.86,28.581,8.86,40,1240,7,2.001,0.923,12.005,0.523,28.581,0.108,0.076,0.69,0.192
ephb4,Surflex,1.0,NEF,,7.15,23.065,7.15,40,1240,13,2.998,0.9,8.994,0.533,23.065,0.116,0.099,0.69,0.192
ephb4,Surflex,5.0,NEF,,3.0,9.677,3.0,40,1240,62,6.0,0.763,3.214,0.552,15.0,0.084,0.082,0.69,0.192
erbb2,Surflex,0.5,NEF,,26.57,85.71,26.57,40,1240,7,6.0,0.994,179.932,0.575,85.71,0.352,0.248,0.87,0.674
erbb2,Surflex,1.0,NEF,,21.46,69.226,21.46,40,1240,13,8.999,0.985,67.484,0.611,69.226,0.384,0.329,0.87,0.674
erbb2,Surflex,5.0,NEF,,11.5,37.097,11.5,40,1240,62,23.0,0.947,17.692,0.771,57.5,0.44,0.429,0.87,0.674
er-beta,Surflex,0.5,NEF,,8.86,28.581,8.86,40,1240,7,2.001,0.923,12.005,0.523,28.581,0.108,0.076,0.7,0.317
er-beta,Surflex,1.0,NEF,,9.54,30.774,9.54,40,1240,13,4.001,0.93,13.336,0.546,30.774,0.16,0.137,0.7,0.317
er-beta,Surflex,5.0,NEF,,6.0,19.355,6.0,40,1240,62,12.0,0.878,7.2,0.629,30.0,0.209,0.204,0.7,0.317
fgfr1,Surflex,0.5,NEF,,4.43,14.29,4.43,40,1240,7,1.0,0.833,5.002,0.51,14.29,0.047,0.033,0.73,0.137
fgfr1,Surflex,1.0,NEF,,4.77,15.387,4.77,40,1240,13,2.0,0.845,5.456,0.52,15.387,0.071,0.061,0.73,0.137
fgfr1,Surflex,5.0,NEF,,3.5,11.29,3.5,40,1240,62,7.0,0.792,3.818,0.565,17.5,0.105,0.102,0.73,0.137
fkbp1a,Surflex,0.5,NEF,,4.43,14.29,4.43,40,1240,7,1.0,0.833,5.002,0.51,14.29,0.047,0.033,0.685,0.152
fkbp1a,Surflex,1.0,NEF,,4.77,15.387,4.77,40,1240,13,2.0,0.845,5.456,0.52,15.387,0.071,0.061,0.685,0.152
fkbp1a,Surflex,5.0,NEF,,3.0,9.677,3.0,40,1240,62,6.0,0.763,3.214,0.552,15.0,0.084,0.082,0.685,0.152
fxa,Surflex,0.5,NEF,,26.57,85.71,26.57,40,1240,7,6.0,0.994,179.932,0.575,85.71,0.352,0.248,0.871,0.571
fxa,Surflex,1.0,NEF,,19.08,61.548,19.08,40,1240,13,8.001,0.98,48.02,0.598,61.548,0.34,0.291,0.871,0.571
fxa,Surflex,5.0,NEF,,8.5,27.419,8.5,40,1240,62,17.0,0.919,11.333,0.694,42.5,0.314,0.306,0.871,0.571
gba,Surflex,0.5,NEF,,13.29,42.871,13.29,40,1240,7,3.001,0.957,22.513,0.536,42.871,0.169,0.119,0.537,0.213
gba,Surflex,1.0,NEF,,7.15,23.065,7.15,40,1240,13,2.998,0.9,8.994,0.533,23.065,0.116,0.099,0.537,0.213
gba,Surflex,5.0,NEF,,3.0,9.677,3.0,40,1240,62,6.0,0.763,3.214,0.552,15.0,0.084,0.082,0.537,0.213
gr,Surflex,0.5,NEF,,0.0,0.0,0.0,40,1240,7,0.0,0.0,0.0,0.497,0.0,-0.014,-0.01,0.578,0.028
gr,Surflex,1.0,NEF,,0.0,0.0,0.0,40,1240,13,0.0,0.0,0.0,0.495,0.0,-0.019,-0.016,0.578,0.028
gr,Surflex,5.0,NEF,,1.5,4.839,1.5,40,1240,62,3.0,0.604,1.525,0.513,7.5,0.021,0.02,0.578,0.028
gsk3b,Surflex,0.5,NEF,,8.86,28.581,8.86,40,1240,7,2.001,0.923,12.005,0.523,28.581,0.108,0.076,0.621,0.218
gsk3b,Surflex,1.0,NEF,,9.54,30.774,9.54,40,1240,13,4.001,0.93,13.336,0.546,30.774,0.16,0.137,0.621,0.218
gsk3b,Surflex,5.0,NEF,,2.5,8.065,2.5,40,1240,62,5.0,0.725,2.632,0.539,12.5,0.063,0.061,0.621,0.218
hdac2,Surflex,0.5,NEF,,17.71,57.129,17.71,40,1240,7,3.999,0.976,39.977,0.549,57.129,0.23,0.162,0.766,0.417
hdac2,Surflex,1.0,NEF,,16.69,53.839,16.69,40,1240,13,6.999,0.972,34.99,0.585,53.839,0.295,0.252,0.766,0.417
hdac2,Surflex,5.0,NEF,,5.5,17.742,5.5,40,1240,62,11.0,0.866,6.471,0.616,27.5,0.188,0.184,0.766,0.417
hdac8,Surflex,0.5,NEF,,4.43,14.29,4.43,40,1240,7,1.0,0.833,5.002,0.51,14.29,0.047,0.033,0.572,0.145
hdac8,Surflex,1.0,NEF,,7.15,23.065,7.15,40,1240,13,2.998,0.9,8.994,0.533,23.065,0.116,0.099,0.572,0.145
hdac8,Surflex,5.0,NEF,,2.0,6.452,2.0,40,1240,62,4.0,0.674,2.069,0.526,10.0,0.042,0.041,0.572,0.145
hiv1pr,Surflex,0.5,NEF,,4.43,14.29,4.43,40,1240,7,1.0,0.833,5.002,0.51,14.29,0.047,0.033,0.823,0.242
hiv1pr,Surflex,1.0,NEF,,4.77,15.387,4.77,40,1240,13,2.0,0.845,5.456,0.52,15.387,0.071,0.061,0.823,0.242
hiv1pr,Surflex,5.0,NEF,,6.5,20.968,6.5,40,1240,62,13.0,0.888,7.959,0.642,32.5,0.23,0.224,0.823,0.242
hiv1rt,Surflex,0.5,NEF,,0.0,0.0,0.0,40,1240,7,0.0,0.0,0.0,0.497,0.0,-0.014,-0.01,0.572,0.039
hiv1rt,Surflex,1.0,NEF,,0.0,0.0,0.0,40,1240,13,0.0,0.0,0.0,0.495,0.0,-0.019,-0.016,0.572,0.039
hiv1rt,Surflex,5.0,NEF,,1.0,3.226,1.0,40,1240,62,2.0,0.5,1.0,0.5,5.0,0.0,0.0,0.572,0.039
hmgr,Surflex,0.5,NEF,,31.0,100.0,31.0,40,1240,7,7.0,1.0,inf,0.588,100.0,0.413,0.291,0.99,1.044
hmgr,Surflex,1.0,NEF,,31.0,100.0,31.0,40,1240,13,13.0,1.0,inf,0.662,100.0,0.564,0.482,0.99,1.044
hmgr,Surflex,5.0,NEF,,19.0,61.29,19.0,40,1240,62,38.0,0.979,47.5,0.965,95.0,0.754,0.735,0.99,1.044
hsp90,Surflex,0.5,NEF,,0.0,0.0,0.0,40,1240,7,0.0,0.0,0.0,0.497,0.0,-0.014,-0.01,0.614,0.032
hsp90,Surflex,1.0,NEF,,0.0,0.0,0.0,40,1240,13,0.0,0.0,0.0,0.495,0.0,-0.019,-0.016,0.614,0.032
hsp90,Surflex,5.0,NEF,,1.5,4.839,1.5,40,1240,62,3.0,0.604,1.525,0.513,7.5,0.021,0.02,0.614,0.032
igf1r,Surflex,0.5,NEF,,0.0,0.0,0.0,40,1240,7,0.0,0.0,0.0,0.497,0.0,-0.014,-0.01,0.586,0.021
igf1r,Surflex,1.0,NEF,,0.0,0.0,0.0,40,1240,13,0.0,0.0,0.0,0.495,0.0,-0.019,-0.016,0.586,0.021
igf1r,Surflex,5.0,NEF,,0.5,1.613,0.5,40,1240,62,1.0,0.33,0.492,0.487,2.5,-0.021,-0.02,0.586,0.021
inha,Surflex,0.5,NEF,,13.29,42.871,13.29,40,1240,7,3.001,0.957,22.513,0.536,42.871,0.169,0.119,0.607,0.246
inha,Surflex,1.0,NEF,,9.54,30.774,9.54,40,1240,13,4.001,0.93,13.336,0.546,30.774,0.16,0.137,0.607,0.246
inha,Surflex,5.0,NEF,,4.5,14.516,4.5,40,1240,62,9.0,0.836,5.094,0.59,22.5,0.147,0.143,0.607,0.246
itk,Surflex,0.5,NEF,,0.0,0.0,0.0,40,1240,7,0.0,0.0,0.0,0.497,0.0,-0.014,-0.01,0.484,0.045
itk,Surflex,1.0,NEF,,0.0,0.0,0.0,40,1240,13,0.0,0.0,0.0,0.495,0.0,-0.019,-0.016,0.484,0.045
itk,Surflex,5.0,NEF,,1.0,3.226,1.0,40,1240,62,2.0,0.5,1.0,0.5,5.0,0.0,0.0,0.484,0.045
jak3,Surflex,0.5,NEF,,4.43,14.29,4.43,40,1240,7,1.0,0.833,5.002,0.51,14.29,0.047,0.033,0.726,0.115
jak3,Surflex,1.0,NEF,,4.77,15.387,4.77,40,1240,13,2.0,0.845,5.456,0.52,15.387,0.071,0.061,0.726,0.115
jak3,Surflex,5.0,NEF,,2.5,8.065,2.5,40,1240,62,5.0,0.725,2.632,0.539,12.5,0.063,0.061,0.726,0.115
jnk1,Surflex,0.5,NEF,,4.43,14.29,4.43,40,1240,7,1.0,0.833,5.002,0.51,14.29,0.047,0.033,0.521,0.073
jnk1,Surflex,1.0,NEF,,2.38,7.677,2.38,40,1240,13,0.998,0.714,2.495,0.507,7.677,0.026,0.022,0.521,0.073
jnk1,Surflex,5.0,NEF,,0.5,1.613,0.5,40,1240,62,1.0,0.33,0.492,0.487,2.5,-0.021,-0.02,0.521,0.073
jnk2,Surflex,0.5,NEF,,17.71,57.129,17.71,40,1240,7,3.999,0.976,39.977,0.549,57.129,0.23,0.162,0.583,0.306
jnk2,Surflex,1.0,NEF,,11.92,38.452,11.92,40,1240,13,4.999,0.949,18.742,0.559,38.452,0.205,0.176,0.583,0.306
jnk2,Surflex,5.0,NEF,,2.5,8.065,2.5,40,1240,62,5.0,0.725,2.632,0.539,12.5,0.063,0.061,0.583,0.306
jnk3,Surflex,0.5,NEF,,0.0,0.0,0.0,40,1240,7,0.0,0.0,0.0,0.497,0.0,-0.014,-0.01,0.628,0.074
jnk3,Surflex,1.0,NEF,,2.38,7.677,2.38,40,1240,13,0.998,0.714,2.495,0.507,7.677,0.026,0.022,0.628,0.074
jnk3,Surflex,5.0,NEF,,1.5,4.839,1.5,40,1240,62,3.0,0.604,1.525,0.513,7.5,0.021,0.02,0.628,0.074
kif11,Surflex,0.5,NEF,,8.86,28.581,8.86,40,1240,7,2.001,0.923,12.005,0.523,28.581,0.108,0.076,0.799,0.219
kif11,Surflex,1.0,NEF,,9.54,30.774,9.54,40,1240,13,4.001,0.93,13.336,0.546,30.774,0.16,0.137,0.799,0.219
kif11,Surflex,5.0,NEF,,3.0,9.677,3.0,40,1240,62,6.0,0.763,3.214,0.552,15.0,0.084,0.082,0.799,0.219
lck,Surflex,0.5,NEF,,8.86,28.581,8.86,40,1240,7,2.001,0.923,12.005,0.523,28.581,0.108,0.076,0.694,0.274
lck,Surflex,1.0,NEF,,7.15,23.065,7.15,40,1240,13,2.998,0.9,8.994,0.533,23.065,0.116,0.099,0.694,0.274
lck,Surflex,5.0,NEF,,4.5,14.516,4.5,40,1240,62,9.0,0.836,5.094,0.59,22.5,0.147,0.143,0.694,0.274
mdm2,Surflex,0.5,NEF,,0.0,0.0,0.0,40,1240,7,0.0,0.0,0.0,0.497,0.0,-0.014,-0.01,0.489,0.051
mdm2,Surflex,1.0,NEF,,2.38,7.677,2.38,40,1240,13,0.998,0.714,2.495,0.507,7.677,0.026,0.022,0.489,0.051
mdm2,Surflex,5.0,NEF,,2.0,6.452,2.0,40,1240,62,4.0,0.674,2.069,0.526,10.0,0.042,0.041,0.489,0.051
mk2,Surflex,0.5,NEF,,0.0,0.0,0.0,40,1240,7,0.0,0.0,0.0,0.497,0.0,-0.014,-0.01,0.639,0.01
mk2,Surflex,1.0,NEF,,0.0,0.0,0.0,40,1240,13,0.0,0.0,0.0,0.495,0.0,-0.019,-0.016,0.639,0.01
mk2,Surflex,5.0,NEF,,1.5,4.839,1.5,40,1240,62,3.0,0.604,1.525,0.513,7.5,0.021,0.02,0.639,0.01
mmp2,Surflex,0.5,NEF,,8.86,28.581,8.86,40,1240,7,2.001,0.923,12.005,0.523,28.581,0.108,0.076,0.554,0.166
mmp2,Surflex,1.0,NEF,,7.15,23.065,7.15,40,1240,13,2.998,0.9,8.994,0.533,23.065,0.116,0.099,0.554,0.166
mmp2,Surflex,5.0,NEF,,2.5,8.065,2.5,40,1240,62,5.0,0.725,2.632,0.539,12.5,0.063,0.061,0.554,0.166
na,Surflex,0.5,NEF,,13.29,42.871,13.29,40,1240,7,3.001,0.957,22.513,0.536,42.871,0.169,0.119,0.794,0.293
na,Surflex,1.0,NEF,,9.54,30.774,9.54,40,1240,13,4.001,0.93,13.336,0.546,30.774,0.16,0.137,0.794,0.293
na,Surflex,5.0,NEF,,4.5,14.516,4.5,40,1240,62,9.0,0.836,5.094,0.59,22.5,0.147,0.143,0.794,0.293
p38-alpha,Surflex,0.5,NEF,,4.43,14.29,4.43,40,1240,7,1.0,0.833,5.002,0.51,14.29,0.047,0.033,0.606,0.119
p38-alpha,Surflex,1.0,NEF,,4.77,15.387,4.77,40,1240,13,2.0,0.845,5.456,0.52,15.387,0.071,0.061,0.606,0.119
p38-alpha,Surflex,5.0,NEF,,1.0,3.226,1.0,40,1240,62,2.0,0.5,1.0,0.5,5.0,0.0,0.0,0.606,0.119
parp-1,Surflex,0.5,NEF,,13.29,42.871,13.29,40,1240,7,3.001,0.957,22.513,0.536,42.871,0.169,0.119,0.768,0.436
parp-1,Surflex,1.0,NEF,,14.31,46.161,14.31,40,1240,13,6.001,0.963,25.722,0.572,46.161,0.25,0.214,0.768,0.436
parp-1,Surflex,5.0,NEF,,7.0,22.581,7.0,40,1240,62,14.0,0.897,8.75,0.655,35.0,0.251,0.245,0.768,0.436
pde4b,Surflex,0.5,NEF,,0.0,0.0,0.0,40,1240,7,0.0,0.0,0.0,0.497,0.0,-0.014,-0.01,0.651,0.077
pde4b,Surflex,1.0,NEF,,2.38,7.677,2.38,40,1240,13,0.998,0.714,2.495,0.507,7.677,0.026,0.022,0.651,0.077
pde4b,Surflex,5.0,NEF,,1.0,3.226,1.0,40,1240,62,2.0,0.5,1.0,0.5,5.0,0.0,0.0,0.651,0.077
pde5,Surflex,0.5,NEF,,4.43,14.29,4.43,40,1240,7,1.0,0.833,5.002,0.51,14.29,0.047,0.033,0.675,0.1
pde5,Surflex,1.0,NEF,,2.38,7.677,2.38,40,1240,13,0.998,0.714,2.495,0.507,7.677,0.026,0.022,0.675,0.1
pde5,Surflex,5.0,NEF,,2.0,6.452,2.0,40,1240,62,4.0,0.674,2.069,0.526,10.0,0.042,0.041,0.675,0.1
pdk1,Surflex,0.5,NEF,,17.71,57.129,17.71,40,1240,7,3.999,0.976,39.977,0.549,57.129,0.23,0.162,0.725,0.339
pdk1,Surflex,1.0,NEF,,11.92,38.452,11.92,40,1240,13,4.999,0.949,18.742,0.559,38.452,0.205,0.176,0.725,0.339
pdk1,Surflex,5.0,NEF,,4.5,14.516,4.5,40,1240,62,9.0,0.836,5.094,0.59,22.5,0.147,0.143,0.725,0.339
pi3kg,Surflex,0.5,NEF,,8.86,28.581,8.86,40,1240,7,2.001,0.923,12.005,0.523,28.581,0.108,0.076,0.725,0.166
pi3kg,Surflex,1.0,NEF,,4.77,15.387,4.77,40,1240,13,2.0,0.845,5.456,0.52,15.387,0.071,0.061,0.725,0.166
pi3kg,Surflex,5.0,NEF,,3.5,11.29,3.5,40,1240,62,7.0,0.792,3.818,0.565,17.5,0.105,0.102,0.725,0.166
pim-1,Surflex,0.5,NEF,,13.29,42.871,13.29,40,1240,7,3.001,0.957,22.513,0.536,42.871,0.169,0.119,0.609,0.248
pim-1,Surflex,1.0,NEF,,9.54,30.774,9.54,40,1240,13,4.001,0.93,13.336,0.546,30.774,0.16,0.137,0.609,0.248
pim-1,Surflex,5.0,NEF,,4.0,12.903,4.0,40,1240,62,8.0,0.816,4.444,0.578,20.0,0.126,0.122,0.609,0.248
pim-2,Surflex,0.5,NEF,,0.0,0.0,0.0,40,1240,7,0.0,0.0,0.0,0.497,0.0,-0.014,-0.01,0.585,0.118
pim-2,Surflex,1.0,NEF,,4.77,15.387,4.77,40,1240,13,2.0,0.845,5.456,0.52,15.387,0.071,0.061,0.585,0.118
pim-2,Surflex,5.0,NEF,,3.0,9.677,3.0,40,1240,62,6.0,0.763,3.214,0.552,15.0,0.084,0.082,0.585,0.118
pnp,Surflex,0.5,NEF,,22.14,71.419,22.14,40,1240,7,4.999,0.987,74.966,0.562,71.419,0.291,0.205,0.718,0.522
pnp,Surflex,1.0,NEF,,19.08,61.548,19.08,40,1240,13,8.001,0.98,48.02,0.598,61.548,0.34,0.291,0.718,0.522
pnp,Surflex,5.0,NEF,,7.0,22.581,7.0,40,1240,62,14.0,0.897,8.75,0.655,35.0,0.251,0.245,0.718,0.522
ppara,Surflex,0.5,NEF,,13.29,42.871,13.29,40,1240,7,3.001,0.957,22.513,0.536,42.871,0.169,0.119,0.78,0.219
ppara,Surflex,1.0,NEF,,7.15,23.065,7.15,40,1240,13,2.998,0.9,8.994,0.533,23.065,0.116,0.099,0.78,0.219
ppara,Surflex,5.0,NEF,,4.0,12.903,4.0,40,1240,62,8.0,0.816,4.444,0.578,20.0,0.126,0.122,0.78,0.219
pparg,Surflex,0.5,NEF,,13.29,42.871,13.29,40,1240,7,3.001,0.957,22.513,0.536,42.871,0.169,0.119,0.673,0.331
pparg,Surflex,1.0,NEF,,9.54,30.774,9.54,40,1240,13,4.001,0.93,13.336,0.546,30.774,0.16,0.137,0.673,0.331
pparg,Surflex,5.0,NEF,,5.0,16.129,5.0,40,1240,62,10.0,0.852,5.769,0.603,25.0,0.168,0.163,0.673,0.331
pr,Surflex,0.5,NEF,,0.0,0.0,0.0,40,1240,7,0.0,0.0,0.0,0.497,0.0,-0.014,-0.01,0.58,0.116
pr,Surflex,1.0,NEF,,4.77,15.387,4.77,40,1240,13,2.0,0.845,5.456,0.52,15.387,0.071,0.061,0.58,0.116
pr,Surflex,5.0,NEF,,3.5,11.29,3.5,40,1240,62,7.0,0.792,3.818,0.565,17.5,0.105,0.102,0.58,0.116
prkcq,Surflex,0.5,NEF,,4.43,14.29,4.43,40,1240,7,1.0,0.833,5.002,0.51,14.29,0.047,0.033,0.725,0.191
prkcq,Surflex,1.0,NEF,,4.77,15.387,4.77,40,1240,13,2.0,0.845,5.456,0.52,15.387,0.071,0.061,0.725,0.191
prkcq,Surflex,5.0,NEF,,4.5,14.516,4.5,40,1240,62,9.0,0.836,5.094,0.59,22.5,0.147,0.143,0.725,0.191
pygl-in,Surflex,0.5,NEF,,0.0,0.0,0.0,40,1240,7,0.0,0.0,0.0,0.497,0.0,-0.014,-0.01,0.691,0.05
pygl-in,Surflex,1.0,NEF,,0.0,0.0,0.0,40,1240,13,0.0,0.0,0.0,0.495,0.0,-0.019,-0.016,0.691,0.05
pygl-in,Surflex,5.0,NEF,,3.0,9.677,3.0,40,1240,62,6.0,0.763,3.214,0.552,15.0,0.084,0.082,0.691,0.05
pygl-out,Surflex,0.5,NEF,,22.14,71.419,22.14,40,1240,7,4.999,0.987,74.966,0.562,71.419,0.291,0.205,0.792,0.472
pygl-out,Surflex,1.0,NEF,,16.69,53.839,16.69,40,1240,13,6.999,0.972,34.99,0.585,53.839,0.295,0.252,0.792,0.472
pygl-out,Surflex,5.0,NEF,,7.5,24.194,7.5,40,1240,62,15.0,0.905,9.574,0.668,37.5,0.272,0.265,0.792,0.472
qpct,Surflex,0.5,NEF,,0.0,0.0,0.0,40,1240,7,0.0,0.0,0.0,0.497,0.0,-0.014,-0.01,0.421,0.0
qpct,Surflex,1.0,NEF,,0.0,0.0,0.0,40,1240,13,0.0,0.0,0.0,0.495,0.0,-0.019,-0.016,0.421,0.0
qpct,Surflex,5.0,NEF,,0.0,0.0,0.0,40,1240,62,0.0,0.0,0.0,0.474,0.0,-0.042,-0.041,0.421,0.0
rock-1,Surflex,0.5,NEF,,4.43,14.29,4.43,40,1240,7,1.0,0.833,5.002,0.51,14.29,0.047,0.033,0.629,0.122
rock-1,Surflex,1.0,NEF,,2.38,7.677,2.38,40,1240,13,0.998,0.714,2.495,0.507,7.677,0.026,0.022,0.629,0.122
rock-1,Surflex,5.0,NEF,,3.0,9.677,3.0,40,1240,62,6.0,0.763,3.214,0.552,15.0,0.084,0.082,0.629,0.122
rxr,Surflex,0.5,NEF,,31.0,100.0,31.0,40,1240,7,7.0,1.0,inf,0.588,100.0,0.413,0.291,0.952,0.875
rxr,Surflex,1.0,NEF,,31.0,100.0,31.0,40,1240,13,13.0,1.0,inf,0.662,100.0,0.564,0.482,0.952,0.875
rxr,Surflex,5.0,NEF,,15.5,50.0,15.5,40,1240,62,31.0,0.968,30.0,0.875,77.5,0.607,0.592,0.952,0.875
sars-hcov,Surflex,0.5,NEF,,0.0,0.0,0.0,39,1209,7,0.0,0.0,0.0,0.497,0.0,-0.014,-0.01,0.439,0.001
sars-hcov,Surflex,1.0,NEF,,0.0,0.0,0.0,39,1209,13,0.0,0.0,0.0,0.494,0.0,-0.019,-0.016,0.439,0.001
sars-hcov,Surflex,5.0,NEF,,0.0,0.0,0.0,39,1209,61,0.0,0.0,0.0,0.474,0.0,-0.042,-0.041,0.439,0.001
sirt2,Surflex,0.5,NEF,,4.43,14.29,4.43,40,1240,7,1.0,0.833,5.002,0.51,14.29,0.047,0.033,0.524,0.082
sirt2,Surflex,1.0,NEF,,2.38,7.677,2.38,40,1240,13,0.998,0.714,2.495,0.507,7.677,0.026,0.022,0.524,0.082
sirt2,Surflex,5.0,NEF,,2.0,6.452,2.0,40,1240,62,4.0,0.674,2.069,0.526,10.0,0.042,0.041,0.524,0.082
src,Surflex,0.5,NEF,,13.29,42.871,13.29,40,1240,7,3.001,0.957,22.513,0.536,42.871,0.169,0.119,0.586,0.226
src,Surflex,1.0,NEF,,7.15,23.065,7.15,40,1240,13,2.998,0.9,8.994,0.533,23.065,0.116,0.099,0.586,0.226
src,Surflex,5.0,NEF,,3.0,9.677,3.0,40,1240,62,6.0,0.763,3.214,0.552,15.0,0.084,0.082,0.586,0.226
thrombin,Surflex,0.5,NEF,,13.29,42.871,13.29,40,1240,7,3.001,0.957,22.513,0.536,42.871,0.169,0.119,0.81,0.465
thrombin,Surflex,1.0,NEF,,14.31,46.161,14.31,40,1240,13,6.001,0.963,25.722,0.572,46.161,0.25,0.214,0.81,0.465
thrombin,Surflex,5.0,NEF,,8.0,25.806,8.0,40,1240,62,16.0,0.913,10.435,0.681,40.0,0.293,0.286,0.81,0.465
tie2,Surflex,0.5,NEF,,13.29,42.871,13.29,40,1240,7,3.001,0.957,22.513,0.536,42.871,0.169,0.119,0.645,0.298
tie2,Surflex,1.0,NEF,,9.54,30.774,9.54,40,1240,13,4.001,0.93,13.336,0.546,30.774,0.16,0.137,0.645,0.298
tie2,Surflex,5.0,NEF,,4.5,14.516,4.5,40,1240,62,9.0,0.836,5.094,0.59,22.5,0.147,0.143,0.645,0.298
tk,Surflex,0.5,NEF,,31.0,100.0,31.0,40,1240,7,7.0,1.0,inf,0.588,100.0,0.413,0.291,0.781,0.614
tk,Surflex,1.0,NEF,,23.85,76.935,23.85,40,1240,13,10.002,0.99,100.07,0.624,76.935,0.429,0.367,0.781,0.614
tk,Surflex,5.0,NEF,,8.0,25.806,8.0,40,1240,62,16.0,0.913,10.435,0.681,40.0,0.293,0.286,0.781,0.614
tp,Surflex,0.5,NEF,,0.0,0.0,0.0,40,1240,7,0.0,0.0,0.0,0.497,0.0,-0.014,-0.01,0.511,0.024
tp,Surflex,1.0,NEF,,0.0,0.0,0.0,40,1240,13,0.0,0.0,0.0,0.495,0.0,-0.019,-0.016,0.511,0.024
tp,Surflex,5.0,NEF,,1.0,3.226,1.0,40,1240,62,2.0,0.5,1.0,0.5,5.0,0.0,0.0,0.511,0.024
tpa,Surflex,0.5,NEF,,8.86,28.581,8.86,40,1240,7,2.001,0.923,12.005,0.523,28.581,0.108,0.076,0.768,0.257
tpa,Surflex,1.0,NEF,,7.15,23.065,7.15,40,1240,13,2.998,0.9,8.994,0.533,23.065,0.116,0.099,0.768,0.257
tpa,Surflex,5.0,NEF,,5.0,16.129,5.0,40,1240,62,10.0,0.852,5.769,0.603,25.0,0.168,0.163,0.768,0.257
ts,Surflex,0.5,NEF,,4.43,14.302,4.43,40,1239,7,1.001,0.833,5.002,0.51,14.302,0.047,0.033,0.666,0.177
ts,Surflex,1.0,NEF,,7.15,23.083,7.15,40,1239,13,3.001,0.9,8.996,0.533,23.083,0.116,0.099,0.666,0.177
ts,Surflex,5.0,NEF,,4.5,14.528,4.5,40,1239,62,9.007,0.836,5.095,0.59,22.518,0.147,0.143,0.666,0.177
upa,Surflex,0.5,NEF,,26.57,85.71,26.57,40,1240,7,6.0,0.994,179.932,0.575,85.71,0.352,0.248,0.683,0.564
upa,Surflex,1.0,NEF,,19.08,61.548,19.08,40,1240,13,8.001,0.98,48.02,0.598,61.548,0.34,0.291,0.683,0.564
upa,Surflex,5.0,NEF,,9.5,30.645,9.5,40,1240,62,19.0,0.93,13.256,0.72,47.5,0.356,0.347,0.683,0.564
vegfr1,Surflex,0.5,NEF,,8.86,28.581,8.86,40,1240,7,2.001,0.923,12.005,0.523,28.581,0.108,0.076,0.659,0.187
vegfr1,Surflex,1.0,NEF,,7.15,23.065,7.15,40,1240,13,2.998,0.9,8.994,0.533,23.065,0.116,0.099,0.659,0.187
vegfr1,Surflex,5.0,NEF,,3.5,11.29,3.5,40,1240,62,7.0,0.792,3.818,0.565,17.5,0.105,0.102,0.659,0.187
vegfr2,Surflex,0.5,NEF,,4.43,14.29,4.43,40,1240,7,1.0,0.833,5.002,0.51,14.29,0.047,0.033,0.557,0.1
vegfr2,Surflex,1.0,NEF,,4.77,15.387,4.77,40,1240,13,2.0,0.845,5.456,0.52,15.387,0.071,0.061,0.557,0.1
vegfr2,Surflex,5.0,NEF,,2.0,6.452,2.0,40,1240,62,4.0,0.674,2.069,0.526,10.0,0.042,0.041,0.557,0.1
11betahsd1,TankBind,0.5,NEF,,0.0,0.0,0.0,40,1240,7,0.0,0.0,0.0,0.497,0.0,-0.014,-0.01,0.339,0.002
11betahsd1,TankBind,1.0,NEF,,0.0,0.0,0.0,40,1240,13,0.0,0.0,0.0,0.495,0.0,-0.019,-0.016,0.339,0.002
11betahsd1,TankBind,5.0,NEF,,0.508,1.638,0.508,40,1240,62,1.016,0.333,0.5,0.487,2.539,-0.021,-0.02,0.339,0.002
17betahsd1,TankBind,0.5,NEF,,5.112,16.492,5.113,40,1240,7,1.154,0.856,5.925,0.512,16.492,0.057,0.04,0.585,0.099
17betahsd1,TankBind,1.0,NEF,,2.556,8.246,2.556,40,1240,13,1.072,0.729,2.696,0.508,8.246,0.029,0.025,0.585,0.099
17betahsd1,TankBind,5.0,NEF,,2.011,6.489,2.011,40,1240,62,4.023,0.675,2.082,0.526,10.057,0.042,0.041,0.585,0.099
a2a,TankBind,0.5,NEF,,5.117,16.505,5.117,40,1240,7,1.155,0.856,5.93,0.512,16.505,0.057,0.04,0.514,0.106
a2a,TankBind,1.0,NEF,,2.558,8.253,2.558,40,1240,13,1.073,0.73,2.699,0.508,8.253,0.029,0.025,0.514,0.106
a2a,TankBind,5.0,NEF,,1.51,4.87,1.51,40,1240,62,3.02,0.606,1.536,0.513,7.549,0.021,0.021,0.514,0.106
ace,TankBind,0.5,NEF,,10.292,33.199,10.292,40,1240,7,2.324,0.937,14.909,0.527,33.199,0.128,0.09,0.906,0.395
ace,TankBind,1.0,NEF,,12.865,41.499,12.865,40,1240,13,5.395,0.955,21.281,0.564,41.499,0.223,0.191,0.906,0.395
ace,TankBind,5.0,NEF,,9.111,29.389,9.111,40,1240,62,18.221,0.926,12.486,0.71,45.553,0.34,0.331,0.906,0.395
ace2,TankBind,0.5,NEF,,0.0,0.0,0.0,40,1240,7,0.0,0.0,0.0,0.497,0.0,-0.014,-0.01,0.266,0.0
ace2,TankBind,1.0,NEF,,0.0,0.0,0.0,40,1240,13,0.0,0.0,0.0,0.495,0.0,-0.019,-0.016,0.266,0.0
ace2,TankBind,5.0,NEF,,0.0,0.0,0.0,40,1240,62,0.0,0.0,0.0,0.474,0.0,-0.042,-0.041,0.266,0.0
ache,TankBind,0.5,NEF,,0.0,0.0,0.0,40,1240,7,0.0,0.0,0.0,0.497,0.0,-0.014,-0.01,0.774,0.1
ache,TankBind,1.0,NEF,,2.544,8.206,2.544,40,1240,13,1.067,0.728,2.682,0.508,8.206,0.029,0.025,0.774,0.1
ache,TankBind,5.0,NEF,,5.004,16.142,5.004,40,1240,62,10.008,0.852,5.775,0.603,25.02,0.168,0.163,0.774,0.1
adam17,TankBind,0.5,NEF,,25.625,82.661,25.625,40,1240,7,5.786,0.993,143.023,0.572,82.661,0.339,0.239,0.882,0.711
adam17,TankBind,1.0,NEF,,20.5,66.129,20.5,40,1240,13,8.597,0.983,58.571,0.606,66.129,0.366,0.314,0.882,0.711
adam17,TankBind,5.0,NEF,,12.098,39.027,12.098,40,1240,62,24.197,0.951,19.202,0.787,60.492,0.465,0.453,0.882,0.711
adrb2,TankBind,0.5,NEF,,0.0,0.0,0.0,40,1240,7,0.0,0.0,0.0,0.497,0.0,-0.014,-0.01,0.487,0.063
adrb2,TankBind,1.0,NEF,,0.0,0.0,0.0,40,1240,13,0.0,0.0,0.0,0.495,0.0,-0.019,-0.016,0.487,0.063
adrb2,TankBind,5.0,NEF,,2.524,8.142,2.524,40,1240,62,5.048,0.727,2.659,0.539,12.621,0.064,0.062,0.487,0.063
akt1,TankBind,0.5,NEF,,0.0,0.0,0.0,40,1240,7,0.0,0.0,0.0,0.497,0.0,-0.014,-0.01,0.755,0.224
akt1,TankBind,1.0,NEF,,8.066,26.019,8.066,40,1240,13,3.382,0.913,10.551,0.538,26.019,0.133,0.114,0.755,0.224
akt1,TankBind,5.0,NEF,,5.013,16.17,5.013,40,1240,62,10.025,0.853,5.787,0.604,25.064,0.168,0.164,0.755,0.224
alr2,TankBind,0.5,NEF,,0.0,0.0,0.0,40,1240,7,0.0,0.0,0.0,0.497,0.0,-0.014,-0.01,0.454,0.008
alr2,TankBind,1.0,NEF,,0.0,0.0,0.0,40,1240,13,0.0,0.0,0.0,0.495,0.0,-0.019,-0.016,0.454,0.008
alr2,TankBind,5.0,NEF,,0.502,1.621,0.502,40,1240,62,1.005,0.331,0.494,0.487,2.512,-0.021,-0.02,0.454,0.008
ar,TankBind,0.5,NEF,,0.0,0.0,0.0,40,1240,7,0.0,0.0,0.0,0.497,0.0,-0.014,-0.01,0.615,0.081
ar,TankBind,1.0,NEF,,0.0,0.0,0.0,40,1240,13,0.0,0.0,0.0,0.495,0.0,-0.019,-0.016,0.615,0.081
ar,TankBind,5.0,NEF,,1.509,4.869,1.509,40,1240,62,3.019,0.606,1.535,0.513,7.547,0.021,0.021,0.615,0.081
aurka,TankBind,0.5,NEF,,5.046,16.277,5.046,40,1240,7,1.139,0.854,5.832,0.512,16.277,0.056,0.039,0.488,0.074
aurka,TankBind,1.0,NEF,,2.523,8.138,2.523,40,1240,13,1.058,0.727,2.658,0.508,8.138,0.029,0.024,0.488,0.074
aurka,TankBind,5.0,NEF,,0.505,1.628,0.505,40,1240,62,1.009,0.332,0.496,0.487,2.523,-0.021,-0.02,0.488,0.074
aurkb,TankBind,0.5,NEF,,5.062,16.331,5.062,40,1240,7,1.143,0.854,5.855,0.512,16.331,0.056,0.039,0.778,0.189
aurkb,TankBind,1.0,NEF,,7.594,24.496,7.594,40,1240,13,3.184,0.907,9.733,0.536,24.496,0.124,0.106,0.778,0.189
aurkb,TankBind,5.0,NEF,,3.544,11.431,3.544,40,1240,62,7.088,0.795,3.872,0.566,17.719,0.107,0.104,0.778,0.189
bcl2,TankBind,0.5,NEF,,0.0,0.0,0.0,40,1240,7,0.0,0.0,0.0,0.497,0.0,-0.014,-0.01,0.687,0.078
bcl2,TankBind,1.0,NEF,,2.548,8.219,2.548,40,1240,13,1.068,0.729,2.687,0.508,8.219,0.029,0.025,0.687,0.078
bcl2,TankBind,5.0,NEF,,4.01,12.935,4.01,40,1240,62,8.02,0.817,4.457,0.578,20.049,0.126,0.123,0.687,0.078
braf,TankBind,0.5,NEF,,5.042,16.263,5.042,40,1240,7,1.138,0.854,5.827,0.512,16.263,0.056,0.039,0.889,0.272
braf,TankBind,1.0,NEF,,7.562,24.395,7.562,40,1240,13,3.171,0.906,9.68,0.536,24.395,0.123,0.106,0.889,0.272
braf,TankBind,5.0,NEF,,6.05,19.516,6.05,40,1240,62,12.1,0.879,7.275,0.63,30.25,0.212,0.206,0.889,0.272
catl,TankBind,0.5,NEF,,0.0,0.0,0.0,40,1240,7,0.0,0.0,0.0,0.497,0.0,-0.014,-0.01,0.222,0.0
catl,TankBind,1.0,NEF,,0.0,0.0,0.0,40,1240,13,0.0,0.0,0.0,0.495,0.0,-0.019,-0.016,0.222,0.0
catl,TankBind,5.0,NEF,,0.0,0.0,0.0,40,1240,62,0.0,0.0,0.0,0.474,0.0,-0.042,-0.041,0.222,0.0
cdk2,TankBind,0.5,NEF,,0.0,0.0,0.0,40,1240,7,0.0,0.0,0.0,0.497,0.0,-0.014,-0.01,0.581,0.03
cdk2,TankBind,1.0,NEF,,0.0,0.0,0.0,40,1240,13,0.0,0.0,0.0,0.495,0.0,-0.019,-0.016,0.581,0.03
cdk2,TankBind,5.0,NEF,,1.014,3.27,1.014,40,1240,62,2.027,0.503,1.014,0.5,5.068,0.001,0.001,0.581,0.03
cox1,TankBind,0.5,NEF,,0.0,0.0,0.0,40,1240,7,0.0,0.0,0.0,0.497,0.0,-0.014,-0.01,0.72,0.162
cox1,TankBind,1.0,NEF,,2.548,8.218,2.548,40,1240,13,1.068,0.729,2.686,0.508,8.218,0.029,0.025,0.72,0.162
cox1,TankBind,5.0,NEF,,4.504,14.529,4.504,40,1240,62,9.008,0.836,5.1,0.591,22.52,0.147,0.143,0.72,0.162
cox2,TankBind,0.5,NEF,,0.0,0.0,0.0,40,1240,7,0.0,0.0,0.0,0.497,0.0,-0.014,-0.01,0.687,0.082
cox2,TankBind,1.0,NEF,,2.681,8.649,2.681,40,1240,13,1.124,0.74,2.84,0.509,8.649,0.032,0.027,0.687,0.082
cox2,TankBind,5.0,NEF,,1.021,3.295,1.021,40,1240,62,2.043,0.505,1.022,0.501,5.107,0.001,0.001,0.687,0.082
ctsk,TankBind,0.5,NEF,,0.0,0.0,0.0,40,1240,7,0.0,0.0,0.0,0.497,0.0,-0.014,-0.01,0.683,0.006
ctsk,TankBind,1.0,NEF,,0.0,0.0,0.0,40,1240,13,0.0,0.0,0.0,0.495,0.0,-0.019,-0.016,0.683,0.006
ctsk,TankBind,5.0,NEF,,1.012,3.265,1.012,40,1240,62,2.025,0.503,1.013,0.5,5.061,0.001,0.001,0.683,0.006
cyp2a6,TankBind,0.5,NEF,,0.0,0.0,0.0,40,1240,7,0.0,0.0,0.0,0.497,0.0,-0.014,-0.01,0.594,0.119
cyp2a6,TankBind,1.0,NEF,,2.508,8.091,2.508,40,1240,13,1.052,0.725,2.641,0.508,8.091,0.028,0.024,0.594,0.119
cyp2a6,TankBind,5.0,NEF,,3.512,11.328,3.512,40,1240,62,7.023,0.793,3.833,0.565,17.558,0.105,0.103,0.594,0.119
dhfr,TankBind,0.5,NEF,,5.1,16.452,5.1,40,1240,7,1.152,0.855,5.907,0.512,16.452,0.056,0.04,0.499,0.091
dhfr,TankBind,1.0,NEF,,2.55,8.226,2.55,40,1240,13,1.069,0.729,2.689,0.508,8.226,0.029,0.025,0.499,0.091
dhfr,TankBind,5.0,NEF,,1.505,4.855,1.505,40,1240,62,3.01,0.605,1.531,0.513,7.525,0.021,0.021,0.499,0.091
egfr,TankBind,0.5,NEF,,0.0,0.0,0.0,40,1240,7,0.0,0.0,0.0,0.497,0.0,-0.014,-0.01,0.606,0.082
egfr,TankBind,1.0,NEF,,2.512,8.105,2.512,40,1240,13,1.054,0.726,2.646,0.508,8.105,0.028,0.024,0.606,0.082
egfr,TankBind,5.0,NEF,,1.508,4.863,1.508,40,1240,62,3.015,0.605,1.533,0.513,7.538,0.021,0.021,0.606,0.082
ephb4,TankBind,0.5,NEF,,0.0,0.0,0.0,40,1240,7,0.0,0.0,0.0,0.497,0.0,-0.014,-0.01,0.619,0.003
ephb4,TankBind,1.0,NEF,,0.0,0.0,0.0,40,1240,13,0.0,0.0,0.0,0.495,0.0,-0.019,-0.016,0.619,0.003
ephb4,TankBind,5.0,NEF,,0.506,1.632,0.506,40,1240,62,1.012,0.332,0.498,0.487,2.529,-0.021,-0.02,0.619,0.003
erbb2,TankBind,0.5,NEF,,11.84,38.194,11.84,40,1240,7,2.674,0.949,18.539,0.532,38.194,0.149,0.105,0.81,0.228
erbb2,TankBind,1.0,NEF,,8.073,26.041,8.073,40,1240,13,3.385,0.914,10.563,0.538,26.041,0.133,0.114,0.81,0.228
erbb2,TankBind,5.0,NEF,,4.014,12.947,4.014,40,1240,62,8.027,0.817,4.462,0.578,20.068,0.126,0.123,0.81,0.228
er-beta,TankBind,0.5,NEF,,15.75,50.806,15.75,40,1240,7,3.556,0.969,30.984,0.543,50.806,0.203,0.143,0.762,0.576
er-beta,TankBind,1.0,NEF,,13.125,42.339,13.125,40,1240,13,5.504,0.957,22.028,0.566,42.339,0.228,0.195,0.762,0.576
er-beta,TankBind,5.0,NEF,,5.5,17.742,5.5,40,1240,62,11.0,0.866,6.471,0.616,27.5,0.188,0.184,0.762,0.576
fgfr1,TankBind,0.5,NEF,,0.0,0.0,0.0,40,1240,7,0.0,0.0,0.0,0.497,0.0,-0.014,-0.01,0.574,0.048
fgfr1,TankBind,1.0,NEF,,0.0,0.0,0.0,40,1240,13,0.0,0.0,0.0,0.495,0.0,-0.019,-0.016,0.574,0.048
fgfr1,TankBind,5.0,NEF,,2.033,6.557,2.033,40,1240,62,4.066,0.678,2.105,0.527,10.164,0.043,0.042,0.574,0.048
fkbp1a,TankBind,0.5,NEF,,10.275,33.145,10.275,40,1240,7,2.32,0.937,14.873,0.527,33.145,0.128,0.09,0.705,0.18
fkbp1a,TankBind,1.0,NEF,,7.706,24.859,7.706,40,1240,13,3.232,0.908,9.925,0.536,24.859,0.126,0.108,0.705,0.18
fkbp1a,TankBind,5.0,NEF,,2.527,8.15,2.527,40,1240,62,5.053,0.727,2.662,0.539,12.633,0.064,0.062,0.705,0.18
fxa,TankBind,0.5,NEF,,5.97,19.258,5.97,40,1240,7,1.348,0.877,7.155,0.514,19.258,0.068,0.048,0.716,0.159
fxa,TankBind,1.0,NEF,,2.714,8.754,2.714,40,1240,13,1.138,0.742,2.878,0.509,8.754,0.032,0.028,0.716,0.159
fxa,TankBind,5.0,NEF,,3.542,11.424,3.542,40,1240,62,7.083,0.795,3.869,0.566,17.708,0.106,0.104,0.716,0.159
gba,TankBind,0.5,NEF,,0.0,0.0,0.0,40,1240,7,0.0,0.0,0.0,0.497,0.0,-0.014,-0.01,0.593,0.032
gba,TankBind,1.0,NEF,,0.0,0.0,0.0,40,1240,13,0.0,0.0,0.0,0.495,0.0,-0.019,-0.016,0.593,0.032
gba,TankBind,5.0,NEF,,0.506,1.633,0.506,40,1240,62,1.012,0.332,0.498,0.487,2.531,-0.021,-0.02,0.593,0.032
gr,TankBind,0.5,NEF,,0.0,0.0,0.0,40,1240,7,0.0,0.0,0.0,0.497,0.0,-0.014,-0.01,0.695,0.007
gr,TankBind,1.0,NEF,,0.0,0.0,0.0,40,1240,13,0.0,0.0,0.0,0.495,0.0,-0.019,-0.016,0.695,0.007
gr,TankBind,5.0,NEF,,0.501,1.617,0.501,40,1240,62,1.002,0.33,0.493,0.487,2.506,-0.021,-0.02,0.695,0.007
gsk3b,TankBind,0.5,NEF,,0.0,0.0,0.0,40,1240,7,0.0,0.0,0.0,0.497,0.0,-0.014,-0.01,0.686,0.002
gsk3b,TankBind,1.0,NEF,,0.0,0.0,0.0,40,1240,13,0.0,0.0,0.0,0.495,0.0,-0.019,-0.016,0.686,0.002
gsk3b,TankBind,5.0,NEF,,0.0,0.0,0.0,40,1240,62,0.0,0.0,0.0,0.474,0.0,-0.042,-0.041,0.686,0.002
hdac2,TankBind,0.5,NEF,,0.0,0.0,0.0,40,1240,7,0.0,0.0,0.0,0.497,0.0,-0.014,-0.01,0.584,0.017
hdac2,TankBind,1.0,NEF,,0.0,0.0,0.0,40,1240,13,0.0,0.0,0.0,0.495,0.0,-0.019,-0.016,0.584,0.017
hdac2,TankBind,5.0,NEF,,1.518,4.895,1.518,40,1240,62,3.035,0.607,1.544,0.513,7.587,0.022,0.021,0.584,0.017
hdac8,TankBind,0.5,NEF,,0.0,0.0,0.0,40,1240,7,0.0,0.0,0.0,0.497,0.0,-0.014,-0.01,0.415,0.004
hdac8,TankBind,1.0,NEF,,0.0,0.0,0.0,40,1240,13,0.0,0.0,0.0,0.495,0.0,-0.019,-0.016,0.415,0.004
hdac8,TankBind,5.0,NEF,,0.506,1.631,0.506,40,1240,62,1.011,0.332,0.498,0.487,2.529,-0.021,-0.02,0.415,0.004
hiv1pr,TankBind,0.5,NEF,,0.0,0.0,0.0,40,1240,7,0.0,0.0,0.0,0.497,0.0,-0.014,-0.01,0.834,0.34
hiv1pr,TankBind,1.0,NEF,,7.619,24.577,7.619,40,1240,13,3.195,0.907,9.775,0.536,24.577,0.124,0.106,0.834,0.34
hiv1pr,TankBind,5.0,NEF,,8.127,26.215,8.127,40,1240,62,16.253,0.914,10.659,0.684,40.633,0.299,0.291,0.834,0.34
hiv1rt,TankBind,0.5,NEF,,0.0,0.0,0.0,40,1240,7,0.0,0.0,0.0,0.497,0.0,-0.014,-0.01,0.437,0.0
hiv1rt,TankBind,1.0,NEF,,0.0,0.0,0.0,40,1240,13,0.0,0.0,0.0,0.495,0.0,-0.019,-0.016,0.437,0.0
hiv1rt,TankBind,5.0,NEF,,0.0,0.0,0.0,40,1240,62,0.0,0.0,0.0,0.474,0.0,-0.042,-0.041,0.437,0.0
hmgr,TankBind,0.5,NEF,,5.154,16.626,5.154,40,1240,7,1.164,0.857,5.983,0.512,16.626,0.057,0.04,0.923,0.484
hmgr,TankBind,1.0,NEF,,10.308,33.253,10.308,40,1240,13,4.323,0.937,14.946,0.55,33.253,0.175,0.15,0.923,0.484
hmgr,TankBind,5.0,NEF,,13.688,44.155,13.688,40,1240,62,27.376,0.96,23.72,0.828,68.441,0.531,0.518,0.923,0.484
hsp90,TankBind,0.5,NEF,,0.0,0.0,0.0,40,1240,7,0.0,0.0,0.0,0.497,0.0,-0.014,-0.01,0.619,0.008
hsp90,TankBind,1.0,NEF,,0.0,0.0,0.0,40,1240,13,0.0,0.0,0.0,0.495,0.0,-0.019,-0.016,0.619,0.008
hsp90,TankBind,5.0,NEF,,0.506,1.632,0.506,40,1240,62,1.012,0.332,0.498,0.487,2.529,-0.021,-0.02,0.619,0.008
igf1r,TankBind,0.5,NEF,,0.0,0.0,0.0,40,1240,7,0.0,0.0,0.0,0.497,0.0,-0.014,-0.01,0.753,0.114
igf1r,TankBind,1.0,NEF,,2.643,8.526,2.643,40,1240,13,1.108,0.737,2.796,0.509,8.526,0.031,0.026,0.753,0.114
igf1r,TankBind,5.0,NEF,,5.013,16.171,5.013,40,1240,62,10.026,0.853,5.787,0.604,25.065,0.168,0.164,0.753,0.114
inha,TankBind,0.5,NEF,,0.0,0.0,0.0,40,1240,7,0.0,0.0,0.0,0.497,0.0,-0.014,-0.01,0.273,0.0
inha,TankBind,1.0,NEF,,0.0,0.0,0.0,40,1240,13,0.0,0.0,0.0,0.495,0.0,-0.019,-0.016,0.273,0.0
inha,TankBind,5.0,NEF,,0.0,0.0,0.0,40,1240,62,0.0,0.0,0.0,0.474,0.0,-0.042,-0.041,0.273,0.0
itk,TankBind,0.5,NEF,,0.0,0.0,0.0,40,1240,7,0.0,0.0,0.0,0.497,0.0,-0.014,-0.01,0.655,0.053
itk,TankBind,1.0,NEF,,2.538,8.185,2.538,40,1240,13,1.064,0.728,2.675,0.508,8.185,0.029,0.025,0.655,0.053
itk,TankBind,5.0,NEF,,1.015,3.274,1.015,40,1240,62,2.03,0.504,1.016,0.5,5.075,0.001,0.001,0.655,0.053
jak3,TankBind,0.5,NEF,,0.0,0.0,0.0,40,1240,7,0.0,0.0,0.0,0.497,0.0,-0.014,-0.01,0.641,0.028
jak3,TankBind,1.0,NEF,,0.0,0.0,0.0,40,1240,13,0.0,0.0,0.0,0.495,0.0,-0.019,-0.016,0.641,0.028
jak3,TankBind,5.0,NEF,,1.522,4.908,1.522,40,1240,62,3.043,0.608,1.549,0.513,7.608,0.022,0.021,0.641,0.028
jnk1,TankBind,0.5,NEF,,0.0,0.0,0.0,40,1240,7,0.0,0.0,0.0,0.497,0.0,-0.014,-0.01,0.639,0.004
jnk1,TankBind,1.0,NEF,,0.0,0.0,0.0,40,1240,13,0.0,0.0,0.0,0.495,0.0,-0.019,-0.016,0.639,0.004
jnk1,TankBind,5.0,NEF,,0.508,1.639,0.508,40,1240,62,1.016,0.333,0.5,0.487,2.54,-0.021,-0.02,0.639,0.004
jnk2,TankBind,0.5,NEF,,0.0,0.0,0.0,40,1240,7,0.0,0.0,0.0,0.497,0.0,-0.014,-0.01,0.508,0.0
jnk2,TankBind,1.0,NEF,,0.0,0.0,0.0,40,1240,13,0.0,0.0,0.0,0.495,0.0,-0.019,-0.016,0.508,0.0
jnk2,TankBind,5.0,NEF,,0.0,0.0,0.0,40,1240,62,0.0,0.0,0.0,0.474,0.0,-0.042,-0.041,0.508,0.0
jnk3,TankBind,0.5,NEF,,0.0,0.0,0.0,40,1240,7,0.0,0.0,0.0,0.497,0.0,-0.014,-0.01,0.584,0.077
jnk3,TankBind,1.0,NEF,,2.521,8.132,2.521,40,1240,13,1.057,0.726,2.655,0.508,8.132,0.029,0.024,0.584,0.077
jnk3,TankBind,5.0,NEF,,1.512,4.879,1.512,40,1240,62,3.025,0.606,1.539,0.513,7.562,0.021,0.021,0.584,0.077
kif11,TankBind,0.5,NEF,,5.038,16.25,5.038,40,1240,7,1.138,0.853,5.821,0.512,16.25,0.056,0.039,0.668,0.144
kif11,TankBind,1.0,NEF,,5.038,16.25,5.038,40,1240,13,2.112,0.853,5.821,0.522,16.25,0.076,0.065,0.668,0.144
kif11,TankBind,5.0,NEF,,2.519,8.125,2.519,40,1240,62,5.038,0.726,2.653,0.539,12.594,0.064,0.062,0.668,0.144
lck,TankBind,0.5,NEF,,0.0,0.0,0.0,40,1240,7,0.0,0.0,0.0,0.497,0.0,-0.014,-0.01,0.597,0.005
lck,TankBind,1.0,NEF,,0.0,0.0,0.0,40,1240,13,0.0,0.0,0.0,0.495,0.0,-0.019,-0.016,0.597,0.005
lck,TankBind,5.0,NEF,,0.502,1.618,0.502,40,1240,62,1.003,0.33,0.493,0.487,2.508,-0.021,-0.02,0.597,0.005
mdm2,TankBind,0.5,NEF,,0.0,0.0,0.0,40,1240,7,0.0,0.0,0.0,0.497,0.0,-0.014,-0.01,0.595,0.002
mdm2,TankBind,1.0,NEF,,0.0,0.0,0.0,40,1240,13,0.0,0.0,0.0,0.495,0.0,-0.019,-0.016,0.595,0.002
mdm2,TankBind,5.0,NEF,,0.508,1.638,0.508,40,1240,62,1.015,0.333,0.499,0.487,2.538,-0.021,-0.02,0.595,0.002
mk2,TankBind,0.5,NEF,,17.505,56.468,17.505,40,1240,7,3.953,0.975,38.914,0.548,56.468,0.227,0.16,0.817,0.298
mk2,TankBind,1.0,NEF,,7.957,25.667,7.957,40,1240,13,3.337,0.912,10.359,0.538,25.667,0.131,0.112,0.817,0.298
mk2,TankBind,5.0,NEF,,5.533,17.849,5.533,40,1240,62,11.066,0.867,6.518,0.617,27.666,0.19,0.185,0.817,0.298
mmp2,TankBind,0.5,NEF,,20.467,66.022,20.467,40,1240,7,4.622,0.983,58.291,0.557,66.022,0.268,0.189,0.915,0.682
mmp2,TankBind,1.0,NEF,,23.025,74.274,23.025,40,1240,13,9.656,0.989,86.614,0.619,74.274,0.414,0.354,0.915,0.682
mmp2,TankBind,5.0,NEF,,13.589,43.834,13.589,40,1240,62,27.177,0.959,23.413,0.825,67.943,0.527,0.514,0.915,0.682
na,TankBind,0.5,NEF,,0.0,0.0,0.0,40,1240,7,0.0,0.0,0.0,0.497,0.0,-0.014,-0.01,0.279,0.0
na,TankBind,1.0,NEF,,0.0,0.0,0.0,40,1240,13,0.0,0.0,0.0,0.495,0.0,-0.019,-0.016,0.279,0.0
na,TankBind,5.0,NEF,,0.0,0.0,0.0,40,1240,62,0.0,0.0,0.0,0.474,0.0,-0.042,-0.041,0.279,0.0
p38-alpha,TankBind,0.5,NEF,,10.183,32.849,10.183,40,1240,7,2.299,0.936,14.676,0.527,32.849,0.126,0.089,0.819,0.205
p38-alpha,TankBind,1.0,NEF,,7.638,24.637,7.638,40,1240,13,3.203,0.907,9.807,0.536,24.637,0.125,0.107,0.819,0.205
p38-alpha,TankBind,5.0,NEF,,3.506,11.309,3.506,40,1240,62,7.011,0.793,3.825,0.565,17.529,0.105,0.102,0.819,0.205
parp-1,TankBind,0.5,NEF,,0.0,0.0,0.0,40,1240,7,0.0,0.0,0.0,0.497,0.0,-0.014,-0.01,0.714,0.119
parp-1,TankBind,1.0,NEF,,5.021,16.196,5.021,40,1240,13,2.106,0.853,5.798,0.522,16.196,0.076,0.065,0.714,0.119
parp-1,TankBind,5.0,NEF,,2.51,8.098,2.51,40,1240,62,5.021,0.726,2.644,0.539,12.552,0.063,0.062,0.714,0.119
pde4b,TankBind,0.5,NEF,,0.0,0.0,0.0,40,1240,7,0.0,0.0,0.0,0.497,0.0,-0.014,-0.01,0.471,0.013
pde4b,TankBind,1.0,NEF,,0.0,0.0,0.0,40,1240,13,0.0,0.0,0.0,0.495,0.0,-0.019,-0.016,0.471,0.013
pde4b,TankBind,5.0,NEF,,0.505,1.629,0.505,40,1240,62,1.01,0.332,0.497,0.487,2.525,-0.021,-0.02,0.471,0.013
pde5,TankBind,0.5,NEF,,5.117,16.505,5.117,40,1240,7,1.155,0.856,5.93,0.512,16.505,0.057,0.04,0.697,0.119
pde5,TankBind,1.0,NEF,,5.117,16.505,5.117,40,1240,13,2.146,0.856,5.93,0.522,16.505,0.077,0.066,0.697,0.119
pde5,TankBind,5.0,NEF,,2.013,6.494,2.013,40,1240,62,4.026,0.676,2.083,0.526,10.066,0.042,0.041,0.697,0.119
pdk1,TankBind,0.5,NEF,,5.033,16.237,5.033,40,1240,7,1.137,0.853,5.815,0.512,16.237,0.055,0.039,0.85,0.299
pdk1,TankBind,1.0,NEF,,5.033,16.237,5.033,40,1240,13,2.111,0.853,5.815,0.522,16.237,0.076,0.065,0.85,0.299
pdk1,TankBind,5.0,NEF,,6.04,19.484,6.04,40,1240,62,12.08,0.879,7.26,0.63,30.2,0.211,0.206,0.85,0.299
pi3kg,TankBind,0.5,NEF,,0.0,0.0,0.0,40,1240,7,0.0,0.0,0.0,0.497,0.0,-0.014,-0.01,0.453,0.118
pi3kg,TankBind,1.0,NEF,,5.046,16.277,5.046,40,1240,13,2.116,0.854,5.832,0.522,16.277,0.076,0.065,0.453,0.118
pi3kg,TankBind,5.0,NEF,,2.018,6.511,2.018,40,1240,62,4.037,0.676,2.089,0.526,10.092,0.043,0.042,0.453,0.118
pim-1,TankBind,0.5,NEF,,0.0,0.0,0.0,40,1240,7,0.0,0.0,0.0,0.497,0.0,-0.014,-0.01,0.446,0.0
pim-1,TankBind,1.0,NEF,,0.0,0.0,0.0,40,1240,13,0.0,0.0,0.0,0.495,0.0,-0.019,-0.016,0.446,0.0
pim-1,TankBind,5.0,NEF,,0.0,0.0,0.0,40,1240,62,0.0,0.0,0.0,0.474,0.0,-0.042,-0.041,0.446,0.0
pim-2,TankBind,0.5,NEF,,0.0,0.0,0.0,40,1240,7,0.0,0.0,0.0,0.497,0.0,-0.014,-0.01,0.48,0.036
pim-2,TankBind,1.0,NEF,,0.0,0.0,0.0,40,1240,13,0.0,0.0,0.0,0.495,0.0,-0.019,-0.016,0.48,0.036
pim-2,TankBind,5.0,NEF,,1.008,3.25,1.008,40,1240,62,2.015,0.502,1.008,0.5,5.038,0.0,0.0,0.48,0.036
pnp,TankBind,0.5,NEF,,0.0,0.0,0.0,40,1240,7,0.0,0.0,0.0,0.497,0.0,-0.014,-0.01,0.302,0.003
pnp,TankBind,1.0,NEF,,0.0,0.0,0.0,40,1240,13,0.0,0.0,0.0,0.495,0.0,-0.019,-0.016,0.302,0.003
pnp,TankBind,5.0,NEF,,0.505,1.63,0.505,40,1240,62,1.011,0.332,0.497,0.487,2.527,-0.021,-0.02,0.302,0.003
ppara,TankBind,0.5,NEF,,0.0,0.0,0.0,40,1240,7,0.0,0.0,0.0,0.497,0.0,-0.014,-0.01,0.171,0.0
ppara,TankBind,1.0,NEF,,0.0,0.0,0.0,40,1240,13,0.0,0.0,0.0,0.495,0.0,-0.019,-0.016,0.171,0.0
ppara,TankBind,5.0,NEF,,0.0,0.0,0.0,40,1240,62,0.0,0.0,0.0,0.474,0.0,-0.042,-0.041,0.171,0.0
pparg,TankBind,0.5,NEF,,0.0,0.0,0.0,40,1240,7,0.0,0.0,0.0,0.497,0.0,-0.014,-0.01,0.437,0.003
pparg,TankBind,1.0,NEF,,0.0,0.0,0.0,40,1240,13,0.0,0.0,0.0,0.495,0.0,-0.019,-0.016,0.437,0.003
pparg,TankBind,5.0,NEF,,0.5,1.613,0.5,40,1240,62,1.0,0.33,0.492,0.487,2.5,-0.021,-0.02,0.437,0.003
pr,TankBind,0.5,NEF,,15.51,50.032,15.51,40,1240,7,3.502,0.968,30.039,0.542,50.032,0.2,0.141,0.783,0.349
pr,TankBind,1.0,NEF,,10.34,33.355,10.34,40,1240,13,4.336,0.938,15.015,0.551,33.355,0.176,0.15,0.783,0.349
pr,TankBind,5.0,NEF,,4.055,13.08,4.055,40,1240,62,8.11,0.819,4.515,0.579,20.275,0.128,0.125,0.783,0.349
prkcq,TankBind,0.5,NEF,,0.0,0.0,0.0,40,1240,7,0.0,0.0,0.0,0.497,0.0,-0.014,-0.01,0.704,0.056
prkcq,TankBind,1.0,NEF,,2.504,8.078,2.504,40,1240,13,1.05,0.725,2.636,0.508,8.078,0.028,0.024,0.704,0.056
prkcq,TankBind,5.0,NEF,,1.502,4.847,1.502,40,1240,62,3.005,0.604,1.528,0.513,7.512,0.021,0.021,0.704,0.056
pygl-in,TankBind,0.5,NEF,,0.0,0.0,0.0,40,1240,7,0.0,0.0,0.0,0.497,0.0,-0.014,-0.01,0.516,0.038
pygl-in,TankBind,1.0,NEF,,2.567,8.28,2.567,40,1240,13,1.076,0.73,2.708,0.508,8.28,0.029,0.025,0.516,0.038
pygl-in,TankBind,5.0,NEF,,0.505,1.629,0.505,40,1240,62,1.01,0.332,0.497,0.487,2.525,-0.021,-0.02,0.516,0.038
pygl-out,TankBind,0.5,NEF,,0.0,0.0,0.0,40,1240,7,0.0,0.0,0.0,0.497,0.0,-0.014,-0.01,0.505,0.001
pygl-out,TankBind,1.0,NEF,,0.0,0.0,0.0,40,1240,13,0.0,0.0,0.0,0.495,0.0,-0.019,-0.016,0.505,0.001
pygl-out,TankBind,5.0,NEF,,0.0,0.0,0.0,40,1240,62,0.0,0.0,0.0,0.474,0.0,-0.042,-0.041,0.505,0.001
qpct,TankBind,0.5,NEF,,0.0,0.0,0.0,40,1240,7,0.0,0.0,0.0,0.497,0.0,-0.014,-0.01,0.65,0.011
qpct,TankBind,1.0,NEF,,0.0,0.0,0.0,40,1240,13,0.0,0.0,0.0,0.495,0.0,-0.019,-0.016,0.65,0.011
qpct,TankBind,5.0,NEF,,1.015,3.273,1.015,40,1240,62,2.03,0.504,1.015,0.5,5.074,0.001,0.001,0.65,0.011
rock-1,TankBind,0.5,NEF,,0.0,0.0,0.0,40,1240,7,0.0,0.0,0.0,0.497,0.0,-0.014,-0.01,0.402,0.006
rock-1,TankBind,1.0,NEF,,0.0,0.0,0.0,40,1240,13,0.0,0.0,0.0,0.495,0.0,-0.019,-0.016,0.402,0.006
rock-1,TankBind,5.0,NEF,,0.503,1.622,0.503,40,1240,62,1.006,0.331,0.495,0.487,2.515,-0.021,-0.02,0.402,0.006
rxr,TankBind,0.5,NEF,,12.025,38.79,12.025,40,1240,7,2.715,0.95,19.012,0.532,38.79,0.152,0.107,0.794,0.259
rxr,TankBind,1.0,NEF,,5.344,17.24,5.344,40,1240,13,2.241,0.862,6.249,0.524,17.24,0.082,0.07,0.794,0.259
rxr,TankBind,5.0,NEF,,5.01,16.163,5.01,40,1240,62,10.021,0.853,5.784,0.604,25.052,0.168,0.164,0.794,0.259
sars-hcov,TankBind,0.5,NEF,,0.0,0.0,0.0,39,1209,7,0.0,0.0,0.0,0.497,0.0,-0.014,-0.01,0.436,0.0
sars-hcov,TankBind,1.0,NEF,,0.0,0.0,0.0,39,1209,13,0.0,0.0,0.0,0.494,0.0,-0.019,-0.016,0.436,0.0
sars-hcov,TankBind,5.0,NEF,,0.0,0.0,0.0,39,1209,61,0.0,0.0,0.0,0.474,0.0,-0.042,-0.041,0.436,0.0
sirt2,TankBind,0.5,NEF,,0.0,0.0,0.0,40,1240,7,0.0,0.0,0.0,0.497,0.0,-0.014,-0.01,0.458,0.0
sirt2,TankBind,1.0,NEF,,0.0,0.0,0.0,40,1240,13,0.0,0.0,0.0,0.495,0.0,-0.019,-0.016,0.458,0.0
sirt2,TankBind,5.0,NEF,,0.0,0.0,0.0,40,1240,62,0.0,0.0,0.0,0.474,0.0,-0.042,-0.041,0.458,0.0
src,TankBind,0.5,NEF,,0.0,0.0,0.0,40,1240,7,0.0,0.0,0.0,0.497,0.0,-0.014,-0.01,0.514,0.019
src,TankBind,1.0,NEF,,0.0,0.0,0.0,40,1240,13,0.0,0.0,0.0,0.495,0.0,-0.019,-0.016,0.514,0.019
src,TankBind,5.0,NEF,,2.02,6.516,2.02,40,1240,62,4.04,0.676,2.091,0.526,10.1,0.043,0.042,0.514,0.019
thrombin,TankBind,0.5,NEF,,0.0,0.0,0.0,40,1240,7,0.0,0.0,0.0,0.497,0.0,-0.014,-0.01,0.563,0.054
thrombin,TankBind,1.0,NEF,,0.0,0.0,0.0,40,1240,13,0.0,0.0,0.0,0.495,0.0,-0.019,-0.016,0.563,0.054
thrombin,TankBind,5.0,NEF,,1.516,4.891,1.516,40,1240,62,3.032,0.607,1.543,0.513,7.581,0.022,0.021,0.563,0.054
tie2,TankBind,0.5,NEF,,17.985,58.016,17.985,40,1240,7,4.061,0.976,41.456,0.55,58.016,0.234,0.165,0.792,0.258
tie2,TankBind,1.0,NEF,,8.175,26.371,8.175,40,1240,13,3.428,0.915,10.745,0.539,26.371,0.135,0.115,0.792,0.258
tie2,TankBind,5.0,NEF,,5.081,16.389,5.081,40,1240,62,10.161,0.855,5.88,0.605,25.403,0.171,0.167,0.792,0.258
tk,TankBind,0.5,NEF,,0.0,0.0,0.0,40,1240,7,0.0,0.0,0.0,0.497,0.0,-0.014,-0.01,0.514,0.0
tk,TankBind,1.0,NEF,,0.0,0.0,0.0,40,1240,13,0.0,0.0,0.0,0.495,0.0,-0.019,-0.016,0.514,0.0
tk,TankBind,5.0,NEF,,0.0,0.0,0.0,40,1240,62,0.0,0.0,0.0,0.474,0.0,-0.042,-0.041,0.514,0.0
tp,TankBind,0.5,NEF,,0.0,0.0,0.0,40,1240,7,0.0,0.0,0.0,0.497,0.0,-0.014,-0.01,0.477,0.025
tp,TankBind,1.0,NEF,,0.0,0.0,0.0,40,1240,13,0.0,0.0,0.0,0.495,0.0,-0.019,-0.016,0.477,0.025
tp,TankBind,5.0,NEF,,0.503,1.624,0.503,40,1240,62,1.007,0.331,0.495,0.487,2.517,-0.021,-0.02,0.477,0.025
tpa,TankBind,0.5,NEF,,0.0,0.0,0.0,40,1240,7,0.0,0.0,0.0,0.497,0.0,-0.014,-0.01,0.431,0.007
tpa,TankBind,1.0,NEF,,0.0,0.0,0.0,40,1240,13,0.0,0.0,0.0,0.495,0.0,-0.019,-0.016,0.431,0.007
tpa,TankBind,5.0,NEF,,0.501,1.617,0.501,40,1240,62,1.003,0.33,0.493,0.487,2.506,-0.021,-0.02,0.431,0.007
ts,TankBind,0.5,NEF,,5.083,16.411,5.083,40,1239,7,1.149,0.855,5.885,0.512,16.411,0.056,0.04,0.657,0.153
ts,TankBind,1.0,NEF,,2.542,8.206,2.542,40,1239,13,1.067,0.728,2.679,0.508,8.206,0.029,0.025,0.657,0.153
ts,TankBind,5.0,NEF,,4.0,12.914,4.0,40,1239,62,8.006,0.816,4.445,0.578,20.016,0.126,0.123,0.657,0.153
upa,TankBind,0.5,NEF,,0.0,0.0,0.0,40,1240,7,0.0,0.0,0.0,0.497,0.0,-0.014,-0.01,0.671,0.052
upa,TankBind,1.0,NEF,,0.0,0.0,0.0,40,1240,13,0.0,0.0,0.0,0.495,0.0,-0.019,-0.016,0.671,0.052
upa,TankBind,5.0,NEF,,2.534,8.174,2.534,40,1240,62,5.068,0.728,2.67,0.54,12.669,0.064,0.063,0.671,0.052
vegfr1,TankBind,0.5,NEF,,0.0,0.0,0.0,40,1240,7,0.0,0.0,0.0,0.497,0.0,-0.014,-0.01,0.492,0.002
vegfr1,TankBind,1.0,NEF,,0.0,0.0,0.0,40,1240,13,0.0,0.0,0.0,0.495,0.0,-0.019,-0.016,0.492,0.002
vegfr1,TankBind,5.0,NEF,,0.0,0.0,0.0,40,1240,62,0.0,0.0,0.0,0.474,0.0,-0.042,-0.041,0.492,0.002
vegfr2,TankBind,0.5,NEF,,0.0,0.0,0.0,40,1240,7,0.0,0.0,0.0,0.497,0.0,-0.014,-0.01,0.505,0.005
vegfr2,TankBind,1.0,NEF,,0.0,0.0,0.0,40,1240,13,0.0,0.0,0.0,0.495,0.0,-0.019,-0.016,0.505,0.005
vegfr2,TankBind,5.0,NEF,,0.5,1.614,0.5,40,1240,62,1.001,0.33,0.492,0.487,2.502,-0.021,-0.02,0.505,0.005
11betahsd1,TranformerCPI,0.5,NEF,,0.0,0.0,0.0,40,1240,7,0.0,0.0,0.0,0.497,0.0,-0.014,-0.01,0.387,0.017
11betahsd1,TranformerCPI,1.0,NEF,,0.0,0.0,0.0,40,1240,13,0.0,0.0,0.0,0.495,0.0,-0.019,-0.016,0.387,0.017
11betahsd1,TranformerCPI,5.0,NEF,,1.016,3.276,1.016,40,1240,62,2.031,0.504,1.016,0.5,5.078,0.001,0.001,0.387,0.017
17betahsd1,TranformerCPI,0.5,NEF,,0.0,0.0,0.0,40,1240,7,0.0,0.0,0.0,0.497,0.0,-0.014,-0.01,0.405,0.0
17betahsd1,TranformerCPI,1.0,NEF,,0.0,0.0,0.0,40,1240,13,0.0,0.0,0.0,0.495,0.0,-0.019,-0.016,0.405,0.0
17betahsd1,TranformerCPI,5.0,NEF,,0.0,0.0,0.0,40,1240,62,0.0,0.0,0.0,0.474,0.0,-0.042,-0.041,0.405,0.0
a2a,TranformerCPI,0.5,NEF,,0.0,0.0,0.0,40,1240,7,0.0,0.0,0.0,0.497,0.0,-0.014,-0.01,0.322,0.001
a2a,TranformerCPI,1.0,NEF,,0.0,0.0,0.0,40,1240,13,0.0,0.0,0.0,0.495,0.0,-0.019,-0.016,0.322,0.001
a2a,TranformerCPI,5.0,NEF,,0.0,0.0,0.0,40,1240,62,0.0,0.0,0.0,0.474,0.0,-0.042,-0.041,0.322,0.001
ace,TranformerCPI,0.5,NEF,,0.0,0.0,0.0,40,1240,7,0.0,0.0,0.0,0.497,0.0,-0.014,-0.01,0.322,0.0
ace,TranformerCPI,1.0,NEF,,0.0,0.0,0.0,40,1240,13,0.0,0.0,0.0,0.495,0.0,-0.019,-0.016,0.322,0.0
ace,TranformerCPI,5.0,NEF,,0.0,0.0,0.0,40,1240,62,0.0,0.0,0.0,0.474,0.0,-0.042,-0.041,0.322,0.0
ace2,TranformerCPI,0.5,NEF,,0.0,0.0,0.0,40,1240,7,0.0,0.0,0.0,0.497,0.0,-0.014,-0.01,0.508,0.0
ace2,TranformerCPI,1.0,NEF,,0.0,0.0,0.0,40,1240,13,0.0,0.0,0.0,0.495,0.0,-0.019,-0.016,0.508,0.0
ace2,TranformerCPI,5.0,NEF,,0.0,0.0,0.0,40,1240,62,0.0,0.0,0.0,0.474,0.0,-0.042,-0.041,0.508,0.0
ache,TranformerCPI,0.5,NEF,,0.0,0.0,0.0,40,1240,7,0.0,0.0,0.0,0.497,0.0,-0.014,-0.01,0.459,0.0
ache,TranformerCPI,1.0,NEF,,0.0,0.0,0.0,40,1240,13,0.0,0.0,0.0,0.495,0.0,-0.019,-0.016,0.459,0.0
ache,TranformerCPI,5.0,NEF,,0.0,0.0,0.0,40,1240,62,0.0,0.0,0.0,0.474,0.0,-0.042,-0.041,0.459,0.0
adam17,TranformerCPI,0.5,NEF,,0.0,0.0,0.0,40,1240,7,0.0,0.0,0.0,0.497,0.0,-0.014,-0.01,0.582,0.0
adam17,TranformerCPI,1.0,NEF,,0.0,0.0,0.0,40,1240,13,0.0,0.0,0.0,0.495,0.0,-0.019,-0.016,0.582,0.0
adam17,TranformerCPI,5.0,NEF,,0.0,0.0,0.0,40,1240,62,0.0,0.0,0.0,0.474,0.0,-0.042,-0.041,0.582,0.0
adrb2,TranformerCPI,0.5,NEF,,0.0,0.0,0.0,40,1240,7,0.0,0.0,0.0,0.497,0.0,-0.014,-0.01,0.544,0.04
adrb2,TranformerCPI,1.0,NEF,,0.0,0.0,0.0,40,1240,13,0.0,0.0,0.0,0.495,0.0,-0.019,-0.016,0.544,0.04
adrb2,TranformerCPI,5.0,NEF,,1.514,4.885,1.514,40,1240,62,3.029,0.606,1.541,0.513,7.572,0.022,0.021,0.544,0.04
akt1,TranformerCPI,0.5,NEF,,11.83,38.161,11.83,40,1240,7,2.671,0.949,18.513,0.532,38.161,0.149,0.105,0.784,0.284
akt1,TranformerCPI,1.0,NEF,,8.066,26.019,8.066,40,1240,13,3.382,0.913,10.551,0.538,26.019,0.133,0.114,0.784,0.284
akt1,TranformerCPI,5.0,NEF,,5.514,17.787,5.514,40,1240,62,11.028,0.866,6.491,0.617,27.57,0.189,0.184,0.784,0.284
alr2,TranformerCPI,0.5,NEF,,5.108,16.478,5.108,40,1240,7,1.153,0.855,5.919,0.512,16.478,0.057,0.04,0.539,0.153
alr2,TranformerCPI,1.0,NEF,,2.554,8.239,2.554,40,1240,13,1.071,0.729,2.694,0.508,8.239,0.029,0.025,0.539,0.153
alr2,TranformerCPI,5.0,NEF,,3.015,9.725,3.015,40,1240,62,6.03,0.764,3.232,0.552,15.074,0.084,0.082,0.539,0.153
ar,TranformerCPI,0.5,NEF,,10.733,34.624,10.733,40,1240,7,2.424,0.941,15.888,0.528,34.624,0.134,0.094,0.784,0.333
ar,TranformerCPI,1.0,NEF,,5.367,17.312,5.367,40,1240,13,2.251,0.863,6.281,0.524,17.312,0.082,0.07,0.784,0.333
ar,TranformerCPI,5.0,NEF,,3.019,9.738,3.019,40,1240,62,6.038,0.764,3.237,0.552,15.094,0.085,0.082,0.784,0.333
aurka,TranformerCPI,0.5,NEF,,0.0,0.0,0.0,40,1240,7,0.0,0.0,0.0,0.497,0.0,-0.014,-0.01,0.511,0.036
aurka,TranformerCPI,1.0,NEF,,2.523,8.138,2.523,40,1240,13,1.058,0.727,2.658,0.508,8.138,0.029,0.024,0.511,0.036
aurka,TranformerCPI,5.0,NEF,,0.505,1.628,0.505,40,1240,62,1.009,0.332,0.496,0.487,2.523,-0.021,-0.02,0.511,0.036
aurkb,TranformerCPI,0.5,NEF,,5.062,16.331,5.062,40,1240,7,1.143,0.854,5.855,0.512,16.331,0.056,0.039,0.672,0.17
aurkb,TranformerCPI,1.0,NEF,,5.062,16.331,5.062,40,1240,13,2.123,0.854,5.855,0.522,16.331,0.076,0.065,0.672,0.17
aurkb,TranformerCPI,5.0,NEF,,4.556,14.698,4.556,40,1240,62,9.112,0.838,5.169,0.592,22.781,0.149,0.145,0.672,0.17
bcl2,TranformerCPI,0.5,NEF,,0.0,0.0,0.0,40,1240,7,0.0,0.0,0.0,0.497,0.0,-0.014,-0.01,0.647,0.005
bcl2,TranformerCPI,1.0,NEF,,0.0,0.0,0.0,40,1240,13,0.0,0.0,0.0,0.495,0.0,-0.019,-0.016,0.647,0.005
bcl2,TranformerCPI,5.0,NEF,,1.002,3.234,1.002,40,1240,62,2.005,0.501,1.003,0.5,5.012,0.0,0.0,0.647,0.005
braf,TranformerCPI,0.5,NEF,,5.042,16.263,5.042,40,1240,7,1.138,0.854,5.827,0.512,16.263,0.056,0.039,0.69,0.143
braf,TranformerCPI,1.0,NEF,,5.042,16.263,5.042,40,1240,13,2.114,0.854,5.827,0.522,16.263,0.076,0.065,0.69,0.143
braf,TranformerCPI,5.0,NEF,,2.521,8.132,2.521,40,1240,62,5.042,0.726,2.655,0.539,12.604,0.064,0.062,0.69,0.143
catl,TranformerCPI,0.5,NEF,,5.138,16.573,5.138,40,1240,7,1.16,0.856,5.959,0.512,16.573,0.057,0.04,0.597,0.174
catl,TranformerCPI,1.0,NEF,,5.138,16.573,5.138,40,1240,13,2.154,0.856,5.959,0.522,16.573,0.078,0.067,0.597,0.174
catl,TranformerCPI,5.0,NEF,,3.537,11.411,3.537,40,1240,62,7.075,0.794,3.864,0.566,17.686,0.106,0.104,0.597,0.174
cdk2,TranformerCPI,0.5,NEF,,0.0,0.0,0.0,40,1240,7,0.0,0.0,0.0,0.497,0.0,-0.014,-0.01,0.522,0.155
cdk2,TranformerCPI,1.0,NEF,,8.155,26.305,8.155,40,1240,13,3.42,0.915,10.708,0.539,26.305,0.134,0.115,0.522,0.155
cdk2,TranformerCPI,5.0,NEF,,2.027,6.539,2.027,40,1240,62,4.054,0.677,2.099,0.527,10.136,0.043,0.042,0.522,0.155
cox1,TranformerCPI,0.5,NEF,,0.0,0.0,0.0,40,1240,7,0.0,0.0,0.0,0.497,0.0,-0.014,-0.01,0.561,0.044
cox1,TranformerCPI,1.0,NEF,,0.0,0.0,0.0,40,1240,13,0.0,0.0,0.0,0.495,0.0,-0.019,-0.016,0.561,0.044
cox1,TranformerCPI,5.0,NEF,,1.501,4.843,1.501,40,1240,62,3.003,0.604,1.527,0.513,7.507,0.021,0.02,0.561,0.044
cox2,TranformerCPI,0.5,NEF,,0.0,0.0,0.0,40,1240,7,0.0,0.0,0.0,0.497,0.0,-0.014,-0.01,0.657,0.053
cox2,TranformerCPI,1.0,NEF,,0.0,0.0,0.0,40,1240,13,0.0,0.0,0.0,0.495,0.0,-0.019,-0.016,0.657,0.053
cox2,TranformerCPI,5.0,NEF,,2.043,6.59,2.043,40,1240,62,4.086,0.679,2.116,0.527,10.214,0.044,0.043,0.657,0.053
ctsk,TranformerCPI,0.5,NEF,,0.0,0.0,0.0,40,1240,7,0.0,0.0,0.0,0.497,0.0,-0.014,-0.01,0.435,0.0
ctsk,TranformerCPI,1.0,NEF,,0.0,0.0,0.0,40,1240,13,0.0,0.0,0.0,0.495,0.0,-0.019,-0.016,0.435,0.0
ctsk,TranformerCPI,5.0,NEF,,0.0,0.0,0.0,40,1240,62,0.0,0.0,0.0,0.474,0.0,-0.042,-0.041,0.435,0.0
cyp2a6,TranformerCPI,0.5,NEF,,0.0,0.0,0.0,40,1240,7,0.0,0.0,0.0,0.497,0.0,-0.014,-0.01,0.355,0.025
cyp2a6,TranformerCPI,1.0,NEF,,0.0,0.0,0.0,40,1240,13,0.0,0.0,0.0,0.495,0.0,-0.019,-0.016,0.355,0.025
cyp2a6,TranformerCPI,5.0,NEF,,0.502,1.618,0.502,40,1240,62,1.003,0.33,0.493,0.487,2.508,-0.021,-0.02,0.355,0.025
dhfr,TranformerCPI,0.5,NEF,,0.0,0.0,0.0,40,1240,7,0.0,0.0,0.0,0.497,0.0,-0.014,-0.01,0.515,0.059
dhfr,TranformerCPI,1.0,NEF,,2.55,8.226,2.55,40,1240,13,1.069,0.729,2.689,0.508,8.226,0.029,0.025,0.515,0.059
dhfr,TranformerCPI,5.0,NEF,,2.007,6.473,2.007,40,1240,62,4.013,0.675,2.076,0.526,10.033,0.042,0.041,0.515,0.059
egfr,TranformerCPI,0.5,NEF,,10.05,32.419,10.05,40,1240,7,2.269,0.935,14.391,0.526,32.419,0.124,0.088,0.745,0.202
egfr,TranformerCPI,1.0,NEF,,5.025,16.21,5.025,40,1240,13,2.107,0.853,5.804,0.522,16.21,0.076,0.065,0.745,0.202
egfr,TranformerCPI,5.0,NEF,,5.025,16.21,5.025,40,1240,62,10.05,0.853,5.804,0.604,25.125,0.169,0.164,0.745,0.202
ephb4,TranformerCPI,0.5,NEF,,0.0,0.0,0.0,40,1240,7,0.0,0.0,0.0,0.497,0.0,-0.014,-0.01,0.638,0.003
ephb4,TranformerCPI,1.0,NEF,,0.0,0.0,0.0,40,1240,13,0.0,0.0,0.0,0.495,0.0,-0.019,-0.016,0.638,0.003
ephb4,TranformerCPI,5.0,NEF,,0.506,1.632,0.506,40,1240,62,1.012,0.332,0.498,0.487,2.529,-0.021,-0.02,0.638,0.003
erbb2,TranformerCPI,0.5,NEF,,5.92,19.097,5.92,40,1240,7,1.337,0.876,7.081,0.514,19.097,0.068,0.048,0.717,0.261
erbb2,TranformerCPI,1.0,NEF,,8.073,26.041,8.073,40,1240,13,3.385,0.914,10.563,0.538,26.041,0.133,0.114,0.717,0.261
erbb2,TranformerCPI,5.0,NEF,,5.017,16.184,5.017,40,1240,62,10.034,0.853,5.793,0.604,25.085,0.168,0.164,0.717,0.261
er-beta,TranformerCPI,0.5,NEF,,0.0,0.0,0.0,40,1240,7,0.0,0.0,0.0,0.497,0.0,-0.014,-0.01,0.348,0.0
er-beta,TranformerCPI,1.0,NEF,,0.0,0.0,0.0,40,1240,13,0.0,0.0,0.0,0.495,0.0,-0.019,-0.016,0.348,0.0
er-beta,TranformerCPI,5.0,NEF,,0.0,0.0,0.0,40,1240,62,0.0,0.0,0.0,0.474,0.0,-0.042,-0.041,0.348,0.0
fgfr1,TranformerCPI,0.5,NEF,,0.0,0.0,0.0,40,1240,7,0.0,0.0,0.0,0.497,0.0,-0.014,-0.01,0.757,0.01
fgfr1,TranformerCPI,1.0,NEF,,0.0,0.0,0.0,40,1240,13,0.0,0.0,0.0,0.495,0.0,-0.019,-0.016,0.757,0.01
fgfr1,TranformerCPI,5.0,NEF,,0.508,1.639,0.508,40,1240,62,1.016,0.333,0.5,0.487,2.541,-0.021,-0.02,0.757,0.01
fkbp1a,TranformerCPI,0.5,NEF,,0.0,0.0,0.0,40,1240,7,0.0,0.0,0.0,0.497,0.0,-0.014,-0.01,0.273,0.0
fkbp1a,TranformerCPI,1.0,NEF,,0.0,0.0,0.0,40,1240,13,0.0,0.0,0.0,0.495,0.0,-0.019,-0.016,0.273,0.0
fkbp1a,TranformerCPI,5.0,NEF,,0.0,0.0,0.0,40,1240,62,0.0,0.0,0.0,0.474,0.0,-0.042,-0.041,0.273,0.0
fxa,TranformerCPI,0.5,NEF,,5.97,19.258,5.97,40,1240,7,1.348,0.877,7.155,0.514,19.258,0.068,0.048,0.556,0.097
fxa,TranformerCPI,1.0,NEF,,2.714,8.754,2.714,40,1240,13,1.138,0.742,2.878,0.509,8.754,0.032,0.028,0.556,0.097
fxa,TranformerCPI,5.0,NEF,,1.012,3.264,1.012,40,1240,62,2.024,0.503,1.012,0.5,5.059,0.0,0.0,0.556,0.097
gba,TranformerCPI,0.5,NEF,,10.292,33.199,10.292,40,1240,7,2.324,0.937,14.909,0.527,33.199,0.128,0.09,0.621,0.202
gba,TranformerCPI,1.0,NEF,,7.719,24.899,7.719,40,1240,13,3.237,0.909,9.946,0.536,24.899,0.126,0.108,0.621,0.202
gba,TranformerCPI,5.0,NEF,,2.531,8.164,2.531,40,1240,62,5.061,0.727,2.667,0.54,12.654,0.064,0.062,0.621,0.202
gr,TranformerCPI,0.5,NEF,,10.192,32.876,10.192,40,1240,7,2.301,0.936,14.694,0.527,32.876,0.126,0.089,0.76,0.513
gr,TranformerCPI,1.0,NEF,,17.835,57.534,17.835,40,1240,13,7.479,0.976,40.644,0.591,57.534,0.316,0.271,0.76,0.513
gr,TranformerCPI,5.0,NEF,,10.025,32.337,10.025,40,1240,62,20.049,0.935,14.338,0.733,50.123,0.378,0.368,0.76,0.513
gsk3b,TranformerCPI,0.5,NEF,,0.0,0.0,0.0,40,1240,7,0.0,0.0,0.0,0.497,0.0,-0.014,-0.01,0.56,0.056
gsk3b,TranformerCPI,1.0,NEF,,0.0,0.0,0.0,40,1240,13,0.0,0.0,0.0,0.495,0.0,-0.019,-0.016,0.56,0.056
gsk3b,TranformerCPI,5.0,NEF,,2.512,8.105,2.512,40,1240,62,5.025,0.726,2.646,0.539,12.563,0.063,0.062,0.56,0.056
hdac2,TranformerCPI,0.5,NEF,,0.0,0.0,0.0,40,1240,7,0.0,0.0,0.0,0.497,0.0,-0.014,-0.01,0.468,0.011
hdac2,TranformerCPI,1.0,NEF,,0.0,0.0,0.0,40,1240,13,0.0,0.0,0.0,0.495,0.0,-0.019,-0.016,0.468,0.011
hdac2,TranformerCPI,5.0,NEF,,1.518,4.895,1.518,40,1240,62,3.035,0.607,1.544,0.513,7.587,0.022,0.021,0.468,0.011
hdac8,TranformerCPI,0.5,NEF,,0.0,0.0,0.0,40,1240,7,0.0,0.0,0.0,0.497,0.0,-0.014,-0.01,0.479,0.014
hdac8,TranformerCPI,1.0,NEF,,0.0,0.0,0.0,40,1240,13,0.0,0.0,0.0,0.495,0.0,-0.019,-0.016,0.479,0.014
hdac8,TranformerCPI,5.0,NEF,,1.011,3.263,1.011,40,1240,62,2.023,0.503,1.012,0.5,5.057,0.0,0.0,0.479,0.014
hiv1pr,TranformerCPI,0.5,NEF,,0.0,0.0,0.0,40,1240,7,0.0,0.0,0.0,0.497,0.0,-0.014,-0.01,0.472,0.0
hiv1pr,TranformerCPI,1.0,NEF,,0.0,0.0,0.0,40,1240,13,0.0,0.0,0.0,0.495,0.0,-0.019,-0.016,0.472,0.0
hiv1pr,TranformerCPI,5.0,NEF,,0.0,0.0,0.0,40,1240,62,0.0,0.0,0.0,0.474,0.0,-0.042,-0.041,0.472,0.0
hiv1rt,TranformerCPI,0.5,NEF,,0.0,0.0,0.0,40,1240,7,0.0,0.0,0.0,0.497,0.0,-0.014,-0.01,0.516,0.004
hiv1rt,TranformerCPI,1.0,NEF,,0.0,0.0,0.0,40,1240,13,0.0,0.0,0.0,0.495,0.0,-0.019,-0.016,0.516,0.004
hiv1rt,TranformerCPI,5.0,NEF,,0.508,1.638,0.508,40,1240,62,1.016,0.333,0.5,0.487,2.54,-0.021,-0.02,0.516,0.004
hmgr,TranformerCPI,0.5,NEF,,5.154,16.626,5.154,40,1240,7,1.164,0.857,5.983,0.512,16.626,0.057,0.04,0.522,0.053
hmgr,TranformerCPI,1.0,NEF,,2.577,8.313,2.577,40,1240,13,1.081,0.731,2.72,0.509,8.313,0.03,0.025,0.522,0.053
hmgr,TranformerCPI,5.0,NEF,,0.507,1.635,0.507,40,1240,62,1.014,0.333,0.499,0.487,2.535,-0.021,-0.02,0.522,0.053
hsp90,TranformerCPI,0.5,NEF,,0.0,0.0,0.0,40,1240,7,0.0,0.0,0.0,0.497,0.0,-0.014,-0.01,0.585,0.035
hsp90,TranformerCPI,1.0,NEF,,0.0,0.0,0.0,40,1240,13,0.0,0.0,0.0,0.495,0.0,-0.019,-0.016,0.585,0.035
hsp90,TranformerCPI,5.0,NEF,,1.518,4.895,1.518,40,1240,62,3.035,0.607,1.544,0.513,7.587,0.022,0.021,0.585,0.035
igf1r,TranformerCPI,0.5,NEF,,5.815,18.758,5.815,40,1240,7,1.313,0.874,6.927,0.514,18.758,0.066,0.047,0.786,0.336
igf1r,TranformerCPI,1.0,NEF,,10.573,34.106,10.573,40,1240,13,4.434,0.939,15.527,0.552,34.106,0.18,0.154,0.786,0.336
igf1r,TranformerCPI,5.0,NEF,,6.016,19.405,6.016,40,1240,62,12.031,0.878,7.223,0.63,30.078,0.21,0.205,0.786,0.336
inha,TranformerCPI,0.5,NEF,,0.0,0.0,0.0,40,1240,7,0.0,0.0,0.0,0.497,0.0,-0.014,-0.01,0.191,0.0
inha,TranformerCPI,1.0,NEF,,0.0,0.0,0.0,40,1240,13,0.0,0.0,0.0,0.495,0.0,-0.019,-0.016,0.191,0.0
inha,TranformerCPI,5.0,NEF,,0.0,0.0,0.0,40,1240,62,0.0,0.0,0.0,0.474,0.0,-0.042,-0.041,0.191,0.0
itk,TranformerCPI,0.5,NEF,,0.0,0.0,0.0,40,1240,7,0.0,0.0,0.0,0.497,0.0,-0.014,-0.01,0.565,0.0
itk,TranformerCPI,1.0,NEF,,0.0,0.0,0.0,40,1240,13,0.0,0.0,0.0,0.495,0.0,-0.019,-0.016,0.565,0.0
itk,TranformerCPI,5.0,NEF,,0.0,0.0,0.0,40,1240,62,0.0,0.0,0.0,0.474,0.0,-0.042,-0.041,0.565,0.0
jak3,TranformerCPI,0.5,NEF,,11.97,38.613,11.97,40,1240,7,2.703,0.95,18.87,0.532,38.613,0.151,0.106,0.754,0.162
jak3,TranformerCPI,1.0,NEF,,5.441,17.551,5.441,40,1240,13,2.282,0.865,6.386,0.524,17.551,0.083,0.071,0.754,0.162
jak3,TranformerCPI,5.0,NEF,,3.043,9.817,3.043,40,1240,62,6.086,0.766,3.266,0.553,15.216,0.086,0.083,0.754,0.162
jnk1,TranformerCPI,0.5,NEF,,0.0,0.0,0.0,40,1240,7,0.0,0.0,0.0,0.497,0.0,-0.014,-0.01,0.607,0.048
jnk1,TranformerCPI,1.0,NEF,,2.725,8.79,2.725,40,1240,13,1.143,0.743,2.891,0.509,8.79,0.032,0.028,0.607,0.048
jnk1,TranformerCPI,5.0,NEF,,1.524,4.917,1.524,40,1240,62,3.048,0.608,1.551,0.514,7.621,0.022,0.021,0.607,0.048
jnk2,TranformerCPI,0.5,NEF,,0.0,0.0,0.0,40,1240,7,0.0,0.0,0.0,0.497,0.0,-0.014,-0.01,0.555,0.014
jnk2,TranformerCPI,1.0,NEF,,0.0,0.0,0.0,40,1240,13,0.0,0.0,0.0,0.495,0.0,-0.019,-0.016,0.555,0.014
jnk2,TranformerCPI,5.0,NEF,,0.505,1.63,0.505,40,1240,62,1.01,0.332,0.497,0.487,2.526,-0.021,-0.02,0.555,0.014
jnk3,TranformerCPI,0.5,NEF,,0.0,0.0,0.0,40,1240,7,0.0,0.0,0.0,0.497,0.0,-0.014,-0.01,0.537,0.011
jnk3,TranformerCPI,1.0,NEF,,0.0,0.0,0.0,40,1240,13,0.0,0.0,0.0,0.495,0.0,-0.019,-0.016,0.537,0.011
jnk3,TranformerCPI,5.0,NEF,,1.008,3.253,1.008,40,1240,62,2.017,0.502,1.009,0.5,5.042,0.0,0.0,0.537,0.011
kif11,TranformerCPI,0.5,NEF,,0.0,0.0,0.0,40,1240,7,0.0,0.0,0.0,0.497,0.0,-0.014,-0.01,0.381,0.0
kif11,TranformerCPI,1.0,NEF,,0.0,0.0,0.0,40,1240,13,0.0,0.0,0.0,0.495,0.0,-0.019,-0.016,0.381,0.0
kif11,TranformerCPI,5.0,NEF,,0.0,0.0,0.0,40,1240,62,0.0,0.0,0.0,0.474,0.0,-0.042,-0.041,0.381,0.0
lck,TranformerCPI,0.5,NEF,,0.0,0.0,0.0,40,1240,7,0.0,0.0,0.0,0.497,0.0,-0.014,-0.01,0.66,0.048
lck,TranformerCPI,1.0,NEF,,0.0,0.0,0.0,40,1240,13,0.0,0.0,0.0,0.495,0.0,-0.019,-0.016,0.66,0.048
lck,TranformerCPI,5.0,NEF,,3.01,9.71,3.01,40,1240,62,6.02,0.763,3.226,0.552,15.05,0.084,0.082,0.66,0.048
mdm2,TranformerCPI,0.5,NEF,,0.0,0.0,0.0,40,1240,7,0.0,0.0,0.0,0.497,0.0,-0.014,-0.01,0.257,0.0
mdm2,TranformerCPI,1.0,NEF,,0.0,0.0,0.0,40,1240,13,0.0,0.0,0.0,0.495,0.0,-0.019,-0.016,0.257,0.0
mdm2,TranformerCPI,5.0,NEF,,0.0,0.0,0.0,40,1240,62,0.0,0.0,0.0,0.474,0.0,-0.042,-0.041,0.257,0.0
mk2,TranformerCPI,0.5,NEF,,0.0,0.0,0.0,40,1240,7,0.0,0.0,0.0,0.497,0.0,-0.014,-0.01,0.622,0.05
mk2,TranformerCPI,1.0,NEF,,0.0,0.0,0.0,40,1240,13,0.0,0.0,0.0,0.495,0.0,-0.019,-0.016,0.622,0.05
mk2,TranformerCPI,5.0,NEF,,2.012,6.491,2.012,40,1240,62,4.024,0.676,2.082,0.526,10.06,0.042,0.041,0.622,0.05
mmp2,TranformerCPI,0.5,NEF,,0.0,0.0,0.0,40,1240,7,0.0,0.0,0.0,0.497,0.0,-0.014,-0.01,0.525,0.0
mmp2,TranformerCPI,1.0,NEF,,0.0,0.0,0.0,40,1240,13,0.0,0.0,0.0,0.495,0.0,-0.019,-0.016,0.525,0.0
mmp2,TranformerCPI,5.0,NEF,,0.0,0.0,0.0,40,1240,62,0.0,0.0,0.0,0.474,0.0,-0.042,-0.041,0.525,0.0
na,TranformerCPI,0.5,NEF,,0.0,0.0,0.0,40,1240,7,0.0,0.0,0.0,0.497,0.0,-0.014,-0.01,0.315,0.0
na,TranformerCPI,1.0,NEF,,0.0,0.0,0.0,40,1240,13,0.0,0.0,0.0,0.495,0.0,-0.019,-0.016,0.315,0.0
na,TranformerCPI,5.0,NEF,,0.0,0.0,0.0,40,1240,62,0.0,0.0,0.0,0.474,0.0,-0.042,-0.041,0.315,0.0
p38-alpha,TranformerCPI,0.5,NEF,,0.0,0.0,0.0,40,1240,7,0.0,0.0,0.0,0.497,0.0,-0.014,-0.01,0.456,0.003
p38-alpha,TranformerCPI,1.0,NEF,,0.0,0.0,0.0,40,1240,13,0.0,0.0,0.0,0.495,0.0,-0.019,-0.016,0.456,0.003
p38-alpha,TranformerCPI,5.0,NEF,,0.501,1.616,0.501,40,1240,62,1.002,0.33,0.493,0.487,2.504,-0.021,-0.02,0.456,0.003
parp-1,TranformerCPI,0.5,NEF,,0.0,0.0,0.0,40,1240,7,0.0,0.0,0.0,0.497,0.0,-0.014,-0.01,0.369,0.002
parp-1,TranformerCPI,1.0,NEF,,0.0,0.0,0.0,40,1240,13,0.0,0.0,0.0,0.495,0.0,-0.019,-0.016,0.369,0.002
parp-1,TranformerCPI,5.0,NEF,,0.502,1.62,0.502,40,1240,62,1.004,0.331,0.494,0.487,2.51,-0.021,-0.02,0.369,0.002
pde4b,TranformerCPI,0.5,NEF,,0.0,0.0,0.0,40,1240,7,0.0,0.0,0.0,0.497,0.0,-0.014,-0.01,0.61,0.001
pde4b,TranformerCPI,1.0,NEF,,0.0,0.0,0.0,40,1240,13,0.0,0.0,0.0,0.495,0.0,-0.019,-0.016,0.61,0.001
pde4b,TranformerCPI,5.0,NEF,,0.0,0.0,0.0,40,1240,62,0.0,0.0,0.0,0.474,0.0,-0.042,-0.041,0.61,0.001
pde5,TranformerCPI,0.5,NEF,,0.0,0.0,0.0,40,1240,7,0.0,0.0,0.0,0.497,0.0,-0.014,-0.01,0.616,0.069
pde5,TranformerCPI,1.0,NEF,,2.558,8.253,2.558,40,1240,13,1.073,0.73,2.699,0.508,8.253,0.029,0.025,0.616,0.069
pde5,TranformerCPI,5.0,NEF,,1.51,4.87,1.51,40,1240,62,3.02,0.606,1.536,0.513,7.549,0.021,0.021,0.616,0.069
pdk1,TranformerCPI,0.5,NEF,,0.0,0.0,0.0,40,1240,7,0.0,0.0,0.0,0.497,0.0,-0.014,-0.01,0.533,0.052
pdk1,TranformerCPI,1.0,NEF,,2.517,8.118,2.517,40,1240,13,1.055,0.726,2.651,0.508,8.118,0.029,0.024,0.533,0.052
pdk1,TranformerCPI,5.0,NEF,,2.013,6.495,2.013,40,1240,62,4.027,0.676,2.084,0.526,10.067,0.042,0.041,0.533,0.052
pim-1,TranformerCPI,0.5,NEF,,0.0,0.0,0.0,40,1240,7,0.0,0.0,0.0,0.497,0.0,-0.014,-0.01,0.489,0.023
pim-1,TranformerCPI,1.0,NEF,,0.0,0.0,0.0,40,1240,13,0.0,0.0,0.0,0.495,0.0,-0.019,-0.016,0.489,0.023
pim-1,TranformerCPI,5.0,NEF,,1.511,4.875,1.511,40,1240,62,3.022,0.606,1.537,0.513,7.556,0.021,0.021,0.489,0.023
pim-2,TranformerCPI,0.5,NEF,,0.0,0.0,0.0,40,1240,7,0.0,0.0,0.0,0.497,0.0,-0.014,-0.01,0.583,0.022
pim-2,TranformerCPI,1.0,NEF,,0.0,0.0,0.0,40,1240,13,0.0,0.0,0.0,0.495,0.0,-0.019,-0.016,0.583,0.022
pim-2,TranformerCPI,5.0,NEF,,2.519,8.125,2.519,40,1240,62,5.038,0.726,2.653,0.539,12.594,0.064,0.062,0.583,0.022
pnp,TranformerCPI,0.5,NEF,,5.138,16.573,5.138,40,1240,7,1.16,0.856,5.959,0.512,16.573,0.057,0.04,0.289,0.059
pnp,TranformerCPI,1.0,NEF,,2.569,8.286,2.569,40,1240,13,1.077,0.73,2.71,0.508,8.286,0.029,0.025,0.289,0.059
pnp,TranformerCPI,5.0,NEF,,1.516,4.89,1.516,40,1240,62,3.032,0.607,1.543,0.513,7.58,0.022,0.021,0.289,0.059
ppara,TranformerCPI,0.5,NEF,,0.0,0.0,0.0,40,1240,7,0.0,0.0,0.0,0.497,0.0,-0.014,-0.01,0.432,0.008
ppara,TranformerCPI,1.0,NEF,,0.0,0.0,0.0,40,1240,13,0.0,0.0,0.0,0.495,0.0,-0.019,-0.016,0.432,0.008
ppara,TranformerCPI,5.0,NEF,,0.5,1.613,0.5,40,1240,62,1.0,0.33,0.492,0.487,2.5,-0.021,-0.02,0.432,0.008
pparg,TranformerCPI,0.5,NEF,,0.0,0.0,0.0,40,1240,7,0.0,0.0,0.0,0.497,0.0,-0.014,-0.01,0.459,0.001
pparg,TranformerCPI,1.0,NEF,,0.0,0.0,0.0,40,1240,13,0.0,0.0,0.0,0.495,0.0,-0.019,-0.016,0.459,0.001
pparg,TranformerCPI,5.0,NEF,,0.0,0.0,0.0,40,1240,62,0.0,0.0,0.0,0.474,0.0,-0.042,-0.041,0.459,0.001
pr,TranformerCPI,0.5,NEF,,10.34,33.355,10.34,40,1240,7,2.335,0.938,15.015,0.527,33.355,0.128,0.091,0.633,0.242
pr,TranformerCPI,1.0,NEF,,7.755,25.016,7.755,40,1240,13,3.252,0.909,10.009,0.537,25.016,0.127,0.109,0.633,0.242
pr,TranformerCPI,5.0,NEF,,2.534,8.175,2.534,40,1240,62,5.069,0.728,2.671,0.54,12.672,0.064,0.063,0.633,0.242
prkcq,TranformerCPI,0.5,NEF,,0.0,0.0,0.0,40,1240,7,0.0,0.0,0.0,0.497,0.0,-0.014,-0.01,0.735,0.08
prkcq,TranformerCPI,1.0,NEF,,0.0,0.0,0.0,40,1240,13,0.0,0.0,0.0,0.495,0.0,-0.019,-0.016,0.735,0.08
prkcq,TranformerCPI,5.0,NEF,,4.508,14.54,4.508,40,1240,62,9.015,0.836,5.104,0.591,22.538,0.147,0.143,0.735,0.08
pygl-in,TranformerCPI,0.5,NEF,,0.0,0.0,0.0,40,1240,7,0.0,0.0,0.0,0.497,0.0,-0.014,-0.01,0.327,0.002
pygl-in,TranformerCPI,1.0,NEF,,0.0,0.0,0.0,40,1240,13,0.0,0.0,0.0,0.495,0.0,-0.019,-0.016,0.327,0.002
pygl-in,TranformerCPI,5.0,NEF,,0.505,1.629,0.505,40,1240,62,1.01,0.332,0.497,0.487,2.525,-0.021,-0.02,0.327,0.002
pygl-out,TranformerCPI,0.5,NEF,,0.0,0.0,0.0,40,1240,7,0.0,0.0,0.0,0.497,0.0,-0.014,-0.01,0.476,0.0
pygl-out,TranformerCPI,1.0,NEF,,0.0,0.0,0.0,40,1240,13,0.0,0.0,0.0,0.495,0.0,-0.019,-0.016,0.476,0.0
pygl-out,TranformerCPI,5.0,NEF,,0.0,0.0,0.0,40,1240,62,0.0,0.0,0.0,0.474,0.0,-0.042,-0.041,0.476,0.0
qpct,TranformerCPI,0.5,NEF,,0.0,0.0,0.0,40,1240,7,0.0,0.0,0.0,0.497,0.0,-0.014,-0.01,0.613,0.018
qpct,TranformerCPI,1.0,NEF,,0.0,0.0,0.0,40,1240,13,0.0,0.0,0.0,0.495,0.0,-0.019,-0.016,0.613,0.018
qpct,TranformerCPI,5.0,NEF,,1.522,4.91,1.522,40,1240,62,3.044,0.608,1.549,0.513,7.611,0.022,0.021,0.613,0.018
rock-1,TranformerCPI,0.5,NEF,,0.0,0.0,0.0,40,1240,7,0.0,0.0,0.0,0.497,0.0,-0.014,-0.01,0.441,0.057
rock-1,TranformerCPI,1.0,NEF,,2.515,8.112,2.515,40,1240,13,1.055,0.726,2.648,0.508,8.112,0.028,0.024,0.441,0.057
rock-1,TranformerCPI,5.0,NEF,,1.509,4.867,1.509,40,1240,62,3.018,0.605,1.535,0.513,7.544,0.021,0.021,0.441,0.057
rxr,TranformerCPI,0.5,NEF,,0.0,0.0,0.0,40,1240,7,0.0,0.0,0.0,0.497,0.0,-0.014,-0.01,0.568,0.001
rxr,TranformerCPI,1.0,NEF,,0.0,0.0,0.0,40,1240,13,0.0,0.0,0.0,0.495,0.0,-0.019,-0.016,0.568,0.001
rxr,TranformerCPI,5.0,NEF,,0.0,0.0,0.0,40,1240,62,0.0,0.0,0.0,0.474,0.0,-0.042,-0.041,0.568,0.001
sars-hcov,TranformerCPI,0.5,NEF,,0.0,0.0,0.0,39,1209,7,0.0,0.0,0.0,0.497,0.0,-0.014,-0.01,0.451,0.003
sars-hcov,TranformerCPI,1.0,NEF,,0.0,0.0,0.0,39,1209,13,0.0,0.0,0.0,0.494,0.0,-0.019,-0.016,0.451,0.003
sars-hcov,TranformerCPI,5.0,NEF,,0.514,1.657,0.514,39,1209,61,1.011,0.336,0.505,0.487,2.592,-0.02,-0.02,0.451,0.003
sirt2,TranformerCPI,0.5,NEF,,0.0,0.0,0.0,40,1240,7,0.0,0.0,0.0,0.497,0.0,-0.014,-0.01,0.422,0.016
sirt2,TranformerCPI,1.0,NEF,,0.0,0.0,0.0,40,1240,13,0.0,0.0,0.0,0.495,0.0,-0.019,-0.016,0.422,0.016
sirt2,TranformerCPI,5.0,NEF,,0.5,1.614,0.5,40,1240,62,1.001,0.33,0.492,0.487,2.502,-0.021,-0.02,0.422,0.016
src,TranformerCPI,0.5,NEF,,15.15,48.871,15.15,40,1240,7,3.421,0.966,28.675,0.541,48.871,0.195,0.137,0.692,0.313
src,TranformerCPI,1.0,NEF,,10.1,32.581,10.1,40,1240,13,4.235,0.935,14.498,0.549,32.581,0.171,0.146,0.692,0.313
src,TranformerCPI,5.0,NEF,,4.545,14.661,4.545,40,1240,62,9.09,0.838,5.154,0.592,22.725,0.148,0.145,0.692,0.313
thrombin,TranformerCPI,0.5,NEF,,0.0,0.0,0.0,40,1240,7,0.0,0.0,0.0,0.497,0.0,-0.014,-0.01,0.56,0.046
thrombin,TranformerCPI,1.0,NEF,,0.0,0.0,0.0,40,1240,13,0.0,0.0,0.0,0.495,0.0,-0.019,-0.016,0.56,0.046
thrombin,TranformerCPI,5.0,NEF,,1.516,4.891,1.516,40,1240,62,3.032,0.607,1.543,0.513,7.581,0.022,0.021,0.56,0.046
tie2,TranformerCPI,0.5,NEF,,0.0,0.0,0.0,40,1240,7,0.0,0.0,0.0,0.497,0.0,-0.014,-0.01,0.758,0.13
tie2,TranformerCPI,1.0,NEF,,5.45,17.581,5.45,40,1240,13,2.285,0.865,6.399,0.524,17.581,0.084,0.072,0.758,0.13
tie2,TranformerCPI,5.0,NEF,,3.556,11.472,3.556,40,1240,62,7.113,0.795,3.888,0.566,17.782,0.107,0.104,0.758,0.13
tk,TranformerCPI,0.5,NEF,,0.0,0.0,0.0,40,1240,7,0.0,0.0,0.0,0.497,0.0,-0.014,-0.01,0.409,0.0
tk,TranformerCPI,1.0,NEF,,0.0,0.0,0.0,40,1240,13,0.0,0.0,0.0,0.495,0.0,-0.019,-0.016,0.409,0.0
tk,TranformerCPI,5.0,NEF,,0.0,0.0,0.0,40,1240,62,0.0,0.0,0.0,0.474,0.0,-0.042,-0.041,0.409,0.0
tp,TranformerCPI,0.5,NEF,,0.0,0.0,0.0,40,1240,7,0.0,0.0,0.0,0.497,0.0,-0.014,-0.01,0.384,0.0
tp,TranformerCPI,1.0,NEF,,0.0,0.0,0.0,40,1240,13,0.0,0.0,0.0,0.495,0.0,-0.019,-0.016,0.384,0.0
tp,TranformerCPI,5.0,NEF,,0.0,0.0,0.0,40,1240,62,0.0,0.0,0.0,0.474,0.0,-0.042,-0.041,0.384,0.0
tpa,TranformerCPI,0.5,NEF,,0.0,0.0,0.0,40,1240,7,0.0,0.0,0.0,0.497,0.0,-0.014,-0.01,0.596,0.008
tpa,TranformerCPI,1.0,NEF,,0.0,0.0,0.0,40,1240,13,0.0,0.0,0.0,0.495,0.0,-0.019,-0.016,0.596,0.008
tpa,TranformerCPI,5.0,NEF,,1.003,3.234,1.003,40,1240,62,2.005,0.501,1.003,0.5,5.013,0.0,0.0,0.596,0.008
ts,TranformerCPI,0.5,NEF,,0.0,0.0,0.0,40,1239,7,0.0,0.0,0.0,0.497,0.0,-0.014,-0.01,0.76,0.069
ts,TranformerCPI,1.0,NEF,,2.542,8.206,2.542,40,1239,13,1.067,0.728,2.679,0.508,8.206,0.029,0.025,0.76,0.069
ts,TranformerCPI,5.0,NEF,,2.0,6.457,2.0,40,1239,62,4.003,0.674,2.069,0.526,10.008,0.042,0.041,0.76,0.069
upa,TranformerCPI,0.5,NEF,,0.0,0.0,0.0,40,1240,7,0.0,0.0,0.0,0.497,0.0,-0.014,-0.01,0.524,0.008
upa,TranformerCPI,1.0,NEF,,0.0,0.0,0.0,40,1240,13,0.0,0.0,0.0,0.495,0.0,-0.019,-0.016,0.524,0.008
upa,TranformerCPI,5.0,NEF,,1.014,3.27,1.014,40,1240,62,2.027,0.503,1.014,0.5,5.068,0.001,0.001,0.524,0.008
vegfr1,TranformerCPI,0.5,NEF,,0.0,0.0,0.0,40,1240,7,0.0,0.0,0.0,0.497,0.0,-0.014,-0.01,0.551,0.069
vegfr1,TranformerCPI,1.0,NEF,,0.0,0.0,0.0,40,1240,13,0.0,0.0,0.0,0.495,0.0,-0.019,-0.016,0.551,0.069
vegfr1,TranformerCPI,5.0,NEF,,2.0,6.452,2.0,40,1240,62,4.0,0.674,2.069,0.526,10.0,0.042,0.041,0.551,0.069
vegfr2,TranformerCPI,0.5,NEF,,0.0,0.0,0.0,40,1240,7,0.0,0.0,0.0,0.497,0.0,-0.014,-0.01,0.723,0.062
vegfr2,TranformerCPI,1.0,NEF,,0.0,0.0,0.0,40,1240,13,0.0,0.0,0.0,0.495,0.0,-0.019,-0.016,0.723,0.062
vegfr2,TranformerCPI,5.0,NEF,,3.002,9.685,3.002,40,1240,62,6.005,0.763,3.217,0.552,15.012,0.084,0.082,0.723,0.062
11betahsd1,ΔVinaRF20/GlideSP,0.5,NEF,,4.983,16.074,4.983,40,1240,7,1.125,0.852,5.746,0.512,16.074,0.055,0.039,0.63,0.116
11betahsd1,ΔVinaRF20/GlideSP,1.0,NEF,,2.49,8.032,2.49,40,1240,13,1.044,0.724,2.62,0.508,8.032,0.028,0.024,0.63,0.116
11betahsd1,ΔVinaRF20/GlideSP,5.0,NEF,,3.547,11.442,3.547,40,1240,62,7.094,0.795,3.876,0.566,17.735,0.107,0.104,0.63,0.116
17betahsd1,ΔVinaRF20/GlideSP,0.5,NEF,,4.382,14.135,4.382,40,1240,7,0.989,0.832,4.939,0.51,14.135,0.047,0.033,0.476,0.088
17betahsd1,ΔVinaRF20/GlideSP,1.0,NEF,,2.36,7.613,2.36,40,1240,13,0.99,0.712,2.472,0.507,7.613,0.026,0.022,0.476,0.088
17betahsd1,ΔVinaRF20/GlideSP,5.0,NEF,,1.484,4.787,1.484,40,1240,62,2.968,0.601,1.508,0.513,7.42,0.02,0.02,0.476,0.088
a2a,ΔVinaRF20/GlideSP,0.5,NEF,,0.0,0.0,0.0,40,1240,7,0.0,0.0,0.0,0.497,0.0,-0.014,-0.01,0.537,0.001
a2a,ΔVinaRF20/GlideSP,1.0,NEF,,0.0,0.0,0.0,40,1240,13,0.0,0.0,0.0,0.495,0.0,-0.019,-0.016,0.537,0.001
a2a,ΔVinaRF20/GlideSP,5.0,NEF,,0.0,0.0,0.0,40,1240,62,0.0,0.0,0.0,0.474,0.0,-0.042,-0.041,0.537,0.001
ace,ΔVinaRF20/GlideSP,0.5,NEF,,4.361,14.068,4.361,40,1240,7,0.985,0.831,4.911,0.51,14.068,0.046,0.033,0.421,0.062
ace,ΔVinaRF20/GlideSP,1.0,NEF,,2.35,7.581,2.35,40,1240,13,0.985,0.711,2.461,0.507,7.581,0.025,0.022,0.421,0.062
ace,ΔVinaRF20/GlideSP,5.0,NEF,,0.985,3.177,0.985,40,1240,62,1.97,0.496,0.985,0.5,4.925,-0.001,-0.001,0.421,0.062
ace2,ΔVinaRF20/GlideSP,0.5,NEF,,0.0,0.0,0.0,40,1240,7,0.0,0.0,0.0,0.497,0.0,-0.014,-0.01,0.385,0.0
ace2,ΔVinaRF20/GlideSP,1.0,NEF,,0.0,0.0,0.0,40,1240,13,0.0,0.0,0.0,0.495,0.0,-0.019,-0.016,0.385,0.0
ace2,ΔVinaRF20/GlideSP,5.0,NEF,,0.0,0.0,0.0,40,1240,62,0.0,0.0,0.0,0.474,0.0,-0.042,-0.041,0.385,0.0
ache,ΔVinaRF20/GlideSP,0.5,NEF,,4.361,14.068,4.361,40,1240,7,0.985,0.831,4.911,0.51,14.068,0.046,0.033,0.684,0.18
ache,ΔVinaRF20/GlideSP,1.0,NEF,,4.7,15.161,4.7,40,1240,13,1.971,0.843,5.361,0.52,15.161,0.07,0.059,0.684,0.18
ache,ΔVinaRF20/GlideSP,5.0,NEF,,3.939,12.706,3.939,40,1240,62,7.878,0.814,4.367,0.576,19.695,0.123,0.12,0.684,0.18
adam17,ΔVinaRF20/GlideSP,0.5,NEF,,8.607,27.765,8.607,40,1240,7,1.944,0.92,11.531,0.522,27.765,0.105,0.074,0.568,0.257
adam17,ΔVinaRF20/GlideSP,1.0,NEF,,9.27,29.903,9.27,40,1240,13,3.887,0.928,12.798,0.545,29.903,0.155,0.133,0.568,0.257
adam17,ΔVinaRF20/GlideSP,5.0,NEF,,3.951,12.745,3.951,40,1240,62,7.902,0.814,4.382,0.576,19.755,0.124,0.12,0.568,0.257
adrb2,ΔVinaRF20/GlideSP,0.5,NEF,,4.792,15.458,4.792,40,1240,7,1.082,0.846,5.485,0.511,15.458,0.052,0.037,0.621,0.088
adrb2,ΔVinaRF20/GlideSP,1.0,NEF,,2.4,7.742,2.4,40,1240,13,1.006,0.716,2.517,0.508,7.742,0.026,0.023,0.621,0.088
adrb2,ΔVinaRF20/GlideSP,5.0,NEF,,2.478,7.994,2.478,40,1240,62,4.956,0.723,2.606,0.538,12.39,0.062,0.06,0.621,0.088
akt1,ΔVinaRF20/GlideSP,0.5,NEF,,0.0,0.0,0.0,40,1240,7,0.0,0.0,0.0,0.497,0.0,-0.014,-0.01,0.616,0.03
akt1,ΔVinaRF20/GlideSP,1.0,NEF,,0.0,0.0,0.0,40,1240,13,0.0,0.0,0.0,0.495,0.0,-0.019,-0.016,0.616,0.03
akt1,ΔVinaRF20/GlideSP,5.0,NEF,,1.01,3.258,1.01,40,1240,62,2.02,0.503,1.01,0.5,5.05,0.0,0.0,0.616,0.03
alr2,ΔVinaRF20/GlideSP,0.5,NEF,,4.929,15.9,4.929,40,1240,7,1.113,0.85,5.672,0.511,15.9,0.054,0.038,0.544,0.069
alr2,ΔVinaRF20/GlideSP,1.0,NEF,,2.46,7.935,2.46,40,1240,13,1.032,0.721,2.586,0.508,7.935,0.027,0.023,0.544,0.069
alr2,ΔVinaRF20/GlideSP,5.0,NEF,,0.986,3.181,0.986,40,1240,62,1.972,0.496,0.986,0.5,4.93,-0.001,-0.001,0.544,0.069
ar,ΔVinaRF20/GlideSP,0.5,NEF,,16.848,54.348,16.848,40,1240,7,3.804,0.973,35.715,0.546,54.348,0.218,0.154,0.823,0.554
ar,ΔVinaRF20/GlideSP,1.0,NEF,,12.84,41.419,12.84,40,1240,13,5.385,0.955,21.211,0.564,41.419,0.223,0.19,0.823,0.554
ar,ΔVinaRF20/GlideSP,5.0,NEF,,7.02,22.645,7.02,40,1240,62,14.04,0.898,8.782,0.656,35.1,0.252,0.246,0.823,0.554
aurka,ΔVinaRF20/GlideSP,0.5,NEF,,0.0,0.0,0.0,40,1240,7,0.0,0.0,0.0,0.497,0.0,-0.014,-0.01,0.713,0.093
aurka,ΔVinaRF20/GlideSP,1.0,NEF,,0.0,0.0,0.0,40,1240,13,0.0,0.0,0.0,0.495,0.0,-0.019,-0.016,0.713,0.093
aurka,ΔVinaRF20/GlideSP,5.0,NEF,,3.042,9.813,3.042,40,1240,62,6.084,0.765,3.264,0.553,15.21,0.086,0.083,0.713,0.093
aurkb,ΔVinaRF20/GlideSP,0.5,NEF,,0.0,0.0,0.0,40,1240,7,0.0,0.0,0.0,0.497,0.0,-0.014,-0.01,0.639,0.07
aurkb,ΔVinaRF20/GlideSP,1.0,NEF,,0.0,0.0,0.0,40,1240,13,0.0,0.0,0.0,0.495,0.0,-0.019,-0.016,0.639,0.07
aurkb,ΔVinaRF20/GlideSP,5.0,NEF,,1.992,6.426,1.992,40,1240,62,3.984,0.673,2.06,0.526,9.96,0.042,0.04,0.639,0.07
bcl2,ΔVinaRF20/GlideSP,0.5,NEF,,4.368,14.09,4.368,40,1240,7,0.986,0.831,4.92,0.51,14.09,0.046,0.033,0.629,0.082
bcl2,ΔVinaRF20/GlideSP,1.0,NEF,,2.35,7.581,2.35,40,1240,13,0.985,0.711,2.461,0.507,7.581,0.025,0.022,0.629,0.082
bcl2,ΔVinaRF20/GlideSP,5.0,NEF,,1.479,4.771,1.479,40,1240,62,2.958,0.6,1.503,0.512,7.395,0.02,0.02,0.629,0.082
braf,ΔVinaRF20/GlideSP,0.5,NEF,,4.429,14.287,4.429,40,1240,7,1.0,0.833,5.001,0.51,14.287,0.047,0.033,0.62,0.096
braf,ΔVinaRF20/GlideSP,1.0,NEF,,2.38,7.677,2.38,40,1240,13,0.998,0.714,2.495,0.507,7.677,0.026,0.022,0.62,0.096
braf,ΔVinaRF20/GlideSP,5.0,NEF,,2.033,6.558,2.033,40,1240,62,4.066,0.678,2.105,0.527,10.165,0.043,0.042,0.62,0.096
catl,ΔVinaRF20/GlideSP,0.5,NEF,,0.0,0.0,0.0,40,1240,7,0.0,0.0,0.0,0.497,0.0,-0.014,-0.01,0.65,0.035
catl,ΔVinaRF20/GlideSP,1.0,NEF,,0.0,0.0,0.0,40,1240,13,0.0,0.0,0.0,0.495,0.0,-0.019,-0.016,0.65,0.035
catl,ΔVinaRF20/GlideSP,5.0,NEF,,1.492,4.813,1.492,40,1240,62,2.984,0.603,1.517,0.513,7.46,0.021,0.02,0.65,0.035
cdk2,ΔVinaRF20/GlideSP,0.5,NEF,,4.983,16.074,4.983,40,1240,7,1.125,0.852,5.746,0.512,16.074,0.055,0.039,0.69,0.148
cdk2,ΔVinaRF20/GlideSP,1.0,NEF,,4.98,16.065,4.98,40,1240,13,2.088,0.852,5.742,0.522,16.065,0.075,0.064,0.69,0.148
cdk2,ΔVinaRF20/GlideSP,5.0,NEF,,2.99,9.645,2.99,40,1240,62,5.98,0.762,3.202,0.551,14.95,0.083,0.081,0.69,0.148
cox1,ΔVinaRF20/GlideSP,0.5,NEF,,14.359,46.319,14.359,40,1240,7,3.242,0.963,25.886,0.539,46.319,0.184,0.13,0.656,0.285
cox1,ΔVinaRF20/GlideSP,1.0,NEF,,9.57,30.871,9.57,40,1240,13,4.013,0.931,13.397,0.546,30.871,0.161,0.138,0.656,0.285
cox1,ΔVinaRF20/GlideSP,5.0,NEF,,5.641,18.197,5.641,40,1240,62,11.282,0.87,6.673,0.62,28.205,0.194,0.189,0.656,0.285
cox2,ΔVinaRF20/GlideSP,0.5,NEF,,18.486,59.632,18.486,40,1240,7,4.174,0.978,44.317,0.551,59.632,0.241,0.17,0.911,0.838
cox2,ΔVinaRF20/GlideSP,1.0,NEF,,20.54,66.258,20.54,40,1240,13,8.614,0.983,58.91,0.606,66.258,0.367,0.314,0.911,0.838
cox2,ΔVinaRF20/GlideSP,5.0,NEF,,11.285,36.403,11.285,40,1240,62,22.57,0.945,17.172,0.766,56.425,0.431,0.42,0.911,0.838
ctsk,ΔVinaRF20/GlideSP,0.5,NEF,,4.411,14.229,4.411,40,1240,7,0.996,0.833,4.977,0.51,14.229,0.047,0.033,0.583,0.05
ctsk,ΔVinaRF20/GlideSP,1.0,NEF,,2.38,7.677,2.38,40,1240,13,0.998,0.714,2.495,0.507,7.677,0.026,0.022,0.583,0.05
ctsk,ΔVinaRF20/GlideSP,5.0,NEF,,0.498,1.606,0.498,40,1240,62,0.996,0.329,0.49,0.487,2.49,-0.021,-0.02,0.583,0.05
cyp2a6,ΔVinaRF20/GlideSP,0.5,NEF,,0.0,0.0,0.0,40,1240,7,0.0,0.0,0.0,0.497,0.0,-0.014,-0.01,0.643,0.058
cyp2a6,ΔVinaRF20/GlideSP,1.0,NEF,,2.77,8.935,2.77,40,1240,13,1.162,0.746,2.944,0.51,8.935,0.033,0.028,0.643,0.058
cyp2a6,ΔVinaRF20/GlideSP,5.0,NEF,,1.11,3.581,1.11,40,1240,62,2.22,0.527,1.114,0.503,5.55,0.005,0.004,0.643,0.058
dhfr,ΔVinaRF20/GlideSP,0.5,NEF,,4.371,14.1,4.371,40,1240,7,0.987,0.831,4.924,0.51,14.1,0.046,0.033,0.538,0.061
dhfr,ΔVinaRF20/GlideSP,1.0,NEF,,2.35,7.581,2.35,40,1240,13,0.985,0.711,2.461,0.507,7.581,0.025,0.022,0.538,0.061
dhfr,ΔVinaRF20/GlideSP,5.0,NEF,,0.987,3.184,0.987,40,1240,62,1.974,0.497,0.987,0.5,4.935,-0.001,-0.001,0.538,0.061
egfr,ΔVinaRF20/GlideSP,0.5,NEF,,4.414,14.239,4.414,40,1240,7,0.997,0.833,4.981,0.51,14.239,0.047,0.033,0.644,0.1
egfr,ΔVinaRF20/GlideSP,1.0,NEF,,2.38,7.677,2.38,40,1240,13,0.998,0.714,2.495,0.507,7.677,0.026,0.022,0.644,0.1
egfr,ΔVinaRF20/GlideSP,5.0,NEF,,2.533,8.171,2.533,40,1240,62,5.066,0.727,2.669,0.54,12.665,0.064,0.063,0.644,0.1
ephb4,ΔVinaRF20/GlideSP,0.5,NEF,,0.0,0.0,0.0,40,1240,7,0.0,0.0,0.0,0.497,0.0,-0.014,-0.01,0.701,0.103
ephb4,ΔVinaRF20/GlideSP,1.0,NEF,,0.0,0.0,0.0,40,1240,13,0.0,0.0,0.0,0.495,0.0,-0.019,-0.016,0.701,0.103
ephb4,ΔVinaRF20/GlideSP,5.0,NEF,,4.478,14.445,4.478,40,1240,62,8.956,0.835,5.065,0.59,22.39,0.146,0.142,0.701,0.103
erbb2,ΔVinaRF20/GlideSP,0.5,NEF,,9.842,31.748,9.842,40,1240,7,2.222,0.933,13.955,0.526,31.748,0.122,0.086,0.8,0.251
erbb2,ΔVinaRF20/GlideSP,1.0,NEF,,4.92,15.871,4.92,40,1240,13,2.063,0.85,5.66,0.521,15.871,0.074,0.063,0.8,0.251
erbb2,ΔVinaRF20/GlideSP,5.0,NEF,,5.905,19.048,5.905,40,1240,62,11.81,0.876,7.059,0.627,29.525,0.205,0.2,0.8,0.251
er-beta,ΔVinaRF20/GlideSP,0.5,NEF,,11.407,36.797,11.407,40,1240,7,2.576,0.946,17.466,0.53,36.797,0.143,0.101,0.783,0.375
er-beta,ΔVinaRF20/GlideSP,1.0,NEF,,12.67,40.871,12.67,40,1240,13,5.313,0.954,20.736,0.563,40.871,0.219,0.188,0.783,0.375
er-beta,ΔVinaRF20/GlideSP,5.0,NEF,,6.79,21.903,6.79,40,1240,62,13.58,0.894,8.414,0.65,33.95,0.243,0.236,0.783,0.375
fgfr1,ΔVinaRF20/GlideSP,0.5,NEF,,0.0,0.0,0.0,40,1240,7,0.0,0.0,0.0,0.497,0.0,-0.014,-0.01,0.662,0.009
fgfr1,ΔVinaRF20/GlideSP,1.0,NEF,,0.0,0.0,0.0,40,1240,13,0.0,0.0,0.0,0.495,0.0,-0.019,-0.016,0.662,0.009
fgfr1,ΔVinaRF20/GlideSP,5.0,NEF,,0.5,1.613,0.5,40,1240,62,1.0,0.33,0.492,0.487,2.5,-0.021,-0.02,0.662,0.009
fkbp1a,ΔVinaRF20/GlideSP,0.5,NEF,,0.0,0.0,0.0,40,1240,7,0.0,0.0,0.0,0.497,0.0,-0.014,-0.01,0.515,0.053
fkbp1a,ΔVinaRF20/GlideSP,1.0,NEF,,0.0,0.0,0.0,40,1240,13,0.0,0.0,0.0,0.495,0.0,-0.019,-0.016,0.515,0.053
fkbp1a,ΔVinaRF20/GlideSP,5.0,NEF,,1.045,3.371,1.045,40,1240,62,2.09,0.511,1.047,0.501,5.225,0.002,0.002,0.515,0.053
fxa,ΔVinaRF20/GlideSP,0.5,NEF,,5.098,16.445,5.098,40,1240,7,1.151,0.855,5.905,0.512,16.445,0.056,0.04,0.77,0.202
fxa,ΔVinaRF20/GlideSP,1.0,NEF,,5.1,16.452,5.1,40,1240,13,2.139,0.855,5.907,0.522,16.452,0.077,0.066,0.77,0.202
fxa,ΔVinaRF20/GlideSP,5.0,NEF,,5.098,16.445,5.098,40,1240,62,10.196,0.855,5.905,0.606,25.49,0.172,0.167,0.77,0.202
gba,ΔVinaRF20/GlideSP,0.5,NEF,,0.0,0.0,0.0,40,1240,7,0.0,0.0,0.0,0.497,0.0,-0.014,-0.01,0.451,0.0
gba,ΔVinaRF20/GlideSP,1.0,NEF,,0.0,0.0,0.0,40,1240,13,0.0,0.0,0.0,0.495,0.0,-0.019,-0.016,0.451,0.0
gba,ΔVinaRF20/GlideSP,5.0,NEF,,0.0,0.0,0.0,40,1240,62,0.0,0.0,0.0,0.474,0.0,-0.042,-0.041,0.451,0.0
gr,ΔVinaRF20/GlideSP,0.5,NEF,,0.0,0.0,0.0,40,1240,7,0.0,0.0,0.0,0.497,0.0,-0.014,-0.01,0.426,0.032
gr,ΔVinaRF20/GlideSP,1.0,NEF,,0.0,0.0,0.0,40,1240,13,0.0,0.0,0.0,0.495,0.0,-0.019,-0.016,0.426,0.032
gr,ΔVinaRF20/GlideSP,5.0,NEF,,0.492,1.587,0.492,40,1240,62,0.984,0.326,0.484,0.487,2.46,-0.021,-0.021,0.426,0.032
gsk3b,ΔVinaRF20/GlideSP,0.5,NEF,,17.186,55.439,17.186,40,1240,7,3.881,0.974,37.323,0.547,55.439,0.223,0.157,0.688,0.31
gsk3b,ΔVinaRF20/GlideSP,1.0,NEF,,11.57,37.323,11.57,40,1240,13,4.852,0.947,17.864,0.557,37.323,0.199,0.17,0.688,0.31
gsk3b,ΔVinaRF20/GlideSP,5.0,NEF,,2.958,9.542,2.958,40,1240,62,5.916,0.76,3.165,0.551,14.79,0.082,0.08,0.688,0.31
hdac2,ΔVinaRF20/GlideSP,0.5,NEF,,21.679,69.932,21.679,40,1240,7,4.895,0.986,69.775,0.56,69.932,0.284,0.201,0.803,0.414
hdac2,ΔVinaRF20/GlideSP,1.0,NEF,,14.01,45.194,14.01,40,1240,13,5.875,0.961,24.738,0.57,45.194,0.244,0.209,0.803,0.414
hdac2,ΔVinaRF20/GlideSP,5.0,NEF,,5.97,19.258,5.97,40,1240,62,11.94,0.877,7.155,0.628,29.85,0.208,0.203,0.803,0.414
hdac8,ΔVinaRF20/GlideSP,0.5,NEF,,0.0,0.0,0.0,40,1240,7,0.0,0.0,0.0,0.497,0.0,-0.014,-0.01,0.699,0.035
hdac8,ΔVinaRF20/GlideSP,1.0,NEF,,0.0,0.0,0.0,40,1240,13,0.0,0.0,0.0,0.495,0.0,-0.019,-0.016,0.699,0.035
hdac8,ΔVinaRF20/GlideSP,5.0,NEF,,1.99,6.419,1.99,40,1240,62,3.98,0.673,2.058,0.526,9.95,0.041,0.04,0.699,0.035
hiv1pr,ΔVinaRF20/GlideSP,0.5,NEF,,28.147,90.797,28.147,40,1240,7,6.356,0.997,295.973,0.579,90.797,0.373,0.263,0.736,0.565
hiv1pr,ΔVinaRF20/GlideSP,1.0,NEF,,20.21,65.194,20.21,40,1240,13,8.475,0.983,56.191,0.604,65.194,0.361,0.309,0.736,0.565
hiv1pr,ΔVinaRF20/GlideSP,5.0,NEF,,8.613,27.784,8.613,40,1240,62,17.226,0.92,11.542,0.697,43.065,0.319,0.311,0.736,0.565
hiv1rt,ΔVinaRF20/GlideSP,0.5,NEF,,0.0,0.0,0.0,40,1240,7,0.0,0.0,0.0,0.497,0.0,-0.014,-0.01,0.574,0.101
hiv1rt,ΔVinaRF20/GlideSP,1.0,NEF,,0.0,0.0,0.0,40,1240,13,0.0,0.0,0.0,0.495,0.0,-0.019,-0.016,0.574,0.101
hiv1rt,ΔVinaRF20/GlideSP,5.0,NEF,,2.625,8.468,2.625,40,1240,62,5.25,0.735,2.775,0.542,13.125,0.068,0.066,0.574,0.101
hmgr,ΔVinaRF20/GlideSP,0.5,NEF,,0.0,0.0,0.0,40,1240,7,0.0,0.0,0.0,0.497,0.0,-0.014,-0.01,0.617,0.115
hmgr,ΔVinaRF20/GlideSP,1.0,NEF,,4.85,15.645,4.85,40,1240,13,2.034,0.848,5.564,0.521,15.645,0.072,0.062,0.617,0.115
hmgr,ΔVinaRF20/GlideSP,5.0,NEF,,2.466,7.955,2.466,40,1240,62,4.932,0.722,2.593,0.538,12.33,0.061,0.06,0.617,0.115
hsp90,ΔVinaRF20/GlideSP,0.5,NEF,,0.0,0.0,0.0,40,1240,7,0.0,0.0,0.0,0.497,0.0,-0.014,-0.01,0.528,0.035
hsp90,ΔVinaRF20/GlideSP,1.0,NEF,,0.0,0.0,0.0,40,1240,13,0.0,0.0,0.0,0.495,0.0,-0.019,-0.016,0.528,0.035
hsp90,ΔVinaRF20/GlideSP,5.0,NEF,,1.985,6.403,1.985,40,1240,62,3.97,0.672,2.052,0.525,9.925,0.041,0.04,0.528,0.035
igf1r,ΔVinaRF20/GlideSP,0.5,NEF,,0.0,0.0,0.0,40,1240,7,0.0,0.0,0.0,0.497,0.0,-0.014,-0.01,0.578,0.045
igf1r,ΔVinaRF20/GlideSP,1.0,NEF,,2.48,8.0,2.48,40,1240,13,1.04,0.723,2.609,0.508,8.0,0.028,0.024,0.578,0.045
igf1r,ΔVinaRF20/GlideSP,5.0,NEF,,1.026,3.31,1.026,40,1240,62,2.052,0.507,1.027,0.501,5.13,0.001,0.001,0.578,0.045
inha,ΔVinaRF20/GlideSP,0.5,NEF,,8.743,28.203,8.743,40,1240,7,1.974,0.922,11.785,0.523,28.203,0.107,0.075,0.522,0.189
inha,ΔVinaRF20/GlideSP,1.0,NEF,,7.06,22.774,7.06,40,1240,13,2.961,0.898,8.847,0.533,22.774,0.114,0.097,0.522,0.189
inha,ΔVinaRF20/GlideSP,5.0,NEF,,1.974,6.368,1.974,40,1240,62,3.948,0.671,2.04,0.525,9.87,0.041,0.04,0.522,0.189
itk,ΔVinaRF20/GlideSP,0.5,NEF,,0.0,0.0,0.0,40,1240,7,0.0,0.0,0.0,0.497,0.0,-0.014,-0.01,0.54,0.038
itk,ΔVinaRF20/GlideSP,1.0,NEF,,0.0,0.0,0.0,40,1240,13,0.0,0.0,0.0,0.495,0.0,-0.019,-0.016,0.54,0.038
itk,ΔVinaRF20/GlideSP,5.0,NEF,,0.998,3.219,0.998,40,1240,62,1.996,0.499,0.998,0.5,4.99,-0.0,-0.0,0.54,0.038
jak3,ΔVinaRF20/GlideSP,0.5,NEF,,4.988,16.09,4.988,40,1240,7,1.126,0.852,5.753,0.512,16.09,0.055,0.039,0.702,0.311
jak3,ΔVinaRF20/GlideSP,1.0,NEF,,12.47,40.226,12.47,40,1240,13,5.229,0.953,20.189,0.562,40.226,0.216,0.184,0.702,0.311
jak3,ΔVinaRF20/GlideSP,5.0,NEF,,4.489,14.481,4.489,40,1240,62,8.978,0.836,5.08,0.59,22.445,0.146,0.142,0.702,0.311
jnk1,ΔVinaRF20/GlideSP,0.5,NEF,,10.5,33.871,10.5,40,1240,7,2.371,0.939,15.366,0.528,33.871,0.131,0.092,0.652,0.258
jnk1,ΔVinaRF20/GlideSP,1.0,NEF,,10.5,33.871,10.5,40,1240,13,4.403,0.939,15.366,0.551,33.871,0.179,0.153,0.652,0.258
jnk1,ΔVinaRF20/GlideSP,5.0,NEF,,2.625,8.468,2.625,40,1240,62,5.25,0.735,2.775,0.542,13.125,0.068,0.066,0.652,0.258
jnk2,ΔVinaRF20/GlideSP,0.5,NEF,,19.932,64.297,19.932,40,1240,7,4.501,0.982,54.026,0.555,64.297,0.26,0.184,0.576,0.356
jnk2,ΔVinaRF20/GlideSP,1.0,NEF,,9.97,32.161,9.97,40,1240,13,4.181,0.934,14.223,0.549,32.161,0.169,0.144,0.576,0.356
jnk2,ΔVinaRF20/GlideSP,5.0,NEF,,3.547,11.442,3.547,40,1240,62,7.094,0.795,3.876,0.566,17.735,0.107,0.104,0.576,0.356
jnk3,ΔVinaRF20/GlideSP,0.5,NEF,,4.429,14.287,4.429,40,1240,7,1.0,0.833,5.001,0.51,14.287,0.047,0.033,0.696,0.078
jnk3,ΔVinaRF20/GlideSP,1.0,NEF,,2.38,7.677,2.38,40,1240,13,0.998,0.714,2.495,0.507,7.677,0.026,0.022,0.696,0.078
jnk3,ΔVinaRF20/GlideSP,5.0,NEF,,2.541,8.197,2.541,40,1240,62,5.082,0.728,2.679,0.54,12.705,0.065,0.063,0.696,0.078
kif11,ΔVinaRF20/GlideSP,0.5,NEF,,21.589,69.642,21.589,40,1240,7,4.875,0.986,68.821,0.56,69.642,0.283,0.2,0.813,0.487
kif11,ΔVinaRF20/GlideSP,1.0,NEF,,18.6,60.0,18.6,40,1240,13,7.8,0.978,45.0,0.595,60.0,0.331,0.283,0.813,0.487
kif11,ΔVinaRF20/GlideSP,5.0,NEF,,6.441,20.777,6.441,40,1240,62,12.882,0.887,7.868,0.641,32.205,0.228,0.222,0.813,0.487
lck,ΔVinaRF20/GlideSP,0.5,NEF,,0.0,0.0,0.0,40,1240,7,0.0,0.0,0.0,0.497,0.0,-0.014,-0.01,0.488,0.0
lck,ΔVinaRF20/GlideSP,1.0,NEF,,0.0,0.0,0.0,40,1240,13,0.0,0.0,0.0,0.495,0.0,-0.019,-0.016,0.488,0.0
lck,ΔVinaRF20/GlideSP,5.0,NEF,,0.0,0.0,0.0,40,1240,62,0.0,0.0,0.0,0.474,0.0,-0.042,-0.041,0.488,0.0
mdm2,ΔVinaRF20/GlideSP,0.5,NEF,,0.0,0.0,0.0,40,1240,7,0.0,0.0,0.0,0.497,0.0,-0.014,-0.01,0.292,0.018
mdm2,ΔVinaRF20/GlideSP,1.0,NEF,,0.0,0.0,0.0,40,1240,13,0.0,0.0,0.0,0.495,0.0,-0.019,-0.016,0.292,0.018
mdm2,ΔVinaRF20/GlideSP,5.0,NEF,,0.498,1.606,0.498,40,1240,62,0.996,0.329,0.49,0.487,2.49,-0.021,-0.02,0.292,0.018
mk2,ΔVinaRF20/GlideSP,0.5,NEF,,5.243,16.913,5.243,40,1240,7,1.184,0.859,6.107,0.512,16.913,0.058,0.041,0.788,0.217
mk2,ΔVinaRF20/GlideSP,1.0,NEF,,7.86,25.355,7.86,40,1240,13,3.296,0.911,10.19,0.537,25.355,0.129,0.11,0.788,0.217
mk2,ΔVinaRF20/GlideSP,5.0,NEF,,4.266,13.761,4.266,40,1240,62,8.532,0.827,4.787,0.584,21.33,0.137,0.133,0.788,0.217
mmp2,ΔVinaRF20/GlideSP,0.5,NEF,,0.0,0.0,0.0,40,1240,7,0.0,0.0,0.0,0.497,0.0,-0.014,-0.01,0.458,0.001
mmp2,ΔVinaRF20/GlideSP,1.0,NEF,,0.0,0.0,0.0,40,1240,13,0.0,0.0,0.0,0.495,0.0,-0.019,-0.016,0.458,0.001
mmp2,ΔVinaRF20/GlideSP,5.0,NEF,,0.0,0.0,0.0,40,1240,62,0.0,0.0,0.0,0.474,0.0,-0.042,-0.041,0.458,0.001
na,ΔVinaRF20/GlideSP,0.5,NEF,,18.817,60.7,18.817,40,1240,7,4.249,0.979,46.336,0.552,60.7,0.245,0.173,0.882,0.625
na,ΔVinaRF20/GlideSP,1.0,NEF,,18.82,60.71,18.82,40,1240,13,7.892,0.979,46.355,0.597,60.71,0.335,0.287,0.882,0.625
na,ΔVinaRF20/GlideSP,5.0,NEF,,9.408,30.348,9.408,40,1240,62,18.816,0.929,13.072,0.717,47.04,0.352,0.343,0.882,0.625
p38-alpha,ΔVinaRF20/GlideSP,0.5,NEF,,4.357,14.055,4.357,40,1240,7,0.984,0.831,4.906,0.51,14.055,0.046,0.033,0.645,0.099
p38-alpha,ΔVinaRF20/GlideSP,1.0,NEF,,2.35,7.581,2.35,40,1240,13,0.985,0.711,2.461,0.507,7.581,0.025,0.022,0.645,0.099
p38-alpha,ΔVinaRF20/GlideSP,5.0,NEF,,1.5,4.839,1.5,40,1240,62,3.0,0.604,1.525,0.513,7.5,0.021,0.02,0.645,0.099
parp-1,ΔVinaRF20/GlideSP,0.5,NEF,,4.307,13.894,4.307,40,1240,7,0.973,0.829,4.841,0.51,13.894,0.045,0.032,0.776,0.13
parp-1,ΔVinaRF20/GlideSP,1.0,NEF,,2.32,7.484,2.32,40,1240,13,0.973,0.708,2.427,0.507,7.484,0.025,0.021,0.776,0.13
parp-1,ΔVinaRF20/GlideSP,5.0,NEF,,4.448,14.348,4.448,40,1240,62,8.896,0.834,5.026,0.589,22.24,0.144,0.141,0.776,0.13
pde4b,ΔVinaRF20/GlideSP,0.5,NEF,,4.393,14.171,4.393,40,1240,7,0.992,0.832,4.953,0.51,14.171,0.047,0.033,0.627,0.131
pde4b,ΔVinaRF20/GlideSP,1.0,NEF,,2.37,7.645,2.37,40,1240,13,0.994,0.713,2.483,0.507,7.645,0.026,0.022,0.627,0.131
pde4b,ΔVinaRF20/GlideSP,5.0,NEF,,2.976,9.6,2.976,40,1240,62,5.952,0.761,3.186,0.551,14.88,0.083,0.081,0.627,0.131
pde5,ΔVinaRF20/GlideSP,0.5,NEF,,0.0,0.0,0.0,40,1240,7,0.0,0.0,0.0,0.497,0.0,-0.014,-0.01,0.472,0.02
pde5,ΔVinaRF20/GlideSP,1.0,NEF,,0.0,0.0,0.0,40,1240,13,0.0,0.0,0.0,0.495,0.0,-0.019,-0.016,0.472,0.02
pde5,ΔVinaRF20/GlideSP,5.0,NEF,,1.041,3.358,1.041,40,1240,62,2.082,0.51,1.042,0.501,5.205,0.002,0.002,0.472,0.02
pdk1,ΔVinaRF20/GlideSP,0.5,NEF,,0.0,0.0,0.0,40,1240,7,0.0,0.0,0.0,0.497,0.0,-0.014,-0.01,0.738,0.07
pdk1,ΔVinaRF20/GlideSP,1.0,NEF,,2.44,7.871,2.44,40,1240,13,1.023,0.719,2.563,0.508,7.871,0.027,0.023,0.738,0.07
pdk1,ΔVinaRF20/GlideSP,5.0,NEF,,2.601,8.39,2.601,40,1240,62,5.202,0.733,2.748,0.541,13.005,0.067,0.065,0.738,0.07
pi3kg,ΔVinaRF20/GlideSP,0.5,NEF,,0.0,0.0,0.0,40,1240,7,0.0,0.0,0.0,0.497,0.0,-0.014,-0.01,0.717,0.079
pi3kg,ΔVinaRF20/GlideSP,1.0,NEF,,0.0,0.0,0.0,40,1240,13,0.0,0.0,0.0,0.495,0.0,-0.019,-0.016,0.717,0.079
pi3kg,ΔVinaRF20/GlideSP,5.0,NEF,,3.532,11.394,3.532,40,1240,62,7.064,0.794,3.858,0.565,17.66,0.106,0.103,0.717,0.079
pim-1,ΔVinaRF20/GlideSP,0.5,NEF,,0.0,0.0,0.0,40,1240,7,0.0,0.0,0.0,0.497,0.0,-0.014,-0.01,0.767,0.048
pim-1,ΔVinaRF20/GlideSP,1.0,NEF,,0.0,0.0,0.0,40,1240,13,0.0,0.0,0.0,0.495,0.0,-0.019,-0.016,0.767,0.048
pim-1,ΔVinaRF20/GlideSP,5.0,NEF,,1.977,6.377,1.977,40,1240,62,3.954,0.671,2.044,0.525,9.885,0.041,0.04,0.767,0.048
pim-2,ΔVinaRF20/GlideSP,0.5,NEF,,4.425,14.274,4.425,40,1240,7,0.999,0.833,4.995,0.51,14.274,0.047,0.033,0.736,0.14
pim-2,ΔVinaRF20/GlideSP,1.0,NEF,,4.77,15.387,4.77,40,1240,13,2.0,0.845,5.456,0.52,15.387,0.071,0.061,0.736,0.14
pim-2,ΔVinaRF20/GlideSP,5.0,NEF,,3.047,9.829,3.047,40,1240,62,6.094,0.766,3.27,0.553,15.235,0.086,0.084,0.736,0.14
pnp,ΔVinaRF20/GlideSP,0.5,NEF,,0.0,0.0,0.0,40,1240,7,0.0,0.0,0.0,0.497,0.0,-0.014,-0.01,0.667,0.062
pnp,ΔVinaRF20/GlideSP,1.0,NEF,,2.37,7.645,2.37,40,1240,13,0.994,0.713,2.483,0.507,7.645,0.026,0.022,0.667,0.062
pnp,ΔVinaRF20/GlideSP,5.0,NEF,,1.49,4.806,1.49,40,1240,62,2.98,0.602,1.515,0.513,7.45,0.021,0.02,0.667,0.062
ppara,ΔVinaRF20/GlideSP,0.5,NEF,,0.0,0.0,0.0,40,1240,7,0.0,0.0,0.0,0.497,0.0,-0.014,-0.01,0.572,0.028
ppara,ΔVinaRF20/GlideSP,1.0,NEF,,0.0,0.0,0.0,40,1240,13,0.0,0.0,0.0,0.495,0.0,-0.019,-0.016,0.572,0.028
ppara,ΔVinaRF20/GlideSP,5.0,NEF,,1.051,3.39,1.051,40,1240,62,2.102,0.513,1.053,0.501,5.255,0.002,0.002,0.572,0.028
pparg,ΔVinaRF20/GlideSP,0.5,NEF,,0.0,0.0,0.0,40,1240,7,0.0,0.0,0.0,0.497,0.0,-0.014,-0.01,0.556,0.023
pparg,ΔVinaRF20/GlideSP,1.0,NEF,,0.0,0.0,0.0,40,1240,13,0.0,0.0,0.0,0.495,0.0,-0.019,-0.016,0.556,0.023
pparg,ΔVinaRF20/GlideSP,5.0,NEF,,1.0,3.226,1.0,40,1240,62,2.0,0.5,1.0,0.5,5.0,0.0,0.0,0.556,0.023
pr,ΔVinaRF20/GlideSP,0.5,NEF,,4.9,15.806,4.9,40,1240,7,1.106,0.849,5.632,0.511,15.806,0.054,0.038,0.731,0.125
pr,ΔVinaRF20/GlideSP,1.0,NEF,,2.67,8.613,2.67,40,1240,13,1.12,0.739,2.827,0.509,8.613,0.031,0.027,0.731,0.125
pr,ΔVinaRF20/GlideSP,5.0,NEF,,3.392,10.942,3.392,40,1240,62,6.784,0.787,3.686,0.562,16.96,0.1,0.098,0.731,0.125
prkcq,ΔVinaRF20/GlideSP,0.5,NEF,,0.0,0.0,0.0,40,1240,7,0.0,0.0,0.0,0.497,0.0,-0.014,-0.01,0.761,0.177
prkcq,ΔVinaRF20/GlideSP,1.0,NEF,,5.26,16.968,5.26,40,1240,13,2.206,0.86,6.131,0.523,16.968,0.08,0.068,0.761,0.177
prkcq,ΔVinaRF20/GlideSP,5.0,NEF,,4.211,13.584,4.211,40,1240,62,8.422,0.825,4.716,0.583,21.055,0.134,0.131,0.761,0.177
pygl-in,ΔVinaRF20/GlideSP,0.5,NEF,,5.168,16.671,5.168,40,1240,7,1.167,0.857,6.002,0.512,16.671,0.057,0.04,0.772,0.149
pygl-in,ΔVinaRF20/GlideSP,1.0,NEF,,2.58,8.323,2.58,40,1240,13,1.082,0.731,2.723,0.509,8.323,0.03,0.025,0.772,0.149
pygl-in,ΔVinaRF20/GlideSP,5.0,NEF,,2.067,6.668,2.067,40,1240,62,4.134,0.682,2.143,0.528,10.335,0.045,0.044,0.772,0.149
pygl-out,ΔVinaRF20/GlideSP,0.5,NEF,,26.077,84.119,26.077,40,1240,7,5.888,0.994,158.909,0.573,84.119,0.345,0.243,0.786,0.781
pygl-out,ΔVinaRF20/GlideSP,1.0,NEF,,21.34,68.839,21.34,40,1240,13,8.949,0.985,66.273,0.61,68.839,0.382,0.327,0.786,0.781
pygl-out,ΔVinaRF20/GlideSP,5.0,NEF,,9.204,29.69,9.204,40,1240,62,18.408,0.927,12.668,0.712,46.02,0.344,0.335,0.786,0.781
qpct,ΔVinaRF20/GlideSP,0.5,NEF,,0.0,0.0,0.0,40,1240,7,0.0,0.0,0.0,0.497,0.0,-0.014,-0.01,0.629,0.037
qpct,ΔVinaRF20/GlideSP,1.0,NEF,,0.0,0.0,0.0,40,1240,13,0.0,0.0,0.0,0.495,0.0,-0.019,-0.016,0.629,0.037
qpct,ΔVinaRF20/GlideSP,5.0,NEF,,0.998,3.219,0.998,40,1240,62,1.996,0.499,0.998,0.5,4.99,-0.0,-0.0,0.629,0.037
rock-1,ΔVinaRF20/GlideSP,0.5,NEF,,4.311,13.906,4.311,40,1240,7,0.973,0.829,4.846,0.51,13.906,0.046,0.032,0.57,0.083
rock-1,ΔVinaRF20/GlideSP,1.0,NEF,,2.32,7.484,2.32,40,1240,13,0.973,0.708,2.427,0.507,7.484,0.025,0.021,0.57,0.083
rock-1,ΔVinaRF20/GlideSP,5.0,NEF,,1.484,4.787,1.484,40,1240,62,2.968,0.601,1.508,0.513,7.42,0.02,0.02,0.57,0.083
rxr,ΔVinaRF20/GlideSP,0.5,NEF,,10.357,33.41,10.357,40,1240,7,2.339,0.938,15.052,0.527,33.41,0.129,0.091,0.546,0.15
rxr,ΔVinaRF20/GlideSP,1.0,NEF,,5.18,16.71,5.18,40,1240,13,2.172,0.858,6.019,0.523,16.71,0.079,0.067,0.546,0.15
rxr,ΔVinaRF20/GlideSP,5.0,NEF,,2.158,6.961,2.158,40,1240,62,4.316,0.692,2.245,0.53,10.79,0.049,0.047,0.546,0.15
sars-hcov,ΔVinaRF20/GlideSP,0.5,NEF,,8.806,28.406,8.806,39,1209,7,1.988,0.922,11.903,0.523,28.406,0.109,0.077,0.559,0.149
sars-hcov,ΔVinaRF20/GlideSP,1.0,NEF,,4.74,15.29,4.74,39,1209,13,1.988,0.844,5.415,0.521,15.29,0.071,0.061,0.559,0.149
sars-hcov,ΔVinaRF20/GlideSP,5.0,NEF,,2.021,6.519,2.021,39,1209,61,3.977,0.677,2.092,0.527,10.197,0.043,0.042,0.559,0.149
sirt2,ΔVinaRF20/GlideSP,0.5,NEF,,0.0,0.0,0.0,40,1240,7,0.0,0.0,0.0,0.497,0.0,-0.014,-0.01,0.474,0.028
sirt2,ΔVinaRF20/GlideSP,1.0,NEF,,0.0,0.0,0.0,40,1240,13,0.0,0.0,0.0,0.495,0.0,-0.019,-0.016,0.474,0.028
sirt2,ΔVinaRF20/GlideSP,5.0,NEF,,0.492,1.587,0.492,40,1240,62,0.984,0.326,0.484,0.487,2.46,-0.021,-0.021,0.474,0.028
src,ΔVinaRF20/GlideSP,0.5,NEF,,0.0,0.0,0.0,40,1240,7,0.0,0.0,0.0,0.497,0.0,-0.014,-0.01,0.487,0.0
src,ΔVinaRF20/GlideSP,1.0,NEF,,0.0,0.0,0.0,40,1240,13,0.0,0.0,0.0,0.495,0.0,-0.019,-0.016,0.487,0.0
src,ΔVinaRF20/GlideSP,5.0,NEF,,0.0,0.0,0.0,40,1240,62,0.0,0.0,0.0,0.474,0.0,-0.042,-0.041,0.487,0.0
thrombin,ΔVinaRF20/GlideSP,0.5,NEF,,18.135,58.5,18.135,40,1240,7,4.095,0.977,42.289,0.55,58.5,0.236,0.166,0.727,0.32
thrombin,ΔVinaRF20/GlideSP,1.0,NEF,,9.77,31.516,9.77,40,1240,13,4.097,0.932,13.806,0.548,31.516,0.165,0.141,0.727,0.32
thrombin,ΔVinaRF20/GlideSP,5.0,NEF,,5.723,18.461,5.723,40,1240,62,11.446,0.872,6.792,0.622,28.615,0.198,0.193,0.727,0.32
tie2,ΔVinaRF20/GlideSP,0.5,NEF,,14.988,48.348,14.988,40,1240,7,3.384,0.966,28.081,0.541,48.348,0.192,0.136,0.617,0.257
tie2,ΔVinaRF20/GlideSP,1.0,NEF,,7.49,24.161,7.49,40,1240,13,3.141,0.905,9.558,0.535,24.161,0.122,0.104,0.617,0.257
tie2,ΔVinaRF20/GlideSP,5.0,NEF,,2.998,9.671,2.998,40,1240,62,5.996,0.763,3.212,0.552,14.99,0.084,0.082,0.617,0.257
tk,ΔVinaRF20/GlideSP,0.5,NEF,,18.081,58.326,18.081,40,1240,7,4.083,0.977,41.987,0.55,58.326,0.235,0.166,0.604,0.394
tk,ΔVinaRF20/GlideSP,1.0,NEF,,12.17,39.258,12.17,40,1240,13,5.104,0.951,19.389,0.561,39.258,0.21,0.18,0.604,0.394
tk,ΔVinaRF20/GlideSP,5.0,NEF,,6.124,19.755,6.124,40,1240,62,12.248,0.881,7.385,0.632,30.62,0.215,0.209,0.604,0.394
tp,ΔVinaRF20/GlideSP,0.5,NEF,,0.0,0.0,0.0,40,1240,7,0.0,0.0,0.0,0.497,0.0,-0.014,-0.01,0.5,0.003
tp,ΔVinaRF20/GlideSP,1.0,NEF,,0.0,0.0,0.0,40,1240,13,0.0,0.0,0.0,0.495,0.0,-0.019,-0.016,0.5,0.003
tp,ΔVinaRF20/GlideSP,5.0,NEF,,0.644,2.077,0.644,40,1240,62,1.288,0.389,0.636,0.491,3.22,-0.015,-0.015,0.5,0.003
tpa,ΔVinaRF20/GlideSP,0.5,NEF,,0.0,0.0,0.0,40,1240,7,0.0,0.0,0.0,0.497,0.0,-0.014,-0.01,0.659,0.07
tpa,ΔVinaRF20/GlideSP,1.0,NEF,,0.0,0.0,0.0,40,1240,13,0.0,0.0,0.0,0.495,0.0,-0.019,-0.016,0.659,0.07
tpa,ΔVinaRF20/GlideSP,5.0,NEF,,1.554,5.013,1.554,40,1240,62,3.108,0.613,1.583,0.514,7.77,0.023,0.023,0.659,0.07
ts,ΔVinaRF20/GlideSP,0.5,NEF,,4.357,14.066,4.357,40,1239,7,0.985,0.831,4.906,0.51,14.066,0.046,0.033,0.637,0.141
ts,ΔVinaRF20/GlideSP,1.0,NEF,,2.35,7.587,2.35,40,1239,13,0.986,0.711,2.461,0.507,7.587,0.025,0.022,0.637,0.141
ts,ΔVinaRF20/GlideSP,5.0,NEF,,3.5,11.299,3.5,40,1239,62,7.006,0.792,3.818,0.565,17.514,0.105,0.102,0.637,0.141
upa,ΔVinaRF20/GlideSP,0.5,NEF,,0.0,0.0,0.0,40,1240,7,0.0,0.0,0.0,0.497,0.0,-0.014,-0.01,0.638,0.2
upa,ΔVinaRF20/GlideSP,1.0,NEF,,9.97,32.161,9.97,40,1240,13,4.181,0.934,14.223,0.549,32.161,0.169,0.144,0.638,0.2
upa,ΔVinaRF20/GlideSP,5.0,NEF,,3.488,11.252,3.488,40,1240,62,6.976,0.792,3.803,0.564,17.44,0.104,0.102,0.638,0.2
vegfr1,ΔVinaRF20/GlideSP,0.5,NEF,,4.991,16.1,4.991,40,1240,7,1.127,0.852,5.757,0.512,16.1,0.055,0.039,0.72,0.274
vegfr1,ΔVinaRF20/GlideSP,1.0,NEF,,7.49,24.161,7.49,40,1240,13,3.141,0.905,9.558,0.535,24.161,0.122,0.104,0.72,0.274
vegfr1,ΔVinaRF20/GlideSP,5.0,NEF,,7.355,23.726,7.355,40,1240,62,14.71,0.903,9.332,0.664,36.775,0.266,0.259,0.72,0.274
vegfr2,ΔVinaRF20/GlideSP,0.5,NEF,,0.0,0.0,0.0,40,1240,7,0.0,0.0,0.0,0.497,0.0,-0.014,-0.01,0.409,0.024
vegfr2,ΔVinaRF20/GlideSP,1.0,NEF,,0.0,0.0,0.0,40,1240,13,0.0,0.0,0.0,0.495,0.0,-0.019,-0.016,0.409,0.024
vegfr2,ΔVinaRF20/GlideSP,5.0,NEF,,1.538,4.961,1.538,40,1240,62,3.076,0.61,1.566,0.514,7.69,0.023,0.022,0.409,0.024
11betahsd1,ΔVinaXGB/GlideSP,0.5,NEF,,5.03,16.226,5.03,40,1240,7,1.136,0.853,5.811,0.512,16.226,0.055,0.039,0.648,0.176
11betahsd1,ΔVinaXGB/GlideSP,1.0,NEF,,5.03,16.226,5.03,40,1240,13,2.109,0.853,5.811,0.522,16.226,0.076,0.065,0.648,0.176
11betahsd1,ΔVinaXGB/GlideSP,5.0,NEF,,4.092,13.2,4.092,40,1240,62,8.184,0.82,4.562,0.58,20.46,0.13,0.126,0.648,0.176
17betahsd1,ΔVinaXGB/GlideSP,0.5,NEF,,4.382,14.135,4.382,40,1240,7,0.989,0.832,4.939,0.51,14.135,0.047,0.033,0.556,0.087
17betahsd1,ΔVinaXGB/GlideSP,1.0,NEF,,2.36,7.613,2.36,40,1240,13,0.99,0.712,2.472,0.507,7.613,0.026,0.022,0.556,0.087
17betahsd1,ΔVinaXGB/GlideSP,5.0,NEF,,1.484,4.787,1.484,40,1240,62,2.968,0.601,1.508,0.513,7.42,0.02,0.02,0.556,0.087
a2a,ΔVinaXGB/GlideSP,0.5,NEF,,0.0,0.0,0.0,40,1240,7,0.0,0.0,0.0,0.497,0.0,-0.014,-0.01,0.6,0.049
a2a,ΔVinaXGB/GlideSP,1.0,NEF,,2.36,7.613,2.36,40,1240,13,0.99,0.712,2.472,0.507,7.613,0.026,0.022,0.6,0.049
a2a,ΔVinaXGB/GlideSP,5.0,NEF,,0.99,3.194,0.99,40,1240,62,1.98,0.497,0.99,0.5,4.95,-0.0,-0.0,0.6,0.049
ace,ΔVinaXGB/GlideSP,0.5,NEF,,8.821,28.455,8.821,40,1240,7,1.992,0.923,11.932,0.523,28.455,0.108,0.076,0.546,0.233
ace,ΔVinaXGB/GlideSP,1.0,NEF,,7.13,23.0,7.13,40,1240,13,2.99,0.9,8.961,0.533,23.0,0.115,0.099,0.546,0.233
ace,ΔVinaXGB/GlideSP,5.0,NEF,,3.486,11.245,3.486,40,1240,62,6.972,0.792,3.801,0.564,17.43,0.104,0.101,0.546,0.233
ace2,ΔVinaXGB/GlideSP,0.5,NEF,,0.0,0.0,0.0,40,1240,7,0.0,0.0,0.0,0.497,0.0,-0.014,-0.01,0.58,0.042
ace2,ΔVinaXGB/GlideSP,1.0,NEF,,0.0,0.0,0.0,40,1240,13,0.0,0.0,0.0,0.495,0.0,-0.019,-0.016,0.58,0.042
ace2,ΔVinaXGB/GlideSP,5.0,NEF,,1.998,6.445,1.998,40,1240,62,3.996,0.674,2.067,0.526,9.99,0.042,0.041,0.58,0.042
ache,ΔVinaXGB/GlideSP,0.5,NEF,,4.357,14.055,4.357,40,1240,7,0.984,0.831,4.906,0.51,14.055,0.046,0.033,0.672,0.19
ache,ΔVinaXGB/GlideSP,1.0,NEF,,9.38,30.258,9.38,40,1240,13,3.934,0.929,13.016,0.545,30.258,0.157,0.135,0.672,0.19
ache,ΔVinaXGB/GlideSP,5.0,NEF,,3.5,11.29,3.5,40,1240,62,7.0,0.792,3.818,0.565,17.5,0.105,0.102,0.672,0.19
adam17,ΔVinaXGB/GlideSP,0.5,NEF,,13.168,42.477,13.168,40,1240,7,2.973,0.957,22.153,0.535,42.477,0.167,0.118,0.574,0.266
adam17,ΔVinaXGB/GlideSP,1.0,NEF,,7.09,22.871,7.09,40,1240,13,2.973,0.899,8.896,0.533,22.871,0.114,0.098,0.574,0.266
adam17,ΔVinaXGB/GlideSP,5.0,NEF,,3.965,12.79,3.965,40,1240,62,7.93,0.815,4.4,0.577,19.825,0.124,0.121,0.574,0.266
adrb2,ΔVinaXGB/GlideSP,0.5,NEF,,4.792,15.458,4.792,40,1240,7,1.082,0.846,5.485,0.511,15.458,0.052,0.037,0.683,0.08
adrb2,ΔVinaXGB/GlideSP,1.0,NEF,,2.4,7.742,2.4,40,1240,13,1.006,0.716,2.517,0.508,7.742,0.026,0.023,0.683,0.08
adrb2,ΔVinaXGB/GlideSP,5.0,NEF,,1.487,4.797,1.487,40,1240,62,2.974,0.602,1.512,0.513,7.435,0.02,0.02,0.683,0.08
akt1,ΔVinaXGB/GlideSP,0.5,NEF,,0.0,0.0,0.0,40,1240,7,0.0,0.0,0.0,0.497,0.0,-0.014,-0.01,0.648,0.021
akt1,ΔVinaXGB/GlideSP,1.0,NEF,,0.0,0.0,0.0,40,1240,13,0.0,0.0,0.0,0.495,0.0,-0.019,-0.016,0.648,0.021
akt1,ΔVinaXGB/GlideSP,5.0,NEF,,1.515,4.887,1.515,40,1240,62,3.03,0.607,1.541,0.513,7.575,0.022,0.021,0.648,0.021
alr2,ΔVinaXGB/GlideSP,0.5,NEF,,0.0,0.0,0.0,40,1240,7,0.0,0.0,0.0,0.497,0.0,-0.014,-0.01,0.458,0.012
alr2,ΔVinaXGB/GlideSP,1.0,NEF,,0.0,0.0,0.0,40,1240,13,0.0,0.0,0.0,0.495,0.0,-0.019,-0.016,0.458,0.012
alr2,ΔVinaXGB/GlideSP,5.0,NEF,,0.988,3.187,0.988,40,1240,62,1.976,0.497,0.988,0.5,4.94,-0.001,-0.0,0.458,0.012
ar,ΔVinaXGB/GlideSP,0.5,NEF,,16.902,54.523,16.902,40,1240,7,3.817,0.973,35.967,0.546,54.523,0.219,0.154,0.858,0.725
ar,ΔVinaXGB/GlideSP,1.0,NEF,,19.32,62.323,19.32,40,1240,13,8.102,0.98,49.623,0.599,62.323,0.344,0.295,0.858,0.725
ar,ΔVinaXGB/GlideSP,5.0,NEF,,9.155,29.532,9.155,40,1240,62,18.31,0.926,12.573,0.711,45.775,0.342,0.333,0.858,0.725
aurka,ΔVinaXGB/GlideSP,0.5,NEF,,4.432,14.297,4.432,40,1240,7,1.001,0.833,5.005,0.51,14.297,0.047,0.033,0.691,0.167
aurka,ΔVinaXGB/GlideSP,1.0,NEF,,4.77,15.387,4.77,40,1240,13,2.0,0.845,5.456,0.52,15.387,0.071,0.061,0.691,0.167
aurka,ΔVinaXGB/GlideSP,5.0,NEF,,3.56,11.484,3.56,40,1240,62,7.12,0.796,3.892,0.566,17.8,0.107,0.104,0.691,0.167
aurkb,ΔVinaXGB/GlideSP,0.5,NEF,,4.339,13.997,4.339,40,1240,7,0.98,0.83,4.882,0.51,13.997,0.046,0.032,0.631,0.112
aurkb,ΔVinaXGB/GlideSP,1.0,NEF,,4.67,15.065,4.67,40,1240,13,1.958,0.842,5.321,0.52,15.065,0.069,0.059,0.631,0.112
aurkb,ΔVinaXGB/GlideSP,5.0,NEF,,2.49,8.032,2.49,40,1240,62,4.98,0.724,2.62,0.538,12.45,0.062,0.061,0.631,0.112
bcl2,ΔVinaXGB/GlideSP,0.5,NEF,,0.0,0.0,0.0,40,1240,7,0.0,0.0,0.0,0.497,0.0,-0.014,-0.01,0.545,0.002
bcl2,ΔVinaXGB/GlideSP,1.0,NEF,,0.0,0.0,0.0,40,1240,13,0.0,0.0,0.0,0.495,0.0,-0.019,-0.016,0.545,0.002
bcl2,ΔVinaXGB/GlideSP,5.0,NEF,,0.0,0.0,0.0,40,1240,62,0.0,0.0,0.0,0.474,0.0,-0.042,-0.041,0.545,0.002
braf,ΔVinaXGB/GlideSP,0.5,NEF,,4.429,14.287,4.429,40,1240,7,1.0,0.833,5.001,0.51,14.287,0.047,0.033,0.565,0.076
braf,ΔVinaXGB/GlideSP,1.0,NEF,,2.38,7.677,2.38,40,1240,13,0.998,0.714,2.495,0.507,7.677,0.026,0.022,0.565,0.076
braf,ΔVinaXGB/GlideSP,5.0,NEF,,2.033,6.558,2.033,40,1240,62,4.066,0.678,2.105,0.527,10.165,0.043,0.042,0.565,0.076
catl,ΔVinaXGB/GlideSP,0.5,NEF,,4.404,14.206,4.404,40,1240,7,0.994,0.832,4.968,0.51,14.206,0.047,0.033,0.686,0.054
catl,ΔVinaXGB/GlideSP,1.0,NEF,,2.37,7.645,2.37,40,1240,13,0.994,0.713,2.483,0.507,7.645,0.026,0.022,0.686,0.054
catl,ΔVinaXGB/GlideSP,5.0,NEF,,0.994,3.206,0.994,40,1240,62,1.988,0.498,0.994,0.5,4.97,-0.0,-0.0,0.686,0.054
cdk2,ΔVinaXGB/GlideSP,0.5,NEF,,10.205,32.919,10.205,40,1240,7,2.304,0.936,14.722,0.527,32.919,0.127,0.089,0.678,0.214
cdk2,ΔVinaXGB/GlideSP,1.0,NEF,,7.65,24.677,7.65,40,1240,13,3.208,0.908,9.829,0.536,24.677,0.125,0.107,0.678,0.214
cdk2,ΔVinaXGB/GlideSP,5.0,NEF,,4.592,14.813,4.592,40,1240,62,9.184,0.839,5.217,0.593,22.96,0.15,0.147,0.678,0.214
cox1,ΔVinaXGB/GlideSP,0.5,NEF,,14.359,46.319,14.359,40,1240,7,3.242,0.963,25.886,0.539,46.319,0.184,0.13,0.633,0.304
cox1,ΔVinaXGB/GlideSP,1.0,NEF,,9.57,30.871,9.57,40,1240,13,4.013,0.931,13.397,0.546,30.871,0.161,0.138,0.633,0.304
cox1,ΔVinaXGB/GlideSP,5.0,NEF,,5.128,16.542,5.128,40,1240,62,10.256,0.856,5.946,0.607,25.64,0.173,0.168,0.633,0.304
cox2,ΔVinaXGB/GlideSP,0.5,NEF,,23.108,74.542,23.108,40,1240,7,5.218,0.989,87.841,0.564,74.542,0.304,0.214,0.926,0.844
cox2,ΔVinaXGB/GlideSP,1.0,NEF,,20.54,66.258,20.54,40,1240,13,8.614,0.983,58.91,0.606,66.258,0.367,0.314,0.926,0.844
cox2,ΔVinaXGB/GlideSP,5.0,NEF,,11.823,38.139,11.823,40,1240,62,23.646,0.949,18.496,0.78,59.115,0.453,0.442,0.926,0.844
ctsk,ΔVinaXGB/GlideSP,0.5,NEF,,4.411,14.229,4.411,40,1240,7,0.996,0.833,4.977,0.51,14.229,0.047,0.033,0.652,0.09
ctsk,ΔVinaXGB/GlideSP,1.0,NEF,,2.38,7.677,2.38,40,1240,13,0.998,0.714,2.495,0.507,7.677,0.026,0.022,0.652,0.09
ctsk,ΔVinaXGB/GlideSP,5.0,NEF,,0.996,3.213,0.996,40,1240,62,1.992,0.499,0.996,0.5,4.98,-0.0,-0.0,0.652,0.09
cyp2a6,ΔVinaXGB/GlideSP,0.5,NEF,,4.989,16.094,4.989,40,1240,7,1.127,0.852,5.754,0.512,16.094,0.055,0.039,0.642,0.177
cyp2a6,ΔVinaXGB/GlideSP,1.0,NEF,,5.54,17.871,5.54,40,1240,13,2.323,0.867,6.528,0.525,17.871,0.085,0.073,0.642,0.177
cyp2a6,ΔVinaXGB/GlideSP,5.0,NEF,,2.217,7.152,2.217,40,1240,62,4.434,0.698,2.311,0.531,11.085,0.051,0.05,0.642,0.177
dhfr,ΔVinaXGB/GlideSP,0.5,NEF,,4.371,14.1,4.371,40,1240,7,0.987,0.831,4.924,0.51,14.1,0.046,0.033,0.543,0.09
dhfr,ΔVinaXGB/GlideSP,1.0,NEF,,2.35,7.581,2.35,40,1240,13,0.985,0.711,2.461,0.507,7.581,0.025,0.022,0.543,0.09
dhfr,ΔVinaXGB/GlideSP,5.0,NEF,,1.481,4.777,1.481,40,1240,62,2.962,0.601,1.505,0.512,7.405,0.02,0.02,0.543,0.09
egfr,ΔVinaXGB/GlideSP,0.5,NEF,,4.414,14.239,4.414,40,1240,7,0.997,0.833,4.981,0.51,14.239,0.047,0.033,0.619,0.08
egfr,ΔVinaXGB/GlideSP,1.0,NEF,,2.38,7.677,2.38,40,1240,13,0.998,0.714,2.495,0.507,7.677,0.026,0.022,0.619,0.08
egfr,ΔVinaXGB/GlideSP,5.0,NEF,,1.52,4.903,1.52,40,1240,62,3.04,0.607,1.547,0.513,7.6,0.022,0.021,0.619,0.08
ephb4,ΔVinaXGB/GlideSP,0.5,NEF,,0.0,0.0,0.0,40,1240,7,0.0,0.0,0.0,0.497,0.0,-0.014,-0.01,0.625,0.001
ephb4,ΔVinaXGB/GlideSP,1.0,NEF,,0.0,0.0,0.0,40,1240,13,0.0,0.0,0.0,0.495,0.0,-0.019,-0.016,0.625,0.001
ephb4,ΔVinaXGB/GlideSP,5.0,NEF,,0.0,0.0,0.0,40,1240,62,0.0,0.0,0.0,0.474,0.0,-0.042,-0.041,0.625,0.001
erbb2,ΔVinaXGB/GlideSP,0.5,NEF,,0.0,0.0,0.0,40,1240,7,0.0,0.0,0.0,0.497,0.0,-0.014,-0.01,0.7,0.101
erbb2,ΔVinaXGB/GlideSP,1.0,NEF,,2.46,7.935,2.46,40,1240,13,1.032,0.721,2.586,0.508,7.935,0.027,0.023,0.7,0.101
erbb2,ΔVinaXGB/GlideSP,5.0,NEF,,3.45,11.129,3.45,40,1240,62,6.9,0.79,3.757,0.563,17.25,0.103,0.1,0.7,0.101
er-beta,ΔVinaXGB/GlideSP,0.5,NEF,,5.717,18.442,5.717,40,1240,7,1.291,0.872,6.784,0.514,18.442,0.065,0.046,0.816,0.32
er-beta,ΔVinaXGB/GlideSP,1.0,NEF,,9.53,30.742,9.53,40,1240,13,3.996,0.93,13.316,0.546,30.742,0.16,0.137,0.816,0.32
er-beta,ΔVinaXGB/GlideSP,5.0,NEF,,4.084,13.174,4.084,40,1240,62,8.168,0.82,4.552,0.58,20.42,0.129,0.126,0.816,0.32
fgfr1,ΔVinaXGB/GlideSP,0.5,NEF,,0.0,0.0,0.0,40,1240,7,0.0,0.0,0.0,0.497,0.0,-0.014,-0.01,0.691,0.036
fgfr1,ΔVinaXGB/GlideSP,1.0,NEF,,0.0,0.0,0.0,40,1240,13,0.0,0.0,0.0,0.495,0.0,-0.019,-0.016,0.691,0.036
fgfr1,ΔVinaXGB/GlideSP,5.0,NEF,,1.998,6.445,1.998,40,1240,62,3.996,0.674,2.067,0.526,9.99,0.042,0.041,0.691,0.036
fkbp1a,ΔVinaXGB/GlideSP,0.5,NEF,,13.883,44.784,13.883,40,1240,7,3.135,0.961,24.332,0.538,44.784,0.177,0.125,0.58,0.346
fkbp1a,ΔVinaXGB/GlideSP,1.0,NEF,,9.97,32.161,9.97,40,1240,13,4.181,0.934,14.223,0.549,32.161,0.169,0.144,0.58,0.346
fkbp1a,ΔVinaXGB/GlideSP,5.0,NEF,,5.747,18.539,5.747,40,1240,62,11.494,0.872,6.827,0.623,28.735,0.199,0.194,0.58,0.346
fxa,ΔVinaXGB/GlideSP,0.5,NEF,,10.179,32.835,10.179,40,1240,7,2.298,0.936,14.666,0.527,32.835,0.126,0.089,0.813,0.331
fxa,ΔVinaXGB/GlideSP,1.0,NEF,,10.18,32.839,10.18,40,1240,13,4.269,0.936,14.669,0.55,32.839,0.173,0.148,0.813,0.331
fxa,ΔVinaXGB/GlideSP,5.0,NEF,,6.617,21.345,6.617,40,1240,62,13.234,0.891,8.141,0.645,33.085,0.235,0.229,0.813,0.331
gba,ΔVinaXGB/GlideSP,0.5,NEF,,0.0,0.0,0.0,40,1240,7,0.0,0.0,0.0,0.497,0.0,-0.014,-0.01,0.44,0.046
gba,ΔVinaXGB/GlideSP,1.0,NEF,,2.37,7.645,2.37,40,1240,13,0.994,0.713,2.483,0.507,7.645,0.026,0.022,0.44,0.046
gba,ΔVinaXGB/GlideSP,5.0,NEF,,0.497,1.603,0.497,40,1240,62,0.994,0.328,0.489,0.487,2.485,-0.021,-0.021,0.44,0.046
gr,ΔVinaXGB/GlideSP,0.5,NEF,,0.0,0.0,0.0,40,1240,7,0.0,0.0,0.0,0.497,0.0,-0.014,-0.01,0.46,0.001
gr,ΔVinaXGB/GlideSP,1.0,NEF,,0.0,0.0,0.0,40,1240,13,0.0,0.0,0.0,0.495,0.0,-0.019,-0.016,0.46,0.001
gr,ΔVinaXGB/GlideSP,5.0,NEF,,0.0,0.0,0.0,40,1240,62,0.0,0.0,0.0,0.474,0.0,-0.042,-0.041,0.46,0.001
gsk3b,ΔVinaXGB/GlideSP,0.5,NEF,,8.607,27.765,8.607,40,1240,7,1.944,0.92,11.531,0.522,27.765,0.105,0.074,0.676,0.213
gsk3b,ΔVinaXGB/GlideSP,1.0,NEF,,6.95,22.419,6.95,40,1240,13,2.915,0.897,8.669,0.532,22.419,0.112,0.096,0.676,0.213
gsk3b,ΔVinaXGB/GlideSP,5.0,NEF,,4.445,14.339,4.445,40,1240,62,8.89,0.834,5.022,0.589,22.225,0.144,0.141,0.676,0.213
hdac2,ΔVinaXGB/GlideSP,0.5,NEF,,8.664,27.948,8.664,40,1240,7,1.956,0.921,11.637,0.522,27.948,0.105,0.074,0.819,0.259
hdac2,ΔVinaXGB/GlideSP,1.0,NEF,,7.0,22.581,7.0,40,1240,13,2.935,0.897,8.75,0.533,22.581,0.113,0.096,0.819,0.259
hdac2,ΔVinaXGB/GlideSP,5.0,NEF,,3.977,12.829,3.977,40,1240,62,7.954,0.815,4.415,0.577,19.885,0.125,0.122,0.819,0.259
hdac8,ΔVinaXGB/GlideSP,0.5,NEF,,0.0,0.0,0.0,40,1240,7,0.0,0.0,0.0,0.497,0.0,-0.014,-0.01,0.57,0.011
hdac8,ΔVinaXGB/GlideSP,1.0,NEF,,0.0,0.0,0.0,40,1240,13,0.0,0.0,0.0,0.495,0.0,-0.019,-0.016,0.57,0.011
hdac8,ΔVinaXGB/GlideSP,5.0,NEF,,0.995,3.21,0.995,40,1240,62,1.99,0.499,0.995,0.5,4.975,-0.0,-0.0,0.57,0.011
hiv1pr,ΔVinaXGB/GlideSP,0.5,NEF,,14.073,45.397,14.073,40,1240,7,3.178,0.961,24.942,0.538,45.397,0.18,0.127,0.773,0.392
hiv1pr,ΔVinaXGB/GlideSP,1.0,NEF,,15.16,48.903,15.16,40,1240,13,6.357,0.966,28.712,0.577,48.903,0.266,0.228,0.773,0.392
hiv1pr,ΔVinaXGB/GlideSP,5.0,NEF,,6.46,20.839,6.46,40,1240,62,12.92,0.888,7.897,0.641,32.3,0.229,0.223,0.773,0.392
hiv1rt,ΔVinaXGB/GlideSP,0.5,NEF,,0.0,0.0,0.0,40,1240,7,0.0,0.0,0.0,0.497,0.0,-0.014,-0.01,0.549,0.027
hiv1rt,ΔVinaXGB/GlideSP,1.0,NEF,,0.0,0.0,0.0,40,1240,13,0.0,0.0,0.0,0.495,0.0,-0.019,-0.016,0.549,0.027
hiv1rt,ΔVinaXGB/GlideSP,5.0,NEF,,1.574,5.077,1.574,40,1240,62,3.148,0.616,1.605,0.515,7.87,0.024,0.023,0.549,0.027
hmgr,ΔVinaXGB/GlideSP,0.5,NEF,,13.254,42.755,13.254,40,1240,7,2.993,0.957,22.406,0.536,42.755,0.169,0.119,0.729,0.324
hmgr,ΔVinaXGB/GlideSP,1.0,NEF,,11.89,38.355,11.89,40,1240,13,4.986,0.949,18.666,0.559,38.355,0.205,0.175,0.729,0.324
hmgr,ΔVinaXGB/GlideSP,5.0,NEF,,4.489,14.481,4.489,40,1240,62,8.978,0.836,5.08,0.59,22.445,0.146,0.142,0.729,0.324
hsp90,ΔVinaXGB/GlideSP,0.5,NEF,,0.0,0.0,0.0,40,1240,7,0.0,0.0,0.0,0.497,0.0,-0.014,-0.01,0.555,0.041
hsp90,ΔVinaXGB/GlideSP,1.0,NEF,,2.33,7.516,2.33,40,1240,13,0.977,0.709,2.438,0.507,7.516,0.025,0.021,0.555,0.041
hsp90,ΔVinaXGB/GlideSP,5.0,NEF,,0.995,3.21,0.995,40,1240,62,1.99,0.499,0.995,0.5,4.975,-0.0,-0.0,0.555,0.041
igf1r,ΔVinaXGB/GlideSP,0.5,NEF,,0.0,0.0,0.0,40,1240,7,0.0,0.0,0.0,0.497,0.0,-0.014,-0.01,0.431,0.049
igf1r,ΔVinaXGB/GlideSP,1.0,NEF,,2.48,8.0,2.48,40,1240,13,1.04,0.723,2.609,0.508,8.0,0.028,0.024,0.431,0.049
igf1r,ΔVinaXGB/GlideSP,5.0,NEF,,0.505,1.629,0.505,40,1240,62,1.01,0.332,0.497,0.487,2.525,-0.021,-0.02,0.431,0.049
inha,ΔVinaXGB/GlideSP,0.5,NEF,,4.375,14.113,4.375,40,1240,7,0.988,0.831,4.93,0.51,14.113,0.046,0.033,0.552,0.099
inha,ΔVinaXGB/GlideSP,1.0,NEF,,2.36,7.613,2.36,40,1240,13,0.99,0.712,2.472,0.507,7.613,0.026,0.022,0.552,0.099
inha,ΔVinaXGB/GlideSP,5.0,NEF,,2.964,9.561,2.964,40,1240,62,5.928,0.76,3.172,0.551,14.82,0.082,0.08,0.552,0.099
itk,ΔVinaXGB/GlideSP,0.5,NEF,,0.0,0.0,0.0,40,1240,7,0.0,0.0,0.0,0.497,0.0,-0.014,-0.01,0.594,0.029
itk,ΔVinaXGB/GlideSP,1.0,NEF,,0.0,0.0,0.0,40,1240,13,0.0,0.0,0.0,0.495,0.0,-0.019,-0.016,0.594,0.029
itk,ΔVinaXGB/GlideSP,5.0,NEF,,1.496,4.826,1.496,40,1240,62,2.992,0.603,1.521,0.513,7.48,0.021,0.02,0.594,0.029
jak3,ΔVinaXGB/GlideSP,0.5,NEF,,0.0,0.0,0.0,40,1240,7,0.0,0.0,0.0,0.497,0.0,-0.014,-0.01,0.648,0.09
jak3,ΔVinaXGB/GlideSP,1.0,NEF,,0.0,0.0,0.0,40,1240,13,0.0,0.0,0.0,0.495,0.0,-0.019,-0.016,0.648,0.09
jak3,ΔVinaXGB/GlideSP,5.0,NEF,,2.494,8.045,2.494,40,1240,62,4.988,0.724,2.625,0.539,12.47,0.063,0.061,0.648,0.09
jnk1,ΔVinaXGB/GlideSP,0.5,NEF,,5.25,16.935,5.25,40,1240,7,1.185,0.859,6.117,0.512,16.935,0.058,0.041,0.662,0.241
jnk1,ΔVinaXGB/GlideSP,1.0,NEF,,7.88,25.419,7.88,40,1240,13,3.305,0.911,10.225,0.537,25.419,0.129,0.111,0.662,0.241
jnk1,ΔVinaXGB/GlideSP,5.0,NEF,,3.675,11.855,3.675,40,1240,62,7.35,0.801,4.035,0.569,18.375,0.112,0.109,0.662,0.241
jnk2,ΔVinaXGB/GlideSP,0.5,NEF,,15.395,49.661,15.395,40,1240,7,3.476,0.967,29.596,0.542,49.661,0.198,0.14,0.567,0.225
jnk2,ΔVinaXGB/GlideSP,1.0,NEF,,7.7,24.839,7.7,40,1240,13,3.229,0.908,9.914,0.536,24.839,0.126,0.108,0.567,0.225
jnk2,ΔVinaXGB/GlideSP,5.0,NEF,,3.131,10.1,3.131,40,1240,62,6.262,0.771,3.37,0.555,15.655,0.089,0.087,0.567,0.225
jnk3,ΔVinaXGB/GlideSP,0.5,NEF,,0.0,0.0,0.0,40,1240,7,0.0,0.0,0.0,0.497,0.0,-0.014,-0.01,0.636,0.076
jnk3,ΔVinaXGB/GlideSP,1.0,NEF,,2.38,7.677,2.38,40,1240,13,0.998,0.714,2.495,0.507,7.677,0.026,0.022,0.636,0.076
jnk3,ΔVinaXGB/GlideSP,5.0,NEF,,3.557,11.474,3.557,40,1240,62,7.114,0.795,3.888,0.566,17.785,0.107,0.104,0.636,0.076
kif11,ΔVinaXGB/GlideSP,0.5,NEF,,0.0,0.0,0.0,40,1240,7,0.0,0.0,0.0,0.497,0.0,-0.014,-0.01,0.751,0.152
kif11,ΔVinaXGB/GlideSP,1.0,NEF,,4.65,15.0,4.65,40,1240,13,1.95,0.841,5.294,0.52,15.0,0.069,0.059,0.751,0.152
kif11,ΔVinaXGB/GlideSP,5.0,NEF,,3.964,12.787,3.964,40,1240,62,7.928,0.815,4.399,0.577,19.82,0.124,0.121,0.751,0.152
lck,ΔVinaXGB/GlideSP,0.5,NEF,,0.0,0.0,0.0,40,1240,7,0.0,0.0,0.0,0.497,0.0,-0.014,-0.01,0.478,0.0
lck,ΔVinaXGB/GlideSP,1.0,NEF,,0.0,0.0,0.0,40,1240,13,0.0,0.0,0.0,0.495,0.0,-0.019,-0.016,0.478,0.0
lck,ΔVinaXGB/GlideSP,5.0,NEF,,0.0,0.0,0.0,40,1240,62,0.0,0.0,0.0,0.474,0.0,-0.042,-0.041,0.478,0.0
mdm2,ΔVinaXGB/GlideSP,0.5,NEF,,0.0,0.0,0.0,40,1240,7,0.0,0.0,0.0,0.497,0.0,-0.014,-0.01,0.28,0.0
mdm2,ΔVinaXGB/GlideSP,1.0,NEF,,0.0,0.0,0.0,40,1240,13,0.0,0.0,0.0,0.495,0.0,-0.019,-0.016,0.28,0.0
mdm2,ΔVinaXGB/GlideSP,5.0,NEF,,0.0,0.0,0.0,40,1240,62,0.0,0.0,0.0,0.474,0.0,-0.042,-0.041,0.28,0.0
mk2,ΔVinaXGB/GlideSP,0.5,NEF,,5.239,16.9,5.239,40,1240,7,1.183,0.859,6.101,0.512,16.9,0.058,0.041,0.713,0.087
mk2,ΔVinaXGB/GlideSP,1.0,NEF,,2.62,8.452,2.62,40,1240,13,1.099,0.735,2.77,0.509,8.452,0.03,0.026,0.713,0.087
mk2,ΔVinaXGB/GlideSP,5.0,NEF,,2.664,8.594,2.664,40,1240,62,5.328,0.738,2.82,0.543,13.32,0.07,0.068,0.713,0.087
mmp2,ΔVinaXGB/GlideSP,0.5,NEF,,0.0,0.0,0.0,40,1240,7,0.0,0.0,0.0,0.497,0.0,-0.014,-0.01,0.442,0.01
mmp2,ΔVinaXGB/GlideSP,1.0,NEF,,0.0,0.0,0.0,40,1240,13,0.0,0.0,0.0,0.495,0.0,-0.019,-0.016,0.442,0.01
mmp2,ΔVinaXGB/GlideSP,5.0,NEF,,0.495,1.597,0.495,40,1240,62,0.99,0.327,0.487,0.487,2.475,-0.021,-0.021,0.442,0.01
na,ΔVinaXGB/GlideSP,0.5,NEF,,30.95,99.839,30.95,40,1240,7,6.989,1.0,18570.0,0.587,99.839,0.412,0.291,0.935,0.777
na,ΔVinaXGB/GlideSP,1.0,NEF,,23.81,76.806,23.81,40,1240,13,9.985,0.99,99.346,0.624,76.806,0.429,0.367,0.935,0.777
na,ΔVinaXGB/GlideSP,5.0,NEF,,12.48,40.258,12.48,40,1240,62,24.96,0.953,20.216,0.797,62.4,0.481,0.469,0.935,0.777
p38-alpha,ΔVinaXGB/GlideSP,0.5,NEF,,0.0,0.0,0.0,40,1240,7,0.0,0.0,0.0,0.497,0.0,-0.014,-0.01,0.612,0.036
p38-alpha,ΔVinaXGB/GlideSP,1.0,NEF,,2.35,7.581,2.35,40,1240,13,0.985,0.711,2.461,0.507,7.581,0.025,0.022,0.612,0.036
p38-alpha,ΔVinaXGB/GlideSP,5.0,NEF,,0.985,3.177,0.985,40,1240,62,1.97,0.496,0.985,0.5,4.925,-0.001,-0.001,0.612,0.036
parp-1,ΔVinaXGB/GlideSP,0.5,NEF,,4.3,13.871,4.3,40,1240,7,0.971,0.829,4.831,0.51,13.871,0.045,0.032,0.74,0.154
parp-1,ΔVinaXGB/GlideSP,1.0,NEF,,6.95,22.419,6.95,40,1240,13,2.915,0.897,8.669,0.532,22.419,0.112,0.096,0.74,0.154
parp-1,ΔVinaXGB/GlideSP,5.0,NEF,,3.454,11.142,3.454,40,1240,62,6.908,0.79,3.762,0.563,17.27,0.103,0.1,0.74,0.154
pde4b,ΔVinaXGB/GlideSP,0.5,NEF,,13.2,42.581,13.2,40,1240,7,2.981,0.957,22.247,0.536,42.581,0.168,0.118,0.569,0.218
pde4b,ΔVinaXGB/GlideSP,1.0,NEF,,9.48,30.581,9.48,40,1240,13,3.975,0.93,13.216,0.546,30.581,0.159,0.136,0.569,0.218
pde4b,ΔVinaXGB/GlideSP,5.0,NEF,,2.981,9.616,2.981,40,1240,62,5.962,0.761,3.192,0.551,14.905,0.083,0.081,0.569,0.218
pde5,ΔVinaXGB/GlideSP,0.5,NEF,,0.0,0.0,0.0,40,1240,7,0.0,0.0,0.0,0.497,0.0,-0.014,-0.01,0.446,0.003
pde5,ΔVinaXGB/GlideSP,1.0,NEF,,0.0,0.0,0.0,40,1240,13,0.0,0.0,0.0,0.495,0.0,-0.019,-0.016,0.446,0.003
pde5,ΔVinaXGB/GlideSP,5.0,NEF,,0.52,1.677,0.52,40,1240,62,1.04,0.339,0.512,0.488,2.6,-0.02,-0.02,0.446,0.003
pdk1,ΔVinaXGB/GlideSP,0.5,NEF,,4.534,14.626,4.534,40,1240,7,1.024,0.837,5.139,0.51,14.626,0.049,0.034,0.706,0.125
pdk1,ΔVinaXGB/GlideSP,1.0,NEF,,2.44,7.871,2.44,40,1240,13,1.023,0.719,2.563,0.508,7.871,0.027,0.023,0.706,0.125
pdk1,ΔVinaXGB/GlideSP,5.0,NEF,,4.682,15.103,4.682,40,1240,62,9.364,0.842,5.337,0.595,23.41,0.154,0.15,0.706,0.125
pi3kg,ΔVinaXGB/GlideSP,0.5,NEF,,0.0,0.0,0.0,40,1240,7,0.0,0.0,0.0,0.497,0.0,-0.014,-0.01,0.703,0.072
pi3kg,ΔVinaXGB/GlideSP,1.0,NEF,,0.0,0.0,0.0,40,1240,13,0.0,0.0,0.0,0.495,0.0,-0.019,-0.016,0.703,0.072
pi3kg,ΔVinaXGB/GlideSP,5.0,NEF,,3.557,11.474,3.557,40,1240,62,7.114,0.795,3.888,0.566,17.785,0.107,0.104,0.703,0.072
pim-1,ΔVinaXGB/GlideSP,0.5,NEF,,0.0,0.0,0.0,40,1240,7,0.0,0.0,0.0,0.497,0.0,-0.014,-0.01,0.702,0.049
pim-1,ΔVinaXGB/GlideSP,1.0,NEF,,0.0,0.0,0.0,40,1240,13,0.0,0.0,0.0,0.495,0.0,-0.019,-0.016,0.702,0.049
pim-1,ΔVinaXGB/GlideSP,5.0,NEF,,1.486,4.794,1.486,40,1240,62,2.972,0.602,1.51,0.513,7.43,0.02,0.02,0.702,0.049
pim-2,ΔVinaXGB/GlideSP,0.5,NEF,,0.0,0.0,0.0,40,1240,7,0.0,0.0,0.0,0.497,0.0,-0.014,-0.01,0.674,0.081
pim-2,ΔVinaXGB/GlideSP,1.0,NEF,,0.0,0.0,0.0,40,1240,13,0.0,0.0,0.0,0.495,0.0,-0.019,-0.016,0.674,0.081
pim-2,ΔVinaXGB/GlideSP,5.0,NEF,,2.535,8.177,2.535,40,1240,62,5.07,0.728,2.672,0.54,12.675,0.064,0.063,0.674,0.081
pnp,ΔVinaXGB/GlideSP,0.5,NEF,,18.496,59.665,18.496,40,1240,7,4.177,0.978,44.376,0.551,59.665,0.241,0.17,0.633,0.393
pnp,ΔVinaXGB/GlideSP,1.0,NEF,,12.45,40.161,12.45,40,1240,13,5.221,0.953,20.135,0.562,40.161,0.215,0.184,0.633,0.393
pnp,ΔVinaXGB/GlideSP,5.0,NEF,,5.221,16.842,5.221,40,1240,62,10.442,0.859,6.076,0.609,26.105,0.177,0.172,0.633,0.393
ppara,ΔVinaXGB/GlideSP,0.5,NEF,,0.0,0.0,0.0,40,1240,7,0.0,0.0,0.0,0.497,0.0,-0.014,-0.01,0.563,0.0
ppara,ΔVinaXGB/GlideSP,1.0,NEF,,0.0,0.0,0.0,40,1240,13,0.0,0.0,0.0,0.495,0.0,-0.019,-0.016,0.563,0.0
ppara,ΔVinaXGB/GlideSP,5.0,NEF,,0.0,0.0,0.0,40,1240,62,0.0,0.0,0.0,0.474,0.0,-0.042,-0.041,0.563,0.0
pparg,ΔVinaXGB/GlideSP,0.5,NEF,,0.0,0.0,0.0,40,1240,7,0.0,0.0,0.0,0.497,0.0,-0.014,-0.01,0.477,0.051
pparg,ΔVinaXGB/GlideSP,1.0,NEF,,2.38,7.677,2.38,40,1240,13,0.998,0.714,2.495,0.507,7.677,0.026,0.022,0.477,0.051
pparg,ΔVinaXGB/GlideSP,5.0,NEF,,1.0,3.226,1.0,40,1240,62,2.0,0.5,1.0,0.5,5.0,0.0,0.0,0.477,0.051
pr,ΔVinaXGB/GlideSP,0.5,NEF,,14.671,47.326,14.671,40,1240,7,3.313,0.964,26.954,0.54,47.326,0.188,0.133,0.816,0.393
pr,ΔVinaXGB/GlideSP,1.0,NEF,,10.67,34.419,10.67,40,1240,13,4.475,0.94,15.745,0.552,34.419,0.182,0.155,0.816,0.393
pr,ΔVinaXGB/GlideSP,5.0,NEF,,6.771,21.842,6.771,40,1240,62,13.542,0.893,8.384,0.649,33.855,0.242,0.236,0.816,0.393
prkcq,ΔVinaXGB/GlideSP,0.5,NEF,,0.0,0.0,0.0,40,1240,7,0.0,0.0,0.0,0.497,0.0,-0.014,-0.01,0.731,0.102
prkcq,ΔVinaXGB/GlideSP,1.0,NEF,,2.63,8.484,2.63,40,1240,13,1.103,0.736,2.781,0.509,8.484,0.031,0.026,0.731,0.102
prkcq,ΔVinaXGB/GlideSP,5.0,NEF,,3.684,11.884,3.684,40,1240,62,7.368,0.802,4.046,0.569,18.42,0.112,0.11,0.731,0.102
pygl-in,ΔVinaXGB/GlideSP,0.5,NEF,,4.393,14.171,4.393,40,1240,7,0.992,0.832,4.953,0.51,14.171,0.047,0.033,0.786,0.117
pygl-in,ΔVinaXGB/GlideSP,1.0,NEF,,4.73,15.258,4.73,40,1240,13,1.984,0.844,5.402,0.52,15.258,0.07,0.06,0.786,0.117
pygl-in,ΔVinaXGB/GlideSP,5.0,NEF,,1.984,6.4,1.984,40,1240,62,3.968,0.672,2.051,0.525,9.92,0.041,0.04,0.786,0.117
pygl-out,ΔVinaXGB/GlideSP,0.5,NEF,,30.9,99.677,30.9,40,1240,7,6.977,1.0,9270.0,0.587,99.677,0.411,0.29,0.686,0.621
pygl-out,ΔVinaXGB/GlideSP,1.0,NEF,,26.15,84.355,26.15,40,1240,13,10.966,0.994,161.753,0.636,84.355,0.473,0.404,0.686,0.621
pygl-out,ΔVinaXGB/GlideSP,5.0,NEF,,7.476,24.116,7.476,40,1240,62,14.952,0.905,9.534,0.667,37.38,0.271,0.264,0.686,0.621
qpct,ΔVinaXGB/GlideSP,0.5,NEF,,0.0,0.0,0.0,40,1240,7,0.0,0.0,0.0,0.497,0.0,-0.014,-0.01,0.574,0.047
qpct,ΔVinaXGB/GlideSP,1.0,NEF,,2.38,7.677,2.38,40,1240,13,0.998,0.714,2.495,0.507,7.677,0.026,0.022,0.574,0.047
qpct,ΔVinaXGB/GlideSP,5.0,NEF,,1.496,4.826,1.496,40,1240,62,2.992,0.603,1.521,0.513,7.48,0.021,0.02,0.574,0.047
rock-1,ΔVinaXGB/GlideSP,0.5,NEF,,4.304,13.884,4.304,40,1240,7,0.972,0.829,4.837,0.51,13.884,0.045,0.032,0.551,0.063
rock-1,ΔVinaXGB/GlideSP,1.0,NEF,,2.32,7.484,2.32,40,1240,13,0.973,0.708,2.427,0.507,7.484,0.025,0.021,0.551,0.063
rock-1,ΔVinaXGB/GlideSP,5.0,NEF,,0.494,1.594,0.494,40,1240,62,0.988,0.327,0.486,0.487,2.47,-0.021,-0.021,0.551,0.063
rxr,ΔVinaXGB/GlideSP,0.5,NEF,,5.184,16.723,5.184,40,1240,7,1.171,0.858,6.024,0.512,16.723,0.058,0.041,0.588,0.158
rxr,ΔVinaXGB/GlideSP,1.0,NEF,,2.59,8.355,2.59,40,1240,13,1.086,0.732,2.735,0.509,8.355,0.03,0.026,0.588,0.158
rxr,ΔVinaXGB/GlideSP,5.0,NEF,,2.7,8.71,2.7,40,1240,62,5.4,0.741,2.862,0.544,13.5,0.071,0.069,0.588,0.158
sars-hcov,ΔVinaXGB/GlideSP,0.5,NEF,,4.403,14.203,4.403,39,1209,7,0.994,0.832,4.966,0.51,14.203,0.047,0.034,0.524,0.117
sars-hcov,ΔVinaXGB/GlideSP,1.0,NEF,,2.37,7.645,2.37,39,1209,13,0.994,0.713,2.483,0.508,7.645,0.026,0.022,0.524,0.117
sars-hcov,ΔVinaXGB/GlideSP,5.0,NEF,,2.021,6.519,2.021,39,1209,61,3.977,0.677,2.092,0.527,10.197,0.043,0.042,0.524,0.117
sirt2,ΔVinaXGB/GlideSP,0.5,NEF,,0.0,0.0,0.0,40,1240,7,0.0,0.0,0.0,0.497,0.0,-0.014,-0.01,0.472,0.0
sirt2,ΔVinaXGB/GlideSP,1.0,NEF,,0.0,0.0,0.0,40,1240,13,0.0,0.0,0.0,0.495,0.0,-0.019,-0.016,0.472,0.0
sirt2,ΔVinaXGB/GlideSP,5.0,NEF,,0.0,0.0,0.0,40,1240,62,0.0,0.0,0.0,0.474,0.0,-0.042,-0.041,0.472,0.0
src,ΔVinaXGB/GlideSP,0.5,NEF,,0.0,0.0,0.0,40,1240,7,0.0,0.0,0.0,0.497,0.0,-0.014,-0.01,0.498,0.029
src,ΔVinaXGB/GlideSP,1.0,NEF,,0.0,0.0,0.0,40,1240,13,0.0,0.0,0.0,0.495,0.0,-0.019,-0.016,0.498,0.029
src,ΔVinaXGB/GlideSP,5.0,NEF,,1.018,3.284,1.018,40,1240,62,2.036,0.505,1.019,0.5,5.09,0.001,0.001,0.498,0.029
thrombin,ΔVinaXGB/GlideSP,0.5,NEF,,22.744,73.368,22.744,40,1240,7,5.136,0.988,82.645,0.563,73.368,0.299,0.211,0.796,0.376
thrombin,ΔVinaXGB/GlideSP,1.0,NEF,,12.25,39.516,12.25,40,1240,13,5.137,0.951,19.6,0.561,39.516,0.211,0.181,0.796,0.376
thrombin,ΔVinaXGB/GlideSP,5.0,NEF,,4.698,15.155,4.698,40,1240,62,9.396,0.843,5.359,0.596,23.49,0.155,0.151,0.796,0.376
tie2,ΔVinaXGB/GlideSP,0.5,NEF,,4.992,16.103,4.992,40,1240,7,1.127,0.852,5.758,0.512,16.103,0.055,0.039,0.587,0.156
tie2,ΔVinaXGB/GlideSP,1.0,NEF,,4.99,16.097,4.99,40,1240,13,2.093,0.852,5.755,0.522,16.097,0.075,0.064,0.587,0.156
tie2,ΔVinaXGB/GlideSP,5.0,NEF,,2.496,8.052,2.496,40,1240,62,4.992,0.724,2.627,0.539,12.48,0.063,0.061,0.587,0.156
tk,ΔVinaXGB/GlideSP,0.5,NEF,,9.04,29.161,9.04,40,1240,7,2.041,0.925,12.35,0.523,29.161,0.111,0.078,0.631,0.383
tk,ΔVinaXGB/GlideSP,1.0,NEF,,12.17,39.258,12.17,40,1240,13,5.104,0.951,19.389,0.561,39.258,0.21,0.18,0.631,0.383
tk,ΔVinaXGB/GlideSP,5.0,NEF,,5.614,18.11,5.614,40,1240,62,11.228,0.869,6.634,0.619,28.07,0.193,0.188,0.631,0.383
tp,ΔVinaXGB/GlideSP,0.5,NEF,,0.0,0.0,0.0,40,1240,7,0.0,0.0,0.0,0.497,0.0,-0.014,-0.01,0.423,0.0
tp,ΔVinaXGB/GlideSP,1.0,NEF,,0.0,0.0,0.0,40,1240,13,0.0,0.0,0.0,0.495,0.0,-0.019,-0.016,0.423,0.0
tp,ΔVinaXGB/GlideSP,5.0,NEF,,0.0,0.0,0.0,40,1240,62,0.0,0.0,0.0,0.474,0.0,-0.042,-0.041,0.423,0.0
tpa,ΔVinaXGB/GlideSP,0.5,NEF,,0.0,0.0,0.0,40,1240,7,0.0,0.0,0.0,0.497,0.0,-0.014,-0.01,0.684,0.086
tpa,ΔVinaXGB/GlideSP,1.0,NEF,,2.55,8.226,2.55,40,1240,13,1.069,0.729,2.689,0.508,8.226,0.029,0.025,0.684,0.086
tpa,ΔVinaXGB/GlideSP,5.0,NEF,,2.589,8.352,2.589,40,1240,62,5.178,0.732,2.734,0.541,12.945,0.067,0.065,0.684,0.086
ts,ΔVinaXGB/GlideSP,0.5,NEF,,0.0,0.0,0.0,40,1239,7,0.0,0.0,0.0,0.497,0.0,-0.014,-0.01,0.604,0.021
ts,ΔVinaXGB/GlideSP,1.0,NEF,,0.0,0.0,0.0,40,1239,13,0.0,0.0,0.0,0.495,0.0,-0.019,-0.016,0.604,0.021
ts,ΔVinaXGB/GlideSP,5.0,NEF,,0.5,1.614,0.5,40,1239,62,1.001,0.33,0.492,0.487,2.502,-0.021,-0.02,0.604,0.021
upa,ΔVinaXGB/GlideSP,0.5,NEF,,0.0,0.0,0.0,40,1240,7,0.0,0.0,0.0,0.497,0.0,-0.014,-0.01,0.634,0.108
upa,ΔVinaXGB/GlideSP,1.0,NEF,,2.49,8.032,2.49,40,1240,13,1.044,0.724,2.62,0.508,8.032,0.028,0.024,0.634,0.108
upa,ΔVinaXGB/GlideSP,5.0,NEF,,2.985,9.629,2.985,40,1240,62,5.97,0.762,3.197,0.551,14.925,0.083,0.081,0.634,0.108
vegfr1,ΔVinaXGB/GlideSP,0.5,NEF,,9.982,32.2,9.982,40,1240,7,2.254,0.934,14.248,0.526,32.2,0.124,0.087,0.666,0.253
vegfr1,ΔVinaXGB/GlideSP,1.0,NEF,,9.98,32.194,9.98,40,1240,13,4.185,0.934,14.244,0.549,32.194,0.169,0.144,0.666,0.253
vegfr1,ΔVinaXGB/GlideSP,5.0,NEF,,4.203,13.558,4.203,40,1240,62,8.406,0.825,4.705,0.583,21.015,0.134,0.131,0.666,0.253
vegfr2,ΔVinaXGB/GlideSP,0.5,NEF,,0.0,0.0,0.0,40,1240,7,0.0,0.0,0.0,0.497,0.0,-0.014,-0.01,0.38,0.008
vegfr2,ΔVinaXGB/GlideSP,1.0,NEF,,0.0,0.0,0.0,40,1240,13,0.0,0.0,0.0,0.495,0.0,-0.019,-0.016,0.38,0.008
vegfr2,ΔVinaXGB/GlideSP,5.0,NEF,,1.026,3.31,1.026,40,1240,62,2.052,0.507,1.027,0.501,5.13,0.001,0.001,0.38,0.008
