Target,Model,Percentile,Factor_Type,EF_lit,NEF_lit,EF_calc,NEF_calc,n,N,Ns,ns,PM,ROCE,CCR,REF,MCC,CKC,AUC_ROC,BEDROC
fabp4,Scardino et al.(proprietary)*,1.0,NEF,,41.0,68.895,41.0,47,2797,28,19.291,0.992,129.598,0.704,68.895,0.526,0.508,,
hivrt,Scardino et al.(proprietary)*,1.0,NEF,,17.0,29.882,17.0,338,19229,193,57.672,0.96,23.819,0.582,29.882,0.215,0.207,,
dyr,Scardino et al.(proprietary)*,1.0,NEF,,25.8,34.191,25.8,231,17431,175,59.834,0.975,38.685,0.626,34.191,0.289,0.287,,
aldr,Scardino et al.(proprietary)*,1.0,NEF,,36.0,62.496,36.0,159,9159,92,57.496,0.99,94.323,0.679,62.496,0.469,0.451,,
lkha4,Scardino et al.(proprietary)*,1.0,NEF,,14.7,26.127,14.7,171,9621,97,25.343,0.951,19.545,0.57,26.127,0.186,0.179,,
ptn1,Scardino et al.(proprietary)*,1.0,NEF,,24.0,42.276,24.0,130,7380,74,31.285,0.976,40.845,0.617,42.276,0.31,0.298,,
pyrd,Scardino et al.(proprietary)*,1.0,NEF,,34.7,58.706,34.7,111,6561,66,38.746,0.988,82.61,0.672,58.706,0.446,0.431,,
reni,Scardino et al.(proprietary)*,1.0,NEF,,55.6,81.88,55.6,104,7062,71,58.135,0.997,302.333,0.779,81.88,0.673,0.66,,
hdac2,Scardino et al.(proprietary)*,1.0,NEF,,27.7,48.875,27.7,185,10485,105,51.318,0.982,53.225,0.636,48.875,0.36,0.346,,
hs90a,Scardino et al.(proprietary)*,1.0,NEF,,15.4,27.444,15.4,88,4938,50,13.722,0.954,20.847,0.574,27.444,0.196,0.188,,
abl1,Scardino et al.(proprietary)*,1.0,NEF,,26.4,43.952,26.4,182,10932,110,48.347,0.979,46.318,0.63,43.952,0.333,0.323,,
gria2,Scardino et al.(proprietary)*,1.0,NEF,,29.0,38.174,29.0,158,12003,121,46.19,0.979,46.288,0.643,38.174,0.326,0.323,,
esr1,Scardino et al.(proprietary)*,1.0,NEF,,32.8,59.628,32.8,383,21068,211,125.815,0.988,79.767,0.662,59.628,0.435,0.416,,
dhi1,Scardino et al.(proprietary)*,1.0,NEF,,9.0,15.091,9.0,330,19680,197,29.73,0.912,10.422,0.541,15.091,0.105,0.102,,
pgh1,Scardino et al.(proprietary)*,1.0,NEF,,5.8,10.286,5.8,195,10995,110,11.315,0.864,6.35,0.524,10.286,0.065,0.062,,
cdk2,Scardino et al.(proprietary)*,1.0,NEF,,19.0,31.796,19.0,474,28324,284,90.302,0.965,27.392,0.592,31.796,0.236,0.229,,
ace,Scardino et al.(proprietary)*,1.0,NEF,,23.0,37.749,23.0,282,17182,172,64.928,0.973,36.341,0.612,37.749,0.286,0.277,,
fa7,Scardino et al.(proprietary)*,1.0,NEF,,34.3,61.442,34.3,114,6364,64,39.323,0.989,87.364,0.67,61.442,0.453,0.435,,
kpcb,Scardino et al.(proprietary)*,1.0,NEF,,54.0,82.513,54.0,135,8835,89,73.436,0.997,304.078,0.771,82.513,0.666,0.651,,
igf1r,Scardino et al.(proprietary)*,1.0,NEF,,39.0,61.092,39.0,148,9448,95,58.038,0.99,98.667,0.694,61.092,0.483,0.471,,
hxk4,Scardino et al.(proprietary)*,1.0,NEF,,15.0,28.798,15.0,92,4792,48,13.823,0.954,20.662,0.571,28.798,0.197,0.187,,
prgr,Scardino et al.(proprietary)*,1.0,NEF,,17.0,31.243,17.0,293,15943,160,49.988,0.96,24.27,0.582,31.243,0.22,0.21,,
nram,Scardino et al.(proprietary)*,1.0,NEF,,14.0,21.785,14.0,98,6298,63,13.724,0.946,17.621,0.566,21.785,0.164,0.16,,
kith,Scardino et al.(proprietary)*,1.0,NEF,,20.0,39.216,20.0,57,2907,30,11.765,0.97,32.258,0.6,39.216,0.274,0.26,,
ital,Scardino et al.(proprietary)*,1.0,NEF,,11.6,18.532,11.6,138,8638,87,16.123,0.933,14.011,0.554,18.532,0.136,0.133,,
urok,Scardino et al.(proprietary)*,1.0,NEF,,57.0,92.229,57.0,162,10012,101,93.152,0.999,721.658,0.787,92.229,0.725,0.705,,
andr,Scardino et al.(proprietary)*,1.0,NEF,,14.0,25.761,14.0,269,14619,147,37.869,0.949,18.511,0.567,25.761,0.179,0.171,,
fabp4,Scardino et al.(free)*,1.0,NEF,,27.0,45.37,27.0,47,2797,28,12.704,0.98,48.593,0.632,45.37,0.342,0.33,,
hivrt,Scardino et al.(free)*,1.0,NEF,,5.0,8.789,5.0,338,19229,193,16.962,0.843,5.385,0.52,8.789,0.054,0.052,,
dyr,Scardino et al.(free)*,1.0,NEF,,14.5,19.216,14.5,231,17431,175,33.628,0.947,17.711,0.569,19.216,0.158,0.156,,
aldr,Scardino et al.(free)*,1.0,NEF,,24.0,41.664,24.0,159,9159,92,38.331,0.976,40.427,0.618,41.664,0.308,0.296,,
lkha4,Scardino et al.(free)*,1.0,NEF,,23.6,41.946,23.6,171,9621,97,40.687,0.976,39.929,0.616,41.946,0.307,0.295,,
ptn1,Scardino et al.(free)*,1.0,NEF,,30.0,52.846,30.0,130,7380,74,39.106,0.984,62.5,0.648,52.846,0.391,0.375,,
pyrd,Scardino et al.(free)*,1.0,NEF,,28.3,47.878,28.3,111,6561,66,31.6,0.982,53.377,0.64,47.878,0.361,0.349,,
reni,Scardino et al.(free)*,1.0,NEF,,12.5,18.408,12.5,104,7062,71,13.07,0.938,15.095,0.559,18.408,0.142,0.139,,
hdac2,Scardino et al.(free)*,1.0,NEF,,23.9,42.17,23.9,185,10485,105,44.278,0.976,40.599,0.617,42.17,0.309,0.296,,
hs90a,Scardino et al.(free)*,1.0,NEF,,0.0,0.0,0.0,88,4938,50,0.0,0.0,0.0,0.495,0.0,-0.014,-0.013,,
abl1,Scardino et al.(free)*,1.0,NEF,,13.4,22.309,13.4,182,10932,110,24.54,0.944,16.961,0.563,22.309,0.163,0.158,,
gria2,Scardino et al.(free)*,1.0,NEF,,24.0,31.592,24.0,158,12003,121,38.226,0.972,34.622,0.617,31.592,0.268,0.266,,
esr1,Scardino et al.(free)*,1.0,NEF,,20.4,37.086,20.4,383,21068,211,78.251,0.97,31.836,0.599,37.086,0.266,0.254,,
dhi1,Scardino et al.(free)*,1.0,NEF,,7.0,11.738,7.0,330,19680,197,23.123,0.886,7.798,0.531,11.738,0.079,0.076,,
pgh1,Scardino et al.(free)*,1.0,NEF,,1.9,3.37,1.9,195,10995,110,3.707,0.659,1.931,0.505,3.37,0.012,0.012,,
cdk2,Scardino et al.(free)*,1.0,NEF,,16.0,26.776,16.0,474,28324,284,76.043,0.956,21.485,0.576,26.776,0.197,0.19,,
ace,Scardino et al.(free)*,1.0,NEF,,14.0,22.978,14.0,282,17182,172,39.521,0.947,17.878,0.566,22.978,0.169,0.164,,
fa7,Scardino et al.(free)*,1.0,NEF,,26.6,47.649,26.6,114,6364,64,30.496,0.98,49.901,0.631,47.649,0.348,0.334,,
kpcb,Scardino et al.(free)*,1.0,NEF,,46.0,70.289,46.0,135,8835,89,62.557,0.993,152.457,0.73,70.289,0.565,0.553,,
igf1r,Scardino et al.(free)*,1.0,NEF,,30.0,46.994,30.0,148,9448,95,44.644,0.982,55.711,0.648,46.994,0.369,0.36,,
hxk4,Scardino et al.(free)*,1.0,NEF,,2.0,3.84,2.0,92,4792,48,1.843,0.671,2.04,0.505,3.84,0.014,0.013,,
prgr,Scardino et al.(free)*,1.0,NEF,,8.0,14.702,8.0,293,15943,160,23.524,0.902,9.207,0.536,14.702,0.096,0.092,,
nram,Scardino et al.(free)*,1.0,NEF,,2.0,3.112,2.0,98,6298,63,1.961,0.67,2.032,0.505,3.112,0.013,0.012,,
kith,Scardino et al.(free)*,1.0,NEF,,8.0,15.686,8.0,57,2907,30,4.706,0.903,9.302,0.537,15.686,0.101,0.096,,
ital,Scardino et al.(free)*,1.0,NEF,,10.6,16.934,10.6,138,8638,87,14.733,0.926,12.557,0.549,16.934,0.123,0.12,,
urok,Scardino et al.(free)*,1.0,NEF,,43.0,69.577,43.0,162,10012,101,70.272,0.993,139.051,0.715,69.577,0.544,0.529,,
andr,Scardino et al.(free)*,1.0,NEF,,7.0,12.88,7.0,269,14619,147,18.934,0.887,7.887,0.531,12.88,0.083,0.079,,
aa2ar,Gold,1.0,NEF,,17.01,25.596,17.01,482,32032,321,82.162,0.957,22.518,0.581,25.596,0.199,0.195,,0.29
abl1,Gold,1.0,NEF,,26.92,44.817,26.92,182,10932,110,49.299,0.98,47.971,0.633,44.817,0.34,0.329,,0.46
ace,Gold,1.0,NEF,,14.54,23.864,14.54,282,17182,172,41.046,0.949,18.784,0.569,23.864,0.176,0.171,,0.27
aces,Gold,1.0,NEF,,22.52,38.204,22.52,453,26703,268,102.386,0.973,35.824,0.61,38.204,0.285,0.275,,0.36
ada,Gold,1.0,NEF,,18.28,30.67,18.28,93,5543,56,17.175,0.963,25.924,0.589,30.67,0.228,0.221,,0.32
ada17,Gold,1.0,NEF,,20.49,29.921,20.49,532,36432,365,109.21,0.966,28.811,0.599,29.921,0.239,0.234,,0.34
adrb1,Gold,1.0,NEF,,27.53,42.243,27.53,247,16097,161,68.012,0.979,46.934,0.635,42.243,0.333,0.325,,0.45
adrb2,Gold,1.0,NEF,,26.41,40.055,26.41,231,15231,153,61.283,0.977,43.389,0.63,40.055,0.318,0.311,,0.42
akt1,Gold,1.0,NEF,,20.48,35.84,20.48,293,16743,168,60.211,0.969,31.361,0.599,35.84,0.262,0.252,,0.38
akt2,Gold,1.0,NEF,,41.03,68.413,41.03,117,7017,71,48.573,0.992,127.728,0.706,68.413,0.527,0.511,,0.63
aldr,Gold,1.0,NEF,,23.9,41.49,23.9,159,9159,92,38.171,0.976,40.139,0.617,41.49,0.307,0.295,,0.4
ampc,Gold,1.0,NEF,,0.0,0.0,0.0,48,2898,29,0.0,0.0,0.0,0.495,0.0,-0.013,-0.013,,0.04
andr,Gold,1.0,NEF,,1.12,2.061,1.12,269,14619,147,3.029,0.529,1.123,0.501,2.061,0.002,0.002,,0.04
aofb,Gold,1.0,NEF,,16.39,28.476,16.39,122,7022,71,20.218,0.957,22.517,0.579,28.476,0.207,0.199,,0.27
bace1,Gold,1.0,NEF,,25.44,39.164,25.44,283,18383,184,72.062,0.976,41.174,0.624,39.164,0.307,0.3,,0.41
braf,Gold,1.0,NEF,,25.0,37.616,25.0,152,10102,102,38.369,0.975,39.472,0.623,37.616,0.3,0.294,,0.39
cah2,Gold,1.0,NEF,,16.7,25.949,16.7,492,31664,317,82.257,0.957,22.202,0.58,25.949,0.198,0.194,,0.29
casp3,Gold,1.0,NEF,,25.13,45.884,25.13,199,10899,109,50.013,0.979,45.589,0.623,45.884,0.331,0.316,,0.49
cdk2,Gold,1.0,NEF,,15.82,26.475,15.82,474,28324,284,75.188,0.955,21.156,0.576,26.475,0.195,0.188,,0.29
comt,Gold,1.0,NEF,,70.73,74.529,70.73,41,3891,39,29.066,0.996,274.764,0.853,74.529,0.724,0.724,,0.82
cp2c9,Gold,1.0,NEF,,5.83,9.242,5.83,120,7570,76,7.024,0.863,6.322,0.525,9.242,0.062,0.06,,0.12
cp3a4,Gold,1.0,NEF,,12.35,17.54,12.35,170,11970,120,21.048,0.937,14.764,0.558,17.54,0.137,0.135,,0.22
csf1r,Gold,1.0,NEF,,19.28,25.986,19.28,166,12316,124,32.223,0.963,25.698,0.593,25.986,0.215,0.213,,0.34
cxcr4,Gold,1.0,NEF,,2.5,2.902,2.5,40,3446,35,1.016,0.718,2.545,0.508,2.902,0.016,0.016,,0.11
def,Gold,1.0,NEF,,26.47,46.535,26.47,102,5802,59,27.455,0.98,48.638,0.632,46.535,0.345,0.332,,0.48
dhi1,Gold,1.0,NEF,,8.79,14.739,8.79,330,19680,197,29.036,0.91,10.137,0.54,14.739,0.102,0.099,,0.16
dpp4,Gold,1.0,NEF,,20.08,25.8,20.08,533,41483,415,107.07,0.964,26.714,0.597,25.8,0.219,0.217,,0.3
drd3,Gold,1.0,NEF,,11.04,15.347,11.04,480,34530,346,53.099,0.928,12.86,0.551,15.347,0.12,0.118,,0.18
dyr,Gold,1.0,NEF,,48.48,64.247,48.48,231,17431,175,112.432,0.993,133.8,0.742,64.247,0.554,0.549,,0.66
egfr,Gold,1.0,NEF,,25.09,38.207,25.09,542,35592,356,136.018,0.976,39.985,0.622,38.207,0.301,0.294,,0.4
esr1,Gold,1.0,NEF,,24.61,44.739,24.61,383,21068,211,94.399,0.978,43.725,0.62,44.739,0.323,0.309,,0.42
esr2,Gold,1.0,NEF,,17.49,31.211,17.49,367,20566,206,64.294,0.961,24.972,0.584,31.211,0.224,0.214,,0.31
fa10,Gold,1.0,NEF,,34.26,63.743,34.26,537,28862,289,184.218,0.989,92.735,0.67,63.743,0.461,0.439,,0.72
fa7,Gold,1.0,NEF,,45.61,81.702,45.61,114,6364,64,52.29,0.996,244.802,0.728,81.702,0.607,0.582,,0.77
fabp4,Gold,1.0,NEF,,31.91,53.621,31.91,47,2797,28,15.014,0.985,67.646,0.657,53.621,0.406,0.393,,0.5
fak1,Gold,1.0,NEF,,29.0,53.211,29.0,100,5450,55,29.266,0.984,60.843,0.644,53.211,0.387,0.369,,0.52
fgfr1,Gold,1.0,NEF,,3.6,5.661,3.6,139,8839,89,5.039,0.79,3.756,0.513,5.661,0.033,0.032,,0.83
fkb1a,Gold,1.0,NEF,,25.0,46.946,25.0,111,5911,60,28.168,0.979,46.237,0.624,46.946,0.336,0.32,,0.39
fnta,Gold,1.0,NEF,,21.62,24.57,21.62,592,52092,521,128.01,0.966,28.337,0.604,24.57,0.222,0.222,,0.32
fpps,Gold,1.0,NEF,,91.76,87.293,91.76,85,8935,90,78.563,0.999,715.233,0.961,92.428,0.897,0.897,,0.97
gcr,Gold,1.0,NEF,,6.98,11.803,6.98,258,15258,153,18.058,0.886,7.78,0.53,11.803,0.079,0.076,,0.13
glcm,Gold,1.0,NEF,,27.78,38.924,27.78,54,3854,39,15.18,0.978,44.847,0.637,38.924,0.323,0.318,,0.4
gria2,Gold,1.0,NEF,,14.56,19.166,14.56,158,12003,121,23.191,0.947,17.775,0.569,19.166,0.158,0.157,,0.23
grik1,Gold,1.0,NEF,,29.7,45.101,29.7,101,6651,67,30.218,0.982,53.278,0.647,45.101,0.36,0.352,,0.47
hdac2,Gold,1.0,NEF,,16.76,29.572,16.76,185,10485,105,31.05,0.959,23.377,0.58,29.572,0.212,0.204,,0.32
hdac8,Gold,1.0,NEF,,10.0,16.008,10.0,170,10620,107,17.128,0.921,11.715,0.546,16.008,0.116,0.113,,0.21
hivint,Gold,1.0,NEF,,9.0,13.333,9.0,100,6750,68,9.067,0.911,10.231,0.541,13.333,0.099,0.097,,0.17
hivpr,Gold,1.0,NEF,,17.91,26.456,17.91,536,36286,363,96.035,0.96,23.993,0.586,26.456,0.208,0.204,,0.28
hivrt,Gold,1.0,NEF,,12.72,22.359,12.72,338,19229,193,43.152,0.942,16.095,0.56,22.359,0.158,0.152,,0.23
hmdh,Gold,1.0,NEF,,24.12,45.969,24.12,170,8920,90,41.372,0.978,43.79,0.619,45.969,0.325,0.309,,0.42
hs90a,Gold,1.0,NEF,,13.64,24.308,13.64,88,4938,50,12.154,0.947,17.699,0.565,24.308,0.172,0.165,,0.26
hxk4,Gold,1.0,NEF,,14.13,27.128,14.13,92,4792,48,13.021,0.95,19.018,0.567,27.128,0.185,0.175,,0.31
igf1r,Gold,1.0,NEF,,28.38,44.456,28.38,148,9448,95,42.234,0.981,50.295,0.64,44.456,0.348,0.34,,0.46
inha,Gold,1.0,NEF,,25.58,46.946,25.58,43,2343,24,11.267,0.979,47.33,0.628,46.946,0.342,0.327,,0.55
ital,Gold,1.0,NEF,,6.52,10.416,6.52,138,8638,87,9.062,0.877,7.162,0.528,10.416,0.071,0.069,,0.12
jak2,Gold,1.0,NEF,,28.97,46.917,28.97,107,6607,67,31.434,0.982,53.691,0.644,46.917,0.363,0.353,,0.49
kif11,Gold,1.0,NEF,,33.62,55.985,33.62,116,6966,70,39.19,0.987,75.111,0.667,55.985,0.428,0.414,,0.54
kit,Gold,1.0,NEF,,14.46,22.611,14.46,166,10616,107,24.194,0.948,18.393,0.569,22.611,0.171,0.167,,0.25
kith,Gold,1.0,NEF,,15.79,30.961,15.79,57,2907,30,9.288,0.957,22.423,0.578,30.961,0.214,0.203,,0.3
kpcb,Gold,1.0,NEF,,28.89,44.144,28.89,135,8835,89,39.288,0.981,50.932,0.643,44.144,0.35,0.343,,0.5
lck,Gold,1.0,NEF,,15.48,23.37,15.48,420,27820,279,65.203,0.952,19.896,0.574,23.37,0.18,0.177,,0.26
lkha4,Gold,1.0,NEF,,13.45,23.906,13.45,171,9621,97,23.188,0.946,17.361,0.564,23.906,0.169,0.162,,0.28
mapk2,Gold,1.0,NEF,,21.78,35.191,21.78,101,6251,63,22.17,0.971,33.063,0.606,35.191,0.269,0.261,,0.43
mcr,Gold,1.0,NEF,,2.13,3.818,2.13,94,5244,53,2.024,0.685,2.175,0.506,3.818,0.015,0.015,,0.05
met,Gold,1.0,NEF,,39.76,57.815,39.76,166,11416,115,66.487,0.989,92.881,0.698,57.815,0.475,0.467,,0.61
mk01,Gold,1.0,NEF,,20.25,34.559,20.25,79,4629,47,16.243,0.968,30.416,0.599,34.559,0.257,0.248,,0.44
mk10,Gold,1.0,NEF,,23.08,35.804,23.08,104,6704,68,24.347,0.973,35.395,0.614,35.804,0.281,0.274,,0.41
mk14,Gold,1.0,NEF,,14.19,22.515,14.19,578,36428,365,82.18,0.947,18.023,0.567,22.515,0.168,0.164,,0.26
mmp13,Gold,1.0,NEF,,25.7,38.919,25.7,572,37772,378,147.113,0.976,41.438,0.625,38.919,0.308,0.301,,0.4
mp2k1,Gold,1.0,NEF,,23.14,33.852,23.14,121,8271,83,28.098,0.972,34.471,0.613,33.852,0.272,0.267,,0.37
nos1,Gold,1.0,NEF,,20.0,24.54,20.0,100,8150,82,20.123,0.963,26.179,0.597,24.54,0.213,0.212,,0.3
nram,Gold,1.0,NEF,,19.39,30.172,19.39,98,6298,63,19.008,0.965,27.336,0.593,30.172,0.232,0.227,,0.39
pa2ga,Gold,1.0,NEF,,20.2,38.099,20.2,99,5249,53,20.192,0.97,32.017,0.599,38.099,0.269,0.256,,0.34
parp1,Gold,1.0,NEF,,14.17,23.556,14.17,508,30558,306,72.083,0.948,18.228,0.567,23.556,0.172,0.167,,0.24
pde5a,Gold,1.0,NEF,,10.55,15.024,10.55,398,27948,280,42.067,0.924,12.238,0.549,15.024,0.115,0.114,,0.18
pgh1,Gold,1.0,NEF,,14.36,25.468,14.36,195,10995,110,28.015,0.95,18.925,0.568,25.468,0.18,0.173,,0.25
pgh2,Gold,1.0,NEF,,18.62,34.343,18.62,435,23585,236,81.049,0.965,27.836,0.59,34.343,0.243,0.232,,0.33
plk1,Gold,1.0,NEF,,30.84,47.776,30.84,107,6907,70,33.443,0.983,58.138,0.654,47.776,0.379,0.37,,0.49
pnph,Gold,1.0,NEF,,25.24,36.86,25.24,103,7053,71,26.17,0.975,39.391,0.624,36.86,0.298,0.292,,0.47
ppara,Gold,1.0,NEF,,17.43,32.882,17.43,373,19772,198,65.106,0.962,25.479,0.584,32.882,0.229,0.218,,0.34
ppard,Gold,1.0,NEF,,12.08,23.212,12.08,240,12490,125,29.015,0.939,15.429,0.557,23.212,0.156,0.148,,0.24
pparg,Gold,1.0,NEF,,17.36,32.587,17.36,484,25784,258,84.075,0.962,25.268,0.583,32.587,0.227,0.216,,0.34
prgr,Gold,1.0,NEF,,2.39,4.392,2.39,293,15943,160,7.028,0.71,2.454,0.507,4.392,0.019,0.018,,0.07
ptn1,Gold,1.0,NEF,,41.54,73.173,41.54,130,7380,74,54.148,0.993,152.119,0.707,73.173,0.546,0.525,,0.66
pur2,Gold,1.0,NEF,,56.0,101.818,56.0,50,2750,28,28.509,1.0,inf,0.785,100.0,0.759,0.727,,0.95
pygm,Gold,1.0,NEF,,6.49,12.409,6.49,77,4027,41,5.088,0.879,7.268,0.528,12.409,0.078,0.074,,0.19
pyrd,Gold,1.0,NEF,,31.53,53.343,31.53,111,6561,66,35.206,0.985,66.435,0.656,53.343,0.404,0.39,,0.52
reni,Gold,1.0,NEF,,24.04,35.403,24.04,104,7062,71,25.136,0.973,36.667,0.618,35.403,0.284,0.279,,0.44
rock1,Gold,1.0,NEF,,12.0,18.75,12.0,100,6400,64,12.0,0.936,14.538,0.556,18.75,0.139,0.136,,0.24
rxra,Gold,1.0,NEF,,30.53,56.481,30.53,131,7081,71,40.102,0.986,68.856,0.651,56.481,0.408,0.389,,0.52
sahh,Gold,1.0,NEF,,42.86,76.863,42.86,63,3513,36,27.671,0.995,181.919,0.718,76.863,0.576,0.553,,0.69
src,Gold,1.0,NEF,,14.31,21.409,14.31,524,35024,351,75.147,0.947,17.936,0.568,21.409,0.165,0.162,,0.24
tgfr1,Gold,1.0,NEF,,38.35,59.082,38.35,133,8633,87,51.401,0.989,92.28,0.691,59.082,0.471,0.461,,0.6
thb,Gold,1.0,NEF,,31.07,42.37,31.07,103,7553,76,32.201,0.982,53.178,0.653,42.37,0.356,0.352,,0.46
thrb,Gold,1.0,NEF,,32.75,54.971,32.75,461,27465,275,151.17,0.986,71.51,0.662,54.971,0.417,0.403,,0.53
try1,Gold,1.0,NEF,,42.76,72.645,42.76,449,26429,265,192.508,0.994,153.657,0.713,72.645,0.553,0.533,,0.67
tryb1,Gold,1.0,NEF,,33.78,64.112,33.78,148,7798,78,50.007,0.989,92.339,0.667,64.112,0.458,0.435,,0.6
tysy,Gold,1.0,NEF,,45.87,72.894,45.87,109,6859,69,50.297,0.994,166.538,0.729,72.894,0.575,0.56,,0.7
urok,Gold,1.0,NEF,,43.21,69.916,43.21,162,10012,101,70.615,0.993,141.309,0.716,69.916,0.546,0.531,,0.66
vgfr2,Gold,1.0,NEF,,20.54,33.128,20.54,409,25359,254,84.144,0.968,30.22,0.599,33.128,0.252,0.244,,0.35
wee1,Gold,1.0,NEF,,61.76,100.76,61.76,102,6252,63,63.479,1.0,inf,0.811,100.0,0.789,0.767,,0.89
xiap,Gold,1.0,NEF,,26.0,49.524,26.0,100,5250,53,26.248,0.981,50.528,0.629,49.524,0.352,0.334,,0.5
aa2ar,Glide,1.0,NEF,,5.21,7.84,5.21,482,32032,321,25.166,0.848,5.568,0.521,7.84,0.052,0.051,,0.13
abl1,Glide,1.0,NEF,,17.42,29.001,17.42,182,10932,110,31.902,0.96,24.127,0.584,29.001,0.215,0.209,,0.33
ace,Glide,1.0,NEF,,5.42,8.896,5.42,282,17182,172,15.3,0.854,5.852,0.522,8.896,0.057,0.056,,0.09
aces,Glide,1.0,NEF,,8.13,13.792,8.13,453,26703,268,36.963,0.903,9.271,0.536,13.792,0.094,0.091,,0.16
ada,Glide,1.0,NEF,,5.38,9.027,5.38,93,5543,56,5.055,0.853,5.815,0.523,9.027,0.058,0.056,,0.15
ada17,Glide,1.0,NEF,,28.91,42.216,28.91,532,36432,365,154.088,0.98,49.301,0.642,42.216,0.342,0.336,,0.43
adrb1,Glide,1.0,NEF,,18.7,28.694,18.7,247,16097,161,46.198,0.963,25.823,0.59,28.694,0.222,0.217,,0.32
adrb2,Glide,1.0,NEF,,27.71,42.026,27.71,231,15231,153,64.3,0.979,47.073,0.636,42.026,0.334,0.327,,0.47
akt1,Glide,1.0,NEF,,10.92,19.11,10.92,293,16743,168,32.105,0.93,13.264,0.551,19.11,0.133,0.128,,0.21
akt2,Glide,1.0,NEF,,24.35,40.601,24.35,117,7017,71,28.826,0.976,40.31,0.62,40.601,0.307,0.298,,0.42
aldr,Glide,1.0,NEF,,27.67,48.035,27.67,159,9159,92,44.192,0.981,52.323,0.636,48.035,0.357,0.344,,0.43
ampc,Glide,1.0,NEF,,2.08,3.445,2.08,48,2898,29,0.999,0.679,2.119,0.505,3.445,0.014,0.014,,0.09
andr,Glide,1.0,NEF,,25.7,47.29,25.7,269,14619,147,69.516,0.98,47.86,0.627,47.29,0.341,0.325,,0.42
aofb,Glide,1.0,NEF,,6.67,11.588,6.67,122,7022,71,8.228,0.881,7.413,0.529,11.588,0.076,0.073,,0.14
bace1,Glide,1.0,NEF,,14.13,21.753,14.13,283,18383,184,40.025,0.947,17.78,0.567,21.753,0.165,0.161,,0.26
braf,Glide,1.0,NEF,,29.8,44.839,29.8,152,10102,102,45.735,0.982,53.21,0.648,44.839,0.36,0.352,,0.5
cah2,Glide,1.0,NEF,,3.89,6.044,3.89,492,31664,317,19.161,0.803,4.076,0.515,6.044,0.037,0.036,,0.08
casp3,Glide,1.0,NEF,,27.78,50.722,27.78,199,10899,109,55.287,0.982,55.345,0.636,50.722,0.367,0.351,,0.46
cdk2,Glide,1.0,NEF,,29.87,49.987,29.87,474,28324,284,141.964,0.983,58.725,0.647,49.987,0.379,0.367,,0.5
comt,Glide,1.0,NEF,,83.78,88.28,83.78,41,3891,39,34.429,0.999,707.322,0.919,88.28,0.86,0.859,,0.95
cp2c9,Glide,1.0,NEF,,0.88,1.395,0.88,120,7570,76,1.06,0.468,0.878,0.499,1.395,-0.002,-0.001,,0.04
cp3a4,Glide,1.0,NEF,,11.8,16.759,11.8,170,11970,120,20.11,0.933,13.974,0.555,16.759,0.13,0.128,,0.17
csf1r,Glide,1.0,NEF,,18.4,24.8,18.4,166,12316,124,30.752,0.96,24.138,0.589,24.8,0.205,0.203,,0.31
cxcr4,Glide,1.0,NEF,,0.0,0.0,0.0,40,3446,35,0.0,0.0,0.0,0.495,0.0,-0.011,-0.011,,0.01
def,Glide,1.0,NEF,,5.13,9.019,5.13,102,5802,59,5.321,0.847,5.539,0.521,9.019,0.056,0.054,,0.14
dhi1,Glide,1.0,NEF,,7.03,11.788,7.03,330,19680,197,23.223,0.887,7.836,0.531,11.788,0.079,0.077,,0.13
dpp4,Glide,1.0,NEF,,11.84,15.213,11.84,533,41483,415,63.133,0.932,13.785,0.555,15.213,0.124,0.123,,0.22
drd3,Glide,1.0,NEF,,1.69,2.349,1.69,480,34530,346,8.128,0.631,1.707,0.504,2.349,0.008,0.008,,0.04
dyr,Glide,1.0,NEF,,30.87,40.91,30.87,231,17431,175,71.592,0.981,51.55,0.652,40.91,0.349,0.345,,0.47
egfr,Glide,1.0,NEF,,24.95,37.994,24.95,542,35592,356,135.259,0.975,39.625,0.622,37.994,0.299,0.293,,0.41
esr1,Glide,1.0,NEF,,48.78,88.678,48.78,383,21068,211,187.111,0.998,423.021,0.744,88.678,0.654,0.625,,0.81
esr2,Glide,1.0,NEF,,44.26,78.982,44.26,367,20566,206,162.703,0.995,206.823,0.721,78.982,0.587,0.562,,0.75
fa10,Glide,1.0,NEF,,13.74,25.564,13.74,537,28862,289,73.881,0.948,18.115,0.565,25.564,0.176,0.168,,0.31
fa7,Glide,1.0,NEF,,44.04,78.89,44.04,114,6364,64,50.49,0.995,204.884,0.72,78.89,0.586,0.562,,0.71
fabp4,Glide,1.0,NEF,,25.58,42.984,25.58,47,2797,28,12.035,0.978,44.111,0.625,42.984,0.323,0.312,,0.48
fak1,Glide,1.0,NEF,,20.0,36.697,20.0,100,5450,55,20.183,0.969,31.014,0.598,36.697,0.262,0.251,,0.33
fgfr1,Glide,1.0,NEF,,0.0,0.0,0.0,139,8839,89,0.0,0.0,0.0,0.495,0.0,-0.013,-0.012,,0.04
fkb1a,Glide,1.0,NEF,,41.82,78.532,41.82,111,5911,60,47.119,0.995,191.142,0.711,78.532,0.572,0.545,,0.71
fnta,Glide,1.0,NEF,,6.85,7.785,6.85,592,52092,521,40.558,0.88,7.344,0.53,7.785,0.063,0.063,,0.12
fpps,Glide,1.0,NEF,,1.23,1.17,1.23,85,8935,90,1.053,0.552,1.233,0.501,1.239,0.002,0.002,,0.01
gcr,Glide,1.0,NEF,,16.56,28.002,16.56,258,15258,153,42.842,0.958,22.612,0.579,28.002,0.205,0.198,,0.25
glcm,Glide,1.0,NEF,,11.11,15.567,11.11,54,3854,39,6.071,0.928,12.974,0.552,15.567,0.122,0.12,,0.18
gria2,Glide,1.0,NEF,,33.33,43.874,33.33,158,12003,121,53.087,0.983,58.602,0.665,43.874,0.377,0.373,,0.48
grik1,Glide,1.0,NEF,,20.0,30.371,20.0,101,6651,67,20.349,0.966,28.288,0.597,30.371,0.238,0.233,,0.33
hdac2,Glide,1.0,NEF,,15.84,27.948,15.84,185,10485,105,29.346,0.956,21.596,0.576,27.948,0.2,0.192,,0.27
hdac8,Glide,1.0,NEF,,2.45,3.922,2.45,170,10620,107,4.196,0.715,2.509,0.507,3.922,0.019,0.018,,0.1
hivint,Glide,1.0,NEF,,2.06,3.052,2.06,100,6750,68,2.075,0.677,2.093,0.505,3.052,0.013,0.013,,0.04
hivpr,Glide,1.0,NEF,,9.14,13.501,9.14,536,36286,363,49.009,0.912,10.411,0.541,13.501,0.1,0.098,,0.16
hivrt,Glide,1.0,NEF,,22.94,40.323,22.94,338,19229,193,77.823,0.974,37.765,0.612,40.323,0.296,0.284,,0.41
hmdh,Glide,1.0,NEF,,39.41,75.109,39.41,170,8920,90,67.598,0.994,155.311,0.698,75.109,0.541,0.514,,0.69
hs90a,Glide,1.0,NEF,,1.16,2.067,1.16,88,4938,50,1.034,0.538,1.163,0.501,2.067,0.002,0.002,,0.03
hxk4,Glide,1.0,NEF,,22.83,43.831,22.83,92,4792,48,21.039,0.976,39.865,0.611,43.831,0.307,0.291,,0.38
igf1r,Glide,1.0,NEF,,32.65,51.145,32.65,148,9448,95,48.588,0.985,65.784,0.662,51.145,0.402,0.392,,0.5
inha,Glide,1.0,NEF,,9.3,17.068,9.3,43,2343,24,4.096,0.917,11.008,0.543,17.068,0.115,0.111,,0.15
ital,Glide,1.0,NEF,,8.91,14.235,8.91,138,8638,87,12.384,0.911,10.223,0.54,14.235,0.102,0.099,,0.13
jak2,Glide,1.0,NEF,,33.77,54.69,33.77,107,6607,67,36.643,0.987,73.325,0.669,54.69,0.426,0.414,,0.51
kif11,Glide,1.0,NEF,,38.79,64.594,38.79,116,6966,70,45.216,0.991,107.734,0.693,64.594,0.495,0.48,,0.59
kit,Glide,1.0,NEF,,6.1,9.538,6.1,166,10616,107,10.206,0.869,6.638,0.526,9.538,0.065,0.063,,0.11
kith,Glide,1.0,NEF,,30.77,60.333,30.77,57,2907,30,18.1,0.987,76.05,0.657,60.333,0.43,0.408,,0.63
kpcb,Glide,1.0,NEF,,52.46,80.16,52.46,135,8835,89,71.342,0.996,260.37,0.763,80.16,0.647,0.633,,0.69
lck,Glide,1.0,NEF,,25.12,37.924,25.12,420,27820,279,105.807,0.976,39.855,0.623,37.924,0.301,0.294,,0.39
lkha4,Glide,1.0,NEF,,28.24,50.193,28.24,171,9621,97,48.687,0.982,55.691,0.64,50.193,0.37,0.355,,0.57
mapk2,Glide,1.0,NEF,,27.72,44.788,27.72,101,6251,63,28.217,0.98,49.396,0.637,44.788,0.346,0.336,,0.49
mcr,Glide,1.0,NEF,,29.41,52.718,29.41,94,5244,53,27.941,0.984,61.086,0.646,52.718,0.388,0.372,,0.39
met,Glide,1.0,NEF,,27.71,40.293,27.71,166,11416,115,46.337,0.979,45.735,0.637,40.293,0.327,0.322,,0.44
mk01,Glide,1.0,NEF,,12.66,21.606,12.66,79,4629,47,10.155,0.941,15.874,0.56,21.606,0.156,0.15,,0.28
mk10,Glide,1.0,NEF,,12.5,19.391,12.5,104,6704,68,13.186,0.939,15.266,0.559,19.391,0.146,0.143,,0.26
mk14,Glide,1.0,NEF,,22.15,35.145,22.15,578,36428,365,128.28,0.971,33.611,0.608,35.145,0.27,0.263,,0.36
mmp13,Glide,1.0,NEF,,18.41,27.879,18.41,572,37772,378,105.383,0.962,25.14,0.588,27.879,0.217,0.212,,0.3
mp2k1,Glide,1.0,NEF,,13.22,19.34,13.22,121,8271,83,16.052,0.942,16.15,0.562,19.34,0.15,0.147,,0.22
nos1,Glide,1.0,NEF,,14.29,17.534,14.29,100,8150,82,14.378,0.945,17.116,0.568,17.534,0.149,0.149,,0.2
nram,Glide,1.0,NEF,,41.84,65.105,41.84,98,6298,63,41.016,0.992,118.037,0.707,65.105,0.516,0.503,,0.68
pa2ga,Glide,1.0,NEF,,35.35,66.673,35.35,99,5249,53,35.337,0.99,104.069,0.677,66.673,0.481,0.458,,0.59
parp1,Glide,1.0,NEF,,41.12,68.358,41.12,508,30558,306,209.177,0.992,127.795,0.704,68.358,0.525,0.508,,0.67
pde5a,Glide,1.0,NEF,,21.77,31.002,21.77,398,27948,280,86.806,0.969,31.102,0.606,31.002,0.251,0.247,,0.34
pgh1,Glide,1.0,NEF,,17.11,30.345,17.11,195,10995,110,33.38,0.96,24.128,0.582,30.345,0.218,0.209,,0.3
pgh2,Glide,1.0,NEF,,34.91,64.388,34.91,435,23585,236,151.955,0.99,96.22,0.673,64.388,0.467,0.446,,0.6
plk1,Glide,1.0,NEF,,43.81,67.868,43.81,107,6907,70,47.508,0.993,134.233,0.72,67.868,0.543,0.531,,0.62
pnph,Glide,1.0,NEF,,7.77,11.347,7.77,103,7053,71,8.056,0.896,8.637,0.535,11.347,0.083,0.082,,0.16
ppara,Glide,1.0,NEF,,8.94,16.865,8.94,373,19772,198,33.393,0.913,10.551,0.541,16.865,0.111,0.105,,0.21
ppard,Glide,1.0,NEF,,3.61,6.937,3.61,240,12490,125,8.671,0.792,3.805,0.513,6.937,0.037,0.035,,0.11
pparg,Glide,1.0,NEF,,7.53,14.135,7.53,484,25784,258,36.468,0.896,8.605,0.533,14.135,0.091,0.086,,0.17
prgr,Glide,1.0,NEF,,19.05,35.01,19.05,293,15943,160,56.016,0.966,28.774,0.592,35.01,0.249,0.237,,0.22
ptn1,Glide,1.0,NEF,,15.45,27.215,15.45,130,7380,74,20.139,0.954,20.853,0.574,27.215,0.195,0.187,,0.34
pur2,Glide,1.0,NEF,,54.0,98.182,54.0,50,2750,28,27.491,1.0,2916.0,0.775,98.182,0.731,0.701,,0.97
pygm,Glide,1.0,NEF,,1.3,2.486,1.3,77,4027,41,1.019,0.567,1.308,0.502,2.486,0.004,0.004,,0.02
pyrd,Glide,1.0,NEF,,41.18,69.669,41.18,111,6561,66,45.982,0.993,133.472,0.706,69.669,0.531,0.513,,0.62
reni,Glide,1.0,NEF,,33.98,50.041,33.98,104,7062,71,35.529,0.985,67.015,0.668,50.041,0.406,0.399,,0.48
rock1,Glide,1.0,NEF,,25.25,39.453,25.25,100,6400,64,25.25,0.976,41.052,0.623,39.453,0.307,0.299,,0.41
rxra,Glide,1.0,NEF,,39.32,72.743,39.32,131,7081,71,51.647,0.993,141.587,0.696,72.743,0.529,0.505,,0.84
sahh,Glide,1.0,NEF,,43.33,77.705,43.33,63,3513,36,27.974,0.995,190.866,0.721,77.705,0.582,0.559,,0.96
src,Glide,1.0,NEF,,12.21,18.268,12.21,524,35024,351,64.119,0.936,14.715,0.557,18.268,0.139,0.136,,0.23
tgfr1,Glide,1.0,NEF,,44.36,68.341,44.36,133,8633,87,59.457,0.993,137.96,0.722,68.341,0.547,0.535,,0.67
thb,Glide,1.0,NEF,,35.79,48.807,35.79,103,7553,76,37.093,0.986,68.958,0.677,48.807,0.412,0.408,,0.61
thrb,Glide,1.0,NEF,,39.47,66.25,39.47,461,27465,275,182.189,0.991,114.987,0.696,66.25,0.505,0.489,,0.65
try1,Glide,1.0,NEF,,44.19,75.074,44.19,449,26429,265,198.946,0.994,174.273,0.72,75.074,0.571,0.552,,0.69
tryb1,Glide,1.0,NEF,,28.57,54.224,28.57,148,7798,78,42.294,0.984,61.228,0.641,54.224,0.385,0.366,,0.47
tysy,Glide,1.0,NEF,,38.53,61.23,38.53,109,6859,69,42.249,0.99,97.802,0.692,61.23,0.481,0.468,,0.64
urok,Glide,1.0,NEF,,53.7,86.89,53.7,162,10012,101,87.759,0.998,402.975,0.77,86.89,0.682,0.663,,0.79
vgfr2,Glide,1.0,NEF,,17.0,27.418,17.0,409,25359,254,69.642,0.958,23.044,0.581,27.418,0.206,0.2,,0.3
wee1,Glide,1.0,NEF,,59.8,97.562,59.8,102,6252,63,61.464,1.0,2413.189,0.801,97.562,0.764,0.742,,0.99
xiap,Glide,1.0,NEF,,50.51,96.21,50.51,100,5250,53,50.991,0.999,1307.168,0.755,96.21,0.697,0.662,,0.77
aa2ar,Flexx,1.0,NEF,,6.02,9.059,6.02,482,32032,321,29.078,0.867,6.52,0.526,9.059,0.062,0.061,,0.11
abl1,Flexx,1.0,NEF,,27.78,46.249,27.78,182,10932,110,50.874,0.981,50.822,0.637,46.249,0.351,0.34,,0.48
ace,Flexx,1.0,NEF,,1.42,2.331,1.42,282,17182,172,4.009,0.588,1.43,0.502,2.331,0.005,0.005,,0.03
aces,Flexx,1.0,NEF,,1.35,2.29,1.35,453,26703,268,6.138,0.576,1.358,0.502,2.29,0.005,0.004,,0.03
ada,Flexx,1.0,NEF,,10.75,18.036,10.75,93,5543,56,10.1,0.928,12.896,0.55,18.036,0.129,0.125,,0.2
ada17,Flexx,1.0,NEF,,1.89,2.76,1.89,532,36432,365,10.074,0.657,1.915,0.505,2.76,0.011,0.011,,0.04
adrb1,Flexx,1.0,NEF,,9.35,14.347,9.35,247,16097,161,23.099,0.915,10.749,0.542,14.347,0.105,0.102,,0.18
adrb2,Flexx,1.0,NEF,,20.0,30.333,20.0,231,15231,153,46.409,0.966,28.273,0.597,30.333,0.238,0.232,,0.34
akt1,Flexx,1.0,NEF,,5.17,9.047,5.17,293,16743,168,15.2,0.848,5.585,0.521,9.047,0.056,0.054,,0.1
akt2,Flexx,1.0,NEF,,13.68,22.81,13.68,117,7017,71,16.195,0.946,17.427,0.565,22.81,0.167,0.162,,0.24
aldr,Flexx,1.0,NEF,,11.95,20.745,11.95,159,9159,92,19.086,0.937,14.816,0.556,20.745,0.147,0.141,,0.22
ampc,Flexx,1.0,NEF,,0.0,0.0,0.0,48,2898,29,0.0,0.0,0.0,0.495,0.0,-0.013,-0.013,,0.04
andr,Flexx,1.0,NEF,,0.0,0.0,0.0,269,14619,147,0.0,0.0,0.0,0.495,0.0,-0.014,-0.013,,0.01
aofb,Flexx,1.0,NEF,,5.26,9.139,5.26,122,7022,71,6.488,0.85,5.688,0.522,9.139,0.057,0.055,,0.11
bace1,Flexx,1.0,NEF,,11.11,17.103,11.11,283,18383,184,31.47,0.93,13.196,0.551,17.103,0.127,0.124,,0.21
braf,Flexx,1.0,NEF,,23.03,34.652,23.03,152,10102,102,35.345,0.972,34.712,0.613,34.652,0.275,0.269,,0.41
cah2,Flexx,1.0,NEF,,7.39,11.483,7.39,492,31664,317,36.4,0.892,8.219,0.532,11.483,0.081,0.079,,0.13
casp3,Flexx,1.0,NEF,,22.11,40.37,22.11,199,10899,109,44.003,0.973,36.401,0.608,40.37,0.289,0.276,,0.38
cdk2,Flexx,1.0,NEF,,11.8,19.747,11.8,474,28324,284,56.082,0.935,14.457,0.555,19.747,0.142,0.137,,0.22
comt,Flexx,1.0,NEF,,9.76,10.284,9.76,41,3891,39,4.011,0.915,10.764,0.544,10.284,0.091,0.091,,0.15
cp2c9,Flexx,1.0,NEF,,9.09,14.41,9.09,120,7570,76,10.951,0.913,10.452,0.541,14.41,0.103,0.101,,0.17
cp3a4,Flexx,1.0,NEF,,4.19,5.951,4.19,170,11970,120,7.141,0.815,4.392,0.516,5.951,0.039,0.038,,0.07
csf1r,Flexx,1.0,NEF,,24.54,33.076,24.54,166,12316,124,41.014,0.973,36.174,0.62,33.076,0.277,0.274,,0.38
cxcr4,Flexx,1.0,NEF,,0.0,0.0,0.0,40,3446,35,0.0,0.0,0.0,0.495,0.0,-0.011,-0.011,,0.01
def,Flexx,1.0,NEF,,0.0,0.0,0.0,102,5802,59,0.0,0.0,0.0,0.495,0.0,-0.014,-0.013,,0.01
dhi1,Flexx,1.0,NEF,,0.63,1.056,0.63,330,19680,197,2.081,0.385,0.626,0.498,1.056,-0.005,-0.005,,0.01
dpp4,Flexx,1.0,NEF,,11.84,15.213,11.84,533,41483,415,63.133,0.932,13.785,0.555,15.213,0.124,0.123,,0.22
drd3,Flexx,1.0,NEF,,2.51,3.489,2.51,480,34530,346,12.072,0.719,2.565,0.508,3.489,0.018,0.018,,0.05
dyr,Flexx,1.0,NEF,,10.43,13.822,10.43,231,17431,175,24.189,0.923,11.942,0.548,13.822,0.11,0.109,,0.17
egfr,Flexx,1.0,NEF,,19.29,29.375,19.29,542,35592,356,104.575,0.964,26.897,0.593,29.375,0.229,0.224,,0.31
esr1,Flexx,1.0,NEF,,31.73,57.683,31.73,383,21068,211,121.71,0.987,73.618,0.657,57.683,0.421,0.402,,0.51
esr2,Flexx,1.0,NEF,,31.02,55.355,31.02,367,20566,206,114.032,0.986,68.242,0.653,55.355,0.407,0.39,,0.51
fa10,Flexx,1.0,NEF,,33.08,61.548,33.08,537,28862,289,177.873,0.988,84.429,0.664,61.548,0.444,0.423,,0.72
fa7,Flexx,1.0,NEF,,55.26,98.989,55.26,114,6364,64,63.353,1.0,5366.299,0.778,98.989,0.739,0.708,,0.9
fabp4,Flexx,1.0,NEF,,17.02,28.6,17.02,47,2797,28,8.008,0.959,23.437,0.582,28.6,0.211,0.204,,0.33
fak1,Flexx,1.0,NEF,,15.0,27.523,15.0,100,5450,55,15.138,0.953,20.316,0.572,27.523,0.193,0.185,,0.31
fgfr1,Flexx,1.0,NEF,,0.76,1.195,0.76,139,8839,89,1.064,0.431,0.757,0.499,1.195,-0.003,-0.003,,0.3
fkb1a,Flexx,1.0,NEF,,0.0,0.0,0.0,111,5911,60,0.0,0.0,0.0,0.495,0.0,-0.014,-0.013,,0.01
fnta,Flexx,1.0,NEF,,6.26,7.114,6.26,592,52092,521,37.065,0.87,6.663,0.527,7.114,0.057,0.057,,0.11
fpps,Flexx,1.0,NEF,,1.18,1.123,1.18,85,8935,90,1.01,0.542,1.182,0.501,1.189,0.002,0.002,,0.07
gcr,Flexx,1.0,NEF,,7.63,12.902,7.63,258,15258,153,19.74,0.896,8.612,0.534,12.902,0.088,0.085,,0.13
glcm,Flexx,1.0,NEF,,5.56,7.79,5.56,54,3854,39,3.038,0.856,5.945,0.523,7.79,0.055,0.054,,0.16
gria2,Flexx,1.0,NEF,,7.59,9.991,7.59,158,12003,121,12.089,0.893,8.321,0.534,9.991,0.077,0.076,,0.13
grik1,Flexx,1.0,NEF,,19.8,30.068,19.8,101,6651,67,20.145,0.965,27.883,0.596,30.068,0.235,0.231,,0.38
hdac2,Flexx,1.0,NEF,,16.3,28.76,16.3,185,10485,105,30.198,0.957,22.477,0.578,28.76,0.206,0.198,,0.29
hdac8,Flexx,1.0,NEF,,12.94,20.714,12.94,170,10620,107,22.164,0.941,16.059,0.561,20.714,0.154,0.15,,0.23
hivint,Flexx,1.0,NEF,,4.0,5.926,4.0,100,6750,68,4.03,0.807,4.189,0.515,5.926,0.037,0.036,,0.07
hivpr,Flexx,1.0,NEF,,2.08,3.072,2.08,536,36286,363,11.153,0.679,2.114,0.505,3.072,0.013,0.013,,0.04
hivrt,Flexx,1.0,NEF,,2.08,3.656,2.08,338,19229,193,7.056,0.68,2.121,0.506,3.656,0.015,0.014,,0.05
hmdh,Flexx,1.0,NEF,,1.76,3.354,1.76,170,8920,90,3.019,0.641,1.786,0.504,3.354,0.011,0.01,,0.05
hs90a,Flexx,1.0,NEF,,2.35,4.188,2.35,88,4938,50,2.094,0.707,2.409,0.507,4.188,0.018,0.018,,0.03
hxk4,Flexx,1.0,NEF,,4.35,8.351,4.35,92,4792,48,4.009,0.823,4.655,0.517,8.351,0.047,0.045,,0.09
igf1r,Flexx,1.0,NEF,,27.7,43.391,27.7,148,9448,95,41.222,0.98,48.166,0.636,43.391,0.339,0.331,,0.47
inha,Flexx,1.0,NEF,,9.3,17.068,9.3,43,2343,24,4.096,0.917,11.008,0.543,17.068,0.115,0.111,,0.12
ital,Flexx,1.0,NEF,,1.45,2.317,1.45,138,8638,87,2.015,0.594,1.461,0.502,2.317,0.006,0.006,,0.03
jak2,Flexx,1.0,NEF,,8.41,13.62,8.41,107,6607,67,9.125,0.905,9.578,0.538,13.62,0.096,0.094,,0.16
kif11,Flexx,1.0,NEF,,2.59,4.313,2.59,116,6966,70,3.019,0.727,2.662,0.508,4.313,0.021,0.02,,0.09
kit,Flexx,1.0,NEF,,7.88,12.322,7.88,166,10616,107,13.184,0.898,8.847,0.535,12.322,0.087,0.085,,0.16
kith,Flexx,1.0,NEF,,0.0,0.0,0.0,57,2907,30,0.0,0.0,0.0,0.495,0.0,-0.014,-0.014,,0.08
kpcb,Flexx,1.0,NEF,,27.48,41.99,27.48,135,8835,89,37.371,0.979,46.647,0.635,41.99,0.333,0.325,,0.44
lck,Flexx,1.0,NEF,,18.12,27.356,18.12,420,27820,279,76.323,0.961,24.567,0.587,27.356,0.213,0.209,,0.31
lkha4,Flexx,1.0,NEF,,7.6,13.508,7.6,171,9621,97,13.103,0.896,8.631,0.534,13.508,0.09,0.086,,0.15
mapk2,Flexx,1.0,NEF,,6.93,11.197,6.93,101,6251,63,7.054,0.885,7.678,0.53,11.197,0.077,0.075,,0.2
mcr,Flexx,1.0,NEF,,0.0,0.0,0.0,94,5244,53,0.0,0.0,0.0,0.495,0.0,-0.014,-0.013,,0.01
met,Flexx,1.0,NEF,,18.07,26.276,18.07,166,11416,115,30.217,0.96,24.154,0.587,26.276,0.209,0.206,,0.35
mk01,Flexx,1.0,NEF,,21.52,36.727,21.52,79,4629,47,17.262,0.971,33.431,0.606,36.727,0.274,0.265,,0.38
mk10,Flexx,1.0,NEF,,14.42,22.37,14.42,104,6704,68,15.212,0.948,18.287,0.569,22.37,0.171,0.167,,0.25
mk14,Flexx,1.0,NEF,,14.19,22.515,14.19,578,36428,365,82.18,0.947,18.023,0.567,22.515,0.168,0.164,,0.26
mmp13,Flexx,1.0,NEF,,4.2,6.36,4.2,572,37772,378,24.042,0.815,4.417,0.516,6.36,0.04,0.039,,0.08
mp2k1,Flexx,1.0,NEF,,8.33,12.186,8.33,121,8271,83,10.115,0.903,9.347,0.537,12.186,0.09,0.088,,0.16
nos1,Flexx,1.0,NEF,,7.07,8.675,7.07,100,8150,82,7.113,0.884,7.647,0.531,8.675,0.068,0.068,,0.14
nram,Flexx,1.0,NEF,,14.29,22.236,14.29,98,6298,63,14.009,0.948,18.09,0.568,22.236,0.168,0.164,,0.21
pa2ga,Flexx,1.0,NEF,,17.53,33.063,17.53,99,5249,53,17.523,0.963,25.695,0.585,33.063,0.231,0.22,,0.32
parp1,Flexx,1.0,NEF,,12.4,20.614,12.4,508,30558,306,63.079,0.939,15.36,0.558,20.614,0.149,0.144,,0.22
pde5a,Flexx,1.0,NEF,,1.76,2.506,1.76,398,27948,280,7.018,0.64,1.78,0.504,2.506,0.009,0.009,,0.04
pgh1,Flexx,1.0,NEF,,5.21,9.24,5.21,195,10995,110,10.164,0.849,5.639,0.521,9.24,0.057,0.055,,0.09
pgh2,Flexx,1.0,NEF,,11.08,20.436,11.08,435,23585,236,48.229,0.932,13.669,0.551,20.436,0.139,0.132,,0.22
plk1,Flexx,1.0,NEF,,8.41,13.028,8.41,107,6907,70,9.12,0.905,9.52,0.538,13.028,0.094,0.092,,0.19
pnph,Flexx,1.0,NEF,,10.68,15.597,10.68,103,7053,71,11.074,0.926,12.469,0.549,15.597,0.119,0.117,,0.17
ppara,Flexx,1.0,NEF,,3.77,7.112,3.77,373,19772,198,14.082,0.799,3.982,0.514,7.112,0.039,0.037,,0.1
ppard,Flexx,1.0,NEF,,1.25,2.402,1.25,240,12490,125,3.002,0.557,1.256,0.501,2.402,0.004,0.003,,0.04
pparg,Flexx,1.0,NEF,,1.66,3.116,1.66,484,25784,258,8.039,0.627,1.681,0.503,3.116,0.009,0.009,,0.04
prgr,Flexx,1.0,NEF,,3.64,6.69,3.64,293,15943,160,10.703,0.793,3.829,0.513,6.69,0.036,0.035,,0.09
ptn1,Flexx,1.0,NEF,,14.84,26.141,14.84,130,7380,74,19.344,0.952,19.738,0.571,26.141,0.187,0.179,,0.28
pur2,Flexx,1.0,NEF,,56.0,101.818,56.0,50,2750,28,28.509,1.0,inf,0.785,100.0,0.759,0.727,,0.98
pygm,Flexx,1.0,NEF,,9.09,17.381,9.09,77,4027,41,7.126,0.915,10.792,0.542,17.381,0.115,0.109,,0.13
pyrd,Flexx,1.0,NEF,,29.09,49.215,29.09,111,6561,66,32.482,0.983,56.312,0.644,49.215,0.371,0.359,,0.49
reni,Flexx,1.0,NEF,,11.65,17.157,11.65,104,7062,71,12.181,0.933,13.856,0.554,17.157,0.131,0.129,,0.21
rock1,Flexx,1.0,NEF,,23.0,35.938,23.0,100,6400,64,23.0,0.972,35.341,0.612,35.938,0.279,0.272,,0.39
rxra,Flexx,1.0,NEF,,7.69,14.227,7.69,131,7081,71,10.101,0.898,8.8,0.534,14.227,0.092,0.088,,0.24
sahh,Flexx,1.0,NEF,,30.16,54.087,30.16,63,3513,36,19.471,0.985,64.512,0.652,54.087,0.401,0.385,,0.58
src,Flexx,1.0,NEF,,14.76,22.083,14.76,524,35024,351,77.51,0.949,18.66,0.57,22.083,0.171,0.167,,0.24
tgfr1,Flexx,1.0,NEF,,25.56,39.378,25.56,133,8633,87,34.259,0.976,41.513,0.626,39.378,0.31,0.303,,0.43
thb,Flexx,1.0,NEF,,15.53,21.178,15.53,103,7553,76,16.095,0.951,19.434,0.574,21.178,0.172,0.17,,0.28
thrb,Flexx,1.0,NEF,,33.11,55.575,33.11,461,27465,275,152.832,0.987,73.279,0.663,55.575,0.422,0.408,,0.55
try1,Flexx,1.0,NEF,,50.56,85.896,50.56,449,26429,265,227.624,0.997,352.388,0.753,85.896,0.656,0.633,,0.78
tryb1,Flexx,1.0,NEF,,27.89,52.933,27.89,148,7798,78,41.288,0.983,58.131,0.637,52.933,0.376,0.357,,0.45
tysy,Flexx,1.0,NEF,,18.35,29.161,18.35,109,6859,69,20.121,0.962,25.492,0.589,29.161,0.222,0.216,,0.32
urok,Flexx,1.0,NEF,,47.53,76.906,47.53,162,10012,101,77.675,0.995,202.484,0.739,76.906,0.602,0.586,,0.7
vgfr2,Flexx,1.0,NEF,,31.68,51.095,31.68,409,25359,254,129.781,0.985,63.734,0.656,51.095,0.395,0.384,,0.5
wee1,Flexx,1.0,NEF,,40.2,65.585,40.2,102,6252,63,41.319,0.991,114.905,0.701,65.585,0.509,0.495,,0.65
xiap,Flexx,1.0,NEF,,27.0,51.429,27.0,100,5250,53,27.257,0.982,54.529,0.634,51.429,0.366,0.348,,0.58
aa2ar,Surflex,1.0,NEF,,19.71,29.659,19.71,482,32032,321,95.204,0.965,27.599,0.595,29.659,0.233,0.228,,0.32
abl1,Surflex,1.0,NEF,,17.03,28.352,17.03,182,10932,110,31.187,0.959,23.373,0.582,28.352,0.21,0.204,,0.3
ace,Surflex,1.0,NEF,,2.48,4.07,2.48,282,17182,172,7.001,0.718,2.543,0.508,4.07,0.019,0.019,,0.07
aces,Surflex,1.0,NEF,,20.31,34.455,20.31,453,26703,268,92.339,0.968,30.461,0.599,34.455,0.255,0.247,,0.34
ada,Surflex,1.0,NEF,,9.68,16.241,9.68,93,5543,56,9.095,0.919,11.363,0.545,16.241,0.115,0.111,,0.18
ada17,Surflex,1.0,NEF,,35.9,52.423,35.9,532,36432,365,191.344,0.987,74.355,0.677,52.423,0.427,0.42,,0.57
adrb1,Surflex,1.0,NEF,,15.38,23.6,15.38,247,16097,161,37.996,0.952,19.822,0.573,23.6,0.18,0.176,,0.26
adrb2,Surflex,1.0,NEF,,20.35,30.864,20.35,231,15231,153,47.221,0.967,28.988,0.599,30.864,0.242,0.237,,0.33
akt1,Surflex,1.0,NEF,,4.44,7.77,4.44,293,16743,168,13.053,0.825,4.73,0.518,7.77,0.046,0.044,,0.08
akt2,Surflex,1.0,NEF,,14.53,24.227,14.53,117,7017,71,17.201,0.95,18.856,0.57,24.227,0.178,0.173,,0.24
aldr,Surflex,1.0,NEF,,7.55,13.107,7.55,159,9159,92,12.058,0.895,8.538,0.533,13.107,0.088,0.084,,0.15
ampc,Surflex,1.0,NEF,,0.0,0.0,0.0,48,2898,29,0.0,0.0,0.0,0.495,0.0,-0.013,-0.013,,0.02
andr,Surflex,1.0,NEF,,4.09,7.526,4.09,269,14619,147,11.063,0.813,4.341,0.516,7.526,0.043,0.041,,0.08
aofb,Surflex,1.0,NEF,,4.92,8.548,4.92,122,7022,71,6.069,0.841,5.286,0.52,8.548,0.053,0.051,,0.1
bace1,Surflex,1.0,NEF,,17.31,26.648,17.31,283,18383,184,49.033,0.959,23.235,0.583,26.648,0.205,0.2,,0.29
braf,Surflex,1.0,NEF,,5.26,7.914,5.26,152,10102,102,8.073,0.849,5.626,0.522,7.914,0.053,0.052,,0.1
cah2,Surflex,1.0,NEF,,3.05,4.739,3.05,492,31664,317,15.023,0.759,3.152,0.51,4.739,0.026,0.025,,0.06
casp3,Surflex,1.0,NEF,,12.56,22.933,12.56,199,10899,109,24.997,0.941,16.0,0.559,22.933,0.158,0.151,,0.23
cdk2,Surflex,1.0,NEF,,3.16,5.288,3.16,474,28324,284,15.019,0.766,3.281,0.511,5.288,0.028,0.027,,0.07
comt,Surflex,1.0,NEF,,2.44,2.571,2.44,41,3891,39,1.003,0.712,2.478,0.507,2.571,0.015,0.015,,0.05
cp2c9,Surflex,1.0,NEF,,3.33,5.279,3.33,120,7570,76,4.012,0.776,3.46,0.512,5.279,0.03,0.029,,0.05
cp3a4,Surflex,1.0,NEF,,8.82,12.526,8.82,170,11970,120,15.032,0.909,9.94,0.54,12.526,0.094,0.093,,0.14
csf1r,Surflex,1.0,NEF,,3.01,4.057,3.01,166,12316,124,5.031,0.756,3.095,0.51,4.057,0.024,0.023,,0.05
cxcr4,Surflex,1.0,NEF,,15.0,17.411,15.0,40,3446,35,6.094,0.947,17.952,0.572,17.411,0.154,0.153,,0.26
def,Surflex,1.0,NEF,,32.35,56.872,32.35,102,5802,59,33.554,0.987,73.69,0.662,56.872,0.425,0.409,,0.59
dhi1,Surflex,1.0,NEF,,3.64,6.104,3.64,330,19680,197,12.024,0.792,3.812,0.513,6.104,0.035,0.034,,0.09
dpp4,Surflex,1.0,NEF,,6.38,8.197,6.38,533,41483,415,34.019,0.873,6.86,0.527,8.197,0.062,0.061,,0.1
drd3,Surflex,1.0,NEF,,7.08,9.842,7.08,480,34530,346,34.053,0.886,7.744,0.531,9.842,0.073,0.072,,0.13
dyr,Surflex,1.0,NEF,,25.54,33.846,25.54,231,17431,175,59.231,0.974,38.095,0.625,33.846,0.286,0.284,,0.4
egfr,Surflex,1.0,NEF,,13.65,20.786,13.65,542,35592,356,74.0,0.944,16.969,0.564,20.786,0.158,0.155,,0.22
esr1,Surflex,1.0,NEF,,27.15,49.357,27.15,383,21068,211,104.142,0.981,52.636,0.633,49.357,0.358,0.342,,0.47
esr2,Surflex,1.0,NEF,,21.8,38.902,21.8,367,20566,206,80.138,0.972,35.044,0.606,38.902,0.282,0.27,,0.39
fa10,Surflex,1.0,NEF,,8.57,15.945,8.57,537,28862,289,46.081,0.909,10.006,0.539,15.945,0.105,0.1,,0.24
fa7,Surflex,1.0,NEF,,42.11,75.433,42.11,114,6364,64,48.277,0.994,168.337,0.71,75.433,0.56,0.536,,0.73
fabp4,Surflex,1.0,NEF,,2.13,3.579,2.13,47,2797,28,1.002,0.685,2.172,0.506,3.579,0.015,0.014,,0.1
fak1,Surflex,1.0,NEF,,5.0,9.174,5.0,100,5450,55,5.046,0.844,5.404,0.521,9.174,0.055,0.053,,0.09
fgfr1,Surflex,1.0,NEF,,0.72,1.132,0.72,139,8839,89,1.008,0.418,0.717,0.499,1.132,-0.004,-0.003,,0.28
fkb1a,Surflex,1.0,NEF,,9.91,18.61,9.91,111,5911,60,11.166,0.923,11.947,0.546,18.61,0.125,0.119,,0.19
fnta,Surflex,1.0,NEF,,4.94,5.614,4.94,592,52092,521,29.249,0.838,5.174,0.52,5.614,0.042,0.042,,0.13
fpps,Surflex,1.0,NEF,,1.18,1.123,1.18,85,8935,90,1.01,0.542,1.182,0.501,1.189,0.002,0.002,,0.03
gcr,Surflex,1.0,NEF,,15.12,25.567,15.12,258,15258,153,39.117,0.952,19.97,0.572,25.567,0.186,0.18,,0.26
glcm,Surflex,1.0,NEF,,31.48,44.108,31.48,54,3854,39,17.202,0.982,55.534,0.656,44.108,0.367,0.362,,0.49
gria2,Surflex,1.0,NEF,,8.23,10.833,8.23,158,12003,121,13.108,0.901,9.108,0.537,10.833,0.084,0.084,,0.14
grik1,Surflex,1.0,NEF,,6.93,10.524,6.93,101,6651,67,7.051,0.884,7.627,0.53,10.524,0.074,0.073,,0.18
hdac2,Surflex,1.0,NEF,,12.97,22.885,12.97,185,10485,105,24.029,0.943,16.522,0.561,22.885,0.161,0.155,,0.26
hdac8,Surflex,1.0,NEF,,5.29,8.468,5.29,170,10620,107,9.061,0.85,5.687,0.522,8.468,0.055,0.054,,0.09
hivint,Surflex,1.0,NEF,,3.0,4.444,3.0,100,6750,68,3.022,0.756,3.093,0.51,4.444,0.025,0.024,,0.07
hivpr,Surflex,1.0,NEF,,5.04,7.445,5.04,536,36286,363,27.025,0.843,5.365,0.521,7.445,0.05,0.049,,0.11
hivrt,Surflex,1.0,NEF,,4.73,8.314,4.73,338,19229,193,16.046,0.835,5.068,0.519,8.314,0.05,0.048,,0.09
hmdh,Surflex,1.0,NEF,,17.06,32.513,17.06,170,8920,90,29.262,0.961,24.797,0.583,32.513,0.226,0.215,,0.34
hs90a,Surflex,1.0,NEF,,1.14,2.032,1.14,88,4938,50,1.016,0.533,1.143,0.501,2.032,0.002,0.002,,0.02
hxk4,Surflex,1.0,NEF,,0.0,0.0,0.0,92,4792,48,0.0,0.0,0.0,0.495,0.0,-0.014,-0.013,,0.03
igf1r,Surflex,1.0,NEF,,10.81,16.934,10.81,148,9448,95,16.087,0.928,12.81,0.55,16.934,0.125,0.122,,0.19
inha,Surflex,1.0,NEF,,4.65,8.534,4.65,43,2343,24,2.048,0.833,4.991,0.519,8.534,0.051,0.049,,0.19
ital,Surflex,1.0,NEF,,2.9,4.633,2.9,138,8638,87,4.031,0.75,2.992,0.51,4.633,0.024,0.024,,0.04
jak2,Surflex,1.0,NEF,,14.95,24.211,14.95,107,6607,67,16.222,0.951,19.406,0.572,24.211,0.181,0.176,,0.21
kif11,Surflex,1.0,NEF,,6.03,10.041,6.03,116,6966,70,7.029,0.868,6.591,0.526,10.041,0.066,0.064,,0.11
kit,Surflex,1.0,NEF,,3.01,4.707,3.01,166,10616,107,5.036,0.757,3.109,0.51,4.707,0.026,0.025,,0.06
kith,Surflex,1.0,NEF,,42.11,82.569,42.11,57,2907,30,24.771,0.996,236.839,0.716,82.569,0.594,0.564,,0.7
kpcb,Surflex,1.0,NEF,,27.41,41.883,27.41,135,8835,89,37.276,0.979,46.443,0.635,41.883,0.332,0.325,,0.44
lck,Surflex,1.0,NEF,,13.57,20.487,13.57,420,27820,279,57.158,0.944,16.809,0.564,20.487,0.157,0.153,,0.22
lkha4,Surflex,1.0,NEF,,18.71,33.254,18.71,171,9621,97,32.257,0.965,27.534,0.591,33.254,0.24,0.231,,0.34
mapk2,Surflex,1.0,NEF,,2.97,4.799,2.97,101,6251,63,3.023,0.754,3.069,0.51,4.799,0.025,0.025,,0.05
mcr,Surflex,1.0,NEF,,2.13,3.818,2.13,94,5244,53,2.024,0.685,2.175,0.506,3.818,0.015,0.015,,0.06
met,Surflex,1.0,NEF,,9.04,13.145,9.04,166,11416,115,15.117,0.911,10.257,0.541,13.145,0.099,0.097,,0.15
mk01,Surflex,1.0,NEF,,1.27,2.167,1.27,79,4629,47,1.019,0.561,1.276,0.501,2.167,0.004,0.003,,0.04
mk10,Surflex,1.0,NEF,,3.85,5.973,3.85,104,6704,68,4.061,0.801,4.031,0.515,5.973,0.036,0.035,,0.07
mk14,Surflex,1.0,NEF,,3.29,5.22,3.29,578,36428,365,19.054,0.774,3.416,0.512,5.22,0.029,0.028,,0.06
mmp13,Surflex,1.0,NEF,,12.76,19.323,12.76,572,37772,378,73.041,0.94,15.577,0.56,19.323,0.147,0.143,,0.24
mp2k1,Surflex,1.0,NEF,,0.0,0.0,0.0,121,8271,83,0.0,0.0,0.0,0.495,0.0,-0.012,-0.012,,0.02
nos1,Surflex,1.0,NEF,,24.0,29.448,24.0,100,8150,82,24.147,0.971,33.6,0.617,29.448,0.258,0.257,,0.33
nram,Surflex,1.0,NEF,,22.45,34.933,22.45,98,6298,63,22.008,0.971,33.966,0.609,34.933,0.271,0.264,,0.4
pa2ga,Surflex,1.0,NEF,,2.02,3.81,2.02,99,5249,53,2.019,0.673,2.06,0.505,3.81,0.014,0.014,,0.06
parp1,Surflex,1.0,NEF,,19.09,31.735,19.09,508,30558,306,97.11,0.965,27.5,0.592,31.735,0.237,0.229,,0.32
pde5a,Surflex,1.0,NEF,,8.79,12.518,8.79,398,27948,280,35.049,0.908,9.905,0.54,12.518,0.094,0.093,,0.15
pgh1,Surflex,1.0,NEF,,7.18,12.734,7.18,195,10995,110,14.007,0.89,8.082,0.531,12.734,0.083,0.08,,0.16
pgh2,Surflex,1.0,NEF,,14.94,27.555,14.94,435,23585,236,65.03,0.953,20.242,0.571,27.555,0.192,0.183,,0.28
plk1,Surflex,1.0,NEF,,3.74,5.794,3.74,107,6907,70,4.056,0.796,3.909,0.514,5.794,0.035,0.034,,0.07
pnph,Surflex,1.0,NEF,,10.68,15.597,10.68,103,7053,71,11.074,0.926,12.469,0.549,15.597,0.119,0.117,,0.18
ppara,Surflex,1.0,NEF,,12.6,23.77,12.6,373,19772,198,47.065,0.942,16.217,0.559,23.77,0.162,0.154,,0.26
ppard,Surflex,1.0,NEF,,10.42,20.022,10.42,240,12490,125,25.028,0.927,12.778,0.548,20.022,0.133,0.126,,0.24
pparg,Surflex,1.0,NEF,,4.96,9.311,4.96,484,25784,258,24.021,0.843,5.367,0.52,9.311,0.055,0.052,,0.11
prgr,Surflex,1.0,NEF,,4.44,8.16,4.44,293,15943,160,13.056,0.826,4.746,0.518,8.16,0.047,0.045,,0.08
ptn1,Surflex,1.0,NEF,,10.77,18.972,10.77,130,7380,74,14.039,0.929,13.057,0.55,18.972,0.132,0.126,,0.23
pur2,Surflex,1.0,NEF,,56.0,101.818,56.0,50,2750,28,28.509,1.0,inf,0.785,100.0,0.759,0.727,,0.98
pygm,Surflex,1.0,NEF,,0.0,0.0,0.0,77,4027,41,0.0,0.0,0.0,0.495,0.0,-0.014,-0.013,,0.01
pyrd,Surflex,1.0,NEF,,11.71,19.811,11.71,111,6561,66,13.075,0.935,14.356,0.555,19.811,0.142,0.137,,0.25
reni,Surflex,1.0,NEF,,36.54,53.811,36.54,104,7062,71,38.206,0.987,77.945,0.681,53.811,0.438,0.43,,0.56
rock1,Surflex,1.0,NEF,,4.0,6.25,4.0,100,6400,64,4.0,0.808,4.2,0.515,6.25,0.038,0.037,,0.06
rxra,Surflex,1.0,NEF,,27.48,50.839,27.48,131,7081,71,36.095,0.982,54.863,0.635,50.839,0.366,0.349,,0.53
sahh,Surflex,1.0,NEF,,55.56,99.638,55.56,63,3513,36,35.87,1.0,15069.34,0.785,99.638,0.75,0.721,,0.87
src,Surflex,1.0,NEF,,7.82,11.7,7.82,524,35024,351,41.066,0.897,8.724,0.535,11.7,0.085,0.083,,0.14
tgfr1,Surflex,1.0,NEF,,18.05,27.808,18.05,133,8633,87,24.193,0.961,24.618,0.587,27.808,0.215,0.21,,0.29
thb,Surflex,1.0,NEF,,16.5,22.501,16.5,103,7553,76,17.101,0.955,21.0,0.579,22.501,0.184,0.182,,0.31
thrb,Surflex,1.0,NEF,,27.55,46.243,27.55,461,27465,275,127.167,0.981,50.389,0.635,46.243,0.349,0.337,,0.48
try1,Surflex,1.0,NEF,,40.98,69.621,40.98,449,26429,265,184.495,0.993,132.602,0.704,69.621,0.529,0.511,,0.68
tryb1,Surflex,1.0,NEF,,19.59,37.18,19.59,148,7798,78,29.001,0.968,30.593,0.595,37.18,0.26,0.247,,0.38
tysy,Surflex,1.0,NEF,,23.85,37.901,23.85,109,6859,69,26.152,0.974,37.796,0.617,37.901,0.293,0.285,,0.42
urok,Surflex,1.0,NEF,,12.96,20.97,12.96,162,10012,101,21.18,0.942,16.134,0.561,20.97,0.155,0.151,,0.23
vgfr2,Surflex,1.0,NEF,,4.65,7.5,4.65,409,25359,254,19.049,0.832,4.946,0.519,7.5,0.047,0.046,,0.08
wee1,Surflex,1.0,NEF,,52.94,86.37,52.94,102,6252,63,54.413,0.997,382.084,0.766,86.37,0.675,0.655,,0.78
xiap,Surflex,1.0,NEF,,37.0,70.476,37.0,100,5250,53,37.352,0.992,122.935,0.685,70.476,0.507,0.481,,0.64
aa2ar,DENVIS D-G,1.0,NEF,,35.68,53.689,35.68,482,32032,321,172.343,0.987,75.886,0.676,53.689,0.431,0.422,,0.53
abl1,DENVIS D-G,1.0,NEF,,51.65,85.989,51.65,182,10932,110,94.588,0.997,362.498,0.759,85.989,0.664,0.643,,0.73
ace,DENVIS D-G,1.0,NEF,,29.08,47.728,29.08,282,17182,172,82.092,0.982,54.719,0.643,47.728,0.365,0.354,,0.48
aces,DENVIS D-G,1.0,NEF,,20.97,35.574,20.97,453,26703,268,95.339,0.97,31.997,0.602,35.574,0.264,0.255,,0.38
ada,DENVIS D-G,1.0,NEF,,59.14,99.225,59.14,93,5543,56,55.566,1.0,7499.139,0.799,99.225,0.767,0.743,,0.85
ada17,DENVIS D-G,1.0,NEF,,67.67,98.815,67.67,532,36432,365,360.676,1.0,5629.236,0.839,98.815,0.816,0.802,,0.95
adrb1,DENVIS D-G,1.0,NEF,,22.27,34.172,22.27,247,16097,161,55.017,0.971,33.312,0.608,34.172,0.267,0.261,,0.38
adrb2,DENVIS D-G,1.0,NEF,,30.74,46.622,30.74,231,15231,153,71.331,0.983,56.715,0.652,46.622,0.372,0.364,,0.45
akt1,DENVIS D-G,1.0,NEF,,17.75,31.062,17.75,293,16743,168,52.185,0.962,25.297,0.586,31.062,0.225,0.216,,0.36
akt2,DENVIS D-G,1.0,NEF,,31.62,52.723,31.62,117,7017,71,37.433,0.985,65.767,0.658,52.723,0.403,0.391,,0.5
aldr,DENVIS D-G,1.0,NEF,,5.66,9.826,5.66,159,9159,92,9.04,0.86,6.168,0.524,9.826,0.062,0.06,,0.11
ampc,DENVIS D-G,1.0,NEF,,16.67,27.611,16.67,48,2898,29,8.007,0.958,22.647,0.58,27.611,0.204,0.198,,0.26
andr,DENVIS D-G,1.0,NEF,,32.71,60.189,32.71,269,14619,147,88.477,0.988,80.651,0.662,60.189,0.438,0.418,,0.6
aofb,DENVIS D-G,1.0,NEF,,2.46,4.274,2.46,122,7022,71,3.035,0.716,2.525,0.508,4.274,0.02,0.019,,0.05
bace1,DENVIS D-G,1.0,NEF,,50.53,77.789,50.53,283,18383,184,143.132,0.996,224.0,0.752,77.789,0.623,0.608,,0.77
braf,DENVIS D-G,1.0,NEF,,46.71,70.282,46.71,152,10102,102,71.688,0.994,154.814,0.734,70.282,0.571,0.559,,0.71
cah2,DENVIS D-G,1.0,NEF,,63.62,98.854,63.62,492,31664,317,313.366,1.0,5463.86,0.818,98.854,0.791,0.772,,0.92
casp3,DENVIS D-G,1.0,NEF,,39.2,71.574,39.2,199,10899,109,78.015,0.993,135.382,0.695,71.574,0.524,0.5,,0.63
cdk2,DENVIS D-G,1.0,NEF,,44.51,74.487,44.51,474,28324,284,211.544,0.994,171.542,0.722,74.487,0.571,0.553,,0.74
comt,DENVIS D-G,1.0,NEF,,75.61,79.671,75.61,41,3891,39,31.072,0.997,368.018,0.878,79.671,0.775,0.774,,0.86
cp2c9,DENVIS D-G,1.0,NEF,,10.0,15.852,10.0,120,7570,76,12.048,0.921,11.695,0.546,15.852,0.115,0.112,,0.17
cp3a4,DENVIS D-G,1.0,NEF,,2.94,4.175,2.94,170,11970,120,5.011,0.752,3.025,0.51,4.175,0.023,0.023,,0.05
csf1r,DENVIS D-G,1.0,NEF,,43.37,58.456,43.37,166,12316,124,72.485,0.99,102.988,0.716,58.456,0.499,0.494,,0.67
cxcr4,DENVIS D-G,1.0,NEF,,30.0,34.823,30.0,40,3446,35,12.188,0.978,45.494,0.649,34.823,0.318,0.318,,0.43
def,DENVIS D-G,1.0,NEF,,53.92,94.792,53.92,102,5802,59,55.927,0.999,1017.156,0.774,94.792,0.718,0.691,,0.97
dhi1,DENVIS D-G,1.0,NEF,,0.0,0.0,0.0,330,19680,197,0.0,0.0,0.0,0.495,0.0,-0.013,-0.013,,0.0
dpp4,DENVIS D-G,1.0,NEF,,30.58,39.291,30.58,533,41483,415,163.058,0.98,49.724,0.65,39.291,0.339,0.337,,0.44
drd3,DENVIS D-G,1.0,NEF,,7.92,11.01,7.92,480,34530,346,38.093,0.898,8.776,0.535,11.01,0.083,0.082,,0.12
dyr,DENVIS D-G,1.0,NEF,,57.58,76.306,57.58,231,17431,175,133.536,0.996,239.799,0.788,76.306,0.66,0.654,,0.8
egfr,DENVIS D-G,1.0,NEF,,62.36,94.963,62.36,542,35592,356,338.067,0.999,1219.11,0.812,94.963,0.767,0.75,,0.87
esr1,DENVIS D-G,1.0,NEF,,53.26,96.823,53.26,383,21068,211,204.296,0.999,1645.728,0.767,96.823,0.715,0.684,,0.88
esr2,DENVIS D-G,1.0,NEF,,50.68,90.438,50.68,367,20566,206,186.303,0.998,520.578,0.753,90.438,0.674,0.646,,0.8
fa10,DENVIS D-G,1.0,NEF,,31.84,59.241,31.84,537,28862,289,171.206,0.987,76.664,0.657,59.241,0.427,0.407,,0.7
fa7,DENVIS D-G,1.0,NEF,,56.14,100.565,56.14,114,6364,64,64.362,1.0,inf,0.782,100.0,0.751,0.72,,0.92
fabp4,DENVIS D-G,1.0,NEF,,48.94,82.237,48.94,47,2797,28,23.026,0.996,270.893,0.744,82.237,0.63,0.609,,0.77
fak1,DENVIS D-G,1.0,NEF,,55.0,100.917,55.0,100,5450,55,55.505,1.0,inf,0.778,100.0,0.745,0.712,,0.98
fgfr1,DENVIS D-G,1.0,NEF,,1.44,2.265,1.44,139,8839,89,2.015,0.592,1.45,0.502,2.265,0.006,0.005,,0.38
fkb1a,DENVIS D-G,1.0,NEF,,31.53,59.209,31.53,111,5911,60,35.525,0.987,75.845,0.658,59.209,0.428,0.408,,0.55
fnta,DENVIS D-G,1.0,NEF,,53.04,60.277,53.04,592,52092,521,314.045,0.992,132.008,0.763,60.277,0.561,0.56,,0.67
fpps,DENVIS D-G,1.0,NEF,,0.0,0.0,0.0,85,8935,90,0.0,0.0,0.0,0.495,0.0,-0.01,-0.01,,0.01
gcr,DENVIS D-G,1.0,NEF,,9.3,15.726,9.3,258,15258,153,24.06,0.916,10.849,0.542,15.726,0.11,0.106,,0.16
glcm,DENVIS D-G,1.0,NEF,,0.0,0.0,0.0,54,3854,39,0.0,0.0,0.0,0.495,0.0,-0.012,-0.012,,0.01
gria2,DENVIS D-G,1.0,NEF,,13.29,17.494,13.29,158,12003,121,21.168,0.941,15.896,0.563,17.494,0.143,0.142,,0.23
grik1,DENVIS D-G,1.0,NEF,,42.57,64.645,42.57,101,6651,67,43.312,0.992,118.58,0.713,64.645,0.521,0.51,,0.63
hdac2,DENVIS D-G,1.0,NEF,,55.14,97.29,55.14,185,10485,105,102.155,1.0,1999.092,0.776,97.29,0.73,0.701,,0.87
hdac8,DENVIS D-G,1.0,NEF,,62.94,100.751,62.94,170,10620,107,107.804,1.0,inf,0.817,100.0,0.797,0.776,,0.93
hivint,DENVIS D-G,1.0,NEF,,0.0,0.0,0.0,100,6750,68,0.0,0.0,0.0,0.495,0.0,-0.012,-0.012,,0.01
hivpr,DENVIS D-G,1.0,NEF,,50.93,75.231,50.93,536,36286,363,273.09,0.995,202.586,0.753,75.231,0.615,0.603,,0.73
hivrt,DENVIS D-G,1.0,NEF,,14.2,24.96,14.2,338,19229,193,48.173,0.949,18.591,0.567,24.96,0.178,0.171,,0.31
hmdh,DENVIS D-G,1.0,NEF,,45.29,86.315,45.29,170,8920,90,77.684,0.997,324.64,0.728,86.315,0.623,0.592,,0.71
hs90a,DENVIS D-G,1.0,NEF,,38.64,68.86,38.64,88,4938,50,34.43,0.992,121.875,0.694,68.86,0.513,0.492,,0.69
hxk4,DENVIS D-G,1.0,NEF,,19.57,37.572,19.57,92,4792,48,18.034,0.969,30.746,0.595,37.572,0.261,0.248,,0.32
igf1r,DENVIS D-G,1.0,NEF,,51.35,80.438,51.35,148,9448,95,76.416,0.996,258.389,0.757,80.438,0.64,0.624,,0.78
inha,DENVIS D-G,1.0,NEF,,20.93,38.412,20.93,43,2343,24,9.219,0.971,33.36,0.604,38.412,0.277,0.266,,0.38
ital,DENVIS D-G,1.0,NEF,,44.2,70.614,44.2,138,8638,87,61.434,0.993,148.007,0.721,70.614,0.555,0.54,,0.69
jak2,DENVIS D-G,1.0,NEF,,57.01,92.327,57.01,107,6607,67,61.859,0.999,730.998,0.789,92.327,0.727,0.707,,0.9
kif11,DENVIS D-G,1.0,NEF,,27.59,45.944,27.59,116,6966,70,32.161,0.98,50.189,0.636,45.944,0.349,0.338,,0.46
kit,DENVIS D-G,1.0,NEF,,35.54,55.573,35.54,166,10616,107,59.463,0.987,78.746,0.677,55.573,0.439,0.429,,0.6
kith,DENVIS D-G,1.0,NEF,,0.0,0.0,0.0,57,2907,30,0.0,0.0,0.0,0.495,0.0,-0.014,-0.014,,0.0
kpcb,DENVIS D-G,1.0,NEF,,58.52,89.419,58.52,135,8835,89,79.583,0.998,544.634,0.794,89.419,0.723,0.707,,0.77
lck,DENVIS D-G,1.0,NEF,,50.24,75.848,50.24,420,27820,279,211.615,0.995,204.872,0.751,75.848,0.614,0.601,,0.74
lkha4,DENVIS D-G,1.0,NEF,,52.63,93.543,52.63,171,9621,97,90.736,0.999,800.543,0.765,93.543,0.701,0.673,,0.85
mapk2,DENVIS D-G,1.0,NEF,,43.56,70.382,43.56,101,6251,63,44.34,0.993,144.695,0.718,70.382,0.55,0.535,,0.7
mcr,DENVIS D-G,1.0,NEF,,27.66,49.581,27.66,94,5244,53,26.278,0.982,53.877,0.637,49.581,0.364,0.349,,0.51
met,DENVIS D-G,1.0,NEF,,68.07,98.981,68.07,166,11416,115,113.828,1.0,6580.061,0.843,98.981,0.822,0.808,,0.84
mk01,DENVIS D-G,1.0,NEF,,59.49,101.528,59.49,79,4629,47,47.718,1.0,inf,0.802,100.0,0.781,0.754,,0.87
mk10,DENVIS D-G,1.0,NEF,,44.23,68.615,44.23,104,6704,68,46.658,0.993,138.739,0.723,68.615,0.549,0.537,,0.68
mk14,DENVIS D-G,1.0,NEF,,57.61,91.409,57.61,578,36428,365,333.644,0.998,659.968,0.788,91.409,0.723,0.704,,0.87
mmp13,DENVIS D-G,1.0,NEF,,65.56,99.281,65.56,572,37772,378,375.281,1.0,8976.855,0.828,99.281,0.805,0.788,,0.95
mp2k1,DENVIS D-G,1.0,NEF,,28.1,41.109,28.1,121,8271,83,34.12,0.979,47.017,0.638,41.109,0.332,0.326,,0.41
nos1,DENVIS D-G,1.0,NEF,,3.0,3.681,3.0,100,8150,82,3.018,0.755,3.076,0.51,3.681,0.022,0.022,,0.05
nram,DENVIS D-G,1.0,NEF,,50.0,77.802,50.0,98,6298,63,49.016,0.996,221.745,0.749,77.802,0.619,0.604,,0.8
pa2ga,DENVIS D-G,1.0,NEF,,37.37,70.483,37.37,99,5249,53,37.356,0.992,124.215,0.687,70.483,0.509,0.485,,0.66
parp1,DENVIS D-G,1.0,NEF,,36.22,60.213,36.22,508,30558,306,184.25,0.989,89.52,0.679,60.213,0.461,0.446,,0.58
pde5a,DENVIS D-G,1.0,NEF,,27.14,38.649,27.14,398,27948,280,108.218,0.978,43.608,0.633,38.649,0.316,0.311,,0.42
pgh1,DENVIS D-G,1.0,NEF,,0.0,0.0,0.0,195,10995,110,0.0,0.0,0.0,0.495,0.0,-0.014,-0.013,,0.0
pgh2,DENVIS D-G,1.0,NEF,,0.92,1.697,0.92,435,23585,236,4.005,0.479,0.919,0.5,1.697,-0.001,-0.001,,0.02
plk1,DENVIS D-G,1.0,NEF,,31.78,49.232,31.78,107,6907,70,34.462,0.984,61.629,0.658,49.232,0.391,0.382,,0.51
pnph,DENVIS D-G,1.0,NEF,,65.05,94.997,65.05,103,7053,71,67.448,0.999,1281.274,0.827,94.997,0.786,0.773,,0.97
ppara,DENVIS D-G,1.0,NEF,,50.13,94.571,50.13,373,19772,198,187.25,0.999,905.881,0.751,94.571,0.685,0.651,,0.84
ppard,DENVIS D-G,1.0,NEF,,48.75,93.675,48.75,240,12490,125,117.094,0.999,755.934,0.744,93.675,0.672,0.637,,0.86
pparg,DENVIS D-G,1.0,NEF,,50.0,93.857,50.0,484,25784,258,242.15,0.999,798.611,0.75,93.857,0.681,0.648,,0.78
prgr,DENVIS D-G,1.0,NEF,,22.87,42.03,22.87,293,15943,160,67.249,0.975,38.727,0.612,42.03,0.301,0.288,,0.4
ptn1,DENVIS D-G,1.0,NEF,,24.62,43.369,24.62,130,7380,74,32.093,0.977,42.708,0.621,43.369,0.318,0.306,,0.42
pur2,DENVIS D-G,1.0,NEF,,56.0,101.818,56.0,50,2750,28,28.509,1.0,inf,0.785,100.0,0.759,0.727,,1.0
pygm,DENVIS D-G,1.0,NEF,,0.0,0.0,0.0,77,4027,41,0.0,0.0,0.0,0.495,0.0,-0.014,-0.013,,0.0
pyrd,DENVIS D-G,1.0,NEF,,0.9,1.523,0.9,111,6561,66,1.005,0.473,0.898,0.499,1.523,-0.001,-0.001,,0.02
reni,DENVIS D-G,1.0,NEF,,17.31,25.492,17.31,104,7062,71,18.099,0.958,22.89,0.583,25.492,0.201,0.197,,0.26
rock1,DENVIS D-G,1.0,NEF,,24.0,37.5,24.0,100,6400,64,24.0,0.974,37.8,0.617,37.5,0.291,0.284,,0.35
rxra,DENVIS D-G,1.0,NEF,,54.2,100.271,54.2,131,7081,71,71.193,1.0,inf,0.772,100.0,0.735,0.701,,0.83
sahh,DENVIS D-G,1.0,NEF,,12.7,22.775,12.7,63,3513,36,8.199,0.942,16.151,0.561,22.775,0.161,0.155,,0.23
src,DENVIS D-G,1.0,NEF,,59.16,88.51,59.16,524,35024,351,310.671,0.998,507.192,0.796,88.51,0.721,0.707,,0.82
tgfr1,DENVIS D-G,1.0,NEF,,54.89,84.564,54.89,133,8633,87,73.57,0.997,350.108,0.776,84.564,0.68,0.665,,0.82
thb,DENVIS D-G,1.0,NEF,,58.25,79.435,58.25,103,7553,76,60.371,0.996,279.39,0.792,79.435,0.679,0.671,,0.76
thrb,DENVIS D-G,1.0,NEF,,54.66,91.747,54.66,461,27465,275,252.304,0.998,651.172,0.773,91.747,0.705,0.682,,0.88
try1,DENVIS D-G,1.0,NEF,,54.79,93.082,54.79,449,26429,265,246.668,0.999,778.566,0.774,93.082,0.712,0.687,,0.89
tryb1,DENVIS D-G,1.0,NEF,,12.84,24.369,12.84,148,7798,78,19.008,0.943,16.655,0.56,24.369,0.166,0.157,,0.28
tysy,DENVIS D-G,1.0,NEF,,48.62,77.265,48.62,109,6859,69,53.313,0.995,210.453,0.743,77.265,0.61,0.594,,0.73
urok,DENVIS D-G,1.0,NEF,,53.7,86.89,53.7,162,10012,101,87.759,0.998,402.975,0.77,86.89,0.682,0.663,,0.8
vgfr2,DENVIS D-G,1.0,NEF,,37.9,61.127,37.9,409,25359,254,155.262,0.99,95.924,0.688,61.127,0.475,0.462,,0.59
wee1,DENVIS D-G,1.0,NEF,,55.88,91.167,55.88,102,6252,63,57.435,0.998,622.306,0.781,91.167,0.713,0.692,,0.93
xiap,DENVIS D-G,1.0,NEF,,32.0,60.952,32.0,100,5250,53,32.305,0.988,80.39,0.66,60.952,0.436,0.415,,0.56
aa2ar,DDTA,1.0,NEF,,1.66,2.498,1.66,482,32032,321,8.018,0.626,1.677,0.503,2.498,0.008,0.008,,0.05
abl1,DDTA,1.0,NEF,,8.24,13.718,8.24,182,10932,110,15.09,0.904,9.391,0.537,13.718,0.095,0.092,,0.12
ace,DDTA,1.0,NEF,,0.0,0.0,0.0,282,17182,172,0.0,0.0,0.0,0.495,0.0,-0.013,-0.013,,0.0
aces,DDTA,1.0,NEF,,8.83,14.98,8.83,453,26703,268,40.145,0.911,10.21,0.54,14.98,0.104,0.1,,0.14
ada,DDTA,1.0,NEF,,0.0,0.0,0.0,93,5543,56,0.0,0.0,0.0,0.495,0.0,-0.013,-0.013,,0.03
ada17,DDTA,1.0,NEF,,0.56,0.818,0.56,532,36432,365,2.985,0.357,0.556,0.498,0.818,-0.005,-0.005,,0.01
adrb1,DDTA,1.0,NEF,,2.43,3.729,2.43,247,16097,161,6.003,0.713,2.485,0.507,3.729,0.018,0.018,,0.04
adrb2,DDTA,1.0,NEF,,2.16,3.276,2.16,231,15231,153,5.012,0.687,2.199,0.506,3.276,0.015,0.014,,0.04
akt1,DDTA,1.0,NEF,,4.44,7.77,4.44,293,16743,168,13.053,0.825,4.73,0.518,7.77,0.046,0.044,,0.1
akt2,DDTA,1.0,NEF,,3.42,5.702,3.42,117,7017,71,4.049,0.781,3.566,0.512,5.702,0.032,0.031,,0.1
aldr,DDTA,1.0,NEF,,0.0,0.0,0.0,159,9159,92,0.0,0.0,0.0,0.495,0.0,-0.013,-0.013,,0.01
ampc,DDTA,1.0,NEF,,0.0,0.0,0.0,48,2898,29,0.0,0.0,0.0,0.495,0.0,-0.013,-0.013,,0.0
andr,DDTA,1.0,NEF,,1.49,2.742,1.49,269,14619,147,4.03,0.601,1.504,0.503,2.742,0.007,0.006,,0.02
aofb,DDTA,1.0,NEF,,0.82,1.425,0.82,122,7022,71,1.012,0.45,0.817,0.499,1.425,-0.002,-0.002,,0.02
bace1,DDTA,1.0,NEF,,0.35,0.539,0.35,283,18383,184,0.991,0.257,0.346,0.497,0.539,-0.008,-0.008,,0.02
braf,DDTA,1.0,NEF,,3.95,5.943,3.95,152,10102,102,6.062,0.805,4.136,0.515,5.943,0.037,0.036,,0.09
cah2,DDTA,1.0,NEF,,1.42,2.206,1.42,492,31664,317,6.994,0.588,1.429,0.502,2.206,0.005,0.005,,0.05
casp3,DDTA,1.0,NEF,,0.0,0.0,0.0,199,10899,109,0.0,0.0,0.0,0.495,0.0,-0.014,-0.013,,0.01
cdk2,DDTA,1.0,NEF,,2.74,4.585,2.74,474,28324,284,13.022,0.738,2.824,0.509,4.585,0.023,0.022,,0.07
comt,DDTA,1.0,NEF,,0.0,0.0,0.0,41,3891,39,0.0,0.0,0.0,0.495,0.0,-0.01,-0.01,,0.0
cp2c9,DDTA,1.0,NEF,,1.67,2.647,1.67,120,7570,76,2.012,0.628,1.688,0.503,2.647,0.009,0.008,,0.03
cp3a4,DDTA,1.0,NEF,,3.53,5.013,3.53,170,11970,120,6.016,0.786,3.664,0.513,5.013,0.031,0.03,,0.05
csf1r,DDTA,1.0,NEF,,4.82,6.497,4.82,166,12316,124,8.056,0.836,5.085,0.519,6.497,0.045,0.045,,0.11
cxcr4,DDTA,1.0,NEF,,2.5,2.902,2.5,40,3446,35,1.016,0.718,2.545,0.508,2.902,0.016,0.016,,0.03
def,DDTA,1.0,NEF,,0.0,0.0,0.0,102,5802,59,0.0,0.0,0.0,0.495,0.0,-0.014,-0.013,,0.0
dhi1,DDTA,1.0,NEF,,1.21,2.029,1.21,330,19680,197,3.997,0.548,1.214,0.501,2.029,0.003,0.003,,0.02
dpp4,DDTA,1.0,NEF,,4.5,5.782,4.5,533,41483,415,23.995,0.825,4.715,0.518,5.782,0.04,0.04,,0.08
drd3,DDTA,1.0,NEF,,1.04,1.446,1.04,480,34530,346,5.002,0.51,1.041,0.5,1.446,0.0,0.0,,0.02
dyr,DDTA,1.0,NEF,,2.6,3.446,2.6,231,17431,175,6.03,0.727,2.657,0.508,3.446,0.019,0.018,,0.07
egfr,DDTA,1.0,NEF,,2.58,3.929,2.58,542,35592,356,13.987,0.726,2.645,0.508,3.929,0.02,0.019,,0.05
esr1,DDTA,1.0,NEF,,2.35,4.272,2.35,383,21068,211,9.014,0.707,2.41,0.507,4.272,0.018,0.018,,0.04
esr2,DDTA,1.0,NEF,,1.91,3.408,1.91,367,20566,206,7.021,0.66,1.942,0.505,3.408,0.012,0.012,,0.04
fa10,DDTA,1.0,NEF,,4.47,8.317,4.47,537,28862,289,24.036,0.827,4.785,0.518,8.317,0.048,0.046,,0.11
fa7,DDTA,1.0,NEF,,3.51,6.288,3.51,114,6364,64,4.024,0.786,3.678,0.513,6.288,0.034,0.033,,0.07
fabp4,DDTA,1.0,NEF,,0.0,0.0,0.0,47,2797,28,0.0,0.0,0.0,0.495,0.0,-0.013,-0.013,,0.0
fak1,DDTA,1.0,NEF,,2.0,3.67,2.0,100,5450,55,2.018,0.671,2.038,0.505,3.67,0.014,0.013,,0.03
fgfr1,DDTA,1.0,NEF,,2.16,3.397,2.16,139,8839,89,3.023,0.688,2.201,0.506,3.397,0.015,0.014,,0.44
fkb1a,DDTA,1.0,NEF,,0.0,0.0,0.0,111,5911,60,0.0,0.0,0.0,0.495,0.0,-0.014,-0.013,,0.0
fnta,DDTA,1.0,NEF,,0.84,0.955,0.84,592,52092,521,4.974,0.456,0.838,0.499,0.955,-0.002,-0.002,,0.02
fpps,DDTA,1.0,NEF,,0.0,0.0,0.0,85,8935,90,0.0,0.0,0.0,0.495,0.0,-0.01,-0.01,,0.0
gcr,DDTA,1.0,NEF,,0.78,1.319,0.78,258,15258,153,2.018,0.437,0.777,0.499,1.319,-0.003,-0.003,,0.04
glcm,DDTA,1.0,NEF,,1.85,2.592,1.85,54,3854,39,1.011,0.652,1.873,0.504,2.592,0.01,0.01,,0.03
gria2,DDTA,1.0,NEF,,1.9,2.501,1.9,158,12003,121,3.026,0.658,1.923,0.505,2.501,0.01,0.01,,0.03
grik1,DDTA,1.0,NEF,,0.99,1.503,0.99,101,6651,67,1.007,0.497,0.99,0.5,1.503,-0.0,-0.0,,0.03
hdac2,DDTA,1.0,NEF,,2.7,4.764,2.7,185,10485,105,5.002,0.736,2.785,0.509,4.764,0.023,0.022,,0.06
hdac8,DDTA,1.0,NEF,,1.76,2.817,1.76,170,10620,107,3.015,0.641,1.782,0.504,2.817,0.01,0.01,,0.04
hivint,DDTA,1.0,NEF,,0.0,0.0,0.0,100,6750,68,0.0,0.0,0.0,0.495,0.0,-0.012,-0.012,,0.01
hivpr,DDTA,1.0,NEF,,1.49,2.201,1.49,536,36286,363,7.989,0.6,1.501,0.502,2.201,0.006,0.006,,0.03
hivrt,DDTA,1.0,NEF,,0.59,1.037,0.59,338,19229,193,2.002,0.369,0.586,0.498,1.037,-0.006,-0.005,,0.01
hmdh,DDTA,1.0,NEF,,0.0,0.0,0.0,170,8920,90,0.0,0.0,0.0,0.495,0.0,-0.014,-0.013,,0.01
hs90a,DDTA,1.0,NEF,,2.27,4.045,2.27,88,4938,50,2.023,0.699,2.324,0.507,4.045,0.017,0.017,,0.05
hxk4,DDTA,1.0,NEF,,1.09,2.093,1.09,92,4792,48,1.004,0.522,1.092,0.5,2.093,0.001,0.001,,0.05
igf1r,DDTA,1.0,NEF,,3.38,5.295,3.38,148,9448,95,5.03,0.778,3.513,0.512,5.295,0.03,0.03,,0.06
inha,DDTA,1.0,NEF,,0.0,0.0,0.0,43,2343,24,0.0,0.0,0.0,0.495,0.0,-0.014,-0.013,,0.0
ital,DDTA,1.0,NEF,,0.0,0.0,0.0,138,8638,87,0.0,0.0,0.0,0.495,0.0,-0.013,-0.013,,0.0
jak2,DDTA,1.0,NEF,,6.54,10.591,6.54,107,6607,67,7.096,0.878,7.196,0.529,10.591,0.072,0.07,,0.12
kif11,DDTA,1.0,NEF,,0.0,0.0,0.0,116,6966,70,0.0,0.0,0.0,0.495,0.0,-0.013,-0.013,,0.01
kit,DDTA,1.0,NEF,,4.22,6.599,4.22,166,10616,107,7.061,0.816,4.447,0.516,6.599,0.041,0.04,,0.07
kith,DDTA,1.0,NEF,,0.0,0.0,0.0,57,2907,30,0.0,0.0,0.0,0.495,0.0,-0.014,-0.014,,0.0
kpcb,DDTA,1.0,NEF,,0.0,0.0,0.0,135,8835,89,0.0,0.0,0.0,0.495,0.0,-0.013,-0.012,,0.01
lck,DDTA,1.0,NEF,,3.81,5.752,3.81,420,27820,279,16.048,0.799,3.981,0.514,5.752,0.035,0.034,,0.07
lkha4,DDTA,1.0,NEF,,0.0,0.0,0.0,171,9621,97,0.0,0.0,0.0,0.495,0.0,-0.014,-0.013,,0.0
mapk2,DDTA,1.0,NEF,,14.85,23.994,14.85,101,6251,63,15.116,0.951,19.222,0.571,23.994,0.179,0.174,,0.26
mcr,DDTA,1.0,NEF,,1.06,1.9,1.06,94,5244,53,1.007,0.515,1.061,0.5,1.9,0.001,0.001,,0.02
met,DDTA,1.0,NEF,,1.2,1.745,1.2,166,11416,115,2.007,0.546,1.204,0.501,1.745,0.002,0.002,,0.03
mk01,DDTA,1.0,NEF,,1.27,2.167,1.27,79,4629,47,1.019,0.561,1.276,0.501,2.167,0.004,0.003,,0.05
mk10,DDTA,1.0,NEF,,3.85,5.973,3.85,104,6704,68,4.061,0.801,4.031,0.515,5.973,0.036,0.035,,0.1
mk14,DDTA,1.0,NEF,,2.42,3.84,2.42,578,36428,365,14.015,0.712,2.477,0.507,3.84,0.018,0.018,,0.06
mmp13,DDTA,1.0,NEF,,1.57,2.378,1.57,572,37772,378,8.987,0.613,1.584,0.503,2.378,0.007,0.007,,0.03
mp2k1,DDTA,1.0,NEF,,0.0,0.0,0.0,121,8271,83,0.0,0.0,0.0,0.495,0.0,-0.012,-0.012,,0.01
nos1,DDTA,1.0,NEF,,1.0,1.227,1.0,100,8150,82,1.006,0.5,1.0,0.5,1.227,0.0,0.0,,0.04
nram,DDTA,1.0,NEF,,0.0,0.0,0.0,98,6298,63,0.0,0.0,0.0,0.495,0.0,-0.013,-0.012,,0.0
pa2ga,DDTA,1.0,NEF,,2.02,3.81,2.02,99,5249,53,2.019,0.673,2.06,0.505,3.81,0.014,0.014,,0.04
parp1,DDTA,1.0,NEF,,0.98,1.629,0.98,508,30558,306,4.985,0.495,0.98,0.5,1.629,-0.0,-0.0,,0.03
pde5a,DDTA,1.0,NEF,,2.76,3.93,2.76,398,27948,280,11.005,0.739,2.832,0.509,3.93,0.021,0.021,,0.06
pgh1,DDTA,1.0,NEF,,3.08,5.462,3.08,195,10995,110,6.009,0.762,3.2,0.511,5.462,0.028,0.027,,0.07
pgh2,DDTA,1.0,NEF,,5.06,9.333,5.06,435,23585,236,22.025,0.846,5.478,0.521,9.333,0.056,0.053,,0.11
plk1,DDTA,1.0,NEF,,0.0,0.0,0.0,107,6907,70,0.0,0.0,0.0,0.495,0.0,-0.013,-0.012,,0.0
pnph,DDTA,1.0,NEF,,19.42,28.36,19.42,103,7053,71,20.136,0.964,26.712,0.594,28.36,0.226,0.222,,0.3
ppara,DDTA,1.0,NEF,,1.34,2.528,1.34,373,19772,198,5.005,0.574,1.349,0.502,2.528,0.005,0.005,,0.04
ppard,DDTA,1.0,NEF,,3.33,6.399,3.33,240,12490,125,7.998,0.777,3.489,0.512,6.399,0.033,0.031,,0.07
pparg,DDTA,1.0,NEF,,1.24,2.328,1.24,484,25784,258,6.005,0.555,1.246,0.501,2.328,0.003,0.003,,0.03
prgr,DDTA,1.0,NEF,,3.41,6.267,3.41,293,15943,160,10.027,0.781,3.571,0.512,6.267,0.033,0.032,,0.07
ptn1,DDTA,1.0,NEF,,0.77,1.356,0.77,130,7380,74,1.004,0.434,0.767,0.499,1.356,-0.003,-0.003,,0.03
pur2,DDTA,1.0,NEF,,6.0,10.909,6.0,50,2750,28,3.055,0.869,6.612,0.526,10.909,0.069,0.066,,0.16
pygm,DDTA,1.0,NEF,,1.3,2.486,1.3,77,4027,41,1.019,0.567,1.308,0.502,2.486,0.004,0.004,,0.03
pyrd,DDTA,1.0,NEF,,0.0,0.0,0.0,111,6561,66,0.0,0.0,0.0,0.495,0.0,-0.013,-0.013,,0.0
reni,DDTA,1.0,NEF,,0.0,0.0,0.0,104,7062,71,0.0,0.0,0.0,0.495,0.0,-0.012,-0.012,,0.01
rock1,DDTA,1.0,NEF,,4.0,6.25,4.0,100,6400,64,4.0,0.808,4.2,0.515,6.25,0.038,0.037,,0.06
rxra,DDTA,1.0,NEF,,2.29,4.237,2.29,131,7081,71,3.008,0.701,2.347,0.507,4.237,0.018,0.017,,0.05
sahh,DDTA,1.0,NEF,,0.0,0.0,0.0,63,3513,36,0.0,0.0,0.0,0.495,0.0,-0.014,-0.013,,0.0
src,DDTA,1.0,NEF,,1.91,2.858,1.91,524,35024,351,10.03,0.659,1.937,0.505,2.858,0.011,0.011,,0.06
tgfr1,DDTA,1.0,NEF,,10.53,16.223,10.53,133,8633,87,14.114,0.925,12.375,0.549,16.223,0.12,0.118,,0.14
thb,DDTA,1.0,NEF,,0.0,0.0,0.0,103,7553,76,0.0,0.0,0.0,0.495,0.0,-0.012,-0.012,,0.02
thrb,DDTA,1.0,NEF,,2.17,3.642,2.17,461,27465,275,10.016,0.689,2.214,0.506,3.642,0.015,0.015,,0.06
try1,DDTA,1.0,NEF,,4.23,7.186,4.23,449,26429,265,19.044,0.818,4.48,0.516,7.186,0.043,0.041,,0.09
tryb1,DDTA,1.0,NEF,,1.35,2.562,1.35,148,7798,78,1.999,0.576,1.359,0.502,2.562,0.005,0.005,,0.03
tysy,DDTA,1.0,NEF,,3.67,5.832,3.67,109,6859,69,4.024,0.793,3.835,0.514,5.832,0.034,0.033,,0.07
urok,DDTA,1.0,NEF,,2.47,3.997,2.47,162,10012,101,4.037,0.717,2.531,0.508,3.997,0.019,0.018,,0.06
vgfr2,DDTA,1.0,NEF,,4.65,7.5,4.65,409,25359,254,19.049,0.832,4.946,0.519,7.5,0.047,0.046,,0.08
wee1,DDTA,1.0,NEF,,0.0,0.0,0.0,102,6252,63,0.0,0.0,0.0,0.495,0.0,-0.013,-0.013,,0.0
xiap,DDTA,1.0,NEF,,0.0,0.0,0.0,100,5250,53,0.0,0.0,0.0,0.495,0.0,-0.014,-0.013,,0.0
aa2ar,CompScore*,1.0,NEF,,46.19,69.504,46.19,482,32032,321,223.108,0.993,149.184,0.73,69.504,0.562,0.55,,
abl1,CompScore*,1.0,NEF,,35.33,58.819,35.33,182,10932,110,64.701,0.988,84.363,0.676,58.819,0.45,0.436,,
ace,CompScore*,1.0,NEF,,29.5,48.417,29.5,282,17182,172,83.277,0.983,56.251,0.645,48.417,0.37,0.359,,
aces,CompScore*,1.0,NEF,,32.25,54.71,32.25,453,26703,268,146.623,0.986,70.0,0.66,54.71,0.413,0.399,,
ada,CompScore*,1.0,NEF,,45.58,76.474,45.58,93,5543,56,42.825,0.995,190.49,0.729,76.474,0.588,0.569,,
ada17,CompScore*,1.0,NEF,,51.06,74.561,51.06,532,36432,365,272.146,0.995,197.781,0.754,74.561,0.613,0.602,,
adrb1,CompScore*,1.0,NEF,,26.27,40.31,26.27,247,16097,161,64.899,0.977,43.335,0.628,40.31,0.317,0.31,,
adrb2,CompScore*,1.0,NEF,,23.94,36.308,23.94,231,15231,153,55.552,0.974,37.017,0.617,36.308,0.287,0.281,,
akt1,CompScore*,1.0,NEF,,37.57,65.747,37.57,293,16743,168,110.455,0.991,107.764,0.687,65.747,0.491,0.472,,
akt2,CompScore*,1.0,NEF,,36.13,60.242,36.13,117,7017,71,42.772,0.989,89.36,0.681,60.242,0.462,0.448,,
aldr,CompScore*,1.0,NEF,,32.02,55.587,32.02,159,9159,92,51.14,0.986,70.844,0.659,55.587,0.415,0.4,,
ampc,CompScore*,1.0,NEF,,39.27,65.043,39.27,48,2898,29,18.863,0.991,110.479,0.695,65.043,0.499,0.483,,
andr,CompScore*,1.0,NEF,,30.14,55.46,30.14,269,14619,147,81.526,0.985,66.424,0.649,55.46,0.402,0.384,,
aofb,CompScore*,1.0,NEF,,21.69,37.684,21.69,122,7022,71,26.756,0.972,34.202,0.606,37.684,0.278,0.268,,
bace1,CompScore*,1.0,NEF,,17.47,26.894,17.47,283,18383,184,49.486,0.959,23.529,0.584,26.894,0.207,0.202,,
braf,CompScore*,1.0,NEF,,36.68,55.191,36.68,152,10102,102,56.294,0.988,80.626,0.683,55.191,0.445,0.436,,
cah2,CompScore*,1.0,NEF,,31.74,49.318,31.74,492,31664,317,156.338,0.984,61.653,0.656,49.318,0.388,0.379,,
casp3,CompScore*,1.0,NEF,,17.54,32.026,17.54,199,10899,109,34.908,0.962,25.333,0.584,32.026,0.227,0.217,,
cdk2,CompScore*,1.0,NEF,,27.36,45.787,27.36,474,28324,284,130.034,0.98,49.623,0.634,45.787,0.346,0.335,,
comt,CompScore*,1.0,NEF,,91.85,96.784,91.85,41,3891,39,37.746,1.0,2825.589,0.96,96.784,0.943,0.943,,
cp2c9,CompScore*,1.0,NEF,,15.05,23.857,15.05,120,7570,76,18.132,0.951,19.452,0.572,23.857,0.18,0.175,,
cp3a4,CompScore*,1.0,NEF,,14.04,19.94,14.04,170,11970,120,23.928,0.945,17.288,0.566,19.94,0.158,0.155,,
csf1r,CompScore*,1.0,NEF,,33.01,44.492,33.01,166,12316,124,55.17,0.983,58.668,0.663,44.492,0.377,0.373,,
cxcr4,CompScore*,1.0,NEF,,51.61,59.907,51.61,40,3446,35,20.967,0.992,127.232,0.76,59.907,0.556,0.554,,
def,CompScore*,1.0,NEF,,58.46,102.774,58.46,102,5802,59,60.636,1.0,inf,0.797,100.0,0.779,0.75,,
dhi1,CompScore*,1.0,NEF,,19.94,33.436,19.94,330,19680,197,65.869,0.967,29.454,0.596,33.436,0.249,0.24,,
dpp4,CompScore*,1.0,NEF,,42.95,55.185,42.95,533,41483,415,229.017,0.99,94.607,0.713,55.185,0.481,0.477,,
drd3,CompScore*,1.0,NEF,,26.41,36.712,26.41,480,34530,346,127.025,0.976,41.15,0.629,36.712,0.304,0.299,,
dyr,CompScore*,1.0,NEF,,52.18,69.15,52.18,231,17431,175,121.013,0.994,166.901,0.76,69.15,0.597,0.591,,
egfr,CompScore*,1.0,NEF,,49.32,75.105,49.32,542,35592,356,267.374,0.995,195.097,0.745,75.105,0.604,0.591,,
esr1,CompScore*,1.0,NEF,,43.26,78.643,43.26,383,21068,211,165.937,0.995,198.877,0.716,78.643,0.578,0.553,,
esr2,CompScore*,1.0,NEF,,41.71,74.431,41.71,367,20566,206,153.329,0.994,160.219,0.708,74.431,0.552,0.529,,
fa10,CompScore*,1.0,NEF,,39.34,73.195,39.34,537,28862,289,211.534,0.993,144.034,0.696,73.195,0.531,0.506,,
fa7,CompScore*,1.0,NEF,,55.5,99.419,55.5,114,6364,64,63.628,1.0,9375.0,0.779,99.419,0.742,0.711,,
fabp4,CompScore*,1.0,NEF,,41.49,69.719,41.49,47,2797,28,19.521,0.993,134.713,0.706,69.719,0.532,0.514,,
fak1,CompScore*,1.0,NEF,,36.8,67.523,36.8,100,5450,55,37.138,0.991,111.232,0.684,67.523,0.494,0.472,,
fgfr1,CompScore*,1.0,NEF,,30.07,47.287,30.07,139,8839,89,42.086,0.983,56.148,0.649,47.287,0.371,0.361,,
fkb1a,CompScore*,1.0,NEF,,38.12,71.584,38.12,111,5911,60,42.95,0.992,131.63,0.692,71.584,0.52,0.496,,
fnta,CompScore*,1.0,NEF,,15.86,18.024,15.86,592,52092,521,93.906,0.95,19.127,0.575,18.024,0.16,0.16,,
fpps,CompScore*,1.0,NEF,,81.47,77.504,81.47,85,8935,90,69.753,0.997,358.702,0.909,82.063,0.796,0.795,,
gcr,CompScore*,1.0,NEF,,27.09,45.807,27.09,258,15258,153,70.085,0.98,49.143,0.633,45.807,0.344,0.333,,
glcm,CompScore*,1.0,NEF,,61.0,85.47,61.0,54,3854,39,33.333,0.998,413.929,0.808,85.47,0.723,0.713,,
gria2,CompScore*,1.0,NEF,,46.92,61.763,46.92,158,12003,121,74.733,0.992,121.092,0.735,61.763,0.535,0.53,,
grik1,CompScore*,1.0,NEF,,56.81,86.27,56.81,101,6651,67,57.801,0.998,407.479,0.785,86.27,0.699,0.684,,
hdac2,CompScore*,1.0,NEF,,42.19,74.441,42.19,185,10485,105,78.163,0.994,162.157,0.71,74.441,0.555,0.533,,
hdac8,CompScore*,1.0,NEF,,63.06,100.944,63.06,170,10620,107,108.01,1.0,inf,0.818,100.0,0.799,0.777,,
hivint,CompScore*,1.0,NEF,,16.99,25.17,16.99,100,6750,68,17.116,0.957,22.369,0.582,25.17,0.198,0.194,,
hivpr,CompScore*,1.0,NEF,,18.2,26.884,18.2,536,36286,363,97.59,0.961,24.524,0.587,26.884,0.212,0.208,,
hivrt,CompScore*,1.0,NEF,,21.77,38.266,21.77,338,19229,193,73.854,0.972,34.645,0.606,38.266,0.28,0.269,,
hmdh,CompScore*,1.0,NEF,,46.45,88.526,46.45,170,8920,90,79.673,0.997,397.106,0.734,88.526,0.64,0.608,,
hs90a,CompScore*,1.0,NEF,,47.44,84.543,47.44,88,4938,50,42.271,0.997,301.441,0.739,84.543,0.633,0.608,,
hxk4,CompScore*,1.0,NEF,,36.77,70.593,36.77,92,4792,48,33.885,0.992,122.64,0.683,70.593,0.503,0.477,,
igf1r,CompScore*,1.0,NEF,,32.14,50.346,32.14,148,9448,95,47.829,0.985,63.714,0.659,50.346,0.396,0.386,,
inha,CompScore*,1.0,NEF,,42.05,77.172,42.05,43,2343,24,18.521,0.995,180.826,0.714,77.172,0.571,0.547,,
ital,CompScore*,1.0,NEF,,24.63,39.349,24.63,138,8638,87,34.233,0.976,39.96,0.621,39.349,0.304,0.296,,
jak2,CompScore*,1.0,NEF,,47.35,76.683,47.35,107,6607,67,51.378,0.995,199.783,0.739,76.683,0.602,0.585,,
kif11,CompScore*,1.0,NEF,,51.34,85.493,51.34,116,6966,70,59.845,0.997,348.004,0.757,85.493,0.66,0.639,,
kit,CompScore*,1.0,NEF,,23.43,36.637,23.43,166,10616,107,39.202,0.973,36.399,0.615,36.637,0.285,0.278,,
kith,CompScore*,1.0,NEF,,50.91,99.824,50.91,57,2907,30,29.947,1.0,28283.333,0.763,99.824,0.721,0.684,,
kpcb,CompScore*,1.0,NEF,,47.24,72.183,47.24,135,8835,89,64.243,0.994,167.231,0.737,72.183,0.581,0.568,,
lck,CompScore*,1.0,NEF,,36.99,55.844,36.99,420,27820,279,155.805,0.988,82.506,0.683,55.844,0.448,0.439,,
lkha4,CompScore*,1.0,NEF,,28.43,50.53,28.43,171,9621,97,49.014,0.983,56.448,0.641,50.53,0.372,0.358,,
mapk2,CompScore*,1.0,NEF,,61.13,98.77,61.13,101,6251,63,62.225,1.0,4890.718,0.808,98.77,0.778,0.756,,
mcr,CompScore*,1.0,NEF,,34.54,61.914,34.54,94,5244,53,32.814,0.989,89.063,0.673,61.914,0.458,0.439,,
met,CompScore*,1.0,NEF,,43.27,62.919,43.27,166,11416,115,72.357,0.991,114.993,0.716,62.919,0.518,0.509,,
mk01,CompScore*,1.0,NEF,,32.62,55.67,32.62,79,4629,47,26.165,0.986,72.329,0.663,55.67,0.422,0.408,,
mk10,CompScore*,1.0,NEF,,36.42,56.499,36.42,104,6704,68,38.419,0.988,82.423,0.682,56.499,0.45,0.44,,
mk14,CompScore*,1.0,NEF,,23.87,37.874,23.87,578,36428,365,138.241,0.974,37.812,0.616,37.874,0.292,0.284,,
mmp13,CompScore*,1.0,NEF,,38.29,57.984,38.29,572,37772,378,219.181,0.989,89.753,0.689,57.984,0.465,0.455,,
mp2k1,CompScore*,1.0,NEF,,23.27,34.043,23.27,121,8271,83,28.255,0.972,34.764,0.613,34.043,0.273,0.268,,
nos1,CompScore*,1.0,NEF,,44.44,54.528,44.44,100,8150,82,44.713,0.99,96.53,0.721,54.528,0.488,0.486,,
nram,CompScore*,1.0,NEF,,64.07,99.696,64.07,98,6298,63,62.809,1.0,20754.127,0.82,99.696,0.797,0.778,,
pa2ga,CompScore*,1.0,NEF,,40.93,77.197,40.93,99,5249,53,40.914,0.994,176.108,0.705,77.197,0.559,0.532,,
parp1,CompScore*,1.0,NEF,,58.26,96.852,58.26,508,30558,306,296.368,0.999,1820.019,0.792,96.852,0.749,0.725,,
pde5a,CompScore*,1.0,NEF,,34.09,48.547,34.09,398,27948,280,135.931,0.985,65.311,0.668,48.547,0.4,0.394,,
pgh1,CompScore*,1.0,NEF,,20.1,35.648,20.1,195,10995,110,39.213,0.968,30.681,0.597,35.648,0.258,0.248,,
pgh2,CompScore*,1.0,NEF,,32.26,59.5,32.26,435,23585,236,140.42,0.987,78.185,0.659,59.5,0.431,0.411,,
plk1,CompScore*,1.0,NEF,,42.29,65.514,42.29,107,6907,70,45.86,0.992,120.729,0.713,65.514,0.524,0.512,,
pnph,CompScore*,1.0,NEF,,65.13,95.114,65.13,103,7053,71,67.531,0.999,1313.524,0.828,95.114,0.787,0.774,,
ppara,CompScore*,1.0,NEF,,19.6,36.976,19.6,373,19772,198,73.212,0.968,30.512,0.595,36.976,0.259,0.247,,
ppard,CompScore*,1.0,NEF,,23.22,44.618,23.22,240,12490,125,55.773,0.976,41.121,0.613,44.618,0.313,0.296,,
pparg,CompScore*,1.0,NEF,,22.39,42.029,22.39,484,25784,258,108.435,0.974,37.898,0.609,42.029,0.297,0.283,,
prgr,CompScore*,1.0,NEF,,45.33,83.307,45.33,293,15943,160,133.292,0.996,266.566,0.727,83.307,0.611,0.583,,
ptn1,CompScore*,1.0,NEF,,38.85,68.435,38.85,130,7380,74,50.642,0.992,120.911,0.693,68.435,0.51,0.49,,
pur2,CompScore*,1.0,NEF,,54.66,99.382,54.66,50,2750,28,27.827,1.0,8681.294,0.778,99.382,0.741,0.71,,
pygm,CompScore*,1.0,NEF,,16.49,31.53,16.49,77,4027,41,12.927,0.959,23.623,0.58,31.53,0.219,0.209,,
pyrd,CompScore*,1.0,NEF,,50.55,85.521,50.55,111,6561,66,56.444,0.997,343.226,0.754,85.521,0.655,0.633,,
reni,CompScore*,1.0,NEF,,41.99,61.837,41.99,104,7062,71,43.905,0.991,108.409,0.709,61.837,0.505,0.496,,
rock1,CompScore*,1.0,NEF,,40.83,63.797,40.83,100,6400,64,40.83,0.991,111.018,0.702,63.797,0.504,0.492,,
rxra,CompScore*,1.0,NEF,,53.25,98.514,53.25,131,7081,71,69.945,1.0,3516.271,0.767,98.514,0.722,0.688,,
sahh,CompScore*,1.0,NEF,,48.02,86.116,48.02,63,3513,36,31.002,0.997,339.667,0.745,86.116,0.647,0.621,,
src,CompScore*,1.0,NEF,,32.67,48.878,32.67,524,35024,351,171.562,0.984,62.95,0.661,48.878,0.393,0.385,,
tgfr1,CompScore*,1.0,NEF,,56.76,87.444,56.76,133,8633,87,76.077,0.998,445.107,0.785,87.444,0.704,0.688,,
thb,CompScore*,1.0,NEF,,53.38,72.794,53.38,103,7553,76,55.324,0.995,193.532,0.767,72.794,0.621,0.614,,
thrb,CompScore*,1.0,NEF,,45.92,77.077,45.92,461,27465,275,211.961,0.995,196.958,0.729,77.077,0.59,0.571,,
try1,CompScore*,1.0,NEF,,58.34,99.113,58.34,449,26429,265,262.65,1.0,6467.838,0.792,99.113,0.759,0.732,,
tryb1,CompScore*,1.0,NEF,,43.68,82.901,43.68,148,7798,78,64.663,0.996,250.609,0.718,82.901,0.597,0.567,,
tysy,CompScore*,1.0,NEF,,35.39,56.24,35.39,109,6859,69,38.806,0.988,79.588,0.676,56.24,0.441,0.429,,
urok,CompScore*,1.0,NEF,,60.94,98.604,60.94,162,10012,101,99.591,1.0,4296.157,0.807,98.604,0.776,0.754,,
vgfr2,CompScore*,1.0,NEF,,26.78,43.192,26.78,409,25359,254,109.707,0.979,46.381,0.631,43.192,0.332,0.323,,
wee1,CompScore*,1.0,NEF,,61.16,99.781,61.16,102,6252,63,62.862,1.0,27495.175,0.808,99.781,0.782,0.759,,
xiap,CompScore*,1.0,NEF,,52.3,99.619,52.3,100,5250,53,52.798,1.0,13467.25,0.764,99.619,0.722,0.686,,
ada,ESSENCE-DOCK*†(21/102),1.0,NEF,,11.9,19.966,11.9,93,5543,56,11.181,0.936,14.619,0.556,19.966,0.144,0.139,,
akt1,ESSENCE-DOCK*†(21/102),1.0,NEF,,2.7,4.725,2.7,293,16743,168,7.938,0.736,2.784,0.509,4.725,0.023,0.022,,
ampc,ESSENCE-DOCK*†(21/102),1.0,NEF,,2.1,3.478,2.1,48,2898,29,1.009,0.681,2.14,0.506,3.478,0.014,0.014,,
casp3,ESSENCE-DOCK*†(21/102),1.0,NEF,,9.5,17.346,9.5,199,10899,109,18.907,0.919,11.284,0.543,17.346,0.117,0.111,,
cp3a4,ESSENCE-DOCK*†(21/102),1.0,NEF,,1.8,2.556,1.8,170,11970,120,3.068,0.646,1.821,0.504,2.556,0.01,0.01,,
cxcr4,ESSENCE-DOCK*†(21/102),1.0,NEF,,0.0,0.0,0.0,40,3446,35,0.0,0.0,0.0,0.495,0.0,-0.011,-0.011,,
fa7,ESSENCE-DOCK*†(21/102),1.0,NEF,,17.4,31.169,17.4,114,6364,64,19.948,0.961,24.826,0.584,31.169,0.223,0.214,,
fabp4,ESSENCE-DOCK*†(21/102),1.0,NEF,,10.6,17.812,10.6,47,2797,28,4.987,0.927,12.681,0.549,17.812,0.126,0.122,,
fpps,ESSENCE-DOCK*†(21/102),1.0,NEF,,20.1,19.121,20.1,85,8935,90,17.209,0.961,24.616,0.597,20.246,0.189,0.189,,
gcr,ESSENCE-DOCK*†(21/102),1.0,NEF,,13.9,23.504,13.9,258,15258,153,35.961,0.947,17.864,0.566,23.504,0.17,0.164,,
glcm,ESSENCE-DOCK*†(21/102),1.0,NEF,,5.5,7.706,5.5,54,3854,39,3.005,0.855,5.876,0.523,7.706,0.054,0.054,,
hivpr,ESSENCE-DOCK*†(21/102),1.0,NEF,,9.7,14.328,9.7,536,36286,363,52.012,0.918,11.155,0.544,14.328,0.107,0.105,,
hivrt,ESSENCE-DOCK*†(21/102),1.0,NEF,,8.9,15.644,8.9,338,19229,193,30.193,0.912,10.365,0.54,15.644,0.106,0.102,,
hs90a,ESSENCE-DOCK*†(21/102),1.0,NEF,,8.0,14.257,8.0,88,4938,50,7.128,0.902,9.164,0.536,14.257,0.095,0.092,,
ital,ESSENCE-DOCK*†(21/102),1.0,NEF,,9.5,15.177,9.5,138,8638,87,13.204,0.917,11.021,0.544,15.177,0.109,0.106,,
kif11,ESSENCE-DOCK*†(21/102),1.0,NEF,,24.0,39.966,24.0,116,6966,70,27.976,0.975,39.311,0.618,39.966,0.302,0.292,,
mk14,ESSENCE-DOCK*†(21/102),1.0,NEF,,5.4,8.568,5.4,578,36428,365,31.274,0.853,5.812,0.522,8.568,0.056,0.055,,
nram,ESSENCE-DOCK*†(21/102),1.0,NEF,,17.3,26.92,17.3,98,6298,63,16.959,0.959,23.304,0.583,26.92,0.206,0.201,,
pa2ga,ESSENCE-DOCK*†(21/102),1.0,NEF,,25.5,48.095,25.5,99,5249,53,25.49,0.98,48.202,0.626,48.095,0.343,0.327,,
try1,ESSENCE-DOCK*†(21/102),1.0,NEF,,8.2,13.931,8.2,449,26429,265,36.917,0.904,9.365,0.537,13.931,0.095,0.092,,
wee1,ESSENCE-DOCK*†(21/102),1.0,NEF,,53.5,87.284,53.5,102,6252,63,54.989,0.998,413.868,0.769,87.284,0.682,0.662,,
aa2ar,SIEVE-Score‡,1.0,NEF,,51.0,76.742,51.0,482,32032,321,246.342,0.995,215.98,0.754,76.742,0.622,0.609,,
abl1,SIEVE-Score‡,1.0,NEF,,34.4,57.27,34.4,182,10932,110,62.997,0.988,79.166,0.671,57.27,0.438,0.424,,
ace,SIEVE-Score‡,1.0,NEF,,30.3,49.73,30.3,282,17182,172,85.536,0.983,59.285,0.649,49.73,0.381,0.369,,
aces,SIEVE-Score‡,1.0,NEF,,35.3,59.884,35.3,453,26703,268,160.49,0.989,86.503,0.675,59.884,0.454,0.438,,
ada,SIEVE-Score‡,1.0,NEF,,55.2,92.614,55.2,93,5543,56,51.864,0.999,734.831,0.778,92.614,0.715,0.692,,
ada17,SIEVE-Score‡,1.0,NEF,,59.3,86.593,59.3,532,36432,365,316.065,0.998,435.851,0.796,86.593,0.714,0.701,,
adrb1,SIEVE-Score‡,1.0,NEF,,42.1,64.6,42.1,247,16097,161,104.006,0.992,117.102,0.709,64.6,0.516,0.504,,
adrb2,SIEVE-Score‡,1.0,NEF,,42.4,64.306,42.4,231,15231,153,98.388,0.992,116.985,0.711,64.306,0.518,0.506,,
akt1,SIEVE-Score‡,1.0,NEF,,42.1,73.674,42.1,293,16743,168,123.773,0.994,157.122,0.71,73.674,0.552,0.531,,
akt2,SIEVE-Score‡,1.0,NEF,,49.0,81.702,49.0,117,7017,71,58.008,0.996,263.318,0.747,81.702,0.632,0.612,,
aldr,SIEVE-Score‡,1.0,NEF,,28.2,48.955,28.2,159,9159,92,45.039,0.982,54.286,0.639,48.955,0.364,0.351,,
ampc,SIEVE-Score‡,1.0,NEF,,30.7,50.849,30.7,48,2898,29,14.746,0.984,61.426,0.651,50.849,0.388,0.375,,
andr,SIEVE-Score‡,1.0,NEF,,40.5,74.523,40.5,269,14619,147,109.549,0.994,156.041,0.702,74.523,0.545,0.52,,
aofb,SIEVE-Score‡,1.0,NEF,,14.2,24.671,14.2,122,7022,71,17.516,0.949,18.523,0.568,24.671,0.177,0.171,,
bace1,SIEVE-Score‡,1.0,NEF,,36.6,56.344,36.6,283,18383,184,103.674,0.988,82.547,0.681,56.344,0.448,0.437,,
braf,SIEVE-Score‡,1.0,NEF,,47.0,70.719,47.0,152,10102,102,72.133,0.994,158.097,0.736,70.719,0.574,0.563,,
cah2,SIEVE-Score‡,1.0,NEF,,23.2,36.049,23.2,492,31664,317,114.274,0.973,35.714,0.613,36.049,0.28,0.274,,
casp3,SIEVE-Score‡,1.0,NEF,,45.6,83.259,45.6,199,10899,109,90.752,0.996,267.412,0.727,83.259,0.611,0.584,,
cdk2,SIEVE-Score‡,1.0,NEF,,34.8,58.238,34.8,474,28324,284,165.395,0.988,81.934,0.672,58.238,0.444,0.429,,
comt,SIEVE-Score‡,1.0,NEF,,75.5,79.555,75.5,41,3891,39,31.027,0.997,365.399,0.877,79.555,0.774,0.773,,
cp2c9,SIEVE-Score‡,1.0,NEF,,9.3,14.742,9.3,120,7570,76,11.204,0.915,10.735,0.542,14.742,0.106,0.103,,
cp3a4,SIEVE-Score‡,1.0,NEF,,6.7,9.515,6.7,170,11970,120,11.419,0.88,7.299,0.529,9.515,0.069,0.068,,
csf1r,SIEVE-Score‡,1.0,NEF,,43.2,58.227,43.2,166,12316,124,72.201,0.99,102.021,0.715,58.227,0.497,0.492,,
cxcr4,SIEVE-Score‡,1.0,NEF,,61.1,70.923,61.1,40,3446,35,24.823,0.995,207.691,0.809,70.923,0.66,0.658,,
def,SIEVE-Score‡,1.0,NEF,,56.6,99.504,56.6,102,5802,59,58.707,1.0,11202.083,0.788,99.504,0.754,0.726,,
dhi1,SIEVE-Score‡,1.0,NEF,,27.7,46.448,27.7,330,19680,197,91.503,0.981,50.858,0.636,46.448,0.351,0.339,,
dpp4,SIEVE-Score‡,1.0,NEF,,61.5,79.019,61.5,533,41483,415,327.929,0.997,289.358,0.807,79.019,0.694,0.688,,
drd3,SIEVE-Score‡,1.0,NEF,,50.8,70.617,50.8,480,34530,346,244.334,0.994,170.485,0.753,70.617,0.595,0.587,,
dyr,SIEVE-Score‡,1.0,NEF,,56.4,74.743,56.4,231,17431,175,130.8,0.995,220.343,0.782,74.743,0.647,0.64,,
egfr,SIEVE-Score‡,1.0,NEF,,44.7,68.07,44.7,542,35592,356,242.328,0.993,137.861,0.722,68.07,0.546,0.534,,
esr1,SIEVE-Score‡,1.0,NEF,,53.2,96.713,53.2,383,21068,211,204.065,0.999,1589.315,0.766,96.713,0.714,0.683,,
esr2,SIEVE-Score‡,1.0,NEF,,53.3,95.114,53.3,367,20566,206,195.934,0.999,1071.357,0.767,95.114,0.709,0.68,,
fa10,SIEVE-Score‡,1.0,NEF,,37.8,70.33,37.8,537,28862,289,203.253,0.992,125.03,0.688,70.33,0.51,0.485,,
fa7,SIEVE-Score‡,1.0,NEF,,54.5,97.627,54.5,114,6364,64,62.481,1.0,2255.795,0.774,97.627,0.728,0.698,,
fabp4,SIEVE-Score‡,1.0,NEF,,47.3,79.482,47.3,47,2797,28,22.255,0.996,226.651,0.736,79.482,0.609,0.588,,
fak1,SIEVE-Score‡,1.0,NEF,,54.2,99.45,54.2,100,5450,55,54.697,1.0,9665.667,0.773,99.45,0.734,0.702,,
fgfr1,SIEVE-Score‡,1.0,NEF,,0.0,0.0,0.0,139,8839,89,0.0,0.0,0.0,0.495,0.0,-0.013,-0.012,,
fkb1a,SIEVE-Score‡,1.0,NEF,,50.4,94.644,50.4,111,5911,60,56.786,0.999,923.31,0.756,94.644,0.692,0.66,,
fnta,SIEVE-Score‡,1.0,NEF,,44.3,50.345,44.3,592,52092,521,262.296,0.989,88.201,0.719,50.345,0.467,0.466,,
fpps,SIEVE-Score‡,1.0,NEF,,81.0,77.057,81.0,85,8935,90,69.351,0.997,349.683,0.907,81.589,0.791,0.791,,
gcr,SIEVE-Score‡,1.0,NEF,,33.3,56.308,33.3,258,15258,153,86.15,0.987,74.926,0.665,56.308,0.426,0.412,,
glcm,SIEVE-Score‡,1.0,NEF,,35.9,50.301,35.9,54,3854,39,19.617,0.986,71.223,0.679,50.301,0.421,0.415,,
gria2,SIEVE-Score‡,1.0,NEF,,56.6,74.505,56.6,158,12003,121,90.151,0.995,219.079,0.784,74.505,0.648,0.642,,
grik1,SIEVE-Score‡,1.0,NEF,,63.2,95.974,63.2,101,6651,67,64.302,0.999,1545.78,0.818,95.974,0.779,0.763,,
hdac2,SIEVE-Score‡,1.0,NEF,,49.9,88.045,49.9,185,10485,105,92.447,0.998,410.028,0.749,88.045,0.659,0.633,,
hdac8,SIEVE-Score‡,1.0,NEF,,59.6,95.405,59.6,170,10620,107,102.083,0.999,1276.27,0.8,95.405,0.754,0.734,,
hivint,SIEVE-Score‡,1.0,NEF,,23.8,35.259,23.8,100,6750,68,23.976,0.973,36.217,0.617,35.259,0.282,0.277,,
hivpr,SIEVE-Score‡,1.0,NEF,,38.3,56.575,38.3,536,36286,363,205.367,0.989,86.895,0.689,56.575,0.459,0.45,,
hivrt,SIEVE-Score‡,1.0,NEF,,39.8,69.959,39.8,338,19229,193,135.021,0.992,130.156,0.698,69.959,0.523,0.502,,
hmdh,SIEVE-Score‡,1.0,NEF,,52.3,99.675,52.3,170,8920,90,89.707,1.0,15780.172,0.764,99.675,0.722,0.686,,
hs90a,SIEVE-Score‡,1.0,NEF,,38.0,67.72,38.0,88,4938,50,33.86,0.991,115.621,0.691,67.72,0.504,0.484,,
hxk4,SIEVE-Score‡,1.0,NEF,,36.7,70.459,36.7,92,4792,48,33.82,0.992,121.849,0.682,70.459,0.502,0.476,,
igf1r,SIEVE-Score‡,1.0,NEF,,41.0,64.225,41.0,148,9448,95,61.014,0.991,112.811,0.704,64.225,0.509,0.496,,
inha,SIEVE-Score‡,1.0,NEF,,6.8,12.48,6.8,43,2343,24,2.995,0.884,7.627,0.53,12.48,0.081,0.077,,
ital,SIEVE-Score‡,1.0,NEF,,25.3,40.419,25.3,138,8638,87,35.165,0.977,41.785,0.624,40.419,0.312,0.304,,
jak2,SIEVE-Score‡,1.0,NEF,,45.3,73.363,45.3,107,6607,67,49.153,0.994,167.311,0.728,73.363,0.575,0.559,,
kif11,SIEVE-Score‡,1.0,NEF,,53.4,88.923,53.4,116,6966,70,62.246,0.998,474.067,0.768,88.923,0.687,0.665,,
kit,SIEVE-Score‡,1.0,NEF,,24.2,37.841,24.2,166,10616,107,40.49,0.975,38.324,0.619,37.841,0.295,0.288,,
kith,SIEVE-Score‡,1.0,NEF,,49.8,97.647,49.8,57,2907,30,29.294,1.0,2075.0,0.757,97.647,0.705,0.669,,
kpcb,SIEVE-Score‡,1.0,NEF,,57.2,87.402,57.2,135,8835,89,77.788,0.998,447.116,0.787,87.402,0.706,0.691,,
lck,SIEVE-Score‡,1.0,NEF,,41.0,61.898,41.0,420,27820,279,172.695,0.991,105.981,0.704,61.898,0.498,0.488,,
lkha4,SIEVE-Score‡,1.0,NEF,,37.9,67.362,37.9,171,9621,97,65.341,0.991,114.058,0.689,67.362,0.501,0.481,,
mapk2,SIEVE-Score‡,1.0,NEF,,56.4,91.128,56.4,101,6251,63,57.411,0.998,625.424,0.784,91.128,0.716,0.696,,
mcr,SIEVE-Score‡,1.0,NEF,,27.1,48.577,27.1,94,5244,53,25.746,0.981,51.756,0.634,48.577,0.356,0.342,,
met,SIEVE-Score‡,1.0,NEF,,49.1,71.396,49.1,166,11416,115,82.106,0.994,169.16,0.746,71.396,0.589,0.579,,
mk01,SIEVE-Score‡,1.0,NEF,,41.7,71.167,41.7,79,4629,47,33.448,0.993,142.156,0.71,71.167,0.543,0.525,,
mk10,SIEVE-Score‡,1.0,NEF,,27.5,42.661,27.5,104,6704,68,29.01,0.979,47.216,0.637,42.661,0.337,0.329,,
mk14,SIEVE-Score‡,1.0,NEF,,30.6,48.553,30.6,578,36428,365,177.218,0.983,58.535,0.651,48.553,0.378,0.368,,
mmp13,SIEVE-Score‡,1.0,NEF,,61.6,93.284,61.6,572,37772,378,352.613,0.999,903.311,0.808,93.284,0.756,0.739,,
mp2k1,SIEVE-Score‡,1.0,NEF,,5.0,7.315,5.0,121,8271,83,6.071,0.842,5.316,0.52,7.315,0.049,0.048,,
nos1,SIEVE-Score‡,1.0,NEF,,24.9,30.552,24.9,100,8150,82,25.053,0.973,35.414,0.622,30.552,0.269,0.267,,
nram,SIEVE-Score‡,1.0,NEF,,61.8,96.164,61.8,98,6298,63,60.583,0.999,1585.927,0.809,96.164,0.768,0.75,,
pa2ga,SIEVE-Score‡,1.0,NEF,,49.9,94.115,49.9,99,5249,53,49.881,0.999,831.936,0.752,94.115,0.685,0.652,,
parp1,SIEVE-Score‡,1.0,NEF,,59.6,99.08,59.6,508,30558,306,303.184,1.0,6369.061,0.798,99.08,0.766,0.742,,
pde5a,SIEVE-Score‡,1.0,NEF,,14.0,19.937,14.0,398,27948,280,55.824,0.945,17.237,0.566,19.937,0.157,0.155,,
pgh1,SIEVE-Score‡,1.0,NEF,,35.8,63.492,35.8,195,10995,110,69.842,0.99,96.323,0.677,63.492,0.47,0.451,,
pgh2,SIEVE-Score‡,1.0,NEF,,42.0,77.464,42.0,435,23585,236,182.816,0.995,182.935,0.709,77.464,0.565,0.539,,
plk1,SIEVE-Score‡,1.0,NEF,,40.7,63.051,40.7,107,6907,70,44.135,0.991,108.444,0.704,63.051,0.504,0.492,,
pnph,SIEVE-Score‡,1.0,NEF,,65.4,95.508,65.4,103,7053,71,67.811,0.999,1434.754,0.829,95.508,0.791,0.777,,
ppara,SIEVE-Score‡,1.0,NEF,,31.4,59.236,31.4,373,19772,198,117.288,0.987,75.576,0.655,59.236,0.424,0.403,,
ppard,SIEVE-Score‡,1.0,NEF,,33.8,64.948,33.8,240,12490,125,81.185,0.99,94.575,0.667,64.948,0.462,0.437,,
pparg,SIEVE-Score‡,1.0,NEF,,34.4,64.573,34.4,484,25784,258,166.599,0.99,95.279,0.67,64.573,0.464,0.442,,
prgr,SIEVE-Score‡,1.0,NEF,,47.1,86.56,47.1,293,15943,160,138.496,0.997,344.012,0.736,86.56,0.635,0.606,,
ptn1,SIEVE-Score‡,1.0,NEF,,53.2,93.713,53.2,130,7380,74,69.347,0.999,831.25,0.766,93.713,0.703,0.676,,
pur2,SIEVE-Score‡,1.0,NEF,,54.6,99.273,54.6,50,2750,28,27.796,1.0,7371.0,0.778,99.273,0.74,0.709,,
pygm,SIEVE-Score‡,1.0,NEF,,34.8,66.541,34.8,77,4027,41,27.282,0.99,102.019,0.675,66.541,0.479,0.455,,
pyrd,SIEVE-Score‡,1.0,NEF,,56.8,96.095,56.8,111,6561,66,63.423,0.999,1429.977,0.785,96.095,0.738,0.713,,
reni,SIEVE-Score‡,1.0,NEF,,26.0,38.289,26.0,104,7062,71,27.185,0.976,41.512,0.628,38.289,0.308,0.302,,
rock1,SIEVE-Score‡,1.0,NEF,,48.4,75.625,48.4,100,6400,64,48.4,0.995,195.462,0.741,75.625,0.6,0.585,,
rxra,SIEVE-Score‡,1.0,NEF,,40.5,74.926,40.5,131,7081,71,53.197,0.994,158.533,0.702,74.926,0.546,0.52,,
sahh,SIEVE-Score‡,1.0,NEF,,34.8,62.408,34.8,63,3513,36,22.467,0.989,90.913,0.676,62.408,0.465,0.447,,
src,SIEVE-Score‡,1.0,NEF,,44.9,67.176,44.9,524,35024,351,235.787,0.993,134.742,0.723,67.176,0.544,0.533,,
tgfr1,SIEVE-Score‡,1.0,NEF,,61.5,94.747,61.5,133,8633,87,82.43,0.999,1152.701,0.81,94.747,0.764,0.746,,
thb,SIEVE-Score‡,1.0,NEF,,36.6,49.911,36.6,103,7553,76,37.933,0.986,72.074,0.682,49.911,0.422,0.417,,
thrb,SIEVE-Score‡,1.0,NEF,,51.6,86.611,51.6,461,27465,275,238.179,0.997,378.911,0.758,86.611,0.665,0.643,,
try1,SIEVE-Score‡,1.0,NEF,,56.5,95.987,56.5,449,26429,265,254.367,0.999,1384.13,0.783,95.987,0.734,0.709,,
tryb1,SIEVE-Score‡,1.0,NEF,,49.8,94.517,49.8,148,7798,78,73.723,0.999,890.949,0.749,94.517,0.682,0.648,,
tysy,SIEVE-Score‡,1.0,NEF,,58.7,93.283,58.7,109,6859,69,64.365,0.999,860.05,0.795,93.283,0.739,0.72,,
urok,SIEVE-Score‡,1.0,NEF,,57.0,92.229,57.0,162,10012,101,93.152,0.999,721.658,0.787,92.229,0.725,0.705,,
vgfr2,SIEVE-Score‡,1.0,NEF,,37.4,60.32,37.4,409,25359,254,153.213,0.989,92.734,0.685,60.32,0.469,0.455,,
wee1,SIEVE-Score‡,1.0,NEF,,60.7,99.031,60.7,102,6252,63,62.389,1.0,6160.149,0.806,99.031,0.776,0.753,,
xiap,SIEVE-Score‡,1.0,NEF,,51.8,98.667,51.8,100,5250,53,52.293,1.0,3811.0,0.761,98.667,0.715,0.679,,
aa2ar,DLIGAND2,1.0,NEF,,2.5,3.762,2.5,482,32032,321,12.076,0.719,2.559,0.508,3.762,0.019,0.018,,
abl1,DLIGAND2,1.0,NEF,,7.49,12.47,7.49,182,10932,110,13.717,0.894,8.415,0.533,12.47,0.085,0.082,,
ace,DLIGAND2,1.0,NEF,,2.99,4.907,2.99,282,17182,172,8.441,0.756,3.093,0.51,4.907,0.026,0.025,,
aces,DLIGAND2,1.0,NEF,,0.75,1.272,0.75,453,26703,268,3.41,0.428,0.747,0.499,1.272,-0.003,-0.003,,
ada,DLIGAND2,1.0,NEF,,0.39,0.654,0.39,93,5543,56,0.366,0.278,0.386,0.497,0.654,-0.008,-0.008,,
ada17,DLIGAND2,1.0,NEF,,1.56,2.278,1.56,532,36432,365,8.315,0.611,1.573,0.503,2.278,0.007,0.007,,
adrb1,DLIGAND2,1.0,NEF,,6.78,10.404,6.78,247,16097,161,16.75,0.882,7.451,0.529,10.404,0.073,0.071,,
adrb2,DLIGAND2,1.0,NEF,,7.17,10.874,7.17,231,15231,153,16.638,0.888,7.923,0.531,10.874,0.077,0.075,,
akt1,DLIGAND2,1.0,NEF,,9.24,16.17,9.24,293,16743,168,27.165,0.915,10.829,0.542,16.17,0.111,0.106,,
akt2,DLIGAND2,1.0,NEF,,1.06,1.767,1.06,117,7017,71,1.255,0.515,1.061,0.5,1.767,0.001,0.001,,
aldr,DLIGAND2,1.0,NEF,,0.45,0.781,0.45,159,9159,92,0.719,0.308,0.446,0.497,0.781,-0.007,-0.007,,
ampc,DLIGAND2,1.0,NEF,,0.0,0.0,0.0,48,2898,29,0.0,0.0,0.0,0.495,0.0,-0.013,-0.013,,
andr,DLIGAND2,1.0,NEF,,0.19,0.35,0.19,269,14619,147,0.514,0.158,0.187,0.496,0.35,-0.011,-0.011,,
aofb,DLIGAND2,1.0,NEF,,3.57,6.203,3.57,122,7022,71,4.404,0.789,3.74,0.513,6.203,0.035,0.033,,
bace1,DLIGAND2,1.0,NEF,,13.39,20.613,13.39,283,18383,184,37.929,0.943,16.607,0.563,20.613,0.156,0.152,,
braf,DLIGAND2,1.0,NEF,,4.41,6.636,4.41,152,10102,102,6.768,0.823,4.652,0.517,6.636,0.043,0.042,,
cah2,DLIGAND2,1.0,NEF,,0.36,0.559,0.36,492,31664,317,1.773,0.263,0.356,0.497,0.559,-0.008,-0.008,,
casp3,DLIGAND2,1.0,NEF,,2.86,5.222,2.86,199,10899,109,5.692,0.748,2.962,0.509,5.222,0.025,0.024,,
cdk2,DLIGAND2,1.0,NEF,,1.0,1.673,1.0,474,28324,284,4.753,0.5,1.0,0.5,1.673,0.0,0.0,,
comt,DLIGAND2,1.0,NEF,,0.0,0.0,0.0,41,3891,39,0.0,0.0,0.0,0.495,0.0,-0.01,-0.01,,
cp2c9,DLIGAND2,1.0,NEF,,6.59,10.446,6.59,120,7570,76,7.939,0.879,7.242,0.529,10.446,0.071,0.07,,
cp3a4,DLIGAND2,1.0,NEF,,3.62,5.141,3.62,170,11970,120,6.169,0.79,3.762,0.513,5.141,0.032,0.031,,
csf1r,DLIGAND2,1.0,NEF,,0.35,0.472,0.35,166,12316,124,0.585,0.258,0.347,0.497,0.472,-0.008,-0.008,,
cxcr4,DLIGAND2,1.0,NEF,,0.0,0.0,0.0,40,3446,35,0.0,0.0,0.0,0.495,0.0,-0.011,-0.011,,
def,DLIGAND2,1.0,NEF,,0.0,0.0,0.0,102,5802,59,0.0,0.0,0.0,0.495,0.0,-0.014,-0.013,,
dhi1,DLIGAND2,1.0,NEF,,0.39,0.654,0.39,330,19680,197,1.288,0.278,0.386,0.497,0.654,-0.008,-0.008,,
dpp4,DLIGAND2,1.0,NEF,,1.02,1.311,1.02,533,41483,415,5.439,0.505,1.02,0.5,1.311,0.0,0.0,,
drd3,DLIGAND2,1.0,NEF,,2.52,3.503,2.52,480,34530,346,12.121,0.72,2.575,0.508,3.503,0.018,0.018,,
dyr,DLIGAND2,1.0,NEF,,3.37,4.466,3.37,231,17431,175,7.816,0.777,3.481,0.512,4.466,0.028,0.027,,
egfr,DLIGAND2,1.0,NEF,,4.09,6.228,4.09,542,35592,356,22.173,0.811,4.295,0.516,6.228,0.039,0.038,,
esr1,DLIGAND2,1.0,NEF,,19.28,35.05,19.28,383,21068,211,73.955,0.967,29.145,0.593,35.05,0.25,0.239,,
esr2,DLIGAND2,1.0,NEF,,3.36,5.996,3.36,367,20566,206,12.352,0.778,3.511,0.512,5.996,0.032,0.031,,
fa10,DLIGAND2,1.0,NEF,,3.53,6.568,3.53,537,28862,289,18.981,0.788,3.708,0.513,6.568,0.035,0.033,,
fa7,DLIGAND2,1.0,NEF,,31.19,55.871,31.19,114,6364,64,35.758,0.986,69.414,0.655,55.871,0.411,0.394,,
fabp4,DLIGAND2,1.0,NEF,,21.1,35.456,21.1,47,2797,28,9.928,0.97,32.141,0.602,35.456,0.264,0.255,,
fak1,DLIGAND2,1.0,NEF,,0.0,0.0,0.0,100,5450,55,0.0,0.0,0.0,0.495,0.0,-0.014,-0.013,,
fgfr1,DLIGAND2,1.0,NEF,,3.05,4.796,3.05,139,8839,89,4.269,0.759,3.153,0.51,4.796,0.026,0.025,,
fkb1a,DLIGAND2,1.0,NEF,,6.61,12.413,6.61,111,5911,60,7.448,0.881,7.405,0.529,12.413,0.079,0.075,,
fnta,DLIGAND2,1.0,NEF,,15.02,17.069,15.02,592,52092,521,88.932,0.947,17.906,0.571,17.069,0.151,0.151,,
fpps,DLIGAND2,1.0,NEF,,0.0,0.0,0.0,85,8935,90,0.0,0.0,0.0,0.495,0.0,-0.01,-0.01,,
gcr,DLIGAND2,1.0,NEF,,0.36,0.609,0.36,258,15258,153,0.931,0.263,0.356,0.497,0.609,-0.008,-0.008,,
glcm,DLIGAND2,1.0,NEF,,0.0,0.0,0.0,54,3854,39,0.0,0.0,0.0,0.495,0.0,-0.012,-0.012,,
gria2,DLIGAND2,1.0,NEF,,1.01,1.33,1.01,158,12003,121,1.609,0.503,1.01,0.5,1.33,0.0,0.0,,
grik1,DLIGAND2,1.0,NEF,,0.0,0.0,0.0,101,6651,67,0.0,0.0,0.0,0.495,0.0,-0.013,-0.012,,
hdac2,DLIGAND2,1.0,NEF,,5.47,9.651,5.47,185,10485,105,10.134,0.856,5.948,0.523,9.651,0.06,0.058,,
hdac8,DLIGAND2,1.0,NEF,,0.0,0.0,0.0,170,10620,107,0.0,0.0,0.0,0.495,0.0,-0.013,-0.013,,
hivint,DLIGAND2,1.0,NEF,,12.37,18.326,12.37,100,6750,68,12.462,0.937,14.921,0.558,18.326,0.141,0.138,,
hivpr,DLIGAND2,1.0,NEF,,13.35,19.72,13.35,536,36286,363,71.584,0.942,16.384,0.563,19.72,0.152,0.149,,
hivrt,DLIGAND2,1.0,NEF,,0.16,0.281,0.16,338,19229,193,0.543,0.136,0.158,0.496,0.281,-0.011,-0.011,,
hmdh,DLIGAND2,1.0,NEF,,8.41,16.028,8.41,170,8920,90,14.425,0.908,9.824,0.538,16.028,0.104,0.099,,
hs90a,DLIGAND2,1.0,NEF,,0.0,0.0,0.0,88,4938,50,0.0,0.0,0.0,0.495,0.0,-0.014,-0.013,,
hxk4,DLIGAND2,1.0,NEF,,0.78,1.497,0.78,92,4792,48,0.719,0.437,0.777,0.499,1.497,-0.003,-0.003,,
igf1r,DLIGAND2,1.0,NEF,,9.26,14.506,9.26,148,9448,95,13.78,0.914,10.661,0.542,14.506,0.105,0.102,,
inha,DLIGAND2,1.0,NEF,,0.0,0.0,0.0,43,2343,24,0.0,0.0,0.0,0.495,0.0,-0.014,-0.013,,
ital,DLIGAND2,1.0,NEF,,0.0,0.0,0.0,138,8638,87,0.0,0.0,0.0,0.495,0.0,-0.013,-0.013,,
jak2,DLIGAND2,1.0,NEF,,9.22,14.932,9.22,107,6607,67,10.004,0.914,10.663,0.542,14.932,0.107,0.104,,
kif11,DLIGAND2,1.0,NEF,,0.51,0.849,0.51,116,6966,70,0.594,0.336,0.506,0.497,0.849,-0.006,-0.006,,
kit,DLIGAND2,1.0,NEF,,3.56,5.567,3.56,166,10616,107,5.956,0.788,3.711,0.513,5.567,0.033,0.032,,
kith,DLIGAND2,1.0,NEF,,2.31,4.529,2.31,57,2907,30,1.359,0.703,2.372,0.507,4.529,0.019,0.018,,
kpcb,DLIGAND2,1.0,NEF,,19.37,29.598,19.37,135,8835,89,26.342,0.964,27.093,0.594,29.598,0.231,0.226,,
lck,DLIGAND2,1.0,NEF,,4.83,7.292,4.83,420,27820,279,20.344,0.837,5.131,0.519,7.292,0.048,0.047,,
lkha4,DLIGAND2,1.0,NEF,,4.94,8.78,4.94,171,9621,97,8.517,0.842,5.319,0.52,8.78,0.053,0.051,,
mapk2,DLIGAND2,1.0,NEF,,1.46,2.359,1.46,101,6251,63,1.486,0.595,1.471,0.502,2.359,0.006,0.006,,
mcr,DLIGAND2,1.0,NEF,,2.6,4.661,2.6,94,5244,53,2.47,0.728,2.678,0.508,4.661,0.022,0.021,,
met,DLIGAND2,1.0,NEF,,0.82,1.192,0.82,166,11416,115,1.371,0.45,0.818,0.499,1.192,-0.002,-0.002,,
mk01,DLIGAND2,1.0,NEF,,1.44,2.458,1.44,79,4629,47,1.155,0.592,1.451,0.502,2.458,0.006,0.006,,
mk10,DLIGAND2,1.0,NEF,,3.75,5.817,3.75,104,6704,68,3.956,0.797,3.92,0.514,5.817,0.035,0.034,,
mk14,DLIGAND2,1.0,NEF,,3.61,5.728,3.61,578,36428,365,20.907,0.79,3.769,0.513,5.728,0.033,0.032,,
mmp13,DLIGAND2,1.0,NEF,,2.6,3.937,2.6,572,37772,378,14.883,0.727,2.666,0.508,3.937,0.02,0.02,,
mp2k1,DLIGAND2,1.0,NEF,,9.93,14.527,9.93,121,8271,83,12.057,0.92,11.448,0.545,14.527,0.11,0.108,,
nos1,DLIGAND2,1.0,NEF,,1.72,2.11,1.72,100,8150,82,1.731,0.634,1.736,0.504,2.11,0.008,0.008,,
nram,DLIGAND2,1.0,NEF,,0.45,0.7,0.45,98,6298,63,0.441,0.308,0.446,0.497,0.7,-0.007,-0.007,,
pa2ga,DLIGAND2,1.0,NEF,,4.7,8.865,4.7,99,5249,53,4.698,0.835,5.06,0.519,8.865,0.052,0.049,,
parp1,DLIGAND2,1.0,NEF,,1.62,2.693,1.62,508,30558,306,8.241,0.621,1.637,0.503,2.693,0.008,0.008,,
pde5a,DLIGAND2,1.0,NEF,,3.54,5.041,3.54,398,27948,280,14.115,0.786,3.675,0.513,5.041,0.031,0.03,,
pgh1,DLIGAND2,1.0,NEF,,0.8,1.419,0.8,195,10995,110,1.561,0.444,0.797,0.499,1.419,-0.003,-0.003,,
pgh2,DLIGAND2,1.0,NEF,,0.75,1.383,0.75,435,23585,236,3.265,0.427,0.746,0.499,1.383,-0.003,-0.003,,
plk1,DLIGAND2,1.0,NEF,,0.0,0.0,0.0,107,6907,70,0.0,0.0,0.0,0.495,0.0,-0.013,-0.012,,
pnph,DLIGAND2,1.0,NEF,,2.14,3.125,2.14,103,7053,71,2.219,0.685,2.177,0.506,3.125,0.014,0.014,,
ppara,DLIGAND2,1.0,NEF,,5.51,10.395,5.51,373,19772,198,20.581,0.858,6.033,0.523,10.395,0.063,0.06,,
ppard,DLIGAND2,1.0,NEF,,2.08,3.997,2.08,240,12490,125,4.996,0.68,2.125,0.506,3.997,0.015,0.014,,
pparg,DLIGAND2,1.0,NEF,,9.83,18.452,9.83,484,25784,258,47.607,0.922,11.828,0.545,18.452,0.123,0.117,,
prgr,DLIGAND2,1.0,NEF,,1.57,2.885,1.57,293,15943,160,4.617,0.613,1.587,0.503,2.885,0.008,0.007,,
ptn1,DLIGAND2,1.0,NEF,,9.33,16.435,9.33,130,7380,74,12.162,0.916,10.968,0.543,16.435,0.112,0.108,,
pur2,DLIGAND2,1.0,NEF,,0.5,0.909,0.5,50,2750,28,0.255,0.331,0.495,0.497,0.909,-0.007,-0.007,,
pygm,DLIGAND2,1.0,NEF,,0.88,1.683,0.88,77,4027,41,0.69,0.468,0.878,0.499,1.683,-0.002,-0.002,,
pyrd,DLIGAND2,1.0,NEF,,2.24,3.79,2.24,111,6561,66,2.501,0.696,2.289,0.506,3.79,0.016,0.016,,
reni,DLIGAND2,1.0,NEF,,6.0,8.836,6.0,104,7062,71,6.274,0.866,6.485,0.526,8.836,0.062,0.06,,
rock1,DLIGAND2,1.0,NEF,,0.0,0.0,0.0,100,6400,64,0.0,0.0,0.0,0.495,0.0,-0.013,-0.012,,
rxra,DLIGAND2,1.0,NEF,,5.53,10.231,5.53,131,7081,71,7.264,0.858,6.046,0.523,10.231,0.063,0.06,,
sahh,DLIGAND2,1.0,NEF,,0.0,0.0,0.0,63,3513,36,0.0,0.0,0.0,0.495,0.0,-0.014,-0.013,,
src,DLIGAND2,1.0,NEF,,2.29,3.426,2.29,524,35024,351,12.026,0.7,2.336,0.507,3.426,0.016,0.016,,
tgfr1,DLIGAND2,1.0,NEF,,2.5,3.852,2.5,133,8633,87,3.351,0.719,2.56,0.508,3.852,0.019,0.019,,
thb,DLIGAND2,1.0,NEF,,0.0,0.0,0.0,103,7553,76,0.0,0.0,0.0,0.495,0.0,-0.012,-0.012,,
thrb,DLIGAND2,1.0,NEF,,4.18,7.016,4.18,461,27465,275,19.294,0.815,4.42,0.516,7.016,0.042,0.04,,
try1,DLIGAND2,1.0,NEF,,11.73,19.928,11.73,449,26429,265,52.809,0.935,14.4,0.555,19.928,0.142,0.137,,
tryb1,DLIGAND2,1.0,NEF,,12.81,24.312,12.81,148,7798,78,18.964,0.943,16.604,0.56,24.312,0.165,0.157,,
tysy,DLIGAND2,1.0,NEF,,1.62,2.574,1.62,109,6859,69,1.776,0.621,1.636,0.503,2.574,0.008,0.008,,
urok,DLIGAND2,1.0,NEF,,17.65,28.559,17.65,162,10012,101,28.844,0.96,24.306,0.585,28.559,0.216,0.21,,
vgfr2,DLIGAND2,1.0,NEF,,7.59,12.241,7.59,409,25359,254,31.093,0.895,8.509,0.534,12.241,0.085,0.082,,
wee1,DLIGAND2,1.0,NEF,,4.37,7.13,4.37,102,6252,63,4.492,0.822,4.629,0.517,7.13,0.044,0.043,,
xiap,DLIGAND2,1.0,NEF,,11.57,22.038,11.57,100,5250,53,11.68,0.936,14.558,0.554,22.038,0.149,0.141,,
aa2ar,X-Score,1.0,NEF,,1.31,1.971,1.31,482,32032,321,6.328,0.568,1.316,0.502,1.971,0.004,0.004,,
abl1,X-Score,1.0,NEF,,15.2,25.306,15.2,182,10932,110,27.836,0.952,20.011,0.573,25.306,0.186,0.18,,
ace,X-Score,1.0,NEF,,3.79,6.22,3.79,282,17182,172,10.699,0.799,3.975,0.514,6.22,0.036,0.035,,
aces,X-Score,1.0,NEF,,1.51,2.562,1.51,453,26703,268,6.865,0.604,1.523,0.503,2.562,0.007,0.007,,
ada,X-Score,1.0,NEF,,0.0,0.0,0.0,93,5543,56,0.0,0.0,0.0,0.495,0.0,-0.013,-0.013,,
ada17,X-Score,1.0,NEF,,2.19,3.198,2.19,532,36432,365,11.673,0.69,2.229,0.506,3.198,0.015,0.014,,
adrb1,X-Score,1.0,NEF,,3.36,5.156,3.36,247,16097,161,8.301,0.777,3.488,0.512,5.156,0.03,0.029,,
adrb2,X-Score,1.0,NEF,,0.91,1.38,0.91,231,15231,153,2.112,0.476,0.909,0.5,1.38,-0.001,-0.001,,
akt1,X-Score,1.0,NEF,,1.67,2.922,1.67,293,16743,168,4.91,0.628,1.69,0.503,2.922,0.009,0.009,,
akt2,X-Score,1.0,NEF,,5.04,8.404,5.04,117,7017,71,5.967,0.844,5.411,0.521,8.404,0.053,0.052,,
aldr,X-Score,1.0,NEF,,0.0,0.0,0.0,159,9159,92,0.0,0.0,0.0,0.495,0.0,-0.013,-0.013,,
ampc,X-Score,1.0,NEF,,0.0,0.0,0.0,48,2898,29,0.0,0.0,0.0,0.495,0.0,-0.013,-0.013,,
andr,X-Score,1.0,NEF,,0.76,1.398,0.76,269,14619,147,2.056,0.431,0.757,0.499,1.398,-0.003,-0.003,,
aofb,X-Score,1.0,NEF,,1.84,3.197,1.84,122,7022,71,2.27,0.651,1.868,0.504,3.197,0.011,0.011,,
bace1,X-Score,1.0,NEF,,13.8,21.245,13.8,283,18383,184,39.09,0.945,17.253,0.565,21.245,0.161,0.157,,
braf,X-Score,1.0,NEF,,9.18,13.813,9.18,152,10102,102,14.089,0.913,10.491,0.542,13.813,0.102,0.1,,
cah2,X-Score,1.0,NEF,,3.47,5.392,3.47,492,31664,317,17.092,0.783,3.611,0.513,5.392,0.031,0.03,,
casp3,X-Score,1.0,NEF,,0.29,0.529,0.29,199,10899,109,0.577,0.223,0.286,0.496,0.529,-0.01,-0.009,,
cdk2,X-Score,1.0,NEF,,0.53,0.887,0.53,474,28324,284,2.519,0.345,0.526,0.498,0.887,-0.006,-0.006,,
comt,X-Score,1.0,NEF,,0.0,0.0,0.0,41,3891,39,0.0,0.0,0.0,0.495,0.0,-0.01,-0.01,,
cp2c9,X-Score,1.0,NEF,,4.94,7.831,4.94,120,7570,76,5.951,0.841,5.275,0.52,7.831,0.05,0.049,,
cp3a4,X-Score,1.0,NEF,,2.25,3.195,2.25,170,11970,120,3.835,0.696,2.291,0.506,3.195,0.015,0.015,,
csf1r,X-Score,1.0,NEF,,2.11,2.844,2.11,166,12316,124,3.526,0.682,2.142,0.506,2.844,0.013,0.013,,
cxcr4,X-Score,1.0,NEF,,0.0,0.0,0.0,40,3446,35,0.0,0.0,0.0,0.495,0.0,-0.011,-0.011,,
def,X-Score,1.0,NEF,,0.0,0.0,0.0,102,5802,59,0.0,0.0,0.0,0.495,0.0,-0.014,-0.013,,
dhi1,X-Score,1.0,NEF,,3.19,5.349,3.19,330,19680,197,10.538,0.768,3.314,0.511,5.349,0.029,0.028,,
dpp4,X-Score,1.0,NEF,,0.48,0.617,0.48,533,41483,415,2.559,0.323,0.477,0.497,0.617,-0.006,-0.006,,
drd3,X-Score,1.0,NEF,,2.2,3.058,2.2,480,34530,346,10.581,0.691,2.238,0.506,3.058,0.014,0.014,,
dyr,X-Score,1.0,NEF,,2.69,3.565,2.69,231,17431,175,6.238,0.734,2.752,0.509,3.565,0.02,0.02,,
egfr,X-Score,1.0,NEF,,1.1,1.675,1.1,542,35592,356,5.963,0.524,1.102,0.501,1.675,0.001,0.001,,
esr1,X-Score,1.0,NEF,,12.77,23.215,12.77,383,21068,211,48.983,0.942,16.328,0.56,23.215,0.161,0.154,,
esr2,X-Score,1.0,NEF,,3.77,6.728,3.77,367,20566,206,13.859,0.799,3.97,0.514,6.728,0.038,0.036,,
fa10,X-Score,1.0,NEF,,11.28,20.987,11.28,537,28862,289,60.653,0.933,14.011,0.552,20.987,0.142,0.136,,
fa7,X-Score,1.0,NEF,,9.6,17.197,9.6,114,6364,64,11.006,0.919,11.386,0.544,17.197,0.117,0.112,,
fabp4,X-Score,1.0,NEF,,10.55,17.728,10.55,47,2797,28,4.964,0.927,12.608,0.549,17.728,0.126,0.121,,
fak1,X-Score,1.0,NEF,,0.0,0.0,0.0,100,5450,55,0.0,0.0,0.0,0.495,0.0,-0.014,-0.013,,
fgfr1,X-Score,1.0,NEF,,1.02,1.604,1.02,139,8839,89,1.428,0.505,1.02,0.5,1.604,0.0,0.0,,
fkb1a,X-Score,1.0,NEF,,2.36,4.432,2.36,111,5911,60,2.659,0.708,2.423,0.507,4.432,0.019,0.018,,
fnta,X-Score,1.0,NEF,,3.85,4.375,3.85,592,52092,521,22.796,0.799,3.98,0.514,4.375,0.031,0.031,,
fpps,X-Score,1.0,NEF,,0.0,0.0,0.0,85,8935,90,0.0,0.0,0.0,0.495,0.0,-0.01,-0.01,,
gcr,X-Score,1.0,NEF,,0.9,1.522,0.9,258,15258,153,2.328,0.473,0.898,0.499,1.522,-0.001,-0.001,,
glcm,X-Score,1.0,NEF,,18.01,25.235,18.01,54,3854,39,9.841,0.96,23.751,0.587,25.235,0.205,0.202,,
gria2,X-Score,1.0,NEF,,0.0,0.0,0.0,158,12003,121,0.0,0.0,0.0,0.495,0.0,-0.012,-0.012,,
grik1,X-Score,1.0,NEF,,0.0,0.0,0.0,101,6651,67,0.0,0.0,0.0,0.495,0.0,-0.013,-0.012,,
hdac2,X-Score,1.0,NEF,,5.53,9.757,5.53,185,10485,105,10.245,0.858,6.02,0.523,9.757,0.061,0.059,,
hdac8,X-Score,1.0,NEF,,3.87,6.195,3.87,170,10620,107,6.629,0.802,4.06,0.515,6.195,0.037,0.036,,
hivint,X-Score,1.0,NEF,,4.98,7.378,4.98,100,6750,68,5.017,0.841,5.297,0.52,7.378,0.049,0.048,,
hivpr,X-Score,1.0,NEF,,5.1,7.533,5.1,536,36286,363,27.347,0.845,5.434,0.521,7.533,0.05,0.049,,
hivrt,X-Score,1.0,NEF,,1.72,3.023,1.72,338,19229,193,5.835,0.635,1.742,0.504,3.023,0.01,0.009,,
hmdh,X-Score,1.0,NEF,,2.85,5.432,2.85,170,8920,90,4.888,0.747,2.956,0.51,5.432,0.026,0.025,,
hs90a,X-Score,1.0,NEF,,0.0,0.0,0.0,88,4938,50,0.0,0.0,0.0,0.495,0.0,-0.014,-0.013,,
hxk4,X-Score,1.0,NEF,,0.82,1.574,0.82,92,4792,48,0.756,0.45,0.817,0.499,1.574,-0.003,-0.002,,
igf1r,X-Score,1.0,NEF,,2.65,4.151,2.65,148,9448,95,3.944,0.731,2.721,0.508,4.151,0.021,0.02,,
inha,X-Score,1.0,NEF,,7.32,13.434,7.32,43,2343,24,3.224,0.892,8.301,0.533,13.434,0.088,0.084,,
ital,X-Score,1.0,NEF,,0.0,0.0,0.0,138,8638,87,0.0,0.0,0.0,0.495,0.0,-0.013,-0.013,,
jak2,X-Score,1.0,NEF,,9.22,14.932,9.22,107,6607,67,10.004,0.914,10.663,0.542,14.932,0.107,0.104,,
kif11,X-Score,1.0,NEF,,5.57,9.275,5.57,116,6966,70,6.493,0.858,6.037,0.523,9.275,0.06,0.058,,
kit,X-Score,1.0,NEF,,6.45,10.086,6.45,166,10616,107,10.792,0.876,7.061,0.528,10.086,0.069,0.068,,
kith,X-Score,1.0,NEF,,1.54,3.02,1.54,57,2907,30,0.906,0.609,1.557,0.503,3.02,0.008,0.007,,
kpcb,X-Score,1.0,NEF,,8.36,12.774,8.36,135,8835,89,11.369,0.904,9.438,0.538,12.774,0.092,0.09,,
lck,X-Score,1.0,NEF,,2.1,3.17,2.1,420,27820,279,8.845,0.681,2.136,0.506,3.17,0.014,0.013,,
lkha4,X-Score,1.0,NEF,,7.07,12.566,7.07,171,9621,97,12.189,0.888,7.942,0.531,12.566,0.082,0.079,,
mapk2,X-Score,1.0,NEF,,7.91,12.781,7.91,101,6251,63,8.052,0.899,8.923,0.535,12.781,0.089,0.087,,
mcr,X-Score,1.0,NEF,,2.7,4.84,2.7,94,5244,53,2.565,0.736,2.786,0.509,4.84,0.023,0.022,,
met,X-Score,1.0,NEF,,0.0,0.0,0.0,166,11416,115,0.0,0.0,0.0,0.495,0.0,-0.012,-0.012,,
mk01,X-Score,1.0,NEF,,1.5,2.56,1.5,79,4629,47,1.203,0.602,1.513,0.503,2.56,0.007,0.006,,
mk10,X-Score,1.0,NEF,,6.53,10.13,6.53,104,6704,68,6.888,0.877,7.153,0.528,10.13,0.07,0.069,,
mk14,X-Score,1.0,NEF,,7.6,12.059,7.6,578,36428,365,44.015,0.895,8.505,0.534,12.059,0.084,0.082,,
mmp13,X-Score,1.0,NEF,,3.73,5.649,3.73,572,37772,378,21.351,0.796,3.893,0.514,5.649,0.034,0.033,,
mp2k1,X-Score,1.0,NEF,,1.67,2.443,1.67,121,8271,83,2.028,0.628,1.687,0.503,2.443,0.008,0.008,,
nos1,X-Score,1.0,NEF,,1.32,1.62,1.32,100,8150,82,1.328,0.57,1.325,0.502,1.62,0.004,0.004,,
nram,X-Score,1.0,NEF,,0.0,0.0,0.0,98,6298,63,0.0,0.0,0.0,0.495,0.0,-0.013,-0.012,,
pa2ga,X-Score,1.0,NEF,,1.6,3.018,1.6,99,5249,53,1.599,0.618,1.619,0.503,3.018,0.008,0.008,,
parp1,X-Score,1.0,NEF,,3.12,5.187,3.12,508,30558,306,15.871,0.764,3.236,0.511,5.187,0.028,0.027,,
pde5a,X-Score,1.0,NEF,,0.87,1.239,0.87,398,27948,280,3.469,0.465,0.868,0.499,1.239,-0.002,-0.002,,
pgh1,X-Score,1.0,NEF,,1.21,2.146,1.21,195,10995,110,2.361,0.548,1.215,0.501,2.146,0.003,0.003,,
pgh2,X-Score,1.0,NEF,,1.32,2.435,1.32,435,23585,236,5.746,0.57,1.328,0.502,2.435,0.004,0.004,,
plk1,X-Score,1.0,NEF,,3.24,5.019,3.24,107,6907,70,3.513,0.771,3.358,0.512,5.019,0.028,0.028,,
pnph,X-Score,1.0,NEF,,0.0,0.0,0.0,103,7053,71,0.0,0.0,0.0,0.495,0.0,-0.012,-0.012,,
ppara,X-Score,1.0,NEF,,6.1,11.508,6.1,373,19772,198,22.785,0.871,6.763,0.526,11.508,0.071,0.068,,
ppard,X-Score,1.0,NEF,,1.06,2.037,1.06,240,12490,125,2.546,0.515,1.061,0.5,2.037,0.001,0.001,,
pparg,X-Score,1.0,NEF,,4.55,8.541,4.55,484,25784,258,22.036,0.83,4.882,0.518,8.541,0.049,0.047,,
prgr,X-Score,1.0,NEF,,2.31,4.245,2.31,293,15943,160,6.792,0.703,2.368,0.507,4.245,0.018,0.017,,
ptn1,X-Score,1.0,NEF,,9.33,16.435,9.33,130,7380,74,12.162,0.916,10.968,0.543,16.435,0.112,0.108,,
pur2,X-Score,1.0,NEF,,0.0,0.0,0.0,50,2750,28,0.0,0.0,0.0,0.495,0.0,-0.014,-0.013,,
pygm,X-Score,1.0,NEF,,0.0,0.0,0.0,77,4027,41,0.0,0.0,0.0,0.495,0.0,-0.014,-0.013,,
pyrd,X-Score,1.0,NEF,,9.23,15.615,9.23,111,6561,66,10.306,0.915,10.753,0.542,15.615,0.109,0.105,,
reni,X-Score,1.0,NEF,,5.91,8.703,5.91,104,7062,71,6.179,0.864,6.378,0.525,8.703,0.06,0.059,,
rock1,X-Score,1.0,NEF,,0.5,0.781,0.5,100,6400,64,0.5,0.332,0.496,0.497,0.781,-0.006,-0.006,,
rxra,X-Score,1.0,NEF,,6.75,12.488,6.75,131,7081,71,8.866,0.883,7.571,0.529,12.488,0.079,0.076,,
sahh,X-Score,1.0,NEF,,0.0,0.0,0.0,63,3513,36,0.0,0.0,0.0,0.495,0.0,-0.014,-0.013,,
src,X-Score,1.0,NEF,,1.71,2.558,1.71,524,35024,351,8.98,0.634,1.729,0.504,2.558,0.009,0.009,,
tgfr1,X-Score,1.0,NEF,,2.53,3.898,2.53,133,8633,87,3.391,0.722,2.592,0.508,3.898,0.019,0.019,,
thb,X-Score,1.0,NEF,,2.41,3.287,2.41,103,7553,76,2.498,0.711,2.458,0.507,3.287,0.017,0.017,,
thrb,X-Score,1.0,NEF,,5.4,9.064,5.4,461,27465,275,24.926,0.854,5.839,0.522,9.064,0.058,0.056,,
try1,X-Score,1.0,NEF,,8.01,13.608,8.01,449,26429,265,36.062,0.901,9.114,0.536,13.608,0.093,0.09,,
tryb1,X-Score,1.0,NEF,,6.41,12.166,6.41,148,7798,78,9.489,0.877,7.159,0.528,12.166,0.076,0.072,,
tysy,X-Score,1.0,NEF,,1.32,2.098,1.32,109,6859,69,1.447,0.57,1.327,0.502,2.098,0.004,0.004,,
urok,X-Score,1.0,NEF,,0.69,1.116,0.69,162,10012,101,1.128,0.407,0.686,0.498,1.116,-0.004,-0.004,,
vgfr2,X-Score,1.0,NEF,,7.27,11.725,7.27,409,25359,254,29.782,0.89,8.103,0.532,11.725,0.081,0.078,,
wee1,X-Score,1.0,NEF,,49.0,79.942,49.0,102,6252,63,50.364,0.996,240.311,0.746,79.942,0.624,0.606,,
xiap,X-Score,1.0,NEF,,6.17,11.752,6.17,100,5250,53,6.229,0.873,6.859,0.527,11.752,0.073,0.069,,
aa2ar,ΔVinaRF20,1.0,NEF,,3.33,5.011,3.33,482,32032,321,16.085,0.775,3.453,0.512,5.011,0.029,0.028,,
abl1,ΔVinaRF20,1.0,NEF,,9.19,15.3,9.19,182,10932,110,16.83,0.914,10.669,0.542,15.3,0.107,0.104,,
ace,ΔVinaRF20,1.0,NEF,,0.39,0.64,0.39,282,17182,172,1.101,0.279,0.386,0.497,0.64,-0.008,-0.008,,
aces,ΔVinaRF20,1.0,NEF,,7.5,12.723,7.5,453,26703,268,34.098,0.894,8.448,0.533,12.723,0.086,0.083,,
ada,ΔVinaRF20,1.0,NEF,,3.08,5.168,3.08,93,5543,56,2.894,0.762,3.193,0.511,5.168,0.027,0.027,,
ada17,ΔVinaRF20,1.0,NEF,,0.54,0.789,0.54,532,36432,365,2.878,0.349,0.536,0.498,0.789,-0.006,-0.006,,
adrb1,ΔVinaRF20,1.0,NEF,,5.49,8.424,5.49,247,16097,161,13.563,0.855,5.903,0.523,8.424,0.056,0.055,,
adrb2,ΔVinaRF20,1.0,NEF,,9.76,14.802,9.76,231,15231,153,22.648,0.919,11.282,0.545,14.802,0.11,0.107,,
akt1,ΔVinaRF20,1.0,NEF,,1.2,2.1,1.2,293,16743,168,3.528,0.546,1.204,0.501,2.1,0.003,0.003,,
akt2,ΔVinaRF20,1.0,NEF,,3.8,6.336,3.8,117,7017,71,4.499,0.8,3.989,0.514,6.336,0.037,0.036,,
aldr,ΔVinaRF20,1.0,NEF,,3.2,5.555,3.2,159,9159,92,5.111,0.769,3.329,0.511,5.555,0.029,0.028,,
ampc,ΔVinaRF20,1.0,NEF,,1.77,2.932,1.77,48,2898,29,0.85,0.642,1.793,0.504,2.932,0.01,0.01,,
andr,ΔVinaRF20,1.0,NEF,,5.81,10.691,5.81,269,14619,147,15.715,0.865,6.386,0.525,10.691,0.066,0.063,,
aofb,ΔVinaRF20,1.0,NEF,,2.38,4.135,2.38,122,7022,71,2.936,0.709,2.44,0.507,4.135,0.019,0.018,,
bace1,ΔVinaRF20,1.0,NEF,,23.59,36.316,23.59,283,18383,184,66.821,0.973,36.472,0.615,36.316,0.284,0.277,,
braf,ΔVinaRF20,1.0,NEF,,12.1,18.206,12.1,152,10102,102,18.57,0.936,14.571,0.557,18.206,0.139,0.136,,
cah2,ΔVinaRF20,1.0,NEF,,8.2,12.741,8.2,492,31664,317,40.39,0.902,9.251,0.537,12.741,0.091,0.089,,
casp3,ΔVinaRF20,1.0,NEF,,0.0,0.0,0.0,199,10899,109,0.0,0.0,0.0,0.495,0.0,-0.014,-0.013,,
cdk2,ΔVinaRF20,1.0,NEF,,4.2,7.029,4.2,474,28324,284,19.961,0.816,4.442,0.516,7.029,0.042,0.041,,
comt,ΔVinaRF20,1.0,NEF,,0.0,0.0,0.0,41,3891,39,0.0,0.0,0.0,0.495,0.0,-0.01,-0.01,,
cp2c9,ΔVinaRF20,1.0,NEF,,3.89,6.166,3.89,120,7570,76,4.686,0.803,4.08,0.515,6.166,0.037,0.036,,
cp3a4,ΔVinaRF20,1.0,NEF,,3.65,5.184,3.65,170,11970,120,6.221,0.791,3.795,0.513,5.184,0.032,0.032,,
csf1r,ΔVinaRF20,1.0,NEF,,0.7,0.943,0.7,166,12316,124,1.17,0.411,0.697,0.498,0.943,-0.004,-0.003,,
cxcr4,ΔVinaRF20,1.0,NEF,,0.0,0.0,0.0,40,3446,35,0.0,0.0,0.0,0.495,0.0,-0.011,-0.011,,
def,ΔVinaRF20,1.0,NEF,,1.26,2.215,1.26,102,5802,59,1.307,0.559,1.266,0.501,2.215,0.004,0.003,,
dhi1,ΔVinaRF20,1.0,NEF,,0.0,0.0,0.0,330,19680,197,0.0,0.0,0.0,0.495,0.0,-0.013,-0.013,,
dpp4,ΔVinaRF20,1.0,NEF,,0.21,0.27,0.21,533,41483,415,1.12,0.172,0.208,0.496,0.27,-0.009,-0.009,,
drd3,ΔVinaRF20,1.0,NEF,,2.26,3.142,2.26,480,34530,346,10.87,0.697,2.301,0.506,3.142,0.015,0.015,,
dyr,ΔVinaRF20,1.0,NEF,,1.29,1.71,1.29,231,17431,175,2.992,0.564,1.295,0.501,1.71,0.003,0.003,,
egfr,ΔVinaRF20,1.0,NEF,,9.5,14.467,9.5,542,35592,356,51.502,0.916,10.938,0.543,14.467,0.106,0.104,,
esr1,ΔVinaRF20,1.0,NEF,,18.99,34.522,18.99,383,21068,211,72.842,0.966,28.475,0.592,34.522,0.246,0.235,,
esr2,ΔVinaRF20,1.0,NEF,,12.57,22.431,12.57,367,20566,206,46.208,0.941,15.916,0.559,22.431,0.157,0.15,,
fa10,ΔVinaRF20,1.0,NEF,,1.95,3.628,1.95,537,28862,289,10.485,0.665,1.986,0.505,3.628,0.013,0.013,,
fa7,ΔVinaRF20,1.0,NEF,,18.82,33.713,18.82,114,6364,64,21.576,0.965,27.883,0.591,33.713,0.243,0.233,,
fabp4,ΔVinaRF20,1.0,NEF,,8.79,14.77,8.79,47,2797,28,4.136,0.91,10.14,0.54,14.77,0.102,0.099,,
fak1,ΔVinaRF20,1.0,NEF,,0.87,1.596,0.87,100,5450,55,0.878,0.465,0.868,0.499,1.596,-0.002,-0.002,,
fgfr1,ΔVinaRF20,1.0,NEF,,2.03,3.192,2.03,139,8839,89,2.841,0.674,2.064,0.505,3.192,0.013,0.013,,
fkb1a,ΔVinaRF20,1.0,NEF,,8.83,16.581,8.83,111,5911,60,9.949,0.912,10.386,0.541,16.581,0.11,0.105,,
fnta,ΔVinaRF20,1.0,NEF,,2.66,3.023,2.66,592,52092,521,15.75,0.731,2.712,0.508,3.023,0.018,0.018,,
fpps,ΔVinaRF20,1.0,NEF,,0.0,0.0,0.0,85,8935,90,0.0,0.0,0.0,0.495,0.0,-0.01,-0.01,,
gcr,ΔVinaRF20,1.0,NEF,,13.82,23.368,13.82,258,15258,153,35.754,0.947,17.729,0.565,23.368,0.169,0.163,,
glcm,ΔVinaRF20,1.0,NEF,,6.94,9.724,6.94,54,3854,39,3.792,0.883,7.58,0.53,9.724,0.072,0.071,,
gria2,ΔVinaRF20,1.0,NEF,,2.38,3.133,2.38,158,12003,121,3.791,0.708,2.425,0.507,3.133,0.016,0.016,,
grik1,ΔVinaRF20,1.0,NEF,,4.59,6.97,4.59,101,6651,67,4.67,0.829,4.859,0.518,6.97,0.045,0.044,,
hdac2,ΔVinaRF20,1.0,NEF,,21.47,37.882,21.47,185,10485,105,39.776,0.971,33.954,0.604,37.882,0.276,0.265,,
hdac8,ΔVinaRF20,1.0,NEF,,5.82,9.316,5.82,170,10620,107,9.969,0.863,6.315,0.525,9.316,0.062,0.06,,
hivint,ΔVinaRF20,1.0,NEF,,2.09,3.096,2.09,100,6750,68,2.105,0.68,2.125,0.506,3.096,0.013,0.013,,
hivpr,ΔVinaRF20,1.0,NEF,,1.33,1.965,1.33,536,36286,363,7.132,0.572,1.337,0.502,1.965,0.004,0.004,,
hivrt,ΔVinaRF20,1.0,NEF,,2.03,3.568,2.03,338,19229,193,6.887,0.674,2.068,0.505,3.568,0.014,0.013,,
hmdh,ΔVinaRF20,1.0,NEF,,2.07,3.945,2.07,170,8920,90,3.551,0.679,2.114,0.506,3.945,0.015,0.014,,
hs90a,ΔVinaRF20,1.0,NEF,,0.0,0.0,0.0,88,4938,50,0.0,0.0,0.0,0.495,0.0,-0.014,-0.013,,
hxk4,ΔVinaRF20,1.0,NEF,,0.0,0.0,0.0,92,4792,48,0.0,0.0,0.0,0.495,0.0,-0.014,-0.013,,
igf1r,ΔVinaRF20,1.0,NEF,,10.14,15.884,10.14,148,9448,95,15.09,0.922,11.866,0.547,15.884,0.116,0.113,,
inha,ΔVinaRF20,1.0,NEF,,15.4,28.263,15.4,43,2343,24,6.783,0.955,21.073,0.575,28.263,0.2,0.192,,
ital,ΔVinaRF20,1.0,NEF,,1.75,2.796,1.75,138,8638,87,2.432,0.639,1.772,0.504,2.796,0.01,0.009,,
jak2,ΔVinaRF20,1.0,NEF,,16.56,26.819,16.56,107,6607,67,17.969,0.957,22.262,0.58,26.819,0.202,0.197,,
kif11,ΔVinaRF20,1.0,NEF,,26.98,44.928,26.98,116,6966,70,31.45,0.98,48.175,0.633,44.928,0.341,0.33,,
kit,ΔVinaRF20,1.0,NEF,,20.76,32.462,20.76,166,10616,107,34.734,0.968,30.258,0.601,32.462,0.251,0.245,,
kith,ΔVinaRF20,1.0,NEF,,3.99,7.824,3.99,57,2907,30,2.347,0.809,4.244,0.516,7.824,0.043,0.041,,
kpcb,ΔVinaRF20,1.0,NEF,,17.55,26.817,17.55,135,8835,89,23.867,0.959,23.614,0.585,26.817,0.208,0.203,,
lck,ΔVinaRF20,1.0,NEF,,2.83,4.272,2.83,420,27820,279,11.92,0.744,2.912,0.509,4.272,0.023,0.022,,
lkha4,ΔVinaRF20,1.0,NEF,,26.75,47.544,26.75,171,9621,97,46.118,0.98,50.089,0.632,47.544,0.35,0.336,,
mapk2,ΔVinaRF20,1.0,NEF,,7.8,12.603,7.8,101,6251,63,7.94,0.898,8.781,0.535,12.603,0.088,0.085,,
mcr,ΔVinaRF20,1.0,NEF,,10.91,19.556,10.91,94,5244,53,10.365,0.93,13.319,0.551,19.556,0.135,0.13,,
met,ΔVinaRF20,1.0,NEF,,23.33,33.924,23.33,166,11416,115,39.013,0.972,34.794,0.614,33.924,0.274,0.269,,
mk01,ΔVinaRF20,1.0,NEF,,3.76,6.417,3.76,79,4629,47,3.016,0.798,3.949,0.514,6.417,0.037,0.036,,
mk10,ΔVinaRF20,1.0,NEF,,2.8,4.344,2.8,104,6704,68,2.954,0.742,2.882,0.509,4.344,0.023,0.022,,
mk14,ΔVinaRF20,1.0,NEF,,3.45,5.474,3.45,578,36428,365,19.98,0.782,3.592,0.512,5.474,0.031,0.03,,
mmp13,ΔVinaRF20,1.0,NEF,,2.72,4.119,2.72,572,37772,378,15.57,0.736,2.794,0.509,4.119,0.021,0.021,,
mp2k1,ΔVinaRF20,1.0,NEF,,0.45,0.658,0.45,121,8271,83,0.546,0.309,0.446,0.497,0.658,-0.007,-0.007,,
nos1,ΔVinaRF20,1.0,NEF,,0.0,0.0,0.0,100,8150,82,0.0,0.0,0.0,0.495,0.0,-0.011,-0.011,,
nram,ΔVinaRF20,1.0,NEF,,0.46,0.716,0.46,98,6298,63,0.451,0.313,0.456,0.497,0.716,-0.007,-0.007,,
pa2ga,ΔVinaRF20,1.0,NEF,,0.0,0.0,0.0,99,5249,53,0.0,0.0,0.0,0.495,0.0,-0.014,-0.013,,
parp1,ΔVinaRF20,1.0,NEF,,10.47,17.405,10.47,508,30558,306,53.261,0.926,12.466,0.548,17.405,0.124,0.12,,
pde5a,ΔVinaRF20,1.0,NEF,,4.21,5.995,4.21,398,27948,280,16.787,0.815,4.415,0.516,5.995,0.039,0.038,,
pgh1,ΔVinaRF20,1.0,NEF,,0.0,0.0,0.0,195,10995,110,0.0,0.0,0.0,0.495,0.0,-0.014,-0.013,,
pgh2,ΔVinaRF20,1.0,NEF,,12.35,22.778,12.35,435,23585,236,53.757,0.94,15.698,0.558,22.778,0.156,0.149,,
plk1,ΔVinaRF20,1.0,NEF,,0.0,0.0,0.0,107,6907,70,0.0,0.0,0.0,0.495,0.0,-0.013,-0.012,,
pnph,ΔVinaRF20,1.0,NEF,,3.0,4.381,3.0,103,7053,71,3.111,0.756,3.092,0.51,4.381,0.025,0.024,,
ppara,ΔVinaRF20,1.0,NEF,,12.5,23.581,12.5,373,19772,198,46.691,0.941,16.049,0.559,23.581,0.16,0.152,,
ppard,ΔVinaRF20,1.0,NEF,,1.85,3.555,1.85,240,12490,125,4.444,0.653,1.881,0.504,3.555,0.012,0.011,,
pparg,ΔVinaRF20,1.0,NEF,,9.18,17.232,9.18,484,25784,258,44.459,0.916,10.883,0.542,17.232,0.114,0.108,,
prgr,ΔVinaRF20,1.0,NEF,,5.11,9.391,5.11,293,15943,160,15.026,0.847,5.536,0.521,9.391,0.057,0.054,,
ptn1,ΔVinaRF20,1.0,NEF,,18.32,32.271,18.32,130,7380,74,23.881,0.964,26.573,0.588,32.271,0.233,0.224,,
pur2,ΔVinaRF20,1.0,NEF,,0.5,0.909,0.5,50,2750,28,0.255,0.331,0.495,0.497,0.909,-0.007,-0.007,,
pygm,ΔVinaRF20,1.0,NEF,,2.64,5.048,2.64,77,4027,41,2.07,0.732,2.727,0.509,5.048,0.023,0.022,,
pyrd,ΔVinaRF20,1.0,NEF,,0.0,0.0,0.0,111,6561,66,0.0,0.0,0.0,0.495,0.0,-0.013,-0.013,,
reni,ΔVinaRF20,1.0,NEF,,11.28,16.612,11.28,104,7062,71,11.794,0.93,13.328,0.552,16.612,0.127,0.124,,
rock1,ΔVinaRF20,1.0,NEF,,11.91,18.609,11.91,100,6400,64,11.91,0.935,14.404,0.555,18.609,0.138,0.135,,
rxra,ΔVinaRF20,1.0,NEF,,7.37,13.635,7.37,131,7081,71,9.681,0.893,8.376,0.533,13.635,0.088,0.084,,
sahh,ΔVinaRF20,1.0,NEF,,0.0,0.0,0.0,63,3513,36,0.0,0.0,0.0,0.495,0.0,-0.014,-0.013,,
src,ΔVinaRF20,1.0,NEF,,0.36,0.539,0.36,524,35024,351,1.89,0.263,0.357,0.497,0.539,-0.008,-0.008,,
tgfr1,ΔVinaRF20,1.0,NEF,,10.99,16.931,10.99,133,8633,87,14.73,0.929,13.026,0.551,16.931,0.126,0.123,,
thb,ΔVinaRF20,1.0,NEF,,7.14,9.737,7.14,103,7553,76,7.4,0.886,7.802,0.531,9.737,0.073,0.072,,
thrb,ΔVinaRF20,1.0,NEF,,8.29,13.915,8.29,461,27465,275,38.266,0.904,9.468,0.537,13.915,0.096,0.093,,
try1,ΔVinaRF20,1.0,NEF,,2.33,3.958,2.33,449,26429,265,10.49,0.705,2.385,0.507,3.958,0.018,0.017,,
tryb1,ΔVinaRF20,1.0,NEF,,3.47,6.586,3.47,148,7798,78,5.137,0.785,3.644,0.513,6.586,0.035,0.033,,
tysy,ΔVinaRF20,1.0,NEF,,19.39,30.814,19.39,109,6859,69,21.261,0.965,27.58,0.594,30.814,0.236,0.229,,
urok,ΔVinaRF20,1.0,NEF,,3.13,5.065,3.13,162,10012,101,5.115,0.764,3.244,0.511,5.065,0.028,0.027,,
vgfr2,ΔVinaRF20,1.0,NEF,,6.7,10.806,6.7,409,25359,254,27.447,0.881,7.391,0.529,10.806,0.073,0.071,,
wee1,ΔVinaRF20,1.0,NEF,,12.04,19.643,12.04,102,6252,63,12.375,0.936,14.739,0.557,19.643,0.143,0.139,,
xiap,ΔVinaRF20,1.0,NEF,,1.6,3.048,1.6,100,5250,53,1.615,0.618,1.619,0.503,3.048,0.008,0.008,,
aa2ar,OnionNet-SCFT+Vina,1.0,NEF,,0.62,0.933,0.62,482,32032,321,2.995,0.381,0.616,0.498,0.933,-0.005,-0.005,,
abl1,OnionNet-SCFT+Vina,1.0,NEF,,3.86,6.426,3.86,182,10932,110,7.069,0.802,4.056,0.515,6.426,0.038,0.036,,
ace,OnionNet-SCFT+Vina,1.0,NEF,,14.32,23.503,14.32,282,17182,172,40.425,0.948,18.412,0.568,23.503,0.173,0.168,,
aces,OnionNet-SCFT+Vina,1.0,NEF,,6.84,11.604,6.84,453,26703,268,31.098,0.884,7.607,0.53,11.604,0.077,0.075,,
ada,OnionNet-SCFT+Vina,1.0,NEF,,9.75,16.358,9.75,93,5543,56,9.161,0.92,11.461,0.545,16.358,0.115,0.112,,
ada17,OnionNet-SCFT+Vina,1.0,NEF,,10.16,14.836,10.16,532,36432,365,54.152,0.922,11.756,0.547,14.836,0.112,0.11,,
adrb1,OnionNet-SCFT+Vina,1.0,NEF,,6.88,10.557,6.88,247,16097,161,16.997,0.883,7.574,0.53,10.557,0.074,0.072,,
adrb2,OnionNet-SCFT+Vina,1.0,NEF,,13.87,21.036,13.87,231,15231,153,32.185,0.945,17.299,0.566,21.036,0.161,0.157,,
akt1,OnionNet-SCFT+Vina,1.0,NEF,,4.1,7.175,4.1,293,16743,168,12.054,0.813,4.34,0.516,7.175,0.042,0.04,,
akt2,OnionNet-SCFT+Vina,1.0,NEF,,23.11,38.533,23.11,117,7017,71,27.359,0.974,36.971,0.614,38.533,0.291,0.282,,
aldr,OnionNet-SCFT+Vina,1.0,NEF,,13.14,22.811,13.14,159,9159,92,20.986,0.944,16.728,0.562,22.811,0.163,0.156,,
ampc,OnionNet-SCFT+Vina,1.0,NEF,,0.0,0.0,0.0,48,2898,29,0.0,0.0,0.0,0.495,0.0,-0.013,-0.013,,
andr,OnionNet-SCFT+Vina,1.0,NEF,,21.58,39.709,21.58,269,14619,147,58.372,0.972,35.134,0.605,39.709,0.284,0.271,,
aofb,OnionNet-SCFT+Vina,1.0,NEF,,4.11,7.141,4.11,122,7022,71,5.07,0.813,4.349,0.516,7.141,0.042,0.04,,
bace1,OnionNet-SCFT+Vina,1.0,NEF,,16.22,24.97,16.22,283,18383,184,45.945,0.955,21.285,0.577,24.97,0.191,0.187,,
braf,OnionNet-SCFT+Vina,1.0,NEF,,21.7,32.651,21.7,152,10102,102,33.304,0.969,31.735,0.606,32.651,0.258,0.253,,
cah2,OnionNet-SCFT+Vina,1.0,NEF,,40.68,63.209,40.68,492,31664,317,200.373,0.991,108.853,0.702,63.209,0.501,0.489,,
casp3,OnionNet-SCFT+Vina,1.0,NEF,,1.01,1.844,1.01,199,10899,109,2.01,0.503,1.01,0.5,1.844,0.0,0.0,,
cdk2,OnionNet-SCFT+Vina,1.0,NEF,,13.29,22.241,13.29,474,28324,284,63.164,0.944,16.805,0.563,22.241,0.161,0.156,,
comt,OnionNet-SCFT+Vina,1.0,NEF,,0.0,0.0,0.0,41,3891,39,0.0,0.0,0.0,0.495,0.0,-0.01,-0.01,,
cp2c9,OnionNet-SCFT+Vina,1.0,NEF,,3.32,5.263,3.32,120,7570,76,4.0,0.775,3.449,0.512,5.263,0.03,0.029,,
cp3a4,OnionNet-SCFT+Vina,1.0,NEF,,1.19,1.69,1.19,170,11970,120,2.028,0.544,1.193,0.501,1.69,0.002,0.002,,
csf1r,OnionNet-SCFT+Vina,1.0,NEF,,6.03,8.127,6.03,166,12316,124,10.078,0.866,6.475,0.526,8.127,0.059,0.059,,
cxcr4,OnionNet-SCFT+Vina,1.0,NEF,,7.6,8.822,7.6,40,3446,35,3.088,0.892,8.239,0.534,8.822,0.072,0.072,,
def,OnionNet-SCFT+Vina,1.0,NEF,,0.0,0.0,0.0,102,5802,59,0.0,0.0,0.0,0.495,0.0,-0.014,-0.013,,
dhi1,OnionNet-SCFT+Vina,1.0,NEF,,2.72,4.561,2.72,330,19680,197,8.985,0.737,2.802,0.509,4.561,0.023,0.022,,
dpp4,OnionNet-SCFT+Vina,1.0,NEF,,10.52,13.517,10.52,533,41483,415,56.095,0.923,12.008,0.548,13.517,0.109,0.108,,
drd3,OnionNet-SCFT+Vina,1.0,NEF,,2.09,2.905,2.09,480,34530,346,10.052,0.68,2.123,0.506,2.905,0.013,0.013,,
dyr,OnionNet-SCFT+Vina,1.0,NEF,,25.97,34.416,25.97,231,17431,175,60.228,0.975,39.073,0.627,34.416,0.291,0.289,,
egfr,OnionNet-SCFT+Vina,1.0,NEF,,11.61,17.68,11.61,542,35592,356,62.94,0.933,13.889,0.554,17.68,0.133,0.13,,
esr1,OnionNet-SCFT+Vina,1.0,NEF,,30.35,55.174,30.35,383,21068,211,116.417,0.985,66.475,0.65,55.174,0.402,0.384,,
esr2,OnionNet-SCFT+Vina,1.0,NEF,,26.77,47.771,26.77,367,20566,206,98.408,0.981,50.34,0.631,47.771,0.349,0.335,,
fa10,OnionNet-SCFT+Vina,1.0,NEF,,25.65,47.724,25.65,537,28862,289,137.922,0.98,48.153,0.626,47.724,0.341,0.325,,
fa7,OnionNet-SCFT+Vina,1.0,NEF,,52.29,93.668,52.29,114,6364,64,59.948,0.999,811.07,0.763,93.668,0.698,0.669,,
fabp4,OnionNet-SCFT+Vina,1.0,NEF,,36.12,60.695,36.12,47,2797,28,16.995,0.989,90.353,0.679,60.695,0.462,0.446,,
fak1,OnionNet-SCFT+Vina,1.0,NEF,,13.12,24.073,13.12,100,5450,55,13.24,0.944,16.963,0.562,24.073,0.167,0.16,,
fgfr1,OnionNet-SCFT+Vina,1.0,NEF,,1.36,2.139,1.36,139,8839,89,1.903,0.578,1.368,0.502,2.139,0.005,0.004,,
fkb1a,OnionNet-SCFT+Vina,1.0,NEF,,9.93,18.647,9.93,111,5911,60,11.188,0.923,11.977,0.546,18.647,0.125,0.119,,
fnta,OnionNet-SCFT+Vina,1.0,NEF,,4.22,4.796,4.22,592,52092,521,24.986,0.814,4.382,0.516,4.796,0.035,0.035,,
fpps,OnionNet-SCFT+Vina,1.0,NEF,,0.0,0.0,0.0,85,8935,90,0.0,0.0,0.0,0.495,0.0,-0.01,-0.01,,
gcr,OnionNet-SCFT+Vina,1.0,NEF,,17.49,29.574,17.49,258,15258,153,45.248,0.961,24.415,0.584,29.574,0.218,0.21,,
glcm,OnionNet-SCFT+Vina,1.0,NEF,,1.83,2.564,1.83,54,3854,39,1.0,0.649,1.852,0.504,2.564,0.01,0.01,,
gria2,OnionNet-SCFT+Vina,1.0,NEF,,14.04,18.481,14.04,158,12003,121,22.362,0.944,16.996,0.567,18.481,0.152,0.151,,
grik1,OnionNet-SCFT+Vina,1.0,NEF,,11.97,18.177,11.97,101,6651,67,12.179,0.935,14.407,0.556,18.177,0.137,0.135,,
hdac2,OnionNet-SCFT+Vina,1.0,NEF,,0.0,0.0,0.0,185,10485,105,0.0,0.0,0.0,0.495,0.0,-0.013,-0.013,,
hdac8,OnionNet-SCFT+Vina,1.0,NEF,,2.36,3.778,2.36,170,10620,107,4.042,0.707,2.413,0.507,3.778,0.017,0.017,,
hivint,OnionNet-SCFT+Vina,1.0,NEF,,5.03,7.452,5.03,100,6750,68,5.067,0.843,5.354,0.521,7.452,0.05,0.049,,
hivpr,OnionNet-SCFT+Vina,1.0,NEF,,4.11,6.071,4.11,536,36286,363,22.038,0.812,4.311,0.516,6.071,0.038,0.038,,
hivrt,OnionNet-SCFT+Vina,1.0,NEF,,10.1,17.753,10.1,338,19229,193,34.264,0.923,12.064,0.546,17.753,0.123,0.118,,
hmdh,OnionNet-SCFT+Vina,1.0,NEF,,35.35,67.371,35.35,170,8920,90,60.634,0.991,106.275,0.677,67.371,0.483,0.459,,
hs90a,OnionNet-SCFT+Vina,1.0,NEF,,0.0,0.0,0.0,88,4938,50,0.0,0.0,0.0,0.495,0.0,-0.014,-0.013,,
hxk4,OnionNet-SCFT+Vina,1.0,NEF,,6.51,12.498,6.51,92,4792,48,5.999,0.879,7.297,0.528,12.498,0.078,0.074,,
igf1r,OnionNet-SCFT+Vina,1.0,NEF,,16.28,25.502,16.28,148,9448,95,24.227,0.956,21.511,0.578,25.502,0.194,0.189,,
inha,OnionNet-SCFT+Vina,1.0,NEF,,4.74,8.699,4.74,43,2343,24,2.088,0.836,5.096,0.52,8.699,0.052,0.05,,
ital,OnionNet-SCFT+Vina,1.0,NEF,,0.73,1.166,0.73,138,8638,87,1.015,0.421,0.727,0.499,1.166,-0.003,-0.003,,
jak2,OnionNet-SCFT+Vina,1.0,NEF,,27.11,43.904,27.11,107,6607,67,29.416,0.979,47.546,0.635,43.904,0.339,0.33,,
kif11,OnionNet-SCFT+Vina,1.0,NEF,,42.88,71.405,42.88,116,6966,70,49.984,0.993,147.46,0.714,71.405,0.549,0.532,,
kit,OnionNet-SCFT+Vina,1.0,NEF,,7.24,11.321,7.24,166,10616,107,12.113,0.889,8.037,0.532,11.321,0.079,0.077,,
kith,OnionNet-SCFT+Vina,1.0,NEF,,28.14,55.176,28.14,57,2907,30,16.553,0.984,61.549,0.643,55.176,0.392,0.372,,
kpcb,OnionNet-SCFT+Vina,1.0,NEF,,38.64,59.042,38.64,135,8835,89,52.548,0.989,92.9,0.693,59.042,0.473,0.463,,
lck,OnionNet-SCFT+Vina,1.0,NEF,,15.47,23.355,15.47,420,27820,279,65.161,0.952,19.879,0.574,23.355,0.18,0.177,,
lkha4,OnionNet-SCFT+Vina,1.0,NEF,,26.37,46.869,26.37,171,9621,97,45.463,0.98,48.75,0.63,46.869,0.344,0.331,,
mapk2,OnionNet-SCFT+Vina,1.0,NEF,,27.94,45.144,27.94,101,6251,63,28.441,0.98,50.11,0.638,45.144,0.348,0.339,,
mcr,OnionNet-SCFT+Vina,1.0,NEF,,7.5,13.444,7.5,94,5244,53,7.125,0.895,8.51,0.533,13.444,0.089,0.085,,
met,OnionNet-SCFT+Vina,1.0,NEF,,6.03,8.768,6.03,166,11416,115,10.083,0.867,6.513,0.526,8.768,0.062,0.061,,
mk01,OnionNet-SCFT+Vina,1.0,NEF,,20.37,34.764,20.37,79,4629,47,16.339,0.968,30.692,0.6,34.764,0.258,0.25,,
mk10,OnionNet-SCFT+Vina,1.0,NEF,,7.7,11.945,7.7,104,6704,68,8.123,0.896,8.609,0.535,11.945,0.085,0.083,,
mk14,OnionNet-SCFT+Vina,1.0,NEF,,6.57,10.425,6.57,578,36428,365,38.05,0.878,7.218,0.528,10.425,0.071,0.069,,
mmp13,OnionNet-SCFT+Vina,1.0,NEF,,13.11,19.853,13.11,572,37772,378,75.045,0.942,16.11,0.562,19.853,0.151,0.148,,
mp2k1,OnionNet-SCFT+Vina,1.0,NEF,,0.82,1.2,0.82,121,8271,83,0.996,0.45,0.818,0.499,1.2,-0.002,-0.002,,
nos1,OnionNet-SCFT+Vina,1.0,NEF,,0.0,0.0,0.0,100,8150,82,0.0,0.0,0.0,0.495,0.0,-0.011,-0.011,,
nram,OnionNet-SCFT+Vina,1.0,NEF,,3.06,4.762,3.06,98,6298,63,3.0,0.76,3.163,0.51,4.762,0.026,0.025,,
pa2ga,OnionNet-SCFT+Vina,1.0,NEF,,37.7,71.105,37.7,99,5249,53,37.686,0.992,128.011,0.689,71.105,0.514,0.489,,
parp1,OnionNet-SCFT+Vina,1.0,NEF,,24.44,40.629,24.44,508,30558,306,124.326,0.976,40.481,0.619,40.629,0.307,0.297,,
pde5a,OnionNet-SCFT+Vina,1.0,NEF,,7.54,10.738,7.54,398,27948,280,30.065,0.893,8.327,0.533,10.738,0.079,0.078,,
pgh1,OnionNet-SCFT+Vina,1.0,NEF,,7.69,13.638,7.69,195,10995,110,15.002,0.897,8.747,0.534,13.638,0.09,0.087,,
pgh2,OnionNet-SCFT+Vina,1.0,NEF,,2.53,4.666,2.53,435,23585,236,11.012,0.723,2.605,0.508,4.666,0.021,0.02,,
plk1,OnionNet-SCFT+Vina,1.0,NEF,,0.94,1.456,0.94,107,6907,70,1.019,0.484,0.939,0.5,1.456,-0.001,-0.001,,
pnph,OnionNet-SCFT+Vina,1.0,NEF,,49.19,71.836,49.19,103,7053,71,51.003,0.994,172.103,0.746,71.836,0.592,0.581,,
ppara,OnionNet-SCFT+Vina,1.0,NEF,,24.43,46.087,24.43,373,19772,198,91.253,0.978,44.459,0.62,46.087,0.327,0.311,,
ppard,OnionNet-SCFT+Vina,1.0,NEF,,7.89,15.161,7.89,240,12490,125,18.951,0.901,9.121,0.535,15.161,0.097,0.092,,
pparg,OnionNet-SCFT+Vina,1.0,NEF,,23.38,43.887,23.38,484,25784,258,113.229,0.976,40.884,0.614,43.887,0.311,0.296,,
prgr,OnionNet-SCFT+Vina,1.0,NEF,,11.23,20.638,11.23,293,15943,160,33.022,0.933,13.89,0.552,20.638,0.141,0.135,,
ptn1,OnionNet-SCFT+Vina,1.0,NEF,,29.89,52.652,29.89,130,7380,74,38.962,0.984,62.016,0.647,52.652,0.389,0.374,,
pur2,OnionNet-SCFT+Vina,1.0,NEF,,54.88,99.782,54.88,50,2750,28,27.939,1.0,24696.0,0.779,99.782,0.744,0.713,,
pygm,OnionNet-SCFT+Vina,1.0,NEF,,0.0,0.0,0.0,77,4027,41,0.0,0.0,0.0,0.495,0.0,-0.014,-0.013,,
pyrd,OnionNet-SCFT+Vina,1.0,NEF,,16.11,27.255,16.11,111,6561,66,17.988,0.956,21.771,0.577,27.255,0.2,0.193,,
reni,OnionNet-SCFT+Vina,1.0,NEF,,18.16,26.744,18.16,104,7062,71,18.988,0.961,24.425,0.588,26.744,0.211,0.208,,
rock1,OnionNet-SCFT+Vina,1.0,NEF,,16.99,26.547,16.99,100,6400,64,16.99,0.958,22.769,0.581,26.547,0.202,0.197,,
rxra,OnionNet-SCFT+Vina,1.0,NEF,,45.58,84.324,45.58,131,7081,71,59.87,0.997,285.383,0.728,84.324,0.616,0.587,,
sahh,OnionNet-SCFT+Vina,1.0,NEF,,27.08,48.564,27.08,63,3513,36,17.483,0.981,51.703,0.636,48.564,0.359,0.345,,
src,OnionNet-SCFT+Vina,1.0,NEF,,3.05,4.563,3.05,524,35024,351,16.017,0.759,3.148,0.51,4.563,0.025,0.025,,
tgfr1,OnionNet-SCFT+Vina,1.0,NEF,,20.37,31.382,20.37,133,8633,87,27.302,0.967,29.229,0.599,31.382,0.244,0.239,,
thb,OnionNet-SCFT+Vina,1.0,NEF,,41.02,55.939,41.02,103,7553,76,42.514,0.989,91.828,0.704,55.939,0.474,0.469,,
thrb,OnionNet-SCFT+Vina,1.0,NEF,,10.2,17.121,10.2,461,27465,275,47.082,0.924,12.1,0.547,17.121,0.121,0.117,,
try1,OnionNet-SCFT+Vina,1.0,NEF,,38.92,66.121,38.92,449,26429,265,175.22,0.991,112.927,0.693,66.121,0.502,0.484,,
tryb1,OnionNet-SCFT+Vina,1.0,NEF,,14.85,28.184,14.85,148,7798,78,21.984,0.953,20.285,0.571,28.184,0.194,0.184,,
tysy,OnionNet-SCFT+Vina,1.0,NEF,,14.78,23.488,14.78,109,6859,69,16.206,0.95,19.01,0.57,23.488,0.177,0.172,,
urok,OnionNet-SCFT+Vina,1.0,NEF,,36.43,58.946,36.43,162,10012,101,59.535,0.989,87.301,0.682,58.946,0.459,0.446,,
vgfr2,OnionNet-SCFT+Vina,1.0,NEF,,5.14,8.29,5.14,409,25359,254,21.057,0.846,5.514,0.521,8.29,0.053,0.052,,
wee1,OnionNet-SCFT+Vina,1.0,NEF,,61.27,99.961,61.27,102,6252,63,62.975,1.0,153175.0,0.809,99.961,0.783,0.76,,
xiap,OnionNet-SCFT+Vina,1.0,NEF,,28.24,53.79,28.24,100,5250,53,28.509,0.984,59.949,0.64,53.79,0.383,0.364,,
aa2ar,OnionNet-SCFT+Gnina,1.0,NEF,,2.49,3.747,2.49,482,32032,321,12.027,0.718,2.548,0.508,3.747,0.019,0.018,,
abl1,OnionNet-SCFT+Gnina,1.0,NEF,,12.12,20.178,12.12,182,10932,110,22.196,0.937,14.931,0.557,20.178,0.146,0.141,,
ace,OnionNet-SCFT+Gnina,1.0,NEF,,24.17,39.669,24.17,282,17182,172,68.231,0.975,39.405,0.618,39.669,0.301,0.292,,
aces,OnionNet-SCFT+Gnina,1.0,NEF,,23.39,39.68,23.39,453,26703,268,106.342,0.974,38.119,0.614,39.68,0.296,0.286,,
ada,OnionNet-SCFT+Gnina,1.0,NEF,,23.84,39.999,23.84,93,5543,56,22.399,0.975,39.066,0.617,39.999,0.301,0.292,,
ada17,OnionNet-SCFT+Gnina,1.0,NEF,,1.13,1.65,1.13,532,36432,365,6.023,0.531,1.132,0.501,1.65,0.002,0.002,,
adrb1,OnionNet-SCFT+Gnina,1.0,NEF,,8.5,13.043,8.5,247,16097,161,20.999,0.906,9.625,0.538,13.043,0.094,0.092,,
adrb2,OnionNet-SCFT+Gnina,1.0,NEF,,8.67,13.149,8.67,231,15231,153,20.118,0.908,9.831,0.539,13.149,0.096,0.094,,
akt1,OnionNet-SCFT+Gnina,1.0,NEF,,16.06,28.105,16.06,293,16743,168,47.216,0.956,21.947,0.577,28.105,0.202,0.195,,
akt2,OnionNet-SCFT+Gnina,1.0,NEF,,24.82,41.384,24.82,117,7017,71,29.383,0.977,41.638,0.623,41.384,0.314,0.304,,
aldr,OnionNet-SCFT+Gnina,1.0,NEF,,11.26,19.547,11.26,159,9159,92,17.984,0.932,13.753,0.552,19.547,0.137,0.132,,
ampc,OnionNet-SCFT+Gnina,1.0,NEF,,18.62,30.841,18.62,48,2898,29,8.944,0.964,26.477,0.59,30.841,0.23,0.223,,
andr,OnionNet-SCFT+Gnina,1.0,NEF,,12.28,22.596,12.28,269,14619,147,33.216,0.94,15.573,0.558,22.596,0.156,0.149,,
aofb,OnionNet-SCFT+Gnina,1.0,NEF,,1.64,2.849,1.64,122,7022,71,2.023,0.624,1.659,0.503,2.849,0.009,0.008,,
bace1,OnionNet-SCFT+Gnina,1.0,NEF,,32.09,49.401,32.09,283,18383,184,90.899,0.984,62.444,0.658,49.401,0.391,0.382,,
braf,OnionNet-SCFT+Gnina,1.0,NEF,,19.07,28.694,19.07,152,10102,102,29.268,0.963,26.341,0.593,28.694,0.226,0.221,,
cah2,OnionNet-SCFT+Gnina,1.0,NEF,,51.06,79.338,51.06,492,31664,317,251.501,0.996,243.278,0.755,79.338,0.632,0.617,,
casp3,OnionNet-SCFT+Gnina,1.0,NEF,,2.01,3.67,2.01,199,10899,109,4.0,0.672,2.048,0.505,3.67,0.014,0.013,,
cdk2,OnionNet-SCFT+Gnina,1.0,NEF,,6.96,11.648,6.96,474,28324,284,33.079,0.886,7.746,0.53,11.648,0.078,0.076,,
comt,OnionNet-SCFT+Gnina,1.0,NEF,,17.03,17.945,17.03,41,3891,39,6.998,0.954,20.536,0.581,17.945,0.166,0.166,,
cp2c9,OnionNet-SCFT+Gnina,1.0,NEF,,12.44,19.72,12.44,120,7570,76,14.987,0.938,15.25,0.558,19.72,0.146,0.142,,
cp3a4,OnionNet-SCFT+Gnina,1.0,NEF,,5.87,8.337,5.87,170,11970,120,10.004,0.863,6.313,0.525,8.337,0.059,0.058,,
csf1r,OnionNet-SCFT+Gnina,1.0,NEF,,10.25,13.815,10.25,166,12316,124,17.131,0.921,11.733,0.547,13.815,0.109,0.108,,
cxcr4,OnionNet-SCFT+Gnina,1.0,NEF,,50.68,58.828,50.68,40,3446,35,20.59,0.992,121.663,0.755,58.828,0.545,0.544,,
def,OnionNet-SCFT+Gnina,1.0,NEF,,0.0,0.0,0.0,102,5802,59,0.0,0.0,0.0,0.495,0.0,-0.014,-0.013,,
dhi1,OnionNet-SCFT+Gnina,1.0,NEF,,0.91,1.526,0.91,330,19680,197,3.006,0.476,0.909,0.5,1.526,-0.001,-0.001,,
dpp4,OnionNet-SCFT+Gnina,1.0,NEF,,20.47,26.301,20.47,533,41483,415,109.15,0.965,27.418,0.599,26.301,0.223,0.222,,
drd3,OnionNet-SCFT+Gnina,1.0,NEF,,0.83,1.154,0.83,480,34530,346,3.992,0.453,0.828,0.499,1.154,-0.002,-0.002,,
dyr,OnionNet-SCFT+Gnina,1.0,NEF,,40.69,53.923,40.69,231,17431,175,94.366,0.989,87.139,0.702,53.923,0.463,0.459,,
egfr,OnionNet-SCFT+Gnina,1.0,NEF,,16.03,24.411,16.03,542,35592,356,86.902,0.954,20.884,0.576,24.411,0.188,0.184,,
esr1,OnionNet-SCFT+Gnina,1.0,NEF,,26.17,47.575,26.17,383,21068,211,100.383,0.98,49.011,0.628,47.575,0.344,0.329,,
esr2,OnionNet-SCFT+Gnina,1.0,NEF,,10.93,19.505,10.93,367,20566,206,40.179,0.93,13.336,0.551,19.505,0.135,0.129,,
fa10,OnionNet-SCFT+Gnina,1.0,NEF,,32.71,60.86,32.71,537,28862,289,175.884,0.988,82.016,0.662,60.86,0.439,0.418,,
fa7,OnionNet-SCFT+Gnina,1.0,NEF,,54.04,96.803,54.04,114,6364,64,61.954,0.999,1660.195,0.772,96.803,0.722,0.692,,
fabp4,OnionNet-SCFT+Gnina,1.0,NEF,,4.25,7.142,4.25,47,2797,28,2.0,0.818,4.5,0.517,7.142,0.043,0.041,,
fak1,OnionNet-SCFT+Gnina,1.0,NEF,,3.03,5.56,3.03,100,5450,55,3.058,0.759,3.15,0.51,5.56,0.028,0.027,,
fgfr1,OnionNet-SCFT+Gnina,1.0,NEF,,0.0,0.0,0.0,139,8839,89,0.0,0.0,0.0,0.495,0.0,-0.013,-0.012,,
fkb1a,OnionNet-SCFT+Gnina,1.0,NEF,,7.22,13.558,7.22,111,5911,60,8.135,0.891,8.196,0.532,13.558,0.087,0.083,,
fnta,OnionNet-SCFT+Gnina,1.0,NEF,,15.04,17.092,15.04,592,52092,521,89.05,0.947,17.934,0.571,17.092,0.151,0.151,,
fpps,OnionNet-SCFT+Gnina,1.0,NEF,,3.53,3.358,3.53,85,8935,90,3.022,0.783,3.618,0.513,3.556,0.025,0.025,,
gcr,OnionNet-SCFT+Gnina,1.0,NEF,,4.66,7.88,4.66,258,15258,153,12.056,0.833,4.973,0.519,7.88,0.048,0.047,,
glcm,OnionNet-SCFT+Gnina,1.0,NEF,,9.15,12.82,9.15,54,3854,39,5.0,0.912,10.349,0.542,12.82,0.098,0.097,,
gria2,OnionNet-SCFT+Gnina,1.0,NEF,,8.85,11.65,8.85,158,12003,121,14.096,0.908,9.885,0.54,11.65,0.091,0.091,,
grik1,OnionNet-SCFT+Gnina,1.0,NEF,,13.96,21.199,13.96,101,6651,67,14.203,0.946,17.447,0.566,21.199,0.162,0.159,,
hdac2,OnionNet-SCFT+Gnina,1.0,NEF,,2.7,4.764,2.7,185,10485,105,5.002,0.736,2.785,0.509,4.764,0.023,0.022,,
hdac8,OnionNet-SCFT+Gnina,1.0,NEF,,1.18,1.889,1.18,170,10620,107,2.021,0.542,1.183,0.501,1.889,0.002,0.002,,
hivint,OnionNet-SCFT+Gnina,1.0,NEF,,3.02,4.474,3.02,100,6750,68,3.042,0.757,3.115,0.51,4.474,0.025,0.025,,
hivpr,OnionNet-SCFT+Gnina,1.0,NEF,,10.27,15.17,10.27,536,36286,363,55.068,0.923,11.928,0.547,15.17,0.114,0.112,,
hivrt,OnionNet-SCFT+Gnina,1.0,NEF,,21.32,37.475,21.32,338,19229,193,72.328,0.971,33.499,0.604,37.475,0.274,0.263,,
hmdh,OnionNet-SCFT+Gnina,1.0,NEF,,37.7,71.85,37.7,170,8920,90,64.665,0.992,131.372,0.689,71.85,0.516,0.491,,
hs90a,OnionNet-SCFT+Gnina,1.0,NEF,,24.04,42.842,24.04,88,4938,50,21.421,0.976,41.309,0.619,42.842,0.314,0.301,,
hxk4,OnionNet-SCFT+Gnina,1.0,NEF,,17.35,33.31,17.35,92,4792,48,15.989,0.962,25.516,0.583,33.31,0.23,0.218,,
igf1r,OnionNet-SCFT+Gnina,1.0,NEF,,21.71,34.008,21.71,148,9448,95,32.308,0.97,32.383,0.606,34.008,0.263,0.257,,
inha,OnionNet-SCFT+Gnina,1.0,NEF,,0.0,0.0,0.0,43,2343,24,0.0,0.0,0.0,0.495,0.0,-0.014,-0.013,,
ital,OnionNet-SCFT+Gnina,1.0,NEF,,6.54,10.448,6.54,138,8638,87,9.09,0.878,7.186,0.528,10.448,0.071,0.069,,
jak2,OnionNet-SCFT+Gnina,1.0,NEF,,15.89,25.734,15.89,107,6607,67,17.242,0.955,21.049,0.577,25.734,0.193,0.188,,
kif11,OnionNet-SCFT+Gnina,1.0,NEF,,44.6,74.269,44.6,116,6966,70,51.989,0.994,170.447,0.723,74.269,0.572,0.553,,
kit,OnionNet-SCFT+Gnina,1.0,NEF,,1.21,1.892,1.21,166,10616,107,2.024,0.548,1.214,0.501,1.892,0.003,0.003,,
kith,OnionNet-SCFT+Gnina,1.0,NEF,,29.9,58.627,29.9,57,2907,30,17.588,0.986,70.853,0.652,58.627,0.417,0.396,,
kpcb,OnionNet-SCFT+Gnina,1.0,NEF,,31.95,48.82,31.95,135,8835,89,43.45,0.984,61.473,0.658,48.82,0.389,0.38,,
lck,OnionNet-SCFT+Gnina,1.0,NEF,,11.9,17.965,11.9,420,27820,279,50.124,0.935,14.287,0.555,17.965,0.136,0.133,,
lkha4,OnionNet-SCFT+Gnina,1.0,NEF,,28.13,49.997,28.13,171,9621,97,48.497,0.982,55.257,0.639,49.997,0.368,0.354,,
mapk2,OnionNet-SCFT+Gnina,1.0,NEF,,4.99,8.063,4.99,101,6251,63,5.079,0.842,5.34,0.52,8.063,0.052,0.05,,
mcr,OnionNet-SCFT+Gnina,1.0,NEF,,10.72,19.216,10.72,94,5244,53,10.184,0.929,13.032,0.55,19.216,0.133,0.127,,
met,OnionNet-SCFT+Gnina,1.0,NEF,,37.37,54.34,37.37,166,11416,115,62.491,0.988,80.653,0.686,54.34,0.446,0.438,,
mk01,OnionNet-SCFT+Gnina,1.0,NEF,,26.74,45.635,26.74,79,4629,47,21.449,0.98,48.347,0.633,45.635,0.344,0.332,,
mk10,OnionNet-SCFT+Gnina,1.0,NEF,,5.77,8.951,5.77,104,6704,68,6.087,0.862,6.239,0.525,8.951,0.061,0.059,,
mk14,OnionNet-SCFT+Gnina,1.0,NEF,,11.41,18.104,11.41,578,36428,365,66.08,0.932,13.711,0.553,18.104,0.133,0.129,,
mmp13,OnionNet-SCFT+Gnina,1.0,NEF,,25.17,38.116,25.17,572,37772,378,144.079,0.976,40.057,0.623,38.116,0.301,0.295,,
mp2k1,OnionNet-SCFT+Gnina,1.0,NEF,,4.12,6.027,4.12,121,8271,83,5.003,0.812,4.32,0.516,6.027,0.038,0.038,,
nos1,OnionNet-SCFT+Gnina,1.0,NEF,,2.98,3.656,2.98,100,8150,82,2.998,0.753,3.055,0.51,3.656,0.022,0.022,,
nram,OnionNet-SCFT+Gnina,1.0,NEF,,29.58,46.028,29.58,98,6298,63,28.998,0.982,53.953,0.645,46.028,0.361,0.352,,
pa2ga,OnionNet-SCFT+Gnina,1.0,NEF,,51.96,98.0,51.96,99,5249,53,51.94,1.0,2549.486,0.762,98.0,0.714,0.679,,
parp1,OnionNet-SCFT+Gnina,1.0,NEF,,18.14,30.156,18.14,508,30558,306,92.278,0.962,25.54,0.587,30.156,0.224,0.217,,
pde5a,OnionNet-SCFT+Gnina,1.0,NEF,,3.52,5.013,3.52,398,27948,280,14.036,0.785,3.653,0.513,5.013,0.03,0.03,,
pgh1,OnionNet-SCFT+Gnina,1.0,NEF,,6.15,10.907,6.15,195,10995,110,11.998,0.871,6.78,0.526,10.907,0.07,0.067,,
pgh2,OnionNet-SCFT+Gnina,1.0,NEF,,0.92,1.697,0.92,435,23585,236,4.005,0.479,0.919,0.5,1.697,-0.001,-0.001,,
plk1,OnionNet-SCFT+Gnina,1.0,NEF,,15.9,24.632,15.9,107,6907,70,17.242,0.954,20.77,0.577,24.632,0.189,0.185,,
pnph,OnionNet-SCFT+Gnina,1.0,NEF,,57.87,84.512,57.87,103,7053,71,60.003,0.997,368.18,0.79,84.512,0.698,0.686,,
ppara,OnionNet-SCFT+Gnina,1.0,NEF,,19.87,37.485,19.87,373,19772,198,74.22,0.969,31.185,0.596,37.485,0.263,0.25,,
ppard,OnionNet-SCFT+Gnina,1.0,NEF,,27.83,53.476,27.83,240,12490,125,66.845,0.983,58.67,0.637,53.476,0.378,0.358,,
pparg,OnionNet-SCFT+Gnina,1.0,NEF,,28.14,52.823,28.14,484,25784,258,136.282,0.983,58.527,0.638,52.823,0.377,0.359,,
prgr,OnionNet-SCFT+Gnina,1.0,NEF,,10.26,18.856,10.26,293,15943,160,30.169,0.925,12.412,0.547,18.856,0.128,0.122,,
ptn1,OnionNet-SCFT+Gnina,1.0,NEF,,32.96,58.06,32.96,130,7380,74,42.964,0.987,77.203,0.663,58.06,0.431,0.414,,
pur2,OnionNet-SCFT+Gnina,1.0,NEF,,54.88,99.782,54.88,50,2750,28,27.939,1.0,24696.0,0.779,99.782,0.744,0.713,,
pygm,OnionNet-SCFT+Gnina,1.0,NEF,,0.0,0.0,0.0,77,4027,41,0.0,0.0,0.0,0.495,0.0,-0.014,-0.013,,
pyrd,OnionNet-SCFT+Gnina,1.0,NEF,,6.27,10.608,6.27,111,6561,66,7.001,0.873,6.895,0.527,10.608,0.07,0.067,,
reni,OnionNet-SCFT+Gnina,1.0,NEF,,21.99,32.384,21.99,104,7062,71,22.993,0.97,32.043,0.607,32.384,0.259,0.254,,
rock1,OnionNet-SCFT+Gnina,1.0,NEF,,25.99,40.609,25.99,100,6400,64,25.99,0.977,43.077,0.627,40.609,0.316,0.309,,
rxra,OnionNet-SCFT+Gnina,1.0,NEF,,44.06,81.512,44.06,131,7081,71,57.873,0.996,233.907,0.72,81.512,0.595,0.567,,
sahh,OnionNet-SCFT+Gnina,1.0,NEF,,0.0,0.0,0.0,63,3513,36,0.0,0.0,0.0,0.495,0.0,-0.014,-0.013,,
src,OnionNet-SCFT+Gnina,1.0,NEF,,1.34,2.005,1.34,524,35024,351,7.037,0.574,1.347,0.502,2.005,0.004,0.004,,
tgfr1,OnionNet-SCFT+Gnina,1.0,NEF,,24.15,37.205,24.15,133,8633,87,32.369,0.974,37.866,0.618,37.205,0.292,0.286,,
thb,OnionNet-SCFT+Gnina,1.0,NEF,,54.69,74.581,54.69,103,7553,76,56.681,0.995,212.216,0.774,74.581,0.636,0.629,,
thrb,OnionNet-SCFT+Gnina,1.0,NEF,,5.64,9.467,5.64,461,27465,275,26.034,0.86,6.125,0.524,9.467,0.061,0.059,,
try1,OnionNet-SCFT+Gnina,1.0,NEF,,47.15,80.103,47.15,449,26429,265,212.272,0.996,232.941,0.735,80.103,0.611,0.589,,
tryb1,OnionNet-SCFT+Gnina,1.0,NEF,,21.6,40.995,21.6,148,7798,78,31.976,0.973,35.912,0.605,40.995,0.288,0.273,,
tysy,OnionNet-SCFT+Gnina,1.0,NEF,,17.55,27.89,17.55,109,6859,69,19.244,0.96,23.951,0.585,27.89,0.212,0.206,,
urok,OnionNet-SCFT+Gnina,1.0,NEF,,45.08,72.942,45.08,162,10012,101,73.671,0.994,163.91,0.726,72.942,0.571,0.555,,
vgfr2,OnionNet-SCFT+Gnina,1.0,NEF,,17.38,28.031,17.38,409,25359,254,71.199,0.96,23.76,0.583,28.031,0.211,0.205,,
wee1,OnionNet-SCFT+Gnina,1.0,NEF,,61.27,99.961,61.27,102,6252,63,62.975,1.0,153175.0,0.809,99.961,0.783,0.76,,
xiap,OnionNet-SCFT+Gnina,1.0,NEF,,46.4,88.381,46.4,100,5250,53,46.842,0.997,391.738,0.734,88.381,0.639,0.607,,
aa2ar,GlideSP/GlideSP,1.0,NEF,,13.98,21.036,13.98,482,32032,321,67.527,0.946,17.438,0.566,21.036,0.161,0.158,0.806,0.346
abl1,GlideSP/GlideSP,1.0,NEF,,16.07,26.754,16.07,182,10932,110,29.429,0.956,21.574,0.577,26.754,0.198,0.191,0.761,0.371
ace,GlideSP/GlideSP,1.0,NEF,,18.85,30.938,18.85,282,17182,172,53.213,0.964,26.846,0.591,30.938,0.232,0.225,0.839,0.63
aces,GlideSP/GlideSP,1.0,NEF,,8.27,14.03,8.27,453,26703,268,37.599,0.904,9.456,0.537,14.03,0.096,0.093,0.604,0.195
ada,GlideSP/GlideSP,1.0,NEF,,2.26,3.792,2.26,93,5543,56,2.123,0.698,2.31,0.506,3.792,0.017,0.016,0.511,0.101
ada17,GlideSP/GlideSP,1.0,NEF,,23.91,34.915,23.91,532,36432,365,127.439,0.973,36.2,0.616,34.915,0.281,0.276,0.848,0.519
adrb1,GlideSP/GlideSP,1.0,NEF,,9.78,15.007,9.78,247,16097,161,24.161,0.919,11.33,0.545,15.007,0.11,0.108,0.74,0.262
adrb2,GlideSP/GlideSP,1.0,NEF,,17.87,27.102,17.87,231,15231,153,41.467,0.96,24.142,0.586,27.102,0.211,0.206,0.806,0.464
akt1,GlideSP/GlideSP,1.0,NEF,,9.69,16.957,9.69,293,16743,168,28.488,0.92,11.465,0.544,16.957,0.117,0.112,0.74,0.236
akt2,GlideSP/GlideSP,1.0,NEF,,14.26,23.777,14.26,117,7017,71,16.882,0.948,18.396,0.568,23.777,0.175,0.169,0.785,0.363
aldr,GlideSP/GlideSP,1.0,NEF,,24.63,42.758,24.63,159,9159,92,39.337,0.977,42.281,0.621,42.758,0.316,0.305,0.766,0.478
ampc,GlideSP/GlideSP,1.0,NEF,,3.17,5.251,3.17,48,2898,29,1.523,0.767,3.29,0.511,5.251,0.028,0.027,0.625,0.063
andr,GlideSP/GlideSP,1.0,NEF,,19.77,36.378,19.77,269,14619,147,53.476,0.968,30.502,0.596,36.378,0.259,0.247,0.829,0.5
aofb,GlideSP/GlideSP,1.0,NEF,,3.59,6.237,3.59,122,7022,71,4.428,0.79,3.762,0.513,6.237,0.035,0.034,0.712,0.133
bace1,GlideSP/GlideSP,1.0,NEF,,8.73,13.44,8.73,283,18383,184,24.729,0.909,9.93,0.539,13.44,0.097,0.095,0.731,0.212
braf,GlideSP/GlideSP,1.0,NEF,,24.29,36.548,24.29,152,10102,102,37.279,0.974,37.705,0.619,36.548,0.291,0.285,0.85,0.535
cah2,GlideSP/GlideSP,1.0,NEF,,0.73,1.134,0.73,492,31664,317,3.596,0.421,0.727,0.499,1.134,-0.003,-0.003,0.493,0.023
casp3,GlideSP/GlideSP,1.0,NEF,,19.69,35.951,19.69,199,10899,109,39.187,0.968,30.181,0.595,35.951,0.256,0.245,0.772,0.507
cdk2,GlideSP/GlideSP,1.0,NEF,,16.19,27.094,16.19,474,28324,284,76.947,0.956,21.835,0.577,27.094,0.199,0.193,0.839,0.421
comt,GlideSP/GlideSP,1.0,NEF,,0.0,0.0,0.0,41,3891,39,0.0,0.0,0.0,0.495,0.0,-0.01,-0.01,0.712,0.009
cp2c9,GlideSP/GlideSP,1.0,NEF,,3.84,6.087,3.84,120,7570,76,4.626,0.801,4.024,0.514,6.087,0.036,0.035,0.577,0.076
cp3a4,GlideSP/GlideSP,1.0,NEF,,2.01,2.855,2.01,170,11970,120,3.426,0.671,2.04,0.505,2.855,0.012,0.012,0.609,0.08
csf1r,GlideSP/GlideSP,1.0,NEF,,18.41,24.814,18.41,166,12316,124,30.769,0.96,24.156,0.589,24.814,0.205,0.203,0.742,0.352
cxcr4,GlideSP/GlideSP,1.0,NEF,,0.0,0.0,0.0,40,3446,35,0.0,0.0,0.0,0.495,0.0,-0.011,-0.011,0.525,0.003
def,GlideSP/GlideSP,1.0,NEF,,18.2,31.996,18.2,102,5802,59,18.878,0.963,26.293,0.589,31.996,0.233,0.225,0.943,0.51
dhi1,GlideSP/GlideSP,1.0,NEF,,8.17,13.7,8.17,330,19680,197,26.988,0.903,9.308,0.536,13.7,0.094,0.091,0.696,0.203
dpp4,GlideSP/GlideSP,1.0,NEF,,15.65,20.108,15.65,533,41483,415,83.449,0.951,19.337,0.574,20.108,0.168,0.167,0.711,0.362
drd3,GlideSP/GlideSP,1.0,NEF,,1.83,2.544,1.83,480,34530,346,8.802,0.649,1.852,0.504,2.544,0.01,0.01,0.655,0.057
dyr,GlideSP/GlideSP,1.0,NEF,,14.05,18.619,14.05,231,17431,175,32.584,0.945,17.036,0.566,18.619,0.152,0.151,0.709,0.361
egfr,GlideSP/GlideSP,1.0,NEF,,19.59,29.832,19.59,542,35592,356,106.202,0.965,27.494,0.594,29.832,0.232,0.227,0.782,0.403
esr1,GlideSP/GlideSP,1.0,NEF,,34.09,61.973,34.09,383,21068,211,130.763,0.989,88.017,0.669,61.973,0.453,0.433,0.845,0.818
esr2,GlideSP/GlideSP,1.0,NEF,,33.5,59.781,33.5,367,20566,206,123.148,0.988,81.807,0.666,59.781,0.441,0.422,0.881,0.829
fa10,GlideSP/GlideSP,1.0,NEF,,24.38,45.361,24.38,537,28862,289,131.093,0.978,43.79,0.619,45.361,0.324,0.308,0.901,0.802
fa7,GlideSP/GlideSP,1.0,NEF,,32.52,58.254,32.52,114,6364,64,37.283,0.987,76.504,0.661,58.254,0.429,0.411,0.959,0.872
fabp4,GlideSP/GlideSP,1.0,NEF,,41.43,69.618,41.43,47,2797,28,19.493,0.993,134.071,0.706,69.618,0.532,0.514,0.887,0.751
fak1,GlideSP/GlideSP,1.0,NEF,,31.82,58.385,31.82,100,5450,55,32.112,0.987,75.06,0.658,58.385,0.425,0.407,0.817,0.583
fgfr1,GlideSP/GlideSP,1.0,NEF,,0.44,0.692,0.44,139,8839,89,0.616,0.304,0.436,0.497,0.692,-0.007,-0.007,0.501,0.2
fkb1a,GlideSP/GlideSP,1.0,NEF,,6.93,13.014,6.93,111,5911,60,7.808,0.887,7.817,0.531,13.014,0.083,0.079,0.586,0.237
fnta,GlideSP/GlideSP,1.0,NEF,,2.06,2.341,2.06,592,52092,521,12.197,0.676,2.085,0.505,2.341,0.011,0.011,0.549,0.069
fpps,GlideSP/GlideSP,1.0,NEF,,0.96,0.913,0.96,85,8935,90,0.822,0.49,0.96,0.5,0.967,-0.0,-0.0,0.53,0.02
gcr,GlideSP/GlideSP,1.0,NEF,,14.65,24.772,14.65,258,15258,153,37.901,0.95,19.145,0.57,24.772,0.18,0.174,0.713,0.311
glcm,GlideSP/GlideSP,1.0,NEF,,6.99,9.794,6.99,54,3854,39,3.82,0.884,7.64,0.531,9.794,0.072,0.071,0.681,0.416
gria2,GlideSP/GlideSP,1.0,NEF,,2.06,2.712,2.06,158,12003,121,3.281,0.676,2.09,0.505,2.712,0.012,0.012,0.642,0.079
grik1,GlideSP/GlideSP,1.0,NEF,,8.47,12.862,8.47,101,6651,67,8.618,0.905,9.573,0.538,12.862,0.094,0.092,0.825,0.211
hdac2,GlideSP/GlideSP,1.0,NEF,,17.32,30.56,17.32,185,10485,105,32.088,0.961,24.502,0.583,30.56,0.22,0.211,0.812,0.337
hdac8,GlideSP/GlideSP,1.0,NEF,,7.14,11.429,7.14,170,10620,107,12.229,0.888,7.932,0.531,11.429,0.079,0.077,0.907,0.157
hivint,GlideSP/GlideSP,1.0,NEF,,2.36,3.496,2.36,100,6750,68,2.377,0.707,2.409,0.507,3.496,0.017,0.017,0.671,0.085
hivpr,GlideSP/GlideSP,1.0,NEF,,4.16,6.145,4.16,536,36286,363,22.306,0.814,4.367,0.516,6.145,0.039,0.038,0.585,0.137
hivrt,GlideSP/GlideSP,1.0,NEF,,17.38,30.55,17.38,338,19229,193,58.961,0.961,24.585,0.584,30.55,0.221,0.212,0.76,0.412
hmdh,GlideSP/GlideSP,1.0,NEF,,21.37,40.728,21.37,170,8920,90,36.655,0.973,35.367,0.605,40.728,0.287,0.272,0.824,0.561
hs90a,GlideSP/GlideSP,1.0,NEF,,0.83,1.479,0.83,88,4938,50,0.74,0.453,0.827,0.499,1.479,-0.002,-0.002,0.668,0.075
hxk4,GlideSP/GlideSP,1.0,NEF,,16.52,31.716,16.52,92,4792,48,15.224,0.96,23.729,0.579,31.716,0.218,0.207,0.63,0.327
igf1r,GlideSP/GlideSP,1.0,NEF,,20.39,31.94,20.39,148,9448,95,30.343,0.967,29.49,0.599,31.94,0.247,0.24,0.78,0.417
inha,GlideSP/GlideSP,1.0,NEF,,18.68,34.283,18.68,43,2343,24,8.228,0.965,27.903,0.592,34.283,0.246,0.236,0.624,0.375
ital,GlideSP/GlideSP,1.0,NEF,,7.86,12.557,7.86,138,8638,87,10.925,0.898,8.845,0.535,12.557,0.088,0.086,0.652,0.176
jak2,GlideSP/GlideSP,1.0,NEF,,23.11,37.427,23.11,107,6607,67,25.076,0.973,36.334,0.614,37.427,0.287,0.279,0.892,0.528
kif11,GlideSP/GlideSP,1.0,NEF,,20.77,34.587,20.77,116,6966,70,24.211,0.969,31.223,0.601,34.587,0.259,0.251,0.869,0.522
kit,GlideSP/GlideSP,1.0,NEF,,4.78,7.474,4.78,166,10616,107,7.998,0.836,5.085,0.519,7.474,0.048,0.047,0.687,0.113
kith,GlideSP/GlideSP,1.0,NEF,,22.6,44.314,22.6,57,2907,30,13.294,0.975,39.789,0.614,44.314,0.312,0.296,0.895,0.934
kpcb,GlideSP/GlideSP,1.0,NEF,,33.8,51.647,33.8,135,8835,89,45.966,0.986,68.834,0.668,51.647,0.412,0.403,0.758,0.647
lck,GlideSP/GlideSP,1.0,NEF,,22.71,34.285,22.71,420,27820,279,95.656,0.971,34.037,0.611,34.285,0.271,0.265,0.837,0.496
lkha4,GlideSP/GlideSP,1.0,NEF,,16.99,30.197,16.99,171,9621,97,29.291,0.96,23.907,0.582,30.197,0.217,0.208,0.877,0.452
mapk2,GlideSP/GlideSP,1.0,NEF,,21.87,35.336,21.87,101,6251,63,22.262,0.971,33.275,0.607,35.336,0.27,0.262,0.819,0.623
mcr,GlideSP/GlideSP,1.0,NEF,,19.53,35.008,19.53,94,5244,53,18.554,0.967,29.511,0.595,35.008,0.253,0.243,0.791,0.471
met,GlideSP/GlideSP,1.0,NEF,,38.22,55.576,38.22,166,11416,115,63.912,0.988,84.783,0.69,55.576,0.456,0.448,0.88,0.659
mk01,GlideSP/GlideSP,1.0,NEF,,5.73,9.779,5.73,79,4629,47,4.596,0.862,6.243,0.524,9.779,0.063,0.061,0.853,0.202
mk10,GlideSP/GlideSP,1.0,NEF,,5.92,9.184,5.92,104,6704,68,6.245,0.865,6.418,0.525,9.184,0.063,0.061,0.745,0.151
mk14,GlideSP/GlideSP,1.0,NEF,,15.31,24.292,15.31,578,36428,365,88.667,0.952,19.902,0.573,24.292,0.183,0.178,0.633,0.329
mmp13,GlideSP/GlideSP,1.0,NEF,,20.71,31.362,20.71,572,37772,378,118.549,0.967,29.716,0.6,31.362,0.246,0.24,0.761,0.453
mp2k1,GlideSP/GlideSP,1.0,NEF,,1.66,2.428,1.66,121,8271,83,2.016,0.626,1.676,0.503,2.428,0.008,0.008,0.715,0.086
nos1,GlideSP/GlideSP,1.0,NEF,,1.71,2.098,1.71,100,8150,82,1.72,0.633,1.725,0.504,2.098,0.008,0.008,0.558,0.05
nram,GlideSP/GlideSP,1.0,NEF,,23.54,36.629,23.54,98,6298,63,23.077,0.973,36.569,0.615,36.629,0.285,0.278,0.85,0.683
pa2ga,GlideSP/GlideSP,1.0,NEF,,31.64,59.675,31.64,99,5249,53,31.628,0.987,76.983,0.658,59.675,0.429,0.408,0.729,0.573
parp1,GlideSP/GlideSP,1.0,NEF,,38.01,63.188,38.01,508,30558,306,193.356,0.99,101.539,0.688,63.188,0.484,0.468,0.952,0.836
pde5a,GlideSP/GlideSP,1.0,NEF,,1.48,2.108,1.48,398,27948,280,5.901,0.598,1.49,0.502,2.108,0.006,0.006,0.716,0.043
pgh1,GlideSP/GlideSP,1.0,NEF,,9.0,15.962,9.0,195,10995,110,17.558,0.913,10.519,0.541,15.962,0.108,0.104,0.714,0.218
pgh2,GlideSP/GlideSP,1.0,NEF,,28.24,52.086,28.24,435,23585,236,122.922,0.983,57.851,0.639,52.086,0.375,0.358,0.794,0.568
plk1,GlideSP/GlideSP,1.0,NEF,,33.98,52.64,33.98,107,6907,70,36.848,0.986,70.637,0.67,52.64,0.419,0.409,0.894,0.645
pnph,GlideSP/GlideSP,1.0,NEF,,23.56,34.406,23.56,103,7053,71,24.429,0.973,35.394,0.615,34.406,0.277,0.272,0.916,0.677
ppara,GlideSP/GlideSP,1.0,NEF,,13.57,25.6,13.57,373,19772,198,50.688,0.947,17.895,0.564,25.6,0.175,0.167,0.825,0.41
ppard,GlideSP/GlideSP,1.0,NEF,,15.31,29.419,15.31,240,12490,125,36.773,0.955,21.275,0.573,29.419,0.201,0.191,0.823,0.34
pparg,GlideSP/GlideSP,1.0,NEF,,15.91,29.865,15.91,484,25784,258,77.052,0.957,22.259,0.576,29.865,0.207,0.197,0.814,0.409
prgr,GlideSP/GlideSP,1.0,NEF,,23.72,43.593,23.72,293,15943,160,69.748,0.976,41.278,0.616,43.593,0.313,0.299,0.877,0.52
ptn1,GlideSP/GlideSP,1.0,NEF,,16.08,28.325,16.08,130,7380,74,20.961,0.957,22.039,0.577,28.325,0.203,0.195,0.834,0.496
pur2,GlideSP/GlideSP,1.0,NEF,,14.36,26.109,14.36,50,2750,28,7.311,0.95,19.081,0.569,26.109,0.184,0.177,0.978,1.019
pygm,GlideSP/GlideSP,1.0,NEF,,0.0,0.0,0.0,77,4027,41,0.0,0.0,0.0,0.495,0.0,-0.014,-0.013,0.599,0.032
pyrd,GlideSP/GlideSP,1.0,NEF,,35.81,60.584,35.81,111,6561,66,39.985,0.989,89.314,0.678,60.584,0.46,0.445,0.84,0.637
reni,GlideSP/GlideSP,1.0,NEF,,12.88,18.968,12.88,104,7062,71,13.467,0.94,15.661,0.561,18.968,0.146,0.144,0.772,0.53
rock1,GlideSP/GlideSP,1.0,NEF,,13.31,20.797,13.31,100,6400,64,13.31,0.943,16.542,0.563,20.797,0.156,0.152,0.784,0.37
rxra,GlideSP/GlideSP,1.0,NEF,,34.4,63.641,34.4,131,7081,71,45.185,0.989,92.861,0.671,63.641,0.461,0.44,0.942,0.871
sahh,GlideSP/GlideSP,1.0,NEF,,14.52,26.039,14.52,63,3513,36,9.374,0.951,19.28,0.571,26.039,0.186,0.179,0.983,1.028
src,GlideSP/GlideSP,1.0,NEF,,14.55,21.769,14.55,524,35024,351,76.407,0.948,18.32,0.569,21.769,0.168,0.165,0.754,0.294
tgfr1,GlideSP/GlideSP,1.0,NEF,,17.05,26.267,17.05,133,8633,87,22.852,0.958,22.768,0.582,26.267,0.203,0.198,0.866,0.463
thb,GlideSP/GlideSP,1.0,NEF,,20.82,28.392,20.82,103,7553,76,21.578,0.966,28.679,0.601,28.392,0.235,0.232,0.813,0.52
thrb,GlideSP/GlideSP,1.0,NEF,,18.2,30.549,18.2,461,27465,275,84.009,0.963,25.766,0.588,30.549,0.226,0.218,0.82,0.472
try1,GlideSP/GlideSP,1.0,NEF,,12.99,22.069,12.99,449,26429,265,58.482,0.942,16.385,0.561,22.069,0.159,0.153,0.774,0.336
tryb1,GlideSP/GlideSP,1.0,NEF,,14.57,27.653,14.57,148,7798,78,21.569,0.952,19.757,0.569,27.653,0.19,0.18,0.817,0.289
tysy,GlideSP/GlideSP,1.0,NEF,,16.08,25.554,16.08,109,6859,69,17.632,0.955,21.256,0.577,25.554,0.193,0.188,0.828,0.555
urok,GlideSP/GlideSP,1.0,NEF,,30.35,49.108,30.35,162,10012,101,49.599,0.983,58.671,0.65,49.108,0.38,0.369,0.853,0.782
vgfr2,GlideSP/GlideSP,1.0,NEF,,13.27,21.402,13.27,409,25359,254,54.362,0.943,16.611,0.562,21.402,0.158,0.154,0.682,0.347
wee1,GlideSP/GlideSP,1.0,NEF,,45.48,74.2,45.48,102,6252,63,46.746,0.994,173.401,0.728,74.2,0.578,0.561,0.992,0.999
xiap,GlideSP/GlideSP,1.0,NEF,,40.68,77.486,40.68,100,5250,53,41.067,0.994,177.244,0.704,77.486,0.558,0.531,0.887,0.832
aa2ar,ΔVinaRF20/GlideSP,1.0,NEF,,0.48,0.722,0.48,482,32032,321,2.319,0.323,0.476,0.497,0.722,-0.006,-0.006,0.569,0.019
abl1,ΔVinaRF20/GlideSP,1.0,NEF,,7.76,12.919,7.76,182,10932,110,14.211,0.898,8.763,0.535,12.919,0.089,0.086,0.698,0.236
ace,ΔVinaRF20/GlideSP,1.0,NEF,,3.53,5.794,3.53,282,17182,172,9.965,0.787,3.686,0.513,5.794,0.033,0.032,0.526,0.132
aces,ΔVinaRF20/GlideSP,1.0,NEF,,6.9,11.705,6.9,453,26703,268,31.371,0.885,7.682,0.53,11.705,0.078,0.075,0.655,0.166
ada,ΔVinaRF20/GlideSP,1.0,NEF,,0.76,1.275,0.76,93,5543,56,0.714,0.431,0.757,0.499,1.275,-0.003,-0.003,0.609,0.053
ada17,ΔVinaRF20/GlideSP,1.0,NEF,,20.42,29.818,20.42,532,36432,365,108.837,0.966,28.671,0.599,29.818,0.238,0.234,0.763,0.42
adrb1,ΔVinaRF20/GlideSP,1.0,NEF,,0.67,1.028,0.67,247,16097,161,1.655,0.4,0.667,0.498,1.028,-0.004,-0.004,0.605,0.033
adrb2,ΔVinaRF20/GlideSP,1.0,NEF,,2.14,3.246,2.14,231,15231,153,4.966,0.685,2.178,0.506,3.246,0.014,0.014,0.655,0.066
akt1,ΔVinaRF20/GlideSP,1.0,NEF,,3.09,5.407,3.09,293,16743,168,9.085,0.762,3.209,0.511,5.407,0.028,0.027,0.756,0.084
akt2,ΔVinaRF20/GlideSP,1.0,NEF,,5.99,9.988,5.99,117,7017,71,7.091,0.867,6.544,0.526,9.988,0.066,0.064,0.763,0.197
aldr,ΔVinaRF20/GlideSP,1.0,NEF,,6.49,11.267,6.49,159,9159,92,10.365,0.878,7.187,0.528,11.267,0.074,0.071,0.622,0.153
ampc,ΔVinaRF20/GlideSP,1.0,NEF,,0.0,0.0,0.0,48,2898,29,0.0,0.0,0.0,0.495,0.0,-0.013,-0.013,0.515,0.0
andr,ΔVinaRF20/GlideSP,1.0,NEF,,8.3,15.273,8.3,269,14619,147,22.451,0.906,9.616,0.537,15.273,0.101,0.096,0.625,0.222
aofb,ΔVinaRF20/GlideSP,1.0,NEF,,5.73,9.955,5.73,122,7022,71,7.068,0.862,6.253,0.524,9.955,0.064,0.061,0.683,0.148
bace1,ΔVinaRF20/GlideSP,1.0,NEF,,6.4,9.853,6.4,283,18383,184,18.129,0.875,6.99,0.527,9.853,0.068,0.066,0.651,0.154
braf,ΔVinaRF20/GlideSP,1.0,NEF,,8.55,12.865,8.55,152,10102,102,13.122,0.906,9.665,0.539,12.865,0.094,0.092,0.81,0.202
cah2,ΔVinaRF20/GlideSP,1.0,NEF,,1.19,1.849,1.19,492,31664,317,5.861,0.544,1.194,0.501,1.849,0.002,0.002,0.464,0.031
casp3,ΔVinaRF20/GlideSP,1.0,NEF,,3.14,5.733,3.14,199,10899,109,6.249,0.766,3.27,0.511,5.733,0.029,0.028,0.672,0.117
cdk2,ΔVinaRF20/GlideSP,1.0,NEF,,8.54,14.292,8.54,474,28324,284,40.588,0.907,9.797,0.538,14.292,0.099,0.096,0.67,0.203
comt,ΔVinaRF20/GlideSP,1.0,NEF,,0.0,0.0,0.0,41,3891,39,0.0,0.0,0.0,0.495,0.0,-0.01,-0.01,0.742,0.022
cp2c9,ΔVinaRF20/GlideSP,1.0,NEF,,2.2,3.487,2.2,120,7570,76,2.65,0.692,2.243,0.506,3.487,0.015,0.015,0.559,0.064
cp3a4,ΔVinaRF20/GlideSP,1.0,NEF,,2.14,3.039,2.14,170,11970,120,3.647,0.685,2.176,0.506,3.039,0.014,0.014,0.545,0.056
csf1r,ΔVinaRF20/GlideSP,1.0,NEF,,7.92,10.675,7.92,166,12316,124,13.237,0.897,8.747,0.535,10.675,0.082,0.081,0.693,0.179
cxcr4,ΔVinaRF20/GlideSP,1.0,NEF,,0.0,0.0,0.0,40,3446,35,0.0,0.0,0.0,0.495,0.0,-0.011,-0.011,0.602,0.008
def,ΔVinaRF20/GlideSP,1.0,NEF,,20.75,36.479,20.75,102,5802,59,21.522,0.97,32.092,0.602,36.479,0.268,0.258,0.879,0.501
dhi1,ΔVinaRF20/GlideSP,1.0,NEF,,6.39,10.715,6.39,330,19680,197,21.108,0.876,7.037,0.527,10.715,0.071,0.068,0.773,0.184
dpp4,ΔVinaRF20/GlideSP,1.0,NEF,,4.01,5.152,4.01,533,41483,415,21.382,0.807,4.174,0.515,5.152,0.035,0.034,0.7,0.106
drd3,ΔVinaRF20/GlideSP,1.0,NEF,,1.53,2.127,1.53,480,34530,346,7.359,0.607,1.542,0.503,2.127,0.006,0.006,0.63,0.044
dyr,ΔVinaRF20/GlideSP,1.0,NEF,,3.64,4.824,3.64,231,17431,175,8.442,0.791,3.774,0.513,4.824,0.031,0.031,0.638,0.129
egfr,ΔVinaRF20/GlideSP,1.0,NEF,,3.6,5.482,3.6,542,35592,356,19.516,0.79,3.751,0.513,5.482,0.032,0.032,0.659,0.092
esr1,ΔVinaRF20/GlideSP,1.0,NEF,,24.36,44.285,24.36,383,21068,211,93.441,0.977,42.927,0.619,44.285,0.32,0.306,0.819,0.589
esr2,ΔVinaRF20/GlideSP,1.0,NEF,,20.04,35.761,20.04,367,20566,206,73.668,0.968,30.639,0.597,35.761,0.258,0.247,0.8,0.485
fa10,ΔVinaRF20/GlideSP,1.0,NEF,,20.67,38.458,20.67,537,28862,289,111.144,0.971,32.962,0.6,38.458,0.272,0.259,0.836,0.609
fa7,ΔVinaRF20/GlideSP,1.0,NEF,,15.66,28.052,15.66,114,6364,64,17.953,0.955,21.376,0.575,28.052,0.2,0.191,0.868,0.44
fabp4,ΔVinaRF20/GlideSP,1.0,NEF,,10.25,17.224,10.25,47,2797,28,4.823,0.924,12.175,0.547,17.224,0.122,0.118,0.751,0.269
fak1,ΔVinaRF20/GlideSP,1.0,NEF,,14.06,25.798,14.06,100,5450,55,14.189,0.949,18.601,0.567,25.798,0.18,0.172,0.668,0.296
fgfr1,ΔVinaRF20/GlideSP,1.0,NEF,,1.73,2.721,1.73,139,8839,89,2.421,0.636,1.75,0.504,2.721,0.009,0.009,0.55,0.576
fkb1a,ΔVinaRF20/GlideSP,1.0,NEF,,3.36,6.31,3.36,111,5911,60,3.786,0.779,3.519,0.512,6.31,0.033,0.032,0.633,0.127
fnta,ΔVinaRF20/GlideSP,1.0,NEF,,5.07,5.762,5.07,592,52092,521,30.019,0.842,5.319,0.521,5.762,0.044,0.044,0.645,0.147
fpps,ΔVinaRF20/GlideSP,1.0,NEF,,0.0,0.0,0.0,85,8935,90,0.0,0.0,0.0,0.495,0.0,-0.01,-0.01,0.412,0.0
gcr,ΔVinaRF20/GlideSP,1.0,NEF,,9.43,15.945,9.43,258,15258,153,24.396,0.917,11.029,0.543,15.945,0.111,0.107,0.661,0.197
glcm,ΔVinaRF20/GlideSP,1.0,NEF,,1.66,2.326,1.66,54,3854,39,0.907,0.626,1.676,0.503,2.326,0.008,0.008,0.734,0.149
gria2,ΔVinaRF20/GlideSP,1.0,NEF,,1.04,1.369,1.04,158,12003,121,1.656,0.51,1.041,0.5,1.369,0.0,0.0,0.582,0.033
grik1,ΔVinaRF20/GlideSP,1.0,NEF,,1.99,3.022,1.99,101,6651,67,2.025,0.669,2.021,0.505,3.022,0.012,0.012,0.599,0.064
hdac2,ΔVinaRF20/GlideSP,1.0,NEF,,10.53,18.579,10.53,185,10485,105,19.508,0.927,12.705,0.549,18.579,0.128,0.123,0.841,0.236
hdac8,ΔVinaRF20/GlideSP,1.0,NEF,,17.57,28.125,17.57,170,10620,107,30.094,0.96,24.054,0.585,28.125,0.213,0.207,0.909,0.393
hivint,ΔVinaRF20/GlideSP,1.0,NEF,,0.97,1.437,0.97,100,6750,68,0.977,0.492,0.97,0.5,1.437,-0.0,-0.0,0.626,0.054
hivpr,ΔVinaRF20/GlideSP,1.0,NEF,,1.52,2.245,1.52,536,36286,363,8.15,0.605,1.532,0.503,2.245,0.006,0.006,0.634,0.07
hivrt,ΔVinaRF20/GlideSP,1.0,NEF,,2.92,5.133,2.92,338,19229,193,9.906,0.751,3.024,0.51,5.133,0.026,0.025,0.617,0.088
hmdh,ΔVinaRF20/GlideSP,1.0,NEF,,2.74,5.222,2.74,170,8920,90,4.7,0.739,2.836,0.509,5.222,0.024,0.023,0.604,0.088
hs90a,ΔVinaRF20/GlideSP,1.0,NEF,,0.85,1.515,0.85,88,4938,50,0.757,0.459,0.848,0.499,1.515,-0.002,-0.002,0.532,0.031
hxk4,ΔVinaRF20/GlideSP,1.0,NEF,,0.81,1.555,0.81,92,4792,48,0.746,0.447,0.807,0.499,1.555,-0.003,-0.003,0.613,0.054
igf1r,ΔVinaRF20/GlideSP,1.0,NEF,,14.82,23.215,14.82,148,9448,95,22.054,0.95,18.998,0.571,23.215,0.176,0.171,0.708,0.311
inha,ΔVinaRF20/GlideSP,1.0,NEF,,13.45,24.684,13.45,43,2343,24,5.924,0.946,17.53,0.565,24.684,0.173,0.166,0.769,0.348
ital,ΔVinaRF20/GlideSP,1.0,NEF,,4.01,6.406,4.01,138,8638,87,5.574,0.808,4.216,0.515,6.406,0.039,0.038,0.516,0.105
jak2,ΔVinaRF20/GlideSP,1.0,NEF,,16.51,26.738,16.51,107,6607,67,17.914,0.957,22.171,0.58,26.738,0.201,0.196,0.771,0.328
kif11,ΔVinaRF20/GlideSP,1.0,NEF,,18.74,31.206,18.74,116,6966,70,21.845,0.964,26.787,0.591,31.206,0.233,0.225,0.773,0.432
kit,ΔVinaRF20/GlideSP,1.0,NEF,,3.62,5.661,3.62,166,10616,107,6.057,0.791,3.777,0.513,5.661,0.033,0.033,0.655,0.096
kith,ΔVinaRF20/GlideSP,1.0,NEF,,9.42,18.471,9.42,57,2907,30,5.541,0.919,11.328,0.544,18.471,0.122,0.115,0.633,0.28
kpcb,ΔVinaRF20/GlideSP,1.0,NEF,,10.84,16.564,10.84,135,8835,89,14.742,0.928,12.793,0.55,16.564,0.124,0.121,0.718,0.247
lck,ΔVinaRF20/GlideSP,1.0,NEF,,15.19,22.932,15.19,420,27820,279,63.981,0.951,19.412,0.572,22.932,0.177,0.173,0.75,0.315
lkha4,ΔVinaRF20/GlideSP,1.0,NEF,,3.87,6.878,3.87,171,9621,97,6.672,0.803,4.082,0.515,6.878,0.039,0.037,0.821,0.149
mapk2,ΔVinaRF20/GlideSP,1.0,NEF,,11.26,18.193,11.26,101,6251,63,11.462,0.931,13.542,0.553,18.193,0.133,0.129,0.801,0.355
mcr,ΔVinaRF20/GlideSP,1.0,NEF,,11.89,21.313,11.89,94,5244,53,11.296,0.937,14.84,0.556,21.313,0.149,0.143,0.647,0.29
met,ΔVinaRF20/GlideSP,1.0,NEF,,24.13,35.087,24.13,166,11416,115,40.351,0.973,36.633,0.618,35.087,0.283,0.279,0.855,0.485
mk01,ΔVinaRF20/GlideSP,1.0,NEF,,3.04,5.188,3.04,79,4629,47,2.438,0.759,3.152,0.511,5.188,0.027,0.026,0.789,0.114
mk10,ΔVinaRF20/GlideSP,1.0,NEF,,4.44,6.888,4.44,104,6704,68,4.684,0.824,4.694,0.518,6.888,0.044,0.043,0.711,0.093
mk14,ΔVinaRF20/GlideSP,1.0,NEF,,8.65,13.725,8.65,578,36428,365,50.096,0.908,9.867,0.539,13.725,0.098,0.095,0.634,0.191
mmp13,ΔVinaRF20/GlideSP,1.0,NEF,,2.41,3.65,2.41,572,37772,378,13.795,0.711,2.463,0.507,3.65,0.018,0.017,0.712,0.077
mp2k1,ΔVinaRF20/GlideSP,1.0,NEF,,2.08,3.043,2.08,121,8271,83,2.526,0.679,2.114,0.505,3.043,0.013,0.013,0.642,0.056
nos1,ΔVinaRF20/GlideSP,1.0,NEF,,0.0,0.0,0.0,100,8150,82,0.0,0.0,0.0,0.495,0.0,-0.011,-0.011,0.564,0.011
nram,ΔVinaRF20/GlideSP,1.0,NEF,,5.38,8.372,5.38,98,6298,63,5.274,0.853,5.78,0.522,8.372,0.055,0.054,0.763,0.187
pa2ga,ΔVinaRF20/GlideSP,1.0,NEF,,3.96,7.469,3.96,99,5249,53,3.958,0.808,4.199,0.515,7.469,0.041,0.039,0.619,0.097
parp1,ΔVinaRF20/GlideSP,1.0,NEF,,12.57,20.897,12.57,508,30558,306,63.943,0.94,15.626,0.559,20.897,0.151,0.146,0.833,0.281
pde5a,ΔVinaRF20/GlideSP,1.0,NEF,,5.32,7.576,5.32,398,27948,280,21.213,0.85,5.674,0.522,7.576,0.052,0.051,0.666,0.123
pgh1,ΔVinaRF20/GlideSP,1.0,NEF,,5.57,9.879,5.57,195,10995,110,10.866,0.859,6.071,0.523,9.879,0.062,0.059,0.653,0.138
pgh2,ΔVinaRF20/GlideSP,1.0,NEF,,15.8,29.141,15.8,435,23585,236,68.774,0.956,21.887,0.575,29.141,0.204,0.195,0.734,0.372
plk1,ΔVinaRF20/GlideSP,1.0,NEF,,6.45,9.992,6.45,107,6907,70,6.994,0.876,7.055,0.528,9.992,0.069,0.068,0.711,0.122
pnph,ΔVinaRF20/GlideSP,1.0,NEF,,9.05,13.216,9.05,103,7053,71,9.384,0.911,10.276,0.541,13.216,0.099,0.097,0.859,0.322
ppara,ΔVinaRF20/GlideSP,1.0,NEF,,5.47,10.319,5.47,373,19772,198,20.432,0.857,5.984,0.523,10.319,0.062,0.059,0.708,0.145
ppard,ΔVinaRF20/GlideSP,1.0,NEF,,2.44,4.689,2.44,240,12490,125,5.861,0.715,2.511,0.507,4.689,0.02,0.019,0.647,0.076
pparg,ΔVinaRF20/GlideSP,1.0,NEF,,2.19,4.111,2.19,484,25784,258,10.606,0.691,2.241,0.506,4.111,0.017,0.016,0.669,0.07
prgr,ΔVinaRF20/GlideSP,1.0,NEF,,11.12,20.436,11.12,293,15943,160,32.698,0.932,13.719,0.552,20.436,0.139,0.133,0.732,0.267
ptn1,ΔVinaRF20/GlideSP,1.0,NEF,,24.15,42.541,24.15,130,7380,74,31.48,0.976,41.289,0.618,42.541,0.312,0.3,0.85,0.592
pur2,ΔVinaRF20/GlideSP,1.0,NEF,,0.98,1.782,0.98,50,2750,28,0.499,0.495,0.98,0.5,1.782,-0.0,-0.0,0.705,0.07
pygm,ΔVinaRF20/GlideSP,1.0,NEF,,8.51,16.272,8.51,77,4027,41,6.671,0.909,9.97,0.539,16.272,0.106,0.101,0.574,0.173
pyrd,ΔVinaRF20/GlideSP,1.0,NEF,,18.87,31.925,18.87,111,6561,66,21.07,0.965,27.25,0.591,31.925,0.236,0.228,0.839,0.402
reni,ΔVinaRF20/GlideSP,1.0,NEF,,2.44,3.593,2.44,104,7062,71,2.551,0.714,2.494,0.507,3.593,0.018,0.017,0.57,0.144
rock1,ΔVinaRF20/GlideSP,1.0,NEF,,3.48,5.438,3.48,100,6400,64,3.48,0.784,3.623,0.513,5.438,0.031,0.031,0.721,0.099
rxra,ΔVinaRF20/GlideSP,1.0,NEF,,10.03,18.556,10.03,131,7081,71,13.175,0.924,12.087,0.546,18.556,0.125,0.119,0.755,0.31
sahh,ΔVinaRF20/GlideSP,1.0,NEF,,8.9,15.961,8.9,63,3513,36,5.746,0.912,10.4,0.541,15.961,0.109,0.104,0.821,0.578
src,ΔVinaRF20/GlideSP,1.0,NEF,,3.46,5.177,3.46,524,35024,351,18.17,0.782,3.594,0.513,5.177,0.031,0.03,0.668,0.095
tgfr1,ΔVinaRF20/GlideSP,1.0,NEF,,8.56,13.188,8.56,133,8633,87,11.473,0.907,9.708,0.539,13.188,0.095,0.093,0.812,0.283
thb,ΔVinaRF20/GlideSP,1.0,NEF,,22.09,30.124,22.09,103,7553,76,22.894,0.969,31.182,0.608,30.124,0.25,0.247,0.816,0.614
thrb,ΔVinaRF20/GlideSP,1.0,NEF,,4.88,8.191,4.88,461,27465,275,22.525,0.839,5.226,0.52,8.191,0.051,0.049,0.727,0.145
try1,ΔVinaRF20/GlideSP,1.0,NEF,,4.28,7.271,4.28,449,26429,265,19.269,0.819,4.537,0.517,7.271,0.043,0.042,0.72,0.129
tryb1,ΔVinaRF20/GlideSP,1.0,NEF,,5.32,10.097,5.32,148,7798,78,7.876,0.853,5.805,0.522,10.097,0.06,0.057,0.776,0.147
tysy,ΔVinaRF20/GlideSP,1.0,NEF,,11.16,17.735,11.16,109,6859,69,12.237,0.93,13.35,0.552,17.735,0.13,0.127,0.764,0.401
urok,ΔVinaRF20/GlideSP,1.0,NEF,,10.59,17.135,10.59,162,10012,101,17.307,0.926,12.573,0.549,17.135,0.124,0.121,0.828,0.32
vgfr2,ΔVinaRF20/GlideSP,1.0,NEF,,8.82,14.225,8.82,409,25359,254,36.132,0.91,10.117,0.54,14.225,0.101,0.098,0.687,0.224
wee1,ΔVinaRF20/GlideSP,1.0,NEF,,43.28,70.61,43.28,102,6252,63,44.485,0.993,144.86,0.717,70.61,0.549,0.533,0.97,0.933
xiap,ΔVinaRF20/GlideSP,1.0,NEF,,32.54,61.981,32.54,100,5250,53,32.85,0.988,83.958,0.662,61.981,0.444,0.422,0.735,0.606
aa2ar,RF-Score-VS/GlideSP,1.0,NEF,,27.29,41.064,27.29,482,32032,321,131.817,0.979,45.608,0.634,41.064,0.327,0.32,0.893,0.6
abl1,RF-Score-VS/GlideSP,1.0,NEF,,28.18,46.915,28.18,182,10932,110,51.607,0.981,52.201,0.639,46.915,0.357,0.345,0.911,0.737
ace,RF-Score-VS/GlideSP,1.0,NEF,,10.2,16.741,10.2,282,17182,172,28.794,0.923,12.05,0.547,16.741,0.12,0.116,0.786,0.38
aces,RF-Score-VS/GlideSP,1.0,NEF,,26.3,44.616,26.3,453,26703,268,119.572,0.979,46.681,0.629,44.616,0.335,0.323,0.865,0.574
ada,RF-Score-VS/GlideSP,1.0,NEF,,13.74,23.053,13.74,93,5543,56,12.91,0.946,17.557,0.565,23.053,0.168,0.163,0.787,0.5
ada17,RF-Score-VS/GlideSP,1.0,NEF,,34.71,50.685,34.71,532,36432,365,185.002,0.986,69.357,0.671,50.685,0.413,0.405,0.909,0.711
adrb1,RF-Score-VS/GlideSP,1.0,NEF,,5.89,9.038,5.89,247,16097,161,14.551,0.864,6.376,0.525,9.038,0.061,0.06,0.781,0.172
adrb2,RF-Score-VS/GlideSP,1.0,NEF,,14.38,21.809,14.38,231,15231,153,33.368,0.948,18.112,0.568,21.809,0.167,0.164,0.829,0.406
akt1,RF-Score-VS/GlideSP,1.0,NEF,,26.94,47.145,26.94,293,16743,168,79.203,0.98,50.077,0.632,47.145,0.349,0.335,0.93,0.613
akt2,RF-Score-VS/GlideSP,1.0,NEF,,31.2,52.022,31.2,117,7017,71,36.936,0.985,63.946,0.655,52.022,0.398,0.385,0.949,0.76
aldr,RF-Score-VS/GlideSP,1.0,NEF,,19.44,33.748,19.44,159,9159,92,31.048,0.966,28.833,0.594,33.748,0.247,0.238,0.845,0.413
ampc,RF-Score-VS/GlideSP,1.0,NEF,,0.0,0.0,0.0,48,2898,29,0.0,0.0,0.0,0.495,0.0,-0.013,-0.013,0.111,0.013
andr,RF-Score-VS/GlideSP,1.0,NEF,,24.66,45.376,24.66,269,14619,147,66.703,0.978,44.314,0.621,45.376,0.326,0.312,0.948,0.695
aofb,RF-Score-VS/GlideSP,1.0,NEF,,21.46,37.285,21.46,122,7022,71,26.472,0.971,33.624,0.605,37.285,0.275,0.265,0.803,0.468
bace1,RF-Score-VS/GlideSP,1.0,NEF,,25.71,39.58,25.71,283,18383,184,72.827,0.977,41.897,0.626,39.58,0.311,0.303,0.87,0.576
braf,RF-Score-VS/GlideSP,1.0,NEF,,30.72,46.223,30.72,152,10102,102,47.147,0.983,56.265,0.652,46.223,0.371,0.364,0.943,0.704
cah2,RF-Score-VS/GlideSP,1.0,NEF,,25.47,39.576,25.47,492,31664,317,125.455,0.976,41.497,0.624,39.576,0.309,0.302,0.875,0.554
casp3,RF-Score-VS/GlideSP,1.0,NEF,,19.9,36.335,19.9,199,10899,109,39.605,0.968,30.686,0.596,36.335,0.259,0.247,0.834,0.532
cdk2,RF-Score-VS/GlideSP,1.0,NEF,,14.47,24.215,14.47,474,28324,284,68.772,0.949,18.774,0.569,24.215,0.177,0.171,0.831,0.378
comt,RF-Score-VS/GlideSP,1.0,NEF,,28.52,30.052,28.52,41,3891,39,11.72,0.976,40.343,0.639,30.052,0.286,0.286,0.943,0.556
cp2c9,RF-Score-VS/GlideSP,1.0,NEF,,7.76,12.301,7.76,120,7570,76,9.349,0.897,8.708,0.534,12.301,0.086,0.084,0.733,0.164
cp3a4,RF-Score-VS/GlideSP,1.0,NEF,,6.57,9.331,6.57,170,11970,120,11.197,0.877,7.143,0.528,9.331,0.067,0.066,0.729,0.183
csf1r,RF-Score-VS/GlideSP,1.0,NEF,,8.53,11.497,8.53,166,12316,124,14.256,0.905,9.508,0.538,11.497,0.089,0.088,0.821,0.217
cxcr4,RF-Score-VS/GlideSP,1.0,NEF,,19.6,22.751,19.6,40,3446,35,7.963,0.962,25.078,0.596,22.751,0.204,0.204,0.971,0.661
def,RF-Score-VS/GlideSP,1.0,NEF,,35.73,62.814,35.73,102,5802,59,37.06,0.99,94.395,0.68,62.814,0.471,0.453,0.972,0.899
dhi1,RF-Score-VS/GlideSP,1.0,NEF,,13.13,22.017,13.13,330,19680,197,43.373,0.943,16.555,0.562,22.017,0.159,0.154,0.79,0.305
dpp4,RF-Score-VS/GlideSP,1.0,NEF,,25.12,32.276,25.12,533,41483,415,133.944,0.973,36.615,0.622,32.276,0.277,0.274,0.84,0.513
drd3,RF-Score-VS/GlideSP,1.0,NEF,,14.7,20.434,14.7,480,34530,346,70.703,0.948,18.218,0.57,20.434,0.164,0.161,0.806,0.334
dyr,RF-Score-VS/GlideSP,1.0,NEF,,24.29,32.19,24.29,231,17431,175,56.332,0.972,35.346,0.618,32.19,0.272,0.269,0.849,0.635
egfr,RF-Score-VS/GlideSP,1.0,NEF,,31.51,47.984,31.51,542,35592,356,170.823,0.984,59.655,0.655,47.984,0.381,0.373,0.899,0.655
esr1,RF-Score-VS/GlideSP,1.0,NEF,,33.65,61.173,33.65,383,21068,211,129.075,0.988,85.091,0.667,61.173,0.447,0.427,0.96,0.861
esr2,RF-Score-VS/GlideSP,1.0,NEF,,32.36,57.746,32.36,367,20566,206,118.958,0.987,75.218,0.66,57.746,0.425,0.408,0.97,0.889
fa10,RF-Score-VS/GlideSP,1.0,NEF,,25.97,48.319,25.97,537,28862,289,139.643,0.98,49.316,0.627,48.319,0.346,0.329,0.948,0.913
fa7,RF-Score-VS/GlideSP,1.0,NEF,,30.01,53.758,30.01,114,6364,64,34.405,0.985,63.735,0.649,53.758,0.395,0.379,0.974,0.884
fabp4,RF-Score-VS/GlideSP,1.0,NEF,,29.04,48.798,29.04,47,2797,28,13.663,0.982,55.763,0.643,48.798,0.369,0.356,0.877,0.615
fak1,RF-Score-VS/GlideSP,1.0,NEF,,23.15,42.477,23.15,100,5450,55,23.362,0.975,39.506,0.614,42.477,0.306,0.292,0.893,0.484
fgfr1,RF-Score-VS/GlideSP,1.0,NEF,,1.28,2.013,1.28,139,8839,89,1.791,0.563,1.286,0.501,2.013,0.004,0.003,0.499,0.459
fkb1a,RF-Score-VS/GlideSP,1.0,NEF,,13.3,24.975,13.3,111,5911,60,14.985,0.946,17.395,0.564,24.975,0.172,0.164,0.815,0.493
fnta,RF-Score-VS/GlideSP,1.0,NEF,,25.86,29.389,25.86,592,52092,521,153.115,0.973,36.207,0.626,29.389,0.268,0.267,0.873,0.669
fpps,RF-Score-VS/GlideSP,1.0,NEF,,42.65,40.574,42.65,85,8935,90,36.516,0.986,71.087,0.712,42.96,0.412,0.412,1.0,1.002
gcr,RF-Score-VS/GlideSP,1.0,NEF,,33.83,57.204,33.83,258,15258,153,87.522,0.987,77.712,0.667,57.204,0.433,0.419,0.941,0.708
glcm,RF-Score-VS/GlideSP,1.0,NEF,,2.54,3.559,2.54,54,3854,39,1.388,0.722,2.597,0.508,3.559,0.019,0.018,0.819,0.217
gria2,RF-Score-VS/GlideSP,1.0,NEF,,0.69,0.908,0.69,158,12003,121,1.099,0.407,0.687,0.498,0.908,-0.004,-0.004,0.529,0.018
grik1,RF-Score-VS/GlideSP,1.0,NEF,,17.64,26.788,17.64,101,6651,67,17.948,0.96,23.728,0.585,26.788,0.208,0.204,0.899,0.411
hdac2,RF-Score-VS/GlideSP,1.0,NEF,,8.77,15.474,8.77,185,10485,105,16.248,0.911,10.192,0.54,15.474,0.105,0.101,0.829,0.19
hdac8,RF-Score-VS/GlideSP,1.0,NEF,,26.28,42.068,26.28,170,10620,107,45.013,0.978,44.637,0.629,42.068,0.325,0.317,0.892,0.517
hivint,RF-Score-VS/GlideSP,1.0,NEF,,10.36,15.348,10.36,100,6750,68,10.437,0.923,12.057,0.548,15.348,0.116,0.114,0.735,0.292
hivpr,RF-Score-VS/GlideSP,1.0,NEF,,22.71,33.546,22.71,536,36286,363,121.773,0.971,33.669,0.61,33.546,0.267,0.262,0.88,0.686
hivrt,RF-Score-VS/GlideSP,1.0,NEF,,12.03,21.146,12.03,338,19229,193,40.812,0.937,14.988,0.556,21.146,0.149,0.143,0.787,0.315
hmdh,RF-Score-VS/GlideSP,1.0,NEF,,27.66,52.715,27.66,170,8920,90,47.444,0.983,57.382,0.637,52.715,0.375,0.356,0.95,0.731
hs90a,RF-Score-VS/GlideSP,1.0,NEF,,16.08,28.656,16.08,88,4938,50,14.328,0.957,22.137,0.578,28.656,0.205,0.197,0.76,0.348
hxk4,RF-Score-VS/GlideSP,1.0,NEF,,12.78,24.536,12.78,92,4792,48,11.777,0.943,16.61,0.56,24.536,0.166,0.157,0.786,0.299
igf1r,RF-Score-VS/GlideSP,1.0,NEF,,24.93,39.052,24.93,148,9448,95,37.099,0.976,40.263,0.622,39.052,0.304,0.297,0.915,0.599
inha,RF-Score-VS/GlideSP,1.0,NEF,,27.6,50.653,27.6,43,2343,24,12.157,0.982,54.904,0.639,50.653,0.37,0.354,0.894,0.622
ital,RF-Score-VS/GlideSP,1.0,NEF,,16.64,26.584,16.64,138,8638,87,23.128,0.957,22.303,0.58,26.584,0.201,0.196,0.772,0.423
jak2,RF-Score-VS/GlideSP,1.0,NEF,,35.27,57.12,35.27,107,6607,67,38.27,0.988,80.92,0.677,57.12,0.445,0.433,0.918,0.697
kif11,RF-Score-VS/GlideSP,1.0,NEF,,35.28,58.749,35.28,116,6966,70,41.125,0.988,84.102,0.675,58.749,0.449,0.435,0.874,0.744
kit,RF-Score-VS/GlideSP,1.0,NEF,,13.17,20.594,13.17,166,10616,107,22.035,0.942,16.326,0.562,20.594,0.155,0.151,0.843,0.296
kith,RF-Score-VS/GlideSP,1.0,NEF,,22.52,44.157,22.52,57,2907,30,13.247,0.975,39.537,0.613,44.157,0.311,0.295,0.8,0.886
kpcb,RF-Score-VS/GlideSP,1.0,NEF,,19.5,29.796,19.5,135,8835,89,26.519,0.965,27.352,0.595,29.796,0.232,0.227,0.88,0.475
lck,RF-Score-VS/GlideSP,1.0,NEF,,29.7,44.838,29.7,420,27820,279,125.099,0.981,53.029,0.646,44.838,0.358,0.35,0.938,0.631
lkha4,RF-Score-VS/GlideSP,1.0,NEF,,21.83,38.8,21.83,171,9621,97,37.636,0.972,35.036,0.607,38.8,0.283,0.271,0.852,0.578
mapk2,RF-Score-VS/GlideSP,1.0,NEF,,3.88,6.269,3.88,101,6251,63,3.95,0.803,4.073,0.515,6.269,0.037,0.036,0.724,0.149
mcr,RF-Score-VS/GlideSP,1.0,NEF,,38.18,68.439,38.18,94,5244,53,36.272,0.992,118.802,0.691,68.439,0.508,0.487,0.936,0.788
met,RF-Score-VS/GlideSP,1.0,NEF,,34.72,50.486,34.72,166,11416,115,58.059,0.986,69.102,0.672,50.486,0.413,0.406,0.909,0.655
mk01,RF-Score-VS/GlideSP,1.0,NEF,,17.3,29.525,17.3,79,4629,47,13.877,0.96,24.129,0.584,29.525,0.218,0.21,0.939,0.493
mk10,RF-Score-VS/GlideSP,1.0,NEF,,18.33,28.436,18.33,104,6704,68,19.336,0.962,25.216,0.589,28.436,0.22,0.215,0.864,0.429
mk14,RF-Score-VS/GlideSP,1.0,NEF,,23.84,37.827,23.84,578,36428,365,138.068,0.974,37.736,0.616,37.827,0.292,0.284,0.883,0.516
mmp13,RF-Score-VS/GlideSP,1.0,NEF,,28.27,42.811,28.27,572,37772,378,161.824,0.98,48.684,0.639,42.811,0.34,0.333,0.92,0.671
mp2k1,RF-Score-VS/GlideSP,1.0,NEF,,3.75,5.486,3.75,121,8271,83,4.553,0.796,3.91,0.514,5.486,0.034,0.033,0.606,0.097
nos1,RF-Score-VS/GlideSP,1.0,NEF,,2.13,2.613,2.13,100,8150,82,2.143,0.684,2.16,0.506,2.613,0.013,0.013,0.674,0.079
nram,RF-Score-VS/GlideSP,1.0,NEF,,15.95,24.819,15.95,98,6298,63,15.636,0.954,20.885,0.576,24.819,0.189,0.184,0.896,0.472
pa2ga,RF-Score-VS/GlideSP,1.0,NEF,,20.95,39.513,20.95,99,5249,53,20.942,0.971,33.982,0.603,39.513,0.279,0.266,0.857,0.472
parp1,RF-Score-VS/GlideSP,1.0,NEF,,36.49,60.661,36.49,508,30558,306,185.624,0.989,91.217,0.681,60.661,0.464,0.449,0.927,0.736
pde5a,RF-Score-VS/GlideSP,1.0,NEF,,2.83,4.03,2.83,398,27948,280,11.284,0.744,2.907,0.509,4.03,0.022,0.022,0.698,0.086
pgh1,RF-Score-VS/GlideSP,1.0,NEF,,29.68,52.638,29.68,195,10995,110,57.902,0.984,61.555,0.646,52.638,0.387,0.372,0.871,0.589
pgh2,RF-Score-VS/GlideSP,1.0,NEF,,34.2,63.078,34.2,435,23585,236,148.865,0.989,90.92,0.669,63.078,0.458,0.436,0.901,0.744
plk1,RF-Score-VS/GlideSP,1.0,NEF,,8.44,13.075,8.44,107,6907,70,9.152,0.905,9.559,0.538,13.075,0.094,0.092,0.76,0.215
pnph,RF-Score-VS/GlideSP,1.0,NEF,,31.19,45.549,31.19,103,7053,71,32.34,0.983,56.444,0.654,45.549,0.371,0.364,0.939,0.855
ppara,RF-Score-VS/GlideSP,1.0,NEF,,19.4,36.598,19.4,373,19772,198,72.464,0.968,30.021,0.594,36.598,0.257,0.244,0.911,0.594
ppard,RF-Score-VS/GlideSP,1.0,NEF,,33.34,64.064,33.34,240,12490,125,80.08,0.989,90.993,0.665,64.064,0.455,0.431,0.925,0.707
pparg,RF-Score-VS/GlideSP,1.0,NEF,,20.91,39.251,20.91,484,25784,258,101.267,0.971,33.774,0.602,39.251,0.277,0.263,0.89,0.527
prgr,RF-Score-VS/GlideSP,1.0,NEF,,33.02,60.684,33.02,293,15943,160,97.094,0.988,82.443,0.664,60.684,0.441,0.421,0.961,0.74
ptn1,RF-Score-VS/GlideSP,1.0,NEF,,31.42,55.347,31.42,130,7380,74,40.957,0.986,69.125,0.655,55.347,0.41,0.394,0.93,0.825
pur2,RF-Score-VS/GlideSP,1.0,NEF,,13.37,24.309,13.37,50,2750,28,6.807,0.945,17.343,0.564,24.309,0.171,0.164,0.971,0.932
pygm,RF-Score-VS/GlideSP,1.0,NEF,,4.42,8.451,4.42,77,4027,41,3.465,0.826,4.736,0.518,8.451,0.048,0.046,0.753,0.108
pyrd,RF-Score-VS/GlideSP,1.0,NEF,,38.35,64.881,38.35,111,6561,66,42.822,0.991,107.353,0.691,64.881,0.494,0.477,0.883,0.657
reni,RF-Score-VS/GlideSP,1.0,NEF,,10.9,16.052,10.9,104,7062,71,11.397,0.927,12.793,0.551,16.052,0.122,0.12,0.87,0.546
rock1,RF-Score-VS/GlideSP,1.0,NEF,,23.04,36.0,23.04,100,6400,64,23.04,0.973,35.438,0.612,36.0,0.279,0.272,0.92,0.657
rxra,RF-Score-VS/GlideSP,1.0,NEF,,30.96,57.277,30.96,131,7081,71,40.666,0.986,71.126,0.653,57.277,0.414,0.395,0.98,0.967
sahh,RF-Score-VS/GlideSP,1.0,NEF,,12.53,22.471,12.53,63,3513,36,8.089,0.941,15.872,0.56,22.471,0.159,0.152,0.941,0.995
src,RF-Score-VS/GlideSP,1.0,NEF,,23.47,35.114,23.47,524,35024,351,123.25,0.973,35.63,0.614,35.114,0.279,0.273,0.882,0.486
tgfr1,RF-Score-VS/GlideSP,1.0,NEF,,28.66,44.154,28.66,133,8633,87,38.414,0.981,50.529,0.642,44.154,0.349,0.341,0.951,0.798
thb,RF-Score-VS/GlideSP,1.0,NEF,,27.91,38.061,27.91,103,7553,76,28.926,0.978,44.446,0.637,38.061,0.319,0.315,0.963,0.965
thrb,RF-Score-VS/GlideSP,1.0,NEF,,22.98,38.572,22.98,461,27465,275,106.073,0.974,36.782,0.612,38.572,0.289,0.279,0.892,0.622
try1,RF-Score-VS/GlideSP,1.0,NEF,,25.08,42.608,25.08,449,26429,265,112.912,0.977,42.957,0.623,42.608,0.319,0.308,0.897,0.67
tryb1,RF-Score-VS/GlideSP,1.0,NEF,,23.85,45.265,23.85,148,7798,78,35.307,0.977,42.747,0.616,45.265,0.319,0.303,0.856,0.487
tysy,RF-Score-VS/GlideSP,1.0,NEF,,19.63,31.195,19.63,109,6859,69,21.525,0.966,28.077,0.595,31.195,0.239,0.232,0.887,0.671
urok,RF-Score-VS/GlideSP,1.0,NEF,,28.18,45.597,28.18,162,10012,101,46.053,0.981,50.96,0.639,45.597,0.352,0.342,0.944,0.76
vgfr2,RF-Score-VS/GlideSP,1.0,NEF,,19.1,30.805,19.1,409,25359,254,78.245,0.964,27.158,0.592,30.805,0.233,0.226,0.857,0.557
wee1,RF-Score-VS/GlideSP,1.0,NEF,,44.9,73.253,44.9,102,6252,63,46.15,0.994,165.133,0.725,73.253,0.57,0.554,0.98,0.91
xiap,RF-Score-VS/GlideSP,1.0,NEF,,41.03,78.152,41.03,100,5250,53,41.421,0.995,184.224,0.706,78.152,0.563,0.535,0.898,0.826
aa2ar,Pafnucy/GlideSP,1.0,NEF,,1.66,2.498,1.66,482,32032,321,8.018,0.626,1.677,0.503,2.498,0.008,0.008,0.664,0.148
abl1,Pafnucy/GlideSP,1.0,NEF,,5.13,8.541,5.13,182,10932,110,9.395,0.847,5.516,0.521,8.541,0.054,0.052,0.787,0.27
ace,Pafnucy/GlideSP,1.0,NEF,,0.26,0.427,0.26,282,17182,172,0.734,0.204,0.257,0.496,0.427,-0.01,-0.009,0.379,0.028
aces,Pafnucy/GlideSP,1.0,NEF,,3.67,6.226,3.67,453,26703,268,16.685,0.794,3.847,0.514,6.226,0.035,0.034,0.498,0.11
ada,Pafnucy/GlideSP,1.0,NEF,,1.13,1.896,1.13,93,5543,56,1.062,0.531,1.133,0.501,1.896,0.002,0.002,0.631,0.142
ada17,Pafnucy/GlideSP,1.0,NEF,,1.06,1.548,1.06,532,36432,365,5.65,0.515,1.061,0.5,1.548,0.001,0.001,0.632,0.102
adrb1,Pafnucy/GlideSP,1.0,NEF,,0.22,0.338,0.22,247,16097,161,0.544,0.179,0.217,0.496,0.338,-0.01,-0.01,0.514,0.044
adrb2,Pafnucy/GlideSP,1.0,NEF,,0.45,0.682,0.45,231,15231,153,1.044,0.309,0.446,0.497,0.682,-0.007,-0.007,0.483,0.025
akt1,Pafnucy/GlideSP,1.0,NEF,,4.25,7.437,4.25,293,16743,168,12.495,0.819,4.511,0.517,7.437,0.044,0.042,0.684,0.148
akt2,Pafnucy/GlideSP,1.0,NEF,,5.28,8.804,5.28,117,7017,71,6.251,0.851,5.693,0.522,8.804,0.056,0.055,0.789,0.291
aldr,Pafnucy/GlideSP,1.0,NEF,,7.3,12.673,7.3,159,9159,92,11.659,0.891,8.214,0.532,12.673,0.084,0.081,0.652,0.215
ampc,Pafnucy/GlideSP,1.0,NEF,,0.0,0.0,0.0,48,2898,29,0.0,0.0,0.0,0.495,0.0,-0.013,-0.013,0.348,0.001
andr,Pafnucy/GlideSP,1.0,NEF,,2.82,5.189,2.82,269,14619,147,7.628,0.745,2.92,0.509,5.189,0.025,0.024,0.625,0.143
aofb,Pafnucy/GlideSP,1.0,NEF,,0.0,0.0,0.0,122,7022,71,0.0,0.0,0.0,0.495,0.0,-0.013,-0.013,0.532,0.022
bace1,Pafnucy/GlideSP,1.0,NEF,,2.29,3.525,2.29,283,18383,184,6.487,0.7,2.337,0.507,3.525,0.016,0.016,0.597,0.125
braf,Pafnucy/GlideSP,1.0,NEF,,2.02,3.039,2.02,152,10102,102,3.1,0.672,2.052,0.505,3.039,0.013,0.012,0.748,0.196
cah2,Pafnucy/GlideSP,1.0,NEF,,0.61,0.948,0.61,492,31664,317,3.005,0.377,0.606,0.498,0.948,-0.005,-0.005,0.47,0.04
casp3,Pafnucy/GlideSP,1.0,NEF,,3.71,6.774,3.71,199,10899,109,7.384,0.796,3.907,0.514,6.774,0.037,0.035,0.558,0.109
cdk2,Pafnucy/GlideSP,1.0,NEF,,4.39,7.347,4.39,474,28324,284,20.864,0.823,4.659,0.517,7.347,0.045,0.043,0.777,0.247
comt,Pafnucy/GlideSP,1.0,NEF,,0.0,0.0,0.0,41,3891,39,0.0,0.0,0.0,0.495,0.0,-0.01,-0.01,0.521,0.019
cp2c9,Pafnucy/GlideSP,1.0,NEF,,6.03,9.559,6.03,120,7570,76,7.265,0.868,6.562,0.526,9.559,0.064,0.063,0.573,0.149
cp3a4,Pafnucy/GlideSP,1.0,NEF,,4.59,6.519,4.59,170,11970,120,7.823,0.829,4.84,0.518,6.519,0.043,0.043,0.629,0.165
csf1r,Pafnucy/GlideSP,1.0,NEF,,2.12,2.857,2.12,166,12316,124,3.543,0.683,2.153,0.506,2.857,0.013,0.013,0.677,0.127
cxcr4,Pafnucy/GlideSP,1.0,NEF,,0.0,0.0,0.0,40,3446,35,0.0,0.0,0.0,0.495,0.0,-0.011,-0.011,0.675,0.131
def,Pafnucy/GlideSP,1.0,NEF,,1.88,3.305,1.88,102,5802,59,1.95,0.656,1.91,0.505,3.305,0.012,0.011,0.554,0.093
dhi1,Pafnucy/GlideSP,1.0,NEF,,3.89,6.523,3.89,330,19680,197,12.85,0.804,4.092,0.515,6.523,0.038,0.037,0.682,0.2
dpp4,Pafnucy/GlideSP,1.0,NEF,,4.72,6.065,4.72,533,41483,415,25.168,0.832,4.96,0.519,6.065,0.043,0.042,0.626,0.169
drd3,Pafnucy/GlideSP,1.0,NEF,,1.94,2.697,1.94,480,34530,346,9.331,0.663,1.966,0.505,2.697,0.011,0.011,0.557,0.072
dyr,Pafnucy/GlideSP,1.0,NEF,,6.23,8.256,6.23,231,17431,175,14.448,0.87,6.701,0.527,8.256,0.061,0.06,0.701,0.239
egfr,Pafnucy/GlideSP,1.0,NEF,,3.39,5.162,3.39,542,35592,356,18.378,0.779,3.52,0.512,5.162,0.03,0.029,0.717,0.164
esr1,Pafnucy/GlideSP,1.0,NEF,,4.68,8.508,4.68,383,21068,211,17.952,0.834,5.022,0.519,8.508,0.05,0.048,0.708,0.267
esr2,Pafnucy/GlideSP,1.0,NEF,,2.6,4.64,2.6,367,20566,206,9.558,0.728,2.678,0.508,4.64,0.022,0.021,0.679,0.202
fa10,Pafnucy/GlideSP,1.0,NEF,,4.93,9.173,4.93,537,28862,289,26.509,0.842,5.327,0.52,9.173,0.054,0.052,0.75,0.287
fa7,Pafnucy/GlideSP,1.0,NEF,,1.07,1.917,1.07,114,6364,64,1.227,0.517,1.071,0.5,1.917,0.001,0.001,0.716,0.152
fabp4,Pafnucy/GlideSP,1.0,NEF,,6.91,11.611,6.91,47,2797,28,3.251,0.885,7.686,0.53,11.611,0.078,0.075,0.653,0.187
fak1,Pafnucy/GlideSP,1.0,NEF,,3.54,6.495,3.54,100,5450,55,3.572,0.788,3.716,0.513,6.495,0.035,0.034,0.708,0.154
fgfr1,Pafnucy/GlideSP,1.0,NEF,,1.32,2.076,1.32,139,8839,89,1.847,0.57,1.327,0.502,2.076,0.004,0.004,0.536,0.357
fkb1a,Pafnucy/GlideSP,1.0,NEF,,1.82,3.418,1.82,111,5911,60,2.051,0.649,1.849,0.504,3.418,0.011,0.011,0.547,0.109
fnta,Pafnucy/GlideSP,1.0,NEF,,0.91,1.034,0.91,592,52092,521,5.388,0.476,0.909,0.5,1.034,-0.001,-0.001,0.523,0.066
fpps,Pafnucy/GlideSP,1.0,NEF,,0.0,0.0,0.0,85,8935,90,0.0,0.0,0.0,0.495,0.0,-0.01,-0.01,0.237,0.0
gcr,Pafnucy/GlideSP,1.0,NEF,,4.18,7.068,4.18,258,15258,153,10.814,0.816,4.422,0.516,7.068,0.042,0.041,0.771,0.214
glcm,Pafnucy/GlideSP,1.0,NEF,,0.0,0.0,0.0,54,3854,39,0.0,0.0,0.0,0.495,0.0,-0.012,-0.012,0.388,0.024
gria2,Pafnucy/GlideSP,1.0,NEF,,5.5,7.24,5.5,158,12003,121,8.76,0.854,5.851,0.523,7.24,0.052,0.052,0.611,0.169
grik1,Pafnucy/GlideSP,1.0,NEF,,5.21,7.912,5.21,101,6651,67,5.301,0.848,5.572,0.522,7.912,0.053,0.052,0.605,0.168
hdac2,Pafnucy/GlideSP,1.0,NEF,,5.2,9.175,5.2,185,10485,105,9.634,0.849,5.624,0.521,9.175,0.057,0.054,0.544,0.13
hdac8,Pafnucy/GlideSP,1.0,NEF,,1.34,2.145,1.34,170,10620,107,2.295,0.574,1.347,0.502,2.145,0.004,0.004,0.576,0.095
hivint,Pafnucy/GlideSP,1.0,NEF,,0.0,0.0,0.0,100,6750,68,0.0,0.0,0.0,0.495,0.0,-0.012,-0.012,0.48,0.039
hivpr,Pafnucy/GlideSP,1.0,NEF,,1.63,2.408,1.63,536,36286,363,8.74,0.622,1.646,0.503,2.408,0.008,0.008,0.538,0.092
hivrt,Pafnucy/GlideSP,1.0,NEF,,2.17,3.814,2.17,338,19229,193,7.362,0.689,2.216,0.506,3.814,0.016,0.015,0.572,0.112
hmdh,Pafnucy/GlideSP,1.0,NEF,,1.0,1.906,1.0,170,8920,90,1.715,0.5,1.0,0.5,1.906,0.0,0.0,0.54,0.09
hs90a,Pafnucy/GlideSP,1.0,NEF,,0.0,0.0,0.0,88,4938,50,0.0,0.0,0.0,0.495,0.0,-0.014,-0.013,0.625,0.111
hxk4,Pafnucy/GlideSP,1.0,NEF,,0.79,1.517,0.79,92,4792,48,0.728,0.44,0.787,0.499,1.517,-0.003,-0.003,0.628,0.077
igf1r,Pafnucy/GlideSP,1.0,NEF,,7.54,11.811,7.54,148,9448,95,11.221,0.894,8.416,0.533,11.811,0.083,0.081,0.788,0.282
inha,Pafnucy/GlideSP,1.0,NEF,,0.0,0.0,0.0,43,2343,24,0.0,0.0,0.0,0.495,0.0,-0.014,-0.013,0.635,0.046
ital,Pafnucy/GlideSP,1.0,NEF,,0.87,1.39,0.87,138,8638,87,1.209,0.465,0.868,0.499,1.39,-0.002,-0.002,0.545,0.084
jak2,Pafnucy/GlideSP,1.0,NEF,,14.53,23.531,14.53,107,6607,67,15.766,0.949,18.694,0.57,23.531,0.176,0.171,0.854,0.421
kif11,Pafnucy/GlideSP,1.0,NEF,,7.6,12.656,7.6,116,6966,70,8.859,0.895,8.556,0.534,12.656,0.087,0.084,0.738,0.334
kit,Pafnucy/GlideSP,1.0,NEF,,1.59,2.486,1.59,166,10616,107,2.66,0.616,1.605,0.503,2.486,0.008,0.007,0.658,0.115
kith,Pafnucy/GlideSP,1.0,NEF,,0.75,1.471,0.75,57,2907,30,0.441,0.427,0.746,0.499,1.471,-0.004,-0.003,0.79,0.205
kpcb,Pafnucy/GlideSP,1.0,NEF,,13.52,20.659,13.52,135,8835,89,18.386,0.944,16.78,0.564,20.659,0.157,0.154,0.585,0.27
lck,Pafnucy/GlideSP,1.0,NEF,,11.94,18.026,11.94,420,27820,279,50.292,0.935,14.346,0.556,18.026,0.136,0.133,0.777,0.347
lkha4,Pafnucy/GlideSP,1.0,NEF,,0.0,0.0,0.0,171,9621,97,0.0,0.0,0.0,0.495,0.0,-0.014,-0.013,0.526,0.029
mapk2,Pafnucy/GlideSP,1.0,NEF,,6.8,10.987,6.8,101,6251,63,6.922,0.883,7.516,0.53,10.987,0.075,0.073,0.65,0.23
mcr,Pafnucy/GlideSP,1.0,NEF,,9.12,16.348,9.12,94,5244,53,8.664,0.915,10.707,0.542,16.348,0.111,0.106,0.635,0.219
met,Pafnucy/GlideSP,1.0,NEF,,4.52,6.573,4.52,166,11416,115,7.558,0.827,4.768,0.518,6.573,0.043,0.042,0.829,0.282
mk01,Pafnucy/GlideSP,1.0,NEF,,5.73,9.779,5.73,79,4629,47,4.596,0.862,6.243,0.524,9.779,0.063,0.061,0.808,0.31
mk10,Pafnucy/GlideSP,1.0,NEF,,3.77,5.848,3.77,104,6704,68,3.977,0.798,3.942,0.514,5.848,0.035,0.034,0.721,0.183
mk14,Pafnucy/GlideSP,1.0,NEF,,5.03,7.981,5.03,578,36428,365,29.131,0.843,5.38,0.521,7.981,0.051,0.05,0.683,0.191
mmp13,Pafnucy/GlideSP,1.0,NEF,,2.25,3.407,2.25,572,37772,378,12.88,0.696,2.294,0.506,3.407,0.016,0.015,0.659,0.143
mp2k1,Pafnucy/GlideSP,1.0,NEF,,0.42,0.614,0.42,121,8271,83,0.51,0.294,0.416,0.497,0.614,-0.007,-0.007,0.517,0.079
nos1,Pafnucy/GlideSP,1.0,NEF,,2.14,2.626,2.14,100,8150,82,2.153,0.685,2.171,0.506,2.626,0.013,0.013,0.561,0.097
nram,Pafnucy/GlideSP,1.0,NEF,,0.89,1.385,0.89,98,6298,63,0.872,0.47,0.888,0.499,1.385,-0.001,-0.001,0.445,0.054
pa2ga,Pafnucy/GlideSP,1.0,NEF,,0.0,0.0,0.0,99,5249,53,0.0,0.0,0.0,0.495,0.0,-0.014,-0.013,0.64,0.118
parp1,Pafnucy/GlideSP,1.0,NEF,,1.35,2.244,1.35,508,30558,306,6.867,0.576,1.358,0.502,2.244,0.005,0.004,0.671,0.09
pde5a,Pafnucy/GlideSP,1.0,NEF,,6.09,8.673,6.09,398,27948,280,24.283,0.868,6.573,0.526,8.673,0.062,0.061,0.729,0.25
pgh1,Pafnucy/GlideSP,1.0,NEF,,2.25,3.99,2.25,195,10995,110,4.389,0.697,2.302,0.506,3.99,0.017,0.016,0.556,0.099
pgh2,Pafnucy/GlideSP,1.0,NEF,,3.16,5.828,3.16,435,23585,236,13.755,0.767,3.294,0.511,5.828,0.03,0.028,0.58,0.13
plk1,Pafnucy/GlideSP,1.0,NEF,,6.53,10.116,6.53,107,6907,70,7.081,0.877,7.152,0.528,10.116,0.07,0.069,0.723,0.224
pnph,Pafnucy/GlideSP,1.0,NEF,,21.82,31.865,21.82,103,7053,71,22.624,0.969,31.557,0.606,31.865,0.256,0.251,0.873,0.563
ppara,Pafnucy/GlideSP,1.0,NEF,,0.19,0.358,0.19,373,19772,198,0.71,0.158,0.187,0.496,0.358,-0.011,-0.011,0.546,0.033
ppard,Pafnucy/GlideSP,1.0,NEF,,1.39,2.671,1.39,240,12490,125,3.339,0.583,1.401,0.502,2.671,0.005,0.005,0.667,0.118
pparg,Pafnucy/GlideSP,1.0,NEF,,2.08,3.904,2.08,484,25784,258,10.073,0.68,2.124,0.506,3.904,0.015,0.014,0.649,0.146
prgr,Pafnucy/GlideSP,1.0,NEF,,3.85,7.076,3.85,293,15943,160,11.321,0.803,4.067,0.515,7.076,0.039,0.037,0.71,0.175
ptn1,Pafnucy/GlideSP,1.0,NEF,,6.25,11.009,6.25,130,7380,74,8.147,0.873,6.9,0.527,11.009,0.071,0.068,0.701,0.255
pur2,Pafnucy/GlideSP,1.0,NEF,,0.5,0.909,0.5,50,2750,28,0.255,0.331,0.495,0.497,0.909,-0.007,-0.007,0.784,0.282
pygm,Pafnucy/GlideSP,1.0,NEF,,3.44,6.578,3.44,77,4027,41,2.697,0.783,3.612,0.513,6.578,0.035,0.033,0.521,0.127
pyrd,Pafnucy/GlideSP,1.0,NEF,,4.57,7.732,4.57,111,6561,66,5.103,0.83,4.869,0.518,7.732,0.047,0.046,0.638,0.178
reni,Pafnucy/GlideSP,1.0,NEF,,2.58,3.799,2.58,104,7062,71,2.698,0.725,2.642,0.508,3.799,0.019,0.019,0.419,0.099
rock1,Pafnucy/GlideSP,1.0,NEF,,7.39,11.547,7.39,100,6400,64,7.39,0.892,8.224,0.532,11.547,0.081,0.079,0.807,0.267
rxra,Pafnucy/GlideSP,1.0,NEF,,4.13,7.641,4.13,131,7081,71,5.425,0.814,4.389,0.516,7.641,0.043,0.041,0.655,0.141
sahh,Pafnucy/GlideSP,1.0,NEF,,2.23,3.999,2.23,63,3513,36,1.44,0.695,2.281,0.506,3.999,0.017,0.016,0.651,0.126
src,Pafnucy/GlideSP,1.0,NEF,,5.75,8.603,5.75,524,35024,351,30.195,0.861,6.197,0.524,8.603,0.059,0.058,0.695,0.226
tgfr1,Pafnucy/GlideSP,1.0,NEF,,7.46,11.493,7.46,133,8633,87,9.999,0.892,8.299,0.533,11.493,0.082,0.08,0.816,0.312
thb,Pafnucy/GlideSP,1.0,NEF,,18.98,25.883,18.98,103,7553,76,19.671,0.962,25.259,0.592,25.883,0.213,0.211,0.825,0.464
thrb,Pafnucy/GlideSP,1.0,NEF,,0.35,0.587,0.35,461,27465,275,1.616,0.257,0.346,0.497,0.587,-0.009,-0.008,0.508,0.05
try1,Pafnucy/GlideSP,1.0,NEF,,0.8,1.359,0.8,449,26429,265,3.602,0.444,0.797,0.499,1.359,-0.003,-0.003,0.359,0.023
tryb1,Pafnucy/GlideSP,1.0,NEF,,5.25,9.964,5.25,148,7798,78,7.772,0.851,5.72,0.522,9.964,0.059,0.056,0.694,0.158
tysy,Pafnucy/GlideSP,1.0,NEF,,3.28,5.212,3.28,109,6859,69,3.597,0.773,3.405,0.512,5.212,0.029,0.028,0.653,0.157
urok,Pafnucy/GlideSP,1.0,NEF,,0.33,0.534,0.33,162,10012,101,0.539,0.246,0.326,0.497,0.534,-0.009,-0.008,0.585,0.057
vgfr2,Pafnucy/GlideSP,1.0,NEF,,3.67,5.919,3.67,409,25359,254,15.035,0.793,3.838,0.514,5.919,0.034,0.033,0.743,0.178
wee1,Pafnucy/GlideSP,1.0,NEF,,31.77,51.832,31.77,102,6252,63,32.654,0.985,64.881,0.658,51.832,0.4,0.388,0.948,0.727
xiap,Pafnucy/GlideSP,1.0,NEF,,1.54,2.933,1.54,100,5250,53,1.555,0.609,1.556,0.503,2.933,0.008,0.007,0.42,0.047
aa2ar,OnionNet/GlideSP,1.0,NEF,,8.97,13.498,8.97,482,32032,321,43.327,0.911,10.214,0.541,13.498,0.099,0.097,0.704,0.198
abl1,OnionNet/GlideSP,1.0,NEF,,2.03,3.38,2.03,182,10932,110,3.718,0.674,2.066,0.505,3.38,0.014,0.013,0.611,0.06
ace,OnionNet/GlideSP,1.0,NEF,,0.79,1.297,0.79,282,17182,172,2.23,0.44,0.787,0.499,1.297,-0.003,-0.003,0.375,0.031
aces,OnionNet/GlideSP,1.0,NEF,,14.34,24.327,14.34,453,26703,268,65.196,0.949,18.628,0.568,24.327,0.176,0.17,0.651,0.234
ada,OnionNet/GlideSP,1.0,NEF,,3.01,5.05,3.01,93,5543,56,2.828,0.757,3.117,0.51,5.05,0.027,0.026,0.506,0.128
ada17,OnionNet/GlideSP,1.0,NEF,,15.44,22.546,15.44,532,36432,365,82.294,0.952,19.643,0.573,22.546,0.177,0.174,0.764,0.284
adrb1,OnionNet/GlideSP,1.0,NEF,,0.86,1.32,0.86,247,16097,161,2.125,0.462,0.858,0.499,1.32,-0.002,-0.002,0.679,0.082
adrb2,OnionNet/GlideSP,1.0,NEF,,4.47,6.779,4.47,231,15231,153,10.372,0.825,4.722,0.518,6.779,0.043,0.042,0.693,0.103
akt1,OnionNet/GlideSP,1.0,NEF,,2.82,4.935,2.82,293,16743,168,8.291,0.745,2.914,0.509,4.935,0.024,0.024,0.641,0.082
akt2,OnionNet/GlideSP,1.0,NEF,,4.16,6.936,4.16,117,7017,71,4.925,0.815,4.396,0.516,6.936,0.042,0.04,0.627,0.096
aldr,OnionNet/GlideSP,1.0,NEF,,0.0,0.0,0.0,159,9159,92,0.0,0.0,0.0,0.495,0.0,-0.013,-0.013,0.478,0.015
ampc,OnionNet/GlideSP,1.0,NEF,,0.0,0.0,0.0,48,2898,29,0.0,0.0,0.0,0.495,0.0,-0.013,-0.013,0.522,0.008
andr,OnionNet/GlideSP,1.0,NEF,,3.14,5.778,3.14,269,14619,147,8.493,0.766,3.271,0.511,5.778,0.03,0.028,0.638,0.108
aofb,OnionNet/GlideSP,1.0,NEF,,5.9,10.251,5.9,122,7022,71,7.278,0.866,6.46,0.525,10.251,0.066,0.063,0.52,0.087
bace1,OnionNet/GlideSP,1.0,NEF,,1.66,2.556,1.66,283,18383,184,4.702,0.626,1.677,0.503,2.556,0.008,0.008,0.508,0.037
braf,OnionNet/GlideSP,1.0,NEF,,3.21,4.83,3.21,152,10102,102,4.927,0.769,3.322,0.511,4.83,0.028,0.027,0.625,0.13
cah2,OnionNet/GlideSP,1.0,NEF,,11.69,18.164,11.69,492,31664,317,57.58,0.934,14.063,0.554,18.164,0.135,0.132,0.703,0.232
casp3,OnionNet/GlideSP,1.0,NEF,,0.57,1.041,0.57,199,10899,109,1.134,0.361,0.565,0.498,1.041,-0.006,-0.006,0.513,0.041
cdk2,OnionNet/GlideSP,1.0,NEF,,0.5,0.837,0.5,474,28324,284,2.376,0.331,0.496,0.497,0.837,-0.007,-0.006,0.59,0.032
comt,OnionNet/GlideSP,1.0,NEF,,0.0,0.0,0.0,41,3891,39,0.0,0.0,0.0,0.495,0.0,-0.01,-0.01,0.602,0.0
cp2c9,OnionNet/GlideSP,1.0,NEF,,0.0,0.0,0.0,120,7570,76,0.0,0.0,0.0,0.495,0.0,-0.013,-0.012,0.528,0.03
cp3a4,OnionNet/GlideSP,1.0,NEF,,0.57,0.81,0.57,170,11970,120,0.971,0.362,0.566,0.498,0.81,-0.005,-0.005,0.565,0.037
csf1r,OnionNet/GlideSP,1.0,NEF,,1.42,1.914,1.42,166,12316,124,2.373,0.588,1.428,0.502,1.914,0.005,0.005,0.68,0.079
cxcr4,OnionNet/GlideSP,1.0,NEF,,1.62,1.88,1.62,40,3446,35,0.658,0.62,1.632,0.503,1.88,0.007,0.007,0.703,0.06
def,OnionNet/GlideSP,1.0,NEF,,3.7,6.505,3.7,102,5802,59,3.838,0.795,3.888,0.514,6.505,0.037,0.035,0.669,0.086
dhi1,OnionNet/GlideSP,1.0,NEF,,1.17,1.962,1.17,330,19680,197,3.865,0.54,1.173,0.501,1.962,0.002,0.002,0.54,0.032
dpp4,OnionNet/GlideSP,1.0,NEF,,2.22,2.852,2.22,533,41483,415,11.837,0.693,2.256,0.506,2.852,0.014,0.014,0.561,0.05
drd3,OnionNet/GlideSP,1.0,NEF,,0.91,1.265,0.91,480,34530,346,4.377,0.476,0.909,0.5,1.265,-0.001,-0.001,0.561,0.038
dyr,OnionNet/GlideSP,1.0,NEF,,3.91,5.182,3.91,231,17431,175,9.068,0.803,4.069,0.515,5.182,0.034,0.034,0.501,0.131
egfr,OnionNet/GlideSP,1.0,NEF,,1.21,1.843,1.21,542,35592,356,6.56,0.548,1.214,0.501,1.843,0.003,0.003,0.619,0.035
esr1,OnionNet/GlideSP,1.0,NEF,,11.64,21.161,11.64,383,21068,211,44.649,0.935,14.496,0.554,21.161,0.146,0.139,0.78,0.287
esr2,OnionNet/GlideSP,1.0,NEF,,6.56,11.706,6.56,367,20566,206,24.115,0.879,7.297,0.528,11.706,0.075,0.072,0.785,0.223
fa10,OnionNet/GlideSP,1.0,NEF,,1.77,3.293,1.77,537,28862,289,9.517,0.642,1.796,0.504,3.293,0.011,0.01,0.702,0.096
fa7,OnionNet/GlideSP,1.0,NEF,,3.15,5.643,3.15,114,6364,64,3.611,0.766,3.279,0.511,5.643,0.029,0.028,0.703,0.09
fabp4,OnionNet/GlideSP,1.0,NEF,,9.99,16.787,9.99,47,2797,28,4.7,0.922,11.804,0.546,16.787,0.118,0.114,0.682,0.242
fak1,OnionNet/GlideSP,1.0,NEF,,0.0,0.0,0.0,100,5450,55,0.0,0.0,0.0,0.495,0.0,-0.014,-0.013,0.55,0.011
fgfr1,OnionNet/GlideSP,1.0,NEF,,2.3,3.617,2.3,139,8839,89,3.219,0.701,2.349,0.507,3.617,0.017,0.016,0.531,0.594
fkb1a,OnionNet/GlideSP,1.0,NEF,,2.15,4.037,2.15,111,5911,60,2.422,0.687,2.198,0.506,4.037,0.016,0.015,0.654,0.084
fnta,OnionNet/GlideSP,1.0,NEF,,1.94,2.205,1.94,592,52092,521,11.487,0.662,1.961,0.505,2.205,0.01,0.01,0.612,0.073
fpps,OnionNet/GlideSP,1.0,NEF,,0.0,0.0,0.0,85,8935,90,0.0,0.0,0.0,0.495,0.0,-0.01,-0.01,0.624,0.0
gcr,OnionNet/GlideSP,1.0,NEF,,1.2,2.029,1.2,258,15258,153,3.105,0.546,1.204,0.501,2.029,0.003,0.003,0.537,0.035
glcm,OnionNet/GlideSP,1.0,NEF,,2.54,3.559,2.54,54,3854,39,1.388,0.722,2.597,0.508,3.559,0.019,0.018,0.543,0.146
gria2,OnionNet/GlideSP,1.0,NEF,,0.0,0.0,0.0,158,12003,121,0.0,0.0,0.0,0.495,0.0,-0.012,-0.012,0.54,0.018
grik1,OnionNet/GlideSP,1.0,NEF,,2.61,3.963,2.61,101,6651,67,2.656,0.728,2.676,0.508,3.963,0.02,0.02,0.564,0.039
hdac2,OnionNet/GlideSP,1.0,NEF,,9.44,16.656,9.44,185,10485,105,17.489,0.918,11.127,0.543,16.656,0.114,0.109,0.648,0.15
hdac8,OnionNet/GlideSP,1.0,NEF,,0.0,0.0,0.0,170,10620,107,0.0,0.0,0.0,0.495,0.0,-0.013,-0.013,0.638,0.045
hivint,OnionNet/GlideSP,1.0,NEF,,1.86,2.756,1.86,100,6750,68,1.874,0.653,1.884,0.504,2.756,0.011,0.01,0.58,0.031
hivpr,OnionNet/GlideSP,1.0,NEF,,5.64,8.331,5.64,536,36286,363,30.242,0.858,6.062,0.524,8.331,0.057,0.056,0.724,0.157
hivrt,OnionNet/GlideSP,1.0,NEF,,1.45,2.549,1.45,338,19229,193,4.919,0.594,1.462,0.502,2.549,0.006,0.006,0.527,0.042
hmdh,OnionNet/GlideSP,1.0,NEF,,2.67,5.089,2.67,170,8920,90,4.58,0.734,2.76,0.509,5.089,0.024,0.022,0.581,0.093
hs90a,OnionNet/GlideSP,1.0,NEF,,1.66,2.958,1.66,88,4938,50,1.479,0.627,1.68,0.503,2.958,0.009,0.009,0.495,0.031
hxk4,OnionNet/GlideSP,1.0,NEF,,0.0,0.0,0.0,92,4792,48,0.0,0.0,0.0,0.495,0.0,-0.014,-0.013,0.631,0.046
igf1r,OnionNet/GlideSP,1.0,NEF,,2.63,4.12,2.63,148,9448,95,3.914,0.73,2.7,0.508,4.12,0.021,0.02,0.666,0.089
inha,OnionNet/GlideSP,1.0,NEF,,2.87,5.267,2.87,43,2343,24,1.264,0.748,2.974,0.51,5.267,0.026,0.025,0.436,0.053
ital,OnionNet/GlideSP,1.0,NEF,,0.0,0.0,0.0,138,8638,87,0.0,0.0,0.0,0.495,0.0,-0.013,-0.013,0.472,0.014
jak2,OnionNet/GlideSP,1.0,NEF,,1.32,2.138,1.32,107,6607,67,1.432,0.57,1.327,0.502,2.138,0.004,0.004,0.7,0.051
kif11,OnionNet/GlideSP,1.0,NEF,,0.0,0.0,0.0,116,6966,70,0.0,0.0,0.0,0.495,0.0,-0.013,-0.013,0.602,0.061
kit,OnionNet/GlideSP,1.0,NEF,,0.0,0.0,0.0,166,10616,107,0.0,0.0,0.0,0.495,0.0,-0.013,-0.012,0.577,0.029
kith,OnionNet/GlideSP,1.0,NEF,,7.53,14.765,7.53,57,2907,30,4.429,0.896,8.661,0.534,14.765,0.094,0.09,0.457,0.152
kpcb,OnionNet/GlideSP,1.0,NEF,,2.51,3.835,2.51,135,8835,89,3.413,0.72,2.57,0.508,3.835,0.019,0.019,0.635,0.105
lck,OnionNet/GlideSP,1.0,NEF,,0.59,0.891,0.59,420,27820,279,2.485,0.37,0.586,0.498,0.891,-0.005,-0.005,0.634,0.029
lkha4,OnionNet/GlideSP,1.0,NEF,,2.46,4.372,2.46,171,9621,97,4.241,0.716,2.527,0.507,4.372,0.02,0.019,0.594,0.055
mapk2,OnionNet/GlideSP,1.0,NEF,,2.92,4.718,2.92,101,6251,63,2.972,0.751,3.015,0.51,4.718,0.025,0.024,0.616,0.07
mcr,OnionNet/GlideSP,1.0,NEF,,2.51,4.499,2.51,94,5244,53,2.385,0.721,2.581,0.508,4.499,0.021,0.02,0.595,0.056
met,OnionNet/GlideSP,1.0,NEF,,0.81,1.178,0.81,166,11416,115,1.354,0.447,0.808,0.499,1.178,-0.002,-0.002,0.645,0.048
mk01,OnionNet/GlideSP,1.0,NEF,,1.4,2.389,1.4,79,4629,47,1.123,0.585,1.41,0.502,2.389,0.005,0.005,0.654,0.067
mk10,OnionNet/GlideSP,1.0,NEF,,5.38,8.346,5.38,104,6704,68,5.675,0.852,5.779,0.523,8.346,0.056,0.054,0.661,0.133
mk14,OnionNet/GlideSP,1.0,NEF,,1.75,2.777,1.75,578,36428,365,10.135,0.639,1.771,0.504,2.777,0.01,0.009,0.607,0.06
mmp13,OnionNet/GlideSP,1.0,NEF,,8.99,13.614,8.99,572,37772,378,51.461,0.911,10.249,0.541,13.614,0.1,0.097,0.763,0.214
mp2k1,OnionNet/GlideSP,1.0,NEF,,7.39,10.811,7.39,121,8271,83,8.973,0.891,8.165,0.533,10.811,0.078,0.077,0.615,0.144
nos1,OnionNet/GlideSP,1.0,NEF,,0.85,1.043,0.85,100,8150,82,0.855,0.459,0.848,0.499,1.043,-0.002,-0.002,0.6,0.057
nram,OnionNet/GlideSP,1.0,NEF,,0.87,1.354,0.87,98,6298,63,0.853,0.465,0.868,0.499,1.354,-0.002,-0.002,0.679,0.092
pa2ga,OnionNet/GlideSP,1.0,NEF,,10.87,20.502,10.87,99,5249,53,10.866,0.931,13.415,0.551,20.502,0.138,0.132,0.717,0.205
parp1,OnionNet/GlideSP,1.0,NEF,,5.12,8.512,5.12,508,30558,306,26.045,0.846,5.503,0.521,8.512,0.054,0.052,0.766,0.15
pde5a,OnionNet/GlideSP,1.0,NEF,,1.18,1.68,1.18,398,27948,280,4.705,0.542,1.183,0.501,1.68,0.002,0.002,0.577,0.06
pgh1,OnionNet/GlideSP,1.0,NEF,,0.0,0.0,0.0,195,10995,110,0.0,0.0,0.0,0.495,0.0,-0.014,-0.013,0.506,0.018
pgh2,OnionNet/GlideSP,1.0,NEF,,1.36,2.508,1.36,435,23585,236,5.92,0.578,1.369,0.502,2.508,0.005,0.005,0.495,0.032
plk1,OnionNet/GlideSP,1.0,NEF,,3.86,5.98,3.86,107,6907,70,4.186,0.802,4.042,0.515,5.98,0.036,0.035,0.686,0.122
pnph,OnionNet/GlideSP,1.0,NEF,,8.73,12.749,8.73,103,7053,71,9.052,0.908,9.86,0.539,12.749,0.095,0.093,0.56,0.163
ppara,OnionNet/GlideSP,1.0,NEF,,1.12,2.113,1.12,373,19772,198,4.184,0.529,1.123,0.501,2.113,0.002,0.002,0.447,0.022
ppard,OnionNet/GlideSP,1.0,NEF,,1.39,2.671,1.39,240,12490,125,3.339,0.583,1.401,0.502,2.671,0.005,0.005,0.445,0.014
pparg,OnionNet/GlideSP,1.0,NEF,,1.38,2.59,1.38,484,25784,258,6.683,0.582,1.39,0.502,2.59,0.005,0.005,0.5,0.044
prgr,OnionNet/GlideSP,1.0,NEF,,1.78,3.271,1.78,293,15943,160,5.234,0.644,1.806,0.504,3.271,0.011,0.01,0.62,0.063
ptn1,OnionNet/GlideSP,1.0,NEF,,4.47,7.874,4.47,130,7380,74,5.827,0.827,4.767,0.518,7.874,0.047,0.045,0.608,0.104
pur2,OnionNet/GlideSP,1.0,NEF,,0.0,0.0,0.0,50,2750,28,0.0,0.0,0.0,0.495,0.0,-0.014,-0.013,0.104,0.002
pygm,OnionNet/GlideSP,1.0,NEF,,1.72,3.289,1.72,77,4027,41,1.348,0.636,1.744,0.504,3.289,0.01,0.01,0.579,0.098
pyrd,OnionNet/GlideSP,1.0,NEF,,0.0,0.0,0.0,111,6561,66,0.0,0.0,0.0,0.495,0.0,-0.013,-0.013,0.573,0.007
reni,OnionNet/GlideSP,1.0,NEF,,0.52,0.766,0.52,104,7062,71,0.544,0.34,0.516,0.498,0.766,-0.006,-0.006,0.518,0.025
rock1,OnionNet/GlideSP,1.0,NEF,,3.88,6.062,3.88,100,6400,64,3.88,0.803,4.066,0.515,6.062,0.036,0.036,0.728,0.104
rxra,OnionNet/GlideSP,1.0,NEF,,0.0,0.0,0.0,131,7081,71,0.0,0.0,0.0,0.495,0.0,-0.014,-0.013,0.537,0.019
sahh,OnionNet/GlideSP,1.0,NEF,,2.23,3.999,2.23,63,3513,36,1.44,0.695,2.281,0.506,3.999,0.017,0.016,0.577,0.127
src,OnionNet/GlideSP,1.0,NEF,,0.98,1.466,0.98,524,35024,351,5.146,0.495,0.98,0.5,1.466,-0.0,-0.0,0.577,0.038
tgfr1,OnionNet/GlideSP,1.0,NEF,,1.42,2.188,1.42,133,8633,87,1.903,0.588,1.429,0.502,2.188,0.005,0.005,0.766,0.057
thb,OnionNet/GlideSP,1.0,NEF,,2.45,3.341,2.45,103,7553,76,2.539,0.714,2.5,0.507,3.341,0.017,0.017,0.437,0.042
thrb,OnionNet/GlideSP,1.0,NEF,,4.46,7.486,4.46,461,27465,275,20.587,0.826,4.74,0.518,7.486,0.045,0.044,0.666,0.126
try1,OnionNet/GlideSP,1.0,NEF,,2.95,5.012,2.95,449,26429,265,13.281,0.753,3.053,0.51,5.012,0.026,0.025,0.659,0.108
tryb1,OnionNet/GlideSP,1.0,NEF,,1.17,2.221,1.17,148,7798,78,1.732,0.54,1.174,0.501,2.221,0.002,0.002,0.637,0.059
tysy,OnionNet/GlideSP,1.0,NEF,,1.94,3.083,1.94,109,6859,69,2.127,0.663,1.97,0.505,3.083,0.012,0.012,0.342,0.046
urok,OnionNet/GlideSP,1.0,NEF,,0.65,1.052,0.65,162,10012,101,1.062,0.393,0.646,0.498,1.052,-0.005,-0.004,0.658,0.06
vgfr2,OnionNet/GlideSP,1.0,NEF,,2.43,3.919,2.43,409,25359,254,9.955,0.713,2.488,0.507,3.919,0.018,0.018,0.606,0.076
wee1,OnionNet/GlideSP,1.0,NEF,,0.0,0.0,0.0,102,6252,63,0.0,0.0,0.0,0.495,0.0,-0.013,-0.013,0.751,0.038
xiap,OnionNet/GlideSP,1.0,NEF,,0.0,0.0,0.0,100,5250,53,0.0,0.0,0.0,0.495,0.0,-0.014,-0.013,0.545,0.015
aa2ar,RF-Scorev4/GlideSP,1.0,NEF,,0.59,0.888,0.59,482,32032,321,2.85,0.37,0.586,0.498,0.888,-0.005,-0.005,0.656,0.021
abl1,RF-Scorev4/GlideSP,1.0,NEF,,3.76,6.26,3.76,182,10932,110,6.886,0.798,3.944,0.514,6.26,0.036,0.035,0.753,0.117
ace,RF-Scorev4/GlideSP,1.0,NEF,,7.25,11.899,7.25,282,17182,172,20.466,0.89,8.094,0.532,11.899,0.081,0.079,0.61,0.271
aces,RF-Scorev4/GlideSP,1.0,NEF,,9.34,15.845,9.34,453,26703,268,42.464,0.916,10.91,0.543,15.845,0.11,0.107,0.597,0.215
ada,RF-Scorev4/GlideSP,1.0,NEF,,0.0,0.0,0.0,93,5543,56,0.0,0.0,0.0,0.495,0.0,-0.013,-0.013,0.508,0.044
ada17,RF-Scorev4/GlideSP,1.0,NEF,,8.99,13.128,8.99,532,36432,365,47.916,0.911,10.197,0.541,13.128,0.098,0.096,0.639,0.203
adrb1,RF-Scorev4/GlideSP,1.0,NEF,,6.3,9.667,6.3,247,16097,161,15.564,0.873,6.867,0.527,9.667,0.067,0.065,0.615,0.163
adrb2,RF-Scorev4/GlideSP,1.0,NEF,,2.68,4.065,2.68,231,15231,153,6.219,0.733,2.751,0.509,4.065,0.021,0.021,0.587,0.076
akt1,RF-Scorev4/GlideSP,1.0,NEF,,0.71,1.242,0.71,293,16743,168,2.087,0.414,0.706,0.499,1.242,-0.004,-0.004,0.67,0.023
akt2,RF-Scorev4/GlideSP,1.0,NEF,,0.0,0.0,0.0,117,7017,71,0.0,0.0,0.0,0.495,0.0,-0.013,-0.013,0.705,0.018
aldr,RF-Scorev4/GlideSP,1.0,NEF,,7.75,13.454,7.75,159,9159,92,12.378,0.898,8.799,0.534,13.454,0.09,0.087,0.548,0.143
ampc,RF-Scorev4/GlideSP,1.0,NEF,,0.0,0.0,0.0,48,2898,29,0.0,0.0,0.0,0.495,0.0,-0.013,-0.013,0.434,0.0
andr,RF-Scorev4/GlideSP,1.0,NEF,,7.22,13.285,7.22,269,14619,147,19.529,0.891,8.173,0.532,13.285,0.086,0.082,0.714,0.183
aofb,RF-Scorev4/GlideSP,1.0,NEF,,2.39,4.152,2.39,122,7022,71,2.948,0.71,2.45,0.507,4.152,0.019,0.018,0.537,0.056
bace1,RF-Scorev4/GlideSP,1.0,NEF,,4.16,6.404,4.16,283,18383,184,11.784,0.814,4.376,0.516,6.404,0.04,0.039,0.668,0.109
braf,RF-Scorev4/GlideSP,1.0,NEF,,4.45,6.696,4.45,152,10102,102,6.83,0.824,4.698,0.518,6.696,0.043,0.042,0.809,0.129
cah2,RF-Scorev4/GlideSP,1.0,NEF,,6.96,10.815,6.96,492,31664,317,34.282,0.885,7.683,0.53,10.815,0.075,0.073,0.646,0.158
casp3,RF-Scorev4/GlideSP,1.0,NEF,,2.0,3.652,2.0,199,10899,109,3.98,0.671,2.038,0.505,3.652,0.014,0.013,0.491,0.05
cdk2,RF-Scorev4/GlideSP,1.0,NEF,,4.27,7.146,4.27,474,28324,284,20.294,0.819,4.522,0.517,7.146,0.043,0.042,0.686,0.118
comt,RF-Scorev4/GlideSP,1.0,NEF,,0.0,0.0,0.0,41,3891,39,0.0,0.0,0.0,0.495,0.0,-0.01,-0.01,0.41,0.0
cp2c9,RF-Scorev4/GlideSP,1.0,NEF,,4.94,7.831,4.94,120,7570,76,5.951,0.841,5.275,0.52,7.831,0.05,0.049,0.573,0.115
cp3a4,RF-Scorev4/GlideSP,1.0,NEF,,3.44,4.886,3.44,170,11970,120,5.863,0.781,3.565,0.512,4.886,0.029,0.029,0.619,0.1
csf1r,RF-Scorev4/GlideSP,1.0,NEF,,12.04,16.228,12.04,166,12316,124,20.123,0.934,14.179,0.556,16.228,0.13,0.129,0.791,0.26
cxcr4,RF-Scorev4/GlideSP,1.0,NEF,,0.0,0.0,0.0,40,3446,35,0.0,0.0,0.0,0.495,0.0,-0.011,-0.011,0.665,0.022
def,RF-Scorev4/GlideSP,1.0,NEF,,8.16,14.345,8.16,102,5802,59,8.464,0.903,9.359,0.537,14.345,0.097,0.093,0.709,0.244
dhi1,RF-Scorev4/GlideSP,1.0,NEF,,3.11,5.215,3.11,330,19680,197,10.273,0.763,3.226,0.511,5.215,0.028,0.027,0.668,0.077
dpp4,RF-Scorev4/GlideSP,1.0,NEF,,4.45,5.718,4.45,533,41483,415,23.728,0.823,4.659,0.517,5.718,0.04,0.039,0.647,0.111
drd3,RF-Scorev4/GlideSP,1.0,NEF,,2.86,3.976,2.86,480,34530,346,13.756,0.746,2.937,0.509,3.976,0.022,0.022,0.631,0.085
dyr,RF-Scorev4/GlideSP,1.0,NEF,,1.6,2.12,1.6,231,17431,175,3.711,0.617,1.613,0.503,2.12,0.007,0.007,0.667,0.056
egfr,RF-Scorev4/GlideSP,1.0,NEF,,2.18,3.32,2.18,542,35592,356,11.818,0.689,2.221,0.506,3.32,0.015,0.014,0.686,0.073
esr1,RF-Scorev4/GlideSP,1.0,NEF,,13.5,24.542,13.5,383,21068,211,51.784,0.946,17.565,0.564,24.542,0.171,0.164,0.714,0.315
esr2,RF-Scorev4/GlideSP,1.0,NEF,,4.69,8.369,4.69,367,20566,206,17.241,0.834,5.027,0.519,8.369,0.05,0.048,0.761,0.139
fa10,RF-Scorev4/GlideSP,1.0,NEF,,13.39,24.913,13.39,537,28862,289,71.999,0.946,17.501,0.563,24.913,0.172,0.163,0.849,0.499
fa7,RF-Scorev4/GlideSP,1.0,NEF,,9.6,17.197,9.6,114,6364,64,11.006,0.919,11.386,0.544,17.197,0.117,0.112,0.836,0.237
fabp4,RF-Scorev4/GlideSP,1.0,NEF,,1.73,2.907,1.73,47,2797,28,0.814,0.637,1.752,0.504,2.907,0.01,0.009,0.575,0.044
fak1,RF-Scorev4/GlideSP,1.0,NEF,,5.3,9.725,5.3,100,5450,55,5.349,0.852,5.763,0.522,9.725,0.059,0.057,0.796,0.14
fgfr1,RF-Scorev4/GlideSP,1.0,NEF,,0.0,0.0,0.0,139,8839,89,0.0,0.0,0.0,0.495,0.0,-0.013,-0.012,0.518,0.113
fkb1a,RF-Scorev4/GlideSP,1.0,NEF,,0.36,0.676,0.36,111,5911,60,0.406,0.262,0.356,0.497,0.676,-0.009,-0.009,0.575,0.031
fnta,RF-Scorev4/GlideSP,1.0,NEF,,2.91,3.307,2.91,592,52092,521,17.23,0.748,2.975,0.51,3.307,0.021,0.021,0.725,0.102
fpps,RF-Scorev4/GlideSP,1.0,NEF,,0.0,0.0,0.0,85,8935,90,0.0,0.0,0.0,0.495,0.0,-0.01,-0.01,0.348,0.0
gcr,RF-Scorev4/GlideSP,1.0,NEF,,0.9,1.522,0.9,258,15258,153,2.328,0.473,0.898,0.499,1.522,-0.001,-0.001,0.655,0.041
glcm,RF-Scorev4/GlideSP,1.0,NEF,,0.0,0.0,0.0,54,3854,39,0.0,0.0,0.0,0.495,0.0,-0.012,-0.012,0.505,0.014
gria2,RF-Scorev4/GlideSP,1.0,NEF,,0.69,0.908,0.69,158,12003,121,1.099,0.407,0.687,0.498,0.908,-0.004,-0.004,0.552,0.028
grik1,RF-Scorev4/GlideSP,1.0,NEF,,3.26,4.951,3.26,101,6651,67,3.317,0.772,3.378,0.512,4.951,0.028,0.028,0.48,0.062
hdac2,RF-Scorev4/GlideSP,1.0,NEF,,1.3,2.294,1.3,185,10485,105,2.408,0.567,1.307,0.502,2.294,0.004,0.004,0.652,0.046
hdac8,RF-Scorev4/GlideSP,1.0,NEF,,0.0,0.0,0.0,170,10620,107,0.0,0.0,0.0,0.495,0.0,-0.013,-0.013,0.654,0.004
hivint,RF-Scorev4/GlideSP,1.0,NEF,,0.0,0.0,0.0,100,6750,68,0.0,0.0,0.0,0.495,0.0,-0.012,-0.012,0.431,0.008
hivpr,RF-Scorev4/GlideSP,1.0,NEF,,12.55,18.538,12.55,536,36286,363,67.294,0.938,15.178,0.559,18.538,0.142,0.139,0.636,0.353
hivrt,RF-Scorev4/GlideSP,1.0,NEF,,1.27,2.232,1.27,338,19229,193,4.308,0.561,1.276,0.501,2.232,0.004,0.003,0.52,0.041
hmdh,RF-Scorev4/GlideSP,1.0,NEF,,0.67,1.277,0.67,170,8920,90,1.149,0.4,0.666,0.498,1.277,-0.005,-0.004,0.448,0.032
hs90a,RF-Scorev4/GlideSP,1.0,NEF,,0.0,0.0,0.0,88,4938,50,0.0,0.0,0.0,0.495,0.0,-0.014,-0.013,0.52,0.008
hxk4,RF-Scorev4/GlideSP,1.0,NEF,,0.0,0.0,0.0,92,4792,48,0.0,0.0,0.0,0.495,0.0,-0.014,-0.013,0.613,0.003
igf1r,RF-Scorev4/GlideSP,1.0,NEF,,3.99,6.25,3.99,148,9448,95,5.938,0.807,4.189,0.515,6.25,0.038,0.037,0.749,0.07
inha,RF-Scorev4/GlideSP,1.0,NEF,,2.87,5.267,2.87,43,2343,24,1.264,0.748,2.974,0.51,5.267,0.026,0.025,0.729,0.114
ital,RF-Scorev4/GlideSP,1.0,NEF,,4.8,7.668,4.8,138,8638,87,6.672,0.836,5.116,0.519,7.668,0.049,0.048,0.574,0.099
jak2,RF-Scorev4/GlideSP,1.0,NEF,,8.58,13.895,8.58,107,6607,67,9.31,0.907,9.803,0.539,13.895,0.098,0.096,0.799,0.174
kif11,RF-Scorev4/GlideSP,1.0,NEF,,4.56,7.593,4.56,116,6966,70,5.315,0.829,4.853,0.518,7.593,0.047,0.045,0.7,0.144
kit,RF-Scorev4/GlideSP,1.0,NEF,,3.59,5.614,3.59,166,10616,107,6.007,0.789,3.744,0.513,5.614,0.033,0.032,0.756,0.11
kith,RF-Scorev4/GlideSP,1.0,NEF,,3.77,7.392,3.77,57,2907,30,2.218,0.8,3.991,0.515,7.392,0.04,0.038,0.414,0.146
kpcb,RF-Scorev4/GlideSP,1.0,NEF,,1.69,2.582,1.69,135,8835,89,2.298,0.631,1.708,0.504,2.582,0.009,0.008,0.577,0.054
lck,RF-Scorev4/GlideSP,1.0,NEF,,10.32,15.58,10.32,420,27820,279,43.469,0.923,12.04,0.547,15.58,0.116,0.114,0.779,0.244
lkha4,RF-Scorev4/GlideSP,1.0,NEF,,3.31,5.883,3.31,171,9621,97,5.707,0.776,3.454,0.512,5.883,0.031,0.03,0.695,0.105
mapk2,RF-Scorev4/GlideSP,1.0,NEF,,2.43,3.926,2.43,101,6251,63,2.474,0.713,2.488,0.507,3.926,0.018,0.018,0.642,0.075
mcr,RF-Scorev4/GlideSP,1.0,NEF,,9.12,16.348,9.12,94,5244,53,8.664,0.915,10.707,0.542,16.348,0.111,0.106,0.813,0.247
met,RF-Scorev4/GlideSP,1.0,NEF,,6.58,9.568,6.58,166,11416,115,11.003,0.878,7.17,0.529,9.568,0.068,0.067,0.814,0.158
mk01,RF-Scorev4/GlideSP,1.0,NEF,,5.73,9.779,5.73,79,4629,47,4.596,0.862,6.243,0.524,9.779,0.063,0.061,0.741,0.161
mk10,RF-Scorev4/GlideSP,1.0,NEF,,2.69,4.173,2.69,104,6704,68,2.838,0.734,2.764,0.509,4.173,0.021,0.021,0.74,0.101
mk14,RF-Scorev4/GlideSP,1.0,NEF,,7.77,12.329,7.77,578,36428,365,44.999,0.897,8.722,0.534,12.329,0.086,0.084,0.689,0.173
mmp13,RF-Scorev4/GlideSP,1.0,NEF,,3.13,4.74,3.13,572,37772,378,17.917,0.764,3.236,0.511,4.74,0.027,0.026,0.615,0.077
mp2k1,RF-Scorev4/GlideSP,1.0,NEF,,0.0,0.0,0.0,121,8271,83,0.0,0.0,0.0,0.495,0.0,-0.012,-0.012,0.501,0.001
nos1,RF-Scorev4/GlideSP,1.0,NEF,,0.85,1.043,0.85,100,8150,82,0.855,0.459,0.848,0.499,1.043,-0.002,-0.002,0.592,0.042
nram,RF-Scorev4/GlideSP,1.0,NEF,,2.22,3.454,2.22,98,6298,63,2.176,0.694,2.264,0.506,3.454,0.015,0.015,0.756,0.141
pa2ga,RF-Scorev4/GlideSP,1.0,NEF,,5.54,10.449,5.54,99,5249,53,5.538,0.859,6.07,0.523,10.449,0.064,0.061,0.641,0.108
parp1,RF-Scorev4/GlideSP,1.0,NEF,,7.14,11.87,7.14,508,30558,306,36.321,0.888,7.967,0.531,11.87,0.08,0.078,0.719,0.148
pde5a,RF-Scorev4/GlideSP,1.0,NEF,,0.89,1.267,0.89,398,27948,280,3.549,0.471,0.889,0.499,1.267,-0.001,-0.001,0.599,0.023
pgh1,RF-Scorev4/GlideSP,1.0,NEF,,0.45,0.798,0.45,195,10995,110,0.878,0.308,0.446,0.497,0.798,-0.007,-0.007,0.552,0.016
pgh2,RF-Scorev4/GlideSP,1.0,NEF,,1.13,2.084,1.13,435,23585,236,4.919,0.531,1.133,0.501,2.084,0.002,0.002,0.512,0.026
plk1,RF-Scorev4/GlideSP,1.0,NEF,,1.31,2.029,1.31,107,6907,70,1.421,0.568,1.316,0.502,2.029,0.004,0.004,0.734,0.046
pnph,RF-Scorev4/GlideSP,1.0,NEF,,3.05,4.454,3.05,103,7053,71,3.162,0.759,3.146,0.51,4.454,0.025,0.025,0.601,0.141
ppara,RF-Scorev4/GlideSP,1.0,NEF,,5.58,10.527,5.58,373,19772,198,20.843,0.86,6.119,0.523,10.527,0.064,0.061,0.695,0.176
ppard,RF-Scorev4/GlideSP,1.0,NEF,,9.74,18.716,9.74,240,12490,125,23.395,0.922,11.752,0.545,18.716,0.123,0.117,0.684,0.231
pparg,RF-Scorev4/GlideSP,1.0,NEF,,4.43,8.316,4.43,484,25784,258,21.455,0.826,4.741,0.517,8.316,0.048,0.045,0.646,0.125
prgr,RF-Scorev4/GlideSP,1.0,NEF,,6.52,11.982,6.52,293,15943,160,19.172,0.879,7.271,0.528,11.982,0.076,0.073,0.737,0.158
ptn1,RF-Scorev4/GlideSP,1.0,NEF,,12.06,21.244,12.06,130,7380,74,15.72,0.938,15.043,0.556,21.244,0.149,0.143,0.743,0.319
pur2,RF-Scorev4/GlideSP,1.0,NEF,,0.0,0.0,0.0,50,2750,28,0.0,0.0,0.0,0.495,0.0,-0.014,-0.013,0.808,0.056
pygm,RF-Scorev4/GlideSP,1.0,NEF,,3.44,6.578,3.44,77,4027,41,2.697,0.783,3.612,0.513,6.578,0.035,0.033,0.591,0.072
pyrd,RF-Scorev4/GlideSP,1.0,NEF,,3.05,5.16,3.05,111,6561,66,3.406,0.76,3.162,0.51,5.16,0.027,0.026,0.763,0.103
reni,RF-Scorev4/GlideSP,1.0,NEF,,5.41,7.967,5.41,104,7062,71,5.657,0.853,5.792,0.522,7.967,0.054,0.053,0.629,0.237
rock1,RF-Scorev4/GlideSP,1.0,NEF,,2.96,4.625,2.96,100,6400,64,2.96,0.753,3.055,0.51,4.625,0.025,0.024,0.736,0.105
rxra,RF-Scorev4/GlideSP,1.0,NEF,,7.57,14.005,7.57,131,7081,71,9.943,0.896,8.64,0.534,14.005,0.091,0.087,0.654,0.182
sahh,RF-Scorev4/GlideSP,1.0,NEF,,0.0,0.0,0.0,63,3513,36,0.0,0.0,0.0,0.495,0.0,-0.014,-0.013,0.611,0.018
src,RF-Scorev4/GlideSP,1.0,NEF,,1.22,1.825,1.22,524,35024,351,6.407,0.55,1.224,0.501,1.825,0.003,0.003,0.675,0.046
tgfr1,RF-Scorev4/GlideSP,1.0,NEF,,0.36,0.555,0.36,133,8633,87,0.483,0.263,0.356,0.497,0.555,-0.008,-0.008,0.742,0.017
thb,RF-Scorev4/GlideSP,1.0,NEF,,7.96,10.855,7.96,103,7553,76,8.25,0.898,8.808,0.536,10.855,0.083,0.082,0.621,0.257
thrb,RF-Scorev4/GlideSP,1.0,NEF,,3.29,5.522,3.29,461,27465,275,15.186,0.774,3.424,0.512,5.522,0.03,0.029,0.744,0.103
try1,RF-Scorev4/GlideSP,1.0,NEF,,4.82,8.189,4.82,449,26429,265,21.7,0.838,5.161,0.519,8.189,0.051,0.049,0.748,0.134
tryb1,RF-Scorev4/GlideSP,1.0,NEF,,12.83,24.35,12.83,148,7798,78,18.993,0.943,16.638,0.56,24.35,0.165,0.157,0.721,0.243
tysy,RF-Scorev4/GlideSP,1.0,NEF,,9.19,14.604,9.19,109,6859,69,10.077,0.914,10.591,0.542,14.604,0.105,0.102,0.622,0.326
urok,RF-Scorev4/GlideSP,1.0,NEF,,1.98,3.204,1.98,162,10012,101,3.236,0.668,2.012,0.505,3.204,0.013,0.012,0.701,0.067
vgfr2,RF-Scorev4/GlideSP,1.0,NEF,,1.05,1.693,1.05,409,25359,254,4.301,0.512,1.051,0.5,1.693,0.001,0.001,0.614,0.04
wee1,RF-Scorev4/GlideSP,1.0,NEF,,41.15,67.135,41.15,102,6252,63,42.295,0.992,123.168,0.706,67.135,0.522,0.507,0.914,0.848
xiap,RF-Scorev4/GlideSP,1.0,NEF,,15.35,29.238,15.35,100,5250,53,15.496,0.955,21.279,0.574,29.238,0.202,0.192,0.819,0.353
aa2ar,RF-Scorev3/GlideSP,1.0,NEF,,0.47,0.707,0.47,482,32032,321,2.27,0.318,0.466,0.497,0.707,-0.007,-0.006,0.662,0.016
abl1,RF-Scorev3/GlideSP,1.0,NEF,,4.79,7.975,4.79,182,10932,110,8.772,0.837,5.118,0.519,7.975,0.05,0.048,0.689,0.125
ace,RF-Scorev3/GlideSP,1.0,NEF,,5.67,9.306,5.67,282,17182,172,16.006,0.86,6.149,0.524,9.306,0.061,0.059,0.612,0.227
aces,RF-Scorev3/GlideSP,1.0,NEF,,7.96,13.504,7.96,453,26703,268,36.19,0.9,9.047,0.536,13.504,0.092,0.089,0.535,0.192
ada,RF-Scorev3/GlideSP,1.0,NEF,,1.13,1.896,1.13,93,5543,56,1.062,0.531,1.133,0.501,1.896,0.002,0.002,0.513,0.04
ada17,RF-Scorev3/GlideSP,1.0,NEF,,7.93,11.58,7.93,532,36432,365,42.266,0.898,8.838,0.535,11.58,0.085,0.083,0.567,0.21
adrb1,RF-Scorev3/GlideSP,1.0,NEF,,1.52,2.332,1.52,247,16097,161,3.755,0.605,1.532,0.503,2.332,0.007,0.006,0.576,0.053
adrb2,RF-Scorev3/GlideSP,1.0,NEF,,1.34,2.032,1.34,231,15231,153,3.109,0.574,1.347,0.502,2.032,0.004,0.004,0.567,0.049
akt1,RF-Scorev3/GlideSP,1.0,NEF,,0.47,0.822,0.47,293,16743,168,1.382,0.318,0.466,0.497,0.822,-0.007,-0.007,0.647,0.015
akt2,RF-Scorev3/GlideSP,1.0,NEF,,0.0,0.0,0.0,117,7017,71,0.0,0.0,0.0,0.495,0.0,-0.013,-0.013,0.701,0.007
aldr,RF-Scorev3/GlideSP,1.0,NEF,,2.74,4.757,2.74,159,9159,92,4.376,0.739,2.827,0.509,4.757,0.023,0.022,0.517,0.086
ampc,RF-Scorev3/GlideSP,1.0,NEF,,0.0,0.0,0.0,48,2898,29,0.0,0.0,0.0,0.495,0.0,-0.013,-0.013,0.482,0.023
andr,RF-Scorev3/GlideSP,1.0,NEF,,1.26,2.318,1.26,269,14619,147,3.408,0.559,1.266,0.501,2.318,0.004,0.003,0.622,0.038
aofb,RF-Scorev3/GlideSP,1.0,NEF,,0.0,0.0,0.0,122,7022,71,0.0,0.0,0.0,0.495,0.0,-0.013,-0.013,0.53,0.024
bace1,RF-Scorev3/GlideSP,1.0,NEF,,10.19,15.687,10.19,283,18383,184,28.864,0.922,11.9,0.547,15.687,0.116,0.113,0.616,0.242
braf,RF-Scorev3/GlideSP,1.0,NEF,,3.24,4.875,3.24,152,10102,102,4.973,0.77,3.355,0.511,4.875,0.028,0.027,0.673,0.067
cah2,RF-Scorev3/GlideSP,1.0,NEF,,12.22,18.988,12.22,492,31664,317,60.191,0.937,14.85,0.557,18.988,0.142,0.138,0.658,0.281
casp3,RF-Scorev3/GlideSP,1.0,NEF,,2.28,4.163,2.28,199,10899,109,4.538,0.7,2.336,0.507,4.163,0.018,0.017,0.452,0.074
cdk2,RF-Scorev3/GlideSP,1.0,NEF,,0.5,0.837,0.5,474,28324,284,2.376,0.331,0.496,0.497,0.837,-0.007,-0.006,0.662,0.021
comt,RF-Scorev3/GlideSP,1.0,NEF,,0.0,0.0,0.0,41,3891,39,0.0,0.0,0.0,0.495,0.0,-0.01,-0.01,0.356,0.0
cp2c9,RF-Scorev3/GlideSP,1.0,NEF,,8.23,13.046,8.23,120,7570,76,9.915,0.903,9.315,0.537,13.046,0.092,0.09,0.569,0.164
cp3a4,RF-Scorev3/GlideSP,1.0,NEF,,3.73,5.297,3.73,170,11970,120,6.357,0.795,3.883,0.514,5.297,0.033,0.032,0.569,0.094
csf1r,RF-Scorev3/GlideSP,1.0,NEF,,1.06,1.429,1.06,166,12316,124,1.772,0.515,1.061,0.5,1.429,0.001,0.001,0.731,0.022
cxcr4,RF-Scorev3/GlideSP,1.0,NEF,,0.0,0.0,0.0,40,3446,35,0.0,0.0,0.0,0.495,0.0,-0.011,-0.011,0.69,0.004
def,RF-Scorev3/GlideSP,1.0,NEF,,0.0,0.0,0.0,102,5802,59,0.0,0.0,0.0,0.495,0.0,-0.014,-0.013,0.623,0.012
dhi1,RF-Scorev3/GlideSP,1.0,NEF,,2.14,3.588,2.14,330,19680,197,7.069,0.686,2.182,0.506,3.588,0.015,0.014,0.662,0.068
dpp4,RF-Scorev3/GlideSP,1.0,NEF,,0.93,1.195,0.93,533,41483,415,4.959,0.482,0.929,0.5,1.195,-0.001,-0.001,0.634,0.025
drd3,RF-Scorev3/GlideSP,1.0,NEF,,3.43,4.768,3.43,480,34530,346,16.497,0.78,3.552,0.512,4.768,0.029,0.029,0.548,0.079
dyr,RF-Scorev3/GlideSP,1.0,NEF,,1.25,1.657,1.25,231,17431,175,2.899,0.556,1.254,0.501,1.657,0.003,0.003,0.647,0.039
egfr,RF-Scorev3/GlideSP,1.0,NEF,,2.66,4.051,2.66,542,35592,356,14.42,0.732,2.73,0.508,4.051,0.021,0.02,0.628,0.058
esr1,RF-Scorev3/GlideSP,1.0,NEF,,0.33,0.6,0.33,383,21068,211,1.266,0.246,0.326,0.497,0.6,-0.009,-0.009,0.801,0.03
esr2,RF-Scorev3/GlideSP,1.0,NEF,,0.17,0.303,0.17,367,20566,206,0.625,0.143,0.167,0.496,0.303,-0.011,-0.011,0.811,0.023
fa10,RF-Scorev3/GlideSP,1.0,NEF,,18.07,33.621,18.07,537,28862,289,97.164,0.964,26.716,0.587,33.621,0.236,0.225,0.85,0.575
fa7,RF-Scorev3/GlideSP,1.0,NEF,,10.13,18.146,10.13,114,6364,64,11.614,0.924,12.154,0.547,18.146,0.124,0.119,0.821,0.287
fabp4,RF-Scorev3/GlideSP,1.0,NEF,,1.73,2.907,1.73,47,2797,28,0.814,0.637,1.752,0.504,2.907,0.01,0.009,0.59,0.042
fak1,RF-Scorev3/GlideSP,1.0,NEF,,3.54,6.495,3.54,100,5450,55,3.572,0.788,3.716,0.513,6.495,0.035,0.034,0.757,0.071
fgfr1,RF-Scorev3/GlideSP,1.0,NEF,,1.75,2.752,1.75,139,8839,89,2.449,0.639,1.771,0.504,2.752,0.01,0.009,0.496,0.468
fkb1a,RF-Scorev3/GlideSP,1.0,NEF,,0.0,0.0,0.0,111,5911,60,0.0,0.0,0.0,0.495,0.0,-0.014,-0.013,0.56,0.019
fnta,RF-Scorev3/GlideSP,1.0,NEF,,3.33,3.784,3.33,592,52092,521,19.717,0.774,3.422,0.512,3.784,0.025,0.025,0.706,0.116
fpps,RF-Scorev3/GlideSP,1.0,NEF,,0.0,0.0,0.0,85,8935,90,0.0,0.0,0.0,0.495,0.0,-0.01,-0.01,0.427,0.0
gcr,RF-Scorev3/GlideSP,1.0,NEF,,4.78,8.083,4.78,258,15258,153,12.366,0.836,5.112,0.519,8.083,0.05,0.048,0.68,0.09
glcm,RF-Scorev3/GlideSP,1.0,NEF,,0.0,0.0,0.0,54,3854,39,0.0,0.0,0.0,0.495,0.0,-0.012,-0.012,0.475,0.012
gria2,RF-Scorev3/GlideSP,1.0,NEF,,0.34,0.448,0.34,158,12003,121,0.542,0.252,0.337,0.497,0.448,-0.008,-0.008,0.584,0.021
grik1,RF-Scorev3/GlideSP,1.0,NEF,,1.95,2.961,1.95,101,6651,67,1.984,0.664,1.979,0.505,2.961,0.012,0.012,0.48,0.029
hdac2,RF-Scorev3/GlideSP,1.0,NEF,,4.76,8.399,4.76,185,10485,105,8.819,0.836,5.105,0.519,8.399,0.051,0.049,0.606,0.101
hdac8,RF-Scorev3/GlideSP,1.0,NEF,,0.0,0.0,0.0,170,10620,107,0.0,0.0,0.0,0.495,0.0,-0.013,-0.013,0.625,0.013
hivint,RF-Scorev3/GlideSP,1.0,NEF,,0.0,0.0,0.0,100,6750,68,0.0,0.0,0.0,0.495,0.0,-0.012,-0.012,0.525,0.012
hivpr,RF-Scorev3/GlideSP,1.0,NEF,,9.8,14.476,9.8,536,36286,363,52.548,0.919,11.29,0.545,14.476,0.108,0.106,0.704,0.33
hivrt,RF-Scorev3/GlideSP,1.0,NEF,,0.18,0.316,0.18,338,19229,193,0.611,0.151,0.177,0.496,0.316,-0.011,-0.011,0.547,0.012
hmdh,RF-Scorev3/GlideSP,1.0,NEF,,0.0,0.0,0.0,170,8920,90,0.0,0.0,0.0,0.495,0.0,-0.014,-0.013,0.59,0.006
hs90a,RF-Scorev3/GlideSP,1.0,NEF,,0.0,0.0,0.0,88,4938,50,0.0,0.0,0.0,0.495,0.0,-0.014,-0.013,0.576,0.007
hxk4,RF-Scorev3/GlideSP,1.0,NEF,,0.0,0.0,0.0,92,4792,48,0.0,0.0,0.0,0.495,0.0,-0.014,-0.013,0.626,0.002
igf1r,RF-Scorev3/GlideSP,1.0,NEF,,7.98,12.5,7.98,148,9448,95,11.875,0.9,8.977,0.536,12.5,0.089,0.087,0.682,0.159
inha,RF-Scorev3/GlideSP,1.0,NEF,,5.75,10.553,5.75,43,2343,24,2.533,0.863,6.31,0.525,10.553,0.066,0.063,0.673,0.224
ital,RF-Scorev3/GlideSP,1.0,NEF,,1.31,2.093,1.31,138,8638,87,1.821,0.568,1.317,0.502,2.093,0.004,0.004,0.538,0.03
jak2,RF-Scorev3/GlideSP,1.0,NEF,,9.24,14.964,9.24,107,6607,67,10.026,0.914,10.69,0.542,14.964,0.107,0.104,0.761,0.199
kif11,RF-Scorev3/GlideSP,1.0,NEF,,17.22,28.675,17.22,116,6966,70,20.073,0.96,23.741,0.583,28.675,0.213,0.206,0.693,0.392
kit,RF-Scorev3/GlideSP,1.0,NEF,,0.4,0.625,0.4,166,10616,107,0.669,0.284,0.396,0.497,0.625,-0.008,-0.007,0.726,0.037
kith,RF-Scorev3/GlideSP,1.0,NEF,,2.26,4.431,2.26,57,2907,30,1.329,0.699,2.318,0.507,4.431,0.018,0.017,0.383,0.088
kpcb,RF-Scorev3/GlideSP,1.0,NEF,,4.65,7.105,4.65,135,8835,89,6.324,0.831,4.929,0.519,7.105,0.046,0.045,0.567,0.136
lck,RF-Scorev3/GlideSP,1.0,NEF,,2.06,3.11,2.06,420,27820,279,8.677,0.677,2.094,0.505,3.11,0.013,0.013,0.698,0.052
lkha4,RF-Scorev3/GlideSP,1.0,NEF,,4.56,8.105,4.56,171,9621,97,7.862,0.83,4.874,0.518,8.105,0.048,0.046,0.637,0.141
mapk2,RF-Scorev3/GlideSP,1.0,NEF,,0.0,0.0,0.0,101,6251,63,0.0,0.0,0.0,0.495,0.0,-0.013,-0.013,0.609,0.016
mcr,RF-Scorev3/GlideSP,1.0,NEF,,3.91,7.009,3.91,94,5244,53,3.715,0.805,4.129,0.515,7.009,0.04,0.038,0.762,0.097
met,RF-Scorev3/GlideSP,1.0,NEF,,16.44,23.905,16.44,166,11416,115,27.491,0.955,21.291,0.579,23.905,0.189,0.186,0.768,0.356
mk01,RF-Scorev3/GlideSP,1.0,NEF,,1.43,2.44,1.43,79,4629,47,1.147,0.59,1.441,0.502,2.44,0.006,0.006,0.705,0.058
mk10,RF-Scorev3/GlideSP,1.0,NEF,,3.23,5.011,3.23,104,6704,68,3.407,0.77,3.348,0.511,5.011,0.028,0.028,0.725,0.066
mk14,RF-Scorev3/GlideSP,1.0,NEF,,5.36,8.505,5.36,578,36428,365,31.042,0.852,5.765,0.522,8.505,0.056,0.054,0.677,0.134
mmp13,RF-Scorev3/GlideSP,1.0,NEF,,3.42,5.179,3.42,572,37772,378,19.577,0.78,3.552,0.512,5.179,0.03,0.03,0.53,0.106
mp2k1,RF-Scorev3/GlideSP,1.0,NEF,,0.0,0.0,0.0,121,8271,83,0.0,0.0,0.0,0.495,0.0,-0.012,-0.012,0.549,0.002
nos1,RF-Scorev3/GlideSP,1.0,NEF,,1.71,2.098,1.71,100,8150,82,1.72,0.633,1.725,0.504,2.098,0.008,0.008,0.588,0.057
nram,RF-Scorev3/GlideSP,1.0,NEF,,1.33,2.07,1.33,98,6298,63,1.304,0.572,1.337,0.502,2.07,0.004,0.004,0.662,0.04
pa2ga,RF-Scorev3/GlideSP,1.0,NEF,,1.58,2.98,1.58,99,5249,53,1.579,0.615,1.598,0.503,2.98,0.008,0.008,0.68,0.028
parp1,RF-Scorev3/GlideSP,1.0,NEF,,2.83,4.705,2.83,508,30558,306,14.396,0.745,2.92,0.509,4.705,0.024,0.023,0.683,0.075
pde5a,RF-Scorev3/GlideSP,1.0,NEF,,1.34,1.908,1.34,398,27948,280,5.343,0.574,1.347,0.502,1.908,0.004,0.004,0.541,0.03
pgh1,RF-Scorev3/GlideSP,1.0,NEF,,1.35,2.394,1.35,195,10995,110,2.634,0.576,1.359,0.502,2.394,0.005,0.005,0.578,0.038
pgh2,RF-Scorev3/GlideSP,1.0,NEF,,1.58,2.914,1.58,435,23585,236,6.877,0.615,1.597,0.503,2.914,0.008,0.008,0.59,0.038
plk1,RF-Scorev3/GlideSP,1.0,NEF,,5.23,8.102,5.23,107,6907,70,5.671,0.849,5.603,0.522,8.102,0.054,0.052,0.717,0.118
pnph,RF-Scorev3/GlideSP,1.0,NEF,,0.0,0.0,0.0,103,7053,71,0.0,0.0,0.0,0.495,0.0,-0.012,-0.012,0.686,0.013
ppara,RF-Scorev3/GlideSP,1.0,NEF,,1.86,3.509,1.86,373,19772,198,6.948,0.654,1.891,0.504,3.509,0.012,0.011,0.608,0.052
ppard,RF-Scorev3/GlideSP,1.0,NEF,,1.74,3.343,1.74,240,12490,125,4.179,0.638,1.766,0.504,3.343,0.01,0.01,0.638,0.062
pparg,RF-Scorev3/GlideSP,1.0,NEF,,3.18,5.969,3.18,484,25784,258,15.401,0.768,3.318,0.511,5.969,0.03,0.029,0.643,0.106
prgr,RF-Scorev3/GlideSP,1.0,NEF,,2.08,3.823,2.08,293,15943,160,6.116,0.68,2.123,0.506,3.823,0.015,0.014,0.683,0.06
ptn1,RF-Scorev3/GlideSP,1.0,NEF,,12.95,22.812,12.95,130,7380,74,16.881,0.943,16.482,0.561,22.812,0.161,0.155,0.749,0.378
pur2,RF-Scorev3/GlideSP,1.0,NEF,,0.0,0.0,0.0,50,2750,28,0.0,0.0,0.0,0.495,0.0,-0.014,-0.013,0.768,0.006
pygm,RF-Scorev3/GlideSP,1.0,NEF,,2.58,4.933,2.58,77,4027,41,2.023,0.727,2.662,0.508,4.933,0.022,0.021,0.566,0.055
pyrd,RF-Scorev3/GlideSP,1.0,NEF,,9.14,15.463,9.14,111,6561,66,10.206,0.914,10.629,0.542,15.463,0.108,0.104,0.723,0.212
reni,RF-Scorev3/GlideSP,1.0,NEF,,1.8,2.651,1.8,104,7062,71,1.882,0.646,1.822,0.504,2.651,0.01,0.01,0.65,0.099
rock1,RF-Scorev3/GlideSP,1.0,NEF,,0.99,1.547,0.99,100,6400,64,0.99,0.497,0.99,0.5,1.547,-0.0,-0.0,0.72,0.018
rxra,RF-Scorev3/GlideSP,1.0,NEF,,4.13,7.641,4.13,131,7081,71,5.425,0.814,4.389,0.516,7.641,0.043,0.041,0.722,0.076
sahh,RF-Scorev3/GlideSP,1.0,NEF,,0.0,0.0,0.0,63,3513,36,0.0,0.0,0.0,0.495,0.0,-0.014,-0.013,0.653,0.001
src,RF-Scorev3/GlideSP,1.0,NEF,,0.37,0.554,0.37,524,35024,351,1.943,0.268,0.366,0.497,0.554,-0.008,-0.008,0.626,0.008
tgfr1,RF-Scorev3/GlideSP,1.0,NEF,,1.42,2.188,1.42,133,8633,87,1.903,0.588,1.429,0.502,2.188,0.005,0.005,0.706,0.035
thb,RF-Scorev3/GlideSP,1.0,NEF,,1.22,1.664,1.22,103,7553,76,1.264,0.55,1.224,0.501,1.664,0.003,0.003,0.545,0.059
thrb,RF-Scorev3/GlideSP,1.0,NEF,,5.17,8.678,5.17,461,27465,275,23.864,0.848,5.566,0.521,8.678,0.055,0.053,0.75,0.148
try1,RF-Scorev3/GlideSP,1.0,NEF,,3.88,6.592,3.88,449,26429,265,17.468,0.803,4.083,0.515,6.592,0.038,0.037,0.763,0.103
tryb1,RF-Scorev3/GlideSP,1.0,NEF,,4.08,7.744,4.08,148,7798,78,6.04,0.813,4.339,0.516,7.744,0.043,0.041,0.7,0.113
tysy,RF-Scorev3/GlideSP,1.0,NEF,,5.25,8.343,5.25,109,6859,69,5.757,0.849,5.637,0.522,8.343,0.054,0.053,0.647,0.215
urok,RF-Scorev3/GlideSP,1.0,NEF,,3.3,5.34,3.3,162,10012,101,5.393,0.774,3.43,0.512,5.34,0.03,0.029,0.713,0.106
vgfr2,RF-Scorev3/GlideSP,1.0,NEF,,3.14,5.064,3.14,409,25359,254,12.863,0.765,3.254,0.511,5.064,0.028,0.027,0.607,0.083
wee1,RF-Scorev3/GlideSP,1.0,NEF,,41.87,68.31,41.87,102,6252,63,43.035,0.992,129.968,0.709,68.31,0.531,0.516,0.821,0.845
xiap,RF-Scorev3/GlideSP,1.0,NEF,,8.44,16.076,8.44,100,5250,53,8.52,0.908,9.865,0.538,16.076,0.105,0.099,0.81,0.2
aa2ar,NNscore1.0/GlideSP,1.0,NEF,,2.13,3.205,2.13,482,32032,321,10.288,0.684,2.167,0.506,3.205,0.014,0.014,0.633,0.074
abl1,NNscore1.0/GlideSP,1.0,NEF,,4.79,7.975,4.79,182,10932,110,8.772,0.837,5.118,0.519,7.975,0.05,0.048,0.572,0.117
ace,NNscore1.0/GlideSP,1.0,NEF,,7.64,12.539,7.64,282,17182,172,21.567,0.896,8.592,0.534,12.539,0.086,0.084,0.655,0.262
aces,NNscore1.0/GlideSP,1.0,NEF,,8.12,13.775,8.12,453,26703,268,36.917,0.903,9.257,0.536,13.775,0.094,0.091,0.736,0.198
ada,NNscore1.0/GlideSP,1.0,NEF,,0.75,1.258,0.75,93,5543,56,0.705,0.428,0.747,0.499,1.258,-0.003,-0.003,0.456,0.036
ada17,NNscore1.0/GlideSP,1.0,NEF,,4.97,7.257,4.97,532,36432,365,26.49,0.841,5.281,0.52,7.257,0.049,0.048,0.744,0.135
adrb1,NNscore1.0/GlideSP,1.0,NEF,,1.52,2.332,1.52,247,16097,161,3.755,0.605,1.532,0.503,2.332,0.007,0.006,0.667,0.045
adrb2,NNscore1.0/GlideSP,1.0,NEF,,1.34,2.032,1.34,231,15231,153,3.109,0.574,1.347,0.502,2.032,0.004,0.004,0.672,0.057
akt1,NNscore1.0/GlideSP,1.0,NEF,,1.42,2.485,1.42,293,16743,168,4.175,0.589,1.431,0.502,2.485,0.006,0.005,0.565,0.046
akt2,NNscore1.0/GlideSP,1.0,NEF,,2.64,4.402,2.64,117,7017,71,3.125,0.731,2.716,0.508,4.402,0.022,0.021,0.594,0.085
aldr,NNscore1.0/GlideSP,1.0,NEF,,1.37,2.378,1.37,159,9159,92,2.188,0.58,1.379,0.502,2.378,0.005,0.005,0.55,0.042
ampc,NNscore1.0/GlideSP,1.0,NEF,,0.0,0.0,0.0,48,2898,29,0.0,0.0,0.0,0.495,0.0,-0.013,-0.013,0.522,0.0
andr,NNscore1.0/GlideSP,1.0,NEF,,3.77,6.937,3.77,269,14619,147,10.197,0.799,3.976,0.514,6.937,0.038,0.036,0.621,0.112
aofb,NNscore1.0/GlideSP,1.0,NEF,,2.39,4.152,2.39,122,7022,71,2.948,0.71,2.45,0.507,4.152,0.019,0.018,0.571,0.042
bace1,NNscore1.0/GlideSP,1.0,NEF,,3.33,5.126,3.33,283,18383,184,9.433,0.776,3.456,0.512,5.126,0.029,0.029,0.767,0.122
braf,NNscore1.0/GlideSP,1.0,NEF,,3.64,5.477,3.64,152,10102,102,5.586,0.791,3.793,0.514,5.477,0.033,0.032,0.634,0.084
cah2,NNscore1.0/GlideSP,1.0,NEF,,0.61,0.948,0.61,492,31664,317,3.005,0.377,0.606,0.498,0.948,-0.005,-0.005,0.522,0.04
casp3,NNscore1.0/GlideSP,1.0,NEF,,0.86,1.57,0.86,199,10899,109,1.712,0.462,0.858,0.499,1.57,-0.002,-0.002,0.659,0.037
cdk2,NNscore1.0/GlideSP,1.0,NEF,,2.26,3.782,2.26,474,28324,284,10.741,0.698,2.31,0.506,3.782,0.017,0.016,0.58,0.068
comt,NNscore1.0/GlideSP,1.0,NEF,,0.0,0.0,0.0,41,3891,39,0.0,0.0,0.0,0.495,0.0,-0.01,-0.01,0.319,0.0
cp2c9,NNscore1.0/GlideSP,1.0,NEF,,3.29,5.215,3.29,120,7570,76,3.964,0.774,3.416,0.512,5.215,0.029,0.029,0.59,0.073
cp3a4,NNscore1.0/GlideSP,1.0,NEF,,2.58,3.664,2.58,170,11970,120,4.397,0.725,2.64,0.508,3.664,0.019,0.019,0.58,0.071
csf1r,NNscore1.0/GlideSP,1.0,NEF,,5.66,7.629,5.66,166,12316,124,9.46,0.858,6.045,0.524,7.629,0.055,0.054,0.673,0.133
cxcr4,NNscore1.0/GlideSP,1.0,NEF,,2.5,2.902,2.5,40,3446,35,1.016,0.718,2.545,0.508,2.902,0.016,0.016,0.591,0.07
def,NNscore1.0/GlideSP,1.0,NEF,,8.79,15.453,8.79,102,5802,59,9.117,0.911,10.214,0.54,15.453,0.106,0.102,0.687,0.177
dhi1,NNscore1.0/GlideSP,1.0,NEF,,7.0,11.738,7.0,330,19680,197,23.123,0.886,7.798,0.531,11.738,0.079,0.076,0.703,0.171
dpp4,NNscore1.0/GlideSP,1.0,NEF,,4.17,5.358,4.17,533,41483,415,22.235,0.813,4.349,0.516,5.358,0.036,0.036,0.523,0.107
drd3,NNscore1.0/GlideSP,1.0,NEF,,1.37,1.904,1.37,480,34530,346,6.589,0.579,1.377,0.502,1.904,0.004,0.004,0.59,0.044
dyr,NNscore1.0/GlideSP,1.0,NEF,,0.89,1.179,0.89,231,17431,175,2.064,0.471,0.889,0.499,1.179,-0.001,-0.001,0.629,0.04
egfr,NNscore1.0/GlideSP,1.0,NEF,,3.87,5.893,3.87,542,35592,356,20.98,0.802,4.05,0.515,5.893,0.036,0.035,0.517,0.08
esr1,NNscore1.0/GlideSP,1.0,NEF,,2.51,4.563,2.51,383,21068,211,9.628,0.721,2.582,0.508,4.563,0.021,0.02,0.758,0.098
esr2,NNscore1.0/GlideSP,1.0,NEF,,1.21,2.159,1.21,367,20566,206,4.448,0.548,1.215,0.501,2.159,0.003,0.003,0.768,0.053
fa10,NNscore1.0/GlideSP,1.0,NEF,,3.92,7.293,3.92,537,28862,289,21.078,0.806,4.15,0.515,7.293,0.04,0.039,0.733,0.158
fa7,NNscore1.0/GlideSP,1.0,NEF,,11.2,20.063,11.2,114,6364,64,12.84,0.932,13.76,0.552,20.063,0.139,0.133,0.84,0.293
fabp4,NNscore1.0/GlideSP,1.0,NEF,,3.45,5.797,3.45,47,2797,28,1.623,0.783,3.601,0.512,5.797,0.032,0.031,0.762,0.118
fak1,NNscore1.0/GlideSP,1.0,NEF,,7.95,14.587,7.95,100,5450,55,8.023,0.901,9.137,0.536,14.587,0.096,0.092,0.639,0.17
fgfr1,NNscore1.0/GlideSP,1.0,NEF,,1.32,2.076,1.32,139,8839,89,1.847,0.57,1.327,0.502,2.076,0.004,0.004,0.52,0.418
fkb1a,NNscore1.0/GlideSP,1.0,NEF,,2.19,4.113,2.19,111,5911,60,2.468,0.691,2.241,0.506,4.113,0.017,0.016,0.732,0.096
fnta,NNscore1.0/GlideSP,1.0,NEF,,1.15,1.307,1.15,592,52092,521,6.809,0.535,1.152,0.501,1.307,0.002,0.002,0.642,0.044
fpps,NNscore1.0/GlideSP,1.0,NEF,,39.6,37.672,39.6,85,8935,90,33.905,0.984,62.931,0.696,39.888,0.382,0.381,0.885,0.867
gcr,NNscore1.0/GlideSP,1.0,NEF,,2.39,4.041,2.39,258,15258,153,6.183,0.71,2.449,0.507,4.041,0.018,0.018,0.716,0.084
glcm,NNscore1.0/GlideSP,1.0,NEF,,0.0,0.0,0.0,54,3854,39,0.0,0.0,0.0,0.495,0.0,-0.012,-0.012,0.708,0.018
gria2,NNscore1.0/GlideSP,1.0,NEF,,4.12,5.423,4.12,158,12003,121,6.562,0.811,4.299,0.516,5.423,0.036,0.036,0.539,0.091
grik1,NNscore1.0/GlideSP,1.0,NEF,,8.47,12.862,8.47,101,6651,67,8.618,0.905,9.573,0.538,12.862,0.094,0.092,0.647,0.183
hdac2,NNscore1.0/GlideSP,1.0,NEF,,0.87,1.535,0.87,185,10485,105,1.612,0.465,0.868,0.499,1.535,-0.002,-0.002,0.631,0.046
hdac8,NNscore1.0/GlideSP,1.0,NEF,,0.89,1.425,0.89,170,10620,107,1.524,0.47,0.888,0.499,1.425,-0.001,-0.001,0.672,0.023
hivint,NNscore1.0/GlideSP,1.0,NEF,,1.42,2.104,1.42,100,6750,68,1.431,0.588,1.429,0.502,2.104,0.005,0.005,0.666,0.071
hivpr,NNscore1.0/GlideSP,1.0,NEF,,0.89,1.315,0.89,536,36286,363,4.772,0.47,0.889,0.499,1.315,-0.001,-0.001,0.765,0.073
hivrt,NNscore1.0/GlideSP,1.0,NEF,,0.91,1.6,0.91,338,19229,193,3.087,0.476,0.909,0.5,1.6,-0.001,-0.001,0.526,0.024
hmdh,NNscore1.0/GlideSP,1.0,NEF,,6.68,12.731,6.68,170,8920,90,11.458,0.882,7.509,0.529,12.731,0.08,0.076,0.796,0.275
hs90a,NNscore1.0/GlideSP,1.0,NEF,,0.0,0.0,0.0,88,4938,50,0.0,0.0,0.0,0.495,0.0,-0.014,-0.013,0.399,0.005
hxk4,NNscore1.0/GlideSP,1.0,NEF,,2.36,4.531,2.36,92,4792,48,2.175,0.708,2.425,0.507,4.531,0.019,0.018,0.616,0.061
igf1r,NNscore1.0/GlideSP,1.0,NEF,,2.22,3.478,2.22,148,9448,95,3.304,0.694,2.264,0.506,3.478,0.016,0.015,0.597,0.07
inha,NNscore1.0/GlideSP,1.0,NEF,,7.18,13.177,7.18,43,2343,24,3.163,0.89,8.118,0.532,13.177,0.086,0.082,0.633,0.182
ital,NNscore1.0/GlideSP,1.0,NEF,,1.31,2.093,1.31,138,8638,87,1.821,0.568,1.317,0.502,2.093,0.004,0.004,0.583,0.035
jak2,NNscore1.0/GlideSP,1.0,NEF,,3.96,6.413,3.96,107,6607,67,4.297,0.806,4.163,0.515,6.413,0.038,0.037,0.644,0.079
kif11,NNscore1.0/GlideSP,1.0,NEF,,7.6,12.656,7.6,116,6966,70,8.859,0.895,8.556,0.534,12.656,0.087,0.084,0.76,0.236
kit,NNscore1.0/GlideSP,1.0,NEF,,2.39,3.737,2.39,166,10616,107,3.999,0.71,2.444,0.507,3.737,0.018,0.017,0.54,0.049
kith,NNscore1.0/GlideSP,1.0,NEF,,0.75,1.471,0.75,57,2907,30,0.441,0.427,0.746,0.499,1.471,-0.004,-0.003,0.641,0.051
kpcb,NNscore1.0/GlideSP,1.0,NEF,,1.69,2.582,1.69,135,8835,89,2.298,0.631,1.708,0.504,2.582,0.009,0.008,0.679,0.055
lck,NNscore1.0/GlideSP,1.0,NEF,,2.06,3.11,2.06,420,27820,279,8.677,0.677,2.094,0.505,3.11,0.013,0.013,0.584,0.052
lkha4,NNscore1.0/GlideSP,1.0,NEF,,0.83,1.475,0.83,171,9621,97,1.431,0.453,0.827,0.499,1.475,-0.002,-0.002,0.535,0.024
mapk2,NNscore1.0/GlideSP,1.0,NEF,,1.46,2.359,1.46,101,6251,63,1.486,0.595,1.471,0.502,2.359,0.006,0.006,0.607,0.052
mcr,NNscore1.0/GlideSP,1.0,NEF,,2.7,4.84,2.7,94,5244,53,2.565,0.736,2.786,0.509,4.84,0.023,0.022,0.741,0.106
met,NNscore1.0/GlideSP,1.0,NEF,,1.64,2.385,1.64,166,11416,115,2.742,0.623,1.656,0.503,2.385,0.008,0.008,0.588,0.062
mk01,NNscore1.0/GlideSP,1.0,NEF,,2.86,4.881,2.86,79,4629,47,2.294,0.747,2.955,0.51,4.881,0.025,0.024,0.642,0.099
mk10,NNscore1.0/GlideSP,1.0,NEF,,2.69,4.173,2.69,104,6704,68,2.838,0.734,2.764,0.509,4.173,0.021,0.021,0.559,0.068
mk14,NNscore1.0/GlideSP,1.0,NEF,,2.3,3.649,2.3,578,36428,365,13.32,0.701,2.349,0.507,3.649,0.017,0.016,0.616,0.054
mmp13,NNscore1.0/GlideSP,1.0,NEF,,3.71,5.618,3.71,572,37772,378,21.237,0.795,3.871,0.514,5.618,0.034,0.033,0.71,0.11
mp2k1,NNscore1.0/GlideSP,1.0,NEF,,2.08,3.043,2.08,121,8271,83,2.526,0.679,2.114,0.505,3.043,0.013,0.013,0.561,0.07
nos1,NNscore1.0/GlideSP,1.0,NEF,,0.0,0.0,0.0,100,8150,82,0.0,0.0,0.0,0.495,0.0,-0.011,-0.011,0.399,0.011
nram,NNscore1.0/GlideSP,1.0,NEF,,7.55,11.748,7.55,98,6298,63,7.401,0.894,8.422,0.533,11.748,0.083,0.081,0.792,0.249
pa2ga,NNscore1.0/GlideSP,1.0,NEF,,0.0,0.0,0.0,99,5249,53,0.0,0.0,0.0,0.495,0.0,-0.014,-0.013,0.507,0.019
parp1,NNscore1.0/GlideSP,1.0,NEF,,4.99,8.295,4.99,508,30558,306,25.384,0.843,5.351,0.52,8.295,0.052,0.051,0.715,0.134
pde5a,NNscore1.0/GlideSP,1.0,NEF,,3.41,4.856,3.41,398,27948,280,13.597,0.779,3.533,0.512,4.856,0.029,0.029,0.563,0.077
pgh1,NNscore1.0/GlideSP,1.0,NEF,,0.9,1.596,0.9,195,10995,110,1.756,0.473,0.898,0.499,1.596,-0.001,-0.001,0.415,0.042
pgh2,NNscore1.0/GlideSP,1.0,NEF,,1.36,2.508,1.36,435,23585,236,5.92,0.578,1.369,0.502,2.508,0.005,0.005,0.611,0.053
plk1,NNscore1.0/GlideSP,1.0,NEF,,2.61,4.043,2.61,107,6907,70,2.83,0.728,2.678,0.508,4.043,0.02,0.02,0.535,0.059
pnph,NNscore1.0/GlideSP,1.0,NEF,,5.24,7.652,5.24,103,7053,71,5.433,0.848,5.591,0.522,7.652,0.052,0.051,0.534,0.141
ppara,NNscore1.0/GlideSP,1.0,NEF,,6.69,12.621,6.69,373,19772,198,24.989,0.883,7.512,0.529,12.621,0.079,0.075,0.752,0.192
ppard,NNscore1.0/GlideSP,1.0,NEF,,7.65,14.7,7.65,240,12490,125,18.375,0.898,8.796,0.534,14.7,0.094,0.089,0.774,0.209
pparg,NNscore1.0/GlideSP,1.0,NEF,,2.35,4.411,2.35,484,25784,258,11.381,0.707,2.412,0.507,4.411,0.019,0.018,0.684,0.091
prgr,NNscore1.0/GlideSP,1.0,NEF,,1.78,3.271,1.78,293,15943,160,5.234,0.644,1.806,0.504,3.271,0.011,0.01,0.724,0.058
ptn1,NNscore1.0/GlideSP,1.0,NEF,,1.79,3.153,1.79,130,7380,74,2.333,0.645,1.816,0.504,3.153,0.011,0.01,0.417,0.066
pur2,NNscore1.0/GlideSP,1.0,NEF,,8.92,16.218,8.92,50,2750,28,4.541,0.913,10.453,0.541,16.218,0.109,0.105,0.785,0.583
pygm,NNscore1.0/GlideSP,1.0,NEF,,4.3,8.222,4.3,77,4027,41,3.371,0.821,4.596,0.517,8.222,0.047,0.044,0.559,0.115
pyrd,NNscore1.0/GlideSP,1.0,NEF,,6.86,11.606,6.86,111,6561,66,7.66,0.884,7.629,0.53,11.606,0.077,0.075,0.687,0.153
reni,NNscore1.0/GlideSP,1.0,NEF,,0.26,0.383,0.26,104,7062,71,0.272,0.205,0.257,0.496,0.383,-0.009,-0.009,0.71,0.022
rock1,NNscore1.0/GlideSP,1.0,NEF,,0.0,0.0,0.0,100,6400,64,0.0,0.0,0.0,0.495,0.0,-0.013,-0.012,0.6,0.014
rxra,NNscore1.0/GlideSP,1.0,NEF,,8.25,15.263,8.25,131,7081,71,10.836,0.905,9.556,0.537,15.263,0.1,0.096,0.884,0.367
sahh,NNscore1.0/GlideSP,1.0,NEF,,2.79,5.003,2.79,63,3513,36,1.801,0.743,2.884,0.509,5.003,0.025,0.024,0.201,0.134
src,NNscore1.0/GlideSP,1.0,NEF,,1.1,1.646,1.1,524,35024,351,5.777,0.524,1.102,0.501,1.646,0.001,0.001,0.466,0.032
tgfr1,NNscore1.0/GlideSP,1.0,NEF,,1.42,2.188,1.42,133,8633,87,1.903,0.588,1.429,0.502,2.188,0.005,0.005,0.511,0.048
thb,NNscore1.0/GlideSP,1.0,NEF,,6.12,8.346,6.12,103,7553,76,6.343,0.868,6.586,0.526,8.346,0.061,0.06,0.6,0.148
thrb,NNscore1.0/GlideSP,1.0,NEF,,9.04,15.174,9.04,461,27465,275,41.728,0.913,10.478,0.541,15.174,0.106,0.102,0.757,0.251
try1,NNscore1.0/GlideSP,1.0,NEF,,5.36,9.106,5.36,449,26429,265,24.131,0.853,5.797,0.522,9.106,0.058,0.056,0.751,0.143
tryb1,NNscore1.0/GlideSP,1.0,NEF,,7.0,13.285,7.0,148,7798,78,10.363,0.888,7.919,0.531,13.285,0.084,0.08,0.789,0.158
tysy,NNscore1.0/GlideSP,1.0,NEF,,5.91,9.392,5.91,109,6859,69,6.48,0.865,6.419,0.525,9.392,0.063,0.061,0.686,0.218
urok,NNscore1.0/GlideSP,1.0,NEF,,7.59,12.281,7.59,162,10012,101,12.404,0.895,8.513,0.534,12.281,0.085,0.083,0.73,0.243
vgfr2,NNscore1.0/GlideSP,1.0,NEF,,7.51,12.112,7.51,409,25359,254,30.766,0.894,8.407,0.533,12.112,0.084,0.081,0.659,0.184
wee1,NNscore1.0/GlideSP,1.0,NEF,,2.17,3.54,2.17,102,6252,63,2.23,0.689,2.213,0.506,3.54,0.015,0.015,0.852,0.109
xiap,NNscore1.0/GlideSP,1.0,NEF,,6.91,13.162,6.91,100,5250,53,6.976,0.886,7.806,0.53,13.162,0.083,0.079,0.9,0.198
aa2ar,NNscore2.0/GlideSP,1.0,NEF,,8.05,12.113,8.05,482,32032,321,38.883,0.9,9.022,0.536,12.113,0.088,0.086,0.748,0.202
abl1,NNscore2.0/GlideSP,1.0,NEF,,6.16,10.255,6.16,182,10932,110,11.281,0.871,6.75,0.526,10.255,0.068,0.066,0.708,0.182
ace,NNscore2.0/GlideSP,1.0,NEF,,0.0,0.0,0.0,282,17182,172,0.0,0.0,0.0,0.495,0.0,-0.013,-0.013,0.555,0.015
aces,NNscore2.0/GlideSP,1.0,NEF,,8.27,14.03,8.27,453,26703,268,37.599,0.904,9.456,0.537,14.03,0.096,0.093,0.693,0.194
ada,NNscore2.0/GlideSP,1.0,NEF,,1.88,3.154,1.88,93,5543,56,1.766,0.656,1.909,0.505,3.154,0.012,0.011,0.569,0.09
ada17,NNscore2.0/GlideSP,1.0,NEF,,0.85,1.241,0.85,532,36432,365,4.53,0.459,0.848,0.499,1.241,-0.002,-0.002,0.688,0.031
adrb1,NNscore2.0/GlideSP,1.0,NEF,,1.3,1.995,1.3,247,16097,161,3.212,0.566,1.306,0.502,1.995,0.004,0.004,0.6,0.042
adrb2,NNscore2.0/GlideSP,1.0,NEF,,1.34,2.032,1.34,231,15231,153,3.109,0.574,1.347,0.502,2.032,0.004,0.004,0.618,0.049
akt1,NNscore2.0/GlideSP,1.0,NEF,,4.02,7.035,4.02,293,16743,168,11.819,0.809,4.249,0.515,7.035,0.041,0.039,0.668,0.101
akt2,NNscore2.0/GlideSP,1.0,NEF,,4.75,7.92,4.75,117,7017,71,5.623,0.835,5.073,0.519,7.92,0.049,0.048,0.669,0.136
aldr,NNscore2.0/GlideSP,1.0,NEF,,1.37,2.378,1.37,159,9159,92,2.188,0.58,1.379,0.502,2.378,0.005,0.005,0.597,0.044
ampc,NNscore2.0/GlideSP,1.0,NEF,,0.0,0.0,0.0,48,2898,29,0.0,0.0,0.0,0.495,0.0,-0.013,-0.013,0.556,0.0
andr,NNscore2.0/GlideSP,1.0,NEF,,5.96,10.967,5.96,269,14619,147,16.121,0.868,6.571,0.525,10.967,0.068,0.065,0.613,0.155
aofb,NNscore2.0/GlideSP,1.0,NEF,,1.2,2.085,1.2,122,7022,71,1.48,0.546,1.204,0.501,2.085,0.003,0.003,0.698,0.071
bace1,NNscore2.0/GlideSP,1.0,NEF,,2.08,3.202,2.08,283,18383,184,5.892,0.679,2.116,0.505,3.202,0.014,0.013,0.727,0.057
braf,NNscore2.0/GlideSP,1.0,NEF,,12.15,18.282,12.15,152,10102,102,18.647,0.936,14.644,0.557,18.282,0.139,0.136,0.825,0.291
cah2,NNscore2.0/GlideSP,1.0,NEF,,0.37,0.575,0.37,492,31664,317,1.822,0.268,0.366,0.497,0.575,-0.008,-0.008,0.573,0.02
casp3,NNscore2.0/GlideSP,1.0,NEF,,1.72,3.14,1.72,199,10899,109,3.423,0.635,1.743,0.504,3.14,0.01,0.009,0.566,0.061
cdk2,NNscore2.0/GlideSP,1.0,NEF,,2.64,4.418,2.64,474,28324,284,12.547,0.731,2.716,0.508,4.418,0.022,0.021,0.629,0.081
comt,NNscore2.0/GlideSP,1.0,NEF,,3.48,3.667,3.48,41,3891,39,1.43,0.781,3.574,0.513,3.667,0.026,0.026,0.891,0.196
cp2c9,NNscore2.0/GlideSP,1.0,NEF,,1.1,1.744,1.1,120,7570,76,1.325,0.524,1.102,0.501,1.744,0.001,0.001,0.589,0.04
cp3a4,NNscore2.0/GlideSP,1.0,NEF,,3.48,4.942,3.48,170,11970,120,5.931,0.783,3.609,0.513,4.942,0.03,0.029,0.632,0.103
csf1r,NNscore2.0/GlideSP,1.0,NEF,,2.48,3.343,2.48,166,12316,124,4.145,0.717,2.531,0.508,3.343,0.017,0.017,0.734,0.095
cxcr4,NNscore2.0/GlideSP,1.0,NEF,,0.83,0.963,0.83,40,3446,35,0.337,0.453,0.828,0.499,0.963,-0.002,-0.002,0.573,0.037
def,NNscore2.0/GlideSP,1.0,NEF,,0.0,0.0,0.0,102,5802,59,0.0,0.0,0.0,0.495,0.0,-0.014,-0.013,0.771,0.03
dhi1,NNscore2.0/GlideSP,1.0,NEF,,5.83,9.776,5.83,330,19680,197,19.259,0.864,6.353,0.525,9.776,0.063,0.061,0.725,0.151
dpp4,NNscore2.0/GlideSP,1.0,NEF,,7.69,9.881,7.69,533,41483,415,41.004,0.894,8.423,0.534,9.881,0.077,0.076,0.646,0.178
drd3,NNscore2.0/GlideSP,1.0,NEF,,6.07,8.438,6.07,480,34530,346,29.195,0.867,6.537,0.526,8.438,0.061,0.06,0.661,0.139
dyr,NNscore2.0/GlideSP,1.0,NEF,,11.39,15.094,11.39,231,17431,175,26.415,0.93,13.237,0.553,15.094,0.121,0.12,0.652,0.307
egfr,NNscore2.0/GlideSP,1.0,NEF,,4.35,6.624,4.35,542,35592,356,23.582,0.821,4.588,0.517,6.624,0.042,0.041,0.666,0.105
esr1,NNscore2.0/GlideSP,1.0,NEF,,6.02,10.944,6.02,383,21068,211,23.092,0.869,6.637,0.526,10.944,0.069,0.066,0.748,0.195
esr2,NNscore2.0/GlideSP,1.0,NEF,,6.59,11.76,6.59,367,20566,206,24.225,0.88,7.335,0.529,11.76,0.076,0.073,0.767,0.208
fa10,NNscore2.0/GlideSP,1.0,NEF,,14.02,26.085,14.02,537,28862,289,75.387,0.949,18.615,0.566,26.085,0.18,0.172,0.813,0.452
fa7,NNscore2.0/GlideSP,1.0,NEF,,4.27,7.649,4.27,114,6364,64,4.895,0.82,4.541,0.517,7.649,0.045,0.043,0.837,0.146
fabp4,NNscore2.0/GlideSP,1.0,NEF,,3.45,5.797,3.45,47,2797,28,1.623,0.783,3.601,0.512,5.797,0.032,0.031,0.73,0.061
fak1,NNscore2.0/GlideSP,1.0,NEF,,3.54,6.495,3.54,100,5450,55,3.572,0.788,3.716,0.513,6.495,0.035,0.034,0.727,0.109
fgfr1,NNscore2.0/GlideSP,1.0,NEF,,0.88,1.384,0.88,139,8839,89,1.232,0.468,0.878,0.499,1.384,-0.002,-0.001,0.547,0.3
fkb1a,NNscore2.0/GlideSP,1.0,NEF,,1.46,2.742,1.46,111,5911,60,1.645,0.596,1.473,0.502,2.742,0.006,0.006,0.657,0.068
fnta,NNscore2.0/GlideSP,1.0,NEF,,1.64,1.864,1.64,592,52092,521,9.71,0.623,1.652,0.503,1.864,0.007,0.007,0.604,0.054
fpps,NNscore2.0/GlideSP,1.0,NEF,,23.88,22.717,23.88,85,8935,90,20.446,0.968,30.606,0.616,24.054,0.226,0.226,0.964,0.576
gcr,NNscore2.0/GlideSP,1.0,NEF,,8.07,13.646,8.07,258,15258,153,20.878,0.902,9.187,0.536,13.646,0.093,0.09,0.655,0.19
glcm,NNscore2.0/GlideSP,1.0,NEF,,1.27,1.779,1.27,54,3854,39,0.694,0.56,1.275,0.501,1.779,0.003,0.003,0.716,0.105
gria2,NNscore2.0/GlideSP,1.0,NEF,,0.34,0.448,0.34,158,12003,121,0.542,0.252,0.337,0.497,0.448,-0.008,-0.008,0.502,0.026
grik1,NNscore2.0/GlideSP,1.0,NEF,,3.91,5.938,3.91,101,6651,67,3.978,0.804,4.094,0.515,5.938,0.036,0.036,0.612,0.079
hdac2,NNscore2.0/GlideSP,1.0,NEF,,6.93,12.227,6.93,185,10485,105,12.839,0.886,7.756,0.53,12.227,0.08,0.077,0.804,0.145
hdac8,NNscore2.0/GlideSP,1.0,NEF,,0.0,0.0,0.0,170,10620,107,0.0,0.0,0.0,0.495,0.0,-0.013,-0.013,0.8,0.037
hivint,NNscore2.0/GlideSP,1.0,NEF,,0.95,1.407,0.95,100,6750,68,0.957,0.487,0.949,0.5,1.407,-0.001,-0.001,0.577,0.03
hivpr,NNscore2.0/GlideSP,1.0,NEF,,3.27,4.83,3.27,536,36286,363,17.534,0.772,3.385,0.512,4.83,0.028,0.027,0.715,0.108
hivrt,NNscore2.0/GlideSP,1.0,NEF,,1.48,2.601,1.48,338,19229,193,5.021,0.599,1.493,0.502,2.601,0.006,0.006,0.613,0.042
hmdh,NNscore2.0/GlideSP,1.0,NEF,,10.02,19.096,10.02,170,8920,90,17.187,0.924,12.149,0.546,19.096,0.127,0.121,0.836,0.317
hs90a,NNscore2.0/GlideSP,1.0,NEF,,0.83,1.479,0.83,88,4938,50,0.74,0.453,0.827,0.499,1.479,-0.002,-0.002,0.431,0.026
hxk4,NNscore2.0/GlideSP,1.0,NEF,,0.0,0.0,0.0,92,4792,48,0.0,0.0,0.0,0.495,0.0,-0.014,-0.013,0.596,0.007
igf1r,NNscore2.0/GlideSP,1.0,NEF,,2.66,4.167,2.66,148,9448,95,3.958,0.732,2.732,0.508,4.167,0.021,0.021,0.617,0.083
inha,NNscore2.0/GlideSP,1.0,NEF,,4.31,7.91,4.31,43,2343,24,1.898,0.821,4.594,0.517,7.91,0.046,0.044,0.678,0.131
ital,NNscore2.0/GlideSP,1.0,NEF,,0.0,0.0,0.0,138,8638,87,0.0,0.0,0.0,0.495,0.0,-0.013,-0.013,0.553,0.012
jak2,NNscore2.0/GlideSP,1.0,NEF,,4.62,7.482,4.62,107,6607,67,5.013,0.831,4.913,0.519,7.482,0.047,0.046,0.737,0.125
kif11,NNscore2.0/GlideSP,1.0,NEF,,10.13,16.869,10.13,116,6966,70,11.808,0.923,11.983,0.547,16.869,0.12,0.116,0.757,0.239
kit,NNscore2.0/GlideSP,1.0,NEF,,3.59,5.614,3.59,166,10616,107,6.007,0.789,3.744,0.513,5.614,0.033,0.032,0.653,0.096
kith,NNscore2.0/GlideSP,1.0,NEF,,8.29,16.255,8.29,57,2907,30,4.876,0.907,9.705,0.538,16.255,0.105,0.1,0.745,0.311
kpcb,NNscore2.0/GlideSP,1.0,NEF,,0.42,0.642,0.42,135,8835,89,0.571,0.294,0.416,0.497,0.642,-0.007,-0.007,0.638,0.037
lck,NNscore2.0/GlideSP,1.0,NEF,,5.6,8.454,5.6,420,27820,279,23.588,0.858,6.025,0.523,8.454,0.057,0.056,0.725,0.135
lkha4,NNscore2.0/GlideSP,1.0,NEF,,3.31,5.883,3.31,171,9621,97,5.707,0.776,3.454,0.512,5.883,0.031,0.03,0.719,0.105
mapk2,NNscore2.0/GlideSP,1.0,NEF,,1.46,2.359,1.46,101,6251,63,1.486,0.595,1.471,0.502,2.359,0.006,0.006,0.565,0.049
mcr,NNscore2.0/GlideSP,1.0,NEF,,7.81,14.0,7.81,94,5244,53,7.42,0.899,8.919,0.535,14.0,0.093,0.089,0.621,0.157
met,NNscore2.0/GlideSP,1.0,NEF,,4.11,5.976,4.11,166,11416,115,6.873,0.812,4.308,0.516,5.976,0.038,0.037,0.758,0.101
mk01,NNscore2.0/GlideSP,1.0,NEF,,4.29,7.321,4.29,79,4629,47,3.441,0.82,4.55,0.517,7.321,0.044,0.042,0.733,0.136
mk10,NNscore2.0/GlideSP,1.0,NEF,,3.23,5.011,3.23,104,6704,68,3.407,0.77,3.348,0.511,5.011,0.028,0.028,0.665,0.068
mk14,NNscore2.0/GlideSP,1.0,NEF,,5.03,7.981,5.03,578,36428,365,29.131,0.843,5.38,0.521,7.981,0.051,0.05,0.681,0.121
mmp13,NNscore2.0/GlideSP,1.0,NEF,,0.39,0.591,0.39,572,37772,378,2.232,0.279,0.386,0.497,0.591,-0.008,-0.007,0.679,0.021
mp2k1,NNscore2.0/GlideSP,1.0,NEF,,0.83,1.214,0.83,121,8271,83,1.008,0.453,0.828,0.499,1.214,-0.002,-0.002,0.547,0.028
nos1,NNscore2.0/GlideSP,1.0,NEF,,2.14,2.626,2.14,100,8150,82,2.153,0.685,2.171,0.506,2.626,0.013,0.013,0.53,0.046
nram,NNscore2.0/GlideSP,1.0,NEF,,1.78,2.77,1.78,98,6298,63,1.745,0.643,1.802,0.504,2.77,0.01,0.01,0.84,0.096
pa2ga,NNscore2.0/GlideSP,1.0,NEF,,0.0,0.0,0.0,99,5249,53,0.0,0.0,0.0,0.495,0.0,-0.014,-0.013,0.533,0.016
parp1,NNscore2.0/GlideSP,1.0,NEF,,8.09,13.449,8.09,508,30558,306,41.154,0.902,9.192,0.536,13.449,0.093,0.09,0.76,0.189
pde5a,NNscore2.0/GlideSP,1.0,NEF,,0.59,0.84,0.59,398,27948,280,2.353,0.37,0.587,0.498,0.84,-0.005,-0.005,0.598,0.022
pgh1,NNscore2.0/GlideSP,1.0,NEF,,2.7,4.789,2.7,195,10995,110,5.267,0.736,2.785,0.509,4.789,0.023,0.022,0.588,0.078
pgh2,NNscore2.0/GlideSP,1.0,NEF,,4.52,8.337,4.52,435,23585,236,19.675,0.829,4.84,0.518,8.337,0.049,0.046,0.678,0.123
plk1,NNscore2.0/GlideSP,1.0,NEF,,5.23,8.102,5.23,107,6907,70,5.671,0.849,5.603,0.522,8.102,0.054,0.052,0.633,0.097
pnph,NNscore2.0/GlideSP,1.0,NEF,,6.11,8.923,6.11,103,7053,71,6.335,0.869,6.611,0.526,8.923,0.063,0.062,0.775,0.15
ppara,NNscore2.0/GlideSP,1.0,NEF,,3.35,6.32,3.35,373,19772,198,12.513,0.778,3.509,0.512,6.32,0.033,0.031,0.743,0.125
ppard,NNscore2.0/GlideSP,1.0,NEF,,3.13,6.014,3.13,240,12490,125,7.518,0.766,3.266,0.511,6.014,0.03,0.028,0.72,0.078
pparg,NNscore2.0/GlideSP,1.0,NEF,,2.35,4.411,2.35,484,25784,258,11.381,0.707,2.412,0.507,4.411,0.019,0.018,0.727,0.091
prgr,NNscore2.0/GlideSP,1.0,NEF,,2.08,3.823,2.08,293,15943,160,6.116,0.68,2.123,0.506,3.823,0.015,0.014,0.676,0.078
ptn1,NNscore2.0/GlideSP,1.0,NEF,,1.34,2.36,1.34,130,7380,74,1.747,0.574,1.348,0.502,2.36,0.005,0.004,0.695,0.059
pur2,NNscore2.0/GlideSP,1.0,NEF,,0.0,0.0,0.0,50,2750,28,0.0,0.0,0.0,0.495,0.0,-0.014,-0.013,0.686,0.004
pygm,NNscore2.0/GlideSP,1.0,NEF,,1.72,3.289,1.72,77,4027,41,1.348,0.636,1.744,0.504,3.289,0.01,0.01,0.537,0.046
pyrd,NNscore2.0/GlideSP,1.0,NEF,,4.57,7.732,4.57,111,6561,66,5.103,0.83,4.869,0.518,7.732,0.047,0.046,0.707,0.124
reni,NNscore2.0/GlideSP,1.0,NEF,,0.52,0.766,0.52,104,7062,71,0.544,0.34,0.516,0.498,0.766,-0.006,-0.006,0.591,0.044
rock1,NNscore2.0/GlideSP,1.0,NEF,,0.99,1.547,0.99,100,6400,64,0.99,0.497,0.99,0.5,1.547,-0.0,-0.0,0.657,0.036
rxra,NNscore2.0/GlideSP,1.0,NEF,,4.82,8.917,4.82,131,7081,71,6.331,0.839,5.194,0.52,8.917,0.053,0.05,0.79,0.124
sahh,NNscore2.0/GlideSP,1.0,NEF,,11.16,20.014,11.16,63,3513,36,7.205,0.932,13.702,0.553,20.014,0.14,0.134,0.933,0.776
src,NNscore2.0/GlideSP,1.0,NEF,,0.86,1.287,0.86,524,35024,351,4.516,0.462,0.858,0.499,1.287,-0.002,-0.002,0.524,0.033
tgfr1,NNscore2.0/GlideSP,1.0,NEF,,8.88,13.681,8.88,133,8633,87,11.902,0.91,10.129,0.54,13.681,0.099,0.097,0.775,0.272
thb,NNscore2.0/GlideSP,1.0,NEF,,4.9,6.682,4.9,103,7553,76,5.078,0.838,5.179,0.52,6.682,0.046,0.046,0.747,0.151
thrb,NNscore2.0/GlideSP,1.0,NEF,,3.87,6.496,3.87,461,27465,275,17.863,0.803,4.069,0.515,6.496,0.038,0.036,0.723,0.113
try1,NNscore2.0/GlideSP,1.0,NEF,,1.21,2.056,1.21,449,26429,265,5.447,0.548,1.214,0.501,2.056,0.003,0.003,0.724,0.043
tryb1,NNscore2.0/GlideSP,1.0,NEF,,1.75,3.321,1.75,148,7798,78,2.591,0.64,1.776,0.504,3.321,0.01,0.01,0.741,0.042
tysy,NNscore2.0/GlideSP,1.0,NEF,,2.95,4.688,2.95,109,6859,69,3.235,0.753,3.046,0.51,4.688,0.025,0.024,0.631,0.123
urok,NNscore2.0/GlideSP,1.0,NEF,,0.33,0.534,0.33,162,10012,101,0.539,0.246,0.326,0.497,0.534,-0.009,-0.008,0.758,0.029
vgfr2,NNscore2.0/GlideSP,1.0,NEF,,2.62,4.226,2.62,409,25359,254,10.733,0.729,2.691,0.508,4.226,0.021,0.02,0.686,0.075
wee1,NNscore2.0/GlideSP,1.0,NEF,,27.43,44.751,27.43,102,6252,63,28.193,0.98,48.838,0.635,44.751,0.343,0.333,0.945,0.613
xiap,NNscore2.0/GlideSP,1.0,NEF,,4.61,8.781,4.61,100,5250,53,4.654,0.832,4.958,0.519,8.781,0.051,0.048,0.803,0.139
aa2ar,NNscore(ODDT)/GlideSP,1.0,NEF,,0.48,0.722,0.48,482,32032,321,2.319,0.323,0.476,0.497,0.722,-0.006,-0.006,0.47,0.012
abl1,NNscore(ODDT)/GlideSP,1.0,NEF,,0.68,1.132,0.68,182,10932,110,1.245,0.403,0.676,0.498,1.132,-0.004,-0.004,0.598,0.051
ace,NNscore(ODDT)/GlideSP,1.0,NEF,,5.67,9.306,5.67,282,17182,172,16.006,0.86,6.149,0.524,9.306,0.061,0.059,0.606,0.219
aces,NNscore(ODDT)/GlideSP,1.0,NEF,,2.3,3.902,2.3,453,26703,268,10.457,0.702,2.353,0.507,3.902,0.017,0.017,0.588,0.051
ada,NNscore(ODDT)/GlideSP,1.0,NEF,,0.75,1.258,0.75,93,5543,56,0.705,0.428,0.747,0.499,1.258,-0.003,-0.003,0.384,0.045
ada17,NNscore(ODDT)/GlideSP,1.0,NEF,,8.89,12.982,8.89,532,36432,365,47.383,0.91,10.067,0.54,12.982,0.097,0.095,0.747,0.211
adrb1,NNscore(ODDT)/GlideSP,1.0,NEF,,1.52,2.332,1.52,247,16097,161,3.755,0.605,1.532,0.503,2.332,0.007,0.006,0.537,0.037
adrb2,NNscore(ODDT)/GlideSP,1.0,NEF,,0.89,1.35,0.89,231,15231,153,2.065,0.47,0.888,0.499,1.35,-0.001,-0.001,0.572,0.044
akt1,NNscore(ODDT)/GlideSP,1.0,NEF,,0.48,0.84,0.48,293,16743,168,1.411,0.322,0.476,0.497,0.84,-0.007,-0.007,0.518,0.012
akt2,NNscore(ODDT)/GlideSP,1.0,NEF,,0.0,0.0,0.0,117,7017,71,0.0,0.0,0.0,0.495,0.0,-0.013,-0.013,0.519,0.001
aldr,NNscore(ODDT)/GlideSP,1.0,NEF,,1.82,3.16,1.82,159,9159,92,2.907,0.649,1.847,0.504,3.16,0.011,0.011,0.391,0.031
ampc,NNscore(ODDT)/GlideSP,1.0,NEF,,0.0,0.0,0.0,48,2898,29,0.0,0.0,0.0,0.495,0.0,-0.013,-0.013,0.409,0.0
andr,NNscore(ODDT)/GlideSP,1.0,NEF,,3.45,6.348,3.45,269,14619,147,9.332,0.783,3.616,0.513,6.348,0.034,0.032,0.625,0.118
aofb,NNscore(ODDT)/GlideSP,1.0,NEF,,0.6,1.042,0.6,122,7022,71,0.74,0.373,0.596,0.498,1.042,-0.005,-0.005,0.521,0.031
bace1,NNscore(ODDT)/GlideSP,1.0,NEF,,0.83,1.278,0.83,283,18383,184,2.351,0.453,0.828,0.499,1.278,-0.002,-0.002,0.536,0.029
braf,NNscore(ODDT)/GlideSP,1.0,NEF,,2.83,4.258,2.83,152,10102,102,4.343,0.744,2.911,0.509,4.258,0.023,0.022,0.705,0.067
cah2,NNscore(ODDT)/GlideSP,1.0,NEF,,1.83,2.843,1.83,492,31664,317,9.014,0.65,1.854,0.504,2.843,0.01,0.01,0.548,0.049
casp3,NNscore(ODDT)/GlideSP,1.0,NEF,,0.0,0.0,0.0,199,10899,109,0.0,0.0,0.0,0.495,0.0,-0.014,-0.013,0.454,0.009
cdk2,NNscore(ODDT)/GlideSP,1.0,NEF,,2.64,4.418,2.64,474,28324,284,12.547,0.731,2.716,0.508,4.418,0.022,0.021,0.539,0.064
comt,NNscore(ODDT)/GlideSP,1.0,NEF,,0.0,0.0,0.0,41,3891,39,0.0,0.0,0.0,0.495,0.0,-0.01,-0.01,0.568,0.0
cp2c9,NNscore(ODDT)/GlideSP,1.0,NEF,,2.74,4.343,2.74,120,7570,76,3.301,0.738,2.819,0.509,4.343,0.022,0.022,0.495,0.051
cp3a4,NNscore(ODDT)/GlideSP,1.0,NEF,,1.72,2.443,1.72,170,11970,120,2.931,0.635,1.738,0.504,2.443,0.009,0.009,0.501,0.04
csf1r,NNscore(ODDT)/GlideSP,1.0,NEF,,9.91,13.357,9.91,166,12316,124,16.563,0.919,11.284,0.545,13.357,0.105,0.104,0.695,0.194
cxcr4,NNscore(ODDT)/GlideSP,1.0,NEF,,0.0,0.0,0.0,40,3446,35,0.0,0.0,0.0,0.495,0.0,-0.011,-0.011,0.517,0.001
def,NNscore(ODDT)/GlideSP,1.0,NEF,,5.65,9.933,5.65,102,5802,59,5.86,0.86,6.163,0.524,9.933,0.063,0.061,0.849,0.195
dhi1,NNscore(ODDT)/GlideSP,1.0,NEF,,2.53,4.242,2.53,330,19680,197,8.357,0.722,2.598,0.508,4.242,0.02,0.019,0.663,0.08
dpp4,NNscore(ODDT)/GlideSP,1.0,NEF,,4.1,5.268,4.1,533,41483,415,21.862,0.81,4.272,0.516,5.268,0.036,0.035,0.606,0.097
drd3,NNscore(ODDT)/GlideSP,1.0,NEF,,0.69,0.959,0.69,480,34530,346,3.319,0.407,0.687,0.498,0.959,-0.004,-0.004,0.566,0.029
dyr,NNscore(ODDT)/GlideSP,1.0,NEF,,4.63,6.136,4.63,231,17431,175,10.738,0.83,4.867,0.518,6.136,0.042,0.042,0.563,0.136
egfr,NNscore(ODDT)/GlideSP,1.0,NEF,,1.81,2.756,1.81,542,35592,356,9.812,0.647,1.833,0.504,2.756,0.01,0.01,0.516,0.045
esr1,NNscore(ODDT)/GlideSP,1.0,NEF,,11.36,20.652,11.36,383,21068,211,43.575,0.934,14.056,0.553,20.652,0.142,0.136,0.688,0.291
esr2,NNscore(ODDT)/GlideSP,1.0,NEF,,11.45,20.433,11.45,367,20566,206,42.091,0.934,14.134,0.553,20.433,0.142,0.136,0.664,0.277
fa10,NNscore(ODDT)/GlideSP,1.0,NEF,,6.82,12.689,6.82,537,28862,289,36.672,0.885,7.666,0.53,12.689,0.081,0.077,0.804,0.251
fa7,NNscore(ODDT)/GlideSP,1.0,NEF,,10.18,18.236,10.18,114,6364,64,11.671,0.924,12.227,0.547,18.236,0.125,0.12,0.732,0.256
fabp4,NNscore(ODDT)/GlideSP,1.0,NEF,,0.0,0.0,0.0,47,2797,28,0.0,0.0,0.0,0.495,0.0,-0.013,-0.013,0.553,0.002
fak1,NNscore(ODDT)/GlideSP,1.0,NEF,,6.19,11.358,6.19,100,5450,55,6.247,0.873,6.855,0.527,11.358,0.072,0.068,0.416,0.128
fgfr1,NNscore(ODDT)/GlideSP,1.0,NEF,,0.0,0.0,0.0,139,8839,89,0.0,0.0,0.0,0.495,0.0,-0.013,-0.012,0.491,0.123
fkb1a,NNscore(ODDT)/GlideSP,1.0,NEF,,2.55,4.789,2.55,111,5911,60,2.873,0.724,2.628,0.508,4.789,0.022,0.021,0.532,0.091
fnta,NNscore(ODDT)/GlideSP,1.0,NEF,,6.06,6.887,6.06,592,52092,521,35.881,0.865,6.434,0.526,6.887,0.055,0.054,0.684,0.184
fpps,NNscore(ODDT)/GlideSP,1.0,NEF,,0.0,0.0,0.0,85,8935,90,0.0,0.0,0.0,0.495,0.0,-0.01,-0.01,0.579,0.003
gcr,NNscore(ODDT)/GlideSP,1.0,NEF,,1.2,2.029,1.2,258,15258,153,3.105,0.546,1.204,0.501,2.029,0.003,0.003,0.609,0.029
glcm,NNscore(ODDT)/GlideSP,1.0,NEF,,0.0,0.0,0.0,54,3854,39,0.0,0.0,0.0,0.495,0.0,-0.012,-0.012,0.62,0.079
gria2,NNscore(ODDT)/GlideSP,1.0,NEF,,0.0,0.0,0.0,158,12003,121,0.0,0.0,0.0,0.495,0.0,-0.012,-0.012,0.43,0.014
grik1,NNscore(ODDT)/GlideSP,1.0,NEF,,0.0,0.0,0.0,101,6651,67,0.0,0.0,0.0,0.495,0.0,-0.013,-0.012,0.48,0.011
hdac2,NNscore(ODDT)/GlideSP,1.0,NEF,,0.87,1.535,0.87,185,10485,105,1.612,0.465,0.868,0.499,1.535,-0.002,-0.002,0.664,0.026
hdac8,NNscore(ODDT)/GlideSP,1.0,NEF,,0.45,0.72,0.45,170,10620,107,0.771,0.308,0.446,0.497,0.72,-0.007,-0.007,0.678,0.029
hivint,NNscore(ODDT)/GlideSP,1.0,NEF,,0.47,0.696,0.47,100,6750,68,0.473,0.318,0.466,0.497,0.696,-0.007,-0.006,0.365,0.016
hivpr,NNscore(ODDT)/GlideSP,1.0,NEF,,2.15,3.176,2.15,536,36286,363,11.528,0.686,2.188,0.506,3.176,0.014,0.014,0.675,0.081
hivrt,NNscore(ODDT)/GlideSP,1.0,NEF,,1.09,1.916,1.09,338,19229,193,3.698,0.522,1.092,0.5,1.916,0.001,0.001,0.488,0.038
hmdh,NNscore(ODDT)/GlideSP,1.0,NEF,,3.67,6.994,3.67,170,8920,90,6.295,0.795,3.871,0.514,6.994,0.038,0.036,0.611,0.117
hs90a,NNscore(ODDT)/GlideSP,1.0,NEF,,0.0,0.0,0.0,88,4938,50,0.0,0.0,0.0,0.495,0.0,-0.014,-0.013,0.481,0.017
hxk4,NNscore(ODDT)/GlideSP,1.0,NEF,,0.0,0.0,0.0,92,4792,48,0.0,0.0,0.0,0.495,0.0,-0.014,-0.013,0.532,0.004
igf1r,NNscore(ODDT)/GlideSP,1.0,NEF,,0.44,0.689,0.44,148,9448,95,0.655,0.304,0.436,0.497,0.689,-0.007,-0.007,0.564,0.024
inha,NNscore(ODDT)/GlideSP,1.0,NEF,,0.0,0.0,0.0,43,2343,24,0.0,0.0,0.0,0.495,0.0,-0.014,-0.013,0.713,0.02
ital,NNscore(ODDT)/GlideSP,1.0,NEF,,4.8,7.668,4.8,138,8638,87,6.672,0.836,5.116,0.519,7.668,0.049,0.048,0.635,0.141
jak2,NNscore(ODDT)/GlideSP,1.0,NEF,,3.3,5.344,3.3,107,6607,67,3.581,0.774,3.43,0.512,5.344,0.03,0.029,0.626,0.11
kif11,NNscore(ODDT)/GlideSP,1.0,NEF,,0.51,0.849,0.51,116,6966,70,0.594,0.336,0.506,0.497,0.849,-0.006,-0.006,0.715,0.05
kit,NNscore(ODDT)/GlideSP,1.0,NEF,,0.8,1.251,0.8,166,10616,107,1.339,0.444,0.797,0.499,1.251,-0.003,-0.002,0.534,0.021
kith,NNscore(ODDT)/GlideSP,1.0,NEF,,2.26,4.431,2.26,57,2907,30,1.329,0.699,2.318,0.507,4.431,0.018,0.017,0.496,0.13
kpcb,NNscore(ODDT)/GlideSP,1.0,NEF,,1.27,1.941,1.27,135,8835,89,1.727,0.561,1.275,0.501,1.941,0.003,0.003,0.472,0.058
lck,NNscore(ODDT)/GlideSP,1.0,NEF,,2.21,3.336,2.21,420,27820,279,9.309,0.692,2.252,0.506,3.336,0.015,0.015,0.573,0.072
lkha4,NNscore(ODDT)/GlideSP,1.0,NEF,,2.49,4.426,2.49,171,9621,97,4.293,0.719,2.559,0.508,4.426,0.02,0.019,0.656,0.069
mapk2,NNscore(ODDT)/GlideSP,1.0,NEF,,0.97,1.567,0.97,101,6251,63,0.987,0.492,0.97,0.5,1.567,-0.0,-0.0,0.548,0.046
mcr,NNscore(ODDT)/GlideSP,1.0,NEF,,1.3,2.33,1.3,94,5244,53,1.235,0.567,1.307,0.502,2.33,0.004,0.004,0.735,0.047
met,NNscore(ODDT)/GlideSP,1.0,NEF,,6.58,9.568,6.58,166,11416,115,11.003,0.878,7.17,0.529,9.568,0.068,0.067,0.696,0.143
mk01,NNscore(ODDT)/GlideSP,1.0,NEF,,2.86,4.881,2.86,79,4629,47,2.294,0.747,2.955,0.51,4.881,0.025,0.024,0.654,0.101
mk10,NNscore(ODDT)/GlideSP,1.0,NEF,,1.08,1.675,1.08,104,6704,68,1.139,0.52,1.081,0.5,1.675,0.001,0.001,0.585,0.034
mk14,NNscore(ODDT)/GlideSP,1.0,NEF,,2.73,4.332,2.73,578,36428,365,15.811,0.737,2.808,0.509,4.332,0.022,0.022,0.562,0.065
mmp13,NNscore(ODDT)/GlideSP,1.0,NEF,,3.61,5.467,3.61,572,37772,378,20.665,0.79,3.761,0.513,5.467,0.033,0.032,0.66,0.094
mp2k1,NNscore(ODDT)/GlideSP,1.0,NEF,,0.0,0.0,0.0,121,8271,83,0.0,0.0,0.0,0.495,0.0,-0.012,-0.012,0.488,0.009
nos1,NNscore(ODDT)/GlideSP,1.0,NEF,,1.28,1.571,1.28,100,8150,82,1.288,0.562,1.284,0.501,1.571,0.003,0.003,0.59,0.045
nram,NNscore(ODDT)/GlideSP,1.0,NEF,,0.89,1.385,0.89,98,6298,63,0.872,0.47,0.888,0.499,1.385,-0.001,-0.001,0.758,0.032
pa2ga,NNscore(ODDT)/GlideSP,1.0,NEF,,5.54,10.449,5.54,99,5249,53,5.538,0.859,6.07,0.523,10.449,0.064,0.061,0.634,0.132
parp1,NNscore(ODDT)/GlideSP,1.0,NEF,,11.91,19.799,11.91,508,30558,306,60.586,0.936,14.603,0.556,19.799,0.143,0.138,0.731,0.268
pde5a,NNscore(ODDT)/GlideSP,1.0,NEF,,4.01,5.711,4.01,398,27948,280,15.989,0.807,4.192,0.515,5.711,0.036,0.036,0.672,0.101
pgh1,NNscore(ODDT)/GlideSP,1.0,NEF,,1.35,2.394,1.35,195,10995,110,2.634,0.576,1.359,0.502,2.394,0.005,0.005,0.487,0.028
pgh2,NNscore(ODDT)/GlideSP,1.0,NEF,,4.74,8.742,4.74,435,23585,236,20.632,0.836,5.098,0.519,8.742,0.052,0.049,0.643,0.124
plk1,NNscore(ODDT)/GlideSP,1.0,NEF,,6.53,10.116,6.53,107,6907,70,7.081,0.877,7.152,0.528,10.116,0.07,0.069,0.695,0.143
pnph,NNscore(ODDT)/GlideSP,1.0,NEF,,3.49,5.097,3.49,103,7053,71,3.619,0.784,3.624,0.513,5.097,0.031,0.03,0.721,0.114
ppara,NNscore(ODDT)/GlideSP,1.0,NEF,,2.04,3.848,2.04,373,19772,198,7.62,0.675,2.082,0.505,3.848,0.015,0.014,0.521,0.058
ppard,NNscore(ODDT)/GlideSP,1.0,NEF,,1.04,1.998,1.04,240,12490,125,2.498,0.51,1.041,0.5,1.998,0.001,0.001,0.429,0.027
pparg,NNscore(ODDT)/GlideSP,1.0,NEF,,0.97,1.821,0.97,484,25784,258,4.698,0.492,0.969,0.5,1.821,-0.0,-0.0,0.502,0.03
prgr,NNscore(ODDT)/GlideSP,1.0,NEF,,6.23,11.449,6.23,293,15943,160,18.319,0.874,6.906,0.527,11.449,0.072,0.069,0.708,0.167
ptn1,NNscore(ODDT)/GlideSP,1.0,NEF,,3.13,5.514,3.13,130,7380,74,4.08,0.765,3.254,0.511,5.514,0.029,0.028,0.537,0.123
pur2,NNscore(ODDT)/GlideSP,1.0,NEF,,0.0,0.0,0.0,50,2750,28,0.0,0.0,0.0,0.495,0.0,-0.014,-0.013,0.65,0.013
pygm,NNscore(ODDT)/GlideSP,1.0,NEF,,1.72,3.289,1.72,77,4027,41,1.348,0.636,1.744,0.504,3.289,0.01,0.01,0.532,0.06
pyrd,NNscore(ODDT)/GlideSP,1.0,NEF,,9.14,15.463,9.14,111,6561,66,10.206,0.914,10.629,0.542,15.463,0.108,0.104,0.702,0.193
reni,NNscore(ODDT)/GlideSP,1.0,NEF,,1.8,2.651,1.8,104,7062,71,1.882,0.646,1.822,0.504,2.651,0.01,0.01,0.506,0.068
rock1,NNscore(ODDT)/GlideSP,1.0,NEF,,0.49,0.766,0.49,100,6400,64,0.49,0.327,0.486,0.497,0.766,-0.006,-0.006,0.593,0.023
rxra,NNscore(ODDT)/GlideSP,1.0,NEF,,0.69,1.277,0.69,131,7081,71,0.906,0.407,0.686,0.498,1.277,-0.004,-0.004,0.756,0.046
sahh,NNscore(ODDT)/GlideSP,1.0,NEF,,0.0,0.0,0.0,63,3513,36,0.0,0.0,0.0,0.495,0.0,-0.014,-0.013,0.376,0.0
src,NNscore(ODDT)/GlideSP,1.0,NEF,,2.08,3.112,2.08,524,35024,351,10.923,0.679,2.115,0.505,3.112,0.013,0.013,0.543,0.055
tgfr1,NNscore(ODDT)/GlideSP,1.0,NEF,,0.0,0.0,0.0,133,8633,87,0.0,0.0,0.0,0.495,0.0,-0.013,-0.012,0.431,0.001
thb,NNscore(ODDT)/GlideSP,1.0,NEF,,3.06,4.173,3.06,103,7553,76,3.171,0.759,3.15,0.511,4.173,0.024,0.024,0.653,0.121
thrb,NNscore(ODDT)/GlideSP,1.0,NEF,,1.41,2.367,1.41,461,27465,275,6.508,0.587,1.42,0.502,2.367,0.005,0.005,0.513,0.045
try1,NNscore(ODDT)/GlideSP,1.0,NEF,,0.94,1.597,0.94,449,26429,265,4.232,0.484,0.939,0.5,1.597,-0.001,-0.001,0.559,0.032
tryb1,NNscore(ODDT)/GlideSP,1.0,NEF,,0.58,1.101,0.58,148,7798,78,0.859,0.365,0.575,0.498,1.101,-0.006,-0.006,0.628,0.038
tysy,NNscore(ODDT)/GlideSP,1.0,NEF,,1.31,2.082,1.31,109,6859,69,1.436,0.568,1.317,0.502,2.082,0.004,0.004,0.527,0.069
urok,NNscore(ODDT)/GlideSP,1.0,NEF,,0.33,0.534,0.33,162,10012,101,0.539,0.246,0.326,0.497,0.534,-0.009,-0.008,0.624,0.018
vgfr2,NNscore(ODDT)/GlideSP,1.0,NEF,,0.52,0.839,0.52,409,25359,254,2.13,0.34,0.516,0.498,0.839,-0.006,-0.006,0.464,0.015
wee1,NNscore(ODDT)/GlideSP,1.0,NEF,,24.55,40.053,24.55,102,6252,63,25.233,0.976,40.285,0.621,40.053,0.306,0.297,0.897,0.573
xiap,NNscore(ODDT)/GlideSP,1.0,NEF,,0.77,1.467,0.77,100,5250,53,0.777,0.434,0.767,0.499,1.467,-0.003,-0.003,0.599,0.024
aa2ar,RF-Scorev1(ODDT)/GlideSP,1.0,NEF,,0.24,0.361,0.24,482,32032,321,1.159,0.192,0.237,0.496,0.361,-0.009,-0.009,0.685,0.021
abl1,RF-Scorev1(ODDT)/GlideSP,1.0,NEF,,0.0,0.0,0.0,182,10932,110,0.0,0.0,0.0,0.495,0.0,-0.013,-0.013,0.727,0.027
ace,RF-Scorev1(ODDT)/GlideSP,1.0,NEF,,6.19,10.159,6.19,282,17182,172,17.474,0.871,6.777,0.526,10.159,0.067,0.065,0.575,0.23
aces,RF-Scorev1(ODDT)/GlideSP,1.0,NEF,,1.22,2.07,1.22,453,26703,268,5.547,0.55,1.225,0.501,2.07,0.003,0.003,0.567,0.046
ada,RF-Scorev1(ODDT)/GlideSP,1.0,NEF,,0.0,0.0,0.0,93,5543,56,0.0,0.0,0.0,0.495,0.0,-0.013,-0.013,0.589,0.013
ada17,RF-Scorev1(ODDT)/GlideSP,1.0,NEF,,0.11,0.161,0.11,532,36432,365,0.586,0.098,0.109,0.495,0.161,-0.011,-0.011,0.489,0.005
adrb1,RF-Scorev1(ODDT)/GlideSP,1.0,NEF,,4.56,6.997,4.56,247,16097,161,11.265,0.828,4.828,0.518,6.997,0.045,0.044,0.542,0.117
adrb2,RF-Scorev1(ODDT)/GlideSP,1.0,NEF,,2.46,3.731,2.46,231,15231,153,5.708,0.716,2.517,0.507,3.731,0.018,0.018,0.54,0.081
akt1,RF-Scorev1(ODDT)/GlideSP,1.0,NEF,,2.38,4.165,2.38,293,16743,168,6.997,0.709,2.44,0.507,4.165,0.019,0.018,0.657,0.055
akt2,RF-Scorev1(ODDT)/GlideSP,1.0,NEF,,0.53,0.884,0.53,117,7017,71,0.627,0.345,0.526,0.498,0.884,-0.006,-0.006,0.716,0.03
aldr,RF-Scorev1(ODDT)/GlideSP,1.0,NEF,,1.37,2.378,1.37,159,9159,92,2.188,0.58,1.379,0.502,2.378,0.005,0.005,0.504,0.031
ampc,RF-Scorev1(ODDT)/GlideSP,1.0,NEF,,1.58,2.617,1.58,48,2898,29,0.759,0.615,1.596,0.503,2.617,0.008,0.007,0.42,0.018
andr,RF-Scorev1(ODDT)/GlideSP,1.0,NEF,,6.9,12.696,6.9,269,14619,147,18.664,0.886,7.758,0.53,12.696,0.081,0.078,0.628,0.169
aofb,RF-Scorev1(ODDT)/GlideSP,1.0,NEF,,1.8,3.127,1.8,122,7022,71,2.22,0.646,1.826,0.504,3.127,0.011,0.01,0.499,0.051
bace1,RF-Scorev1(ODDT)/GlideSP,1.0,NEF,,5.17,7.959,5.17,283,18383,184,14.645,0.847,5.531,0.521,7.959,0.052,0.051,0.667,0.148
braf,RF-Scorev1(ODDT)/GlideSP,1.0,NEF,,1.21,1.821,1.21,152,10102,102,1.857,0.548,1.214,0.501,1.821,0.003,0.003,0.708,0.038
cah2,RF-Scorev1(ODDT)/GlideSP,1.0,NEF,,3.42,5.314,3.42,492,31664,317,16.846,0.781,3.556,0.512,5.314,0.031,0.03,0.436,0.078
casp3,RF-Scorev1(ODDT)/GlideSP,1.0,NEF,,0.0,0.0,0.0,199,10899,109,0.0,0.0,0.0,0.495,0.0,-0.014,-0.013,0.34,0.0
cdk2,RF-Scorev1(ODDT)/GlideSP,1.0,NEF,,0.38,0.636,0.38,474,28324,284,1.806,0.273,0.376,0.497,0.636,-0.008,-0.008,0.616,0.024
comt,RF-Scorev1(ODDT)/GlideSP,1.0,NEF,,0.0,0.0,0.0,41,3891,39,0.0,0.0,0.0,0.495,0.0,-0.01,-0.01,0.227,0.0
cp2c9,RF-Scorev1(ODDT)/GlideSP,1.0,NEF,,2.19,3.472,2.19,120,7570,76,2.638,0.691,2.233,0.506,3.472,0.015,0.015,0.573,0.061
cp3a4,RF-Scorev1(ODDT)/GlideSP,1.0,NEF,,1.43,2.031,1.43,170,11970,120,2.437,0.59,1.439,0.502,2.031,0.005,0.005,0.566,0.056
csf1r,RF-Scorev1(ODDT)/GlideSP,1.0,NEF,,3.54,4.771,3.54,166,12316,124,5.916,0.786,3.667,0.513,4.771,0.03,0.03,0.742,0.065
cxcr4,RF-Scorev1(ODDT)/GlideSP,1.0,NEF,,3.33,3.865,3.33,40,3446,35,1.353,0.774,3.424,0.512,3.865,0.026,0.026,0.636,0.091
def,RF-Scorev1(ODDT)/GlideSP,1.0,NEF,,3.14,5.52,3.14,102,5802,59,3.257,0.766,3.265,0.511,5.52,0.029,0.028,0.627,0.137
dhi1,RF-Scorev1(ODDT)/GlideSP,1.0,NEF,,0.39,0.654,0.39,330,19680,197,1.288,0.278,0.386,0.497,0.654,-0.008,-0.008,0.655,0.034
dpp4,RF-Scorev1(ODDT)/GlideSP,1.0,NEF,,1.03,1.323,1.03,533,41483,415,5.492,0.507,1.03,0.5,1.323,0.0,0.0,0.624,0.039
drd3,RF-Scorev1(ODDT)/GlideSP,1.0,NEF,,1.94,2.697,1.94,480,34530,346,9.331,0.663,1.966,0.505,2.697,0.011,0.011,0.545,0.057
dyr,RF-Scorev1(ODDT)/GlideSP,1.0,NEF,,0.36,0.477,0.36,231,17431,175,0.835,0.263,0.357,0.497,0.477,-0.007,-0.007,0.633,0.019
egfr,RF-Scorev1(ODDT)/GlideSP,1.0,NEF,,2.66,4.051,2.66,542,35592,356,14.42,0.732,2.73,0.508,4.051,0.021,0.02,0.65,0.066
esr1,RF-Scorev1(ODDT)/GlideSP,1.0,NEF,,22.06,40.103,22.06,383,21068,211,84.618,0.973,36.161,0.607,40.103,0.288,0.276,0.74,0.514
esr2,RF-Scorev1(ODDT)/GlideSP,1.0,NEF,,15.1,26.946,15.1,367,20566,206,55.509,0.953,20.301,0.572,26.946,0.191,0.183,0.718,0.355
fa10,RF-Scorev1(ODDT)/GlideSP,1.0,NEF,,2.27,4.224,2.27,537,28862,289,12.206,0.699,2.326,0.506,4.224,0.018,0.017,0.815,0.116
fa7,RF-Scorev1(ODDT)/GlideSP,1.0,NEF,,4.29,7.685,4.29,114,6364,64,4.918,0.82,4.564,0.517,7.685,0.045,0.043,0.834,0.167
fabp4,RF-Scorev1(ODDT)/GlideSP,1.0,NEF,,6.91,11.611,6.91,47,2797,28,3.251,0.885,7.686,0.53,11.611,0.078,0.075,0.649,0.176
fak1,RF-Scorev1(ODDT)/GlideSP,1.0,NEF,,0.0,0.0,0.0,100,5450,55,0.0,0.0,0.0,0.495,0.0,-0.014,-0.013,0.75,0.011
fgfr1,RF-Scorev1(ODDT)/GlideSP,1.0,NEF,,0.88,1.384,0.88,139,8839,89,1.232,0.468,0.878,0.499,1.384,-0.002,-0.001,0.518,0.469
fkb1a,RF-Scorev1(ODDT)/GlideSP,1.0,NEF,,0.0,0.0,0.0,111,5911,60,0.0,0.0,0.0,0.495,0.0,-0.014,-0.013,0.485,0.002
fnta,RF-Scorev1(ODDT)/GlideSP,1.0,NEF,,1.82,2.068,1.82,592,52092,521,10.776,0.648,1.837,0.504,2.068,0.009,0.009,0.668,0.051
fpps,RF-Scorev1(ODDT)/GlideSP,1.0,NEF,,0.0,0.0,0.0,85,8935,90,0.0,0.0,0.0,0.495,0.0,-0.01,-0.01,0.243,0.0
gcr,RF-Scorev1(ODDT)/GlideSP,1.0,NEF,,5.68,9.604,5.68,258,15258,153,14.695,0.861,6.177,0.524,9.604,0.062,0.06,0.683,0.181
glcm,RF-Scorev1(ODDT)/GlideSP,1.0,NEF,,0.0,0.0,0.0,54,3854,39,0.0,0.0,0.0,0.495,0.0,-0.012,-0.012,0.229,0.007
gria2,RF-Scorev1(ODDT)/GlideSP,1.0,NEF,,0.0,0.0,0.0,158,12003,121,0.0,0.0,0.0,0.495,0.0,-0.012,-0.012,0.609,0.011
grik1,RF-Scorev1(ODDT)/GlideSP,1.0,NEF,,0.65,0.987,0.65,101,6651,67,0.661,0.393,0.647,0.498,0.987,-0.004,-0.004,0.458,0.021
hdac2,RF-Scorev1(ODDT)/GlideSP,1.0,NEF,,4.33,7.64,4.33,185,10485,105,8.022,0.822,4.605,0.517,7.64,0.045,0.043,0.654,0.09
hdac8,RF-Scorev1(ODDT)/GlideSP,1.0,NEF,,2.23,3.57,2.23,170,10620,107,3.82,0.695,2.276,0.506,3.57,0.016,0.015,0.701,0.065
hivint,RF-Scorev1(ODDT)/GlideSP,1.0,NEF,,0.0,0.0,0.0,100,6750,68,0.0,0.0,0.0,0.495,0.0,-0.012,-0.012,0.425,0.006
hivpr,RF-Scorev1(ODDT)/GlideSP,1.0,NEF,,13.96,20.621,13.96,536,36286,363,74.854,0.945,17.327,0.566,20.621,0.16,0.156,0.714,0.395
hivrt,RF-Scorev1(ODDT)/GlideSP,1.0,NEF,,0.18,0.316,0.18,338,19229,193,0.611,0.151,0.177,0.496,0.316,-0.011,-0.011,0.513,0.017
hmdh,RF-Scorev1(ODDT)/GlideSP,1.0,NEF,,1.67,3.183,1.67,170,8920,90,2.864,0.629,1.692,0.503,3.183,0.009,0.009,0.537,0.059
hs90a,RF-Scorev1(ODDT)/GlideSP,1.0,NEF,,0.83,1.479,0.83,88,4938,50,0.74,0.453,0.827,0.499,1.479,-0.002,-0.002,0.538,0.025
hxk4,RF-Scorev1(ODDT)/GlideSP,1.0,NEF,,0.79,1.517,0.79,92,4792,48,0.728,0.44,0.787,0.499,1.517,-0.003,-0.003,0.643,0.02
igf1r,RF-Scorev1(ODDT)/GlideSP,1.0,NEF,,0.0,0.0,0.0,148,9448,95,0.0,0.0,0.0,0.495,0.0,-0.013,-0.012,0.628,0.01
inha,RF-Scorev1(ODDT)/GlideSP,1.0,NEF,,1.44,2.643,1.44,43,2343,24,0.634,0.592,1.452,0.502,2.643,0.006,0.006,0.631,0.024
ital,RF-Scorev1(ODDT)/GlideSP,1.0,NEF,,1.75,2.796,1.75,138,8638,87,2.432,0.639,1.772,0.504,2.796,0.01,0.009,0.486,0.043
jak2,RF-Scorev1(ODDT)/GlideSP,1.0,NEF,,3.3,5.344,3.3,107,6607,67,3.581,0.774,3.43,0.512,5.344,0.03,0.029,0.739,0.075
kif11,RF-Scorev1(ODDT)/GlideSP,1.0,NEF,,7.09,11.806,7.09,116,6966,70,8.265,0.888,7.905,0.531,11.806,0.08,0.077,0.688,0.204
kit,RF-Scorev1(ODDT)/GlideSP,1.0,NEF,,2.79,4.363,2.79,166,10616,107,4.668,0.742,2.872,0.509,4.363,0.023,0.022,0.684,0.076
kith,RF-Scorev1(ODDT)/GlideSP,1.0,NEF,,0.0,0.0,0.0,57,2907,30,0.0,0.0,0.0,0.495,0.0,-0.014,-0.014,0.328,0.002
kpcb,RF-Scorev1(ODDT)/GlideSP,1.0,NEF,,1.27,1.941,1.27,135,8835,89,1.727,0.561,1.275,0.501,1.941,0.003,0.003,0.542,0.04
lck,RF-Scorev1(ODDT)/GlideSP,1.0,NEF,,3.24,4.891,3.24,420,27820,279,13.647,0.77,3.355,0.511,4.891,0.028,0.027,0.625,0.075
lkha4,RF-Scorev1(ODDT)/GlideSP,1.0,NEF,,3.31,5.883,3.31,171,9621,97,5.707,0.776,3.454,0.512,5.883,0.031,0.03,0.605,0.114
mapk2,RF-Scorev1(ODDT)/GlideSP,1.0,NEF,,1.46,2.359,1.46,101,6251,63,1.486,0.595,1.471,0.502,2.359,0.006,0.006,0.633,0.057
mcr,RF-Scorev1(ODDT)/GlideSP,1.0,NEF,,9.12,16.348,9.12,94,5244,53,8.664,0.915,10.707,0.542,16.348,0.111,0.106,0.714,0.283
met,RF-Scorev1(ODDT)/GlideSP,1.0,NEF,,1.64,2.385,1.64,166,11416,115,2.742,0.623,1.656,0.503,2.385,0.008,0.008,0.763,0.067
mk01,RF-Scorev1(ODDT)/GlideSP,1.0,NEF,,0.0,0.0,0.0,79,4629,47,0.0,0.0,0.0,0.495,0.0,-0.013,-0.013,0.767,0.027
mk10,RF-Scorev1(ODDT)/GlideSP,1.0,NEF,,2.15,3.335,2.15,104,6704,68,2.268,0.686,2.19,0.506,3.335,0.015,0.014,0.73,0.079
mk14,RF-Scorev1(ODDT)/GlideSP,1.0,NEF,,1.75,2.777,1.75,578,36428,365,10.135,0.639,1.771,0.504,2.777,0.01,0.009,0.705,0.053
mmp13,RF-Scorev1(ODDT)/GlideSP,1.0,NEF,,0.0,0.0,0.0,572,37772,378,0.0,0.0,0.0,0.495,0.0,-0.012,-0.012,0.452,0.004
mp2k1,RF-Scorev1(ODDT)/GlideSP,1.0,NEF,,0.0,0.0,0.0,121,8271,83,0.0,0.0,0.0,0.495,0.0,-0.012,-0.012,0.539,0.013
nos1,RF-Scorev1(ODDT)/GlideSP,1.0,NEF,,1.28,1.571,1.28,100,8150,82,1.288,0.562,1.284,0.501,1.571,0.003,0.003,0.573,0.034
nram,RF-Scorev1(ODDT)/GlideSP,1.0,NEF,,0.0,0.0,0.0,98,6298,63,0.0,0.0,0.0,0.495,0.0,-0.013,-0.012,0.467,0.007
pa2ga,RF-Scorev1(ODDT)/GlideSP,1.0,NEF,,3.16,5.96,3.16,99,5249,53,3.159,0.767,3.297,0.511,5.96,0.03,0.029,0.678,0.071
parp1,RF-Scorev1(ODDT)/GlideSP,1.0,NEF,,0.54,0.898,0.54,508,30558,306,2.747,0.349,0.536,0.498,0.898,-0.006,-0.006,0.614,0.021
pde5a,RF-Scorev1(ODDT)/GlideSP,1.0,NEF,,0.3,0.427,0.3,398,27948,280,1.196,0.229,0.297,0.496,0.427,-0.008,-0.008,0.58,0.014
pgh1,RF-Scorev1(ODDT)/GlideSP,1.0,NEF,,0.0,0.0,0.0,195,10995,110,0.0,0.0,0.0,0.495,0.0,-0.014,-0.013,0.497,0.005
pgh2,RF-Scorev1(ODDT)/GlideSP,1.0,NEF,,0.0,0.0,0.0,435,23585,236,0.0,0.0,0.0,0.495,0.0,-0.014,-0.013,0.486,0.005
plk1,RF-Scorev1(ODDT)/GlideSP,1.0,NEF,,9.15,14.175,9.15,107,6907,70,9.922,0.913,10.496,0.542,14.175,0.103,0.101,0.745,0.208
pnph,RF-Scorev1(ODDT)/GlideSP,1.0,NEF,,4.8,7.01,4.8,103,7053,71,4.977,0.836,5.086,0.519,7.01,0.047,0.046,0.746,0.154
ppara,RF-Scorev1(ODDT)/GlideSP,1.0,NEF,,4.65,8.772,4.65,373,19772,198,17.369,0.833,5.001,0.519,8.772,0.051,0.048,0.696,0.179
ppard,RF-Scorev1(ODDT)/GlideSP,1.0,NEF,,2.78,5.342,2.78,240,12490,125,6.677,0.742,2.88,0.509,5.342,0.025,0.024,0.601,0.075
pparg,RF-Scorev1(ODDT)/GlideSP,1.0,NEF,,4.29,8.053,4.29,484,25784,258,20.776,0.821,4.578,0.517,8.053,0.046,0.044,0.649,0.142
prgr,RF-Scorev1(ODDT)/GlideSP,1.0,NEF,,6.82,12.534,6.82,293,15943,160,20.054,0.884,7.654,0.53,12.534,0.08,0.077,0.597,0.122
ptn1,RF-Scorev1(ODDT)/GlideSP,1.0,NEF,,8.93,15.73,8.93,130,7380,74,11.64,0.912,10.41,0.54,15.73,0.107,0.103,0.618,0.221
pur2,RF-Scorev1(ODDT)/GlideSP,1.0,NEF,,0.0,0.0,0.0,50,2750,28,0.0,0.0,0.0,0.495,0.0,-0.014,-0.013,0.798,0.243
pygm,RF-Scorev1(ODDT)/GlideSP,1.0,NEF,,0.0,0.0,0.0,77,4027,41,0.0,0.0,0.0,0.495,0.0,-0.014,-0.013,0.471,0.007
pyrd,RF-Scorev1(ODDT)/GlideSP,1.0,NEF,,1.52,2.572,1.52,111,6561,66,1.697,0.605,1.534,0.503,2.572,0.007,0.007,0.61,0.05
reni,RF-Scorev1(ODDT)/GlideSP,1.0,NEF,,2.06,3.034,2.06,104,7062,71,2.154,0.677,2.093,0.505,3.034,0.013,0.013,0.688,0.13
rock1,RF-Scorev1(ODDT)/GlideSP,1.0,NEF,,1.48,2.312,1.48,100,6400,64,1.48,0.599,1.491,0.502,2.312,0.006,0.006,0.638,0.042
rxra,RF-Scorev1(ODDT)/GlideSP,1.0,NEF,,15.82,29.267,15.82,131,7081,71,20.78,0.956,21.952,0.576,29.267,0.205,0.195,0.712,0.355
sahh,RF-Scorev1(ODDT)/GlideSP,1.0,NEF,,0.0,0.0,0.0,63,3513,36,0.0,0.0,0.0,0.495,0.0,-0.014,-0.013,0.445,0.008
src,RF-Scorev1(ODDT)/GlideSP,1.0,NEF,,0.86,1.287,0.86,524,35024,351,4.516,0.462,0.858,0.499,1.287,-0.002,-0.002,0.599,0.022
tgfr1,RF-Scorev1(ODDT)/GlideSP,1.0,NEF,,0.71,1.094,0.71,133,8633,87,0.952,0.414,0.707,0.499,1.094,-0.004,-0.004,0.682,0.026
thb,RF-Scorev1(ODDT)/GlideSP,1.0,NEF,,1.22,1.664,1.22,103,7553,76,1.264,0.55,1.224,0.501,1.664,0.003,0.003,0.639,0.106
thrb,RF-Scorev1(ODDT)/GlideSP,1.0,NEF,,1.41,2.367,1.41,461,27465,275,6.508,0.587,1.42,0.502,2.367,0.005,0.005,0.727,0.045
try1,RF-Scorev1(ODDT)/GlideSP,1.0,NEF,,2.68,4.553,2.68,449,26429,265,12.066,0.734,2.76,0.509,4.553,0.022,0.021,0.762,0.096
tryb1,RF-Scorev1(ODDT)/GlideSP,1.0,NEF,,10.49,19.909,10.49,148,7798,78,15.529,0.928,12.849,0.548,19.909,0.133,0.126,0.748,0.219
tysy,RF-Scorev1(ODDT)/GlideSP,1.0,NEF,,0.66,1.049,0.66,109,6859,69,0.724,0.396,0.656,0.498,1.049,-0.004,-0.004,0.555,0.067
urok,RF-Scorev1(ODDT)/GlideSP,1.0,NEF,,0.33,0.534,0.33,162,10012,101,0.539,0.246,0.326,0.497,0.534,-0.009,-0.008,0.665,0.019
vgfr2,RF-Scorev1(ODDT)/GlideSP,1.0,NEF,,2.97,4.79,2.97,409,25359,254,12.167,0.754,3.069,0.51,4.79,0.025,0.025,0.659,0.092
wee1,RF-Scorev1(ODDT)/GlideSP,1.0,NEF,,0.0,0.0,0.0,102,6252,63,0.0,0.0,0.0,0.495,0.0,-0.013,-0.013,0.762,0.023
xiap,RF-Scorev1(ODDT)/GlideSP,1.0,NEF,,9.21,17.543,9.21,100,5250,53,9.298,0.916,10.957,0.542,17.543,0.116,0.11,0.801,0.262
aa2ar,RF-Scorev2(ODDT)/GlideSP,1.0,NEF,,2.74,4.123,2.74,482,32032,321,13.235,0.738,2.815,0.509,4.123,0.022,0.021,0.764,0.114
abl1,RF-Scorev2(ODDT)/GlideSP,1.0,NEF,,4.1,6.826,4.1,182,10932,110,7.508,0.812,4.327,0.516,6.826,0.041,0.039,0.774,0.158
ace,RF-Scorev2(ODDT)/GlideSP,1.0,NEF,,8.3,13.622,8.3,282,17182,172,23.431,0.904,9.451,0.537,13.622,0.095,0.092,0.565,0.277
aces,RF-Scorev2(ODDT)/GlideSP,1.0,NEF,,2.45,4.156,2.45,453,26703,268,11.139,0.715,2.513,0.507,4.156,0.019,0.019,0.566,0.073
ada,RF-Scorev2(ODDT)/GlideSP,1.0,NEF,,1.88,3.154,1.88,93,5543,56,1.766,0.656,1.909,0.505,3.154,0.012,0.011,0.601,0.075
ada17,RF-Scorev2(ODDT)/GlideSP,1.0,NEF,,1.8,2.628,1.8,532,36432,365,9.594,0.646,1.822,0.504,2.628,0.01,0.01,0.607,0.056
adrb1,RF-Scorev2(ODDT)/GlideSP,1.0,NEF,,4.35,6.675,4.35,247,16097,161,10.747,0.821,4.59,0.517,6.675,0.042,0.041,0.566,0.119
adrb2,RF-Scorev2(ODDT)/GlideSP,1.0,NEF,,5.81,8.812,5.81,231,15231,153,13.482,0.863,6.275,0.525,8.812,0.06,0.059,0.559,0.165
akt1,RF-Scorev2(ODDT)/GlideSP,1.0,NEF,,6.68,11.69,6.68,293,16743,168,19.639,0.881,7.432,0.529,11.69,0.076,0.073,0.719,0.156
akt2,RF-Scorev2(ODDT)/GlideSP,1.0,NEF,,6.34,10.571,6.34,117,7017,71,7.506,0.875,6.971,0.527,10.571,0.07,0.068,0.748,0.162
aldr,RF-Scorev2(ODDT)/GlideSP,1.0,NEF,,1.82,3.16,1.82,159,9159,92,2.907,0.649,1.847,0.504,3.16,0.011,0.011,0.49,0.055
ampc,RF-Scorev2(ODDT)/GlideSP,1.0,NEF,,1.58,2.617,1.58,48,2898,29,0.759,0.615,1.596,0.503,2.617,0.008,0.007,0.411,0.029
andr,RF-Scorev2(ODDT)/GlideSP,1.0,NEF,,3.77,6.937,3.77,269,14619,147,10.197,0.799,3.976,0.514,6.937,0.038,0.036,0.674,0.125
aofb,RF-Scorev2(ODDT)/GlideSP,1.0,NEF,,1.2,2.085,1.2,122,7022,71,1.48,0.546,1.204,0.501,2.085,0.003,0.003,0.516,0.04
bace1,RF-Scorev2(ODDT)/GlideSP,1.0,NEF,,7.87,12.116,7.87,283,18383,184,22.293,0.898,8.817,0.535,12.116,0.086,0.084,0.664,0.195
braf,RF-Scorev2(ODDT)/GlideSP,1.0,NEF,,3.64,5.477,3.64,152,10102,102,5.586,0.791,3.793,0.514,5.477,0.033,0.032,0.808,0.121
cah2,RF-Scorev2(ODDT)/GlideSP,1.0,NEF,,6.96,10.815,6.96,492,31664,317,34.282,0.885,7.683,0.53,10.815,0.075,0.073,0.567,0.165
casp3,RF-Scorev2(ODDT)/GlideSP,1.0,NEF,,0.29,0.529,0.29,199,10899,109,0.577,0.223,0.286,0.496,0.529,-0.01,-0.009,0.401,0.008
cdk2,RF-Scorev2(ODDT)/GlideSP,1.0,NEF,,1.38,2.309,1.38,474,28324,284,6.559,0.581,1.389,0.502,2.309,0.005,0.005,0.692,0.057
comt,RF-Scorev2(ODDT)/GlideSP,1.0,NEF,,0.0,0.0,0.0,41,3891,39,0.0,0.0,0.0,0.495,0.0,-0.01,-0.01,0.196,0.0
cp2c9,RF-Scorev2(ODDT)/GlideSP,1.0,NEF,,3.84,6.087,3.84,120,7570,76,4.626,0.801,4.024,0.514,6.087,0.036,0.035,0.574,0.1
cp3a4,RF-Scorev2(ODDT)/GlideSP,1.0,NEF,,6.6,9.373,6.6,170,11970,120,11.248,0.878,7.179,0.528,9.373,0.068,0.067,0.648,0.177
csf1r,RF-Scorev2(ODDT)/GlideSP,1.0,NEF,,6.73,9.071,6.73,166,12316,124,11.248,0.88,7.302,0.529,9.071,0.068,0.067,0.777,0.177
cxcr4,RF-Scorev2(ODDT)/GlideSP,1.0,NEF,,3.33,3.865,3.33,40,3446,35,1.353,0.774,3.424,0.512,3.865,0.026,0.026,0.633,0.093
def,RF-Scorev2(ODDT)/GlideSP,1.0,NEF,,3.14,5.52,3.14,102,5802,59,3.257,0.766,3.265,0.511,5.52,0.029,0.028,0.63,0.113
dhi1,RF-Scorev2(ODDT)/GlideSP,1.0,NEF,,3.69,6.188,3.69,330,19680,197,12.189,0.795,3.867,0.514,6.188,0.035,0.034,0.635,0.09
dpp4,RF-Scorev2(ODDT)/GlideSP,1.0,NEF,,5.41,6.951,5.41,533,41483,415,28.847,0.852,5.739,0.522,6.951,0.051,0.05,0.66,0.129
drd3,RF-Scorev2(ODDT)/GlideSP,1.0,NEF,,2.29,3.183,2.29,480,34530,346,11.014,0.7,2.332,0.507,3.183,0.015,0.015,0.594,0.068
dyr,RF-Scorev2(ODDT)/GlideSP,1.0,NEF,,2.31,3.061,2.31,231,17431,175,5.357,0.702,2.351,0.507,3.061,0.015,0.015,0.678,0.057
egfr,RF-Scorev2(ODDT)/GlideSP,1.0,NEF,,6.77,10.309,6.77,542,35592,356,36.702,0.881,7.433,0.529,10.309,0.072,0.071,0.714,0.159
esr1,RF-Scorev2(ODDT)/GlideSP,1.0,NEF,,22.39,40.703,22.39,383,21068,211,85.884,0.974,37.073,0.609,40.703,0.293,0.28,0.743,0.53
esr2,RF-Scorev2(ODDT)/GlideSP,1.0,NEF,,17.7,31.586,17.7,367,20566,206,65.066,0.962,25.41,0.585,31.586,0.226,0.217,0.725,0.443
fa10,RF-Scorev2(ODDT)/GlideSP,1.0,NEF,,21.73,40.43,21.73,537,28862,289,116.844,0.973,35.8,0.606,40.43,0.287,0.273,0.885,0.686
fa7,RF-Scorev2(ODDT)/GlideSP,1.0,NEF,,10.18,18.236,10.18,114,6364,64,11.671,0.924,12.227,0.547,18.236,0.125,0.12,0.835,0.254
fabp4,RF-Scorev2(ODDT)/GlideSP,1.0,NEF,,6.91,11.611,6.91,47,2797,28,3.251,0.885,7.686,0.53,11.611,0.078,0.075,0.612,0.147
fak1,RF-Scorev2(ODDT)/GlideSP,1.0,NEF,,11.49,21.083,11.49,100,5450,55,11.595,0.935,14.292,0.554,21.083,0.145,0.138,0.82,0.223
fgfr1,RF-Scorev2(ODDT)/GlideSP,1.0,NEF,,1.75,2.752,1.75,139,8839,89,2.449,0.639,1.771,0.504,2.752,0.01,0.009,0.508,0.564
fkb1a,RF-Scorev2(ODDT)/GlideSP,1.0,NEF,,0.0,0.0,0.0,111,5911,60,0.0,0.0,0.0,0.495,0.0,-0.014,-0.013,0.469,0.002
fnta,RF-Scorev2(ODDT)/GlideSP,1.0,NEF,,7.88,8.955,7.88,592,52092,521,46.657,0.895,8.557,0.535,8.955,0.074,0.074,0.805,0.236
fpps,RF-Scorev2(ODDT)/GlideSP,1.0,NEF,,0.0,0.0,0.0,85,8935,90,0.0,0.0,0.0,0.495,0.0,-0.01,-0.01,0.204,0.0
gcr,RF-Scorev2(ODDT)/GlideSP,1.0,NEF,,5.08,8.59,5.08,258,15258,153,13.142,0.845,5.463,0.521,8.59,0.054,0.052,0.703,0.133
glcm,RF-Scorev2(ODDT)/GlideSP,1.0,NEF,,0.0,0.0,0.0,54,3854,39,0.0,0.0,0.0,0.495,0.0,-0.012,-0.012,0.376,0.0
gria2,RF-Scorev2(ODDT)/GlideSP,1.0,NEF,,0.34,0.448,0.34,158,12003,121,0.542,0.252,0.337,0.497,0.448,-0.008,-0.008,0.585,0.01
grik1,RF-Scorev2(ODDT)/GlideSP,1.0,NEF,,0.0,0.0,0.0,101,6651,67,0.0,0.0,0.0,0.495,0.0,-0.013,-0.012,0.42,0.018
hdac2,RF-Scorev2(ODDT)/GlideSP,1.0,NEF,,3.9,6.881,3.9,185,10485,105,7.225,0.804,4.114,0.515,6.881,0.039,0.038,0.613,0.087
hdac8,RF-Scorev2(ODDT)/GlideSP,1.0,NEF,,0.0,0.0,0.0,170,10620,107,0.0,0.0,0.0,0.495,0.0,-0.013,-0.013,0.665,0.007
hivint,RF-Scorev2(ODDT)/GlideSP,1.0,NEF,,0.0,0.0,0.0,100,6750,68,0.0,0.0,0.0,0.495,0.0,-0.012,-0.012,0.411,0.01
hivpr,RF-Scorev2(ODDT)/GlideSP,1.0,NEF,,13.74,20.296,13.74,536,36286,363,73.675,0.944,16.984,0.565,20.296,0.157,0.154,0.722,0.416
hivrt,RF-Scorev2(ODDT)/GlideSP,1.0,NEF,,0.54,0.949,0.54,338,19229,193,1.832,0.349,0.536,0.498,0.949,-0.006,-0.006,0.531,0.034
hmdh,RF-Scorev2(ODDT)/GlideSP,1.0,NEF,,0.33,0.629,0.33,170,8920,90,0.566,0.246,0.326,0.497,0.629,-0.009,-0.009,0.439,0.02
hs90a,RF-Scorev2(ODDT)/GlideSP,1.0,NEF,,1.66,2.958,1.66,88,4938,50,1.479,0.627,1.68,0.503,2.958,0.009,0.009,0.556,0.045
hxk4,RF-Scorev2(ODDT)/GlideSP,1.0,NEF,,2.36,4.531,2.36,92,4792,48,2.175,0.708,2.425,0.507,4.531,0.019,0.018,0.66,0.054
igf1r,RF-Scorev2(ODDT)/GlideSP,1.0,NEF,,10.64,16.667,10.64,148,9448,95,15.834,0.926,12.568,0.549,16.667,0.123,0.12,0.734,0.244
inha,RF-Scorev2(ODDT)/GlideSP,1.0,NEF,,2.87,5.267,2.87,43,2343,24,1.264,0.748,2.974,0.51,5.267,0.026,0.025,0.658,0.105
ital,RF-Scorev2(ODDT)/GlideSP,1.0,NEF,,4.8,7.668,4.8,138,8638,87,6.672,0.836,5.116,0.519,7.668,0.049,0.048,0.54,0.102
jak2,RF-Scorev2(ODDT)/GlideSP,1.0,NEF,,13.87,22.462,13.87,107,6607,67,15.05,0.946,17.598,0.566,22.462,0.167,0.163,0.819,0.275
kif11,RF-Scorev2(ODDT)/GlideSP,1.0,NEF,,11.65,19.4,11.65,116,6966,70,13.58,0.934,14.213,0.554,19.4,0.14,0.135,0.74,0.341
kit,RF-Scorev2(ODDT)/GlideSP,1.0,NEF,,7.57,11.837,7.57,166,10616,107,12.666,0.894,8.452,0.534,11.837,0.084,0.082,0.754,0.174
kith,RF-Scorev2(ODDT)/GlideSP,1.0,NEF,,0.75,1.471,0.75,57,2907,30,0.441,0.427,0.746,0.499,1.471,-0.004,-0.003,0.367,0.032
kpcb,RF-Scorev2(ODDT)/GlideSP,1.0,NEF,,13.52,20.659,13.52,135,8835,89,18.386,0.944,16.78,0.564,20.659,0.157,0.154,0.548,0.287
lck,RF-Scorev2(ODDT)/GlideSP,1.0,NEF,,14.01,21.151,14.01,420,27820,279,59.011,0.946,17.5,0.566,21.151,0.162,0.159,0.781,0.293
lkha4,RF-Scorev2(ODDT)/GlideSP,1.0,NEF,,5.8,10.309,5.8,171,9621,97,9.999,0.864,6.352,0.525,10.309,0.065,0.063,0.65,0.181
mapk2,RF-Scorev2(ODDT)/GlideSP,1.0,NEF,,0.49,0.792,0.49,101,6251,63,0.499,0.327,0.486,0.497,0.792,-0.007,-0.006,0.63,0.031
mcr,RF-Scorev2(ODDT)/GlideSP,1.0,NEF,,5.21,9.339,5.21,94,5244,53,4.95,0.849,5.644,0.522,9.339,0.057,0.055,0.828,0.205
met,RF-Scorev2(ODDT)/GlideSP,1.0,NEF,,18.9,27.482,18.9,166,11416,115,31.605,0.963,25.684,0.591,27.482,0.219,0.216,0.858,0.387
mk01,RF-Scorev2(ODDT)/GlideSP,1.0,NEF,,4.29,7.321,4.29,79,4629,47,3.441,0.82,4.55,0.517,7.321,0.044,0.042,0.803,0.126
mk10,RF-Scorev2(ODDT)/GlideSP,1.0,NEF,,5.92,9.184,5.92,104,6704,68,6.245,0.865,6.418,0.525,9.184,0.063,0.061,0.764,0.151
mk14,RF-Scorev2(ODDT)/GlideSP,1.0,NEF,,7.66,12.154,7.66,578,36428,365,44.362,0.896,8.581,0.534,12.154,0.085,0.083,0.713,0.168
mmp13,RF-Scorev2(ODDT)/GlideSP,1.0,NEF,,1.17,1.772,1.17,572,37772,378,6.697,0.54,1.173,0.501,1.772,0.002,0.002,0.567,0.058
mp2k1,RF-Scorev2(ODDT)/GlideSP,1.0,NEF,,0.0,0.0,0.0,121,8271,83,0.0,0.0,0.0,0.495,0.0,-0.012,-0.012,0.556,0.012
nos1,RF-Scorev2(ODDT)/GlideSP,1.0,NEF,,2.99,3.669,2.99,100,8150,82,3.008,0.754,3.066,0.51,3.669,0.022,0.022,0.617,0.072
nram,RF-Scorev2(ODDT)/GlideSP,1.0,NEF,,0.0,0.0,0.0,98,6298,63,0.0,0.0,0.0,0.495,0.0,-0.013,-0.012,0.571,0.0
pa2ga,RF-Scorev2(ODDT)/GlideSP,1.0,NEF,,6.33,11.939,6.33,99,5249,53,6.328,0.876,7.053,0.527,11.939,0.075,0.071,0.618,0.153
parp1,RF-Scorev2(ODDT)/GlideSP,1.0,NEF,,3.92,6.517,3.92,508,30558,306,19.941,0.805,4.124,0.515,6.517,0.038,0.037,0.672,0.087
pde5a,RF-Scorev2(ODDT)/GlideSP,1.0,NEF,,2.38,3.389,2.38,398,27948,280,9.49,0.708,2.428,0.507,3.389,0.017,0.016,0.645,0.055
pgh1,RF-Scorev2(ODDT)/GlideSP,1.0,NEF,,0.45,0.798,0.45,195,10995,110,0.878,0.308,0.446,0.497,0.798,-0.007,-0.007,0.537,0.029
pgh2,RF-Scorev2(ODDT)/GlideSP,1.0,NEF,,1.81,3.338,1.81,435,23585,236,7.879,0.648,1.838,0.504,3.338,0.011,0.011,0.548,0.051
plk1,RF-Scorev2(ODDT)/GlideSP,1.0,NEF,,15.68,24.291,15.68,107,6907,70,17.004,0.953,20.39,0.576,24.291,0.186,0.182,0.797,0.325
pnph,RF-Scorev2(ODDT)/GlideSP,1.0,NEF,,6.55,9.565,6.55,103,7053,71,6.791,0.877,7.137,0.528,9.565,0.068,0.067,0.731,0.197
ppara,RF-Scorev2(ODDT)/GlideSP,1.0,NEF,,6.69,12.621,6.69,373,19772,198,24.989,0.883,7.512,0.529,12.621,0.079,0.075,0.724,0.213
ppard,RF-Scorev2(ODDT)/GlideSP,1.0,NEF,,4.17,8.013,4.17,240,12490,125,10.016,0.816,4.446,0.516,8.013,0.045,0.042,0.64,0.101
pparg,RF-Scorev2(ODDT)/GlideSP,1.0,NEF,,8.02,15.055,8.02,484,25784,258,38.841,0.903,9.264,0.536,15.055,0.098,0.093,0.709,0.214
prgr,RF-Scorev2(ODDT)/GlideSP,1.0,NEF,,4.45,8.178,4.45,293,15943,160,13.085,0.826,4.757,0.518,8.178,0.048,0.045,0.676,0.11
ptn1,RF-Scorev2(ODDT)/GlideSP,1.0,NEF,,9.38,16.523,9.38,130,7380,74,12.227,0.917,11.039,0.543,16.523,0.113,0.108,0.678,0.303
pur2,RF-Scorev2(ODDT)/GlideSP,1.0,NEF,,0.99,1.8,0.99,50,2750,28,0.504,0.497,0.99,0.5,1.8,-0.0,-0.0,0.805,0.096
pygm,RF-Scorev2(ODDT)/GlideSP,1.0,NEF,,0.86,1.644,0.86,77,4027,41,0.674,0.462,0.858,0.499,1.644,-0.002,-0.002,0.526,0.032
pyrd,RF-Scorev2(ODDT)/GlideSP,1.0,NEF,,6.86,11.606,6.86,111,6561,66,7.66,0.884,7.629,0.53,11.606,0.077,0.075,0.685,0.117
reni,RF-Scorev2(ODDT)/GlideSP,1.0,NEF,,6.96,10.25,6.96,104,7062,71,7.277,0.884,7.641,0.53,10.25,0.073,0.072,0.743,0.305
rock1,RF-Scorev2(ODDT)/GlideSP,1.0,NEF,,6.9,10.781,6.9,100,6400,64,6.9,0.884,7.613,0.53,10.781,0.075,0.073,0.764,0.186
rxra,RF-Scorev2(ODDT)/GlideSP,1.0,NEF,,8.94,16.539,8.94,131,7081,71,11.743,0.913,10.513,0.541,16.539,0.11,0.105,0.813,0.258
sahh,RF-Scorev2(ODDT)/GlideSP,1.0,NEF,,1.68,3.013,1.68,63,3513,36,1.085,0.63,1.701,0.504,3.013,0.009,0.009,0.628,0.088
src,RF-Scorev2(ODDT)/GlideSP,1.0,NEF,,0.98,1.466,0.98,524,35024,351,5.146,0.495,0.98,0.5,1.466,-0.0,-0.0,0.68,0.041
tgfr1,RF-Scorev2(ODDT)/GlideSP,1.0,NEF,,2.13,3.281,2.13,133,8633,87,2.855,0.684,2.168,0.506,3.281,0.014,0.014,0.766,0.117
thb,RF-Scorev2(ODDT)/GlideSP,1.0,NEF,,3.06,4.173,3.06,103,7553,76,3.171,0.759,3.15,0.511,4.173,0.024,0.024,0.522,0.081
thrb,RF-Scorev2(ODDT)/GlideSP,1.0,NEF,,9.27,15.56,9.27,461,27465,275,42.789,0.915,10.794,0.542,15.56,0.109,0.105,0.797,0.264
try1,RF-Scorev2(ODDT)/GlideSP,1.0,NEF,,6.43,10.924,6.43,449,26429,265,28.948,0.876,7.096,0.528,10.924,0.072,0.069,0.78,0.185
tryb1,RF-Scorev2(ODDT)/GlideSP,1.0,NEF,,9.91,18.808,9.91,148,7798,78,14.671,0.923,11.974,0.545,18.808,0.125,0.118,0.762,0.198
tysy,RF-Scorev2(ODDT)/GlideSP,1.0,NEF,,9.52,15.129,9.52,109,6859,69,10.439,0.917,11.039,0.544,15.129,0.109,0.106,0.619,0.309
urok,RF-Scorev2(ODDT)/GlideSP,1.0,NEF,,2.31,3.738,2.31,162,10012,101,3.775,0.702,2.361,0.507,3.738,0.017,0.016,0.716,0.07
vgfr2,RF-Scorev2(ODDT)/GlideSP,1.0,NEF,,1.05,1.693,1.05,409,25359,254,4.301,0.512,1.051,0.5,1.693,0.001,0.001,0.635,0.034
wee1,RF-Scorev2(ODDT)/GlideSP,1.0,NEF,,30.32,49.466,30.32,102,6252,63,31.164,0.983,59.021,0.65,49.466,0.381,0.37,0.897,0.67
xiap,RF-Scorev2(ODDT)/GlideSP,1.0,NEF,,12.28,23.39,12.28,100,5250,53,12.397,0.94,15.724,0.558,23.39,0.159,0.151,0.799,0.296
aa2ar,RF-Scorev3(ODDT)/GlideSP,1.0,NEF,,4.65,6.997,4.65,482,32032,321,22.461,0.831,4.925,0.519,6.997,0.045,0.044,0.749,0.153
abl1,RF-Scorev3(ODDT)/GlideSP,1.0,NEF,,5.81,9.673,5.81,182,10932,110,10.64,0.863,6.325,0.525,9.673,0.063,0.061,0.754,0.162
ace,RF-Scorev3(ODDT)/GlideSP,1.0,NEF,,10.28,16.872,10.28,282,17182,172,29.02,0.924,12.164,0.547,16.872,0.121,0.117,0.608,0.359
aces,RF-Scorev3(ODDT)/GlideSP,1.0,NEF,,3.98,6.752,3.98,453,26703,268,18.095,0.808,4.196,0.515,6.752,0.039,0.038,0.567,0.112
ada,RF-Scorev3(ODDT)/GlideSP,1.0,NEF,,1.13,1.896,1.13,93,5543,56,1.062,0.531,1.133,0.501,1.896,0.002,0.002,0.587,0.041
ada17,RF-Scorev3(ODDT)/GlideSP,1.0,NEF,,1.48,2.161,1.48,532,36432,365,7.888,0.598,1.491,0.502,2.161,0.006,0.006,0.57,0.064
adrb1,RF-Scorev3(ODDT)/GlideSP,1.0,NEF,,4.56,6.997,4.56,247,16097,161,11.265,0.828,4.828,0.518,6.997,0.045,0.044,0.565,0.157
adrb2,RF-Scorev3(ODDT)/GlideSP,1.0,NEF,,8.94,13.559,8.94,231,15231,153,20.745,0.911,10.185,0.54,13.559,0.099,0.097,0.577,0.218
akt1,RF-Scorev3(ODDT)/GlideSP,1.0,NEF,,2.15,3.762,2.15,293,16743,168,6.321,0.687,2.195,0.506,3.762,0.015,0.015,0.728,0.064
akt2,RF-Scorev3(ODDT)/GlideSP,1.0,NEF,,4.23,7.053,4.23,117,7017,71,5.008,0.817,4.475,0.517,7.053,0.043,0.041,0.805,0.162
aldr,RF-Scorev3(ODDT)/GlideSP,1.0,NEF,,9.12,15.832,9.12,159,9159,92,14.566,0.914,10.647,0.542,15.832,0.109,0.105,0.522,0.195
ampc,RF-Scorev3(ODDT)/GlideSP,1.0,NEF,,0.0,0.0,0.0,48,2898,29,0.0,0.0,0.0,0.495,0.0,-0.013,-0.013,0.485,0.018
andr,RF-Scorev3(ODDT)/GlideSP,1.0,NEF,,2.82,5.189,2.82,269,14619,147,7.628,0.745,2.92,0.509,5.189,0.025,0.024,0.646,0.082
aofb,RF-Scorev3(ODDT)/GlideSP,1.0,NEF,,1.8,3.127,1.8,122,7022,71,2.22,0.646,1.826,0.504,3.127,0.011,0.01,0.522,0.051
bace1,RF-Scorev3(ODDT)/GlideSP,1.0,NEF,,5.59,8.606,5.59,283,18383,184,15.834,0.858,6.022,0.523,8.606,0.058,0.056,0.646,0.141
braf,RF-Scorev3(ODDT)/GlideSP,1.0,NEF,,2.83,4.258,2.83,152,10102,102,4.343,0.744,2.911,0.509,4.258,0.023,0.022,0.758,0.086
cah2,RF-Scorev3(ODDT)/GlideSP,1.0,NEF,,8.19,12.726,8.19,492,31664,317,40.341,0.902,9.238,0.537,12.726,0.091,0.089,0.626,0.182
casp3,RF-Scorev3(ODDT)/GlideSP,1.0,NEF,,0.57,1.041,0.57,199,10899,109,1.134,0.361,0.565,0.498,1.041,-0.006,-0.006,0.413,0.01
cdk2,RF-Scorev3(ODDT)/GlideSP,1.0,NEF,,1.13,1.891,1.13,474,28324,284,5.371,0.531,1.133,0.501,1.891,0.002,0.002,0.676,0.051
comt,RF-Scorev3(ODDT)/GlideSP,1.0,NEF,,0.0,0.0,0.0,41,3891,39,0.0,0.0,0.0,0.495,0.0,-0.01,-0.01,0.307,0.0
cp2c9,RF-Scorev3(ODDT)/GlideSP,1.0,NEF,,6.58,10.431,6.58,120,7570,76,7.927,0.878,7.23,0.528,10.431,0.071,0.069,0.555,0.128
cp3a4,RF-Scorev3(ODDT)/GlideSP,1.0,NEF,,4.3,6.107,4.3,170,11970,120,7.328,0.819,4.515,0.517,6.107,0.04,0.039,0.587,0.125
csf1r,RF-Scorev3(ODDT)/GlideSP,1.0,NEF,,12.39,16.7,12.39,166,12316,124,20.708,0.936,14.673,0.558,16.7,0.134,0.133,0.776,0.255
cxcr4,RF-Scorev3(ODDT)/GlideSP,1.0,NEF,,0.83,0.963,0.83,40,3446,35,0.337,0.453,0.828,0.499,0.963,-0.002,-0.002,0.666,0.043
def,RF-Scorev3(ODDT)/GlideSP,1.0,NEF,,0.0,0.0,0.0,102,5802,59,0.0,0.0,0.0,0.495,0.0,-0.014,-0.013,0.625,0.03
dhi1,RF-Scorev3(ODDT)/GlideSP,1.0,NEF,,4.08,6.841,4.08,330,19680,197,13.478,0.812,4.306,0.516,6.841,0.04,0.039,0.654,0.105
dpp4,RF-Scorev3(ODDT)/GlideSP,1.0,NEF,,4.85,6.232,4.85,533,41483,415,25.861,0.836,5.106,0.52,6.232,0.044,0.044,0.634,0.12
drd3,RF-Scorev3(ODDT)/GlideSP,1.0,NEF,,2.63,3.656,2.63,480,34530,346,12.65,0.729,2.692,0.508,3.656,0.019,0.019,0.59,0.075
dyr,RF-Scorev3(ODDT)/GlideSP,1.0,NEF,,1.07,1.418,1.07,231,17431,175,2.481,0.517,1.071,0.5,1.418,0.001,0.001,0.662,0.052
egfr,RF-Scorev3(ODDT)/GlideSP,1.0,NEF,,3.02,4.599,3.02,542,35592,356,16.372,0.757,3.117,0.51,4.599,0.025,0.025,0.681,0.093
esr1,RF-Scorev3(ODDT)/GlideSP,1.0,NEF,,27.24,49.52,27.24,383,21068,211,104.488,0.981,52.981,0.634,49.52,0.359,0.343,0.766,0.619
esr2,RF-Scorev3(ODDT)/GlideSP,1.0,NEF,,17.7,31.586,17.7,367,20566,206,65.066,0.962,25.41,0.585,31.586,0.226,0.217,0.763,0.458
fa10,RF-Scorev3(ODDT)/GlideSP,1.0,NEF,,19.96,37.137,19.96,537,28862,289,107.326,0.969,31.161,0.597,37.137,0.263,0.25,0.875,0.627
fa7,RF-Scorev3(ODDT)/GlideSP,1.0,NEF,,8.04,14.402,8.04,114,6364,64,9.217,0.902,9.225,0.536,14.402,0.096,0.092,0.856,0.238
fabp4,RF-Scorev3(ODDT)/GlideSP,1.0,NEF,,18.99,31.91,18.99,47,2797,28,8.935,0.965,27.421,0.592,31.91,0.237,0.229,0.641,0.392
fak1,RF-Scorev3(ODDT)/GlideSP,1.0,NEF,,8.84,16.22,8.84,100,5450,55,8.921,0.912,10.358,0.54,16.22,0.108,0.103,0.809,0.185
fgfr1,RF-Scorev3(ODDT)/GlideSP,1.0,NEF,,1.32,2.076,1.32,139,8839,89,1.847,0.57,1.327,0.502,2.076,0.004,0.004,0.506,0.409
fkb1a,RF-Scorev3(ODDT)/GlideSP,1.0,NEF,,0.0,0.0,0.0,111,5911,60,0.0,0.0,0.0,0.495,0.0,-0.014,-0.013,0.491,0.0
fnta,RF-Scorev3(ODDT)/GlideSP,1.0,NEF,,4.97,5.648,4.97,592,52092,521,29.427,0.839,5.208,0.52,5.648,0.043,0.043,0.727,0.148
fpps,RF-Scorev3(ODDT)/GlideSP,1.0,NEF,,0.0,0.0,0.0,85,8935,90,0.0,0.0,0.0,0.495,0.0,-0.01,-0.01,0.239,0.0
gcr,RF-Scorev3(ODDT)/GlideSP,1.0,NEF,,4.48,7.575,4.48,258,15258,153,11.59,0.827,4.765,0.518,7.575,0.046,0.044,0.714,0.131
glcm,RF-Scorev3(ODDT)/GlideSP,1.0,NEF,,0.0,0.0,0.0,54,3854,39,0.0,0.0,0.0,0.495,0.0,-0.012,-0.012,0.311,0.0
gria2,RF-Scorev3(ODDT)/GlideSP,1.0,NEF,,0.0,0.0,0.0,158,12003,121,0.0,0.0,0.0,0.495,0.0,-0.012,-0.012,0.552,0.005
grik1,RF-Scorev3(ODDT)/GlideSP,1.0,NEF,,1.3,1.974,1.3,101,6651,67,1.323,0.566,1.306,0.502,1.974,0.004,0.004,0.461,0.034
hdac2,RF-Scorev3(ODDT)/GlideSP,1.0,NEF,,5.2,9.175,5.2,185,10485,105,9.634,0.849,5.624,0.521,9.175,0.057,0.054,0.602,0.101
hdac8,RF-Scorev3(ODDT)/GlideSP,1.0,NEF,,0.0,0.0,0.0,170,10620,107,0.0,0.0,0.0,0.495,0.0,-0.013,-0.013,0.623,0.003
hivint,RF-Scorev3(ODDT)/GlideSP,1.0,NEF,,0.0,0.0,0.0,100,6750,68,0.0,0.0,0.0,0.495,0.0,-0.012,-0.012,0.414,0.006
hivpr,RF-Scorev3(ODDT)/GlideSP,1.0,NEF,,15.52,22.925,15.52,536,36286,363,83.219,0.952,19.839,0.574,22.925,0.179,0.175,0.732,0.442
hivrt,RF-Scorev3(ODDT)/GlideSP,1.0,NEF,,0.72,1.266,0.72,338,19229,193,2.443,0.417,0.716,0.499,1.266,-0.004,-0.004,0.522,0.03
hmdh,RF-Scorev3(ODDT)/GlideSP,1.0,NEF,,1.0,1.906,1.0,170,8920,90,1.715,0.5,1.0,0.5,1.906,0.0,0.0,0.486,0.028
hs90a,RF-Scorev3(ODDT)/GlideSP,1.0,NEF,,0.0,0.0,0.0,88,4938,50,0.0,0.0,0.0,0.495,0.0,-0.014,-0.013,0.609,0.035
hxk4,RF-Scorev3(ODDT)/GlideSP,1.0,NEF,,3.93,7.545,3.93,92,4792,48,3.622,0.807,4.169,0.515,7.545,0.041,0.039,0.672,0.1
igf1r,RF-Scorev3(ODDT)/GlideSP,1.0,NEF,,18.62,29.168,18.62,148,9448,95,27.709,0.963,25.876,0.59,29.168,0.224,0.218,0.771,0.347
inha,RF-Scorev3(ODDT)/GlideSP,1.0,NEF,,4.31,7.91,4.31,43,2343,24,1.898,0.821,4.594,0.517,7.91,0.046,0.044,0.676,0.103
ital,RF-Scorev3(ODDT)/GlideSP,1.0,NEF,,3.93,6.279,3.93,138,8638,87,5.462,0.805,4.126,0.515,6.279,0.038,0.037,0.505,0.088
jak2,RF-Scorev3(ODDT)/GlideSP,1.0,NEF,,11.89,19.256,11.89,107,6607,67,12.901,0.935,14.487,0.556,19.256,0.141,0.138,0.783,0.233
kif11,RF-Scorev3(ODDT)/GlideSP,1.0,NEF,,3.55,5.912,3.55,116,6966,70,4.138,0.788,3.71,0.513,5.912,0.033,0.032,0.678,0.125
kit,RF-Scorev3(ODDT)/GlideSP,1.0,NEF,,6.77,10.586,6.77,166,10616,107,11.327,0.882,7.453,0.53,10.586,0.073,0.072,0.738,0.163
kith,RF-Scorev3(ODDT)/GlideSP,1.0,NEF,,0.0,0.0,0.0,57,2907,30,0.0,0.0,0.0,0.495,0.0,-0.014,-0.014,0.351,0.013
kpcb,RF-Scorev3(ODDT)/GlideSP,1.0,NEF,,11.41,17.435,11.41,135,8835,89,15.517,0.932,13.608,0.553,17.435,0.131,0.128,0.565,0.268
lck,RF-Scorev3(ODDT)/GlideSP,1.0,NEF,,9.44,14.252,9.44,420,27820,279,39.762,0.916,10.843,0.543,14.252,0.105,0.103,0.752,0.206
lkha4,RF-Scorev3(ODDT)/GlideSP,1.0,NEF,,9.53,16.938,9.53,171,9621,97,16.43,0.918,11.269,0.544,16.938,0.116,0.111,0.672,0.274
mapk2,RF-Scorev3(ODDT)/GlideSP,1.0,NEF,,0.97,1.567,0.97,101,6251,63,0.987,0.492,0.97,0.5,1.567,-0.0,-0.0,0.639,0.078
mcr,RF-Scorev3(ODDT)/GlideSP,1.0,NEF,,1.3,2.33,1.3,94,5244,53,1.235,0.567,1.307,0.502,2.33,0.004,0.004,0.749,0.079
met,RF-Scorev3(ODDT)/GlideSP,1.0,NEF,,22.6,32.863,22.6,166,11416,115,37.792,0.971,33.173,0.61,32.863,0.265,0.26,0.851,0.47
mk01,RF-Scorev3(ODDT)/GlideSP,1.0,NEF,,1.43,2.44,1.43,79,4629,47,1.147,0.59,1.441,0.502,2.44,0.006,0.006,0.741,0.089
mk10,RF-Scorev3(ODDT)/GlideSP,1.0,NEF,,2.69,4.173,2.69,104,6704,68,2.838,0.734,2.764,0.509,4.173,0.021,0.021,0.736,0.135
mk14,RF-Scorev3(ODDT)/GlideSP,1.0,NEF,,6.89,10.932,6.89,578,36428,365,39.903,0.884,7.613,0.53,10.932,0.075,0.073,0.678,0.165
mmp13,RF-Scorev3(ODDT)/GlideSP,1.0,NEF,,0.88,1.333,0.88,572,37772,378,5.037,0.468,0.878,0.499,1.333,-0.001,-0.001,0.554,0.025
mp2k1,RF-Scorev3(ODDT)/GlideSP,1.0,NEF,,0.0,0.0,0.0,121,8271,83,0.0,0.0,0.0,0.495,0.0,-0.012,-0.012,0.515,0.015
nos1,RF-Scorev3(ODDT)/GlideSP,1.0,NEF,,1.28,1.571,1.28,100,8150,82,1.288,0.562,1.284,0.501,1.571,0.003,0.003,0.596,0.045
nram,RF-Scorev3(ODDT)/GlideSP,1.0,NEF,,0.0,0.0,0.0,98,6298,63,0.0,0.0,0.0,0.495,0.0,-0.013,-0.012,0.529,0.0
pa2ga,RF-Scorev3(ODDT)/GlideSP,1.0,NEF,,4.75,8.959,4.75,99,5249,53,4.748,0.837,5.119,0.519,8.959,0.053,0.05,0.593,0.1
parp1,RF-Scorev3(ODDT)/GlideSP,1.0,NEF,,4.74,7.88,4.74,508,30558,306,24.112,0.835,5.06,0.519,7.88,0.049,0.047,0.647,0.117
pde5a,RF-Scorev3(ODDT)/GlideSP,1.0,NEF,,2.82,4.016,2.82,398,27948,280,11.244,0.743,2.896,0.509,4.016,0.022,0.022,0.637,0.072
pgh1,RF-Scorev3(ODDT)/GlideSP,1.0,NEF,,1.8,3.192,1.8,195,10995,110,3.512,0.646,1.826,0.504,3.192,0.011,0.01,0.59,0.044
pgh2,RF-Scorev3(ODDT)/GlideSP,1.0,NEF,,2.03,3.744,2.03,435,23585,236,8.836,0.674,2.07,0.505,3.744,0.014,0.014,0.595,0.061
plk1,RF-Scorev3(ODDT)/GlideSP,1.0,NEF,,13.07,20.247,13.07,107,6907,70,14.173,0.942,16.134,0.562,20.247,0.153,0.15,0.763,0.329
pnph,RF-Scorev3(ODDT)/GlideSP,1.0,NEF,,7.42,10.836,7.42,103,7053,71,7.694,0.891,8.2,0.533,10.836,0.079,0.077,0.755,0.213
ppara,RF-Scorev3(ODDT)/GlideSP,1.0,NEF,,7.44,14.036,7.44,373,19772,198,27.79,0.895,8.491,0.533,14.036,0.09,0.085,0.723,0.233
ppard,RF-Scorev3(ODDT)/GlideSP,1.0,NEF,,4.17,8.013,4.17,240,12490,125,10.016,0.816,4.446,0.516,8.013,0.045,0.042,0.667,0.105
pparg,RF-Scorev3(ODDT)/GlideSP,1.0,NEF,,7.61,14.285,7.61,484,25784,258,36.855,0.897,8.712,0.534,14.285,0.092,0.087,0.683,0.209
prgr,RF-Scorev3(ODDT)/GlideSP,1.0,NEF,,4.74,8.711,4.74,293,15943,160,13.938,0.836,5.097,0.519,8.711,0.052,0.049,0.659,0.106
ptn1,RF-Scorev3(ODDT)/GlideSP,1.0,NEF,,15.63,27.533,15.63,130,7380,74,20.374,0.955,21.188,0.575,27.533,0.197,0.189,0.731,0.401
pur2,RF-Scorev3(ODDT)/GlideSP,1.0,NEF,,0.99,1.8,0.99,50,2750,28,0.504,0.497,0.99,0.5,1.8,-0.0,-0.0,0.794,0.094
pygm,RF-Scorev3(ODDT)/GlideSP,1.0,NEF,,0.0,0.0,0.0,77,4027,41,0.0,0.0,0.0,0.495,0.0,-0.014,-0.013,0.485,0.006
pyrd,RF-Scorev3(ODDT)/GlideSP,1.0,NEF,,10.67,18.052,10.67,111,6561,66,11.914,0.928,12.8,0.549,18.052,0.128,0.124,0.713,0.226
reni,RF-Scorev3(ODDT)/GlideSP,1.0,NEF,,7.21,10.618,7.21,104,7062,71,7.539,0.888,7.948,0.532,10.618,0.077,0.075,0.748,0.368
rock1,RF-Scorev3(ODDT)/GlideSP,1.0,NEF,,4.93,7.703,4.93,100,6400,64,4.93,0.84,5.258,0.52,7.703,0.05,0.049,0.711,0.157
rxra,RF-Scorev3(ODDT)/GlideSP,1.0,NEF,,19.26,35.631,19.26,131,7081,71,25.298,0.967,29.368,0.593,35.631,0.252,0.241,0.855,0.482
sahh,RF-Scorev3(ODDT)/GlideSP,1.0,NEF,,0.56,1.004,0.56,63,3513,36,0.362,0.357,0.556,0.498,1.004,-0.006,-0.006,0.524,0.042
src,RF-Scorev3(ODDT)/GlideSP,1.0,NEF,,0.49,0.733,0.49,524,35024,351,2.573,0.327,0.486,0.497,0.733,-0.006,-0.006,0.66,0.025
tgfr1,RF-Scorev3(ODDT)/GlideSP,1.0,NEF,,3.2,4.93,3.2,133,8633,87,4.289,0.768,3.314,0.511,4.93,0.028,0.027,0.739,0.111
thb,RF-Scorev3(ODDT)/GlideSP,1.0,NEF,,11.02,15.028,11.02,103,7553,76,11.421,0.927,12.792,0.551,15.028,0.119,0.117,0.762,0.327
thrb,RF-Scorev3(ODDT)/GlideSP,1.0,NEF,,4.46,7.486,4.46,461,27465,275,20.587,0.826,4.74,0.518,7.486,0.045,0.044,0.773,0.145
try1,RF-Scorev3(ODDT)/GlideSP,1.0,NEF,,5.36,9.106,5.36,449,26429,265,24.131,0.853,5.797,0.522,9.106,0.058,0.056,0.799,0.164
tryb1,RF-Scorev3(ODDT)/GlideSP,1.0,NEF,,2.91,5.523,2.91,148,7798,78,4.308,0.751,3.022,0.51,5.523,0.027,0.025,0.734,0.081
tysy,RF-Scorev3(ODDT)/GlideSP,1.0,NEF,,12.8,20.341,12.8,109,6859,69,14.035,0.941,15.813,0.56,20.341,0.151,0.147,0.661,0.4
urok,RF-Scorev3(ODDT)/GlideSP,1.0,NEF,,1.98,3.204,1.98,162,10012,101,3.236,0.668,2.012,0.505,3.204,0.013,0.012,0.723,0.075
vgfr2,RF-Scorev3(ODDT)/GlideSP,1.0,NEF,,2.45,3.951,2.45,409,25359,254,10.037,0.715,2.51,0.507,3.951,0.019,0.018,0.694,0.091
wee1,RF-Scorev3(ODDT)/GlideSP,1.0,NEF,,43.32,70.676,43.32,102,6252,63,44.526,0.993,145.317,0.717,70.676,0.55,0.534,0.894,0.84
xiap,RF-Scorev3(ODDT)/GlideSP,1.0,NEF,,6.14,11.695,6.14,100,5250,53,6.198,0.872,6.821,0.526,11.695,0.072,0.069,0.831,0.177
aa2ar,PLECRF(ODDT)/GlideSP,1.0,NEF,,4.53,6.816,4.53,482,32032,321,21.881,0.827,4.788,0.518,6.816,0.044,0.043,0.561,0.11
abl1,PLECRF(ODDT)/GlideSP,1.0,NEF,,13.68,22.775,13.68,182,10932,110,25.052,0.946,17.42,0.565,22.775,0.166,0.161,0.813,0.374
ace,PLECRF(ODDT)/GlideSP,1.0,NEF,,7.12,11.686,7.12,282,17182,172,20.099,0.888,7.93,0.531,11.686,0.079,0.077,0.64,0.25
aces,PLECRF(ODDT)/GlideSP,1.0,NEF,,3.98,6.752,3.98,453,26703,268,18.095,0.808,4.196,0.515,6.752,0.039,0.038,0.658,0.102
ada,PLECRF(ODDT)/GlideSP,1.0,NEF,,0.0,0.0,0.0,93,5543,56,0.0,0.0,0.0,0.495,0.0,-0.013,-0.013,0.377,0.026
ada17,PLECRF(ODDT)/GlideSP,1.0,NEF,,10.15,14.822,10.15,532,36432,365,54.099,0.922,11.742,0.547,14.822,0.112,0.11,0.778,0.245
adrb1,PLECRF(ODDT)/GlideSP,1.0,NEF,,0.87,1.335,0.87,247,16097,161,2.149,0.465,0.868,0.499,1.335,-0.002,-0.002,0.602,0.025
adrb2,PLECRF(ODDT)/GlideSP,1.0,NEF,,0.89,1.35,0.89,231,15231,153,2.065,0.47,0.888,0.499,1.35,-0.001,-0.001,0.599,0.031
akt1,PLECRF(ODDT)/GlideSP,1.0,NEF,,5.72,10.01,5.72,293,16743,168,16.817,0.862,6.245,0.524,10.01,0.063,0.061,0.598,0.151
akt2,PLECRF(ODDT)/GlideSP,1.0,NEF,,2.64,4.402,2.64,117,7017,71,3.125,0.731,2.716,0.508,4.402,0.022,0.021,0.643,0.072
aldr,PLECRF(ODDT)/GlideSP,1.0,NEF,,0.0,0.0,0.0,159,9159,92,0.0,0.0,0.0,0.495,0.0,-0.013,-0.013,0.429,0.004
ampc,PLECRF(ODDT)/GlideSP,1.0,NEF,,0.0,0.0,0.0,48,2898,29,0.0,0.0,0.0,0.495,0.0,-0.013,-0.013,0.394,0.0
andr,PLECRF(ODDT)/GlideSP,1.0,NEF,,10.98,20.204,10.98,269,14619,147,29.7,0.931,13.507,0.551,20.204,0.138,0.131,0.61,0.287
aofb,PLECRF(ODDT)/GlideSP,1.0,NEF,,0.0,0.0,0.0,122,7022,71,0.0,0.0,0.0,0.495,0.0,-0.013,-0.013,0.423,0.008
bace1,PLECRF(ODDT)/GlideSP,1.0,NEF,,1.66,2.556,1.66,283,18383,184,4.702,0.626,1.677,0.503,2.556,0.008,0.008,0.632,0.066
braf,PLECRF(ODDT)/GlideSP,1.0,NEF,,24.7,37.165,24.7,152,10102,102,37.908,0.975,38.718,0.621,37.165,0.296,0.29,0.811,0.489
cah2,PLECRF(ODDT)/GlideSP,1.0,NEF,,3.79,5.889,3.79,492,31664,317,18.668,0.799,3.965,0.514,5.889,0.035,0.034,0.622,0.104
casp3,PLECRF(ODDT)/GlideSP,1.0,NEF,,0.57,1.041,0.57,199,10899,109,1.134,0.361,0.565,0.498,1.041,-0.006,-0.006,0.551,0.02
cdk2,PLECRF(ODDT)/GlideSP,1.0,NEF,,8.79,14.71,8.79,474,28324,284,41.776,0.91,10.134,0.54,14.71,0.102,0.099,0.651,0.2
comt,PLECRF(ODDT)/GlideSP,1.0,NEF,,0.0,0.0,0.0,41,3891,39,0.0,0.0,0.0,0.495,0.0,-0.01,-0.01,0.632,0.0
cp2c9,PLECRF(ODDT)/GlideSP,1.0,NEF,,2.74,4.343,2.74,120,7570,76,3.301,0.738,2.819,0.509,4.343,0.022,0.022,0.568,0.065
cp3a4,PLECRF(ODDT)/GlideSP,1.0,NEF,,2.01,2.855,2.01,170,11970,120,3.426,0.671,2.04,0.505,2.855,0.012,0.012,0.584,0.065
csf1r,PLECRF(ODDT)/GlideSP,1.0,NEF,,16.29,21.956,16.29,166,12316,124,27.226,0.954,20.592,0.578,21.956,0.18,0.178,0.763,0.352
cxcr4,PLECRF(ODDT)/GlideSP,1.0,NEF,,0.83,0.963,0.83,40,3446,35,0.337,0.453,0.828,0.499,0.963,-0.002,-0.002,0.712,0.09
def,PLECRF(ODDT)/GlideSP,1.0,NEF,,2.51,4.413,2.51,102,5802,59,2.603,0.721,2.58,0.508,4.413,0.02,0.02,0.723,0.109
dhi1,PLECRF(ODDT)/GlideSP,1.0,NEF,,4.67,7.831,4.67,330,19680,197,15.427,0.833,4.982,0.519,7.831,0.048,0.047,0.75,0.129
dpp4,PLECRF(ODDT)/GlideSP,1.0,NEF,,13.8,17.731,13.8,533,41483,415,73.584,0.943,16.559,0.565,17.731,0.147,0.146,0.601,0.308
drd3,PLECRF(ODDT)/GlideSP,1.0,NEF,,3.2,4.448,3.2,480,34530,346,15.391,0.768,3.302,0.511,4.448,0.026,0.026,0.644,0.096
dyr,PLECRF(ODDT)/GlideSP,1.0,NEF,,0.36,0.477,0.36,231,17431,175,0.835,0.263,0.357,0.497,0.477,-0.007,-0.007,0.466,0.023
egfr,PLECRF(ODDT)/GlideSP,1.0,NEF,,18.14,27.624,18.14,542,35592,356,98.341,0.961,24.682,0.587,27.624,0.214,0.209,0.746,0.393
esr1,PLECRF(ODDT)/GlideSP,1.0,NEF,,27.41,49.829,27.41,383,21068,211,105.14,0.982,53.64,0.635,49.829,0.361,0.346,0.805,0.592
esr2,PLECRF(ODDT)/GlideSP,1.0,NEF,,18.74,33.442,18.74,367,20566,206,68.89,0.965,27.653,0.59,33.442,0.241,0.231,0.81,0.469
fa10,PLECRF(ODDT)/GlideSP,1.0,NEF,,22.87,42.551,22.87,537,28862,289,122.974,0.975,39.069,0.612,42.551,0.303,0.288,0.855,0.71
fa7,PLECRF(ODDT)/GlideSP,1.0,NEF,,4.29,7.685,4.29,114,6364,64,4.918,0.82,4.564,0.517,7.685,0.045,0.043,0.736,0.142
fabp4,PLECRF(ODDT)/GlideSP,1.0,NEF,,0.0,0.0,0.0,47,2797,28,0.0,0.0,0.0,0.495,0.0,-0.013,-0.013,0.578,0.001
fak1,PLECRF(ODDT)/GlideSP,1.0,NEF,,18.56,34.055,18.56,100,5450,55,18.73,0.965,27.628,0.59,34.055,0.242,0.232,0.79,0.339
fgfr1,PLECRF(ODDT)/GlideSP,1.0,NEF,,1.32,2.076,1.32,139,8839,89,1.847,0.57,1.327,0.502,2.076,0.004,0.004,0.541,0.406
fkb1a,PLECRF(ODDT)/GlideSP,1.0,NEF,,1.09,2.047,1.09,111,5911,60,1.228,0.522,1.092,0.5,2.047,0.001,0.001,0.693,0.097
fnta,PLECRF(ODDT)/GlideSP,1.0,NEF,,7.88,8.955,7.88,592,52092,521,46.657,0.895,8.557,0.535,8.955,0.074,0.074,0.695,0.216
fpps,PLECRF(ODDT)/GlideSP,1.0,NEF,,0.48,0.457,0.48,85,8935,90,0.411,0.323,0.478,0.497,0.483,-0.005,-0.005,0.441,0.01
gcr,PLECRF(ODDT)/GlideSP,1.0,NEF,,6.28,10.619,6.28,258,15258,153,16.247,0.874,6.907,0.527,10.619,0.07,0.067,0.728,0.161
glcm,PLECRF(ODDT)/GlideSP,1.0,NEF,,0.64,0.897,0.64,54,3854,39,0.35,0.389,0.637,0.498,0.897,-0.004,-0.004,0.498,0.032
gria2,PLECRF(ODDT)/GlideSP,1.0,NEF,,0.34,0.448,0.34,158,12003,121,0.542,0.252,0.337,0.497,0.448,-0.008,-0.008,0.436,0.011
grik1,PLECRF(ODDT)/GlideSP,1.0,NEF,,0.65,0.987,0.65,101,6651,67,0.661,0.393,0.647,0.498,0.987,-0.004,-0.004,0.43,0.012
hdac2,PLECRF(ODDT)/GlideSP,1.0,NEF,,1.3,2.294,1.3,185,10485,105,2.408,0.567,1.307,0.502,2.294,0.004,0.004,0.559,0.042
hdac8,PLECRF(ODDT)/GlideSP,1.0,NEF,,0.0,0.0,0.0,170,10620,107,0.0,0.0,0.0,0.495,0.0,-0.013,-0.013,0.541,0.004
hivint,PLECRF(ODDT)/GlideSP,1.0,NEF,,1.42,2.104,1.42,100,6750,68,1.431,0.588,1.429,0.502,2.104,0.005,0.005,0.462,0.048
hivpr,PLECRF(ODDT)/GlideSP,1.0,NEF,,10.32,15.244,10.32,536,36286,363,55.337,0.923,11.996,0.547,15.244,0.115,0.113,0.742,0.293
hivrt,PLECRF(ODDT)/GlideSP,1.0,NEF,,2.72,4.781,2.72,338,19229,193,9.228,0.737,2.806,0.509,4.781,0.023,0.022,0.46,0.087
hmdh,PLECRF(ODDT)/GlideSP,1.0,NEF,,11.02,21.002,11.02,170,8920,90,18.902,0.932,13.684,0.552,21.002,0.141,0.134,0.654,0.299
hs90a,PLECRF(ODDT)/GlideSP,1.0,NEF,,2.49,4.437,2.49,88,4938,50,2.219,0.719,2.559,0.508,4.437,0.02,0.019,0.417,0.054
hxk4,PLECRF(ODDT)/GlideSP,1.0,NEF,,6.29,12.076,6.29,92,4792,48,5.796,0.875,7.017,0.527,12.076,0.074,0.071,0.655,0.129
igf1r,PLECRF(ODDT)/GlideSP,1.0,NEF,,14.63,22.917,14.63,148,9448,95,21.772,0.949,18.682,0.57,22.917,0.173,0.169,0.69,0.29
inha,PLECRF(ODDT)/GlideSP,1.0,NEF,,1.44,2.643,1.44,43,2343,24,0.634,0.592,1.452,0.502,2.643,0.006,0.006,0.682,0.037
ital,PLECRF(ODDT)/GlideSP,1.0,NEF,,3.93,6.279,3.93,138,8638,87,5.462,0.805,4.126,0.515,6.279,0.038,0.037,0.586,0.089
jak2,PLECRF(ODDT)/GlideSP,1.0,NEF,,24.43,39.564,24.43,107,6607,67,26.508,0.975,39.768,0.621,39.564,0.304,0.296,0.801,0.486
kif11,PLECRF(ODDT)/GlideSP,1.0,NEF,,30.9,51.456,30.9,116,6966,70,36.019,0.984,62.593,0.653,51.456,0.392,0.38,0.752,0.644
kit,PLECRF(ODDT)/GlideSP,1.0,NEF,,7.97,12.463,7.97,166,10616,107,13.335,0.9,8.962,0.536,12.463,0.089,0.086,0.762,0.205
kith,PLECRF(ODDT)/GlideSP,1.0,NEF,,0.0,0.0,0.0,57,2907,30,0.0,0.0,0.0,0.495,0.0,-0.014,-0.014,0.288,0.003
kpcb,PLECRF(ODDT)/GlideSP,1.0,NEF,,2.11,3.224,2.11,135,8835,89,2.869,0.682,2.147,0.506,3.224,0.014,0.014,0.608,0.044
lck,PLECRF(ODDT)/GlideSP,1.0,NEF,,20.35,30.723,20.35,420,27820,279,85.716,0.967,28.931,0.599,30.723,0.241,0.236,0.785,0.439
lkha4,PLECRF(ODDT)/GlideSP,1.0,NEF,,0.41,0.729,0.41,171,9621,97,0.707,0.289,0.406,0.497,0.729,-0.008,-0.008,0.535,0.019
mapk2,PLECRF(ODDT)/GlideSP,1.0,NEF,,14.58,23.558,14.58,101,6251,63,14.841,0.949,18.765,0.57,23.558,0.176,0.171,0.688,0.415
mcr,PLECRF(ODDT)/GlideSP,1.0,NEF,,18.23,32.678,18.23,94,5244,53,17.319,0.964,26.593,0.589,32.678,0.235,0.226,0.814,0.463
met,PLECRF(ODDT)/GlideSP,1.0,NEF,,36.16,52.58,36.16,166,11416,115,60.467,0.987,75.146,0.68,52.58,0.431,0.424,0.875,0.684
mk01,PLECRF(ODDT)/GlideSP,1.0,NEF,,5.01,8.55,5.01,79,4629,47,4.019,0.843,5.385,0.521,8.55,0.054,0.052,0.69,0.152
mk10,PLECRF(ODDT)/GlideSP,1.0,NEF,,2.69,4.173,2.69,104,6704,68,2.838,0.734,2.764,0.509,4.173,0.021,0.021,0.644,0.091
mk14,PLECRF(ODDT)/GlideSP,1.0,NEF,,12.58,19.961,12.58,578,36428,365,72.856,0.939,15.468,0.559,19.961,0.148,0.144,0.696,0.279
mmp13,PLECRF(ODDT)/GlideSP,1.0,NEF,,23.35,35.36,23.35,572,37772,378,133.661,0.973,35.576,0.614,35.36,0.279,0.273,0.818,0.515
mp2k1,PLECRF(ODDT)/GlideSP,1.0,NEF,,1.25,1.829,1.25,121,8271,83,1.518,0.556,1.255,0.501,1.829,0.003,0.003,0.447,0.041
nos1,PLECRF(ODDT)/GlideSP,1.0,NEF,,2.99,3.669,2.99,100,8150,82,3.008,0.754,3.066,0.51,3.669,0.022,0.022,0.537,0.095
nram,PLECRF(ODDT)/GlideSP,1.0,NEF,,17.32,26.951,17.32,98,6298,63,16.979,0.959,23.341,0.583,26.951,0.206,0.201,0.735,0.512
pa2ga,PLECRF(ODDT)/GlideSP,1.0,NEF,,1.58,2.98,1.58,99,5249,53,1.579,0.615,1.598,0.503,2.98,0.008,0.008,0.5,0.046
parp1,PLECRF(ODDT)/GlideSP,1.0,NEF,,9.88,16.425,9.88,508,30558,306,50.259,0.921,11.625,0.545,16.425,0.116,0.112,0.694,0.21
pde5a,PLECRF(ODDT)/GlideSP,1.0,NEF,,7.42,10.567,7.42,398,27948,280,29.587,0.891,8.179,0.533,10.567,0.078,0.076,0.645,0.178
pgh1,PLECRF(ODDT)/GlideSP,1.0,NEF,,3.15,5.587,3.15,195,10995,110,6.145,0.766,3.277,0.511,5.587,0.029,0.028,0.576,0.064
pgh2,PLECRF(ODDT)/GlideSP,1.0,NEF,,2.03,3.744,2.03,435,23585,236,8.836,0.674,2.07,0.505,3.744,0.014,0.014,0.619,0.053
plk1,PLECRF(ODDT)/GlideSP,1.0,NEF,,5.23,8.102,5.23,107,6907,70,5.671,0.849,5.603,0.522,8.102,0.054,0.052,0.6,0.129
pnph,PLECRF(ODDT)/GlideSP,1.0,NEF,,1.31,1.913,1.31,103,7053,71,1.358,0.568,1.316,0.502,1.913,0.004,0.004,0.515,0.033
ppara,PLECRF(ODDT)/GlideSP,1.0,NEF,,4.65,8.772,4.65,373,19772,198,17.369,0.833,5.001,0.519,8.772,0.051,0.048,0.684,0.148
ppard,PLECRF(ODDT)/GlideSP,1.0,NEF,,10.09,19.388,10.09,240,12490,125,24.235,0.925,12.276,0.546,19.388,0.128,0.121,0.767,0.214
pparg,PLECRF(ODDT)/GlideSP,1.0,NEF,,3.32,6.232,3.32,484,25784,258,16.079,0.776,3.474,0.512,6.232,0.032,0.031,0.635,0.086
prgr,PLECRF(ODDT)/GlideSP,1.0,NEF,,5.63,10.347,5.63,293,15943,160,16.555,0.86,6.164,0.524,10.347,0.064,0.061,0.688,0.145
ptn1,PLECRF(ODDT)/GlideSP,1.0,NEF,,0.0,0.0,0.0,130,7380,74,0.0,0.0,0.0,0.495,0.0,-0.013,-0.013,0.693,0.041
pur2,PLECRF(ODDT)/GlideSP,1.0,NEF,,0.99,1.8,0.99,50,2750,28,0.504,0.497,0.99,0.5,1.8,-0.0,-0.0,0.669,0.149
pygm,PLECRF(ODDT)/GlideSP,1.0,NEF,,1.72,3.289,1.72,77,4027,41,1.348,0.636,1.744,0.504,3.289,0.01,0.01,0.521,0.055
pyrd,PLECRF(ODDT)/GlideSP,1.0,NEF,,11.43,19.337,11.43,111,6561,66,12.763,0.933,13.93,0.553,19.337,0.138,0.133,0.791,0.236
reni,PLECRF(ODDT)/GlideSP,1.0,NEF,,3.09,4.551,3.09,104,7062,71,3.231,0.761,3.19,0.511,4.551,0.026,0.025,0.67,0.153
rock1,PLECRF(ODDT)/GlideSP,1.0,NEF,,2.96,4.625,2.96,100,6400,64,2.96,0.753,3.055,0.51,4.625,0.025,0.024,0.642,0.101
rxra,PLECRF(ODDT)/GlideSP,1.0,NEF,,2.06,3.811,2.06,131,7081,71,2.706,0.678,2.102,0.505,3.811,0.015,0.014,0.727,0.073
sahh,PLECRF(ODDT)/GlideSP,1.0,NEF,,0.0,0.0,0.0,63,3513,36,0.0,0.0,0.0,0.495,0.0,-0.014,-0.013,0.275,0.017
src,PLECRF(ODDT)/GlideSP,1.0,NEF,,13.81,20.661,13.81,524,35024,351,72.521,0.945,17.146,0.565,20.661,0.159,0.156,0.706,0.291
tgfr1,PLECRF(ODDT)/GlideSP,1.0,NEF,,15.98,24.619,15.98,133,8633,87,21.418,0.954,20.872,0.577,24.619,0.189,0.185,0.847,0.483
thb,PLECRF(ODDT)/GlideSP,1.0,NEF,,21.43,29.224,21.43,103,7553,76,22.21,0.968,29.866,0.604,29.224,0.242,0.239,0.829,0.654
thrb,PLECRF(ODDT)/GlideSP,1.0,NEF,,5.87,9.853,5.87,461,27465,275,27.095,0.865,6.402,0.525,9.853,0.064,0.062,0.695,0.168
try1,PLECRF(ODDT)/GlideSP,1.0,NEF,,1.34,2.277,1.34,449,26429,265,6.033,0.574,1.348,0.502,2.277,0.004,0.004,0.575,0.042
tryb1,PLECRF(ODDT)/GlideSP,1.0,NEF,,0.0,0.0,0.0,148,7798,78,0.0,0.0,0.0,0.495,0.0,-0.014,-0.013,0.51,0.008
tysy,PLECRF(ODDT)/GlideSP,1.0,NEF,,0.66,1.049,0.66,109,6859,69,0.724,0.396,0.656,0.498,1.049,-0.004,-0.004,0.476,0.036
urok,PLECRF(ODDT)/GlideSP,1.0,NEF,,1.65,2.67,1.65,162,10012,101,2.696,0.625,1.668,0.503,2.67,0.008,0.008,0.639,0.06
vgfr2,PLECRF(ODDT)/GlideSP,1.0,NEF,,10.13,16.338,10.13,409,25359,254,41.499,0.923,11.913,0.546,16.338,0.118,0.114,0.695,0.266
wee1,PLECRF(ODDT)/GlideSP,1.0,NEF,,23.82,38.862,23.82,102,6252,63,24.483,0.975,38.325,0.617,38.862,0.297,0.288,0.861,0.516
xiap,PLECRF(ODDT)/GlideSP,1.0,NEF,,0.77,1.467,0.77,100,5250,53,0.777,0.434,0.767,0.499,1.467,-0.003,-0.003,0.691,0.044
ace,Masters et al.(Rank)*†(20/102),1.0,NEF,,1.0,1.641,1.0,282,17182,172,2.823,0.5,1.0,0.5,1.641,0.0,0.0,,
ada17,Masters et al.(Rank)*†(20/102),1.0,NEF,,29.0,42.347,29.0,532,36432,365,154.568,0.98,49.567,0.642,42.347,0.343,0.337,,
adrb1,Masters et al.(Rank)*†(20/102),1.0,NEF,,2.0,3.069,2.0,247,16097,161,4.941,0.67,2.032,0.505,3.069,0.013,0.012,,
braf,Masters et al.(Rank)*†(20/102),1.0,NEF,,12.0,18.056,12.0,152,10102,102,18.417,0.935,14.424,0.556,18.056,0.137,0.135,,
cdk2,Masters et al.(Rank)*†(20/102),1.0,NEF,,9.0,15.061,9.0,474,28324,284,42.774,0.912,10.419,0.541,15.061,0.105,0.102,,
drd3,Masters et al.(Rank)*†(20/102),1.0,NEF,,2.0,2.78,2.0,480,34530,346,9.619,0.67,2.029,0.505,2.78,0.012,0.012,,
esr1,Masters et al.(Rank)*†(20/102),1.0,NEF,,2.0,3.636,2.0,383,21068,211,7.672,0.671,2.038,0.505,3.636,0.014,0.013,,
esr2,Masters et al.(Rank)*†(20/102),1.0,NEF,,17.0,30.336,17.0,367,20566,206,62.493,0.96,23.968,0.582,30.336,0.217,0.208,,
fa10,Masters et al.(Rank)*†(20/102),1.0,NEF,,13.0,24.188,13.0,537,28862,289,69.902,0.944,16.829,0.561,24.188,0.166,0.158,,
fabp4,Masters et al.(Rank)*†(20/102),1.0,NEF,,36.0,60.493,36.0,47,2797,28,16.938,0.989,89.593,0.678,60.493,0.46,0.445,,
glcm,Masters et al.(Rank)*†(20/102),1.0,NEF,,0.0,0.0,0.0,54,3854,39,0.0,0.0,0.0,0.495,0.0,-0.012,-0.012,,
gria2,Masters et al.(Rank)*†(20/102),1.0,NEF,,3.0,3.949,3.0,158,12003,121,4.778,0.755,3.082,0.51,3.949,0.023,0.023,,
hdac8,Masters et al.(Rank)*†(20/102),1.0,NEF,,24.0,38.418,24.0,170,10620,107,41.107,0.975,38.349,0.618,38.418,0.296,0.288,,
hivpr,Masters et al.(Rank)*†(20/102),1.0,NEF,,4.0,5.909,4.0,536,36286,363,21.448,0.807,4.188,0.515,5.909,0.037,0.036,,
mmp13,Masters et al.(Rank)*†(20/102),1.0,NEF,,4.0,6.057,4.0,572,37772,378,22.897,0.807,4.193,0.515,6.057,0.037,0.037,,
pde5a,Masters et al.(Rank)*†(20/102),1.0,NEF,,12.0,17.089,12.0,398,27948,280,47.849,0.935,14.267,0.556,17.089,0.133,0.131,,
plk1,Masters et al.(Rank)*†(20/102),1.0,NEF,,2.0,3.098,2.0,107,6907,70,2.169,0.67,2.032,0.505,3.098,0.013,0.012,,
ptn1,Masters et al.(Rank)*†(20/102),1.0,NEF,,23.0,40.515,23.0,130,7380,74,29.981,0.974,37.984,0.612,40.515,0.296,0.285,,
src,Masters et al.(Rank)*†(20/102),1.0,NEF,,5.0,7.481,5.0,524,35024,351,26.257,0.842,5.323,0.52,7.481,0.05,0.049,,
try1,Masters et al.(Rank)*†(20/102),1.0,NEF,,2.0,3.398,2.0,449,26429,265,9.004,0.671,2.035,0.505,3.398,0.013,0.013,,
adrb1,FRED†(21/102),1.0,NEF,,7.0,10.741,7.0,247,16097,161,17.293,0.885,7.722,0.53,10.741,0.075,0.074,,
drd3,FRED†(21/102),1.0,NEF,,10.0,13.901,10.0,480,34530,346,48.097,0.92,11.453,0.546,13.901,0.108,0.106,,
gria2,FRED†(21/102),1.0,NEF,,32.0,42.123,32.0,158,12003,121,50.969,0.982,54.562,0.658,42.123,0.361,0.358,,
braf,FRED†(21/102),1.0,NEF,,18.0,27.084,18.0,152,10102,102,27.625,0.96,24.314,0.587,27.084,0.212,0.208,,
cdk2,FRED†(21/102),1.0,NEF,,18.0,30.123,18.0,474,28324,284,85.549,0.962,25.328,0.587,30.123,0.223,0.216,,
plk1,FRED†(21/102),1.0,NEF,,9.0,13.942,9.0,107,6907,70,9.76,0.911,10.296,0.541,13.942,0.102,0.099,,
src,FRED†(21/102),1.0,NEF,,5.0,7.481,5.0,524,35024,351,26.257,0.842,5.323,0.52,7.481,0.05,0.049,,
fabp4,FRED†(21/102),1.0,NEF,,30.0,50.411,30.0,47,2797,28,14.115,0.983,59.481,0.648,50.411,0.381,0.368,,
esr1,FRED†(21/102),1.0,NEF,,37.0,67.263,37.0,383,21068,211,141.925,0.991,110.968,0.684,67.263,0.493,0.471,,
esr2,FRED†(21/102),1.0,NEF,,40.0,71.38,40.0,367,20566,206,147.043,0.993,137.268,0.699,71.38,0.529,0.507,,
ace,FRED†(21/102),1.0,NEF,,18.0,29.543,18.0,282,17182,172,50.813,0.962,25.128,0.587,29.543,0.221,0.214,,
glcm,FRED†(21/102),1.0,NEF,,4.0,5.605,4.0,54,3854,39,2.186,0.807,4.178,0.515,5.605,0.036,0.036,,
hdac8,FRED†(21/102),1.0,NEF,,31.0,49.623,31.0,170,10620,107,53.097,0.984,60.551,0.654,49.623,0.386,0.376,,
hivint,FRED†(21/102),1.0,NEF,,8.0,11.852,8.0,100,6750,68,8.059,0.899,8.941,0.536,11.852,0.087,0.085,,
pde5a,FRED†(21/102),1.0,NEF,,20.0,28.481,20.0,398,27948,280,79.748,0.965,27.567,0.597,28.481,0.23,0.226,,
ptn1,FRED†(21/102),1.0,NEF,,21.0,36.992,21.0,130,7380,74,27.374,0.97,32.742,0.602,36.992,0.27,0.259,,
ada17,FRED†(21/102),1.0,NEF,,8.0,11.682,8.0,532,36432,365,42.639,0.899,8.926,0.536,11.682,0.086,0.084,,
fa10,FRED†(21/102),1.0,NEF,,17.0,31.63,17.0,537,28862,289,91.41,0.961,24.402,0.582,31.63,0.222,0.211,,
hivpr,FRED†(21/102),1.0,NEF,,6.0,8.863,6.0,536,36286,363,32.172,0.866,6.486,0.525,8.863,0.062,0.06,,
mmp13,FRED†(21/102),1.0,NEF,,18.0,27.258,18.0,572,37772,378,103.036,0.961,24.37,0.586,27.258,0.212,0.207,,
try1,FRED†(21/102),1.0,NEF,,17.0,28.881,17.0,449,26429,265,76.535,0.959,23.498,0.582,28.881,0.212,0.204,,
adrb1,HYBRID†(21/102),1.0,NEF,,19.0,29.155,19.0,247,16097,161,46.939,0.964,26.407,0.591,29.155,0.226,0.221,,
drd3,HYBRID†(21/102),1.0,NEF,,10.0,13.901,10.0,480,34530,346,48.097,0.92,11.453,0.546,13.901,0.108,0.106,,
gria2,HYBRID†(21/102),1.0,NEF,,47.0,61.868,47.0,158,12003,121,74.86,0.992,121.633,0.735,61.868,0.536,0.531,,
braf,HYBRID†(21/102),1.0,NEF,,29.0,43.635,29.0,152,10102,102,44.508,0.981,50.676,0.644,43.635,0.35,0.343,,
cdk2,HYBRID†(21/102),1.0,NEF,,30.0,50.205,30.0,474,28324,284,142.582,0.983,59.239,0.648,50.205,0.381,0.368,,
plk1,HYBRID†(21/102),1.0,NEF,,10.0,15.492,10.0,107,6907,70,10.844,0.921,11.65,0.546,15.492,0.114,0.112,,
src,HYBRID†(21/102),1.0,NEF,,7.0,10.473,7.0,524,35024,351,36.76,0.885,7.702,0.531,10.473,0.074,0.073,,
fabp4,HYBRID†(21/102),1.0,NEF,,32.0,53.772,32.0,47,2797,28,15.056,0.986,68.059,0.658,53.772,0.408,0.394,,
esr1,HYBRID†(21/102),1.0,NEF,,36.0,65.445,36.0,383,21068,211,138.089,0.99,102.288,0.679,65.445,0.479,0.458,,
esr2,HYBRID†(21/102),1.0,NEF,,40.0,71.38,40.0,367,20566,206,147.043,0.993,137.268,0.699,71.38,0.529,0.507,,
ace,HYBRID†(21/102),1.0,NEF,,20.0,32.825,20.0,282,17182,172,56.459,0.967,29.284,0.597,32.825,0.247,0.239,,
glcm,HYBRID†(21/102),1.0,NEF,,35.0,49.04,35.0,54,3854,39,19.126,0.985,67.719,0.674,49.04,0.41,0.404,,
hdac8,HYBRID†(21/102),1.0,NEF,,30.0,48.023,30.0,170,10620,107,51.384,0.983,56.793,0.648,48.023,0.373,0.363,,
hivint,HYBRID†(21/102),1.0,NEF,,10.0,14.815,10.0,100,6750,68,10.074,0.92,11.565,0.546,14.815,0.111,0.109,,
pde5a,HYBRID†(21/102),1.0,NEF,,31.0,44.146,31.0,398,27948,280,123.61,0.982,54.712,0.652,44.146,0.363,0.357,,
ptn1,HYBRID†(21/102),1.0,NEF,,19.0,33.469,19.0,130,7380,74,24.767,0.966,28.055,0.592,33.469,0.243,0.233,,
ada17,HYBRID†(21/102),1.0,NEF,,17.0,24.824,17.0,532,36432,365,90.609,0.957,22.283,0.581,24.824,0.196,0.192,,
fa10,HYBRID†(21/102),1.0,NEF,,19.0,35.351,19.0,537,28862,289,102.164,0.966,28.843,0.592,35.351,0.249,0.237,,
hivpr,HYBRID†(21/102),1.0,NEF,,10.0,14.772,10.0,536,36286,363,53.621,0.92,11.56,0.546,14.772,0.111,0.109,,
mmp13,HYBRID†(21/102),1.0,NEF,,30.0,45.43,30.0,572,37772,378,171.727,0.982,54.143,0.647,45.43,0.362,0.354,,
try1,HYBRID†(21/102),1.0,NEF,,20.0,33.978,20.0,449,26429,265,90.041,0.968,29.778,0.597,33.978,0.251,0.243,,
adrb1,PLANTS†(21/102),1.0,NEF,,19.0,29.155,19.0,247,16097,161,46.939,0.964,26.407,0.591,29.155,0.226,0.221,,
drd3,PLANTS†(21/102),1.0,NEF,,3.0,4.17,3.0,480,34530,346,14.429,0.755,3.087,0.51,4.17,0.024,0.024,,
gria2,PLANTS†(21/102),1.0,NEF,,14.0,18.429,14.0,158,12003,121,22.299,0.944,16.937,0.566,18.429,0.152,0.15,,
braf,PLANTS†(21/102),1.0,NEF,,0.0,0.0,0.0,152,10102,102,0.0,0.0,0.0,0.495,0.0,-0.012,-0.012,,
cdk2,PLANTS†(21/102),1.0,NEF,,4.0,6.694,4.0,474,28324,284,19.011,0.808,4.215,0.515,6.694,0.039,0.038,,
plk1,PLANTS†(21/102),1.0,NEF,,1.0,1.549,1.0,107,6907,70,1.084,0.5,1.0,0.5,1.549,0.0,0.0,,
src,PLANTS†(21/102),1.0,NEF,,1.0,1.496,1.0,524,35024,351,5.251,0.5,1.0,0.5,1.496,0.0,0.0,,
fabp4,PLANTS†(21/102),1.0,NEF,,0.0,0.0,0.0,47,2797,28,0.0,0.0,0.0,0.495,0.0,-0.013,-0.013,,
esr1,PLANTS†(21/102),1.0,NEF,,17.0,30.905,17.0,383,21068,211,65.209,0.96,24.156,0.582,30.905,0.219,0.209,,
esr2,PLANTS†(21/102),1.0,NEF,,12.0,21.414,12.0,367,20566,206,44.113,0.937,14.997,0.556,21.414,0.149,0.143,,
ace,PLANTS†(21/102),1.0,NEF,,24.0,39.39,24.0,282,17182,172,67.751,0.975,38.948,0.617,39.39,0.299,0.29,,
glcm,PLANTS†(21/102),1.0,NEF,,13.0,18.215,13.0,54,3854,39,7.104,0.94,15.673,0.562,18.215,0.145,0.143,,
hdac8,PLANTS†(21/102),1.0,NEF,,15.0,24.011,15.0,170,10620,107,25.692,0.951,19.424,0.572,24.011,0.18,0.175,,
hivint,PLANTS†(21/102),1.0,NEF,,15.0,22.222,15.0,100,6750,68,15.111,0.95,19.0,0.572,22.222,0.173,0.17,,
pde5a,PLANTS†(21/102),1.0,NEF,,15.0,21.361,15.0,398,27948,280,59.811,0.95,18.803,0.571,21.361,0.169,0.167,,
ptn1,PLANTS†(21/102),1.0,NEF,,21.0,36.992,21.0,130,7380,74,27.374,0.97,32.742,0.602,36.992,0.27,0.259,,
ada17,PLANTS†(21/102),1.0,NEF,,6.0,8.762,6.0,532,36432,365,31.98,0.866,6.48,0.525,8.762,0.061,0.06,,
fa10,PLANTS†(21/102),1.0,NEF,,12.0,22.327,12.0,537,28862,289,64.525,0.938,15.162,0.556,22.327,0.152,0.145,,
hivpr,PLANTS†(21/102),1.0,NEF,,15.0,22.157,15.0,536,36286,363,80.431,0.95,18.985,0.571,22.157,0.172,0.169,,
mmp13,PLANTS†(21/102),1.0,NEF,,15.0,22.715,15.0,572,37772,378,85.864,0.95,19.115,0.571,22.715,0.175,0.171,,
try1,PLANTS†(21/102),1.0,NEF,,17.0,28.881,17.0,449,26429,265,76.535,0.959,23.498,0.582,28.881,0.212,0.204,,
adrb1,rDock†(21/102),1.0,NEF,,13.0,19.948,13.0,247,16097,161,32.116,0.941,15.99,0.561,19.948,0.151,0.147,,
drd3,rDock†(21/102),1.0,NEF,,1.0,1.39,1.0,480,34530,346,4.81,0.5,1.0,0.5,1.39,0.0,0.0,,
gria2,rDock†(21/102),1.0,NEF,,4.0,5.265,4.0,158,12003,121,6.371,0.806,4.167,0.515,5.265,0.035,0.035,,
braf,rDock†(21/102),1.0,NEF,,12.0,18.056,12.0,152,10102,102,18.417,0.935,14.424,0.556,18.056,0.137,0.135,,
cdk2,rDock†(21/102),1.0,NEF,,17.0,28.449,17.0,474,28324,284,80.796,0.959,23.362,0.582,28.449,0.21,0.203,,
plk1,rDock†(21/102),1.0,NEF,,10.0,15.492,10.0,107,6907,70,10.844,0.921,11.65,0.546,15.492,0.114,0.112,,
src,rDock†(21/102),1.0,NEF,,3.0,4.488,3.0,524,35024,351,15.754,0.756,3.094,0.51,4.488,0.025,0.024,,
fabp4,rDock†(21/102),1.0,NEF,,0.0,0.0,0.0,47,2797,28,0.0,0.0,0.0,0.495,0.0,-0.013,-0.013,,
esr1,rDock†(21/102),1.0,NEF,,29.0,52.72,29.0,383,21068,211,111.239,0.984,60.221,0.643,52.72,0.383,0.366,,
esr2,rDock†(21/102),1.0,NEF,,22.0,39.259,22.0,367,20566,206,80.873,0.973,35.573,0.607,39.259,0.285,0.273,,
ace,rDock†(21/102),1.0,NEF,,3.0,4.924,3.0,282,17182,172,8.469,0.756,3.104,0.51,4.924,0.026,0.025,,
glcm,rDock†(21/102),1.0,NEF,,17.0,23.819,17.0,54,3854,39,9.29,0.957,22.003,0.582,23.819,0.193,0.19,,
hdac8,rDock†(21/102),1.0,NEF,,2.0,3.202,2.0,170,10620,107,3.426,0.67,2.033,0.505,3.202,0.013,0.013,,
hivint,rDock†(21/102),1.0,NEF,,7.0,10.37,7.0,100,6750,68,7.052,0.885,7.694,0.531,10.37,0.074,0.073,,
pde5a,rDock†(21/102),1.0,NEF,,10.0,14.241,10.0,398,27948,280,39.874,0.92,11.494,0.546,14.241,0.109,0.107,,
ptn1,rDock†(21/102),1.0,NEF,,26.0,45.799,26.0,130,7380,74,33.892,0.979,47.125,0.628,45.799,0.337,0.324,,
ada17,rDock†(21/102),1.0,NEF,,10.0,14.603,10.0,532,36432,365,53.299,0.92,11.539,0.546,14.603,0.11,0.108,,
fa10,rDock†(21/102),1.0,NEF,,27.0,50.236,27.0,537,28862,289,145.181,0.982,53.246,0.633,50.236,0.36,0.343,,
hivpr,rDock†(21/102),1.0,NEF,,5.0,7.386,5.0,536,36286,363,26.81,0.842,5.319,0.52,7.386,0.049,0.048,,
mmp13,rDock†(21/102),1.0,NEF,,3.0,4.543,3.0,572,37772,378,17.173,0.756,3.095,0.51,4.543,0.025,0.024,,
try1,rDock†(21/102),1.0,NEF,,14.0,23.784,14.0,449,26429,265,63.029,0.948,18.057,0.566,23.784,0.172,0.166,,
adrb1,SMINA†(21/102),1.0,NEF,,6.0,9.207,6.0,247,16097,161,14.823,0.867,6.507,0.525,9.207,0.063,0.061,,
drd3,SMINA†(21/102),1.0,NEF,,2.0,2.78,2.0,480,34530,346,9.619,0.67,2.029,0.505,2.78,0.012,0.012,,
gria2,SMINA†(21/102),1.0,NEF,,8.0,10.531,8.0,158,12003,121,12.742,0.898,8.824,0.536,10.531,0.082,0.081,,
braf,SMINA†(21/102),1.0,NEF,,14.0,21.065,14.0,152,10102,102,21.486,0.946,17.469,0.567,21.065,0.162,0.159,,
cdk2,SMINA†(21/102),1.0,NEF,,10.0,16.735,10.0,474,28324,284,47.527,0.922,11.809,0.546,16.735,0.118,0.114,,
plk1,SMINA†(21/102),1.0,NEF,,0.0,0.0,0.0,107,6907,70,0.0,0.0,0.0,0.495,0.0,-0.013,-0.012,,
src,SMINA†(21/102),1.0,NEF,,4.0,5.984,4.0,524,35024,351,21.005,0.807,4.191,0.515,5.984,0.037,0.036,,
fabp4,SMINA†(21/102),1.0,NEF,,30.0,50.411,30.0,47,2797,28,14.115,0.983,59.481,0.648,50.411,0.381,0.368,,
esr1,SMINA†(21/102),1.0,NEF,,23.0,41.812,23.0,383,21068,211,88.224,0.975,38.809,0.612,41.812,0.301,0.288,,
esr2,SMINA†(21/102),1.0,NEF,,20.0,35.69,20.0,367,20566,206,73.521,0.968,30.544,0.597,35.69,0.258,0.247,,
ace,SMINA†(21/102),1.0,NEF,,3.0,4.924,3.0,282,17182,172,8.469,0.756,3.104,0.51,4.924,0.026,0.025,,
glcm,SMINA†(21/102),1.0,NEF,,4.0,5.605,4.0,54,3854,39,2.186,0.807,4.178,0.515,5.605,0.036,0.036,,
hdac8,SMINA†(21/102),1.0,NEF,,32.0,51.224,32.0,170,10620,107,54.81,0.985,64.556,0.659,51.224,0.399,0.388,,
hivint,SMINA†(21/102),1.0,NEF,,8.0,11.852,8.0,100,6750,68,8.059,0.899,8.941,0.536,11.852,0.087,0.085,,
pde5a,SMINA†(21/102),1.0,NEF,,12.0,17.089,12.0,398,27948,280,47.849,0.935,14.267,0.556,17.089,0.133,0.131,,
ptn1,SMINA†(21/102),1.0,NEF,,21.0,36.992,21.0,130,7380,74,27.374,0.97,32.742,0.602,36.992,0.27,0.259,,
ada17,SMINA†(21/102),1.0,NEF,,14.0,20.444,14.0,532,36432,365,74.619,0.945,17.341,0.566,20.444,0.159,0.156,,
fa10,SMINA†(21/102),1.0,NEF,,18.0,33.49,18.0,537,28862,289,96.787,0.964,26.56,0.587,33.49,0.235,0.224,,
hivpr,SMINA†(21/102),1.0,NEF,,6.0,8.863,6.0,536,36286,363,32.172,0.866,6.486,0.525,8.863,0.062,0.06,,
mmp13,SMINA†(21/102),1.0,NEF,,4.0,6.057,4.0,572,37772,378,22.897,0.807,4.193,0.515,6.057,0.037,0.037,,
try1,SMINA†(21/102),1.0,NEF,,3.0,5.097,3.0,449,26429,265,13.506,0.757,3.107,0.51,5.097,0.026,0.026,,
adrb1,BoostingConsensus*†(21/102),1.0,NEF,,31.0,47.568,31.0,247,16097,161,76.584,0.983,58.217,0.652,47.568,0.376,0.368,,
drd3,BoostingConsensus*†(21/102),1.0,NEF,,13.0,18.071,13.0,480,34530,346,62.526,0.94,15.647,0.561,18.071,0.143,0.141,,
gria2,BoostingConsensus*†(21/102),1.0,NEF,,49.0,64.501,49.0,158,12003,121,78.046,0.993,136.213,0.745,64.501,0.559,0.554,,
braf,BoostingConsensus*†(21/102),1.0,NEF,,29.0,43.635,29.0,152,10102,102,44.508,0.981,50.676,0.644,43.635,0.35,0.343,,
cdk2,BoostingConsensus*†(21/102),1.0,NEF,,35.0,58.572,35.0,474,28324,284,166.345,0.988,83.071,0.673,58.572,0.446,0.432,,
plk1,BoostingConsensus*†(21/102),1.0,NEF,,8.0,12.393,8.0,107,6907,70,8.675,0.9,8.99,0.536,12.393,0.089,0.087,,
src,BoostingConsensus*†(21/102),1.0,NEF,,7.0,10.473,7.0,524,35024,351,36.76,0.885,7.702,0.531,10.473,0.074,0.073,,
fabp4,BoostingConsensus*†(21/102),1.0,NEF,,34.0,57.133,34.0,47,2797,28,15.997,0.987,77.982,0.668,57.133,0.434,0.419,,
esr1,BoostingConsensus*†(21/102),1.0,NEF,,38.0,69.081,38.0,383,21068,211,145.761,0.992,120.668,0.689,69.081,0.506,0.484,,
esr2,BoostingConsensus*†(21/102),1.0,NEF,,35.0,62.457,35.0,367,20566,206,128.662,0.989,91.564,0.673,62.457,0.461,0.442,,
ace,BoostingConsensus*†(21/102),1.0,NEF,,33.0,54.161,33.0,282,17182,172,93.157,0.986,70.81,0.663,54.161,0.416,0.403,,
glcm,BoostingConsensus*†(21/102),1.0,NEF,,37.0,51.842,37.0,54,3854,39,20.218,0.987,75.754,0.685,51.842,0.434,0.428,,
hdac8,BoostingConsensus*†(21/102),1.0,NEF,,45.0,72.034,45.0,170,10620,107,77.076,0.994,158.333,0.725,72.034,0.566,0.551,,
hivint,BoostingConsensus*†(21/102),1.0,NEF,,19.0,28.148,19.0,100,6750,68,19.141,0.963,26.052,0.592,28.148,0.223,0.218,,
pde5a,BoostingConsensus*†(21/102),1.0,NEF,,32.0,45.57,32.0,398,27948,280,127.597,0.983,57.954,0.658,45.57,0.375,0.369,,
ptn1,BoostingConsensus*†(21/102),1.0,NEF,,35.0,61.653,35.0,130,7380,74,45.623,0.989,89.664,0.674,61.653,0.458,0.44,,
ada17,BoostingConsensus*†(21/102),1.0,NEF,,19.0,27.745,19.0,532,36432,365,101.269,0.963,25.912,0.592,27.745,0.22,0.216,,
fa10,BoostingConsensus*†(21/102),1.0,NEF,,26.0,48.375,26.0,537,28862,289,139.804,0.98,49.426,0.628,48.375,0.346,0.33,,
hivpr,BoostingConsensus*†(21/102),1.0,NEF,,19.0,28.066,19.0,536,36286,363,101.879,0.963,26.023,0.591,28.066,0.222,0.217,,
mmp13,BoostingConsensus*†(21/102),1.0,NEF,,34.0,51.488,34.0,572,37772,378,194.624,0.986,69.024,0.668,51.488,0.411,0.403,,
try1,BoostingConsensus*†(21/102),1.0,NEF,,33.0,56.063,33.0,449,26429,265,148.568,0.987,73.832,0.663,56.063,0.423,0.409,,
adrb1,Mean-VarianceConsensus*†(21/102),1.0,NEF,,27.0,41.43,27.0,247,16097,161,66.702,0.978,45.391,0.632,41.43,0.326,0.319,,
drd3,Mean-VarianceConsensus*†(21/102),1.0,NEF,,7.0,9.731,7.0,480,34530,346,33.668,0.884,7.647,0.53,9.731,0.072,0.071,,
gria2,Mean-VarianceConsensus*†(21/102),1.0,NEF,,46.0,60.552,46.0,158,12003,121,73.267,0.991,115.073,0.73,60.552,0.524,0.52,,
braf,Mean-VarianceConsensus*†(21/102),1.0,NEF,,23.0,34.607,23.0,152,10102,102,35.299,0.972,34.643,0.613,34.607,0.275,0.269,,
cdk2,Mean-VarianceConsensus*†(21/102),1.0,NEF,,27.0,45.184,27.0,474,28324,284,128.323,0.98,48.432,0.633,45.184,0.341,0.33,,
plk1,Mean-VarianceConsensus*†(21/102),1.0,NEF,,8.0,12.393,8.0,107,6907,70,8.675,0.9,8.99,0.536,12.393,0.089,0.087,,
src,Mean-VarianceConsensus*†(21/102),1.0,NEF,,9.0,13.465,9.0,524,35024,351,47.262,0.911,10.245,0.541,13.465,0.099,0.097,,
fabp4,Mean-VarianceConsensus*†(21/102),1.0,NEF,,32.0,53.772,32.0,47,2797,28,15.056,0.986,68.059,0.658,53.772,0.408,0.394,,
esr1,Mean-VarianceConsensus*†(21/102),1.0,NEF,,37.0,67.263,37.0,383,21068,211,141.925,0.991,110.968,0.684,67.263,0.493,0.471,,
esr2,Mean-VarianceConsensus*†(21/102),1.0,NEF,,34.0,60.673,34.0,367,20566,206,124.986,0.988,84.912,0.668,60.673,0.447,0.429,,
ace,Mean-VarianceConsensus*†(21/102),1.0,NEF,,30.0,49.238,30.0,282,17182,172,84.689,0.983,58.129,0.648,49.238,0.377,0.365,,
glcm,Mean-VarianceConsensus*†(21/102),1.0,NEF,,30.0,42.034,30.0,54,3854,39,16.393,0.981,51.03,0.649,42.034,0.35,0.345,,
hdac8,Mean-VarianceConsensus*†(21/102),1.0,NEF,,46.0,73.635,46.0,170,10620,107,78.789,0.994,171.679,0.73,73.635,0.579,0.563,,
hivint,Mean-VarianceConsensus*†(21/102),1.0,NEF,,21.0,31.111,21.0,100,6750,68,21.156,0.968,30.032,0.602,31.111,0.247,0.243,,
pde5a,Mean-VarianceConsensus*†(21/102),1.0,NEF,,28.0,39.874,28.0,398,27948,280,111.647,0.979,45.906,0.637,39.874,0.326,0.321,,
ptn1,Mean-VarianceConsensus*†(21/102),1.0,NEF,,37.0,65.176,37.0,130,7380,74,48.23,0.991,104.377,0.684,65.176,0.485,0.466,,
ada17,Mean-VarianceConsensus*†(21/102),1.0,NEF,,17.0,24.824,17.0,532,36432,365,90.609,0.957,22.283,0.581,24.824,0.196,0.192,,
fa10,Mean-VarianceConsensus*†(21/102),1.0,NEF,,30.0,55.817,30.0,537,28862,289,161.312,0.985,66.637,0.648,55.817,0.402,0.383,,
hivpr,Mean-VarianceConsensus*†(21/102),1.0,NEF,,16.0,23.634,16.0,536,36286,363,85.793,0.954,20.642,0.576,23.634,0.185,0.181,,
mmp13,Mean-VarianceConsensus*†(21/102),1.0,NEF,,25.0,37.859,25.0,572,37772,378,143.106,0.975,39.622,0.622,37.859,0.299,0.293,,
try1,Mean-VarianceConsensus*†(21/102),1.0,NEF,,31.0,52.666,31.0,449,26429,265,139.564,0.985,64.379,0.653,52.666,0.397,0.383,,
aa2ar,DeepScore‡,1.0,NEF,,56.13,84.461,56.13,482,32032,321,271.121,0.997,355.793,0.78,84.461,0.686,0.671,0.99,
abl1,DeepScore‡,1.0,NEF,,40.08,66.727,40.08,182,10932,110,73.399,0.992,118.451,0.7,66.727,0.513,0.496,0.97,
ace,DeepScore‡,1.0,NEF,,60.15,98.721,60.15,282,17182,172,169.801,1.0,4626.923,0.801,98.721,0.768,0.745,0.99,
aces,DeepScore‡,1.0,NEF,,59.25,100.514,59.25,453,26703,268,269.377,1.0,inf,0.797,100.0,0.77,0.744,0.98,
ada,DeepScore‡,1.0,NEF,,58.2,97.647,58.2,93,5543,56,54.683,1.0,2432.439,0.794,97.647,0.755,0.731,1.0,
ada17,DeepScore‡,1.0,NEF,,69.29,101.181,69.29,532,36432,365,369.311,1.0,inf,0.847,100.0,0.836,0.821,1.0,
adrb1,DeepScore‡,1.0,NEF,,50.94,78.165,50.94,247,16097,161,125.845,0.996,229.713,0.754,78.165,0.627,0.612,0.98,
adrb2,DeepScore‡,1.0,NEF,,52.38,79.442,52.38,231,15231,153,121.546,0.996,250.925,0.762,79.442,0.642,0.629,0.98,
akt1,DeepScore‡,1.0,NEF,,59.03,103.302,59.03,293,16743,168,173.547,1.001,inf,0.796,100.0,0.78,0.75,0.99,
akt2,DeepScore‡,1.0,NEF,,53.9,89.872,53.9,117,7017,71,63.809,0.998,523.301,0.772,89.872,0.696,0.675,0.98,
aldr,DeepScore‡,1.0,NEF,,47.49,82.443,47.49,159,9159,92,75.847,0.996,265.787,0.738,82.443,0.622,0.599,0.97,
ampc,DeepScore‡,1.0,NEF,,28.07,46.493,28.07,48,2898,29,13.483,0.981,51.591,0.638,46.493,0.353,0.342,0.93,
andr,DeepScore‡,1.0,NEF,,44.76,82.362,44.76,269,14619,147,121.072,0.996,249.095,0.724,82.362,0.604,0.577,0.97,
aofb,DeepScore‡,1.0,NEF,,32.9,57.16,32.9,122,7022,71,40.584,0.987,75.464,0.664,57.16,0.429,0.413,0.94,
bace1,DeepScore‡,1.0,NEF,,50.47,77.697,50.47,283,18383,184,142.962,0.996,222.807,0.751,77.697,0.622,0.607,0.96,
braf,DeepScore‡,1.0,NEF,,62.85,94.567,62.85,152,10102,102,96.459,0.999,1139.5,0.817,94.567,0.772,0.757,0.99,
cah2,DeepScore‡,1.0,NEF,,59.52,92.483,59.52,492,31664,317,293.171,0.999,779.51,0.798,92.483,0.739,0.721,0.99,
casp3,DeepScore‡,1.0,NEF,,50.8,92.753,50.8,199,10899,109,101.101,0.999,688.225,0.754,92.753,0.683,0.652,0.98,
cdk2,DeepScore‡,1.0,NEF,,43.91,73.483,43.91,474,28324,284,208.692,0.994,162.821,0.719,73.483,0.563,0.545,0.97,
comt,DeepScore‡,1.0,NEF,,87.83,92.548,87.83,41,3891,39,36.094,0.999,1166.14,0.94,92.548,0.902,0.901,1.0,
cp2c9,DeepScore‡,1.0,NEF,,22.04,34.938,22.04,120,7570,76,26.553,0.971,33.338,0.607,34.938,0.269,0.262,0.87,
cp3a4,DeepScore‡,1.0,NEF,,37.09,52.676,37.09,170,11970,120,63.211,0.987,77.261,0.684,52.676,0.436,0.429,0.92,
csf1r,DeepScore‡,1.0,NEF,,58.96,79.469,58.96,166,12316,124,98.541,0.996,283.3,0.796,79.469,0.683,0.676,0.98,
cxcr4,DeepScore‡,1.0,NEF,,56.79,65.92,56.79,40,3446,35,23.072,0.994,164.703,0.787,65.92,0.612,0.611,0.94,
def,DeepScore‡,1.0,NEF,,58.07,102.088,58.07,102,5802,59,60.232,1.0,inf,0.795,100.0,0.774,0.745,1.0,
dhi1,DeepScore‡,1.0,NEF,,44.97,75.407,44.97,330,19680,197,148.552,0.994,179.791,0.724,75.407,0.577,0.558,0.98,
dpp4,DeepScore‡,1.0,NEF,,75.47,96.969,75.47,533,41483,415,402.42,1.0,2457.671,0.877,96.969,0.854,0.847,1.0,
drd3,DeepScore‡,1.0,NEF,,51.9,72.146,51.9,480,34530,346,249.625,0.995,183.738,0.759,72.146,0.608,0.6,0.97,
dyr,DeepScore‡,1.0,NEF,,68.68,91.016,68.68,231,17431,175,159.279,0.999,754.378,0.844,91.016,0.79,0.782,0.99,
egfr,DeepScore‡,1.0,NEF,,61.91,94.277,61.91,542,35592,356,335.628,0.999,1065.38,0.809,94.277,0.761,0.744,0.99,
esr1,DeepScore‡,1.0,NEF,,52.57,95.568,52.57,383,21068,211,201.649,0.999,1164.638,0.763,95.568,0.706,0.675,0.99,
esr2,DeepScore‡,1.0,NEF,,52.73,94.097,52.73,367,20566,206,193.839,0.999,877.277,0.764,94.097,0.701,0.672,0.99,
fa10,DeepScore‡,1.0,NEF,,36.75,68.376,36.75,537,28862,289,197.607,0.991,114.048,0.682,68.376,0.495,0.472,0.99,
fa7,DeepScore‡,1.0,NEF,,51.48,92.217,51.48,114,6364,64,59.019,0.998,649.633,0.758,92.217,0.687,0.659,0.99,
fabp4,DeepScore‡,1.0,NEF,,32.55,54.696,32.55,47,2797,28,15.315,0.986,70.641,0.661,54.696,0.415,0.401,0.95,
fak1,DeepScore‡,1.0,NEF,,53.41,98.0,53.41,100,5450,55,53.9,1.0,2621.5,0.769,98.0,0.723,0.691,0.99,
fgfr1,DeepScore‡,1.0,NEF,,40.91,64.334,40.91,139,8839,89,57.257,0.991,112.9,0.704,64.334,0.509,0.496,0.97,
fkb1a,DeepScore‡,1.0,NEF,,52.69,98.944,52.69,111,5911,60,59.367,1.0,4896.683,0.767,98.944,0.724,0.69,1.0,
fnta,DeepScore‡,1.0,NEF,,79.44,90.28,79.44,592,52092,521,470.357,0.999,807.968,0.897,90.28,0.845,0.844,0.99,
fpps,DeepScore‡,1.0,NEF,,92.83,88.311,92.83,85,8935,90,79.48,0.999,786.582,0.967,93.505,0.908,0.907,1.0,
gcr,DeepScore‡,1.0,NEF,,40.91,69.175,40.91,258,15258,153,105.838,0.992,130.474,0.704,69.175,0.527,0.509,0.97,
glcm,DeepScore‡,1.0,NEF,,45.49,63.738,45.49,54,3854,39,24.858,0.992,123.69,0.728,63.738,0.536,0.529,0.97,
gria2,DeepScore‡,1.0,NEF,,59.67,78.546,59.67,158,12003,121,95.04,0.996,274.467,0.8,78.546,0.684,0.678,0.96,
grik1,DeepScore‡,1.0,NEF,,58.36,88.624,58.36,101,6651,67,59.378,0.998,505.205,0.793,88.624,0.719,0.703,0.98,
hdac2,DeepScore‡,1.0,NEF,,55.62,98.137,55.62,185,10485,105,103.044,1.0,2933.364,0.778,98.137,0.736,0.707,0.99,
hdac8,DeepScore‡,1.0,NEF,,63.51,101.664,63.51,170,10620,107,108.78,1.0,inf,0.82,100.0,0.804,0.783,0.99,
hivint,DeepScore‡,1.0,NEF,,58.42,86.548,58.42,100,6750,68,58.853,0.998,427.856,0.794,86.548,0.71,0.697,0.98,
hivpr,DeepScore‡,1.0,NEF,,62.85,92.839,62.85,536,36286,363,337.006,0.999,864.72,0.814,92.839,0.761,0.747,0.99,
hivrt,DeepScore‡,1.0,NEF,,43.82,77.025,43.82,338,19229,193,148.658,0.995,187.377,0.719,77.025,0.577,0.554,0.97,
hmdh,DeepScore‡,1.0,NEF,,45.01,85.781,45.01,170,8920,90,77.203,0.997,310.524,0.726,85.781,0.619,0.588,0.99,
hs90a,DeepScore‡,1.0,NEF,,40.17,71.587,40.17,88,4938,50,35.793,0.993,138.859,0.702,71.587,0.534,0.512,0.99,
hxk4,DeepScore‡,1.0,NEF,,47.78,91.731,47.78,92,4792,48,44.031,0.998,566.742,0.739,91.731,0.658,0.624,0.98,
igf1r,DeepScore‡,1.0,NEF,,48.02,75.222,48.02,148,9448,95,71.461,0.995,190.764,0.74,75.222,0.598,0.583,0.97,
inha,DeepScore‡,1.0,NEF,,45.93,84.293,45.93,43,2343,24,20.23,0.997,287.055,0.734,84.293,0.625,0.599,0.96,
ital,DeepScore‡,1.0,NEF,,64.75,103.444,64.75,138,8638,87,89.996,1.001,inf,0.826,100.0,0.819,0.797,0.99,
jak2,DeepScore‡,1.0,NEF,,56.5,91.501,56.5,107,6607,67,61.306,0.998,654.052,0.786,91.501,0.721,0.701,0.98,
kif11,DeepScore‡,1.0,NEF,,54.28,90.389,54.28,116,6966,70,63.272,0.998,555.35,0.772,90.389,0.699,0.676,0.97,
kit,DeepScore‡,1.0,NEF,,46.01,71.945,46.01,166,10616,107,76.981,0.994,161.434,0.73,71.945,0.572,0.559,0.96,
kith,DeepScore‡,1.0,NEF,,50.42,98.863,50.42,57,2907,30,29.659,1.0,4346.552,0.76,98.863,0.714,0.677,1.0,
kpcb,DeepScore‡,1.0,NEF,,51.17,78.188,51.17,135,8835,89,69.588,0.996,231.016,0.757,78.188,0.63,0.617,0.97,
lck,DeepScore‡,1.0,NEF,,58.14,87.774,58.14,420,27820,279,244.89,0.998,468.375,0.791,87.774,0.712,0.697,0.98,
lkha4,DeepScore‡,1.0,NEF,,39.5,70.206,39.5,171,9621,97,68.1,0.992,130.22,0.698,70.206,0.523,0.502,0.99,
mapk2,DeepScore‡,1.0,NEF,,54.13,87.46,54.13,101,6251,63,55.1,0.998,424.687,0.772,87.46,0.687,0.668,0.98,
mcr,DeepScore‡,1.0,NEF,,36.38,65.212,36.38,94,5244,53,34.562,0.99,102.702,0.682,65.212,0.483,0.463,0.98,
met,DeepScore‡,1.0,NEF,,61.07,88.802,61.07,166,11416,115,102.122,0.998,537.428,0.807,88.802,0.736,0.724,0.98,
mk01,DeepScore‡,1.0,NEF,,34.7,59.22,34.7,79,4629,47,27.833,0.988,83.639,0.674,59.22,0.45,0.435,0.97,
mk10,DeepScore‡,1.0,NEF,,47.2,73.222,47.2,104,6704,68,49.791,0.994,173.529,0.738,73.222,0.587,0.574,0.95,
mk14,DeepScore‡,1.0,NEF,,53.13,84.301,53.13,578,36428,365,307.698,0.997,333.058,0.765,84.301,0.666,0.648,0.98,
mmp13,DeepScore‡,1.0,NEF,,64.93,98.327,64.93,572,37772,378,371.675,1.0,3821.587,0.825,98.327,0.797,0.78,0.99,
mp2k1,DeepScore‡,1.0,NEF,,54.43,79.628,54.43,121,8271,83,66.091,0.996,263.271,0.772,79.628,0.655,0.644,0.96,
nos1,DeepScore‡,1.0,NEF,,50.14,61.521,50.14,100,8150,82,50.448,0.992,128.708,0.75,61.521,0.552,0.549,0.95,
nram,DeepScore‡,1.0,NEF,,62.62,97.44,62.62,98,6298,63,61.387,1.0,2407.864,0.813,97.44,0.779,0.76,0.98,
pa2ga,DeepScore‡,1.0,NEF,,47.92,90.381,47.92,99,5249,53,47.902,0.998,488.767,0.741,90.381,0.657,0.625,0.98,
parp1,DeepScore‡,1.0,NEF,,58.55,97.334,58.55,508,30558,306,297.843,1.0,2159.867,0.793,97.334,0.753,0.728,1.0,
pde5a,DeepScore‡,1.0,NEF,,59.85,85.231,59.85,398,27948,280,238.646,0.998,399.464,0.799,85.231,0.712,0.7,0.99,
pgh1,DeepScore‡,1.0,NEF,,36.85,65.355,36.85,195,10995,110,71.89,0.991,104.477,0.683,65.355,0.484,0.465,0.92,
pgh2,DeepScore‡,1.0,NEF,,46.46,85.69,46.46,435,23585,236,202.23,0.997,318.691,0.732,85.69,0.626,0.598,0.96,
plk1,DeepScore‡,1.0,NEF,,53.69,83.174,53.69,107,6907,70,58.222,0.997,314.147,0.771,83.174,0.669,0.654,0.97,
pnph,DeepScore‡,1.0,NEF,,66.13,96.574,66.13,103,7053,71,68.568,0.999,1902.254,0.833,96.574,0.8,0.786,1.0,
ppara,DeepScore‡,1.0,NEF,,41.6,78.479,41.6,373,19772,198,155.388,0.995,189.65,0.707,78.479,0.566,0.538,0.98,
ppard,DeepScore‡,1.0,NEF,,44.75,85.989,44.75,240,12490,125,107.486,0.997,313.25,0.723,85.989,0.616,0.583,0.99,
pparg,DeepScore‡,1.0,NEF,,48.05,90.196,48.05,484,25784,258,232.706,0.998,480.918,0.74,90.196,0.654,0.622,0.97,
prgr,DeepScore‡,1.0,NEF,,52.21,95.951,52.21,293,15943,160,153.522,0.999,1265.878,0.762,95.951,0.705,0.674,0.98,
ptn1,DeepScore‡,1.0,NEF,,45.74,80.572,45.74,130,7380,74,59.623,0.996,231.284,0.728,80.572,0.603,0.579,0.98,
pur2,DeepScore‡,1.0,NEF,,53.96,98.109,53.96,50,2750,28,27.471,1.0,2801.769,0.775,98.109,0.731,0.7,1.0,
pygm,DeepScore‡,1.0,NEF,,26.77,51.187,26.77,77,4027,41,20.987,0.982,53.793,0.634,51.187,0.365,0.347,0.95,
pyrd,DeepScore‡,1.0,NEF,,55.01,93.067,55.01,111,6561,66,61.424,0.999,780.001,0.776,93.067,0.714,0.69,0.99,
reni,DeepScore‡,1.0,NEF,,57.22,84.266,57.22,104,7062,71,59.829,0.997,358.32,0.787,84.266,0.693,0.68,0.97,
rock1,DeepScore‡,1.0,NEF,,50.11,78.297,50.11,100,6400,64,50.11,0.996,227.281,0.749,78.297,0.622,0.606,0.98,
rxra,DeepScore‡,1.0,NEF,,42.44,78.515,42.44,131,7081,71,55.746,0.995,193.878,0.712,78.515,0.573,0.546,1.0,
sahh,DeepScore‡,1.0,NEF,,42.64,76.468,42.64,63,3513,36,27.528,0.994,177.95,0.717,76.468,0.573,0.55,1.0,
src,DeepScore‡,1.0,NEF,,57.42,85.907,57.42,524,35024,351,301.534,0.998,401.342,0.787,85.907,0.7,0.685,0.98,
tgfr1,DeepScore‡,1.0,NEF,,61.85,95.286,61.85,133,8633,87,82.899,0.999,1291.866,0.811,95.286,0.768,0.751,1.0,
thb,DeepScore‡,1.0,NEF,,42.62,58.121,42.62,103,7553,76,44.172,0.99,100.381,0.712,58.121,0.493,0.488,0.99,
thrb,DeepScore‡,1.0,NEF,,56.68,95.137,56.68,461,27465,275,261.628,0.999,1146.061,0.784,95.137,0.732,0.707,0.99,
try1,DeepScore‡,1.0,NEF,,57.36,97.448,57.36,449,26429,265,258.238,1.0,2209.818,0.787,97.448,0.746,0.72,0.99,
tryb1,DeepScore‡,1.0,NEF,,50.1,95.086,50.1,148,7798,78,74.167,0.999,1000.17,0.75,95.086,0.686,0.652,1.0,
tysy,DeepScore‡,1.0,NEF,,54.99,87.388,54.99,109,6859,69,60.297,0.998,429.068,0.776,87.388,0.692,0.673,0.99,
urok,DeepScore‡,1.0,NEF,,56.28,91.064,56.28,162,10012,101,91.975,0.998,619.644,0.783,91.064,0.716,0.696,0.98,
vgfr2,DeepScore‡,1.0,NEF,,43.98,70.933,43.98,409,25359,254,180.169,0.993,148.864,0.719,70.933,0.554,0.538,0.99,
wee1,DeepScore‡,1.0,NEF,,59.91,97.742,59.91,102,6252,63,61.577,1.0,2609.764,0.802,97.742,0.765,0.743,1.0,
xiap,DeepScore‡,1.0,NEF,,50.87,96.895,50.87,100,5250,53,51.354,0.999,1607.242,0.757,96.895,0.702,0.667,1.0,
aa2ar,Vina,1.0,NEF,,2.49,3.747,2.49,482,32032,321,12.027,0.718,2.548,0.508,3.747,0.019,0.018,,0.06
abl1,Vina,1.0,NEF,,13.26,22.076,13.26,182,10932,110,24.283,0.944,16.733,0.563,22.076,0.161,0.156,,0.25
ace,Vina,1.0,NEF,,2.86,4.694,2.86,282,17182,172,8.074,0.747,2.952,0.509,4.694,0.024,0.023,,0.04
aces,Vina,1.0,NEF,,14.57,24.717,14.57,453,26703,268,66.242,0.95,19.025,0.569,24.717,0.179,0.173,,0.25
ada,Vina,1.0,NEF,,1.08,1.812,1.08,93,5543,56,1.015,0.52,1.081,0.5,1.812,0.001,0.001,,0.02
ada17,Vina,1.0,NEF,,28.01,40.902,28.01,532,36432,365,149.291,0.979,46.704,0.637,40.902,0.331,0.325,,0.42
adrb1,Vina,1.0,NEF,,4.05,6.215,4.05,247,16097,161,10.005,0.81,4.252,0.515,6.215,0.038,0.037,,0.08
adrb2,Vina,1.0,NEF,,3.46,5.248,3.46,231,15231,153,8.029,0.782,3.596,0.513,5.248,0.031,0.03,,0.09
akt1,Vina,1.0,NEF,,5.46,9.555,5.46,293,16743,168,16.052,0.856,5.931,0.523,9.555,0.06,0.058,,0.13
akt2,Vina,1.0,NEF,,26.5,44.186,26.5,117,7017,71,31.372,0.979,46.687,0.631,44.186,0.336,0.325,,0.39
aldr,Vina,1.0,NEF,,9.43,16.37,9.43,159,9159,92,15.061,0.917,11.08,0.543,16.37,0.113,0.109,,0.16
ampc,Vina,1.0,NEF,,0.0,0.0,0.0,48,2898,29,0.0,0.0,0.0,0.495,0.0,-0.013,-0.013,,0.02
andr,Vina,1.0,NEF,,17.84,32.827,17.84,269,14619,147,48.255,0.963,26.07,0.586,32.827,0.232,0.222,,0.31
aofb,Vina,1.0,NEF,,6.56,11.397,6.56,122,7022,71,8.092,0.879,7.275,0.529,11.397,0.075,0.072,,0.16
bace1,Vina,1.0,NEF,,4.59,7.066,4.59,283,18383,184,13.002,0.829,4.863,0.518,7.066,0.045,0.044,,0.09
braf,Vina,1.0,NEF,,17.11,25.745,17.11,152,10102,102,26.259,0.958,22.695,0.583,25.745,0.201,0.197,,0.27
cah2,Vina,1.0,NEF,,0.0,0.0,0.0,492,31664,317,0.0,0.0,0.0,0.495,0.0,-0.013,-0.012,,0.01
casp3,Vina,1.0,NEF,,1.52,2.775,1.52,199,10899,109,3.025,0.605,1.535,0.503,2.775,0.007,0.007,,0.05
cdk2,Vina,1.0,NEF,,9.51,15.915,9.51,474,28324,284,45.198,0.917,11.121,0.543,15.915,0.112,0.108,,0.17
comt,Vina,1.0,NEF,,4.88,5.142,4.88,41,3891,39,2.005,0.836,5.09,0.52,5.142,0.04,0.04,,0.06
cp2c9,Vina,1.0,NEF,,3.33,5.279,3.33,120,7570,76,4.012,0.776,3.46,0.512,5.279,0.03,0.029,,0.05
cp3a4,Vina,1.0,NEF,,1.8,2.556,1.8,170,11970,120,3.068,0.646,1.821,0.504,2.556,0.01,0.01,,0.04
csf1r,Vina,1.0,NEF,,1.2,1.617,1.2,166,12316,124,2.006,0.546,1.203,0.501,1.617,0.002,0.002,,0.05
cxcr4,Vina,1.0,NEF,,0.0,0.0,0.0,40,3446,35,0.0,0.0,0.0,0.495,0.0,-0.011,-0.011,,0.0
def,Vina,1.0,NEF,,9.8,17.229,9.8,102,5802,59,10.165,0.921,11.632,0.546,17.229,0.119,0.115,,0.2
dhi1,Vina,1.0,NEF,,4.24,7.11,4.24,330,19680,197,14.006,0.818,4.488,0.516,7.11,0.043,0.041,,0.09
dpp4,Vina,1.0,NEF,,0.56,0.72,0.56,533,41483,415,2.986,0.358,0.557,0.498,0.72,-0.005,-0.005,,0.02
drd3,Vina,1.0,NEF,,5.02,6.978,5.02,480,34530,346,24.145,0.842,5.322,0.52,6.978,0.048,0.047,,0.1
dyr,Vina,1.0,NEF,,7.36,9.754,7.36,231,17431,175,17.069,0.889,8.047,0.532,9.754,0.074,0.073,,0.12
egfr,Vina,1.0,NEF,,5.72,8.71,5.72,542,35592,356,31.009,0.861,6.17,0.524,8.71,0.059,0.058,,0.1
esr1,Vina,1.0,NEF,,18.54,33.704,18.54,383,21068,211,71.116,0.965,27.457,0.589,33.704,0.24,0.229,,0.35
esr2,Vina,1.0,NEF,,14.99,26.75,14.99,367,20566,206,55.104,0.953,20.099,0.571,26.75,0.19,0.182,,0.28
fa10,Vina,1.0,NEF,,15.83,29.453,15.83,537,28862,289,85.119,0.957,22.021,0.576,29.453,0.205,0.196,,0.38
fa7,Vina,1.0,NEF,,11.4,20.421,11.4,114,6364,64,13.07,0.934,14.069,0.553,20.421,0.142,0.136,,0.28
fabp4,Vina,1.0,NEF,,29.79,50.058,29.79,47,2797,28,14.016,0.983,58.647,0.647,50.058,0.378,0.366,,0.43
fak1,Vina,1.0,NEF,,19.0,34.862,19.0,100,5450,55,19.174,0.966,28.634,0.593,34.862,0.248,0.237,,0.33
fgfr1,Vina,1.0,NEF,,1.44,2.265,1.44,139,8839,89,2.015,0.592,1.45,0.502,2.265,0.006,0.005,,1.0
fkb1a,Vina,1.0,NEF,,7.21,13.539,7.21,111,5911,60,8.124,0.891,8.182,0.532,13.539,0.087,0.083,,0.13
fnta,Vina,1.0,NEF,,2.7,3.068,2.7,592,52092,521,15.986,0.734,2.754,0.509,3.068,0.018,0.018,,0.05
fpps,Vina,1.0,NEF,,0.0,0.0,0.0,85,8935,90,0.0,0.0,0.0,0.495,0.0,-0.01,-0.01,,0.0
gcr,Vina,1.0,NEF,,15.12,25.567,15.12,258,15258,153,39.117,0.952,19.97,0.572,25.567,0.186,0.18,,0.24
glcm,Vina,1.0,NEF,,0.0,0.0,0.0,54,3854,39,0.0,0.0,0.0,0.495,0.0,-0.012,-0.012,,0.0
gria2,Vina,1.0,NEF,,10.76,14.164,10.76,158,12003,121,17.138,0.925,12.37,0.55,14.164,0.114,0.113,,0.17
grik1,Vina,1.0,NEF,,4.0,6.074,4.0,101,6651,67,4.07,0.807,4.194,0.515,6.074,0.038,0.037,,0.08
hdac2,Vina,1.0,NEF,,11.89,20.979,11.89,185,10485,105,22.028,0.937,14.781,0.556,20.979,0.147,0.141,,0.24
hdac8,Vina,1.0,NEF,,20.0,32.015,20.0,170,10620,107,34.256,0.967,28.947,0.597,32.015,0.244,0.238,,0.34
hivint,Vina,1.0,NEF,,2.0,2.963,2.0,100,6750,68,2.015,0.67,2.031,0.505,2.963,0.012,0.012,,0.05
hivpr,Vina,1.0,NEF,,4.1,6.056,4.1,536,36286,363,21.984,0.811,4.3,0.516,6.056,0.038,0.037,,0.09
hivrt,Vina,1.0,NEF,,4.15,7.295,4.15,338,19229,193,14.079,0.815,4.398,0.516,7.295,0.042,0.041,,0.09
hmdh,Vina,1.0,NEF,,4.12,7.852,4.12,170,8920,90,7.067,0.814,4.386,0.516,7.852,0.044,0.042,,0.1
hs90a,Vina,1.0,NEF,,0.0,0.0,0.0,88,4938,50,0.0,0.0,0.0,0.495,0.0,-0.014,-0.013,,0.0
hxk4,Vina,1.0,NEF,,3.26,6.259,3.26,92,4792,48,3.004,0.773,3.411,0.512,6.259,0.032,0.03,,0.05
igf1r,Vina,1.0,NEF,,16.22,25.408,16.22,148,9448,95,24.138,0.955,21.404,0.578,25.408,0.194,0.189,,0.25
inha,Vina,1.0,NEF,,6.98,12.81,6.98,43,2343,24,3.074,0.887,7.859,0.531,12.81,0.083,0.08,,0.2
ital,Vina,1.0,NEF,,0.0,0.0,0.0,138,8638,87,0.0,0.0,0.0,0.495,0.0,-0.013,-0.013,,0.01
jak2,Vina,1.0,NEF,,15.89,25.734,15.89,107,6607,67,17.242,0.955,21.049,0.577,25.734,0.193,0.188,,0.26
kif11,Vina,1.0,NEF,,24.14,40.199,24.14,116,6966,70,28.139,0.975,39.695,0.618,40.199,0.303,0.294,,0.44
kit,Vina,1.0,NEF,,4.82,7.537,4.82,166,10616,107,8.065,0.837,5.131,0.52,7.537,0.049,0.047,,0.1
kith,Vina,1.0,NEF,,33.33,65.353,33.33,57,2907,30,19.606,0.99,94.312,0.67,65.353,0.467,0.443,,0.51
kpcb,Vina,1.0,NEF,,28.15,43.014,28.15,135,8835,89,38.282,0.98,48.643,0.639,43.014,0.341,0.334,,0.46
lck,Vina,1.0,NEF,,10.0,15.097,10.0,420,27820,279,42.121,0.921,11.6,0.546,15.097,0.112,0.11,,0.16
lkha4,Vina,1.0,NEF,,14.71,26.145,14.71,171,9621,97,25.361,0.951,19.563,0.57,26.145,0.186,0.179,,0.29
mapk2,Vina,1.0,NEF,,13.86,22.394,13.86,101,6251,63,14.108,0.946,17.571,0.566,22.394,0.166,0.162,,0.27
mcr,Vina,1.0,NEF,,7.45,13.354,7.45,94,5244,53,7.078,0.894,8.444,0.533,13.354,0.088,0.084,,0.14
met,Vina,1.0,NEF,,12.05,17.522,12.05,166,11416,115,20.15,0.935,14.397,0.556,17.522,0.135,0.133,,0.22
mk01,Vina,1.0,NEF,,3.8,6.485,3.8,79,4629,47,3.048,0.8,3.994,0.514,6.485,0.037,0.036,,0.11
mk10,Vina,1.0,NEF,,7.69,11.93,7.69,104,6704,68,8.112,0.896,8.596,0.534,11.93,0.085,0.083,,0.14
mk14,Vina,1.0,NEF,,6.57,10.425,6.57,578,36428,365,38.05,0.878,7.218,0.528,10.425,0.071,0.069,,0.13
mmp13,Vina,1.0,NEF,,4.02,6.088,4.02,572,37772,378,23.011,0.808,4.216,0.515,6.088,0.038,0.037,,0.08
mp2k1,Vina,1.0,NEF,,0.0,0.0,0.0,121,8271,83,0.0,0.0,0.0,0.495,0.0,-0.012,-0.012,,0.01
nos1,Vina,1.0,NEF,,2.0,2.454,2.0,100,8150,82,2.012,0.669,2.025,0.505,2.454,0.011,0.011,,0.03
nram,Vina,1.0,NEF,,0.0,0.0,0.0,98,6298,63,0.0,0.0,0.0,0.495,0.0,-0.013,-0.012,,0.0
pa2ga,Vina,1.0,NEF,,1.02,1.924,1.02,99,5249,53,1.02,0.505,1.02,0.5,1.924,0.0,0.0,,0.02
parp1,Vina,1.0,NEF,,13.78,22.908,13.78,508,30558,306,70.099,0.946,17.578,0.565,22.908,0.167,0.162,,0.26
pde5a,Vina,1.0,NEF,,11.81,16.818,11.81,398,27948,280,47.091,0.933,13.996,0.555,16.818,0.131,0.129,,0.19
pgh1,Vina,1.0,NEF,,6.15,10.907,6.15,195,10995,110,11.998,0.871,6.78,0.526,10.907,0.07,0.067,,0.11
pgh2,Vina,1.0,NEF,,25.98,47.917,25.98,435,23585,236,113.085,0.98,48.962,0.627,47.917,0.344,0.328,,0.45
plk1,Vina,1.0,NEF,,0.0,0.0,0.0,107,6907,70,0.0,0.0,0.0,0.495,0.0,-0.013,-0.012,,0.03
pnph,Vina,1.0,NEF,,11.76,17.174,11.76,103,7053,71,12.194,0.933,13.991,0.555,17.174,0.132,0.13,,0.2
ppara,Vina,1.0,NEF,,6.7,12.64,6.7,373,19772,198,25.026,0.883,7.525,0.529,12.64,0.079,0.076,,0.14
ppard,Vina,1.0,NEF,,1.25,2.402,1.25,240,12490,125,3.002,0.557,1.256,0.501,2.402,0.004,0.003,,0.05
pparg,Vina,1.0,NEF,,6.2,11.638,6.2,484,25784,258,30.027,0.873,6.885,0.527,11.638,0.072,0.069,,0.13
prgr,Vina,1.0,NEF,,12.97,23.836,12.97,293,15943,160,38.138,0.944,16.716,0.561,23.836,0.165,0.157,,0.22
ptn1,Vina,1.0,NEF,,26.15,46.064,26.15,130,7380,74,34.087,0.979,47.629,0.628,46.064,0.339,0.326,,0.45
pur2,Vina,1.0,NEF,,4.0,7.273,4.0,50,2750,28,2.036,0.809,4.235,0.516,7.273,0.041,0.04,,0.15
pygm,Vina,1.0,NEF,,2.6,4.971,2.6,77,4027,41,2.038,0.729,2.684,0.508,4.971,0.023,0.022,,0.04
pyrd,Vina,1.0,NEF,,20.72,35.054,20.72,111,6561,66,23.136,0.969,31.364,0.601,35.054,0.261,0.252,,0.34
reni,Vina,1.0,NEF,,4.85,7.142,4.85,104,7062,71,5.071,0.837,5.146,0.52,7.142,0.047,0.047,,0.11
rock1,Vina,1.0,NEF,,7.0,10.938,7.0,100,6400,64,7.0,0.886,7.737,0.53,10.938,0.076,0.074,,0.1
rxra,Vina,1.0,NEF,,29.77,55.075,29.77,131,7081,71,39.103,0.985,65.04,0.647,55.075,0.398,0.379,,0.51
sahh,Vina,1.0,NEF,,22.22,39.848,22.22,63,3513,36,14.345,0.973,36.277,0.611,39.848,0.292,0.28,,0.41
src,Vina,1.0,NEF,,5.53,8.274,5.53,524,35024,351,29.04,0.856,5.939,0.523,8.274,0.056,0.055,,0.09
tgfr1,Vina,1.0,NEF,,10.53,16.223,10.53,133,8633,87,14.114,0.925,12.375,0.549,16.223,0.12,0.118,,0.23
thb,Vina,1.0,NEF,,26.21,35.742,26.21,103,7553,76,27.164,0.976,40.233,0.629,35.742,0.299,0.295,,0.43
thrb,Vina,1.0,NEF,,1.52,2.551,1.52,461,27465,275,7.016,0.605,1.534,0.503,2.551,0.007,0.007,,0.07
try1,Vina,1.0,NEF,,2.67,4.536,2.67,449,26429,265,12.021,0.733,2.749,0.509,4.536,0.022,0.021,,0.07
tryb1,Vina,1.0,NEF,,8.11,15.392,8.11,148,7798,78,12.006,0.904,9.403,0.536,15.392,0.099,0.094,,0.16
tysy,Vina,1.0,NEF,,22.94,36.455,22.94,109,6859,69,25.154,0.973,35.527,0.612,36.455,0.281,0.274,,0.36
urok,Vina,1.0,NEF,,8.02,12.977,8.02,162,10012,101,13.107,0.901,9.067,0.536,12.977,0.091,0.088,,0.15
vgfr2,Vina,1.0,NEF,,17.36,27.999,17.36,409,25359,254,71.117,0.96,23.722,0.583,27.999,0.211,0.205,,0.28
wee1,Vina,1.0,NEF,,54.46,88.85,54.46,102,6252,63,55.976,0.998,480.474,0.774,88.85,0.695,0.674,,0.81
xiap,Vina,1.0,NEF,,10.1,19.238,10.1,100,5250,53,10.196,0.925,12.268,0.547,19.238,0.128,0.122,,0.16
aa2ar,GNINA,1.0,NEF,,6.43,9.676,6.43,482,32032,321,31.058,0.875,7.012,0.528,9.676,0.068,0.066,,0.14
abl1,GNINA,1.0,NEF,,20.44,34.029,20.44,182,10932,110,37.432,0.968,30.468,0.599,34.029,0.255,0.247,,0.34
ace,GNINA,1.0,NEF,,4.29,7.041,4.29,282,17182,172,12.11,0.819,4.539,0.517,7.041,0.043,0.041,,0.08
aces,GNINA,1.0,NEF,,15.45,26.21,15.45,453,26703,268,70.243,0.954,20.583,0.574,26.21,0.191,0.185,,0.27
ada,GNINA,1.0,NEF,,13.98,23.456,13.98,93,5543,56,13.135,0.947,17.957,0.567,23.456,0.171,0.166,,0.23
ada17,GNINA,1.0,NEF,,31.58,46.115,31.58,532,36432,365,168.319,0.983,57.75,0.655,46.115,0.374,0.368,,0.48
adrb1,GNINA,1.0,NEF,,4.05,6.215,4.05,247,16097,161,10.005,0.81,4.252,0.515,6.215,0.038,0.037,,0.08
adrb2,GNINA,1.0,NEF,,6.93,10.51,6.93,231,15231,153,16.081,0.884,7.626,0.53,10.51,0.074,0.073,,0.13
akt1,GNINA,1.0,NEF,,4.1,7.175,4.1,293,16743,168,12.054,0.813,4.34,0.516,7.175,0.042,0.04,,0.11
akt2,GNINA,1.0,NEF,,11.11,18.525,11.11,117,7017,71,13.152,0.931,13.409,0.552,18.525,0.133,0.129,,0.22
aldr,GNINA,1.0,NEF,,8.81,15.294,8.81,159,9159,92,14.071,0.911,10.22,0.54,15.294,0.105,0.101,,0.17
ampc,GNINA,1.0,NEF,,2.08,3.445,2.08,48,2898,29,0.999,0.679,2.119,0.505,3.445,0.014,0.014,,0.02
andr,GNINA,1.0,NEF,,8.55,15.733,8.55,269,14619,147,23.127,0.909,9.96,0.539,15.733,0.104,0.099,,0.17
aofb,GNINA,1.0,NEF,,1.64,2.849,1.64,122,7022,71,2.023,0.624,1.659,0.503,2.849,0.009,0.008,,0.04
bace1,GNINA,1.0,NEF,,20.85,32.098,20.85,283,18383,184,59.06,0.968,30.233,0.601,32.098,0.25,0.244,,0.32
braf,GNINA,1.0,NEF,,21.71,32.666,21.71,152,10102,102,33.319,0.969,31.757,0.606,32.666,0.259,0.253,,0.34
cah2,GNINA,1.0,NEF,,26.22,40.741,26.22,492,31664,317,129.149,0.978,43.559,0.628,40.741,0.319,0.311,,0.44
casp3,GNINA,1.0,NEF,,17.17,31.35,17.17,199,10899,109,34.171,0.961,24.554,0.582,31.35,0.222,0.212,,0.3
cdk2,GNINA,1.0,NEF,,21.35,35.729,21.35,474,28324,284,101.471,0.97,32.663,0.604,35.729,0.267,0.258,,0.37
comt,GNINA,1.0,NEF,,0.0,0.0,0.0,41,3891,39,0.0,0.0,0.0,0.495,0.0,-0.01,-0.01,,0.02
cp2c9,GNINA,1.0,NEF,,5.0,7.926,5.0,120,7570,76,6.024,0.842,5.344,0.52,7.926,0.051,0.05,,0.08
cp3a4,GNINA,1.0,NEF,,1.2,1.704,1.2,170,11970,120,2.045,0.546,1.203,0.501,1.704,0.002,0.002,,0.03
csf1r,GNINA,1.0,NEF,,19.28,25.986,19.28,166,12316,124,32.223,0.963,25.698,0.593,25.986,0.215,0.213,,0.31
cxcr4,GNINA,1.0,NEF,,15.0,17.411,15.0,40,3446,35,6.094,0.947,17.952,0.572,17.411,0.154,0.153,,0.33
def,GNINA,1.0,NEF,,31.37,55.149,31.37,102,5802,59,32.538,0.986,68.713,0.657,55.149,0.412,0.396,,0.58
dhi1,GNINA,1.0,NEF,,10.91,18.294,10.91,330,19680,197,36.04,0.929,13.129,0.55,18.294,0.13,0.126,,0.2
dpp4,GNINA,1.0,NEF,,14.63,18.798,14.63,533,41483,415,78.01,0.947,17.785,0.569,18.798,0.156,0.155,,0.23
drd3,GNINA,1.0,NEF,,8.16,11.343,8.16,480,34530,346,39.247,0.901,9.076,0.536,11.343,0.086,0.084,,0.14
dyr,GNINA,1.0,NEF,,28.57,37.862,28.57,231,17431,175,66.258,0.978,45.369,0.64,37.862,0.322,0.319,,0.44
egfr,GNINA,1.0,NEF,,22.69,34.553,22.69,542,35592,356,123.007,0.972,34.141,0.61,34.553,0.271,0.265,,0.35
esr1,GNINA,1.0,NEF,,24.8,45.084,24.8,383,21068,211,95.128,0.978,44.339,0.621,45.084,0.326,0.311,,0.43
esr2,GNINA,1.0,NEF,,29.16,52.036,29.16,367,20566,206,107.194,0.984,59.711,0.644,52.036,0.382,0.366,,0.46
fa10,GNINA,1.0,NEF,,26.44,49.194,26.44,537,28862,289,142.17,0.981,51.073,0.63,49.194,0.352,0.336,,0.61
fa7,GNINA,1.0,NEF,,30.7,54.994,30.7,114,6364,64,35.196,0.985,66.991,0.652,54.994,0.404,0.388,,0.52
fabp4,GNINA,1.0,NEF,,0.0,0.0,0.0,47,2797,28,0.0,0.0,0.0,0.495,0.0,-0.013,-0.013,,0.01
fak1,GNINA,1.0,NEF,,27.0,49.541,27.0,100,5450,55,27.248,0.981,52.527,0.634,49.541,0.359,0.343,,0.43
fgfr1,GNINA,1.0,NEF,,42.45,66.756,42.45,139,8839,89,59.413,0.992,125.684,0.712,66.756,0.528,0.515,,0.66
fkb1a,GNINA,1.0,NEF,,3.6,6.76,3.6,111,5911,60,4.056,0.791,3.789,0.513,6.76,0.036,0.035,,0.09
fnta,GNINA,1.0,NEF,,8.45,9.603,8.45,592,52092,521,50.032,0.902,9.241,0.538,9.603,0.08,0.08,,0.13
fpps,GNINA,1.0,NEF,,38.82,36.93,38.82,85,8935,90,33.237,0.984,60.965,0.692,39.102,0.374,0.374,,0.52
gcr,GNINA,1.0,NEF,,15.5,26.209,15.5,258,15258,153,40.1,0.954,20.65,0.574,26.209,0.191,0.185,,0.29
glcm,GNINA,1.0,NEF,,7.41,10.382,7.41,54,3854,39,4.049,0.891,8.153,0.533,10.382,0.077,0.076,,0.1
gria2,GNINA,1.0,NEF,,18.35,24.155,18.35,158,12003,121,29.227,0.96,23.876,0.589,24.155,0.202,0.2,,0.3
grik1,GNINA,1.0,NEF,,12.0,18.223,12.0,101,6651,67,12.209,0.935,14.451,0.556,18.223,0.138,0.135,,0.2
hdac2,GNINA,1.0,NEF,,3.78,6.67,3.78,185,10485,105,7.003,0.799,3.979,0.514,6.67,0.037,0.036,,0.09
hdac8,GNINA,1.0,NEF,,16.47,26.364,16.47,170,10620,107,28.21,0.957,22.009,0.579,26.364,0.199,0.194,,0.31
hivint,GNINA,1.0,NEF,,0.0,0.0,0.0,100,6750,68,0.0,0.0,0.0,0.495,0.0,-0.012,-0.012,,0.01
hivpr,GNINA,1.0,NEF,,28.36,41.892,28.36,536,36286,363,152.068,0.98,48.085,0.639,41.892,0.337,0.33,,0.45
hivrt,GNINA,1.0,NEF,,11.28,19.828,11.28,338,19229,193,38.267,0.933,13.822,0.553,19.828,0.138,0.133,,0.22
hmdh,GNINA,1.0,NEF,,36.47,69.506,36.47,170,8920,90,62.555,0.992,117.316,0.682,69.506,0.499,0.474,,0.65
hs90a,GNINA,1.0,NEF,,11.36,20.245,11.36,88,4938,50,10.122,0.933,13.99,0.553,20.245,0.141,0.136,,0.17
hxk4,GNINA,1.0,NEF,,20.65,39.645,20.65,92,4792,48,19.03,0.971,33.557,0.6,39.645,0.277,0.262,,0.31
igf1r,GNINA,1.0,NEF,,30.41,47.636,30.41,148,9448,95,45.255,0.983,57.165,0.65,47.636,0.374,0.365,,0.48
inha,GNINA,1.0,NEF,,2.33,4.276,2.33,43,2343,24,1.026,0.705,2.389,0.507,4.276,0.019,0.018,,0.04
ital,GNINA,1.0,NEF,,6.57,10.496,6.57,138,8638,87,9.132,0.878,7.223,0.529,10.496,0.072,0.07,,0.11
jak2,GNINA,1.0,NEF,,28.04,45.411,28.04,107,6607,67,30.425,0.981,50.533,0.639,45.411,0.351,0.342,,0.47
kif11,GNINA,1.0,NEF,,37.93,63.162,37.93,116,6966,70,44.214,0.99,101.25,0.689,63.162,0.484,0.469,,0.57
kit,GNINA,1.0,NEF,,13.86,21.673,13.86,166,10616,107,23.19,0.946,17.418,0.566,21.673,0.164,0.16,,0.22
kith,GNINA,1.0,NEF,,38.6,75.686,38.6,57,2907,30,22.706,0.994,155.645,0.698,75.686,0.543,0.515,,0.61
kpcb,GNINA,1.0,NEF,,23.7,36.214,23.7,135,8835,89,32.23,0.973,36.588,0.616,36.214,0.285,0.279,,0.36
lck,GNINA,1.0,NEF,,15.24,23.008,15.24,420,27820,279,64.192,0.951,19.495,0.572,23.008,0.177,0.174,,0.26
lkha4,GNINA,1.0,NEF,,15.29,27.176,15.29,171,9621,97,26.361,0.954,20.623,0.573,27.176,0.194,0.186,,0.3
mapk2,GNINA,1.0,NEF,,16.83,27.193,16.83,101,6251,63,17.132,0.958,22.742,0.581,27.193,0.205,0.199,,0.31
mcr,GNINA,1.0,NEF,,10.64,19.072,10.64,94,5244,53,10.108,0.928,12.912,0.55,19.072,0.132,0.126,,0.23
met,GNINA,1.0,NEF,,37.95,55.183,37.95,166,11416,115,63.461,0.988,83.447,0.689,55.183,0.453,0.445,,0.56
mk01,GNINA,1.0,NEF,,10.13,17.288,10.13,79,4629,47,8.125,0.923,12.038,0.547,17.288,0.122,0.118,,0.19
mk10,GNINA,1.0,NEF,,7.69,11.93,7.69,104,6704,68,8.112,0.896,8.596,0.534,11.93,0.085,0.083,,0.13
mk14,GNINA,1.0,NEF,,19.38,30.75,19.38,578,36428,365,112.238,0.965,27.542,0.594,30.75,0.235,0.229,,0.32
mmp13,GNINA,1.0,NEF,,9.09,13.765,9.09,572,37772,378,52.033,0.912,10.381,0.541,13.765,0.101,0.099,,0.17
mp2k1,GNINA,1.0,NEF,,5.83,8.529,5.83,121,8271,83,7.079,0.863,6.28,0.525,8.529,0.059,0.058,,0.13
nos1,GNINA,1.0,NEF,,8.0,9.816,8.0,100,8150,82,8.049,0.898,8.762,0.536,9.816,0.079,0.078,,0.13
nram,GNINA,1.0,NEF,,17.35,26.997,17.35,98,6298,63,17.008,0.959,23.396,0.583,26.997,0.207,0.202,,0.3
pa2ga,GNINA,1.0,NEF,,9.18,17.314,9.18,99,5249,53,9.177,0.916,10.893,0.542,17.314,0.115,0.109,,0.16
parp1,GNINA,1.0,NEF,,16.14,26.831,16.14,508,30558,306,82.104,0.956,21.692,0.577,26.831,0.198,0.192,,0.31
pde5a,GNINA,1.0,NEF,,14.32,20.393,14.32,398,27948,280,57.1,0.947,17.732,0.568,20.393,0.161,0.159,,0.24
pgh1,GNINA,1.0,NEF,,9.23,16.37,9.23,195,10995,110,18.007,0.916,10.841,0.542,16.37,0.111,0.107,,0.17
pgh2,GNINA,1.0,NEF,,17.24,31.797,17.24,435,23585,236,75.042,0.961,24.811,0.583,31.797,0.224,0.213,,0.29
plk1,GNINA,1.0,NEF,,38.68,59.921,38.68,107,6907,70,41.945,0.99,95.015,0.694,59.921,0.478,0.467,,0.61
pnph,GNINA,1.0,NEF,,35.29,51.537,35.29,103,7053,71,36.591,0.986,71.754,0.675,51.537,0.421,0.414,,0.57
ppara,GNINA,1.0,NEF,,4.83,9.112,4.83,373,19772,198,18.041,0.839,5.214,0.52,9.112,0.053,0.051,,0.11
ppard,GNINA,1.0,NEF,,4.58,8.801,4.58,240,12490,125,11.001,0.831,4.925,0.518,8.801,0.05,0.048,,0.08
pparg,GNINA,1.0,NEF,,5.99,11.244,5.99,484,25784,258,29.01,0.869,6.622,0.525,11.244,0.069,0.066,,0.12
prgr,GNINA,1.0,NEF,,18.43,33.871,18.43,293,15943,160,54.193,0.965,27.357,0.589,33.871,0.24,0.229,,0.32
ptn1,GNINA,1.0,NEF,,25.38,44.707,25.38,130,7380,74,33.083,0.978,45.093,0.624,44.707,0.329,0.316,,0.45
pur2,GNINA,1.0,NEF,,52.0,94.545,52.0,50,2750,28,26.473,0.999,936.0,0.764,94.545,0.704,0.675,,0.92
pygm,GNINA,1.0,NEF,,3.9,7.457,3.9,77,4027,41,3.057,0.805,4.134,0.515,7.457,0.041,0.039,,0.08
pyrd,GNINA,1.0,NEF,,22.52,38.1,22.52,111,6561,66,25.146,0.973,35.766,0.61,38.1,0.285,0.275,,0.34
reni,GNINA,1.0,NEF,,8.74,12.871,8.74,104,7062,71,9.139,0.908,9.883,0.539,12.871,0.095,0.094,,0.15
rock1,GNINA,1.0,NEF,,19.0,29.688,19.0,100,6400,64,19.0,0.964,26.6,0.591,29.688,0.228,0.222,,0.29
rxra,GNINA,1.0,NEF,,35.88,66.379,35.88,131,7081,71,47.129,0.991,104.744,0.678,66.379,0.482,0.46,,0.58
sahh,GNINA,1.0,NEF,,0.0,0.0,0.0,63,3513,36,0.0,0.0,0.0,0.495,0.0,-0.014,-0.013,,0.04
src,GNINA,1.0,NEF,,11.83,17.699,11.83,524,35024,351,62.124,0.934,14.159,0.555,17.699,0.134,0.132,,0.27
tgfr1,GNINA,1.0,NEF,,28.57,44.015,28.57,133,8633,87,38.293,0.98,50.245,0.641,44.015,0.348,0.34,,0.47
thb,GNINA,1.0,NEF,,34.95,47.661,34.95,103,7553,76,36.223,0.985,65.866,0.673,47.661,0.402,0.398,,0.54
thrb,GNINA,1.0,NEF,,35.14,58.982,35.14,461,27465,275,162.202,0.988,84.233,0.674,58.982,0.449,0.434,,0.57
try1,GNINA,1.0,NEF,,22.94,38.973,22.94,449,26429,265,103.277,0.974,36.951,0.612,38.973,0.29,0.28,,0.43
tryb1,GNINA,1.0,NEF,,2.03,3.853,2.03,148,7798,78,3.005,0.674,2.071,0.505,3.853,0.014,0.014,,0.07
tysy,GNINA,1.0,NEF,,30.28,48.12,30.28,109,6859,69,33.202,0.983,57.437,0.65,48.12,0.375,0.365,,0.49
urok,GNINA,1.0,NEF,,12.35,19.983,12.35,162,10012,101,20.183,0.938,15.184,0.558,19.983,0.147,0.143,,0.25
vgfr2,GNINA,1.0,NEF,,22.74,36.676,22.74,409,25359,254,93.157,0.972,35.331,0.611,36.676,0.28,0.272,,0.38
wee1,GNINA,1.0,NEF,,59.41,96.926,59.41,102,6252,63,61.063,0.999,1901.194,0.799,96.926,0.759,0.737,,0.84
xiap,GNINA,1.0,NEF,,35.35,67.333,35.35,100,5250,53,35.687,0.991,106.153,0.677,67.333,0.483,0.459,,0.59
aa2ar,RF-Score-VS‡,1.0,NEF,,2.28,3.431,2.28,482,32032,321,11.013,0.699,2.325,0.507,3.431,0.016,0.016,,0.04
abl1,RF-Score-VS‡,1.0,NEF,,11.05,18.396,11.05,182,10932,110,20.236,0.93,13.316,0.551,18.396,0.132,0.128,,0.19
ace,RF-Score-VS‡,1.0,NEF,,5.71,9.372,5.71,282,17182,172,16.119,0.861,6.197,0.524,9.372,0.061,0.059,,0.1
aces,RF-Score-VS‡,1.0,NEF,,3.97,6.735,3.97,453,26703,268,18.049,0.807,4.184,0.515,6.735,0.039,0.038,,0.09
ada,RF-Score-VS‡,1.0,NEF,,4.3,7.215,4.3,93,5543,56,4.04,0.82,4.557,0.517,7.215,0.044,0.042,,0.1
ada17,RF-Score-VS‡,1.0,NEF,,2.82,4.118,2.82,532,36432,365,15.03,0.743,2.898,0.509,4.118,0.022,0.022,,0.07
adrb1,RF-Score-VS‡,1.0,NEF,,0.4,0.614,0.4,247,16097,161,0.988,0.284,0.396,0.497,0.614,-0.008,-0.007,,0.03
adrb2,RF-Score-VS‡,1.0,NEF,,0.87,1.319,0.87,231,15231,153,2.019,0.465,0.868,0.499,1.319,-0.002,-0.002,,0.02
akt1,RF-Score-VS‡,1.0,NEF,,1.37,2.397,1.37,293,16743,168,4.028,0.58,1.379,0.502,2.397,0.005,0.005,,0.04
akt2,RF-Score-VS‡,1.0,NEF,,0.85,1.417,0.85,117,7017,71,1.006,0.459,0.848,0.499,1.417,-0.002,-0.002,,0.02
aldr,RF-Score-VS‡,1.0,NEF,,1.26,2.187,1.26,159,9159,92,2.012,0.559,1.266,0.501,2.187,0.003,0.003,,0.03
ampc,RF-Score-VS‡,1.0,NEF,,0.0,0.0,0.0,48,2898,29,0.0,0.0,0.0,0.495,0.0,-0.013,-0.013,,0.01
andr,RF-Score-VS‡,1.0,NEF,,1.49,2.742,1.49,269,14619,147,4.03,0.601,1.504,0.503,2.742,0.007,0.006,,0.03
aofb,RF-Score-VS‡,1.0,NEF,,0.82,1.425,0.82,122,7022,71,1.012,0.45,0.817,0.499,1.425,-0.002,-0.002,,0.02
bace1,RF-Score-VS‡,1.0,NEF,,18.37,28.28,18.37,283,18383,184,52.035,0.962,25.219,0.588,28.28,0.218,0.213,,0.3
braf,RF-Score-VS‡,1.0,NEF,,12.5,18.808,12.5,152,10102,102,19.184,0.938,15.164,0.559,18.808,0.144,0.141,,0.2
cah2,RF-Score-VS‡,1.0,NEF,,18.5,28.746,18.5,492,31664,317,91.123,0.962,25.56,0.589,28.746,0.221,0.216,,0.3
casp3,RF-Score-VS‡,1.0,NEF,,2.02,3.688,2.02,199,10899,109,4.02,0.673,2.059,0.505,3.688,0.014,0.013,,0.04
cdk2,RF-Score-VS‡,1.0,NEF,,0.85,1.422,0.85,474,28324,284,4.04,0.459,0.848,0.499,1.422,-0.002,-0.002,,0.02
comt,RF-Score-VS‡,1.0,NEF,,0.0,0.0,0.0,41,3891,39,0.0,0.0,0.0,0.495,0.0,-0.01,-0.01,,0.0
cp2c9,RF-Score-VS‡,1.0,NEF,,5.0,7.926,5.0,120,7570,76,6.024,0.842,5.344,0.52,7.926,0.051,0.05,,0.09
cp3a4,RF-Score-VS‡,1.0,NEF,,3.59,5.099,3.59,170,11970,120,6.118,0.789,3.729,0.513,5.099,0.031,0.031,,0.07
cxcr4,RF-Score-VS‡,1.0,NEF,,0.0,0.0,0.0,40,3446,35,0.0,0.0,0.0,0.495,0.0,-0.011,-0.011,,0.0
def,RF-Score-VS‡,1.0,NEF,,4.9,8.614,4.9,102,5802,59,5.082,0.84,5.268,0.52,8.614,0.053,0.051,,0.08
dhi1,RF-Score-VS‡,1.0,NEF,,6.36,10.665,6.36,330,19680,197,21.009,0.875,7.0,0.527,10.665,0.07,0.068,,0.12
dpp4,RF-Score-VS‡,1.0,NEF,,0.75,0.964,0.75,533,41483,415,3.999,0.428,0.748,0.499,0.964,-0.003,-0.003,,0.02
drd3,RF-Score-VS‡,1.0,NEF,,3.77,5.241,3.77,480,34530,346,18.133,0.797,3.923,0.514,5.241,0.033,0.033,,0.08
dyr,RF-Score-VS‡,1.0,NEF,,1.3,1.723,1.3,231,17431,175,3.015,0.566,1.305,0.502,1.723,0.004,0.003,,0.03
egfr,RF-Score-VS‡,1.0,NEF,,2.58,3.929,2.58,542,35592,356,13.987,0.726,2.645,0.508,3.929,0.02,0.019,,0.06
esr1,RF-Score-VS‡,1.0,NEF,,0.0,0.0,0.0,383,21068,211,0.0,0.0,0.0,0.495,0.0,-0.014,-0.013,,0.0
esr2,RF-Score-VS‡,1.0,NEF,,0.0,0.0,0.0,367,20566,206,0.0,0.0,0.0,0.495,0.0,-0.014,-0.013,,0.0
fa10,RF-Score-VS‡,1.0,NEF,,13.04,24.262,13.04,537,28862,289,70.117,0.944,16.897,0.561,24.262,0.167,0.159,,0.31
fa7,RF-Score-VS‡,1.0,NEF,,18.42,32.996,18.42,114,6364,64,21.118,0.964,26.999,0.589,32.996,0.237,0.227,,0.35
fabp4,RF-Score-VS‡,1.0,NEF,,0.0,0.0,0.0,47,2797,28,0.0,0.0,0.0,0.495,0.0,-0.013,-0.013,,0.05
fak1,RF-Score-VS‡,1.0,NEF,,2.0,3.67,2.0,100,5450,55,2.018,0.671,2.038,0.505,3.67,0.014,0.013,,0.05
fgfr1,RF-Score-VS‡,1.0,NEF,,1.44,2.265,1.44,139,8839,89,2.015,0.592,1.45,0.502,2.265,0.006,0.005,,
fkb1a,RF-Score-VS‡,1.0,NEF,,1.8,3.38,1.8,111,5911,60,2.028,0.646,1.828,0.504,3.38,0.011,0.011,,0.03
fnta,RF-Score-VS‡,1.0,NEF,,8.11,9.217,8.11,592,52092,521,48.019,0.898,8.832,0.536,9.217,0.077,0.076,,0.11
fpps,RF-Score-VS‡,1.0,NEF,,0.0,0.0,0.0,85,8935,90,0.0,0.0,0.0,0.495,0.0,-0.01,-0.01,,0.0
gcr,RF-Score-VS‡,1.0,NEF,,2.33,3.94,2.33,258,15258,153,6.028,0.705,2.385,0.507,3.94,0.018,0.017,,0.05
glcm,RF-Score-VS‡,1.0,NEF,,0.0,0.0,0.0,54,3854,39,0.0,0.0,0.0,0.495,0.0,-0.012,-0.012,,0.0
gria2,RF-Score-VS‡,1.0,NEF,,4.43,5.831,4.43,158,12003,121,7.056,0.823,4.642,0.518,5.831,0.04,0.04,,0.07
grik1,RF-Score-VS‡,1.0,NEF,,2.0,3.037,2.0,101,6651,67,2.035,0.67,2.031,0.505,3.037,0.013,0.012,,0.03
hdac2,RF-Score-VS‡,1.0,NEF,,2.7,4.764,2.7,185,10485,105,5.002,0.736,2.785,0.509,4.764,0.023,0.022,,0.08
hdac8,RF-Score-VS‡,1.0,NEF,,3.53,5.651,3.53,170,10620,107,6.046,0.786,3.682,0.513,5.651,0.033,0.032,,0.07
hivint,RF-Score-VS‡,1.0,NEF,,0.0,0.0,0.0,100,6750,68,0.0,0.0,0.0,0.495,0.0,-0.012,-0.012,,0.0
hivpr,RF-Score-VS‡,1.0,NEF,,23.51,34.728,23.51,536,36286,363,126.062,0.973,35.486,0.614,34.728,0.277,0.272,,0.36
hivrt,RF-Score-VS‡,1.0,NEF,,0.3,0.527,0.3,338,19229,193,1.018,0.229,0.296,0.496,0.527,-0.009,-0.009,,0.02
hmdh,RF-Score-VS‡,1.0,NEF,,4.71,8.976,4.71,170,8920,90,8.079,0.835,5.076,0.519,8.976,0.052,0.05,,0.1
hs90a,RF-Score-VS‡,1.0,NEF,,0.0,0.0,0.0,88,4938,50,0.0,0.0,0.0,0.495,0.0,-0.014,-0.013,,0.0
hxk4,RF-Score-VS‡,1.0,NEF,,0.0,0.0,0.0,92,4792,48,0.0,0.0,0.0,0.495,0.0,-0.014,-0.013,,0.01
igf1r,RF-Score-VS‡,1.0,NEF,,12.84,20.113,12.84,148,9448,95,19.108,0.941,15.821,0.56,20.113,0.151,0.147,,0.2
inha,RF-Score-VS‡,1.0,NEF,,0.0,0.0,0.0,43,2343,24,0.0,0.0,0.0,0.495,0.0,-0.014,-0.013,,0.03
ital,RF-Score-VS‡,1.0,NEF,,0.73,1.166,0.73,138,8638,87,1.015,0.421,0.727,0.499,1.166,-0.003,-0.003,,0.05
jak2,RF-Score-VS‡,1.0,NEF,,8.41,13.62,8.41,107,6607,67,9.125,0.905,9.578,0.538,13.62,0.096,0.094,,0.13
kif11,RF-Score-VS‡,1.0,NEF,,14.66,24.412,14.66,116,6966,70,17.089,0.95,19.072,0.57,24.412,0.179,0.173,,0.29
kit,RF-Score-VS‡,1.0,NEF,,6.63,10.367,6.63,166,10616,107,11.093,0.879,7.281,0.529,10.367,0.072,0.07,,0.12
kith,RF-Score-VS‡,1.0,NEF,,1.75,3.431,1.75,57,2907,30,1.029,0.64,1.777,0.504,3.431,0.011,0.01,,0.06
kpcb,RF-Score-VS‡,1.0,NEF,,0.0,0.0,0.0,135,8835,89,0.0,0.0,0.0,0.495,0.0,-0.013,-0.012,,0.03
lck,RF-Score-VS‡,1.0,NEF,,3.57,5.39,3.57,420,27820,279,15.037,0.788,3.716,0.513,5.39,0.032,0.031,,0.07
lkha4,RF-Score-VS‡,1.0,NEF,,0.0,0.0,0.0,171,9621,97,0.0,0.0,0.0,0.495,0.0,-0.014,-0.013,,0.02
mapk2,RF-Score-VS‡,1.0,NEF,,1.98,3.199,1.98,101,6251,63,2.015,0.668,2.012,0.505,3.199,0.013,0.012,,0.04
mcr,RF-Score-VS‡,1.0,NEF,,4.26,7.636,4.26,94,5244,53,4.047,0.819,4.53,0.517,7.636,0.045,0.043,,0.11
met,RF-Score-VS‡,1.0,NEF,,19.28,28.035,19.28,166,11416,115,32.24,0.964,26.401,0.593,28.035,0.224,0.22,,0.32
mk01,RF-Score-VS‡,1.0,NEF,,5.06,8.636,5.06,79,4629,47,4.059,0.845,5.444,0.521,8.636,0.054,0.052,,0.11
mk10,RF-Score-VS‡,1.0,NEF,,4.81,7.462,4.81,104,6704,68,5.074,0.837,5.117,0.52,7.462,0.048,0.047,,0.07
mk14,RF-Score-VS‡,1.0,NEF,,7.44,11.805,7.44,578,36428,365,43.088,0.892,8.302,0.533,11.805,0.082,0.08,,0.13
mmp13,RF-Score-VS‡,1.0,NEF,,5.59,8.465,5.59,572,37772,378,31.999,0.857,6.014,0.523,8.465,0.057,0.056,,0.1
mp2k1,RF-Score-VS‡,1.0,NEF,,0.83,1.214,0.83,121,8271,83,1.008,0.453,0.828,0.499,1.214,-0.002,-0.002,,0.02
nos1,RF-Score-VS‡,1.0,NEF,,0.0,0.0,0.0,100,8150,82,0.0,0.0,0.0,0.495,0.0,-0.011,-0.011,,0.01
nram,RF-Score-VS‡,1.0,NEF,,0.0,0.0,0.0,98,6298,63,0.0,0.0,0.0,0.495,0.0,-0.013,-0.012,,0.01
pa2ga,RF-Score-VS‡,1.0,NEF,,0.0,0.0,0.0,99,5249,53,0.0,0.0,0.0,0.495,0.0,-0.014,-0.013,,0.03
parp1,RF-Score-VS‡,1.0,NEF,,2.56,4.256,2.56,508,30558,306,13.023,0.724,2.629,0.508,4.256,0.02,0.02,,0.06
pde5a,RF-Score-VS‡,1.0,NEF,,1.01,1.438,1.01,398,27948,280,4.027,0.503,1.01,0.5,1.438,0.0,0.0,,0.02
pgh1,RF-Score-VS‡,1.0,NEF,,1.54,2.731,1.54,195,10995,110,3.004,0.609,1.555,0.503,2.731,0.007,0.007,,0.04
pgh2,RF-Score-VS‡,1.0,NEF,,1.84,3.394,1.84,435,23585,236,8.009,0.652,1.87,0.504,3.394,0.012,0.011,,0.04
plk1,RF-Score-VS‡,1.0,NEF,,5.66,8.768,5.66,107,6907,70,6.138,0.859,6.108,0.524,8.768,0.059,0.058,,0.11
pnph,RF-Score-VS‡,1.0,NEF,,0.0,0.0,0.0,103,7053,71,0.0,0.0,0.0,0.495,0.0,-0.012,-0.012,,0.01
ppara,RF-Score-VS‡,1.0,NEF,,0.8,1.509,0.8,373,19772,198,2.988,0.443,0.797,0.499,1.509,-0.003,-0.003,,0.02
ppard,RF-Score-VS‡,1.0,NEF,,1.25,2.402,1.25,240,12490,125,3.002,0.557,1.256,0.501,2.402,0.004,0.003,,0.04
pparg,RF-Score-VS‡,1.0,NEF,,3.1,5.819,3.1,484,25784,258,15.013,0.764,3.23,0.511,5.819,0.029,0.028,,0.08
prgr,RF-Score-VS‡,1.0,NEF,,2.39,4.392,2.39,293,15943,160,7.028,0.71,2.454,0.507,4.392,0.019,0.018,,0.05
ptn1,RF-Score-VS‡,1.0,NEF,,10.0,17.615,10.0,130,7380,74,13.035,0.923,11.924,0.546,17.615,0.121,0.117,,0.2
pur2,RF-Score-VS‡,1.0,NEF,,0.0,0.0,0.0,50,2750,28,0.0,0.0,0.0,0.495,0.0,-0.014,-0.013,,0.0
pygm,RF-Score-VS‡,1.0,NEF,,0.0,0.0,0.0,77,4027,41,0.0,0.0,0.0,0.495,0.0,-0.014,-0.013,,0.0
pyrd,RF-Score-VS‡,1.0,NEF,,11.71,19.811,11.71,111,6561,66,13.075,0.935,14.356,0.555,19.811,0.142,0.137,,0.18
reni,RF-Score-VS‡,1.0,NEF,,3.88,5.714,3.88,104,7062,71,4.057,0.802,4.055,0.515,5.714,0.035,0.035,,0.06
rock1,RF-Score-VS‡,1.0,NEF,,1.0,1.562,1.0,100,6400,64,1.0,0.5,1.0,0.5,1.562,0.0,0.0,,0.02
rxra,RF-Score-VS‡,1.0,NEF,,0.76,1.406,0.76,131,7081,71,0.998,0.431,0.757,0.499,1.406,-0.003,-0.003,,0.02
sahh,RF-Score-VS‡,1.0,NEF,,0.0,0.0,0.0,63,3513,36,0.0,0.0,0.0,0.495,0.0,-0.014,-0.013,,0.0
src,RF-Score-VS‡,1.0,NEF,,1.53,2.289,1.53,524,35024,351,8.035,0.607,1.542,0.503,2.289,0.007,0.006,,0.04
tgfr1,RF-Score-VS‡,1.0,NEF,,0.75,1.155,0.75,133,8633,87,1.005,0.428,0.747,0.499,1.155,-0.003,-0.003,,0.02
thb,RF-Score-VS‡,1.0,NEF,,1.94,2.646,1.94,103,7553,76,2.011,0.663,1.966,0.505,2.646,0.011,0.011,,0.03
thrb,RF-Score-VS‡,1.0,NEF,,7.38,12.387,7.38,461,27465,275,34.065,0.892,8.282,0.532,12.387,0.084,0.081,,0.13
try1,RF-Score-VS‡,1.0,NEF,,9.35,15.885,9.35,449,26429,265,42.094,0.916,10.927,0.543,15.885,0.11,0.107,,0.18
tryb1,RF-Score-VS‡,1.0,NEF,,7.43,14.102,7.43,148,7798,78,10.999,0.895,8.486,0.533,14.102,0.09,0.085,,0.16
tysy,RF-Score-VS‡,1.0,NEF,,3.67,5.832,3.67,109,6859,69,4.024,0.793,3.835,0.514,5.832,0.034,0.033,,0.08
urok,RF-Score-VS‡,1.0,NEF,,2.47,3.997,2.47,162,10012,101,4.037,0.717,2.531,0.508,3.997,0.019,0.018,,0.05
vgfr2,RF-Score-VS‡,1.0,NEF,,5.87,9.467,5.87,409,25359,254,24.047,0.864,6.379,0.525,9.467,0.063,0.061,,0.12
wee1,RF-Score-VS‡,1.0,NEF,,1.98,3.23,1.98,102,6252,63,2.035,0.668,2.013,0.505,3.23,0.013,0.012,,0.08
xiap,RF-Score-VS‡,1.0,NEF,,0.0,0.0,0.0,100,5250,53,0.0,0.0,0.0,0.495,0.0,-0.014,-0.013,,0.01
aa2ar,NN-Score,1.0,NEF,,0.62,0.933,0.62,482,32032,321,2.995,0.381,0.616,0.498,0.933,-0.005,-0.005,,0.01
abl1,NN-Score,1.0,NEF,,2.21,3.679,2.21,182,10932,110,4.047,0.693,2.256,0.506,3.679,0.016,0.015,,0.03
ace,NN-Score,1.0,NEF,,4.64,7.615,4.64,282,17182,172,13.099,0.832,4.94,0.519,7.615,0.047,0.046,,0.1
aces,NN-Score,1.0,NEF,,1.55,2.629,1.55,453,26703,268,7.047,0.61,1.565,0.503,2.629,0.007,0.007,,0.03
ada,NN-Score,1.0,NEF,,0.0,0.0,0.0,93,5543,56,0.0,0.0,0.0,0.495,0.0,-0.013,-0.013,,0.0
ada17,NN-Score,1.0,NEF,,3.76,5.491,3.76,532,36432,365,20.041,0.797,3.92,0.514,5.491,0.034,0.033,,0.07
adrb1,NN-Score,1.0,NEF,,2.02,3.1,2.02,247,16097,161,4.99,0.672,2.053,0.505,3.1,0.013,0.013,,0.03
adrb2,NN-Score,1.0,NEF,,3.46,5.248,3.46,231,15231,153,8.029,0.782,3.596,0.513,5.248,0.031,0.03,,0.06
akt1,NN-Score,1.0,NEF,,0.0,0.0,0.0,293,16743,168,0.0,0.0,0.0,0.495,0.0,-0.013,-0.013,,0.01
akt2,NN-Score,1.0,NEF,,1.71,2.851,1.71,117,7017,71,2.024,0.634,1.731,0.504,2.851,0.009,0.009,,0.05
aldr,NN-Score,1.0,NEF,,0.0,0.0,0.0,159,9159,92,0.0,0.0,0.0,0.495,0.0,-0.013,-0.013,,0.01
ampc,NN-Score,1.0,NEF,,0.0,0.0,0.0,48,2898,29,0.0,0.0,0.0,0.495,0.0,-0.013,-0.013,,0.01
andr,NN-Score,1.0,NEF,,2.6,4.784,2.6,269,14619,147,7.033,0.728,2.68,0.508,4.784,0.022,0.021,,0.04
aofb,NN-Score,1.0,NEF,,0.0,0.0,0.0,122,7022,71,0.0,0.0,0.0,0.495,0.0,-0.013,-0.013,,0.02
bace1,NN-Score,1.0,NEF,,2.12,3.264,2.12,283,18383,184,6.005,0.683,2.158,0.506,3.264,0.014,0.014,,0.03
braf,NN-Score,1.0,NEF,,0.66,0.993,0.66,152,10102,102,1.013,0.396,0.657,0.498,0.993,-0.004,-0.004,,0.03
cah2,NN-Score,1.0,NEF,,3.66,5.687,3.66,492,31664,317,18.028,0.793,3.82,0.514,5.687,0.034,0.033,,0.06
casp3,NN-Score,1.0,NEF,,4.04,7.376,4.04,199,10899,109,8.04,0.811,4.282,0.515,7.376,0.042,0.04,,0.07
cdk2,NN-Score,1.0,NEF,,1.48,2.477,1.48,474,28324,284,7.034,0.599,1.492,0.502,2.477,0.006,0.006,,0.03
comt,NN-Score,1.0,NEF,,4.88,5.142,4.88,41,3891,39,2.005,0.836,5.09,0.52,5.142,0.04,0.04,,0.06
cp2c9,NN-Score,1.0,NEF,,0.0,0.0,0.0,120,7570,76,0.0,0.0,0.0,0.495,0.0,-0.013,-0.012,,0.01
cp3a4,NN-Score,1.0,NEF,,0.0,0.0,0.0,170,11970,120,0.0,0.0,0.0,0.495,0.0,-0.012,-0.012,,0.01
cxcr4,NN-Score,1.0,NEF,,5.0,5.804,5.0,40,3446,35,2.031,0.84,5.246,0.521,5.804,0.044,0.044,,0.1
def,NN-Score,1.0,NEF,,1.96,3.446,1.96,102,5802,59,2.033,0.666,1.994,0.505,3.446,0.013,0.013,,0.04
dhi1,NN-Score,1.0,NEF,,1.82,3.052,1.82,330,19680,197,6.012,0.649,1.846,0.504,3.052,0.011,0.01,,0.04
dpp4,NN-Score,1.0,NEF,,3.19,4.099,3.19,533,41483,415,17.01,0.767,3.284,0.511,4.099,0.025,0.025,,0.06
drd3,NN-Score,1.0,NEF,,1.26,1.752,1.26,480,34530,346,6.06,0.558,1.265,0.501,1.752,0.003,0.003,,0.03
dyr,NN-Score,1.0,NEF,,1.3,1.723,1.3,231,17431,175,3.015,0.566,1.305,0.502,1.723,0.004,0.003,,0.04
egfr,NN-Score,1.0,NEF,,2.77,4.218,2.77,542,35592,356,15.017,0.74,2.848,0.509,4.218,0.022,0.022,,0.06
esr1,NN-Score,1.0,NEF,,1.31,2.381,1.31,383,21068,211,5.025,0.569,1.318,0.502,2.381,0.004,0.004,,0.02
esr2,NN-Score,1.0,NEF,,0.27,0.482,0.27,367,20566,206,0.993,0.21,0.266,0.496,0.482,-0.01,-0.009,,0.01
fa10,NN-Score,1.0,NEF,,0.93,1.73,0.93,537,28862,289,5.001,0.482,0.929,0.5,1.73,-0.001,-0.001,,0.03
fa7,NN-Score,1.0,NEF,,0.0,0.0,0.0,114,6364,64,0.0,0.0,0.0,0.495,0.0,-0.014,-0.013,,0.02
fabp4,NN-Score,1.0,NEF,,0.0,0.0,0.0,47,2797,28,0.0,0.0,0.0,0.495,0.0,-0.013,-0.013,,0.0
fak1,NN-Score,1.0,NEF,,0.0,0.0,0.0,100,5450,55,0.0,0.0,0.0,0.495,0.0,-0.014,-0.013,,0.0
fgfr1,NN-Score,1.0,NEF,,1.44,2.265,1.44,139,8839,89,2.015,0.592,1.45,0.502,2.265,0.006,0.005,,
fkb1a,NN-Score,1.0,NEF,,0.0,0.0,0.0,111,5911,60,0.0,0.0,0.0,0.495,0.0,-0.014,-0.013,,0.01
fnta,NN-Score,1.0,NEF,,1.52,1.727,1.52,592,52092,521,9.0,0.605,1.529,0.503,1.727,0.006,0.006,,0.03
fpps,NN-Score,1.0,NEF,,78.82,74.983,78.82,85,8935,90,67.484,0.997,312.064,0.896,79.393,0.769,0.769,,0.92
gcr,NN-Score,1.0,NEF,,2.33,3.94,2.33,258,15258,153,6.028,0.705,2.385,0.507,3.94,0.018,0.017,,0.06
glcm,NN-Score,1.0,NEF,,1.85,2.592,1.85,54,3854,39,1.011,0.652,1.873,0.504,2.592,0.01,0.01,,0.05
gria2,NN-Score,1.0,NEF,,8.86,11.663,8.86,158,12003,121,14.112,0.908,9.898,0.54,11.663,0.092,0.091,,0.14
grik1,NN-Score,1.0,NEF,,4.0,6.074,4.0,101,6651,67,4.07,0.807,4.194,0.515,6.074,0.038,0.037,,0.06
hdac2,NN-Score,1.0,NEF,,2.16,3.811,2.16,185,10485,105,4.002,0.688,2.206,0.506,3.811,0.016,0.015,,0.05
hdac8,NN-Score,1.0,NEF,,0.59,0.944,0.59,170,10620,107,1.011,0.37,0.586,0.498,0.944,-0.005,-0.005,,0.02
hivint,NN-Score,1.0,NEF,,0.0,0.0,0.0,100,6750,68,0.0,0.0,0.0,0.495,0.0,-0.012,-0.012,,0.0
hivpr,NN-Score,1.0,NEF,,0.19,0.281,0.19,536,36286,363,1.019,0.158,0.188,0.496,0.281,-0.01,-0.01,,0.01
hivrt,NN-Score,1.0,NEF,,2.08,3.656,2.08,338,19229,193,7.056,0.68,2.121,0.506,3.656,0.015,0.014,,0.05
hmdh,NN-Score,1.0,NEF,,1.76,3.354,1.76,170,8920,90,3.019,0.641,1.786,0.504,3.354,0.011,0.01,,0.04
hs90a,NN-Score,1.0,NEF,,2.27,4.045,2.27,88,4938,50,2.023,0.699,2.324,0.507,4.045,0.017,0.017,,0.04
hxk4,NN-Score,1.0,NEF,,0.0,0.0,0.0,92,4792,48,0.0,0.0,0.0,0.495,0.0,-0.014,-0.013,,0.0
igf1r,NN-Score,1.0,NEF,,2.7,4.229,2.7,148,9448,95,4.018,0.735,2.775,0.509,4.229,0.022,0.021,,0.04
inha,NN-Score,1.0,NEF,,0.0,0.0,0.0,43,2343,24,0.0,0.0,0.0,0.495,0.0,-0.014,-0.013,,0.0
ital,NN-Score,1.0,NEF,,0.73,1.166,0.73,138,8638,87,1.015,0.421,0.727,0.499,1.166,-0.003,-0.003,,0.01
jak2,NN-Score,1.0,NEF,,2.8,4.535,2.8,107,6607,67,3.038,0.743,2.885,0.509,4.535,0.023,0.023,,0.06
kif11,NN-Score,1.0,NEF,,0.0,0.0,0.0,116,6966,70,0.0,0.0,0.0,0.495,0.0,-0.013,-0.013,,0.01
kit,NN-Score,1.0,NEF,,2.41,3.768,2.41,166,10616,107,4.032,0.711,2.465,0.507,3.768,0.018,0.017,,0.03
kith,NN-Score,1.0,NEF,,0.0,0.0,0.0,57,2907,30,0.0,0.0,0.0,0.495,0.0,-0.014,-0.014,,0.04
kpcb,NN-Score,1.0,NEF,,2.22,3.392,2.22,135,8835,89,3.019,0.694,2.263,0.506,3.392,0.015,0.015,,0.04
lck,NN-Score,1.0,NEF,,0.71,1.072,0.71,420,27820,279,2.991,0.414,0.707,0.499,1.072,-0.004,-0.004,,0.02
lkha4,NN-Score,1.0,NEF,,0.0,0.0,0.0,171,9621,97,0.0,0.0,0.0,0.495,0.0,-0.014,-0.013,,0.0
mapk2,NN-Score,1.0,NEF,,1.98,3.199,1.98,101,6251,63,2.015,0.668,2.012,0.505,3.199,0.013,0.012,,0.03
mcr,NN-Score,1.0,NEF,,9.57,17.154,9.57,94,5244,53,9.092,0.919,11.345,0.544,17.154,0.117,0.112,,0.2
met,NN-Score,1.0,NEF,,1.2,1.745,1.2,166,11416,115,2.007,0.546,1.204,0.501,1.745,0.002,0.002,,0.03
mk01,NN-Score,1.0,NEF,,1.27,2.167,1.27,79,4629,47,1.019,0.561,1.276,0.501,2.167,0.004,0.003,,0.06
mk10,NN-Score,1.0,NEF,,0.96,1.489,0.96,104,6704,68,1.013,0.49,0.959,0.5,1.489,-0.001,-0.0,,0.03
mk14,NN-Score,1.0,NEF,,0.52,0.825,0.52,578,36428,365,3.012,0.34,0.516,0.498,0.825,-0.006,-0.006,,0.02
mmp13,NN-Score,1.0,NEF,,2.1,3.18,2.1,572,37772,378,12.021,0.681,2.136,0.506,3.18,0.014,0.013,,0.04
mp2k1,NN-Score,1.0,NEF,,5.0,7.315,5.0,121,8271,83,6.071,0.842,5.316,0.52,7.315,0.049,0.048,,0.07
nos1,NN-Score,1.0,NEF,,2.0,2.454,2.0,100,8150,82,2.012,0.669,2.025,0.505,2.454,0.011,0.011,,0.04
nram,NN-Score,1.0,NEF,,0.0,0.0,0.0,98,6298,63,0.0,0.0,0.0,0.495,0.0,-0.013,-0.012,,0.03
pa2ga,NN-Score,1.0,NEF,,0.0,0.0,0.0,99,5249,53,0.0,0.0,0.0,0.495,0.0,-0.014,-0.013,,0.02
parp1,NN-Score,1.0,NEF,,1.18,1.962,1.18,508,30558,306,6.003,0.542,1.184,0.501,1.962,0.002,0.002,,0.02
pde5a,NN-Score,1.0,NEF,,1.26,1.794,1.26,398,27948,280,5.024,0.558,1.265,0.501,1.794,0.003,0.003,,0.02
pgh1,NN-Score,1.0,NEF,,1.03,1.827,1.03,195,10995,110,2.009,0.508,1.031,0.5,1.827,0.0,0.0,,0.01
pgh2,NN-Score,1.0,NEF,,1.38,2.545,1.38,435,23585,236,6.007,0.582,1.39,0.502,2.545,0.005,0.005,,0.02
plk1,NN-Score,1.0,NEF,,5.66,8.768,5.66,107,6907,70,6.138,0.859,6.108,0.524,8.768,0.059,0.058,,0.09
pnph,NN-Score,1.0,NEF,,1.96,2.862,1.96,103,7053,71,2.032,0.665,1.988,0.505,2.862,0.012,0.012,,0.04
ppara,NN-Score,1.0,NEF,,2.14,4.037,2.14,373,19772,198,7.994,0.686,2.188,0.506,4.037,0.016,0.015,,0.04
ppard,NN-Score,1.0,NEF,,0.42,0.807,0.42,240,12490,125,1.009,0.293,0.415,0.497,0.807,-0.008,-0.008,,0.01
pparg,NN-Score,1.0,NEF,,1.24,2.328,1.24,484,25784,258,6.005,0.555,1.246,0.501,2.328,0.003,0.003,,0.03
prgr,NN-Score,1.0,NEF,,3.75,6.892,3.75,293,15943,160,11.027,0.798,3.954,0.514,6.892,0.038,0.036,,0.09
ptn1,NN-Score,1.0,NEF,,4.62,8.138,4.62,130,7380,74,6.022,0.832,4.941,0.518,8.138,0.049,0.047,,0.08
pur2,NN-Score,1.0,NEF,,12.0,21.818,12.0,50,2750,28,6.109,0.938,15.07,0.557,21.818,0.152,0.145,,0.29
pygm,NN-Score,1.0,NEF,,9.09,17.381,9.09,77,4027,41,7.126,0.915,10.792,0.542,17.381,0.115,0.109,,0.2
pyrd,NN-Score,1.0,NEF,,0.0,0.0,0.0,111,6561,66,0.0,0.0,0.0,0.495,0.0,-0.013,-0.013,,0.0
reni,NN-Score,1.0,NEF,,0.97,1.428,0.97,104,7062,71,1.014,0.492,0.97,0.5,1.428,-0.0,-0.0,,0.02
rock1,NN-Score,1.0,NEF,,1.0,1.562,1.0,100,6400,64,1.0,0.5,1.0,0.5,1.562,0.0,0.0,,0.02
rxra,NN-Score,1.0,NEF,,0.0,0.0,0.0,131,7081,71,0.0,0.0,0.0,0.495,0.0,-0.014,-0.013,,0.01
sahh,NN-Score,1.0,NEF,,0.0,0.0,0.0,63,3513,36,0.0,0.0,0.0,0.495,0.0,-0.014,-0.013,,0.08
src,NN-Score,1.0,NEF,,1.72,2.573,1.72,524,35024,351,9.032,0.635,1.739,0.504,2.573,0.009,0.009,,0.04
tgfr1,NN-Score,1.0,NEF,,0.0,0.0,0.0,133,8633,87,0.0,0.0,0.0,0.495,0.0,-0.013,-0.012,,0.0
thb,NN-Score,1.0,NEF,,0.0,0.0,0.0,103,7553,76,0.0,0.0,0.0,0.495,0.0,-0.012,-0.012,,0.02
thrb,NN-Score,1.0,NEF,,5.86,9.836,5.86,461,27465,275,27.049,0.865,6.39,0.525,9.836,0.064,0.062,,0.12
try1,NN-Score,1.0,NEF,,3.34,5.674,3.34,449,26429,265,15.037,0.777,3.481,0.512,5.674,0.031,0.03,,0.08
tryb1,NN-Score,1.0,NEF,,0.68,1.291,0.68,148,7798,78,1.007,0.403,0.676,0.498,1.291,-0.004,-0.004,,0.03
tysy,NN-Score,1.0,NEF,,2.75,4.37,2.75,109,6859,69,3.015,0.739,2.83,0.509,4.37,0.022,0.022,,0.05
urok,NN-Score,1.0,NEF,,0.0,0.0,0.0,162,10012,101,0.0,0.0,0.0,0.495,0.0,-0.013,-0.013,,0.02
vgfr2,NN-Score,1.0,NEF,,0.0,0.0,0.0,409,25359,254,0.0,0.0,0.0,0.495,0.0,-0.013,-0.013,,0.01
wee1,NN-Score,1.0,NEF,,0.0,0.0,0.0,102,6252,63,0.0,0.0,0.0,0.495,0.0,-0.013,-0.013,,0.01
xiap,NN-Score,1.0,NEF,,4.04,7.695,4.04,100,5250,53,4.078,0.811,4.293,0.516,7.695,0.043,0.041,,0.09
aa2ar,GenScore(ft_0.5),1.0,NEF,,22.58,33.977,22.58,482,32032,321,109.067,0.971,33.686,0.61,33.977,0.268,0.263,0.864,0.793
abl1,GenScore(ft_0.5),1.0,NEF,,25.33,42.17,25.33,182,10932,110,46.387,0.977,43.072,0.624,42.17,0.319,0.309,0.766,0.428
ace,GenScore(ft_0.5),1.0,NEF,,41.61,68.293,41.61,282,17182,172,117.463,0.992,129.077,0.707,68.293,0.528,0.511,0.809,0.617
aces,GenScore(ft_0.5),1.0,NEF,,23.57,39.985,23.57,453,26703,268,107.16,0.975,38.607,0.615,39.985,0.299,0.288,0.594,0.386
ada,GenScore(ft_0.5),1.0,NEF,,49.88,83.688,49.88,93,5543,56,46.865,0.997,300.661,0.751,83.688,0.645,0.624,0.92,0.749
ada17,GenScore(ft_0.5),1.0,NEF,,46.2,67.464,46.2,532,36432,365,246.243,0.993,139.922,0.73,67.464,0.554,0.544,0.945,0.681
adrb1,GenScore(ft_0.5),1.0,NEF,,40.3,61.838,40.3,247,16097,161,99.56,0.99,103.983,0.7,61.838,0.493,0.482,0.878,0.611
adrb2,GenScore(ft_0.5),1.0,NEF,,31.49,47.759,31.49,231,15231,153,73.071,0.983,59.364,0.655,47.759,0.381,0.373,0.844,0.488
akt1,GenScore(ft_0.5),1.0,NEF,,20.86,36.505,20.86,293,16743,168,61.328,0.97,32.278,0.601,36.505,0.267,0.257,0.768,0.339
akt2,GenScore(ft_0.5),1.0,NEF,,40.19,67.012,40.19,117,7017,71,47.578,0.992,119.801,0.702,67.012,0.516,0.5,0.879,0.643
aldr,GenScore(ft_0.5),1.0,NEF,,10.08,17.499,10.08,159,9159,92,16.099,0.923,12.006,0.546,17.499,0.122,0.117,0.595,0.208
ampc,GenScore(ft_0.5),1.0,NEF,,18.53,30.692,18.53,48,2898,29,8.901,0.963,26.293,0.589,30.692,0.229,0.221,0.695,0.332
andr,GenScore(ft_0.5),1.0,NEF,,26.77,49.259,26.77,269,14619,147,72.41,0.981,51.787,0.632,49.259,0.356,0.34,0.898,0.518
aofb,GenScore(ft_0.5),1.0,NEF,,2.47,4.291,2.47,122,7022,71,3.047,0.717,2.536,0.508,4.291,0.02,0.019,0.638,0.048
bace1,GenScore(ft_0.5),1.0,NEF,,32.85,50.571,32.85,283,18383,184,93.051,0.985,65.436,0.662,50.571,0.4,0.391,0.86,0.51
braf,GenScore(ft_0.5),1.0,NEF,,36.62,55.1,36.62,152,10102,102,56.202,0.988,80.333,0.683,55.1,0.445,0.436,0.868,0.549
cah2,GenScore(ft_0.5),1.0,NEF,,30.05,46.692,30.05,492,31664,317,148.014,0.982,55.495,0.648,46.692,0.367,0.358,0.728,0.453
casp3,GenScore(ft_0.5),1.0,NEF,,33.45,61.075,33.45,199,10899,109,66.572,0.988,84.365,0.665,61.075,0.445,0.425,0.809,0.55
cdk2,GenScore(ft_0.5),1.0,NEF,,46.63,78.035,46.63,474,28324,284,221.619,0.995,208.739,0.733,78.035,0.599,0.579,0.907,0.747
comt,GenScore(ft_0.5),1.0,NEF,,89.6,94.413,89.6,41,3891,39,36.821,0.999,1586.753,0.949,94.413,0.92,0.92,0.997,0.974
cp2c9,GenScore(ft_0.5),1.0,NEF,,1.65,2.616,1.65,120,7570,76,1.988,0.625,1.667,0.503,2.616,0.008,0.008,0.606,0.033
cp3a4,GenScore(ft_0.5),1.0,NEF,,6.23,8.848,6.23,170,11970,120,10.618,0.871,6.738,0.527,8.848,0.063,0.062,0.624,0.111
csf1r,GenScore(ft_0.5),1.0,NEF,,47.8,64.427,47.8,166,12316,124,79.889,0.993,132.56,0.739,64.427,0.552,0.546,0.872,0.639
cxcr4,GenScore(ft_0.5),1.0,NEF,,20.0,23.215,20.0,40,3446,35,8.125,0.963,25.745,0.598,23.215,0.209,0.208,0.804,0.292
def,GenScore(ft_0.5),1.0,NEF,,50.14,88.147,50.14,102,5802,59,52.007,0.998,415.573,0.754,88.147,0.666,0.641,0.96,0.808
dhi1,GenScore(ft_0.5),1.0,NEF,,0.91,1.526,0.91,330,19680,197,3.006,0.476,0.909,0.5,1.526,-0.001,-0.001,0.6,0.024
dpp4,GenScore(ft_0.5),1.0,NEF,,52.99,68.085,52.99,533,41483,415,282.552,0.994,163.901,0.763,68.085,0.596,0.592,0.935,0.719
drd3,GenScore(ft_0.5),1.0,NEF,,3.13,4.351,3.13,480,34530,346,15.054,0.763,3.227,0.511,4.351,0.025,0.025,0.606,0.062
dyr,GenScore(ft_0.5),1.0,NEF,,56.62,75.034,56.62,231,17431,175,131.31,0.996,223.785,0.783,75.034,0.649,0.643,0.865,0.736
egfr,GenScore(ft_0.5),1.0,NEF,,41.82,63.684,41.82,542,35592,356,226.715,0.991,113.403,0.707,63.684,0.51,0.499,0.875,0.63
esr1,GenScore(ft_0.5),1.0,NEF,,45.28,82.316,45.28,383,21068,211,173.686,0.996,251.389,0.726,82.316,0.606,0.579,0.858,0.715
esr2,GenScore(ft_0.5),1.0,NEF,,37.07,66.151,37.07,367,20566,206,136.272,0.991,107.563,0.684,66.151,0.489,0.469,0.891,0.656
fa10,GenScore(ft_0.5),1.0,NEF,,36.77,68.413,36.77,537,28862,289,197.715,0.991,114.244,0.682,68.413,0.495,0.472,0.952,0.871
fa7,GenScore(ft_0.5),1.0,NEF,,53.63,96.069,53.63,114,6364,64,61.484,0.999,1339.785,0.769,96.069,0.716,0.687,0.976,0.917
fabp4,GenScore(ft_0.5),1.0,NEF,,32.97,55.402,32.97,47,2797,28,15.513,0.986,72.685,0.663,55.402,0.42,0.406,0.839,0.554
fak1,GenScore(ft_0.5),1.0,NEF,,54.42,99.853,54.42,100,5450,55,54.919,1.0,36393.375,0.775,99.853,0.737,0.705,0.941,0.861
fgfr1,GenScore(ft_0.5),1.0,NEF,,0.67,1.054,0.67,139,8839,89,0.938,0.4,0.666,0.498,1.054,-0.004,-0.004,0.498,0.301
fkb1a,GenScore(ft_0.5),1.0,NEF,,38.65,72.579,38.65,111,5911,60,43.547,0.993,138.304,0.695,72.579,0.527,0.503,0.859,0.696
fnta,GenScore(ft_0.5),1.0,NEF,,30.88,35.094,30.88,592,52092,521,182.838,0.979,47.036,0.651,35.094,0.322,0.321,0.832,0.413
fpps,GenScore(ft_0.5),1.0,NEF,,85.08,80.938,85.08,85,8935,90,72.844,0.998,442.084,0.928,85.699,0.831,0.831,0.998,0.932
gcr,GenScore(ft_0.5),1.0,NEF,,15.74,26.615,15.74,258,15258,153,40.721,0.955,21.086,0.575,26.615,0.195,0.188,0.746,0.23
glcm,GenScore(ft_0.5),1.0,NEF,,32.77,45.915,32.77,54,3854,39,17.907,0.984,59.741,0.663,45.915,0.383,0.378,0.779,0.505
gria2,GenScore(ft_0.5),1.0,NEF,,1.26,1.659,1.26,158,12003,121,2.007,0.558,1.264,0.501,1.659,0.003,0.003,0.67,0.014
grik1,GenScore(ft_0.5),1.0,NEF,,53.81,81.714,53.81,101,6651,67,54.748,0.997,289.803,0.77,81.714,0.662,0.647,0.987,0.835
hdac2,GenScore(ft_0.5),1.0,NEF,,8.29,14.627,8.29,185,10485,105,15.358,0.905,9.539,0.537,14.627,0.098,0.094,0.718,0.156
hdac8,GenScore(ft_0.5),1.0,NEF,,56.6,90.603,56.6,170,10620,107,96.945,0.998,592.655,0.785,90.603,0.715,0.696,0.944,0.807
hivint,GenScore(ft_0.5),1.0,NEF,,6.97,10.326,6.97,100,6750,68,7.022,0.884,7.657,0.531,10.326,0.074,0.072,0.644,0.111
hivpr,GenScore(ft_0.5),1.0,NEF,,45.16,66.708,45.16,536,36286,363,242.151,0.993,133.646,0.724,66.708,0.544,0.533,0.896,0.654
hivrt,GenScore(ft_0.5),1.0,NEF,,12.13,21.322,12.13,338,19229,193,41.151,0.938,15.146,0.557,21.322,0.15,0.144,0.733,0.246
hmdh,GenScore(ft_0.5),1.0,NEF,,52.85,100.723,52.85,170,8920,90,90.651,1.0,inf,0.767,100.0,0.73,0.693,0.897,0.787
hs90a,GenScore(ft_0.5),1.0,NEF,,39.05,69.591,39.05,88,4938,50,34.795,0.992,126.127,0.696,69.591,0.518,0.498,0.85,0.583
hxk4,GenScore(ft_0.5),1.0,NEF,,0.0,0.0,0.0,92,4792,48,0.0,0.0,0.0,0.495,0.0,-0.014,-0.013,0.546,0.02
igf1r,GenScore(ft_0.5),1.0,NEF,,27.04,42.357,27.04,148,9448,95,40.239,0.979,46.175,0.633,42.357,0.331,0.323,0.672,0.421
inha,GenScore(ft_0.5),1.0,NEF,,2.26,4.148,2.26,43,2343,24,0.995,0.698,2.315,0.507,4.148,0.018,0.017,0.441,0.079
ital,GenScore(ft_0.5),1.0,NEF,,11.0,17.574,11.0,138,8638,87,15.289,0.929,13.132,0.551,17.574,0.129,0.125,0.544,0.198
jak2,GenScore(ft_0.5),1.0,NEF,,57.24,92.7,57.24,107,6607,67,62.109,0.999,771.397,0.79,92.7,0.73,0.71,0.97,0.832
kif11,GenScore(ft_0.5),1.0,NEF,,49.54,82.496,49.54,116,6966,70,57.747,0.996,278.301,0.748,82.496,0.636,0.616,0.884,0.755
kit,GenScore(ft_0.5),1.0,NEF,,4.21,6.583,4.21,166,10616,107,7.044,0.816,4.436,0.516,6.583,0.041,0.04,0.733,0.091
kith,GenScore(ft_0.5),1.0,NEF,,36.77,72.098,36.77,57,2907,30,21.629,0.992,129.199,0.688,72.098,0.517,0.49,0.843,0.658
kpcb,GenScore(ft_0.5),1.0,NEF,,47.13,72.015,47.13,135,8835,89,64.094,0.994,165.84,0.736,72.015,0.58,0.567,0.858,0.679
lck,GenScore(ft_0.5),1.0,NEF,,34.26,51.723,34.26,420,27820,279,144.306,0.986,69.893,0.669,51.723,0.414,0.406,0.891,0.553
lkha4,GenScore(ft_0.5),1.0,NEF,,27.62,49.091,27.62,171,9621,97,47.618,0.982,53.289,0.637,49.091,0.361,0.347,0.91,0.587
mapk2,GenScore(ft_0.5),1.0,NEF,,56.59,91.435,56.59,101,6251,63,57.604,0.998,650.022,0.785,91.435,0.719,0.699,0.968,0.88
mcr,GenScore(ft_0.5),1.0,NEF,,26.21,46.982,26.21,94,5244,53,24.9,0.98,48.55,0.63,46.982,0.344,0.33,0.899,0.427
met,GenScore(ft_0.5),1.0,NEF,,54.79,79.67,54.79,166,11416,115,91.621,0.996,265.586,0.775,79.67,0.659,0.648,0.911,0.722
mk01,GenScore(ft_0.5),1.0,NEF,,14.06,23.995,14.06,79,4629,47,11.278,0.948,18.183,0.567,23.995,0.174,0.168,0.791,0.252
mk10,GenScore(ft_0.5),1.0,NEF,,14.47,22.447,14.47,104,6704,68,15.264,0.948,18.369,0.569,22.447,0.171,0.167,0.829,0.266
mk14,GenScore(ft_0.5),1.0,NEF,,26.76,42.46,26.76,578,36428,365,154.979,0.979,45.769,0.631,42.46,0.329,0.32,0.717,0.42
mmp13,GenScore(ft_0.5),1.0,NEF,,43.53,65.92,43.53,572,37772,378,249.176,0.992,125.793,0.716,65.92,0.53,0.519,0.925,0.655
mp2k1,GenScore(ft_0.5),1.0,NEF,,4.99,7.3,4.99,121,8271,83,6.059,0.841,5.304,0.52,7.3,0.049,0.048,0.649,0.121
nos1,GenScore(ft_0.5),1.0,NEF,,1.99,2.442,1.99,100,8150,82,2.002,0.668,2.015,0.505,2.442,0.011,0.011,0.523,0.019
nram,GenScore(ft_0.5),1.0,NEF,,43.88,68.279,43.88,98,6298,63,43.016,0.993,136.181,0.718,68.279,0.542,0.529,0.992,0.979
pa2ga,GenScore(ft_0.5),1.0,NEF,,52.18,98.415,52.18,99,5249,53,52.16,1.0,3230.668,0.763,98.415,0.717,0.682,0.86,0.795
parp1,GenScore(ft_0.5),1.0,NEF,,59.51,98.93,59.51,508,30558,306,302.726,1.0,5470.071,0.798,98.93,0.765,0.741,0.971,0.94
pde5a,GenScore(ft_0.5),1.0,NEF,,26.83,38.208,26.83,398,27948,280,106.982,0.977,42.801,0.631,38.208,0.312,0.307,0.793,0.417
pgh1,GenScore(ft_0.5),1.0,NEF,,8.62,15.288,8.62,195,10995,110,16.817,0.909,9.995,0.539,15.288,0.103,0.099,0.694,0.179
pgh2,GenScore(ft_0.5),1.0,NEF,,17.81,32.849,17.81,435,23585,236,77.523,0.963,26.033,0.586,32.849,0.232,0.221,0.77,0.346
plk1,GenScore(ft_0.5),1.0,NEF,,51.8,80.246,51.8,107,6907,70,56.172,0.996,258.165,0.761,80.246,0.645,0.63,0.94,0.776
pnph,GenScore(ft_0.5),1.0,NEF,,68.06,99.393,68.06,103,7053,71,70.569,1.0,11046.637,0.843,99.393,0.823,0.809,0.928,0.833
ppara,GenScore(ft_0.5),1.0,NEF,,29.1,54.897,29.1,373,19772,198,108.697,0.984,63.302,0.643,54.897,0.392,0.373,0.906,0.618
ppard,GenScore(ft_0.5),1.0,NEF,,30.12,57.877,30.12,240,12490,125,72.346,0.986,70.13,0.649,57.877,0.41,0.388,0.909,0.603
pparg,GenScore(ft_0.5),1.0,NEF,,32.3,60.631,32.3,484,25784,258,156.429,0.988,80.505,0.66,60.631,0.435,0.414,0.861,0.562
prgr,GenScore(ft_0.5),1.0,NEF,,33.61,61.768,33.61,293,15943,160,98.829,0.989,86.296,0.667,61.768,0.449,0.429,0.893,0.538
ptn1,GenScore(ft_0.5),1.0,NEF,,44.77,78.863,44.77,130,7380,74,58.359,0.995,208.079,0.723,78.863,0.59,0.567,0.839,0.646
pur2,GenScore(ft_0.5),1.0,NEF,,54.34,98.8,54.34,50,2750,28,27.664,1.0,4446.0,0.777,98.8,0.736,0.705,1.0,1.021
pygm,GenScore(ft_0.5),1.0,NEF,,3.87,7.4,3.87,77,4027,41,3.034,0.804,4.099,0.515,7.4,0.041,0.039,0.642,0.075
pyrd,GenScore(ft_0.5),1.0,NEF,,15.52,26.257,15.52,111,6561,66,17.33,0.954,20.69,0.574,26.257,0.192,0.186,0.858,0.275
reni,GenScore(ft_0.5),1.0,NEF,,29.43,43.341,29.43,104,7062,71,30.772,0.981,51.177,0.645,43.341,0.35,0.344,0.658,0.438
rock1,GenScore(ft_0.5),1.0,NEF,,46.19,72.172,46.19,100,6400,64,46.19,0.994,163.39,0.73,72.172,0.572,0.558,0.917,0.729
rxra,GenScore(ft_0.5),1.0,NEF,,39.59,73.242,39.59,131,7081,71,52.002,0.993,145.22,0.697,73.242,0.533,0.508,0.987,0.911
sahh,GenScore(ft_0.5),1.0,NEF,,53.61,96.141,53.61,63,3513,36,34.611,0.999,1364.273,0.774,96.141,0.723,0.695,0.982,0.879
src,GenScore(ft_0.5),1.0,NEF,,16.74,25.045,16.74,524,35024,351,87.908,0.957,21.999,0.58,25.045,0.195,0.191,0.766,0.296
tgfr1,GenScore(ft_0.5),1.0,NEF,,58.41,89.986,58.41,133,8633,87,78.288,0.998,574.323,0.794,89.986,0.725,0.708,0.991,0.889
thb,GenScore(ft_0.5),1.0,NEF,,40.01,54.561,40.01,103,7553,76,41.467,0.989,86.852,0.699,54.561,0.462,0.457,0.887,0.696
thrb,GenScore(ft_0.5),1.0,NEF,,48.78,81.877,48.78,461,27465,275,225.162,0.996,264.646,0.743,81.877,0.628,0.607,0.943,0.763
try1,GenScore(ft_0.5),1.0,NEF,,37.55,63.793,37.55,449,26429,265,169.052,0.99,101.948,0.686,63.793,0.484,0.467,0.911,0.683
tryb1,GenScore(ft_0.5),1.0,NEF,,23.53,44.658,23.53,148,7798,78,34.833,0.977,41.711,0.615,44.658,0.315,0.299,0.795,0.412
tysy,GenScore(ft_0.5),1.0,NEF,,22.79,36.217,22.79,109,6859,69,24.99,0.972,35.163,0.611,36.217,0.279,0.272,0.852,0.433
urok,GenScore(ft_0.5),1.0,NEF,,53.02,85.789,53.02,162,10012,101,86.647,0.997,367.066,0.767,85.789,0.673,0.655,0.928,0.791
vgfr2,GenScore(ft_0.5),1.0,NEF,,22.12,35.676,22.12,409,25359,254,90.617,0.971,33.834,0.608,35.676,0.272,0.264,0.598,0.392
wee1,GenScore(ft_0.5),1.0,NEF,,60.03,97.938,60.03,102,6252,63,61.701,1.0,2863.227,0.802,97.938,0.767,0.745,1.0,1.003
xiap,GenScore(ft_0.5),1.0,NEF,,51.69,98.457,51.69,100,5250,53,52.182,1.0,3286.463,0.761,98.457,0.713,0.678,0.938,0.857
aa2ar,RTMScore,1.0,NEF,,22.58,33.977,22.58,482,32032,321,109.067,0.971,33.686,0.61,33.977,0.268,0.263,0.897,0.813
abl1,RTMScore,1.0,NEF,,25.33,42.17,25.33,182,10932,110,46.387,0.977,43.072,0.624,42.17,0.319,0.309,0.807,0.44
ace,RTMScore,1.0,NEF,,50.22,82.424,50.22,282,17182,172,141.769,0.996,281.036,0.75,82.424,0.639,0.62,0.869,0.716
aces,RTMScore,1.0,NEF,,25.84,43.836,25.84,453,26703,268,117.48,0.978,45.228,0.627,43.836,0.329,0.317,0.604,0.413
ada,RTMScore,1.0,NEF,,53.06,89.024,53.06,93,5543,56,49.853,0.998,475.292,0.767,89.024,0.687,0.665,0.945,0.788
ada17,RTMScore,1.0,NEF,,59.15,86.374,59.15,532,36432,365,315.265,0.998,427.76,0.796,86.374,0.712,0.699,0.98,0.846
adrb1,RTMScore,1.0,NEF,,35.46,54.412,35.46,247,16097,161,87.603,0.987,76.589,0.675,54.412,0.432,0.422,0.899,0.545
adrb2,RTMScore,1.0,NEF,,27.61,41.875,27.61,231,15231,153,64.068,0.979,46.78,0.636,41.875,0.333,0.326,0.854,0.435
akt1,RTMScore,1.0,NEF,,20.86,36.505,20.86,293,16743,168,61.328,0.97,32.278,0.601,36.505,0.267,0.257,0.795,0.358
akt2,RTMScore,1.0,NEF,,41.9,69.863,41.9,117,7017,71,49.603,0.993,136.714,0.71,69.863,0.538,0.522,0.906,0.691
aldr,RTMScore,1.0,NEF,,11.96,20.763,11.96,159,9159,92,19.102,0.937,14.832,0.556,20.763,0.147,0.141,0.611,0.196
ampc,RTMScore,1.0,NEF,,28.82,47.735,28.82,48,2898,29,13.843,0.982,54.229,0.642,47.735,0.363,0.351,0.73,0.466
andr,RTMScore,1.0,NEF,,34.57,63.611,34.57,269,14619,147,93.509,0.989,93.254,0.672,63.611,0.463,0.442,0.891,0.556
aofb,RTMScore,1.0,NEF,,0.82,1.425,0.82,122,7022,71,1.012,0.45,0.817,0.499,1.425,-0.002,-0.002,0.656,0.034
bace1,RTMScore,1.0,NEF,,47.14,72.57,47.14,283,18383,184,133.53,0.994,169.213,0.735,72.57,0.58,0.567,0.881,0.69
braf,RTMScore,1.0,NEF,,39.28,59.103,39.28,152,10102,102,60.285,0.99,94.6,0.696,59.103,0.478,0.468,0.879,0.571
cah2,RTMScore,1.0,NEF,,28.42,44.159,28.42,492,31664,317,139.985,0.98,50.104,0.639,44.159,0.346,0.338,0.734,0.439
casp3,RTMScore,1.0,NEF,,31.95,58.336,31.95,199,10899,109,63.586,0.987,75.285,0.658,58.336,0.424,0.405,0.799,0.515
cdk2,RTMScore,1.0,NEF,,46.21,77.332,46.21,474,28324,284,219.623,0.995,200.445,0.731,77.332,0.594,0.574,0.901,0.715
comt,RTMScore,1.0,NEF,,92.02,96.963,92.02,41,3891,39,37.815,1.0,2997.775,0.961,96.963,0.945,0.945,0.997,0.977
cp2c9,RTMScore,1.0,NEF,,1.65,2.616,1.65,120,7570,76,1.988,0.625,1.667,0.503,2.616,0.008,0.008,0.619,0.042
cp3a4,RTMScore,1.0,NEF,,6.23,8.848,6.23,170,11970,120,10.618,0.871,6.738,0.527,8.848,0.063,0.062,0.662,0.116
csf1r,RTMScore,1.0,NEF,,45.98,61.974,45.98,166,12316,124,76.847,0.992,119.287,0.73,61.974,0.53,0.525,0.868,0.622
cxcr4,RTMScore,1.0,NEF,,5.0,5.804,5.0,40,3446,35,2.031,0.84,5.246,0.521,5.804,0.044,0.044,0.839,0.081
def,RTMScore,1.0,NEF,,58.16,102.246,58.16,102,5802,59,60.325,1.0,inf,0.796,100.0,0.775,0.746,0.996,0.983
dhi1,RTMScore,1.0,NEF,,0.91,1.526,0.91,330,19680,197,3.006,0.476,0.909,0.5,1.526,-0.001,-0.001,0.653,0.027
dpp4,RTMScore,1.0,NEF,,52.43,67.365,52.43,533,41483,415,279.566,0.994,158.593,0.761,67.365,0.59,0.585,0.928,0.698
drd3,RTMScore,1.0,NEF,,3.34,4.643,3.34,480,34530,346,16.065,0.775,3.454,0.512,4.643,0.028,0.028,0.675,0.058
dyr,RTMScore,1.0,NEF,,57.06,75.617,57.06,231,17431,175,132.33,0.996,230.918,0.785,75.617,0.654,0.648,0.873,0.735
egfr,RTMScore,1.0,NEF,,51.26,78.059,51.26,542,35592,356,277.892,0.996,230.074,0.755,78.059,0.628,0.614,0.9,0.725
esr1,RTMScore,1.0,NEF,,45.81,83.279,45.81,383,21068,211,175.719,0.996,268.987,0.729,83.279,0.613,0.586,0.849,0.701
esr2,RTMScore,1.0,NEF,,47.23,84.282,47.23,367,20566,206,173.621,0.997,295.119,0.736,84.282,0.627,0.601,0.907,0.749
fa10,RTMScore,1.0,NEF,,33.06,61.511,33.06,537,28862,289,177.766,0.988,84.296,0.664,61.511,0.444,0.423,0.949,0.802
fa7,RTMScore,1.0,NEF,,53.63,96.069,53.63,114,6364,64,61.484,0.999,1339.785,0.769,96.069,0.716,0.687,0.991,0.946
fabp4,RTMScore,1.0,NEF,,32.97,55.402,32.97,47,2797,28,15.513,0.986,72.685,0.663,55.402,0.42,0.406,0.823,0.573
fak1,RTMScore,1.0,NEF,,54.42,99.853,54.42,100,5450,55,54.919,1.0,36393.375,0.775,99.853,0.737,0.705,0.943,0.881
fgfr1,RTMScore,1.0,NEF,,1.35,2.123,1.35,139,8839,89,1.889,0.576,1.358,0.502,2.123,0.004,0.004,0.507,0.339
fkb1a,RTMScore,1.0,NEF,,44.05,82.72,44.05,111,5911,60,49.632,0.996,250.125,0.723,82.72,0.603,0.575,0.856,0.756
fnta,RTMScore,1.0,NEF,,29.19,33.173,29.19,592,52092,521,172.831,0.977,43.184,0.643,33.173,0.304,0.303,0.882,0.415
fpps,RTMScore,1.0,NEF,,87.41,83.154,87.41,85,8935,90,74.839,0.998,513.954,0.939,88.046,0.854,0.854,0.999,0.963
gcr,RTMScore,1.0,NEF,,11.4,19.276,11.4,258,15258,153,29.493,0.933,13.883,0.553,19.276,0.137,0.133,0.689,0.221
glcm,RTMScore,1.0,NEF,,38.23,53.566,38.23,54,3854,39,20.891,0.988,81.178,0.691,53.566,0.449,0.443,0.79,0.549
gria2,RTMScore,1.0,NEF,,0.63,0.829,0.63,158,12003,121,1.003,0.385,0.627,0.498,0.829,-0.004,-0.004,0.558,0.011
grik1,RTMScore,1.0,NEF,,52.83,80.226,52.83,101,6651,67,53.751,0.996,263.112,0.765,80.226,0.649,0.635,0.985,0.788
hdac2,RTMScore,1.0,NEF,,11.06,19.515,11.06,185,10485,105,20.49,0.931,13.499,0.551,19.515,0.136,0.13,0.757,0.196
hdac8,RTMScore,1.0,NEF,,59.04,94.508,59.04,170,10620,107,101.124,0.999,1057.901,0.797,94.508,0.747,0.727,0.939,0.8
hivint,RTMScore,1.0,NEF,,6.97,10.326,6.97,100,6750,68,7.022,0.884,7.657,0.531,10.326,0.074,0.072,0.652,0.123
hivpr,RTMScore,1.0,NEF,,47.47,70.12,47.47,536,36286,363,254.537,0.994,156.525,0.736,70.12,0.572,0.561,0.885,0.685
hivrt,RTMScore,1.0,NEF,,9.46,16.628,9.46,338,19229,193,32.093,0.918,11.147,0.543,16.628,0.114,0.109,0.727,0.181
hmdh,RTMScore,1.0,NEF,,52.85,100.723,52.85,170,8920,90,90.651,1.0,inf,0.767,100.0,0.73,0.693,0.91,0.786
hs90a,RTMScore,1.0,NEF,,44.79,79.82,44.79,88,4938,50,39.91,0.995,217.999,0.726,79.82,0.597,0.573,0.858,0.673
hxk4,RTMScore,1.0,NEF,,0.0,0.0,0.0,92,4792,48,0.0,0.0,0.0,0.495,0.0,-0.014,-0.013,0.571,0.015
igf1r,RTMScore,1.0,NEF,,26.37,41.308,26.37,148,9448,95,39.242,0.978,44.225,0.63,41.308,0.323,0.315,0.698,0.405
inha,RTMScore,1.0,NEF,,4.51,8.277,4.51,43,2343,24,1.986,0.828,4.827,0.518,8.277,0.049,0.047,0.425,0.084
ital,RTMScore,1.0,NEF,,11.0,17.574,11.0,138,8638,87,15.289,0.929,13.132,0.551,17.574,0.129,0.125,0.505,0.191
jak2,RTMScore,1.0,NEF,,59.11,95.728,59.11,107,6607,67,64.138,0.999,1361.354,0.799,95.728,0.755,0.734,0.97,0.836
kif11,RTMScore,1.0,NEF,,52.11,86.775,52.11,116,6966,70,60.743,0.997,387.471,0.761,86.775,0.67,0.649,0.885,0.773
kit,RTMScore,1.0,NEF,,6.62,10.352,6.62,166,10616,107,11.076,0.879,7.269,0.529,10.352,0.071,0.07,0.764,0.109
kith,RTMScore,1.0,NEF,,50.77,99.549,50.77,57,2907,30,29.865,1.0,11036.957,0.762,99.549,0.719,0.682,0.851,0.855
kpcb,RTMScore,1.0,NEF,,42.42,64.818,42.42,135,8835,89,57.688,0.992,118.732,0.712,64.818,0.52,0.509,0.818,0.632
lck,RTMScore,1.0,NEF,,37.61,56.78,37.61,420,27820,279,158.416,0.988,85.706,0.686,56.78,0.456,0.447,0.905,0.584
lkha4,RTMScore,1.0,NEF,,38.2,67.895,38.2,171,9621,97,65.858,0.992,116.871,0.691,67.895,0.505,0.485,0.91,0.737
mapk2,RTMScore,1.0,NEF,,55.59,89.819,55.59,101,6251,63,56.586,0.998,537.199,0.78,89.819,0.706,0.686,0.956,0.837
mcr,RTMScore,1.0,NEF,,34.07,61.071,34.07,94,5244,53,32.368,0.988,85.95,0.67,61.071,0.451,0.433,0.902,0.503
met,RTMScore,1.0,NEF,,55.39,80.543,55.39,166,11416,115,92.624,0.996,280.533,0.778,80.543,0.666,0.655,0.929,0.745
mk01,RTMScore,1.0,NEF,,15.33,26.163,15.33,79,4629,47,12.296,0.953,20.408,0.574,26.163,0.191,0.185,0.79,0.28
mk10,RTMScore,1.0,NEF,,17.36,26.931,17.36,104,6704,68,18.313,0.959,23.39,0.584,26.931,0.208,0.203,0.824,0.314
mk14,RTMScore,1.0,NEF,,31.77,50.409,31.77,578,36428,365,183.994,0.984,63.048,0.657,50.409,0.393,0.383,0.751,0.47
mmp13,RTMScore,1.0,NEF,,47.41,71.795,47.41,572,37772,378,271.386,0.994,165.547,0.736,71.795,0.579,0.566,0.926,0.694
mp2k1,RTMScore,1.0,NEF,,3.33,4.872,3.33,121,8271,83,4.043,0.775,3.449,0.512,4.872,0.029,0.028,0.659,0.082
nos1,RTMScore,1.0,NEF,,2.98,3.656,2.98,100,8150,82,2.998,0.753,3.055,0.51,3.656,0.022,0.022,0.616,0.07
nram,RTMScore,1.0,NEF,,43.88,68.279,43.88,98,6298,63,43.016,0.993,136.181,0.718,68.279,0.542,0.529,0.992,0.98
pa2ga,RTMScore,1.0,NEF,,53.18,100.301,53.18,99,5249,53,53.16,1.0,inf,0.768,100.0,0.731,0.695,0.837,0.809
parp1,RTMScore,1.0,NEF,,59.12,98.282,59.12,508,30558,306,300.742,1.0,3383.658,0.796,98.282,0.76,0.736,0.971,0.909
pde5a,RTMScore,1.0,NEF,,31.04,44.203,31.04,398,27948,280,123.769,0.982,54.838,0.653,44.203,0.363,0.358,0.811,0.459
pgh1,RTMScore,1.0,NEF,,14.93,26.479,14.93,195,10995,110,29.127,0.952,19.947,0.571,26.479,0.188,0.181,0.669,0.254
pgh2,RTMScore,1.0,NEF,,15.61,28.791,15.61,435,23585,236,67.947,0.956,21.517,0.574,28.791,0.201,0.192,0.778,0.333
plk1,RTMScore,1.0,NEF,,57.45,88.999,57.45,107,6907,70,62.299,0.998,514.128,0.791,88.999,0.717,0.7,0.937,0.795
pnph,RTMScore,1.0,NEF,,68.06,99.393,68.06,103,7053,71,70.569,1.0,11046.637,0.843,99.393,0.823,0.809,0.937,0.838
ppara,RTMScore,1.0,NEF,,35.03,66.084,35.03,373,19772,198,130.847,0.99,101.337,0.674,66.084,0.475,0.451,0.899,0.701
ppard,RTMScore,1.0,NEF,,26.77,51.44,26.77,240,12490,125,64.299,0.982,54.068,0.631,51.44,0.363,0.344,0.905,0.558
pparg,RTMScore,1.0,NEF,,32.92,61.795,32.92,484,25784,258,159.432,0.988,84.55,0.663,61.795,0.444,0.422,0.856,0.589
prgr,RTMScore,1.0,NEF,,25.54,46.937,25.54,293,15943,160,75.1,0.979,47.247,0.625,46.937,0.338,0.323,0.847,0.42
ptn1,RTMScore,1.0,NEF,,44.77,78.863,44.77,130,7380,74,58.359,0.995,208.079,0.723,78.863,0.59,0.567,0.837,0.638
pur2,RTMScore,1.0,NEF,,54.34,98.8,54.34,50,2750,28,27.664,1.0,4446.0,0.777,98.8,0.736,0.705,1.0,1.024
pygm,RTMScore,1.0,NEF,,0.0,0.0,0.0,77,4027,41,0.0,0.0,0.0,0.495,0.0,-0.014,-0.013,0.61,0.019
pyrd,RTMScore,1.0,NEF,,18.26,30.893,18.26,111,6561,66,20.389,0.963,25.976,0.588,30.893,0.228,0.221,0.828,0.383
reni,RTMScore,1.0,NEF,,28.48,41.942,28.48,104,7062,71,29.779,0.98,48.332,0.64,41.942,0.339,0.332,0.66,0.431
rock1,RTMScore,1.0,NEF,,55.23,86.297,55.23,100,6400,64,55.23,0.997,396.749,0.775,86.297,0.687,0.67,0.937,0.798
rxra,RTMScore,1.0,NEF,,38.71,71.614,38.71,131,7081,71,50.846,0.993,133.849,0.693,71.614,0.521,0.497,0.99,0.899
sahh,RTMScore,1.0,NEF,,55.19,98.974,55.19,63,3513,36,35.631,1.0,5284.638,0.783,98.974,0.745,0.716,0.996,0.963
src,RTMScore,1.0,NEF,,33.1,49.521,33.1,524,35024,351,173.82,0.985,64.591,0.663,49.521,0.398,0.39,0.792,0.485
tgfr1,RTMScore,1.0,NEF,,59.9,92.282,59.9,133,8633,87,80.285,0.999,764.145,0.801,92.282,0.743,0.727,0.991,0.898
thb,RTMScore,1.0,NEF,,43.08,58.748,43.08,103,7553,76,44.649,0.99,103.007,0.715,58.748,0.499,0.493,0.889,0.742
thrb,RTMScore,1.0,NEF,,55.84,93.727,55.84,461,27465,275,257.75,0.999,875.283,0.779,93.727,0.721,0.697,0.957,0.832
try1,RTMScore,1.0,NEF,,48.25,81.972,48.25,449,26429,265,217.224,0.996,263.085,0.741,81.972,0.625,0.603,0.924,0.788
tryb1,RTMScore,1.0,NEF,,24.87,47.201,24.87,148,7798,78,36.817,0.979,46.209,0.622,47.201,0.334,0.317,0.733,0.428
tysy,RTMScore,1.0,NEF,,2.74,4.354,2.74,109,6859,69,3.004,0.738,2.819,0.509,4.354,0.022,0.022,0.794,0.117
urok,RTMScore,1.0,NEF,,59.8,96.76,59.8,162,10012,101,97.727,0.999,1815.752,0.801,96.76,0.761,0.74,0.94,0.846
vgfr2,RTMScore,1.0,NEF,,21.33,34.402,21.33,409,25359,254,87.381,0.97,31.992,0.603,34.402,0.262,0.254,0.621,0.386
wee1,RTMScore,1.0,NEF,,60.03,97.938,60.03,102,6252,63,61.701,1.0,2863.227,0.802,97.938,0.767,0.745,1.0,1.006
xiap,RTMScore,1.0,NEF,,51.69,98.457,51.69,100,5250,53,52.182,1.0,3286.463,0.761,98.457,0.713,0.678,0.942,0.936
