Target,Model,AUC,AUC_ROC,BEDROC,EF0.1,EF0.5,EF1,EF5,NEF0.1,NEF0.5,NEF1,NEF5,Source,Notes
11betahsd1,Autodock Vina,,0.567,0.088,,,,,,0,0,1.379,https://pubs.acs.org/doi/10.1021/acs.jmedchem.2c00991,Uses non-normalized EF
17betahsd1,Autodock Vina,,0.58,0.146,,,,,,0,0,5.735,https://pubs.acs.org/doi/10.1021/acs.jmedchem.2c00991,Uses non-normalized EF
a2a,Autodock Vina,,0.671,0.018,,,,,,0,0,3.032,https://pubs.acs.org/doi/10.1021/acs.jmedchem.2c00991,Uses non-normalized EF
ace,Autodock Vina,,0.327,0.038,,,,,,0,0,1.111,https://pubs.acs.org/doi/10.1021/acs.jmedchem.2c00991,Uses non-normalized EF
ace2,Autodock Vina,,0.535,0.148,,,,,,0,4.13,1.709,https://pubs.acs.org/doi/10.1021/acs.jmedchem.2c00991,Uses non-normalized EF
ache,Autodock Vina,,0.82,0.332,,,,,,19.708,11.825,9.854,https://pubs.acs.org/doi/10.1021/acs.jmedchem.2c00991,Uses non-normalized EF
adam17,Autodock Vina,,0.439,0.186,,,,,,12.472,7.483,1.627,https://pubs.acs.org/doi/10.1021/acs.jmedchem.2c00991,Uses non-normalized EF
adrb2,Autodock Vina,,0.717,0.008,,,,,,0,0,2.381,https://pubs.acs.org/doi/10.1021/acs.jmedchem.2c00991,Uses non-normalized EF
akt1,Autodock Vina,,0.475,0.001,,,,,,0,0,0,https://pubs.acs.org/doi/10.1021/acs.jmedchem.2c00991,Uses non-normalized EF
alr2,Autodock Vina,,0.813,0.005,,,,,,0,0,0,https://pubs.acs.org/doi/10.1021/acs.jmedchem.2c00991,Uses non-normalized EF
ar,Autodock Vina,,0.672,0.106,,,,,,0,0,3.176,https://pubs.acs.org/doi/10.1021/acs.jmedchem.2c00991,Uses non-normalized EF
aurka,Autodock Vina,,0.651,0.175,,,,,,0,6.214,2.762,https://pubs.acs.org/doi/10.1021/acs.jmedchem.2c00991,Uses non-normalized EF
aurkb,Autodock Vina,,0.796,0.337,,,,,,11.244,11.244,5.19,https://pubs.acs.org/doi/10.1021/acs.jmedchem.2c00991,Uses non-normalized EF
bcl2,Autodock Vina,,0.534,0.179,,,,,,0,8.247,3.608,https://pubs.acs.org/doi/10.1021/acs.jmedchem.2c00991,Uses non-normalized EF
braf,Autodock Vina,,0.716,0.278,,,,,,13.321,6.661,2.805,https://pubs.acs.org/doi/10.1021/acs.jmedchem.2c00991,Uses non-normalized EF
catl,Autodock Vina,,0.708,0.014,,,,,,0,0,1.529,https://pubs.acs.org/doi/10.1021/acs.jmedchem.2c00991,Uses non-normalized EF
cdk2,Autodock Vina,,0.574,0,,,,,,0,0,0,https://pubs.acs.org/doi/10.1021/acs.jmedchem.2c00991,Uses non-normalized EF
cox1,Autodock Vina,,0.757,0.338,,,,,,15.192,7.596,6.077,https://pubs.acs.org/doi/10.1021/acs.jmedchem.2c00991,Uses non-normalized EF
cox2,Autodock Vina,,0.711,0.458,,,,,,38.875,19.438,4.859,https://pubs.acs.org/doi/10.1021/acs.jmedchem.2c00991,Uses non-normalized EF
ctsk,Autodock Vina,,0.545,0.046,,,,,,0,0,2.79,https://pubs.acs.org/doi/10.1021/acs.jmedchem.2c00991,Uses non-normalized EF
cyp2a6,Autodock Vina,,0.251,0,,,,,,0,0,0,https://pubs.acs.org/doi/10.1021/acs.jmedchem.2c00991,Uses non-normalized EF
dhfr,Autodock Vina,,0.469,0.014,,,,,,0,0,1.327,https://pubs.acs.org/doi/10.1021/acs.jmedchem.2c00991,Uses non-normalized EF
egfr,Autodock Vina,,0.524,0.106,,,,,,0,0,2.024,https://pubs.acs.org/doi/10.1021/acs.jmedchem.2c00991,Uses non-normalized EF
ephb4,Autodock Vina,,0.756,0.046,,,,,,0,0,1.212,https://pubs.acs.org/doi/10.1021/acs.jmedchem.2c00991,Uses non-normalized EF
erbb2,Autodock Vina,,0.789,0.306,,,,,,14.367,8.62,5.877,https://pubs.acs.org/doi/10.1021/acs.jmedchem.2c00991,Uses non-normalized EF
er-beta,Autodock Vina,,0.526,0.051,,,,,,0,0,4.75,https://pubs.acs.org/doi/10.1021/acs.jmedchem.2c00991,Uses non-normalized EF
fgfr1,Autodock Vina,,0.564,0.002,,,,,,0,0,0,https://pubs.acs.org/doi/10.1021/acs.jmedchem.2c00991,Uses non-normalized EF
fkbp1a,Autodock Vina,,0.472,0,,,,,,0,0,0,https://pubs.acs.org/doi/10.1021/acs.jmedchem.2c00991,Uses non-normalized EF
fxa,Autodock Vina,,0.788,0.281,,,,,,0,10.472,6.614,https://pubs.acs.org/doi/10.1021/acs.jmedchem.2c00991,Uses non-normalized EF
gba,Autodock Vina,,0.405,0,,,,,,0,0,0,https://pubs.acs.org/doi/10.1021/acs.jmedchem.2c00991,Uses non-normalized EF
gr,Autodock Vina,,0.615,0.008,,,,,,0,0,1.109,https://pubs.acs.org/doi/10.1021/acs.jmedchem.2c00991,Uses non-normalized EF
gsk3b,Autodock Vina,,0.596,0.001,,,,,,0,0,0,https://pubs.acs.org/doi/10.1021/acs.jmedchem.2c00991,Uses non-normalized EF
hdac2,Autodock Vina,,0.691,0.241,,,,,,0,11.893,8.395,https://pubs.acs.org/doi/10.1021/acs.jmedchem.2c00991,Uses non-normalized EF
hdac8,Autodock Vina,,0.633,0.015,,,,,,0,0,2.216,https://pubs.acs.org/doi/10.1021/acs.jmedchem.2c00991,Uses non-normalized EF
hiv1pr,Autodock Vina,,0.855,0.485,,,,,,15.175,13.007,6.853,https://pubs.acs.org/doi/10.1021/acs.jmedchem.2c00991,Uses non-normalized EF
hiv1rt,Autodock Vina,,0.356,0,,,,,,0,0,0,https://pubs.acs.org/doi/10.1021/acs.jmedchem.2c00991,Uses non-normalized EF
hmgr,Autodock Vina,,0.524,0,,,,,,0,0,0,https://pubs.acs.org/doi/10.1021/acs.jmedchem.2c00991,Uses non-normalized EF
hsp90,Autodock Vina,,0.435,0,,,,,,0,0,0,https://pubs.acs.org/doi/10.1021/acs.jmedchem.2c00991,Uses non-normalized EF
igf1r,Autodock Vina,,0.662,0.219,,,,,,13.333,6.667,3.077,https://pubs.acs.org/doi/10.1021/acs.jmedchem.2c00991,Uses non-normalized EF
inha,Autodock Vina,,0.666,0.601,,,,,,38.75,19.375,4.844,https://pubs.acs.org/doi/10.1021/acs.jmedchem.2c00991,Uses non-normalized EF
itk,Autodock Vina,,0.506,0,,,,,,0,0,0,https://pubs.acs.org/doi/10.1021/acs.jmedchem.2c00991,Uses non-normalized EF
jak3,Autodock Vina,,0.759,0.477,,,,,,8.778,10.533,7.681,https://pubs.acs.org/doi/10.1021/acs.jmedchem.2c00991,Uses non-normalized EF
jnk1,Autodock Vina,,0.613,0.183,,,,,,10.667,6.4,1.391,https://pubs.acs.org/doi/10.1021/acs.jmedchem.2c00991,Uses non-normalized EF
jnk2,Autodock Vina,,0.466,0.011,,,,,,0,0,1.732,https://pubs.acs.org/doi/10.1021/acs.jmedchem.2c00991,Uses non-normalized EF
jnk3,Autodock Vina,,0.715,0.055,,,,,,0,0,3.021,https://pubs.acs.org/doi/10.1021/acs.jmedchem.2c00991,Uses non-normalized EF
kif11,Autodock Vina,,0.895,0.052,,,,,,0,0,3.705,https://pubs.acs.org/doi/10.1021/acs.jmedchem.2c00991,Uses non-normalized EF
lck,Autodock Vina,,0.592,0.199,,,,,,10.157,5.078,2.344,https://pubs.acs.org/doi/10.1021/acs.jmedchem.2c00991,Uses non-normalized EF
mdm2,Autodock Vina,,0.524,0.002,,,,,,0,0,0,https://pubs.acs.org/doi/10.1021/acs.jmedchem.2c00991,Uses non-normalized EF
mk2,Autodock Vina,,0.914,0.397,,,,,,0,21.3,9.682,https://pubs.acs.org/doi/10.1021/acs.jmedchem.2c00991,Uses non-normalized EF
mmp2,Autodock Vina,,0.62,0.002,,,,,,0,0,0,https://pubs.acs.org/doi/10.1021/acs.jmedchem.2c00991,Uses non-normalized EF
na,Autodock Vina,,0.495,0,,,,,,0,0,0,https://pubs.acs.org/doi/10.1021/acs.jmedchem.2c00991,Uses non-normalized EF
p38-alpha,Autodock Vina,,0.592,0.308,,,,,,23.667,14.2,3.227,https://pubs.acs.org/doi/10.1021/acs.jmedchem.2c00991,Uses non-normalized EF
parp-1,Autodock Vina,,0.796,0.209,,,,,,0,0,9.893,https://pubs.acs.org/doi/10.1021/acs.jmedchem.2c00991,Uses non-normalized EF
pde4b,Autodock Vina,,0.698,0.124,,,,,,0,5.046,2.163,https://pubs.acs.org/doi/10.1021/acs.jmedchem.2c00991,Uses non-normalized EF
pde5,Autodock Vina,,0.472,0.164,,,,,,19.037,9.519,2.197,https://pubs.acs.org/doi/10.1021/acs.jmedchem.2c00991,Uses non-normalized EF
pdk1,Autodock Vina,,0.822,0.278,,,,,,19.25,9.625,3.85,https://pubs.acs.org/doi/10.1021/acs.jmedchem.2c00991,Uses non-normalized EF
pi3kg,Autodock Vina,,0.701,0.006,,,,,,0,0,0,https://pubs.acs.org/doi/10.1021/acs.jmedchem.2c00991,Uses non-normalized EF
pim-1,Autodock Vina,,0.814,0.251,,,,,,12.879,7.727,3.512,https://pubs.acs.org/doi/10.1021/acs.jmedchem.2c00991,Uses non-normalized EF
pim-2,Autodock Vina,,0.717,0.486,,,,,,27.6,16.56,5.914,https://pubs.acs.org/doi/10.1021/acs.jmedchem.2c00991,Uses non-normalized EF
pnp,Autodock Vina,,0.815,0.014,,,,,,0,0,6.538,https://pubs.acs.org/doi/10.1021/acs.jmedchem.2c00991,Uses non-normalized EF
ppara,Autodock Vina,,0.847,0.045,,,,,,0,0,2.987,https://pubs.acs.org/doi/10.1021/acs.jmedchem.2c00991,Uses non-normalized EF
pparg,Autodock Vina,,0.776,0.129,,,,,,0,6.862,1.492,https://pubs.acs.org/doi/10.1021/acs.jmedchem.2c00991,Uses non-normalized EF
pr,Autodock Vina,,0.678,0.002,,,,,,0,0,0,https://pubs.acs.org/doi/10.1021/acs.jmedchem.2c00991,Uses non-normalized EF
prkcq,Autodock Vina,,0.749,0.137,,,,,,0,0,5.978,https://pubs.acs.org/doi/10.1021/acs.jmedchem.2c00991,Uses non-normalized EF
pygl-in,Autodock Vina,,0.674,0.001,,,,,,0,0,0,https://pubs.acs.org/doi/10.1021/acs.jmedchem.2c00991,Uses non-normalized EF
pygl-out,Autodock Vina,,0.855,0.352,,,,,,14.944,14.944,8.302,https://pubs.acs.org/doi/10.1021/acs.jmedchem.2c00991,Uses non-normalized EF
qpct,Autodock Vina,,0.421,0.003,,,,,,0,0,0,https://pubs.acs.org/doi/10.1021/acs.jmedchem.2c00991,Uses non-normalized EF
rock-1,Autodock Vina,,0.503,0,,,,,,0,0,0,https://pubs.acs.org/doi/10.1021/acs.jmedchem.2c00991,Uses non-normalized EF
rxr,Autodock Vina,,0.544,0.237,,,,,,23.563,11.781,2.48,https://pubs.acs.org/doi/10.1021/acs.jmedchem.2c00991,Uses non-normalized EF
sars-hcov,Autodock Vina,,0.503,0.07,,,,,,0,0,2.5,https://pubs.acs.org/doi/10.1021/acs.jmedchem.2c00991,Uses non-normalized EF
sirt2,Autodock Vina,,0.543,0.216,,,,,,9.25,5.55,3.62,https://pubs.acs.org/doi/10.1021/acs.jmedchem.2c00991,Uses non-normalized EF
src,Autodock Vina,,0.484,0,,,,,,0,0,0,https://pubs.acs.org/doi/10.1021/acs.jmedchem.2c00991,Uses non-normalized EF
thrombin,Autodock Vina,,0.663,0.138,,,,,,0,7.85,3.271,https://pubs.acs.org/doi/10.1021/acs.jmedchem.2c00991,Uses non-normalized EF
tie2,Autodock Vina,,0.566,0.004,,,,,,0,0,0,https://pubs.acs.org/doi/10.1021/acs.jmedchem.2c00991,Uses non-normalized EF
tk,Autodock Vina,,0.52,0.32,,,,,,0,6.354,4.766,https://pubs.acs.org/doi/10.1021/acs.jmedchem.2c00991,Uses non-normalized EF
tp,Autodock Vina,,0.516,0,,,,,,0,0,0,https://pubs.acs.org/doi/10.1021/acs.jmedchem.2c00991,Uses non-normalized EF
tpa,Autodock Vina,,0.735,0,,,,,,0,0,0,https://pubs.acs.org/doi/10.1021/acs.jmedchem.2c00991,Uses non-normalized EF
ts,Autodock Vina,,0.738,0.358,,,,,,12.028,14.433,4.92,https://pubs.acs.org/doi/10.1021/acs.jmedchem.2c00991,Uses non-normalized EF
upa,Autodock Vina,,0.766,0.297,,,,,,24.583,16.389,3.278,https://pubs.acs.org/doi/10.1021/acs.jmedchem.2c00991,Uses non-normalized EF
vegfr1,Autodock Vina,,0.82,0.499,,,,,,33.75,22.5,4.821,https://pubs.acs.org/doi/10.1021/acs.jmedchem.2c00991,Uses non-normalized EF
vegfr2,Autodock Vina,,0.637,0.065,,,,,,0,0,5.59,https://pubs.acs.org/doi/10.1021/acs.jmedchem.2c00991,Uses non-normalized EF
17betahsd1,DLIGAND2,,,,,,,,,,2.44,,https://jcheminf.biomedcentral.com/articles/10.1186/s13321-019-0373-4,Uses NEF
ace2,DLIGAND2,,,,,,,,,,4.88,,https://jcheminf.biomedcentral.com/articles/10.1186/s13321-019-0373-4,Uses NEF
ache,DLIGAND2,,,,,,,,,,0,,https://jcheminf.biomedcentral.com/articles/10.1186/s13321-019-0373-4,Uses NEF
akt1,DLIGAND2,,,,,,,,,,4.88,,https://jcheminf.biomedcentral.com/articles/10.1186/s13321-019-0373-4,Uses NEF
alr2,DLIGAND2,,,,,,,,,,2.44,,https://jcheminf.biomedcentral.com/articles/10.1186/s13321-019-0373-4,Uses NEF
ar,DLIGAND2,,,,,,,,,,2.44,,https://jcheminf.biomedcentral.com/articles/10.1186/s13321-019-0373-4,Uses NEF
aurka,DLIGAND2,,,,,,,,,,2.44,,https://jcheminf.biomedcentral.com/articles/10.1186/s13321-019-0373-4,Uses NEF
aurkb,DLIGAND2,,,,,,,,,,4.88,,https://jcheminf.biomedcentral.com/articles/10.1186/s13321-019-0373-4,Uses NEF
bcl2,DLIGAND2,,,,,,,,,,2.44,,https://jcheminf.biomedcentral.com/articles/10.1186/s13321-019-0373-4,Uses NEF
catl,DLIGAND2,,,,,,,,,,7.32,,https://jcheminf.biomedcentral.com/articles/10.1186/s13321-019-0373-4,Uses NEF
cdk2,DLIGAND2,,,,,,,,,,0,,https://jcheminf.biomedcentral.com/articles/10.1186/s13321-019-0373-4,Uses NEF
ctsk,DLIGAND2,,,,,,,,,,4.88,,https://jcheminf.biomedcentral.com/articles/10.1186/s13321-019-0373-4,Uses NEF
cyp2a6,DLIGAND2,,,,,,,,,,0,,https://jcheminf.biomedcentral.com/articles/10.1186/s13321-019-0373-4,Uses NEF
dhfr,DLIGAND2,,,,,,,,,,2.44,,https://jcheminf.biomedcentral.com/articles/10.1186/s13321-019-0373-4,Uses NEF
egfr,DLIGAND2,,,,,,,,,,2.44,,https://jcheminf.biomedcentral.com/articles/10.1186/s13321-019-0373-4,Uses NEF
ephb4,DLIGAND2,,,,,,,,,,2.44,,https://jcheminf.biomedcentral.com/articles/10.1186/s13321-019-0373-4,Uses NEF
erbb2,DLIGAND2,,,,,,,,,,19.51,,https://jcheminf.biomedcentral.com/articles/10.1186/s13321-019-0373-4,Uses NEF
er-beta,DLIGAND2,,,,,,,,,,4.88,,https://jcheminf.biomedcentral.com/articles/10.1186/s13321-019-0373-4,Uses NEF
gsk3b,DLIGAND2,,,,,,,,,,4.88,,https://jcheminf.biomedcentral.com/articles/10.1186/s13321-019-0373-4,Uses NEF
hiv1pr,DLIGAND2,,,,,,,,,,19.51,,https://jcheminf.biomedcentral.com/articles/10.1186/s13321-019-0373-4,Uses NEF
itk,DLIGAND2,,,,,,,,,,0,,https://jcheminf.biomedcentral.com/articles/10.1186/s13321-019-0373-4,Uses NEF
jak3,DLIGAND2,,,,,,,,,,2.44,,https://jcheminf.biomedcentral.com/articles/10.1186/s13321-019-0373-4,Uses NEF
jnk1,DLIGAND2,,,,,,,,,,0,,https://jcheminf.biomedcentral.com/articles/10.1186/s13321-019-0373-4,Uses NEF
jnk2,DLIGAND2,,,,,,,,,,12.2,,https://jcheminf.biomedcentral.com/articles/10.1186/s13321-019-0373-4,Uses NEF
mdm2,DLIGAND2,,,,,,,,,,2.44,,https://jcheminf.biomedcentral.com/articles/10.1186/s13321-019-0373-4,Uses NEF
mk2,DLIGAND2,,,,,,,,,,2.44,,https://jcheminf.biomedcentral.com/articles/10.1186/s13321-019-0373-4,Uses NEF
mmp2,DLIGAND2,,,,,,,,,,9.76,,https://jcheminf.biomedcentral.com/articles/10.1186/s13321-019-0373-4,Uses NEF
na,DLIGAND2,,,,,,,,,,0,,https://jcheminf.biomedcentral.com/articles/10.1186/s13321-019-0373-4,Uses NEF
p38-alpha,DLIGAND2,,,,,,,,,,0,,https://jcheminf.biomedcentral.com/articles/10.1186/s13321-019-0373-4,Uses NEF
pde4b,DLIGAND2,,,,,,,,,,9.76,,https://jcheminf.biomedcentral.com/articles/10.1186/s13321-019-0373-4,Uses NEF
pde5,DLIGAND2,,,,,,,,,,12.2,,https://jcheminf.biomedcentral.com/articles/10.1186/s13321-019-0373-4,Uses NEF
pdk1,DLIGAND2,,,,,,,,,,4.88,,https://jcheminf.biomedcentral.com/articles/10.1186/s13321-019-0373-4,Uses NEF
pi3kg,DLIGAND2,,,,,,,,,,7.32,,https://jcheminf.biomedcentral.com/articles/10.1186/s13321-019-0373-4,Uses NEF
pim-1,DLIGAND2,,,,,,,,,,4.88,,https://jcheminf.biomedcentral.com/articles/10.1186/s13321-019-0373-4,Uses NEF
pim-2,DLIGAND2,,,,,,,,,,2.5,,https://jcheminf.biomedcentral.com/articles/10.1186/s13321-019-0373-4,Uses NEF
pnp,DLIGAND2,,,,,,,,,,0,,https://jcheminf.biomedcentral.com/articles/10.1186/s13321-019-0373-4,Uses NEF
pparg,DLIGAND2,,,,,,,,,,2.44,,https://jcheminf.biomedcentral.com/articles/10.1186/s13321-019-0373-4,Uses NEF
pr,DLIGAND2,,,,,,,,,,0,,https://jcheminf.biomedcentral.com/articles/10.1186/s13321-019-0373-4,Uses NEF
prkcq,DLIGAND2,,,,,,,,,,4.88,,https://jcheminf.biomedcentral.com/articles/10.1186/s13321-019-0373-4,Uses NEF
pygl-in,DLIGAND2,,,,,,,,,,0,,https://jcheminf.biomedcentral.com/articles/10.1186/s13321-019-0373-4,Uses NEF
pygl-out,DLIGAND2,,,,,,,,,,2.44,,https://jcheminf.biomedcentral.com/articles/10.1186/s13321-019-0373-4,Uses NEF
qpct,DLIGAND2,,,,,,,,,,0,,https://jcheminf.biomedcentral.com/articles/10.1186/s13321-019-0373-4,Uses NEF
sars-hcov,DLIGAND2,,,,,,,,,,2.66,,https://jcheminf.biomedcentral.com/articles/10.1186/s13321-019-0373-4,Uses NEF
src,DLIGAND2,,,,,,,,,,2.61,,https://jcheminf.biomedcentral.com/articles/10.1186/s13321-019-0373-4,Uses NEF
thrombin,DLIGAND2,,,,,,,,,,2.44,,https://jcheminf.biomedcentral.com/articles/10.1186/s13321-019-0373-4,Uses NEF
tie2,DLIGAND2,,,,,,,,,,17.07,,https://jcheminf.biomedcentral.com/articles/10.1186/s13321-019-0373-4,Uses NEF
tk,DLIGAND2,,,,,,,,,,2.44,,https://jcheminf.biomedcentral.com/articles/10.1186/s13321-019-0373-4,Uses NEF
tp,DLIGAND2,,,,,,,,,,19.51,,https://jcheminf.biomedcentral.com/articles/10.1186/s13321-019-0373-4,Uses NEF
tpa,DLIGAND2,,,,,,,,,,0,,https://jcheminf.biomedcentral.com/articles/10.1186/s13321-019-0373-4,Uses NEF
ts,DLIGAND2,,,,,,,,,,7.32,,https://jcheminf.biomedcentral.com/articles/10.1186/s13321-019-0373-4,Uses NEF
vegfr1,DLIGAND2,,,,,,,,,,0,,https://jcheminf.biomedcentral.com/articles/10.1186/s13321-019-0373-4,Uses NEF
vegfr2,DLIGAND2,,,,,,,,,,0,,https://jcheminf.biomedcentral.com/articles/10.1186/s13321-019-0373-4,Uses NEF
11betahsd1,GenScore(ft_0.5),,0.579,0.032,,,,,,0,0,1.99,https://pubs.rsc.org/en/content/articlelanding/2023/SC/D3SC02044D,Uses non-normalized EF
17betahsd1,GenScore(ft_0.5),,0.524,0.019,,,,,,0,0,0.99,https://pubs.rsc.org/en/content/articlelanding/2023/SC/D3SC02044D,Uses non-normalized EF
a2a,GenScore(ft_0.5),,0.769,0.576,,,,,,30.53,16.44,7.88,https://pubs.rsc.org/en/content/articlelanding/2023/SC/D3SC02044D,Uses non-normalized EF
ace,GenScore(ft_0.5),,0.833,0.887,,,,,,30.9,30.9,11.96,https://pubs.rsc.org/en/content/articlelanding/2023/SC/D3SC02044D,Uses non-normalized EF
ace2,GenScore(ft_0.5),,0.844,0.382,,,,,,22.13,14.3,5,https://pubs.rsc.org/en/content/articlelanding/2023/SC/D3SC02044D,Uses non-normalized EF
ache,GenScore(ft_0.5),,0.535,0.047,,,,,,0,2.35,0.99,https://pubs.rsc.org/en/content/articlelanding/2023/SC/D3SC02044D,Uses non-normalized EF
adam17,GenScore(ft_0.5),,0.854,0.656,,,,,,26.36,21.29,9.42,https://pubs.rsc.org/en/content/articlelanding/2023/SC/D3SC02044D,Uses non-normalized EF
adrb2,GenScore(ft_0.5),,0.699,0.159,,,,,,9.47,4.74,2.49,https://pubs.rsc.org/en/content/articlelanding/2023/SC/D3SC02044D,Uses non-normalized EF
akt1,GenScore(ft_0.5),,0.725,0.436,,,,,,20.15,15.12,8.2,https://pubs.rsc.org/en/content/articlelanding/2023/SC/D3SC02044D,Uses non-normalized EF
alr2,GenScore(ft_0.5),,0.613,0.155,,,,,,8.77,4.72,3.47,https://pubs.rsc.org/en/content/articlelanding/2023/SC/D3SC02044D,Uses non-normalized EF
ar,GenScore(ft_0.5),,0.937,0.712,,,,,,11.78,16.83,9.57,https://pubs.rsc.org/en/content/articlelanding/2023/SC/D3SC02044D,Uses non-normalized EF
aurka,GenScore(ft_0.5),,0.915,0.904,,,,,,31.05,28.66,13.74,https://pubs.rsc.org/en/content/articlelanding/2023/SC/D3SC02044D,Uses non-normalized EF
aurkb,GenScore(ft_0.5),,0.897,0.891,,,,,,30.33,27.99,13.42,https://pubs.rsc.org/en/content/articlelanding/2023/SC/D3SC02044D,Uses non-normalized EF
bcl2,GenScore(ft_0.5),,0.596,0.077,,,,,,4.34,2.34,1,https://pubs.rsc.org/en/content/articlelanding/2023/SC/D3SC02044D,Uses non-normalized EF
braf,GenScore(ft_0.5),,0.874,0.243,,,,,,4.42,7.14,7.6,https://pubs.rsc.org/en/content/articlelanding/2023/SC/D3SC02044D,Uses non-normalized EF
catl,GenScore(ft_0.5),,0.635,0.067,,,,,,0,0,2.98,https://pubs.rsc.org/en/content/articlelanding/2023/SC/D3SC02044D,Uses non-normalized EF
cdk2,GenScore(ft_0.5),,0.842,0.667,,,,,,25.62,23.06,9.74,https://pubs.rsc.org/en/content/articlelanding/2023/SC/D3SC02044D,Uses non-normalized EF
cox1,GenScore(ft_0.5),,0.746,0.39,,,,,,14.38,11.99,5.55,https://pubs.rsc.org/en/content/articlelanding/2023/SC/D3SC02044D,Uses non-normalized EF
cox2,GenScore(ft_0.5),,0.845,0.45,,,,,,9.23,10.26,7.51,https://pubs.rsc.org/en/content/articlelanding/2023/SC/D3SC02044D,Uses non-normalized EF
ctsk,GenScore(ft_0.5),,0.574,0.301,,,,,,17.57,11.83,2.98,https://pubs.rsc.org/en/content/articlelanding/2023/SC/D3SC02044D,Uses non-normalized EF
cyp2a6,GenScore(ft_0.5),,0.44,0.005,,,,,,0,0,0.55,https://pubs.rsc.org/en/content/articlelanding/2023/SC/D3SC02044D,Uses non-normalized EF
dhfr,GenScore(ft_0.5),,0.812,0.769,,,,,,30.42,25.74,11.47,https://pubs.rsc.org/en/content/articlelanding/2023/SC/D3SC02044D,Uses non-normalized EF
egfr,GenScore(ft_0.5),,0.833,0.63,,,,,,26.46,23.75,9.11,https://pubs.rsc.org/en/content/articlelanding/2023/SC/D3SC02044D,Uses non-normalized EF
ephb4,GenScore(ft_0.5),,0.875,0.751,,,,,,31.18,31.18,10.22,https://pubs.rsc.org/en/content/articlelanding/2023/SC/D3SC02044D,Uses non-normalized EF
erbb2,GenScore(ft_0.5),,0.979,0.984,,,,,,29.43,29.43,17.46,https://pubs.rsc.org/en/content/articlelanding/2023/SC/D3SC02044D,Uses non-normalized EF
er-beta,GenScore(ft_0.5),,0.934,0.802,,,,,,28.45,22.13,13.55,https://pubs.rsc.org/en/content/articlelanding/2023/SC/D3SC02044D,Uses non-normalized EF
fgfr1,GenScore(ft_0.5),,0.881,0.796,,,,,,30.33,30.33,10.11,https://pubs.rsc.org/en/content/articlelanding/2023/SC/D3SC02044D,Uses non-normalized EF
fkbp1a,GenScore(ft_0.5),,0.68,0.648,,,,,,32.34,24.88,9.39,https://pubs.rsc.org/en/content/articlelanding/2023/SC/D3SC02044D,Uses non-normalized EF
fxa,GenScore(ft_0.5),,0.876,0.876,,,,,,30.54,30.54,11.71,https://pubs.rsc.org/en/content/articlelanding/2023/SC/D3SC02044D,Uses non-normalized EF
gba,GenScore(ft_0.5),,0.398,0.18,,,,,,8.82,4.75,2.49,https://pubs.rsc.org/en/content/articlelanding/2023/SC/D3SC02044D,Uses non-normalized EF
gr,GenScore(ft_0.5),,0.596,0.26,,,,,,17.44,9.39,2.46,https://pubs.rsc.org/en/content/articlelanding/2023/SC/D3SC02044D,Uses non-normalized EF
gsk3b,GenScore(ft_0.5),,0.882,0.646,,,,,,26.42,21.34,7.58,https://pubs.rsc.org/en/content/articlelanding/2023/SC/D3SC02044D,Uses non-normalized EF
hdac2,GenScore(ft_0.5),,0.704,0.265,,,,,,17.23,9.28,1.98,https://pubs.rsc.org/en/content/articlelanding/2023/SC/D3SC02044D,Uses non-normalized EF
hdac8,GenScore(ft_0.5),,0.377,0,,,,,,0,0,0,https://pubs.rsc.org/en/content/articlelanding/2023/SC/D3SC02044D,Uses non-normalized EF
hiv1pr,GenScore(ft_0.5),,0.791,0.78,,,,,,34.46,31.81,10.73,https://pubs.rsc.org/en/content/articlelanding/2023/SC/D3SC02044D,Uses non-normalized EF
hiv1rt,GenScore(ft_0.5),,0.692,0.329,,,,,,18.78,12.64,3.77,https://pubs.rsc.org/en/content/articlelanding/2023/SC/D3SC02044D,Uses non-normalized EF
hmgr,GenScore(ft_0.5),,0.986,1.043,,,,,,30.9,30.9,18.44,https://pubs.rsc.org/en/content/articlelanding/2023/SC/D3SC02044D,Uses non-normalized EF
hsp90,GenScore(ft_0.5),,0.771,0.779,,,,,,30.33,30.33,10.44,https://pubs.rsc.org/en/content/articlelanding/2023/SC/D3SC02044D,Uses non-normalized EF
igf1r,GenScore(ft_0.5),,0.525,0.311,,,,,,20.21,10.11,4.18,https://pubs.rsc.org/en/content/articlelanding/2023/SC/D3SC02044D,Uses non-normalized EF
inha,GenScore(ft_0.5),,0.481,0.156,,,,,,8.76,4.72,1.98,https://pubs.rsc.org/en/content/articlelanding/2023/SC/D3SC02044D,Uses non-normalized EF
itk,GenScore(ft_0.5),,0.603,0.216,,,,,,8.69,9.35,2.49,https://pubs.rsc.org/en/content/articlelanding/2023/SC/D3SC02044D,Uses non-normalized EF
jak3,GenScore(ft_0.5),,0.878,0.822,,,,,,30.69,28.13,11.25,https://pubs.rsc.org/en/content/articlelanding/2023/SC/D3SC02044D,Uses non-normalized EF
jnk1,GenScore(ft_0.5),,0.747,0.596,,,,,,31.37,26.14,7.84,https://pubs.rsc.org/en/content/articlelanding/2023/SC/D3SC02044D,Uses non-normalized EF
jnk2,GenScore(ft_0.5),,0.471,0.417,,,,,,24.72,17.31,3.58,https://pubs.rsc.org/en/content/articlelanding/2023/SC/D3SC02044D,Uses non-normalized EF
jnk3,GenScore(ft_0.5),,0.827,0.672,,,,,,26.59,19.09,10.17,https://pubs.rsc.org/en/content/articlelanding/2023/SC/D3SC02044D,Uses non-normalized EF
kif11,GenScore(ft_0.5),,0.911,0.259,,,,,,4.35,7.03,5.49,https://pubs.rsc.org/en/content/articlelanding/2023/SC/D3SC02044D,Uses non-normalized EF
lck,GenScore(ft_0.5),,0.791,0.831,,,,,,30.77,28.21,11.79,https://pubs.rsc.org/en/content/articlelanding/2023/SC/D3SC02044D,Uses non-normalized EF
mdm2,GenScore(ft_0.5),,0.878,0.667,,,,,,22.15,24.92,12.74,https://pubs.rsc.org/en/content/articlelanding/2023/SC/D3SC02044D,Uses non-normalized EF
mk2,GenScore(ft_0.5),,0.863,0.558,,,,,,26.31,21.05,9.1,https://pubs.rsc.org/en/content/articlelanding/2023/SC/D3SC02044D,Uses non-normalized EF
mmp2,GenScore(ft_0.5),,0.568,0.008,,,,,,0,0,0.5,https://pubs.rsc.org/en/content/articlelanding/2023/SC/D3SC02044D,Uses non-normalized EF
na,GenScore(ft_0.5),,0.999,1.058,,,,,,30.92,30.92,19.45,https://pubs.rsc.org/en/content/articlelanding/2023/SC/D3SC02044D,Uses non-normalized EF
p38-alpha,GenScore(ft_0.5),,0.776,0.807,,,,,,30.58,30.58,10.36,https://pubs.rsc.org/en/content/articlelanding/2023/SC/D3SC02044D,Uses non-normalized EF
parp-1,GenScore(ft_0.5),,0.964,1.019,,,,,,30.15,30.15,17.3,https://pubs.rsc.org/en/content/articlelanding/2023/SC/D3SC02044D,Uses non-normalized EF
pde4b,GenScore(ft_0.5),,0.817,0.324,,,,,,8.99,12.1,6.6,https://pubs.rsc.org/en/content/articlelanding/2023/SC/D3SC02044D,Uses non-normalized EF
pde5,GenScore(ft_0.5),,0.745,0.53,,,,,,32.24,17.36,7.28,https://pubs.rsc.org/en/content/articlelanding/2023/SC/D3SC02044D,Uses non-normalized EF
pdk1,GenScore(ft_0.5),,0.975,0.994,,,,,,31.55,31.55,17.35,https://pubs.rsc.org/en/content/articlelanding/2023/SC/D3SC02044D,Uses non-normalized EF
pi3kg,GenScore(ft_0.5),,0.942,0.884,,,,,,30.74,28.18,14.35,https://pubs.rsc.org/en/content/articlelanding/2023/SC/D3SC02044D,Uses non-normalized EF
pim-1,GenScore(ft_0.5),,0.944,0.615,,,,,,17.63,18.98,12.64,https://pubs.rsc.org/en/content/articlelanding/2023/SC/D3SC02044D,Uses non-normalized EF
pim-2,GenScore(ft_0.5),,0.923,0.525,,,,,,13.23,11.87,12.15,https://pubs.rsc.org/en/content/articlelanding/2023/SC/D3SC02044D,Uses non-normalized EF
pnp,GenScore(ft_0.5),,0.73,0.79,,,,,,30.72,30.72,8.92,https://pubs.rsc.org/en/content/articlelanding/2023/SC/D3SC02044D,Uses non-normalized EF
ppara,GenScore(ft_0.5),,0.717,0.675,,,,,,28.97,24.15,8.13,https://pubs.rsc.org/en/content/articlelanding/2023/SC/D3SC02044D,Uses non-normalized EF
pparg,GenScore(ft_0.5),,0.713,0.139,,,,,,4.72,4.72,1.99,https://pubs.rsc.org/en/content/articlelanding/2023/SC/D3SC02044D,Uses non-normalized EF
pr,GenScore(ft_0.5),,0.743,0.223,,,,,,4.87,5.31,3.93,https://pubs.rsc.org/en/content/articlelanding/2023/SC/D3SC02044D,Uses non-normalized EF
prkcq,GenScore(ft_0.5),,0.883,0.669,,,,,,10.47,18.33,14.66,https://pubs.rsc.org/en/content/articlelanding/2023/SC/D3SC02044D,Uses non-normalized EF
pygl-in,GenScore(ft_0.5),,0.937,0.981,,,,,,30.8,30.8,15.9,https://pubs.rsc.org/en/content/articlelanding/2023/SC/D3SC02044D,Uses non-normalized EF
pygl-out,GenScore(ft_0.5),,0.83,0.575,,,,,,26.42,21.34,8.45,https://pubs.rsc.org/en/content/articlelanding/2023/SC/D3SC02044D,Uses non-normalized EF
qpct,GenScore(ft_0.5),,0.81,0.823,,,,,,26.57,28.62,14.5,https://pubs.rsc.org/en/content/articlelanding/2023/SC/D3SC02044D,Uses non-normalized EF
rock-1,GenScore(ft_0.5),,0.726,0.474,,,,,,13.23,14.25,8.1,https://pubs.rsc.org/en/content/articlelanding/2023/SC/D3SC02044D,Uses non-normalized EF
rxr,GenScore(ft_0.5),,0.973,1.05,,,,,,24.79,24.79,17.04,https://pubs.rsc.org/en/content/articlelanding/2023/SC/D3SC02044D,Uses non-normalized EF
sars-hcov,GenScore(ft_0.5),,0.55,0.054,,,,,,0,2.37,1.51,https://pubs.rsc.org/en/content/articlelanding/2023/SC/D3SC02044D,Uses non-normalized EF
sirt2,GenScore(ft_0.5),,0.533,0.071,,,,,,0,2.34,2.5,https://pubs.rsc.org/en/content/articlelanding/2023/SC/D3SC02044D,Uses non-normalized EF
src,GenScore(ft_0.5),,0.583,0.199,,,,,,8.89,7.18,4.08,https://pubs.rsc.org/en/content/articlelanding/2023/SC/D3SC02044D,Uses non-normalized EF
thrombin,GenScore(ft_0.5),,0.945,0.948,,,,,,31.74,31.74,16.13,https://pubs.rsc.org/en/content/articlelanding/2023/SC/D3SC02044D,Uses non-normalized EF
tie2,GenScore(ft_0.5),,0.605,0.57,,,,,,30.62,25.51,6.12,https://pubs.rsc.org/en/content/articlelanding/2023/SC/D3SC02044D,Uses non-normalized EF
tk,GenScore(ft_0.5),,0.709,0.283,,,,,,4.4,11.86,4.97,https://pubs.rsc.org/en/content/articlelanding/2023/SC/D3SC02044D,Uses non-normalized EF
tp,GenScore(ft_0.5),,0.672,0.607,,,,,,20.9,22.8,7.38,https://pubs.rsc.org/en/content/articlelanding/2023/SC/D3SC02044D,Uses non-normalized EF
tpa,GenScore(ft_0.5),,0.905,0.914,,,,,,30.58,30.58,13.99,https://pubs.rsc.org/en/content/articlelanding/2023/SC/D3SC02044D,Uses non-normalized EF
ts,GenScore(ft_0.5),,0.7,0.259,,,,,,4.34,4.67,5.47,https://pubs.rsc.org/en/content/articlelanding/2023/SC/D3SC02044D,Uses non-normalized EF
upa,GenScore(ft_0.5),,0.717,0.797,,,,,,29.88,27.39,9.96,https://pubs.rsc.org/en/content/articlelanding/2023/SC/D3SC02044D,Uses non-normalized EF
vegfr1,GenScore(ft_0.5),,0.661,0.452,,,,,,19.84,19.84,5.74,https://pubs.rsc.org/en/content/articlelanding/2023/SC/D3SC02044D,Uses non-normalized EF
vegfr2,GenScore(ft_0.5),,0.822,0.602,,,,,,27.45,24.64,7.88,https://pubs.rsc.org/en/content/articlelanding/2023/SC/D3SC02044D,Uses non-normalized EF
11betahsd1,GlideSP,,0.56,0.14,,,,,,4.887,2.444,2.982,https://pubs.acs.org/doi/10.1021/acs.jmedchem.2c00991,Uses non-normalized EF
17betahsd1,GlideSP,,0.555,0.197,,,,,,8.764,4.719,2.969,https://pubs.acs.org/doi/10.1021/acs.jmedchem.2c00991,Uses non-normalized EF
a2a,GlideSP,,0.776,0.453,,,,,,13.082,16.437,8.37,https://pubs.acs.org/doi/10.1021/acs.jmedchem.2c00991,Uses non-normalized EF
ace,GlideSP,,0.756,0.777,,,,,,26.486,23.769,13.456,https://pubs.acs.org/doi/10.1021/acs.jmedchem.2c00991,Uses non-normalized EF
ace2,GlideSP,,0.6,0.387,,,,,,8.85,9.531,9.992,https://pubs.acs.org/doi/10.1021/acs.jmedchem.2c00991,Uses non-normalized EF
ache,GlideSP,,0.628,0.129,,,,,,4.371,4.708,2.961,https://pubs.acs.org/doi/10.1021/acs.jmedchem.2c00991,Uses non-normalized EF
adam17,GlideSP,,0.848,0.301,,,,,,13.179,9.462,5.952,https://pubs.acs.org/doi/10.1021/acs.jmedchem.2c00991,Uses non-normalized EF
adrb2,GlideSP,,0.62,0.173,,,,,,4.737,4.737,4.488,https://pubs.acs.org/doi/10.1021/acs.jmedchem.2c00991,Uses non-normalized EF
akt1,GlideSP,,0.709,0.18,,,,,,5.038,5.038,5.124,https://pubs.acs.org/doi/10.1021/acs.jmedchem.2c00991,Uses non-normalized EF
alr2,GlideSP,,0.628,0.262,,,,,,17.543,9.446,3.961,https://pubs.acs.org/doi/10.1021/acs.jmedchem.2c00991,Uses non-normalized EF
ar,GlideSP,,0.621,0.664,,,,,,17.667,16.825,8.833,https://pubs.acs.org/doi/10.1021/acs.jmedchem.2c00991,Uses non-normalized EF
aurka,GlideSP,,0.929,0.526,,,,,,13.308,21.497,8.654,https://pubs.acs.org/doi/10.1021/acs.jmedchem.2c00991,Uses non-normalized EF
aurkb,GlideSP,,0.913,0.588,,,,,,21.661,18.662,8.451,https://pubs.acs.org/doi/10.1021/acs.jmedchem.2c00991,Uses non-normalized EF
bcl2,GlideSP,,0.563,0.033,,,,,,0,0,1.992,https://pubs.acs.org/doi/10.1021/acs.jmedchem.2c00991,Uses non-normalized EF
braf,GlideSP,,0.764,0.084,,,,,,4.418,2.379,2.028,https://pubs.acs.org/doi/10.1021/acs.jmedchem.2c00991,Uses non-normalized EF
catl,GlideSP,,0.643,0.078,,,,,,0,2.369,1.987,https://pubs.acs.org/doi/10.1021/acs.jmedchem.2c00991,Uses non-normalized EF
cdk2,GlideSP,,0.867,0.253,,,,,,10.248,5.124,6.149,https://pubs.acs.org/doi/10.1021/acs.jmedchem.2c00991,Uses non-normalized EF
cox1,GlideSP,,0.649,0.409,,,,,,19.179,14.385,5.552,https://pubs.acs.org/doi/10.1021/acs.jmedchem.2c00991,Uses non-normalized EF
cox2,GlideSP,,0.901,0.52,,,,,,18.465,12.823,7.515,https://pubs.acs.org/doi/10.1021/acs.jmedchem.2c00991,Uses non-normalized EF
ctsk,GlideSP,,0.531,0.209,,,,,,4.393,7.096,4.96,https://pubs.acs.org/doi/10.1021/acs.jmedchem.2c00991,Uses non-normalized EF
cyp2a6,GlideSP,,0.436,0.347,,,,,,9.878,8.231,7.134,https://pubs.acs.org/doi/10.1021/acs.jmedchem.2c00991,Uses non-normalized EF
dhfr,GlideSP,,0.768,0.094,,,,,,4.346,2.34,2.494,https://pubs.acs.org/doi/10.1021/acs.jmedchem.2c00991,Uses non-normalized EF
egfr,GlideSP,,0.855,0.271,,,,,,13.231,7.124,6.073,https://pubs.acs.org/doi/10.1021/acs.jmedchem.2c00991,Uses non-normalized EF
ephb4,GlideSP,,0.918,0.029,,,,,,0,0,1.022,https://pubs.acs.org/doi/10.1021/acs.jmedchem.2c00991,Uses non-normalized EF
erbb2,GlideSP,,0.99,0.96,,,,,,29.425,29.425,15.461,https://pubs.acs.org/doi/10.1021/acs.jmedchem.2c00991,Uses non-normalized EF
er-beta,GlideSP,,0.878,0.914,,,,,,28.448,25.287,14.901,https://pubs.acs.org/doi/10.1021/acs.jmedchem.2c00991,Uses non-normalized EF
fgfr1,GlideSP,,0.884,0.582,,,,,,20.222,20.222,8.089,https://pubs.acs.org/doi/10.1021/acs.jmedchem.2c00991,Uses non-normalized EF
fkbp1a,GlideSP,,0.501,0.635,,,,,,27.722,24.879,8.346,https://pubs.acs.org/doi/10.1021/acs.jmedchem.2c00991,Uses non-normalized EF
fxa,GlideSP,,0.887,0.675,,,,,,25.449,27.994,8.144,https://pubs.acs.org/doi/10.1021/acs.jmedchem.2c00991,Uses non-normalized EF
gba,GlideSP,,0.422,0.181,,,,,,8.821,7.125,2.988,https://pubs.acs.org/doi/10.1021/acs.jmedchem.2c00991,Uses non-normalized EF
gr,GlideSP,,0.559,0.076,,,,,,4.361,2.348,1.969,https://pubs.acs.org/doi/10.1021/acs.jmedchem.2c00991,Uses non-normalized EF
gsk3b,GlideSP,,0.904,0.623,,,,,,26.418,21.337,8.084,https://pubs.acs.org/doi/10.1021/acs.jmedchem.2c00991,Uses non-normalized EF
hdac2,GlideSP,,0.652,0.531,,,,,,30.15,20.873,5.931,https://pubs.acs.org/doi/10.1021/acs.jmedchem.2c00991,Uses non-normalized EF
hdac8,GlideSP,,0.23,0.007,,,,,,0,0,0.498,https://pubs.acs.org/doi/10.1021/acs.jmedchem.2c00991,Uses non-normalized EF
hiv1pr,GlideSP,,0.785,0.486,,,,,,29.535,18.554,6.778,https://pubs.acs.org/doi/10.1021/acs.jmedchem.2c00991,Uses non-normalized EF
hiv1rt,GlideSP,,0.661,0.216,,,,,,9.39,5.056,4.31,https://pubs.acs.org/doi/10.1021/acs.jmedchem.2c00991,Uses non-normalized EF
hmgr,GlideSP,,0.947,0.957,,,,,,30.9,30.9,14.952,https://pubs.acs.org/doi/10.1021/acs.jmedchem.2c00991,Uses non-normalized EF
hsp90,GlideSP,,0.769,0.137,,,,,,4.332,4.665,1.491,https://pubs.acs.org/doi/10.1021/acs.jmedchem.2c00991,Uses non-normalized EF
igf1r,GlideSP,,0.517,0.26,,,,,,15.158,7.579,3.136,https://pubs.acs.org/doi/10.1021/acs.jmedchem.2c00991,Uses non-normalized EF
inha,GlideSP,,0.704,0.502,,,,,,17.514,16.504,7.415,https://pubs.acs.org/doi/10.1021/acs.jmedchem.2c00991,Uses non-normalized EF
itk,GlideSP,,0.657,0.043,,,,,,0,0,1.495,https://pubs.acs.org/doi/10.1021/acs.jmedchem.2c00991,Uses non-normalized EF
jak3,GlideSP,,0.901,0.458,,,,,,20.462,15.346,7.673,https://pubs.acs.org/doi/10.1021/acs.jmedchem.2c00991,Uses non-normalized EF
jnk1,GlideSP,,0.768,0.336,,,,,,10.456,10.456,6.274,https://pubs.acs.org/doi/10.1021/acs.jmedchem.2c00991,Uses non-normalized EF
jnk2,GlideSP,,0.481,0.341,,,,,,19.778,9.889,3.58,https://pubs.acs.org/doi/10.1021/acs.jmedchem.2c00991,Uses non-normalized EF
jnk3,GlideSP,,0.825,0.28,,,,,,13.297,9.546,4.069,https://pubs.acs.org/doi/10.1021/acs.jmedchem.2c00991,Uses non-normalized EF
kif11,GlideSP,,0.616,0.478,,,,,,13.05,9.369,9.984,https://pubs.acs.org/doi/10.1021/acs.jmedchem.2c00991,Uses non-normalized EF
lck,GlideSP,,0.841,0.297,,,,,,10.256,10.256,5.128,https://pubs.acs.org/doi/10.1021/acs.jmedchem.2c00991,Uses non-normalized EF
mdm2,GlideSP,,0.75,0.314,,,,,,16.611,11.074,5.537,https://pubs.acs.org/doi/10.1021/acs.jmedchem.2c00991,Uses non-normalized EF
mk2,GlideSP,,0.824,0.286,,,,,,15.784,7.892,6.421,https://pubs.acs.org/doi/10.1021/acs.jmedchem.2c00991,Uses non-normalized EF
mmp2,GlideSP,,0.589,0.015,,,,,,0,0,0.495,https://pubs.acs.org/doi/10.1021/acs.jmedchem.2c00991,Uses non-normalized EF
na,GlideSP,,0.975,0.747,,,,,,26.507,26.167,11.971,https://pubs.acs.org/doi/10.1021/acs.jmedchem.2c00991,Uses non-normalized EF
p38-alpha,GlideSP,,0.698,0.496,,,,,,21.839,14.112,7.397,https://pubs.acs.org/doi/10.1021/acs.jmedchem.2c00991,Uses non-normalized EF
parp-1,GlideSP,,0.971,0.76,,,,,,25.864,27.854,10.883,https://pubs.acs.org/doi/10.1021/acs.jmedchem.2c00991,Uses non-normalized EF
pde4b,GlideSP,,0.841,0.289,,,,,,13.484,9.68,4.06,https://pubs.acs.org/doi/10.1021/acs.jmedchem.2c00991,Uses non-normalized EF
pde5,GlideSP,,0.683,0.155,,,,,,9.211,7.439,2.08,https://pubs.acs.org/doi/10.1021/acs.jmedchem.2c00991,Uses non-normalized EF
pdk1,GlideSP,,0.973,0.733,,,,,,31.553,26.294,13.673,https://pubs.acs.org/doi/10.1021/acs.jmedchem.2c00991,Uses non-normalized EF
pi3kg,GlideSP,,0.932,0.344,,,,,,15.372,7.686,8.711,https://pubs.acs.org/doi/10.1021/acs.jmedchem.2c00991,Uses non-normalized EF
pim-1,GlideSP,,0.866,0.493,,,,,,22.033,16.609,8.091,https://pubs.acs.org/doi/10.1021/acs.jmedchem.2c00991,Uses non-normalized EF
pim-2,GlideSP,,0.876,0.254,,,,,,8.821,7.124,7.591,https://pubs.acs.org/doi/10.1021/acs.jmedchem.2c00991,Uses non-normalized EF
pnp,GlideSP,,0.747,0.473,,,,,,21.946,16.544,6.442,https://pubs.acs.org/doi/10.1021/acs.jmedchem.2c00991,Uses non-normalized EF
ppara,GlideSP,,0.673,0.11,,,,,,0,4.829,2.542,https://pubs.acs.org/doi/10.1021/acs.jmedchem.2c00991,Uses non-normalized EF
pparg,GlideSP,,0.686,0.159,,,,,,4.721,2.36,3.479,https://pubs.acs.org/doi/10.1021/acs.jmedchem.2c00991,Uses non-normalized EF
pr,GlideSP,,0.61,0.196,,,,,,9.743,7.971,4.497,https://pubs.acs.org/doi/10.1021/acs.jmedchem.2c00991,Uses non-normalized EF
prkcq,GlideSP,,0.877,0.492,,,,,,20.947,15.711,8.903,https://pubs.acs.org/doi/10.1021/acs.jmedchem.2c00991,Uses non-normalized EF
pygl-in,GlideSP,,0.92,0.864,,,,,,30.8,30.8,11.426,https://pubs.acs.org/doi/10.1021/acs.jmedchem.2c00991,Uses non-normalized EF
pygl-out,GlideSP,,0.755,0.848,,,,,,30.825,30.825,10.441,https://pubs.acs.org/doi/10.1021/acs.jmedchem.2c00991,Uses non-normalized EF
qpct,GlideSP,,0.767,0,,,,,,0,0,0,https://pubs.acs.org/doi/10.1021/acs.jmedchem.2c00991,Uses non-normalized EF
rock-1,GlideSP,,0.795,0.245,,,,,,8.821,7.124,4.555,https://pubs.acs.org/doi/10.1021/acs.jmedchem.2c00991,Uses non-normalized EF
rxr,GlideSP,,0.979,0.992,,,,,,24.789,24.789,14.461,https://pubs.acs.org/doi/10.1021/acs.jmedchem.2c00991,Uses non-normalized EF
sars-hcov,GlideSP,,0.552,0.14,,,,,,4.399,4.738,2.524,https://pubs.acs.org/doi/10.1021/acs.jmedchem.2c00991,Uses non-normalized EF
sirt2,GlideSP,,0.546,0.053,,,,,,4.354,2.344,0.5,https://pubs.acs.org/doi/10.1021/acs.jmedchem.2c00991,Uses non-normalized EF
src,GlideSP,,0.718,0.17,,,,,,4.443,7.178,3.569,https://pubs.acs.org/doi/10.1021/acs.jmedchem.2c00991,Uses non-normalized EF
thrombin,GlideSP,,0.92,0.707,,,,,,27.203,21.972,11.446,https://pubs.acs.org/doi/10.1021/acs.jmedchem.2c00991,Uses non-normalized EF
tie2,GlideSP,,0.626,0.294,,,,,,20.41,10.205,3.062,https://pubs.acs.org/doi/10.1021/acs.jmedchem.2c00991,Uses non-normalized EF
tk,GlideSP,,0.794,0.815,,,,,,30.825,30.825,10.938,https://pubs.acs.org/doi/10.1021/acs.jmedchem.2c00991,Uses non-normalized EF
tp,GlideSP,,0.698,0.33,,,,,,5.224,11.398,5.531,https://pubs.acs.org/doi/10.1021/acs.jmedchem.2c00991,Uses non-normalized EF
tpa,GlideSP,,0.918,0.671,,,,,,20.386,22.934,10.366,https://pubs.acs.org/doi/10.1021/acs.jmedchem.2c00991,Uses non-normalized EF
ts,GlideSP,,0.633,0.313,,,,,,8.671,9.338,5.97,https://pubs.acs.org/doi/10.1021/acs.jmedchem.2c00991,Uses non-normalized EF
upa,GlideSP,,0.744,0.713,,,,,,24.896,27.385,8.963,https://pubs.acs.org/doi/10.1021/acs.jmedchem.2c00991,Uses non-normalized EF
vegfr1,GlideSP,,0.616,0.495,,,,,,24.803,17.362,6.266,https://pubs.acs.org/doi/10.1021/acs.jmedchem.2c00991,Uses non-normalized EF
vegfr2,GlideSP,,0.864,0.175,,,,,,9.15,4.927,3.675,https://pubs.acs.org/doi/10.1021/acs.jmedchem.2c00991,Uses non-normalized EF
11betahsd1,GlideSP/GlideSP,,0.677774774,0.105088532,,,,,15.09,5.02991453,2.514957265,2.046066927,https://academic.oup.com/bib/article/22/3/bbaa070/5850047?login=false#248044607,Uses non-normalized EF
17betahsd1,GlideSP/GlideSP,,0.703896377,0.265960519,,,,,15.338,8.764285714,9.438461538,4.452822581,https://academic.oup.com/bib/article/22/3/bbaa070/5850047?login=false#248044607,Uses non-normalized EF
a2a,GlideSP/GlideSP,,0.768223906,0.447364932,,,,,15.35,8.771428571,14.16923077,8.912903226,https://academic.oup.com/bib/article/22/3/bbaa070/5850047?login=false#248044607,Uses non-normalized EF
ace,GlideSP/GlideSP,,0.881506276,0.702372875,,,,,30.875,26.46428571,21.375,11.9516129,https://academic.oup.com/bib/article/22/3/bbaa070/5850047?login=false#248044607,Uses non-normalized EF
ace2,GlideSP/GlideSP,,0.837864887,0.36514137,,,,,15.488,13.275,7.148076923,8.992741935,https://academic.oup.com/bib/article/22/3/bbaa070/5850047?login=false#248044607,Uses non-normalized EF
ache,GlideSP/GlideSP,,0.714331075,0.119470668,,,,,15.263,4.360714286,2.348076923,2.954032258,https://academic.oup.com/bib/article/22/3/bbaa070/5850047?login=false#248044607,Uses non-normalized EF
adam17,GlideSP/GlideSP,,0.76512605,0.285478276,,,,,30.75,13.17857143,7.096153846,4.463709677,https://academic.oup.com/bib/article/22/3/bbaa070/5850047?login=false#248044607,Uses non-normalized EF
adrb2,GlideSP/GlideSP,,0.842911791,0.264045586,,,,,0,0,4.795833333,7.441810345,https://academic.oup.com/bib/article/22/3/bbaa070/5850047?login=false#248044607,Uses non-normalized EF
akt1,GlideSP/GlideSP,,0.733135922,0.186841127,,,,,0,5.051282051,7.576923077,3.535897436,https://academic.oup.com/bib/article/22/3/bbaa070/5850047?login=false#248044607,Uses non-normalized EF
alr2,GlideSP/GlideSP,,0.67413575,0.205583341,,,,,0,13.13571429,7.073076923,4.449193548,https://academic.oup.com/bib/article/22/3/bbaa070/5850047?login=false#248044607,Uses non-normalized EF
ar,GlideSP/GlideSP,,0.839522233,0.671336049,,,,,0,16.92857143,16.12244898,9.169642857,https://academic.oup.com/bib/article/22/3/bbaa070/5850047?login=false#248044607,Uses non-normalized EF
aurka,GlideSP/GlideSP,,0.81092207,0.420779201,,,,,15.513,17.72893773,14.31952663,8.137873056,https://academic.oup.com/bib/article/22/3/bbaa070/5850047?login=false#248044607,Uses non-normalized EF
aurkb,GlideSP/GlideSP,,0.773595745,0.457637282,,,,,15.188,17.35714286,16.35576923,7.469262295,https://academic.oup.com/bib/article/22/3/bbaa070/5850047?login=false#248044607,Uses non-normalized EF
bcl2,GlideSP/GlideSP,,0.758241758,0.248560795,,,,,0,8.735714286,9.407692308,4.931451613,https://academic.oup.com/bib/article/22/3/bbaa070/5850047?login=false#248044607,Uses non-normalized EF
braf,GlideSP/GlideSP,,0.712820513,0.104888497,,,,,0,4.428571429,4.769230769,2.540983607,https://academic.oup.com/bib/article/22/3/bbaa070/5850047?login=false#248044607,Uses non-normalized EF
catl,GlideSP/GlideSP,,0.689438391,0.159991403,,,,,15.413,4.403571429,4.742307692,2.485887097,https://academic.oup.com/bib/article/22/3/bbaa070/5850047?login=false#248044607,Uses non-normalized EF
cdk2,GlideSP/GlideSP,,0.851903114,0.218230781,,,,,0,0,7.475,5.98,https://academic.oup.com/bib/article/22/3/bbaa070/5850047?login=false#248044607,Uses non-normalized EF
cox1,GlideSP/GlideSP,,0.747906734,0.426837824,,,,,28.718,23.93162393,11.96581197,6.153846154,https://academic.oup.com/bib/article/22/3/bbaa070/5850047?login=false#248044607,Uses non-normalized EF
cox2,GlideSP/GlideSP,,0.938016256,0.839919235,,,,,23.108,18.48648649,20.54054054,11.82275299,https://academic.oup.com/bib/article/22/3/bbaa070/5850047?login=false#248044607,Uses non-normalized EF
ctsk,GlideSP/GlideSP,,0.742782427,0.121411503,,,,,0,4.410714286,2.375,3.485887097,https://academic.oup.com/bib/article/22/3/bbaa070/5850047?login=false#248044607,Uses non-normalized EF
cyp2a6,GlideSP/GlideSP,,0.763357796,0.263934444,,,,,0,0,2.774691358,6.659259259,https://academic.oup.com/bib/article/22/3/bbaa070/5850047?login=false#248044607,Uses non-normalized EF
dhfr,GlideSP/GlideSP,,0.686106419,0.118759456,,,,,15.3,4.371428571,4.707692308,2.467741935,https://academic.oup.com/bib/article/22/3/bbaa070/5850047?login=false#248044607,Uses non-normalized EF
egfr,GlideSP/GlideSP,,0.794146105,0.206947876,,,,,15.449,8.827838828,4.753451677,5.571668768,https://academic.oup.com/bib/article/22/3/bbaa070/5850047?login=false#248044607,Uses non-normalized EF
ephb4,GlideSP/GlideSP,,0.628236797,0.014973829,,,,,0,0,0,1.492622951,https://academic.oup.com/bib/article/22/3/bbaa070/5850047?login=false#248044607,Uses non-normalized EF
erbb2,GlideSP/GlideSP,,0.96048951,0.888295253,,,,,29.6,24.66666667,27.13333333,14.30666667,https://academic.oup.com/bib/article/22/3/bbaa070/5850047?login=false#248044607,Uses non-normalized EF
er-beta,GlideSP/GlideSP,,0.951767241,0.936026899,,,,,28.586,28.5862069,28.5862069,15.6543514,https://academic.oup.com/bib/article/22/3/bbaa070/5850047?login=false#248044607,Uses non-normalized EF
fgfr1,GlideSP/GlideSP,,0.757791923,0.504254301,,,,,14.738,14.7375,14.7375,8.49279661,https://academic.oup.com/bib/article/22/3/bbaa070/5850047?login=false#248044607,Uses non-normalized EF
fkbp1a,GlideSP/GlideSP,,0.619843826,0.589265418,,,,,32.395,32.39473684,22.42712551,6.269949066,https://academic.oup.com/bib/article/22/3/bbaa070/5850047?login=false#248044607,Uses non-normalized EF
fxa,GlideSP/GlideSP,,0.873883482,0.67760911,,,,,30.59,25.49145299,22.94230769,9.686752137,https://academic.oup.com/bib/article/22/3/bbaa070/5850047?login=false#248044607,Uses non-normalized EF
gba,GlideSP/GlideSP,,0.452468619,0.252090824,,,,,15.438,13.23214286,9.5,2.987903226,https://academic.oup.com/bib/article/22/3/bbaa070/5850047?login=false#248044607,Uses non-normalized EF
gr,GlideSP/GlideSP,,0.546597633,0.0898976,,,,,15.288,4.367857143,2.351923077,1.479435484,https://academic.oup.com/bib/article/22/3/bbaa070/5850047?login=false#248044607,Uses non-normalized EF
gsk3b,GlideSP/GlideSP,,0.815523156,0.547393926,,,,,30.15,21.53571429,20.87307692,7.413934426,https://academic.oup.com/bib/article/22/3/bbaa070/5850047?login=false#248044607,Uses non-normalized EF
hdac2,GlideSP/GlideSP,,0.733049404,0.560209849,,,,,30.35,30.35,23.34615385,6.468032787,https://academic.oup.com/bib/article/22/3/bbaa070/5850047?login=false#248044607,Uses non-normalized EF
hdac8,GlideSP/GlideSP,,0.654271357,0.055151786,,,,,0,4.407142857,2.373076923,0.99516129,https://academic.oup.com/bib/article/22/3/bbaa070/5850047?login=false#248044607,Uses non-normalized EF
hiv1pr,GlideSP/GlideSP,,0.800151296,0.731069115,,,,,32.865,28.16988417,25.28066528,9.697828977,https://academic.oup.com/bib/article/22/3/bbaa070/5850047?login=false#248044607,Uses non-normalized EF
hiv1rt,GlideSP/GlideSP,,0.678920584,0.291208952,,,,,32.026,18.30075188,9.854251012,3.675150992,https://academic.oup.com/bib/article/22/3/bbaa070/5850047?login=false#248044607,Uses non-normalized EF
hmgr,GlideSP/GlideSP,,0.939515455,0.844122592,,,,,30.925,26.50714286,28.54615385,13.96612903,https://academic.oup.com/bib/article/22/3/bbaa070/5850047?login=false#248044607,Uses non-normalized EF
hsp90,GlideSP/GlideSP,,0.603279387,0.062292203,,,,,0,4.335714286,2.334615385,0.995081967,https://academic.oup.com/bib/article/22/3/bbaa070/5850047?login=false#248044607,Uses non-normalized EF
igf1r,GlideSP/GlideSP,,0.749617554,0.218391191,,,,,0,9.931623932,4.965811966,3.029986962,https://academic.oup.com/bib/article/22/3/bbaa070/5850047?login=false#248044607,Uses non-normalized EF
inha,GlideSP/GlideSP,,0.555970464,0.564322747,,,,,30.625,26.25,18.84615385,7.903225806,https://academic.oup.com/bib/article/22/3/bbaa070/5850047?login=false#248044607,Uses non-normalized EF
itk,GlideSP/GlideSP,,0.688051783,0.030185842,,,,,0,0,0,0.998360656,https://academic.oup.com/bib/article/22/3/bbaa070/5850047?login=false#248044607,Uses non-normalized EF
jak3,GlideSP/GlideSP,,0.817480553,0.390166485,,,,,0,4.9875,14.9625,7.98,https://academic.oup.com/bib/article/22/3/bbaa070/5850047?login=false#248044607,Uses non-normalized EF
jnk1,GlideSP/GlideSP,,0.695790382,0.297234013,,,,,15.75,5.25,7.875,6.3,https://academic.oup.com/bib/article/22/3/bbaa070/5850047?login=false#248044607,Uses non-normalized EF
jnk2,GlideSP/GlideSP,,0.556423847,0.386544615,,,,,30.026,25.02136752,12.51068376,3.562364189,https://academic.oup.com/bib/article/22/3/bbaa070/5850047?login=false#248044607,Uses non-normalized EF
jnk3,GlideSP/GlideSP,,0.715472277,0.133754279,,,,,15.5,4.428571429,2.384615385,3.557377049,https://academic.oup.com/bib/article/22/3/bbaa070/5850047?login=false#248044607,Uses non-normalized EF
kif11,GlideSP/GlideSP,,0.906586826,0.557730276,,,,,15.113,21.58928571,16.275,9.414344262,https://academic.oup.com/bib/article/22/3/bbaa070/5850047?login=false#248044607,Uses non-normalized EF
lck,GlideSP/GlideSP,,0.767890893,0.226838752,,,,,15.05,4.3,6.946153846,4.440983607,https://academic.oup.com/bib/article/22/3/bbaa070/5850047?login=false#248044607,Uses non-normalized EF
mdm2,GlideSP/GlideSP,,0.587003454,0.220847479,,,,,14.975,14.975,7.4875,2.995,https://academic.oup.com/bib/article/22/3/bbaa070/5850047?login=false#248044607,Uses non-normalized EF
mk2,GlideSP/GlideSP,,0.819683925,0.292332053,,,,,15.73,10.48648649,7.864864865,5.86532295,https://academic.oup.com/bib/article/22/3/bbaa070/5850047?login=false#248044607,Uses non-normalized EF
mmp2,GlideSP/GlideSP,,0.587878788,0.030398548,,,,,0,0,0,0.990322581,https://academic.oup.com/bib/article/22/3/bbaa070/5850047?login=false#248044607,Uses non-normalized EF
na,GlideSP/GlideSP,,0.928899083,0.808624395,,,,,30.975,26.55,26.20961538,12.98951613,https://academic.oup.com/bib/article/22/3/bbaa070/5850047?login=false#248044607,Uses non-normalized EF
p38-alpha,GlideSP/GlideSP,,0.740799492,0.417443876,,,,,30.55,13.09285714,9.4,7.391129032,https://academic.oup.com/bib/article/22/3/bbaa070/5850047?login=false#248044607,Uses non-normalized EF
parp-1,GlideSP/GlideSP,,0.890844768,0.760856077,,,,,15.075,25.84285714,27.83076923,11.36803279,https://academic.oup.com/bib/article/22/3/bbaa070/5850047?login=false#248044607,Uses non-normalized EF
pde4b,GlideSP/GlideSP,,0.624496644,0.108611031,,,,,15.4,4.4,2.369230769,2.980645161,https://academic.oup.com/bib/article/22/3/bbaa070/5850047?login=false#248044607,Uses non-normalized EF
pde5,GlideSP/GlideSP,,0.563552189,0.14061169,,,,,0,4.609022556,7.44534413,1.561120543,https://academic.oup.com/bib/article/22/3/bbaa070/5850047?login=false#248044607,Uses non-normalized EF
pdk1,GlideSP/GlideSP,,0.903974405,0.753930915,,,,,31.737,27.20300752,26.85425101,11.4460742,https://academic.oup.com/bib/article/22/3/bbaa070/5850047?login=false#248044607,Uses non-normalized EF
pi3kg,GlideSP/GlideSP,,0.816374346,0.311976616,,,,,15.513,13.2967033,9.546351085,7.62925599,https://academic.oup.com/bib/article/22/3/bbaa070/5850047?login=false#248044607,Uses non-normalized EF
pim-1,GlideSP/GlideSP,,0.884816082,0.436938451,,,,,30.225,12.95357143,13.95,6.441393443,https://academic.oup.com/bib/article/22/3/bbaa070/5850047?login=false#248044607,Uses non-normalized EF
pim-2,GlideSP/GlideSP,,0.824066153,0.294814641,,,,,0,8.84981685,7.147928994,5.585540143,https://academic.oup.com/bib/article/22/3/bbaa070/5850047?login=false#248044607,Uses non-normalized EF
pnp,GlideSP/GlideSP,,0.774182733,0.398932816,,,,,15.413,17.61428571,14.22692308,5.468951613,https://academic.oup.com/bib/article/22/3/bbaa070/5850047?login=false#248044607,Uses non-normalized EF
ppara,GlideSP/GlideSP,,0.705430622,0.054242434,,,,,0,0,2.495614035,2.101569714,https://academic.oup.com/bib/article/22/3/bbaa070/5850047?login=false#248044607,Uses non-normalized EF
pparg,GlideSP/GlideSP,,0.610840909,0.080766179,,,,,0,0,2.375,2.5,https://academic.oup.com/bib/article/22/3/bbaa070/5850047?login=false#248044607,Uses non-normalized EF
pr,GlideSP/GlideSP,,0.776430009,0.189566591,,,,,14.7,4.9,5.345454545,6.219230769,https://academic.oup.com/bib/article/22/3/bbaa070/5850047?login=false#248044607,Uses non-normalized EF
prkcq,GlideSP/GlideSP,,0.878249841,0.524802556,,,,,31.579,21.05263158,15.78947368,8.947368421,https://academic.oup.com/bib/article/22/3/bbaa070/5850047?login=false#248044607,Uses non-normalized EF
pygl-in,GlideSP/GlideSP,,0.766715604,0.791217885,,,,,30.8,30.8,30.8,11.42580645,https://academic.oup.com/bib/article/22/3/bbaa070/5850047?login=false#248044607,Uses non-normalized EF
pygl-out,GlideSP/GlideSP,,0.76701505,0.824458041,,,,,30.9,30.9,28.52307692,9.967741935,https://academic.oup.com/bib/article/22/3/bbaa070/5850047?login=false#248044607,Uses non-normalized EF
qpct,GlideSP/GlideSP,,0.455926544,1.19E-08,,,,,0,0,0,0,https://academic.oup.com/bib/article/22/3/bbaa070/5850047?login=false#248044607,Uses non-normalized EF
rock-1,GlideSP/GlideSP,,0.622407883,0.261002361,,,,,30.175,12.93214286,6.963461538,3.957377049,https://academic.oup.com/bib/article/22/3/bbaa070/5850047?login=false#248044607,Uses non-normalized EF
rxr,GlideSP/GlideSP,,0.961540716,0.935406917,,,,,25.919,25.91891892,23.32702703,15.11936937,https://academic.oup.com/bib/article/22/3/bbaa070/5850047?login=false#248044607,Uses non-normalized EF
sars-hcov,GlideSP/GlideSP,,0.586899486,0.071553414,,,,,0,4.402930403,2.370808679,3.031525851,https://academic.oup.com/bib/article/22/3/bbaa070/5850047?login=false#248044607,Uses non-normalized EF
sirt2,GlideSP/GlideSP,,0.51242591,0.067369951,,,,,0,4.360714286,2.348076923,0.984677419,https://academic.oup.com/bib/article/22/3/bbaa070/5850047?login=false#248044607,Uses non-normalized EF
src,GlideSP/GlideSP,,0.63247134,0.134493571,,,,,15.526,4.435897436,2.388560158,2.545187053,https://academic.oup.com/bib/article/22/3/bbaa070/5850047?login=false#248044607,Uses non-normalized EF
thrombin,GlideSP/GlideSP,,0.89087809,0.677208275,,,,,31.868,22.76315789,22.06275304,12.01596204,https://academic.oup.com/bib/article/22/3/bbaa070/5850047?login=false#248044607,Uses non-normalized EF
tie2,GlideSP/GlideSP,,0.619995686,0.401695211,,,,,29.975,24.97916667,14.9875,3.497083333,https://academic.oup.com/bib/article/22/3/bbaa070/5850047?login=false#248044607,Uses non-normalized EF
tk,GlideSP/GlideSP,,0.747773844,0.834743125,,,,,31.641,31.64102564,31.64102564,12.75847808,https://academic.oup.com/bib/article/22/3/bbaa070/5850047?login=false#248044607,Uses non-normalized EF
tp,GlideSP/GlideSP,,0.642252508,0.290510263,,,,,16.419,10.94623656,11.94134897,5.151170145,https://academic.oup.com/bib/article/22/3/bbaa070/5850047?login=false#248044607,Uses non-normalized EF
tpa,GlideSP/GlideSP,,0.874794957,0.739018224,,,,,30.553,25.46052632,28.00657895,10.35682426,https://academic.oup.com/bib/article/22/3/bbaa070/5850047?login=false#248044607,Uses non-normalized EF
ts,GlideSP/GlideSP,,0.844745763,0.254635631,,,,,0,8.714285714,7.038461538,6.5,https://academic.oup.com/bib/article/22/3/bbaa070/5850047?login=false#248044607,Uses non-normalized EF
upa,GlideSP/GlideSP,,0.706877163,0.781719791,,,,,29.9,29.9,29.9,9.966666667,https://academic.oup.com/bib/article/22/3/bbaa070/5850047?login=false#248044607,Uses non-normalized EF
vegfr1,GlideSP/GlideSP,,0.73430622,0.425158477,,,,,14.974,9.98245614,14.97368421,6.83010157,https://academic.oup.com/bib/article/22/3/bbaa070/5850047?login=false#248044607,Uses non-normalized EF
vegfr2,GlideSP/GlideSP,,0.636053757,0.236807702,,,,,31.282,13.40659341,7.218934911,3.58974359,https://academic.oup.com/bib/article/22/3/bbaa070/5850047?login=false#248044607,Uses non-normalized EF
11betahsd1,GlideSP/GOLD,,0.625979167,0.03078532,,,,,0,0,0,1.5,https://academic.oup.com/bib/article/22/3/bbaa070/5850047?login=false#248044607,Uses non-normalized EF
17betahsd1,GlideSP/GOLD,,0.557710084,0.05844347,,,,,0,0,2.365384615,1.487903226,https://academic.oup.com/bib/article/22/3/bbaa070/5850047?login=false#248044607,Uses non-normalized EF
a2a,GlideSP/GOLD,,0.620206767,0.213456575,,,,,0,13.25357143,7.136538462,2.992741935,https://academic.oup.com/bib/article/22/3/bbaa070/5850047?login=false#248044607,Uses non-normalized EF
ace,GlideSP/GOLD,,0.635229167,0.326893215,,,,,15.5,8.857142857,7.153846154,6.5,https://academic.oup.com/bib/article/22/3/bbaa070/5850047?login=false#248044607,Uses non-normalized EF
ace2,GlideSP/GOLD,,0.716068376,0.132577678,,,,,15.885,4.538461538,2.443786982,3.586848635,https://academic.oup.com/bib/article/22/3/bbaa070/5850047?login=false#248044607,Uses non-normalized EF
ache,GlideSP/GOLD,,0.651736402,0.091067269,,,,,0,0,0,4.97983871,https://academic.oup.com/bib/article/22/3/bbaa070/5850047?login=false#248044607,Uses non-normalized EF
adam17,GlideSP/GOLD,,0.638104167,0.235761161,,,,,31,8.857142857,7.153846154,3,https://academic.oup.com/bib/article/22/3/bbaa070/5850047?login=false#248044607,Uses non-normalized EF
adrb2,GlideSP/GOLD,,0.681996658,0.216984214,,,,,0,8.835714286,7.136538462,3.990322581,https://academic.oup.com/bib/article/22/3/bbaa070/5850047?login=false#248044607,Uses non-normalized EF
akt1,GlideSP/GOLD,,0.62804929,0.140306908,,,,,0,0,2.378846154,3.491532258,https://academic.oup.com/bib/article/22/3/bbaa070/5850047?login=false#248044607,Uses non-normalized EF
alr2,GlideSP/GOLD,,0.469638378,0.068996038,,,,,0,4.414285714,2.376923077,1.993548387,https://academic.oup.com/bib/article/22/3/bbaa070/5850047?login=false#248044607,Uses non-normalized EF
ar,GlideSP/GOLD,,0.63320802,0.044313687,,,,,0,0,0,2.493951613,https://academic.oup.com/bib/article/22/3/bbaa070/5850047?login=false#248044607,Uses non-normalized EF
aurka,GlideSP/GOLD,,0.652229167,0.234064938,,,,,15.5,13.28571429,9.538461538,4,https://academic.oup.com/bib/article/22/3/bbaa070/5850047?login=false#248044607,Uses non-normalized EF
aurkb,GlideSP/GOLD,,0.571041667,0.276376639,,,,,15.5,8.857142857,9.538461538,4,https://academic.oup.com/bib/article/22/3/bbaa070/5850047?login=false#248044607,Uses non-normalized EF
bcl2,GlideSP/GOLD,,0.823894912,0.162616754,,,,,0,0,2.382692308,5.99516129,https://academic.oup.com/bib/article/22/3/bbaa070/5850047?login=false#248044607,Uses non-normalized EF
braf,GlideSP/GOLD,,0.546224832,0.057546852,,,,,0,4.4,2.369230769,0.496774194,https://academic.oup.com/bib/article/22/3/bbaa070/5850047?login=false#248044607,Uses non-normalized EF
catl,GlideSP/GOLD,,0.735291667,0.141693431,,,,,0,4.428571429,2.384615385,4,https://academic.oup.com/bib/article/22/3/bbaa070/5850047?login=false#248044607,Uses non-normalized EF
cdk2,GlideSP/GOLD,,0.631130108,0.108024672,,,,,0,0,4.765384615,1.498790323,https://academic.oup.com/bib/article/22/3/bbaa070/5850047?login=false#248044607,Uses non-normalized EF
cox1,GlideSP/GOLD,,0.680672269,0.296970585,,,,,0,4.392857143,7.096153846,5.951612903,https://academic.oup.com/bib/article/22/3/bbaa070/5850047?login=false#248044607,Uses non-normalized EF
cox2,GlideSP/GOLD,,0.88292887,0.549880001,,,,,0,13.23214286,16.625,11.45362903,https://academic.oup.com/bib/article/22/3/bbaa070/5850047?login=false#248044607,Uses non-normalized EF
ctsk,GlideSP/GOLD,,0.854583333,0.384680923,,,,,0,13.28571429,11.92307692,7,https://academic.oup.com/bib/article/22/3/bbaa070/5850047?login=false#248044607,Uses non-normalized EF
cyp2a6,GlideSP/GOLD,,0.614032326,0.000623286,,,,,0,0,0,0,https://academic.oup.com/bib/article/22/3/bbaa070/5850047?login=false#248044607,Uses non-normalized EF
dhfr,GlideSP/GOLD,,0.621104167,0.081101723,,,,,0,0,0,1.5,https://academic.oup.com/bib/article/22/3/bbaa070/5850047?login=false#248044607,Uses non-normalized EF
egfr,GlideSP/GOLD,,0.555852843,0.059030326,,,,,0,0,2.376923077,0.996774194,https://academic.oup.com/bib/article/22/3/bbaa070/5850047?login=false#248044607,Uses non-normalized EF
ephb4,GlideSP/GOLD,,0.812166667,0.319089516,,,,,15.5,13.28571429,9.538461538,7,https://academic.oup.com/bib/article/22/3/bbaa070/5850047?login=false#248044607,Uses non-normalized EF
erbb2,GlideSP/GOLD,,0.866145833,0.843371268,,,,,31,31,28.61538462,12,https://academic.oup.com/bib/article/22/3/bbaa070/5850047?login=false#248044607,Uses non-normalized EF
er-beta,GlideSP/GOLD,,0.622805184,0.101849666,,,,,0,4.414285714,4.753846154,2.491935484,https://academic.oup.com/bib/article/22/3/bbaa070/5850047?login=false#248044607,Uses non-normalized EF
fgfr1,GlideSP/GOLD,,0.704295246,0.110431948,,,,,0,0,4.765384615,3.497177419,https://academic.oup.com/bib/article/22/3/bbaa070/5850047?login=false#248044607,Uses non-normalized EF
fkbp1a,GlideSP/GOLD,,0.5988125,0.016883499,,,,,0,0,0,2,https://academic.oup.com/bib/article/22/3/bbaa070/5850047?login=false#248044607,Uses non-normalized EF
fxa,GlideSP/GOLD,,0.835458333,0.482010347,,,,,15.5,13.28571429,14.30769231,8.5,https://academic.oup.com/bib/article/22/3/bbaa070/5850047?login=false#248044607,Uses non-normalized EF
gba,GlideSP/GOLD,,0.548291667,0.133325028,,,,,15.5,8.857142857,4.769230769,2,https://academic.oup.com/bib/article/22/3/bbaa070/5850047?login=false#248044607,Uses non-normalized EF
gr,GlideSP/GOLD,,0.611947917,0.086139568,,,,,0,0,2.384615385,2.5,https://academic.oup.com/bib/article/22/3/bbaa070/5850047?login=false#248044607,Uses non-normalized EF
gsk3b,GlideSP/GOLD,,0.618458333,0.203487209,,,,,15.5,8.857142857,7.153846154,3.5,https://academic.oup.com/bib/article/22/3/bbaa070/5850047?login=false#248044607,Uses non-normalized EF
hdac2,GlideSP/GOLD,,0.820364583,0.323973434,,,,,15.5,13.28571429,9.538461538,6.5,https://academic.oup.com/bib/article/22/3/bbaa070/5850047?login=false#248044607,Uses non-normalized EF
hdac8,GlideSP/GOLD,,0.599458333,0.070642225,,,,,0,0,2.384615385,2,https://academic.oup.com/bib/article/22/3/bbaa070/5850047?login=false#248044607,Uses non-normalized EF
hiv1pr,GlideSP/GOLD,,0.79175,0.623122065,,,,,31,26.57142857,21.46153846,9.5,https://academic.oup.com/bib/article/22/3/bbaa070/5850047?login=false#248044607,Uses non-normalized EF
hiv1rt,GlideSP/GOLD,,0.51312709,0.014830292,,,,,0,0,0,0.498387097,https://academic.oup.com/bib/article/22/3/bbaa070/5850047?login=false#248044607,Uses non-normalized EF
hmgr,GlideSP/GOLD,,0.637614967,0.159595074,,,,,15.45,4.414285714,2.376923077,3.987096774,https://academic.oup.com/bib/article/22/3/bbaa070/5850047?login=false#248044607,Uses non-normalized EF
hsp90,GlideSP/GOLD,,0.524135417,0.065859309,,,,,0,0,2.384615385,1.5,https://academic.oup.com/bib/article/22/3/bbaa070/5850047?login=false#248044607,Uses non-normalized EF
igf1r,GlideSP/GOLD,,0.6543125,0.174026895,,,,,0,8.857142857,4.769230769,3,https://academic.oup.com/bib/article/22/3/bbaa070/5850047?login=false#248044607,Uses non-normalized EF
inha,GlideSP/GOLD,,0.5884375,0.273658707,,,,,15.5,13.28571429,9.538461538,3,https://academic.oup.com/bib/article/22/3/bbaa070/5850047?login=false#248044607,Uses non-normalized EF
itk,GlideSP/GOLD,,0.626770833,0.063668468,,,,,0,4.428571429,2.384615385,0.5,https://academic.oup.com/bib/article/22/3/bbaa070/5850047?login=false#248044607,Uses non-normalized EF
jak3,GlideSP/GOLD,,0.7750625,0.143169862,,,,,0,4.428571429,4.769230769,3.5,https://academic.oup.com/bib/article/22/3/bbaa070/5850047?login=false#248044607,Uses non-normalized EF
jnk1,GlideSP/GOLD,,0.659833333,0.039345203,,,,,0,0,0,3,https://academic.oup.com/bib/article/22/3/bbaa070/5850047?login=false#248044607,Uses non-normalized EF
jnk2,GlideSP/GOLD,,0.616242702,0.245595569,,,,,30.975,13.275,9.530769231,2.497983871,https://academic.oup.com/bib/article/22/3/bbaa070/5850047?login=false#248044607,Uses non-normalized EF
jnk3,GlideSP/GOLD,,0.708354167,0.228544057,,,,,0,8.857142857,9.538461538,4.5,https://academic.oup.com/bib/article/22/3/bbaa070/5850047?login=false#248044607,Uses non-normalized EF
kif11,GlideSP/GOLD,,0.850271059,0.333182913,,,,,15.488,13.275,14.29615385,5.495564516,https://academic.oup.com/bib/article/22/3/bbaa070/5850047?login=false#248044607,Uses non-normalized EF
lck,GlideSP/GOLD,,0.619751669,0.206923352,,,,,15.475,8.842857143,7.142307692,2.99516129,https://academic.oup.com/bib/article/22/3/bbaa070/5850047?login=false#248044607,Uses non-normalized EF
mdm2,GlideSP/GOLD,,0.481208333,0.262075797,,,,,15.5,13.28571429,11.92307692,2.5,https://academic.oup.com/bib/article/22/3/bbaa070/5850047?login=false#248044607,Uses non-normalized EF
mk2,GlideSP/GOLD,,0.726889525,0.268565076,,,,,33.405,9.544401544,7.708939709,4.310374891,https://academic.oup.com/bib/article/22/3/bbaa070/5850047?login=false#248044607,Uses non-normalized EF
mmp2,GlideSP/GOLD,,0.567631146,0.138929505,,,,,15.872,4.534798535,2.441814596,2.559966915,https://academic.oup.com/bib/article/22/3/bbaa070/5850047?login=false#248044607,Uses non-normalized EF
na,GlideSP/GOLD,,0.494104167,0.060864208,,,,,0,0,2.384615385,1.5,https://academic.oup.com/bib/article/22/3/bbaa070/5850047?login=false#248044607,Uses non-normalized EF
p38-alpha,GlideSP/GOLD,,0.607999165,0.072577978,,,,,0,4.417857143,2.378846154,0.997580645,https://academic.oup.com/bib/article/22/3/bbaa070/5850047?login=false#248044607,Uses non-normalized EF
parp-1,GlideSP/GOLD,,0.753382353,0.16449704,,,,,0,4.392857143,2.365384615,4.959677419,https://academic.oup.com/bib/article/22/3/bbaa070/5850047?login=false#248044607,Uses non-normalized EF
pde4b,GlideSP/GOLD,,0.609223706,0.004268522,,,,,0,0,0,0.499193548,https://academic.oup.com/bib/article/22/3/bbaa070/5850047?login=false#248044607,Uses non-normalized EF
pde5,GlideSP/GOLD,,0.756052632,0.269026201,,,,,16.289,9.308270677,7.518218623,4.729202037,https://academic.oup.com/bib/article/22/3/bbaa070/5850047?login=false#248044607,Uses non-normalized EF
pdk1,GlideSP/GOLD,,0.613043478,0.181670137,,,,,15.45,8.828571429,7.130769231,1.993548387,https://academic.oup.com/bib/article/22/3/bbaa070/5850047?login=false#248044607,Uses non-normalized EF
pi3kg,GlideSP/GOLD,,0.750689223,0.14825555,,,,,15.463,4.417857143,4.757692308,1.99516129,https://academic.oup.com/bib/article/22/3/bbaa070/5850047?login=false#248044607,Uses non-normalized EF
pim-1,GlideSP/GOLD,,0.64229798,0.174204565,,,,,15.35,8.771428571,4.723076923,2.475806452,https://academic.oup.com/bib/article/22/3/bbaa070/5850047?login=false#248044607,Uses non-normalized EF
pim-2,GlideSP/GOLD,,0.651426174,0.165701427,,,,,0,4.4,7.107692308,3.974193548,https://academic.oup.com/bib/article/22/3/bbaa070/5850047?login=false#248044607,Uses non-normalized EF
pnp,GlideSP/GOLD,,0.600333333,0.020568131,,,,,0,0,0,0.5,https://academic.oup.com/bib/article/22/3/bbaa070/5850047?login=false#248044607,Uses non-normalized EF
ppara,GlideSP/GOLD,,0.678666667,0.193260037,,,,,0,4.428571429,7.153846154,4,https://academic.oup.com/bib/article/22/3/bbaa070/5850047?login=false#248044607,Uses non-normalized EF
pparg,GlideSP/GOLD,,0.69930465,0.334275197,,,,,0,8.93040293,14.4260355,6.148802018,https://academic.oup.com/bib/article/22/3/bbaa070/5850047?login=false#248044607,Uses non-normalized EF
pr,GlideSP/GOLD,,0.501600418,1.30E-05,,,,,0,0,0,0,https://academic.oup.com/bib/article/22/3/bbaa070/5850047?login=false#248044607,Uses non-normalized EF
prkcq,GlideSP/GOLD,,0.805525438,0.196364616,,,,,0,4.425,4.765384615,6.994354839,https://academic.oup.com/bib/article/22/3/bbaa070/5850047?login=false#248044607,Uses non-normalized EF
pygl-in,GlideSP/GOLD,,0.702645833,0.240630472,,,,,15.5,8.857142857,9.538461538,4,https://academic.oup.com/bib/article/22/3/bbaa070/5850047?login=false#248044607,Uses non-normalized EF
pygl-out,GlideSP/GOLD,,0.59125,0.012832033,,,,,0,0,0,1.5,https://academic.oup.com/bib/article/22/3/bbaa070/5850047?login=false#248044607,Uses non-normalized EF
qpct,GlideSP/GOLD,,0.657854167,0.014061976,,,,,0,0,0,1,https://academic.oup.com/bib/article/22/3/bbaa070/5850047?login=false#248044607,Uses non-normalized EF
rock-1,GlideSP/GOLD,,0.537645833,0.035334222,,,,,0,0,0,3,https://academic.oup.com/bib/article/22/3/bbaa070/5850047?login=false#248044607,Uses non-normalized EF
rxr,GlideSP/GOLD,,0.502801003,6.39E-06,,,,,0,0,0,0,https://academic.oup.com/bib/article/22/3/bbaa070/5850047?login=false#248044607,Uses non-normalized EF
sars-hcov,GlideSP/GOLD,,0.552969538,0.051550569,,,,,0,0,2.384615385,1.524590164,https://academic.oup.com/bib/article/22/3/bbaa070/5850047?login=false#248044607,Uses non-normalized EF
sirt2,GlideSP/GOLD,,0.571924686,0.093845744,,,,,0,0,4.75,2.489919355,https://academic.oup.com/bib/article/22/3/bbaa070/5850047?login=false#248044607,Uses non-normalized EF
src,GlideSP/GOLD,,0.547414512,0.184075781,,,,,15.488,13.275,7.148076923,1.498790323,https://academic.oup.com/bib/article/22/3/bbaa070/5850047?login=false#248044607,Uses non-normalized EF
thrombin,GlideSP/GOLD,,0.727447917,0.151277569,,,,,15.5,4.428571429,4.769230769,3,https://academic.oup.com/bib/article/22/3/bbaa070/5850047?login=false#248044607,Uses non-normalized EF
tie2,GlideSP/GOLD,,0.623291667,0.220334468,,,,,15.5,8.857142857,7.153846154,4,https://academic.oup.com/bib/article/22/3/bbaa070/5850047?login=false#248044607,Uses non-normalized EF
tk,GlideSP/GOLD,,0.502833558,0.002767125,,,,,0,0,0,0.511993383,https://academic.oup.com/bib/article/22/3/bbaa070/5850047?login=false#248044607,Uses non-normalized EF
tp,GlideSP/GOLD,,0.346932387,1.94E-06,,,,,0,0,0,0,https://academic.oup.com/bib/article/22/3/bbaa070/5850047?login=false#248044607,Uses non-normalized EF
tpa,GlideSP/GOLD,,0.706752264,0.053546336,,,,,0,0,0,1.191919192,https://academic.oup.com/bib/article/22/3/bbaa070/5850047?login=false#248044607,Uses non-normalized EF
ts,GlideSP/GOLD,,0.695104167,0.201434473,,,,,15.5,4.428571429,2.384615385,5.5,https://academic.oup.com/bib/article/22/3/bbaa070/5850047?login=false#248044607,Uses non-normalized EF
upa,GlideSP/GOLD,,0.714886459,0.582725585,,,,,30.725,21.94642857,21.27115385,8.92016129,https://academic.oup.com/bib/article/22/3/bbaa070/5850047?login=false#248044607,Uses non-normalized EF
vegfr1,GlideSP/GOLD,,0.664708333,0.149919112,,,,,15.5,4.428571429,4.769230769,2.5,https://academic.oup.com/bib/article/22/3/bbaa070/5850047?login=false#248044607,Uses non-normalized EF
vegfr2,GlideSP/GOLD,,0.577354167,0.029196939,,,,,0,0,0,1.5,https://academic.oup.com/bib/article/22/3/bbaa070/5850047?login=false#248044607,Uses non-normalized EF
11betahsd1,GlideSP/LeDock,,0.428770833,2.05E-05,,,,,0,0,0,0,https://academic.oup.com/bib/article/22/3/bbaa070/5850047?login=false#248044607,Uses non-normalized EF
17betahsd1,GlideSP/LeDock,,0.547895833,0.065689286,,,,,0,4.428571429,2.384615385,1,https://academic.oup.com/bib/article/22/3/bbaa070/5850047?login=false#248044607,Uses non-normalized EF
a2a,GlideSP/LeDock,,0.679979167,0.110485127,,,,,15.5,4.428571429,2.384615385,2.5,https://academic.oup.com/bib/article/22/3/bbaa070/5850047?login=false#248044607,Uses non-normalized EF
ace,GlideSP/LeDock,,0.287416667,0.003033854,,,,,0,0,0,0.5,https://academic.oup.com/bib/article/22/3/bbaa070/5850047?login=false#248044607,Uses non-normalized EF
ace2,GlideSP/LeDock,,0.14840625,1.58E-16,,,,,0,0,0,0,https://academic.oup.com/bib/article/22/3/bbaa070/5850047?login=false#248044607,Uses non-normalized EF
ache,GlideSP/LeDock,,0.58796875,0.174283936,,,,,15.5,8.857142857,4.769230769,4,https://academic.oup.com/bib/article/22/3/bbaa070/5850047?login=false#248044607,Uses non-normalized EF
adam17,GlideSP/LeDock,,0.38378125,0.033714583,,,,,0,0,2.384615385,0.5,https://academic.oup.com/bib/article/22/3/bbaa070/5850047?login=false#248044607,Uses non-normalized EF
adrb2,GlideSP/LeDock,,0.631145833,0.111809259,,,,,15.5,4.428571429,2.384615385,3,https://academic.oup.com/bib/article/22/3/bbaa070/5850047?login=false#248044607,Uses non-normalized EF
akt1,GlideSP/LeDock,,0.765125,0.30253484,,,,,0,13.28571429,11.92307692,5.5,https://academic.oup.com/bib/article/22/3/bbaa070/5850047?login=false#248044607,Uses non-normalized EF
alr2,GlideSP/LeDock,,0.49509375,0.000739604,,,,,0,0,0,0,https://academic.oup.com/bib/article/22/3/bbaa070/5850047?login=false#248044607,Uses non-normalized EF
ar,GlideSP/LeDock,,0.66,0.089890225,,,,,0,0,2.384615385,3.5,https://academic.oup.com/bib/article/22/3/bbaa070/5850047?login=false#248044607,Uses non-normalized EF
aurka,GlideSP/LeDock,,0.875729167,0.554747909,,,,,31,22.14285714,16.69230769,10,https://academic.oup.com/bib/article/22/3/bbaa070/5850047?login=false#248044607,Uses non-normalized EF
aurkb,GlideSP/LeDock,,0.827604167,0.569067887,,,,,31,22.14285714,19.07692308,9,https://academic.oup.com/bib/article/22/3/bbaa070/5850047?login=false#248044607,Uses non-normalized EF
bcl2,GlideSP/LeDock,,0.727739583,0.245602234,,,,,0,4.428571429,4.769230769,6,https://academic.oup.com/bib/article/22/3/bbaa070/5850047?login=false#248044607,Uses non-normalized EF
braf,GlideSP/LeDock,,0.720583333,0.078792583,,,,,0,4.428571429,2.384615385,2,https://academic.oup.com/bib/article/22/3/bbaa070/5850047?login=false#248044607,Uses non-normalized EF
catl,GlideSP/LeDock,,0.601520833,0.034182846,,,,,0,0,0,1,https://academic.oup.com/bib/article/22/3/bbaa070/5850047?login=false#248044607,Uses non-normalized EF
cdk2,GlideSP/LeDock,,0.763427083,0.273203779,,,,,0,8.857142857,9.538461538,6.5,https://academic.oup.com/bib/article/22/3/bbaa070/5850047?login=false#248044607,Uses non-normalized EF
cox1,GlideSP/LeDock,,0.6951875,0.142007182,,,,,0,4.428571429,4.769230769,2.5,https://academic.oup.com/bib/article/22/3/bbaa070/5850047?login=false#248044607,Uses non-normalized EF
cox2,GlideSP/LeDock,,0.882197917,0.585644926,,,,,15.5,22.14285714,19.07692308,11.5,https://academic.oup.com/bib/article/22/3/bbaa070/5850047?login=false#248044607,Uses non-normalized EF
ctsk,GlideSP/LeDock,,0.639010417,0.009877262,,,,,0,0,0,2,https://academic.oup.com/bib/article/22/3/bbaa070/5850047?login=false#248044607,Uses non-normalized EF
cyp2a6,GlideSP/LeDock,,0.295666667,0.037289799,,,,,0,0,2.384615385,1,https://academic.oup.com/bib/article/22/3/bbaa070/5850047?login=false#248044607,Uses non-normalized EF
dhfr,GlideSP/LeDock,,0.699614583,0.152262782,,,,,0,8.857142857,4.769230769,3,https://academic.oup.com/bib/article/22/3/bbaa070/5850047?login=false#248044607,Uses non-normalized EF
egfr,GlideSP/LeDock,,0.727364583,0.404043383,,,,,31,22.14285714,14.30769231,5.5,https://academic.oup.com/bib/article/22/3/bbaa070/5850047?login=false#248044607,Uses non-normalized EF
ephb4,GlideSP/LeDock,,0.885510417,0.439004317,,,,,0,13.28571429,14.30769231,10.5,https://academic.oup.com/bib/article/22/3/bbaa070/5850047?login=false#248044607,Uses non-normalized EF
erbb2,GlideSP/LeDock,,0.8565625,0.447301817,,,,,15.5,13.28571429,9.538461538,9,https://academic.oup.com/bib/article/22/3/bbaa070/5850047?login=false#248044607,Uses non-normalized EF
er-beta,GlideSP/LeDock,,0.630583333,0.098531951,,,,,0,0,0,3,https://academic.oup.com/bib/article/22/3/bbaa070/5850047?login=false#248044607,Uses non-normalized EF
fgfr1,GlideSP/LeDock,,0.7958125,0.359056772,,,,,15.5,13.28571429,14.30769231,5.5,https://academic.oup.com/bib/article/22/3/bbaa070/5850047?login=false#248044607,Uses non-normalized EF
fkbp1a,GlideSP/LeDock,,0.26203125,1.08E-12,,,,,0,0,0,0,https://academic.oup.com/bib/article/22/3/bbaa070/5850047?login=false#248044607,Uses non-normalized EF
fxa,GlideSP/LeDock,,0.863166667,0.351671644,,,,,0,13.28571429,14.30769231,8.5,https://academic.oup.com/bib/article/22/3/bbaa070/5850047?login=false#248044607,Uses non-normalized EF
gba,GlideSP/LeDock,,0.616291667,0.021755211,,,,,0,0,0,1.5,https://academic.oup.com/bib/article/22/3/bbaa070/5850047?login=false#248044607,Uses non-normalized EF
gr,GlideSP/LeDock,,0.541697917,0.000592794,,,,,0,0,0,0,https://academic.oup.com/bib/article/22/3/bbaa070/5850047?login=false#248044607,Uses non-normalized EF
gsk3b,GlideSP/LeDock,,0.758489583,0.295929819,,,,,0,8.857142857,9.538461538,5.5,https://academic.oup.com/bib/article/22/3/bbaa070/5850047?login=false#248044607,Uses non-normalized EF
hdac2,GlideSP/LeDock,,0.731114583,0.114542844,,,,,0,4.428571429,2.384615385,5,https://academic.oup.com/bib/article/22/3/bbaa070/5850047?login=false#248044607,Uses non-normalized EF
hdac8,GlideSP/LeDock,,0.546895833,0.000440508,,,,,0,0,0,0,https://academic.oup.com/bib/article/22/3/bbaa070/5850047?login=false#248044607,Uses non-normalized EF
hiv1pr,GlideSP/LeDock,,0.628802083,0.28430911,,,,,15.5,17.71428571,9.538461538,4.5,https://academic.oup.com/bib/article/22/3/bbaa070/5850047?login=false#248044607,Uses non-normalized EF
hiv1rt,GlideSP/LeDock,,0.6236875,0.02942744,,,,,0,0,0,1,https://academic.oup.com/bib/article/22/3/bbaa070/5850047?login=false#248044607,Uses non-normalized EF
hmgr,GlideSP/LeDock,,0.68240625,0.011904888,,,,,0,0,0,1.5,https://academic.oup.com/bib/article/22/3/bbaa070/5850047?login=false#248044607,Uses non-normalized EF
hsp90,GlideSP/LeDock,,0.683510417,0.288542479,,,,,0,8.857142857,9.538461538,4,https://academic.oup.com/bib/article/22/3/bbaa070/5850047?login=false#248044607,Uses non-normalized EF
igf1r,GlideSP/LeDock,,0.711302083,0.286854477,,,,,15.5,8.857142857,9.538461538,5,https://academic.oup.com/bib/article/22/3/bbaa070/5850047?login=false#248044607,Uses non-normalized EF
inha,GlideSP/LeDock,,0.419395833,0.08465043,,,,,0,4.428571429,4.769230769,1,https://academic.oup.com/bib/article/22/3/bbaa070/5850047?login=false#248044607,Uses non-normalized EF
itk,GlideSP/LeDock,,0.780052083,0.238804012,,,,,15.5,4.428571429,7.153846154,4,https://academic.oup.com/bib/article/22/3/bbaa070/5850047?login=false#248044607,Uses non-normalized EF
jak3,GlideSP/LeDock,,0.69709375,0.093526183,,,,,0,0,2.384615385,2.5,https://academic.oup.com/bib/article/22/3/bbaa070/5850047?login=false#248044607,Uses non-normalized EF
jnk1,GlideSP/LeDock,,0.703177083,0.14525591,,,,,15.5,4.428571429,4.769230769,3.5,https://academic.oup.com/bib/article/22/3/bbaa070/5850047?login=false#248044607,Uses non-normalized EF
jnk2,GlideSP/LeDock,,0.634927083,0.363628258,,,,,31,17.71428571,11.92307692,3.5,https://academic.oup.com/bib/article/22/3/bbaa070/5850047?login=false#248044607,Uses non-normalized EF
jnk3,GlideSP/LeDock,,0.7789375,0.475320872,,,,,15.5,17.71428571,19.07692308,6.5,https://academic.oup.com/bib/article/22/3/bbaa070/5850047?login=false#248044607,Uses non-normalized EF
kif11,GlideSP/LeDock,,0.64040625,0.004984238,,,,,0,0,0,1,https://academic.oup.com/bib/article/22/3/bbaa070/5850047?login=false#248044607,Uses non-normalized EF
lck,GlideSP/LeDock,,0.675,0.092205753,,,,,0,0,2.384615385,3.5,https://academic.oup.com/bib/article/22/3/bbaa070/5850047?login=false#248044607,Uses non-normalized EF
mdm2,GlideSP/LeDock,,0.60896875,0.072452673,,,,,0,0,0,3,https://academic.oup.com/bib/article/22/3/bbaa070/5850047?login=false#248044607,Uses non-normalized EF
mk2,GlideSP/LeDock,,0.807489583,0.375185764,,,,,15.5,17.71428571,11.92307692,5,https://academic.oup.com/bib/article/22/3/bbaa070/5850047?login=false#248044607,Uses non-normalized EF
mmp2,GlideSP/LeDock,,0.31871875,7.82E-06,,,,,0,0,0,0,https://academic.oup.com/bib/article/22/3/bbaa070/5850047?login=false#248044607,Uses non-normalized EF
na,GlideSP/LeDock,,0.501270833,0.005062435,,,,,0,0,0,0.5,https://academic.oup.com/bib/article/22/3/bbaa070/5850047?login=false#248044607,Uses non-normalized EF
p38-alpha,GlideSP/LeDock,,0.707260417,0.142360575,,,,,15.5,8.857142857,4.769230769,2.5,https://academic.oup.com/bib/article/22/3/bbaa070/5850047?login=false#248044607,Uses non-normalized EF
parp-1,GlideSP/LeDock,,0.7095625,0.215682141,,,,,15.5,8.857142857,7.153846154,3.5,https://academic.oup.com/bib/article/22/3/bbaa070/5850047?login=false#248044607,Uses non-normalized EF
pde4b,GlideSP/LeDock,,0.5848125,0.151564848,,,,,0,0,2.384615385,4.5,https://academic.oup.com/bib/article/22/3/bbaa070/5850047?login=false#248044607,Uses non-normalized EF
pde5,GlideSP/LeDock,,0.66809375,0.120604611,,,,,0,4.428571429,4.769230769,3.5,https://academic.oup.com/bib/article/22/3/bbaa070/5850047?login=false#248044607,Uses non-normalized EF
pdk1,GlideSP/LeDock,,0.74596875,0.395058362,,,,,31,17.71428571,11.92307692,6.5,https://academic.oup.com/bib/article/22/3/bbaa070/5850047?login=false#248044607,Uses non-normalized EF
pi3kg,GlideSP/LeDock,,0.77334375,0.212219318,,,,,0,4.428571429,9.538461538,5,https://academic.oup.com/bib/article/22/3/bbaa070/5850047?login=false#248044607,Uses non-normalized EF
pim-1,GlideSP/LeDock,,0.6534375,0.350916261,,,,,15.5,17.71428571,11.92307692,5,https://academic.oup.com/bib/article/22/3/bbaa070/5850047?login=false#248044607,Uses non-normalized EF
pim-2,GlideSP/LeDock,,0.669104167,0.324937928,,,,,31,17.71428571,11.92307692,5,https://academic.oup.com/bib/article/22/3/bbaa070/5850047?login=false#248044607,Uses non-normalized EF
pnp,GlideSP/LeDock,,0.899208333,0.547701248,,,,,31,22.14285714,16.69230769,7.5,https://academic.oup.com/bib/article/22/3/bbaa070/5850047?login=false#248044607,Uses non-normalized EF
ppara,GlideSP/LeDock,,0.514760417,2.24E-05,,,,,0,0,0,0,https://academic.oup.com/bib/article/22/3/bbaa070/5850047?login=false#248044607,Uses non-normalized EF
pparg,GlideSP/LeDock,,0.572114583,0.009085292,,,,,0,0,0,1,https://academic.oup.com/bib/article/22/3/bbaa070/5850047?login=false#248044607,Uses non-normalized EF
pr,GlideSP/LeDock,,0.65865625,0.147139954,,,,,15.5,8.857142857,4.769230769,2.5,https://academic.oup.com/bib/article/22/3/bbaa070/5850047?login=false#248044607,Uses non-normalized EF
prkcq,GlideSP/LeDock,,0.798166667,0.672182276,,,,,31,13.28571429,21.46153846,11.5,https://academic.oup.com/bib/article/22/3/bbaa070/5850047?login=false#248044607,Uses non-normalized EF
pygl-in,GlideSP/LeDock,,0.856229167,0.315311605,,,,,15.5,13.28571429,9.538461538,7,https://academic.oup.com/bib/article/22/3/bbaa070/5850047?login=false#248044607,Uses non-normalized EF
pygl-out,GlideSP/LeDock,,0.245875,1.32E-08,,,,,0,0,0,0,https://academic.oup.com/bib/article/22/3/bbaa070/5850047?login=false#248044607,Uses non-normalized EF
qpct,GlideSP/LeDock,,0.76675,0.010837103,,,,,0,0,0,1.5,https://academic.oup.com/bib/article/22/3/bbaa070/5850047?login=false#248044607,Uses non-normalized EF
rock-1,GlideSP/LeDock,,0.700791667,0.179529936,,,,,15.5,8.857142857,4.769230769,3,https://academic.oup.com/bib/article/22/3/bbaa070/5850047?login=false#248044607,Uses non-normalized EF
rxr,GlideSP/LeDock,,0.556333333,0.03243116,,,,,0,0,0,2,https://academic.oup.com/bib/article/22/3/bbaa070/5850047?login=false#248044607,Uses non-normalized EF
sars-hcov,GlideSP/LeDock,,0.627405216,0.127153775,,,,,0,0,2.384615385,4.573770492,https://academic.oup.com/bib/article/22/3/bbaa070/5850047?login=false#248044607,Uses non-normalized EF
sirt2,GlideSP/LeDock,,0.597729167,0.029663039,,,,,0,0,0,2,https://academic.oup.com/bib/article/22/3/bbaa070/5850047?login=false#248044607,Uses non-normalized EF
src,GlideSP/LeDock,,0.700083333,0.194733963,,,,,15.5,8.857142857,7.153846154,3.5,https://academic.oup.com/bib/article/22/3/bbaa070/5850047?login=false#248044607,Uses non-normalized EF
thrombin,GlideSP/LeDock,,0.72553125,0.088767932,,,,,0,0,0,3.5,https://academic.oup.com/bib/article/22/3/bbaa070/5850047?login=false#248044607,Uses non-normalized EF
tie2,GlideSP/LeDock,,0.744927083,0.394126413,,,,,31,17.71428571,16.69230769,6,https://academic.oup.com/bib/article/22/3/bbaa070/5850047?login=false#248044607,Uses non-normalized EF
tk,GlideSP/LeDock,,0.619322917,0.111135496,,,,,0,4.428571429,2.384615385,2,https://academic.oup.com/bib/article/22/3/bbaa070/5850047?login=false#248044607,Uses non-normalized EF
tp,GlideSP/LeDock,,0.585145833,0.172303373,,,,,15.5,4.428571429,7.153846154,2,https://academic.oup.com/bib/article/22/3/bbaa070/5850047?login=false#248044607,Uses non-normalized EF
tpa,GlideSP/LeDock,,0.824430894,0.255188716,,,,,0,8.648083624,9.313320826,3.363143631,https://academic.oup.com/bib/article/22/3/bbaa070/5850047?login=false#248044607,Uses non-normalized EF
ts,GlideSP/LeDock,,0.6490625,0.001148035,,,,,0,0,0,0,https://academic.oup.com/bib/article/22/3/bbaa070/5850047?login=false#248044607,Uses non-normalized EF
upa,GlideSP/LeDock,,0.747229167,0.370804398,,,,,31,17.71428571,11.92307692,5.5,https://academic.oup.com/bib/article/22/3/bbaa070/5850047?login=false#248044607,Uses non-normalized EF
vegfr1,GlideSP/LeDock,,0.782145833,0.296606252,,,,,0,8.857142857,7.153846154,7,https://academic.oup.com/bib/article/22/3/bbaa070/5850047?login=false#248044607,Uses non-normalized EF
vegfr2,GlideSP/LeDock,,0.777729167,0.24751272,,,,,15.5,8.857142857,4.769230769,5.5,https://academic.oup.com/bib/article/22/3/bbaa070/5850047?login=false#248044607,Uses non-normalized EF
11betahsd1,GOLD,,0.626,,,,,,0,,,,https://pubs.acs.org/doi/10.1021/acs.jcim.4c00855,"Not explictly said if NEF or EF, but cites 10.1093/bib/bbaa070 where EF is defined as non normalized EF"
17betahsd1,GOLD,,0.558,,,,,,0,,,,https://pubs.acs.org/doi/10.1021/acs.jcim.4c00855,"Not explictly said if NEF or EF, but cites 10.1093/bib/bbaa070 where EF is defined as non normalized EF"
a2a,GOLD,,0.62,,,,,,0,,,,https://pubs.acs.org/doi/10.1021/acs.jcim.4c00855,"Not explictly said if NEF or EF, but cites 10.1093/bib/bbaa070 where EF is defined as non normalized EF"
ace,GOLD,,0.635,,,,,,15.5,,,,https://pubs.acs.org/doi/10.1021/acs.jcim.4c00855,"Not explictly said if NEF or EF, but cites 10.1093/bib/bbaa070 where EF is defined as non normalized EF"
ace2,GOLD,,0.716,,,,,,15.885,,,,https://pubs.acs.org/doi/10.1021/acs.jcim.4c00855,"Not explictly said if NEF or EF, but cites 10.1093/bib/bbaa070 where EF is defined as non normalized EF"
ache,GOLD,,0.652,,,,,,0,,,,https://pubs.acs.org/doi/10.1021/acs.jcim.4c00855,"Not explictly said if NEF or EF, but cites 10.1093/bib/bbaa070 where EF is defined as non normalized EF"
adam17,GOLD,,0.638,,,,,,31,,,,https://pubs.acs.org/doi/10.1021/acs.jcim.4c00855,"Not explictly said if NEF or EF, but cites 10.1093/bib/bbaa070 where EF is defined as non normalized EF"
adrb2,GOLD,,0.682,,,,,,0,,,,https://pubs.acs.org/doi/10.1021/acs.jcim.4c00855,"Not explictly said if NEF or EF, but cites 10.1093/bib/bbaa070 where EF is defined as non normalized EF"
akt1,GOLD,,0.628,,,,,,0,,,,https://pubs.acs.org/doi/10.1021/acs.jcim.4c00855,"Not explictly said if NEF or EF, but cites 10.1093/bib/bbaa070 where EF is defined as non normalized EF"
alr2,GOLD,,0.47,,,,,,0,,,,https://pubs.acs.org/doi/10.1021/acs.jcim.4c00855,"Not explictly said if NEF or EF, but cites 10.1093/bib/bbaa070 where EF is defined as non normalized EF"
ar,GOLD,,0.633,,,,,,0,,,,https://pubs.acs.org/doi/10.1021/acs.jcim.4c00855,"Not explictly said if NEF or EF, but cites 10.1093/bib/bbaa070 where EF is defined as non normalized EF"
aurka,GOLD,,0.652,,,,,,15.5,,,,https://pubs.acs.org/doi/10.1021/acs.jcim.4c00855,"Not explictly said if NEF or EF, but cites 10.1093/bib/bbaa070 where EF is defined as non normalized EF"
aurkb,GOLD,,0.571,,,,,,15.5,,,,https://pubs.acs.org/doi/10.1021/acs.jcim.4c00855,"Not explictly said if NEF or EF, but cites 10.1093/bib/bbaa070 where EF is defined as non normalized EF"
bcl2,GOLD,,0.824,,,,,,0,,,,https://pubs.acs.org/doi/10.1021/acs.jcim.4c00855,"Not explictly said if NEF or EF, but cites 10.1093/bib/bbaa070 where EF is defined as non normalized EF"
braf,GOLD,,0.546,,,,,,0,,,,https://pubs.acs.org/doi/10.1021/acs.jcim.4c00855,"Not explictly said if NEF or EF, but cites 10.1093/bib/bbaa070 where EF is defined as non normalized EF"
catl,GOLD,,0.735,,,,,,0,,,,https://pubs.acs.org/doi/10.1021/acs.jcim.4c00855,"Not explictly said if NEF or EF, but cites 10.1093/bib/bbaa070 where EF is defined as non normalized EF"
cdk2,GOLD,,0.631,,,,,,0,,,,https://pubs.acs.org/doi/10.1021/acs.jcim.4c00855,"Not explictly said if NEF or EF, but cites 10.1093/bib/bbaa070 where EF is defined as non normalized EF"
cox1,GOLD,,0.681,,,,,,0,,,,https://pubs.acs.org/doi/10.1021/acs.jcim.4c00855,"Not explictly said if NEF or EF, but cites 10.1093/bib/bbaa070 where EF is defined as non normalized EF"
cox2,GOLD,,0.883,,,,,,0,,,,https://pubs.acs.org/doi/10.1021/acs.jcim.4c00855,"Not explictly said if NEF or EF, but cites 10.1093/bib/bbaa070 where EF is defined as non normalized EF"
ctsk,GOLD,,0.855,,,,,,0,,,,https://pubs.acs.org/doi/10.1021/acs.jcim.4c00855,"Not explictly said if NEF or EF, but cites 10.1093/bib/bbaa070 where EF is defined as non normalized EF"
cyp2a6,GOLD,,0.614,,,,,,0,,,,https://pubs.acs.org/doi/10.1021/acs.jcim.4c00855,"Not explictly said if NEF or EF, but cites 10.1093/bib/bbaa070 where EF is defined as non normalized EF"
dhfr,GOLD,,0.621,,,,,,0,,,,https://pubs.acs.org/doi/10.1021/acs.jcim.4c00855,"Not explictly said if NEF or EF, but cites 10.1093/bib/bbaa070 where EF is defined as non normalized EF"
egfr,GOLD,,0.556,,,,,,0,,,,https://pubs.acs.org/doi/10.1021/acs.jcim.4c00855,"Not explictly said if NEF or EF, but cites 10.1093/bib/bbaa070 where EF is defined as non normalized EF"
ephb4,GOLD,,0.812,,,,,,15.5,,,,https://pubs.acs.org/doi/10.1021/acs.jcim.4c00855,"Not explictly said if NEF or EF, but cites 10.1093/bib/bbaa070 where EF is defined as non normalized EF"
erbb2,GOLD,,0.866,,,,,,31,,,,https://pubs.acs.org/doi/10.1021/acs.jcim.4c00855,"Not explictly said if NEF or EF, but cites 10.1093/bib/bbaa070 where EF is defined as non normalized EF"
er-beta,GOLD,,0.623,,,,,,0,,,,https://pubs.acs.org/doi/10.1021/acs.jcim.4c00855,"Not explictly said if NEF or EF, but cites 10.1093/bib/bbaa070 where EF is defined as non normalized EF"
fgfr1,GOLD,,0.704,,,,,,0,,,,https://pubs.acs.org/doi/10.1021/acs.jcim.4c00855,"Not explictly said if NEF or EF, but cites 10.1093/bib/bbaa070 where EF is defined as non normalized EF"
fkbp1a,GOLD,,0.599,,,,,,0,,,,https://pubs.acs.org/doi/10.1021/acs.jcim.4c00855,"Not explictly said if NEF or EF, but cites 10.1093/bib/bbaa070 where EF is defined as non normalized EF"
fxa,GOLD,,0.835,,,,,,15.5,,,,https://pubs.acs.org/doi/10.1021/acs.jcim.4c00855,"Not explictly said if NEF or EF, but cites 10.1093/bib/bbaa070 where EF is defined as non normalized EF"
gba,GOLD,,0.548,,,,,,15.5,,,,https://pubs.acs.org/doi/10.1021/acs.jcim.4c00855,"Not explictly said if NEF or EF, but cites 10.1093/bib/bbaa070 where EF is defined as non normalized EF"
gr,GOLD,,0.612,,,,,,0,,,,https://pubs.acs.org/doi/10.1021/acs.jcim.4c00855,"Not explictly said if NEF or EF, but cites 10.1093/bib/bbaa070 where EF is defined as non normalized EF"
gsk3b,GOLD,,0.618,,,,,,15.5,,,,https://pubs.acs.org/doi/10.1021/acs.jcim.4c00855,"Not explictly said if NEF or EF, but cites 10.1093/bib/bbaa070 where EF is defined as non normalized EF"
hdac2,GOLD,,0.82,,,,,,15.5,,,,https://pubs.acs.org/doi/10.1021/acs.jcim.4c00855,"Not explictly said if NEF or EF, but cites 10.1093/bib/bbaa070 where EF is defined as non normalized EF"
hdac8,GOLD,,0.599,,,,,,0,,,,https://pubs.acs.org/doi/10.1021/acs.jcim.4c00855,"Not explictly said if NEF or EF, but cites 10.1093/bib/bbaa070 where EF is defined as non normalized EF"
hiv1pr,GOLD,,0.792,,,,,,31,,,,https://pubs.acs.org/doi/10.1021/acs.jcim.4c00855,"Not explictly said if NEF or EF, but cites 10.1093/bib/bbaa070 where EF is defined as non normalized EF"
hiv1rt,GOLD,,0.513,,,,,,0,,,,https://pubs.acs.org/doi/10.1021/acs.jcim.4c00855,"Not explictly said if NEF or EF, but cites 10.1093/bib/bbaa070 where EF is defined as non normalized EF"
hmgr,GOLD,,0.638,,,,,,15.45,,,,https://pubs.acs.org/doi/10.1021/acs.jcim.4c00855,"Not explictly said if NEF or EF, but cites 10.1093/bib/bbaa070 where EF is defined as non normalized EF"
hsp90,GOLD,,0.524,,,,,,0,,,,https://pubs.acs.org/doi/10.1021/acs.jcim.4c00855,"Not explictly said if NEF or EF, but cites 10.1093/bib/bbaa070 where EF is defined as non normalized EF"
igf1r,GOLD,,0.654,,,,,,0,,,,https://pubs.acs.org/doi/10.1021/acs.jcim.4c00855,"Not explictly said if NEF or EF, but cites 10.1093/bib/bbaa070 where EF is defined as non normalized EF"
inha,GOLD,,0.588,,,,,,15.5,,,,https://pubs.acs.org/doi/10.1021/acs.jcim.4c00855,"Not explictly said if NEF or EF, but cites 10.1093/bib/bbaa070 where EF is defined as non normalized EF"
itk,GOLD,,0.627,,,,,,0,,,,https://pubs.acs.org/doi/10.1021/acs.jcim.4c00855,"Not explictly said if NEF or EF, but cites 10.1093/bib/bbaa070 where EF is defined as non normalized EF"
jak3,GOLD,,0.775,,,,,,0,,,,https://pubs.acs.org/doi/10.1021/acs.jcim.4c00855,"Not explictly said if NEF or EF, but cites 10.1093/bib/bbaa070 where EF is defined as non normalized EF"
jnk1,GOLD,,0.66,,,,,,0,,,,https://pubs.acs.org/doi/10.1021/acs.jcim.4c00855,"Not explictly said if NEF or EF, but cites 10.1093/bib/bbaa070 where EF is defined as non normalized EF"
jnk2,GOLD,,0.616,,,,,,30.975,,,,https://pubs.acs.org/doi/10.1021/acs.jcim.4c00855,"Not explictly said if NEF or EF, but cites 10.1093/bib/bbaa070 where EF is defined as non normalized EF"
jnk3,GOLD,,0.708,,,,,,0,,,,https://pubs.acs.org/doi/10.1021/acs.jcim.4c00855,"Not explictly said if NEF or EF, but cites 10.1093/bib/bbaa070 where EF is defined as non normalized EF"
kif11,GOLD,,0.85,,,,,,15.488,,,,https://pubs.acs.org/doi/10.1021/acs.jcim.4c00855,"Not explictly said if NEF or EF, but cites 10.1093/bib/bbaa070 where EF is defined as non normalized EF"
lck,GOLD,,0.62,,,,,,15.475,,,,https://pubs.acs.org/doi/10.1021/acs.jcim.4c00855,"Not explictly said if NEF or EF, but cites 10.1093/bib/bbaa070 where EF is defined as non normalized EF"
mdm2,GOLD,,0.481,,,,,,15.5,,,,https://pubs.acs.org/doi/10.1021/acs.jcim.4c00855,"Not explictly said if NEF or EF, but cites 10.1093/bib/bbaa070 where EF is defined as non normalized EF"
mk2,GOLD,,0.727,,,,,,33.405,,,,https://pubs.acs.org/doi/10.1021/acs.jcim.4c00855,"Not explictly said if NEF or EF, but cites 10.1093/bib/bbaa070 where EF is defined as non normalized EF"
mmp2,GOLD,,0.568,,,,,,15.872,,,,https://pubs.acs.org/doi/10.1021/acs.jcim.4c00855,"Not explictly said if NEF or EF, but cites 10.1093/bib/bbaa070 where EF is defined as non normalized EF"
na,GOLD,,0.494,,,,,,0,,,,https://pubs.acs.org/doi/10.1021/acs.jcim.4c00855,"Not explictly said if NEF or EF, but cites 10.1093/bib/bbaa070 where EF is defined as non normalized EF"
p38-alpha,GOLD,,0.608,,,,,,0,,,,https://pubs.acs.org/doi/10.1021/acs.jcim.4c00855,"Not explictly said if NEF or EF, but cites 10.1093/bib/bbaa070 where EF is defined as non normalized EF"
parp-1,GOLD,,0.753,,,,,,0,,,,https://pubs.acs.org/doi/10.1021/acs.jcim.4c00855,"Not explictly said if NEF or EF, but cites 10.1093/bib/bbaa070 where EF is defined as non normalized EF"
pde4b,GOLD,,0.609,,,,,,0,,,,https://pubs.acs.org/doi/10.1021/acs.jcim.4c00855,"Not explictly said if NEF or EF, but cites 10.1093/bib/bbaa070 where EF is defined as non normalized EF"
pde5,GOLD,,0.756,,,,,,16.289,,,,https://pubs.acs.org/doi/10.1021/acs.jcim.4c00855,"Not explictly said if NEF or EF, but cites 10.1093/bib/bbaa070 where EF is defined as non normalized EF"
pdk1,GOLD,,0.613,,,,,,15.45,,,,https://pubs.acs.org/doi/10.1021/acs.jcim.4c00855,"Not explictly said if NEF or EF, but cites 10.1093/bib/bbaa070 where EF is defined as non normalized EF"
pi3kg,GOLD,,0.751,,,,,,15.463,,,,https://pubs.acs.org/doi/10.1021/acs.jcim.4c00855,"Not explictly said if NEF or EF, but cites 10.1093/bib/bbaa070 where EF is defined as non normalized EF"
pim-1,GOLD,,0.642,,,,,,15.35,,,,https://pubs.acs.org/doi/10.1021/acs.jcim.4c00855,"Not explictly said if NEF or EF, but cites 10.1093/bib/bbaa070 where EF is defined as non normalized EF"
pim-2,GOLD,,0.651,,,,,,0,,,,https://pubs.acs.org/doi/10.1021/acs.jcim.4c00855,"Not explictly said if NEF or EF, but cites 10.1093/bib/bbaa070 where EF is defined as non normalized EF"
pnp,GOLD,,0.6,,,,,,0,,,,https://pubs.acs.org/doi/10.1021/acs.jcim.4c00855,"Not explictly said if NEF or EF, but cites 10.1093/bib/bbaa070 where EF is defined as non normalized EF"
ppara,GOLD,,0.679,,,,,,0,,,,https://pubs.acs.org/doi/10.1021/acs.jcim.4c00855,"Not explictly said if NEF or EF, but cites 10.1093/bib/bbaa070 where EF is defined as non normalized EF"
pparg,GOLD,,0.699,,,,,,0,,,,https://pubs.acs.org/doi/10.1021/acs.jcim.4c00855,"Not explictly said if NEF or EF, but cites 10.1093/bib/bbaa070 where EF is defined as non normalized EF"
pr,GOLD,,0.502,,,,,,0,,,,https://pubs.acs.org/doi/10.1021/acs.jcim.4c00855,"Not explictly said if NEF or EF, but cites 10.1093/bib/bbaa070 where EF is defined as non normalized EF"
prkcq,GOLD,,0.806,,,,,,0,,,,https://pubs.acs.org/doi/10.1021/acs.jcim.4c00855,"Not explictly said if NEF or EF, but cites 10.1093/bib/bbaa070 where EF is defined as non normalized EF"
pygl-in,GOLD,,0.703,,,,,,15.5,,,,https://pubs.acs.org/doi/10.1021/acs.jcim.4c00855,"Not explictly said if NEF or EF, but cites 10.1093/bib/bbaa070 where EF is defined as non normalized EF"
pygl-out,GOLD,,0.591,,,,,,0,,,,https://pubs.acs.org/doi/10.1021/acs.jcim.4c00855,"Not explictly said if NEF or EF, but cites 10.1093/bib/bbaa070 where EF is defined as non normalized EF"
qpct,GOLD,,0.658,,,,,,0,,,,https://pubs.acs.org/doi/10.1021/acs.jcim.4c00855,"Not explictly said if NEF or EF, but cites 10.1093/bib/bbaa070 where EF is defined as non normalized EF"
rock-1,GOLD,,0.538,,,,,,0,,,,https://pubs.acs.org/doi/10.1021/acs.jcim.4c00855,"Not explictly said if NEF or EF, but cites 10.1093/bib/bbaa070 where EF is defined as non normalized EF"
rxr,GOLD,,0.503,,,,,,0,,,,https://pubs.acs.org/doi/10.1021/acs.jcim.4c00855,"Not explictly said if NEF or EF, but cites 10.1093/bib/bbaa070 where EF is defined as non normalized EF"
sars-hcov,GOLD,,0.553,,,,,,0,,,,https://pubs.acs.org/doi/10.1021/acs.jcim.4c00855,"Not explictly said if NEF or EF, but cites 10.1093/bib/bbaa070 where EF is defined as non normalized EF"
sirt2,GOLD,,0.572,,,,,,0,,,,https://pubs.acs.org/doi/10.1021/acs.jcim.4c00855,"Not explictly said if NEF or EF, but cites 10.1093/bib/bbaa070 where EF is defined as non normalized EF"
src,GOLD,,0.547,,,,,,15.488,,,,https://pubs.acs.org/doi/10.1021/acs.jcim.4c00855,"Not explictly said if NEF or EF, but cites 10.1093/bib/bbaa070 where EF is defined as non normalized EF"
thrombin,GOLD,,0.727,,,,,,15.5,,,,https://pubs.acs.org/doi/10.1021/acs.jcim.4c00855,"Not explictly said if NEF or EF, but cites 10.1093/bib/bbaa070 where EF is defined as non normalized EF"
tie2,GOLD,,0.623,,,,,,15.5,,,,https://pubs.acs.org/doi/10.1021/acs.jcim.4c00855,"Not explictly said if NEF or EF, but cites 10.1093/bib/bbaa070 where EF is defined as non normalized EF"
tk,GOLD,,0.503,,,,,,0,,,,https://pubs.acs.org/doi/10.1021/acs.jcim.4c00855,"Not explictly said if NEF or EF, but cites 10.1093/bib/bbaa070 where EF is defined as non normalized EF"
tp,GOLD,,0.347,,,,,,0,,,,https://pubs.acs.org/doi/10.1021/acs.jcim.4c00855,"Not explictly said if NEF or EF, but cites 10.1093/bib/bbaa070 where EF is defined as non normalized EF"
tpa,GOLD,,0.707,,,,,,0,,,,https://pubs.acs.org/doi/10.1021/acs.jcim.4c00855,"Not explictly said if NEF or EF, but cites 10.1093/bib/bbaa070 where EF is defined as non normalized EF"
ts,GOLD,,0.695,,,,,,15.5,,,,https://pubs.acs.org/doi/10.1021/acs.jcim.4c00855,"Not explictly said if NEF or EF, but cites 10.1093/bib/bbaa070 where EF is defined as non normalized EF"
upa,GOLD,,0.715,,,,,,30.725,,,,https://pubs.acs.org/doi/10.1021/acs.jcim.4c00855,"Not explictly said if NEF or EF, but cites 10.1093/bib/bbaa070 where EF is defined as non normalized EF"
vegfr1,GOLD,,0.665,,,,,,15.5,,,,https://pubs.acs.org/doi/10.1021/acs.jcim.4c00855,"Not explictly said if NEF or EF, but cites 10.1093/bib/bbaa070 where EF is defined as non normalized EF"
vegfr2,GOLD,,0.577,,,,,,0,,,,https://pubs.acs.org/doi/10.1021/acs.jcim.4c00855,"Not explictly said if NEF or EF, but cites 10.1093/bib/bbaa070 where EF is defined as non normalized EF"
11betahsd1,IGN(avg),,0.974,0.966,,,,,,28.5,29.34,15.52,https://pubs.acs.org/doi/10.1021/acs.jmedchem.1c01830,"Not explictly said if NEF or EF, but cites 10.1093/bib/bbaa070 where EF is defined as non normalized EF"
17betahsd1,IGN(avg),,0.899,0.48,,,,,,16.07,15.73,9.24,https://pubs.acs.org/doi/10.1021/acs.jmedchem.1c01830,"Not explictly said if NEF or EF, but cites 10.1093/bib/bbaa070 where EF is defined as non normalized EF"
a2a,IGN(avg),,0.981,0.971,,,,,,29.24,29.13,17.17,https://pubs.acs.org/doi/10.1021/acs.jmedchem.1c01830,"Not explictly said if NEF or EF, but cites 10.1093/bib/bbaa070 where EF is defined as non normalized EF"
ace,IGN(avg),,0.998,1.05,,,,,,30.88,30.88,19.42,https://pubs.acs.org/doi/10.1021/acs.jmedchem.1c01830,"Not explictly said if NEF or EF, but cites 10.1093/bib/bbaa070 where EF is defined as non normalized EF"
ace2,IGN(avg),,0.999,1.053,,,,,,30.98,30.98,19.98,https://pubs.acs.org/doi/10.1021/acs.jmedchem.1c01830,"Not explictly said if NEF or EF, but cites 10.1093/bib/bbaa070 where EF is defined as non normalized EF"
ache,IGN(avg),,0.969,0.914,,,,,,30.53,28.96,14.44,https://pubs.acs.org/doi/10.1021/acs.jmedchem.1c01830,"Not explictly said if NEF or EF, but cites 10.1093/bib/bbaa070 where EF is defined as non normalized EF"
adam17,IGN(avg),,1,1.063,,,,,,30.75,30.75,19.84,https://pubs.acs.org/doi/10.1021/acs.jmedchem.1c01830,"Not explictly said if NEF or EF, but cites 10.1093/bib/bbaa070 where EF is defined as non normalized EF"
adrb2,IGN(avg),,0.995,0.998,,,,,,27.18,26.38,18.85,https://pubs.acs.org/doi/10.1021/acs.jmedchem.1c01830,"Not explictly said if NEF or EF, but cites 10.1093/bib/bbaa070 where EF is defined as non normalized EF"
akt1,IGN(avg),,0.98,0.626,,,,,,16.84,17.68,14.82,https://pubs.acs.org/doi/10.1021/acs.jmedchem.1c01830,"Not explictly said if NEF or EF, but cites 10.1093/bib/bbaa070 where EF is defined as non normalized EF"
alr2,IGN(avg),,0.98,0.871,,,,,,27.73,28.29,15.82,https://pubs.acs.org/doi/10.1021/acs.jmedchem.1c01830,"Not explictly said if NEF or EF, but cites 10.1093/bib/bbaa070 where EF is defined as non normalized EF"
ar,IGN(avg),,0.99,1.08,,,,,,22.57,22.57,16.46,https://pubs.acs.org/doi/10.1021/acs.jmedchem.1c01830,"Not explictly said if NEF or EF, but cites 10.1093/bib/bbaa070 where EF is defined as non normalized EF"
aurka,IGN(avg),,0.98,0.827,,,,,,22.16,24.66,16.78,https://pubs.acs.org/doi/10.1021/acs.jmedchem.1c01830,"Not explictly said if NEF or EF, but cites 10.1093/bib/bbaa070 where EF is defined as non normalized EF"
aurkb,IGN(avg),,0.985,0.851,,,,,,24.59,25.7,16.93,https://pubs.acs.org/doi/10.1021/acs.jmedchem.1c01830,"Not explictly said if NEF or EF, but cites 10.1093/bib/bbaa070 where EF is defined as non normalized EF"
bcl2,IGN(avg),,0.651,0.012,,,,,,0,0,0.49,https://pubs.acs.org/doi/10.1021/acs.jmedchem.1c01830,"Not explictly said if NEF or EF, but cites 10.1093/bib/bbaa070 where EF is defined as non normalized EF"
braf,IGN(avg),,0.991,0.833,,,,,,25.1,24.64,18.13,https://pubs.acs.org/doi/10.1021/acs.jmedchem.1c01830,"Not explictly said if NEF or EF, but cites 10.1093/bib/bbaa070 where EF is defined as non normalized EF"
catl,IGN(avg),,0.819,0.18,,,,,,4.4,5.53,5.14,https://pubs.acs.org/doi/10.1021/acs.jmedchem.1c01830,"Not explictly said if NEF or EF, but cites 10.1093/bib/bbaa070 where EF is defined as non normalized EF"
cdk2,IGN(avg),,0.983,0.88,,,,,,26.58,24.92,16.28,https://pubs.acs.org/doi/10.1021/acs.jmedchem.1c01830,"Not explictly said if NEF or EF, but cites 10.1093/bib/bbaa070 where EF is defined as non normalized EF"
cox1,IGN(avg),,0.989,1.022,,,,,,28.72,28.72,17.26,https://pubs.acs.org/doi/10.1021/acs.jmedchem.1c01830,"Not explictly said if NEF or EF, but cites 10.1093/bib/bbaa070 where EF is defined as non normalized EF"
cox2,IGN(avg),,1,1.096,,,,,,23.11,23.11,19.53,https://pubs.acs.org/doi/10.1021/acs.jmedchem.1c01830,"Not explictly said if NEF or EF, but cites 10.1093/bib/bbaa070 where EF is defined as non normalized EF"
ctsk,IGN(avg),,0.841,0.092,,,,,,0,0.79,3.82,https://pubs.acs.org/doi/10.1021/acs.jmedchem.1c01830,"Not explictly said if NEF or EF, but cites 10.1093/bib/bbaa070 where EF is defined as non normalized EF"
cyp2a6,IGN(avg),,0.685,0.08,,,,,,1.66,1.85,1.11,https://pubs.acs.org/doi/10.1021/acs.jmedchem.1c01830,"Not explictly said if NEF or EF, but cites 10.1093/bib/bbaa070 where EF is defined as non normalized EF"
dhfr,IGN(avg),,0.944,0.884,,,,,,26.23,27.46,15.96,https://pubs.acs.org/doi/10.1021/acs.jmedchem.1c01830,"Not explictly said if NEF or EF, but cites 10.1093/bib/bbaa070 where EF is defined as non normalized EF"
egfr,IGN(avg),,0.97,0.717,,,,,,14.71,20.6,17.05,https://pubs.acs.org/doi/10.1021/acs.jmedchem.1c01830,"Not explictly said if NEF or EF, but cites 10.1093/bib/bbaa070 where EF is defined as non normalized EF"
ephb4,IGN(avg),,0.962,0.867,,,,,,24.57,24.9,16.42,https://pubs.acs.org/doi/10.1021/acs.jmedchem.1c01830,"Not explictly said if NEF or EF, but cites 10.1093/bib/bbaa070 where EF is defined as non normalized EF"
erbb2,IGN(avg),,0.995,0.854,,,,,,19.73,21.38,19.24,https://pubs.acs.org/doi/10.1021/acs.jmedchem.1c01830,"Not explictly said if NEF or EF, but cites 10.1093/bib/bbaa070 where EF is defined as non normalized EF"
er-beta,IGN(avg),,0.996,1.046,,,,,,28.59,27.53,18.38,https://pubs.acs.org/doi/10.1021/acs.jmedchem.1c01830,"Not explictly said if NEF or EF, but cites 10.1093/bib/bbaa070 where EF is defined as non normalized EF"
fgfr1,IGN(avg),,0.991,0.792,,,,,,19.48,20.43,17.81,https://pubs.acs.org/doi/10.1021/acs.jmedchem.1c01830,"Not explictly said if NEF or EF, but cites 10.1093/bib/bbaa070 where EF is defined as non normalized EF"
fkbp1a,IGN(avg),,0.963,0.868,,,,,,32.39,31.56,13.93,https://pubs.acs.org/doi/10.1021/acs.jmedchem.1c01830,"Not explictly said if NEF or EF, but cites 10.1093/bib/bbaa070 where EF is defined as non normalized EF"
fxa,IGN(avg),,0.99,0.986,,,,,,30.59,30.59,18.18,https://pubs.acs.org/doi/10.1021/acs.jmedchem.1c01830,"Not explictly said if NEF or EF, but cites 10.1093/bib/bbaa070 where EF is defined as non normalized EF"
gba,IGN(avg),,0.965,0.754,,,,,,30.88,25.33,12.45,https://pubs.acs.org/doi/10.1021/acs.jmedchem.1c01830,"Not explictly said if NEF or EF, but cites 10.1093/bib/bbaa070 where EF is defined as non normalized EF"
gr,IGN(avg),,0.963,0.682,,,,,,18.93,20.38,14.14,https://pubs.acs.org/doi/10.1021/acs.jmedchem.1c01830,"Not explictly said if NEF or EF, but cites 10.1093/bib/bbaa070 where EF is defined as non normalized EF"
gsk3b,IGN(avg),,0.945,0.738,,,,,,27.28,23.97,13.51,https://pubs.acs.org/doi/10.1021/acs.jmedchem.1c01830,"Not explictly said if NEF or EF, but cites 10.1093/bib/bbaa070 where EF is defined as non normalized EF"
hdac2,IGN(avg),,0.994,0.993,,,,,,28.9,28.79,18.57,https://pubs.acs.org/doi/10.1021/acs.jmedchem.1c01830,"Not explictly said if NEF or EF, but cites 10.1093/bib/bbaa070 where EF is defined as non normalized EF"
hdac8,IGN(avg),,0.99,0.914,,,,,,26.44,27.69,18.74,https://pubs.acs.org/doi/10.1021/acs.jmedchem.1c01830,"Not explictly said if NEF or EF, but cites 10.1093/bib/bbaa070 where EF is defined as non normalized EF"
hiv1pr,IGN(avg),,0.991,0.907,,,,,,28.17,26.97,18.14,https://pubs.acs.org/doi/10.1021/acs.jmedchem.1c01830,"Not explictly said if NEF or EF, but cites 10.1093/bib/bbaa070 where EF is defined as non normalized EF"
hiv1rt,IGN(avg),,0.95,0.844,,,,,,30.5,28.74,14.88,https://pubs.acs.org/doi/10.1021/acs.jmedchem.1c01830,"Not explictly said if NEF or EF, but cites 10.1093/bib/bbaa070 where EF is defined as non normalized EF"
hmgr,IGN(avg),,0.995,1.007,,,,,,27.98,29.34,19.12,https://pubs.acs.org/doi/10.1021/acs.jmedchem.1c01830,"Not explictly said if NEF or EF, but cites 10.1093/bib/bbaa070 where EF is defined as non normalized EF"
hsp90,IGN(avg),,0.954,0.85,,,,,,27.46,25.68,14.26,https://pubs.acs.org/doi/10.1021/acs.jmedchem.1c01830,"Not explictly said if NEF or EF, but cites 10.1093/bib/bbaa070 where EF is defined as non normalized EF"
igf1r,IGN(avg),,0.985,0.768,,,,,,26.48,21.52,16.16,https://pubs.acs.org/doi/10.1021/acs.jmedchem.1c01830,"Not explictly said if NEF or EF, but cites 10.1093/bib/bbaa070 where EF is defined as non normalized EF"
inha,IGN(avg),,0.744,0.278,,,,,,10.21,7.85,6.42,https://pubs.acs.org/doi/10.1021/acs.jmedchem.1c01830,"Not explictly said if NEF or EF, but cites 10.1093/bib/bbaa070 where EF is defined as non normalized EF"
itk,IGN(avg),,0.962,0.71,,,,,,21.75,21.08,13.64,https://pubs.acs.org/doi/10.1021/acs.jmedchem.1c01830,"Not explictly said if NEF or EF, but cites 10.1093/bib/bbaa070 where EF is defined as non normalized EF"
jak3,IGN(avg),,0.997,1.009,,,,,,29.93,28.26,19.45,https://pubs.acs.org/doi/10.1021/acs.jmedchem.1c01830,"Not explictly said if NEF or EF, but cites 10.1093/bib/bbaa070 where EF is defined as non normalized EF"
jnk1,IGN(avg),,0.938,0.815,,,,,,24.5,26.25,15.75,https://pubs.acs.org/doi/10.1021/acs.jmedchem.1c01830,"Not explictly said if NEF or EF, but cites 10.1093/bib/bbaa070 where EF is defined as non normalized EF"
jnk2,IGN(avg),,0.952,0.536,,,,,,13.34,11.68,13.91,https://pubs.acs.org/doi/10.1021/acs.jmedchem.1c01830,"Not explictly said if NEF or EF, but cites 10.1093/bib/bbaa070 where EF is defined as non normalized EF"
jnk3,IGN(avg),,0.987,0.862,,,,,,23.1,28.05,17.49,https://pubs.acs.org/doi/10.1021/acs.jmedchem.1c01830,"Not explictly said if NEF or EF, but cites 10.1093/bib/bbaa070 where EF is defined as non normalized EF"
kif11,IGN(avg),,0.973,0.823,,,,,,23.03,24.8,15.2,https://pubs.acs.org/doi/10.1021/acs.jmedchem.1c01830,"Not explictly said if NEF or EF, but cites 10.1093/bib/bbaa070 where EF is defined as non normalized EF"
lck,IGN(avg),,0.993,1.013,,,,,,30.08,30.08,18.41,https://pubs.acs.org/doi/10.1021/acs.jmedchem.1c01830,"Not explictly said if NEF or EF, but cites 10.1093/bib/bbaa070 where EF is defined as non normalized EF"
mdm2,IGN(avg),,0.706,0.02,,,,,,0,0,1.33,https://pubs.acs.org/doi/10.1021/acs.jmedchem.1c01830,"Not explictly said if NEF or EF, but cites 10.1093/bib/bbaa070 where EF is defined as non normalized EF"
mk2,IGN(avg),,0.988,0.848,,,,,,26.22,26.22,15.82,https://pubs.acs.org/doi/10.1021/acs.jmedchem.1c01830,"Not explictly said if NEF or EF, but cites 10.1093/bib/bbaa070 where EF is defined as non normalized EF"
mmp2,IGN(avg),,0.936,0.582,,,,,,16.08,15.74,13.04,https://pubs.acs.org/doi/10.1021/acs.jmedchem.1c01830,"Not explictly said if NEF or EF, but cites 10.1093/bib/bbaa070 where EF is defined as non normalized EF"
na,IGN(avg),,1,1.065,,,,,,30.98,30.98,19.98,https://pubs.acs.org/doi/10.1021/acs.jmedchem.1c01830,"Not explictly said if NEF or EF, but cites 10.1093/bib/bbaa070 where EF is defined as non normalized EF"
p38-alpha,IGN(avg),,0.997,0.993,,,,,,29.1,29.77,19.38,https://pubs.acs.org/doi/10.1021/acs.jmedchem.1c01830,"Not explictly said if NEF or EF, but cites 10.1093/bib/bbaa070 where EF is defined as non normalized EF"
parp-1,IGN(avg),,0.987,1.03,,,,,,30.13,30.13,18.11,https://pubs.acs.org/doi/10.1021/acs.jmedchem.1c01830,"Not explictly said if NEF or EF, but cites 10.1093/bib/bbaa070 where EF is defined as non normalized EF"
pde4b,IGN(avg),,0.878,0.469,,,,,,16.13,15.01,7.95,https://pubs.acs.org/doi/10.1021/acs.jmedchem.1c01830,"Not explictly said if NEF or EF, but cites 10.1093/bib/bbaa070 where EF is defined as non normalized EF"
pde5,IGN(avg),,0.995,0.985,,,,,,32.26,30.61,18.56,https://pubs.acs.org/doi/10.1021/acs.jmedchem.1c01830,"Not explictly said if NEF or EF, but cites 10.1093/bib/bbaa070 where EF is defined as non normalized EF"
pdk1,IGN(avg),,0.986,0.865,,,,,,28.71,27.67,17,https://pubs.acs.org/doi/10.1021/acs.jmedchem.1c01830,"Not explictly said if NEF or EF, but cites 10.1093/bib/bbaa070 where EF is defined as non normalized EF"
pi3kg,IGN(avg),,0.88,0.316,,,,,,8.86,7.96,8.48,https://pubs.acs.org/doi/10.1021/acs.jmedchem.1c01830,"Not explictly said if NEF or EF, but cites 10.1093/bib/bbaa070 where EF is defined as non normalized EF"
pim-1,IGN(avg),,0.862,0.365,,,,,,12.95,12.4,6.94,https://pubs.acs.org/doi/10.1021/acs.jmedchem.1c01830,"Not explictly said if NEF or EF, but cites 10.1093/bib/bbaa070 where EF is defined as non normalized EF"
pim-2,IGN(avg),,0.843,0.29,,,,,,8.85,6.35,6.77,https://pubs.acs.org/doi/10.1021/acs.jmedchem.1c01830,"Not explictly said if NEF or EF, but cites 10.1093/bib/bbaa070 where EF is defined as non normalized EF"
pnp,IGN(avg),,0.978,0.815,,,,,,29.33,25.27,15.9,https://pubs.acs.org/doi/10.1021/acs.jmedchem.1c01830,"Not explictly said if NEF or EF, but cites 10.1093/bib/bbaa070 where EF is defined as non normalized EF"
ppara,IGN(avg),,0.98,1.061,,,,,,29.95,29.95,19.09,https://pubs.acs.org/doi/10.1021/acs.jmedchem.1c01830,"Not explictly said if NEF or EF, but cites 10.1093/bib/bbaa070 where EF is defined as non normalized EF"
pparg,IGN(avg),,0.989,1.022,,,,,,28.5,28.5,17.83,https://pubs.acs.org/doi/10.1021/acs.jmedchem.1c01830,"Not explictly said if NEF or EF, but cites 10.1093/bib/bbaa070 where EF is defined as non normalized EF"
pr,IGN(avg),,0.986,0.966,,,,,,29.4,27.62,17.15,https://pubs.acs.org/doi/10.1021/acs.jmedchem.1c01830,"Not explictly said if NEF or EF, but cites 10.1093/bib/bbaa070 where EF is defined as non normalized EF"
prkcq,IGN(avg),,0.984,0.836,,,,,,28.07,25.44,16.49,https://pubs.acs.org/doi/10.1021/acs.jmedchem.1c01830,"Not explictly said if NEF or EF, but cites 10.1093/bib/bbaa070 where EF is defined as non normalized EF"
pygl-in,IGN(avg),,0.916,0.526,,,,,,16.13,16.58,9.77,https://pubs.acs.org/doi/10.1021/acs.jmedchem.1c01830,"Not explictly said if NEF or EF, but cites 10.1093/bib/bbaa070 where EF is defined as non normalized EF"
pygl-out,IGN(avg),,0.971,0.666,,,,,,14.71,19.02,14.79,https://pubs.acs.org/doi/10.1021/acs.jmedchem.1c01830,"Not explictly said if NEF or EF, but cites 10.1093/bib/bbaa070 where EF is defined as non normalized EF"
qpct,IGN(avg),,0.719,0.085,,,,,,1.47,1.59,2.5,https://pubs.acs.org/doi/10.1021/acs.jmedchem.1c01830,"Not explictly said if NEF or EF, but cites 10.1093/bib/bbaa070 where EF is defined as non normalized EF"
rock-1,IGN(avg),,0.977,0.757,,,,,,22.97,20.87,15.98,https://pubs.acs.org/doi/10.1021/acs.jmedchem.1c01830,"Not explictly said if NEF or EF, but cites 10.1093/bib/bbaa070 where EF is defined as non normalized EF"
rxr,IGN(avg),,1,1.084,,,,,,25.92,25.92,19.98,https://pubs.acs.org/doi/10.1021/acs.jmedchem.1c01830,"Not explictly said if NEF or EF, but cites 10.1093/bib/bbaa070 where EF is defined as non normalized EF"
sars-hcov,IGN(avg),,0.423,0.024,,,,,,0,0,1.18,https://pubs.acs.org/doi/10.1021/acs.jmedchem.1c01830,"Not explictly said if NEF or EF, but cites 10.1093/bib/bbaa070 where EF is defined as non normalized EF"
sirt2,IGN(avg),,0.711,0.055,,,,,,1.45,1.57,2.63,https://pubs.acs.org/doi/10.1021/acs.jmedchem.1c01830,"Not explictly said if NEF or EF, but cites 10.1093/bib/bbaa070 where EF is defined as non normalized EF"
src,IGN(avg),,0.976,0.915,,,,,,29.57,27.87,17.14,https://pubs.acs.org/doi/10.1021/acs.jmedchem.1c01830,"Not explictly said if NEF or EF, but cites 10.1093/bib/bbaa070 where EF is defined as non normalized EF"
thrombin,IGN(avg),,0.969,0.92,,,,,,27.23,28.51,18.4,https://pubs.acs.org/doi/10.1021/acs.jmedchem.1c01830,"Not explictly said if NEF or EF, but cites 10.1093/bib/bbaa070 where EF is defined as non normalized EF"
tie2,IGN(avg),,0.969,0.745,,,,,,19.68,21.32,16.73,https://pubs.acs.org/doi/10.1021/acs.jmedchem.1c01830,"Not explictly said if NEF or EF, but cites 10.1093/bib/bbaa070 where EF is defined as non normalized EF"
tk,IGN(avg),,0.969,0.833,,,,,,28.6,27.56,15.13,https://pubs.acs.org/doi/10.1021/acs.jmedchem.1c01830,"Not explictly said if NEF or EF, but cites 10.1093/bib/bbaa070 where EF is defined as non normalized EF"
tp,IGN(avg),,0.564,0.007,,,,,,0,0,0.64,https://pubs.acs.org/doi/10.1021/acs.jmedchem.1c01830,"Not explictly said if NEF or EF, but cites 10.1093/bib/bbaa070 where EF is defined as non normalized EF"
tpa,IGN(avg),,0.989,1.018,,,,,,30.55,30.55,18.12,https://pubs.acs.org/doi/10.1021/acs.jmedchem.1c01830,"Not explictly said if NEF or EF, but cites 10.1093/bib/bbaa070 where EF is defined as non normalized EF"
ts,IGN(avg),,0.977,0.842,,,,,,26.14,26.59,16.17,https://pubs.acs.org/doi/10.1021/acs.jmedchem.1c01830,"Not explictly said if NEF or EF, but cites 10.1093/bib/bbaa070 where EF is defined as non normalized EF"
upa,IGN(avg),,0.949,0.824,,,,,,26.58,24.92,13.95,https://pubs.acs.org/doi/10.1021/acs.jmedchem.1c01830,"Not explictly said if NEF or EF, but cites 10.1093/bib/bbaa070 where EF is defined as non normalized EF"
vegfr1,IGN(avg),,0.991,0.875,,,,,,23.29,24.96,18.39,https://pubs.acs.org/doi/10.1021/acs.jmedchem.1c01830,"Not explictly said if NEF or EF, but cites 10.1093/bib/bbaa070 where EF is defined as non normalized EF"
vegfr2,IGN(avg),,0.985,0.946,,,,,,29.79,27.27,18.12,https://pubs.acs.org/doi/10.1021/acs.jmedchem.1c01830,"Not explictly said if NEF or EF, but cites 10.1093/bib/bbaa070 where EF is defined as non normalized EF"
11betahsd1,KarmaDock Aligned,,0.587005277,0.029248459,,,,,,0,0,1.521982759,https://www.nature.com/articles/s43588-023-00511-5,Not sure if NEF or EF
17betahsd1,KarmaDock Aligned,,0.537342039,0.016714451,,,,,,0,0,1.508606557,https://www.nature.com/articles/s43588-023-00511-5,Not sure if NEF or EF
a2a,KarmaDock Aligned,,0.718181818,0.226161059,,,,,,5.116666667,10.23333333,4.529508197,https://www.nature.com/articles/s43588-023-00511-5,Not sure if NEF or EF
ace,KarmaDock Aligned,,0.685523013,0.46949482,,,,,,15.4375,12.86458333,8.098360656,https://www.nature.com/articles/s43588-023-00511-5,Not sure if NEF or EF
ace2,KarmaDock Aligned,,0.430400334,0.059688034,,,,,,5.1625,2.58125,0.507786885,https://www.nature.com/articles/s43588-023-00511-5,Not sure if NEF or EF
ache,KarmaDock Aligned,,0.47966893,0.158408343,,,,,,5.075,5.075,3.045,https://www.nature.com/articles/s43588-023-00511-5,Not sure if NEF or EF
adam17,KarmaDock Aligned,,0.581244743,0.141529705,,,,,,10.24166667,5.120833333,2.014754098,https://www.nature.com/articles/s43588-023-00511-5,Not sure if NEF or EF
adrb2,KarmaDock Aligned,,0.518676868,0.023745091,,,,,,0,0,1.009649123,https://www.nature.com/articles/s43588-023-00511-5,Not sure if NEF or EF
akt1,KarmaDock Aligned,,0.807130359,0.337934326,,,,,,5.915,10.75454545,6.015254237,https://www.nature.com/articles/s43588-023-00511-5,Not sure if NEF or EF
alr2,KarmaDock Aligned,,0.513628692,0.098006697,,,,,,0,2.552083333,3.514344262,https://www.nature.com/articles/s43588-023-00511-5,Not sure if NEF or EF
ar,KarmaDock Aligned,,0.856177446,0.740168828,,,,,,10.71666667,13.39583333,7.0328125,https://www.nature.com/articles/s43588-023-00511-5,Not sure if NEF or EF
aurka,KarmaDock Aligned,,0.906746371,0.874376066,,,,,,30.275,25.22916667,13.62375,https://www.nature.com/articles/s43588-023-00511-5,Not sure if NEF or EF
aurkb,KarmaDock Aligned,,0.883297872,0.845489709,,,,,,30.375,30.375,13.1625,https://www.nature.com/articles/s43588-023-00511-5,Not sure if NEF or EF
bcl2,KarmaDock Aligned,,0.562277731,0.171715069,,,,,,10.175,5.0875,3.002459016,https://www.nature.com/articles/s43588-023-00511-5,Not sure if NEF or EF
braf,KarmaDock Aligned,,0.797286325,0.350666384,,,,,,20.16666667,12.60416667,5.041666667,https://www.nature.com/articles/s43588-023-00511-5,Not sure if NEF or EF
catl,KarmaDock Aligned,,0.59180637,0.246310212,,,,,,10.275,7.70625,5.053278689,https://www.nature.com/articles/s43588-023-00511-5,Not sure if NEF or EF
cdk2,KarmaDock Aligned,,0.931574394,0.793181635,,,,,,29.9,24.46363636,12.16271186,https://www.nature.com/articles/s43588-023-00511-5,Not sure if NEF or EF
cox1,KarmaDock Aligned,,0.689467593,0.322822719,,,,,,11.2,7.636363636,4.5,https://www.nature.com/articles/s43588-023-00511-5,Not sure if NEF or EF
cox2,KarmaDock Aligned,,0.803422983,0.202965726,,,,,,0,5.3625,4.596428571,https://www.nature.com/articles/s43588-023-00511-5,Not sure if NEF or EF
ctsk,KarmaDock Aligned,,0.359895397,0.091693152,,,,,,5.145833333,2.572916667,2.024590164,https://www.nature.com/articles/s43588-023-00511-5,Not sure if NEF or EF
cyp2a6,KarmaDock Aligned,,0.514298144,0.054113519,,,,,,0,0,2.004444444,https://www.nature.com/articles/s43588-023-00511-5,Not sure if NEF or EF
dhfr,KarmaDock Aligned,,0.779244088,0.453495852,,,,,,15.3,15.3,9.531147541,https://www.nature.com/articles/s43588-023-00511-5,Not sure if NEF or EF
egfr,KarmaDock Aligned,,0.863036942,0.700392933,,,,,,25.08333333,25.08333333,10.03333333,https://www.nature.com/articles/s43588-023-00511-5,Not sure if NEF or EF
ephb4,KarmaDock Aligned,,0.974020443,0.898592165,,,,,,30.35,27.82083333,16.18666667,https://www.nature.com/articles/s43588-023-00511-5,Not sure if NEF or EF
erbb2,KarmaDock Aligned,,0.960454943,0.90897467,,,,,,29.575,26.88636364,16.04067797,https://www.nature.com/articles/s43588-023-00511-5,Not sure if NEF or EF
er-beta,KarmaDock Aligned,,0.8796875,0.716981981,,,,,,15.75,15.75,9.5,https://www.nature.com/articles/s43588-023-00511-5,Not sure if NEF or EF
fgfr1,KarmaDock Aligned,,0.909064969,0.7821358,,,,,,17.685,24.11590909,11.68836207,https://www.nature.com/articles/s43588-023-00511-5,Not sure if NEF or EF
fkbp1a,KarmaDock Aligned,,0.822170997,0.721670238,,,,,,30.825,30.825,8.59057377,https://www.nature.com/articles/s43588-023-00511-5,Not sure if NEF or EF
fxa,KarmaDock Aligned,,0.76639948,0.551491713,,,,,,23.88,21.70909091,7.588983051,https://www.nature.com/articles/s43588-023-00511-5,Not sure if NEF or EF
gba,KarmaDock Aligned,,0.700945378,0.132011717,,,,,,5.125,2.5625,4.032786885,https://www.nature.com/articles/s43588-023-00511-5,Not sure if NEF or EF
gr,KarmaDock Aligned,,0.641948436,0.297383286,,,,,,20.38333333,10.19166667,4.009836066,https://www.nature.com/articles/s43588-023-00511-5,Not sure if NEF or EF
gsk3b,KarmaDock Aligned,,0.911180258,0.754209426,,,,,,25.10416667,25.10416667,14.05833333,https://www.nature.com/articles/s43588-023-00511-5,Not sure if NEF or EF
hdac2,KarmaDock Aligned,,0.48632879,0.188881468,,,,,,15.175,7.5875,2.023333333,https://www.nature.com/articles/s43588-023-00511-5,Not sure if NEF or EF
hdac8,KarmaDock Aligned,,0.474099665,0.000435622,,,,,,0,0,0,https://www.nature.com/articles/s43588-023-00511-5,Not sure if NEF or EF
hiv1pr,KarmaDock Aligned,,0.863764528,0.926931116,,,,,,32.86486486,32.86486486,14.78918919,https://www.nature.com/articles/s43588-023-00511-5,Not sure if NEF or EF
hiv1rt,KarmaDock Aligned,,0.670072218,0.102455268,,,,,,0,5.070833333,3.0425,https://www.nature.com/articles/s43588-023-00511-5,Not sure if NEF or EF
hmgr,KarmaDock Aligned,,0.93893066,0.859135064,,,,,,25.77083333,28.34791667,14.70204918,https://www.nature.com/articles/s43588-023-00511-5,Not sure if NEF or EF
hsp90,KarmaDock Aligned,,0.786040068,0.418289769,,,,,,20.21666667,15.1625,6.065,https://www.nature.com/articles/s43588-023-00511-5,Not sure if NEF or EF
igf1r,KarmaDock Aligned,,0.922551202,0.596948798,,,,,,17.445,18.50227273,11.52974138,https://www.nature.com/articles/s43588-023-00511-5,Not sure if NEF or EF
inha,KarmaDock Aligned,,0.50850211,0.012676839,,,,,,0,0,1.004098361,https://www.nature.com/articles/s43588-023-00511-5,Not sure if NEF or EF
itk,KarmaDock Aligned,,0.754736619,0.375894692,,,,,,20.28333333,12.67708333,4.56375,https://www.nature.com/articles/s43588-023-00511-5,Not sure if NEF or EF
jak3,KarmaDock Aligned,,0.917502161,0.797522673,,,,,,23.94,27.20454545,13.18728814,https://www.nature.com/articles/s43588-023-00511-5,Not sure if NEF or EF
jnk1,KarmaDock Aligned,,0.858024159,0.697945703,,,,,,17.985,21.8,12.70127119,https://www.nature.com/articles/s43588-023-00511-5,Not sure if NEF or EF
jnk2,KarmaDock Aligned,,0.588493816,0.390746673,,,,,,23.44,15.98181818,3.536206897,https://www.nature.com/articles/s43588-023-00511-5,Not sure if NEF or EF
jnk3,KarmaDock Aligned,,0.839935897,0.689281632,,,,,,30.25,22.6875,9.579166667,https://www.nature.com/articles/s43588-023-00511-5,Not sure if NEF or EF
kif11,KarmaDock Aligned,,0.640718563,0.213526917,,,,,,5.0375,7.55625,4.53375,https://www.nature.com/articles/s43588-023-00511-5,Not sure if NEF or EF
lck,KarmaDock Aligned,,0.827214101,0.717187285,,,,,,25.0625,25.0625,11.0275,https://www.nature.com/articles/s43588-023-00511-5,Not sure if NEF or EF
mdm2,KarmaDock Aligned,,0.614088159,0.299253382,,,,,,17.955,10.88181818,4.057627119,https://www.nature.com/articles/s43588-023-00511-5,Not sure if NEF or EF
mk2,KarmaDock Aligned,,0.955328597,0.719387373,,,,,,23.32,23.85,12.56465517,https://www.nature.com/articles/s43588-023-00511-5,Not sure if NEF or EF
mmp2,KarmaDock Aligned,,0.44403457,0.002094663,,,,,,0,0,0.502459016,https://www.nature.com/articles/s43588-023-00511-5,Not sure if NEF or EF
na,KarmaDock Aligned,,0.94706005,0.972925756,,,,,,30.975,30.975,15.74139344,https://www.nature.com/articles/s43588-023-00511-5,Not sure if NEF or EF
p38-alpha,KarmaDock Aligned,,0.952201524,0.877967821,,,,,,30.525,30.525,14.51188525,https://www.nature.com/articles/s43588-023-00511-5,Not sure if NEF or EF
parp-1,KarmaDock Aligned,,0.937575236,0.729327123,,,,,,30.075,22.55625,13.0325,https://www.nature.com/articles/s43588-023-00511-5,Not sure if NEF or EF
pde4b,KarmaDock Aligned,,0.848112416,0.691092574,,,,,,25.66666667,28.23333333,9.08852459,https://www.nature.com/articles/s43588-023-00511-5,Not sure if NEF or EF
pde5,KarmaDock Aligned,,0.857575758,0.393540872,,,,,,15.35,10.23333333,7.549180328,https://www.nature.com/articles/s43588-023-00511-5,Not sure if NEF or EF
pdk1,KarmaDock Aligned,,0.984940017,1.001051592,,,,,,30.175,30.175,18.105,https://www.nature.com/articles/s43588-023-00511-5,Not sure if NEF or EF
pi3kg,KarmaDock Aligned,,0.862617421,0.496918039,,,,,,15.1375,15.1375,8.073333333,https://www.nature.com/articles/s43588-023-00511-5,Not sure if NEF or EF
pim-1,KarmaDock Aligned,,0.874957228,0.555395088,,,,,,20.15,22.66875,8.06,https://www.nature.com/articles/s43588-023-00511-5,Not sure if NEF or EF
pim-2,KarmaDock Aligned,,0.895269692,0.391230177,,,,,,10.06666667,12.58333333,10.06666667,https://www.nature.com/articles/s43588-023-00511-5,Not sure if NEF or EF
pnp,KarmaDock Aligned,,0.955541562,0.790675179,,,,,,30.775,28.21041667,12.10819672,https://www.nature.com/articles/s43588-023-00511-5,Not sure if NEF or EF
ppara,KarmaDock Aligned,,0.616272727,0.306349654,,,,,,5.7,7.772727273,5,https://www.nature.com/articles/s43588-023-00511-5,Not sure if NEF or EF
pparg,KarmaDock Aligned,,0.608954545,0.492887662,,,,,,22.8,18.13636364,6,https://www.nature.com/articles/s43588-023-00511-5,Not sure if NEF or EF
pr,KarmaDock Aligned,,0.6984375,0.33851142,,,,,,15.48,10.32,4.047058824,https://www.nature.com/articles/s43588-023-00511-5,Not sure if NEF or EF
prkcq,KarmaDock Aligned,,0.834057659,0.773187109,,,,,,30.05,25.04166667,12.02,https://www.nature.com/articles/s43588-023-00511-5,Not sure if NEF or EF
pygl-in,KarmaDock Aligned,,0.726069631,0.603029356,,,,,,30.8,23.1,7.573770492,https://www.nature.com/articles/s43588-023-00511-5,Not sure if NEF or EF
pygl-out,KarmaDock Aligned,,0.805455686,0.276434013,,,,,,20.6,10.3,3.039344262,https://www.nature.com/articles/s43588-023-00511-5,Not sure if NEF or EF
qpct,KarmaDock Aligned,,0.649373957,0.019530002,,,,,,0,0,2.029508197,https://www.nature.com/articles/s43588-023-00511-5,Not sure if NEF or EF
rock-1,KarmaDock Aligned,,0.883376178,0.605452978,,,,,,30.175,22.63125,9.0525,https://www.nature.com/articles/s43588-023-00511-5,Not sure if NEF or EF
rxr,KarmaDock Aligned,,0.91465798,0.923655337,,,,,,24.025,24.025,13.01354167,https://www.nature.com/articles/s43588-023-00511-5,Not sure if NEF or EF
sars-hcov,KarmaDock Aligned,,0.504244032,0.077025866,,,,,,6.148717949,2.794871795,1.042155585,https://www.nature.com/articles/s43588-023-00511-5,Not sure if NEF or EF
sirt2,KarmaDock Aligned,,0.53903732,0.010845394,,,,,,0,0,1.015833333,https://www.nature.com/articles/s43588-023-00511-5,Not sure if NEF or EF
src,KarmaDock Aligned,,0.777732707,0.600083863,,,,,,25.22916667,22.70625,7.56875,https://www.nature.com/articles/s43588-023-00511-5,Not sure if NEF or EF
thrombin,KarmaDock Aligned,,0.848613481,0.750282518,,,,,,30.3,30.3,10.1,https://www.nature.com/articles/s43588-023-00511-5,Not sure if NEF or EF
tie2,KarmaDock Aligned,,0.627653149,0.548714716,,,,,,29.975,21.8,7.112711864,https://www.nature.com/articles/s43588-023-00511-5,Not sure if NEF or EF
tk,KarmaDock Aligned,,0.56959799,0.080017636,,,,,,5.141666667,2.570833333,1.517213115,https://www.nature.com/articles/s43588-023-00511-5,Not sure if NEF or EF
tp,KarmaDock Aligned,,0.806986789,0.421163689,,,,,,15.36,10.24,6.525490196,https://www.nature.com/articles/s43588-023-00511-5,Not sure if NEF or EF
tpa,KarmaDock Aligned,,0.896081923,0.54175135,,,,,,23.26,18.50227273,10.02586207,https://www.nature.com/articles/s43588-023-00511-5,Not sure if NEF or EF
ts,KarmaDock Aligned,,0.579915254,0.108286428,,,,,,0,2.541666667,3.5,https://www.nature.com/articles/s43588-023-00511-5,Not sure if NEF or EF
upa,KarmaDock Aligned,,0.699156574,0.603221818,,,,,,29.9,27.18181818,6.588135593,https://www.nature.com/articles/s43588-023-00511-5,Not sure if NEF or EF
vegfr1,KarmaDock Aligned,,0.675227273,0.421767651,,,,,,17.1,15.54545455,5,https://www.nature.com/articles/s43588-023-00511-5,Not sure if NEF or EF
vegfr2,KarmaDock Aligned,,0.817188823,0.485353721,,,,,,15.2625,20.35,7.005737705,https://www.nature.com/articles/s43588-023-00511-5,Not sure if NEF or EF
11betahsd1,KarmaDock FF,,0.613764292,0.067074454,,,,,,0,0,2.536637931,https://www.nature.com/articles/s43588-023-00511-5,Not sure if NEF or EF
17betahsd1,KarmaDock FF,,0.498146588,0.022728138,,,,,,0,0,0.502868852,https://www.nature.com/articles/s43588-023-00511-5,Not sure if NEF or EF
a2a,KarmaDock FF,,0.668897306,0.267627676,,,,,,15.35,7.675,4.026229508,https://www.nature.com/articles/s43588-023-00511-5,Not sure if NEF or EF
ace,KarmaDock FF,,0.838096234,0.546828283,,,,,,20.58333333,23.15625,7.592213115,https://www.nature.com/articles/s43588-023-00511-5,Not sure if NEF or EF
ace2,KarmaDock FF,,0.520954962,0.036477063,,,,,,0,0,1.523360656,https://www.nature.com/articles/s43588-023-00511-5,Not sure if NEF or EF
ache,KarmaDock FF,,0.570670628,0.187988169,,,,,,5.075,5.075,4.5675,https://www.nature.com/articles/s43588-023-00511-5,Not sure if NEF or EF
adam17,KarmaDock FF,,0.712342304,0.291775264,,,,,,5.120833333,10.24166667,5.54057377,https://www.nature.com/articles/s43588-023-00511-5,Not sure if NEF or EF
adrb2,KarmaDock FF,,0.598424842,0.074873659,,,,,,0,2.615909091,2.524122807,https://www.nature.com/articles/s43588-023-00511-5,Not sure if NEF or EF
akt1,KarmaDock FF,,0.891754156,0.561690613,,,,,,17.745,16.13181818,10.52669492,https://www.nature.com/articles/s43588-023-00511-5,Not sure if NEF or EF
alr2,KarmaDock FF,,0.479135021,0.027243703,,,,,,0,0,1.506147541,https://www.nature.com/articles/s43588-023-00511-5,Not sure if NEF or EF
ar,KarmaDock FF,,0.905223881,0.969032451,,,,,,16.075,16.075,9.54453125,https://www.nature.com/articles/s43588-023-00511-5,Not sure if NEF or EF
aurka,KarmaDock FF,,0.982856533,0.918821414,,,,,,30.275,27.75208333,17.15583333,https://www.nature.com/articles/s43588-023-00511-5,Not sure if NEF or EF
aurkb,KarmaDock FF,,0.981574468,0.863808767,,,,,,25.3125,25.3125,16.2,https://www.nature.com/articles/s43588-023-00511-5,Not sure if NEF or EF
bcl2,KarmaDock FF,,0.830038103,0.491352599,,,,,,15.2625,15.2625,8.506967213,https://www.nature.com/articles/s43588-023-00511-5,Not sure if NEF or EF
braf,KarmaDock FF,,0.727735043,0.306813997,,,,,,10.08333333,12.60416667,5.041666667,https://www.nature.com/articles/s43588-023-00511-5,Not sure if NEF or EF
catl,KarmaDock FF,,0.693629505,0.48292921,,,,,,15.4125,20.55,6.569262295,https://www.nature.com/articles/s43588-023-00511-5,Not sure if NEF or EF
cdk2,KarmaDock FF,,0.901189446,0.49008444,,,,,,11.96,10.87272727,10.64237288,https://www.nature.com/articles/s43588-023-00511-5,Not sure if NEF or EF
cox1,KarmaDock FF,,0.631967593,0.229606312,,,,,,5.6,7.636363636,4,https://www.nature.com/articles/s43588-023-00511-5,Not sure if NEF or EF
cox2,KarmaDock FF,,0.701864303,0.058509499,,,,,,0,0,3.575,https://www.nature.com/articles/s43588-023-00511-5,Not sure if NEF or EF
ctsk,KarmaDock FF,,0.481213389,0.235922504,,,,,,0,10.29166667,4.049180328,https://www.nature.com/articles/s43588-023-00511-5,Not sure if NEF or EF
cyp2a6,KarmaDock FF,,0.485788863,0.099751617,,,,,,5.6375,2.505555556,1.002222222,https://www.nature.com/articles/s43588-023-00511-5,Not sure if NEF or EF
dhfr,KarmaDock FF,,0.825886824,0.614678657,,,,,,15.3,22.95,10.03278689,https://www.nature.com/articles/s43588-023-00511-5,Not sure if NEF or EF
egfr,KarmaDock FF,,0.868277491,0.734653752,,,,,,30.1,25.08333333,10.535,https://www.nature.com/articles/s43588-023-00511-5,Not sure if NEF or EF
ephb4,KarmaDock FF,,0.99697615,0.968719256,,,,,,25.29166667,27.82083333,19.7275,https://www.nature.com/articles/s43588-023-00511-5,Not sure if NEF or EF
erbb2,KarmaDock FF,,0.935104987,0.855228961,,,,,,29.575,26.88636364,16.04067797,https://www.nature.com/articles/s43588-023-00511-5,Not sure if NEF or EF
er-beta,KarmaDock FF,,0.87196875,0.725683589,,,,,,15.75,18.375,9.5,https://www.nature.com/articles/s43588-023-00511-5,Not sure if NEF or EF
fgfr1,KarmaDock FF,,0.946510097,0.872965837,,,,,,29.475,24.11590909,14.22931034,https://www.nature.com/articles/s43588-023-00511-5,Not sure if NEF or EF
fkbp1a,KarmaDock FF,,0.970850796,0.990826446,,,,,,30.825,30.825,16.67581967,https://www.nature.com/articles/s43588-023-00511-5,Not sure if NEF or EF
fxa,KarmaDock FF,,0.969064125,0.886086637,,,,,,23.88,27.13636364,15.1779661,https://www.nature.com/articles/s43588-023-00511-5,Not sure if NEF or EF
gba,KarmaDock FF,,0.634810924,0.141280946,,,,,,10.25,5.125,2.016393443,https://www.nature.com/articles/s43588-023-00511-5,Not sure if NEF or EF
gr,KarmaDock FF,,0.653909552,0.244078128,,,,,,10.19166667,7.64375,5.51352459,https://www.nature.com/articles/s43588-023-00511-5,Not sure if NEF or EF
gsk3b,KarmaDock FF,,0.933562232,0.650038043,,,,,,30.125,17.57291667,11.04583333,https://www.nature.com/articles/s43588-023-00511-5,Not sure if NEF or EF
hdac2,KarmaDock FF,,0.521443782,0.038659521,,,,,,0,0,2.023333333,https://www.nature.com/articles/s43588-023-00511-5,Not sure if NEF or EF
hdac8,KarmaDock FF,,0.439635678,0.000948308,,,,,,0,0,0,https://www.nature.com/articles/s43588-023-00511-5,Not sure if NEF or EF
hiv1pr,KarmaDock FF,,0.874699127,0.903453996,,,,,,27.38738739,30.12612613,16.43243243,https://www.nature.com/articles/s43588-023-00511-5,Not sure if NEF or EF
hiv1rt,KarmaDock FF,,0.617672048,0.018786891,,,,,,0,0,1.014166667,https://www.nature.com/articles/s43588-023-00511-5,Not sure if NEF or EF
hmgr,KarmaDock FF,,0.960672515,0.997493028,,,,,,30.925,30.925,17.74385246,https://www.nature.com/articles/s43588-023-00511-5,Not sure if NEF or EF
hsp90,KarmaDock FF,,0.905029838,0.684858618,,,,,,25.27083333,25.27083333,12.13,https://www.nature.com/articles/s43588-023-00511-5,Not sure if NEF or EF
igf1r,KarmaDock FF,,0.971927872,0.916233387,,,,,,29.075,29.075,14.0362069,https://www.nature.com/articles/s43588-023-00511-5,Not sure if NEF or EF
inha,KarmaDock FF,,0.499029536,0.039599477,,,,,,0,0,2.008196721,https://www.nature.com/articles/s43588-023-00511-5,Not sure if NEF or EF
itk,KarmaDock FF,,0.802230246,0.464678459,,,,,,15.2125,15.2125,8.620416667,https://www.nature.com/articles/s43588-023-00511-5,Not sure if NEF or EF
jak3,KarmaDock FF,,0.941832325,0.717656565,,,,,,23.94,24.48409091,11.15847458,https://www.nature.com/articles/s43588-023-00511-5,Not sure if NEF or EF
jnk1,KarmaDock FF,,0.85267472,0.534318952,,,,,,17.985,19.075,9.652966102,https://www.nature.com/articles/s43588-023-00511-5,Not sure if NEF or EF
jnk2,KarmaDock FF,,0.585512367,0.443739939,,,,,,29.3,15.98181818,4.546551724,https://www.nature.com/articles/s43588-023-00511-5,Not sure if NEF or EF
jnk3,KarmaDock FF,,0.864423077,0.698182571,,,,,,20.16666667,22.6875,10.5875,https://www.nature.com/articles/s43588-023-00511-5,Not sure if NEF or EF
kif11,KarmaDock FF,,0.647722412,0.10849836,,,,,,5.0375,5.0375,1.0075,https://www.nature.com/articles/s43588-023-00511-5,Not sure if NEF or EF
lck,KarmaDock FF,,0.889230439,0.819446652,,,,,,25.0625,25.0625,14.53625,https://www.nature.com/articles/s43588-023-00511-5,Not sure if NEF or EF
mdm2,KarmaDock FF,,0.842221262,0.578051398,,,,,,29.925,24.48409091,8.115254237,https://www.nature.com/articles/s43588-023-00511-5,Not sure if NEF or EF
mk2,KarmaDock FF,,0.932748668,0.648095619,,,,,,23.32,23.85,9.046551724,https://www.nature.com/articles/s43588-023-00511-5,Not sure if NEF or EF
mmp2,KarmaDock FF,,0.421648398,0.033288345,,,,,,0,0,0.502459016,https://www.nature.com/articles/s43588-023-00511-5,Not sure if NEF or EF
na,KarmaDock FF,,0.994974979,1.042858672,,,,,,30.975,30.975,18.78811475,https://www.nature.com/articles/s43588-023-00511-5,Not sure if NEF or EF
p38-alpha,KarmaDock FF,,0.918162574,0.736487746,,,,,,25.4375,22.89375,11.50942623,https://www.nature.com/articles/s43588-023-00511-5,Not sure if NEF or EF
parp-1,KarmaDock FF,,0.927794497,0.785524617,,,,,,30.075,27.56875,12.53125,https://www.nature.com/articles/s43588-023-00511-5,Not sure if NEF or EF
pde4b,KarmaDock FF,,0.907592282,0.673094756,,,,,,30.8,20.53333333,13.63278689,https://www.nature.com/articles/s43588-023-00511-5,Not sure if NEF or EF
pde5,KarmaDock FF,,0.759427609,0.321385467,,,,,,10.23333333,10.23333333,5.032786885,https://www.nature.com/articles/s43588-023-00511-5,Not sure if NEF or EF
pdk1,KarmaDock FF,,0.972600686,1.022093112,,,,,,30.175,30.175,18.105,https://www.nature.com/articles/s43588-023-00511-5,Not sure if NEF or EF
pi3kg,KarmaDock FF,,0.816054654,0.439172508,,,,,,20.18333333,15.1375,7.56875,https://www.nature.com/articles/s43588-023-00511-5,Not sure if NEF or EF
pim-1,KarmaDock FF,,0.807399487,0.440315923,,,,,,5.0375,12.59375,9.0675,https://www.nature.com/articles/s43588-023-00511-5,Not sure if NEF or EF
pim-2,KarmaDock FF,,0.862114726,0.464027474,,,,,,15.1,17.61666667,9.563333333,https://www.nature.com/articles/s43588-023-00511-5,Not sure if NEF or EF
pnp,KarmaDock FF,,0.942779177,0.810423605,,,,,,30.775,28.21041667,11.09918033,https://www.nature.com/articles/s43588-023-00511-5,Not sure if NEF or EF
ppara,KarmaDock FF,,0.836818182,0.686892473,,,,,,17.1,15.54545455,12.5,https://www.nature.com/articles/s43588-023-00511-5,Not sure if NEF or EF
pparg,KarmaDock FF,,0.712113636,0.452762054,,,,,,28.5,15.54545455,7.5,https://www.nature.com/articles/s43588-023-00511-5,Not sure if NEF or EF
pr,KarmaDock FF,,0.619984879,0.383095067,,,,,,15.48,10.32,4.552941176,https://www.nature.com/articles/s43588-023-00511-5,Not sure if NEF or EF
prkcq,KarmaDock FF,,0.870675559,0.702873297,,,,,,25.04166667,25.04166667,12.02,https://www.nature.com/articles/s43588-023-00511-5,Not sure if NEF or EF
pygl-in,KarmaDock FF,,0.818896812,0.568679399,,,,,,20.53333333,17.96666667,9.593442623,https://www.nature.com/articles/s43588-023-00511-5,Not sure if NEF or EF
pygl-out,KarmaDock FF,,0.811956522,0.117734673,,,,,,5.15,2.575,3.545901639,https://www.nature.com/articles/s43588-023-00511-5,Not sure if NEF or EF
qpct,KarmaDock FF,,0.98307596,0.650733444,,,,,,20.63333333,15.475,16.23606557,https://www.nature.com/articles/s43588-023-00511-5,Not sure if NEF or EF
rock-1,KarmaDock FF,,0.838838903,0.753671439,,,,,,25.14583333,25.14583333,11.56708333,https://www.nature.com/articles/s43588-023-00511-5,Not sure if NEF or EF
rxr,KarmaDock FF,,0.976737242,0.947814397,,,,,,24.025,24.025,14.51510417,https://www.nature.com/articles/s43588-023-00511-5,Not sure if NEF or EF
sars-hcov,KarmaDock FF,,0.588351017,0.098972955,,,,,,6.148717949,2.794871795,1.042155585,https://www.nature.com/articles/s43588-023-00511-5,Not sure if NEF or EF
sirt2,KarmaDock FF,,0.566899915,0.020760041,,,,,,0,0,0.507916667,https://www.nature.com/articles/s43588-023-00511-5,Not sure if NEF or EF
src,KarmaDock FF,,0.866097353,0.73138017,,,,,,30.275,25.22916667,13.11916667,https://www.nature.com/articles/s43588-023-00511-5,Not sure if NEF or EF
thrombin,KarmaDock FF,,0.924082765,0.894577282,,,,,,30.3,30.3,13.635,https://www.nature.com/articles/s43588-023-00511-5,Not sure if NEF or EF
tie2,KarmaDock FF,,0.780241588,0.83624407,,,,,,29.975,27.25,12.19322034,https://www.nature.com/articles/s43588-023-00511-5,Not sure if NEF or EF
tk,KarmaDock FF,,0.783563652,0.608998196,,,,,,25.70833333,23.1375,8.597540984,https://www.nature.com/articles/s43588-023-00511-5,Not sure if NEF or EF
tp,KarmaDock FF,,0.748246951,0.464558282,,,,,,25.6,17.92,4.517647059,https://www.nature.com/articles/s43588-023-00511-5,Not sure if NEF or EF
tpa,KarmaDock FF,,0.938423865,0.837747079,,,,,,29.075,26.43181818,12.53232759,https://www.nature.com/articles/s43588-023-00511-5,Not sure if NEF or EF
ts,KarmaDock FF,,0.614894068,0.258554054,,,,,,10.16666667,5.083333333,5.5,https://www.nature.com/articles/s43588-023-00511-5,Not sure if NEF or EF
upa,KarmaDock FF,,0.717495675,0.754199592,,,,,,29.9,29.9,10.13559322,https://www.nature.com/articles/s43588-023-00511-5,Not sure if NEF or EF
vegfr1,KarmaDock FF,,0.793522727,0.463092467,,,,,,11.4,10.36363636,7.5,https://www.nature.com/articles/s43588-023-00511-5,Not sure if NEF or EF
vegfr2,KarmaDock FF,,0.86638442,0.483695783,,,,,,20.35,15.2625,6.505327869,https://www.nature.com/articles/s43588-023-00511-5,Not sure if NEF or EF
11betahsd1,KarmaDock Raw,,0.625813544,0.043208273,,,,,,0,2.675,1.014655172,https://www.nature.com/articles/s43588-023-00511-5,Not sure if NEF or EF
17betahsd1,KarmaDock Raw,,0.507666386,0.022562224,,,,,,0,0,0.502868852,https://www.nature.com/articles/s43588-023-00511-5,Not sure if NEF or EF
a2a,KarmaDock Raw,,0.684785354,0.222535771,,,,,,5.116666667,5.116666667,3.52295082,https://www.nature.com/articles/s43588-023-00511-5,Not sure if NEF or EF
ace,KarmaDock Raw,,0.855523013,0.496644003,,,,,,20.58333333,20.58333333,6.073770492,https://www.nature.com/articles/s43588-023-00511-5,Not sure if NEF or EF
ace2,KarmaDock Raw,,0.453294412,0.015720878,,,,,,0,0,1.523360656,https://www.nature.com/articles/s43588-023-00511-5,Not sure if NEF or EF
ache,KarmaDock Raw,,0.58106961,0.190639637,,,,,,10.15,7.6125,5.075,https://www.nature.com/articles/s43588-023-00511-5,Not sure if NEF or EF
adam17,KarmaDock Raw,,0.688225399,0.429358227,,,,,,20.48333333,15.3625,6.044262295,https://www.nature.com/articles/s43588-023-00511-5,Not sure if NEF or EF
adrb2,KarmaDock Raw,,0.549572457,0.028858516,,,,,,0,0,0.504824561,https://www.nature.com/articles/s43588-023-00511-5,Not sure if NEF or EF
akt1,KarmaDock Raw,,0.891469816,0.52826146,,,,,,17.745,13.44318182,10.52669492,https://www.nature.com/articles/s43588-023-00511-5,Not sure if NEF or EF
alr2,KarmaDock Raw,,0.464535865,0.000745192,,,,,,0,0,0,https://www.nature.com/articles/s43588-023-00511-5,Not sure if NEF or EF
ar,KarmaDock Raw,,0.886691542,0.934647031,,,,,,16.075,16.075,10.046875,https://www.nature.com/articles/s43588-023-00511-5,Not sure if NEF or EF
aurka,KarmaDock Raw,,0.993082835,0.9711938,,,,,,30.275,27.75208333,18.165,https://www.nature.com/articles/s43588-023-00511-5,Not sure if NEF or EF
aurkb,KarmaDock Raw,,0.988085106,0.940953121,,,,,,25.3125,27.84375,17.2125,https://www.nature.com/articles/s43588-023-00511-5,Not sure if NEF or EF
bcl2,KarmaDock Raw,,0.821507197,0.49998863,,,,,,20.35,17.80625,7.005737705,https://www.nature.com/articles/s43588-023-00511-5,Not sure if NEF or EF
braf,KarmaDock Raw,,0.827777778,0.326382114,,,,,,15.125,7.5625,6.05,https://www.nature.com/articles/s43588-023-00511-5,Not sure if NEF or EF
catl,KarmaDock Raw,,0.69578793,0.41842072,,,,,,10.275,17.98125,6.569262295,https://www.nature.com/articles/s43588-023-00511-5,Not sure if NEF or EF
cdk2,KarmaDock Raw,,0.924264706,0.678971098,,,,,,23.92,24.46363636,10.64237288,https://www.nature.com/articles/s43588-023-00511-5,Not sure if NEF or EF
cox1,KarmaDock Raw,,0.619560185,0.161457029,,,,,,5.6,5.090909091,3.5,https://www.nature.com/articles/s43588-023-00511-5,Not sure if NEF or EF
cox2,KarmaDock Raw,,0.645599022,0.09370694,,,,,,5.3625,2.68125,1.532142857,https://www.nature.com/articles/s43588-023-00511-5,Not sure if NEF or EF
ctsk,KarmaDock Raw,,0.487866109,0.199981221,,,,,,0,5.145833333,5.06147541,https://www.nature.com/articles/s43588-023-00511-5,Not sure if NEF or EF
cyp2a6,KarmaDock Raw,,0.483468677,0.224956979,,,,,,5.6375,7.516666667,1.503333333,https://www.nature.com/articles/s43588-023-00511-5,Not sure if NEF or EF
dhfr,KarmaDock Raw,,0.837584459,0.570291585,,,,,,15.3,20.4,9.029508197,https://www.nature.com/articles/s43588-023-00511-5,Not sure if NEF or EF
egfr,KarmaDock Raw,,0.853178694,0.788755506,,,,,,30.1,25.08333333,12.04,https://www.nature.com/articles/s43588-023-00511-5,Not sure if NEF or EF
ephb4,KarmaDock Raw,,0.99548552,0.969864417,,,,,,25.29166667,27.82083333,19.22166667,https://www.nature.com/articles/s43588-023-00511-5,Not sure if NEF or EF
erbb2,KarmaDock Raw,,0.938867017,0.831709755,,,,,,23.66,26.88636364,14.53686441,https://www.nature.com/articles/s43588-023-00511-5,Not sure if NEF or EF
er-beta,KarmaDock Raw,,0.90284375,0.651511162,,,,,,21,15.75,9,https://www.nature.com/articles/s43588-023-00511-5,Not sure if NEF or EF
fgfr1,KarmaDock Raw,,0.950790167,0.909590505,,,,,,29.475,29.475,14.22931034,https://www.nature.com/articles/s43588-023-00511-5,Not sure if NEF or EF
fkbp1a,KarmaDock Raw,,0.977661358,0.989955904,,,,,,30.825,30.825,16.1704918,https://www.nature.com/articles/s43588-023-00511-5,Not sure if NEF or EF
fxa,KarmaDock Raw,,0.969757366,0.870947032,,,,,,23.88,24.42272727,15.68389831,https://www.nature.com/articles/s43588-023-00511-5,Not sure if NEF or EF
gba,KarmaDock Raw,,0.636176471,0.217506718,,,,,,10.25,10.25,2.016393443,https://www.nature.com/articles/s43588-023-00511-5,Not sure if NEF or EF
gr,KarmaDock Raw,,0.645498732,0.229442395,,,,,,10.19166667,7.64375,4.009836066,https://www.nature.com/articles/s43588-023-00511-5,Not sure if NEF or EF
gsk3b,KarmaDock Raw,,0.928948498,0.691773123,,,,,,30.125,20.08333333,11.04583333,https://www.nature.com/articles/s43588-023-00511-5,Not sure if NEF or EF
hdac2,KarmaDock Raw,,0.538692504,0.039810815,,,,,,0,0,1.5175,https://www.nature.com/articles/s43588-023-00511-5,Not sure if NEF or EF
hdac8,KarmaDock Raw,,0.397110553,0.002267038,,,,,,0,0,0.505737705,https://www.nature.com/articles/s43588-023-00511-5,Not sure if NEF or EF
hiv1pr,KarmaDock Raw,,0.890035073,0.901558072,,,,,,32.86486486,27.38738739,15.88468468,https://www.nature.com/articles/s43588-023-00511-5,Not sure if NEF or EF
hiv1rt,KarmaDock Raw,,0.640016992,0.044117846,,,,,,0,0,1.52125,https://www.nature.com/articles/s43588-023-00511-5,Not sure if NEF or EF
hmgr,KarmaDock Raw,,0.968880535,1.031979993,,,,,,30.925,30.925,18.25081967,https://www.nature.com/articles/s43588-023-00511-5,Not sure if NEF or EF
hsp90,KarmaDock Raw,,0.888022165,0.652235568,,,,,,20.21666667,20.21666667,10.61375,https://www.nature.com/articles/s43588-023-00511-5,Not sure if NEF or EF
igf1r,KarmaDock Raw,,0.98279163,0.896636877,,,,,,29.075,26.43181818,16.04137931,https://www.nature.com/articles/s43588-023-00511-5,Not sure if NEF or EF
inha,KarmaDock Raw,,0.477341772,0.022280021,,,,,,0,0,1.506147541,https://www.nature.com/articles/s43588-023-00511-5,Not sure if NEF or EF
itk,KarmaDock Raw,,0.808517417,0.481834969,,,,,,10.14166667,12.67708333,9.634583333,https://www.nature.com/articles/s43588-023-00511-5,Not sure if NEF or EF
jak3,KarmaDock Raw,,0.950799481,0.767401663,,,,,,23.94,24.48409091,12.17288136,https://www.nature.com/articles/s43588-023-00511-5,Not sure if NEF or EF
jnk1,KarmaDock Raw,,0.840703192,0.610912157,,,,,,17.985,19.075,10.6690678,https://www.nature.com/articles/s43588-023-00511-5,Not sure if NEF or EF
jnk2,KarmaDock Raw,,0.600574205,0.466598129,,,,,,29.3,18.64545455,4.546551724,https://www.nature.com/articles/s43588-023-00511-5,Not sure if NEF or EF
jnk3,KarmaDock Raw,,0.856773504,0.740578139,,,,,,25.20833333,25.20833333,11.09166667,https://www.nature.com/articles/s43588-023-00511-5,Not sure if NEF or EF
kif11,KarmaDock Raw,,0.698396065,0.125497924,,,,,,5.0375,5.0375,3.52625,https://www.nature.com/articles/s43588-023-00511-5,Not sure if NEF or EF
lck,KarmaDock Raw,,0.903460877,0.790198979,,,,,,25.0625,25.0625,13.53375,https://www.nature.com/articles/s43588-023-00511-5,Not sure if NEF or EF
mdm2,KarmaDock Raw,,0.856936041,0.61690836,,,,,,23.94,24.48409091,10.65127119,https://www.nature.com/articles/s43588-023-00511-5,Not sure if NEF or EF
mk2,KarmaDock Raw,,0.93401421,0.635574399,,,,,,23.32,18.55,11.05689655,https://www.nature.com/articles/s43588-023-00511-5,Not sure if NEF or EF
mmp2,KarmaDock Raw,,0.414102024,0.021219809,,,,,,0,0,0.502459016,https://www.nature.com/articles/s43588-023-00511-5,Not sure if NEF or EF
na,KarmaDock Raw,,0.993348624,1.04251862,,,,,,30.975,30.975,18.28032787,https://www.nature.com/articles/s43588-023-00511-5,Not sure if NEF or EF
p38-alpha,KarmaDock Raw,,0.931117697,0.752540436,,,,,,25.4375,25.4375,13.01065574,https://www.nature.com/articles/s43588-023-00511-5,Not sure if NEF or EF
parp-1,KarmaDock Raw,,0.918293207,0.803994207,,,,,,30.075,27.56875,13.53375,https://www.nature.com/articles/s43588-023-00511-5,Not sure if NEF or EF
pde4b,KarmaDock Raw,,0.912856544,0.596932152,,,,,,20.53333333,15.4,13.63278689,https://www.nature.com/articles/s43588-023-00511-5,Not sure if NEF or EF
pde5,KarmaDock Raw,,0.785690236,0.273095173,,,,,,15.35,7.675,5.032786885,https://www.nature.com/articles/s43588-023-00511-5,Not sure if NEF or EF
pdk1,KarmaDock Raw,,0.976670951,1.021374184,,,,,,30.175,30.175,18.105,https://www.nature.com/articles/s43588-023-00511-5,Not sure if NEF or EF
pi3kg,KarmaDock Raw,,0.849871904,0.499832938,,,,,,20.18333333,12.61458333,9.587083333,https://www.nature.com/articles/s43588-023-00511-5,Not sure if NEF or EF
pim-1,KarmaDock Raw,,0.789520958,0.407134588,,,,,,10.075,10.075,8.56375,https://www.nature.com/articles/s43588-023-00511-5,Not sure if NEF or EF
pim-2,KarmaDock Raw,,0.84255137,0.347222026,,,,,,10.06666667,10.06666667,7.55,https://www.nature.com/articles/s43588-023-00511-5,Not sure if NEF or EF
pnp,KarmaDock Raw,,0.90906801,0.83257352,,,,,,30.775,28.21041667,11.09918033,https://www.nature.com/articles/s43588-023-00511-5,Not sure if NEF or EF
ppara,KarmaDock Raw,,0.849545455,0.778435219,,,,,,22.8,20.72727273,14.5,https://www.nature.com/articles/s43588-023-00511-5,Not sure if NEF or EF
pparg,KarmaDock Raw,,0.729386364,0.545847556,,,,,,22.8,15.54545455,9,https://www.nature.com/articles/s43588-023-00511-5,Not sure if NEF or EF
pr,KarmaDock Raw,,0.622328629,0.332135131,,,,,,15.48,7.74,3.541176471,https://www.nature.com/articles/s43588-023-00511-5,Not sure if NEF or EF
prkcq,KarmaDock Raw,,0.854345955,0.664467196,,,,,,20.03333333,20.03333333,14.02333333,https://www.nature.com/articles/s43588-023-00511-5,Not sure if NEF or EF
pygl-in,KarmaDock Raw,,0.739387584,0.129719002,,,,,,5.133333333,2.566666667,4.544262295,https://www.nature.com/articles/s43588-023-00511-5,Not sure if NEF or EF
pygl-out,KarmaDock Raw,,0.77972408,0.108976393,,,,,,5.15,2.575,2.026229508,https://www.nature.com/articles/s43588-023-00511-5,Not sure if NEF or EF
qpct,KarmaDock Raw,,0.985371452,0.740225012,,,,,,25.79166667,25.79166667,16.23606557,https://www.nature.com/articles/s43588-023-00511-5,Not sure if NEF or EF
rock-1,KarmaDock Raw,,0.869430163,0.616772501,,,,,,15.0875,17.60208333,12.07,https://www.nature.com/articles/s43588-023-00511-5,Not sure if NEF or EF
rxr,KarmaDock Raw,,0.941558089,0.725976875,,,,,,12.0125,18.68611111,12.0125,https://www.nature.com/articles/s43588-023-00511-5,Not sure if NEF or EF
sars-hcov,KarmaDock Raw,,0.596330681,0.11284933,,,,,,6.148717949,5.58974359,1.563233377,https://www.nature.com/articles/s43588-023-00511-5,Not sure if NEF or EF
sirt2,KarmaDock Raw,,0.547921968,0.002852405,,,,,,0,0,0,https://www.nature.com/articles/s43588-023-00511-5,Not sure if NEF or EF
src,KarmaDock Raw,,0.852006832,0.744384673,,,,,,30.275,22.70625,12.11,https://www.nature.com/articles/s43588-023-00511-5,Not sure if NEF or EF
thrombin,KarmaDock Raw,,0.939995734,0.922445807,,,,,,30.3,30.3,15.15,https://www.nature.com/articles/s43588-023-00511-5,Not sure if NEF or EF
tie2,KarmaDock Raw,,0.787791199,0.813791287,,,,,,29.975,27.25,12.19322034,https://www.nature.com/articles/s43588-023-00511-5,Not sure if NEF or EF
tk,KarmaDock Raw,,0.765012563,0.452354857,,,,,,15.425,15.425,9.103278689,https://www.nature.com/articles/s43588-023-00511-5,Not sure if NEF or EF
tp,KarmaDock Raw,,0.718140244,0.450826276,,,,,,20.48,15.36,4.517647059,https://www.nature.com/articles/s43588-023-00511-5,Not sure if NEF or EF
tpa,KarmaDock Raw,,0.968477293,0.89176092,,,,,,29.075,29.075,14.0362069,https://www.nature.com/articles/s43588-023-00511-5,Not sure if NEF or EF
ts,KarmaDock Raw,,0.598919492,0.115651733,,,,,,0,0,3.5,https://www.nature.com/articles/s43588-023-00511-5,Not sure if NEF or EF
upa,KarmaDock Raw,,0.721128893,0.773943649,,,,,,29.9,29.9,10.64237288,https://www.nature.com/articles/s43588-023-00511-5,Not sure if NEF or EF
vegfr1,KarmaDock Raw,,0.807613636,0.452024748,,,,,,17.1,12.95454545,7.5,https://www.nature.com/articles/s43588-023-00511-5,Not sure if NEF or EF
vegfr2,KarmaDock Raw,,0.837679932,0.498517937,,,,,,20.35,22.89375,6.505327869,https://www.nature.com/articles/s43588-023-00511-5,Not sure if NEF or EF
11betahsd1,NNscore(ODDT)/GlideSP,,0.678,0.041,,,,,0,0,0,3.069,https://doi.org/10.1093/bib/bbaa070,Uses non-normalized EF
17betahsd1,NNscore(ODDT)/GlideSP,,0.369,0.08,,,,,15.338,4.382,2.36,1.484,https://doi.org/10.1093/bib/bbaa070,Uses non-normalized EF
a2a,NNscore(ODDT)/GlideSP,,0.502,0.003,,,,,0,0,0,0.495,https://doi.org/10.1093/bib/bbaa070,Uses non-normalized EF
ace,NNscore(ODDT)/GlideSP,,0.63,0.277,,,,,15.438,8.821,7.13,4.98,https://doi.org/10.1093/bib/bbaa070,Uses non-normalized EF
ace2,NNscore(ODDT)/GlideSP,,0.594,0.079,,,,,0,0,2.38,3.497,https://doi.org/10.1093/bib/bbaa070,Uses non-normalized EF
ache,NNscore(ODDT)/GlideSP,,0.554,0.019,,,,,0,0,0,0.985,https://doi.org/10.1093/bib/bbaa070,Uses non-normalized EF
adam17,NNscore(ODDT)/GlideSP,,0.531,0.048,,,,,0,0,0,1.488,https://doi.org/10.1093/bib/bbaa070,Uses non-normalized EF
adrb2,NNscore(ODDT)/GlideSP,,0.595,0.153,,,,,0,0,2.4,3.969,https://doi.org/10.1093/bib/bbaa070,Uses non-normalized EF
akt1,NNscore(ODDT)/GlideSP,,0.409,0,,,,,0,0,0,0,https://doi.org/10.1093/bib/bbaa070,Uses non-normalized EF
alr2,NNscore(ODDT)/GlideSP,,0.444,0.051,,,,,0,4.379,2.36,0.494,https://doi.org/10.1093/bib/bbaa070,Uses non-normalized EF
ar,NNscore(ODDT)/GlideSP,,0.504,0.028,,,,,0,0,0,0.705,https://doi.org/10.1093/bib/bbaa070,Uses non-normalized EF
aurka,NNscore(ODDT)/GlideSP,,0.602,0.024,,,,,0,0,0,2.034,https://doi.org/10.1093/bib/bbaa070,Uses non-normalized EF
aurkb,NNscore(ODDT)/GlideSP,,0.54,0.148,,,,,0,4.339,4.67,2.49,https://doi.org/10.1093/bib/bbaa070,Uses non-normalized EF
bcl2,NNscore(ODDT)/GlideSP,,0.729,0.206,,,,,15.288,8.736,4.7,4.931,https://doi.org/10.1093/bib/bbaa070,Uses non-normalized EF
braf,NNscore(ODDT)/GlideSP,,0.57,0.023,,,,,0,0,0,1.016,https://doi.org/10.1093/bib/bbaa070,Uses non-normalized EF
catl,NNscore(ODDT)/GlideSP,,0.524,0.093,,,,,0,4.404,2.37,1.492,https://doi.org/10.1093/bib/bbaa070,Uses non-normalized EF
cdk2,NNscore(ODDT)/GlideSP,,0.481,0.062,,,,,0,0,0,2.492,https://doi.org/10.1093/bib/bbaa070,Uses non-normalized EF
cox1,NNscore(ODDT)/GlideSP,,0.462,0.047,,,,,0,0,0,2.051,https://doi.org/10.1093/bib/bbaa070,Uses non-normalized EF
cox2,NNscore(ODDT)/GlideSP,,0.783,0.324,,,,,0,0,7.7,6.449,https://doi.org/10.1093/bib/bbaa070,Uses non-normalized EF
ctsk,NNscore(ODDT)/GlideSP,,0.542,0.001,,,,,0,0,0,0,https://doi.org/10.1093/bib/bbaa070,Uses non-normalized EF
cyp2a6,NNscore(ODDT)/GlideSP,,0.369,0,,,,,0,0,0,0,https://doi.org/10.1093/bib/bbaa070,Uses non-normalized EF
dhfr,NNscore(ODDT)/GlideSP,,0.44,0.046,,,,,0,0,2.35,0.987,https://doi.org/10.1093/bib/bbaa070,Uses non-normalized EF
egfr,NNscore(ODDT)/GlideSP,,0.527,0.062,,,,,0,4.414,2.38,1.52,https://doi.org/10.1093/bib/bbaa070,Uses non-normalized EF
ephb4,NNscore(ODDT)/GlideSP,,0.669,0.273,,,,,0,13.007,9.34,3.98,https://doi.org/10.1093/bib/bbaa070,Uses non-normalized EF
erbb2,NNscore(ODDT)/GlideSP,,0.665,0.115,,,,,0,4.933,4.93,2.467,https://doi.org/10.1093/bib/bbaa070,Uses non-normalized EF
er-beta,NNscore(ODDT)/GlideSP,,0.342,0,,,,,0,0,0,0,https://doi.org/10.1093/bib/bbaa070,Uses non-normalized EF
fgfr1,NNscore(ODDT)/GlideSP,,0.6,0.095,,,,,0,4.913,2.46,1.499,https://doi.org/10.1093/bib/bbaa070,Uses non-normalized EF
fkbp1a,NNscore(ODDT)/GlideSP,,0.5,0.193,,,,,16.197,4.628,4.98,5.225,https://doi.org/10.1093/bib/bbaa070,Uses non-normalized EF
fxa,NNscore(ODDT)/GlideSP,,0.748,0.154,,,,,0,0,5.1,4.588,https://doi.org/10.1093/bib/bbaa070,Uses non-normalized EF
gba,NNscore(ODDT)/GlideSP,,0.481,0.006,,,,,0,0,0,0.996,https://doi.org/10.1093/bib/bbaa070,Uses non-normalized EF
gr,NNscore(ODDT)/GlideSP,,0.555,0.07,,,,,15.288,4.368,2.35,0.493,https://doi.org/10.1093/bib/bbaa070,Uses non-normalized EF
gsk3b,NNscore(ODDT)/GlideSP,,0.53,0.139,,,,,0,4.307,2.32,3.46,https://doi.org/10.1093/bib/bbaa070,Uses non-normalized EF
hdac2,NNscore(ODDT)/GlideSP,,0.641,0.001,,,,,0,0,0,0,https://doi.org/10.1093/bib/bbaa070,Uses non-normalized EF
hdac8,NNscore(ODDT)/GlideSP,,0.435,0.003,,,,,0,0,0,0.498,https://doi.org/10.1093/bib/bbaa070,Uses non-normalized EF
hiv1pr,NNscore(ODDT)/GlideSP,,0.772,0.172,,,,,0,4.695,7.58,3.771,https://doi.org/10.1093/bib/bbaa070,Uses non-normalized EF
hiv1rt,NNscore(ODDT)/GlideSP,,0.623,0.041,,,,,0,0,0,1.575,https://doi.org/10.1093/bib/bbaa070,Uses non-normalized EF
hmgr,NNscore(ODDT)/GlideSP,,0.7,0.182,,,,,15.463,4.418,4.76,3.492,https://doi.org/10.1093/bib/bbaa070,Uses non-normalized EF
hsp90,NNscore(ODDT)/GlideSP,,0.524,0.087,,,,,0,4.336,2.33,2.488,https://doi.org/10.1093/bib/bbaa070,Uses non-normalized EF
igf1r,NNscore(ODDT)/GlideSP,,0.543,0.01,,,,,0,0,0,0.505,https://doi.org/10.1093/bib/bbaa070,Uses non-normalized EF
inha,NNscore(ODDT)/GlideSP,,0.382,0,,,,,0,0,0,0,https://doi.org/10.1093/bib/bbaa070,Uses non-normalized EF
itk,NNscore(ODDT)/GlideSP,,0.605,0.014,,,,,0,0,0,1.997,https://doi.org/10.1093/bib/bbaa070,Uses non-normalized EF
jak3,NNscore(ODDT)/GlideSP,,0.563,0.041,,,,,0,0,0,0.998,https://doi.org/10.1093/bib/bbaa070,Uses non-normalized EF
jnk1,NNscore(ODDT)/GlideSP,,0.612,0.072,,,,,0,0,2.63,1.05,https://doi.org/10.1093/bib/bbaa070,Uses non-normalized EF
jnk2,NNscore(ODDT)/GlideSP,,0.416,0.073,,,,,0,5.004,2.5,1.018,https://doi.org/10.1093/bib/bbaa070,Uses non-normalized EF
jnk3,NNscore(ODDT)/GlideSP,,0.531,0.133,,,,,0,8.857,4.77,1.525,https://doi.org/10.1093/bib/bbaa070,Uses non-normalized EF
kif11,NNscore(ODDT)/GlideSP,,0.856,0.161,,,,,0,4.318,4.65,4.955,https://doi.org/10.1093/bib/bbaa070,Uses non-normalized EF
lck,NNscore(ODDT)/GlideSP,,0.434,0.007,,,,,0,0,0,0.493,https://doi.org/10.1093/bib/bbaa070,Uses non-normalized EF
mdm2,NNscore(ODDT)/GlideSP,,0.293,0,,,,,0,0,0,0,https://doi.org/10.1093/bib/bbaa070,Uses non-normalized EF
mk2,NNscore(ODDT)/GlideSP,,0.549,0.048,,,,,0,0,0,1.066,https://doi.org/10.1093/bib/bbaa070,Uses non-normalized EF
mmp2,NNscore(ODDT)/GlideSP,,0.466,0.012,,,,,0,0,0,0.495,https://doi.org/10.1093/bib/bbaa070,Uses non-normalized EF
na,NNscore(ODDT)/GlideSP,,0.792,0.065,,,,,0,4.425,2.38,1.998,https://doi.org/10.1093/bib/bbaa070,Uses non-normalized EF
p38-alpha,NNscore(ODDT)/GlideSP,,0.441,0.057,,,,,0,4.364,2.35,0.493,https://doi.org/10.1093/bib/bbaa070,Uses non-normalized EF
parp-1,NNscore(ODDT)/GlideSP,,0.651,0.266,,,,,15.075,8.614,11.6,3.46,https://doi.org/10.1093/bib/bbaa070,Uses non-normalized EF
pde4b,NNscore(ODDT)/GlideSP,,0.655,0.062,,,,,0,0,2.37,1.987,https://doi.org/10.1093/bib/bbaa070,Uses non-normalized EF
pde5,NNscore(ODDT)/GlideSP,,0.651,0.05,,,,,0,0,0,2.602,https://doi.org/10.1093/bib/bbaa070,Uses non-normalized EF
pdk1,NNscore(ODDT)/GlideSP,,0.484,0.008,,,,,0,0,0,0.52,https://doi.org/10.1093/bib/bbaa070,Uses non-normalized EF
pi3kg,NNscore(ODDT)/GlideSP,,0.492,0.006,,,,,0,0,0,0.509,https://doi.org/10.1093/bib/bbaa070,Uses non-normalized EF
pim-1,NNscore(ODDT)/GlideSP,,0.61,0.019,,,,,0,0,0,1.486,https://doi.org/10.1093/bib/bbaa070,Uses non-normalized EF
pim-2,NNscore(ODDT)/GlideSP,,0.632,0.073,,,,,0,0,2.38,2.031,https://doi.org/10.1093/bib/bbaa070,Uses non-normalized EF
pnp,NNscore(ODDT)/GlideSP,,0.494,0.013,,,,,0,0,0,0.497,https://doi.org/10.1093/bib/bbaa070,Uses non-normalized EF
ppara,NNscore(ODDT)/GlideSP,,0.497,0.007,,,,,0,0,0,0.525,https://doi.org/10.1093/bib/bbaa070,Uses non-normalized EF
pparg,NNscore(ODDT)/GlideSP,,0.533,0.099,,,,,14.25,4.75,2.38,2.5,https://doi.org/10.1093/bib/bbaa070,Uses non-normalized EF
pr,NNscore(ODDT)/GlideSP,,0.571,0.13,,,,,14.7,4.9,2.67,1.696,https://doi.org/10.1093/bib/bbaa070,Uses non-normalized EF
prkcq,NNscore(ODDT)/GlideSP,,0.619,0.133,,,,,15.789,10.526,5.26,1.579,https://doi.org/10.1093/bib/bbaa070,Uses non-normalized EF
pygl-in,NNscore(ODDT)/GlideSP,,0.751,0.113,,,,,0,0,2.37,3.477,https://doi.org/10.1093/bib/bbaa070,Uses non-normalized EF
pygl-out,NNscore(ODDT)/GlideSP,,0.526,0.079,,,,,0,0,0,2.99,https://doi.org/10.1093/bib/bbaa070,Uses non-normalized EF
qpct,NNscore(ODDT)/GlideSP,,0.523,0.001,,,,,0,0,0,0,https://doi.org/10.1093/bib/bbaa070,Uses non-normalized EF
rock-1,NNscore(ODDT)/GlideSP,,0.431,0.112,,,,,0,4.311,4.64,1.484,https://doi.org/10.1093/bib/bbaa070,Uses non-normalized EF
rxr,NNscore(ODDT)/GlideSP,,0.675,0.003,,,,,0,0,0,0.54,https://doi.org/10.1093/bib/bbaa070,Uses non-normalized EF
sars-hcov,NNscore(ODDT)/GlideSP,,0.574,0.329,,,,,30.821,17.612,11.85,3.537,https://doi.org/10.1093/bib/bbaa070,Uses non-normalized EF
sirt2,NNscore(ODDT)/GlideSP,,0.464,0.032,,,,,0,0,0,1.477,https://doi.org/10.1093/bib/bbaa070,Uses non-normalized EF
src,NNscore(ODDT)/GlideSP,,0.444,0,,,,,0,0,0,0,https://doi.org/10.1093/bib/bbaa070,Uses non-normalized EF
thrombin,NNscore(ODDT)/GlideSP,,0.665,0.058,,,,,0,0,0,3.657,https://doi.org/10.1093/bib/bbaa070,Uses non-normalized EF
tie2,NNscore(ODDT)/GlideSP,,0.485,0.063,,,,,0,4.996,2.5,1.499,https://doi.org/10.1093/bib/bbaa070,Uses non-normalized EF
tk,NNscore(ODDT)/GlideSP,,0.578,0.094,,,,,0,4.52,2.43,3.062,https://doi.org/10.1093/bib/bbaa070,Uses non-normalized EF
tp,NNscore(ODDT)/GlideSP,,0.423,0.007,,,,,0,0,0,0.644,https://doi.org/10.1093/bib/bbaa070,Uses non-normalized EF
tpa,NNscore(ODDT)/GlideSP,,0.429,0.011,,,,,0,0,0,0.518,https://doi.org/10.1093/bib/bbaa070,Uses non-normalized EF
ts,NNscore(ODDT)/GlideSP,,0.535,0,,,,,0,0,0,0,https://doi.org/10.1093/bib/bbaa070,Uses non-normalized EF
upa,NNscore(ODDT)/GlideSP,,0.489,0.007,,,,,0,0,0,0.498,https://doi.org/10.1093/bib/bbaa070,Uses non-normalized EF
vegfr1,NNscore(ODDT)/GlideSP,,0.553,0.053,,,,,0,0,0,1.576,https://doi.org/10.1093/bib/bbaa070,Uses non-normalized EF
vegfr2,NNscore(ODDT)/GlideSP,,0.518,0.026,,,,,0,0,0,1.538,https://doi.org/10.1093/bib/bbaa070,Uses non-normalized EF
11betahsd1,NNscore1.0/GlideSP,,0.681,0.28,,,,,15.09,15.09,10.06,4.604,https://doi.org/10.1093/bib/bbaa070,Uses non-normalized EF
17betahsd1,NNscore1.0/GlideSP,,0.581,0.04,,,,,0,0,2.36,0.495,https://doi.org/10.1093/bib/bbaa070,Uses non-normalized EF
a2a,NNscore1.0/GlideSP,,0.525,0.136,,,,,0,8.771,4.72,2.476,https://doi.org/10.1093/bib/bbaa070,Uses non-normalized EF
ace,NNscore1.0/GlideSP,,0.782,0.348,,,,,30.875,17.643,11.88,5.478,https://doi.org/10.1093/bib/bbaa070,Uses non-normalized EF
ace2,NNscore1.0/GlideSP,,0.757,0.078,,,,,0,0,2.38,2.498,https://doi.org/10.1093/bib/bbaa070,Uses non-normalized EF
ache,NNscore1.0/GlideSP,,0.669,0.087,,,,,0,0,2.35,2.462,https://doi.org/10.1093/bib/bbaa070,Uses non-normalized EF
adam17,NNscore1.0/GlideSP,,0.643,0.185,,,,,15.375,8.786,4.73,2.976,https://doi.org/10.1093/bib/bbaa070,Uses non-normalized EF
adrb2,NNscore1.0/GlideSP,,0.697,0.036,,,,,0,0,0,2.977,https://doi.org/10.1093/bib/bbaa070,Uses non-normalized EF
akt1,NNscore1.0/GlideSP,,0.603,0.018,,,,,0,0,0,1.01,https://doi.org/10.1093/bib/bbaa070,Uses non-normalized EF
alr2,NNscore1.0/GlideSP,,0.543,0.084,,,,,0,4.379,2.36,1.977,https://doi.org/10.1093/bib/bbaa070,Uses non-normalized EF
ar,NNscore1.0/GlideSP,,0.832,0.23,,,,,0,5.643,3.22,6.348,https://doi.org/10.1093/bib/bbaa070,Uses non-normalized EF
aurka,NNscore1.0/GlideSP,,0.503,0.023,,,,,0,0,0,0.509,https://doi.org/10.1093/bib/bbaa070,Uses non-normalized EF
aurkb,NNscore1.0/GlideSP,,0.497,0.105,,,,,0,4.339,2.34,2.49,https://doi.org/10.1093/bib/bbaa070,Uses non-normalized EF
bcl2,NNscore1.0/GlideSP,,0.502,0.001,,,,,0,0,0,0,https://doi.org/10.1093/bib/bbaa070,Uses non-normalized EF
braf,NNscore1.0/GlideSP,,0.624,0.061,,,,,0,0,0,1.525,https://doi.org/10.1093/bib/bbaa070,Uses non-normalized EF
catl,NNscore1.0/GlideSP,,0.802,0.219,,,,,0,4.404,7.11,6.463,https://doi.org/10.1093/bib/bbaa070,Uses non-normalized EF
cdk2,NNscore1.0/GlideSP,,0.566,0.011,,,,,0,0,0,0.997,https://doi.org/10.1093/bib/bbaa070,Uses non-normalized EF
cox1,NNscore1.0/GlideSP,,0.564,0.051,,,,,0,0,0,1.538,https://doi.org/10.1093/bib/bbaa070,Uses non-normalized EF
cox2,NNscore1.0/GlideSP,,0.826,0.471,,,,,23.108,9.243,12.84,5.374,https://doi.org/10.1093/bib/bbaa070,Uses non-normalized EF
ctsk,NNscore1.0/GlideSP,,0.798,0.11,,,,,0,0,2.38,4.482,https://doi.org/10.1093/bib/bbaa070,Uses non-normalized EF
cyp2a6,NNscore1.0/GlideSP,,0.477,0.001,,,,,0,0,0,0,https://doi.org/10.1093/bib/bbaa070,Uses non-normalized EF
dhfr,NNscore1.0/GlideSP,,0.661,0.226,,,,,15.3,8.743,7.06,3.948,https://doi.org/10.1093/bib/bbaa070,Uses non-normalized EF
egfr,NNscore1.0/GlideSP,,0.539,0.016,,,,,0,0,0,1.52,https://doi.org/10.1093/bib/bbaa070,Uses non-normalized EF
ephb4,NNscore1.0/GlideSP,,0.564,0.084,,,,,15.175,4.336,2.33,1.99,https://doi.org/10.1093/bib/bbaa070,Uses non-normalized EF
erbb2,NNscore1.0/GlideSP,,0.693,0.185,,,,,0,4.933,4.93,3.453,https://doi.org/10.1093/bib/bbaa070,Uses non-normalized EF
er-beta,NNscore1.0/GlideSP,,0.811,0.352,,,,,0,11.434,6.35,6.126,https://doi.org/10.1093/bib/bbaa070,Uses non-normalized EF
fgfr1,NNscore1.0/GlideSP,,0.705,0.118,,,,,0,4.913,4.91,1.998,https://doi.org/10.1093/bib/bbaa070,Uses non-normalized EF
fkbp1a,NNscore1.0/GlideSP,,0.774,0.121,,,,,0,0,2.49,4.18,https://doi.org/10.1093/bib/bbaa070,Uses non-normalized EF
fxa,NNscore1.0/GlideSP,,0.709,0.185,,,,,15.295,10.197,5.1,3.569,https://doi.org/10.1093/bib/bbaa070,Uses non-normalized EF
gba,NNscore1.0/GlideSP,,0.649,0.063,,,,,0,0,0,1.494,https://doi.org/10.1093/bib/bbaa070,Uses non-normalized EF
gr,NNscore1.0/GlideSP,,0.654,0.018,,,,,0,0,0,1.973,https://doi.org/10.1093/bib/bbaa070,Uses non-normalized EF
gsk3b,NNscore1.0/GlideSP,,0.574,0.069,,,,,15.075,4.307,2.32,0.494,https://doi.org/10.1093/bib/bbaa070,Uses non-normalized EF
hdac2,NNscore1.0/GlideSP,,0.609,0.057,,,,,0,4.336,2.33,1.493,https://doi.org/10.1093/bib/bbaa070,Uses non-normalized EF
hdac8,NNscore1.0/GlideSP,,0.628,0.043,,,,,0,0,0,2.488,https://doi.org/10.1093/bib/bbaa070,Uses non-normalized EF
hiv1pr,NNscore1.0/GlideSP,,0.797,0.208,,,,,0,4.695,5.06,4.849,https://doi.org/10.1093/bib/bbaa070,Uses non-normalized EF
hiv1rt,NNscore1.0/GlideSP,,0.504,0.086,,,,,0,0,2.46,1.575,https://doi.org/10.1093/bib/bbaa070,Uses non-normalized EF
hmgr,NNscore1.0/GlideSP,,0.929,0.51,,,,,15.463,17.671,16.65,11.472,https://doi.org/10.1093/bib/bbaa070,Uses non-normalized EF
hsp90,NNscore1.0/GlideSP,,0.568,0.086,,,,,15.175,4.336,2.33,1.493,https://doi.org/10.1093/bib/bbaa070,Uses non-normalized EF
igf1r,NNscore1.0/GlideSP,,0.559,0.028,,,,,0,0,0,1.515,https://doi.org/10.1093/bib/bbaa070,Uses non-normalized EF
inha,NNscore1.0/GlideSP,,0.533,0.001,,,,,0,0,0,0.494,https://doi.org/10.1093/bib/bbaa070,Uses non-normalized EF
itk,NNscore1.0/GlideSP,,0.539,0.066,,,,,0,0,2.34,1.997,https://doi.org/10.1093/bib/bbaa070,Uses non-normalized EF
jak3,NNscore1.0/GlideSP,,0.569,0.03,,,,,0,0,0,0.499,https://doi.org/10.1093/bib/bbaa070,Uses non-normalized EF
jnk1,NNscore1.0/GlideSP,,0.528,0.136,,,,,0,5.25,2.63,2.625,https://doi.org/10.1093/bib/bbaa070,Uses non-normalized EF
jnk2,NNscore1.0/GlideSP,,0.575,0.042,,,,,0,0,0,1.527,https://doi.org/10.1093/bib/bbaa070,Uses non-normalized EF
jnk3,NNscore1.0/GlideSP,,0.515,0.004,,,,,0,0,0,1.016,https://doi.org/10.1093/bib/bbaa070,Uses non-normalized EF
kif11,NNscore1.0/GlideSP,,0.741,0.102,,,,,0,4.318,2.33,1.982,https://doi.org/10.1093/bib/bbaa070,Uses non-normalized EF
lck,NNscore1.0/GlideSP,,0.626,0.059,,,,,0,4.3,2.32,1.48,https://doi.org/10.1093/bib/bbaa070,Uses non-normalized EF
mdm2,NNscore1.0/GlideSP,,0.754,0.507,,,,,29.95,19.967,22.46,6.988,https://doi.org/10.1093/bib/bbaa070,Uses non-normalized EF
mk2,NNscore1.0/GlideSP,,0.515,0.056,,,,,0,0,0,1.6,https://doi.org/10.1093/bib/bbaa070,Uses non-normalized EF
mmp2,NNscore1.0/GlideSP,,0.643,0.146,,,,,0,4.386,7.08,2.476,https://doi.org/10.1093/bib/bbaa070,Uses non-normalized EF
na,NNscore1.0/GlideSP,,0.848,0.505,,,,,0,17.7,19.06,8.493,https://doi.org/10.1093/bib/bbaa070,Uses non-normalized EF
p38-alpha,NNscore1.0/GlideSP,,0.472,0.134,,,,,15.275,8.729,4.7,1.971,https://doi.org/10.1093/bib/bbaa070,Uses non-normalized EF
parp-1,NNscore1.0/GlideSP,,0.6,0.051,,,,,0,0,0,2.966,https://doi.org/10.1093/bib/bbaa070,Uses non-normalized EF
pde4b,NNscore1.0/GlideSP,,0.454,0.022,,,,,0,0,0,0.994,https://doi.org/10.1093/bib/bbaa070,Uses non-normalized EF
pde5,NNscore1.0/GlideSP,,0.538,0.082,,,,,0,4.609,2.48,1.561,https://doi.org/10.1093/bib/bbaa070,Uses non-normalized EF
pdk1,NNscore1.0/GlideSP,,0.627,0.08,,,,,0,4.534,2.44,2.081,https://doi.org/10.1093/bib/bbaa070,Uses non-normalized EF
pi3kg,NNscore1.0/GlideSP,,0.636,0.058,,,,,0,0,2.39,1.526,https://doi.org/10.1093/bib/bbaa070,Uses non-normalized EF
pim-1,NNscore1.0/GlideSP,,0.582,0.025,,,,,0,0,0,0.495,https://doi.org/10.1093/bib/bbaa070,Uses non-normalized EF
pim-2,NNscore1.0/GlideSP,,0.577,0.045,,,,,0,0,0,1.523,https://doi.org/10.1093/bib/bbaa070,Uses non-normalized EF
pnp,NNscore1.0/GlideSP,,0.476,0.155,,,,,0,4.404,7.11,1.989,https://doi.org/10.1093/bib/bbaa070,Uses non-normalized EF
ppara,NNscore1.0/GlideSP,,0.635,0.274,,,,,0,4.991,9.98,4.729,https://doi.org/10.1093/bib/bbaa070,Uses non-normalized EF
pparg,NNscore1.0/GlideSP,,0.631,0.202,,,,,0,0,7.13,5.5,https://doi.org/10.1093/bib/bbaa070,Uses non-normalized EF
pr,NNscore1.0/GlideSP,,0.64,0.058,,,,,0,0,0,3.392,https://doi.org/10.1093/bib/bbaa070,Uses non-normalized EF
prkcq,NNscore1.0/GlideSP,,0.7,0.119,,,,,0,5.263,2.63,3.158,https://doi.org/10.1093/bib/bbaa070,Uses non-normalized EF
pygl-in,NNscore1.0/GlideSP,,0.544,0.121,,,,,0,0,0,2.981,https://doi.org/10.1093/bib/bbaa070,Uses non-normalized EF
pygl-out,NNscore1.0/GlideSP,,0.825,0.36,,,,,30.9,13.243,9.51,9.469,https://doi.org/10.1093/bib/bbaa070,Uses non-normalized EF
qpct,NNscore1.0/GlideSP,,0.223,0.001,,,,,0,0,0,0,https://doi.org/10.1093/bib/bbaa070,Uses non-normalized EF
rock-1,NNscore1.0/GlideSP,,0.502,0.032,,,,,0,0,0,0.495,https://doi.org/10.1093/bib/bbaa070,Uses non-normalized EF
rxr,NNscore1.0/GlideSP,,0.867,0.623,,,,,0,10.368,12.96,11.34,https://doi.org/10.1093/bib/bbaa070,Uses non-normalized EF
sars-hcov,NNscore1.0/GlideSP,,0.414,0.026,,,,,0,0,0,0.505,https://doi.org/10.1093/bib/bbaa070,Uses non-normalized EF
sirt2,NNscore1.0/GlideSP,,0.525,0.037,,,,,0,0,0,2.462,https://doi.org/10.1093/bib/bbaa070,Uses non-normalized EF
src,NNscore1.0/GlideSP,,0.512,0.017,,,,,0,0,0,0.509,https://doi.org/10.1093/bib/bbaa070,Uses non-normalized EF
thrombin,NNscore1.0/GlideSP,,0.714,0.215,,,,,15.934,4.553,2.45,5.224,https://doi.org/10.1093/bib/bbaa070,Uses non-normalized EF
tie2,NNscore1.0/GlideSP,,0.566,0.101,,,,,0,0,2.5,2.498,https://doi.org/10.1093/bib/bbaa070,Uses non-normalized EF
tk,NNscore1.0/GlideSP,,0.767,0.086,,,,,0,0,0,4.593,https://doi.org/10.1093/bib/bbaa070,Uses non-normalized EF
tp,NNscore1.0/GlideSP,,0.48,0.006,,,,,0,0,0,0.644,https://doi.org/10.1093/bib/bbaa070,Uses non-normalized EF
tpa,NNscore1.0/GlideSP,,0.701,0.163,,,,,15.276,5.092,5.09,2.589,https://doi.org/10.1093/bib/bbaa070,Uses non-normalized EF
ts,NNscore1.0/GlideSP,,0.567,0.005,,,,,0,0,0,0.5,https://doi.org/10.1093/bib/bbaa070,Uses non-normalized EF
upa,NNscore1.0/GlideSP,,0.557,0.105,,,,,0,4.983,2.49,1.495,https://doi.org/10.1093/bib/bbaa070,Uses non-normalized EF
vegfr1,NNscore1.0/GlideSP,,0.542,0.069,,,,,0,4.991,2.5,1.051,https://doi.org/10.1093/bib/bbaa070,Uses non-normalized EF
vegfr2,NNscore1.0/GlideSP,,0.528,0.03,,,,,0,0,0,1.026,https://doi.org/10.1093/bib/bbaa070,Uses non-normalized EF
11betahsd1,NNscore2.0/GlideSP,,0.65,0.208,,,,,0,0,10.06,4.604,https://doi.org/10.1093/bib/bbaa070,Uses non-normalized EF
17betahsd1,NNscore2.0/GlideSP,,0.654,0.023,,,,,0,0,0,0.99,https://doi.org/10.1093/bib/bbaa070,Uses non-normalized EF
a2a,NNscore2.0/GlideSP,,0.674,0.117,,,,,0,4.386,2.36,3.466,https://doi.org/10.1093/bib/bbaa070,Uses non-normalized EF
ace,NNscore2.0/GlideSP,,0.552,0.031,,,,,0,0,0,0.498,https://doi.org/10.1093/bib/bbaa070,Uses non-normalized EF
ace2,NNscore2.0/GlideSP,,0.639,0,,,,,0,0,0,0,https://doi.org/10.1093/bib/bbaa070,Uses non-normalized EF
ache,NNscore2.0/GlideSP,,0.526,0.054,,,,,0,0,2.35,0.985,https://doi.org/10.1093/bib/bbaa070,Uses non-normalized EF
adam17,NNscore2.0/GlideSP,,0.576,0.054,,,,,0,0,2.37,1.488,https://doi.org/10.1093/bib/bbaa070,Uses non-normalized EF
adrb2,NNscore2.0/GlideSP,,0.617,0.105,,,,,14.388,4.796,2.4,0.992,https://doi.org/10.1093/bib/bbaa070,Uses non-normalized EF
akt1,NNscore2.0/GlideSP,,0.618,0.162,,,,,15.154,5.051,5.05,3.031,https://doi.org/10.1093/bib/bbaa070,Uses non-normalized EF
alr2,NNscore2.0/GlideSP,,0.671,0.207,,,,,15.325,4.379,7.07,3.955,https://doi.org/10.1093/bib/bbaa070,Uses non-normalized EF
ar,NNscore2.0/GlideSP,,0.83,0.335,,,,,0,5.643,6.45,4.938,https://doi.org/10.1093/bib/bbaa070,Uses non-normalized EF
aurka,NNscore2.0/GlideSP,,0.624,0.074,,,,,0,0,0,2.543,https://doi.org/10.1093/bib/bbaa070,Uses non-normalized EF
aurkb,NNscore2.0/GlideSP,,0.556,0.142,,,,,15.188,4.339,4.67,2.49,https://doi.org/10.1093/bib/bbaa070,Uses non-normalized EF
bcl2,NNscore2.0/GlideSP,,0.546,0.047,,,,,0,0,2.35,0.986,https://doi.org/10.1093/bib/bbaa070,Uses non-normalized EF
braf,NNscore2.0/GlideSP,,0.776,0.282,,,,,31,8.857,11.92,4.066,https://doi.org/10.1093/bib/bbaa070,Uses non-normalized EF
catl,NNscore2.0/GlideSP,,0.667,0.01,,,,,0,0,0,0.497,https://doi.org/10.1093/bib/bbaa070,Uses non-normalized EF
cdk2,NNscore2.0/GlideSP,,0.644,0.071,,,,,0,0,2.49,1.495,https://doi.org/10.1093/bib/bbaa070,Uses non-normalized EF
cox1,NNscore2.0/GlideSP,,0.622,0.009,,,,,0,0,0,1.538,https://doi.org/10.1093/bib/bbaa070,Uses non-normalized EF
cox2,NNscore2.0/GlideSP,,0.882,0.471,,,,,0,4.622,12.84,9.673,https://doi.org/10.1093/bib/bbaa070,Uses non-normalized EF
ctsk,NNscore2.0/GlideSP,,0.708,0.046,,,,,0,0,2.38,0.996,https://doi.org/10.1093/bib/bbaa070,Uses non-normalized EF
cyp2a6,NNscore2.0/GlideSP,,0.652,0.007,,,,,0,0,0,0.555,https://doi.org/10.1093/bib/bbaa070,Uses non-normalized EF
dhfr,NNscore2.0/GlideSP,,0.639,0.031,,,,,0,0,0,2.468,https://doi.org/10.1093/bib/bbaa070,Uses non-normalized EF
egfr,NNscore2.0/GlideSP,,0.635,0.145,,,,,0,4.414,4.75,2.026,https://doi.org/10.1093/bib/bbaa070,Uses non-normalized EF
ephb4,NNscore2.0/GlideSP,,0.728,0.163,,,,,0,4.336,7,3.98,https://doi.org/10.1093/bib/bbaa070,Uses non-normalized EF
erbb2,NNscore2.0/GlideSP,,0.86,0.555,,,,,29.6,24.667,17.27,9.867,https://doi.org/10.1093/bib/bbaa070,Uses non-normalized EF
er-beta,NNscore2.0/GlideSP,,0.819,0.16,,,,,0,0,0,6.806,https://doi.org/10.1093/bib/bbaa070,Uses non-normalized EF
fgfr1,NNscore2.0/GlideSP,,0.673,0.055,,,,,0,0,0,2.498,https://doi.org/10.1093/bib/bbaa070,Uses non-normalized EF
fkbp1a,NNscore2.0/GlideSP,,0.648,0.003,,,,,0,0,0,0.522,https://doi.org/10.1093/bib/bbaa070,Uses non-normalized EF
fxa,NNscore2.0/GlideSP,,0.747,0.164,,,,,15.295,5.098,2.55,4.079,https://doi.org/10.1093/bib/bbaa070,Uses non-normalized EF
gba,NNscore2.0/GlideSP,,0.431,0.031,,,,,0,0,0,0.996,https://doi.org/10.1093/bib/bbaa070,Uses non-normalized EF
gr,NNscore2.0/GlideSP,,0.638,0.163,,,,,15.288,4.368,4.7,3.945,https://doi.org/10.1093/bib/bbaa070,Uses non-normalized EF
gsk3b,NNscore2.0/GlideSP,,0.55,0.015,,,,,0,0,0,0.494,https://doi.org/10.1093/bib/bbaa070,Uses non-normalized EF
hdac2,NNscore2.0/GlideSP,,0.723,0.114,,,,,0,0,2.33,2.985,https://doi.org/10.1093/bib/bbaa070,Uses non-normalized EF
hdac8,NNscore2.0/GlideSP,,0.419,0.001,,,,,0,0,0,0,https://doi.org/10.1093/bib/bbaa070,Uses non-normalized EF
hiv1pr,NNscore2.0/GlideSP,,0.695,0.014,,,,,0,0,0,1.078,https://doi.org/10.1093/bib/bbaa070,Uses non-normalized EF
hiv1rt,NNscore2.0/GlideSP,,0.537,0.088,,,,,0,4.575,2.46,1.575,https://doi.org/10.1093/bib/bbaa070,Uses non-normalized EF
hmgr,NNscore2.0/GlideSP,,0.877,0.505,,,,,15.463,17.671,16.65,8.479,https://doi.org/10.1093/bib/bbaa070,Uses non-normalized EF
hsp90,NNscore2.0/GlideSP,,0.578,0.042,,,,,0,0,2.33,1.493,https://doi.org/10.1093/bib/bbaa070,Uses non-normalized EF
igf1r,NNscore2.0/GlideSP,,0.607,0.004,,,,,0,0,0,0.505,https://doi.org/10.1093/bib/bbaa070,Uses non-normalized EF
inha,NNscore2.0/GlideSP,,0.487,0.133,,,,,15.313,8.75,4.71,1.482,https://doi.org/10.1093/bib/bbaa070,Uses non-normalized EF
itk,NNscore2.0/GlideSP,,0.468,0.073,,,,,0,4.35,2.34,0.998,https://doi.org/10.1093/bib/bbaa070,Uses non-normalized EF
jak3,NNscore2.0/GlideSP,,0.695,0.153,,,,,0,0,2.49,3.491,https://doi.org/10.1093/bib/bbaa070,Uses non-normalized EF
jnk1,NNscore2.0/GlideSP,,0.62,0.162,,,,,15.75,10.5,5.25,2.625,https://doi.org/10.1093/bib/bbaa070,Uses non-normalized EF
jnk2,NNscore2.0/GlideSP,,0.617,0.204,,,,,0,5.004,7.51,4.071,https://doi.org/10.1093/bib/bbaa070,Uses non-normalized EF
jnk3,NNscore2.0/GlideSP,,0.65,0.139,,,,,0,4.429,4.77,2.033,https://doi.org/10.1093/bib/bbaa070,Uses non-normalized EF
kif11,NNscore2.0/GlideSP,,0.765,0.137,,,,,15.113,8.636,4.65,1.982,https://doi.org/10.1093/bib/bbaa070,Uses non-normalized EF
lck,NNscore2.0/GlideSP,,0.661,0.077,,,,,0,4.3,2.32,0.987,https://doi.org/10.1093/bib/bbaa070,Uses non-normalized EF
mdm2,NNscore2.0/GlideSP,,0.77,0.172,,,,,0,9.983,4.99,4.493,https://doi.org/10.1093/bib/bbaa070,Uses non-normalized EF
mk2,NNscore2.0/GlideSP,,0.626,0.192,,,,,15.73,10.486,5.24,2.666,https://doi.org/10.1093/bib/bbaa070,Uses non-normalized EF
mmp2,NNscore2.0/GlideSP,,0.588,0.068,,,,,0,0,2.36,1.485,https://doi.org/10.1093/bib/bbaa070,Uses non-normalized EF
na,NNscore2.0/GlideSP,,0.902,0.099,,,,,0,0,0,5.995,https://doi.org/10.1093/bib/bbaa070,Uses non-normalized EF
p38-alpha,NNscore2.0/GlideSP,,0.601,0.015,,,,,0,0,0,1.478,https://doi.org/10.1093/bib/bbaa070,Uses non-normalized EF
parp-1,NNscore2.0/GlideSP,,0.653,0.046,,,,,0,0,0,0.989,https://doi.org/10.1093/bib/bbaa070,Uses non-normalized EF
pde4b,NNscore2.0/GlideSP,,0.632,0.023,,,,,0,0,0,1.987,https://doi.org/10.1093/bib/bbaa070,Uses non-normalized EF
pde5,NNscore2.0/GlideSP,,0.614,0.133,,,,,0,4.609,4.96,2.602,https://doi.org/10.1093/bib/bbaa070,Uses non-normalized EF
pdk1,NNscore2.0/GlideSP,,0.693,0.025,,,,,0,0,0,2.081,https://doi.org/10.1093/bib/bbaa070,Uses non-normalized EF
pi3kg,NNscore2.0/GlideSP,,0.606,0.035,,,,,0,0,0,1.526,https://doi.org/10.1093/bib/bbaa070,Uses non-normalized EF
pim-1,NNscore2.0/GlideSP,,0.653,0.052,,,,,0,0,0,1.982,https://doi.org/10.1093/bib/bbaa070,Uses non-normalized EF
pim-2,NNscore2.0/GlideSP,,0.585,0.093,,,,,0,0,2.38,3.047,https://doi.org/10.1093/bib/bbaa070,Uses non-normalized EF
pnp,NNscore2.0/GlideSP,,0.751,0.086,,,,,0,0,2.37,2.486,https://doi.org/10.1093/bib/bbaa070,Uses non-normalized EF
ppara,NNscore2.0/GlideSP,,0.751,0.248,,,,,0,9.982,7.49,5.779,https://doi.org/10.1093/bib/bbaa070,Uses non-normalized EF
pparg,NNscore2.0/GlideSP,,0.643,0.226,,,,,0,9.5,4.75,3.5,https://doi.org/10.1093/bib/bbaa070,Uses non-normalized EF
pr,NNscore2.0/GlideSP,,0.641,0.002,,,,,0,0,0,0,https://doi.org/10.1093/bib/bbaa070,Uses non-normalized EF
prkcq,NNscore2.0/GlideSP,,0.802,0.267,,,,,0,5.263,7.89,6.316,https://doi.org/10.1093/bib/bbaa070,Uses non-normalized EF
pygl-in,NNscore2.0/GlideSP,,0.528,0.016,,,,,0,0,0,0.994,https://doi.org/10.1093/bib/bbaa070,Uses non-normalized EF
pygl-out,NNscore2.0/GlideSP,,0.703,0.039,,,,,0,0,0,1.495,https://doi.org/10.1093/bib/bbaa070,Uses non-normalized EF
qpct,NNscore2.0/GlideSP,,0.454,0.001,,,,,0,0,0,0,https://doi.org/10.1093/bib/bbaa070,Uses non-normalized EF
rock-1,NNscore2.0/GlideSP,,0.512,0.071,,,,,0,0,0,1.979,https://doi.org/10.1093/bib/bbaa070,Uses non-normalized EF
rxr,NNscore2.0/GlideSP,,0.694,0.363,,,,,0,5.184,7.78,5.94,https://doi.org/10.1093/bib/bbaa070,Uses non-normalized EF
sars-hcov,NNscore2.0/GlideSP,,0.488,0.085,,,,,0,0,2.37,3.032,https://doi.org/10.1093/bib/bbaa070,Uses non-normalized EF
sirt2,NNscore2.0/GlideSP,,0.497,0.052,,,,,0,4.361,2.35,0.985,https://doi.org/10.1093/bib/bbaa070,Uses non-normalized EF
src,NNscore2.0/GlideSP,,0.557,0.117,,,,,0,4.436,4.78,2.545,https://doi.org/10.1093/bib/bbaa070,Uses non-normalized EF
thrombin,NNscore2.0/GlideSP,,0.733,0.164,,,,,15.934,4.553,4.9,3.657,https://doi.org/10.1093/bib/bbaa070,Uses non-normalized EF
tie2,NNscore2.0/GlideSP,,0.625,0.177,,,,,0,9.992,7.49,1.998,https://doi.org/10.1093/bib/bbaa070,Uses non-normalized EF
tk,NNscore2.0/GlideSP,,0.823,0.351,,,,,15.821,9.04,14.6,7.145,https://doi.org/10.1093/bib/bbaa070,Uses non-normalized EF
tp,NNscore2.0/GlideSP,,0.612,0.149,,,,,16.419,5.473,2.99,2.576,https://doi.org/10.1093/bib/bbaa070,Uses non-normalized EF
tpa,NNscore2.0/GlideSP,,0.677,0.066,,,,,0,5.092,2.55,1.036,https://doi.org/10.1093/bib/bbaa070,Uses non-normalized EF
ts,NNscore2.0/GlideSP,,0.525,0.022,,,,,0,0,0,0.5,https://doi.org/10.1093/bib/bbaa070,Uses non-normalized EF
upa,NNscore2.0/GlideSP,,0.662,0.001,,,,,0,0,0,0,https://doi.org/10.1093/bib/bbaa070,Uses non-normalized EF
vegfr1,NNscore2.0/GlideSP,,0.672,0.107,,,,,0,0,2.5,2.627,https://doi.org/10.1093/bib/bbaa070,Uses non-normalized EF
vegfr2,NNscore2.0/GlideSP,,0.578,0.081,,,,,0,0,0,3.077,https://doi.org/10.1093/bib/bbaa070,Uses non-normalized EF
11betahsd1,OnionNet/GlideSP,,0.5,0.075,,,,,0,0,2.51,2.558,https://doi.org/10.1093/bib/bbaa070,Uses non-normalized EF
17betahsd1,OnionNet/GlideSP,,0.575,0.033,,,,,0,0,0,1.484,https://doi.org/10.1093/bib/bbaa070,Uses non-normalized EF
a2a,OnionNet/GlideSP,,0.636,0.123,,,,,0,0,2.36,2.971,https://doi.org/10.1093/bib/bbaa070,Uses non-normalized EF
ace,OnionNet/GlideSP,,0.481,0.127,,,,,0,0,4.75,2.49,https://doi.org/10.1093/bib/bbaa070,Uses non-normalized EF
ace2,OnionNet/GlideSP,,0.319,0.007,,,,,0,0,0,0.999,https://doi.org/10.1093/bib/bbaa070,Uses non-normalized EF
ache,OnionNet/GlideSP,,0.539,0.118,,,,,15.263,4.361,2.35,2.462,https://doi.org/10.1093/bib/bbaa070,Uses non-normalized EF
adam17,OnionNet/GlideSP,,0.73,0.201,,,,,0,8.786,9.46,3.472,https://doi.org/10.1093/bib/bbaa070,Uses non-normalized EF
adrb2,OnionNet/GlideSP,,0.682,0.149,,,,,0,9.592,4.8,1.488,https://doi.org/10.1093/bib/bbaa070,Uses non-normalized EF
akt1,OnionNet/GlideSP,,0.587,0.012,,,,,0,0,0,1.01,https://doi.org/10.1093/bib/bbaa070,Uses non-normalized EF
alr2,OnionNet/GlideSP,,0.42,0.069,,,,,15.325,4.379,2.36,0.494,https://doi.org/10.1093/bib/bbaa070,Uses non-normalized EF
ar,OnionNet/GlideSP,,0.706,0.12,,,,,0,0,3.22,2.821,https://doi.org/10.1093/bib/bbaa070,Uses non-normalized EF
aurka,OnionNet/GlideSP,,0.603,0.074,,,,,0,4.432,2.39,2.543,https://doi.org/10.1093/bib/bbaa070,Uses non-normalized EF
aurkb,OnionNet/GlideSP,,0.592,0.1,,,,,0,4.339,2.34,2.49,https://doi.org/10.1093/bib/bbaa070,Uses non-normalized EF
bcl2,OnionNet/GlideSP,,0.627,0.052,,,,,0,0,0,3.452,https://doi.org/10.1093/bib/bbaa070,Uses non-normalized EF
braf,OnionNet/GlideSP,,0.568,0.085,,,,,0,4.429,2.38,1.525,https://doi.org/10.1093/bib/bbaa070,Uses non-normalized EF
catl,OnionNet/GlideSP,,0.531,0.074,,,,,15.413,4.404,2.37,0.497,https://doi.org/10.1093/bib/bbaa070,Uses non-normalized EF
cdk2,OnionNet/GlideSP,,0.57,0.004,,,,,0,0,0,0.498,https://doi.org/10.1093/bib/bbaa070,Uses non-normalized EF
cox1,OnionNet/GlideSP,,0.455,0.001,,,,,0,0,0,0,https://doi.org/10.1093/bib/bbaa070,Uses non-normalized EF
cox2,OnionNet/GlideSP,,0.478,0.113,,,,,23.108,4.622,2.57,1.075,https://doi.org/10.1093/bib/bbaa070,Uses non-normalized EF
ctsk,OnionNet/GlideSP,,0.528,0.057,,,,,0,4.411,2.38,0.498,https://doi.org/10.1093/bib/bbaa070,Uses non-normalized EF
cyp2a6,OnionNet/GlideSP,,0.465,0.001,,,,,0,0,0,0,https://doi.org/10.1093/bib/bbaa070,Uses non-normalized EF
dhfr,OnionNet/GlideSP,,0.516,0.049,,,,,0,0,0,1.974,https://doi.org/10.1093/bib/bbaa070,Uses non-normalized EF
egfr,OnionNet/GlideSP,,0.547,0.139,,,,,0,4.414,4.75,2.026,https://doi.org/10.1093/bib/bbaa070,Uses non-normalized EF
ephb4,OnionNet/GlideSP,,0.498,0.04,,,,,0,0,0,0.995,https://doi.org/10.1093/bib/bbaa070,Uses non-normalized EF
erbb2,OnionNet/GlideSP,,0.701,0.032,,,,,0,0,0,2.467,https://doi.org/10.1093/bib/bbaa070,Uses non-normalized EF
er-beta,OnionNet/GlideSP,,0.735,0.195,,,,,0,5.717,6.35,2.722,https://doi.org/10.1093/bib/bbaa070,Uses non-normalized EF
fgfr1,OnionNet/GlideSP,,0.555,0.009,,,,,0,0,0,0.999,https://doi.org/10.1093/bib/bbaa070,Uses non-normalized EF
fkbp1a,OnionNet/GlideSP,,0.705,0.161,,,,,0,0,4.98,3.135,https://doi.org/10.1093/bib/bbaa070,Uses non-normalized EF
fxa,OnionNet/GlideSP,,0.692,0.01,,,,,0,0,0,1.02,https://doi.org/10.1093/bib/bbaa070,Uses non-normalized EF
gba,OnionNet/GlideSP,,0.436,0,,,,,0,0,0,0,https://doi.org/10.1093/bib/bbaa070,Uses non-normalized EF
gr,OnionNet/GlideSP,,0.566,0.167,,,,,0,4.368,7.06,2.959,https://doi.org/10.1093/bib/bbaa070,Uses non-normalized EF
gsk3b,OnionNet/GlideSP,,0.657,0.167,,,,,0,4.307,6.96,2.471,https://doi.org/10.1093/bib/bbaa070,Uses non-normalized EF
hdac2,OnionNet/GlideSP,,0.634,0.198,,,,,0,8.671,9.34,2.985,https://doi.org/10.1093/bib/bbaa070,Uses non-normalized EF
hdac8,OnionNet/GlideSP,,0.406,0.065,,,,,0,4.407,2.37,0.498,https://doi.org/10.1093/bib/bbaa070,Uses non-normalized EF
hiv1pr,OnionNet/GlideSP,,0.785,0.165,,,,,0,0,5.06,5.388,https://doi.org/10.1093/bib/bbaa070,Uses non-normalized EF
hiv1rt,OnionNet/GlideSP,,0.526,0.021,,,,,0,0,0,1.05,https://doi.org/10.1093/bib/bbaa070,Uses non-normalized EF
hmgr,OnionNet/GlideSP,,0.637,0.129,,,,,0,4.418,4.76,3.492,https://doi.org/10.1093/bib/bbaa070,Uses non-normalized EF
hsp90,OnionNet/GlideSP,,0.479,0.05,,,,,0,4.336,2.33,0.498,https://doi.org/10.1093/bib/bbaa070,Uses non-normalized EF
igf1r,OnionNet/GlideSP,,0.596,0.161,,,,,14.897,4.966,2.48,3.535,https://doi.org/10.1093/bib/bbaa070,Uses non-normalized EF
inha,OnionNet/GlideSP,,0.478,0.039,,,,,0,0,2.36,0.988,https://doi.org/10.1093/bib/bbaa070,Uses non-normalized EF
itk,OnionNet/GlideSP,,0.673,0.096,,,,,0,4.35,2.34,2.995,https://doi.org/10.1093/bib/bbaa070,Uses non-normalized EF
jak3,OnionNet/GlideSP,,0.638,0.013,,,,,0,0,0,0.499,https://doi.org/10.1093/bib/bbaa070,Uses non-normalized EF
jnk1,OnionNet/GlideSP,,0.61,0.047,,,,,0,0,0,1.575,https://doi.org/10.1093/bib/bbaa070,Uses non-normalized EF
jnk2,OnionNet/GlideSP,,0.466,0.022,,,,,0,0,0,1.018,https://doi.org/10.1093/bib/bbaa070,Uses non-normalized EF
jnk3,OnionNet/GlideSP,,0.624,0.278,,,,,0,13.286,9.54,4.066,https://doi.org/10.1093/bib/bbaa070,Uses non-normalized EF
kif11,OnionNet/GlideSP,,0.36,0.02,,,,,0,0,0,1.486,https://doi.org/10.1093/bib/bbaa070,Uses non-normalized EF
lck,OnionNet/GlideSP,,0.412,0,,,,,0,0,0,0,https://doi.org/10.1093/bib/bbaa070,Uses non-normalized EF
mdm2,OnionNet/GlideSP,,0.506,0.04,,,,,0,0,0,0.998,https://doi.org/10.1093/bib/bbaa070,Uses non-normalized EF
mk2,OnionNet/GlideSP,,0.703,0.21,,,,,15.73,10.486,5.24,3.732,https://doi.org/10.1093/bib/bbaa070,Uses non-normalized EF
mmp2,OnionNet/GlideSP,,0.573,0.179,,,,,15.35,8.771,4.72,2.476,https://doi.org/10.1093/bib/bbaa070,Uses non-normalized EF
na,OnionNet/GlideSP,,0.912,0.483,,,,,30.975,17.7,16.68,8.993,https://doi.org/10.1093/bib/bbaa070,Uses non-normalized EF
p38-alpha,OnionNet/GlideSP,,0.65,0.057,,,,,0,0,2.35,1.971,https://doi.org/10.1093/bib/bbaa070,Uses non-normalized EF
parp-1,OnionNet/GlideSP,,0.715,0.215,,,,,15.075,8.614,4.64,3.954,https://doi.org/10.1093/bib/bbaa070,Uses non-normalized EF
pde4b,OnionNet/GlideSP,,0.524,0.14,,,,,15.4,4.4,4.74,1.49,https://doi.org/10.1093/bib/bbaa070,Uses non-normalized EF
pde5,OnionNet/GlideSP,,0.679,0.054,,,,,0,0,2.48,1.561,https://doi.org/10.1093/bib/bbaa070,Uses non-normalized EF
pdk1,OnionNet/GlideSP,,0.544,0.043,,,,,0,0,0,1.561,https://doi.org/10.1093/bib/bbaa070,Uses non-normalized EF
pi3kg,OnionNet/GlideSP,,0.685,0.282,,,,,15.513,8.864,7.16,5.086,https://doi.org/10.1093/bib/bbaa070,Uses non-normalized EF
pim-1,OnionNet/GlideSP,,0.608,0.1,,,,,0,0,2.33,2.477,https://doi.org/10.1093/bib/bbaa070,Uses non-normalized EF
pim-2,OnionNet/GlideSP,,0.596,0.055,,,,,0,0,2.38,2.031,https://doi.org/10.1093/bib/bbaa070,Uses non-normalized EF
pnp,OnionNet/GlideSP,,0.495,0.084,,,,,0,4.404,2.37,0.994,https://doi.org/10.1093/bib/bbaa070,Uses non-normalized EF
ppara,OnionNet/GlideSP,,0.391,0.018,,,,,0,0,0,0.525,https://doi.org/10.1093/bib/bbaa070,Uses non-normalized EF
pparg,OnionNet/GlideSP,,0.339,0.001,,,,,0,0,0,0,https://doi.org/10.1093/bib/bbaa070,Uses non-normalized EF
pr,OnionNet/GlideSP,,0.643,0.05,,,,,0,0,0,1.696,https://doi.org/10.1093/bib/bbaa070,Uses non-normalized EF
prkcq,OnionNet/GlideSP,,0.801,0.305,,,,,0,5.263,10.53,6.316,https://doi.org/10.1093/bib/bbaa070,Uses non-normalized EF
pygl-in,OnionNet/GlideSP,,0.555,0.005,,,,,0,0,0,0.497,https://doi.org/10.1093/bib/bbaa070,Uses non-normalized EF
pygl-out,OnionNet/GlideSP,,0.396,0.139,,,,,0,4.414,4.75,2.492,https://doi.org/10.1093/bib/bbaa070,Uses non-normalized EF
qpct,OnionNet/GlideSP,,0.543,0.003,,,,,0,0,0,0.499,https://doi.org/10.1093/bib/bbaa070,Uses non-normalized EF
rock-1,OnionNet/GlideSP,,0.567,0.094,,,,,0,0,4.64,1.484,https://doi.org/10.1093/bib/bbaa070,Uses non-normalized EF
rxr,OnionNet/GlideSP,,0.548,0.114,,,,,0,5.184,2.59,1.62,https://doi.org/10.1093/bib/bbaa070,Uses non-normalized EF
sars-hcov,OnionNet/GlideSP,,0.42,0.05,,,,,0,4.403,2.37,0.505,https://doi.org/10.1093/bib/bbaa070,Uses non-normalized EF
sirt2,OnionNet/GlideSP,,0.42,0.03,,,,,0,0,0,0.492,https://doi.org/10.1093/bib/bbaa070,Uses non-normalized EF
src,OnionNet/GlideSP,,0.474,0.067,,,,,0,4.436,2.39,1.018,https://doi.org/10.1093/bib/bbaa070,Uses non-normalized EF
thrombin,OnionNet/GlideSP,,0.651,0.111,,,,,0,4.553,2.45,3.135,https://doi.org/10.1093/bib/bbaa070,Uses non-normalized EF
tie2,OnionNet/GlideSP,,0.522,0.154,,,,,14.988,9.992,5,2.498,https://doi.org/10.1093/bib/bbaa070,Uses non-normalized EF
tk,OnionNet/GlideSP,,0.61,0.05,,,,,0,4.52,2.43,0.51,https://doi.org/10.1093/bib/bbaa070,Uses non-normalized EF
tp,OnionNet/GlideSP,,0.341,0.001,,,,,0,0,0,0,https://doi.org/10.1093/bib/bbaa070,Uses non-normalized EF
tpa,OnionNet/GlideSP,,0.67,0.082,,,,,0,0,2.55,3.625,https://doi.org/10.1093/bib/bbaa070,Uses non-normalized EF
ts,OnionNet/GlideSP,,0.486,0.035,,,,,0,0,0,1,https://doi.org/10.1093/bib/bbaa070,Uses non-normalized EF
upa,OnionNet/GlideSP,,0.596,0.071,,,,,0,4.983,2.49,1.993,https://doi.org/10.1093/bib/bbaa070,Uses non-normalized EF
vegfr1,OnionNet/GlideSP,,0.604,0.178,,,,,14.974,9.982,4.99,2.627,https://doi.org/10.1093/bib/bbaa070,Uses non-normalized EF
vegfr2,OnionNet/GlideSP,,0.554,0.036,,,,,0,0,0,1.538,https://doi.org/10.1093/bib/bbaa070,Uses non-normalized EF
11betahsd1,pafnucy/GlideSP,,0.584,0.095,,,,,0,0,2.51,3.069,https://doi.org/10.1093/bib/bbaa070,Uses non-normalized EF
17betahsd1,pafnucy/GlideSP,,0.394,0.097,,,,,0,4.382,4.72,0.99,https://doi.org/10.1093/bib/bbaa070,Uses non-normalized EF
a2a,pafnucy/GlideSP,,0.661,0.028,,,,,0,0,0,0.99,https://doi.org/10.1093/bib/bbaa070,Uses non-normalized EF
ace,pafnucy/GlideSP,,0.411,0.11,,,,,0,8.821,4.75,0.996,https://doi.org/10.1093/bib/bbaa070,Uses non-normalized EF
ace2,pafnucy/GlideSP,,0.459,0.038,,,,,0,0,2.38,0.5,https://doi.org/10.1093/bib/bbaa070,Uses non-normalized EF
ache,pafnucy/GlideSP,,0.529,0.074,,,,,0,4.361,2.35,2.462,https://doi.org/10.1093/bib/bbaa070,Uses non-normalized EF
adam17,pafnucy/GlideSP,,0.598,0.133,,,,,0,8.786,4.73,1.984,https://doi.org/10.1093/bib/bbaa070,Uses non-normalized EF
adrb2,pafnucy/GlideSP,,0.549,0.003,,,,,0,0,0,0.496,https://doi.org/10.1093/bib/bbaa070,Uses non-normalized EF
akt1,pafnucy/GlideSP,,0.688,0.238,,,,,15.154,5.051,7.58,4.546,https://doi.org/10.1093/bib/bbaa070,Uses non-normalized EF
alr2,pafnucy/GlideSP,,0.461,0.025,,,,,0,0,0,1.977,https://doi.org/10.1093/bib/bbaa070,Uses non-normalized EF
ar,pafnucy/GlideSP,,0.667,0.017,,,,,0,0,0,0.705,https://doi.org/10.1093/bib/bbaa070,Uses non-normalized EF
aurka,pafnucy/GlideSP,,0.767,0.087,,,,,0,0,2.39,4.069,https://doi.org/10.1093/bib/bbaa070,Uses non-normalized EF
aurkb,pafnucy/GlideSP,,0.744,0.18,,,,,15.188,8.679,4.67,3.984,https://doi.org/10.1093/bib/bbaa070,Uses non-normalized EF
bcl2,pafnucy/GlideSP,,0.749,0.155,,,,,15.288,4.368,4.7,2.959,https://doi.org/10.1093/bib/bbaa070,Uses non-normalized EF
braf,pafnucy/GlideSP,,0.671,0.092,,,,,0,4.429,2.38,1.525,https://doi.org/10.1093/bib/bbaa070,Uses non-normalized EF
catl,pafnucy/GlideSP,,0.565,0.043,,,,,0,0,0,0.994,https://doi.org/10.1093/bib/bbaa070,Uses non-normalized EF
cdk2,pafnucy/GlideSP,,0.712,0.153,,,,,0,0,4.98,3.987,https://doi.org/10.1093/bib/bbaa070,Uses non-normalized EF
cox1,pafnucy/GlideSP,,0.583,0.057,,,,,0,0,2.39,1.538,https://doi.org/10.1093/bib/bbaa070,Uses non-normalized EF
cox2,pafnucy/GlideSP,,0.567,0.009,,,,,0,0,0,0.537,https://doi.org/10.1093/bib/bbaa070,Uses non-normalized EF
ctsk,pafnucy/GlideSP,,0.54,0.19,,,,,0,8.821,7.13,2.988,https://doi.org/10.1093/bib/bbaa070,Uses non-normalized EF
cyp2a6,pafnucy/GlideSP,,0.45,0,,,,,0,0,0,0,https://doi.org/10.1093/bib/bbaa070,Uses non-normalized EF
dhfr,pafnucy/GlideSP,,0.649,0.094,,,,,0,4.371,4.71,0.987,https://doi.org/10.1093/bib/bbaa070,Uses non-normalized EF
egfr,pafnucy/GlideSP,,0.744,0.098,,,,,0,0,0,4.052,https://doi.org/10.1093/bib/bbaa070,Uses non-normalized EF
ephb4,pafnucy/GlideSP,,0.615,0.184,,,,,0,4.336,4.67,4.478,https://doi.org/10.1093/bib/bbaa070,Uses non-normalized EF
erbb2,pafnucy/GlideSP,,0.907,0.417,,,,,14.8,14.8,14.8,7.4,https://doi.org/10.1093/bib/bbaa070,Uses non-normalized EF
er-beta,pafnucy/GlideSP,,0.588,0.141,,,,,28.586,5.717,3.18,2.042,https://doi.org/10.1093/bib/bbaa070,Uses non-normalized EF
fgfr1,pafnucy/GlideSP,,0.841,0.279,,,,,0,9.825,7.37,4.496,https://doi.org/10.1093/bib/bbaa070,Uses non-normalized EF
fkbp1a,pafnucy/GlideSP,,0.496,0,,,,,0,0,0,0,https://doi.org/10.1093/bib/bbaa070,Uses non-normalized EF
fxa,pafnucy/GlideSP,,0.694,0.089,,,,,0,5.098,2.55,1.529,https://doi.org/10.1093/bib/bbaa070,Uses non-normalized EF
gba,pafnucy/GlideSP,,0.411,0.001,,,,,0,0,0,0,https://doi.org/10.1093/bib/bbaa070,Uses non-normalized EF
gr,pafnucy/GlideSP,,0.518,0.007,,,,,0,0,0,1.479,https://doi.org/10.1093/bib/bbaa070,Uses non-normalized EF
gsk3b,pafnucy/GlideSP,,0.703,0.223,,,,,15.075,8.614,9.28,4.943,https://doi.org/10.1093/bib/bbaa070,Uses non-normalized EF
hdac2,pafnucy/GlideSP,,0.581,0.181,,,,,15.175,8.671,7,2.488,https://doi.org/10.1093/bib/bbaa070,Uses non-normalized EF
hdac8,pafnucy/GlideSP,,0.38,0.049,,,,,0,4.407,2.37,0.498,https://doi.org/10.1093/bib/bbaa070,Uses non-normalized EF
hiv1pr,pafnucy/GlideSP,,0.724,0.248,,,,,0,9.39,7.58,6.465,https://doi.org/10.1093/bib/bbaa070,Uses non-normalized EF
hiv1rt,pafnucy/GlideSP,,0.575,0.035,,,,,0,0,0,1.05,https://doi.org/10.1093/bib/bbaa070,Uses non-normalized EF
hmgr,pafnucy/GlideSP,,0.594,0.171,,,,,15.463,4.418,4.76,2.993,https://doi.org/10.1093/bib/bbaa070,Uses non-normalized EF
hsp90,pafnucy/GlideSP,,0.617,0.058,,,,,0,0,2.33,2.488,https://doi.org/10.1093/bib/bbaa070,Uses non-normalized EF
igf1r,pafnucy/GlideSP,,0.782,0.158,,,,,0,4.966,4.97,4.545,https://doi.org/10.1093/bib/bbaa070,Uses non-normalized EF
inha,pafnucy/GlideSP,,0.359,0,,,,,0,0,0,0,https://doi.org/10.1093/bib/bbaa070,Uses non-normalized EF
itk,pafnucy/GlideSP,,0.587,0.014,,,,,0,0,0,0.998,https://doi.org/10.1093/bib/bbaa070,Uses non-normalized EF
jak3,pafnucy/GlideSP,,0.729,0.174,,,,,14.963,4.988,2.49,3.99,https://doi.org/10.1093/bib/bbaa070,Uses non-normalized EF
jnk1,pafnucy/GlideSP,,0.771,0.069,,,,,0,0,0,3.15,https://doi.org/10.1093/bib/bbaa070,Uses non-normalized EF
jnk2,pafnucy/GlideSP,,0.636,0.031,,,,,0,0,0,1.527,https://doi.org/10.1093/bib/bbaa070,Uses non-normalized EF
jnk3,pafnucy/GlideSP,,0.684,0.081,,,,,15.5,4.429,2.38,1.525,https://doi.org/10.1093/bib/bbaa070,Uses non-normalized EF
kif11,pafnucy/GlideSP,,0.68,0.129,,,,,0,4.318,2.33,2.973,https://doi.org/10.1093/bib/bbaa070,Uses non-normalized EF
lck,pafnucy/GlideSP,,0.628,0.111,,,,,0,4.3,2.32,1.974,https://doi.org/10.1093/bib/bbaa070,Uses non-normalized EF
mdm2,pafnucy/GlideSP,,0.396,0,,,,,0,0,0,0,https://doi.org/10.1093/bib/bbaa070,Uses non-normalized EF
mk2,pafnucy/GlideSP,,0.733,0.132,,,,,15.73,5.243,2.62,2.666,https://doi.org/10.1093/bib/bbaa070,Uses non-normalized EF
mmp2,pafnucy/GlideSP,,0.43,0.02,,,,,0,0,0,0.495,https://doi.org/10.1093/bib/bbaa070,Uses non-normalized EF
na,pafnucy/GlideSP,,0.438,0,,,,,0,0,0,0,https://doi.org/10.1093/bib/bbaa070,Uses non-normalized EF
p38-alpha,pafnucy/GlideSP,,0.682,0.201,,,,,15.275,8.729,4.7,3.449,https://doi.org/10.1093/bib/bbaa070,Uses non-normalized EF
parp-1,pafnucy/GlideSP,,0.617,0.042,,,,,0,0,2.32,1.483,https://doi.org/10.1093/bib/bbaa070,Uses non-normalized EF
pde4b,pafnucy/GlideSP,,0.592,0.123,,,,,0,0,2.37,4.471,https://doi.org/10.1093/bib/bbaa070,Uses non-normalized EF
pde5,pafnucy/GlideSP,,0.647,0.072,,,,,0,4.609,2.48,1.561,https://doi.org/10.1093/bib/bbaa070,Uses non-normalized EF
pdk1,pafnucy/GlideSP,,0.712,0.153,,,,,0,0,4.88,4.162,https://doi.org/10.1093/bib/bbaa070,Uses non-normalized EF
pi3kg,pafnucy/GlideSP,,0.821,0.221,,,,,0,4.432,7.16,6.103,https://doi.org/10.1093/bib/bbaa070,Uses non-normalized EF
pim-1,pafnucy/GlideSP,,0.651,0.113,,,,,0,4.318,2.33,2.973,https://doi.org/10.1093/bib/bbaa070,Uses non-normalized EF
pim-2,pafnucy/GlideSP,,0.599,0.064,,,,,0,4.425,2.38,1.016,https://doi.org/10.1093/bib/bbaa070,Uses non-normalized EF
pnp,pafnucy/GlideSP,,0.529,0.001,,,,,0,0,0,0,https://doi.org/10.1093/bib/bbaa070,Uses non-normalized EF
ppara,pafnucy/GlideSP,,0.528,0,,,,,0,0,0,0,https://doi.org/10.1093/bib/bbaa070,Uses non-normalized EF
pparg,pafnucy/GlideSP,,0.47,0.021,,,,,0,0,0,0.5,https://doi.org/10.1093/bib/bbaa070,Uses non-normalized EF
pr,pafnucy/GlideSP,,0.546,0.005,,,,,0,0,0,0.565,https://doi.org/10.1093/bib/bbaa070,Uses non-normalized EF
prkcq,pafnucy/GlideSP,,0.775,0.193,,,,,0,5.263,5.26,4.211,https://doi.org/10.1093/bib/bbaa070,Uses non-normalized EF
pygl-in,pafnucy/GlideSP,,0.509,0,,,,,0,0,0,0,https://doi.org/10.1093/bib/bbaa070,Uses non-normalized EF
pygl-out,pafnucy/GlideSP,,0.489,0.101,,,,,15.45,4.414,2.38,1.495,https://doi.org/10.1093/bib/bbaa070,Uses non-normalized EF
qpct,pafnucy/GlideSP,,0.582,0.003,,,,,0,0,0,0.499,https://doi.org/10.1093/bib/bbaa070,Uses non-normalized EF
rock-1,pafnucy/GlideSP,,0.742,0.101,,,,,0,4.311,2.32,2.968,https://doi.org/10.1093/bib/bbaa070,Uses non-normalized EF
rxr,pafnucy/GlideSP,,0.709,0.091,,,,,0,0,0,2.16,https://doi.org/10.1093/bib/bbaa070,Uses non-normalized EF
sars-hcov,pafnucy/GlideSP,,0.528,0.064,,,,,0,0,2.37,2.021,https://doi.org/10.1093/bib/bbaa070,Uses non-normalized EF
sirt2,pafnucy/GlideSP,,0.419,0.036,,,,,0,0,2.35,0.492,https://doi.org/10.1093/bib/bbaa070,Uses non-normalized EF
src,pafnucy/GlideSP,,0.667,0.117,,,,,0,0,2.39,4.072,https://doi.org/10.1093/bib/bbaa070,Uses non-normalized EF
thrombin,pafnucy/GlideSP,,0.602,0.07,,,,,0,0,2.45,2.612,https://doi.org/10.1093/bib/bbaa070,Uses non-normalized EF
tie2,pafnucy/GlideSP,,0.623,0.015,,,,,0,0,0,0.999,https://doi.org/10.1093/bib/bbaa070,Uses non-normalized EF
tk,pafnucy/GlideSP,,0.701,0.259,,,,,15.821,9.04,7.3,4.593,https://doi.org/10.1093/bib/bbaa070,Uses non-normalized EF
tp,pafnucy/GlideSP,,0.703,0.072,,,,,0,5.473,2.99,1.288,https://doi.org/10.1093/bib/bbaa070,Uses non-normalized EF
tpa,pafnucy/GlideSP,,0.487,0.039,,,,,0,0,2.55,0.518,https://doi.org/10.1093/bib/bbaa070,Uses non-normalized EF
ts,pafnucy/GlideSP,,0.509,0.007,,,,,0,0,0,0.5,https://doi.org/10.1093/bib/bbaa070,Uses non-normalized EF
upa,pafnucy/GlideSP,,0.47,0.013,,,,,0,0,0,0.997,https://doi.org/10.1093/bib/bbaa070,Uses non-normalized EF
vegfr1,pafnucy/GlideSP,,0.63,0.102,,,,,0,4.991,2.5,2.102,https://doi.org/10.1093/bib/bbaa070,Uses non-normalized EF
vegfr2,pafnucy/GlideSP,,0.731,0.053,,,,,0,0,0,2.564,https://doi.org/10.1093/bib/bbaa070,Uses non-normalized EF
11betahsd1,PLECRF(ODDT)/GlideSP,,0.625,0.067,,,,,0,5.03,2.51,1.023,https://doi.org/10.1093/bib/bbaa070,Uses non-normalized EF
17betahsd1,PLECRF(ODDT)/GlideSP,,0.482,0.001,,,,,0,0,0,0,https://doi.org/10.1093/bib/bbaa070,Uses non-normalized EF
a2a,PLECRF(ODDT)/GlideSP,,0.557,0.285,,,,,15.35,17.543,9.45,3.466,https://doi.org/10.1093/bib/bbaa070,Uses non-normalized EF
ace,PLECRF(ODDT)/GlideSP,,0.513,0.003,,,,,0,0,0,0,https://doi.org/10.1093/bib/bbaa070,Uses non-normalized EF
ace2,PLECRF(ODDT)/GlideSP,,0.514,0.04,,,,,0,0,0,1.499,https://doi.org/10.1093/bib/bbaa070,Uses non-normalized EF
ache,PLECRF(ODDT)/GlideSP,,0.684,0.189,,,,,0,4.361,4.7,4.431,https://doi.org/10.1093/bib/bbaa070,Uses non-normalized EF
adam17,PLECRF(ODDT)/GlideSP,,0.629,0.044,,,,,0,0,0,2.48,https://doi.org/10.1093/bib/bbaa070,Uses non-normalized EF
adrb2,PLECRF(ODDT)/GlideSP,,0.598,0.045,,,,,0,0,0,1.488,https://doi.org/10.1093/bib/bbaa070,Uses non-normalized EF
akt1,PLECRF(ODDT)/GlideSP,,0.543,0.092,,,,,0,5.051,2.53,2.526,https://doi.org/10.1093/bib/bbaa070,Uses non-normalized EF
alr2,PLECRF(ODDT)/GlideSP,,0.322,0,,,,,0,0,0,0,https://doi.org/10.1093/bib/bbaa070,Uses non-normalized EF
ar,PLECRF(ODDT)/GlideSP,,0.518,0.008,,,,,0,0,0,0.705,https://doi.org/10.1093/bib/bbaa070,Uses non-normalized EF
aurka,PLECRF(ODDT)/GlideSP,,0.805,0.188,,,,,15.513,4.432,2.39,6.103,https://doi.org/10.1093/bib/bbaa070,Uses non-normalized EF
aurkb,PLECRF(ODDT)/GlideSP,,0.611,0.162,,,,,15.188,4.339,4.67,2.49,https://doi.org/10.1093/bib/bbaa070,Uses non-normalized EF
bcl2,PLECRF(ODDT)/GlideSP,,0.614,0.009,,,,,0,0,0,0.986,https://doi.org/10.1093/bib/bbaa070,Uses non-normalized EF
braf,PLECRF(ODDT)/GlideSP,,0.677,0.287,,,,,0,17.714,11.92,5.082,https://doi.org/10.1093/bib/bbaa070,Uses non-normalized EF
catl,PLECRF(ODDT)/GlideSP,,0.787,0.155,,,,,15.413,4.404,2.37,3.48,https://doi.org/10.1093/bib/bbaa070,Uses non-normalized EF
cdk2,PLECRF(ODDT)/GlideSP,,0.632,0.234,,,,,14.95,4.983,4.98,4.485,https://doi.org/10.1093/bib/bbaa070,Uses non-normalized EF
cox1,PLECRF(ODDT)/GlideSP,,0.589,0.032,,,,,0,0,0,1.538,https://doi.org/10.1093/bib/bbaa070,Uses non-normalized EF
cox2,PLECRF(ODDT)/GlideSP,,0.626,0.031,,,,,0,0,0,1.612,https://doi.org/10.1093/bib/bbaa070,Uses non-normalized EF
ctsk,PLECRF(ODDT)/GlideSP,,0.795,0.561,,,,,30.875,26.464,23.75,6.972,https://doi.org/10.1093/bib/bbaa070,Uses non-normalized EF
cyp2a6,PLECRF(ODDT)/GlideSP,,0.42,0.001,,,,,0,0,0,0,https://doi.org/10.1093/bib/bbaa070,Uses non-normalized EF
dhfr,PLECRF(ODDT)/GlideSP,,0.406,0.038,,,,,0,0,2.35,0.494,https://doi.org/10.1093/bib/bbaa070,Uses non-normalized EF
egfr,PLECRF(ODDT)/GlideSP,,0.637,0.261,,,,,0,4.414,9.51,4.559,https://doi.org/10.1093/bib/bbaa070,Uses non-normalized EF
ephb4,PLECRF(ODDT)/GlideSP,,0.694,0.313,,,,,30.35,17.343,9.34,5.473,https://doi.org/10.1093/bib/bbaa070,Uses non-normalized EF
erbb2,PLECRF(ODDT)/GlideSP,,0.833,0.465,,,,,29.6,19.733,17.27,5.92,https://doi.org/10.1093/bib/bbaa070,Uses non-normalized EF
er-beta,PLECRF(ODDT)/GlideSP,,0.698,0.478,,,,,28.586,17.152,15.88,6.126,https://doi.org/10.1093/bib/bbaa070,Uses non-normalized EF
fgfr1,PLECRF(ODDT)/GlideSP,,0.7,0.236,,,,,14.738,14.738,7.37,4.496,https://doi.org/10.1093/bib/bbaa070,Uses non-normalized EF
fkbp1a,PLECRF(ODDT)/GlideSP,,0.775,0.182,,,,,16.197,9.256,7.48,2.612,https://doi.org/10.1093/bib/bbaa070,Uses non-normalized EF
fxa,PLECRF(ODDT)/GlideSP,,0.722,0.317,,,,,15.295,15.295,12.75,3.569,https://doi.org/10.1093/bib/bbaa070,Uses non-normalized EF
gba,PLECRF(ODDT)/GlideSP,,0.603,0.062,,,,,0,4.411,2.38,0.996,https://doi.org/10.1093/bib/bbaa070,Uses non-normalized EF
gr,PLECRF(ODDT)/GlideSP,,0.648,0.212,,,,,0,8.736,4.7,4.438,https://doi.org/10.1093/bib/bbaa070,Uses non-normalized EF
gsk3b,PLECRF(ODDT)/GlideSP,,0.606,0.222,,,,,30.15,8.614,4.64,3.46,https://doi.org/10.1093/bib/bbaa070,Uses non-normalized EF
hdac2,PLECRF(ODDT)/GlideSP,,0.647,0.098,,,,,0,4.336,2.33,2.488,https://doi.org/10.1093/bib/bbaa070,Uses non-normalized EF
hdac8,PLECRF(ODDT)/GlideSP,,0.346,0.001,,,,,0,0,0,0,https://doi.org/10.1093/bib/bbaa070,Uses non-normalized EF
hiv1pr,PLECRF(ODDT)/GlideSP,,0.811,0.635,,,,,32.865,28.17,25.28,9.159,https://doi.org/10.1093/bib/bbaa070,Uses non-normalized EF
hiv1rt,PLECRF(ODDT)/GlideSP,,0.562,0.047,,,,,0,0,2.46,1.05,https://doi.org/10.1093/bib/bbaa070,Uses non-normalized EF
hmgr,PLECRF(ODDT)/GlideSP,,0.544,0.503,,,,,30.925,26.507,19.03,4.988,https://doi.org/10.1093/bib/bbaa070,Uses non-normalized EF
hsp90,PLECRF(ODDT)/GlideSP,,0.636,0.304,,,,,15.175,8.671,9.34,5.97,https://doi.org/10.1093/bib/bbaa070,Uses non-normalized EF
igf1r,PLECRF(ODDT)/GlideSP,,0.678,0.175,,,,,0,0,4.97,3.535,https://doi.org/10.1093/bib/bbaa070,Uses non-normalized EF
inha,PLECRF(ODDT)/GlideSP,,0.578,0.041,,,,,0,0,0,1.976,https://doi.org/10.1093/bib/bbaa070,Uses non-normalized EF
itk,PLECRF(ODDT)/GlideSP,,0.671,0.06,,,,,0,4.35,2.34,0.998,https://doi.org/10.1093/bib/bbaa070,Uses non-normalized EF
jak3,PLECRF(ODDT)/GlideSP,,0.756,0.214,,,,,0,4.988,7.48,4.988,https://doi.org/10.1093/bib/bbaa070,Uses non-normalized EF
jnk1,PLECRF(ODDT)/GlideSP,,0.686,0.056,,,,,0,0,2.63,2.1,https://doi.org/10.1093/bib/bbaa070,Uses non-normalized EF
jnk2,PLECRF(ODDT)/GlideSP,,0.642,0.196,,,,,0,5.004,10.01,3.053,https://doi.org/10.1093/bib/bbaa070,Uses non-normalized EF
jnk3,PLECRF(ODDT)/GlideSP,,0.709,0.275,,,,,15.5,8.857,9.54,5.082,https://doi.org/10.1093/bib/bbaa070,Uses non-normalized EF
kif11,PLECRF(ODDT)/GlideSP,,0.669,0.595,,,,,30.225,30.225,23.25,5.946,https://doi.org/10.1093/bib/bbaa070,Uses non-normalized EF
lck,PLECRF(ODDT)/GlideSP,,0.823,0.583,,,,,30.1,17.2,20.84,9.869,https://doi.org/10.1093/bib/bbaa070,Uses non-normalized EF
mdm2,PLECRF(ODDT)/GlideSP,,0.374,0.109,,,,,0,0,4.99,2.496,https://doi.org/10.1093/bib/bbaa070,Uses non-normalized EF
mk2,PLECRF(ODDT)/GlideSP,,0.724,0.074,,,,,0,0,2.62,3.732,https://doi.org/10.1093/bib/bbaa070,Uses non-normalized EF
mmp2,PLECRF(ODDT)/GlideSP,,0.582,0.103,,,,,0,4.386,4.72,1.981,https://doi.org/10.1093/bib/bbaa070,Uses non-normalized EF
na,PLECRF(ODDT)/GlideSP,,0.81,0.704,,,,,30.975,30.975,23.83,10.492,https://doi.org/10.1093/bib/bbaa070,Uses non-normalized EF
p38-alpha,PLECRF(ODDT)/GlideSP,,0.609,0.288,,,,,30.55,17.457,9.4,2.956,https://doi.org/10.1093/bib/bbaa070,Uses non-normalized EF
parp-1,PLECRF(ODDT)/GlideSP,,0.624,0.108,,,,,0,4.307,4.64,1.977,https://doi.org/10.1093/bib/bbaa070,Uses non-normalized EF
pde4b,PLECRF(ODDT)/GlideSP,,0.696,0.109,,,,,0,0,4.74,2.484,https://doi.org/10.1093/bib/bbaa070,Uses non-normalized EF
pde5,PLECRF(ODDT)/GlideSP,,0.603,0.333,,,,,32.263,18.436,12.41,3.643,https://doi.org/10.1093/bib/bbaa070,Uses non-normalized EF
pdk1,PLECRF(ODDT)/GlideSP,,0.672,0.304,,,,,15.868,4.534,4.88,6.243,https://doi.org/10.1093/bib/bbaa070,Uses non-normalized EF
pi3kg,PLECRF(ODDT)/GlideSP,,0.789,0.402,,,,,31.026,22.161,14.32,5.595,https://doi.org/10.1093/bib/bbaa070,Uses non-normalized EF
pim-1,PLECRF(ODDT)/GlideSP,,0.651,0.179,,,,,0,4.318,4.65,4.459,https://doi.org/10.1093/bib/bbaa070,Uses non-normalized EF
pim-2,PLECRF(ODDT)/GlideSP,,0.489,0.056,,,,,0,0,0,2.539,https://doi.org/10.1093/bib/bbaa070,Uses non-normalized EF
pnp,PLECRF(ODDT)/GlideSP,,0.399,0.001,,,,,0,0,0,0,https://doi.org/10.1093/bib/bbaa070,Uses non-normalized EF
ppara,PLECRF(ODDT)/GlideSP,,0.723,0.063,,,,,0,0,2.5,1.576,https://doi.org/10.1093/bib/bbaa070,Uses non-normalized EF
pparg,PLECRF(ODDT)/GlideSP,,0.573,0.102,,,,,14.25,4.75,2.38,2,https://doi.org/10.1093/bib/bbaa070,Uses non-normalized EF
pr,PLECRF(ODDT)/GlideSP,,0.485,0.026,,,,,0,0,0,1.131,https://doi.org/10.1093/bib/bbaa070,Uses non-normalized EF
prkcq,PLECRF(ODDT)/GlideSP,,0.762,0.194,,,,,0,5.263,5.26,5.263,https://doi.org/10.1093/bib/bbaa070,Uses non-normalized EF
pygl-in,PLECRF(ODDT)/GlideSP,,0.625,0.071,,,,,0,0,2.37,3.974,https://doi.org/10.1093/bib/bbaa070,Uses non-normalized EF
pygl-out,PLECRF(ODDT)/GlideSP,,0.525,0.002,,,,,0,0,0,0.498,https://doi.org/10.1093/bib/bbaa070,Uses non-normalized EF
qpct,PLECRF(ODDT)/GlideSP,,0.503,0,,,,,0,0,0,0,https://doi.org/10.1093/bib/bbaa070,Uses non-normalized EF
rock-1,PLECRF(ODDT)/GlideSP,,0.511,0.073,,,,,15.088,4.311,2.32,0.989,https://doi.org/10.1093/bib/bbaa070,Uses non-normalized EF
rxr,PLECRF(ODDT)/GlideSP,,0.575,0.031,,,,,0,0,0,1.62,https://doi.org/10.1093/bib/bbaa070,Uses non-normalized EF
sars-hcov,PLECRF(ODDT)/GlideSP,,0.36,0.015,,,,,0,0,0,0.505,https://doi.org/10.1093/bib/bbaa070,Uses non-normalized EF
sirt2,PLECRF(ODDT)/GlideSP,,0.363,0,,,,,0,0,0,0,https://doi.org/10.1093/bib/bbaa070,Uses non-normalized EF
src,PLECRF(ODDT)/GlideSP,,0.602,0.258,,,,,15.526,13.308,7.17,4.072,https://doi.org/10.1093/bib/bbaa070,Uses non-normalized EF
thrombin,PLECRF(ODDT)/GlideSP,,0.593,0.28,,,,,0,13.658,9.81,4.702,https://doi.org/10.1093/bib/bbaa070,Uses non-normalized EF
tie2,PLECRF(ODDT)/GlideSP,,0.69,0.394,,,,,14.988,19.983,17.49,4.496,https://doi.org/10.1093/bib/bbaa070,Uses non-normalized EF
tk,PLECRF(ODDT)/GlideSP,,0.543,0,,,,,0,0,0,0,https://doi.org/10.1093/bib/bbaa070,Uses non-normalized EF
tp,PLECRF(ODDT)/GlideSP,,0.268,0,,,,,0,0,0,0,https://doi.org/10.1093/bib/bbaa070,Uses non-normalized EF
tpa,PLECRF(ODDT)/GlideSP,,0.472,0.081,,,,,15.276,5.092,2.55,1.554,https://doi.org/10.1093/bib/bbaa070,Uses non-normalized EF
ts,PLECRF(ODDT)/GlideSP,,0.514,0.012,,,,,0,0,0,1.5,https://doi.org/10.1093/bib/bbaa070,Uses non-normalized EF
upa,PLECRF(ODDT)/GlideSP,,0.549,0.078,,,,,0,4.983,2.49,0.997,https://doi.org/10.1093/bib/bbaa070,Uses non-normalized EF
vegfr1,PLECRF(ODDT)/GlideSP,,0.661,0.272,,,,,0,4.991,9.98,5.779,https://doi.org/10.1093/bib/bbaa070,Uses non-normalized EF
vegfr2,PLECRF(ODDT)/GlideSP,,0.583,0.07,,,,,0,0,2.41,2.051,https://doi.org/10.1093/bib/bbaa070,Uses non-normalized EF
11betahsd1,RF-Scorev1(ODDT)/GlideSP,,0.496,0.001,,,,,0,0,0,0,https://doi.org/10.1093/bib/bbaa070,Uses non-normalized EF
17betahsd1,RF-Scorev1(ODDT)/GlideSP,,0.396,0.04,,,,,0,0,0,0.99,https://doi.org/10.1093/bib/bbaa070,Uses non-normalized EF
a2a,RF-Scorev1(ODDT)/GlideSP,,0.674,0.046,,,,,0,0,2.36,0.495,https://doi.org/10.1093/bib/bbaa070,Uses non-normalized EF
ace,RF-Scorev1(ODDT)/GlideSP,,0.527,0.154,,,,,0,4.411,2.38,3.486,https://doi.org/10.1093/bib/bbaa070,Uses non-normalized EF
ace2,RF-Scorev1(ODDT)/GlideSP,,0.615,0.137,,,,,0,0,4.77,3.497,https://doi.org/10.1093/bib/bbaa070,Uses non-normalized EF
ache,RF-Scorev1(ODDT)/GlideSP,,0.563,0.154,,,,,15.263,8.721,4.7,2.462,https://doi.org/10.1093/bib/bbaa070,Uses non-normalized EF
adam17,RF-Scorev1(ODDT)/GlideSP,,0.386,0.081,,,,,15.375,4.393,2.37,0.992,https://doi.org/10.1093/bib/bbaa070,Uses non-normalized EF
adrb2,RF-Scorev1(ODDT)/GlideSP,,0.486,0.028,,,,,0,0,0,0.992,https://doi.org/10.1093/bib/bbaa070,Uses non-normalized EF
akt1,RF-Scorev1(ODDT)/GlideSP,,0.567,0.019,,,,,0,0,0,1.01,https://doi.org/10.1093/bib/bbaa070,Uses non-normalized EF
alr2,RF-Scorev1(ODDT)/GlideSP,,0.455,0.001,,,,,0,0,0,0,https://doi.org/10.1093/bib/bbaa070,Uses non-normalized EF
ar,RF-Scorev1(ODDT)/GlideSP,,0.546,0.286,,,,,22.571,5.643,3.22,4.938,https://doi.org/10.1093/bib/bbaa070,Uses non-normalized EF
aurka,RF-Scorev1(ODDT)/GlideSP,,0.615,0.183,,,,,0,8.864,7.16,2.543,https://doi.org/10.1093/bib/bbaa070,Uses non-normalized EF
aurkb,RF-Scorev1(ODDT)/GlideSP,,0.693,0.203,,,,,0,8.679,7.01,3.984,https://doi.org/10.1093/bib/bbaa070,Uses non-normalized EF
bcl2,RF-Scorev1(ODDT)/GlideSP,,0.791,0.6,,,,,30.575,26.207,18.82,8.877,https://doi.org/10.1093/bib/bbaa070,Uses non-normalized EF
braf,RF-Scorev1(ODDT)/GlideSP,,0.559,0.001,,,,,0,0,0,0,https://doi.org/10.1093/bib/bbaa070,Uses non-normalized EF
catl,RF-Scorev1(ODDT)/GlideSP,,0.708,0.049,,,,,0,0,0,1.492,https://doi.org/10.1093/bib/bbaa070,Uses non-normalized EF
cdk2,RF-Scorev1(ODDT)/GlideSP,,0.587,0.023,,,,,0,0,0,0.997,https://doi.org/10.1093/bib/bbaa070,Uses non-normalized EF
cox1,RF-Scorev1(ODDT)/GlideSP,,0.393,0,,,,,0,0,0,0,https://doi.org/10.1093/bib/bbaa070,Uses non-normalized EF
cox2,RF-Scorev1(ODDT)/GlideSP,,0.371,0,,,,,0,0,0,0,https://doi.org/10.1093/bib/bbaa070,Uses non-normalized EF
ctsk,RF-Scorev1(ODDT)/GlideSP,,0.648,0.043,,,,,0,0,0,2.49,https://doi.org/10.1093/bib/bbaa070,Uses non-normalized EF
cyp2a6,RF-Scorev1(ODDT)/GlideSP,,0.412,0,,,,,0,0,0,0,https://doi.org/10.1093/bib/bbaa070,Uses non-normalized EF
dhfr,RF-Scorev1(ODDT)/GlideSP,,0.678,0.033,,,,,0,0,0,1.974,https://doi.org/10.1093/bib/bbaa070,Uses non-normalized EF
egfr,RF-Scorev1(ODDT)/GlideSP,,0.56,0.044,,,,,0,0,2.38,0.507,https://doi.org/10.1093/bib/bbaa070,Uses non-normalized EF
ephb4,RF-Scorev1(ODDT)/GlideSP,,0.666,0.014,,,,,0,0,0,1.493,https://doi.org/10.1093/bib/bbaa070,Uses non-normalized EF
erbb2,RF-Scorev1(ODDT)/GlideSP,,0.722,0.021,,,,,0,0,0,1.48,https://doi.org/10.1093/bib/bbaa070,Uses non-normalized EF
er-beta,RF-Scorev1(ODDT)/GlideSP,,0.355,0.272,,,,,0,5.717,12.7,2.722,https://doi.org/10.1093/bib/bbaa070,Uses non-normalized EF
fgfr1,RF-Scorev1(ODDT)/GlideSP,,0.596,0.001,,,,,0,0,0,0,https://doi.org/10.1093/bib/bbaa070,Uses non-normalized EF
fkbp1a,RF-Scorev1(ODDT)/GlideSP,,0.415,0,,,,,0,0,0,0,https://doi.org/10.1093/bib/bbaa070,Uses non-normalized EF
fxa,RF-Scorev1(ODDT)/GlideSP,,0.741,0.097,,,,,0,5.098,2.55,2.549,https://doi.org/10.1093/bib/bbaa070,Uses non-normalized EF
gba,RF-Scorev1(ODDT)/GlideSP,,0.64,0.155,,,,,0,0,2.38,4.482,https://doi.org/10.1093/bib/bbaa070,Uses non-normalized EF
gr,RF-Scorev1(ODDT)/GlideSP,,0.489,0.072,,,,,0,0,2.35,1.479,https://doi.org/10.1093/bib/bbaa070,Uses non-normalized EF
gsk3b,RF-Scorev1(ODDT)/GlideSP,,0.595,0.002,,,,,0,0,0,0,https://doi.org/10.1093/bib/bbaa070,Uses non-normalized EF
hdac2,RF-Scorev1(ODDT)/GlideSP,,0.654,0.047,,,,,0,0,2.33,0.995,https://doi.org/10.1093/bib/bbaa070,Uses non-normalized EF
hdac8,RF-Scorev1(ODDT)/GlideSP,,0.381,0.03,,,,,0,0,0,0.995,https://doi.org/10.1093/bib/bbaa070,Uses non-normalized EF
hiv1pr,RF-Scorev1(ODDT)/GlideSP,,0.832,0.533,,,,,32.865,14.085,17.7,10.775,https://doi.org/10.1093/bib/bbaa070,Uses non-normalized EF
hiv1rt,RF-Scorev1(ODDT)/GlideSP,,0.562,0.11,,,,,16.013,4.575,4.93,1.575,https://doi.org/10.1093/bib/bbaa070,Uses non-normalized EF
hmgr,RF-Scorev1(ODDT)/GlideSP,,0.483,0,,,,,0,0,0,0,https://doi.org/10.1093/bib/bbaa070,Uses non-normalized EF
hsp90,RF-Scorev1(ODDT)/GlideSP,,0.521,0.032,,,,,0,0,0,1.493,https://doi.org/10.1093/bib/bbaa070,Uses non-normalized EF
igf1r,RF-Scorev1(ODDT)/GlideSP,,0.667,0.008,,,,,0,0,0,1.01,https://doi.org/10.1093/bib/bbaa070,Uses non-normalized EF
inha,RF-Scorev1(ODDT)/GlideSP,,0.371,0.003,,,,,0,0,0,0.494,https://doi.org/10.1093/bib/bbaa070,Uses non-normalized EF
itk,RF-Scorev1(ODDT)/GlideSP,,0.674,0.023,,,,,0,0,0,1.997,https://doi.org/10.1093/bib/bbaa070,Uses non-normalized EF
jak3,RF-Scorev1(ODDT)/GlideSP,,0.672,0.072,,,,,0,0,0,1.995,https://doi.org/10.1093/bib/bbaa070,Uses non-normalized EF
jnk1,RF-Scorev1(ODDT)/GlideSP,,0.692,0.059,,,,,0,0,0,2.625,https://doi.org/10.1093/bib/bbaa070,Uses non-normalized EF
jnk2,RF-Scorev1(ODDT)/GlideSP,,0.565,0.004,,,,,0,0,0,0.509,https://doi.org/10.1093/bib/bbaa070,Uses non-normalized EF
jnk3,RF-Scorev1(ODDT)/GlideSP,,0.628,0.029,,,,,0,0,0,2.033,https://doi.org/10.1093/bib/bbaa070,Uses non-normalized EF
kif11,RF-Scorev1(ODDT)/GlideSP,,0.573,0.193,,,,,0,4.318,6.98,2.973,https://doi.org/10.1093/bib/bbaa070,Uses non-normalized EF
lck,RF-Scorev1(ODDT)/GlideSP,,0.556,0.007,,,,,0,0,0,0.493,https://doi.org/10.1093/bib/bbaa070,Uses non-normalized EF
mdm2,RF-Scorev1(ODDT)/GlideSP,,0.35,0.003,,,,,0,0,0,0.499,https://doi.org/10.1093/bib/bbaa070,Uses non-normalized EF
mk2,RF-Scorev1(ODDT)/GlideSP,,0.727,0.005,,,,,0,0,0,0.533,https://doi.org/10.1093/bib/bbaa070,Uses non-normalized EF
mmp2,RF-Scorev1(ODDT)/GlideSP,,0.426,0,,,,,0,0,0,0,https://doi.org/10.1093/bib/bbaa070,Uses non-normalized EF
na,RF-Scorev1(ODDT)/GlideSP,,0.569,0.015,,,,,0,0,0,0.999,https://doi.org/10.1093/bib/bbaa070,Uses non-normalized EF
p38-alpha,RF-Scorev1(ODDT)/GlideSP,,0.66,0.002,,,,,0,0,0,0,https://doi.org/10.1093/bib/bbaa070,Uses non-normalized EF
parp-1,RF-Scorev1(ODDT)/GlideSP,,0.55,0.042,,,,,0,0,0,1.483,https://doi.org/10.1093/bib/bbaa070,Uses non-normalized EF
pde4b,RF-Scorev1(ODDT)/GlideSP,,0.472,0.037,,,,,0,0,0,0.994,https://doi.org/10.1093/bib/bbaa070,Uses non-normalized EF
pde5,RF-Scorev1(ODDT)/GlideSP,,0.608,0.002,,,,,0,0,0,0.52,https://doi.org/10.1093/bib/bbaa070,Uses non-normalized EF
pdk1,RF-Scorev1(ODDT)/GlideSP,,0.572,0.01,,,,,0,0,0,0.52,https://doi.org/10.1093/bib/bbaa070,Uses non-normalized EF
pi3kg,RF-Scorev1(ODDT)/GlideSP,,0.657,0.093,,,,,0,0,2.39,3.052,https://doi.org/10.1093/bib/bbaa070,Uses non-normalized EF
pim-1,RF-Scorev1(ODDT)/GlideSP,,0.54,0.004,,,,,0,0,0,0.495,https://doi.org/10.1093/bib/bbaa070,Uses non-normalized EF
pim-2,RF-Scorev1(ODDT)/GlideSP,,0.618,0.177,,,,,15.487,8.85,7.15,1.523,https://doi.org/10.1093/bib/bbaa070,Uses non-normalized EF
pnp,RF-Scorev1(ODDT)/GlideSP,,0.596,0.134,,,,,0,4.404,4.74,2.983,https://doi.org/10.1093/bib/bbaa070,Uses non-normalized EF
ppara,RF-Scorev1(ODDT)/GlideSP,,0.639,0.21,,,,,14.974,4.991,7.49,3.678,https://doi.org/10.1093/bib/bbaa070,Uses non-normalized EF
pparg,RF-Scorev1(ODDT)/GlideSP,,0.65,0.148,,,,,0,4.75,4.75,3.5,https://doi.org/10.1093/bib/bbaa070,Uses non-normalized EF
pr,RF-Scorev1(ODDT)/GlideSP,,0.526,0.068,,,,,0,0,0,1.131,https://doi.org/10.1093/bib/bbaa070,Uses non-normalized EF
prkcq,RF-Scorev1(ODDT)/GlideSP,,0.567,0.007,,,,,0,0,0,1.053,https://doi.org/10.1093/bib/bbaa070,Uses non-normalized EF
pygl-in,RF-Scorev1(ODDT)/GlideSP,,0.478,0,,,,,0,0,0,0,https://doi.org/10.1093/bib/bbaa070,Uses non-normalized EF
pygl-out,RF-Scorev1(ODDT)/GlideSP,,0.495,0.074,,,,,15.45,4.414,2.38,0.498,https://doi.org/10.1093/bib/bbaa070,Uses non-normalized EF
qpct,RF-Scorev1(ODDT)/GlideSP,,0.57,0.009,,,,,0,0,0,0.499,https://doi.org/10.1093/bib/bbaa070,Uses non-normalized EF
rock-1,RF-Scorev1(ODDT)/GlideSP,,0.56,0.049,,,,,0,0,2.32,0.989,https://doi.org/10.1093/bib/bbaa070,Uses non-normalized EF
rxr,RF-Scorev1(ODDT)/GlideSP,,0.727,0.518,,,,,25.919,15.551,18.14,7.02,https://doi.org/10.1093/bib/bbaa070,Uses non-normalized EF
sars-hcov,RF-Scorev1(ODDT)/GlideSP,,0.505,0.144,,,,,0,4.403,4.74,3.032,https://doi.org/10.1093/bib/bbaa070,Uses non-normalized EF
sirt2,RF-Scorev1(ODDT)/GlideSP,,0.461,0.072,,,,,0,0,2.35,1.477,https://doi.org/10.1093/bib/bbaa070,Uses non-normalized EF
src,RF-Scorev1(ODDT)/GlideSP,,0.571,0.022,,,,,0,0,0,1.018,https://doi.org/10.1093/bib/bbaa070,Uses non-normalized EF
thrombin,RF-Scorev1(ODDT)/GlideSP,,0.678,0.139,,,,,0,4.553,4.9,2.09,https://doi.org/10.1093/bib/bbaa070,Uses non-normalized EF
tie2,RF-Scorev1(ODDT)/GlideSP,,0.644,0.054,,,,,0,0,0,2.498,https://doi.org/10.1093/bib/bbaa070,Uses non-normalized EF
tk,RF-Scorev1(ODDT)/GlideSP,,0.481,0.033,,,,,0,0,2.43,0.51,https://doi.org/10.1093/bib/bbaa070,Uses non-normalized EF
tp,RF-Scorev1(ODDT)/GlideSP,,0.28,0,,,,,0,0,0,0,https://doi.org/10.1093/bib/bbaa070,Uses non-normalized EF
tpa,RF-Scorev1(ODDT)/GlideSP,,0.537,0.007,,,,,0,0,0,1.036,https://doi.org/10.1093/bib/bbaa070,Uses non-normalized EF
ts,RF-Scorev1(ODDT)/GlideSP,,0.627,0.128,,,,,0,8.714,4.69,1.5,https://doi.org/10.1093/bib/bbaa070,Uses non-normalized EF
upa,RF-Scorev1(ODDT)/GlideSP,,0.52,0.043,,,,,0,0,0,1.495,https://doi.org/10.1093/bib/bbaa070,Uses non-normalized EF
vegfr1,RF-Scorev1(ODDT)/GlideSP,,0.657,0.193,,,,,14.974,9.982,7.49,2.627,https://doi.org/10.1093/bib/bbaa070,Uses non-normalized EF
vegfr2,RF-Scorev1(ODDT)/GlideSP,,0.587,0.065,,,,,0,0,2.41,1.026,https://doi.org/10.1093/bib/bbaa070,Uses non-normalized EF
11betahsd1,RF-Scorev2(ODDT)/GlideSP,,0.472,0.125,,,,,0,0,5.03,2.046,https://doi.org/10.1093/bib/bbaa070,Uses non-normalized EF
17betahsd1,RF-Scorev2(ODDT)/GlideSP,,0.365,0.078,,,,,0,4.382,2.36,0.99,https://doi.org/10.1093/bib/bbaa070,Uses non-normalized EF
a2a,RF-Scorev2(ODDT)/GlideSP,,0.752,0.123,,,,,0,0,2.36,4.456,https://doi.org/10.1093/bib/bbaa070,Uses non-normalized EF
ace,RF-Scorev2(ODDT)/GlideSP,,0.54,0.138,,,,,15.438,4.411,4.75,1.992,https://doi.org/10.1093/bib/bbaa070,Uses non-normalized EF
ace2,RF-Scorev2(ODDT)/GlideSP,,0.616,0.272,,,,,30.975,13.275,9.53,3.997,https://doi.org/10.1093/bib/bbaa070,Uses non-normalized EF
ache,RF-Scorev2(ODDT)/GlideSP,,0.555,0.086,,,,,15.263,4.361,2.35,1.969,https://doi.org/10.1093/bib/bbaa070,Uses non-normalized EF
adam17,RF-Scorev2(ODDT)/GlideSP,,0.41,0.067,,,,,0,4.393,2.37,1.488,https://doi.org/10.1093/bib/bbaa070,Uses non-normalized EF
adrb2,RF-Scorev2(ODDT)/GlideSP,,0.544,0.095,,,,,0,0,2.4,2.481,https://doi.org/10.1093/bib/bbaa070,Uses non-normalized EF
akt1,RF-Scorev2(ODDT)/GlideSP,,0.608,0.023,,,,,0,0,0,1.01,https://doi.org/10.1093/bib/bbaa070,Uses non-normalized EF
alr2,RF-Scorev2(ODDT)/GlideSP,,0.415,0.003,,,,,0,0,0,0.494,https://doi.org/10.1093/bib/bbaa070,Uses non-normalized EF
ar,RF-Scorev2(ODDT)/GlideSP,,0.551,0.116,,,,,0,0,3.22,1.411,https://doi.org/10.1093/bib/bbaa070,Uses non-normalized EF
aurka,RF-Scorev2(ODDT)/GlideSP,,0.673,0.072,,,,,0,0,2.39,2.543,https://doi.org/10.1093/bib/bbaa070,Uses non-normalized EF
aurkb,RF-Scorev2(ODDT)/GlideSP,,0.679,0.283,,,,,15.188,13.018,7.01,5.477,https://doi.org/10.1093/bib/bbaa070,Uses non-normalized EF
bcl2,RF-Scorev2(ODDT)/GlideSP,,0.763,0.317,,,,,30.575,13.104,9.41,6.411,https://doi.org/10.1093/bib/bbaa070,Uses non-normalized EF
braf,RF-Scorev2(ODDT)/GlideSP,,0.595,0.013,,,,,0,0,0,0.508,https://doi.org/10.1093/bib/bbaa070,Uses non-normalized EF
catl,RF-Scorev2(ODDT)/GlideSP,,0.639,0.161,,,,,0,4.404,4.74,3.48,https://doi.org/10.1093/bib/bbaa070,Uses non-normalized EF
cdk2,RF-Scorev2(ODDT)/GlideSP,,0.64,0.08,,,,,0,4.983,2.49,1.993,https://doi.org/10.1093/bib/bbaa070,Uses non-normalized EF
cox1,RF-Scorev2(ODDT)/GlideSP,,0.417,0.002,,,,,0,0,0,0,https://doi.org/10.1093/bib/bbaa070,Uses non-normalized EF
cox2,RF-Scorev2(ODDT)/GlideSP,,0.39,0.001,,,,,0,0,0,0,https://doi.org/10.1093/bib/bbaa070,Uses non-normalized EF
ctsk,RF-Scorev2(ODDT)/GlideSP,,0.62,0.119,,,,,0,4.411,2.38,2.988,https://doi.org/10.1093/bib/bbaa070,Uses non-normalized EF
cyp2a6,RF-Scorev2(ODDT)/GlideSP,,0.381,0,,,,,0,0,0,0,https://doi.org/10.1093/bib/bbaa070,Uses non-normalized EF
dhfr,RF-Scorev2(ODDT)/GlideSP,,0.662,0.034,,,,,0,0,0,1.481,https://doi.org/10.1093/bib/bbaa070,Uses non-normalized EF
egfr,RF-Scorev2(ODDT)/GlideSP,,0.625,0.112,,,,,0,4.414,4.75,2.026,https://doi.org/10.1093/bib/bbaa070,Uses non-normalized EF
ephb4,RF-Scorev2(ODDT)/GlideSP,,0.745,0.225,,,,,0,4.336,4.67,5.473,https://doi.org/10.1093/bib/bbaa070,Uses non-normalized EF
erbb2,RF-Scorev2(ODDT)/GlideSP,,0.785,0.311,,,,,14.8,14.8,12.33,3.947,https://doi.org/10.1093/bib/bbaa070,Uses non-normalized EF
er-beta,RF-Scorev2(ODDT)/GlideSP,,0.31,0.14,,,,,0,5.717,3.18,2.042,https://doi.org/10.1093/bib/bbaa070,Uses non-normalized EF
fgfr1,RF-Scorev2(ODDT)/GlideSP,,0.71,0.069,,,,,0,0,0,2.498,https://doi.org/10.1093/bib/bbaa070,Uses non-normalized EF
fkbp1a,RF-Scorev2(ODDT)/GlideSP,,0.368,0,,,,,0,0,0,0,https://doi.org/10.1093/bib/bbaa070,Uses non-normalized EF
fxa,RF-Scorev2(ODDT)/GlideSP,,0.779,0.404,,,,,30.59,20.393,15.29,6.628,https://doi.org/10.1093/bib/bbaa070,Uses non-normalized EF
gba,RF-Scorev2(ODDT)/GlideSP,,0.566,0.109,,,,,0,0,4.75,2.988,https://doi.org/10.1093/bib/bbaa070,Uses non-normalized EF
gr,RF-Scorev2(ODDT)/GlideSP,,0.526,0.005,,,,,0,0,0,0.986,https://doi.org/10.1093/bib/bbaa070,Uses non-normalized EF
gsk3b,RF-Scorev2(ODDT)/GlideSP,,0.665,0.245,,,,,15.075,12.921,6.96,4.448,https://doi.org/10.1093/bib/bbaa070,Uses non-normalized EF
hdac2,RF-Scorev2(ODDT)/GlideSP,,0.628,0.071,,,,,0,4.336,2.33,1.493,https://doi.org/10.1093/bib/bbaa070,Uses non-normalized EF
hdac8,RF-Scorev2(ODDT)/GlideSP,,0.332,0,,,,,0,0,0,0,https://doi.org/10.1093/bib/bbaa070,Uses non-normalized EF
hiv1pr,RF-Scorev2(ODDT)/GlideSP,,0.882,0.72,,,,,16.432,23.475,25.28,12.392,https://doi.org/10.1093/bib/bbaa070,Uses non-normalized EF
hiv1rt,RF-Scorev2(ODDT)/GlideSP,,0.596,0.069,,,,,0,0,2.46,2.1,https://doi.org/10.1093/bib/bbaa070,Uses non-normalized EF
hmgr,RF-Scorev2(ODDT)/GlideSP,,0.463,0.054,,,,,0,0,2.38,1.995,https://doi.org/10.1093/bib/bbaa070,Uses non-normalized EF
hsp90,RF-Scorev2(ODDT)/GlideSP,,0.572,0.134,,,,,15.175,4.336,2.33,2.488,https://doi.org/10.1093/bib/bbaa070,Uses non-normalized EF
igf1r,RF-Scorev2(ODDT)/GlideSP,,0.774,0.113,,,,,0,0,2.48,4.04,https://doi.org/10.1093/bib/bbaa070,Uses non-normalized EF
inha,RF-Scorev2(ODDT)/GlideSP,,0.371,0.012,,,,,0,0,0,0.494,https://doi.org/10.1093/bib/bbaa070,Uses non-normalized EF
itk,RF-Scorev2(ODDT)/GlideSP,,0.695,0.13,,,,,0,8.7,4.68,2.496,https://doi.org/10.1093/bib/bbaa070,Uses non-normalized EF
jak3,RF-Scorev2(ODDT)/GlideSP,,0.755,0.25,,,,,14.963,4.988,7.48,3.491,https://doi.org/10.1093/bib/bbaa070,Uses non-normalized EF
jnk1,RF-Scorev2(ODDT)/GlideSP,,0.746,0.131,,,,,0,0,5.25,2.625,https://doi.org/10.1093/bib/bbaa070,Uses non-normalized EF
jnk2,RF-Scorev2(ODDT)/GlideSP,,0.587,0.033,,,,,0,0,0,1.018,https://doi.org/10.1093/bib/bbaa070,Uses non-normalized EF
jnk3,RF-Scorev2(ODDT)/GlideSP,,0.691,0.256,,,,,0,8.857,9.54,4.066,https://doi.org/10.1093/bib/bbaa070,Uses non-normalized EF
kif11,RF-Scorev2(ODDT)/GlideSP,,0.633,0.175,,,,,0,4.318,4.65,3.468,https://doi.org/10.1093/bib/bbaa070,Uses non-normalized EF
lck,RF-Scorev2(ODDT)/GlideSP,,0.659,0.004,,,,,0,0,0,0.493,https://doi.org/10.1093/bib/bbaa070,Uses non-normalized EF
mdm2,RF-Scorev2(ODDT)/GlideSP,,0.321,0.019,,,,,0,0,0,0.998,https://doi.org/10.1093/bib/bbaa070,Uses non-normalized EF
mk2,RF-Scorev2(ODDT)/GlideSP,,0.756,0.18,,,,,15.73,5.243,5.24,2.666,https://doi.org/10.1093/bib/bbaa070,Uses non-normalized EF
mmp2,RF-Scorev2(ODDT)/GlideSP,,0.449,0.032,,,,,0,0,0,0.99,https://doi.org/10.1093/bib/bbaa070,Uses non-normalized EF
na,RF-Scorev2(ODDT)/GlideSP,,0.691,0.006,,,,,0,0,0,0.999,https://doi.org/10.1093/bib/bbaa070,Uses non-normalized EF
p38-alpha,RF-Scorev2(ODDT)/GlideSP,,0.732,0.043,,,,,0,0,0,1.971,https://doi.org/10.1093/bib/bbaa070,Uses non-normalized EF
parp-1,RF-Scorev2(ODDT)/GlideSP,,0.618,0.101,,,,,0,4.307,2.32,2.471,https://doi.org/10.1093/bib/bbaa070,Uses non-normalized EF
pde4b,RF-Scorev2(ODDT)/GlideSP,,0.556,0.041,,,,,0,0,0,2.484,https://doi.org/10.1093/bib/bbaa070,Uses non-normalized EF
pde5,RF-Scorev2(ODDT)/GlideSP,,0.642,0.084,,,,,16.132,4.609,2.48,1.041,https://doi.org/10.1093/bib/bbaa070,Uses non-normalized EF
pdk1,RF-Scorev2(ODDT)/GlideSP,,0.648,0.13,,,,,0,0,4.88,3.122,https://doi.org/10.1093/bib/bbaa070,Uses non-normalized EF
pi3kg,RF-Scorev2(ODDT)/GlideSP,,0.73,0.195,,,,,0,8.864,7.16,4.069,https://doi.org/10.1093/bib/bbaa070,Uses non-normalized EF
pim-1,RF-Scorev2(ODDT)/GlideSP,,0.553,0.067,,,,,0,4.318,2.33,1.982,https://doi.org/10.1093/bib/bbaa070,Uses non-normalized EF
pim-2,RF-Scorev2(ODDT)/GlideSP,,0.606,0.036,,,,,0,0,0,1.523,https://doi.org/10.1093/bib/bbaa070,Uses non-normalized EF
pnp,RF-Scorev2(ODDT)/GlideSP,,0.594,0.172,,,,,0,8.807,4.74,2.486,https://doi.org/10.1093/bib/bbaa070,Uses non-normalized EF
ppara,RF-Scorev2(ODDT)/GlideSP,,0.665,0.214,,,,,0,4.991,4.99,5.779,https://doi.org/10.1093/bib/bbaa070,Uses non-normalized EF
pparg,RF-Scorev2(ODDT)/GlideSP,,0.661,0.263,,,,,0,0,9.5,6,https://doi.org/10.1093/bib/bbaa070,Uses non-normalized EF
pr,RF-Scorev2(ODDT)/GlideSP,,0.479,0.069,,,,,0,4.9,2.67,0.565,https://doi.org/10.1093/bib/bbaa070,Uses non-normalized EF
prkcq,RF-Scorev2(ODDT)/GlideSP,,0.728,0.076,,,,,0,0,0,4.211,https://doi.org/10.1093/bib/bbaa070,Uses non-normalized EF
pygl-in,RF-Scorev2(ODDT)/GlideSP,,0.704,0.116,,,,,0,0,4.74,2.981,https://doi.org/10.1093/bib/bbaa070,Uses non-normalized EF
pygl-out,RF-Scorev2(ODDT)/GlideSP,,0.553,0.232,,,,,15.45,8.829,4.75,5.482,https://doi.org/10.1093/bib/bbaa070,Uses non-normalized EF
qpct,RF-Scorev2(ODDT)/GlideSP,,0.617,0.03,,,,,0,0,0,1.997,https://doi.org/10.1093/bib/bbaa070,Uses non-normalized EF
rock-1,RF-Scorev2(ODDT)/GlideSP,,0.656,0.135,,,,,0,8.621,4.64,2.968,https://doi.org/10.1093/bib/bbaa070,Uses non-normalized EF
rxr,RF-Scorev2(ODDT)/GlideSP,,0.793,0.439,,,,,25.919,20.735,12.96,5.4,https://doi.org/10.1093/bib/bbaa070,Uses non-normalized EF
sars-hcov,RF-Scorev2(ODDT)/GlideSP,,0.547,0.19,,,,,15.41,8.806,4.74,2.526,https://doi.org/10.1093/bib/bbaa070,Uses non-normalized EF
sirt2,RF-Scorev2(ODDT)/GlideSP,,0.436,0.104,,,,,0,4.361,4.7,1.969,https://doi.org/10.1093/bib/bbaa070,Uses non-normalized EF
src,RF-Scorev2(ODDT)/GlideSP,,0.575,0.061,,,,,0,0,0,2.545,https://doi.org/10.1093/bib/bbaa070,Uses non-normalized EF
thrombin,RF-Scorev2(ODDT)/GlideSP,,0.724,0.384,,,,,31.868,18.211,14.71,5.224,https://doi.org/10.1093/bib/bbaa070,Uses non-normalized EF
tie2,RF-Scorev2(ODDT)/GlideSP,,0.687,0.239,,,,,0,4.996,9.99,3.497,https://doi.org/10.1093/bib/bbaa070,Uses non-normalized EF
tk,RF-Scorev2(ODDT)/GlideSP,,0.537,0.004,,,,,0,0,0,0.51,https://doi.org/10.1093/bib/bbaa070,Uses non-normalized EF
tp,RF-Scorev2(ODDT)/GlideSP,,0.29,0.006,,,,,0,0,0,0.644,https://doi.org/10.1093/bib/bbaa070,Uses non-normalized EF
tpa,RF-Scorev2(ODDT)/GlideSP,,0.587,0.025,,,,,0,0,0,1.036,https://doi.org/10.1093/bib/bbaa070,Uses non-normalized EF
ts,RF-Scorev2(ODDT)/GlideSP,,0.584,0,,,,,0,0,0,0,https://doi.org/10.1093/bib/bbaa070,Uses non-normalized EF
upa,RF-Scorev2(ODDT)/GlideSP,,0.52,0.079,,,,,0,4.983,2.49,1.495,https://doi.org/10.1093/bib/bbaa070,Uses non-normalized EF
vegfr1,RF-Scorev2(ODDT)/GlideSP,,0.655,0.02,,,,,0,0,0,2.102,https://doi.org/10.1093/bib/bbaa070,Uses non-normalized EF
vegfr2,RF-Scorev2(ODDT)/GlideSP,,0.611,0.065,,,,,0,0,2.41,2.564,https://doi.org/10.1093/bib/bbaa070,Uses non-normalized EF
11betahsd1,RF-Scorev3(ODDT)/GlideSP,,0.481,0.071,,,,,0,0,0,2.046,https://doi.org/10.1093/bib/bbaa070,Uses non-normalized EF
17betahsd1,RF-Scorev3(ODDT)/GlideSP,,0.393,0.053,,,,,0,4.382,2.36,0.495,https://doi.org/10.1093/bib/bbaa070,Uses non-normalized EF
a2a,RF-Scorev3(ODDT)/GlideSP,,0.739,0.138,,,,,0,4.386,4.72,2.971,https://doi.org/10.1093/bib/bbaa070,Uses non-normalized EF
ace,RF-Scorev3(ODDT)/GlideSP,,0.579,0.171,,,,,0,4.411,7.13,2.988,https://doi.org/10.1093/bib/bbaa070,Uses non-normalized EF
ace2,RF-Scorev3(ODDT)/GlideSP,,0.641,0.274,,,,,15.488,13.275,7.15,3.497,https://doi.org/10.1093/bib/bbaa070,Uses non-normalized EF
ache,RF-Scorev3(ODDT)/GlideSP,,0.545,0.086,,,,,0,0,2.35,1.969,https://doi.org/10.1093/bib/bbaa070,Uses non-normalized EF
adam17,RF-Scorev3(ODDT)/GlideSP,,0.382,0.102,,,,,15.375,4.393,2.37,1.984,https://doi.org/10.1093/bib/bbaa070,Uses non-normalized EF
adrb2,RF-Scorev3(ODDT)/GlideSP,,0.552,0.229,,,,,0,4.796,9.59,3.969,https://doi.org/10.1093/bib/bbaa070,Uses non-normalized EF
akt1,RF-Scorev3(ODDT)/GlideSP,,0.639,0.096,,,,,0,0,2.53,2.526,https://doi.org/10.1093/bib/bbaa070,Uses non-normalized EF
alr2,RF-Scorev3(ODDT)/GlideSP,,0.486,0.018,,,,,0,0,0,0.989,https://doi.org/10.1093/bib/bbaa070,Uses non-normalized EF
ar,RF-Scorev3(ODDT)/GlideSP,,0.542,0.224,,,,,0,5.643,6.45,2.821,https://doi.org/10.1093/bib/bbaa070,Uses non-normalized EF
aurka,RF-Scorev3(ODDT)/GlideSP,,0.667,0.066,,,,,0,0,0,2.543,https://doi.org/10.1093/bib/bbaa070,Uses non-normalized EF
aurkb,RF-Scorev3(ODDT)/GlideSP,,0.687,0.351,,,,,15.188,13.018,11.68,6.473,https://doi.org/10.1093/bib/bbaa070,Uses non-normalized EF
bcl2,RF-Scorev3(ODDT)/GlideSP,,0.766,0.601,,,,,15.288,26.207,18.82,8.877,https://doi.org/10.1093/bib/bbaa070,Uses non-normalized EF
braf,RF-Scorev3(ODDT)/GlideSP,,0.517,0.06,,,,,0,4.429,2.38,1.525,https://doi.org/10.1093/bib/bbaa070,Uses non-normalized EF
catl,RF-Scorev3(ODDT)/GlideSP,,0.62,0.208,,,,,15.413,13.211,7.11,2.486,https://doi.org/10.1093/bib/bbaa070,Uses non-normalized EF
cdk2,RF-Scorev3(ODDT)/GlideSP,,0.629,0.101,,,,,0,0,2.49,1.993,https://doi.org/10.1093/bib/bbaa070,Uses non-normalized EF
cox1,RF-Scorev3(ODDT)/GlideSP,,0.516,0.061,,,,,0,0,0,2.051,https://doi.org/10.1093/bib/bbaa070,Uses non-normalized EF
cox2,RF-Scorev3(ODDT)/GlideSP,,0.531,0.011,,,,,0,0,0,1.612,https://doi.org/10.1093/bib/bbaa070,Uses non-normalized EF
ctsk,RF-Scorev3(ODDT)/GlideSP,,0.57,0.023,,,,,0,0,0,0.498,https://doi.org/10.1093/bib/bbaa070,Uses non-normalized EF
cyp2a6,RF-Scorev3(ODDT)/GlideSP,,0.347,0,,,,,0,0,0,0,https://doi.org/10.1093/bib/bbaa070,Uses non-normalized EF
dhfr,RF-Scorev3(ODDT)/GlideSP,,0.693,0.081,,,,,0,0,2.35,2.961,https://doi.org/10.1093/bib/bbaa070,Uses non-normalized EF
egfr,RF-Scorev3(ODDT)/GlideSP,,0.603,0.112,,,,,0,0,4.75,2.533,https://doi.org/10.1093/bib/bbaa070,Uses non-normalized EF
ephb4,RF-Scorev3(ODDT)/GlideSP,,0.646,0.021,,,,,0,0,0,1.493,https://doi.org/10.1093/bib/bbaa070,Uses non-normalized EF
erbb2,RF-Scorev3(ODDT)/GlideSP,,0.755,0.147,,,,,14.8,4.933,4.93,2.96,https://doi.org/10.1093/bib/bbaa070,Uses non-normalized EF
er-beta,RF-Scorev3(ODDT)/GlideSP,,0.411,0.23,,,,,0,11.434,9.53,2.042,https://doi.org/10.1093/bib/bbaa070,Uses non-normalized EF
fgfr1,RF-Scorev3(ODDT)/GlideSP,,0.664,0.029,,,,,0,0,0,1.998,https://doi.org/10.1093/bib/bbaa070,Uses non-normalized EF
fkbp1a,RF-Scorev3(ODDT)/GlideSP,,0.409,0,,,,,0,0,0,0,https://doi.org/10.1093/bib/bbaa070,Uses non-normalized EF
fxa,RF-Scorev3(ODDT)/GlideSP,,0.777,0.241,,,,,15.295,10.197,7.65,5.098,https://doi.org/10.1093/bib/bbaa070,Uses non-normalized EF
gba,RF-Scorev3(ODDT)/GlideSP,,0.626,0.081,,,,,0,0,0,3.486,https://doi.org/10.1093/bib/bbaa070,Uses non-normalized EF
gr,RF-Scorev3(ODDT)/GlideSP,,0.546,0.12,,,,,0,4.368,4.7,1.479,https://doi.org/10.1093/bib/bbaa070,Uses non-normalized EF
gsk3b,RF-Scorev3(ODDT)/GlideSP,,0.658,0.248,,,,,0,4.307,9.28,3.954,https://doi.org/10.1093/bib/bbaa070,Uses non-normalized EF
hdac2,RF-Scorev3(ODDT)/GlideSP,,0.625,0.157,,,,,0,4.336,4.67,1.99,https://doi.org/10.1093/bib/bbaa070,Uses non-normalized EF
hdac8,RF-Scorev3(ODDT)/GlideSP,,0.313,0,,,,,0,0,0,0,https://doi.org/10.1093/bib/bbaa070,Uses non-normalized EF
hiv1pr,RF-Scorev3(ODDT)/GlideSP,,0.85,0.657,,,,,32.865,28.17,20.22,11.853,https://doi.org/10.1093/bib/bbaa070,Uses non-normalized EF
hiv1rt,RF-Scorev3(ODDT)/GlideSP,,0.562,0.11,,,,,0,0,4.93,1.575,https://doi.org/10.1093/bib/bbaa070,Uses non-normalized EF
hmgr,RF-Scorev3(ODDT)/GlideSP,,0.443,0,,,,,0,0,0,0,https://doi.org/10.1093/bib/bbaa070,Uses non-normalized EF
hsp90,RF-Scorev3(ODDT)/GlideSP,,0.576,0.119,,,,,0,4.336,4.67,2.488,https://doi.org/10.1093/bib/bbaa070,Uses non-normalized EF
igf1r,RF-Scorev3(ODDT)/GlideSP,,0.749,0.08,,,,,0,4.966,2.48,2.02,https://doi.org/10.1093/bib/bbaa070,Uses non-normalized EF
inha,RF-Scorev3(ODDT)/GlideSP,,0.414,0.091,,,,,15.313,4.375,2.36,0.988,https://doi.org/10.1093/bib/bbaa070,Uses non-normalized EF
itk,RF-Scorev3(ODDT)/GlideSP,,0.701,0.05,,,,,0,0,2.34,0.998,https://doi.org/10.1093/bib/bbaa070,Uses non-normalized EF
jak3,RF-Scorev3(ODDT)/GlideSP,,0.715,0.244,,,,,14.963,14.963,9.98,2.993,https://doi.org/10.1093/bib/bbaa070,Uses non-normalized EF
jnk1,RF-Scorev3(ODDT)/GlideSP,,0.715,0.115,,,,,15.75,5.25,2.63,4.2,https://doi.org/10.1093/bib/bbaa070,Uses non-normalized EF
jnk2,RF-Scorev3(ODDT)/GlideSP,,0.613,0.121,,,,,0,5.004,5,1.527,https://doi.org/10.1093/bib/bbaa070,Uses non-normalized EF
jnk3,RF-Scorev3(ODDT)/GlideSP,,0.625,0.188,,,,,15.5,4.429,4.77,4.066,https://doi.org/10.1093/bib/bbaa070,Uses non-normalized EF
kif11,RF-Scorev3(ODDT)/GlideSP,,0.679,0.264,,,,,15.113,4.318,11.63,3.468,https://doi.org/10.1093/bib/bbaa070,Uses non-normalized EF
lck,RF-Scorev3(ODDT)/GlideSP,,0.593,0.039,,,,,0,0,0,0.987,https://doi.org/10.1093/bib/bbaa070,Uses non-normalized EF
mdm2,RF-Scorev3(ODDT)/GlideSP,,0.31,0.031,,,,,0,0,0,0.499,https://doi.org/10.1093/bib/bbaa070,Uses non-normalized EF
mk2,RF-Scorev3(ODDT)/GlideSP,,0.75,0.118,,,,,0,5.243,2.62,3.199,https://doi.org/10.1093/bib/bbaa070,Uses non-normalized EF
mmp2,RF-Scorev3(ODDT)/GlideSP,,0.443,0.017,,,,,0,0,0,0.495,https://doi.org/10.1093/bib/bbaa070,Uses non-normalized EF
na,RF-Scorev3(ODDT)/GlideSP,,0.643,0.001,,,,,0,0,0,0,https://doi.org/10.1093/bib/bbaa070,Uses non-normalized EF
p38-alpha,RF-Scorev3(ODDT)/GlideSP,,0.605,0.057,,,,,0,0,2.35,1.478,https://doi.org/10.1093/bib/bbaa070,Uses non-normalized EF
parp-1,RF-Scorev3(ODDT)/GlideSP,,0.586,0.089,,,,,0,4.307,2.32,1.483,https://doi.org/10.1093/bib/bbaa070,Uses non-normalized EF
pde4b,RF-Scorev3(ODDT)/GlideSP,,0.504,0.012,,,,,0,0,0,0.994,https://doi.org/10.1093/bib/bbaa070,Uses non-normalized EF
pde5,RF-Scorev3(ODDT)/GlideSP,,0.568,0.025,,,,,0,0,0,1.041,https://doi.org/10.1093/bib/bbaa070,Uses non-normalized EF
pdk1,RF-Scorev3(ODDT)/GlideSP,,0.621,0.149,,,,,0,4.534,4.88,3.122,https://doi.org/10.1093/bib/bbaa070,Uses non-normalized EF
pi3kg,RF-Scorev3(ODDT)/GlideSP,,0.741,0.179,,,,,0,4.432,7.16,4.578,https://doi.org/10.1093/bib/bbaa070,Uses non-normalized EF
pim-1,RF-Scorev3(ODDT)/GlideSP,,0.581,0.055,,,,,0,0,2.33,1.486,https://doi.org/10.1093/bib/bbaa070,Uses non-normalized EF
pim-2,RF-Scorev3(ODDT)/GlideSP,,0.621,0.051,,,,,0,0,0,1.523,https://doi.org/10.1093/bib/bbaa070,Uses non-normalized EF
pnp,RF-Scorev3(ODDT)/GlideSP,,0.594,0.205,,,,,0,4.404,7.11,4.475,https://doi.org/10.1093/bib/bbaa070,Uses non-normalized EF
ppara,RF-Scorev3(ODDT)/GlideSP,,0.642,0.154,,,,,0,4.991,4.99,3.152,https://doi.org/10.1093/bib/bbaa070,Uses non-normalized EF
pparg,RF-Scorev3(ODDT)/GlideSP,,0.67,0.209,,,,,0,0,7.13,5,https://doi.org/10.1093/bib/bbaa070,Uses non-normalized EF
pr,RF-Scorev3(ODDT)/GlideSP,,0.514,0.047,,,,,0,0,2.67,0.565,https://doi.org/10.1093/bib/bbaa070,Uses non-normalized EF
prkcq,RF-Scorev3(ODDT)/GlideSP,,0.736,0.179,,,,,0,10.526,5.26,4.211,https://doi.org/10.1093/bib/bbaa070,Uses non-normalized EF
pygl-in,RF-Scorev3(ODDT)/GlideSP,,0.586,0.001,,,,,0,0,0,0,https://doi.org/10.1093/bib/bbaa070,Uses non-normalized EF
pygl-out,RF-Scorev3(ODDT)/GlideSP,,0.575,0.336,,,,,30.9,17.657,11.88,4.485,https://doi.org/10.1093/bib/bbaa070,Uses non-normalized EF
qpct,RF-Scorev3(ODDT)/GlideSP,,0.583,0.003,,,,,0,0,0,0,https://doi.org/10.1093/bib/bbaa070,Uses non-normalized EF
rock-1,RF-Scorev3(ODDT)/GlideSP,,0.636,0.204,,,,,0,8.621,9.28,2.473,https://doi.org/10.1093/bib/bbaa070,Uses non-normalized EF
rxr,RF-Scorev3(ODDT)/GlideSP,,0.806,0.641,,,,,25.919,20.735,20.74,7.02,https://doi.org/10.1093/bib/bbaa070,Uses non-normalized EF
sars-hcov,RF-Scorev3(ODDT)/GlideSP,,0.553,0.204,,,,,15.41,8.806,7.11,2.021,https://doi.org/10.1093/bib/bbaa070,Uses non-normalized EF
sirt2,RF-Scorev3(ODDT)/GlideSP,,0.427,0.04,,,,,0,0,2.35,0.985,https://doi.org/10.1093/bib/bbaa070,Uses non-normalized EF
src,RF-Scorev3(ODDT)/GlideSP,,0.555,0.002,,,,,0,0,0,0.509,https://doi.org/10.1093/bib/bbaa070,Uses non-normalized EF
thrombin,RF-Scorev3(ODDT)/GlideSP,,0.702,0.261,,,,,31.868,9.105,9.81,4.179,https://doi.org/10.1093/bib/bbaa070,Uses non-normalized EF
tie2,RF-Scorev3(ODDT)/GlideSP,,0.659,0.124,,,,,0,0,5,4.996,https://doi.org/10.1093/bib/bbaa070,Uses non-normalized EF
tk,RF-Scorev3(ODDT)/GlideSP,,0.497,0.003,,,,,0,0,0,0.51,https://doi.org/10.1093/bib/bbaa070,Uses non-normalized EF
tp,RF-Scorev3(ODDT)/GlideSP,,0.281,0.002,,,,,0,0,0,0.644,https://doi.org/10.1093/bib/bbaa070,Uses non-normalized EF
tpa,RF-Scorev3(ODDT)/GlideSP,,0.557,0.08,,,,,15.276,5.092,2.55,1.036,https://doi.org/10.1093/bib/bbaa070,Uses non-normalized EF
ts,RF-Scorev3(ODDT)/GlideSP,,0.612,0.12,,,,,0,4.357,4.69,1.5,https://doi.org/10.1093/bib/bbaa070,Uses non-normalized EF
upa,RF-Scorev3(ODDT)/GlideSP,,0.527,0.063,,,,,0,0,0,2.492,https://doi.org/10.1093/bib/bbaa070,Uses non-normalized EF
vegfr1,RF-Scorev3(ODDT)/GlideSP,,0.663,0.029,,,,,0,0,0,1.051,https://doi.org/10.1093/bib/bbaa070,Uses non-normalized EF
vegfr2,RF-Scorev3(ODDT)/GlideSP,,0.585,0.158,,,,,0,4.469,4.81,2.564,https://doi.org/10.1093/bib/bbaa070,Uses non-normalized EF
11betahsd1,RF-Scorev3/GlideSP,,0.591,0.083,,,,,0,0,2.51,1.535,https://doi.org/10.1093/bib/bbaa070,Uses non-normalized EF
17betahsd1,RF-Scorev3/GlideSP,,0.473,0.06,,,,,0,0,2.36,0.99,https://doi.org/10.1093/bib/bbaa070,Uses non-normalized EF
a2a,RF-Scorev3/GlideSP,,0.552,0.028,,,,,0,0,0,1.485,https://doi.org/10.1093/bib/bbaa070,Uses non-normalized EF
ace,RF-Scorev3/GlideSP,,0.671,0.479,,,,,30.875,13.232,16.63,7.968,https://doi.org/10.1093/bib/bbaa070,Uses non-normalized EF
ace2,RF-Scorev3/GlideSP,,0.744,0.168,,,,,15.488,4.425,2.38,4.496,https://doi.org/10.1093/bib/bbaa070,Uses non-normalized EF
ache,RF-Scorev3/GlideSP,,0.615,0.136,,,,,0,4.361,4.7,3.446,https://doi.org/10.1093/bib/bbaa070,Uses non-normalized EF
adam17,RF-Scorev3/GlideSP,,0.498,0.125,,,,,0,4.393,4.73,2.48,https://doi.org/10.1093/bib/bbaa070,Uses non-normalized EF
adrb2,RF-Scorev3/GlideSP,,0.661,0.068,,,,,0,0,2.4,0.992,https://doi.org/10.1093/bib/bbaa070,Uses non-normalized EF
akt1,RF-Scorev3/GlideSP,,0.395,0.007,,,,,0,0,0,0.505,https://doi.org/10.1093/bib/bbaa070,Uses non-normalized EF
alr2,RF-Scorev3/GlideSP,,0.461,0.061,,,,,0,0,2.36,0.989,https://doi.org/10.1093/bib/bbaa070,Uses non-normalized EF
ar,RF-Scorev3/GlideSP,,0.558,0.061,,,,,0,0,0,1.411,https://doi.org/10.1093/bib/bbaa070,Uses non-normalized EF
aurka,RF-Scorev3/GlideSP,,0.546,0,,,,,0,0,0,0,https://doi.org/10.1093/bib/bbaa070,Uses non-normalized EF
aurkb,RF-Scorev3/GlideSP,,0.525,0.016,,,,,0,0,0,0.996,https://doi.org/10.1093/bib/bbaa070,Uses non-normalized EF
bcl2,RF-Scorev3/GlideSP,,0.724,0.35,,,,,0,13.104,11.76,6.904,https://doi.org/10.1093/bib/bbaa070,Uses non-normalized EF
braf,RF-Scorev3/GlideSP,,0.598,0.038,,,,,0,0,0,1.016,https://doi.org/10.1093/bib/bbaa070,Uses non-normalized EF
catl,RF-Scorev3/GlideSP,,0.698,0.189,,,,,15.413,8.807,4.74,3.977,https://doi.org/10.1093/bib/bbaa070,Uses non-normalized EF
cdk2,RF-Scorev3/GlideSP,,0.567,0.054,,,,,0,0,0,1.495,https://doi.org/10.1093/bib/bbaa070,Uses non-normalized EF
cox1,RF-Scorev3/GlideSP,,0.609,0.033,,,,,0,0,0,3.077,https://doi.org/10.1093/bib/bbaa070,Uses non-normalized EF
cox2,RF-Scorev3/GlideSP,,0.684,0.005,,,,,0,0,0,0.537,https://doi.org/10.1093/bib/bbaa070,Uses non-normalized EF
ctsk,RF-Scorev3/GlideSP,,0.644,0.186,,,,,0,4.411,4.75,3.984,https://doi.org/10.1093/bib/bbaa070,Uses non-normalized EF
cyp2a6,RF-Scorev3/GlideSP,,0.325,0,,,,,0,0,0,0,https://doi.org/10.1093/bib/bbaa070,Uses non-normalized EF
dhfr,RF-Scorev3/GlideSP,,0.48,0.014,,,,,0,0,0,0.987,https://doi.org/10.1093/bib/bbaa070,Uses non-normalized EF
egfr,RF-Scorev3/GlideSP,,0.552,0.089,,,,,0,0,2.38,4.052,https://doi.org/10.1093/bib/bbaa070,Uses non-normalized EF
ephb4,RF-Scorev3/GlideSP,,0.6,0.005,,,,,0,0,0,0.995,https://doi.org/10.1093/bib/bbaa070,Uses non-normalized EF
erbb2,RF-Scorev3/GlideSP,,0.625,0.068,,,,,0,0,2.47,2.467,https://doi.org/10.1093/bib/bbaa070,Uses non-normalized EF
er-beta,RF-Scorev3/GlideSP,,0.511,0.024,,,,,0,0,0,1.361,https://doi.org/10.1093/bib/bbaa070,Uses non-normalized EF
fgfr1,RF-Scorev3/GlideSP,,0.512,0.001,,,,,0,0,0,0,https://doi.org/10.1093/bib/bbaa070,Uses non-normalized EF
fkbp1a,RF-Scorev3/GlideSP,,0.658,0.014,,,,,0,0,0,1.567,https://doi.org/10.1093/bib/bbaa070,Uses non-normalized EF
fxa,RF-Scorev3/GlideSP,,0.775,0.281,,,,,15.295,15.295,7.65,4.588,https://doi.org/10.1093/bib/bbaa070,Uses non-normalized EF
gba,RF-Scorev3/GlideSP,,0.392,0.002,,,,,0,0,0,0.498,https://doi.org/10.1093/bib/bbaa070,Uses non-normalized EF
gr,RF-Scorev3/GlideSP,,0.623,0.105,,,,,0,0,2.35,2.466,https://doi.org/10.1093/bib/bbaa070,Uses non-normalized EF
gsk3b,RF-Scorev3/GlideSP,,0.544,0.13,,,,,15.075,4.307,2.32,1.977,https://doi.org/10.1093/bib/bbaa070,Uses non-normalized EF
hdac2,RF-Scorev3/GlideSP,,0.711,0.234,,,,,15.175,13.007,7,2.985,https://doi.org/10.1093/bib/bbaa070,Uses non-normalized EF
hdac8,RF-Scorev3/GlideSP,,0.406,0.012,,,,,0,0,0,0.995,https://doi.org/10.1093/bib/bbaa070,Uses non-normalized EF
hiv1pr,RF-Scorev3/GlideSP,,0.894,0.553,,,,,16.432,18.78,20.22,10.775,https://doi.org/10.1093/bib/bbaa070,Uses non-normalized EF
hiv1rt,RF-Scorev3/GlideSP,,0.55,0.036,,,,,0,0,0,1.05,https://doi.org/10.1093/bib/bbaa070,Uses non-normalized EF
hmgr,RF-Scorev3/GlideSP,,0.601,0.085,,,,,0,4.418,2.38,2.494,https://doi.org/10.1093/bib/bbaa070,Uses non-normalized EF
hsp90,RF-Scorev3/GlideSP,,0.534,0.075,,,,,15.175,4.336,2.33,0.498,https://doi.org/10.1093/bib/bbaa070,Uses non-normalized EF
igf1r,RF-Scorev3/GlideSP,,0.513,0.101,,,,,0,4.966,2.48,1.515,https://doi.org/10.1093/bib/bbaa070,Uses non-normalized EF
inha,RF-Scorev3/GlideSP,,0.476,0.157,,,,,15.313,4.375,7.07,1.976,https://doi.org/10.1093/bib/bbaa070,Uses non-normalized EF
itk,RF-Scorev3/GlideSP,,0.615,0.038,,,,,0,0,0,1.997,https://doi.org/10.1093/bib/bbaa070,Uses non-normalized EF
jak3,RF-Scorev3/GlideSP,,0.548,0.164,,,,,29.925,9.975,4.99,1.995,https://doi.org/10.1093/bib/bbaa070,Uses non-normalized EF
jnk1,RF-Scorev3/GlideSP,,0.637,0.052,,,,,0,0,0,1.575,https://doi.org/10.1093/bib/bbaa070,Uses non-normalized EF
jnk2,RF-Scorev3/GlideSP,,0.53,0.211,,,,,30.026,10.009,7.51,2.545,https://doi.org/10.1093/bib/bbaa070,Uses non-normalized EF
jnk3,RF-Scorev3/GlideSP,,0.614,0.068,,,,,0,0,2.38,2.541,https://doi.org/10.1093/bib/bbaa070,Uses non-normalized EF
kif11,RF-Scorev3/GlideSP,,0.851,0.299,,,,,0,12.954,9.3,5.946,https://doi.org/10.1093/bib/bbaa070,Uses non-normalized EF
lck,RF-Scorev3/GlideSP,,0.476,0.033,,,,,0,0,2.32,0.493,https://doi.org/10.1093/bib/bbaa070,Uses non-normalized EF
mdm2,RF-Scorev3/GlideSP,,0.476,0.008,,,,,0,0,0,0.499,https://doi.org/10.1093/bib/bbaa070,Uses non-normalized EF
mk2,RF-Scorev3/GlideSP,,0.66,0.097,,,,,0,5.243,2.62,3.199,https://doi.org/10.1093/bib/bbaa070,Uses non-normalized EF
mmp2,RF-Scorev3/GlideSP,,0.533,0.064,,,,,0,0,0,1.981,https://doi.org/10.1093/bib/bbaa070,Uses non-normalized EF
na,RF-Scorev3/GlideSP,,0.734,0.089,,,,,0,0,4.77,1.998,https://doi.org/10.1093/bib/bbaa070,Uses non-normalized EF
p38-alpha,RF-Scorev3/GlideSP,,0.548,0.074,,,,,15.275,4.364,2.35,0.493,https://doi.org/10.1093/bib/bbaa070,Uses non-normalized EF
parp-1,RF-Scorev3/GlideSP,,0.618,0.066,,,,,0,0,0,1.977,https://doi.org/10.1093/bib/bbaa070,Uses non-normalized EF
pde4b,RF-Scorev3/GlideSP,,0.58,0.017,,,,,0,0,0,1.987,https://doi.org/10.1093/bib/bbaa070,Uses non-normalized EF
pde5,RF-Scorev3/GlideSP,,0.505,0.021,,,,,0,0,0,1.041,https://doi.org/10.1093/bib/bbaa070,Uses non-normalized EF
pdk1,RF-Scorev3/GlideSP,,0.568,0.052,,,,,0,0,2.44,1.561,https://doi.org/10.1093/bib/bbaa070,Uses non-normalized EF
pi3kg,RF-Scorev3/GlideSP,,0.577,0,,,,,0,0,0,0,https://doi.org/10.1093/bib/bbaa070,Uses non-normalized EF
pim-1,RF-Scorev3/GlideSP,,0.655,0.085,,,,,0,0,0,1.982,https://doi.org/10.1093/bib/bbaa070,Uses non-normalized EF
pim-2,RF-Scorev3/GlideSP,,0.555,0.062,,,,,0,0,0,1.523,https://doi.org/10.1093/bib/bbaa070,Uses non-normalized EF
pnp,RF-Scorev3/GlideSP,,0.489,0.093,,,,,15.413,4.404,2.37,3.48,https://doi.org/10.1093/bib/bbaa070,Uses non-normalized EF
ppara,RF-Scorev3/GlideSP,,0.675,0.028,,,,,0,0,0,0.525,https://doi.org/10.1093/bib/bbaa070,Uses non-normalized EF
pparg,RF-Scorev3/GlideSP,,0.677,0.101,,,,,0,4.75,2.38,3.5,https://doi.org/10.1093/bib/bbaa070,Uses non-normalized EF
pr,RF-Scorev3/GlideSP,,0.532,0.039,,,,,0,0,0,1.131,https://doi.org/10.1093/bib/bbaa070,Uses non-normalized EF
prkcq,RF-Scorev3/GlideSP,,0.719,0.045,,,,,0,0,0,2.105,https://doi.org/10.1093/bib/bbaa070,Uses non-normalized EF
pygl-in,RF-Scorev3/GlideSP,,0.683,0.105,,,,,0,0,2.37,2.981,https://doi.org/10.1093/bib/bbaa070,Uses non-normalized EF
pygl-out,RF-Scorev3/GlideSP,,0.743,0.353,,,,,15.45,13.243,11.88,6.479,https://doi.org/10.1093/bib/bbaa070,Uses non-normalized EF
qpct,RF-Scorev3/GlideSP,,0.328,0,,,,,0,0,0,0,https://doi.org/10.1093/bib/bbaa070,Uses non-normalized EF
rock-1,RF-Scorev3/GlideSP,,0.467,0.003,,,,,0,0,0,0.495,https://doi.org/10.1093/bib/bbaa070,Uses non-normalized EF
rxr,RF-Scorev3/GlideSP,,0.657,0.022,,,,,0,0,0,0.54,https://doi.org/10.1093/bib/bbaa070,Uses non-normalized EF
sars-hcov,RF-Scorev3/GlideSP,,0.531,0.231,,,,,15.41,13.209,9.48,2.526,https://doi.org/10.1093/bib/bbaa070,Uses non-normalized EF
sirt2,RF-Scorev3/GlideSP,,0.462,0.073,,,,,0,0,0,1.969,https://doi.org/10.1093/bib/bbaa070,Uses non-normalized EF
src,RF-Scorev3/GlideSP,,0.458,0.004,,,,,0,0,0,0.509,https://doi.org/10.1093/bib/bbaa070,Uses non-normalized EF
thrombin,RF-Scorev3/GlideSP,,0.691,0.241,,,,,0,9.105,9.81,3.135,https://doi.org/10.1093/bib/bbaa070,Uses non-normalized EF
tie2,RF-Scorev3/GlideSP,,0.547,0.212,,,,,14.988,9.992,5,3.497,https://doi.org/10.1093/bib/bbaa070,Uses non-normalized EF
tk,RF-Scorev3/GlideSP,,0.575,0.01,,,,,0,0,0,1.021,https://doi.org/10.1093/bib/bbaa070,Uses non-normalized EF
tp,RF-Scorev3/GlideSP,,0.276,0.044,,,,,0,0,2.99,0.644,https://doi.org/10.1093/bib/bbaa070,Uses non-normalized EF
tpa,RF-Scorev3/GlideSP,,0.588,0.099,,,,,15.276,5.092,2.55,2.589,https://doi.org/10.1093/bib/bbaa070,Uses non-normalized EF
ts,RF-Scorev3/GlideSP,,0.562,0.039,,,,,0,0,0,2,https://doi.org/10.1093/bib/bbaa070,Uses non-normalized EF
upa,RF-Scorev3/GlideSP,,0.515,0.017,,,,,0,0,0,0.498,https://doi.org/10.1093/bib/bbaa070,Uses non-normalized EF
vegfr1,RF-Scorev3/GlideSP,,0.508,0.051,,,,,0,0,2.5,1.051,https://doi.org/10.1093/bib/bbaa070,Uses non-normalized EF
vegfr2,RF-Scorev3/GlideSP,,0.487,0.171,,,,,15.641,8.938,4.81,2.564,https://doi.org/10.1093/bib/bbaa070,Uses non-normalized EF
11betahsd1,RF-Scorev4/GlideSP,,0.564,0.073,,,,,0,5.03,2.51,1.535,https://doi.org/10.1093/bib/bbaa070,Uses non-normalized EF
17betahsd1,RF-Scorev4/GlideSP,,0.472,0.08,,,,,0,4.382,2.36,0.99,https://doi.org/10.1093/bib/bbaa070,Uses non-normalized EF
a2a,RF-Scorev4/GlideSP,,0.643,0.068,,,,,0,0,2.36,0.99,https://doi.org/10.1093/bib/bbaa070,Uses non-normalized EF
ace,RF-Scorev4/GlideSP,,0.513,0.089,,,,,15.438,4.411,2.38,1.992,https://doi.org/10.1093/bib/bbaa070,Uses non-normalized EF
ace2,RF-Scorev4/GlideSP,,0.676,0.218,,,,,15.488,4.425,9.53,4.496,https://doi.org/10.1093/bib/bbaa070,Uses non-normalized EF
ache,RF-Scorev4/GlideSP,,0.59,0.425,,,,,15.263,21.804,16.44,4.431,https://doi.org/10.1093/bib/bbaa070,Uses non-normalized EF
adam17,RF-Scorev4/GlideSP,,0.444,0.078,,,,,0,4.393,2.37,1.984,https://doi.org/10.1093/bib/bbaa070,Uses non-normalized EF
adrb2,RF-Scorev4/GlideSP,,0.64,0.266,,,,,0,4.796,9.59,3.969,https://doi.org/10.1093/bib/bbaa070,Uses non-normalized EF
akt1,RF-Scorev4/GlideSP,,0.586,0.073,,,,,0,0,5.05,1.01,https://doi.org/10.1093/bib/bbaa070,Uses non-normalized EF
alr2,RF-Scorev4/GlideSP,,0.456,0.102,,,,,0,4.379,2.36,2.472,https://doi.org/10.1093/bib/bbaa070,Uses non-normalized EF
ar,RF-Scorev4/GlideSP,,0.605,0.33,,,,,22.571,11.286,9.67,3.527,https://doi.org/10.1093/bib/bbaa070,Uses non-normalized EF
aurka,RF-Scorev4/GlideSP,,0.696,0.047,,,,,0,0,0,2.034,https://doi.org/10.1093/bib/bbaa070,Uses non-normalized EF
aurkb,RF-Scorev4/GlideSP,,0.649,0.345,,,,,15.188,13.018,9.35,5.477,https://doi.org/10.1093/bib/bbaa070,Uses non-normalized EF
bcl2,RF-Scorev4/GlideSP,,0.689,0.246,,,,,15.288,4.368,4.7,7.397,https://doi.org/10.1093/bib/bbaa070,Uses non-normalized EF
braf,RF-Scorev4/GlideSP,,0.574,0.056,,,,,0,0,0,2.541,https://doi.org/10.1093/bib/bbaa070,Uses non-normalized EF
catl,RF-Scorev4/GlideSP,,0.684,0.091,,,,,0,0,2.37,2.983,https://doi.org/10.1093/bib/bbaa070,Uses non-normalized EF
cdk2,RF-Scorev4/GlideSP,,0.656,0.05,,,,,0,0,0,2.492,https://doi.org/10.1093/bib/bbaa070,Uses non-normalized EF
cox1,RF-Scorev4/GlideSP,,0.451,0.001,,,,,0,0,0,0,https://doi.org/10.1093/bib/bbaa070,Uses non-normalized EF
cox2,RF-Scorev4/GlideSP,,0.386,0,,,,,0,0,0,0,https://doi.org/10.1093/bib/bbaa070,Uses non-normalized EF
ctsk,RF-Scorev4/GlideSP,,0.615,0.173,,,,,15.438,8.821,4.75,2.988,https://doi.org/10.1093/bib/bbaa070,Uses non-normalized EF
cyp2a6,RF-Scorev4/GlideSP,,0.285,0,,,,,0,0,0,0,https://doi.org/10.1093/bib/bbaa070,Uses non-normalized EF
dhfr,RF-Scorev4/GlideSP,,0.619,0.025,,,,,0,0,0,1.481,https://doi.org/10.1093/bib/bbaa070,Uses non-normalized EF
egfr,RF-Scorev4/GlideSP,,0.606,0.116,,,,,0,0,0,4.559,https://doi.org/10.1093/bib/bbaa070,Uses non-normalized EF
ephb4,RF-Scorev4/GlideSP,,0.751,0.222,,,,,0,8.671,7,5.473,https://doi.org/10.1093/bib/bbaa070,Uses non-normalized EF
erbb2,RF-Scorev4/GlideSP,,0.704,0.041,,,,,0,0,0,1.973,https://doi.org/10.1093/bib/bbaa070,Uses non-normalized EF
er-beta,RF-Scorev4/GlideSP,,0.528,0.013,,,,,0,0,0,1.361,https://doi.org/10.1093/bib/bbaa070,Uses non-normalized EF
fgfr1,RF-Scorev4/GlideSP,,0.671,0.189,,,,,0,0,4.91,5.495,https://doi.org/10.1093/bib/bbaa070,Uses non-normalized EF
fkbp1a,RF-Scorev4/GlideSP,,0.518,0.006,,,,,0,0,0,1.045,https://doi.org/10.1093/bib/bbaa070,Uses non-normalized EF
fxa,RF-Scorev4/GlideSP,,0.77,0.303,,,,,15.295,10.197,10.2,5.098,https://doi.org/10.1093/bib/bbaa070,Uses non-normalized EF
gba,RF-Scorev4/GlideSP,,0.426,0.043,,,,,0,0,2.38,0.996,https://doi.org/10.1093/bib/bbaa070,Uses non-normalized EF
gr,RF-Scorev4/GlideSP,,0.576,0.005,,,,,0,0,0,0.493,https://doi.org/10.1093/bib/bbaa070,Uses non-normalized EF
gsk3b,RF-Scorev4/GlideSP,,0.667,0.398,,,,,30.15,21.536,13.92,5.437,https://doi.org/10.1093/bib/bbaa070,Uses non-normalized EF
hdac2,RF-Scorev4/GlideSP,,0.674,0.17,,,,,15.175,4.336,2.33,3.98,https://doi.org/10.1093/bib/bbaa070,Uses non-normalized EF
hdac8,RF-Scorev4/GlideSP,,0.322,0,,,,,0,0,0,0,https://doi.org/10.1093/bib/bbaa070,Uses non-normalized EF
hiv1pr,RF-Scorev4/GlideSP,,0.833,0.54,,,,,32.865,23.475,17.7,11.314,https://doi.org/10.1093/bib/bbaa070,Uses non-normalized EF
hiv1rt,RF-Scorev4/GlideSP,,0.551,0.15,,,,,16.013,4.575,4.93,3.15,https://doi.org/10.1093/bib/bbaa070,Uses non-normalized EF
hmgr,RF-Scorev4/GlideSP,,0.468,0.045,,,,,0,0,2.38,0.998,https://doi.org/10.1093/bib/bbaa070,Uses non-normalized EF
hsp90,RF-Scorev4/GlideSP,,0.584,0.008,,,,,0,0,0,1.493,https://doi.org/10.1093/bib/bbaa070,Uses non-normalized EF
igf1r,RF-Scorev4/GlideSP,,0.733,0.018,,,,,0,0,0,1.01,https://doi.org/10.1093/bib/bbaa070,Uses non-normalized EF
inha,RF-Scorev4/GlideSP,,0.463,0.193,,,,,0,4.375,7.07,2.964,https://doi.org/10.1093/bib/bbaa070,Uses non-normalized EF
itk,RF-Scorev4/GlideSP,,0.631,0.064,,,,,0,0,2.34,1.997,https://doi.org/10.1093/bib/bbaa070,Uses non-normalized EF
jak3,RF-Scorev4/GlideSP,,0.744,0.209,,,,,14.963,4.988,4.99,4.489,https://doi.org/10.1093/bib/bbaa070,Uses non-normalized EF
jnk1,RF-Scorev4/GlideSP,,0.681,0.056,,,,,0,0,0,3.15,https://doi.org/10.1093/bib/bbaa070,Uses non-normalized EF
jnk2,RF-Scorev4/GlideSP,,0.574,0.018,,,,,0,0,0,1.018,https://doi.org/10.1093/bib/bbaa070,Uses non-normalized EF
jnk3,RF-Scorev4/GlideSP,,0.681,0.131,,,,,0,0,2.38,3.049,https://doi.org/10.1093/bib/bbaa070,Uses non-normalized EF
kif11,RF-Scorev4/GlideSP,,0.727,0.128,,,,,15.113,4.318,2.33,2.973,https://doi.org/10.1093/bib/bbaa070,Uses non-normalized EF
lck,RF-Scorev4/GlideSP,,0.685,0.146,,,,,0,4.3,2.32,3.948,https://doi.org/10.1093/bib/bbaa070,Uses non-normalized EF
mdm2,RF-Scorev4/GlideSP,,0.371,0.068,,,,,0,4.992,2.5,0.998,https://doi.org/10.1093/bib/bbaa070,Uses non-normalized EF
mk2,RF-Scorev4/GlideSP,,0.741,0.155,,,,,0,0,5.24,5.332,https://doi.org/10.1093/bib/bbaa070,Uses non-normalized EF
mmp2,RF-Scorev4/GlideSP,,0.528,0.006,,,,,0,0,0,0.495,https://doi.org/10.1093/bib/bbaa070,Uses non-normalized EF
na,RF-Scorev4/GlideSP,,0.803,0.324,,,,,0,8.85,14.3,5.496,https://doi.org/10.1093/bib/bbaa070,Uses non-normalized EF
p38-alpha,RF-Scorev4/GlideSP,,0.673,0.138,,,,,0,8.729,4.7,2.464,https://doi.org/10.1093/bib/bbaa070,Uses non-normalized EF
parp-1,RF-Scorev4/GlideSP,,0.669,0.162,,,,,0,4.307,6.96,2.471,https://doi.org/10.1093/bib/bbaa070,Uses non-normalized EF
pde4b,RF-Scorev4/GlideSP,,0.56,0.009,,,,,0,0,0,0.994,https://doi.org/10.1093/bib/bbaa070,Uses non-normalized EF
pde5,RF-Scorev4/GlideSP,,0.646,0.069,,,,,0,0,2.48,2.081,https://doi.org/10.1093/bib/bbaa070,Uses non-normalized EF
pdk1,RF-Scorev4/GlideSP,,0.635,0.192,,,,,0,9.068,7.32,2.081,https://doi.org/10.1093/bib/bbaa070,Uses non-normalized EF
pi3kg,RF-Scorev4/GlideSP,,0.707,0.073,,,,,0,0,2.39,3.052,https://doi.org/10.1093/bib/bbaa070,Uses non-normalized EF
pim-1,RF-Scorev4/GlideSP,,0.624,0.094,,,,,0,0,2.33,4.459,https://doi.org/10.1093/bib/bbaa070,Uses non-normalized EF
pim-2,RF-Scorev4/GlideSP,,0.634,0.085,,,,,0,0,2.38,1.523,https://doi.org/10.1093/bib/bbaa070,Uses non-normalized EF
pnp,RF-Scorev4/GlideSP,,0.502,0.191,,,,,0,8.807,4.74,2.983,https://doi.org/10.1093/bib/bbaa070,Uses non-normalized EF
ppara,RF-Scorev4/GlideSP,,0.611,0.023,,,,,0,0,0,2.627,https://doi.org/10.1093/bib/bbaa070,Uses non-normalized EF
pparg,RF-Scorev4/GlideSP,,0.641,0.083,,,,,0,0,2.38,3,https://doi.org/10.1093/bib/bbaa070,Uses non-normalized EF
pr,RF-Scorev4/GlideSP,,0.577,0.102,,,,,0,4.9,2.67,1.696,https://doi.org/10.1093/bib/bbaa070,Uses non-normalized EF
prkcq,RF-Scorev4/GlideSP,,0.753,0.134,,,,,0,0,0,4.737,https://doi.org/10.1093/bib/bbaa070,Uses non-normalized EF
pygl-in,RF-Scorev4/GlideSP,,0.668,0.078,,,,,0,0,4.74,1.987,https://doi.org/10.1093/bib/bbaa070,Uses non-normalized EF
pygl-out,RF-Scorev4/GlideSP,,0.588,0.304,,,,,15.45,13.243,7.13,4.984,https://doi.org/10.1093/bib/bbaa070,Uses non-normalized EF
qpct,RF-Scorev4/GlideSP,,0.5,0,,,,,0,0,0,0,https://doi.org/10.1093/bib/bbaa070,Uses non-normalized EF
rock-1,RF-Scorev4/GlideSP,,0.603,0.119,,,,,0,0,2.32,2.473,https://doi.org/10.1093/bib/bbaa070,Uses non-normalized EF
rxr,RF-Scorev4/GlideSP,,0.616,0.235,,,,,0,5.184,7.78,3.24,https://doi.org/10.1093/bib/bbaa070,Uses non-normalized EF
sars-hcov,RF-Scorev4/GlideSP,,0.516,0.17,,,,,0,8.806,4.74,2.526,https://doi.org/10.1093/bib/bbaa070,Uses non-normalized EF
sirt2,RF-Scorev4/GlideSP,,0.466,0.12,,,,,0,4.361,2.35,2.462,https://doi.org/10.1093/bib/bbaa070,Uses non-normalized EF
src,RF-Scorev4/GlideSP,,0.58,0.198,,,,,15.526,8.872,4.78,3.563,https://doi.org/10.1093/bib/bbaa070,Uses non-normalized EF
thrombin,RF-Scorev4/GlideSP,,0.727,0.173,,,,,0,4.553,2.45,5.224,https://doi.org/10.1093/bib/bbaa070,Uses non-normalized EF
tie2,RF-Scorev4/GlideSP,,0.641,0.106,,,,,0,0,5,2.998,https://doi.org/10.1093/bib/bbaa070,Uses non-normalized EF
tk,RF-Scorev4/GlideSP,,0.555,0.005,,,,,0,0,0,0.51,https://doi.org/10.1093/bib/bbaa070,Uses non-normalized EF
tp,RF-Scorev4/GlideSP,,0.326,0,,,,,0,0,0,0,https://doi.org/10.1093/bib/bbaa070,Uses non-normalized EF
tpa,RF-Scorev4/GlideSP,,0.607,0.118,,,,,15.276,5.092,5.09,1.554,https://doi.org/10.1093/bib/bbaa070,Uses non-normalized EF
ts,RF-Scorev4/GlideSP,,0.532,0,,,,,0,0,0,0,https://doi.org/10.1093/bib/bbaa070,Uses non-normalized EF
upa,RF-Scorev4/GlideSP,,0.513,0.05,,,,,0,0,0,1.993,https://doi.org/10.1093/bib/bbaa070,Uses non-normalized EF
vegfr1,RF-Scorev4/GlideSP,,0.567,0.005,,,,,0,0,0,0.525,https://doi.org/10.1093/bib/bbaa070,Uses non-normalized EF
vegfr2,RF-Scorev4/GlideSP,,0.564,0.161,,,,,15.641,8.938,4.81,3.077,https://doi.org/10.1093/bib/bbaa070,Uses non-normalized EF
11betahsd1,RF-Score-VS/GlideSP,,0.694,0.302,,,,,30.179,15.09,12.57,4.092,https://doi.org/10.1093/bib/bbaa070,Uses non-normalized EF
17betahsd1,RF-Score-VS/GlideSP,,0.731,0.133,,,,,0,8.764,4.72,2.474,https://doi.org/10.1093/bib/bbaa070,Uses non-normalized EF
a2a,RF-Score-VS/GlideSP,,0.798,0.374,,,,,30.7,17.543,11.81,6.932,https://doi.org/10.1093/bib/bbaa070,Uses non-normalized EF
ace,RF-Score-VS/GlideSP,,0.872,0.156,,,,,0,4.411,2.38,4.98,https://doi.org/10.1093/bib/bbaa070,Uses non-normalized EF
ace2,RF-Score-VS/GlideSP,,0.806,0.043,,,,,0,0,0,2.998,https://doi.org/10.1093/bib/bbaa070,Uses non-normalized EF
ache,RF-Score-VS/GlideSP,,0.708,0.51,,,,,15.263,21.804,18.78,6.4,https://doi.org/10.1093/bib/bbaa070,Uses non-normalized EF
adam17,RF-Score-VS/GlideSP,,0.799,0.48,,,,,30.75,13.179,16.56,8.431,https://doi.org/10.1093/bib/bbaa070,Uses non-normalized EF
adrb2,RF-Score-VS/GlideSP,,0.782,0.197,,,,,0,4.796,4.8,5.457,https://doi.org/10.1093/bib/bbaa070,Uses non-normalized EF
akt1,RF-Score-VS/GlideSP,,0.894,0.43,,,,,30.308,15.154,12.63,7.577,https://doi.org/10.1093/bib/bbaa070,Uses non-normalized EF
alr2,RF-Score-VS/GlideSP,,0.62,0.061,,,,,0,4.379,2.36,0.494,https://doi.org/10.1093/bib/bbaa070,Uses non-normalized EF
ar,RF-Score-VS/GlideSP,,0.942,0.524,,,,,22.571,11.286,6.45,10.58,https://doi.org/10.1093/bib/bbaa070,Uses non-normalized EF
aurka,RF-Score-VS/GlideSP,,0.759,0.38,,,,,31.026,13.297,14.32,6.612,https://doi.org/10.1093/bib/bbaa070,Uses non-normalized EF
aurkb,RF-Score-VS/GlideSP,,0.713,0.352,,,,,0,17.357,11.68,4.98,https://doi.org/10.1093/bib/bbaa070,Uses non-normalized EF
bcl2,RF-Score-VS/GlideSP,,0.569,0.028,,,,,0,0,0,0.986,https://doi.org/10.1093/bib/bbaa070,Uses non-normalized EF
braf,RF-Score-VS/GlideSP,,0.832,0.24,,,,,0,13.286,7.15,5.082,https://doi.org/10.1093/bib/bbaa070,Uses non-normalized EF
catl,RF-Score-VS/GlideSP,,0.649,0.133,,,,,0,4.404,4.74,2.983,https://doi.org/10.1093/bib/bbaa070,Uses non-normalized EF
cdk2,RF-Score-VS/GlideSP,,0.731,0.24,,,,,0,0,12.46,4.485,https://doi.org/10.1093/bib/bbaa070,Uses non-normalized EF
cox1,RF-Score-VS/GlideSP,,0.813,0.559,,,,,28.718,23.932,19.15,7.179,https://doi.org/10.1093/bib/bbaa070,Uses non-normalized EF
cox2,RF-Score-VS/GlideSP,,0.979,1.058,,,,,23.108,23.108,23.11,16.659,https://doi.org/10.1093/bib/bbaa070,Uses non-normalized EF
ctsk,RF-Score-VS/GlideSP,,0.655,0.15,,,,,0,8.821,4.75,2.49,https://doi.org/10.1093/bib/bbaa070,Uses non-normalized EF
cyp2a6,RF-Score-VS/GlideSP,,0.541,0.004,,,,,0,0,0,0.555,https://doi.org/10.1093/bib/bbaa070,Uses non-normalized EF
dhfr,RF-Score-VS/GlideSP,,0.701,0.205,,,,,0,8.743,7.06,3.948,https://doi.org/10.1093/bib/bbaa070,Uses non-normalized EF
egfr,RF-Score-VS/GlideSP,,0.652,0.143,,,,,0,0,4.75,3.546,https://doi.org/10.1093/bib/bbaa070,Uses non-normalized EF
ephb4,RF-Score-VS/GlideSP,,0.811,0.525,,,,,15.175,17.343,14.01,8.458,https://doi.org/10.1093/bib/bbaa070,Uses non-normalized EF
erbb2,RF-Score-VS/GlideSP,,0.897,0.693,,,,,29.6,29.6,27.13,8.88,https://doi.org/10.1093/bib/bbaa070,Uses non-normalized EF
er-beta,RF-Score-VS/GlideSP,,0.944,0.741,,,,,0,22.869,25.41,10.89,https://doi.org/10.1093/bib/bbaa070,Uses non-normalized EF
fgfr1,RF-Score-VS/GlideSP,,0.754,0.15,,,,,0,0,7.37,4.496,https://doi.org/10.1093/bib/bbaa070,Uses non-normalized EF
fkbp1a,RF-Score-VS/GlideSP,,0.774,0.403,,,,,32.395,18.511,14.95,5.747,https://doi.org/10.1093/bib/bbaa070,Uses non-normalized EF
fxa,RF-Score-VS/GlideSP,,0.844,0.747,,,,,30.59,30.59,28.04,10.706,https://doi.org/10.1093/bib/bbaa070,Uses non-normalized EF
gba,RF-Score-VS/GlideSP,,0.7,0.125,,,,,0,4.411,4.75,2.988,https://doi.org/10.1093/bib/bbaa070,Uses non-normalized EF
gr,RF-Score-VS/GlideSP,,0.757,0.304,,,,,30.575,13.104,11.76,4.438,https://doi.org/10.1093/bib/bbaa070,Uses non-normalized EF
gsk3b,RF-Score-VS/GlideSP,,0.724,0.254,,,,,0,8.614,4.64,6.92,https://doi.org/10.1093/bib/bbaa070,Uses non-normalized EF
hdac2,RF-Score-VS/GlideSP,,0.785,0.215,,,,,0,4.336,7,4.975,https://doi.org/10.1093/bib/bbaa070,Uses non-normalized EF
hdac8,RF-Score-VS/GlideSP,,0.639,0.096,,,,,0,0,0,2.985,https://doi.org/10.1093/bib/bbaa070,Uses non-normalized EF
hiv1pr,RF-Score-VS/GlideSP,,0.903,0.69,,,,,32.865,28.17,25.28,12.392,https://doi.org/10.1093/bib/bbaa070,Uses non-normalized EF
hiv1rt,RF-Score-VS/GlideSP,,0.561,0.015,,,,,0,0,0,1.05,https://doi.org/10.1093/bib/bbaa070,Uses non-normalized EF
hmgr,RF-Score-VS/GlideSP,,0.939,0.932,,,,,30.925,30.925,28.55,14.465,https://doi.org/10.1093/bib/bbaa070,Uses non-normalized EF
hsp90,RF-Score-VS/GlideSP,,0.724,0.237,,,,,15.175,8.671,7,3.98,https://doi.org/10.1093/bib/bbaa070,Uses non-normalized EF
igf1r,RF-Score-VS/GlideSP,,0.914,0.482,,,,,29.795,14.897,9.93,9.595,https://doi.org/10.1093/bib/bbaa070,Uses non-normalized EF
inha,RF-Score-VS/GlideSP,,0.563,0.094,,,,,0,0,2.36,3.458,https://doi.org/10.1093/bib/bbaa070,Uses non-normalized EF
itk,RF-Score-VS/GlideSP,,0.665,0.143,,,,,0,4.35,4.68,2.496,https://doi.org/10.1093/bib/bbaa070,Uses non-normalized EF
jak3,RF-Score-VS/GlideSP,,0.788,0.465,,,,,0,19.95,17.46,8.479,https://doi.org/10.1093/bib/bbaa070,Uses non-normalized EF
jnk1,RF-Score-VS/GlideSP,,0.78,0.44,,,,,15.75,15.75,15.75,5.775,https://doi.org/10.1093/bib/bbaa070,Uses non-normalized EF
jnk2,RF-Score-VS/GlideSP,,0.723,0.297,,,,,15.013,10.009,10.01,5.089,https://doi.org/10.1093/bib/bbaa070,Uses non-normalized EF
jnk3,RF-Score-VS/GlideSP,,0.784,0.364,,,,,15.5,13.286,11.92,6.098,https://doi.org/10.1093/bib/bbaa070,Uses non-normalized EF
kif11,RF-Score-VS/GlideSP,,0.919,0.774,,,,,30.225,25.907,23.25,12.387,https://doi.org/10.1093/bib/bbaa070,Uses non-normalized EF
lck,RF-Score-VS/GlideSP,,0.852,0.386,,,,,15.05,17.2,11.58,5.921,https://doi.org/10.1093/bib/bbaa070,Uses non-normalized EF
mdm2,RF-Score-VS/GlideSP,,0.585,0.029,,,,,0,0,0,0.998,https://doi.org/10.1093/bib/bbaa070,Uses non-normalized EF
mk2,RF-Score-VS/GlideSP,,0.767,0.303,,,,,15.73,10.486,13.11,4.266,https://doi.org/10.1093/bib/bbaa070,Uses non-normalized EF
mmp2,RF-Score-VS/GlideSP,,0.719,0.164,,,,,15.35,4.386,2.36,3.466,https://doi.org/10.1093/bib/bbaa070,Uses non-normalized EF
na,RF-Score-VS/GlideSP,,0.823,0.429,,,,,30.975,13.275,14.3,8.993,https://doi.org/10.1093/bib/bbaa070,Uses non-normalized EF
p38-alpha,RF-Score-VS/GlideSP,,0.896,0.357,,,,,15.275,13.093,9.4,7.391,https://doi.org/10.1093/bib/bbaa070,Uses non-normalized EF
parp-1,RF-Score-VS/GlideSP,,0.818,0.628,,,,,30.15,30.15,20.87,8.897,https://doi.org/10.1093/bib/bbaa070,Uses non-normalized EF
pde4b,RF-Score-VS/GlideSP,,0.738,0.133,,,,,0,4.4,4.74,3.477,https://doi.org/10.1093/bib/bbaa070,Uses non-normalized EF
pde5,RF-Score-VS/GlideSP,,0.65,0.044,,,,,0,0,2.48,1.561,https://doi.org/10.1093/bib/bbaa070,Uses non-normalized EF
pdk1,RF-Score-VS/GlideSP,,0.688,0.151,,,,,0,0,2.44,4.682,https://doi.org/10.1093/bib/bbaa070,Uses non-normalized EF
pi3kg,RF-Score-VS/GlideSP,,0.756,0.325,,,,,31.026,8.864,11.93,4.578,https://doi.org/10.1093/bib/bbaa070,Uses non-normalized EF
pim-1,RF-Score-VS/GlideSP,,0.541,0.007,,,,,0,0,0,0.495,https://doi.org/10.1093/bib/bbaa070,Uses non-normalized EF
pim-2,RF-Score-VS/GlideSP,,0.469,0.001,,,,,0,0,0,0,https://doi.org/10.1093/bib/bbaa070,Uses non-normalized EF
pnp,RF-Score-VS/GlideSP,,0.812,0.489,,,,,30.825,22.018,16.6,7.955,https://doi.org/10.1093/bib/bbaa070,Uses non-normalized EF
ppara,RF-Score-VS/GlideSP,,0.864,0.7,,,,,29.947,29.947,24.96,9.457,https://doi.org/10.1093/bib/bbaa070,Uses non-normalized EF
pparg,RF-Score-VS/GlideSP,,0.815,0.5,,,,,14.25,19,14.25,8,https://doi.org/10.1093/bib/bbaa070,Uses non-normalized EF
pr,RF-Score-VS/GlideSP,,0.833,0.296,,,,,14.7,4.9,8.02,5.654,https://doi.org/10.1093/bib/bbaa070,Uses non-normalized EF
prkcq,RF-Score-VS/GlideSP,,0.852,0.46,,,,,31.579,21.053,15.79,8.947,https://doi.org/10.1093/bib/bbaa070,Uses non-normalized EF
pygl-in,RF-Score-VS/GlideSP,,0.505,0.029,,,,,0,0,0,0.497,https://doi.org/10.1093/bib/bbaa070,Uses non-normalized EF
pygl-out,RF-Score-VS/GlideSP,,0.778,0.235,,,,,15.45,13.243,9.51,3.489,https://doi.org/10.1093/bib/bbaa070,Uses non-normalized EF
qpct,RF-Score-VS/GlideSP,,0.396,0,,,,,0,0,0,0,https://doi.org/10.1093/bib/bbaa070,Uses non-normalized EF
rock-1,RF-Score-VS/GlideSP,,0.734,0.356,,,,,15.088,8.621,9.28,6.431,https://doi.org/10.1093/bib/bbaa070,Uses non-normalized EF
rxr,RF-Score-VS/GlideSP,,0.995,1.055,,,,,25.919,25.919,25.92,18.899,https://doi.org/10.1093/bib/bbaa070,Uses non-normalized EF
sars-hcov,RF-Score-VS/GlideSP,,0.519,0.194,,,,,15.41,8.806,7.11,3.032,https://doi.org/10.1093/bib/bbaa070,Uses non-normalized EF
sirt2,RF-Score-VS/GlideSP,,0.481,0.012,,,,,0,0,0,0.985,https://doi.org/10.1093/bib/bbaa070,Uses non-normalized EF
src,RF-Score-VS/GlideSP,,0.73,0.324,,,,,15.526,17.744,11.94,6.108,https://doi.org/10.1093/bib/bbaa070,Uses non-normalized EF
thrombin,RF-Score-VS/GlideSP,,0.834,0.534,,,,,31.868,22.763,17.16,9.926,https://doi.org/10.1093/bib/bbaa070,Uses non-normalized EF
tie2,RF-Score-VS/GlideSP,,0.626,0.139,,,,,14.988,4.996,2.5,1.998,https://doi.org/10.1093/bib/bbaa070,Uses non-normalized EF
tk,RF-Score-VS/GlideSP,,0.751,0.263,,,,,0,4.52,7.3,7.655,https://doi.org/10.1093/bib/bbaa070,Uses non-normalized EF
tp,RF-Score-VS/GlideSP,,0.307,0.005,,,,,0,0,0,0.644,https://doi.org/10.1093/bib/bbaa070,Uses non-normalized EF
tpa,RF-Score-VS/GlideSP,,0.72,0.334,,,,,0,5.092,10.18,7.25,https://doi.org/10.1093/bib/bbaa070,Uses non-normalized EF
ts,RF-Score-VS/GlideSP,,0.584,0.002,,,,,0,0,0,0.5,https://doi.org/10.1093/bib/bbaa070,Uses non-normalized EF
upa,RF-Score-VS/GlideSP,,0.586,0.354,,,,,14.95,9.967,9.97,5.482,https://doi.org/10.1093/bib/bbaa070,Uses non-normalized EF
vegfr1,RF-Score-VS/GlideSP,,0.768,0.404,,,,,14.974,9.982,14.97,6.305,https://doi.org/10.1093/bib/bbaa070,Uses non-normalized EF
vegfr2,RF-Score-VS/GlideSP,,0.71,0.164,,,,,15.641,4.469,4.81,3.59,https://doi.org/10.1093/bib/bbaa070,Uses non-normalized EF
11betahsd1,RF-Score-VS@IGN,,0.657620206,0.067938437,,,,,,0,0,2.05,https://pubs.acs.org/doi/10.1021/acs.jmedchem.1c01830,"Not explictly said if NEF or EF, but cites 10.1093/bib/bbaa070 where EF is defined as non normalized EF"
17betahsd1,RF-Score-VS@IGN,,0.740669756,0.158630753,,,,,,4.38,4.72,3.96,https://pubs.acs.org/doi/10.1021/acs.jmedchem.1c01830,"Not explictly said if NEF or EF, but cites 10.1093/bib/bbaa070 where EF is defined as non normalized EF"
a2a,RF-Score-VS@IGN,,0.838005051,0.623192847,,,,,,26.31,21.25,9.9,https://pubs.acs.org/doi/10.1021/acs.jmedchem.1c01830,"Not explictly said if NEF or EF, but cites 10.1093/bib/bbaa070 where EF is defined as non normalized EF"
ace,RF-Score-VS@IGN,,0.981380753,0.961321224,,,,,,30.88,30.88,16.43,https://pubs.acs.org/doi/10.1021/acs.jmedchem.1c01830,"Not explictly said if NEF or EF, but cites 10.1093/bib/bbaa070 where EF is defined as non normalized EF"
ace2,RF-Score-VS@IGN,,0.983256881,0.93822591,,,,,,30.98,30.98,15.99,https://pubs.acs.org/doi/10.1021/acs.jmedchem.1c01830,"Not explictly said if NEF or EF, but cites 10.1093/bib/bbaa070 where EF is defined as non normalized EF"
ache,RF-Score-VS@IGN,,0.733202794,0.495129192,,,,,,13.08,14.09,8.86,https://pubs.acs.org/doi/10.1021/acs.jmedchem.1c01830,"Not explictly said if NEF or EF, but cites 10.1093/bib/bbaa070 where EF is defined as non normalized EF"
adam17,RF-Score-VS@IGN,,0.887563025,0.750109334,,,,,,30.75,26.02,11.41,https://pubs.acs.org/doi/10.1021/acs.jmedchem.1c01830,"Not explictly said if NEF or EF, but cites 10.1093/bib/bbaa070 where EF is defined as non normalized EF"
adrb2,RF-Score-VS@IGN,,0.823717372,0.57319798,,,,,,23.98,16.79,8.43,https://pubs.acs.org/doi/10.1021/acs.jmedchem.1c01830,"Not explictly said if NEF or EF, but cites 10.1093/bib/bbaa070 where EF is defined as non normalized EF"
akt1,RF-Score-VS@IGN,,0.936424614,0.600832351,,,,,,20.21,17.68,11.62,https://pubs.acs.org/doi/10.1021/acs.jmedchem.1c01830,"Not explictly said if NEF or EF, but cites 10.1093/bib/bbaa070 where EF is defined as non normalized EF"
alr2,RF-Score-VS@IGN,,0.751907673,0.207109351,,,,,,8.76,4.72,5.93,https://pubs.acs.org/doi/10.1021/acs.jmedchem.1c01830,"Not explictly said if NEF or EF, but cites 10.1093/bib/bbaa070 where EF is defined as non normalized EF"
ar,RF-Score-VS@IGN,,0.947492904,0.603096731,,,,,,11.29,9.67,9.88,https://pubs.acs.org/doi/10.1021/acs.jmedchem.1c01830,"Not explictly said if NEF or EF, but cites 10.1093/bib/bbaa070 where EF is defined as non normalized EF"
aurka,RF-Score-VS@IGN,,0.723192976,0.108649059,,,,,,0,2.39,4.58,https://pubs.acs.org/doi/10.1021/acs.jmedchem.1c01830,"Not explictly said if NEF or EF, but cites 10.1093/bib/bbaa070 where EF is defined as non normalized EF"
aurkb,RF-Score-VS@IGN,,0.682723404,0.212316549,,,,,,8.68,4.67,4.48,https://pubs.acs.org/doi/10.1021/acs.jmedchem.1c01830,"Not explictly said if NEF or EF, but cites 10.1093/bib/bbaa070 where EF is defined as non normalized EF"
bcl2,RF-Score-VS@IGN,,0.505283178,0.002098163,,,,,,0,0,0.49,https://pubs.acs.org/doi/10.1021/acs.jmedchem.1c01830,"Not explictly said if NEF or EF, but cites 10.1093/bib/bbaa070 where EF is defined as non normalized EF"
braf,RF-Score-VS@IGN,,0.866250274,0.189093323,,,,,,4.43,2.38,6.1,https://pubs.acs.org/doi/10.1021/acs.jmedchem.1c01830,"Not explictly said if NEF or EF, but cites 10.1093/bib/bbaa070 where EF is defined as non normalized EF"
catl,RF-Score-VS@IGN,,0.659178541,0.057039021,,,,,,0,2.37,1.49,https://pubs.acs.org/doi/10.1021/acs.jmedchem.1c01830,"Not explictly said if NEF or EF, but cites 10.1093/bib/bbaa070 where EF is defined as non normalized EF"
cdk2,RF-Score-VS@IGN,,0.745728806,0.308807302,,,,,,19.93,9.97,4.49,https://pubs.acs.org/doi/10.1021/acs.jmedchem.1c01830,"Not explictly said if NEF or EF, but cites 10.1093/bib/bbaa070 where EF is defined as non normalized EF"
cox1,RF-Score-VS@IGN,,0.852060058,0.689035759,,,,,,23.93,23.93,9.74,https://pubs.acs.org/doi/10.1021/acs.jmedchem.1c01830,"Not explictly said if NEF or EF, but cites 10.1093/bib/bbaa070 where EF is defined as non normalized EF"
cox2,RF-Score-VS@IGN,,0.972576488,1.013350428,,,,,,23.11,23.11,15.05,https://pubs.acs.org/doi/10.1021/acs.jmedchem.1c01830,"Not explictly said if NEF or EF, but cites 10.1093/bib/bbaa070 where EF is defined as non normalized EF"
ctsk,RF-Score-VS@IGN,,0.586077406,0.104361087,,,,,,8.82,4.75,1,https://pubs.acs.org/doi/10.1021/acs.jmedchem.1c01830,"Not explictly said if NEF or EF, but cites 10.1093/bib/bbaa070 where EF is defined as non normalized EF"
dhfr,RF-Score-VS@IGN,,0.74724451,0.487209103,,,,,,21.86,18.83,6.91,https://pubs.acs.org/doi/10.1021/acs.jmedchem.1c01830,"Not explictly said if NEF or EF, but cites 10.1093/bib/bbaa070 where EF is defined as non normalized EF"
egfr,RF-Score-VS@IGN,,0.672395215,0.088720881,,,,,,0,0,4.05,https://pubs.acs.org/doi/10.1021/acs.jmedchem.1c01830,"Not explictly said if NEF or EF, but cites 10.1093/bib/bbaa070 where EF is defined as non normalized EF"
ephb4,RF-Score-VS@IGN,,0.818057922,0.52274343,,,,,,21.68,18.68,6.47,https://pubs.acs.org/doi/10.1021/acs.jmedchem.1c01830,"Not explictly said if NEF or EF, but cites 10.1093/bib/bbaa070 where EF is defined as non normalized EF"
erbb2,RF-Score-VS@IGN,,0.884615385,0.650881623,,,,,,24.67,22.2,9.87,https://pubs.acs.org/doi/10.1021/acs.jmedchem.1c01830,"Not explictly said if NEF or EF, but cites 10.1093/bib/bbaa070 where EF is defined as non normalized EF"
fgfr1,RF-Score-VS@IGN,,0.871378924,0.4225991,,,,,,9.63,9.63,8.96,https://pubs.acs.org/doi/10.1021/acs.jmedchem.1c01830,"Not explictly said if NEF or EF, but cites 10.1093/bib/bbaa070 where EF is defined as non normalized EF"
fkbp1a,RF-Score-VS@IGN,,0.854722725,0.618208885,,,,,,32.39,24.92,7.84,https://pubs.acs.org/doi/10.1021/acs.jmedchem.1c01830,"Not explictly said if NEF or EF, but cites 10.1093/bib/bbaa070 where EF is defined as non normalized EF"
fxa,RF-Score-VS@IGN,,0.847364796,0.761106681,,,,,,30.59,28.04,10.2,https://pubs.acs.org/doi/10.1021/acs.jmedchem.1c01830,"Not explictly said if NEF or EF, but cites 10.1093/bib/bbaa070 where EF is defined as non normalized EF"
gba,RF-Score-VS@IGN,,0.827573222,0.408616851,,,,,,22.05,14.25,6.47,https://pubs.acs.org/doi/10.1021/acs.jmedchem.1c01830,"Not explictly said if NEF or EF, but cites 10.1093/bib/bbaa070 where EF is defined as non normalized EF"
gr,RF-Score-VS@IGN,,0.795847422,0.294325032,,,,,,13.1,11.76,3.45,https://pubs.acs.org/doi/10.1021/acs.jmedchem.1c01830,"Not explictly said if NEF or EF, but cites 10.1093/bib/bbaa070 where EF is defined as non normalized EF"
gsk3b,RF-Score-VS@IGN,,0.684262436,0.231280949,,,,,,8.61,6.96,5.44,https://pubs.acs.org/doi/10.1021/acs.jmedchem.1c01830,"Not explictly said if NEF or EF, but cites 10.1093/bib/bbaa070 where EF is defined as non normalized EF"
hdac2,RF-Score-VS@IGN,,0.89907368,0.76374832,,,,,,26.01,25.68,10.95,https://pubs.acs.org/doi/10.1021/acs.jmedchem.1c01830,"Not explictly said if NEF or EF, but cites 10.1093/bib/bbaa070 where EF is defined as non normalized EF"
hdac8,RF-Score-VS@IGN,,0.800586265,0.440359663,,,,,,13.22,11.87,7.96,https://pubs.acs.org/doi/10.1021/acs.jmedchem.1c01830,"Not explictly said if NEF or EF, but cites 10.1093/bib/bbaa070 where EF is defined as non normalized EF"
hiv1pr,RF-Score-VS@IGN,,0.911331179,0.531370177,,,,,,18.78,17.7,11.31,https://pubs.acs.org/doi/10.1021/acs.jmedchem.1c01830,"Not explictly said if NEF or EF, but cites 10.1093/bib/bbaa070 where EF is defined as non normalized EF"
hiv1rt,RF-Score-VS@IGN,,0.685784117,0.173041744,,,,,,4.58,2.46,4.2,https://pubs.acs.org/doi/10.1021/acs.jmedchem.1c01830,"Not explictly said if NEF or EF, but cites 10.1093/bib/bbaa070 where EF is defined as non normalized EF"
hmgr,RF-Score-VS@IGN,,0.986779449,0.998994576,,,,,,26.51,28.55,19.45,https://pubs.acs.org/doi/10.1021/acs.jmedchem.1c01830,"Not explictly said if NEF or EF, but cites 10.1093/bib/bbaa070 where EF is defined as non normalized EF"
hsp90,RF-Score-VS@IGN,,0.756782368,0.22287297,,,,,,8.67,7,3.98,https://pubs.acs.org/doi/10.1021/acs.jmedchem.1c01830,"Not explictly said if NEF or EF, but cites 10.1093/bib/bbaa070 where EF is defined as non normalized EF"
igf1r,RF-Score-VS@IGN,,0.916603877,0.472719222,,,,,,19.86,12.41,9.09,https://pubs.acs.org/doi/10.1021/acs.jmedchem.1c01830,"Not explictly said if NEF or EF, but cites 10.1093/bib/bbaa070 where EF is defined as non normalized EF"
inha,RF-Score-VS@IGN,,0.551223629,0.004508416,,,,,,0,0,0.49,https://pubs.acs.org/doi/10.1021/acs.jmedchem.1c01830,"Not explictly said if NEF or EF, but cites 10.1093/bib/bbaa070 where EF is defined as non normalized EF"
itk,RF-Score-VS@IGN,,0.664367572,0.330156525,,,,,,8.7,9.37,6.49,https://pubs.acs.org/doi/10.1021/acs.jmedchem.1c01830,"Not explictly said if NEF or EF, but cites 10.1093/bib/bbaa070 where EF is defined as non normalized EF"
jnk1,RF-Score-VS@IGN,,0.75908224,0.494247458,,,,,,21,21,7.35,https://pubs.acs.org/doi/10.1021/acs.jmedchem.1c01830,"Not explictly said if NEF or EF, but cites 10.1093/bib/bbaa070 where EF is defined as non normalized EF"
jnk2,RF-Score-VS@IGN,,0.717733533,0.324598004,,,,,,15.01,10.01,7.12,https://pubs.acs.org/doi/10.1021/acs.jmedchem.1c01830,"Not explictly said if NEF or EF, but cites 10.1093/bib/bbaa070 where EF is defined as non normalized EF"
jnk3,RF-Score-VS@IGN,,0.792912928,0.356137942,,,,,,10.75,8.79,8.21,https://pubs.acs.org/doi/10.1021/acs.jmedchem.1c01830,"Not explictly said if NEF or EF, but cites 10.1093/bib/bbaa070 where EF is defined as non normalized EF"
kif11,RF-Score-VS@IGN,,0.957463644,0.841187287,,,,,,30.23,27.9,13.87,https://pubs.acs.org/doi/10.1021/acs.jmedchem.1c01830,"Not explictly said if NEF or EF, but cites 10.1093/bib/bbaa070 where EF is defined as non normalized EF"
lck,RF-Score-VS@IGN,,0.891981943,0.471328594,,,,,,21.48,16.19,5.92,https://pubs.acs.org/doi/10.1021/acs.jmedchem.1c01830,"Not explictly said if NEF or EF, but cites 10.1093/bib/bbaa070 where EF is defined as non normalized EF"
mdm2,RF-Score-VS@IGN,,0.564874784,0.036521551,,,,,,0,0,2,https://pubs.acs.org/doi/10.1021/acs.jmedchem.1c01830,"Not explictly said if NEF or EF, but cites 10.1093/bib/bbaa070 where EF is defined as non normalized EF"
mk2,RF-Score-VS@IGN,,0.727883163,0.328892879,,,,,,10.49,13.11,5.87,https://pubs.acs.org/doi/10.1021/acs.jmedchem.1c01830,"Not explictly said if NEF or EF, but cites 10.1093/bib/bbaa070 where EF is defined as non normalized EF"
mmp2,RF-Score-VS@IGN,,0.801378367,0.323841406,,,,,,8.77,11.81,5.45,https://pubs.acs.org/doi/10.1021/acs.jmedchem.1c01830,"Not explictly said if NEF or EF, but cites 10.1093/bib/bbaa070 where EF is defined as non normalized EF"
na,RF-Score-VS@IGN,,0.963678065,0.821692611,,,,,,30.98,28.59,12.99,https://pubs.acs.org/doi/10.1021/acs.jmedchem.1c01830,"Not explictly said if NEF or EF, but cites 10.1093/bib/bbaa070 where EF is defined as non normalized EF"
p38-alpha,RF-Score-VS@IGN,,0.902210237,0.384820485,,,,,,8.73,7.05,10.35,https://pubs.acs.org/doi/10.1021/acs.jmedchem.1c01830,"Not explictly said if NEF or EF, but cites 10.1093/bib/bbaa070 where EF is defined as non normalized EF"
parp-1,RF-Score-VS@IGN,,0.853830472,0.750720634,,,,,,30.13,25.49,10.37,https://pubs.acs.org/doi/10.1021/acs.jmedchem.1c01830,"Not explictly said if NEF or EF, but cites 10.1093/bib/bbaa070 where EF is defined as non normalized EF"
pde4b,RF-Score-VS@IGN,,0.750314597,0.171618096,,,,,,8.8,4.74,2.48,https://pubs.acs.org/doi/10.1021/acs.jmedchem.1c01830,"Not explictly said if NEF or EF, but cites 10.1093/bib/bbaa070 where EF is defined as non normalized EF"
pde5,RF-Score-VS@IGN,,0.865142655,0.298861628,,,,,,9.22,9.93,7.81,https://pubs.acs.org/doi/10.1021/acs.jmedchem.1c01830,"Not explictly said if NEF or EF, but cites 10.1093/bib/bbaa070 where EF is defined as non normalized EF"
pi3kg,RF-Score-VS@IGN,,0.753289978,0.272294366,,,,,,13.3,9.55,3.56,https://pubs.acs.org/doi/10.1021/acs.jmedchem.1c01830,"Not explictly said if NEF or EF, but cites 10.1093/bib/bbaa070 where EF is defined as non normalized EF"
pim-1,RF-Score-VS@IGN,,0.514296407,0.006744424,,,,,,0,0,0.99,https://pubs.acs.org/doi/10.1021/acs.jmedchem.1c01830,"Not explictly said if NEF or EF, but cites 10.1093/bib/bbaa070 where EF is defined as non normalized EF"
pim-2,RF-Score-VS@IGN,,0.420817705,0.004778189,,,,,,0,0,0.51,https://pubs.acs.org/doi/10.1021/acs.jmedchem.1c01830,"Not explictly said if NEF or EF, but cites 10.1093/bib/bbaa070 where EF is defined as non normalized EF"
pnp,RF-Score-VS@IGN,,0.859647651,0.619326899,,,,,,26.4,23.69,9.44,https://pubs.acs.org/doi/10.1021/acs.jmedchem.1c01830,"Not explictly said if NEF or EF, but cites 10.1093/bib/bbaa070 where EF is defined as non normalized EF"
ppara,RF-Score-VS@IGN,,0.891100478,0.601830494,,,,,,24.96,17.47,9.98,https://pubs.acs.org/doi/10.1021/acs.jmedchem.1c01830,"Not explictly said if NEF or EF, but cites 10.1093/bib/bbaa070 where EF is defined as non normalized EF"
pparg,RF-Score-VS@IGN,,0.824590909,0.494493549,,,,,,14.25,14.25,9,https://pubs.acs.org/doi/10.1021/acs.jmedchem.1c01830,"Not explictly said if NEF or EF, but cites 10.1093/bib/bbaa070 where EF is defined as non normalized EF"
pr,RF-Score-VS@IGN,,0.799022708,0.118845295,,,,,,4.9,2.67,3.39,https://pubs.acs.org/doi/10.1021/acs.jmedchem.1c01830,"Not explictly said if NEF or EF, but cites 10.1093/bib/bbaa070 where EF is defined as non normalized EF"
prkcq,RF-Score-VS@IGN,,0.867107528,0.58176448,,,,,,21.05,15.79,9.47,https://pubs.acs.org/doi/10.1021/acs.jmedchem.1c01830,"Not explictly said if NEF or EF, but cites 10.1093/bib/bbaa070 where EF is defined as non normalized EF"
pygl-in,RF-Score-VS@IGN,,0.34567953,6.28E-05,,,,,,0,0,0,https://pubs.acs.org/doi/10.1021/acs.jmedchem.1c01830,"Not explictly said if NEF or EF, but cites 10.1093/bib/bbaa070 where EF is defined as non normalized EF"
pygl-out,RF-Score-VS@IGN,,0.767119565,0.153928868,,,,,,4.41,4.75,3.49,https://pubs.acs.org/doi/10.1021/acs.jmedchem.1c01830,"Not explictly said if NEF or EF, but cites 10.1093/bib/bbaa070 where EF is defined as non normalized EF"
qpct,RF-Score-VS@IGN,,0.363313856,9.97E-09,,,,,,0,0,0,https://pubs.acs.org/doi/10.1021/acs.jmedchem.1c01830,"Not explictly said if NEF or EF, but cites 10.1093/bib/bbaa070 where EF is defined as non normalized EF"
rock-1,RF-Score-VS@IGN,,0.844457547,0.58469296,,,,,,21.54,16.23,9.89,https://pubs.acs.org/doi/10.1021/acs.jmedchem.1c01830,"Not explictly said if NEF or EF, but cites 10.1093/bib/bbaa070 where EF is defined as non normalized EF"
rxr,RF-Score-VS@IGN,,0.990942135,1.034662547,,,,,,25.92,25.92,17.82,https://pubs.acs.org/doi/10.1021/acs.jmedchem.1c01830,"Not explictly said if NEF or EF, but cites 10.1093/bib/bbaa070 where EF is defined as non normalized EF"
sars-hcov,RF-Score-VS@IGN,,0.493011002,0.02855359,,,,,,0,0,1.52,https://pubs.acs.org/doi/10.1021/acs.jmedchem.1c01830,"Not explictly said if NEF or EF, but cites 10.1093/bib/bbaa070 where EF is defined as non normalized EF"
sirt2,RF-Score-VS@IGN,,0.468141406,0.002383241,,,,,,0,0,0.49,https://pubs.acs.org/doi/10.1021/acs.jmedchem.1c01830,"Not explictly said if NEF or EF, but cites 10.1093/bib/bbaa070 where EF is defined as non normalized EF"
src,RF-Score-VS@IGN,,0.738765643,0.262108521,,,,,,8.87,7.17,5.6,https://pubs.acs.org/doi/10.1021/acs.jmedchem.1c01830,"Not explictly said if NEF or EF, but cites 10.1093/bib/bbaa070 where EF is defined as non normalized EF"
thrombin,RF-Score-VS@IGN,,0.829811838,0.61699414,,,,,,22.74,22.04,10.44,https://pubs.acs.org/doi/10.1021/acs.jmedchem.1c01830,"Not explictly said if NEF or EF, but cites 10.1093/bib/bbaa070 where EF is defined as non normalized EF"
tie2,RF-Score-VS@IGN,,0.720325993,0.258899679,,,,,,9.98,9.98,3.49,https://pubs.acs.org/doi/10.1021/acs.jmedchem.1c01830,"Not explictly said if NEF or EF, but cites 10.1093/bib/bbaa070 where EF is defined as non normalized EF"
tk,RF-Score-VS@IGN,,0.779205858,0.559237713,,,,,,22.58,21.89,9.69,https://pubs.acs.org/doi/10.1021/acs.jmedchem.1c01830,"Not explictly said if NEF or EF, but cites 10.1093/bib/bbaa070 where EF is defined as non normalized EF"
tp,RF-Score-VS@IGN,,0.328665455,0.007270904,,,,,,0,0,0.64,https://pubs.acs.org/doi/10.1021/acs.jmedchem.1c01830,"Not explictly said if NEF or EF, but cites 10.1093/bib/bbaa070 where EF is defined as non normalized EF"
tpa,RF-Score-VS@IGN,,0.742723907,0.648569802,,,,,,25.46,22.91,7.77,https://pubs.acs.org/doi/10.1021/acs.jmedchem.1c01830,"Not explictly said if NEF or EF, but cites 10.1093/bib/bbaa070 where EF is defined as non normalized EF"
ts,RF-Score-VS@IGN,,0.619872881,0.0249247,,,,,,0,0,1.5,https://pubs.acs.org/doi/10.1021/acs.jmedchem.1c01830,"Not explictly said if NEF or EF, but cites 10.1093/bib/bbaa070 where EF is defined as non normalized EF"
upa,RF-Score-VS@IGN,,0.679974048,0.663665642,,,,,,24.92,22.43,8.47,https://pubs.acs.org/doi/10.1021/acs.jmedchem.1c01830,"Not explictly said if NEF or EF, but cites 10.1093/bib/bbaa070 where EF is defined as non normalized EF"
vegfr1,RF-Score-VS@IGN,,0.815825359,0.483307128,,,,,,19.96,12.48,8.41,https://pubs.acs.org/doi/10.1021/acs.jmedchem.1c01830,"Not explictly said if NEF or EF, but cites 10.1093/bib/bbaa070 where EF is defined as non normalized EF"
vegfr2,RF-Score-VS@IGN,,0.74412167,0.130899278,,,,,,4.47,4.81,3.59,https://pubs.acs.org/doi/10.1021/acs.jmedchem.1c01830,"Not explictly said if NEF or EF, but cites 10.1093/bib/bbaa070 where EF is defined as non normalized EF"
11betahsd1,RTMScore/GlideSP,,0.662,0.004,,,,,,0,0,0.497,https://pubs.acs.org/doi/10.1021/acs.jmedchem.2c00991,Uses non-normalized EF
17betahsd1,RTMScore/GlideSP,,0.503,0.03,,,,,,0,0,0.99,https://pubs.acs.org/doi/10.1021/acs.jmedchem.2c00991,Uses non-normalized EF
a2a,RTMScore/GlideSP,,0.775,0.602,,,,,,30.525,23.481,7.385,https://pubs.acs.org/doi/10.1021/acs.jmedchem.2c00991,Uses non-normalized EF
ace,RTMScore/GlideSP,,0.884,0.909,,,,,,30.9,30.9,13.456,https://pubs.acs.org/doi/10.1021/acs.jmedchem.2c00991,Uses non-normalized EF
ace2,RTMScore/GlideSP,,0.91,0.464,,,,,,26.55,16.679,6.994,https://pubs.acs.org/doi/10.1021/acs.jmedchem.2c00991,Uses non-normalized EF
ache,RTMScore/GlideSP,,0.545,0.001,,,,,,0,0,0,https://pubs.acs.org/doi/10.1021/acs.jmedchem.2c00991,Uses non-normalized EF
adam17,RTMScore/GlideSP,,0.903,0.881,,,,,,30.75,30.75,12.895,https://pubs.acs.org/doi/10.1021/acs.jmedchem.2c00991,Uses non-normalized EF
adrb2,RTMScore/GlideSP,,0.628,0.115,,,,,,4.737,2.369,2.992,https://pubs.acs.org/doi/10.1021/acs.jmedchem.2c00991,Uses non-normalized EF
akt1,RTMScore/GlideSP,,0.695,0.481,,,,,,25.192,15.115,8.198,https://pubs.acs.org/doi/10.1021/acs.jmedchem.2c00991,Uses non-normalized EF
alr2,RTMScore/GlideSP,,0.588,0.286,,,,,,13.157,7.085,4.952,https://pubs.acs.org/doi/10.1021/acs.jmedchem.2c00991,Uses non-normalized EF
ar,RTMScore/GlideSP,,0.933,0.944,,,,,,23.556,23.556,12.514,https://pubs.acs.org/doi/10.1021/acs.jmedchem.2c00991,Uses non-normalized EF
aurka,RTMScore/GlideSP,,0.929,0.921,,,,,,31.051,31.051,13.744,https://pubs.acs.org/doi/10.1021/acs.jmedchem.2c00991,Uses non-normalized EF
aurkb,RTMScore/GlideSP,,0.902,0.872,,,,,,30.325,27.992,13.423,https://pubs.acs.org/doi/10.1021/acs.jmedchem.2c00991,Uses non-normalized EF
bcl2,RTMScore/GlideSP,,0.58,0.084,,,,,,4.339,2.337,0.996,https://pubs.acs.org/doi/10.1021/acs.jmedchem.2c00991,Uses non-normalized EF
braf,RTMScore/GlideSP,,0.89,0.429,,,,,,17.67,11.893,9.125,https://pubs.acs.org/doi/10.1021/acs.jmedchem.2c00991,Uses non-normalized EF
catl,RTMScore/GlideSP,,0.68,0.112,,,,,,0,2.369,2.981,https://pubs.acs.org/doi/10.1021/acs.jmedchem.2c00991,Uses non-normalized EF
cdk2,RTMScore/GlideSP,,0.859,0.636,,,,,,20.496,20.496,10.76,https://pubs.acs.org/doi/10.1021/acs.jmedchem.2c00991,Uses non-normalized EF
cox1,RTMScore/GlideSP,,0.7,0.448,,,,,,19.179,16.782,5.552,https://pubs.acs.org/doi/10.1021/acs.jmedchem.2c00991,Uses non-normalized EF
cox2,RTMScore/GlideSP,,0.909,0.794,,,,,,13.849,17.952,12.346,https://pubs.acs.org/doi/10.1021/acs.jmedchem.2c00991,Uses non-normalized EF
ctsk,RTMScore/GlideSP,,0.722,0.391,,,,,,21.964,11.827,4.96,https://pubs.acs.org/doi/10.1021/acs.jmedchem.2c00991,Uses non-normalized EF
cyp2a6,RTMScore/GlideSP,,0.571,0.001,,,,,,0,0,0,https://pubs.acs.org/doi/10.1021/acs.jmedchem.2c00991,Uses non-normalized EF
dhfr,RTMScore/GlideSP,,0.83,0.788,,,,,,30.425,28.085,11.472,https://pubs.acs.org/doi/10.1021/acs.jmedchem.2c00991,Uses non-normalized EF
egfr,RTMScore/GlideSP,,0.813,0.672,,,,,,26.462,21.373,9.11,https://pubs.acs.org/doi/10.1021/acs.jmedchem.2c00991,Uses non-normalized EF
ephb4,RTMScore/GlideSP,,0.841,0.737,,,,,,31.179,28.781,9.201,https://pubs.acs.org/doi/10.1021/acs.jmedchem.2c00991,Uses non-normalized EF
erbb2,RTMScore/GlideSP,,0.993,1.051,,,,,,29.425,29.425,19.45,https://pubs.acs.org/doi/10.1021/acs.jmedchem.2c00991,Uses non-normalized EF
er-beta,RTMScore/GlideSP,,0.909,0.902,,,,,,28.448,28.448,11.515,https://pubs.acs.org/doi/10.1021/acs.jmedchem.2c00991,Uses non-normalized EF
fgfr1,RTMScore/GlideSP,,0.9,0.779,,,,,,30.333,30.333,10.617,https://pubs.acs.org/doi/10.1021/acs.jmedchem.2c00991,Uses non-normalized EF
fkbp1a,RTMScore/GlideSP,,0.692,0.789,,,,,,32.342,29.854,9.911,https://pubs.acs.org/doi/10.1021/acs.jmedchem.2c00991,Uses non-normalized EF
fxa,RTMScore/GlideSP,,0.878,0.875,,,,,,30.538,27.994,12.724,https://pubs.acs.org/doi/10.1021/acs.jmedchem.2c00991,Uses non-normalized EF
gba,RTMScore/GlideSP,,0.425,0.166,,,,,,8.821,4.75,1.992,https://pubs.acs.org/doi/10.1021/acs.jmedchem.2c00991,Uses non-normalized EF
gr,RTMScore/GlideSP,,0.523,0.252,,,,,,17.443,9.392,1.969,https://pubs.acs.org/doi/10.1021/acs.jmedchem.2c00991,Uses non-normalized EF
gsk3b,RTMScore/GlideSP,,0.861,0.661,,,,,,26.418,23.708,8.084,https://pubs.acs.org/doi/10.1021/acs.jmedchem.2c00991,Uses non-normalized EF
hdac2,RTMScore/GlideSP,,0.729,0.264,,,,,,12.921,9.277,3.46,https://pubs.acs.org/doi/10.1021/acs.jmedchem.2c00991,Uses non-normalized EF
hdac8,RTMScore/GlideSP,,0.54,0,,,,,,0,0,0,https://pubs.acs.org/doi/10.1021/acs.jmedchem.2c00991,Uses non-normalized EF
hiv1pr,RTMScore/GlideSP,,0.781,0.752,,,,,,34.457,31.807,10.733,https://pubs.acs.org/doi/10.1021/acs.jmedchem.2c00991,Uses non-normalized EF
hiv1rt,RTMScore/GlideSP,,0.683,0.282,,,,,,14.085,10.112,3.771,https://pubs.acs.org/doi/10.1021/acs.jmedchem.2c00991,Uses non-normalized EF
hmgr,RTMScore/GlideSP,,0.987,1.037,,,,,,30.9,30.9,18.44,https://pubs.acs.org/doi/10.1021/acs.jmedchem.2c00991,Uses non-normalized EF
hsp90,RTMScore/GlideSP,,0.77,0.683,,,,,,30.325,23.327,10.44,https://pubs.acs.org/doi/10.1021/acs.jmedchem.2c00991,Uses non-normalized EF
igf1r,RTMScore/GlideSP,,0.551,0.325,,,,,,20.211,10.105,3.136,https://pubs.acs.org/doi/10.1021/acs.jmedchem.2c00991,Uses non-normalized EF
inha,RTMScore/GlideSP,,0.616,0.029,,,,,,0,0,0.989,https://pubs.acs.org/doi/10.1021/acs.jmedchem.2c00991,Uses non-normalized EF
itk,RTMScore/GlideSP,,0.638,0.146,,,,,,4.343,4.677,1.993,https://pubs.acs.org/doi/10.1021/acs.jmedchem.2c00991,Uses non-normalized EF
jak3,RTMScore/GlideSP,,0.879,0.738,,,,,,30.692,25.577,11.254,https://pubs.acs.org/doi/10.1021/acs.jmedchem.2c00991,Uses non-normalized EF
jnk1,RTMScore/GlideSP,,0.723,0.575,,,,,,31.368,26.14,6.274,https://pubs.acs.org/doi/10.1021/acs.jmedchem.2c00991,Uses non-normalized EF
jnk2,RTMScore/GlideSP,,0.476,0.448,,,,,,29.667,17.306,4.092,https://pubs.acs.org/doi/10.1021/acs.jmedchem.2c00991,Uses non-normalized EF
jnk3,RTMScore/GlideSP,,0.823,0.719,,,,,,26.593,23.866,9.664,https://pubs.acs.org/doi/10.1021/acs.jmedchem.2c00991,Uses non-normalized EF
kif11,RTMScore/GlideSP,,0.882,0.15,,,,,,4.35,2.342,3.494,https://pubs.acs.org/doi/10.1021/acs.jmedchem.2c00991,Uses non-normalized EF
lck,RTMScore/GlideSP,,0.773,0.789,,,,,,30.769,28.205,11.795,https://pubs.acs.org/doi/10.1021/acs.jmedchem.2c00991,Uses non-normalized EF
mdm2,RTMScore/GlideSP,,0.865,0.715,,,,,,33.222,27.685,12.181,https://pubs.acs.org/doi/10.1021/acs.jmedchem.2c00991,Uses non-normalized EF
mk2,RTMScore/GlideSP,,0.864,0.557,,,,,,26.306,18.414,9.096,https://pubs.acs.org/doi/10.1021/acs.jmedchem.2c00991,Uses non-normalized EF
mmp2,RTMScore/GlideSP,,0.516,0,,,,,,0,0,0,https://pubs.acs.org/doi/10.1021/acs.jmedchem.2c00991,Uses non-normalized EF
na,RTMScore/GlideSP,,0.999,1.059,,,,,,30.925,30.925,19.453,https://pubs.acs.org/doi/10.1021/acs.jmedchem.2c00991,Uses non-normalized EF
p38-alpha,RTMScore/GlideSP,,0.774,0.839,,,,,,30.575,28.223,12.329,https://pubs.acs.org/doi/10.1021/acs.jmedchem.2c00991,Uses non-normalized EF
parp-1,RTMScore/GlideSP,,0.969,1.003,,,,,,30.15,30.15,17.299,https://pubs.acs.org/doi/10.1021/acs.jmedchem.2c00991,Uses non-normalized EF
pde4b,RTMScore/GlideSP,,0.838,0.373,,,,,,17.978,12.101,6.597,https://pubs.acs.org/doi/10.1021/acs.jmedchem.2c00991,Uses non-normalized EF
pde5,RTMScore/GlideSP,,0.76,0.507,,,,,,27.632,17.358,7.279,https://pubs.acs.org/doi/10.1021/acs.jmedchem.2c00991,Uses non-normalized EF
pdk1,RTMScore/GlideSP,,0.971,0.983,,,,,,31.553,31.553,17.354,https://pubs.acs.org/doi/10.1021/acs.jmedchem.2c00991,Uses non-normalized EF
pi3kg,RTMScore/GlideSP,,0.922,0.839,,,,,,30.744,30.744,12.81,https://pubs.acs.org/doi/10.1021/acs.jmedchem.2c00991,Uses non-normalized EF
pim-1,RTMScore/GlideSP,,0.932,0.59,,,,,,13.22,16.609,12.642,https://pubs.acs.org/doi/10.1021/acs.jmedchem.2c00991,Uses non-normalized EF
pim-2,RTMScore/GlideSP,,0.903,0.378,,,,,,8.821,11.874,10.122,https://pubs.acs.org/doi/10.1021/acs.jmedchem.2c00991,Uses non-normalized EF
pnp,RTMScore/GlideSP,,0.732,0.786,,,,,,30.725,30.725,8.92,https://pubs.acs.org/doi/10.1021/acs.jmedchem.2c00991,Uses non-normalized EF
ppara,RTMScore/GlideSP,,0.703,0.664,,,,,,28.974,21.731,8.641,https://pubs.acs.org/doi/10.1021/acs.jmedchem.2c00991,Uses non-normalized EF
pparg,RTMScore/GlideSP,,0.72,0.279,,,,,,9.442,7.081,4.472,https://pubs.acs.org/doi/10.1021/acs.jmedchem.2c00991,Uses non-normalized EF
pr,RTMScore/GlideSP,,0.675,0.215,,,,,,9.743,7.971,2.81,https://pubs.acs.org/doi/10.1021/acs.jmedchem.2c00991,Uses non-normalized EF
prkcq,RTMScore/GlideSP,,0.87,0.401,,,,,,10.474,10.474,10.997,https://pubs.acs.org/doi/10.1021/acs.jmedchem.2c00991,Uses non-normalized EF
pygl-in,RTMScore/GlideSP,,0.911,0.955,,,,,,30.8,30.8,15.4,https://pubs.acs.org/doi/10.1021/acs.jmedchem.2c00991,Uses non-normalized EF
pygl-out,RTMScore/GlideSP,,0.739,0.428,,,,,,17.614,14.227,6.96,https://pubs.acs.org/doi/10.1021/acs.jmedchem.2c00991,Uses non-normalized EF
qpct,RTMScore/GlideSP,,0.84,0.968,,,,,,31,31,15,https://pubs.acs.org/doi/10.1021/acs.jmedchem.2c00991,Uses non-normalized EF
rock-1,RTMScore/GlideSP,,0.751,0.507,,,,,,22.051,16.623,7.591,https://pubs.acs.org/doi/10.1021/acs.jmedchem.2c00991,Uses non-normalized EF
rxr,RTMScore/GlideSP,,0.989,1.063,,,,,,24.789,24.789,18.076,https://pubs.acs.org/doi/10.1021/acs.jmedchem.2c00991,Uses non-normalized EF
sars-hcov,RTMScore/GlideSP,,0.614,0.109,,,,,,4.399,4.738,2.019,https://pubs.acs.org/doi/10.1021/acs.jmedchem.2c00991,Uses non-normalized EF
sirt2,RTMScore/GlideSP,,0.52,0.006,,,,,,0,0,0.999,https://pubs.acs.org/doi/10.1021/acs.jmedchem.2c00991,Uses non-normalized EF
src,RTMScore/GlideSP,,0.68,0.643,,,,,,26.659,23.925,8.158,https://pubs.acs.org/doi/10.1021/acs.jmedchem.2c00991,Uses non-normalized EF
thrombin,RTMScore/GlideSP,,0.94,0.932,,,,,,31.737,29.296,16.129,https://pubs.acs.org/doi/10.1021/acs.jmedchem.2c00991,Uses non-normalized EF
tie2,RTMScore/GlideSP,,0.607,0.609,,,,,,30.615,25.513,6.123,https://pubs.acs.org/doi/10.1021/acs.jmedchem.2c00991,Uses non-normalized EF
tk,RTMScore/GlideSP,,0.742,0.804,,,,,,26.421,26.083,11.932,https://pubs.acs.org/doi/10.1021/acs.jmedchem.2c00991,Uses non-normalized EF
tp,RTMScore/GlideSP,,0.711,0.645,,,,,,26.12,22.795,7.375,https://pubs.acs.org/doi/10.1021/acs.jmedchem.2c00991,Uses non-normalized EF
tpa,RTMScore/GlideSP,,0.896,0.983,,,,,,30.579,30.579,15.03,https://pubs.acs.org/doi/10.1021/acs.jmedchem.2c00991,Uses non-normalized EF
ts,RTMScore/GlideSP,,0.66,0.325,,,,,,17.343,9.338,4.975,https://pubs.acs.org/doi/10.1021/acs.jmedchem.2c00991,Uses non-normalized EF
upa,RTMScore/GlideSP,,0.743,0.842,,,,,,29.875,29.875,9.958,https://pubs.acs.org/doi/10.1021/acs.jmedchem.2c00991,Uses non-normalized EF
vegfr1,RTMScore/GlideSP,,0.694,0.538,,,,,,19.842,22.322,8.355,https://pubs.acs.org/doi/10.1021/acs.jmedchem.2c00991,Uses non-normalized EF
vegfr2,RTMScore/GlideSP,,0.858,0.598,,,,,,22.876,27.099,7.35,https://pubs.acs.org/doi/10.1021/acs.jmedchem.2c00991,Uses non-normalized EF
11betahsd1,Surflex,,0.737,0.215,,,,,,4.43,9.54,4.5,https://pubs.acs.org/doi/10.1021/acs.jmedchem.2c00991,Uses non-normalized EF
17betahsd1,Surflex,,0.483,0.053,,,,,,4.43,2.38,1,https://pubs.acs.org/doi/10.1021/acs.jmedchem.2c00991,Uses non-normalized EF
a2a,Surflex,,0.69,0.378,,,,,,17.71,16.69,4,https://pubs.acs.org/doi/10.1021/acs.jmedchem.2c00991,Uses non-normalized EF
ace,Surflex,,0.704,0.243,,,,,,4.43,9.54,5.5,https://pubs.acs.org/doi/10.1021/acs.jmedchem.2c00991,Uses non-normalized EF
ace2,Surflex,,0.757,0.187,,,,,,4.43,4.77,4,https://pubs.acs.org/doi/10.1021/acs.jmedchem.2c00991,Uses non-normalized EF
ache,Surflex,,0.655,0.186,,,,,,0,2.38,6,https://pubs.acs.org/doi/10.1021/acs.jmedchem.2c00991,Uses non-normalized EF
adam17,Surflex,,0.766,0.251,,,,,,13.29,7.15,5,https://pubs.acs.org/doi/10.1021/acs.jmedchem.2c00991,Uses non-normalized EF
adrb2,Surflex,,0.863,0.301,,,,,,8.86,11.92,5,https://pubs.acs.org/doi/10.1021/acs.jmedchem.2c00991,Uses non-normalized EF
akt1,Surflex,,0.679,0.358,,,,,,17.71,11.92,5.5,https://pubs.acs.org/doi/10.1021/acs.jmedchem.2c00991,Uses non-normalized EF
alr2,Surflex,,0.605,0.112,,,,,,4.43,2.38,3.5,https://pubs.acs.org/doi/10.1021/acs.jmedchem.2c00991,Uses non-normalized EF
ar,Surflex,,0.716,0.172,,,,,,4.43,4.77,4.5,https://pubs.acs.org/doi/10.1021/acs.jmedchem.2c00991,Uses non-normalized EF
aurka,Surflex,,0.75,0.108,,,,,,4.43,2.38,3.5,https://pubs.acs.org/doi/10.1021/acs.jmedchem.2c00991,Uses non-normalized EF
aurkb,Surflex,,0.696,0.166,,,,,,4.43,2.38,3.5,https://pubs.acs.org/doi/10.1021/acs.jmedchem.2c00991,Uses non-normalized EF
bcl2,Surflex,,0.53,0.076,,,,,,0,2.38,1.5,https://pubs.acs.org/doi/10.1021/acs.jmedchem.2c00991,Uses non-normalized EF
braf,Surflex,,0.626,0.033,,,,,,0,0,1,https://pubs.acs.org/doi/10.1021/acs.jmedchem.2c00991,Uses non-normalized EF
catl,Surflex,,0.717,0.058,,,,,,4.43,2.38,2,https://pubs.acs.org/doi/10.1021/acs.jmedchem.2c00991,Uses non-normalized EF
cdk2,Surflex,,0.659,0.179,,,,,,8.86,4.77,4,https://pubs.acs.org/doi/10.1021/acs.jmedchem.2c00991,Uses non-normalized EF
cox1,Surflex,,0.717,0.281,,,,,,8.84,11.89,5.99,https://pubs.acs.org/doi/10.1021/acs.jmedchem.2c00991,Uses non-normalized EF
cox2,Surflex,,0.88,0.18,,,,,,4.43,2.38,6,https://pubs.acs.org/doi/10.1021/acs.jmedchem.2c00991,Uses non-normalized EF
ctsk,Surflex,,0.725,0.136,,,,,,4.43,4.77,2.5,https://pubs.acs.org/doi/10.1021/acs.jmedchem.2c00991,Uses non-normalized EF
cyp2a6,Surflex,,0.637,0.001,,,,,,0,0,0,https://pubs.acs.org/doi/10.1021/acs.jmedchem.2c00991,Uses non-normalized EF
dhfr,Surflex,,0.665,0.234,,,,,,8.86,7.15,4.5,https://pubs.acs.org/doi/10.1021/acs.jmedchem.2c00991,Uses non-normalized EF
egfr,Surflex,,0.578,0.121,,,,,,4.43,4.77,2,https://pubs.acs.org/doi/10.1021/acs.jmedchem.2c00991,Uses non-normalized EF
ephb4,Surflex,,0.69,0.192,,,,,,8.86,7.15,3,https://pubs.acs.org/doi/10.1021/acs.jmedchem.2c00991,Uses non-normalized EF
erbb2,Surflex,,0.87,0.674,,,,,,26.57,21.46,11.5,https://pubs.acs.org/doi/10.1021/acs.jmedchem.2c00991,Uses non-normalized EF
er-beta,Surflex,,0.7,0.317,,,,,,8.86,9.54,6,https://pubs.acs.org/doi/10.1021/acs.jmedchem.2c00991,Uses non-normalized EF
fgfr1,Surflex,,0.73,0.137,,,,,,4.43,4.77,3.5,https://pubs.acs.org/doi/10.1021/acs.jmedchem.2c00991,Uses non-normalized EF
fkbp1a,Surflex,,0.685,0.152,,,,,,4.43,4.77,3,https://pubs.acs.org/doi/10.1021/acs.jmedchem.2c00991,Uses non-normalized EF
fxa,Surflex,,0.871,0.571,,,,,,26.57,19.08,8.5,https://pubs.acs.org/doi/10.1021/acs.jmedchem.2c00991,Uses non-normalized EF
gba,Surflex,,0.537,0.213,,,,,,13.29,7.15,3,https://pubs.acs.org/doi/10.1021/acs.jmedchem.2c00991,Uses non-normalized EF
gr,Surflex,,0.578,0.028,,,,,,0,0,1.5,https://pubs.acs.org/doi/10.1021/acs.jmedchem.2c00991,Uses non-normalized EF
gsk3b,Surflex,,0.621,0.218,,,,,,8.86,9.54,2.5,https://pubs.acs.org/doi/10.1021/acs.jmedchem.2c00991,Uses non-normalized EF
hdac2,Surflex,,0.766,0.417,,,,,,17.71,16.69,5.5,https://pubs.acs.org/doi/10.1021/acs.jmedchem.2c00991,Uses non-normalized EF
hdac8,Surflex,,0.572,0.145,,,,,,4.43,7.15,2,https://pubs.acs.org/doi/10.1021/acs.jmedchem.2c00991,Uses non-normalized EF
hiv1pr,Surflex,,0.823,0.242,,,,,,4.43,4.77,6.5,https://pubs.acs.org/doi/10.1021/acs.jmedchem.2c00991,Uses non-normalized EF
hiv1rt,Surflex,,0.572,0.039,,,,,,0,0,1,https://pubs.acs.org/doi/10.1021/acs.jmedchem.2c00991,Uses non-normalized EF
hmgr,Surflex,,0.99,1.044,,,,,,31,31,19,https://pubs.acs.org/doi/10.1021/acs.jmedchem.2c00991,Uses non-normalized EF
hsp90,Surflex,,0.614,0.032,,,,,,0,0,1.5,https://pubs.acs.org/doi/10.1021/acs.jmedchem.2c00991,Uses non-normalized EF
igf1r,Surflex,,0.586,0.021,,,,,,0,0,0.5,https://pubs.acs.org/doi/10.1021/acs.jmedchem.2c00991,Uses non-normalized EF
inha,Surflex,,0.607,0.246,,,,,,13.29,9.54,4.5,https://pubs.acs.org/doi/10.1021/acs.jmedchem.2c00991,Uses non-normalized EF
itk,Surflex,,0.484,0.045,,,,,,0,0,1,https://pubs.acs.org/doi/10.1021/acs.jmedchem.2c00991,Uses non-normalized EF
jak3,Surflex,,0.726,0.115,,,,,,4.43,4.77,2.5,https://pubs.acs.org/doi/10.1021/acs.jmedchem.2c00991,Uses non-normalized EF
jnk1,Surflex,,0.521,0.073,,,,,,4.43,2.38,0.5,https://pubs.acs.org/doi/10.1021/acs.jmedchem.2c00991,Uses non-normalized EF
jnk2,Surflex,,0.583,0.306,,,,,,17.71,11.92,2.5,https://pubs.acs.org/doi/10.1021/acs.jmedchem.2c00991,Uses non-normalized EF
jnk3,Surflex,,0.628,0.074,,,,,,0,2.38,1.5,https://pubs.acs.org/doi/10.1021/acs.jmedchem.2c00991,Uses non-normalized EF
kif11,Surflex,,0.799,0.219,,,,,,8.86,9.54,3,https://pubs.acs.org/doi/10.1021/acs.jmedchem.2c00991,Uses non-normalized EF
lck,Surflex,,0.694,0.274,,,,,,8.86,7.15,4.5,https://pubs.acs.org/doi/10.1021/acs.jmedchem.2c00991,Uses non-normalized EF
mdm2,Surflex,,0.489,0.051,,,,,,0,2.38,2,https://pubs.acs.org/doi/10.1021/acs.jmedchem.2c00991,Uses non-normalized EF
mk2,Surflex,,0.639,0.01,,,,,,0,0,1.5,https://pubs.acs.org/doi/10.1021/acs.jmedchem.2c00991,Uses non-normalized EF
mmp2,Surflex,,0.554,0.166,,,,,,8.86,7.15,2.5,https://pubs.acs.org/doi/10.1021/acs.jmedchem.2c00991,Uses non-normalized EF
na,Surflex,,0.794,0.293,,,,,,13.29,9.54,4.5,https://pubs.acs.org/doi/10.1021/acs.jmedchem.2c00991,Uses non-normalized EF
p38-alpha,Surflex,,0.606,0.119,,,,,,4.43,4.77,1,https://pubs.acs.org/doi/10.1021/acs.jmedchem.2c00991,Uses non-normalized EF
parp-1,Surflex,,0.768,0.436,,,,,,13.29,14.31,7,https://pubs.acs.org/doi/10.1021/acs.jmedchem.2c00991,Uses non-normalized EF
pde4b,Surflex,,0.651,0.077,,,,,,0,2.38,1,https://pubs.acs.org/doi/10.1021/acs.jmedchem.2c00991,Uses non-normalized EF
pde5,Surflex,,0.675,0.1,,,,,,4.43,2.38,2,https://pubs.acs.org/doi/10.1021/acs.jmedchem.2c00991,Uses non-normalized EF
pdk1,Surflex,,0.725,0.339,,,,,,17.71,11.92,4.5,https://pubs.acs.org/doi/10.1021/acs.jmedchem.2c00991,Uses non-normalized EF
pi3kg,Surflex,,0.725,0.166,,,,,,8.86,4.77,3.5,https://pubs.acs.org/doi/10.1021/acs.jmedchem.2c00991,Uses non-normalized EF
pim-1,Surflex,,0.609,0.248,,,,,,13.29,9.54,4,https://pubs.acs.org/doi/10.1021/acs.jmedchem.2c00991,Uses non-normalized EF
pim-2,Surflex,,0.585,0.118,,,,,,0,4.77,3,https://pubs.acs.org/doi/10.1021/acs.jmedchem.2c00991,Uses non-normalized EF
pnp,Surflex,,0.718,0.522,,,,,,22.14,19.08,7,https://pubs.acs.org/doi/10.1021/acs.jmedchem.2c00991,Uses non-normalized EF
ppara,Surflex,,0.78,0.219,,,,,,13.29,7.15,4,https://pubs.acs.org/doi/10.1021/acs.jmedchem.2c00991,Uses non-normalized EF
pparg,Surflex,,0.673,0.331,,,,,,13.29,9.54,5,https://pubs.acs.org/doi/10.1021/acs.jmedchem.2c00991,Uses non-normalized EF
pr,Surflex,,0.58,0.116,,,,,,0,4.77,3.5,https://pubs.acs.org/doi/10.1021/acs.jmedchem.2c00991,Uses non-normalized EF
prkcq,Surflex,,0.725,0.191,,,,,,4.43,4.77,4.5,https://pubs.acs.org/doi/10.1021/acs.jmedchem.2c00991,Uses non-normalized EF
pygl-in,Surflex,,0.691,0.05,,,,,,0,0,3,https://pubs.acs.org/doi/10.1021/acs.jmedchem.2c00991,Uses non-normalized EF
pygl-out,Surflex,,0.792,0.472,,,,,,22.14,16.69,7.5,https://pubs.acs.org/doi/10.1021/acs.jmedchem.2c00991,Uses non-normalized EF
qpct,Surflex,,0.421,0,,,,,,0,0,0,https://pubs.acs.org/doi/10.1021/acs.jmedchem.2c00991,Uses non-normalized EF
rock-1,Surflex,,0.629,0.122,,,,,,4.43,2.38,3,https://pubs.acs.org/doi/10.1021/acs.jmedchem.2c00991,Uses non-normalized EF
rxr,Surflex,,0.952,0.875,,,,,,31,31,15.5,https://pubs.acs.org/doi/10.1021/acs.jmedchem.2c00991,Uses non-normalized EF
sars-hcov,Surflex,,0.439,0.001,,,,,,0,0,0,https://pubs.acs.org/doi/10.1021/acs.jmedchem.2c00991,Uses non-normalized EF
sirt2,Surflex,,0.524,0.082,,,,,,4.43,2.38,2,https://pubs.acs.org/doi/10.1021/acs.jmedchem.2c00991,Uses non-normalized EF
src,Surflex,,0.586,0.226,,,,,,13.29,7.15,3,https://pubs.acs.org/doi/10.1021/acs.jmedchem.2c00991,Uses non-normalized EF
thrombin,Surflex,,0.81,0.465,,,,,,13.29,14.31,8,https://pubs.acs.org/doi/10.1021/acs.jmedchem.2c00991,Uses non-normalized EF
tie2,Surflex,,0.645,0.298,,,,,,13.29,9.54,4.5,https://pubs.acs.org/doi/10.1021/acs.jmedchem.2c00991,Uses non-normalized EF
tk,Surflex,,0.781,0.614,,,,,,31,23.85,8,https://pubs.acs.org/doi/10.1021/acs.jmedchem.2c00991,Uses non-normalized EF
tp,Surflex,,0.511,0.024,,,,,,0,0,1,https://pubs.acs.org/doi/10.1021/acs.jmedchem.2c00991,Uses non-normalized EF
tpa,Surflex,,0.768,0.257,,,,,,8.86,7.15,5,https://pubs.acs.org/doi/10.1021/acs.jmedchem.2c00991,Uses non-normalized EF
ts,Surflex,,0.666,0.177,,,,,,4.43,7.15,4.5,https://pubs.acs.org/doi/10.1021/acs.jmedchem.2c00991,Uses non-normalized EF
upa,Surflex,,0.683,0.564,,,,,,26.57,19.08,9.5,https://pubs.acs.org/doi/10.1021/acs.jmedchem.2c00991,Uses non-normalized EF
vegfr1,Surflex,,0.659,0.187,,,,,,8.86,7.15,3.5,https://pubs.acs.org/doi/10.1021/acs.jmedchem.2c00991,Uses non-normalized EF
vegfr2,Surflex,,0.557,0.1,,,,,,4.43,4.77,2,https://pubs.acs.org/doi/10.1021/acs.jmedchem.2c00991,Uses non-normalized EF
11betahsd1,TankBind,,0.338598418,0.002484784,,,,,,0,0,0.507758621,,
17betahsd1,TankBind,,0.584856782,0.099451633,,,,,,5.1125,2.55625,2.01147541,,
a2a,TankBind,,0.514204545,0.106456825,,,,,,5.116666667,2.558333333,1.509836066,,
ace,TankBind,,0.905585774,0.395035657,,,,,,10.29166667,12.86458333,9.110655738,,
ace2,TankBind,,0.266075897,1.01E-16,,,,,,0,0,0,,
ache,TankBind,,0.773793395,0.09979372,,,,,,0,2.54375,5.004098361,,
adam17,TankBind,,0.882226891,0.710945324,,,,,,25.625,20.5,12.09836066,,
adrb2,TankBind,,0.486543654,0.063389138,,,,,,0,0,2.524122807,,
akt1,TankBind,,0.755358705,0.223721873,,,,,,0,8.065909091,5.012711864,,
alr2,TankBind,,0.45368887,0.007609713,,,,,,0,0,0.502459016,,
ar,TankBind,,0.615480132,0.081229825,,,,,,0,0,1.509375,,
aurka,TankBind,,0.488215201,0.074154331,,,,,,5.045833333,2.522916667,0.504583333,,
aurkb,TankBind,,0.778042553,0.189353182,,,,,,5.0625,7.59375,3.54375,,
bcl2,TankBind,,0.68691885,0.077797762,,,,,,0,2.547916667,4.009836066,,
braf,TankBind,,0.888717949,0.27245409,,,,,,5.041666667,7.5625,6.05,,
catl,TankBind,,0.222024308,1.26E-06,,,,,,0,0,0,,
cdk2,TankBind,,0.581163495,0.030019019,,,,,,0,0,1.013559322,,
cox1,TankBind,,0.720212766,0.162246052,,,,,,0,2.547727273,4.504017857,,
cox2,TankBind,,0.687408313,0.0819487,,,,,,0,2.68125,1.021428571,,
ctsk,TankBind,,0.682761506,0.006262217,,,,,,0,0,1.012295082,,
cyp2a6,TankBind,,0.593945539,0.119015708,,,,,,0,2.508333333,3.511666667,,
dhfr,TankBind,,0.498785895,0.09104716,,,,,,5.1,2.55,1.504918033,,
egfr,TankBind,,0.606174957,0.081692399,,,,,,0,2.5125,1.5075,,
ephb4,TankBind,,0.619165247,0.003028986,,,,,,0,0,0.505833333,,
erbb2,TankBind,,0.810161713,0.227907521,,,,,,11.84,8.072727273,4.013559322,,
er-beta,TankBind,,0.76190625,0.576277665,,,,,,15.75,13.125,5.5,,
fgfr1,TankBind,,0.573946444,0.0478282,,,,,,0,0,2.032758621,,
fkbp1a,TankBind,,0.705155071,0.179661834,,,,,,10.275,7.70625,2.526639344,,
fxa,TankBind,,0.715944541,0.158887792,,,,,,5.97,2.713636364,3.541525424,,
gba,TankBind,,0.592740586,0.031596265,,,,,,0,0,0.506147541,,
gr,TankBind,,0.694611158,0.006527165,,,,,,0,0,0.501229508,,
gsk3b,TankBind,,0.685977702,0.00156582,,,,,,0,0,0,,
hdac2,TankBind,,0.583666951,0.017457223,,,,,,0,0,1.5175,,
hdac8,TankBind,,0.415368509,0.004025425,,,,,,0,0,0.505737705,,
hiv1pr,TankBind,,0.834075488,0.340128289,,,,,,0,7.61875,8.126666667,,
hiv1rt,TankBind,,0.436980492,6.77E-05,,,,,,0,0,0,,
hmgr,TankBind,,0.923391813,0.484042019,,,,,,5.154166667,10.30833333,13.68811475,,
hsp90,TankBind,,0.61931431,0.007842325,,,,,,0,0,0.505833333,,
igf1r,TankBind,,0.753161175,0.113864432,,,,,,0,2.643181818,5.012931034,,
inha,TankBind,,0.273080169,1.05E-12,,,,,,0,0,0,,
itk,TankBind,,0.655496604,0.053128082,,,,,,0,2.5375,1.015,,
jak3,TankBind,,0.64124892,0.028333897,,,,,,0,0,1.521610169,,
jnk1,TankBind,,0.6391717,0.003913163,,,,,,0,0,0.508050847,,
jnk2,TankBind,,0.508038869,0.000439264,,,,,,0,0,0,,
jnk3,TankBind,,0.583504274,0.077187944,,,,,,0,2.520833333,1.5125,,
kif11,TankBind,,0.668498717,0.144073118,,,,,,5.0375,5.0375,2.51875,,
lck,TankBind,,0.597293814,0.005418366,,,,,,0,0,0.501666667,,
mdm2,TankBind,,0.595185665,0.002189137,,,,,,0,0,0.507627119,,
mk2,TankBind,,0.816792369,0.298184516,,,,,,17.505,7.956818182,5.533189655,,
mmp2,TankBind,,0.915488215,0.682475407,,,,,,20.46666667,23.025,13.58852459,,
na,TankBind,,0.27881568,7.78E-09,,,,,,0,0,0,,
p38-alpha,TankBind,,0.818506768,0.204984877,,,,,,10.18333333,7.6375,3.505737705,,
parp-1,TankBind,,0.713519313,0.119008385,,,,,,0,5.020833333,2.510416667,,
pde4b,TankBind,,0.470826342,0.013435755,,,,,,0,0,0.504918033,,
pde5,TankBind,,0.69665404,0.119150579,,,,,,5.116666667,5.116666667,2.013114754,,
pdk1,TankBind,,0.850299658,0.298676073,,,,,,5.033333333,5.033333333,6.04,,
pi3kg,TankBind,,0.452796755,0.118035604,,,,,,0,5.045833333,2.018333333,,
pim-1,TankBind,,0.445936698,1.69E-05,,,,,,0,0,0,,
pim-2,TankBind,,0.480410607,0.035948766,,,,,,0,0,1.0075,,
pnp,TankBind,,0.301529757,0.002744552,,,,,,0,0,0.505327869,,
ppara,TankBind,,0.170977273,6.69E-10,,,,,,0,0,0,,
pparg,TankBind,,0.437409091,0.003494714,,,,,,0,0,0.5,,
pr,TankBind,,0.783375252,0.349306914,,,,,,15.51,10.34,4.054901961,,
prkcq,TankBind,,0.704152324,0.055519294,,,,,,0,2.504166667,1.5025,,
pygl-in,TankBind,,0.516002517,0.037983398,,,,,,0,2.566666667,0.504918033,,
pygl-out,TankBind,,0.505037625,0.000592826,,,,,,0,0,0,,
qpct,TankBind,,0.649770451,0.011492081,,,,,,0,0,1.014754098,,
rock-1,TankBind,,0.401670951,0.006283816,,,,,,0,0,0.502916667,,
rxr,TankBind,,0.794414317,0.259181934,,,,,,12.025,5.344444444,5.010416667,,
sars-hcov,TankBind,,0.436426571,4.99E-06,,,,,,0,0,0,,
sirt2,TankBind,,0.457895851,0.000215946,,,,,,0,0,0,,
src,TankBind,,0.513993174,0.018738945,,,,,,0,0,2.02,,
thrombin,TankBind,,0.562936914,0.053693154,,,,,,0,0,1.51625,,
tie2,TankBind,,0.792148404,0.258236525,,,,,,17.985,8.175,5.080508475,,
tk,TankBind,,0.513702929,2.62E-05,,,,,,0,0,0,,
tp,TankBind,,0.476621074,0.024901166,,,,,,0,0,0.503431373,,
tpa,TankBind,,0.43069902,0.006822614,,,,,,0,0,0.501293103,,
ts,TankBind,,0.656716102,0.152842018,,,,,,5.083333333,2.541666667,4,,
upa,TankBind,,0.671237024,0.05198997,,,,,,0,0,2.533898305,,
vegfr1,TankBind,,0.492477273,0.001869697,,,,,,0,0,0,,
vegfr2,TankBind,,0.504720576,0.004758406,,,,,,0,0,0.500409836,,
11betahsd1,TranformerCPI,,0.387390158,0.01724858,,,,,,0,0,1.015517241,,
17betahsd1,TranformerCPI,,0.405497051,8.36E-05,,,,,,0,0,0,,
a2a,TranformerCPI,,0.322348485,0.001211662,,,,,,0,0,0,,
ace,TranformerCPI,,0.322029289,1.10E-05,,,,,,0,0,0,,
ace2,TranformerCPI,,0.508069224,0.000391916,,,,,,0,0,0,,
ache,TranformerCPI,,0.459017782,6.57E-05,,,,,,0,0,0,,
adam17,TranformerCPI,,0.582142857,0.000186619,,,,,,0,0,0,,
adrb2,TranformerCPI,,0.544149415,0.039871783,,,,,,0,0,1.514473684,,
akt1,TranformerCPI,,0.784055118,0.283655715,,,,,,11.83,8.065909091,5.513983051,,
alr2,TranformerCPI,,0.539418212,0.152949503,,,,,,5.108333333,2.554166667,3.014754098,,
ar,TranformerCPI,,0.783567881,0.333231921,,,,,,10.73333333,5.366666667,3.01875,,
aurka,TranformerCPI,,0.510567891,0.036366839,,,,,,0,2.522916667,0.504583333,,
aurkb,TranformerCPI,,0.67193617,0.170157416,,,,,,5.0625,5.0625,4.55625,,
bcl2,TranformerCPI,,0.646682164,0.004835443,,,,,,0,0,1.002459016,,
braf,TranformerCPI,,0.69008547,0.142529246,,,,,,5.041666667,5.041666667,2.520833333,,
catl,TranformerCPI,,0.597485331,0.174274553,,,,,,5.1375,5.1375,3.537295082,,
cdk2,TranformerCPI,,0.521626298,0.155208019,,,,,,0,8.154545455,2.027118644,,
cox1,TranformerCPI,,0.560753932,0.044297817,,,,,,0,0,1.501339286,,
cox2,TranformerCPI,,0.65650978,0.053476524,,,,,,0,0,2.042857143,,
ctsk,TranformerCPI,,0.43460251,1.20E-14,,,,,,0,0,0,,
cyp2a6,TranformerCPI,,0.355214368,0.025204775,,,,,,0,0,0.501666667,,
dhfr,TranformerCPI,,0.515054899,0.059118666,,,,,,0,2.55,2.006557377,,
egfr,TranformerCPI,,0.745454545,0.202269973,,,,,,10.05,5.025,5.025,,
ephb4,TranformerCPI,,0.638287905,0.003134587,,,,,,0,0,0.505833333,,
erbb2,TranformerCPI,,0.717001748,0.261276926,,,,,,5.92,8.072727273,5.016949153,,
er-beta,TranformerCPI,,0.3475,8.61E-05,,,,,,0,0,0,,
fgfr1,TranformerCPI,,0.756562774,0.009616511,,,,,,0,0,0.508189655,,
fkbp1a,TranformerCPI,,0.272694887,6.13E-07,,,,,,0,0,0,,
fxa,TranformerCPI,,0.556087522,0.09743407,,,,,,5.97,2.713636364,1.011864407,,
gba,TranformerCPI,,0.620523013,0.202118239,,,,,,10.29166667,7.71875,2.530737705,,
gr,TranformerCPI,,0.760016906,0.512622856,,,,,,10.19166667,17.83541667,10.02459016,,
gsk3b,TranformerCPI,,0.560055746,0.056154791,,,,,,0,0,2.5125,,
hdac2,TranformerCPI,,0.46782368,0.01116465,,,,,,0,0,1.5175,,
hdac8,TranformerCPI,,0.479376047,0.014036161,,,,,,0,0,1.01147541,,
hiv1pr,TranformerCPI,,0.471522477,2.77E-07,,,,,,0,0,0,,
hiv1rt,TranformerCPI,,0.515606446,0.004401022,,,,,,0,0,0.507916667,,
hmgr,TranformerCPI,,0.522243108,0.052720988,,,,,,5.154166667,2.577083333,0.506967213,,
hsp90,TranformerCPI,,0.584625213,0.035103639,,,,,,0,0,1.5175,,
igf1r,TranformerCPI,,0.786464826,0.336079227,,,,,,5.815,10.57272727,6.015517241,,
inha,TranformerCPI,,0.191012658,1.66E-16,,,,,,0,0,0,,
itk,TranformerCPI,,0.56487691,8.31E-05,,,,,,0,0,0,,
jak3,TranformerCPI,,0.753867761,0.162318433,,,,,,11.97,5.440909091,3.043220339,,
jnk1,TranformerCPI,,0.607204487,0.047950645,,,,,,0,2.725,1.524152542,,
jnk2,TranformerCPI,,0.554527385,0.013543292,,,,,,0,0,0.505172414,,
jnk3,TranformerCPI,,0.536858974,0.011284757,,,,,,0,0,1.008333333,,
kif11,TranformerCPI,,0.381137725,1.13E-05,,,,,,0,0,0,,
lck,TranformerCPI,,0.65983677,0.047714977,,,,,,0,0,3.01,,
mdm2,TranformerCPI,,0.256519862,1.04E-12,,,,,,0,0,0,,
mk2,TranformerCPI,,0.621783496,0.050414491,,,,,,0,0,2.012068966,,
mmp2,TranformerCPI,,0.525399832,3.40E-05,,,,,,0,0,0,,
na,TranformerCPI,,0.315408674,1.55E-18,,,,,,0,0,0,,
p38-alpha,TranformerCPI,,0.455520305,0.003096045,,,,,,0,0,0.500819672,,
parp-1,TranformerCPI,,0.368690987,0.00246214,,,,,,0,0,0.502083333,,
pde4b,TranformerCPI,,0.609731544,0.000660839,,,,,,0,0,0,,
pde5,TranformerCPI,,0.616098485,0.069497051,,,,,,0,2.558333333,1.509836066,,
pdk1,TranformerCPI,,0.5328125,0.051644508,,,,,,0,2.516666667,2.013333333,,
pim-1,TranformerCPI,,0.488708298,0.022848989,,,,,,0,0,1.51125,,
pim-2,TranformerCPI,,0.583447391,0.022190896,,,,,,0,0,2.51875,,
pnp,TranformerCPI,,0.288663034,0.059274092,,,,,,5.1375,2.56875,1.515983607,,
ppara,TranformerCPI,,0.432227273,0.007785892,,,,,,0,0,0.5,,
pparg,TranformerCPI,,0.459340909,0.000957283,,,,,,0,0,0,,
pr,TranformerCPI,,0.632796781,0.242089106,,,,,,10.34,7.755,2.534313725,,
prkcq,TranformerCPI,,0.734703098,0.080473369,,,,,,0,0,4.5075,,
pygl-in,TranformerCPI,,0.326656879,0.001646726,,,,,,0,0,0.504918033,,
pygl-out,TranformerCPI,,0.475647993,2.56E-11,,,,,,0,0,0,,
qpct,TranformerCPI,,0.612813022,0.017639577,,,,,,0,0,1.522131148,,
rock-1,TranformerCPI,,0.441388175,0.056730582,,,,,,0,2.514583333,1.50875,,
rxr,TranformerCPI,,0.567814534,0.000908715,,,,,,0,0,0,,
sars-hcov,TranformerCPI,,0.450536852,0.002818783,,,,,,0,0,0.513675214,,
sirt2,TranformerCPI,,0.421740051,0.015569107,,,,,,0,0,0.500409836,,
src,TranformerCPI,,0.691744881,0.31305401,,,,,,15.15,10.1,4.545,,
thrombin,TranformerCPI,,0.560443308,0.045665382,,,,,,0,0,1.51625,,
tie2,TranformerCPI,,0.757722174,0.129773978,,,,,,0,5.45,3.556355932,,
tk,TranformerCPI,,0.408619247,1.12E-05,,,,,,0,0,0,,
tp,TranformerCPI,,0.384473151,0.000414265,,,,,,0,0,0,,
tpa,TranformerCPI,,0.595859305,0.007932694,,,,,,0,0,1.002586207,,
ts,TranformerCPI,,0.759597458,0.069037229,,,,,,0,2.541666667,2,,
upa,TranformerCPI,,0.524026817,0.007705543,,,,,,0,0,1.013559322,,
vegfr1,TranformerCPI,,0.551,0.069366558,,,,,,0,0,2,,
vegfr2,TranformerCPI,,0.72315834,0.061593929,,,,,,0,0,3.002459016,,
11betahsd1,ΔVinaRF20/GlideSP,,0.63,0.116,,,,,14.949,4.983,2.49,3.547,https://doi.org/10.1093/bib/bbaa070,Uses non-normalized EF
17betahsd1,ΔVinaRF20/GlideSP,,0.476,0.088,,,,,15.338,4.382,2.36,1.484,https://doi.org/10.1093/bib/bbaa070,Uses non-normalized EF
a2a,ΔVinaRF20/GlideSP,,0.537,0.001,,,,,0,0,0,0,https://doi.org/10.1093/bib/bbaa070,Uses non-normalized EF
ace,ΔVinaRF20/GlideSP,,0.421,0.062,,,,,0,4.361,2.35,0.985,https://doi.org/10.1093/bib/bbaa070,Uses non-normalized EF
ace2,ΔVinaRF20/GlideSP,,0.385,0,,,,,0,0,0,0,https://doi.org/10.1093/bib/bbaa070,Uses non-normalized EF
ache,ΔVinaRF20/GlideSP,,0.684,0.18,,,,,15.263,4.361,4.7,3.939,https://doi.org/10.1093/bib/bbaa070,Uses non-normalized EF
adam17,ΔVinaRF20/GlideSP,,0.568,0.257,,,,,0,8.607,9.27,3.951,https://doi.org/10.1093/bib/bbaa070,Uses non-normalized EF
adrb2,ΔVinaRF20/GlideSP,,0.621,0.088,,,,,14.375,4.792,2.4,2.478,https://doi.org/10.1093/bib/bbaa070,Uses non-normalized EF
akt1,ΔVinaRF20/GlideSP,,0.616,0.03,,,,,0,0,0,1.01,https://doi.org/10.1093/bib/bbaa070,Uses non-normalized EF
alr2,ΔVinaRF20/GlideSP,,0.544,0.069,,,,,0,4.929,2.46,0.986,https://doi.org/10.1093/bib/bbaa070,Uses non-normalized EF
ar,ΔVinaRF20/GlideSP,,0.823,0.554,,,,,22.464,16.848,12.84,7.02,https://doi.org/10.1093/bib/bbaa070,Uses non-normalized EF
aurka,ΔVinaRF20/GlideSP,,0.713,0.093,,,,,0,0,0,3.042,https://doi.org/10.1093/bib/bbaa070,Uses non-normalized EF
aurkb,ΔVinaRF20/GlideSP,,0.639,0.07,,,,,0,0,0,1.992,https://doi.org/10.1093/bib/bbaa070,Uses non-normalized EF
bcl2,ΔVinaRF20/GlideSP,,0.629,0.082,,,,,0,4.368,2.35,1.479,https://doi.org/10.1093/bib/bbaa070,Uses non-normalized EF
braf,ΔVinaRF20/GlideSP,,0.62,0.096,,,,,15.5,4.429,2.38,2.033,https://doi.org/10.1093/bib/bbaa070,Uses non-normalized EF
catl,ΔVinaRF20/GlideSP,,0.65,0.035,,,,,0,0,0,1.492,https://doi.org/10.1093/bib/bbaa070,Uses non-normalized EF
cdk2,ΔVinaRF20/GlideSP,,0.69,0.148,,,,,14.95,4.983,4.98,2.99,https://doi.org/10.1093/bib/bbaa070,Uses non-normalized EF
cox1,ΔVinaRF20/GlideSP,,0.656,0.285,,,,,0,14.359,9.57,5.641,https://doi.org/10.1093/bib/bbaa070,Uses non-normalized EF
cox2,ΔVinaRF20/GlideSP,,0.911,0.838,,,,,23.108,18.486,20.54,11.285,https://doi.org/10.1093/bib/bbaa070,Uses non-normalized EF
ctsk,ΔVinaRF20/GlideSP,,0.583,0.05,,,,,0,4.411,2.38,0.498,https://doi.org/10.1093/bib/bbaa070,Uses non-normalized EF
cyp2a6,ΔVinaRF20/GlideSP,,0.643,0.058,,,,,0,0,2.77,1.11,https://doi.org/10.1093/bib/bbaa070,Uses non-normalized EF
dhfr,ΔVinaRF20/GlideSP,,0.538,0.061,,,,,0,4.371,2.35,0.987,https://doi.org/10.1093/bib/bbaa070,Uses non-normalized EF
egfr,ΔVinaRF20/GlideSP,,0.644,0.1,,,,,0,4.414,2.38,2.533,https://doi.org/10.1093/bib/bbaa070,Uses non-normalized EF
ephb4,ΔVinaRF20/GlideSP,,0.701,0.103,,,,,0,0,0,4.478,https://doi.org/10.1093/bib/bbaa070,Uses non-normalized EF
erbb2,ΔVinaRF20/GlideSP,,0.8,0.251,,,,,29.525,9.842,4.92,5.905,https://doi.org/10.1093/bib/bbaa070,Uses non-normalized EF
er-beta,ΔVinaRF20/GlideSP,,0.783,0.375,,,,,28.517,11.407,12.67,6.79,https://doi.org/10.1093/bib/bbaa070,Uses non-normalized EF
fgfr1,ΔVinaRF20/GlideSP,,0.662,0.009,,,,,0,0,0,0.5,https://doi.org/10.1093/bib/bbaa070,Uses non-normalized EF
fkbp1a,ΔVinaRF20/GlideSP,,0.515,0.053,,,,,0,0,0,1.045,https://doi.org/10.1093/bib/bbaa070,Uses non-normalized EF
fxa,ΔVinaRF20/GlideSP,,0.77,0.202,,,,,0,5.098,5.1,5.098,https://doi.org/10.1093/bib/bbaa070,Uses non-normalized EF
gba,ΔVinaRF20/GlideSP,,0.451,0,,,,,0,0,0,0,https://doi.org/10.1093/bib/bbaa070,Uses non-normalized EF
gr,ΔVinaRF20/GlideSP,,0.426,0.032,,,,,0,0,0,0.492,https://doi.org/10.1093/bib/bbaa070,Uses non-normalized EF
gsk3b,ΔVinaRF20/GlideSP,,0.688,0.31,,,,,30.075,17.186,11.57,2.958,https://doi.org/10.1093/bib/bbaa070,Uses non-normalized EF
hdac2,ΔVinaRF20/GlideSP,,0.803,0.414,,,,,30.35,21.679,14.01,5.97,https://doi.org/10.1093/bib/bbaa070,Uses non-normalized EF
hdac8,ΔVinaRF20/GlideSP,,0.699,0.035,,,,,0,0,0,1.99,https://doi.org/10.1093/bib/bbaa070,Uses non-normalized EF
hiv1pr,ΔVinaRF20/GlideSP,,0.736,0.565,,,,,32.838,28.147,20.21,8.613,https://doi.org/10.1093/bib/bbaa070,Uses non-normalized EF
hiv1rt,ΔVinaRF20/GlideSP,,0.574,0.101,,,,,0,0,0,2.625,https://doi.org/10.1093/bib/bbaa070,Uses non-normalized EF
hmgr,ΔVinaRF20/GlideSP,,0.617,0.115,,,,,0,0,4.85,2.466,https://doi.org/10.1093/bib/bbaa070,Uses non-normalized EF
hsp90,ΔVinaRF20/GlideSP,,0.528,0.035,,,,,0,0,0,1.985,https://doi.org/10.1093/bib/bbaa070,Uses non-normalized EF
igf1r,ΔVinaRF20/GlideSP,,0.578,0.045,,,,,0,0,2.48,1.026,https://doi.org/10.1093/bib/bbaa070,Uses non-normalized EF
inha,ΔVinaRF20/GlideSP,,0.522,0.189,,,,,0,8.743,7.06,1.974,https://doi.org/10.1093/bib/bbaa070,Uses non-normalized EF
itk,ΔVinaRF20/GlideSP,,0.54,0.038,,,,,0,0,0,0.998,https://doi.org/10.1093/bib/bbaa070,Uses non-normalized EF
jak3,ΔVinaRF20/GlideSP,,0.702,0.311,,,,,0,4.988,12.47,4.489,https://doi.org/10.1093/bib/bbaa070,Uses non-normalized EF
jnk1,ΔVinaRF20/GlideSP,,0.652,0.258,,,,,15.75,10.5,10.5,2.625,https://doi.org/10.1093/bib/bbaa070,Uses non-normalized EF
jnk2,ΔVinaRF20/GlideSP,,0.576,0.356,,,,,29.897,19.932,9.97,3.547,https://doi.org/10.1093/bib/bbaa070,Uses non-normalized EF
jnk3,ΔVinaRF20/GlideSP,,0.696,0.078,,,,,0,4.429,2.38,2.541,https://doi.org/10.1093/bib/bbaa070,Uses non-normalized EF
kif11,ΔVinaRF20/GlideSP,,0.813,0.487,,,,,15.113,21.589,18.6,6.441,https://doi.org/10.1093/bib/bbaa070,Uses non-normalized EF
lck,ΔVinaRF20/GlideSP,,0.488,0,,,,,0,0,0,0,https://doi.org/10.1093/bib/bbaa070,Uses non-normalized EF
mdm2,ΔVinaRF20/GlideSP,,0.292,0.018,,,,,0,0,0,0.498,https://doi.org/10.1093/bib/bbaa070,Uses non-normalized EF
mk2,ΔVinaRF20/GlideSP,,0.788,0.217,,,,,15.73,5.243,7.86,4.266,https://doi.org/10.1093/bib/bbaa070,Uses non-normalized EF
mmp2,ΔVinaRF20/GlideSP,,0.458,0.001,,,,,0,0,0,0,https://doi.org/10.1093/bib/bbaa070,Uses non-normalized EF
na,ΔVinaRF20/GlideSP,,0.882,0.625,,,,,28.225,18.817,18.82,9.408,https://doi.org/10.1093/bib/bbaa070,Uses non-normalized EF
p38-alpha,ΔVinaRF20/GlideSP,,0.645,0.099,,,,,15.25,4.357,2.35,1.5,https://doi.org/10.1093/bib/bbaa070,Uses non-normalized EF
parp-1,ΔVinaRF20/GlideSP,,0.776,0.13,,,,,15.075,4.307,2.32,4.448,https://doi.org/10.1093/bib/bbaa070,Uses non-normalized EF
pde4b,ΔVinaRF20/GlideSP,,0.627,0.131,,,,,15.375,4.393,2.37,2.976,https://doi.org/10.1093/bib/bbaa070,Uses non-normalized EF
pde5,ΔVinaRF20/GlideSP,,0.472,0.02,,,,,0,0,0,1.041,https://doi.org/10.1093/bib/bbaa070,Uses non-normalized EF
pdk1,ΔVinaRF20/GlideSP,,0.738,0.07,,,,,0,0,2.44,2.601,https://doi.org/10.1093/bib/bbaa070,Uses non-normalized EF
pi3kg,ΔVinaRF20/GlideSP,,0.717,0.079,,,,,0,0,0,3.532,https://doi.org/10.1093/bib/bbaa070,Uses non-normalized EF
pim-1,ΔVinaRF20/GlideSP,,0.767,0.048,,,,,0,0,0,1.977,https://doi.org/10.1093/bib/bbaa070,Uses non-normalized EF
pim-2,ΔVinaRF20/GlideSP,,0.736,0.14,,,,,0,4.425,4.77,3.047,https://doi.org/10.1093/bib/bbaa070,Uses non-normalized EF
pnp,ΔVinaRF20/GlideSP,,0.667,0.062,,,,,0,0,2.37,1.49,https://doi.org/10.1093/bib/bbaa070,Uses non-normalized EF
ppara,ΔVinaRF20/GlideSP,,0.572,0.028,,,,,0,0,0,1.051,https://doi.org/10.1093/bib/bbaa070,Uses non-normalized EF
pparg,ΔVinaRF20/GlideSP,,0.556,0.023,,,,,0,0,0,1,https://doi.org/10.1093/bib/bbaa070,Uses non-normalized EF
pr,ΔVinaRF20/GlideSP,,0.731,0.125,,,,,0,4.9,2.67,3.392,https://doi.org/10.1093/bib/bbaa070,Uses non-normalized EF
prkcq,ΔVinaRF20/GlideSP,,0.761,0.177,,,,,0,0,5.26,4.211,https://doi.org/10.1093/bib/bbaa070,Uses non-normalized EF
pygl-in,ΔVinaRF20/GlideSP,,0.772,0.149,,,,,25.842,5.168,2.58,2.067,https://doi.org/10.1093/bib/bbaa070,Uses non-normalized EF
pygl-out,ΔVinaRF20/GlideSP,,0.786,0.781,,,,,26.077,26.077,21.34,9.204,https://doi.org/10.1093/bib/bbaa070,Uses non-normalized EF
qpct,ΔVinaRF20/GlideSP,,0.629,0.037,,,,,0,0,0,0.998,https://doi.org/10.1093/bib/bbaa070,Uses non-normalized EF
rock-1,ΔVinaRF20/GlideSP,,0.57,0.083,,,,,0,4.311,2.32,1.484,https://doi.org/10.1093/bib/bbaa070,Uses non-normalized EF
rxr,ΔVinaRF20/GlideSP,,0.546,0.15,,,,,0,10.357,5.18,2.158,https://doi.org/10.1093/bib/bbaa070,Uses non-normalized EF
sars-hcov,ΔVinaRF20/GlideSP,,0.559,0.149,,,,,15.41,8.806,4.74,2.021,https://doi.org/10.1093/bib/bbaa070,Uses non-normalized EF
sirt2,ΔVinaRF20/GlideSP,,0.474,0.028,,,,,0,0,0,0.492,https://doi.org/10.1093/bib/bbaa070,Uses non-normalized EF
src,ΔVinaRF20/GlideSP,,0.487,0,,,,,0,0,0,0,https://doi.org/10.1093/bib/bbaa070,Uses non-normalized EF
thrombin,ΔVinaRF20/GlideSP,,0.727,0.32,,,,,15.868,18.135,9.77,5.723,https://doi.org/10.1093/bib/bbaa070,Uses non-normalized EF
tie2,ΔVinaRF20/GlideSP,,0.617,0.257,,,,,14.988,14.988,7.49,2.998,https://doi.org/10.1093/bib/bbaa070,Uses non-normalized EF
tk,ΔVinaRF20/GlideSP,,0.604,0.394,,,,,15.821,18.081,12.17,6.124,https://doi.org/10.1093/bib/bbaa070,Uses non-normalized EF
tp,ΔVinaRF20/GlideSP,,0.5,0.003,,,,,0,0,0,0.644,https://doi.org/10.1093/bib/bbaa070,Uses non-normalized EF
tpa,ΔVinaRF20/GlideSP,,0.659,0.07,,,,,0,0,0,1.554,https://doi.org/10.1093/bib/bbaa070,Uses non-normalized EF
ts,ΔVinaRF20/GlideSP,,0.637,0.141,,,,,0,4.357,2.35,3.5,https://doi.org/10.1093/bib/bbaa070,Uses non-normalized EF
upa,ΔVinaRF20/GlideSP,,0.638,0.2,,,,,0,0,9.97,3.488,https://doi.org/10.1093/bib/bbaa070,Uses non-normalized EF
vegfr1,ΔVinaRF20/GlideSP,,0.72,0.274,,,,,0,4.991,7.49,7.355,https://doi.org/10.1093/bib/bbaa070,Uses non-normalized EF
vegfr2,ΔVinaRF20/GlideSP,,0.409,0.024,,,,,0,0,0,1.538,https://doi.org/10.1093/bib/bbaa070,Uses non-normalized EF
11betahsd1,ΔVinaXGB/GlideSP,,0.648,0.176,,,,,15.09,5.03,5.03,4.092,https://doi.org/10.1093/bib/bbaa070,Uses non-normalized EF
17betahsd1,ΔVinaXGB/GlideSP,,0.556,0.087,,,,,15.338,4.382,2.36,1.484,https://doi.org/10.1093/bib/bbaa070,Uses non-normalized EF
a2a,ΔVinaXGB/GlideSP,,0.6,0.049,,,,,0,0,2.36,0.99,https://doi.org/10.1093/bib/bbaa070,Uses non-normalized EF
ace,ΔVinaXGB/GlideSP,,0.546,0.233,,,,,15.438,8.821,7.13,3.486,https://doi.org/10.1093/bib/bbaa070,Uses non-normalized EF
ace2,ΔVinaXGB/GlideSP,,0.58,0.042,,,,,0,0,0,1.998,https://doi.org/10.1093/bib/bbaa070,Uses non-normalized EF
ache,ΔVinaXGB/GlideSP,,0.672,0.19,,,,,0,4.357,9.38,3.5,https://doi.org/10.1093/bib/bbaa070,Uses non-normalized EF
adam17,ΔVinaXGB/GlideSP,,0.574,0.266,,,,,15.363,13.168,7.09,3.965,https://doi.org/10.1093/bib/bbaa070,Uses non-normalized EF
adrb2,ΔVinaXGB/GlideSP,,0.683,0.08,,,,,14.375,4.792,2.4,1.487,https://doi.org/10.1093/bib/bbaa070,Uses non-normalized EF
akt1,ΔVinaXGB/GlideSP,,0.648,0.021,,,,,0,0,0,1.515,https://doi.org/10.1093/bib/bbaa070,Uses non-normalized EF
alr2,ΔVinaXGB/GlideSP,,0.458,0.012,,,,,0,0,0,0.988,https://doi.org/10.1093/bib/bbaa070,Uses non-normalized EF
ar,ΔVinaXGB/GlideSP,,0.858,0.725,,,,,22.536,16.902,19.32,9.155,https://doi.org/10.1093/bib/bbaa070,Uses non-normalized EF
aurka,ΔVinaXGB/GlideSP,,0.691,0.167,,,,,15.513,4.432,4.77,3.56,https://doi.org/10.1093/bib/bbaa070,Uses non-normalized EF
aurkb,ΔVinaXGB/GlideSP,,0.631,0.112,,,,,0,4.339,4.67,2.49,https://doi.org/10.1093/bib/bbaa070,Uses non-normalized EF
bcl2,ΔVinaXGB/GlideSP,,0.545,0.002,,,,,0,0,0,0,https://doi.org/10.1093/bib/bbaa070,Uses non-normalized EF
braf,ΔVinaXGB/GlideSP,,0.565,0.076,,,,,15.5,4.429,2.38,2.033,https://doi.org/10.1093/bib/bbaa070,Uses non-normalized EF
catl,ΔVinaXGB/GlideSP,,0.686,0.054,,,,,0,4.404,2.37,0.994,https://doi.org/10.1093/bib/bbaa070,Uses non-normalized EF
cdk2,ΔVinaXGB/GlideSP,,0.678,0.214,,,,,15.308,10.205,7.65,4.592,https://doi.org/10.1093/bib/bbaa070,Uses non-normalized EF
cox1,ΔVinaXGB/GlideSP,,0.633,0.304,,,,,14.359,14.359,9.57,5.128,https://doi.org/10.1093/bib/bbaa070,Uses non-normalized EF
cox2,ΔVinaXGB/GlideSP,,0.926,0.844,,,,,23.108,23.108,20.54,11.823,https://doi.org/10.1093/bib/bbaa070,Uses non-normalized EF
ctsk,ΔVinaXGB/GlideSP,,0.652,0.09,,,,,15.438,4.411,2.38,0.996,https://doi.org/10.1093/bib/bbaa070,Uses non-normalized EF
cyp2a6,ΔVinaXGB/GlideSP,,0.642,0.177,,,,,0,4.989,5.54,2.217,https://doi.org/10.1093/bib/bbaa070,Uses non-normalized EF
dhfr,ΔVinaXGB/GlideSP,,0.543,0.09,,,,,0,4.371,2.35,1.481,https://doi.org/10.1093/bib/bbaa070,Uses non-normalized EF
egfr,ΔVinaXGB/GlideSP,,0.619,0.08,,,,,15.449,4.414,2.38,1.52,https://doi.org/10.1093/bib/bbaa070,Uses non-normalized EF
ephb4,ΔVinaXGB/GlideSP,,0.625,0.001,,,,,0,0,0,0,https://doi.org/10.1093/bib/bbaa070,Uses non-normalized EF
erbb2,ΔVinaXGB/GlideSP,,0.7,0.101,,,,,0,0,2.46,3.45,https://doi.org/10.1093/bib/bbaa070,Uses non-normalized EF
er-beta,ΔVinaXGB/GlideSP,,0.816,0.32,,,,,0,5.717,9.53,4.084,https://doi.org/10.1093/bib/bbaa070,Uses non-normalized EF
fgfr1,ΔVinaXGB/GlideSP,,0.691,0.036,,,,,0,0,0,1.998,https://doi.org/10.1093/bib/bbaa070,Uses non-normalized EF
fkbp1a,ΔVinaXGB/GlideSP,,0.58,0.346,,,,,16.197,13.883,9.97,5.747,https://doi.org/10.1093/bib/bbaa070,Uses non-normalized EF
fxa,ΔVinaXGB/GlideSP,,0.813,0.331,,,,,0,10.179,10.18,6.617,https://doi.org/10.1093/bib/bbaa070,Uses non-normalized EF
gba,ΔVinaXGB/GlideSP,,0.44,0.046,,,,,0,0,2.37,0.497,https://doi.org/10.1093/bib/bbaa070,Uses non-normalized EF
gr,ΔVinaXGB/GlideSP,,0.46,0.001,,,,,0,0,0,0,https://doi.org/10.1093/bib/bbaa070,Uses non-normalized EF
gsk3b,ΔVinaXGB/GlideSP,,0.676,0.213,,,,,0,8.607,6.95,4.445,https://doi.org/10.1093/bib/bbaa070,Uses non-normalized EF
hdac2,ΔVinaXGB/GlideSP,,0.819,0.259,,,,,15.163,8.664,7,3.977,https://doi.org/10.1093/bib/bbaa070,Uses non-normalized EF
hdac8,ΔVinaXGB/GlideSP,,0.57,0.011,,,,,0,0,0,0.995,https://doi.org/10.1093/bib/bbaa070,Uses non-normalized EF
hiv1pr,ΔVinaXGB/GlideSP,,0.773,0.392,,,,,16.419,14.073,15.16,6.46,https://doi.org/10.1093/bib/bbaa070,Uses non-normalized EF
hiv1rt,ΔVinaXGB/GlideSP,,0.549,0.027,,,,,0,0,0,1.574,https://doi.org/10.1093/bib/bbaa070,Uses non-normalized EF
hmgr,ΔVinaXGB/GlideSP,,0.729,0.324,,,,,0,13.254,11.89,4.489,https://doi.org/10.1093/bib/bbaa070,Uses non-normalized EF
hsp90,ΔVinaXGB/GlideSP,,0.555,0.041,,,,,0,0,2.33,0.995,https://doi.org/10.1093/bib/bbaa070,Uses non-normalized EF
igf1r,ΔVinaXGB/GlideSP,,0.431,0.049,,,,,0,0,2.48,0.505,https://doi.org/10.1093/bib/bbaa070,Uses non-normalized EF
inha,ΔVinaXGB/GlideSP,,0.552,0.099,,,,,0,4.375,2.36,2.964,https://doi.org/10.1093/bib/bbaa070,Uses non-normalized EF
itk,ΔVinaXGB/GlideSP,,0.594,0.029,,,,,0,0,0,1.496,https://doi.org/10.1093/bib/bbaa070,Uses non-normalized EF
jak3,ΔVinaXGB/GlideSP,,0.648,0.09,,,,,0,0,0,2.494,https://doi.org/10.1093/bib/bbaa070,Uses non-normalized EF
jnk1,ΔVinaXGB/GlideSP,,0.662,0.241,,,,,0,5.25,7.88,3.675,https://doi.org/10.1093/bib/bbaa070,Uses non-normalized EF
jnk2,ΔVinaXGB/GlideSP,,0.567,0.225,,,,,30.789,15.395,7.7,3.131,https://doi.org/10.1093/bib/bbaa070,Uses non-normalized EF
jnk3,ΔVinaXGB/GlideSP,,0.636,0.076,,,,,0,0,2.38,3.557,https://doi.org/10.1093/bib/bbaa070,Uses non-normalized EF
kif11,ΔVinaXGB/GlideSP,,0.751,0.152,,,,,0,0,4.65,3.964,https://doi.org/10.1093/bib/bbaa070,Uses non-normalized EF
lck,ΔVinaXGB/GlideSP,,0.478,0,,,,,0,0,0,0,https://doi.org/10.1093/bib/bbaa070,Uses non-normalized EF
mdm2,ΔVinaXGB/GlideSP,,0.28,0,,,,,0,0,0,0,https://doi.org/10.1093/bib/bbaa070,Uses non-normalized EF
mk2,ΔVinaXGB/GlideSP,,0.713,0.087,,,,,15.716,5.239,2.62,2.664,https://doi.org/10.1093/bib/bbaa070,Uses non-normalized EF
mmp2,ΔVinaXGB/GlideSP,,0.442,0.01,,,,,0,0,0,0.495,https://doi.org/10.1093/bib/bbaa070,Uses non-normalized EF
na,ΔVinaXGB/GlideSP,,0.935,0.777,,,,,30.95,30.95,23.81,12.48,https://doi.org/10.1093/bib/bbaa070,Uses non-normalized EF
p38-alpha,ΔVinaXGB/GlideSP,,0.612,0.036,,,,,0,0,2.35,0.985,https://doi.org/10.1093/bib/bbaa070,Uses non-normalized EF
parp-1,ΔVinaXGB/GlideSP,,0.74,0.154,,,,,15.05,4.3,6.95,3.454,https://doi.org/10.1093/bib/bbaa070,Uses non-normalized EF
pde4b,ΔVinaXGB/GlideSP,,0.569,0.218,,,,,15.4,13.2,9.48,2.981,https://doi.org/10.1093/bib/bbaa070,Uses non-normalized EF
pde5,ΔVinaXGB/GlideSP,,0.446,0.003,,,,,0,0,0,0.52,https://doi.org/10.1093/bib/bbaa070,Uses non-normalized EF
pdk1,ΔVinaXGB/GlideSP,,0.706,0.125,,,,,0,4.534,2.44,4.682,https://doi.org/10.1093/bib/bbaa070,Uses non-normalized EF
pi3kg,ΔVinaXGB/GlideSP,,0.703,0.072,,,,,0,0,0,3.557,https://doi.org/10.1093/bib/bbaa070,Uses non-normalized EF
pim-1,ΔVinaXGB/GlideSP,,0.702,0.049,,,,,0,0,0,1.486,https://doi.org/10.1093/bib/bbaa070,Uses non-normalized EF
pim-2,ΔVinaXGB/GlideSP,,0.674,0.081,,,,,0,0,0,2.535,https://doi.org/10.1093/bib/bbaa070,Uses non-normalized EF
pnp,ΔVinaXGB/GlideSP,,0.633,0.393,,,,,32.368,18.496,12.45,5.221,https://doi.org/10.1093/bib/bbaa070,Uses non-normalized EF
ppara,ΔVinaXGB/GlideSP,,0.563,0,,,,,0,0,0,0,https://doi.org/10.1093/bib/bbaa070,Uses non-normalized EF
pparg,ΔVinaXGB/GlideSP,,0.477,0.051,,,,,0,0,2.38,1,https://doi.org/10.1093/bib/bbaa070,Uses non-normalized EF
pr,ΔVinaXGB/GlideSP,,0.816,0.393,,,,,29.343,14.671,10.67,6.771,https://doi.org/10.1093/bib/bbaa070,Uses non-normalized EF
prkcq,ΔVinaXGB/GlideSP,,0.731,0.102,,,,,0,0,2.63,3.684,https://doi.org/10.1093/bib/bbaa070,Uses non-normalized EF
pygl-in,ΔVinaXGB/GlideSP,,0.786,0.117,,,,,15.375,4.393,4.73,1.984,https://doi.org/10.1093/bib/bbaa070,Uses non-normalized EF
pygl-out,ΔVinaXGB/GlideSP,,0.686,0.621,,,,,30.9,30.9,26.15,7.476,https://doi.org/10.1093/bib/bbaa070,Uses non-normalized EF
qpct,ΔVinaXGB/GlideSP,,0.574,0.047,,,,,0,0,2.38,1.496,https://doi.org/10.1093/bib/bbaa070,Uses non-normalized EF
rock-1,ΔVinaXGB/GlideSP,,0.551,0.063,,,,,0,4.304,2.32,0.494,https://doi.org/10.1093/bib/bbaa070,Uses non-normalized EF
rxr,ΔVinaXGB/GlideSP,,0.588,0.158,,,,,0,5.184,2.59,2.7,https://doi.org/10.1093/bib/bbaa070,Uses non-normalized EF
sars-hcov,ΔVinaXGB/GlideSP,,0.524,0.117,,,,,15.41,4.403,2.37,2.021,https://doi.org/10.1093/bib/bbaa070,Uses non-normalized EF
sirt2,ΔVinaXGB/GlideSP,,0.472,0,,,,,0,0,0,0,https://doi.org/10.1093/bib/bbaa070,Uses non-normalized EF
src,ΔVinaXGB/GlideSP,,0.498,0.029,,,,,0,0,0,1.018,https://doi.org/10.1093/bib/bbaa070,Uses non-normalized EF
thrombin,ΔVinaXGB/GlideSP,,0.796,0.376,,,,,31.842,22.744,12.25,4.698,https://doi.org/10.1093/bib/bbaa070,Uses non-normalized EF
tie2,ΔVinaXGB/GlideSP,,0.587,0.156,,,,,14.975,4.992,4.99,2.496,https://doi.org/10.1093/bib/bbaa070,Uses non-normalized EF
tk,ΔVinaXGB/GlideSP,,0.631,0.383,,,,,15.821,9.04,12.17,5.614,https://doi.org/10.1093/bib/bbaa070,Uses non-normalized EF
tp,ΔVinaXGB/GlideSP,,0.423,0,,,,,0,0,0,0,https://doi.org/10.1093/bib/bbaa070,Uses non-normalized EF
tpa,ΔVinaXGB/GlideSP,,0.684,0.086,,,,,0,0,2.55,2.589,https://doi.org/10.1093/bib/bbaa070,Uses non-normalized EF
ts,ΔVinaXGB/GlideSP,,0.604,0.021,,,,,0,0,0,0.5,https://doi.org/10.1093/bib/bbaa070,Uses non-normalized EF
upa,ΔVinaXGB/GlideSP,,0.634,0.108,,,,,0,0,2.49,2.985,https://doi.org/10.1093/bib/bbaa070,Uses non-normalized EF
vegfr1,ΔVinaXGB/GlideSP,,0.666,0.253,,,,,0,9.982,9.98,4.203,https://doi.org/10.1093/bib/bbaa070,Uses non-normalized EF
vegfr2,ΔVinaXGB/GlideSP,,0.38,0.008,,,,,0,0,0,1.026,https://doi.org/10.1093/bib/bbaa070,Uses non-normalized EF
11betahsd1,Xdock,,0.388,,,,,,0,,,,https://pubs.acs.org/doi/10.1021/acs.jcim.4c00855,"Not explictly said if NEF or EF, but cites 10.1093/bib/bbaa070 where EF is defined as non normalized EF"
17betahsd1,Xdock,,0.418,,,,,,0,,,,https://pubs.acs.org/doi/10.1021/acs.jcim.4c00855,"Not explictly said if NEF or EF, but cites 10.1093/bib/bbaa070 where EF is defined as non normalized EF"
a2a,Xdock,,0.688,,,,,,0,,,,https://pubs.acs.org/doi/10.1021/acs.jcim.4c00855,"Not explictly said if NEF or EF, but cites 10.1093/bib/bbaa070 where EF is defined as non normalized EF"
ace,Xdock,,0.44,,,,,,0,,,,https://pubs.acs.org/doi/10.1021/acs.jcim.4c00855,"Not explictly said if NEF or EF, but cites 10.1093/bib/bbaa070 where EF is defined as non normalized EF"
ace2,Xdock,,0.698,,,,,,51.282,,,,https://pubs.acs.org/doi/10.1021/acs.jcim.4c00855,"Not explictly said if NEF or EF, but cites 10.1093/bib/bbaa070 where EF is defined as non normalized EF"
ache,Xdock,,0.606,,,,,,0,,,,https://pubs.acs.org/doi/10.1021/acs.jcim.4c00855,"Not explictly said if NEF or EF, but cites 10.1093/bib/bbaa070 where EF is defined as non normalized EF"
adam17,Xdock,,0.394,,,,,,25.641,,,,https://pubs.acs.org/doi/10.1021/acs.jcim.4c00855,"Not explictly said if NEF or EF, but cites 10.1093/bib/bbaa070 where EF is defined as non normalized EF"
adrb2,Xdock,,0.558,,,,,,0,,,,https://pubs.acs.org/doi/10.1021/acs.jcim.4c00855,"Not explictly said if NEF or EF, but cites 10.1093/bib/bbaa070 where EF is defined as non normalized EF"
akt1,Xdock,,0.625,,,,,,0,,,,https://pubs.acs.org/doi/10.1021/acs.jcim.4c00855,"Not explictly said if NEF or EF, but cites 10.1093/bib/bbaa070 where EF is defined as non normalized EF"
alr2,Xdock,,0.605,,,,,,50,,,,https://pubs.acs.org/doi/10.1021/acs.jcim.4c00855,"Not explictly said if NEF or EF, but cites 10.1093/bib/bbaa070 where EF is defined as non normalized EF"
ar,Xdock,,0.662,,,,,,25,,,,https://pubs.acs.org/doi/10.1021/acs.jcim.4c00855,"Not explictly said if NEF or EF, but cites 10.1093/bib/bbaa070 where EF is defined as non normalized EF"
aurka,Xdock,,0.773,,,,,,0,,,,https://pubs.acs.org/doi/10.1021/acs.jcim.4c00855,"Not explictly said if NEF or EF, but cites 10.1093/bib/bbaa070 where EF is defined as non normalized EF"
aurkb,Xdock,,0.646,,,,,,0,,,,https://pubs.acs.org/doi/10.1021/acs.jcim.4c00855,"Not explictly said if NEF or EF, but cites 10.1093/bib/bbaa070 where EF is defined as non normalized EF"
bcl2,Xdock,,0.554,,,,,,0,,,,https://pubs.acs.org/doi/10.1021/acs.jcim.4c00855,"Not explictly said if NEF or EF, but cites 10.1093/bib/bbaa070 where EF is defined as non normalized EF"
braf,Xdock,,0.724,,,,,,0,,,,https://pubs.acs.org/doi/10.1021/acs.jcim.4c00855,"Not explictly said if NEF or EF, but cites 10.1093/bib/bbaa070 where EF is defined as non normalized EF"
catl,Xdock,,0.455,,,,,,0,,,,https://pubs.acs.org/doi/10.1021/acs.jcim.4c00855,"Not explictly said if NEF or EF, but cites 10.1093/bib/bbaa070 where EF is defined as non normalized EF"
cdk2,Xdock,,0.665,,,,,,0,,,,https://pubs.acs.org/doi/10.1021/acs.jcim.4c00855,"Not explictly said if NEF or EF, but cites 10.1093/bib/bbaa070 where EF is defined as non normalized EF"
cox1,Xdock,,0.566,,,,,,0,,,,https://pubs.acs.org/doi/10.1021/acs.jcim.4c00855,"Not explictly said if NEF or EF, but cites 10.1093/bib/bbaa070 where EF is defined as non normalized EF"
cox2,Xdock,,0.863,,,,,,50,,,,https://pubs.acs.org/doi/10.1021/acs.jcim.4c00855,"Not explictly said if NEF or EF, but cites 10.1093/bib/bbaa070 where EF is defined as non normalized EF"
ctsk,Xdock,,0.374,,,,,,0,,,,https://pubs.acs.org/doi/10.1021/acs.jcim.4c00855,"Not explictly said if NEF or EF, but cites 10.1093/bib/bbaa070 where EF is defined as non normalized EF"
cyp2a6,Xdock,,0.425,,,,,,0,,,,https://pubs.acs.org/doi/10.1021/acs.jcim.4c00855,"Not explictly said if NEF or EF, but cites 10.1093/bib/bbaa070 where EF is defined as non normalized EF"
dhfr,Xdock,,0.823,,,,,,50,,,,https://pubs.acs.org/doi/10.1021/acs.jcim.4c00855,"Not explictly said if NEF or EF, but cites 10.1093/bib/bbaa070 where EF is defined as non normalized EF"
egfr,Xdock,,0.556,,,,,,0,,,,https://pubs.acs.org/doi/10.1021/acs.jcim.4c00855,"Not explictly said if NEF or EF, but cites 10.1093/bib/bbaa070 where EF is defined as non normalized EF"
ephb4,Xdock,,0.765,,,,,,0,,,,https://pubs.acs.org/doi/10.1021/acs.jcim.4c00855,"Not explictly said if NEF or EF, but cites 10.1093/bib/bbaa070 where EF is defined as non normalized EF"
erbb2,Xdock,,0.913,,,,,,25,,,,https://pubs.acs.org/doi/10.1021/acs.jcim.4c00855,"Not explictly said if NEF or EF, but cites 10.1093/bib/bbaa070 where EF is defined as non normalized EF"
er-beta,Xdock,,0.597,,,,,,0,,,,https://pubs.acs.org/doi/10.1021/acs.jcim.4c00855,"Not explictly said if NEF or EF, but cites 10.1093/bib/bbaa070 where EF is defined as non normalized EF"
fgfr1,Xdock,,0.707,,,,,,0,,,,https://pubs.acs.org/doi/10.1021/acs.jcim.4c00855,"Not explictly said if NEF or EF, but cites 10.1093/bib/bbaa070 where EF is defined as non normalized EF"
fkbp1a,Xdock,,0.358,,,,,,0,,,,https://pubs.acs.org/doi/10.1021/acs.jcim.4c00855,"Not explictly said if NEF or EF, but cites 10.1093/bib/bbaa070 where EF is defined as non normalized EF"
fxa,Xdock,,0.71,,,,,,0,,,,https://pubs.acs.org/doi/10.1021/acs.jcim.4c00855,"Not explictly said if NEF or EF, but cites 10.1093/bib/bbaa070 where EF is defined as non normalized EF"
gba,Xdock,,0.614,,,,,,0,,,,https://pubs.acs.org/doi/10.1021/acs.jcim.4c00855,"Not explictly said if NEF or EF, but cites 10.1093/bib/bbaa070 where EF is defined as non normalized EF"
gr,Xdock,,0.612,,,,,,25,,,,https://pubs.acs.org/doi/10.1021/acs.jcim.4c00855,"Not explictly said if NEF or EF, but cites 10.1093/bib/bbaa070 where EF is defined as non normalized EF"
gsk3b,Xdock,,0.832,,,,,,50,,,,https://pubs.acs.org/doi/10.1021/acs.jcim.4c00855,"Not explictly said if NEF or EF, but cites 10.1093/bib/bbaa070 where EF is defined as non normalized EF"
hdac2,Xdock,,0.764,,,,,,25,,,,https://pubs.acs.org/doi/10.1021/acs.jcim.4c00855,"Not explictly said if NEF or EF, but cites 10.1093/bib/bbaa070 where EF is defined as non normalized EF"
hdac8,Xdock,,0.549,,,,,,0,,,,https://pubs.acs.org/doi/10.1021/acs.jcim.4c00855,"Not explictly said if NEF or EF, but cites 10.1093/bib/bbaa070 where EF is defined as non normalized EF"
hiv1pr,Xdock,,0.309,,,,,,27.027,,,,https://pubs.acs.org/doi/10.1021/acs.jcim.4c00855,"Not explictly said if NEF or EF, but cites 10.1093/bib/bbaa070 where EF is defined as non normalized EF"
hiv1rt,Xdock,,0.635,,,,,,0,,,,https://pubs.acs.org/doi/10.1021/acs.jcim.4c00855,"Not explictly said if NEF or EF, but cites 10.1093/bib/bbaa070 where EF is defined as non normalized EF"
hmgr,Xdock,,0.859,,,,,,0,,,,https://pubs.acs.org/doi/10.1021/acs.jcim.4c00855,"Not explictly said if NEF or EF, but cites 10.1093/bib/bbaa070 where EF is defined as non normalized EF"
hsp90,Xdock,,0.696,,,,,,0,,,,https://pubs.acs.org/doi/10.1021/acs.jcim.4c00855,"Not explictly said if NEF or EF, but cites 10.1093/bib/bbaa070 where EF is defined as non normalized EF"
igf1r,Xdock,,0.571,,,,,,0,,,,https://pubs.acs.org/doi/10.1021/acs.jcim.4c00855,"Not explictly said if NEF or EF, but cites 10.1093/bib/bbaa070 where EF is defined as non normalized EF"
inha,Xdock,,0.441,,,,,,50,,,,https://pubs.acs.org/doi/10.1021/acs.jcim.4c00855,"Not explictly said if NEF or EF, but cites 10.1093/bib/bbaa070 where EF is defined as non normalized EF"
itk,Xdock,,0.576,,,,,,0,,,,https://pubs.acs.org/doi/10.1021/acs.jcim.4c00855,"Not explictly said if NEF or EF, but cites 10.1093/bib/bbaa070 where EF is defined as non normalized EF"
jak3,Xdock,,0.721,,,,,,0,,,,https://pubs.acs.org/doi/10.1021/acs.jcim.4c00855,"Not explictly said if NEF or EF, but cites 10.1093/bib/bbaa070 where EF is defined as non normalized EF"
jnk1,Xdock,,0.64,,,,,,0,,,,https://pubs.acs.org/doi/10.1021/acs.jcim.4c00855,"Not explictly said if NEF or EF, but cites 10.1093/bib/bbaa070 where EF is defined as non normalized EF"
jnk2,Xdock,,0.596,,,,,,0,,,,https://pubs.acs.org/doi/10.1021/acs.jcim.4c00855,"Not explictly said if NEF or EF, but cites 10.1093/bib/bbaa070 where EF is defined as non normalized EF"
jnk3,Xdock,,0.657,,,,,,50,,,,https://pubs.acs.org/doi/10.1021/acs.jcim.4c00855,"Not explictly said if NEF or EF, but cites 10.1093/bib/bbaa070 where EF is defined as non normalized EF"
kif11,Xdock,,0.925,,,,,,25,,,,https://pubs.acs.org/doi/10.1021/acs.jcim.4c00855,"Not explictly said if NEF or EF, but cites 10.1093/bib/bbaa070 where EF is defined as non normalized EF"
lck,Xdock,,0.575,,,,,,0,,,,https://pubs.acs.org/doi/10.1021/acs.jcim.4c00855,"Not explictly said if NEF or EF, but cites 10.1093/bib/bbaa070 where EF is defined as non normalized EF"
mdm2,Xdock,,0.584,,,,,,0,,,,https://pubs.acs.org/doi/10.1021/acs.jcim.4c00855,"Not explictly said if NEF or EF, but cites 10.1093/bib/bbaa070 where EF is defined as non normalized EF"
mk2,Xdock,,0.766,,,,,,25,,,,https://pubs.acs.org/doi/10.1021/acs.jcim.4c00855,"Not explictly said if NEF or EF, but cites 10.1093/bib/bbaa070 where EF is defined as non normalized EF"
mmp2,Xdock,,0.447,,,,,,0,,,,https://pubs.acs.org/doi/10.1021/acs.jcim.4c00855,"Not explictly said if NEF or EF, but cites 10.1093/bib/bbaa070 where EF is defined as non normalized EF"
na,Xdock,,0.89,,,,,,0,,,,https://pubs.acs.org/doi/10.1021/acs.jcim.4c00855,"Not explictly said if NEF or EF, but cites 10.1093/bib/bbaa070 where EF is defined as non normalized EF"
p38-alpha,Xdock,,0.559,,,,,,0,,,,https://pubs.acs.org/doi/10.1021/acs.jcim.4c00855,"Not explictly said if NEF or EF, but cites 10.1093/bib/bbaa070 where EF is defined as non normalized EF"
parp-1,Xdock,,0.776,,,,,,25,,,,https://pubs.acs.org/doi/10.1021/acs.jcim.4c00855,"Not explictly said if NEF or EF, but cites 10.1093/bib/bbaa070 where EF is defined as non normalized EF"
pde4b,Xdock,,0.663,,,,,,0,,,,https://pubs.acs.org/doi/10.1021/acs.jcim.4c00855,"Not explictly said if NEF or EF, but cites 10.1093/bib/bbaa070 where EF is defined as non normalized EF"
pde5,Xdock,,0.829,,,,,,25.641,,,,https://pubs.acs.org/doi/10.1021/acs.jcim.4c00855,"Not explictly said if NEF or EF, but cites 10.1093/bib/bbaa070 where EF is defined as non normalized EF"
pdk1,Xdock,,0.627,,,,,,0,,,,https://pubs.acs.org/doi/10.1021/acs.jcim.4c00855,"Not explictly said if NEF or EF, but cites 10.1093/bib/bbaa070 where EF is defined as non normalized EF"
pi3kg,Xdock,,0.664,,,,,,0,,,,https://pubs.acs.org/doi/10.1021/acs.jcim.4c00855,"Not explictly said if NEF or EF, but cites 10.1093/bib/bbaa070 where EF is defined as non normalized EF"
pim-1,Xdock,,0.647,,,,,,0,,,,https://pubs.acs.org/doi/10.1021/acs.jcim.4c00855,"Not explictly said if NEF or EF, but cites 10.1093/bib/bbaa070 where EF is defined as non normalized EF"
pim-2,Xdock,,0.532,,,,,,0,,,,https://pubs.acs.org/doi/10.1021/acs.jcim.4c00855,"Not explictly said if NEF or EF, but cites 10.1093/bib/bbaa070 where EF is defined as non normalized EF"
pnp,Xdock,,0.846,,,,,,52.632,,,,https://pubs.acs.org/doi/10.1021/acs.jcim.4c00855,"Not explictly said if NEF or EF, but cites 10.1093/bib/bbaa070 where EF is defined as non normalized EF"
ppara,Xdock,,0.56,,,,,,0,,,,https://pubs.acs.org/doi/10.1021/acs.jcim.4c00855,"Not explictly said if NEF or EF, but cites 10.1093/bib/bbaa070 where EF is defined as non normalized EF"
pparg,Xdock,,0.58,,,,,,0,,,,https://pubs.acs.org/doi/10.1021/acs.jcim.4c00855,"Not explictly said if NEF or EF, but cites 10.1093/bib/bbaa070 where EF is defined as non normalized EF"
pr,Xdock,,0.606,,,,,,25,,,,https://pubs.acs.org/doi/10.1021/acs.jcim.4c00855,"Not explictly said if NEF or EF, but cites 10.1093/bib/bbaa070 where EF is defined as non normalized EF"
prkcq,Xdock,,0.767,,,,,,25,,,,https://pubs.acs.org/doi/10.1021/acs.jcim.4c00855,"Not explictly said if NEF or EF, but cites 10.1093/bib/bbaa070 where EF is defined as non normalized EF"
pygl-in,Xdock,,0.712,,,,,,0,,,,https://pubs.acs.org/doi/10.1021/acs.jcim.4c00855,"Not explictly said if NEF or EF, but cites 10.1093/bib/bbaa070 where EF is defined as non normalized EF"
pygl-out,Xdock,,0.748,,,,,,0,,,,https://pubs.acs.org/doi/10.1021/acs.jcim.4c00855,"Not explictly said if NEF or EF, but cites 10.1093/bib/bbaa070 where EF is defined as non normalized EF"
qpct,Xdock,,0.583,,,,,,52.632,,,,https://pubs.acs.org/doi/10.1021/acs.jcim.4c00855,"Not explictly said if NEF or EF, but cites 10.1093/bib/bbaa070 where EF is defined as non normalized EF"
rock-1,Xdock,,0.788,,,,,,50,,,,https://pubs.acs.org/doi/10.1021/acs.jcim.4c00855,"Not explictly said if NEF or EF, but cites 10.1093/bib/bbaa070 where EF is defined as non normalized EF"
rxr,Xdock,,0.5,,,,,,50,,,,https://pubs.acs.org/doi/10.1021/acs.jcim.4c00855,"Not explictly said if NEF or EF, but cites 10.1093/bib/bbaa070 where EF is defined as non normalized EF"
sars-hcov,Xdock,,0.509,,,,,,0,,,,https://pubs.acs.org/doi/10.1021/acs.jcim.4c00855,"Not explictly said if NEF or EF, but cites 10.1093/bib/bbaa070 where EF is defined as non normalized EF"
sirt2,Xdock,,0.515,,,,,,25,,,,https://pubs.acs.org/doi/10.1021/acs.jcim.4c00855,"Not explictly said if NEF or EF, but cites 10.1093/bib/bbaa070 where EF is defined as non normalized EF"
src,Xdock,,0.533,,,,,,0,,,,https://pubs.acs.org/doi/10.1021/acs.jcim.4c00855,"Not explictly said if NEF or EF, but cites 10.1093/bib/bbaa070 where EF is defined as non normalized EF"
thrombin,Xdock,,0.801,,,,,,0,,,,https://pubs.acs.org/doi/10.1021/acs.jcim.4c00855,"Not explictly said if NEF or EF, but cites 10.1093/bib/bbaa070 where EF is defined as non normalized EF"
tie2,Xdock,,0.664,,,,,,0,,,,https://pubs.acs.org/doi/10.1021/acs.jcim.4c00855,"Not explictly said if NEF or EF, but cites 10.1093/bib/bbaa070 where EF is defined as non normalized EF"
tk,Xdock,,0.804,,,,,,55.556,,,,https://pubs.acs.org/doi/10.1021/acs.jcim.4c00855,"Not explictly said if NEF or EF, but cites 10.1093/bib/bbaa070 where EF is defined as non normalized EF"
tp,Xdock,,0.658,,,,,,25,,,,https://pubs.acs.org/doi/10.1021/acs.jcim.4c00855,"Not explictly said if NEF or EF, but cites 10.1093/bib/bbaa070 where EF is defined as non normalized EF"
tpa,Xdock,,0.758,,,,,,25,,,,https://pubs.acs.org/doi/10.1021/acs.jcim.4c00855,"Not explictly said if NEF or EF, but cites 10.1093/bib/bbaa070 where EF is defined as non normalized EF"
ts,Xdock,,0.714,,,,,,0,,,,https://pubs.acs.org/doi/10.1021/acs.jcim.4c00855,"Not explictly said if NEF or EF, but cites 10.1093/bib/bbaa070 where EF is defined as non normalized EF"
upa,Xdock,,0.679,,,,,,50,,,,https://pubs.acs.org/doi/10.1021/acs.jcim.4c00855,"Not explictly said if NEF or EF, but cites 10.1093/bib/bbaa070 where EF is defined as non normalized EF"
vegfr1,Xdock,,0.782,,,,,,50,,,,https://pubs.acs.org/doi/10.1021/acs.jcim.4c00855,"Not explictly said if NEF or EF, but cites 10.1093/bib/bbaa070 where EF is defined as non normalized EF"
vegfr2,Xdock,,0.561,,,,,,0,,,,https://pubs.acs.org/doi/10.1021/acs.jcim.4c00855,"Not explictly said if NEF or EF, but cites 10.1093/bib/bbaa070 where EF is defined as non normalized EF"
