Target,Model,ROCE1,EF1,NEF1,AUC_ROC,AUC,BEDROC,Source,Notes
fabp4,Scardino et al.(proprietary)*,,,41,,,,https://pubs.rsc.org/en/content/articlelanding/2021/ra/d1ra05785e,Uses NEF
hivrt,Scardino et al.(proprietary)*,,,17,,,,https://pubs.rsc.org/en/content/articlelanding/2021/ra/d1ra05785e,Uses NEF
dyr,Scardino et al.(proprietary)*,,,25.8,,,,https://pubs.rsc.org/en/content/articlelanding/2021/ra/d1ra05785e,Uses NEF
aldr,Scardino et al.(proprietary)*,,,36,,,,https://pubs.rsc.org/en/content/articlelanding/2021/ra/d1ra05785e,Uses NEF
lkha4,Scardino et al.(proprietary)*,,,14.7,,,,https://pubs.rsc.org/en/content/articlelanding/2021/ra/d1ra05785e,Uses NEF
ptn1,Scardino et al.(proprietary)*,,,24,,,,https://pubs.rsc.org/en/content/articlelanding/2021/ra/d1ra05785e,Uses NEF
pyrd,Scardino et al.(proprietary)*,,,34.7,,,,https://pubs.rsc.org/en/content/articlelanding/2021/ra/d1ra05785e,Uses NEF
reni,Scardino et al.(proprietary)*,,,55.6,,,,https://pubs.rsc.org/en/content/articlelanding/2021/ra/d1ra05785e,Uses NEF
hdac2,Scardino et al.(proprietary)*,,,27.7,,,,https://pubs.rsc.org/en/content/articlelanding/2021/ra/d1ra05785e,Uses NEF
hs90a,Scardino et al.(proprietary)*,,,15.4,,,,https://pubs.rsc.org/en/content/articlelanding/2021/ra/d1ra05785e,Uses NEF
abl1,Scardino et al.(proprietary)*,,,26.4,,,,https://pubs.rsc.org/en/content/articlelanding/2021/ra/d1ra05785e,Uses NEF
gria2,Scardino et al.(proprietary)*,,,29,,,,https://pubs.rsc.org/en/content/articlelanding/2021/ra/d1ra05785e,Uses NEF
esr1,Scardino et al.(proprietary)*,,,32.8,,,,https://pubs.rsc.org/en/content/articlelanding/2021/ra/d1ra05785e,Uses NEF
dhi1,Scardino et al.(proprietary)*,,,9,,,,https://pubs.rsc.org/en/content/articlelanding/2021/ra/d1ra05785e,Uses NEF
pgh1,Scardino et al.(proprietary)*,,,5.8,,,,https://pubs.rsc.org/en/content/articlelanding/2021/ra/d1ra05785e,Uses NEF
cdk2,Scardino et al.(proprietary)*,,,19,,,,https://pubs.rsc.org/en/content/articlelanding/2021/ra/d1ra05785e,Uses NEF
ace,Scardino et al.(proprietary)*,,,23,,,,https://pubs.rsc.org/en/content/articlelanding/2021/ra/d1ra05785e,Uses NEF
fa7,Scardino et al.(proprietary)*,,,34.3,,,,https://pubs.rsc.org/en/content/articlelanding/2021/ra/d1ra05785e,Uses NEF
kpcb,Scardino et al.(proprietary)*,,,54,,,,https://pubs.rsc.org/en/content/articlelanding/2021/ra/d1ra05785e,Uses NEF
igf1r,Scardino et al.(proprietary)*,,,39,,,,https://pubs.rsc.org/en/content/articlelanding/2021/ra/d1ra05785e,Uses NEF
hxk4,Scardino et al.(proprietary)*,,,15,,,,https://pubs.rsc.org/en/content/articlelanding/2021/ra/d1ra05785e,Uses NEF
prgr,Scardino et al.(proprietary)*,,,17,,,,https://pubs.rsc.org/en/content/articlelanding/2021/ra/d1ra05785e,Uses NEF
nram,Scardino et al.(proprietary)*,,,14,,,,https://pubs.rsc.org/en/content/articlelanding/2021/ra/d1ra05785e,Uses NEF
kith,Scardino et al.(proprietary)*,,,20,,,,https://pubs.rsc.org/en/content/articlelanding/2021/ra/d1ra05785e,Uses NEF
ital,Scardino et al.(proprietary)*,,,11.6,,,,https://pubs.rsc.org/en/content/articlelanding/2021/ra/d1ra05785e,Uses NEF
urok,Scardino et al.(proprietary)*,,,57,,,,https://pubs.rsc.org/en/content/articlelanding/2021/ra/d1ra05785e,Uses NEF
andr,Scardino et al.(proprietary)*,,,14,,,,https://pubs.rsc.org/en/content/articlelanding/2021/ra/d1ra05785e,Uses NEF
fabp4,Scardino et al.(free)*,,,27,,,,https://pubs.rsc.org/en/content/articlelanding/2021/ra/d1ra05785e,Uses NEF
hivrt,Scardino et al.(free)*,,,5,,,,https://pubs.rsc.org/en/content/articlelanding/2021/ra/d1ra05785e,Uses NEF
dyr,Scardino et al.(free)*,,,14.5,,,,https://pubs.rsc.org/en/content/articlelanding/2021/ra/d1ra05785e,Uses NEF
aldr,Scardino et al.(free)*,,,24,,,,https://pubs.rsc.org/en/content/articlelanding/2021/ra/d1ra05785e,Uses NEF
lkha4,Scardino et al.(free)*,,,23.6,,,,https://pubs.rsc.org/en/content/articlelanding/2021/ra/d1ra05785e,Uses NEF
ptn1,Scardino et al.(free)*,,,30,,,,https://pubs.rsc.org/en/content/articlelanding/2021/ra/d1ra05785e,Uses NEF
pyrd,Scardino et al.(free)*,,,28.3,,,,https://pubs.rsc.org/en/content/articlelanding/2021/ra/d1ra05785e,Uses NEF
reni,Scardino et al.(free)*,,,12.5,,,,https://pubs.rsc.org/en/content/articlelanding/2021/ra/d1ra05785e,Uses NEF
hdac2,Scardino et al.(free)*,,,23.9,,,,https://pubs.rsc.org/en/content/articlelanding/2021/ra/d1ra05785e,Uses NEF
hs90a,Scardino et al.(free)*,,,0,,,,https://pubs.rsc.org/en/content/articlelanding/2021/ra/d1ra05785e,Uses NEF
abl1,Scardino et al.(free)*,,,13.4,,,,https://pubs.rsc.org/en/content/articlelanding/2021/ra/d1ra05785e,Uses NEF
gria2,Scardino et al.(free)*,,,24,,,,https://pubs.rsc.org/en/content/articlelanding/2021/ra/d1ra05785e,Uses NEF
esr1,Scardino et al.(free)*,,,20.4,,,,https://pubs.rsc.org/en/content/articlelanding/2021/ra/d1ra05785e,Uses NEF
dhi1,Scardino et al.(free)*,,,7,,,,https://pubs.rsc.org/en/content/articlelanding/2021/ra/d1ra05785e,Uses NEF
pgh1,Scardino et al.(free)*,,,1.9,,,,https://pubs.rsc.org/en/content/articlelanding/2021/ra/d1ra05785e,Uses NEF
cdk2,Scardino et al.(free)*,,,16,,,,https://pubs.rsc.org/en/content/articlelanding/2021/ra/d1ra05785e,Uses NEF
ace,Scardino et al.(free)*,,,14,,,,https://pubs.rsc.org/en/content/articlelanding/2021/ra/d1ra05785e,Uses NEF
fa7,Scardino et al.(free)*,,,26.6,,,,https://pubs.rsc.org/en/content/articlelanding/2021/ra/d1ra05785e,Uses NEF
kpcb,Scardino et al.(free)*,,,46,,,,https://pubs.rsc.org/en/content/articlelanding/2021/ra/d1ra05785e,Uses NEF
igf1r,Scardino et al.(free)*,,,30,,,,https://pubs.rsc.org/en/content/articlelanding/2021/ra/d1ra05785e,Uses NEF
hxk4,Scardino et al.(free)*,,,2,,,,https://pubs.rsc.org/en/content/articlelanding/2021/ra/d1ra05785e,Uses NEF
prgr,Scardino et al.(free)*,,,8,,,,https://pubs.rsc.org/en/content/articlelanding/2021/ra/d1ra05785e,Uses NEF
nram,Scardino et al.(free)*,,,2,,,,https://pubs.rsc.org/en/content/articlelanding/2021/ra/d1ra05785e,Uses NEF
kith,Scardino et al.(free)*,,,8,,,,https://pubs.rsc.org/en/content/articlelanding/2021/ra/d1ra05785e,Uses NEF
ital,Scardino et al.(free)*,,,10.6,,,,https://pubs.rsc.org/en/content/articlelanding/2021/ra/d1ra05785e,Uses NEF
urok,Scardino et al.(free)*,,,43,,,,https://pubs.rsc.org/en/content/articlelanding/2021/ra/d1ra05785e,Uses NEF
andr,Scardino et al.(free)*,,,7,,,,https://pubs.rsc.org/en/content/articlelanding/2021/ra/d1ra05785e,Uses NEF
aa2ar,Gold,,,17.01,,0.87,0.29,https://pubs.acs.org/doi/10.1021/acs.jcim.2c01057,Uses non-normalized EF
abl1,Gold,,,26.92,,0.9,0.46,https://pubs.acs.org/doi/10.1021/acs.jcim.2c01057,Uses non-normalized EF
ace,Gold,,,14.54,,0.74,0.27,https://pubs.acs.org/doi/10.1021/acs.jcim.2c01057,Uses non-normalized EF
aces,Gold,,,22.52,,0.75,0.36,https://pubs.acs.org/doi/10.1021/acs.jcim.2c01057,Uses non-normalized EF
ada,Gold,,,18.28,,0.91,0.32,https://pubs.acs.org/doi/10.1021/acs.jcim.2c01057,Uses non-normalized EF
ada17,Gold,,,20.49,,0.77,0.34,https://pubs.acs.org/doi/10.1021/acs.jcim.2c01057,Uses non-normalized EF
adrb1,Gold,,,27.53,,0.86,0.45,https://pubs.acs.org/doi/10.1021/acs.jcim.2c01057,Uses non-normalized EF
adrb2,Gold,,,26.41,,0.87,0.42,https://pubs.acs.org/doi/10.1021/acs.jcim.2c01057,Uses non-normalized EF
akt1,Gold,,,20.48,,0.91,0.38,https://pubs.acs.org/doi/10.1021/acs.jcim.2c01057,Uses non-normalized EF
akt2,Gold,,,41.03,,0.94,0.63,https://pubs.acs.org/doi/10.1021/acs.jcim.2c01057,Uses non-normalized EF
aldr,Gold,,,23.9,,0.79,0.4,https://pubs.acs.org/doi/10.1021/acs.jcim.2c01057,Uses non-normalized EF
ampc,Gold,,,0,,0.75,0.04,https://pubs.acs.org/doi/10.1021/acs.jcim.2c01057,Uses non-normalized EF
andr,Gold,,,1.12,,0.57,0.04,https://pubs.acs.org/doi/10.1021/acs.jcim.2c01057,Uses non-normalized EF
aofb,Gold,,,16.39,,0.84,0.27,https://pubs.acs.org/doi/10.1021/acs.jcim.2c01057,Uses non-normalized EF
bace1,Gold,,,25.44,,0.78,0.41,https://pubs.acs.org/doi/10.1021/acs.jcim.2c01057,Uses non-normalized EF
braf,Gold,,,25,,0.91,0.39,https://pubs.acs.org/doi/10.1021/acs.jcim.2c01057,Uses non-normalized EF
cah2,Gold,,,16.7,,0.82,0.29,https://pubs.acs.org/doi/10.1021/acs.jcim.2c01057,Uses non-normalized EF
casp3,Gold,,,25.13,,0.91,0.49,https://pubs.acs.org/doi/10.1021/acs.jcim.2c01057,Uses non-normalized EF
cdk2,Gold,,,15.82,,0.85,0.29,https://pubs.acs.org/doi/10.1021/acs.jcim.2c01057,Uses non-normalized EF
comt,Gold,,,70.73,,0.99,0.82,https://pubs.acs.org/doi/10.1021/acs.jcim.2c01057,Uses non-normalized EF
cp2c9,Gold,,,5.83,,0.82,0.12,https://pubs.acs.org/doi/10.1021/acs.jcim.2c01057,Uses non-normalized EF
cp3a4,Gold,,,12.35,,0.77,0.22,https://pubs.acs.org/doi/10.1021/acs.jcim.2c01057,Uses non-normalized EF
csf1r,Gold,,,19.28,,0.87,0.34,https://pubs.acs.org/doi/10.1021/acs.jcim.2c01057,Uses non-normalized EF
cxcr4,Gold,,,2.5,,0.92,0.11,https://pubs.acs.org/doi/10.1021/acs.jcim.2c01057,Uses non-normalized EF
def,Gold,,,26.47,,0.91,0.48,https://pubs.acs.org/doi/10.1021/acs.jcim.2c01057,Uses non-normalized EF
dhi1,Gold,,,8.79,,0.75,0.16,https://pubs.acs.org/doi/10.1021/acs.jcim.2c01057,Uses non-normalized EF
dpp4,Gold,,,20.08,,0.75,0.3,https://pubs.acs.org/doi/10.1021/acs.jcim.2c01057,Uses non-normalized EF
drd3,Gold,,,11.04,,0.73,0.18,https://pubs.acs.org/doi/10.1021/acs.jcim.2c01057,Uses non-normalized EF
dyr,Gold,,,48.48,,0.92,0.66,https://pubs.acs.org/doi/10.1021/acs.jcim.2c01057,Uses non-normalized EF
egfr,Gold,,,25.09,,0.84,0.4,https://pubs.acs.org/doi/10.1021/acs.jcim.2c01057,Uses non-normalized EF
esr1,Gold,,,24.61,,0.76,0.42,https://pubs.acs.org/doi/10.1021/acs.jcim.2c01057,Uses non-normalized EF
esr2,Gold,,,17.49,,0.79,0.31,https://pubs.acs.org/doi/10.1021/acs.jcim.2c01057,Uses non-normalized EF
fa10,Gold,,,34.26,,0.9,0.72,https://pubs.acs.org/doi/10.1021/acs.jcim.2c01057,Uses non-normalized EF
fa7,Gold,,,45.61,,0.97,0.77,https://pubs.acs.org/doi/10.1021/acs.jcim.2c01057,Uses non-normalized EF
fabp4,Gold,,,31.91,,0.87,0.5,https://pubs.acs.org/doi/10.1021/acs.jcim.2c01057,Uses non-normalized EF
fak1,Gold,,,29,,0.95,0.52,https://pubs.acs.org/doi/10.1021/acs.jcim.2c01057,Uses non-normalized EF
fgfr1,Gold,,,3.6,,0.7,0.83,https://pubs.acs.org/doi/10.1021/acs.jcim.2c01057,Uses non-normalized EF
fkb1a,Gold,,,25,,0.84,0.39,https://pubs.acs.org/doi/10.1021/acs.jcim.2c01057,Uses non-normalized EF
fnta,Gold,,,21.62,,0.78,0.32,https://pubs.acs.org/doi/10.1021/acs.jcim.2c01057,Uses non-normalized EF
fpps,Gold,,,91.76,,1,0.97,https://pubs.acs.org/doi/10.1021/acs.jcim.2c01057,Uses non-normalized EF
gcr,Gold,,,6.98,,0.54,0.13,https://pubs.acs.org/doi/10.1021/acs.jcim.2c01057,Uses non-normalized EF
glcm,Gold,,,27.78,,0.9,0.4,https://pubs.acs.org/doi/10.1021/acs.jcim.2c01057,Uses non-normalized EF
gria2,Gold,,,14.56,,0.83,0.23,https://pubs.acs.org/doi/10.1021/acs.jcim.2c01057,Uses non-normalized EF
grik1,Gold,,,29.7,,0.92,0.47,https://pubs.acs.org/doi/10.1021/acs.jcim.2c01057,Uses non-normalized EF
hdac2,Gold,,,16.76,,0.88,0.32,https://pubs.acs.org/doi/10.1021/acs.jcim.2c01057,Uses non-normalized EF
hdac8,Gold,,,10,,0.87,0.21,https://pubs.acs.org/doi/10.1021/acs.jcim.2c01057,Uses non-normalized EF
hivint,Gold,,,9,,0.78,0.17,https://pubs.acs.org/doi/10.1021/acs.jcim.2c01057,Uses non-normalized EF
hivpr,Gold,,,17.91,,0.64,0.28,https://pubs.acs.org/doi/10.1021/acs.jcim.2c01057,Uses non-normalized EF
hivrt,Gold,,,12.72,,0.8,0.23,https://pubs.acs.org/doi/10.1021/acs.jcim.2c01057,Uses non-normalized EF
hmdh,Gold,,,24.12,,0.87,0.42,https://pubs.acs.org/doi/10.1021/acs.jcim.2c01057,Uses non-normalized EF
hs90a,Gold,,,13.64,,0.85,0.26,https://pubs.acs.org/doi/10.1021/acs.jcim.2c01057,Uses non-normalized EF
hxk4,Gold,,,14.13,,0.88,0.31,https://pubs.acs.org/doi/10.1021/acs.jcim.2c01057,Uses non-normalized EF
igf1r,Gold,,,28.38,,0.9,0.46,https://pubs.acs.org/doi/10.1021/acs.jcim.2c01057,Uses non-normalized EF
inha,Gold,,,25.58,,0.96,0.55,https://pubs.acs.org/doi/10.1021/acs.jcim.2c01057,Uses non-normalized EF
ital,Gold,,,6.52,,0.8,0.12,https://pubs.acs.org/doi/10.1021/acs.jcim.2c01057,Uses non-normalized EF
jak2,Gold,,,28.97,,0.94,0.49,https://pubs.acs.org/doi/10.1021/acs.jcim.2c01057,Uses non-normalized EF
kif11,Gold,,,33.62,,0.89,0.54,https://pubs.acs.org/doi/10.1021/acs.jcim.2c01057,Uses non-normalized EF
kit,Gold,,,14.46,,0.83,0.25,https://pubs.acs.org/doi/10.1021/acs.jcim.2c01057,Uses non-normalized EF
kith,Gold,,,15.79,,0.87,0.3,https://pubs.acs.org/doi/10.1021/acs.jcim.2c01057,Uses non-normalized EF
kpcb,Gold,,,28.89,,0.9,0.5,https://pubs.acs.org/doi/10.1021/acs.jcim.2c01057,Uses non-normalized EF
lck,Gold,,,15.48,,0.8,0.26,https://pubs.acs.org/doi/10.1021/acs.jcim.2c01057,Uses non-normalized EF
lkha4,Gold,,,13.45,,0.85,0.28,https://pubs.acs.org/doi/10.1021/acs.jcim.2c01057,Uses non-normalized EF
mapk2,Gold,,,21.78,,0.91,0.43,https://pubs.acs.org/doi/10.1021/acs.jcim.2c01057,Uses non-normalized EF
mcr,Gold,,,2.13,,0.54,0.05,https://pubs.acs.org/doi/10.1021/acs.jcim.2c01057,Uses non-normalized EF
met,Gold,,,39.76,,0.93,0.61,https://pubs.acs.org/doi/10.1021/acs.jcim.2c01057,Uses non-normalized EF
mk01,Gold,,,20.25,,0.94,0.44,https://pubs.acs.org/doi/10.1021/acs.jcim.2c01057,Uses non-normalized EF
mk10,Gold,,,23.08,,0.91,0.41,https://pubs.acs.org/doi/10.1021/acs.jcim.2c01057,Uses non-normalized EF
mk14,Gold,,,14.19,,0.82,0.26,https://pubs.acs.org/doi/10.1021/acs.jcim.2c01057,Uses non-normalized EF
mmp13,Gold,,,25.7,,0.76,0.4,https://pubs.acs.org/doi/10.1021/acs.jcim.2c01057,Uses non-normalized EF
mp2k1,Gold,,,23.14,,0.86,0.37,https://pubs.acs.org/doi/10.1021/acs.jcim.2c01057,Uses non-normalized EF
nos1,Gold,,,20,,0.87,0.3,https://pubs.acs.org/doi/10.1021/acs.jcim.2c01057,Uses non-normalized EF
nram,Gold,,,19.39,,0.93,0.39,https://pubs.acs.org/doi/10.1021/acs.jcim.2c01057,Uses non-normalized EF
pa2ga,Gold,,,20.2,,0.82,0.34,https://pubs.acs.org/doi/10.1021/acs.jcim.2c01057,Uses non-normalized EF
parp1,Gold,,,14.17,,0.8,0.24,https://pubs.acs.org/doi/10.1021/acs.jcim.2c01057,Uses non-normalized EF
pde5a,Gold,,,10.55,,0.73,0.18,https://pubs.acs.org/doi/10.1021/acs.jcim.2c01057,Uses non-normalized EF
pgh1,Gold,,,14.36,,0.73,0.25,https://pubs.acs.org/doi/10.1021/acs.jcim.2c01057,Uses non-normalized EF
pgh2,Gold,,,18.62,,0.77,0.33,https://pubs.acs.org/doi/10.1021/acs.jcim.2c01057,Uses non-normalized EF
plk1,Gold,,,30.84,,0.9,0.49,https://pubs.acs.org/doi/10.1021/acs.jcim.2c01057,Uses non-normalized EF
pnph,Gold,,,25.24,,0.94,0.47,https://pubs.acs.org/doi/10.1021/acs.jcim.2c01057,Uses non-normalized EF
ppara,Gold,,,17.43,,0.85,0.34,https://pubs.acs.org/doi/10.1021/acs.jcim.2c01057,Uses non-normalized EF
ppard,Gold,,,12.08,,0.84,0.24,https://pubs.acs.org/doi/10.1021/acs.jcim.2c01057,Uses non-normalized EF
pparg,Gold,,,17.36,,0.84,0.34,https://pubs.acs.org/doi/10.1021/acs.jcim.2c01057,Uses non-normalized EF
prgr,Gold,,,2.39,,0.64,0.07,https://pubs.acs.org/doi/10.1021/acs.jcim.2c01057,Uses non-normalized EF
ptn1,Gold,,,41.54,,0.91,0.66,https://pubs.acs.org/doi/10.1021/acs.jcim.2c01057,Uses non-normalized EF
pur2,Gold,,,56,,1,0.95,https://pubs.acs.org/doi/10.1021/acs.jcim.2c01057,Uses non-normalized EF
pygm,Gold,,,6.49,,0.8,0.19,https://pubs.acs.org/doi/10.1021/acs.jcim.2c01057,Uses non-normalized EF
pyrd,Gold,,,31.53,,0.85,0.52,https://pubs.acs.org/doi/10.1021/acs.jcim.2c01057,Uses non-normalized EF
reni,Gold,,,24.04,,0.85,0.44,https://pubs.acs.org/doi/10.1021/acs.jcim.2c01057,Uses non-normalized EF
rock1,Gold,,,12,,0.9,0.24,https://pubs.acs.org/doi/10.1021/acs.jcim.2c01057,Uses non-normalized EF
rxra,Gold,,,30.53,,0.82,0.52,https://pubs.acs.org/doi/10.1021/acs.jcim.2c01057,Uses non-normalized EF
sahh,Gold,,,42.86,,0.89,0.69,https://pubs.acs.org/doi/10.1021/acs.jcim.2c01057,Uses non-normalized EF
src,Gold,,,14.31,,0.77,0.24,https://pubs.acs.org/doi/10.1021/acs.jcim.2c01057,Uses non-normalized EF
tgfr1,Gold,,,38.35,,0.96,0.6,https://pubs.acs.org/doi/10.1021/acs.jcim.2c01057,Uses non-normalized EF
thb,Gold,,,31.07,,0.91,0.46,https://pubs.acs.org/doi/10.1021/acs.jcim.2c01057,Uses non-normalized EF
thrb,Gold,,,32.75,,0.85,0.53,https://pubs.acs.org/doi/10.1021/acs.jcim.2c01057,Uses non-normalized EF
try1,Gold,,,42.76,,0.88,0.67,https://pubs.acs.org/doi/10.1021/acs.jcim.2c01057,Uses non-normalized EF
tryb1,Gold,,,33.78,,0.9,0.6,https://pubs.acs.org/doi/10.1021/acs.jcim.2c01057,Uses non-normalized EF
tysy,Gold,,,45.87,,0.94,0.7,https://pubs.acs.org/doi/10.1021/acs.jcim.2c01057,Uses non-normalized EF
urok,Gold,,,43.21,,0.91,0.66,https://pubs.acs.org/doi/10.1021/acs.jcim.2c01057,Uses non-normalized EF
vgfr2,Gold,,,20.54,,0.82,0.35,https://pubs.acs.org/doi/10.1021/acs.jcim.2c01057,Uses non-normalized EF
wee1,Gold,,,61.76,,0.98,0.89,https://pubs.acs.org/doi/10.1021/acs.jcim.2c01057,Uses non-normalized EF
xiap,Gold,,,26,,0.94,0.5,https://pubs.acs.org/doi/10.1021/acs.jcim.2c01057,Uses non-normalized EF
aa2ar,Glide,,,5.21,,0.8,0.13,https://pubs.acs.org/doi/10.1021/acs.jcim.2c01057,Uses non-normalized EF
abl1,Glide,,,17.42,,0.74,0.33,https://pubs.acs.org/doi/10.1021/acs.jcim.2c01057,Uses non-normalized EF
ace,Glide,,,5.42,,0.72,0.09,https://pubs.acs.org/doi/10.1021/acs.jcim.2c01057,Uses non-normalized EF
aces,Glide,,,8.13,,0.67,0.16,https://pubs.acs.org/doi/10.1021/acs.jcim.2c01057,Uses non-normalized EF
ada,Glide,,,5.38,,0.68,0.15,https://pubs.acs.org/doi/10.1021/acs.jcim.2c01057,Uses non-normalized EF
ada17,Glide,,,28.91,,0.81,0.43,https://pubs.acs.org/doi/10.1021/acs.jcim.2c01057,Uses non-normalized EF
adrb1,Glide,,,18.7,,0.88,0.32,https://pubs.acs.org/doi/10.1021/acs.jcim.2c01057,Uses non-normalized EF
adrb2,Glide,,,27.71,,0.88,0.47,https://pubs.acs.org/doi/10.1021/acs.jcim.2c01057,Uses non-normalized EF
akt1,Glide,,,10.92,,0.78,0.21,https://pubs.acs.org/doi/10.1021/acs.jcim.2c01057,Uses non-normalized EF
akt2,Glide,,,24.35,,0.85,0.42,https://pubs.acs.org/doi/10.1021/acs.jcim.2c01057,Uses non-normalized EF
aldr,Glide,,,27.67,,0.79,0.43,https://pubs.acs.org/doi/10.1021/acs.jcim.2c01057,Uses non-normalized EF
ampc,Glide,,,2.08,,0.79,0.09,https://pubs.acs.org/doi/10.1021/acs.jcim.2c01057,Uses non-normalized EF
andr,Glide,,,25.7,,0.84,0.42,https://pubs.acs.org/doi/10.1021/acs.jcim.2c01057,Uses non-normalized EF
aofb,Glide,,,6.67,,0.76,0.14,https://pubs.acs.org/doi/10.1021/acs.jcim.2c01057,Uses non-normalized EF
bace1,Glide,,,14.13,,0.82,0.26,https://pubs.acs.org/doi/10.1021/acs.jcim.2c01057,Uses non-normalized EF
braf,Glide,,,29.8,,0.86,0.5,https://pubs.acs.org/doi/10.1021/acs.jcim.2c01057,Uses non-normalized EF
cah2,Glide,,,3.89,,0.77,0.08,https://pubs.acs.org/doi/10.1021/acs.jcim.2c01057,Uses non-normalized EF
casp3,Glide,,,27.78,,0.76,0.46,https://pubs.acs.org/doi/10.1021/acs.jcim.2c01057,Uses non-normalized EF
cdk2,Glide,,,29.87,,0.88,0.5,https://pubs.acs.org/doi/10.1021/acs.jcim.2c01057,Uses non-normalized EF
comt,Glide,,,83.78,,1,0.95,https://pubs.acs.org/doi/10.1021/acs.jcim.2c01057,Uses non-normalized EF
cp2c9,Glide,,,0.88,,0.64,0.04,https://pubs.acs.org/doi/10.1021/acs.jcim.2c01057,Uses non-normalized EF
cp3a4,Glide,,,11.8,,0.72,0.17,https://pubs.acs.org/doi/10.1021/acs.jcim.2c01057,Uses non-normalized EF
csf1r,Glide,,,18.4,,0.8,0.31,https://pubs.acs.org/doi/10.1021/acs.jcim.2c01057,Uses non-normalized EF
cxcr4,Glide,,,0,,0.72,0.01,https://pubs.acs.org/doi/10.1021/acs.jcim.2c01057,Uses non-normalized EF
def,Glide,,,5.13,,0.87,0.14,https://pubs.acs.org/doi/10.1021/acs.jcim.2c01057,Uses non-normalized EF
dhi1,Glide,,,7.03,,0.68,0.13,https://pubs.acs.org/doi/10.1021/acs.jcim.2c01057,Uses non-normalized EF
dpp4,Glide,,,11.84,,0.87,0.22,https://pubs.acs.org/doi/10.1021/acs.jcim.2c01057,Uses non-normalized EF
drd3,Glide,,,1.69,,0.72,0.04,https://pubs.acs.org/doi/10.1021/acs.jcim.2c01057,Uses non-normalized EF
dyr,Glide,,,30.87,,0.87,0.47,https://pubs.acs.org/doi/10.1021/acs.jcim.2c01057,Uses non-normalized EF
egfr,Glide,,,24.95,,0.84,0.41,https://pubs.acs.org/doi/10.1021/acs.jcim.2c01057,Uses non-normalized EF
esr1,Glide,,,48.78,,0.91,0.81,https://pubs.acs.org/doi/10.1021/acs.jcim.2c01057,Uses non-normalized EF
esr2,Glide,,,44.26,,0.94,0.75,https://pubs.acs.org/doi/10.1021/acs.jcim.2c01057,Uses non-normalized EF
fa10,Glide,,,13.74,,0.68,0.31,https://pubs.acs.org/doi/10.1021/acs.jcim.2c01057,Uses non-normalized EF
fa7,Glide,,,44.04,,0.91,0.71,https://pubs.acs.org/doi/10.1021/acs.jcim.2c01057,Uses non-normalized EF
fabp4,Glide,,,25.58,,0.85,0.48,https://pubs.acs.org/doi/10.1021/acs.jcim.2c01057,Uses non-normalized EF
fak1,Glide,,,20,,0.8,0.33,https://pubs.acs.org/doi/10.1021/acs.jcim.2c01057,Uses non-normalized EF
fgfr1,Glide,,,0,,0.48,0.04,https://pubs.acs.org/doi/10.1021/acs.jcim.2c01057,Uses non-normalized EF
fkb1a,Glide,,,41.82,,0.87,0.71,https://pubs.acs.org/doi/10.1021/acs.jcim.2c01057,Uses non-normalized EF
fnta,Glide,,,6.85,,0.75,0.12,https://pubs.acs.org/doi/10.1021/acs.jcim.2c01057,Uses non-normalized EF
fpps,Glide,,,1.23,,0.55,0.01,https://pubs.acs.org/doi/10.1021/acs.jcim.2c01057,Uses non-normalized EF
gcr,Glide,,,16.56,,0.72,0.25,https://pubs.acs.org/doi/10.1021/acs.jcim.2c01057,Uses non-normalized EF
glcm,Glide,,,11.11,,0.65,0.18,https://pubs.acs.org/doi/10.1021/acs.jcim.2c01057,Uses non-normalized EF
gria2,Glide,,,33.33,,0.77,0.48,https://pubs.acs.org/doi/10.1021/acs.jcim.2c01057,Uses non-normalized EF
grik1,Glide,,,20,,0.9,0.33,https://pubs.acs.org/doi/10.1021/acs.jcim.2c01057,Uses non-normalized EF
hdac2,Glide,,,15.84,,0.63,0.27,https://pubs.acs.org/doi/10.1021/acs.jcim.2c01057,Uses non-normalized EF
hdac8,Glide,,,2.45,,0.88,0.1,https://pubs.acs.org/doi/10.1021/acs.jcim.2c01057,Uses non-normalized EF
hivint,Glide,,,2.06,,0.72,0.04,https://pubs.acs.org/doi/10.1021/acs.jcim.2c01057,Uses non-normalized EF
hivpr,Glide,,,9.14,,0.72,0.16,https://pubs.acs.org/doi/10.1021/acs.jcim.2c01057,Uses non-normalized EF
hivrt,Glide,,,22.94,,0.83,0.41,https://pubs.acs.org/doi/10.1021/acs.jcim.2c01057,Uses non-normalized EF
hmdh,Glide,,,39.41,,0.92,0.69,https://pubs.acs.org/doi/10.1021/acs.jcim.2c01057,Uses non-normalized EF
hs90a,Glide,,,1.16,,0.65,0.03,https://pubs.acs.org/doi/10.1021/acs.jcim.2c01057,Uses non-normalized EF
hxk4,Glide,,,22.83,,0.57,0.38,https://pubs.acs.org/doi/10.1021/acs.jcim.2c01057,Uses non-normalized EF
igf1r,Glide,,,32.65,,0.86,0.5,https://pubs.acs.org/doi/10.1021/acs.jcim.2c01057,Uses non-normalized EF
inha,Glide,,,9.3,,0.56,0.15,https://pubs.acs.org/doi/10.1021/acs.jcim.2c01057,Uses non-normalized EF
ital,Glide,,,8.91,,0.68,0.13,https://pubs.acs.org/doi/10.1021/acs.jcim.2c01057,Uses non-normalized EF
jak2,Glide,,,33.77,,0.88,0.51,https://pubs.acs.org/doi/10.1021/acs.jcim.2c01057,Uses non-normalized EF
kif11,Glide,,,38.79,,0.9,0.59,https://pubs.acs.org/doi/10.1021/acs.jcim.2c01057,Uses non-normalized EF
kit,Glide,,,6.1,,0.65,0.11,https://pubs.acs.org/doi/10.1021/acs.jcim.2c01057,Uses non-normalized EF
kith,Glide,,,30.77,,0.72,0.63,https://pubs.acs.org/doi/10.1021/acs.jcim.2c01057,Uses non-normalized EF
kpcb,Glide,,,52.46,,0.86,0.69,https://pubs.acs.org/doi/10.1021/acs.jcim.2c01057,Uses non-normalized EF
lck,Glide,,,25.12,,0.83,0.39,https://pubs.acs.org/doi/10.1021/acs.jcim.2c01057,Uses non-normalized EF
lkha4,Glide,,,28.24,,0.94,0.57,https://pubs.acs.org/doi/10.1021/acs.jcim.2c01057,Uses non-normalized EF
mapk2,Glide,,,27.72,,0.92,0.49,https://pubs.acs.org/doi/10.1021/acs.jcim.2c01057,Uses non-normalized EF
mcr,Glide,,,29.41,,0.82,0.39,https://pubs.acs.org/doi/10.1021/acs.jcim.2c01057,Uses non-normalized EF
met,Glide,,,27.71,,0.83,0.44,https://pubs.acs.org/doi/10.1021/acs.jcim.2c01057,Uses non-normalized EF
mk01,Glide,,,12.66,,0.84,0.28,https://pubs.acs.org/doi/10.1021/acs.jcim.2c01057,Uses non-normalized EF
mk10,Glide,,,12.5,,0.85,0.26,https://pubs.acs.org/doi/10.1021/acs.jcim.2c01057,Uses non-normalized EF
mk14,Glide,,,22.15,,0.72,0.36,https://pubs.acs.org/doi/10.1021/acs.jcim.2c01057,Uses non-normalized EF
mmp13,Glide,,,18.41,,0.77,0.3,https://pubs.acs.org/doi/10.1021/acs.jcim.2c01057,Uses non-normalized EF
mp2k1,Glide,,,13.22,,0.75,0.22,https://pubs.acs.org/doi/10.1021/acs.jcim.2c01057,Uses non-normalized EF
nos1,Glide,,,14.29,,0.75,0.2,https://pubs.acs.org/doi/10.1021/acs.jcim.2c01057,Uses non-normalized EF
nram,Glide,,,41.84,,0.95,0.68,https://pubs.acs.org/doi/10.1021/acs.jcim.2c01057,Uses non-normalized EF
pa2ga,Glide,,,35.35,,0.79,0.59,https://pubs.acs.org/doi/10.1021/acs.jcim.2c01057,Uses non-normalized EF
parp1,Glide,,,41.12,,0.95,0.67,https://pubs.acs.org/doi/10.1021/acs.jcim.2c01057,Uses non-normalized EF
pde5a,Glide,,,21.77,,0.85,0.34,https://pubs.acs.org/doi/10.1021/acs.jcim.2c01057,Uses non-normalized EF
pgh1,Glide,,,17.11,,0.76,0.3,https://pubs.acs.org/doi/10.1021/acs.jcim.2c01057,Uses non-normalized EF
pgh2,Glide,,,34.91,,0.82,0.6,https://pubs.acs.org/doi/10.1021/acs.jcim.2c01057,Uses non-normalized EF
plk1,Glide,,,43.81,,0.91,0.62,https://pubs.acs.org/doi/10.1021/acs.jcim.2c01057,Uses non-normalized EF
pnph,Glide,,,7.77,,0.76,0.16,https://pubs.acs.org/doi/10.1021/acs.jcim.2c01057,Uses non-normalized EF
ppara,Glide,,,8.94,,0.73,0.21,https://pubs.acs.org/doi/10.1021/acs.jcim.2c01057,Uses non-normalized EF
ppard,Glide,,,3.61,,0.66,0.11,https://pubs.acs.org/doi/10.1021/acs.jcim.2c01057,Uses non-normalized EF
pparg,Glide,,,7.53,,0.74,0.17,https://pubs.acs.org/doi/10.1021/acs.jcim.2c01057,Uses non-normalized EF
prgr,Glide,,,19.05,,0.84,0.22,https://pubs.acs.org/doi/10.1021/acs.jcim.2c01057,Uses non-normalized EF
ptn1,Glide,,,15.45,,0.84,0.34,https://pubs.acs.org/doi/10.1021/acs.jcim.2c01057,Uses non-normalized EF
pur2,Glide,,,54,,0.99,0.97,https://pubs.acs.org/doi/10.1021/acs.jcim.2c01057,Uses non-normalized EF
pygm,Glide,,,1.3,,0.56,0.02,https://pubs.acs.org/doi/10.1021/acs.jcim.2c01057,Uses non-normalized EF
pyrd,Glide,,,41.18,,0.88,0.62,https://pubs.acs.org/doi/10.1021/acs.jcim.2c01057,Uses non-normalized EF
reni,Glide,,,33.98,,0.84,0.48,https://pubs.acs.org/doi/10.1021/acs.jcim.2c01057,Uses non-normalized EF
rock1,Glide,,,25.25,,0.84,0.41,https://pubs.acs.org/doi/10.1021/acs.jcim.2c01057,Uses non-normalized EF
rxra,Glide,,,39.32,,0.97,0.84,https://pubs.acs.org/doi/10.1021/acs.jcim.2c01057,Uses non-normalized EF
sahh,Glide,,,43.33,,0.98,0.96,https://pubs.acs.org/doi/10.1021/acs.jcim.2c01057,Uses non-normalized EF
src,Glide,,,12.21,,0.74,0.23,https://pubs.acs.org/doi/10.1021/acs.jcim.2c01057,Uses non-normalized EF
tgfr1,Glide,,,44.36,,0.96,0.67,https://pubs.acs.org/doi/10.1021/acs.jcim.2c01057,Uses non-normalized EF
thb,Glide,,,35.79,,0.85,0.61,https://pubs.acs.org/doi/10.1021/acs.jcim.2c01057,Uses non-normalized EF
thrb,Glide,,,39.47,,0.92,0.65,https://pubs.acs.org/doi/10.1021/acs.jcim.2c01057,Uses non-normalized EF
try1,Glide,,,44.19,,0.91,0.69,https://pubs.acs.org/doi/10.1021/acs.jcim.2c01057,Uses non-normalized EF
tryb1,Glide,,,28.57,,0.88,0.47,https://pubs.acs.org/doi/10.1021/acs.jcim.2c01057,Uses non-normalized EF
tysy,Glide,,,38.53,,0.93,0.64,https://pubs.acs.org/doi/10.1021/acs.jcim.2c01057,Uses non-normalized EF
urok,Glide,,,53.7,,0.92,0.79,https://pubs.acs.org/doi/10.1021/acs.jcim.2c01057,Uses non-normalized EF
vgfr2,Glide,,,17,,0.68,0.3,https://pubs.acs.org/doi/10.1021/acs.jcim.2c01057,Uses non-normalized EF
wee1,Glide,,,59.8,,1,0.99,https://pubs.acs.org/doi/10.1021/acs.jcim.2c01057,Uses non-normalized EF
xiap,Glide,,,50.51,,0.82,0.77,https://pubs.acs.org/doi/10.1021/acs.jcim.2c01057,Uses non-normalized EF
aa2ar,Flexx,,,6.02,,0.74,0.11,https://pubs.acs.org/doi/10.1021/acs.jcim.2c01057,Uses non-normalized EF
abl1,Flexx,,,27.78,,0.85,0.48,https://pubs.acs.org/doi/10.1021/acs.jcim.2c01057,Uses non-normalized EF
ace,Flexx,,,1.42,,0.61,0.03,https://pubs.acs.org/doi/10.1021/acs.jcim.2c01057,Uses non-normalized EF
aces,Flexx,,,1.35,,0.57,0.03,https://pubs.acs.org/doi/10.1021/acs.jcim.2c01057,Uses non-normalized EF
ada,Flexx,,,10.75,,0.55,0.2,https://pubs.acs.org/doi/10.1021/acs.jcim.2c01057,Uses non-normalized EF
ada17,Flexx,,,1.89,,0.6,0.04,https://pubs.acs.org/doi/10.1021/acs.jcim.2c01057,Uses non-normalized EF
adrb1,Flexx,,,9.35,,0.76,0.18,https://pubs.acs.org/doi/10.1021/acs.jcim.2c01057,Uses non-normalized EF
adrb2,Flexx,,,20,,0.84,0.34,https://pubs.acs.org/doi/10.1021/acs.jcim.2c01057,Uses non-normalized EF
akt1,Flexx,,,5.17,,0.73,0.1,https://pubs.acs.org/doi/10.1021/acs.jcim.2c01057,Uses non-normalized EF
akt2,Flexx,,,13.68,,0.86,0.24,https://pubs.acs.org/doi/10.1021/acs.jcim.2c01057,Uses non-normalized EF
aldr,Flexx,,,11.95,,0.74,0.22,https://pubs.acs.org/doi/10.1021/acs.jcim.2c01057,Uses non-normalized EF
ampc,Flexx,,,0,,0.67,0.04,https://pubs.acs.org/doi/10.1021/acs.jcim.2c01057,Uses non-normalized EF
andr,Flexx,,,0,,0.41,0.01,https://pubs.acs.org/doi/10.1021/acs.jcim.2c01057,Uses non-normalized EF
aofb,Flexx,,,5.26,,0.71,0.11,https://pubs.acs.org/doi/10.1021/acs.jcim.2c01057,Uses non-normalized EF
bace1,Flexx,,,11.11,,0.76,0.21,https://pubs.acs.org/doi/10.1021/acs.jcim.2c01057,Uses non-normalized EF
braf,Flexx,,,23.03,,0.89,0.41,https://pubs.acs.org/doi/10.1021/acs.jcim.2c01057,Uses non-normalized EF
cah2,Flexx,,,7.39,,0.73,0.13,https://pubs.acs.org/doi/10.1021/acs.jcim.2c01057,Uses non-normalized EF
casp3,Flexx,,,22.11,,0.7,0.38,https://pubs.acs.org/doi/10.1021/acs.jcim.2c01057,Uses non-normalized EF
cdk2,Flexx,,,11.8,,0.76,0.22,https://pubs.acs.org/doi/10.1021/acs.jcim.2c01057,Uses non-normalized EF
comt,Flexx,,,9.76,,0.66,0.15,https://pubs.acs.org/doi/10.1021/acs.jcim.2c01057,Uses non-normalized EF
cp2c9,Flexx,,,9.09,,0.7,0.17,https://pubs.acs.org/doi/10.1021/acs.jcim.2c01057,Uses non-normalized EF
cp3a4,Flexx,,,4.19,,0.6,0.07,https://pubs.acs.org/doi/10.1021/acs.jcim.2c01057,Uses non-normalized EF
csf1r,Flexx,,,24.54,,0.84,0.38,https://pubs.acs.org/doi/10.1021/acs.jcim.2c01057,Uses non-normalized EF
cxcr4,Flexx,,,0,,0.47,0.01,https://pubs.acs.org/doi/10.1021/acs.jcim.2c01057,Uses non-normalized EF
def,Flexx,,,0,,0.7,0.01,https://pubs.acs.org/doi/10.1021/acs.jcim.2c01057,Uses non-normalized EF
dhi1,Flexx,,,0.63,,0.49,0.01,https://pubs.acs.org/doi/10.1021/acs.jcim.2c01057,Uses non-normalized EF
dpp4,Flexx,,,11.84,,0.86,0.22,https://pubs.acs.org/doi/10.1021/acs.jcim.2c01057,Uses non-normalized EF
drd3,Flexx,,,2.51,,0.67,0.05,https://pubs.acs.org/doi/10.1021/acs.jcim.2c01057,Uses non-normalized EF
dyr,Flexx,,,10.43,,0.67,0.17,https://pubs.acs.org/doi/10.1021/acs.jcim.2c01057,Uses non-normalized EF
egfr,Flexx,,,19.29,,0.83,0.31,https://pubs.acs.org/doi/10.1021/acs.jcim.2c01057,Uses non-normalized EF
esr1,Flexx,,,31.73,,0.8,0.51,https://pubs.acs.org/doi/10.1021/acs.jcim.2c01057,Uses non-normalized EF
esr2,Flexx,,,31.02,,0.84,0.51,https://pubs.acs.org/doi/10.1021/acs.jcim.2c01057,Uses non-normalized EF
fa10,Flexx,,,33.08,,0.88,0.72,https://pubs.acs.org/doi/10.1021/acs.jcim.2c01057,Uses non-normalized EF
fa7,Flexx,,,55.26,,0.97,0.9,https://pubs.acs.org/doi/10.1021/acs.jcim.2c01057,Uses non-normalized EF
fabp4,Flexx,,,17.02,,0.87,0.33,https://pubs.acs.org/doi/10.1021/acs.jcim.2c01057,Uses non-normalized EF
fak1,Flexx,,,15,,0.88,0.31,https://pubs.acs.org/doi/10.1021/acs.jcim.2c01057,Uses non-normalized EF
fgfr1,Flexx,,,0.76,,0.59,0.3,https://pubs.acs.org/doi/10.1021/acs.jcim.2c01057,Uses non-normalized EF
fkb1a,Flexx,,,0,,0.58,0.01,https://pubs.acs.org/doi/10.1021/acs.jcim.2c01057,Uses non-normalized EF
fnta,Flexx,,,6.26,,0.76,0.11,https://pubs.acs.org/doi/10.1021/acs.jcim.2c01057,Uses non-normalized EF
fpps,Flexx,,,1.18,,0.82,0.07,https://pubs.acs.org/doi/10.1021/acs.jcim.2c01057,Uses non-normalized EF
gcr,Flexx,,,7.63,,0.54,0.13,https://pubs.acs.org/doi/10.1021/acs.jcim.2c01057,Uses non-normalized EF
glcm,Flexx,,,5.56,,0.69,0.16,https://pubs.acs.org/doi/10.1021/acs.jcim.2c01057,Uses non-normalized EF
gria2,Flexx,,,7.59,,0.76,0.13,https://pubs.acs.org/doi/10.1021/acs.jcim.2c01057,Uses non-normalized EF
grik1,Flexx,,,19.8,,0.87,0.38,https://pubs.acs.org/doi/10.1021/acs.jcim.2c01057,Uses non-normalized EF
hdac2,Flexx,,,16.3,,0.81,0.29,https://pubs.acs.org/doi/10.1021/acs.jcim.2c01057,Uses non-normalized EF
hdac8,Flexx,,,12.94,,0.76,0.23,https://pubs.acs.org/doi/10.1021/acs.jcim.2c01057,Uses non-normalized EF
hivint,Flexx,,,4,,0.67,0.07,https://pubs.acs.org/doi/10.1021/acs.jcim.2c01057,Uses non-normalized EF
hivpr,Flexx,,,2.08,,0.55,0.04,https://pubs.acs.org/doi/10.1021/acs.jcim.2c01057,Uses non-normalized EF
hivrt,Flexx,,,2.08,,0.61,0.05,https://pubs.acs.org/doi/10.1021/acs.jcim.2c01057,Uses non-normalized EF
hmdh,Flexx,,,1.76,,0.67,0.05,https://pubs.acs.org/doi/10.1021/acs.jcim.2c01057,Uses non-normalized EF
hs90a,Flexx,,,2.35,,0.34,0.03,https://pubs.acs.org/doi/10.1021/acs.jcim.2c01057,Uses non-normalized EF
hxk4,Flexx,,,4.35,,0.67,0.09,https://pubs.acs.org/doi/10.1021/acs.jcim.2c01057,Uses non-normalized EF
igf1r,Flexx,,,27.7,,0.89,0.47,https://pubs.acs.org/doi/10.1021/acs.jcim.2c01057,Uses non-normalized EF
inha,Flexx,,,9.3,,0.69,0.12,https://pubs.acs.org/doi/10.1021/acs.jcim.2c01057,Uses non-normalized EF
ital,Flexx,,,1.45,,0.61,0.03,https://pubs.acs.org/doi/10.1021/acs.jcim.2c01057,Uses non-normalized EF
jak2,Flexx,,,8.41,,0.83,0.16,https://pubs.acs.org/doi/10.1021/acs.jcim.2c01057,Uses non-normalized EF
kif11,Flexx,,,2.59,,0.69,0.09,https://pubs.acs.org/doi/10.1021/acs.jcim.2c01057,Uses non-normalized EF
kit,Flexx,,,7.88,,0.79,0.16,https://pubs.acs.org/doi/10.1021/acs.jcim.2c01057,Uses non-normalized EF
kith,Flexx,,,0,,0.82,0.08,https://pubs.acs.org/doi/10.1021/acs.jcim.2c01057,Uses non-normalized EF
kpcb,Flexx,,,27.48,,0.8,0.44,https://pubs.acs.org/doi/10.1021/acs.jcim.2c01057,Uses non-normalized EF
lck,Flexx,,,18.12,,0.84,0.31,https://pubs.acs.org/doi/10.1021/acs.jcim.2c01057,Uses non-normalized EF
lkha4,Flexx,,,7.6,,0.83,0.15,https://pubs.acs.org/doi/10.1021/acs.jcim.2c01057,Uses non-normalized EF
mapk2,Flexx,,,6.93,,0.81,0.2,https://pubs.acs.org/doi/10.1021/acs.jcim.2c01057,Uses non-normalized EF
mcr,Flexx,,,0,,0.41,0.01,https://pubs.acs.org/doi/10.1021/acs.jcim.2c01057,Uses non-normalized EF
met,Flexx,,,18.07,,0.82,0.35,https://pubs.acs.org/doi/10.1021/acs.jcim.2c01057,Uses non-normalized EF
mk01,Flexx,,,21.52,,0.87,0.38,https://pubs.acs.org/doi/10.1021/acs.jcim.2c01057,Uses non-normalized EF
mk10,Flexx,,,14.42,,0.78,0.25,https://pubs.acs.org/doi/10.1021/acs.jcim.2c01057,Uses non-normalized EF
mk14,Flexx,,,14.19,,0.85,0.26,https://pubs.acs.org/doi/10.1021/acs.jcim.2c01057,Uses non-normalized EF
mmp13,Flexx,,,4.2,,0.63,0.08,https://pubs.acs.org/doi/10.1021/acs.jcim.2c01057,Uses non-normalized EF
mp2k1,Flexx,,,8.33,,0.81,0.16,https://pubs.acs.org/doi/10.1021/acs.jcim.2c01057,Uses non-normalized EF
nos1,Flexx,,,7.07,,0.76,0.14,https://pubs.acs.org/doi/10.1021/acs.jcim.2c01057,Uses non-normalized EF
nram,Flexx,,,14.29,,0.82,0.21,https://pubs.acs.org/doi/10.1021/acs.jcim.2c01057,Uses non-normalized EF
pa2ga,Flexx,,,17.53,,0.72,0.32,https://pubs.acs.org/doi/10.1021/acs.jcim.2c01057,Uses non-normalized EF
parp1,Flexx,,,12.4,,0.84,0.22,https://pubs.acs.org/doi/10.1021/acs.jcim.2c01057,Uses non-normalized EF
pde5a,Flexx,,,1.76,,0.65,0.04,https://pubs.acs.org/doi/10.1021/acs.jcim.2c01057,Uses non-normalized EF
pgh1,Flexx,,,5.21,,0.63,0.09,https://pubs.acs.org/doi/10.1021/acs.jcim.2c01057,Uses non-normalized EF
pgh2,Flexx,,,11.08,,0.75,0.22,https://pubs.acs.org/doi/10.1021/acs.jcim.2c01057,Uses non-normalized EF
plk1,Flexx,,,8.41,,0.81,0.19,https://pubs.acs.org/doi/10.1021/acs.jcim.2c01057,Uses non-normalized EF
pnph,Flexx,,,10.68,,0.74,0.17,https://pubs.acs.org/doi/10.1021/acs.jcim.2c01057,Uses non-normalized EF
ppara,Flexx,,,3.77,,0.75,0.1,https://pubs.acs.org/doi/10.1021/acs.jcim.2c01057,Uses non-normalized EF
ppard,Flexx,,,1.25,,0.68,0.04,https://pubs.acs.org/doi/10.1021/acs.jcim.2c01057,Uses non-normalized EF
pparg,Flexx,,,1.66,,0.67,0.04,https://pubs.acs.org/doi/10.1021/acs.jcim.2c01057,Uses non-normalized EF
prgr,Flexx,,,3.64,,0.68,0.09,https://pubs.acs.org/doi/10.1021/acs.jcim.2c01057,Uses non-normalized EF
ptn1,Flexx,,,14.84,,0.82,0.28,https://pubs.acs.org/doi/10.1021/acs.jcim.2c01057,Uses non-normalized EF
pur2,Flexx,,,56,,1,0.98,https://pubs.acs.org/doi/10.1021/acs.jcim.2c01057,Uses non-normalized EF
pygm,Flexx,,,9.09,,0.74,0.13,https://pubs.acs.org/doi/10.1021/acs.jcim.2c01057,Uses non-normalized EF
pyrd,Flexx,,,29.09,,0.83,0.49,https://pubs.acs.org/doi/10.1021/acs.jcim.2c01057,Uses non-normalized EF
reni,Flexx,,,11.65,,0.73,0.21,https://pubs.acs.org/doi/10.1021/acs.jcim.2c01057,Uses non-normalized EF
rock1,Flexx,,,23,,0.91,0.39,https://pubs.acs.org/doi/10.1021/acs.jcim.2c01057,Uses non-normalized EF
rxra,Flexx,,,7.69,,0.8,0.24,https://pubs.acs.org/doi/10.1021/acs.jcim.2c01057,Uses non-normalized EF
sahh,Flexx,,,30.16,,0.91,0.58,https://pubs.acs.org/doi/10.1021/acs.jcim.2c01057,Uses non-normalized EF
src,Flexx,,,14.76,,0.8,0.24,https://pubs.acs.org/doi/10.1021/acs.jcim.2c01057,Uses non-normalized EF
tgfr1,Flexx,,,25.56,,0.89,0.43,https://pubs.acs.org/doi/10.1021/acs.jcim.2c01057,Uses non-normalized EF
thb,Flexx,,,15.53,,0.83,0.28,https://pubs.acs.org/doi/10.1021/acs.jcim.2c01057,Uses non-normalized EF
thrb,Flexx,,,33.11,,0.88,0.55,https://pubs.acs.org/doi/10.1021/acs.jcim.2c01057,Uses non-normalized EF
try1,Flexx,,,50.56,,0.9,0.78,https://pubs.acs.org/doi/10.1021/acs.jcim.2c01057,Uses non-normalized EF
tryb1,Flexx,,,27.89,,0.86,0.45,https://pubs.acs.org/doi/10.1021/acs.jcim.2c01057,Uses non-normalized EF
tysy,Flexx,,,18.35,,0.84,0.32,https://pubs.acs.org/doi/10.1021/acs.jcim.2c01057,Uses non-normalized EF
urok,Flexx,,,47.53,,0.93,0.7,https://pubs.acs.org/doi/10.1021/acs.jcim.2c01057,Uses non-normalized EF
vgfr2,Flexx,,,31.68,,0.85,0.5,https://pubs.acs.org/doi/10.1021/acs.jcim.2c01057,Uses non-normalized EF
wee1,Flexx,,,40.2,,0.96,0.65,https://pubs.acs.org/doi/10.1021/acs.jcim.2c01057,Uses non-normalized EF
xiap,Flexx,,,27,,0.91,0.58,https://pubs.acs.org/doi/10.1021/acs.jcim.2c01057,Uses non-normalized EF
aa2ar,Surflex,,,19.71,,0.74,0.32,https://pubs.acs.org/doi/10.1021/acs.jcim.2c01057,Uses non-normalized EF
abl1,Surflex,,,17.03,,0.85,0.3,https://pubs.acs.org/doi/10.1021/acs.jcim.2c01057,Uses non-normalized EF
ace,Surflex,,,2.48,,0.61,0.07,https://pubs.acs.org/doi/10.1021/acs.jcim.2c01057,Uses non-normalized EF
aces,Surflex,,,20.31,,0.57,0.34,https://pubs.acs.org/doi/10.1021/acs.jcim.2c01057,Uses non-normalized EF
ada,Surflex,,,9.68,,0.55,0.18,https://pubs.acs.org/doi/10.1021/acs.jcim.2c01057,Uses non-normalized EF
ada17,Surflex,,,35.9,,0.6,0.57,https://pubs.acs.org/doi/10.1021/acs.jcim.2c01057,Uses non-normalized EF
adrb1,Surflex,,,15.38,,0.76,0.26,https://pubs.acs.org/doi/10.1021/acs.jcim.2c01057,Uses non-normalized EF
adrb2,Surflex,,,20.35,,0.84,0.33,https://pubs.acs.org/doi/10.1021/acs.jcim.2c01057,Uses non-normalized EF
akt1,Surflex,,,4.44,,0.73,0.08,https://pubs.acs.org/doi/10.1021/acs.jcim.2c01057,Uses non-normalized EF
akt2,Surflex,,,14.53,,0.86,0.24,https://pubs.acs.org/doi/10.1021/acs.jcim.2c01057,Uses non-normalized EF
aldr,Surflex,,,7.55,,0.74,0.15,https://pubs.acs.org/doi/10.1021/acs.jcim.2c01057,Uses non-normalized EF
ampc,Surflex,,,0,,0.67,0.02,https://pubs.acs.org/doi/10.1021/acs.jcim.2c01057,Uses non-normalized EF
andr,Surflex,,,4.09,,0.41,0.08,https://pubs.acs.org/doi/10.1021/acs.jcim.2c01057,Uses non-normalized EF
aofb,Surflex,,,4.92,,0.71,0.1,https://pubs.acs.org/doi/10.1021/acs.jcim.2c01057,Uses non-normalized EF
bace1,Surflex,,,17.31,,0.76,0.29,https://pubs.acs.org/doi/10.1021/acs.jcim.2c01057,Uses non-normalized EF
braf,Surflex,,,5.26,,0.89,0.1,https://pubs.acs.org/doi/10.1021/acs.jcim.2c01057,Uses non-normalized EF
cah2,Surflex,,,3.05,,0.73,0.06,https://pubs.acs.org/doi/10.1021/acs.jcim.2c01057,Uses non-normalized EF
casp3,Surflex,,,12.56,,0.7,0.23,https://pubs.acs.org/doi/10.1021/acs.jcim.2c01057,Uses non-normalized EF
cdk2,Surflex,,,3.16,,0.76,0.07,https://pubs.acs.org/doi/10.1021/acs.jcim.2c01057,Uses non-normalized EF
comt,Surflex,,,2.44,,0.66,0.05,https://pubs.acs.org/doi/10.1021/acs.jcim.2c01057,Uses non-normalized EF
cp2c9,Surflex,,,3.33,,0.7,0.05,https://pubs.acs.org/doi/10.1021/acs.jcim.2c01057,Uses non-normalized EF
cp3a4,Surflex,,,8.82,,0.6,0.14,https://pubs.acs.org/doi/10.1021/acs.jcim.2c01057,Uses non-normalized EF
csf1r,Surflex,,,3.01,,0.84,0.05,https://pubs.acs.org/doi/10.1021/acs.jcim.2c01057,Uses non-normalized EF
cxcr4,Surflex,,,15,,0.47,0.26,https://pubs.acs.org/doi/10.1021/acs.jcim.2c01057,Uses non-normalized EF
def,Surflex,,,32.35,,0.7,0.59,https://pubs.acs.org/doi/10.1021/acs.jcim.2c01057,Uses non-normalized EF
dhi1,Surflex,,,3.64,,0.49,0.09,https://pubs.acs.org/doi/10.1021/acs.jcim.2c01057,Uses non-normalized EF
dpp4,Surflex,,,6.38,,0.86,0.1,https://pubs.acs.org/doi/10.1021/acs.jcim.2c01057,Uses non-normalized EF
drd3,Surflex,,,7.08,,0.67,0.13,https://pubs.acs.org/doi/10.1021/acs.jcim.2c01057,Uses non-normalized EF
dyr,Surflex,,,25.54,,0.67,0.4,https://pubs.acs.org/doi/10.1021/acs.jcim.2c01057,Uses non-normalized EF
egfr,Surflex,,,13.65,,0.83,0.22,https://pubs.acs.org/doi/10.1021/acs.jcim.2c01057,Uses non-normalized EF
esr1,Surflex,,,27.15,,0.8,0.47,https://pubs.acs.org/doi/10.1021/acs.jcim.2c01057,Uses non-normalized EF
esr2,Surflex,,,21.8,,0.84,0.39,https://pubs.acs.org/doi/10.1021/acs.jcim.2c01057,Uses non-normalized EF
fa10,Surflex,,,8.57,,0.88,0.24,https://pubs.acs.org/doi/10.1021/acs.jcim.2c01057,Uses non-normalized EF
fa7,Surflex,,,42.11,,0.97,0.73,https://pubs.acs.org/doi/10.1021/acs.jcim.2c01057,Uses non-normalized EF
fabp4,Surflex,,,2.13,,0.87,0.1,https://pubs.acs.org/doi/10.1021/acs.jcim.2c01057,Uses non-normalized EF
fak1,Surflex,,,5,,0.88,0.09,https://pubs.acs.org/doi/10.1021/acs.jcim.2c01057,Uses non-normalized EF
fgfr1,Surflex,,,0.72,,0.59,0.28,https://pubs.acs.org/doi/10.1021/acs.jcim.2c01057,Uses non-normalized EF
fkb1a,Surflex,,,9.91,,0.58,0.19,https://pubs.acs.org/doi/10.1021/acs.jcim.2c01057,Uses non-normalized EF
fnta,Surflex,,,4.94,,0.76,0.13,https://pubs.acs.org/doi/10.1021/acs.jcim.2c01057,Uses non-normalized EF
fpps,Surflex,,,1.18,,0.82,0.03,https://pubs.acs.org/doi/10.1021/acs.jcim.2c01057,Uses non-normalized EF
gcr,Surflex,,,15.12,,0.54,0.26,https://pubs.acs.org/doi/10.1021/acs.jcim.2c01057,Uses non-normalized EF
glcm,Surflex,,,31.48,,0.69,0.49,https://pubs.acs.org/doi/10.1021/acs.jcim.2c01057,Uses non-normalized EF
gria2,Surflex,,,8.23,,0.76,0.14,https://pubs.acs.org/doi/10.1021/acs.jcim.2c01057,Uses non-normalized EF
grik1,Surflex,,,6.93,,0.87,0.18,https://pubs.acs.org/doi/10.1021/acs.jcim.2c01057,Uses non-normalized EF
hdac2,Surflex,,,12.97,,0.81,0.26,https://pubs.acs.org/doi/10.1021/acs.jcim.2c01057,Uses non-normalized EF
hdac8,Surflex,,,5.29,,0.76,0.09,https://pubs.acs.org/doi/10.1021/acs.jcim.2c01057,Uses non-normalized EF
hivint,Surflex,,,3,,0.67,0.07,https://pubs.acs.org/doi/10.1021/acs.jcim.2c01057,Uses non-normalized EF
hivpr,Surflex,,,5.04,,0.55,0.11,https://pubs.acs.org/doi/10.1021/acs.jcim.2c01057,Uses non-normalized EF
hivrt,Surflex,,,4.73,,0.61,0.09,https://pubs.acs.org/doi/10.1021/acs.jcim.2c01057,Uses non-normalized EF
hmdh,Surflex,,,17.06,,0.67,0.34,https://pubs.acs.org/doi/10.1021/acs.jcim.2c01057,Uses non-normalized EF
hs90a,Surflex,,,1.14,,0.34,0.02,https://pubs.acs.org/doi/10.1021/acs.jcim.2c01057,Uses non-normalized EF
hxk4,Surflex,,,0,,0.67,0.03,https://pubs.acs.org/doi/10.1021/acs.jcim.2c01057,Uses non-normalized EF
igf1r,Surflex,,,10.81,,0.89,0.19,https://pubs.acs.org/doi/10.1021/acs.jcim.2c01057,Uses non-normalized EF
inha,Surflex,,,4.65,,0.69,0.19,https://pubs.acs.org/doi/10.1021/acs.jcim.2c01057,Uses non-normalized EF
ital,Surflex,,,2.9,,0.61,0.04,https://pubs.acs.org/doi/10.1021/acs.jcim.2c01057,Uses non-normalized EF
jak2,Surflex,,,14.95,,0.83,0.21,https://pubs.acs.org/doi/10.1021/acs.jcim.2c01057,Uses non-normalized EF
kif11,Surflex,,,6.03,,0.69,0.11,https://pubs.acs.org/doi/10.1021/acs.jcim.2c01057,Uses non-normalized EF
kit,Surflex,,,3.01,,0.79,0.06,https://pubs.acs.org/doi/10.1021/acs.jcim.2c01057,Uses non-normalized EF
kith,Surflex,,,42.11,,0.82,0.7,https://pubs.acs.org/doi/10.1021/acs.jcim.2c01057,Uses non-normalized EF
kpcb,Surflex,,,27.41,,0.8,0.44,https://pubs.acs.org/doi/10.1021/acs.jcim.2c01057,Uses non-normalized EF
lck,Surflex,,,13.57,,0.84,0.22,https://pubs.acs.org/doi/10.1021/acs.jcim.2c01057,Uses non-normalized EF
lkha4,Surflex,,,18.71,,0.83,0.34,https://pubs.acs.org/doi/10.1021/acs.jcim.2c01057,Uses non-normalized EF
mapk2,Surflex,,,2.97,,0.81,0.05,https://pubs.acs.org/doi/10.1021/acs.jcim.2c01057,Uses non-normalized EF
mcr,Surflex,,,2.13,,0.41,0.06,https://pubs.acs.org/doi/10.1021/acs.jcim.2c01057,Uses non-normalized EF
met,Surflex,,,9.04,,0.82,0.15,https://pubs.acs.org/doi/10.1021/acs.jcim.2c01057,Uses non-normalized EF
mk01,Surflex,,,1.27,,0.87,0.04,https://pubs.acs.org/doi/10.1021/acs.jcim.2c01057,Uses non-normalized EF
mk10,Surflex,,,3.85,,0.78,0.07,https://pubs.acs.org/doi/10.1021/acs.jcim.2c01057,Uses non-normalized EF
mk14,Surflex,,,3.29,,0.85,0.06,https://pubs.acs.org/doi/10.1021/acs.jcim.2c01057,Uses non-normalized EF
mmp13,Surflex,,,12.76,,0.63,0.24,https://pubs.acs.org/doi/10.1021/acs.jcim.2c01057,Uses non-normalized EF
mp2k1,Surflex,,,0,,0.81,0.02,https://pubs.acs.org/doi/10.1021/acs.jcim.2c01057,Uses non-normalized EF
nos1,Surflex,,,24,,0.76,0.33,https://pubs.acs.org/doi/10.1021/acs.jcim.2c01057,Uses non-normalized EF
nram,Surflex,,,22.45,,0.82,0.4,https://pubs.acs.org/doi/10.1021/acs.jcim.2c01057,Uses non-normalized EF
pa2ga,Surflex,,,2.02,,0.72,0.06,https://pubs.acs.org/doi/10.1021/acs.jcim.2c01057,Uses non-normalized EF
parp1,Surflex,,,19.09,,0.84,0.32,https://pubs.acs.org/doi/10.1021/acs.jcim.2c01057,Uses non-normalized EF
pde5a,Surflex,,,8.79,,0.65,0.15,https://pubs.acs.org/doi/10.1021/acs.jcim.2c01057,Uses non-normalized EF
pgh1,Surflex,,,7.18,,0.63,0.16,https://pubs.acs.org/doi/10.1021/acs.jcim.2c01057,Uses non-normalized EF
pgh2,Surflex,,,14.94,,0.75,0.28,https://pubs.acs.org/doi/10.1021/acs.jcim.2c01057,Uses non-normalized EF
plk1,Surflex,,,3.74,,0.81,0.07,https://pubs.acs.org/doi/10.1021/acs.jcim.2c01057,Uses non-normalized EF
pnph,Surflex,,,10.68,,0.74,0.18,https://pubs.acs.org/doi/10.1021/acs.jcim.2c01057,Uses non-normalized EF
ppara,Surflex,,,12.6,,0.75,0.26,https://pubs.acs.org/doi/10.1021/acs.jcim.2c01057,Uses non-normalized EF
ppard,Surflex,,,10.42,,0.68,0.24,https://pubs.acs.org/doi/10.1021/acs.jcim.2c01057,Uses non-normalized EF
pparg,Surflex,,,4.96,,0.67,0.11,https://pubs.acs.org/doi/10.1021/acs.jcim.2c01057,Uses non-normalized EF
prgr,Surflex,,,4.44,,0.68,0.08,https://pubs.acs.org/doi/10.1021/acs.jcim.2c01057,Uses non-normalized EF
ptn1,Surflex,,,10.77,,0.82,0.23,https://pubs.acs.org/doi/10.1021/acs.jcim.2c01057,Uses non-normalized EF
pur2,Surflex,,,56,,1,0.98,https://pubs.acs.org/doi/10.1021/acs.jcim.2c01057,Uses non-normalized EF
pygm,Surflex,,,0,,0.74,0.01,https://pubs.acs.org/doi/10.1021/acs.jcim.2c01057,Uses non-normalized EF
pyrd,Surflex,,,11.71,,0.83,0.25,https://pubs.acs.org/doi/10.1021/acs.jcim.2c01057,Uses non-normalized EF
reni,Surflex,,,36.54,,0.73,0.56,https://pubs.acs.org/doi/10.1021/acs.jcim.2c01057,Uses non-normalized EF
rock1,Surflex,,,4,,0.91,0.06,https://pubs.acs.org/doi/10.1021/acs.jcim.2c01057,Uses non-normalized EF
rxra,Surflex,,,27.48,,0.8,0.53,https://pubs.acs.org/doi/10.1021/acs.jcim.2c01057,Uses non-normalized EF
sahh,Surflex,,,55.56,,0.91,0.87,https://pubs.acs.org/doi/10.1021/acs.jcim.2c01057,Uses non-normalized EF
src,Surflex,,,7.82,,0.8,0.14,https://pubs.acs.org/doi/10.1021/acs.jcim.2c01057,Uses non-normalized EF
tgfr1,Surflex,,,18.05,,0.89,0.29,https://pubs.acs.org/doi/10.1021/acs.jcim.2c01057,Uses non-normalized EF
thb,Surflex,,,16.5,,0.83,0.31,https://pubs.acs.org/doi/10.1021/acs.jcim.2c01057,Uses non-normalized EF
thrb,Surflex,,,27.55,,0.88,0.48,https://pubs.acs.org/doi/10.1021/acs.jcim.2c01057,Uses non-normalized EF
try1,Surflex,,,40.98,,0.9,0.68,https://pubs.acs.org/doi/10.1021/acs.jcim.2c01057,Uses non-normalized EF
tryb1,Surflex,,,19.59,,0.86,0.38,https://pubs.acs.org/doi/10.1021/acs.jcim.2c01057,Uses non-normalized EF
tysy,Surflex,,,23.85,,0.84,0.42,https://pubs.acs.org/doi/10.1021/acs.jcim.2c01057,Uses non-normalized EF
urok,Surflex,,,12.96,,0.93,0.23,https://pubs.acs.org/doi/10.1021/acs.jcim.2c01057,Uses non-normalized EF
vgfr2,Surflex,,,4.65,,0.85,0.08,https://pubs.acs.org/doi/10.1021/acs.jcim.2c01057,Uses non-normalized EF
wee1,Surflex,,,52.94,,0.96,0.78,https://pubs.acs.org/doi/10.1021/acs.jcim.2c01057,Uses non-normalized EF
xiap,Surflex,,,37,,0.91,0.64,https://pubs.acs.org/doi/10.1021/acs.jcim.2c01057,Uses non-normalized EF
aa2ar,DENVIS D-G,,,35.68,,0.84,0.53,https://pubs.acs.org/doi/full/10.1021/acs.jcim.2c01057,Uses non-normalized EF
abl1,DENVIS D-G,,,51.65,,0.89,0.73,https://pubs.acs.org/doi/full/10.1021/acs.jcim.2c01057,Uses non-normalized EF
ace,DENVIS D-G,,,29.08,,0.9,0.48,https://pubs.acs.org/doi/full/10.1021/acs.jcim.2c01057,Uses non-normalized EF
aces,DENVIS D-G,,,20.97,,0.81,0.38,https://pubs.acs.org/doi/full/10.1021/acs.jcim.2c01057,Uses non-normalized EF
ada,DENVIS D-G,,,59.14,,0.99,0.85,https://pubs.acs.org/doi/full/10.1021/acs.jcim.2c01057,Uses non-normalized EF
ada17,DENVIS D-G,,,67.67,,0.99,0.95,https://pubs.acs.org/doi/full/10.1021/acs.jcim.2c01057,Uses non-normalized EF
adrb1,DENVIS D-G,,,22.27,,0.9,0.38,https://pubs.acs.org/doi/full/10.1021/acs.jcim.2c01057,Uses non-normalized EF
adrb2,DENVIS D-G,,,30.74,,0.89,0.45,https://pubs.acs.org/doi/full/10.1021/acs.jcim.2c01057,Uses non-normalized EF
akt1,DENVIS D-G,,,17.75,,0.88,0.36,https://pubs.acs.org/doi/full/10.1021/acs.jcim.2c01057,Uses non-normalized EF
akt2,DENVIS D-G,,,31.62,,0.87,0.5,https://pubs.acs.org/doi/full/10.1021/acs.jcim.2c01057,Uses non-normalized EF
aldr,DENVIS D-G,,,5.66,,0.56,0.11,https://pubs.acs.org/doi/full/10.1021/acs.jcim.2c01057,Uses non-normalized EF
ampc,DENVIS D-G,,,16.67,,0.86,0.26,https://pubs.acs.org/doi/full/10.1021/acs.jcim.2c01057,Uses non-normalized EF
andr,DENVIS D-G,,,32.71,,0.94,0.6,https://pubs.acs.org/doi/full/10.1021/acs.jcim.2c01057,Uses non-normalized EF
aofb,DENVIS D-G,,,2.46,,0.58,0.05,https://pubs.acs.org/doi/full/10.1021/acs.jcim.2c01057,Uses non-normalized EF
bace1,DENVIS D-G,,,50.53,,0.94,0.77,https://pubs.acs.org/doi/full/10.1021/acs.jcim.2c01057,Uses non-normalized EF
braf,DENVIS D-G,,,46.71,,0.96,0.71,https://pubs.acs.org/doi/full/10.1021/acs.jcim.2c01057,Uses non-normalized EF
cah2,DENVIS D-G,,,63.62,,0.97,0.92,https://pubs.acs.org/doi/full/10.1021/acs.jcim.2c01057,Uses non-normalized EF
casp3,DENVIS D-G,,,39.2,,0.92,0.63,https://pubs.acs.org/doi/full/10.1021/acs.jcim.2c01057,Uses non-normalized EF
cdk2,DENVIS D-G,,,44.51,,0.96,0.74,https://pubs.acs.org/doi/full/10.1021/acs.jcim.2c01057,Uses non-normalized EF
comt,DENVIS D-G,,,75.61,,0.98,0.86,https://pubs.acs.org/doi/full/10.1021/acs.jcim.2c01057,Uses non-normalized EF
cp2c9,DENVIS D-G,,,10,,0.56,0.17,https://pubs.acs.org/doi/full/10.1021/acs.jcim.2c01057,Uses non-normalized EF
cp3a4,DENVIS D-G,,,2.94,,0.41,0.05,https://pubs.acs.org/doi/full/10.1021/acs.jcim.2c01057,Uses non-normalized EF
csf1r,DENVIS D-G,,,43.37,,0.97,0.67,https://pubs.acs.org/doi/full/10.1021/acs.jcim.2c01057,Uses non-normalized EF
cxcr4,DENVIS D-G,,,30,,0.78,0.43,https://pubs.acs.org/doi/full/10.1021/acs.jcim.2c01057,Uses non-normalized EF
def,DENVIS D-G,,,53.92,,1,0.97,https://pubs.acs.org/doi/full/10.1021/acs.jcim.2c01057,Uses non-normalized EF
dhi1,DENVIS D-G,,,0,,0.33,0,https://pubs.acs.org/doi/full/10.1021/acs.jcim.2c01057,Uses non-normalized EF
dpp4,DENVIS D-G,,,30.58,,0.93,0.44,https://pubs.acs.org/doi/full/10.1021/acs.jcim.2c01057,Uses non-normalized EF
drd3,DENVIS D-G,,,7.92,,0.56,0.12,https://pubs.acs.org/doi/full/10.1021/acs.jcim.2c01057,Uses non-normalized EF
dyr,DENVIS D-G,,,57.58,,0.96,0.8,https://pubs.acs.org/doi/full/10.1021/acs.jcim.2c01057,Uses non-normalized EF
egfr,DENVIS D-G,,,62.36,,0.93,0.87,https://pubs.acs.org/doi/full/10.1021/acs.jcim.2c01057,Uses non-normalized EF
esr1,DENVIS D-G,,,53.26,,0.97,0.88,https://pubs.acs.org/doi/full/10.1021/acs.jcim.2c01057,Uses non-normalized EF
esr2,DENVIS D-G,,,50.68,,0.93,0.8,https://pubs.acs.org/doi/full/10.1021/acs.jcim.2c01057,Uses non-normalized EF
fa10,DENVIS D-G,,,31.84,,0.96,0.7,https://pubs.acs.org/doi/full/10.1021/acs.jcim.2c01057,Uses non-normalized EF
fa7,DENVIS D-G,,,56.14,,0.99,0.92,https://pubs.acs.org/doi/full/10.1021/acs.jcim.2c01057,Uses non-normalized EF
fabp4,DENVIS D-G,,,48.94,,0.95,0.77,https://pubs.acs.org/doi/full/10.1021/acs.jcim.2c01057,Uses non-normalized EF
fak1,DENVIS D-G,,,55,,0.99,0.98,https://pubs.acs.org/doi/full/10.1021/acs.jcim.2c01057,Uses non-normalized EF
fgfr1,DENVIS D-G,,,1.44,,0.47,0.38,https://pubs.acs.org/doi/full/10.1021/acs.jcim.2c01057,Uses non-normalized EF
fkb1a,DENVIS D-G,,,31.53,,0.95,0.55,https://pubs.acs.org/doi/full/10.1021/acs.jcim.2c01057,Uses non-normalized EF
fnta,DENVIS D-G,,,53.04,,0.9,0.67,https://pubs.acs.org/doi/full/10.1021/acs.jcim.2c01057,Uses non-normalized EF
fpps,DENVIS D-G,,,0,,0.74,0.01,https://pubs.acs.org/doi/full/10.1021/acs.jcim.2c01057,Uses non-normalized EF
gcr,DENVIS D-G,,,9.3,,0.69,0.16,https://pubs.acs.org/doi/full/10.1021/acs.jcim.2c01057,Uses non-normalized EF
glcm,DENVIS D-G,,,0,,0.72,0.01,https://pubs.acs.org/doi/full/10.1021/acs.jcim.2c01057,Uses non-normalized EF
gria2,DENVIS D-G,,,13.29,,0.67,0.23,https://pubs.acs.org/doi/full/10.1021/acs.jcim.2c01057,Uses non-normalized EF
grik1,DENVIS D-G,,,42.57,,0.9,0.63,https://pubs.acs.org/doi/full/10.1021/acs.jcim.2c01057,Uses non-normalized EF
hdac2,DENVIS D-G,,,55.14,,0.96,0.87,https://pubs.acs.org/doi/full/10.1021/acs.jcim.2c01057,Uses non-normalized EF
hdac8,DENVIS D-G,,,62.94,,0.98,0.93,https://pubs.acs.org/doi/full/10.1021/acs.jcim.2c01057,Uses non-normalized EF
hivint,DENVIS D-G,,,0,,0.47,0.01,https://pubs.acs.org/doi/full/10.1021/acs.jcim.2c01057,Uses non-normalized EF
hivpr,DENVIS D-G,,,50.93,,0.94,0.73,https://pubs.acs.org/doi/full/10.1021/acs.jcim.2c01057,Uses non-normalized EF
hivrt,DENVIS D-G,,,14.2,,0.84,0.31,https://pubs.acs.org/doi/full/10.1021/acs.jcim.2c01057,Uses non-normalized EF
hmdh,DENVIS D-G,,,45.29,,0.87,0.71,https://pubs.acs.org/doi/full/10.1021/acs.jcim.2c01057,Uses non-normalized EF
hs90a,DENVIS D-G,,,38.64,,0.99,0.69,https://pubs.acs.org/doi/full/10.1021/acs.jcim.2c01057,Uses non-normalized EF
hxk4,DENVIS D-G,,,19.57,,0.84,0.32,https://pubs.acs.org/doi/full/10.1021/acs.jcim.2c01057,Uses non-normalized EF
igf1r,DENVIS D-G,,,51.35,,0.94,0.78,https://pubs.acs.org/doi/full/10.1021/acs.jcim.2c01057,Uses non-normalized EF
inha,DENVIS D-G,,,20.93,,0.86,0.38,https://pubs.acs.org/doi/full/10.1021/acs.jcim.2c01057,Uses non-normalized EF
ital,DENVIS D-G,,,44.2,,0.89,0.69,https://pubs.acs.org/doi/full/10.1021/acs.jcim.2c01057,Uses non-normalized EF
jak2,DENVIS D-G,,,57.01,,0.99,0.9,https://pubs.acs.org/doi/full/10.1021/acs.jcim.2c01057,Uses non-normalized EF
kif11,DENVIS D-G,,,27.59,,0.81,0.46,https://pubs.acs.org/doi/full/10.1021/acs.jcim.2c01057,Uses non-normalized EF
kit,DENVIS D-G,,,35.54,,0.96,0.6,https://pubs.acs.org/doi/full/10.1021/acs.jcim.2c01057,Uses non-normalized EF
kith,DENVIS D-G,,,0,,0.28,0,https://pubs.acs.org/doi/full/10.1021/acs.jcim.2c01057,Uses non-normalized EF
kpcb,DENVIS D-G,,,58.52,,0.82,0.77,https://pubs.acs.org/doi/full/10.1021/acs.jcim.2c01057,Uses non-normalized EF
lck,DENVIS D-G,,,50.24,,0.91,0.74,https://pubs.acs.org/doi/full/10.1021/acs.jcim.2c01057,Uses non-normalized EF
lkha4,DENVIS D-G,,,52.63,,0.99,0.85,https://pubs.acs.org/doi/full/10.1021/acs.jcim.2c01057,Uses non-normalized EF
mapk2,DENVIS D-G,,,43.56,,0.95,0.7,https://pubs.acs.org/doi/full/10.1021/acs.jcim.2c01057,Uses non-normalized EF
mcr,DENVIS D-G,,,27.66,,0.92,0.51,https://pubs.acs.org/doi/full/10.1021/acs.jcim.2c01057,Uses non-normalized EF
met,DENVIS D-G,,,68.07,,0.92,0.84,https://pubs.acs.org/doi/full/10.1021/acs.jcim.2c01057,Uses non-normalized EF
mk01,DENVIS D-G,,,59.49,,0.97,0.87,https://pubs.acs.org/doi/full/10.1021/acs.jcim.2c01057,Uses non-normalized EF
mk10,DENVIS D-G,,,44.23,,0.95,0.68,https://pubs.acs.org/doi/full/10.1021/acs.jcim.2c01057,Uses non-normalized EF
mk14,DENVIS D-G,,,57.61,,0.98,0.87,https://pubs.acs.org/doi/full/10.1021/acs.jcim.2c01057,Uses non-normalized EF
mmp13,DENVIS D-G,,,65.56,,1,0.95,https://pubs.acs.org/doi/full/10.1021/acs.jcim.2c01057,Uses non-normalized EF
mp2k1,DENVIS D-G,,,28.1,,0.81,0.41,https://pubs.acs.org/doi/full/10.1021/acs.jcim.2c01057,Uses non-normalized EF
nos1,DENVIS D-G,,,3,,0.41,0.05,https://pubs.acs.org/doi/full/10.1021/acs.jcim.2c01057,Uses non-normalized EF
nram,DENVIS D-G,,,50,,0.98,0.8,https://pubs.acs.org/doi/full/10.1021/acs.jcim.2c01057,Uses non-normalized EF
pa2ga,DENVIS D-G,,,37.37,,0.91,0.66,https://pubs.acs.org/doi/full/10.1021/acs.jcim.2c01057,Uses non-normalized EF
parp1,DENVIS D-G,,,36.22,,0.92,0.58,https://pubs.acs.org/doi/full/10.1021/acs.jcim.2c01057,Uses non-normalized EF
pde5a,DENVIS D-G,,,27.14,,0.89,0.42,https://pubs.acs.org/doi/full/10.1021/acs.jcim.2c01057,Uses non-normalized EF
pgh1,DENVIS D-G,,,0,,0.21,0,https://pubs.acs.org/doi/full/10.1021/acs.jcim.2c01057,Uses non-normalized EF
pgh2,DENVIS D-G,,,0.92,,0.45,0.02,https://pubs.acs.org/doi/full/10.1021/acs.jcim.2c01057,Uses non-normalized EF
plk1,DENVIS D-G,,,31.78,,0.93,0.51,https://pubs.acs.org/doi/full/10.1021/acs.jcim.2c01057,Uses non-normalized EF
pnph,DENVIS D-G,,,65.05,,1,0.97,https://pubs.acs.org/doi/full/10.1021/acs.jcim.2c01057,Uses non-normalized EF
ppara,DENVIS D-G,,,50.13,,0.95,0.84,https://pubs.acs.org/doi/full/10.1021/acs.jcim.2c01057,Uses non-normalized EF
ppard,DENVIS D-G,,,48.75,,0.96,0.86,https://pubs.acs.org/doi/full/10.1021/acs.jcim.2c01057,Uses non-normalized EF
pparg,DENVIS D-G,,,50,,0.92,0.78,https://pubs.acs.org/doi/full/10.1021/acs.jcim.2c01057,Uses non-normalized EF
prgr,DENVIS D-G,,,22.87,,0.9,0.4,https://pubs.acs.org/doi/full/10.1021/acs.jcim.2c01057,Uses non-normalized EF
ptn1,DENVIS D-G,,,24.62,,0.76,0.42,https://pubs.acs.org/doi/full/10.1021/acs.jcim.2c01057,Uses non-normalized EF
pur2,DENVIS D-G,,,56,,1,1,https://pubs.acs.org/doi/full/10.1021/acs.jcim.2c01057,Uses non-normalized EF
pygm,DENVIS D-G,,,0,,0.62,0,https://pubs.acs.org/doi/full/10.1021/acs.jcim.2c01057,Uses non-normalized EF
pyrd,DENVIS D-G,,,0.9,,0.59,0.02,https://pubs.acs.org/doi/full/10.1021/acs.jcim.2c01057,Uses non-normalized EF
reni,DENVIS D-G,,,17.31,,0.83,0.26,https://pubs.acs.org/doi/full/10.1021/acs.jcim.2c01057,Uses non-normalized EF
rock1,DENVIS D-G,,,24,,0.88,0.35,https://pubs.acs.org/doi/full/10.1021/acs.jcim.2c01057,Uses non-normalized EF
rxra,DENVIS D-G,,,54.2,,0.95,0.83,https://pubs.acs.org/doi/full/10.1021/acs.jcim.2c01057,Uses non-normalized EF
sahh,DENVIS D-G,,,12.7,,0.9,0.23,https://pubs.acs.org/doi/full/10.1021/acs.jcim.2c01057,Uses non-normalized EF
src,DENVIS D-G,,,59.16,,0.93,0.82,https://pubs.acs.org/doi/full/10.1021/acs.jcim.2c01057,Uses non-normalized EF
tgfr1,DENVIS D-G,,,54.89,,0.99,0.82,https://pubs.acs.org/doi/full/10.1021/acs.jcim.2c01057,Uses non-normalized EF
thb,DENVIS D-G,,,58.25,,0.92,0.76,https://pubs.acs.org/doi/full/10.1021/acs.jcim.2c01057,Uses non-normalized EF
thrb,DENVIS D-G,,,54.66,,0.99,0.88,https://pubs.acs.org/doi/full/10.1021/acs.jcim.2c01057,Uses non-normalized EF
try1,DENVIS D-G,,,54.79,,0.98,0.89,https://pubs.acs.org/doi/full/10.1021/acs.jcim.2c01057,Uses non-normalized EF
tryb1,DENVIS D-G,,,12.84,,0.73,0.28,https://pubs.acs.org/doi/full/10.1021/acs.jcim.2c01057,Uses non-normalized EF
tysy,DENVIS D-G,,,48.62,,0.89,0.73,https://pubs.acs.org/doi/full/10.1021/acs.jcim.2c01057,Uses non-normalized EF
urok,DENVIS D-G,,,53.7,,0.98,0.8,https://pubs.acs.org/doi/full/10.1021/acs.jcim.2c01057,Uses non-normalized EF
vgfr2,DENVIS D-G,,,37.9,,0.82,0.59,https://pubs.acs.org/doi/full/10.1021/acs.jcim.2c01057,Uses non-normalized EF
wee1,DENVIS D-G,,,55.88,,1,0.93,https://pubs.acs.org/doi/full/10.1021/acs.jcim.2c01057,Uses non-normalized EF
xiap,DENVIS D-G,,,32,,0.91,0.56,https://pubs.acs.org/doi/full/10.1021/acs.jcim.2c01057,Uses non-normalized EF
aa2ar,DDTA,,,1.66,,0.59,0.05,https://pubs.acs.org/doi/full/10.1021/acs.jcim.2c01057,Uses non-normalized EF
abl1,DDTA,,,8.24,,0.65,0.12,https://pubs.acs.org/doi/full/10.1021/acs.jcim.2c01057,Uses non-normalized EF
ace,DDTA,,,0,,0.41,0,https://pubs.acs.org/doi/full/10.1021/acs.jcim.2c01057,Uses non-normalized EF
aces,DDTA,,,8.83,,0.62,0.14,https://pubs.acs.org/doi/full/10.1021/acs.jcim.2c01057,Uses non-normalized EF
ada,DDTA,,,0,,0.61,0.03,https://pubs.acs.org/doi/full/10.1021/acs.jcim.2c01057,Uses non-normalized EF
ada17,DDTA,,,0.56,,0.5,0.01,https://pubs.acs.org/doi/full/10.1021/acs.jcim.2c01057,Uses non-normalized EF
adrb1,DDTA,,,2.43,,0.54,0.04,https://pubs.acs.org/doi/full/10.1021/acs.jcim.2c01057,Uses non-normalized EF
adrb2,DDTA,,,2.16,,0.56,0.04,https://pubs.acs.org/doi/full/10.1021/acs.jcim.2c01057,Uses non-normalized EF
akt1,DDTA,,,4.44,,0.79,0.1,https://pubs.acs.org/doi/full/10.1021/acs.jcim.2c01057,Uses non-normalized EF
akt2,DDTA,,,3.42,,0.72,0.1,https://pubs.acs.org/doi/full/10.1021/acs.jcim.2c01057,Uses non-normalized EF
aldr,DDTA,,,0,,0.45,0.01,https://pubs.acs.org/doi/full/10.1021/acs.jcim.2c01057,Uses non-normalized EF
ampc,DDTA,,,0,,0.46,0,https://pubs.acs.org/doi/full/10.1021/acs.jcim.2c01057,Uses non-normalized EF
andr,DDTA,,,1.49,,0.57,0.02,https://pubs.acs.org/doi/full/10.1021/acs.jcim.2c01057,Uses non-normalized EF
aofb,DDTA,,,0.82,,0.47,0.02,https://pubs.acs.org/doi/full/10.1021/acs.jcim.2c01057,Uses non-normalized EF
bace1,DDTA,,,0.35,,0.66,0.02,https://pubs.acs.org/doi/full/10.1021/acs.jcim.2c01057,Uses non-normalized EF
braf,DDTA,,,3.95,,0.67,0.09,https://pubs.acs.org/doi/full/10.1021/acs.jcim.2c01057,Uses non-normalized EF
cah2,DDTA,,,1.42,,0.75,0.05,https://pubs.acs.org/doi/full/10.1021/acs.jcim.2c01057,Uses non-normalized EF
casp3,DDTA,,,0,,0.53,0.01,https://pubs.acs.org/doi/full/10.1021/acs.jcim.2c01057,Uses non-normalized EF
cdk2,DDTA,,,2.74,,0.66,0.07,https://pubs.acs.org/doi/full/10.1021/acs.jcim.2c01057,Uses non-normalized EF
comt,DDTA,,,0,,0.48,0,https://pubs.acs.org/doi/full/10.1021/acs.jcim.2c01057,Uses non-normalized EF
cp2c9,DDTA,,,1.67,,0.57,0.03,https://pubs.acs.org/doi/full/10.1021/acs.jcim.2c01057,Uses non-normalized EF
cp3a4,DDTA,,,3.53,,0.61,0.05,https://pubs.acs.org/doi/full/10.1021/acs.jcim.2c01057,Uses non-normalized EF
csf1r,DDTA,,,4.82,,0.74,0.11,https://pubs.acs.org/doi/full/10.1021/acs.jcim.2c01057,Uses non-normalized EF
cxcr4,DDTA,,,2.5,,0.52,0.03,https://pubs.acs.org/doi/full/10.1021/acs.jcim.2c01057,Uses non-normalized EF
def,DDTA,,,0,,0.48,0,https://pubs.acs.org/doi/full/10.1021/acs.jcim.2c01057,Uses non-normalized EF
dhi1,DDTA,,,1.21,,0.56,0.02,https://pubs.acs.org/doi/full/10.1021/acs.jcim.2c01057,Uses non-normalized EF
dpp4,DDTA,,,4.5,,0.71,0.08,https://pubs.acs.org/doi/full/10.1021/acs.jcim.2c01057,Uses non-normalized EF
drd3,DDTA,,,1.04,,0.55,0.02,https://pubs.acs.org/doi/full/10.1021/acs.jcim.2c01057,Uses non-normalized EF
dyr,DDTA,,,2.6,,0.61,0.07,https://pubs.acs.org/doi/full/10.1021/acs.jcim.2c01057,Uses non-normalized EF
egfr,DDTA,,,2.58,,0.58,0.05,https://pubs.acs.org/doi/full/10.1021/acs.jcim.2c01057,Uses non-normalized EF
esr1,DDTA,,,2.35,,0.56,0.04,https://pubs.acs.org/doi/full/10.1021/acs.jcim.2c01057,Uses non-normalized EF
esr2,DDTA,,,1.91,,0.55,0.04,https://pubs.acs.org/doi/full/10.1021/acs.jcim.2c01057,Uses non-normalized EF
fa10,DDTA,,,4.47,,0.71,0.11,https://pubs.acs.org/doi/full/10.1021/acs.jcim.2c01057,Uses non-normalized EF
fa7,DDTA,,,3.51,,0.67,0.07,https://pubs.acs.org/doi/full/10.1021/acs.jcim.2c01057,Uses non-normalized EF
fabp4,DDTA,,,0,,0.53,0,https://pubs.acs.org/doi/full/10.1021/acs.jcim.2c01057,Uses non-normalized EF
fak1,DDTA,,,2,,0.56,0.03,https://pubs.acs.org/doi/full/10.1021/acs.jcim.2c01057,Uses non-normalized EF
fgfr1,DDTA,,,2.16,,0.53,0.44,https://pubs.acs.org/doi/full/10.1021/acs.jcim.2c01057,Uses non-normalized EF
fkb1a,DDTA,,,0,,0.4,0,https://pubs.acs.org/doi/full/10.1021/acs.jcim.2c01057,Uses non-normalized EF
fnta,DDTA,,,0.84,,0.58,0.02,https://pubs.acs.org/doi/full/10.1021/acs.jcim.2c01057,Uses non-normalized EF
fpps,DDTA,,,0,,0.2,0,https://pubs.acs.org/doi/full/10.1021/acs.jcim.2c01057,Uses non-normalized EF
gcr,DDTA,,,0.78,,0.64,0.04,https://pubs.acs.org/doi/full/10.1021/acs.jcim.2c01057,Uses non-normalized EF
glcm,DDTA,,,1.85,,0.48,0.03,https://pubs.acs.org/doi/full/10.1021/acs.jcim.2c01057,Uses non-normalized EF
gria2,DDTA,,,1.9,,0.67,0.03,https://pubs.acs.org/doi/full/10.1021/acs.jcim.2c01057,Uses non-normalized EF
grik1,DDTA,,,0.99,,0.6,0.03,https://pubs.acs.org/doi/full/10.1021/acs.jcim.2c01057,Uses non-normalized EF
hdac2,DDTA,,,2.7,,0.61,0.06,https://pubs.acs.org/doi/full/10.1021/acs.jcim.2c01057,Uses non-normalized EF
hdac8,DDTA,,,1.76,,0.6,0.04,https://pubs.acs.org/doi/full/10.1021/acs.jcim.2c01057,Uses non-normalized EF
hivint,DDTA,,,0,,0.44,0.01,https://pubs.acs.org/doi/full/10.1021/acs.jcim.2c01057,Uses non-normalized EF
hivpr,DDTA,,,1.49,,0.51,0.03,https://pubs.acs.org/doi/full/10.1021/acs.jcim.2c01057,Uses non-normalized EF
hivrt,DDTA,,,0.59,,0.45,0.01,https://pubs.acs.org/doi/full/10.1021/acs.jcim.2c01057,Uses non-normalized EF
hmdh,DDTA,,,0,,0.57,0.01,https://pubs.acs.org/doi/full/10.1021/acs.jcim.2c01057,Uses non-normalized EF
hs90a,DDTA,,,2.27,,0.57,0.05,https://pubs.acs.org/doi/full/10.1021/acs.jcim.2c01057,Uses non-normalized EF
hxk4,DDTA,,,1.09,,0.54,0.05,https://pubs.acs.org/doi/full/10.1021/acs.jcim.2c01057,Uses non-normalized EF
igf1r,DDTA,,,3.38,,0.68,0.06,https://pubs.acs.org/doi/full/10.1021/acs.jcim.2c01057,Uses non-normalized EF
inha,DDTA,,,0,,0.38,0,https://pubs.acs.org/doi/full/10.1021/acs.jcim.2c01057,Uses non-normalized EF
ital,DDTA,,,0,,0.47,0,https://pubs.acs.org/doi/full/10.1021/acs.jcim.2c01057,Uses non-normalized EF
jak2,DDTA,,,6.54,,0.7,0.12,https://pubs.acs.org/doi/full/10.1021/acs.jcim.2c01057,Uses non-normalized EF
kif11,DDTA,,,0,,0.54,0.01,https://pubs.acs.org/doi/full/10.1021/acs.jcim.2c01057,Uses non-normalized EF
kit,DDTA,,,4.22,,0.67,0.07,https://pubs.acs.org/doi/full/10.1021/acs.jcim.2c01057,Uses non-normalized EF
kith,DDTA,,,0,,0.36,0,https://pubs.acs.org/doi/full/10.1021/acs.jcim.2c01057,Uses non-normalized EF
kpcb,DDTA,,,0,,0.59,0.01,https://pubs.acs.org/doi/full/10.1021/acs.jcim.2c01057,Uses non-normalized EF
lck,DDTA,,,3.81,,0.64,0.07,https://pubs.acs.org/doi/full/10.1021/acs.jcim.2c01057,Uses non-normalized EF
lkha4,DDTA,,,0,,0.52,0,https://pubs.acs.org/doi/full/10.1021/acs.jcim.2c01057,Uses non-normalized EF
mapk2,DDTA,,,14.85,,0.75,0.26,https://pubs.acs.org/doi/full/10.1021/acs.jcim.2c01057,Uses non-normalized EF
mcr,DDTA,,,1.06,,0.61,0.02,https://pubs.acs.org/doi/full/10.1021/acs.jcim.2c01057,Uses non-normalized EF
met,DDTA,,,1.2,,0.65,0.03,https://pubs.acs.org/doi/full/10.1021/acs.jcim.2c01057,Uses non-normalized EF
mk01,DDTA,,,1.27,,0.65,0.05,https://pubs.acs.org/doi/full/10.1021/acs.jcim.2c01057,Uses non-normalized EF
mk10,DDTA,,,3.85,,0.66,0.1,https://pubs.acs.org/doi/full/10.1021/acs.jcim.2c01057,Uses non-normalized EF
mk14,DDTA,,,2.42,,0.71,0.06,https://pubs.acs.org/doi/full/10.1021/acs.jcim.2c01057,Uses non-normalized EF
mmp13,DDTA,,,1.57,,0.57,0.03,https://pubs.acs.org/doi/full/10.1021/acs.jcim.2c01057,Uses non-normalized EF
mp2k1,DDTA,,,0,,0.55,0.01,https://pubs.acs.org/doi/full/10.1021/acs.jcim.2c01057,Uses non-normalized EF
nos1,DDTA,,,1,,0.47,0.04,https://pubs.acs.org/doi/full/10.1021/acs.jcim.2c01057,Uses non-normalized EF
nram,DDTA,,,0,,0.33,0,https://pubs.acs.org/doi/full/10.1021/acs.jcim.2c01057,Uses non-normalized EF
pa2ga,DDTA,,,2.02,,0.53,0.04,https://pubs.acs.org/doi/full/10.1021/acs.jcim.2c01057,Uses non-normalized EF
parp1,DDTA,,,0.98,,0.64,0.03,https://pubs.acs.org/doi/full/10.1021/acs.jcim.2c01057,Uses non-normalized EF
pde5a,DDTA,,,2.76,,0.65,0.06,https://pubs.acs.org/doi/full/10.1021/acs.jcim.2c01057,Uses non-normalized EF
pgh1,DDTA,,,3.08,,0.54,0.07,https://pubs.acs.org/doi/full/10.1021/acs.jcim.2c01057,Uses non-normalized EF
pgh2,DDTA,,,5.06,,0.65,0.11,https://pubs.acs.org/doi/full/10.1021/acs.jcim.2c01057,Uses non-normalized EF
plk1,DDTA,,,0,,0.6,0,https://pubs.acs.org/doi/full/10.1021/acs.jcim.2c01057,Uses non-normalized EF
pnph,DDTA,,,19.42,,0.83,0.3,https://pubs.acs.org/doi/full/10.1021/acs.jcim.2c01057,Uses non-normalized EF
ppara,DDTA,,,1.34,,0.5,0.04,https://pubs.acs.org/doi/full/10.1021/acs.jcim.2c01057,Uses non-normalized EF
ppard,DDTA,,,3.33,,0.52,0.07,https://pubs.acs.org/doi/full/10.1021/acs.jcim.2c01057,Uses non-normalized EF
pparg,DDTA,,,1.24,,0.51,0.03,https://pubs.acs.org/doi/full/10.1021/acs.jcim.2c01057,Uses non-normalized EF
prgr,DDTA,,,3.41,,0.62,0.07,https://pubs.acs.org/doi/full/10.1021/acs.jcim.2c01057,Uses non-normalized EF
ptn1,DDTA,,,0.77,,0.58,0.03,https://pubs.acs.org/doi/full/10.1021/acs.jcim.2c01057,Uses non-normalized EF
pur2,DDTA,,,6,,0.87,0.16,https://pubs.acs.org/doi/full/10.1021/acs.jcim.2c01057,Uses non-normalized EF
pygm,DDTA,,,1.3,,0.42,0.03,https://pubs.acs.org/doi/full/10.1021/acs.jcim.2c01057,Uses non-normalized EF
pyrd,DDTA,,,0,,0.53,0,https://pubs.acs.org/doi/full/10.1021/acs.jcim.2c01057,Uses non-normalized EF
reni,DDTA,,,0,,0.62,0.01,https://pubs.acs.org/doi/full/10.1021/acs.jcim.2c01057,Uses non-normalized EF
rock1,DDTA,,,4,,0.65,0.06,https://pubs.acs.org/doi/full/10.1021/acs.jcim.2c01057,Uses non-normalized EF
rxra,DDTA,,,2.29,,0.65,0.05,https://pubs.acs.org/doi/full/10.1021/acs.jcim.2c01057,Uses non-normalized EF
sahh,DDTA,,,0,,0.32,0,https://pubs.acs.org/doi/full/10.1021/acs.jcim.2c01057,Uses non-normalized EF
src,DDTA,,,1.91,,0.72,0.06,https://pubs.acs.org/doi/full/10.1021/acs.jcim.2c01057,Uses non-normalized EF
tgfr1,DDTA,,,10.53,,0.71,0.14,https://pubs.acs.org/doi/full/10.1021/acs.jcim.2c01057,Uses non-normalized EF
thb,DDTA,,,0,,0.51,0.02,https://pubs.acs.org/doi/full/10.1021/acs.jcim.2c01057,Uses non-normalized EF
thrb,DDTA,,,2.17,,0.66,0.06,https://pubs.acs.org/doi/full/10.1021/acs.jcim.2c01057,Uses non-normalized EF
try1,DDTA,,,4.23,,0.74,0.09,https://pubs.acs.org/doi/full/10.1021/acs.jcim.2c01057,Uses non-normalized EF
tryb1,DDTA,,,1.35,,0.67,0.03,https://pubs.acs.org/doi/full/10.1021/acs.jcim.2c01057,Uses non-normalized EF
tysy,DDTA,,,3.67,,0.71,0.07,https://pubs.acs.org/doi/full/10.1021/acs.jcim.2c01057,Uses non-normalized EF
urok,DDTA,,,2.47,,0.72,0.06,https://pubs.acs.org/doi/full/10.1021/acs.jcim.2c01057,Uses non-normalized EF
vgfr2,DDTA,,,4.65,,0.7,0.08,https://pubs.acs.org/doi/full/10.1021/acs.jcim.2c01057,Uses non-normalized EF
wee1,DDTA,,,0,,0.49,0,https://pubs.acs.org/doi/full/10.1021/acs.jcim.2c01057,Uses non-normalized EF
xiap,DDTA,,,0,,0.58,0,https://pubs.acs.org/doi/full/10.1021/acs.jcim.2c01057,Uses non-normalized EF
aa2ar,CompScore*,,,46.19,,,,https://pubs.acs.org/doi/10.1021/acs.jcim.9b00343,Not sure if NEF or EF
abl1,CompScore*,,,35.33,,,,https://pubs.acs.org/doi/10.1021/acs.jcim.9b00343,Not sure if NEF or EF
ace,CompScore*,,,29.5,,,,https://pubs.acs.org/doi/10.1021/acs.jcim.9b00343,Not sure if NEF or EF
aces,CompScore*,,,32.25,,,,https://pubs.acs.org/doi/10.1021/acs.jcim.9b00343,Not sure if NEF or EF
ada,CompScore*,,,45.58,,,,https://pubs.acs.org/doi/10.1021/acs.jcim.9b00343,Not sure if NEF or EF
ada17,CompScore*,,,51.06,,,,https://pubs.acs.org/doi/10.1021/acs.jcim.9b00343,Not sure if NEF or EF
adrb1,CompScore*,,,26.27,,,,https://pubs.acs.org/doi/10.1021/acs.jcim.9b00343,Not sure if NEF or EF
adrb2,CompScore*,,,23.94,,,,https://pubs.acs.org/doi/10.1021/acs.jcim.9b00343,Not sure if NEF or EF
akt1,CompScore*,,,37.57,,,,https://pubs.acs.org/doi/10.1021/acs.jcim.9b00343,Not sure if NEF or EF
akt2,CompScore*,,,36.13,,,,https://pubs.acs.org/doi/10.1021/acs.jcim.9b00343,Not sure if NEF or EF
aldr,CompScore*,,,32.02,,,,https://pubs.acs.org/doi/10.1021/acs.jcim.9b00343,Not sure if NEF or EF
ampc,CompScore*,,,39.27,,,,https://pubs.acs.org/doi/10.1021/acs.jcim.9b00343,Not sure if NEF or EF
andr,CompScore*,,,30.14,,,,https://pubs.acs.org/doi/10.1021/acs.jcim.9b00343,Not sure if NEF or EF
aofb,CompScore*,,,21.69,,,,https://pubs.acs.org/doi/10.1021/acs.jcim.9b00343,Not sure if NEF or EF
bace1,CompScore*,,,17.47,,,,https://pubs.acs.org/doi/10.1021/acs.jcim.9b00343,Not sure if NEF or EF
braf,CompScore*,,,36.68,,,,https://pubs.acs.org/doi/10.1021/acs.jcim.9b00343,Not sure if NEF or EF
cah2,CompScore*,,,31.74,,,,https://pubs.acs.org/doi/10.1021/acs.jcim.9b00343,Not sure if NEF or EF
casp3,CompScore*,,,17.54,,,,https://pubs.acs.org/doi/10.1021/acs.jcim.9b00343,Not sure if NEF or EF
cdk2,CompScore*,,,27.36,,,,https://pubs.acs.org/doi/10.1021/acs.jcim.9b00343,Not sure if NEF or EF
comt,CompScore*,,,91.85,,,,https://pubs.acs.org/doi/10.1021/acs.jcim.9b00343,Not sure if NEF or EF
cp2c9,CompScore*,,,15.05,,,,https://pubs.acs.org/doi/10.1021/acs.jcim.9b00343,Not sure if NEF or EF
cp3a4,CompScore*,,,14.04,,,,https://pubs.acs.org/doi/10.1021/acs.jcim.9b00343,Not sure if NEF or EF
csf1r,CompScore*,,,33.01,,,,https://pubs.acs.org/doi/10.1021/acs.jcim.9b00343,Not sure if NEF or EF
cxcr4,CompScore*,,,51.61,,,,https://pubs.acs.org/doi/10.1021/acs.jcim.9b00343,Not sure if NEF or EF
def,CompScore*,,,58.46,,,,https://pubs.acs.org/doi/10.1021/acs.jcim.9b00343,Not sure if NEF or EF
dhi1,CompScore*,,,19.94,,,,https://pubs.acs.org/doi/10.1021/acs.jcim.9b00343,Not sure if NEF or EF
dpp4,CompScore*,,,42.95,,,,https://pubs.acs.org/doi/10.1021/acs.jcim.9b00343,Not sure if NEF or EF
drd3,CompScore*,,,26.41,,,,https://pubs.acs.org/doi/10.1021/acs.jcim.9b00343,Not sure if NEF or EF
dyr,CompScore*,,,52.18,,,,https://pubs.acs.org/doi/10.1021/acs.jcim.9b00343,Not sure if NEF or EF
egfr,CompScore*,,,49.32,,,,https://pubs.acs.org/doi/10.1021/acs.jcim.9b00343,Not sure if NEF or EF
esr1,CompScore*,,,43.26,,,,https://pubs.acs.org/doi/10.1021/acs.jcim.9b00343,Not sure if NEF or EF
esr2,CompScore*,,,41.71,,,,https://pubs.acs.org/doi/10.1021/acs.jcim.9b00343,Not sure if NEF or EF
fa10,CompScore*,,,39.34,,,,https://pubs.acs.org/doi/10.1021/acs.jcim.9b00343,Not sure if NEF or EF
fa7,CompScore*,,,55.5,,,,https://pubs.acs.org/doi/10.1021/acs.jcim.9b00343,Not sure if NEF or EF
fabp4,CompScore*,,,41.49,,,,https://pubs.acs.org/doi/10.1021/acs.jcim.9b00343,Not sure if NEF or EF
fak1,CompScore*,,,36.8,,,,https://pubs.acs.org/doi/10.1021/acs.jcim.9b00343,Not sure if NEF or EF
fgfr1,CompScore*,,,30.07,,,,https://pubs.acs.org/doi/10.1021/acs.jcim.9b00343,Not sure if NEF or EF
fkb1a,CompScore*,,,38.12,,,,https://pubs.acs.org/doi/10.1021/acs.jcim.9b00343,Not sure if NEF or EF
fnta,CompScore*,,,15.86,,,,https://pubs.acs.org/doi/10.1021/acs.jcim.9b00343,Not sure if NEF or EF
fpps,CompScore*,,,81.47,,,,https://pubs.acs.org/doi/10.1021/acs.jcim.9b00343,Not sure if NEF or EF
gcr,CompScore*,,,27.09,,,,https://pubs.acs.org/doi/10.1021/acs.jcim.9b00343,Not sure if NEF or EF
glcm,CompScore*,,,61,,,,https://pubs.acs.org/doi/10.1021/acs.jcim.9b00343,Not sure if NEF or EF
gria2,CompScore*,,,46.92,,,,https://pubs.acs.org/doi/10.1021/acs.jcim.9b00343,Not sure if NEF or EF
grik1,CompScore*,,,56.81,,,,https://pubs.acs.org/doi/10.1021/acs.jcim.9b00343,Not sure if NEF or EF
hdac2,CompScore*,,,42.19,,,,https://pubs.acs.org/doi/10.1021/acs.jcim.9b00343,Not sure if NEF or EF
hdac8,CompScore*,,,63.06,,,,https://pubs.acs.org/doi/10.1021/acs.jcim.9b00343,Not sure if NEF or EF
hivint,CompScore*,,,16.99,,,,https://pubs.acs.org/doi/10.1021/acs.jcim.9b00343,Not sure if NEF or EF
hivpr,CompScore*,,,18.2,,,,https://pubs.acs.org/doi/10.1021/acs.jcim.9b00343,Not sure if NEF or EF
hivrt,CompScore*,,,21.77,,,,https://pubs.acs.org/doi/10.1021/acs.jcim.9b00343,Not sure if NEF or EF
hmdh,CompScore*,,,46.45,,,,https://pubs.acs.org/doi/10.1021/acs.jcim.9b00343,Not sure if NEF or EF
hs90a,CompScore*,,,47.44,,,,https://pubs.acs.org/doi/10.1021/acs.jcim.9b00343,Not sure if NEF or EF
hxk4,CompScore*,,,36.77,,,,https://pubs.acs.org/doi/10.1021/acs.jcim.9b00343,Not sure if NEF or EF
igf1r,CompScore*,,,32.14,,,,https://pubs.acs.org/doi/10.1021/acs.jcim.9b00343,Not sure if NEF or EF
inha,CompScore*,,,42.05,,,,https://pubs.acs.org/doi/10.1021/acs.jcim.9b00343,Not sure if NEF or EF
ital,CompScore*,,,24.63,,,,https://pubs.acs.org/doi/10.1021/acs.jcim.9b00343,Not sure if NEF or EF
jak2,CompScore*,,,47.35,,,,https://pubs.acs.org/doi/10.1021/acs.jcim.9b00343,Not sure if NEF or EF
kif11,CompScore*,,,51.34,,,,https://pubs.acs.org/doi/10.1021/acs.jcim.9b00343,Not sure if NEF or EF
kit,CompScore*,,,23.43,,,,https://pubs.acs.org/doi/10.1021/acs.jcim.9b00343,Not sure if NEF or EF
kith,CompScore*,,,50.91,,,,https://pubs.acs.org/doi/10.1021/acs.jcim.9b00343,Not sure if NEF or EF
kpcb,CompScore*,,,47.24,,,,https://pubs.acs.org/doi/10.1021/acs.jcim.9b00343,Not sure if NEF or EF
lck,CompScore*,,,36.99,,,,https://pubs.acs.org/doi/10.1021/acs.jcim.9b00343,Not sure if NEF or EF
lkha4,CompScore*,,,28.43,,,,https://pubs.acs.org/doi/10.1021/acs.jcim.9b00343,Not sure if NEF or EF
mapk2,CompScore*,,,61.13,,,,https://pubs.acs.org/doi/10.1021/acs.jcim.9b00343,Not sure if NEF or EF
mcr,CompScore*,,,34.54,,,,https://pubs.acs.org/doi/10.1021/acs.jcim.9b00343,Not sure if NEF or EF
met,CompScore*,,,43.27,,,,https://pubs.acs.org/doi/10.1021/acs.jcim.9b00343,Not sure if NEF or EF
mk01,CompScore*,,,32.62,,,,https://pubs.acs.org/doi/10.1021/acs.jcim.9b00343,Not sure if NEF or EF
mk10,CompScore*,,,36.42,,,,https://pubs.acs.org/doi/10.1021/acs.jcim.9b00343,Not sure if NEF or EF
mk14,CompScore*,,,23.87,,,,https://pubs.acs.org/doi/10.1021/acs.jcim.9b00343,Not sure if NEF or EF
mmp13,CompScore*,,,38.29,,,,https://pubs.acs.org/doi/10.1021/acs.jcim.9b00343,Not sure if NEF or EF
mp2k1,CompScore*,,,23.27,,,,https://pubs.acs.org/doi/10.1021/acs.jcim.9b00343,Not sure if NEF or EF
nos1,CompScore*,,,44.44,,,,https://pubs.acs.org/doi/10.1021/acs.jcim.9b00343,Not sure if NEF or EF
nram,CompScore*,,,64.07,,,,https://pubs.acs.org/doi/10.1021/acs.jcim.9b00343,Not sure if NEF or EF
pa2ga,CompScore*,,,40.93,,,,https://pubs.acs.org/doi/10.1021/acs.jcim.9b00343,Not sure if NEF or EF
parp1,CompScore*,,,58.26,,,,https://pubs.acs.org/doi/10.1021/acs.jcim.9b00343,Not sure if NEF or EF
pde5a,CompScore*,,,34.09,,,,https://pubs.acs.org/doi/10.1021/acs.jcim.9b00343,Not sure if NEF or EF
pgh1,CompScore*,,,20.1,,,,https://pubs.acs.org/doi/10.1021/acs.jcim.9b00343,Not sure if NEF or EF
pgh2,CompScore*,,,32.26,,,,https://pubs.acs.org/doi/10.1021/acs.jcim.9b00343,Not sure if NEF or EF
plk1,CompScore*,,,42.29,,,,https://pubs.acs.org/doi/10.1021/acs.jcim.9b00343,Not sure if NEF or EF
pnph,CompScore*,,,65.13,,,,https://pubs.acs.org/doi/10.1021/acs.jcim.9b00343,Not sure if NEF or EF
ppara,CompScore*,,,19.6,,,,https://pubs.acs.org/doi/10.1021/acs.jcim.9b00343,Not sure if NEF or EF
ppard,CompScore*,,,23.22,,,,https://pubs.acs.org/doi/10.1021/acs.jcim.9b00343,Not sure if NEF or EF
pparg,CompScore*,,,22.39,,,,https://pubs.acs.org/doi/10.1021/acs.jcim.9b00343,Not sure if NEF or EF
prgr,CompScore*,,,45.33,,,,https://pubs.acs.org/doi/10.1021/acs.jcim.9b00343,Not sure if NEF or EF
ptn1,CompScore*,,,38.85,,,,https://pubs.acs.org/doi/10.1021/acs.jcim.9b00343,Not sure if NEF or EF
pur2,CompScore*,,,54.66,,,,https://pubs.acs.org/doi/10.1021/acs.jcim.9b00343,Not sure if NEF or EF
pygm,CompScore*,,,16.49,,,,https://pubs.acs.org/doi/10.1021/acs.jcim.9b00343,Not sure if NEF or EF
pyrd,CompScore*,,,50.55,,,,https://pubs.acs.org/doi/10.1021/acs.jcim.9b00343,Not sure if NEF or EF
reni,CompScore*,,,41.99,,,,https://pubs.acs.org/doi/10.1021/acs.jcim.9b00343,Not sure if NEF or EF
rock1,CompScore*,,,40.83,,,,https://pubs.acs.org/doi/10.1021/acs.jcim.9b00343,Not sure if NEF or EF
rxra,CompScore*,,,53.25,,,,https://pubs.acs.org/doi/10.1021/acs.jcim.9b00343,Not sure if NEF or EF
sahh,CompScore*,,,48.02,,,,https://pubs.acs.org/doi/10.1021/acs.jcim.9b00343,Not sure if NEF or EF
src,CompScore*,,,32.67,,,,https://pubs.acs.org/doi/10.1021/acs.jcim.9b00343,Not sure if NEF or EF
tgfr1,CompScore*,,,56.76,,,,https://pubs.acs.org/doi/10.1021/acs.jcim.9b00343,Not sure if NEF or EF
thb,CompScore*,,,53.38,,,,https://pubs.acs.org/doi/10.1021/acs.jcim.9b00343,Not sure if NEF or EF
thrb,CompScore*,,,45.92,,,,https://pubs.acs.org/doi/10.1021/acs.jcim.9b00343,Not sure if NEF or EF
try1,CompScore*,,,58.34,,,,https://pubs.acs.org/doi/10.1021/acs.jcim.9b00343,Not sure if NEF or EF
tryb1,CompScore*,,,43.68,,,,https://pubs.acs.org/doi/10.1021/acs.jcim.9b00343,Not sure if NEF or EF
tysy,CompScore*,,,35.39,,,,https://pubs.acs.org/doi/10.1021/acs.jcim.9b00343,Not sure if NEF or EF
urok,CompScore*,,,60.94,,,,https://pubs.acs.org/doi/10.1021/acs.jcim.9b00343,Not sure if NEF or EF
vgfr2,CompScore*,,,26.78,,,,https://pubs.acs.org/doi/10.1021/acs.jcim.9b00343,Not sure if NEF or EF
wee1,CompScore*,,,61.16,,,,https://pubs.acs.org/doi/10.1021/acs.jcim.9b00343,Not sure if NEF or EF
xiap,CompScore*,,,52.3,,,,https://pubs.acs.org/doi/10.1021/acs.jcim.9b00343,Not sure if NEF or EF
ada,ESSENCE-DOCK*†(21/102),,,11.9,,,,10.26434/chemrxiv-2023-21wtv,Uses NEF
akt1,ESSENCE-DOCK*†(21/102),,,2.7,,,,10.26434/chemrxiv-2023-21wtv,Uses NEF
ampc,ESSENCE-DOCK*†(21/102),,,2.1,,,,10.26434/chemrxiv-2023-21wtv,Uses NEF
casp3,ESSENCE-DOCK*†(21/102),,,9.5,,,,10.26434/chemrxiv-2023-21wtv,Uses NEF
cp3a4,ESSENCE-DOCK*†(21/102),,,1.8,,,,10.26434/chemrxiv-2023-21wtv,Uses NEF
cxcr4,ESSENCE-DOCK*†(21/102),,,0,,,,10.26434/chemrxiv-2023-21wtv,Uses NEF
fa7,ESSENCE-DOCK*†(21/102),,,17.4,,,,10.26434/chemrxiv-2023-21wtv,Uses NEF
fabp4,ESSENCE-DOCK*†(21/102),,,10.6,,,,10.26434/chemrxiv-2023-21wtv,Uses NEF
fpps,ESSENCE-DOCK*†(21/102),,,20.1,,,,10.26434/chemrxiv-2023-21wtv,Uses NEF
gcr,ESSENCE-DOCK*†(21/102),,,13.9,,,,10.26434/chemrxiv-2023-21wtv,Uses NEF
glcm,ESSENCE-DOCK*†(21/102),,,5.5,,,,10.26434/chemrxiv-2023-21wtv,Uses NEF
hivpr,ESSENCE-DOCK*†(21/102),,,9.7,,,,10.26434/chemrxiv-2023-21wtv,Uses NEF
hivrt,ESSENCE-DOCK*†(21/102),,,8.9,,,,10.26434/chemrxiv-2023-21wtv,Uses NEF
hs90a,ESSENCE-DOCK*†(21/102),,,8,,,,10.26434/chemrxiv-2023-21wtv,Uses NEF
ital,ESSENCE-DOCK*†(21/102),,,9.5,,,,10.26434/chemrxiv-2023-21wtv,Uses NEF
kif11,ESSENCE-DOCK*†(21/102),,,24,,,,10.26434/chemrxiv-2023-21wtv,Uses NEF
mk14,ESSENCE-DOCK*†(21/102),,,5.4,,,,10.26434/chemrxiv-2023-21wtv,Uses NEF
nram,ESSENCE-DOCK*†(21/102),,,17.3,,,,10.26434/chemrxiv-2023-21wtv,Uses NEF
pa2ga,ESSENCE-DOCK*†(21/102),,,25.5,,,,10.26434/chemrxiv-2023-21wtv,Uses NEF
try1,ESSENCE-DOCK*†(21/102),,,8.2,,,,10.26434/chemrxiv-2023-21wtv,Uses NEF
wee1,ESSENCE-DOCK*†(21/102),,,53.5,,,,10.26434/chemrxiv-2023-21wtv,Uses NEF
aa2ar,SIEVE-Score‡,,,51,,0.92,,https://pubs.acs.org/doi/10.1021/acs.jcim.8b00673,Uses NEF
abl1,SIEVE-Score‡,,,34.4,,0.89,,https://pubs.acs.org/doi/10.1021/acs.jcim.8b00673,Uses NEF
ace,SIEVE-Score‡,,,30.3,,0.88,,https://pubs.acs.org/doi/10.1021/acs.jcim.8b00673,Uses NEF
aces,SIEVE-Score‡,,,35.3,,0.87,,https://pubs.acs.org/doi/10.1021/acs.jcim.8b00673,Uses NEF
ada,SIEVE-Score‡,,,55.2,,0.94,,https://pubs.acs.org/doi/10.1021/acs.jcim.8b00673,Uses NEF
ada17,SIEVE-Score‡,,,59.3,,0.95,,https://pubs.acs.org/doi/10.1021/acs.jcim.8b00673,Uses NEF
adrb1,SIEVE-Score‡,,,42.1,,0.91,,https://pubs.acs.org/doi/10.1021/acs.jcim.8b00673,Uses NEF
adrb2,SIEVE-Score‡,,,42.4,,0.92,,https://pubs.acs.org/doi/10.1021/acs.jcim.8b00673,Uses NEF
akt1,SIEVE-Score‡,,,42.1,,0.9,,https://pubs.acs.org/doi/10.1021/acs.jcim.8b00673,Uses NEF
akt2,SIEVE-Score‡,,,49,,0.93,,https://pubs.acs.org/doi/10.1021/acs.jcim.8b00673,Uses NEF
aldr,SIEVE-Score‡,,,28.2,,0.83,,https://pubs.acs.org/doi/10.1021/acs.jcim.8b00673,Uses NEF
ampc,SIEVE-Score‡,,,30.7,,0.85,,https://pubs.acs.org/doi/10.1021/acs.jcim.8b00673,Uses NEF
andr,SIEVE-Score‡,,,40.5,,0.91,,https://pubs.acs.org/doi/10.1021/acs.jcim.8b00673,Uses NEF
aofb,SIEVE-Score‡,,,14.2,,0.71,,https://pubs.acs.org/doi/10.1021/acs.jcim.8b00673,Uses NEF
bace1,SIEVE-Score‡,,,36.6,,0.87,,https://pubs.acs.org/doi/10.1021/acs.jcim.8b00673,Uses NEF
braf,SIEVE-Score‡,,,47,,0.93,,https://pubs.acs.org/doi/10.1021/acs.jcim.8b00673,Uses NEF
cah2,SIEVE-Score‡,,,23.2,,0.77,,https://pubs.acs.org/doi/10.1021/acs.jcim.8b00673,Uses NEF
casp3,SIEVE-Score‡,,,45.6,,0.87,,https://pubs.acs.org/doi/10.1021/acs.jcim.8b00673,Uses NEF
cdk2,SIEVE-Score‡,,,34.8,,0.87,,https://pubs.acs.org/doi/10.1021/acs.jcim.8b00673,Uses NEF
comt,SIEVE-Score‡,,,75.5,,0.98,,https://pubs.acs.org/doi/10.1021/acs.jcim.8b00673,Uses NEF
cp2c9,SIEVE-Score‡,,,9.3,,0.61,,https://pubs.acs.org/doi/10.1021/acs.jcim.8b00673,Uses NEF
cp3a4,SIEVE-Score‡,,,6.7,,0.64,,https://pubs.acs.org/doi/10.1021/acs.jcim.8b00673,Uses NEF
csf1r,SIEVE-Score‡,,,43.2,,0.9,,https://pubs.acs.org/doi/10.1021/acs.jcim.8b00673,Uses NEF
cxcr4,SIEVE-Score‡,,,61.1,,0.95,,https://pubs.acs.org/doi/10.1021/acs.jcim.8b00673,Uses NEF
def,SIEVE-Score‡,,,56.6,,0.96,,https://pubs.acs.org/doi/10.1021/acs.jcim.8b00673,Uses NEF
dhi1,SIEVE-Score‡,,,27.7,,0.84,,https://pubs.acs.org/doi/10.1021/acs.jcim.8b00673,Uses NEF
dpp4,SIEVE-Score‡,,,61.5,,0.96,,https://pubs.acs.org/doi/10.1021/acs.jcim.8b00673,Uses NEF
drd3,SIEVE-Score‡,,,50.8,,0.93,,https://pubs.acs.org/doi/10.1021/acs.jcim.8b00673,Uses NEF
dyr,SIEVE-Score‡,,,56.4,,0.92,,https://pubs.acs.org/doi/10.1021/acs.jcim.8b00673,Uses NEF
egfr,SIEVE-Score‡,,,44.7,,0.92,,https://pubs.acs.org/doi/10.1021/acs.jcim.8b00673,Uses NEF
esr1,SIEVE-Score‡,,,53.2,,0.96,,https://pubs.acs.org/doi/10.1021/acs.jcim.8b00673,Uses NEF
esr2,SIEVE-Score‡,,,53.3,,0.96,,https://pubs.acs.org/doi/10.1021/acs.jcim.8b00673,Uses NEF
fa10,SIEVE-Score‡,,,37.8,,0.96,,https://pubs.acs.org/doi/10.1021/acs.jcim.8b00673,Uses NEF
fa7,SIEVE-Score‡,,,54.5,,0.98,,https://pubs.acs.org/doi/10.1021/acs.jcim.8b00673,Uses NEF
fabp4,SIEVE-Score‡,,,47.3,,0.94,,https://pubs.acs.org/doi/10.1021/acs.jcim.8b00673,Uses NEF
fak1,SIEVE-Score‡,,,54.2,,0.94,,https://pubs.acs.org/doi/10.1021/acs.jcim.8b00673,Uses NEF
fgfr1,SIEVE-Score‡,,,0,,0.14,,https://pubs.acs.org/doi/10.1021/acs.jcim.8b00673,Uses NEF
fkb1a,SIEVE-Score‡,,,50.4,,0.93,,https://pubs.acs.org/doi/10.1021/acs.jcim.8b00673,Uses NEF
fnta,SIEVE-Score‡,,,44.3,,0.92,,https://pubs.acs.org/doi/10.1021/acs.jcim.8b00673,Uses NEF
fpps,SIEVE-Score‡,,,81,,0.99,,https://pubs.acs.org/doi/10.1021/acs.jcim.8b00673,Uses NEF
gcr,SIEVE-Score‡,,,33.3,,0.89,,https://pubs.acs.org/doi/10.1021/acs.jcim.8b00673,Uses NEF
glcm,SIEVE-Score‡,,,35.9,,0.84,,https://pubs.acs.org/doi/10.1021/acs.jcim.8b00673,Uses NEF
gria2,SIEVE-Score‡,,,56.6,,0.91,,https://pubs.acs.org/doi/10.1021/acs.jcim.8b00673,Uses NEF
grik1,SIEVE-Score‡,,,63.2,,0.99,,https://pubs.acs.org/doi/10.1021/acs.jcim.8b00673,Uses NEF
hdac2,SIEVE-Score‡,,,49.9,,0.93,,https://pubs.acs.org/doi/10.1021/acs.jcim.8b00673,Uses NEF
hdac8,SIEVE-Score‡,,,59.6,,0.95,,https://pubs.acs.org/doi/10.1021/acs.jcim.8b00673,Uses NEF
hivint,SIEVE-Score‡,,,23.8,,0.86,,https://pubs.acs.org/doi/10.1021/acs.jcim.8b00673,Uses NEF
hivpr,SIEVE-Score‡,,,38.3,,0.91,,https://pubs.acs.org/doi/10.1021/acs.jcim.8b00673,Uses NEF
hivrt,SIEVE-Score‡,,,39.8,,0.88,,https://pubs.acs.org/doi/10.1021/acs.jcim.8b00673,Uses NEF
hmdh,SIEVE-Score‡,,,52.3,,0.98,,https://pubs.acs.org/doi/10.1021/acs.jcim.8b00673,Uses NEF
hs90a,SIEVE-Score‡,,,38,,0.85,,https://pubs.acs.org/doi/10.1021/acs.jcim.8b00673,Uses NEF
hxk4,SIEVE-Score‡,,,36.7,,0.88,,https://pubs.acs.org/doi/10.1021/acs.jcim.8b00673,Uses NEF
igf1r,SIEVE-Score‡,,,41,,0.89,,https://pubs.acs.org/doi/10.1021/acs.jcim.8b00673,Uses NEF
inha,SIEVE-Score‡,,,6.8,,0.81,,https://pubs.acs.org/doi/10.1021/acs.jcim.8b00673,Uses NEF
ital,SIEVE-Score‡,,,25.3,,0.83,,https://pubs.acs.org/doi/10.1021/acs.jcim.8b00673,Uses NEF
jak2,SIEVE-Score‡,,,45.3,,0.93,,https://pubs.acs.org/doi/10.1021/acs.jcim.8b00673,Uses NEF
kif11,SIEVE-Score‡,,,53.4,,0.94,,https://pubs.acs.org/doi/10.1021/acs.jcim.8b00673,Uses NEF
kit,SIEVE-Score‡,,,24.2,,0.83,,https://pubs.acs.org/doi/10.1021/acs.jcim.8b00673,Uses NEF
kith,SIEVE-Score‡,,,49.8,,0.94,,https://pubs.acs.org/doi/10.1021/acs.jcim.8b00673,Uses NEF
kpcb,SIEVE-Score‡,,,57.2,,0.91,,https://pubs.acs.org/doi/10.1021/acs.jcim.8b00673,Uses NEF
lck,SIEVE-Score‡,,,41,,0.93,,https://pubs.acs.org/doi/10.1021/acs.jcim.8b00673,Uses NEF
lkha4,SIEVE-Score‡,,,37.9,,0.96,,https://pubs.acs.org/doi/10.1021/acs.jcim.8b00673,Uses NEF
mapk2,SIEVE-Score‡,,,56.4,,0.93,,https://pubs.acs.org/doi/10.1021/acs.jcim.8b00673,Uses NEF
mcr,SIEVE-Score‡,,,27.1,,0.86,,https://pubs.acs.org/doi/10.1021/acs.jcim.8b00673,Uses NEF
met,SIEVE-Score‡,,,49.1,,0.92,,https://pubs.acs.org/doi/10.1021/acs.jcim.8b00673,Uses NEF
mk01,SIEVE-Score‡,,,41.7,,0.85,,https://pubs.acs.org/doi/10.1021/acs.jcim.8b00673,Uses NEF
mk10,SIEVE-Score‡,,,27.5,,0.82,,https://pubs.acs.org/doi/10.1021/acs.jcim.8b00673,Uses NEF
mk14,SIEVE-Score‡,,,30.6,,0.85,,https://pubs.acs.org/doi/10.1021/acs.jcim.8b00673,Uses NEF
mmp13,SIEVE-Score‡,,,61.6,,0.97,,https://pubs.acs.org/doi/10.1021/acs.jcim.8b00673,Uses NEF
mp2k1,SIEVE-Score‡,,,5,,0.89,,https://pubs.acs.org/doi/10.1021/acs.jcim.8b00673,Uses NEF
nos1,SIEVE-Score‡,,,24.9,,0.84,,https://pubs.acs.org/doi/10.1021/acs.jcim.8b00673,Uses NEF
nram,SIEVE-Score‡,,,61.8,,0.98,,https://pubs.acs.org/doi/10.1021/acs.jcim.8b00673,Uses NEF
pa2ga,SIEVE-Score‡,,,49.9,,0.9,,https://pubs.acs.org/doi/10.1021/acs.jcim.8b00673,Uses NEF
parp1,SIEVE-Score‡,,,59.6,,0.97,,https://pubs.acs.org/doi/10.1021/acs.jcim.8b00673,Uses NEF
pde5a,SIEVE-Score‡,,,14,,0.91,,https://pubs.acs.org/doi/10.1021/acs.jcim.8b00673,Uses NEF
pgh1,SIEVE-Score‡,,,35.8,,0.86,,https://pubs.acs.org/doi/10.1021/acs.jcim.8b00673,Uses NEF
pgh2,SIEVE-Score‡,,,42,,0.92,,https://pubs.acs.org/doi/10.1021/acs.jcim.8b00673,Uses NEF
plk1,SIEVE-Score‡,,,40.7,,0.9,,https://pubs.acs.org/doi/10.1021/acs.jcim.8b00673,Uses NEF
pnph,SIEVE-Score‡,,,65.4,,0.98,,https://pubs.acs.org/doi/10.1021/acs.jcim.8b00673,Uses NEF
ppara,SIEVE-Score‡,,,31.4,,0.93,,https://pubs.acs.org/doi/10.1021/acs.jcim.8b00673,Uses NEF
ppard,SIEVE-Score‡,,,33.8,,0.93,,https://pubs.acs.org/doi/10.1021/acs.jcim.8b00673,Uses NEF
pparg,SIEVE-Score‡,,,34.4,,0.91,,https://pubs.acs.org/doi/10.1021/acs.jcim.8b00673,Uses NEF
prgr,SIEVE-Score‡,,,47.1,,0.95,,https://pubs.acs.org/doi/10.1021/acs.jcim.8b00673,Uses NEF
ptn1,SIEVE-Score‡,,,53.2,,0.93,,https://pubs.acs.org/doi/10.1021/acs.jcim.8b00673,Uses NEF
pur2,SIEVE-Score‡,,,54.6,,1,,https://pubs.acs.org/doi/10.1021/acs.jcim.8b00673,Uses NEF
pygm,SIEVE-Score‡,,,34.8,,0.89,,https://pubs.acs.org/doi/10.1021/acs.jcim.8b00673,Uses NEF
pyrd,SIEVE-Score‡,,,56.8,,0.96,,https://pubs.acs.org/doi/10.1021/acs.jcim.8b00673,Uses NEF
reni,SIEVE-Score‡,,,26,,0.78,,https://pubs.acs.org/doi/10.1021/acs.jcim.8b00673,Uses NEF
rock1,SIEVE-Score‡,,,48.4,,0.94,,https://pubs.acs.org/doi/10.1021/acs.jcim.8b00673,Uses NEF
rxra,SIEVE-Score‡,,,40.5,,0.99,,https://pubs.acs.org/doi/10.1021/acs.jcim.8b00673,Uses NEF
sahh,SIEVE-Score‡,,,34.8,,0.99,,https://pubs.acs.org/doi/10.1021/acs.jcim.8b00673,Uses NEF
src,SIEVE-Score‡,,,44.9,,0.92,,https://pubs.acs.org/doi/10.1021/acs.jcim.8b00673,Uses NEF
tgfr1,SIEVE-Score‡,,,61.5,,0.94,,https://pubs.acs.org/doi/10.1021/acs.jcim.8b00673,Uses NEF
thb,SIEVE-Score‡,,,36.6,,0.92,,https://pubs.acs.org/doi/10.1021/acs.jcim.8b00673,Uses NEF
thrb,SIEVE-Score‡,,,51.6,,0.95,,https://pubs.acs.org/doi/10.1021/acs.jcim.8b00673,Uses NEF
try1,SIEVE-Score‡,,,56.5,,0.96,,https://pubs.acs.org/doi/10.1021/acs.jcim.8b00673,Uses NEF
tryb1,SIEVE-Score‡,,,49.8,,0.96,,https://pubs.acs.org/doi/10.1021/acs.jcim.8b00673,Uses NEF
tysy,SIEVE-Score‡,,,58.7,,0.93,,https://pubs.acs.org/doi/10.1021/acs.jcim.8b00673,Uses NEF
urok,SIEVE-Score‡,,,57,,0.96,,https://pubs.acs.org/doi/10.1021/acs.jcim.8b00673,Uses NEF
vgfr2,SIEVE-Score‡,,,37.4,,0.9,,https://pubs.acs.org/doi/10.1021/acs.jcim.8b00673,Uses NEF
wee1,SIEVE-Score‡,,,60.7,,0.97,,https://pubs.acs.org/doi/10.1021/acs.jcim.8b00673,Uses NEF
xiap,SIEVE-Score‡,,,51.8,,0.96,,https://pubs.acs.org/doi/10.1021/acs.jcim.8b00673,Uses NEF
aa2ar,DLIGAND2,,,2.5,,,,https://jcheminf.biomedcentral.com/articles/10.1186/s13321-019-0373-4#Abs1,Uses NEF
abl1,DLIGAND2,,,7.49,,,,https://jcheminf.biomedcentral.com/articles/10.1186/s13321-019-0373-4#Abs1,Uses NEF
ace,DLIGAND2,,,2.99,,,,https://jcheminf.biomedcentral.com/articles/10.1186/s13321-019-0373-4#Abs1,Uses NEF
aces,DLIGAND2,,,0.75,,,,https://jcheminf.biomedcentral.com/articles/10.1186/s13321-019-0373-4#Abs1,Uses NEF
ada,DLIGAND2,,,0.39,,,,https://jcheminf.biomedcentral.com/articles/10.1186/s13321-019-0373-4#Abs1,Uses NEF
ada17,DLIGAND2,,,1.56,,,,https://jcheminf.biomedcentral.com/articles/10.1186/s13321-019-0373-4#Abs1,Uses NEF
adrb1,DLIGAND2,,,6.78,,,,https://jcheminf.biomedcentral.com/articles/10.1186/s13321-019-0373-4#Abs1,Uses NEF
adrb2,DLIGAND2,,,7.17,,,,https://jcheminf.biomedcentral.com/articles/10.1186/s13321-019-0373-4#Abs1,Uses NEF
akt1,DLIGAND2,,,9.24,,,,https://jcheminf.biomedcentral.com/articles/10.1186/s13321-019-0373-4#Abs1,Uses NEF
akt2,DLIGAND2,,,1.06,,,,https://jcheminf.biomedcentral.com/articles/10.1186/s13321-019-0373-4#Abs1,Uses NEF
aldr,DLIGAND2,,,0.45,,,,https://jcheminf.biomedcentral.com/articles/10.1186/s13321-019-0373-4#Abs1,Uses NEF
ampc,DLIGAND2,,,0,,,,https://jcheminf.biomedcentral.com/articles/10.1186/s13321-019-0373-4#Abs1,Uses NEF
andr,DLIGAND2,,,0.19,,,,https://jcheminf.biomedcentral.com/articles/10.1186/s13321-019-0373-4#Abs1,Uses NEF
aofb,DLIGAND2,,,3.57,,,,https://jcheminf.biomedcentral.com/articles/10.1186/s13321-019-0373-4#Abs1,Uses NEF
bace1,DLIGAND2,,,13.39,,,,https://jcheminf.biomedcentral.com/articles/10.1186/s13321-019-0373-4#Abs1,Uses NEF
braf,DLIGAND2,,,4.41,,,,https://jcheminf.biomedcentral.com/articles/10.1186/s13321-019-0373-4#Abs1,Uses NEF
cah2,DLIGAND2,,,0.36,,,,https://jcheminf.biomedcentral.com/articles/10.1186/s13321-019-0373-4#Abs1,Uses NEF
casp3,DLIGAND2,,,2.86,,,,https://jcheminf.biomedcentral.com/articles/10.1186/s13321-019-0373-4#Abs1,Uses NEF
cdk2,DLIGAND2,,,1,,,,https://jcheminf.biomedcentral.com/articles/10.1186/s13321-019-0373-4#Abs1,Uses NEF
comt,DLIGAND2,,,0,,,,https://jcheminf.biomedcentral.com/articles/10.1186/s13321-019-0373-4#Abs1,Uses NEF
cp2c9,DLIGAND2,,,6.59,,,,https://jcheminf.biomedcentral.com/articles/10.1186/s13321-019-0373-4#Abs1,Uses NEF
cp3a4,DLIGAND2,,,3.62,,,,https://jcheminf.biomedcentral.com/articles/10.1186/s13321-019-0373-4#Abs1,Uses NEF
csf1r,DLIGAND2,,,0.35,,,,https://jcheminf.biomedcentral.com/articles/10.1186/s13321-019-0373-4#Abs1,Uses NEF
cxcr4,DLIGAND2,,,0,,,,https://jcheminf.biomedcentral.com/articles/10.1186/s13321-019-0373-4#Abs1,Uses NEF
def,DLIGAND2,,,0,,,,https://jcheminf.biomedcentral.com/articles/10.1186/s13321-019-0373-4#Abs1,Uses NEF
dhi1,DLIGAND2,,,0.39,,,,https://jcheminf.biomedcentral.com/articles/10.1186/s13321-019-0373-4#Abs1,Uses NEF
dpp4,DLIGAND2,,,1.02,,,,https://jcheminf.biomedcentral.com/articles/10.1186/s13321-019-0373-4#Abs1,Uses NEF
drd3,DLIGAND2,,,2.52,,,,https://jcheminf.biomedcentral.com/articles/10.1186/s13321-019-0373-4#Abs1,Uses NEF
dyr,DLIGAND2,,,3.37,,,,https://jcheminf.biomedcentral.com/articles/10.1186/s13321-019-0373-4#Abs1,Uses NEF
egfr,DLIGAND2,,,4.09,,,,https://jcheminf.biomedcentral.com/articles/10.1186/s13321-019-0373-4#Abs1,Uses NEF
esr1,DLIGAND2,,,19.28,,,,https://jcheminf.biomedcentral.com/articles/10.1186/s13321-019-0373-4#Abs1,Uses NEF
esr2,DLIGAND2,,,3.36,,,,https://jcheminf.biomedcentral.com/articles/10.1186/s13321-019-0373-4#Abs1,Uses NEF
fa10,DLIGAND2,,,3.53,,,,https://jcheminf.biomedcentral.com/articles/10.1186/s13321-019-0373-4#Abs1,Uses NEF
fa7,DLIGAND2,,,31.19,,,,https://jcheminf.biomedcentral.com/articles/10.1186/s13321-019-0373-4#Abs1,Uses NEF
fabp4,DLIGAND2,,,21.1,,,,https://jcheminf.biomedcentral.com/articles/10.1186/s13321-019-0373-4#Abs1,Uses NEF
fak1,DLIGAND2,,,0,,,,https://jcheminf.biomedcentral.com/articles/10.1186/s13321-019-0373-4#Abs1,Uses NEF
fgfr1,DLIGAND2,,,3.05,,,,https://jcheminf.biomedcentral.com/articles/10.1186/s13321-019-0373-4#Abs1,Uses NEF
fkb1a,DLIGAND2,,,6.61,,,,https://jcheminf.biomedcentral.com/articles/10.1186/s13321-019-0373-4#Abs1,Uses NEF
fnta,DLIGAND2,,,15.02,,,,https://jcheminf.biomedcentral.com/articles/10.1186/s13321-019-0373-4#Abs1,Uses NEF
fpps,DLIGAND2,,,0,,,,https://jcheminf.biomedcentral.com/articles/10.1186/s13321-019-0373-4#Abs1,Uses NEF
gcr,DLIGAND2,,,0.36,,,,https://jcheminf.biomedcentral.com/articles/10.1186/s13321-019-0373-4#Abs1,Uses NEF
glcm,DLIGAND2,,,0,,,,https://jcheminf.biomedcentral.com/articles/10.1186/s13321-019-0373-4#Abs1,Uses NEF
gria2,DLIGAND2,,,1.01,,,,https://jcheminf.biomedcentral.com/articles/10.1186/s13321-019-0373-4#Abs1,Uses NEF
grik1,DLIGAND2,,,0,,,,https://jcheminf.biomedcentral.com/articles/10.1186/s13321-019-0373-4#Abs1,Uses NEF
hdac2,DLIGAND2,,,5.47,,,,https://jcheminf.biomedcentral.com/articles/10.1186/s13321-019-0373-4#Abs1,Uses NEF
hdac8,DLIGAND2,,,0,,,,https://jcheminf.biomedcentral.com/articles/10.1186/s13321-019-0373-4#Abs1,Uses NEF
hivint,DLIGAND2,,,12.37,,,,https://jcheminf.biomedcentral.com/articles/10.1186/s13321-019-0373-4#Abs1,Uses NEF
hivpr,DLIGAND2,,,13.35,,,,https://jcheminf.biomedcentral.com/articles/10.1186/s13321-019-0373-4#Abs1,Uses NEF
hivrt,DLIGAND2,,,0.16,,,,https://jcheminf.biomedcentral.com/articles/10.1186/s13321-019-0373-4#Abs1,Uses NEF
hmdh,DLIGAND2,,,8.41,,,,https://jcheminf.biomedcentral.com/articles/10.1186/s13321-019-0373-4#Abs1,Uses NEF
hs90a,DLIGAND2,,,0,,,,https://jcheminf.biomedcentral.com/articles/10.1186/s13321-019-0373-4#Abs1,Uses NEF
hxk4,DLIGAND2,,,0.78,,,,https://jcheminf.biomedcentral.com/articles/10.1186/s13321-019-0373-4#Abs1,Uses NEF
igf1r,DLIGAND2,,,9.26,,,,https://jcheminf.biomedcentral.com/articles/10.1186/s13321-019-0373-4#Abs1,Uses NEF
inha,DLIGAND2,,,0,,,,https://jcheminf.biomedcentral.com/articles/10.1186/s13321-019-0373-4#Abs1,Uses NEF
ital,DLIGAND2,,,0,,,,https://jcheminf.biomedcentral.com/articles/10.1186/s13321-019-0373-4#Abs1,Uses NEF
jak2,DLIGAND2,,,9.22,,,,https://jcheminf.biomedcentral.com/articles/10.1186/s13321-019-0373-4#Abs1,Uses NEF
kif11,DLIGAND2,,,0.51,,,,https://jcheminf.biomedcentral.com/articles/10.1186/s13321-019-0373-4#Abs1,Uses NEF
kit,DLIGAND2,,,3.56,,,,https://jcheminf.biomedcentral.com/articles/10.1186/s13321-019-0373-4#Abs1,Uses NEF
kith,DLIGAND2,,,2.31,,,,https://jcheminf.biomedcentral.com/articles/10.1186/s13321-019-0373-4#Abs1,Uses NEF
kpcb,DLIGAND2,,,19.37,,,,https://jcheminf.biomedcentral.com/articles/10.1186/s13321-019-0373-4#Abs1,Uses NEF
lck,DLIGAND2,,,4.83,,,,https://jcheminf.biomedcentral.com/articles/10.1186/s13321-019-0373-4#Abs1,Uses NEF
lkha4,DLIGAND2,,,4.94,,,,https://jcheminf.biomedcentral.com/articles/10.1186/s13321-019-0373-4#Abs1,Uses NEF
mapk2,DLIGAND2,,,1.46,,,,https://jcheminf.biomedcentral.com/articles/10.1186/s13321-019-0373-4#Abs1,Uses NEF
mcr,DLIGAND2,,,2.6,,,,https://jcheminf.biomedcentral.com/articles/10.1186/s13321-019-0373-4#Abs1,Uses NEF
met,DLIGAND2,,,0.82,,,,https://jcheminf.biomedcentral.com/articles/10.1186/s13321-019-0373-4#Abs1,Uses NEF
mk01,DLIGAND2,,,1.44,,,,https://jcheminf.biomedcentral.com/articles/10.1186/s13321-019-0373-4#Abs1,Uses NEF
mk10,DLIGAND2,,,3.75,,,,https://jcheminf.biomedcentral.com/articles/10.1186/s13321-019-0373-4#Abs1,Uses NEF
mk14,DLIGAND2,,,3.61,,,,https://jcheminf.biomedcentral.com/articles/10.1186/s13321-019-0373-4#Abs1,Uses NEF
mmp13,DLIGAND2,,,2.6,,,,https://jcheminf.biomedcentral.com/articles/10.1186/s13321-019-0373-4#Abs1,Uses NEF
mp2k1,DLIGAND2,,,9.93,,,,https://jcheminf.biomedcentral.com/articles/10.1186/s13321-019-0373-4#Abs1,Uses NEF
nos1,DLIGAND2,,,1.72,,,,https://jcheminf.biomedcentral.com/articles/10.1186/s13321-019-0373-4#Abs1,Uses NEF
nram,DLIGAND2,,,0.45,,,,https://jcheminf.biomedcentral.com/articles/10.1186/s13321-019-0373-4#Abs1,Uses NEF
pa2ga,DLIGAND2,,,4.7,,,,https://jcheminf.biomedcentral.com/articles/10.1186/s13321-019-0373-4#Abs1,Uses NEF
parp1,DLIGAND2,,,1.62,,,,https://jcheminf.biomedcentral.com/articles/10.1186/s13321-019-0373-4#Abs1,Uses NEF
pde5a,DLIGAND2,,,3.54,,,,https://jcheminf.biomedcentral.com/articles/10.1186/s13321-019-0373-4#Abs1,Uses NEF
pgh1,DLIGAND2,,,0.8,,,,https://jcheminf.biomedcentral.com/articles/10.1186/s13321-019-0373-4#Abs1,Uses NEF
pgh2,DLIGAND2,,,0.75,,,,https://jcheminf.biomedcentral.com/articles/10.1186/s13321-019-0373-4#Abs1,Uses NEF
plk1,DLIGAND2,,,0,,,,https://jcheminf.biomedcentral.com/articles/10.1186/s13321-019-0373-4#Abs1,Uses NEF
pnph,DLIGAND2,,,2.14,,,,https://jcheminf.biomedcentral.com/articles/10.1186/s13321-019-0373-4#Abs1,Uses NEF
ppara,DLIGAND2,,,5.51,,,,https://jcheminf.biomedcentral.com/articles/10.1186/s13321-019-0373-4#Abs1,Uses NEF
ppard,DLIGAND2,,,2.08,,,,https://jcheminf.biomedcentral.com/articles/10.1186/s13321-019-0373-4#Abs1,Uses NEF
pparg,DLIGAND2,,,9.83,,,,https://jcheminf.biomedcentral.com/articles/10.1186/s13321-019-0373-4#Abs1,Uses NEF
prgr,DLIGAND2,,,1.57,,,,https://jcheminf.biomedcentral.com/articles/10.1186/s13321-019-0373-4#Abs1,Uses NEF
ptn1,DLIGAND2,,,9.33,,,,https://jcheminf.biomedcentral.com/articles/10.1186/s13321-019-0373-4#Abs1,Uses NEF
pur2,DLIGAND2,,,0.5,,,,https://jcheminf.biomedcentral.com/articles/10.1186/s13321-019-0373-4#Abs1,Uses NEF
pygm,DLIGAND2,,,0.88,,,,https://jcheminf.biomedcentral.com/articles/10.1186/s13321-019-0373-4#Abs1,Uses NEF
pyrd,DLIGAND2,,,2.24,,,,https://jcheminf.biomedcentral.com/articles/10.1186/s13321-019-0373-4#Abs1,Uses NEF
reni,DLIGAND2,,,6,,,,https://jcheminf.biomedcentral.com/articles/10.1186/s13321-019-0373-4#Abs1,Uses NEF
rock1,DLIGAND2,,,0,,,,https://jcheminf.biomedcentral.com/articles/10.1186/s13321-019-0373-4#Abs1,Uses NEF
rxra,DLIGAND2,,,5.53,,,,https://jcheminf.biomedcentral.com/articles/10.1186/s13321-019-0373-4#Abs1,Uses NEF
sahh,DLIGAND2,,,0,,,,https://jcheminf.biomedcentral.com/articles/10.1186/s13321-019-0373-4#Abs1,Uses NEF
src,DLIGAND2,,,2.29,,,,https://jcheminf.biomedcentral.com/articles/10.1186/s13321-019-0373-4#Abs1,Uses NEF
tgfr1,DLIGAND2,,,2.5,,,,https://jcheminf.biomedcentral.com/articles/10.1186/s13321-019-0373-4#Abs1,Uses NEF
thb,DLIGAND2,,,0,,,,https://jcheminf.biomedcentral.com/articles/10.1186/s13321-019-0373-4#Abs1,Uses NEF
thrb,DLIGAND2,,,4.18,,,,https://jcheminf.biomedcentral.com/articles/10.1186/s13321-019-0373-4#Abs1,Uses NEF
try1,DLIGAND2,,,11.73,,,,https://jcheminf.biomedcentral.com/articles/10.1186/s13321-019-0373-4#Abs1,Uses NEF
tryb1,DLIGAND2,,,12.81,,,,https://jcheminf.biomedcentral.com/articles/10.1186/s13321-019-0373-4#Abs1,Uses NEF
tysy,DLIGAND2,,,1.62,,,,https://jcheminf.biomedcentral.com/articles/10.1186/s13321-019-0373-4#Abs1,Uses NEF
urok,DLIGAND2,,,17.65,,,,https://jcheminf.biomedcentral.com/articles/10.1186/s13321-019-0373-4#Abs1,Uses NEF
vgfr2,DLIGAND2,,,7.59,,,,https://jcheminf.biomedcentral.com/articles/10.1186/s13321-019-0373-4#Abs1,Uses NEF
wee1,DLIGAND2,,,4.37,,,,https://jcheminf.biomedcentral.com/articles/10.1186/s13321-019-0373-4#Abs1,Uses NEF
xiap,DLIGAND2,,,11.57,,,,https://jcheminf.biomedcentral.com/articles/10.1186/s13321-019-0373-4#Abs1,Uses NEF
aa2ar,X-Score,,,1.31,,,,https://jcheminf.biomedcentral.com/articles/10.1186/s13321-019-0373-4#Abs1,Uses NEF
abl1,X-Score,,,15.2,,,,https://jcheminf.biomedcentral.com/articles/10.1186/s13321-019-0373-4#Abs1,Uses NEF
ace,X-Score,,,3.79,,,,https://jcheminf.biomedcentral.com/articles/10.1186/s13321-019-0373-4#Abs1,Uses NEF
aces,X-Score,,,1.51,,,,https://jcheminf.biomedcentral.com/articles/10.1186/s13321-019-0373-4#Abs1,Uses NEF
ada,X-Score,,,0,,,,https://jcheminf.biomedcentral.com/articles/10.1186/s13321-019-0373-4#Abs1,Uses NEF
ada17,X-Score,,,2.19,,,,https://jcheminf.biomedcentral.com/articles/10.1186/s13321-019-0373-4#Abs1,Uses NEF
adrb1,X-Score,,,3.36,,,,https://jcheminf.biomedcentral.com/articles/10.1186/s13321-019-0373-4#Abs1,Uses NEF
adrb2,X-Score,,,0.91,,,,https://jcheminf.biomedcentral.com/articles/10.1186/s13321-019-0373-4#Abs1,Uses NEF
akt1,X-Score,,,1.67,,,,https://jcheminf.biomedcentral.com/articles/10.1186/s13321-019-0373-4#Abs1,Uses NEF
akt2,X-Score,,,5.04,,,,https://jcheminf.biomedcentral.com/articles/10.1186/s13321-019-0373-4#Abs1,Uses NEF
aldr,X-Score,,,0,,,,https://jcheminf.biomedcentral.com/articles/10.1186/s13321-019-0373-4#Abs1,Uses NEF
ampc,X-Score,,,0,,,,https://jcheminf.biomedcentral.com/articles/10.1186/s13321-019-0373-4#Abs1,Uses NEF
andr,X-Score,,,0.76,,,,https://jcheminf.biomedcentral.com/articles/10.1186/s13321-019-0373-4#Abs1,Uses NEF
aofb,X-Score,,,1.84,,,,https://jcheminf.biomedcentral.com/articles/10.1186/s13321-019-0373-4#Abs1,Uses NEF
bace1,X-Score,,,13.8,,,,https://jcheminf.biomedcentral.com/articles/10.1186/s13321-019-0373-4#Abs1,Uses NEF
braf,X-Score,,,9.18,,,,https://jcheminf.biomedcentral.com/articles/10.1186/s13321-019-0373-4#Abs1,Uses NEF
cah2,X-Score,,,3.47,,,,https://jcheminf.biomedcentral.com/articles/10.1186/s13321-019-0373-4#Abs1,Uses NEF
casp3,X-Score,,,0.29,,,,https://jcheminf.biomedcentral.com/articles/10.1186/s13321-019-0373-4#Abs1,Uses NEF
cdk2,X-Score,,,0.53,,,,https://jcheminf.biomedcentral.com/articles/10.1186/s13321-019-0373-4#Abs1,Uses NEF
comt,X-Score,,,0,,,,https://jcheminf.biomedcentral.com/articles/10.1186/s13321-019-0373-4#Abs1,Uses NEF
cp2c9,X-Score,,,4.94,,,,https://jcheminf.biomedcentral.com/articles/10.1186/s13321-019-0373-4#Abs1,Uses NEF
cp3a4,X-Score,,,2.25,,,,https://jcheminf.biomedcentral.com/articles/10.1186/s13321-019-0373-4#Abs1,Uses NEF
csf1r,X-Score,,,2.11,,,,https://jcheminf.biomedcentral.com/articles/10.1186/s13321-019-0373-4#Abs1,Uses NEF
cxcr4,X-Score,,,0,,,,https://jcheminf.biomedcentral.com/articles/10.1186/s13321-019-0373-4#Abs1,Uses NEF
def,X-Score,,,0,,,,https://jcheminf.biomedcentral.com/articles/10.1186/s13321-019-0373-4#Abs1,Uses NEF
dhi1,X-Score,,,3.19,,,,https://jcheminf.biomedcentral.com/articles/10.1186/s13321-019-0373-4#Abs1,Uses NEF
dpp4,X-Score,,,0.48,,,,https://jcheminf.biomedcentral.com/articles/10.1186/s13321-019-0373-4#Abs1,Uses NEF
drd3,X-Score,,,2.2,,,,https://jcheminf.biomedcentral.com/articles/10.1186/s13321-019-0373-4#Abs1,Uses NEF
dyr,X-Score,,,2.69,,,,https://jcheminf.biomedcentral.com/articles/10.1186/s13321-019-0373-4#Abs1,Uses NEF
egfr,X-Score,,,1.1,,,,https://jcheminf.biomedcentral.com/articles/10.1186/s13321-019-0373-4#Abs1,Uses NEF
esr1,X-Score,,,12.77,,,,https://jcheminf.biomedcentral.com/articles/10.1186/s13321-019-0373-4#Abs1,Uses NEF
esr2,X-Score,,,3.77,,,,https://jcheminf.biomedcentral.com/articles/10.1186/s13321-019-0373-4#Abs1,Uses NEF
fa10,X-Score,,,11.28,,,,https://jcheminf.biomedcentral.com/articles/10.1186/s13321-019-0373-4#Abs1,Uses NEF
fa7,X-Score,,,9.6,,,,https://jcheminf.biomedcentral.com/articles/10.1186/s13321-019-0373-4#Abs1,Uses NEF
fabp4,X-Score,,,10.55,,,,https://jcheminf.biomedcentral.com/articles/10.1186/s13321-019-0373-4#Abs1,Uses NEF
fak1,X-Score,,,0,,,,https://jcheminf.biomedcentral.com/articles/10.1186/s13321-019-0373-4#Abs1,Uses NEF
fgfr1,X-Score,,,1.02,,,,https://jcheminf.biomedcentral.com/articles/10.1186/s13321-019-0373-4#Abs1,Uses NEF
fkb1a,X-Score,,,2.36,,,,https://jcheminf.biomedcentral.com/articles/10.1186/s13321-019-0373-4#Abs1,Uses NEF
fnta,X-Score,,,3.85,,,,https://jcheminf.biomedcentral.com/articles/10.1186/s13321-019-0373-4#Abs1,Uses NEF
fpps,X-Score,,,0,,,,https://jcheminf.biomedcentral.com/articles/10.1186/s13321-019-0373-4#Abs1,Uses NEF
gcr,X-Score,,,0.9,,,,https://jcheminf.biomedcentral.com/articles/10.1186/s13321-019-0373-4#Abs1,Uses NEF
glcm,X-Score,,,18.01,,,,https://jcheminf.biomedcentral.com/articles/10.1186/s13321-019-0373-4#Abs1,Uses NEF
gria2,X-Score,,,0,,,,https://jcheminf.biomedcentral.com/articles/10.1186/s13321-019-0373-4#Abs1,Uses NEF
grik1,X-Score,,,0,,,,https://jcheminf.biomedcentral.com/articles/10.1186/s13321-019-0373-4#Abs1,Uses NEF
hdac2,X-Score,,,5.53,,,,https://jcheminf.biomedcentral.com/articles/10.1186/s13321-019-0373-4#Abs1,Uses NEF
hdac8,X-Score,,,3.87,,,,https://jcheminf.biomedcentral.com/articles/10.1186/s13321-019-0373-4#Abs1,Uses NEF
hivint,X-Score,,,4.98,,,,https://jcheminf.biomedcentral.com/articles/10.1186/s13321-019-0373-4#Abs1,Uses NEF
hivpr,X-Score,,,5.1,,,,https://jcheminf.biomedcentral.com/articles/10.1186/s13321-019-0373-4#Abs1,Uses NEF
hivrt,X-Score,,,1.72,,,,https://jcheminf.biomedcentral.com/articles/10.1186/s13321-019-0373-4#Abs1,Uses NEF
hmdh,X-Score,,,2.85,,,,https://jcheminf.biomedcentral.com/articles/10.1186/s13321-019-0373-4#Abs1,Uses NEF
hs90a,X-Score,,,0,,,,https://jcheminf.biomedcentral.com/articles/10.1186/s13321-019-0373-4#Abs1,Uses NEF
hxk4,X-Score,,,0.82,,,,https://jcheminf.biomedcentral.com/articles/10.1186/s13321-019-0373-4#Abs1,Uses NEF
igf1r,X-Score,,,2.65,,,,https://jcheminf.biomedcentral.com/articles/10.1186/s13321-019-0373-4#Abs1,Uses NEF
inha,X-Score,,,7.32,,,,https://jcheminf.biomedcentral.com/articles/10.1186/s13321-019-0373-4#Abs1,Uses NEF
ital,X-Score,,,0,,,,https://jcheminf.biomedcentral.com/articles/10.1186/s13321-019-0373-4#Abs1,Uses NEF
jak2,X-Score,,,9.22,,,,https://jcheminf.biomedcentral.com/articles/10.1186/s13321-019-0373-4#Abs1,Uses NEF
kif11,X-Score,,,5.57,,,,https://jcheminf.biomedcentral.com/articles/10.1186/s13321-019-0373-4#Abs1,Uses NEF
kit,X-Score,,,6.45,,,,https://jcheminf.biomedcentral.com/articles/10.1186/s13321-019-0373-4#Abs1,Uses NEF
kith,X-Score,,,1.54,,,,https://jcheminf.biomedcentral.com/articles/10.1186/s13321-019-0373-4#Abs1,Uses NEF
kpcb,X-Score,,,8.36,,,,https://jcheminf.biomedcentral.com/articles/10.1186/s13321-019-0373-4#Abs1,Uses NEF
lck,X-Score,,,2.1,,,,https://jcheminf.biomedcentral.com/articles/10.1186/s13321-019-0373-4#Abs1,Uses NEF
lkha4,X-Score,,,7.07,,,,https://jcheminf.biomedcentral.com/articles/10.1186/s13321-019-0373-4#Abs1,Uses NEF
mapk2,X-Score,,,7.91,,,,https://jcheminf.biomedcentral.com/articles/10.1186/s13321-019-0373-4#Abs1,Uses NEF
mcr,X-Score,,,2.7,,,,https://jcheminf.biomedcentral.com/articles/10.1186/s13321-019-0373-4#Abs1,Uses NEF
met,X-Score,,,0,,,,https://jcheminf.biomedcentral.com/articles/10.1186/s13321-019-0373-4#Abs1,Uses NEF
mk01,X-Score,,,1.5,,,,https://jcheminf.biomedcentral.com/articles/10.1186/s13321-019-0373-4#Abs1,Uses NEF
mk10,X-Score,,,6.53,,,,https://jcheminf.biomedcentral.com/articles/10.1186/s13321-019-0373-4#Abs1,Uses NEF
mk14,X-Score,,,7.6,,,,https://jcheminf.biomedcentral.com/articles/10.1186/s13321-019-0373-4#Abs1,Uses NEF
mmp13,X-Score,,,3.73,,,,https://jcheminf.biomedcentral.com/articles/10.1186/s13321-019-0373-4#Abs1,Uses NEF
mp2k1,X-Score,,,1.67,,,,https://jcheminf.biomedcentral.com/articles/10.1186/s13321-019-0373-4#Abs1,Uses NEF
nos1,X-Score,,,1.32,,,,https://jcheminf.biomedcentral.com/articles/10.1186/s13321-019-0373-4#Abs1,Uses NEF
nram,X-Score,,,0,,,,https://jcheminf.biomedcentral.com/articles/10.1186/s13321-019-0373-4#Abs1,Uses NEF
pa2ga,X-Score,,,1.6,,,,https://jcheminf.biomedcentral.com/articles/10.1186/s13321-019-0373-4#Abs1,Uses NEF
parp1,X-Score,,,3.12,,,,https://jcheminf.biomedcentral.com/articles/10.1186/s13321-019-0373-4#Abs1,Uses NEF
pde5a,X-Score,,,0.87,,,,https://jcheminf.biomedcentral.com/articles/10.1186/s13321-019-0373-4#Abs1,Uses NEF
pgh1,X-Score,,,1.21,,,,https://jcheminf.biomedcentral.com/articles/10.1186/s13321-019-0373-4#Abs1,Uses NEF
pgh2,X-Score,,,1.32,,,,https://jcheminf.biomedcentral.com/articles/10.1186/s13321-019-0373-4#Abs1,Uses NEF
plk1,X-Score,,,3.24,,,,https://jcheminf.biomedcentral.com/articles/10.1186/s13321-019-0373-4#Abs1,Uses NEF
pnph,X-Score,,,0,,,,https://jcheminf.biomedcentral.com/articles/10.1186/s13321-019-0373-4#Abs1,Uses NEF
ppara,X-Score,,,6.1,,,,https://jcheminf.biomedcentral.com/articles/10.1186/s13321-019-0373-4#Abs1,Uses NEF
ppard,X-Score,,,1.06,,,,https://jcheminf.biomedcentral.com/articles/10.1186/s13321-019-0373-4#Abs1,Uses NEF
pparg,X-Score,,,4.55,,,,https://jcheminf.biomedcentral.com/articles/10.1186/s13321-019-0373-4#Abs1,Uses NEF
prgr,X-Score,,,2.31,,,,https://jcheminf.biomedcentral.com/articles/10.1186/s13321-019-0373-4#Abs1,Uses NEF
ptn1,X-Score,,,9.33,,,,https://jcheminf.biomedcentral.com/articles/10.1186/s13321-019-0373-4#Abs1,Uses NEF
pur2,X-Score,,,0,,,,https://jcheminf.biomedcentral.com/articles/10.1186/s13321-019-0373-4#Abs1,Uses NEF
pygm,X-Score,,,0,,,,https://jcheminf.biomedcentral.com/articles/10.1186/s13321-019-0373-4#Abs1,Uses NEF
pyrd,X-Score,,,9.23,,,,https://jcheminf.biomedcentral.com/articles/10.1186/s13321-019-0373-4#Abs1,Uses NEF
reni,X-Score,,,5.91,,,,https://jcheminf.biomedcentral.com/articles/10.1186/s13321-019-0373-4#Abs1,Uses NEF
rock1,X-Score,,,0.5,,,,https://jcheminf.biomedcentral.com/articles/10.1186/s13321-019-0373-4#Abs1,Uses NEF
rxra,X-Score,,,6.75,,,,https://jcheminf.biomedcentral.com/articles/10.1186/s13321-019-0373-4#Abs1,Uses NEF
sahh,X-Score,,,0,,,,https://jcheminf.biomedcentral.com/articles/10.1186/s13321-019-0373-4#Abs1,Uses NEF
src,X-Score,,,1.71,,,,https://jcheminf.biomedcentral.com/articles/10.1186/s13321-019-0373-4#Abs1,Uses NEF
tgfr1,X-Score,,,2.53,,,,https://jcheminf.biomedcentral.com/articles/10.1186/s13321-019-0373-4#Abs1,Uses NEF
thb,X-Score,,,2.41,,,,https://jcheminf.biomedcentral.com/articles/10.1186/s13321-019-0373-4#Abs1,Uses NEF
thrb,X-Score,,,5.4,,,,https://jcheminf.biomedcentral.com/articles/10.1186/s13321-019-0373-4#Abs1,Uses NEF
try1,X-Score,,,8.01,,,,https://jcheminf.biomedcentral.com/articles/10.1186/s13321-019-0373-4#Abs1,Uses NEF
tryb1,X-Score,,,6.41,,,,https://jcheminf.biomedcentral.com/articles/10.1186/s13321-019-0373-4#Abs1,Uses NEF
tysy,X-Score,,,1.32,,,,https://jcheminf.biomedcentral.com/articles/10.1186/s13321-019-0373-4#Abs1,Uses NEF
urok,X-Score,,,0.69,,,,https://jcheminf.biomedcentral.com/articles/10.1186/s13321-019-0373-4#Abs1,Uses NEF
vgfr2,X-Score,,,7.27,,,,https://jcheminf.biomedcentral.com/articles/10.1186/s13321-019-0373-4#Abs1,Uses NEF
wee1,X-Score,,,49,,,,https://jcheminf.biomedcentral.com/articles/10.1186/s13321-019-0373-4#Abs1,Uses NEF
xiap,X-Score,,,6.17,,,,https://jcheminf.biomedcentral.com/articles/10.1186/s13321-019-0373-4#Abs1,Uses NEF
aa2ar,ΔVinaRF20,,,3.33,,,,https://jcheminf.biomedcentral.com/articles/10.1186/s13321-019-0373-4#Abs1,Uses NEF
abl1,ΔVinaRF20,,,9.19,,,,https://jcheminf.biomedcentral.com/articles/10.1186/s13321-019-0373-4#Abs1,Uses NEF
ace,ΔVinaRF20,,,0.39,,,,https://jcheminf.biomedcentral.com/articles/10.1186/s13321-019-0373-4#Abs1,Uses NEF
aces,ΔVinaRF20,,,7.5,,,,https://jcheminf.biomedcentral.com/articles/10.1186/s13321-019-0373-4#Abs1,Uses NEF
ada,ΔVinaRF20,,,3.08,,,,https://jcheminf.biomedcentral.com/articles/10.1186/s13321-019-0373-4#Abs1,Uses NEF
ada17,ΔVinaRF20,,,0.54,,,,https://jcheminf.biomedcentral.com/articles/10.1186/s13321-019-0373-4#Abs1,Uses NEF
adrb1,ΔVinaRF20,,,5.49,,,,https://jcheminf.biomedcentral.com/articles/10.1186/s13321-019-0373-4#Abs1,Uses NEF
adrb2,ΔVinaRF20,,,9.76,,,,https://jcheminf.biomedcentral.com/articles/10.1186/s13321-019-0373-4#Abs1,Uses NEF
akt1,ΔVinaRF20,,,1.2,,,,https://jcheminf.biomedcentral.com/articles/10.1186/s13321-019-0373-4#Abs1,Uses NEF
akt2,ΔVinaRF20,,,3.8,,,,https://jcheminf.biomedcentral.com/articles/10.1186/s13321-019-0373-4#Abs1,Uses NEF
aldr,ΔVinaRF20,,,3.2,,,,https://jcheminf.biomedcentral.com/articles/10.1186/s13321-019-0373-4#Abs1,Uses NEF
ampc,ΔVinaRF20,,,1.77,,,,https://jcheminf.biomedcentral.com/articles/10.1186/s13321-019-0373-4#Abs1,Uses NEF
andr,ΔVinaRF20,,,5.81,,,,https://jcheminf.biomedcentral.com/articles/10.1186/s13321-019-0373-4#Abs1,Uses NEF
aofb,ΔVinaRF20,,,2.38,,,,https://jcheminf.biomedcentral.com/articles/10.1186/s13321-019-0373-4#Abs1,Uses NEF
bace1,ΔVinaRF20,,,23.59,,,,https://jcheminf.biomedcentral.com/articles/10.1186/s13321-019-0373-4#Abs1,Uses NEF
braf,ΔVinaRF20,,,12.1,,,,https://jcheminf.biomedcentral.com/articles/10.1186/s13321-019-0373-4#Abs1,Uses NEF
cah2,ΔVinaRF20,,,8.2,,,,https://jcheminf.biomedcentral.com/articles/10.1186/s13321-019-0373-4#Abs1,Uses NEF
casp3,ΔVinaRF20,,,0,,,,https://jcheminf.biomedcentral.com/articles/10.1186/s13321-019-0373-4#Abs1,Uses NEF
cdk2,ΔVinaRF20,,,4.2,,,,https://jcheminf.biomedcentral.com/articles/10.1186/s13321-019-0373-4#Abs1,Uses NEF
comt,ΔVinaRF20,,,0,,,,https://jcheminf.biomedcentral.com/articles/10.1186/s13321-019-0373-4#Abs1,Uses NEF
cp2c9,ΔVinaRF20,,,3.89,,,,https://jcheminf.biomedcentral.com/articles/10.1186/s13321-019-0373-4#Abs1,Uses NEF
cp3a4,ΔVinaRF20,,,3.65,,,,https://jcheminf.biomedcentral.com/articles/10.1186/s13321-019-0373-4#Abs1,Uses NEF
csf1r,ΔVinaRF20,,,0.7,,,,https://jcheminf.biomedcentral.com/articles/10.1186/s13321-019-0373-4#Abs1,Uses NEF
cxcr4,ΔVinaRF20,,,0,,,,https://jcheminf.biomedcentral.com/articles/10.1186/s13321-019-0373-4#Abs1,Uses NEF
def,ΔVinaRF20,,,1.26,,,,https://jcheminf.biomedcentral.com/articles/10.1186/s13321-019-0373-4#Abs1,Uses NEF
dhi1,ΔVinaRF20,,,0,,,,https://jcheminf.biomedcentral.com/articles/10.1186/s13321-019-0373-4#Abs1,Uses NEF
dpp4,ΔVinaRF20,,,0.21,,,,https://jcheminf.biomedcentral.com/articles/10.1186/s13321-019-0373-4#Abs1,Uses NEF
drd3,ΔVinaRF20,,,2.26,,,,https://jcheminf.biomedcentral.com/articles/10.1186/s13321-019-0373-4#Abs1,Uses NEF
dyr,ΔVinaRF20,,,1.29,,,,https://jcheminf.biomedcentral.com/articles/10.1186/s13321-019-0373-4#Abs1,Uses NEF
egfr,ΔVinaRF20,,,9.5,,,,https://jcheminf.biomedcentral.com/articles/10.1186/s13321-019-0373-4#Abs1,Uses NEF
esr1,ΔVinaRF20,,,18.99,,,,https://jcheminf.biomedcentral.com/articles/10.1186/s13321-019-0373-4#Abs1,Uses NEF
esr2,ΔVinaRF20,,,12.57,,,,https://jcheminf.biomedcentral.com/articles/10.1186/s13321-019-0373-4#Abs1,Uses NEF
fa10,ΔVinaRF20,,,1.95,,,,https://jcheminf.biomedcentral.com/articles/10.1186/s13321-019-0373-4#Abs1,Uses NEF
fa7,ΔVinaRF20,,,18.82,,,,https://jcheminf.biomedcentral.com/articles/10.1186/s13321-019-0373-4#Abs1,Uses NEF
fabp4,ΔVinaRF20,,,8.79,,,,https://jcheminf.biomedcentral.com/articles/10.1186/s13321-019-0373-4#Abs1,Uses NEF
fak1,ΔVinaRF20,,,0.87,,,,https://jcheminf.biomedcentral.com/articles/10.1186/s13321-019-0373-4#Abs1,Uses NEF
fgfr1,ΔVinaRF20,,,2.03,,,,https://jcheminf.biomedcentral.com/articles/10.1186/s13321-019-0373-4#Abs1,Uses NEF
fkb1a,ΔVinaRF20,,,8.83,,,,https://jcheminf.biomedcentral.com/articles/10.1186/s13321-019-0373-4#Abs1,Uses NEF
fnta,ΔVinaRF20,,,2.66,,,,https://jcheminf.biomedcentral.com/articles/10.1186/s13321-019-0373-4#Abs1,Uses NEF
fpps,ΔVinaRF20,,,0,,,,https://jcheminf.biomedcentral.com/articles/10.1186/s13321-019-0373-4#Abs1,Uses NEF
gcr,ΔVinaRF20,,,13.82,,,,https://jcheminf.biomedcentral.com/articles/10.1186/s13321-019-0373-4#Abs1,Uses NEF
glcm,ΔVinaRF20,,,6.94,,,,https://jcheminf.biomedcentral.com/articles/10.1186/s13321-019-0373-4#Abs1,Uses NEF
gria2,ΔVinaRF20,,,2.38,,,,https://jcheminf.biomedcentral.com/articles/10.1186/s13321-019-0373-4#Abs1,Uses NEF
grik1,ΔVinaRF20,,,4.59,,,,https://jcheminf.biomedcentral.com/articles/10.1186/s13321-019-0373-4#Abs1,Uses NEF
hdac2,ΔVinaRF20,,,21.47,,,,https://jcheminf.biomedcentral.com/articles/10.1186/s13321-019-0373-4#Abs1,Uses NEF
hdac8,ΔVinaRF20,,,5.82,,,,https://jcheminf.biomedcentral.com/articles/10.1186/s13321-019-0373-4#Abs1,Uses NEF
hivint,ΔVinaRF20,,,2.09,,,,https://jcheminf.biomedcentral.com/articles/10.1186/s13321-019-0373-4#Abs1,Uses NEF
hivpr,ΔVinaRF20,,,1.33,,,,https://jcheminf.biomedcentral.com/articles/10.1186/s13321-019-0373-4#Abs1,Uses NEF
hivrt,ΔVinaRF20,,,2.03,,,,https://jcheminf.biomedcentral.com/articles/10.1186/s13321-019-0373-4#Abs1,Uses NEF
hmdh,ΔVinaRF20,,,2.07,,,,https://jcheminf.biomedcentral.com/articles/10.1186/s13321-019-0373-4#Abs1,Uses NEF
hs90a,ΔVinaRF20,,,0,,,,https://jcheminf.biomedcentral.com/articles/10.1186/s13321-019-0373-4#Abs1,Uses NEF
hxk4,ΔVinaRF20,,,0,,,,https://jcheminf.biomedcentral.com/articles/10.1186/s13321-019-0373-4#Abs1,Uses NEF
igf1r,ΔVinaRF20,,,10.14,,,,https://jcheminf.biomedcentral.com/articles/10.1186/s13321-019-0373-4#Abs1,Uses NEF
inha,ΔVinaRF20,,,15.4,,,,https://jcheminf.biomedcentral.com/articles/10.1186/s13321-019-0373-4#Abs1,Uses NEF
ital,ΔVinaRF20,,,1.75,,,,https://jcheminf.biomedcentral.com/articles/10.1186/s13321-019-0373-4#Abs1,Uses NEF
jak2,ΔVinaRF20,,,16.56,,,,https://jcheminf.biomedcentral.com/articles/10.1186/s13321-019-0373-4#Abs1,Uses NEF
kif11,ΔVinaRF20,,,26.98,,,,https://jcheminf.biomedcentral.com/articles/10.1186/s13321-019-0373-4#Abs1,Uses NEF
kit,ΔVinaRF20,,,20.76,,,,https://jcheminf.biomedcentral.com/articles/10.1186/s13321-019-0373-4#Abs1,Uses NEF
kith,ΔVinaRF20,,,3.99,,,,https://jcheminf.biomedcentral.com/articles/10.1186/s13321-019-0373-4#Abs1,Uses NEF
kpcb,ΔVinaRF20,,,17.55,,,,https://jcheminf.biomedcentral.com/articles/10.1186/s13321-019-0373-4#Abs1,Uses NEF
lck,ΔVinaRF20,,,2.83,,,,https://jcheminf.biomedcentral.com/articles/10.1186/s13321-019-0373-4#Abs1,Uses NEF
lkha4,ΔVinaRF20,,,26.75,,,,https://jcheminf.biomedcentral.com/articles/10.1186/s13321-019-0373-4#Abs1,Uses NEF
mapk2,ΔVinaRF20,,,7.8,,,,https://jcheminf.biomedcentral.com/articles/10.1186/s13321-019-0373-4#Abs1,Uses NEF
mcr,ΔVinaRF20,,,10.91,,,,https://jcheminf.biomedcentral.com/articles/10.1186/s13321-019-0373-4#Abs1,Uses NEF
met,ΔVinaRF20,,,23.33,,,,https://jcheminf.biomedcentral.com/articles/10.1186/s13321-019-0373-4#Abs1,Uses NEF
mk01,ΔVinaRF20,,,3.76,,,,https://jcheminf.biomedcentral.com/articles/10.1186/s13321-019-0373-4#Abs1,Uses NEF
mk10,ΔVinaRF20,,,2.8,,,,https://jcheminf.biomedcentral.com/articles/10.1186/s13321-019-0373-4#Abs1,Uses NEF
mk14,ΔVinaRF20,,,3.45,,,,https://jcheminf.biomedcentral.com/articles/10.1186/s13321-019-0373-4#Abs1,Uses NEF
mmp13,ΔVinaRF20,,,2.72,,,,https://jcheminf.biomedcentral.com/articles/10.1186/s13321-019-0373-4#Abs1,Uses NEF
mp2k1,ΔVinaRF20,,,0.45,,,,https://jcheminf.biomedcentral.com/articles/10.1186/s13321-019-0373-4#Abs1,Uses NEF
nos1,ΔVinaRF20,,,0,,,,https://jcheminf.biomedcentral.com/articles/10.1186/s13321-019-0373-4#Abs1,Uses NEF
nram,ΔVinaRF20,,,0.46,,,,https://jcheminf.biomedcentral.com/articles/10.1186/s13321-019-0373-4#Abs1,Uses NEF
pa2ga,ΔVinaRF20,,,0,,,,https://jcheminf.biomedcentral.com/articles/10.1186/s13321-019-0373-4#Abs1,Uses NEF
parp1,ΔVinaRF20,,,10.47,,,,https://jcheminf.biomedcentral.com/articles/10.1186/s13321-019-0373-4#Abs1,Uses NEF
pde5a,ΔVinaRF20,,,4.21,,,,https://jcheminf.biomedcentral.com/articles/10.1186/s13321-019-0373-4#Abs1,Uses NEF
pgh1,ΔVinaRF20,,,0,,,,https://jcheminf.biomedcentral.com/articles/10.1186/s13321-019-0373-4#Abs1,Uses NEF
pgh2,ΔVinaRF20,,,12.35,,,,https://jcheminf.biomedcentral.com/articles/10.1186/s13321-019-0373-4#Abs1,Uses NEF
plk1,ΔVinaRF20,,,0,,,,https://jcheminf.biomedcentral.com/articles/10.1186/s13321-019-0373-4#Abs1,Uses NEF
pnph,ΔVinaRF20,,,3,,,,https://jcheminf.biomedcentral.com/articles/10.1186/s13321-019-0373-4#Abs1,Uses NEF
ppara,ΔVinaRF20,,,12.5,,,,https://jcheminf.biomedcentral.com/articles/10.1186/s13321-019-0373-4#Abs1,Uses NEF
ppard,ΔVinaRF20,,,1.85,,,,https://jcheminf.biomedcentral.com/articles/10.1186/s13321-019-0373-4#Abs1,Uses NEF
pparg,ΔVinaRF20,,,9.18,,,,https://jcheminf.biomedcentral.com/articles/10.1186/s13321-019-0373-4#Abs1,Uses NEF
prgr,ΔVinaRF20,,,5.11,,,,https://jcheminf.biomedcentral.com/articles/10.1186/s13321-019-0373-4#Abs1,Uses NEF
ptn1,ΔVinaRF20,,,18.32,,,,https://jcheminf.biomedcentral.com/articles/10.1186/s13321-019-0373-4#Abs1,Uses NEF
pur2,ΔVinaRF20,,,0.5,,,,https://jcheminf.biomedcentral.com/articles/10.1186/s13321-019-0373-4#Abs1,Uses NEF
pygm,ΔVinaRF20,,,2.64,,,,https://jcheminf.biomedcentral.com/articles/10.1186/s13321-019-0373-4#Abs1,Uses NEF
pyrd,ΔVinaRF20,,,0,,,,https://jcheminf.biomedcentral.com/articles/10.1186/s13321-019-0373-4#Abs1,Uses NEF
reni,ΔVinaRF20,,,11.28,,,,https://jcheminf.biomedcentral.com/articles/10.1186/s13321-019-0373-4#Abs1,Uses NEF
rock1,ΔVinaRF20,,,11.91,,,,https://jcheminf.biomedcentral.com/articles/10.1186/s13321-019-0373-4#Abs1,Uses NEF
rxra,ΔVinaRF20,,,7.37,,,,https://jcheminf.biomedcentral.com/articles/10.1186/s13321-019-0373-4#Abs1,Uses NEF
sahh,ΔVinaRF20,,,0,,,,https://jcheminf.biomedcentral.com/articles/10.1186/s13321-019-0373-4#Abs1,Uses NEF
src,ΔVinaRF20,,,0.36,,,,https://jcheminf.biomedcentral.com/articles/10.1186/s13321-019-0373-4#Abs1,Uses NEF
tgfr1,ΔVinaRF20,,,10.99,,,,https://jcheminf.biomedcentral.com/articles/10.1186/s13321-019-0373-4#Abs1,Uses NEF
thb,ΔVinaRF20,,,7.14,,,,https://jcheminf.biomedcentral.com/articles/10.1186/s13321-019-0373-4#Abs1,Uses NEF
thrb,ΔVinaRF20,,,8.29,,,,https://jcheminf.biomedcentral.com/articles/10.1186/s13321-019-0373-4#Abs1,Uses NEF
try1,ΔVinaRF20,,,2.33,,,,https://jcheminf.biomedcentral.com/articles/10.1186/s13321-019-0373-4#Abs1,Uses NEF
tryb1,ΔVinaRF20,,,3.47,,,,https://jcheminf.biomedcentral.com/articles/10.1186/s13321-019-0373-4#Abs1,Uses NEF
tysy,ΔVinaRF20,,,19.39,,,,https://jcheminf.biomedcentral.com/articles/10.1186/s13321-019-0373-4#Abs1,Uses NEF
urok,ΔVinaRF20,,,3.13,,,,https://jcheminf.biomedcentral.com/articles/10.1186/s13321-019-0373-4#Abs1,Uses NEF
vgfr2,ΔVinaRF20,,,6.7,,,,https://jcheminf.biomedcentral.com/articles/10.1186/s13321-019-0373-4#Abs1,Uses NEF
wee1,ΔVinaRF20,,,12.04,,,,https://jcheminf.biomedcentral.com/articles/10.1186/s13321-019-0373-4#Abs1,Uses NEF
xiap,ΔVinaRF20,,,1.6,,,,https://jcheminf.biomedcentral.com/articles/10.1186/s13321-019-0373-4#Abs1,Uses NEF
aa2ar,OnionNet-SCFT+Vina,,,0.62,,0.58,,https://doi.org/10.1093/bib/bbac051,Uses NEF
abl1,OnionNet-SCFT+Vina,,,3.86,,0.58,,https://doi.org/10.1093/bib/bbac051,Uses NEF
ace,OnionNet-SCFT+Vina,,,14.32,,0.73,,https://doi.org/10.1093/bib/bbac051,Uses NEF
aces,OnionNet-SCFT+Vina,,,6.84,,0.62,,https://doi.org/10.1093/bib/bbac051,Uses NEF
ada,OnionNet-SCFT+Vina,,,9.75,,0.75,,https://doi.org/10.1093/bib/bbac051,Uses NEF
ada17,OnionNet-SCFT+Vina,,,10.16,,0.66,,https://doi.org/10.1093/bib/bbac051,Uses NEF
adrb1,OnionNet-SCFT+Vina,,,6.88,,0.78,,https://doi.org/10.1093/bib/bbac051,Uses NEF
adrb2,OnionNet-SCFT+Vina,,,13.87,,0.78,,https://doi.org/10.1093/bib/bbac051,Uses NEF
akt1,OnionNet-SCFT+Vina,,,4.1,,0.67,,https://doi.org/10.1093/bib/bbac051,Uses NEF
akt2,OnionNet-SCFT+Vina,,,23.11,,0.61,,https://doi.org/10.1093/bib/bbac051,Uses NEF
aldr,OnionNet-SCFT+Vina,,,13.14,,0.76,,https://doi.org/10.1093/bib/bbac051,Uses NEF
ampc,OnionNet-SCFT+Vina,,,0,,0.73,,https://doi.org/10.1093/bib/bbac051,Uses NEF
andr,OnionNet-SCFT+Vina,,,21.58,,0.63,,https://doi.org/10.1093/bib/bbac051,Uses NEF
aofb,OnionNet-SCFT+Vina,,,4.11,,0.74,,https://doi.org/10.1093/bib/bbac051,Uses NEF
bace1,OnionNet-SCFT+Vina,,,16.22,,0.82,,https://doi.org/10.1093/bib/bbac051,Uses NEF
braf,OnionNet-SCFT+Vina,,,21.7,,0.85,,https://doi.org/10.1093/bib/bbac051,Uses NEF
cah2,OnionNet-SCFT+Vina,,,40.68,,0.77,,https://doi.org/10.1093/bib/bbac051,Uses NEF
casp3,OnionNet-SCFT+Vina,,,1.01,,0.66,,https://doi.org/10.1093/bib/bbac051,Uses NEF
cdk2,OnionNet-SCFT+Vina,,,13.29,,0.76,,https://doi.org/10.1093/bib/bbac051,Uses NEF
comt,OnionNet-SCFT+Vina,,,0,,0.62,,https://doi.org/10.1093/bib/bbac051,Uses NEF
cp2c9,OnionNet-SCFT+Vina,,,3.32,,0.67,,https://doi.org/10.1093/bib/bbac051,Uses NEF
cp3a4,OnionNet-SCFT+Vina,,,1.19,,0.6,,https://doi.org/10.1093/bib/bbac051,Uses NEF
csf1r,OnionNet-SCFT+Vina,,,6.03,,0.56,,https://doi.org/10.1093/bib/bbac051,Uses NEF
cxcr4,OnionNet-SCFT+Vina,,,7.6,,0.8,,https://doi.org/10.1093/bib/bbac051,Uses NEF
def,OnionNet-SCFT+Vina,,,0,,0.55,,https://doi.org/10.1093/bib/bbac051,Uses NEF
dhi1,OnionNet-SCFT+Vina,,,2.72,,0.71,,https://doi.org/10.1093/bib/bbac051,Uses NEF
dpp4,OnionNet-SCFT+Vina,,,10.52,,0.67,,https://doi.org/10.1093/bib/bbac051,Uses NEF
drd3,OnionNet-SCFT+Vina,,,2.09,,0.68,,https://doi.org/10.1093/bib/bbac051,Uses NEF
dyr,OnionNet-SCFT+Vina,,,25.97,,0.91,,https://doi.org/10.1093/bib/bbac051,Uses NEF
egfr,OnionNet-SCFT+Vina,,,11.61,,0.72,,https://doi.org/10.1093/bib/bbac051,Uses NEF
esr1,OnionNet-SCFT+Vina,,,30.35,,0.81,,https://doi.org/10.1093/bib/bbac051,Uses NEF
esr2,OnionNet-SCFT+Vina,,,26.77,,0.78,,https://doi.org/10.1093/bib/bbac051,Uses NEF
fa10,OnionNet-SCFT+Vina,,,25.65,,0.84,,https://doi.org/10.1093/bib/bbac051,Uses NEF
fa7,OnionNet-SCFT+Vina,,,52.29,,0.96,,https://doi.org/10.1093/bib/bbac051,Uses NEF
fabp4,OnionNet-SCFT+Vina,,,36.12,,0.88,,https://doi.org/10.1093/bib/bbac051,Uses NEF
fak1,OnionNet-SCFT+Vina,,,13.12,,0.74,,https://doi.org/10.1093/bib/bbac051,Uses NEF
fgfr1,OnionNet-SCFT+Vina,,,1.36,,0.53,,https://doi.org/10.1093/bib/bbac051,Uses NEF
fkb1a,OnionNet-SCFT+Vina,,,9.93,,0.74,,https://doi.org/10.1093/bib/bbac051,Uses NEF
fnta,OnionNet-SCFT+Vina,,,4.22,,0.55,,https://doi.org/10.1093/bib/bbac051,Uses NEF
fpps,OnionNet-SCFT+Vina,,,0,,0.52,,https://doi.org/10.1093/bib/bbac051,Uses NEF
gcr,OnionNet-SCFT+Vina,,,17.49,,0.64,,https://doi.org/10.1093/bib/bbac051,Uses NEF
glcm,OnionNet-SCFT+Vina,,,1.83,,0.56,,https://doi.org/10.1093/bib/bbac051,Uses NEF
gria2,OnionNet-SCFT+Vina,,,14.04,,0.79,,https://doi.org/10.1093/bib/bbac051,Uses NEF
grik1,OnionNet-SCFT+Vina,,,11.97,,0.77,,https://doi.org/10.1093/bib/bbac051,Uses NEF
hdac2,OnionNet-SCFT+Vina,,,0,,0.65,,https://doi.org/10.1093/bib/bbac051,Uses NEF
hdac8,OnionNet-SCFT+Vina,,,2.36,,0.67,,https://doi.org/10.1093/bib/bbac051,Uses NEF
hivint,OnionNet-SCFT+Vina,,,5.03,,0.8,,https://doi.org/10.1093/bib/bbac051,Uses NEF
hivpr,OnionNet-SCFT+Vina,,,4.11,,0.66,,https://doi.org/10.1093/bib/bbac051,Uses NEF
hivrt,OnionNet-SCFT+Vina,,,10.1,,0.72,,https://doi.org/10.1093/bib/bbac051,Uses NEF
hmdh,OnionNet-SCFT+Vina,,,35.35,,0.94,,https://doi.org/10.1093/bib/bbac051,Uses NEF
hs90a,OnionNet-SCFT+Vina,,,0,,0.55,,https://doi.org/10.1093/bib/bbac051,Uses NEF
hxk4,OnionNet-SCFT+Vina,,,6.51,,0.49,,https://doi.org/10.1093/bib/bbac051,Uses NEF
igf1r,OnionNet-SCFT+Vina,,,16.28,,0.7,,https://doi.org/10.1093/bib/bbac051,Uses NEF
inha,OnionNet-SCFT+Vina,,,4.74,,0.76,,https://doi.org/10.1093/bib/bbac051,Uses NEF
ital,OnionNet-SCFT+Vina,,,0.73,,0.63,,https://doi.org/10.1093/bib/bbac051,Uses NEF
jak2,OnionNet-SCFT+Vina,,,27.11,,0.74,,https://doi.org/10.1093/bib/bbac051,Uses NEF
kif11,OnionNet-SCFT+Vina,,,42.88,,0.91,,https://doi.org/10.1093/bib/bbac051,Uses NEF
kit,OnionNet-SCFT+Vina,,,7.24,,0.59,,https://doi.org/10.1093/bib/bbac051,Uses NEF
kith,OnionNet-SCFT+Vina,,,28.14,,0.89,,https://doi.org/10.1093/bib/bbac051,Uses NEF
kpcb,OnionNet-SCFT+Vina,,,38.64,,0.78,,https://doi.org/10.1093/bib/bbac051,Uses NEF
lck,OnionNet-SCFT+Vina,,,15.47,,0.68,,https://doi.org/10.1093/bib/bbac051,Uses NEF
lkha4,OnionNet-SCFT+Vina,,,26.37,,0.91,,https://doi.org/10.1093/bib/bbac051,Uses NEF
mapk2,OnionNet-SCFT+Vina,,,27.94,,0.75,,https://doi.org/10.1093/bib/bbac051,Uses NEF
mcr,OnionNet-SCFT+Vina,,,7.5,,0.58,,https://doi.org/10.1093/bib/bbac051,Uses NEF
met,OnionNet-SCFT+Vina,,,6.03,,0.76,,https://doi.org/10.1093/bib/bbac051,Uses NEF
mk01,OnionNet-SCFT+Vina,,,20.37,,0.61,,https://doi.org/10.1093/bib/bbac051,Uses NEF
mk10,OnionNet-SCFT+Vina,,,7.7,,0.65,,https://doi.org/10.1093/bib/bbac051,Uses NEF
mk14,OnionNet-SCFT+Vina,,,6.57,,0.63,,https://doi.org/10.1093/bib/bbac051,Uses NEF
mmp13,OnionNet-SCFT+Vina,,,13.11,,0.7,,https://doi.org/10.1093/bib/bbac051,Uses NEF
mp2k1,OnionNet-SCFT+Vina,,,0.82,,0.58,,https://doi.org/10.1093/bib/bbac051,Uses NEF
nos1,OnionNet-SCFT+Vina,,,0,,0.57,,https://doi.org/10.1093/bib/bbac051,Uses NEF
nram,OnionNet-SCFT+Vina,,,3.06,,0.76,,https://doi.org/10.1093/bib/bbac051,Uses NEF
pa2ga,OnionNet-SCFT+Vina,,,37.7,,0.79,,https://doi.org/10.1093/bib/bbac051,Uses NEF
parp1,OnionNet-SCFT+Vina,,,24.44,,0.93,,https://doi.org/10.1093/bib/bbac051,Uses NEF
pde5a,OnionNet-SCFT+Vina,,,7.54,,0.7,,https://doi.org/10.1093/bib/bbac051,Uses NEF
pgh1,OnionNet-SCFT+Vina,,,7.69,,0.63,,https://doi.org/10.1093/bib/bbac051,Uses NEF
pgh2,OnionNet-SCFT+Vina,,,2.53,,0.65,,https://doi.org/10.1093/bib/bbac051,Uses NEF
plk1,OnionNet-SCFT+Vina,,,0.94,,0.63,,https://doi.org/10.1093/bib/bbac051,Uses NEF
pnph,OnionNet-SCFT+Vina,,,49.19,,0.97,,https://doi.org/10.1093/bib/bbac051,Uses NEF
ppara,OnionNet-SCFT+Vina,,,24.43,,0.91,,https://doi.org/10.1093/bib/bbac051,Uses NEF
ppard,OnionNet-SCFT+Vina,,,7.89,,0.78,,https://doi.org/10.1093/bib/bbac051,Uses NEF
pparg,OnionNet-SCFT+Vina,,,23.38,,0.87,,https://doi.org/10.1093/bib/bbac051,Uses NEF
prgr,OnionNet-SCFT+Vina,,,11.23,,0.64,,https://doi.org/10.1093/bib/bbac051,Uses NEF
ptn1,OnionNet-SCFT+Vina,,,29.89,,0.78,,https://doi.org/10.1093/bib/bbac051,Uses NEF
pur2,OnionNet-SCFT+Vina,,,54.88,,0.99,,https://doi.org/10.1093/bib/bbac051,Uses NEF
pygm,OnionNet-SCFT+Vina,,,0,,0.58,,https://doi.org/10.1093/bib/bbac051,Uses NEF
pyrd,OnionNet-SCFT+Vina,,,16.11,,0.77,,https://doi.org/10.1093/bib/bbac051,Uses NEF
reni,OnionNet-SCFT+Vina,,,18.16,,0.7,,https://doi.org/10.1093/bib/bbac051,Uses NEF
rock1,OnionNet-SCFT+Vina,,,16.99,,0.87,,https://doi.org/10.1093/bib/bbac051,Uses NEF
rxra,OnionNet-SCFT+Vina,,,45.58,,0.79,,https://doi.org/10.1093/bib/bbac051,Uses NEF
sahh,OnionNet-SCFT+Vina,,,27.08,,0.91,,https://doi.org/10.1093/bib/bbac051,Uses NEF
src,OnionNet-SCFT+Vina,,,3.05,,0.54,,https://doi.org/10.1093/bib/bbac051,Uses NEF
tgfr1,OnionNet-SCFT+Vina,,,20.37,,0.88,,https://doi.org/10.1093/bib/bbac051,Uses NEF
thb,OnionNet-SCFT+Vina,,,41.02,,0.87,,https://doi.org/10.1093/bib/bbac051,Uses NEF
thrb,OnionNet-SCFT+Vina,,,10.2,,0.42,,https://doi.org/10.1093/bib/bbac051,Uses NEF
try1,OnionNet-SCFT+Vina,,,38.92,,0.89,,https://doi.org/10.1093/bib/bbac051,Uses NEF
tryb1,OnionNet-SCFT+Vina,,,14.85,,0.71,,https://doi.org/10.1093/bib/bbac051,Uses NEF
tysy,OnionNet-SCFT+Vina,,,14.78,,0.76,,https://doi.org/10.1093/bib/bbac051,Uses NEF
urok,OnionNet-SCFT+Vina,,,36.43,,0.89,,https://doi.org/10.1093/bib/bbac051,Uses NEF
vgfr2,OnionNet-SCFT+Vina,,,5.14,,0.48,,https://doi.org/10.1093/bib/bbac051,Uses NEF
wee1,OnionNet-SCFT+Vina,,,61.27,,0.96,,https://doi.org/10.1093/bib/bbac051,Uses NEF
xiap,OnionNet-SCFT+Vina,,,28.24,,0.85,,https://doi.org/10.1093/bib/bbac051,Uses NEF
aa2ar,OnionNet-SCFT+Gnina,,,2.49,,0.61,,https://doi.org/10.1093/bib/bbac051,Uses NEF
abl1,OnionNet-SCFT+Gnina,,,12.12,,0.75,,https://doi.org/10.1093/bib/bbac051,Uses NEF
ace,OnionNet-SCFT+Gnina,,,24.17,,0.81,,https://doi.org/10.1093/bib/bbac051,Uses NEF
aces,OnionNet-SCFT+Gnina,,,23.39,,0.65,,https://doi.org/10.1093/bib/bbac051,Uses NEF
ada,OnionNet-SCFT+Gnina,,,23.84,,0.83,,https://doi.org/10.1093/bib/bbac051,Uses NEF
ada17,OnionNet-SCFT+Gnina,,,1.13,,0.56,,https://doi.org/10.1093/bib/bbac051,Uses NEF
adrb1,OnionNet-SCFT+Gnina,,,8.5,,0.66,,https://doi.org/10.1093/bib/bbac051,Uses NEF
adrb2,OnionNet-SCFT+Gnina,,,8.67,,0.69,,https://doi.org/10.1093/bib/bbac051,Uses NEF
akt1,OnionNet-SCFT+Gnina,,,16.06,,0.77,,https://doi.org/10.1093/bib/bbac051,Uses NEF
akt2,OnionNet-SCFT+Gnina,,,24.82,,0.76,,https://doi.org/10.1093/bib/bbac051,Uses NEF
aldr,OnionNet-SCFT+Gnina,,,11.26,,0.62,,https://doi.org/10.1093/bib/bbac051,Uses NEF
ampc,OnionNet-SCFT+Gnina,,,18.62,,0.76,,https://doi.org/10.1093/bib/bbac051,Uses NEF
andr,OnionNet-SCFT+Gnina,,,12.28,,0.68,,https://doi.org/10.1093/bib/bbac051,Uses NEF
aofb,OnionNet-SCFT+Gnina,,,1.64,,0.49,,https://doi.org/10.1093/bib/bbac051,Uses NEF
bace1,OnionNet-SCFT+Gnina,,,32.09,,0.88,,https://doi.org/10.1093/bib/bbac051,Uses NEF
braf,OnionNet-SCFT+Gnina,,,19.07,,0.77,,https://doi.org/10.1093/bib/bbac051,Uses NEF
cah2,OnionNet-SCFT+Gnina,,,51.06,,0.93,,https://doi.org/10.1093/bib/bbac051,Uses NEF
casp3,OnionNet-SCFT+Gnina,,,2.01,,0.57,,https://doi.org/10.1093/bib/bbac051,Uses NEF
cdk2,OnionNet-SCFT+Gnina,,,6.96,,0.73,,https://doi.org/10.1093/bib/bbac051,Uses NEF
comt,OnionNet-SCFT+Gnina,,,17.03,,0.76,,https://doi.org/10.1093/bib/bbac051,Uses NEF
cp2c9,OnionNet-SCFT+Gnina,,,12.44,,0.66,,https://doi.org/10.1093/bib/bbac051,Uses NEF
cp3a4,OnionNet-SCFT+Gnina,,,5.87,,0.65,,https://doi.org/10.1093/bib/bbac051,Uses NEF
csf1r,OnionNet-SCFT+Gnina,,,10.25,,0.69,,https://doi.org/10.1093/bib/bbac051,Uses NEF
cxcr4,OnionNet-SCFT+Gnina,,,50.68,,0.88,,https://doi.org/10.1093/bib/bbac051,Uses NEF
def,OnionNet-SCFT+Gnina,,,0,,0.75,,https://doi.org/10.1093/bib/bbac051,Uses NEF
dhi1,OnionNet-SCFT+Gnina,,,0.91,,0.61,,https://doi.org/10.1093/bib/bbac051,Uses NEF
dpp4,OnionNet-SCFT+Gnina,,,20.47,,0.75,,https://doi.org/10.1093/bib/bbac051,Uses NEF
drd3,OnionNet-SCFT+Gnina,,,0.83,,0.52,,https://doi.org/10.1093/bib/bbac051,Uses NEF
dyr,OnionNet-SCFT+Gnina,,,40.69,,0.96,,https://doi.org/10.1093/bib/bbac051,Uses NEF
egfr,OnionNet-SCFT+Gnina,,,16.03,,0.75,,https://doi.org/10.1093/bib/bbac051,Uses NEF
esr1,OnionNet-SCFT+Gnina,,,26.17,,0.77,,https://doi.org/10.1093/bib/bbac051,Uses NEF
esr2,OnionNet-SCFT+Gnina,,,10.93,,0.71,,https://doi.org/10.1093/bib/bbac051,Uses NEF
fa10,OnionNet-SCFT+Gnina,,,32.71,,0.88,,https://doi.org/10.1093/bib/bbac051,Uses NEF
fa7,OnionNet-SCFT+Gnina,,,54.04,,0.97,,https://doi.org/10.1093/bib/bbac051,Uses NEF
fabp4,OnionNet-SCFT+Gnina,,,4.25,,0.82,,https://doi.org/10.1093/bib/bbac051,Uses NEF
fak1,OnionNet-SCFT+Gnina,,,3.03,,0.59,,https://doi.org/10.1093/bib/bbac051,Uses NEF
fgfr1,OnionNet-SCFT+Gnina,,,0,,0.49,,https://doi.org/10.1093/bib/bbac051,Uses NEF
fkb1a,OnionNet-SCFT+Gnina,,,7.22,,0.56,,https://doi.org/10.1093/bib/bbac051,Uses NEF
fnta,OnionNet-SCFT+Gnina,,,15.04,,0.68,,https://doi.org/10.1093/bib/bbac051,Uses NEF
fpps,OnionNet-SCFT+Gnina,,,3.53,,0.81,,https://doi.org/10.1093/bib/bbac051,Uses NEF
gcr,OnionNet-SCFT+Gnina,,,4.66,,0.62,,https://doi.org/10.1093/bib/bbac051,Uses NEF
glcm,OnionNet-SCFT+Gnina,,,9.15,,0.5,,https://doi.org/10.1093/bib/bbac051,Uses NEF
gria2,OnionNet-SCFT+Gnina,,,8.85,,0.78,,https://doi.org/10.1093/bib/bbac051,Uses NEF
grik1,OnionNet-SCFT+Gnina,,,13.96,,0.86,,https://doi.org/10.1093/bib/bbac051,Uses NEF
hdac2,OnionNet-SCFT+Gnina,,,2.7,,0.51,,https://doi.org/10.1093/bib/bbac051,Uses NEF
hdac8,OnionNet-SCFT+Gnina,,,1.18,,0.67,,https://doi.org/10.1093/bib/bbac051,Uses NEF
hivint,OnionNet-SCFT+Gnina,,,3.02,,0.55,,https://doi.org/10.1093/bib/bbac051,Uses NEF
hivpr,OnionNet-SCFT+Gnina,,,10.27,,0.72,,https://doi.org/10.1093/bib/bbac051,Uses NEF
hivrt,OnionNet-SCFT+Gnina,,,21.32,,0.76,,https://doi.org/10.1093/bib/bbac051,Uses NEF
hmdh,OnionNet-SCFT+Gnina,,,37.7,,0.91,,https://doi.org/10.1093/bib/bbac051,Uses NEF
hs90a,OnionNet-SCFT+Gnina,,,24.04,,0.81,,https://doi.org/10.1093/bib/bbac051,Uses NEF
hxk4,OnionNet-SCFT+Gnina,,,17.35,,0.88,,https://doi.org/10.1093/bib/bbac051,Uses NEF
igf1r,OnionNet-SCFT+Gnina,,,21.71,,0.82,,https://doi.org/10.1093/bib/bbac051,Uses NEF
inha,OnionNet-SCFT+Gnina,,,0,,0.54,,https://doi.org/10.1093/bib/bbac051,Uses NEF
ital,OnionNet-SCFT+Gnina,,,6.54,,0.68,,https://doi.org/10.1093/bib/bbac051,Uses NEF
jak2,OnionNet-SCFT+Gnina,,,15.89,,0.75,,https://doi.org/10.1093/bib/bbac051,Uses NEF
kif11,OnionNet-SCFT+Gnina,,,44.6,,0.88,,https://doi.org/10.1093/bib/bbac051,Uses NEF
kit,OnionNet-SCFT+Gnina,,,1.21,,0.57,,https://doi.org/10.1093/bib/bbac051,Uses NEF
kith,OnionNet-SCFT+Gnina,,,29.9,,0.8,,https://doi.org/10.1093/bib/bbac051,Uses NEF
kpcb,OnionNet-SCFT+Gnina,,,31.95,,0.74,,https://doi.org/10.1093/bib/bbac051,Uses NEF
lck,OnionNet-SCFT+Gnina,,,11.9,,0.69,,https://doi.org/10.1093/bib/bbac051,Uses NEF
lkha4,OnionNet-SCFT+Gnina,,,28.13,,0.91,,https://doi.org/10.1093/bib/bbac051,Uses NEF
mapk2,OnionNet-SCFT+Gnina,,,4.99,,0.75,,https://doi.org/10.1093/bib/bbac051,Uses NEF
mcr,OnionNet-SCFT+Gnina,,,10.72,,0.64,,https://doi.org/10.1093/bib/bbac051,Uses NEF
met,OnionNet-SCFT+Gnina,,,37.37,,0.84,,https://doi.org/10.1093/bib/bbac051,Uses NEF
mk01,OnionNet-SCFT+Gnina,,,26.74,,0.63,,https://doi.org/10.1093/bib/bbac051,Uses NEF
mk10,OnionNet-SCFT+Gnina,,,5.77,,0.72,,https://doi.org/10.1093/bib/bbac051,Uses NEF
mk14,OnionNet-SCFT+Gnina,,,11.41,,0.61,,https://doi.org/10.1093/bib/bbac051,Uses NEF
mmp13,OnionNet-SCFT+Gnina,,,25.17,,0.8,,https://doi.org/10.1093/bib/bbac051,Uses NEF
mp2k1,OnionNet-SCFT+Gnina,,,4.12,,0.7,,https://doi.org/10.1093/bib/bbac051,Uses NEF
nos1,OnionNet-SCFT+Gnina,,,2.98,,0.57,,https://doi.org/10.1093/bib/bbac051,Uses NEF
nram,OnionNet-SCFT+Gnina,,,29.58,,0.93,,https://doi.org/10.1093/bib/bbac051,Uses NEF
pa2ga,OnionNet-SCFT+Gnina,,,51.96,,0.89,,https://doi.org/10.1093/bib/bbac051,Uses NEF
parp1,OnionNet-SCFT+Gnina,,,18.14,,0.83,,https://doi.org/10.1093/bib/bbac051,Uses NEF
pde5a,OnionNet-SCFT+Gnina,,,3.52,,0.7,,https://doi.org/10.1093/bib/bbac051,Uses NEF
pgh1,OnionNet-SCFT+Gnina,,,6.15,,0.63,,https://doi.org/10.1093/bib/bbac051,Uses NEF
pgh2,OnionNet-SCFT+Gnina,,,0.92,,0.59,,https://doi.org/10.1093/bib/bbac051,Uses NEF
plk1,OnionNet-SCFT+Gnina,,,15.9,,0.8,,https://doi.org/10.1093/bib/bbac051,Uses NEF
pnph,OnionNet-SCFT+Gnina,,,57.87,,0.96,,https://doi.org/10.1093/bib/bbac051,Uses NEF
ppara,OnionNet-SCFT+Gnina,,,19.87,,0.84,,https://doi.org/10.1093/bib/bbac051,Uses NEF
ppard,OnionNet-SCFT+Gnina,,,27.83,,0.86,,https://doi.org/10.1093/bib/bbac051,Uses NEF
pparg,OnionNet-SCFT+Gnina,,,28.14,,0.82,,https://doi.org/10.1093/bib/bbac051,Uses NEF
prgr,OnionNet-SCFT+Gnina,,,10.26,,0.68,,https://doi.org/10.1093/bib/bbac051,Uses NEF
ptn1,OnionNet-SCFT+Gnina,,,32.96,,0.83,,https://doi.org/10.1093/bib/bbac051,Uses NEF
pur2,OnionNet-SCFT+Gnina,,,54.88,,0.99,,https://doi.org/10.1093/bib/bbac051,Uses NEF
pygm,OnionNet-SCFT+Gnina,,,0,,0.45,,https://doi.org/10.1093/bib/bbac051,Uses NEF
pyrd,OnionNet-SCFT+Gnina,,,6.27,,0.68,,https://doi.org/10.1093/bib/bbac051,Uses NEF
reni,OnionNet-SCFT+Gnina,,,21.99,,0.77,,https://doi.org/10.1093/bib/bbac051,Uses NEF
rock1,OnionNet-SCFT+Gnina,,,25.99,,0.89,,https://doi.org/10.1093/bib/bbac051,Uses NEF
rxra,OnionNet-SCFT+Gnina,,,44.06,,0.81,,https://doi.org/10.1093/bib/bbac051,Uses NEF
sahh,OnionNet-SCFT+Gnina,,,0,,0.79,,https://doi.org/10.1093/bib/bbac051,Uses NEF
src,OnionNet-SCFT+Gnina,,,1.34,,0.71,,https://doi.org/10.1093/bib/bbac051,Uses NEF
tgfr1,OnionNet-SCFT+Gnina,,,24.15,,0.89,,https://doi.org/10.1093/bib/bbac051,Uses NEF
thb,OnionNet-SCFT+Gnina,,,54.69,,0.9,,https://doi.org/10.1093/bib/bbac051,Uses NEF
thrb,OnionNet-SCFT+Gnina,,,5.64,,0.73,,https://doi.org/10.1093/bib/bbac051,Uses NEF
try1,OnionNet-SCFT+Gnina,,,47.15,,0.91,,https://doi.org/10.1093/bib/bbac051,Uses NEF
tryb1,OnionNet-SCFT+Gnina,,,21.6,,0.68,,https://doi.org/10.1093/bib/bbac051,Uses NEF
tysy,OnionNet-SCFT+Gnina,,,17.55,,0.78,,https://doi.org/10.1093/bib/bbac051,Uses NEF
urok,OnionNet-SCFT+Gnina,,,45.08,,0.95,,https://doi.org/10.1093/bib/bbac051,Uses NEF
vgfr2,OnionNet-SCFT+Gnina,,,17.38,,0.77,,https://doi.org/10.1093/bib/bbac051,Uses NEF
wee1,OnionNet-SCFT+Gnina,,,61.27,,0.98,,https://doi.org/10.1093/bib/bbac051,Uses NEF
xiap,OnionNet-SCFT+Gnina,,,46.4,,0.94,,https://doi.org/10.1093/bib/bbac051,Uses NEF
aa2ar,GlideSP/GlideSP,,,13.98,0.806,0.481,0.346,https://doi.org/10.1093/bib/bbaa070,Uses non-normalized EF
abl1,GlideSP/GlideSP,,,16.07,0.761,0.5,0.371,https://doi.org/10.1093/bib/bbaa070,Uses non-normalized EF
ace,GlideSP/GlideSP,,,18.85,0.839,0.52,0.63,https://doi.org/10.1093/bib/bbaa070,Uses non-normalized EF
aces,GlideSP/GlideSP,,,8.27,0.604,0.32,0.195,https://doi.org/10.1093/bib/bbaa070,Uses non-normalized EF
ada,GlideSP/GlideSP,,,2.26,0.511,0.291,0.101,https://doi.org/10.1093/bib/bbaa070,Uses non-normalized EF
ada17,GlideSP/GlideSP,,,23.91,0.848,0.5,0.519,https://doi.org/10.1093/bib/bbaa070,Uses non-normalized EF
adrb1,GlideSP/GlideSP,,,9.78,0.74,0.413,0.262,https://doi.org/10.1093/bib/bbaa070,Uses non-normalized EF
adrb2,GlideSP/GlideSP,,,17.87,0.806,0.455,0.464,https://doi.org/10.1093/bib/bbaa070,Uses non-normalized EF
akt1,GlideSP/GlideSP,,,9.69,0.74,0.421,0.236,https://doi.org/10.1093/bib/bbaa070,Uses non-normalized EF
akt2,GlideSP/GlideSP,,,14.26,0.785,0.492,0.363,https://doi.org/10.1093/bib/bbaa070,Uses non-normalized EF
aldr,GlideSP/GlideSP,,,24.63,0.766,0.431,0.478,https://doi.org/10.1093/bib/bbaa070,Uses non-normalized EF
ampc,GlideSP/GlideSP,,,3.17,0.625,0.38,0.063,https://doi.org/10.1093/bib/bbaa070,Uses non-normalized EF
andr,GlideSP/GlideSP,,,19.77,0.829,0.453,0.5,https://doi.org/10.1093/bib/bbaa070,Uses non-normalized EF
aofb,GlideSP/GlideSP,,,3.59,0.712,0.413,0.133,https://doi.org/10.1093/bib/bbaa070,Uses non-normalized EF
bace1,GlideSP/GlideSP,,,8.73,0.731,0.422,0.212,https://doi.org/10.1093/bib/bbaa070,Uses non-normalized EF
braf,GlideSP/GlideSP,,,24.29,0.85,0.556,0.535,https://doi.org/10.1093/bib/bbaa070,Uses non-normalized EF
cah2,GlideSP/GlideSP,,,0.73,0.493,0.273,0.023,https://doi.org/10.1093/bib/bbaa070,Uses non-normalized EF
casp3,GlideSP/GlideSP,,,19.69,0.772,0.433,0.507,https://doi.org/10.1093/bib/bbaa070,Uses non-normalized EF
cdk2,GlideSP/GlideSP,,,16.19,0.839,0.513,0.421,https://doi.org/10.1093/bib/bbaa070,Uses non-normalized EF
comt,GlideSP/GlideSP,,,0,0.712,0.524,0.009,https://doi.org/10.1093/bib/bbaa070,Uses non-normalized EF
cp2c9,GlideSP/GlideSP,,,3.84,0.577,0.321,0.076,https://doi.org/10.1093/bib/bbaa070,Uses non-normalized EF
cp3a4,GlideSP/GlideSP,,,2.01,0.609,0.357,0.08,https://doi.org/10.1093/bib/bbaa070,Uses non-normalized EF
csf1r,GlideSP/GlideSP,,,18.41,0.742,0.404,0.352,https://doi.org/10.1093/bib/bbaa070,Uses non-normalized EF
cxcr4,GlideSP/GlideSP,,,0,0.525,0.307,0.003,https://doi.org/10.1093/bib/bbaa070,Uses non-normalized EF
def,GlideSP/GlideSP,,,18.2,0.943,0.713,0.51,https://doi.org/10.1093/bib/bbaa070,Uses non-normalized EF
dhi1,GlideSP/GlideSP,,,8.17,0.696,0.405,0.203,https://doi.org/10.1093/bib/bbaa070,Uses non-normalized EF
dpp4,GlideSP/GlideSP,,,15.65,0.711,0.383,0.362,https://doi.org/10.1093/bib/bbaa070,Uses non-normalized EF
drd3,GlideSP/GlideSP,,,1.83,0.655,0.389,0.057,https://doi.org/10.1093/bib/bbaa070,Uses non-normalized EF
dyr,GlideSP/GlideSP,,,14.05,0.709,0.381,0.361,https://doi.org/10.1093/bib/bbaa070,Uses non-normalized EF
egfr,GlideSP/GlideSP,,,19.59,0.782,0.477,0.403,https://doi.org/10.1093/bib/bbaa070,Uses non-normalized EF
esr1,GlideSP/GlideSP,,,34.09,0.845,0.452,0.818,https://doi.org/10.1093/bib/bbaa070,Uses non-normalized EF
esr2,GlideSP/GlideSP,,,33.5,0.881,0.493,0.829,https://doi.org/10.1093/bib/bbaa070,Uses non-normalized EF
fa10,GlideSP/GlideSP,,,24.38,0.901,0.56,0.802,https://doi.org/10.1093/bib/bbaa070,Uses non-normalized EF
fa7,GlideSP/GlideSP,,,32.52,0.959,0.764,0.872,https://doi.org/10.1093/bib/bbaa070,Uses non-normalized EF
fabp4,GlideSP/GlideSP,,,41.43,0.887,0.505,0.751,https://doi.org/10.1093/bib/bbaa070,Uses non-normalized EF
fak1,GlideSP/GlideSP,,,31.82,0.817,0.467,0.583,https://doi.org/10.1093/bib/bbaa070,Uses non-normalized EF
fgfr1,GlideSP/GlideSP,,,0.44,0.501,0.234,0.2,https://doi.org/10.1093/bib/bbaa070,Uses non-normalized EF
fkb1a,GlideSP/GlideSP,,,6.93,0.586,0.31,0.237,https://doi.org/10.1093/bib/bbaa070,Uses non-normalized EF
fnta,GlideSP/GlideSP,,,2.06,0.549,0.309,0.069,https://doi.org/10.1093/bib/bbaa070,Uses non-normalized EF
fpps,GlideSP/GlideSP,,,0.96,0.53,0.355,0.02,https://doi.org/10.1093/bib/bbaa070,Uses non-normalized EF
gcr,GlideSP/GlideSP,,,14.65,0.713,0.392,0.311,https://doi.org/10.1093/bib/bbaa070,Uses non-normalized EF
glcm,GlideSP/GlideSP,,,6.99,0.681,0.362,0.416,https://doi.org/10.1093/bib/bbaa070,Uses non-normalized EF
gria2,GlideSP/GlideSP,,,2.06,0.642,0.372,0.079,https://doi.org/10.1093/bib/bbaa070,Uses non-normalized EF
grik1,GlideSP/GlideSP,,,8.47,0.825,0.63,0.211,https://doi.org/10.1093/bib/bbaa070,Uses non-normalized EF
hdac2,GlideSP/GlideSP,,,17.32,0.812,0.627,0.337,https://doi.org/10.1093/bib/bbaa070,Uses non-normalized EF
hdac8,GlideSP/GlideSP,,,7.14,0.907,0.708,0.157,https://doi.org/10.1093/bib/bbaa070,Uses non-normalized EF
hivint,GlideSP/GlideSP,,,2.36,0.671,0.4,0.085,https://doi.org/10.1093/bib/bbaa070,Uses non-normalized EF
hivpr,GlideSP/GlideSP,,,4.16,0.585,0.326,0.137,https://doi.org/10.1093/bib/bbaa070,Uses non-normalized EF
hivrt,GlideSP/GlideSP,,,17.38,0.76,0.409,0.412,https://doi.org/10.1093/bib/bbaa070,Uses non-normalized EF
hmdh,GlideSP/GlideSP,,,21.37,0.824,0.511,0.561,https://doi.org/10.1093/bib/bbaa070,Uses non-normalized EF
hs90a,GlideSP/GlideSP,,,0.83,0.668,0.357,0.075,https://doi.org/10.1093/bib/bbaa070,Uses non-normalized EF
hxk4,GlideSP/GlideSP,,,16.52,0.63,0.361,0.327,https://doi.org/10.1093/bib/bbaa070,Uses non-normalized EF
igf1r,GlideSP/GlideSP,,,20.39,0.78,0.468,0.417,https://doi.org/10.1093/bib/bbaa070,Uses non-normalized EF
inha,GlideSP/GlideSP,,,18.68,0.624,0.364,0.375,https://doi.org/10.1093/bib/bbaa070,Uses non-normalized EF
ital,GlideSP/GlideSP,,,7.86,0.652,0.372,0.176,https://doi.org/10.1093/bib/bbaa070,Uses non-normalized EF
jak2,GlideSP/GlideSP,,,23.11,0.892,0.566,0.528,https://doi.org/10.1093/bib/bbaa070,Uses non-normalized EF
kif11,GlideSP/GlideSP,,,20.77,0.869,0.542,0.522,https://doi.org/10.1093/bib/bbaa070,Uses non-normalized EF
kit,GlideSP/GlideSP,,,4.78,0.687,0.419,0.113,https://doi.org/10.1093/bib/bbaa070,Uses non-normalized EF
kith,GlideSP/GlideSP,,,22.6,0.895,0.592,0.934,https://doi.org/10.1093/bib/bbaa070,Uses non-normalized EF
kpcb,GlideSP/GlideSP,,,33.8,0.758,0.403,0.647,https://doi.org/10.1093/bib/bbaa070,Uses non-normalized EF
lck,GlideSP/GlideSP,,,22.71,0.837,0.493,0.496,https://doi.org/10.1093/bib/bbaa070,Uses non-normalized EF
lkha4,GlideSP/GlideSP,,,16.99,0.877,0.558,0.452,https://doi.org/10.1093/bib/bbaa070,Uses non-normalized EF
mapk2,GlideSP/GlideSP,,,21.87,0.819,0.483,0.623,https://doi.org/10.1093/bib/bbaa070,Uses non-normalized EF
mcr,GlideSP/GlideSP,,,19.53,0.791,0.465,0.471,https://doi.org/10.1093/bib/bbaa070,Uses non-normalized EF
met,GlideSP/GlideSP,,,38.22,0.88,0.609,0.659,https://doi.org/10.1093/bib/bbaa070,Uses non-normalized EF
mk01,GlideSP/GlideSP,,,5.73,0.853,0.521,0.202,https://doi.org/10.1093/bib/bbaa070,Uses non-normalized EF
mk10,GlideSP/GlideSP,,,5.92,0.745,0.48,0.151,https://doi.org/10.1093/bib/bbaa070,Uses non-normalized EF
mk14,GlideSP/GlideSP,,,15.31,0.633,0.347,0.329,https://doi.org/10.1093/bib/bbaa070,Uses non-normalized EF
mmp13,GlideSP/GlideSP,,,20.71,0.761,0.404,0.453,https://doi.org/10.1093/bib/bbaa070,Uses non-normalized EF
mp2k1,GlideSP/GlideSP,,,1.66,0.715,0.451,0.086,https://doi.org/10.1093/bib/bbaa070,Uses non-normalized EF
nos1,GlideSP/GlideSP,,,1.71,0.558,0.31,0.05,https://doi.org/10.1093/bib/bbaa070,Uses non-normalized EF
nram,GlideSP/GlideSP,,,23.54,0.85,0.499,0.683,https://doi.org/10.1093/bib/bbaa070,Uses non-normalized EF
pa2ga,GlideSP/GlideSP,,,31.64,0.729,0.368,0.573,https://doi.org/10.1093/bib/bbaa070,Uses non-normalized EF
parp1,GlideSP/GlideSP,,,38.01,0.952,0.69,0.836,https://doi.org/10.1093/bib/bbaa070,Uses non-normalized EF
pde5a,GlideSP/GlideSP,,,1.48,0.716,0.459,0.043,https://doi.org/10.1093/bib/bbaa070,Uses non-normalized EF
pgh1,GlideSP/GlideSP,,,9,0.714,0.406,0.218,https://doi.org/10.1093/bib/bbaa070,Uses non-normalized EF
pgh2,GlideSP/GlideSP,,,28.24,0.794,0.442,0.568,https://doi.org/10.1093/bib/bbaa070,Uses non-normalized EF
plk1,GlideSP/GlideSP,,,33.98,0.894,0.582,0.645,https://doi.org/10.1093/bib/bbaa070,Uses non-normalized EF
pnph,GlideSP/GlideSP,,,23.56,0.916,0.631,0.677,https://doi.org/10.1093/bib/bbaa070,Uses non-normalized EF
ppara,GlideSP/GlideSP,,,13.57,0.825,0.492,0.41,https://doi.org/10.1093/bib/bbaa070,Uses non-normalized EF
ppard,GlideSP/GlideSP,,,15.31,0.823,0.507,0.34,https://doi.org/10.1093/bib/bbaa070,Uses non-normalized EF
pparg,GlideSP/GlideSP,,,15.91,0.814,0.481,0.409,https://doi.org/10.1093/bib/bbaa070,Uses non-normalized EF
prgr,GlideSP/GlideSP,,,23.72,0.877,0.54,0.52,https://doi.org/10.1093/bib/bbaa070,Uses non-normalized EF
ptn1,GlideSP/GlideSP,,,16.08,0.834,0.524,0.496,https://doi.org/10.1093/bib/bbaa070,Uses non-normalized EF
pur2,GlideSP/GlideSP,,,14.36,0.978,0.802,1.019,https://doi.org/10.1093/bib/bbaa070,Uses non-normalized EF
pygm,GlideSP/GlideSP,,,0,0.599,0.308,0.032,https://doi.org/10.1093/bib/bbaa070,Uses non-normalized EF
pyrd,GlideSP/GlideSP,,,35.81,0.84,0.489,0.637,https://doi.org/10.1093/bib/bbaa070,Uses non-normalized EF
reni,GlideSP/GlideSP,,,12.88,0.772,0.494,0.53,https://doi.org/10.1093/bib/bbaa070,Uses non-normalized EF
rock1,GlideSP/GlideSP,,,13.31,0.784,0.453,0.37,https://doi.org/10.1093/bib/bbaa070,Uses non-normalized EF
rxra,GlideSP/GlideSP,,,34.4,0.942,0.598,0.871,https://doi.org/10.1093/bib/bbaa070,Uses non-normalized EF
sahh,GlideSP/GlideSP,,,14.52,0.983,0.777,1.028,https://doi.org/10.1093/bib/bbaa070,Uses non-normalized EF
src,GlideSP/GlideSP,,,14.55,0.754,0.447,0.294,https://doi.org/10.1093/bib/bbaa070,Uses non-normalized EF
tgfr1,GlideSP/GlideSP,,,17.05,0.866,0.595,0.463,https://doi.org/10.1093/bib/bbaa070,Uses non-normalized EF
thb,GlideSP/GlideSP,,,20.82,0.813,0.506,0.52,https://doi.org/10.1093/bib/bbaa070,Uses non-normalized EF
thrb,GlideSP/GlideSP,,,18.2,0.82,0.484,0.472,https://doi.org/10.1093/bib/bbaa070,Uses non-normalized EF
try1,GlideSP/GlideSP,,,12.99,0.774,0.439,0.336,https://doi.org/10.1093/bib/bbaa070,Uses non-normalized EF
tryb1,GlideSP/GlideSP,,,14.57,0.817,0.502,0.289,https://doi.org/10.1093/bib/bbaa070,Uses non-normalized EF
tysy,GlideSP/GlideSP,,,16.08,0.828,0.523,0.555,https://doi.org/10.1093/bib/bbaa070,Uses non-normalized EF
urok,GlideSP/GlideSP,,,30.35,0.853,0.487,0.782,https://doi.org/10.1093/bib/bbaa070,Uses non-normalized EF
vgfr2,GlideSP/GlideSP,,,13.27,0.682,0.379,0.347,https://doi.org/10.1093/bib/bbaa070,Uses non-normalized EF
wee1,GlideSP/GlideSP,,,45.48,0.992,0.867,0.999,https://doi.org/10.1093/bib/bbaa070,Uses non-normalized EF
xiap,GlideSP/GlideSP,,,40.68,0.887,0.49,0.832,https://doi.org/10.1093/bib/bbaa070,Uses non-normalized EF
aa2ar,ΔVinaRF20/GlideSP,,,0.48,0.569,0.163,0.019,https://doi.org/10.1093/bib/bbaa070,Uses non-normalized EF
abl1,ΔVinaRF20/GlideSP,,,7.76,0.698,0.303,0.236,https://doi.org/10.1093/bib/bbaa070,Uses non-normalized EF
ace,ΔVinaRF20/GlideSP,,,3.53,0.526,0.181,0.132,https://doi.org/10.1093/bib/bbaa070,Uses non-normalized EF
aces,ΔVinaRF20/GlideSP,,,6.9,0.655,0.257,0.166,https://doi.org/10.1093/bib/bbaa070,Uses non-normalized EF
ada,ΔVinaRF20/GlideSP,,,0.76,0.609,0.183,0.053,https://doi.org/10.1093/bib/bbaa070,Uses non-normalized EF
ada17,ΔVinaRF20/GlideSP,,,20.42,0.763,0.408,0.42,https://doi.org/10.1093/bib/bbaa070,Uses non-normalized EF
adrb1,ΔVinaRF20/GlideSP,,,0.67,0.605,0.181,0.033,https://doi.org/10.1093/bib/bbaa070,Uses non-normalized EF
adrb2,ΔVinaRF20/GlideSP,,,2.14,0.655,0.22,0.066,https://doi.org/10.1093/bib/bbaa070,Uses non-normalized EF
akt1,ΔVinaRF20/GlideSP,,,3.09,0.756,0.276,0.084,https://doi.org/10.1093/bib/bbaa070,Uses non-normalized EF
akt2,ΔVinaRF20/GlideSP,,,5.99,0.763,0.328,0.197,https://doi.org/10.1093/bib/bbaa070,Uses non-normalized EF
aldr,ΔVinaRF20/GlideSP,,,6.49,0.622,0.236,0.153,https://doi.org/10.1093/bib/bbaa070,Uses non-normalized EF
ampc,ΔVinaRF20/GlideSP,,,0,0.515,0.128,0,https://doi.org/10.1093/bib/bbaa070,Uses non-normalized EF
andr,ΔVinaRF20/GlideSP,,,8.3,0.625,0.268,0.222,https://doi.org/10.1093/bib/bbaa070,Uses non-normalized EF
aofb,ΔVinaRF20/GlideSP,,,5.73,0.683,0.273,0.148,https://doi.org/10.1093/bib/bbaa070,Uses non-normalized EF
bace1,ΔVinaRF20/GlideSP,,,6.4,0.651,0.253,0.154,https://doi.org/10.1093/bib/bbaa070,Uses non-normalized EF
braf,ΔVinaRF20/GlideSP,,,8.55,0.81,0.347,0.202,https://doi.org/10.1093/bib/bbaa070,Uses non-normalized EF
cah2,ΔVinaRF20/GlideSP,,,1.19,0.464,0.139,0.031,https://doi.org/10.1093/bib/bbaa070,Uses non-normalized EF
casp3,ΔVinaRF20/GlideSP,,,3.14,0.672,0.244,0.117,https://doi.org/10.1093/bib/bbaa070,Uses non-normalized EF
cdk2,ΔVinaRF20/GlideSP,,,8.54,0.67,0.279,0.203,https://doi.org/10.1093/bib/bbaa070,Uses non-normalized EF
comt,ΔVinaRF20/GlideSP,,,0,0.742,0.243,0.022,https://doi.org/10.1093/bib/bbaa070,Uses non-normalized EF
cp2c9,ΔVinaRF20/GlideSP,,,2.2,0.559,0.184,0.064,https://doi.org/10.1093/bib/bbaa070,Uses non-normalized EF
cp3a4,ΔVinaRF20/GlideSP,,,2.14,0.545,0.171,0.056,https://doi.org/10.1093/bib/bbaa070,Uses non-normalized EF
csf1r,ΔVinaRF20/GlideSP,,,7.92,0.693,0.293,0.179,https://doi.org/10.1093/bib/bbaa070,Uses non-normalized EF
cxcr4,ΔVinaRF20/GlideSP,,,0,0.602,0.164,0.008,https://doi.org/10.1093/bib/bbaa070,Uses non-normalized EF
def,ΔVinaRF20/GlideSP,,,20.75,0.879,0.515,0.501,https://doi.org/10.1093/bib/bbaa070,Uses non-normalized EF
dhi1,ΔVinaRF20/GlideSP,,,6.39,0.773,0.32,0.184,https://doi.org/10.1093/bib/bbaa070,Uses non-normalized EF
dpp4,ΔVinaRF20/GlideSP,,,4.01,0.7,0.257,0.106,https://doi.org/10.1093/bib/bbaa070,Uses non-normalized EF
drd3,ΔVinaRF20/GlideSP,,,1.53,0.63,0.194,0.044,https://doi.org/10.1093/bib/bbaa070,Uses non-normalized EF
dyr,ΔVinaRF20/GlideSP,,,3.64,0.638,0.238,0.129,https://doi.org/10.1093/bib/bbaa070,Uses non-normalized EF
egfr,ΔVinaRF20/GlideSP,,,3.6,0.659,0.233,0.092,https://doi.org/10.1093/bib/bbaa070,Uses non-normalized EF
esr1,ΔVinaRF20/GlideSP,,,24.36,0.819,0.507,0.589,https://doi.org/10.1093/bib/bbaa070,Uses non-normalized EF
esr2,ΔVinaRF20/GlideSP,,,20.04,0.8,0.469,0.485,https://doi.org/10.1093/bib/bbaa070,Uses non-normalized EF
fa10,ΔVinaRF20/GlideSP,,,20.67,0.836,0.49,0.609,https://doi.org/10.1093/bib/bbaa070,Uses non-normalized EF
fa7,ΔVinaRF20/GlideSP,,,15.66,0.868,0.485,0.44,https://doi.org/10.1093/bib/bbaa070,Uses non-normalized EF
fabp4,ΔVinaRF20/GlideSP,,,10.25,0.751,0.36,0.269,https://doi.org/10.1093/bib/bbaa070,Uses non-normalized EF
fak1,ΔVinaRF20/GlideSP,,,14.06,0.668,0.316,0.296,https://doi.org/10.1093/bib/bbaa070,Uses non-normalized EF
fgfr1,ΔVinaRF20/GlideSP,,,1.73,0.55,0.19,0.576,https://doi.org/10.1093/bib/bbaa070,Uses non-normalized EF
fkb1a,ΔVinaRF20/GlideSP,,,3.36,0.633,0.225,0.127,https://doi.org/10.1093/bib/bbaa070,Uses non-normalized EF
fnta,ΔVinaRF20/GlideSP,,,5.07,0.645,0.242,0.147,https://doi.org/10.1093/bib/bbaa070,Uses non-normalized EF
fpps,ΔVinaRF20/GlideSP,,,0,0.412,0.086,0,https://doi.org/10.1093/bib/bbaa070,Uses non-normalized EF
gcr,ΔVinaRF20/GlideSP,,,9.43,0.661,0.275,0.197,https://doi.org/10.1093/bib/bbaa070,Uses non-normalized EF
glcm,ΔVinaRF20/GlideSP,,,1.66,0.734,0.251,0.149,https://doi.org/10.1093/bib/bbaa070,Uses non-normalized EF
gria2,ΔVinaRF20/GlideSP,,,1.04,0.582,0.18,0.033,https://doi.org/10.1093/bib/bbaa070,Uses non-normalized EF
grik1,ΔVinaRF20/GlideSP,,,1.99,0.599,0.21,0.064,https://doi.org/10.1093/bib/bbaa070,Uses non-normalized EF
hdac2,ΔVinaRF20/GlideSP,,,10.53,0.841,0.379,0.236,https://doi.org/10.1093/bib/bbaa070,Uses non-normalized EF
hdac8,ΔVinaRF20/GlideSP,,,17.57,0.909,0.518,0.393,https://doi.org/10.1093/bib/bbaa070,Uses non-normalized EF
hivint,ΔVinaRF20/GlideSP,,,0.97,0.626,0.211,0.054,https://doi.org/10.1093/bib/bbaa070,Uses non-normalized EF
hivpr,ΔVinaRF20/GlideSP,,,1.52,0.634,0.209,0.07,https://doi.org/10.1093/bib/bbaa070,Uses non-normalized EF
hivrt,ΔVinaRF20/GlideSP,,,2.92,0.617,0.213,0.088,https://doi.org/10.1093/bib/bbaa070,Uses non-normalized EF
hmdh,ΔVinaRF20/GlideSP,,,2.74,0.604,0.201,0.088,https://doi.org/10.1093/bib/bbaa070,Uses non-normalized EF
hs90a,ΔVinaRF20/GlideSP,,,0.85,0.532,0.15,0.031,https://doi.org/10.1093/bib/bbaa070,Uses non-normalized EF
hxk4,ΔVinaRF20/GlideSP,,,0.81,0.613,0.203,0.054,https://doi.org/10.1093/bib/bbaa070,Uses non-normalized EF
igf1r,ΔVinaRF20/GlideSP,,,14.82,0.708,0.343,0.311,https://doi.org/10.1093/bib/bbaa070,Uses non-normalized EF
inha,ΔVinaRF20/GlideSP,,,13.45,0.769,0.389,0.348,https://doi.org/10.1093/bib/bbaa070,Uses non-normalized EF
ital,ΔVinaRF20/GlideSP,,,4.01,0.516,0.175,0.105,https://doi.org/10.1093/bib/bbaa070,Uses non-normalized EF
jak2,ΔVinaRF20/GlideSP,,,16.51,0.771,0.383,0.328,https://doi.org/10.1093/bib/bbaa070,Uses non-normalized EF
kif11,ΔVinaRF20/GlideSP,,,18.74,0.773,0.423,0.432,https://doi.org/10.1093/bib/bbaa070,Uses non-normalized EF
kit,ΔVinaRF20/GlideSP,,,3.62,0.655,0.231,0.096,https://doi.org/10.1093/bib/bbaa070,Uses non-normalized EF
kith,ΔVinaRF20/GlideSP,,,9.42,0.633,0.269,0.28,https://doi.org/10.1093/bib/bbaa070,Uses non-normalized EF
kpcb,ΔVinaRF20/GlideSP,,,10.84,0.718,0.307,0.247,https://doi.org/10.1093/bib/bbaa070,Uses non-normalized EF
lck,ΔVinaRF20/GlideSP,,,15.19,0.75,0.356,0.315,https://doi.org/10.1093/bib/bbaa070,Uses non-normalized EF
lkha4,ΔVinaRF20/GlideSP,,,3.87,0.821,0.347,0.149,https://doi.org/10.1093/bib/bbaa070,Uses non-normalized EF
mapk2,ΔVinaRF20/GlideSP,,,11.26,0.801,0.397,0.355,https://doi.org/10.1093/bib/bbaa070,Uses non-normalized EF
mcr,ΔVinaRF20/GlideSP,,,11.89,0.647,0.287,0.29,https://doi.org/10.1093/bib/bbaa070,Uses non-normalized EF
met,ΔVinaRF20/GlideSP,,,24.13,0.855,0.509,0.485,https://doi.org/10.1093/bib/bbaa070,Uses non-normalized EF
mk01,ΔVinaRF20/GlideSP,,,3.04,0.789,0.311,0.114,https://doi.org/10.1093/bib/bbaa070,Uses non-normalized EF
mk10,ΔVinaRF20/GlideSP,,,4.44,0.711,0.256,0.093,https://doi.org/10.1093/bib/bbaa070,Uses non-normalized EF
mk14,ΔVinaRF20/GlideSP,,,8.65,0.634,0.258,0.191,https://doi.org/10.1093/bib/bbaa070,Uses non-normalized EF
mmp13,ΔVinaRF20/GlideSP,,,2.41,0.712,0.253,0.077,https://doi.org/10.1093/bib/bbaa070,Uses non-normalized EF
mp2k1,ΔVinaRF20/GlideSP,,,2.08,0.642,0.21,0.056,https://doi.org/10.1093/bib/bbaa070,Uses non-normalized EF
nos1,ΔVinaRF20/GlideSP,,,0,0.564,0.161,0.011,https://doi.org/10.1093/bib/bbaa070,Uses non-normalized EF
nram,ΔVinaRF20/GlideSP,,,5.38,0.763,0.315,0.187,https://doi.org/10.1093/bib/bbaa070,Uses non-normalized EF
pa2ga,ΔVinaRF20/GlideSP,,,3.96,0.619,0.22,0.097,https://doi.org/10.1093/bib/bbaa070,Uses non-normalized EF
parp1,ΔVinaRF20/GlideSP,,,12.57,0.833,0.393,0.281,https://doi.org/10.1093/bib/bbaa070,Uses non-normalized EF
pde5a,ΔVinaRF20/GlideSP,,,5.32,0.666,0.256,0.123,https://doi.org/10.1093/bib/bbaa070,Uses non-normalized EF
pgh1,ΔVinaRF20/GlideSP,,,5.57,0.653,0.254,0.138,https://doi.org/10.1093/bib/bbaa070,Uses non-normalized EF
pgh2,ΔVinaRF20/GlideSP,,,15.8,0.734,0.38,0.372,https://doi.org/10.1093/bib/bbaa070,Uses non-normalized EF
plk1,ΔVinaRF20/GlideSP,,,6.45,0.711,0.269,0.122,https://doi.org/10.1093/bib/bbaa070,Uses non-normalized EF
pnph,ΔVinaRF20/GlideSP,,,9.05,0.859,0.426,0.322,https://doi.org/10.1093/bib/bbaa070,Uses non-normalized EF
ppara,ΔVinaRF20/GlideSP,,,5.47,0.708,0.268,0.145,https://doi.org/10.1093/bib/bbaa070,Uses non-normalized EF
ppard,ΔVinaRF20/GlideSP,,,2.44,0.647,0.222,0.076,https://doi.org/10.1093/bib/bbaa070,Uses non-normalized EF
pparg,ΔVinaRF20/GlideSP,,,2.19,0.669,0.233,0.07,https://doi.org/10.1093/bib/bbaa070,Uses non-normalized EF
prgr,ΔVinaRF20/GlideSP,,,11.12,0.732,0.342,0.267,https://doi.org/10.1093/bib/bbaa070,Uses non-normalized EF
ptn1,ΔVinaRF20/GlideSP,,,24.15,0.85,0.534,0.592,https://doi.org/10.1093/bib/bbaa070,Uses non-normalized EF
pur2,ΔVinaRF20/GlideSP,,,0.98,0.705,0.222,0.07,https://doi.org/10.1093/bib/bbaa070,Uses non-normalized EF
pygm,ΔVinaRF20/GlideSP,,,8.51,0.574,0.227,0.173,https://doi.org/10.1093/bib/bbaa070,Uses non-normalized EF
pyrd,ΔVinaRF20/GlideSP,,,18.87,0.839,0.478,0.402,https://doi.org/10.1093/bib/bbaa070,Uses non-normalized EF
reni,ΔVinaRF20/GlideSP,,,2.44,0.57,0.195,0.144,https://doi.org/10.1093/bib/bbaa070,Uses non-normalized EF
rock1,ΔVinaRF20/GlideSP,,,3.48,0.721,0.253,0.099,https://doi.org/10.1093/bib/bbaa070,Uses non-normalized EF
rxra,ΔVinaRF20/GlideSP,,,10.03,0.755,0.373,0.31,https://doi.org/10.1093/bib/bbaa070,Uses non-normalized EF
sahh,ΔVinaRF20/GlideSP,,,8.9,0.821,0.438,0.578,https://doi.org/10.1093/bib/bbaa070,Uses non-normalized EF
src,ΔVinaRF20/GlideSP,,,3.46,0.668,0.238,0.095,https://doi.org/10.1093/bib/bbaa070,Uses non-normalized EF
tgfr1,ΔVinaRF20/GlideSP,,,8.56,0.812,0.367,0.283,https://doi.org/10.1093/bib/bbaa070,Uses non-normalized EF
thb,ΔVinaRF20/GlideSP,,,22.09,0.816,0.533,0.614,https://doi.org/10.1093/bib/bbaa070,Uses non-normalized EF
thrb,ΔVinaRF20/GlideSP,,,4.88,0.727,0.281,0.145,https://doi.org/10.1093/bib/bbaa070,Uses non-normalized EF
try1,ΔVinaRF20/GlideSP,,,4.28,0.72,0.274,0.129,https://doi.org/10.1093/bib/bbaa070,Uses non-normalized EF
tryb1,ΔVinaRF20/GlideSP,,,5.32,0.776,0.31,0.147,https://doi.org/10.1093/bib/bbaa070,Uses non-normalized EF
tysy,ΔVinaRF20/GlideSP,,,11.16,0.764,0.369,0.401,https://doi.org/10.1093/bib/bbaa070,Uses non-normalized EF
urok,ΔVinaRF20/GlideSP,,,10.59,0.828,0.4,0.32,https://doi.org/10.1093/bib/bbaa070,Uses non-normalized EF
vgfr2,ΔVinaRF20/GlideSP,,,8.82,0.687,0.282,0.224,https://doi.org/10.1093/bib/bbaa070,Uses non-normalized EF
wee1,ΔVinaRF20/GlideSP,,,43.28,0.97,0.903,0.933,https://doi.org/10.1093/bib/bbaa070,Uses non-normalized EF
xiap,ΔVinaRF20/GlideSP,,,32.54,0.735,0.499,0.606,https://doi.org/10.1093/bib/bbaa070,Uses non-normalized EF
aa2ar,RF-Score-VS/GlideSP,,,27.29,0.893,0.686,0.6,https://doi.org/10.1093/bib/bbaa070,Uses non-normalized EF
abl1,RF-Score-VS/GlideSP,,,28.18,0.911,0.739,0.737,https://doi.org/10.1093/bib/bbaa070,Uses non-normalized EF
ace,RF-Score-VS/GlideSP,,,10.2,0.786,0.51,0.38,https://doi.org/10.1093/bib/bbaa070,Uses non-normalized EF
aces,RF-Score-VS/GlideSP,,,26.3,0.865,0.647,0.574,https://doi.org/10.1093/bib/bbaa070,Uses non-normalized EF
ada,RF-Score-VS/GlideSP,,,13.74,0.787,0.518,0.5,https://doi.org/10.1093/bib/bbaa070,Uses non-normalized EF
ada17,RF-Score-VS/GlideSP,,,34.71,0.909,0.738,0.711,https://doi.org/10.1093/bib/bbaa070,Uses non-normalized EF
adrb1,RF-Score-VS/GlideSP,,,5.89,0.781,0.463,0.172,https://doi.org/10.1093/bib/bbaa070,Uses non-normalized EF
adrb2,RF-Score-VS/GlideSP,,,14.38,0.829,0.563,0.406,https://doi.org/10.1093/bib/bbaa070,Uses non-normalized EF
akt1,RF-Score-VS/GlideSP,,,26.94,0.93,0.716,0.613,https://doi.org/10.1093/bib/bbaa070,Uses non-normalized EF
akt2,RF-Score-VS/GlideSP,,,31.2,0.949,0.788,0.76,https://doi.org/10.1093/bib/bbaa070,Uses non-normalized EF
aldr,RF-Score-VS/GlideSP,,,19.44,0.845,0.576,0.413,https://doi.org/10.1093/bib/bbaa070,Uses non-normalized EF
ampc,RF-Score-VS/GlideSP,,,0,0.111,0.176,0.013,https://doi.org/10.1093/bib/bbaa070,Uses non-normalized EF
andr,RF-Score-VS/GlideSP,,,24.66,0.948,0.761,0.695,https://doi.org/10.1093/bib/bbaa070,Uses non-normalized EF
aofb,RF-Score-VS/GlideSP,,,21.46,0.803,0.568,0.468,https://doi.org/10.1093/bib/bbaa070,Uses non-normalized EF
bace1,RF-Score-VS/GlideSP,,,25.71,0.87,0.658,0.576,https://doi.org/10.1093/bib/bbaa070,Uses non-normalized EF
braf,RF-Score-VS/GlideSP,,,30.72,0.943,0.781,0.704,https://doi.org/10.1093/bib/bbaa070,Uses non-normalized EF
cah2,RF-Score-VS/GlideSP,,,25.47,0.875,0.655,0.554,https://doi.org/10.1093/bib/bbaa070,Uses non-normalized EF
casp3,RF-Score-VS/GlideSP,,,19.9,0.834,0.609,0.532,https://doi.org/10.1093/bib/bbaa070,Uses non-normalized EF
cdk2,RF-Score-VS/GlideSP,,,14.47,0.831,0.56,0.378,https://doi.org/10.1093/bib/bbaa070,Uses non-normalized EF
comt,RF-Score-VS/GlideSP,,,28.52,0.943,0.741,0.556,https://doi.org/10.1093/bib/bbaa070,Uses non-normalized EF
cp2c9,RF-Score-VS/GlideSP,,,7.76,0.733,0.431,0.164,https://doi.org/10.1093/bib/bbaa070,Uses non-normalized EF
cp3a4,RF-Score-VS/GlideSP,,,6.57,0.729,0.429,0.183,https://doi.org/10.1093/bib/bbaa070,Uses non-normalized EF
csf1r,RF-Score-VS/GlideSP,,,8.53,0.821,0.515,0.217,https://doi.org/10.1093/bib/bbaa070,Uses non-normalized EF
cxcr4,RF-Score-VS/GlideSP,,,19.6,0.971,0.778,0.661,https://doi.org/10.1093/bib/bbaa070,Uses non-normalized EF
def,RF-Score-VS/GlideSP,,,35.73,0.972,0.911,0.899,https://doi.org/10.1093/bib/bbaa070,Uses non-normalized EF
dhi1,RF-Score-VS/GlideSP,,,13.13,0.79,0.506,0.305,https://doi.org/10.1093/bib/bbaa070,Uses non-normalized EF
dpp4,RF-Score-VS/GlideSP,,,25.12,0.84,0.601,0.513,https://doi.org/10.1093/bib/bbaa070,Uses non-normalized EF
drd3,RF-Score-VS/GlideSP,,,14.7,0.806,0.532,0.334,https://doi.org/10.1093/bib/bbaa070,Uses non-normalized EF
dyr,RF-Score-VS/GlideSP,,,24.29,0.849,0.653,0.635,https://doi.org/10.1093/bib/bbaa070,Uses non-normalized EF
egfr,RF-Score-VS/GlideSP,,,31.51,0.899,0.718,0.655,https://doi.org/10.1093/bib/bbaa070,Uses non-normalized EF
esr1,RF-Score-VS/GlideSP,,,33.65,0.96,0.846,0.861,https://doi.org/10.1093/bib/bbaa070,Uses non-normalized EF
esr2,RF-Score-VS/GlideSP,,,32.36,0.97,0.883,0.889,https://doi.org/10.1093/bib/bbaa070,Uses non-normalized EF
fa10,RF-Score-VS/GlideSP,,,25.97,0.948,0.848,0.913,https://doi.org/10.1093/bib/bbaa070,Uses non-normalized EF
fa7,RF-Score-VS/GlideSP,,,30.01,0.974,0.938,0.884,https://doi.org/10.1093/bib/bbaa070,Uses non-normalized EF
fabp4,RF-Score-VS/GlideSP,,,29.04,0.877,0.685,0.615,https://doi.org/10.1093/bib/bbaa070,Uses non-normalized EF
fak1,RF-Score-VS/GlideSP,,,23.15,0.893,0.672,0.484,https://doi.org/10.1093/bib/bbaa070,Uses non-normalized EF
fgfr1,RF-Score-VS/GlideSP,,,1.28,0.499,0.249,0.459,https://doi.org/10.1093/bib/bbaa070,Uses non-normalized EF
fkb1a,RF-Score-VS/GlideSP,,,13.3,0.815,0.545,0.493,https://doi.org/10.1093/bib/bbaa070,Uses non-normalized EF
fnta,RF-Score-VS/GlideSP,,,25.86,0.873,0.681,0.669,https://doi.org/10.1093/bib/bbaa070,Uses non-normalized EF
fpps,RF-Score-VS/GlideSP,,,42.65,1,1.001,1.002,https://doi.org/10.1093/bib/bbaa070,Uses non-normalized EF
gcr,RF-Score-VS/GlideSP,,,33.83,0.941,0.785,0.708,https://doi.org/10.1093/bib/bbaa070,Uses non-normalized EF
glcm,RF-Score-VS/GlideSP,,,2.54,0.819,0.46,0.217,https://doi.org/10.1093/bib/bbaa070,Uses non-normalized EF
gria2,RF-Score-VS/GlideSP,,,0.69,0.529,0.261,0.018,https://doi.org/10.1093/bib/bbaa070,Uses non-normalized EF
grik1,RF-Score-VS/GlideSP,,,17.64,0.899,0.646,0.411,https://doi.org/10.1093/bib/bbaa070,Uses non-normalized EF
hdac2,RF-Score-VS/GlideSP,,,8.77,0.829,0.504,0.19,https://doi.org/10.1093/bib/bbaa070,Uses non-normalized EF
hdac8,RF-Score-VS/GlideSP,,,26.28,0.892,0.666,0.517,https://doi.org/10.1093/bib/bbaa070,Uses non-normalized EF
hivint,RF-Score-VS/GlideSP,,,10.36,0.735,0.47,0.292,https://doi.org/10.1093/bib/bbaa070,Uses non-normalized EF
hivpr,RF-Score-VS/GlideSP,,,22.71,0.88,0.679,0.686,https://doi.org/10.1093/bib/bbaa070,Uses non-normalized EF
hivrt,RF-Score-VS/GlideSP,,,12.03,0.787,0.517,0.315,https://doi.org/10.1093/bib/bbaa070,Uses non-normalized EF
hmdh,RF-Score-VS/GlideSP,,,27.66,0.95,0.758,0.731,https://doi.org/10.1093/bib/bbaa070,Uses non-normalized EF
hs90a,RF-Score-VS/GlideSP,,,16.08,0.76,0.513,0.348,https://doi.org/10.1093/bib/bbaa070,Uses non-normalized EF
hxk4,RF-Score-VS/GlideSP,,,12.78,0.786,0.515,0.299,https://doi.org/10.1093/bib/bbaa070,Uses non-normalized EF
igf1r,RF-Score-VS/GlideSP,,,24.93,0.915,0.71,0.599,https://doi.org/10.1093/bib/bbaa070,Uses non-normalized EF
inha,RF-Score-VS/GlideSP,,,27.6,0.894,0.669,0.622,https://doi.org/10.1093/bib/bbaa070,Uses non-normalized EF
ital,RF-Score-VS/GlideSP,,,16.64,0.772,0.538,0.423,https://doi.org/10.1093/bib/bbaa070,Uses non-normalized EF
jak2,RF-Score-VS/GlideSP,,,35.27,0.918,0.753,0.697,https://doi.org/10.1093/bib/bbaa070,Uses non-normalized EF
kif11,RF-Score-VS/GlideSP,,,35.28,0.874,0.694,0.744,https://doi.org/10.1093/bib/bbaa070,Uses non-normalized EF
kit,RF-Score-VS/GlideSP,,,13.17,0.843,0.554,0.296,https://doi.org/10.1093/bib/bbaa070,Uses non-normalized EF
kith,RF-Score-VS/GlideSP,,,22.52,0.8,0.671,0.886,https://doi.org/10.1093/bib/bbaa070,Uses non-normalized EF
kpcb,RF-Score-VS/GlideSP,,,19.5,0.88,0.624,0.475,https://doi.org/10.1093/bib/bbaa070,Uses non-normalized EF
lck,RF-Score-VS/GlideSP,,,29.7,0.938,0.739,0.631,https://doi.org/10.1093/bib/bbaa070,Uses non-normalized EF
lkha4,RF-Score-VS/GlideSP,,,21.83,0.852,0.627,0.578,https://doi.org/10.1093/bib/bbaa070,Uses non-normalized EF
mapk2,RF-Score-VS/GlideSP,,,3.88,0.724,0.421,0.149,https://doi.org/10.1093/bib/bbaa070,Uses non-normalized EF
mcr,RF-Score-VS/GlideSP,,,38.18,0.936,0.773,0.788,https://doi.org/10.1093/bib/bbaa070,Uses non-normalized EF
met,RF-Score-VS/GlideSP,,,34.72,0.909,0.726,0.655,https://doi.org/10.1093/bib/bbaa070,Uses non-normalized EF
mk01,RF-Score-VS/GlideSP,,,17.3,0.939,0.695,0.493,https://doi.org/10.1093/bib/bbaa070,Uses non-normalized EF
mk10,RF-Score-VS/GlideSP,,,18.33,0.864,0.599,0.429,https://doi.org/10.1093/bib/bbaa070,Uses non-normalized EF
mk14,RF-Score-VS/GlideSP,,,23.84,0.883,0.642,0.516,https://doi.org/10.1093/bib/bbaa070,Uses non-normalized EF
mmp13,RF-Score-VS/GlideSP,,,28.27,0.92,0.739,0.671,https://doi.org/10.1093/bib/bbaa070,Uses non-normalized EF
mp2k1,RF-Score-VS/GlideSP,,,3.75,0.606,0.35,0.097,https://doi.org/10.1093/bib/bbaa070,Uses non-normalized EF
nos1,RF-Score-VS/GlideSP,,,2.13,0.674,0.368,0.079,https://doi.org/10.1093/bib/bbaa070,Uses non-normalized EF
nram,RF-Score-VS/GlideSP,,,15.95,0.896,0.616,0.472,https://doi.org/10.1093/bib/bbaa070,Uses non-normalized EF
pa2ga,RF-Score-VS/GlideSP,,,20.95,0.857,0.622,0.472,https://doi.org/10.1093/bib/bbaa070,Uses non-normalized EF
parp1,RF-Score-VS/GlideSP,,,36.49,0.927,0.78,0.736,https://doi.org/10.1093/bib/bbaa070,Uses non-normalized EF
pde5a,RF-Score-VS/GlideSP,,,2.83,0.698,0.385,0.086,https://doi.org/10.1093/bib/bbaa070,Uses non-normalized EF
pgh1,RF-Score-VS/GlideSP,,,29.68,0.871,0.65,0.589,https://doi.org/10.1093/bib/bbaa070,Uses non-normalized EF
pgh2,RF-Score-VS/GlideSP,,,34.2,0.901,0.749,0.744,https://doi.org/10.1093/bib/bbaa070,Uses non-normalized EF
plk1,RF-Score-VS/GlideSP,,,8.44,0.76,0.474,0.215,https://doi.org/10.1093/bib/bbaa070,Uses non-normalized EF
pnph,RF-Score-VS/GlideSP,,,31.19,0.939,0.816,0.855,https://doi.org/10.1093/bib/bbaa070,Uses non-normalized EF
ppara,RF-Score-VS/GlideSP,,,19.4,0.911,0.666,0.594,https://doi.org/10.1093/bib/bbaa070,Uses non-normalized EF
ppard,RF-Score-VS/GlideSP,,,33.34,0.925,0.761,0.707,https://doi.org/10.1093/bib/bbaa070,Uses non-normalized EF
pparg,RF-Score-VS/GlideSP,,,20.91,0.89,0.647,0.527,https://doi.org/10.1093/bib/bbaa070,Uses non-normalized EF
prgr,RF-Score-VS/GlideSP,,,33.02,0.961,0.802,0.74,https://doi.org/10.1093/bib/bbaa070,Uses non-normalized EF
ptn1,RF-Score-VS/GlideSP,,,31.42,0.93,0.809,0.825,https://doi.org/10.1093/bib/bbaa070,Uses non-normalized EF
pur2,RF-Score-VS/GlideSP,,,13.37,0.971,0.881,0.932,https://doi.org/10.1093/bib/bbaa070,Uses non-normalized EF
pygm,RF-Score-VS/GlideSP,,,4.42,0.753,0.436,0.108,https://doi.org/10.1093/bib/bbaa070,Uses non-normalized EF
pyrd,RF-Score-VS/GlideSP,,,38.35,0.883,0.695,0.657,https://doi.org/10.1093/bib/bbaa070,Uses non-normalized EF
reni,RF-Score-VS/GlideSP,,,10.9,0.87,0.597,0.546,https://doi.org/10.1093/bib/bbaa070,Uses non-normalized EF
rock1,RF-Score-VS/GlideSP,,,23.04,0.92,0.724,0.657,https://doi.org/10.1093/bib/bbaa070,Uses non-normalized EF
rxra,RF-Score-VS/GlideSP,,,30.96,0.98,0.929,0.967,https://doi.org/10.1093/bib/bbaa070,Uses non-normalized EF
sahh,RF-Score-VS/GlideSP,,,12.53,0.941,0.821,0.995,https://doi.org/10.1093/bib/bbaa070,Uses non-normalized EF
src,RF-Score-VS/GlideSP,,,23.47,0.882,0.638,0.486,https://doi.org/10.1093/bib/bbaa070,Uses non-normalized EF
tgfr1,RF-Score-VS/GlideSP,,,28.66,0.951,0.795,0.798,https://doi.org/10.1093/bib/bbaa070,Uses non-normalized EF
thb,RF-Score-VS/GlideSP,,,27.91,0.963,0.892,0.965,https://doi.org/10.1093/bib/bbaa070,Uses non-normalized EF
thrb,RF-Score-VS/GlideSP,,,22.98,0.892,0.682,0.622,https://doi.org/10.1093/bib/bbaa070,Uses non-normalized EF
try1,RF-Score-VS/GlideSP,,,25.08,0.897,0.728,0.67,https://doi.org/10.1093/bib/bbaa070,Uses non-normalized EF
tryb1,RF-Score-VS/GlideSP,,,23.85,0.856,0.632,0.487,https://doi.org/10.1093/bib/bbaa070,Uses non-normalized EF
tysy,RF-Score-VS/GlideSP,,,19.63,0.887,0.656,0.671,https://doi.org/10.1093/bib/bbaa070,Uses non-normalized EF
urok,RF-Score-VS/GlideSP,,,28.18,0.944,0.792,0.76,https://doi.org/10.1093/bib/bbaa070,Uses non-normalized EF
vgfr2,RF-Score-VS/GlideSP,,,19.1,0.857,0.616,0.557,https://doi.org/10.1093/bib/bbaa070,Uses non-normalized EF
wee1,RF-Score-VS/GlideSP,,,44.9,0.98,0.908,0.91,https://doi.org/10.1093/bib/bbaa070,Uses non-normalized EF
xiap,RF-Score-VS/GlideSP,,,41.03,0.898,0.785,0.826,https://doi.org/10.1093/bib/bbaa070,Uses non-normalized EF
aa2ar,Pafnucy/GlideSP,,,1.66,0.664,0.374,0.148,https://doi.org/10.1093/bib/bbaa070,Uses non-normalized EF
abl1,Pafnucy/GlideSP,,,5.13,0.787,0.467,0.27,https://doi.org/10.1093/bib/bbaa070,Uses non-normalized EF
ace,Pafnucy/GlideSP,,,0.26,0.379,0.236,0.028,https://doi.org/10.1093/bib/bbaa070,Uses non-normalized EF
aces,Pafnucy/GlideSP,,,3.67,0.498,0.308,0.11,https://doi.org/10.1093/bib/bbaa070,Uses non-normalized EF
ada,Pafnucy/GlideSP,,,1.13,0.631,0.349,0.142,https://doi.org/10.1093/bib/bbaa070,Uses non-normalized EF
ada17,Pafnucy/GlideSP,,,1.06,0.632,0.342,0.102,https://doi.org/10.1093/bib/bbaa070,Uses non-normalized EF
adrb1,Pafnucy/GlideSP,,,0.22,0.514,0.283,0.044,https://doi.org/10.1093/bib/bbaa070,Uses non-normalized EF
adrb2,Pafnucy/GlideSP,,,0.45,0.483,0.262,0.025,https://doi.org/10.1093/bib/bbaa070,Uses non-normalized EF
akt1,Pafnucy/GlideSP,,,4.25,0.684,0.379,0.148,https://doi.org/10.1093/bib/bbaa070,Uses non-normalized EF
akt2,Pafnucy/GlideSP,,,5.28,0.789,0.473,0.291,https://doi.org/10.1093/bib/bbaa070,Uses non-normalized EF
aldr,Pafnucy/GlideSP,,,7.3,0.652,0.402,0.215,https://doi.org/10.1093/bib/bbaa070,Uses non-normalized EF
ampc,Pafnucy/GlideSP,,,0,0.348,0.214,0.001,https://doi.org/10.1093/bib/bbaa070,Uses non-normalized EF
andr,Pafnucy/GlideSP,,,2.82,0.625,0.356,0.143,https://doi.org/10.1093/bib/bbaa070,Uses non-normalized EF
aofb,Pafnucy/GlideSP,,,0,0.532,0.277,0.022,https://doi.org/10.1093/bib/bbaa070,Uses non-normalized EF
bace1,Pafnucy/GlideSP,,,2.29,0.597,0.342,0.125,https://doi.org/10.1093/bib/bbaa070,Uses non-normalized EF
braf,Pafnucy/GlideSP,,,2.02,0.748,0.419,0.196,https://doi.org/10.1093/bib/bbaa070,Uses non-normalized EF
cah2,Pafnucy/GlideSP,,,0.61,0.47,0.266,0.04,https://doi.org/10.1093/bib/bbaa070,Uses non-normalized EF
casp3,Pafnucy/GlideSP,,,3.71,0.558,0.325,0.109,https://doi.org/10.1093/bib/bbaa070,Uses non-normalized EF
cdk2,Pafnucy/GlideSP,,,4.39,0.777,0.45,0.247,https://doi.org/10.1093/bib/bbaa070,Uses non-normalized EF
comt,Pafnucy/GlideSP,,,0,0.521,0.273,0.019,https://doi.org/10.1093/bib/bbaa070,Uses non-normalized EF
cp2c9,Pafnucy/GlideSP,,,6.03,0.573,0.348,0.149,https://doi.org/10.1093/bib/bbaa070,Uses non-normalized EF
cp3a4,Pafnucy/GlideSP,,,4.59,0.629,0.369,0.165,https://doi.org/10.1093/bib/bbaa070,Uses non-normalized EF
csf1r,Pafnucy/GlideSP,,,2.12,0.677,0.367,0.127,https://doi.org/10.1093/bib/bbaa070,Uses non-normalized EF
cxcr4,Pafnucy/GlideSP,,,0,0.675,0.364,0.131,https://doi.org/10.1093/bib/bbaa070,Uses non-normalized EF
def,Pafnucy/GlideSP,,,1.88,0.554,0.317,0.093,https://doi.org/10.1093/bib/bbaa070,Uses non-normalized EF
dhi1,Pafnucy/GlideSP,,,3.89,0.682,0.4,0.2,https://doi.org/10.1093/bib/bbaa070,Uses non-normalized EF
dpp4,Pafnucy/GlideSP,,,4.72,0.626,0.37,0.169,https://doi.org/10.1093/bib/bbaa070,Uses non-normalized EF
drd3,Pafnucy/GlideSP,,,1.94,0.557,0.305,0.072,https://doi.org/10.1093/bib/bbaa070,Uses non-normalized EF
dyr,Pafnucy/GlideSP,,,6.23,0.701,0.422,0.239,https://doi.org/10.1093/bib/bbaa070,Uses non-normalized EF
egfr,Pafnucy/GlideSP,,,3.39,0.717,0.398,0.164,https://doi.org/10.1093/bib/bbaa070,Uses non-normalized EF
esr1,Pafnucy/GlideSP,,,4.68,0.708,0.435,0.267,https://doi.org/10.1093/bib/bbaa070,Uses non-normalized EF
esr2,Pafnucy/GlideSP,,,2.6,0.679,0.4,0.202,https://doi.org/10.1093/bib/bbaa070,Uses non-normalized EF
fa10,Pafnucy/GlideSP,,,4.93,0.75,0.453,0.287,https://doi.org/10.1093/bib/bbaa070,Uses non-normalized EF
fa7,Pafnucy/GlideSP,,,1.07,0.716,0.385,0.152,https://doi.org/10.1093/bib/bbaa070,Uses non-normalized EF
fabp4,Pafnucy/GlideSP,,,6.91,0.653,0.385,0.187,https://doi.org/10.1093/bib/bbaa070,Uses non-normalized EF
fak1,Pafnucy/GlideSP,,,3.54,0.708,0.391,0.154,https://doi.org/10.1093/bib/bbaa070,Uses non-normalized EF
fgfr1,Pafnucy/GlideSP,,,1.32,0.536,0.257,0.357,https://doi.org/10.1093/bib/bbaa070,Uses non-normalized EF
fkb1a,Pafnucy/GlideSP,,,1.82,0.547,0.315,0.109,https://doi.org/10.1093/bib/bbaa070,Uses non-normalized EF
fnta,Pafnucy/GlideSP,,,0.91,0.523,0.289,0.066,https://doi.org/10.1093/bib/bbaa070,Uses non-normalized EF
fpps,Pafnucy/GlideSP,,,0,0.237,0.186,0,https://doi.org/10.1093/bib/bbaa070,Uses non-normalized EF
gcr,Pafnucy/GlideSP,,,4.18,0.771,0.434,0.214,https://doi.org/10.1093/bib/bbaa070,Uses non-normalized EF
glcm,Pafnucy/GlideSP,,,0,0.388,0.231,0.024,https://doi.org/10.1093/bib/bbaa070,Uses non-normalized EF
gria2,Pafnucy/GlideSP,,,5.5,0.611,0.369,0.169,https://doi.org/10.1093/bib/bbaa070,Uses non-normalized EF
grik1,Pafnucy/GlideSP,,,5.21,0.605,0.37,0.168,https://doi.org/10.1093/bib/bbaa070,Uses non-normalized EF
hdac2,Pafnucy/GlideSP,,,5.2,0.544,0.33,0.13,https://doi.org/10.1093/bib/bbaa070,Uses non-normalized EF
hdac8,Pafnucy/GlideSP,,,1.34,0.576,0.325,0.095,https://doi.org/10.1093/bib/bbaa070,Uses non-normalized EF
hivint,Pafnucy/GlideSP,,,0,0.48,0.268,0.039,https://doi.org/10.1093/bib/bbaa070,Uses non-normalized EF
hivpr,Pafnucy/GlideSP,,,1.63,0.538,0.308,0.092,https://doi.org/10.1093/bib/bbaa070,Uses non-normalized EF
hivrt,Pafnucy/GlideSP,,,2.17,0.572,0.331,0.112,https://doi.org/10.1093/bib/bbaa070,Uses non-normalized EF
hmdh,Pafnucy/GlideSP,,,1,0.54,0.308,0.09,https://doi.org/10.1093/bib/bbaa070,Uses non-normalized EF
hs90a,Pafnucy/GlideSP,,,0,0.625,0.347,0.111,https://doi.org/10.1093/bib/bbaa070,Uses non-normalized EF
hxk4,Pafnucy/GlideSP,,,0.79,0.628,0.33,0.077,https://doi.org/10.1093/bib/bbaa070,Uses non-normalized EF
igf1r,Pafnucy/GlideSP,,,7.54,0.788,0.476,0.282,https://doi.org/10.1093/bib/bbaa070,Uses non-normalized EF
inha,Pafnucy/GlideSP,,,0,0.635,0.316,0.046,https://doi.org/10.1093/bib/bbaa070,Uses non-normalized EF
ital,Pafnucy/GlideSP,,,0.87,0.545,0.308,0.084,https://doi.org/10.1093/bib/bbaa070,Uses non-normalized EF
jak2,Pafnucy/GlideSP,,,14.53,0.854,0.567,0.421,https://doi.org/10.1093/bib/bbaa070,Uses non-normalized EF
kif11,Pafnucy/GlideSP,,,7.6,0.738,0.476,0.334,https://doi.org/10.1093/bib/bbaa070,Uses non-normalized EF
kit,Pafnucy/GlideSP,,,1.59,0.658,0.354,0.115,https://doi.org/10.1093/bib/bbaa070,Uses non-normalized EF
kith,Pafnucy/GlideSP,,,0.75,0.79,0.431,0.205,https://doi.org/10.1093/bib/bbaa070,Uses non-normalized EF
kpcb,Pafnucy/GlideSP,,,13.52,0.585,0.412,0.27,https://doi.org/10.1093/bib/bbaa070,Uses non-normalized EF
lck,Pafnucy/GlideSP,,,11.94,0.777,0.505,0.347,https://doi.org/10.1093/bib/bbaa070,Uses non-normalized EF
lkha4,Pafnucy/GlideSP,,,0,0.526,0.281,0.029,https://doi.org/10.1093/bib/bbaa070,Uses non-normalized EF
mapk2,Pafnucy/GlideSP,,,6.8,0.65,0.403,0.23,https://doi.org/10.1093/bib/bbaa070,Uses non-normalized EF
mcr,Pafnucy/GlideSP,,,9.12,0.635,0.399,0.219,https://doi.org/10.1093/bib/bbaa070,Uses non-normalized EF
met,Pafnucy/GlideSP,,,4.52,0.829,0.49,0.282,https://doi.org/10.1093/bib/bbaa070,Uses non-normalized EF
mk01,Pafnucy/GlideSP,,,5.73,0.808,0.484,0.31,https://doi.org/10.1093/bib/bbaa070,Uses non-normalized EF
mk10,Pafnucy/GlideSP,,,3.77,0.721,0.405,0.183,https://doi.org/10.1093/bib/bbaa070,Uses non-normalized EF
mk14,Pafnucy/GlideSP,,,5.03,0.683,0.4,0.191,https://doi.org/10.1093/bib/bbaa070,Uses non-normalized EF
mmp13,Pafnucy/GlideSP,,,2.25,0.659,0.367,0.143,https://doi.org/10.1093/bib/bbaa070,Uses non-normalized EF
mp2k1,Pafnucy/GlideSP,,,0.42,0.517,0.299,0.079,https://doi.org/10.1093/bib/bbaa070,Uses non-normalized EF
nos1,Pafnucy/GlideSP,,,2.14,0.561,0.319,0.097,https://doi.org/10.1093/bib/bbaa070,Uses non-normalized EF
nram,Pafnucy/GlideSP,,,0.89,0.445,0.264,0.054,https://doi.org/10.1093/bib/bbaa070,Uses non-normalized EF
pa2ga,Pafnucy/GlideSP,,,0,0.64,0.35,0.118,https://doi.org/10.1093/bib/bbaa070,Uses non-normalized EF
parp1,Pafnucy/GlideSP,,,1.35,0.671,0.348,0.09,https://doi.org/10.1093/bib/bbaa070,Uses non-normalized EF
pde5a,Pafnucy/GlideSP,,,6.09,0.729,0.438,0.25,https://doi.org/10.1093/bib/bbaa070,Uses non-normalized EF
pgh1,Pafnucy/GlideSP,,,2.25,0.556,0.319,0.099,https://doi.org/10.1093/bib/bbaa070,Uses non-normalized EF
pgh2,Pafnucy/GlideSP,,,3.16,0.58,0.338,0.13,https://doi.org/10.1093/bib/bbaa070,Uses non-normalized EF
plk1,Pafnucy/GlideSP,,,6.53,0.723,0.428,0.224,https://doi.org/10.1093/bib/bbaa070,Uses non-normalized EF
pnph,Pafnucy/GlideSP,,,21.82,0.873,0.644,0.563,https://doi.org/10.1093/bib/bbaa070,Uses non-normalized EF
ppara,Pafnucy/GlideSP,,,0.19,0.546,0.288,0.033,https://doi.org/10.1093/bib/bbaa070,Uses non-normalized EF
ppard,Pafnucy/GlideSP,,,1.39,0.667,0.362,0.118,https://doi.org/10.1093/bib/bbaa070,Uses non-normalized EF
pparg,Pafnucy/GlideSP,,,2.08,0.649,0.365,0.146,https://doi.org/10.1093/bib/bbaa070,Uses non-normalized EF
prgr,Pafnucy/GlideSP,,,3.85,0.71,0.398,0.175,https://doi.org/10.1093/bib/bbaa070,Uses non-normalized EF
ptn1,Pafnucy/GlideSP,,,6.25,0.701,0.428,0.255,https://doi.org/10.1093/bib/bbaa070,Uses non-normalized EF
pur2,Pafnucy/GlideSP,,,0.5,0.784,0.441,0.282,https://doi.org/10.1093/bib/bbaa070,Uses non-normalized EF
pygm,Pafnucy/GlideSP,,,3.44,0.521,0.324,0.127,https://doi.org/10.1093/bib/bbaa070,Uses non-normalized EF
pyrd,Pafnucy/GlideSP,,,4.57,0.638,0.385,0.178,https://doi.org/10.1093/bib/bbaa070,Uses non-normalized EF
reni,Pafnucy/GlideSP,,,2.58,0.419,0.27,0.099,https://doi.org/10.1093/bib/bbaa070,Uses non-normalized EF
rock1,Pafnucy/GlideSP,,,7.39,0.807,0.47,0.267,https://doi.org/10.1093/bib/bbaa070,Uses non-normalized EF
rxra,Pafnucy/GlideSP,,,4.13,0.655,0.371,0.141,https://doi.org/10.1093/bib/bbaa070,Uses non-normalized EF
sahh,Pafnucy/GlideSP,,,2.23,0.651,0.343,0.126,https://doi.org/10.1093/bib/bbaa070,Uses non-normalized EF
src,Pafnucy/GlideSP,,,5.75,0.695,0.42,0.226,https://doi.org/10.1093/bib/bbaa070,Uses non-normalized EF
tgfr1,Pafnucy/GlideSP,,,7.46,0.816,0.489,0.312,https://doi.org/10.1093/bib/bbaa070,Uses non-normalized EF
thb,Pafnucy/GlideSP,,,18.98,0.825,0.579,0.464,https://doi.org/10.1093/bib/bbaa070,Uses non-normalized EF
thrb,Pafnucy/GlideSP,,,0.35,0.508,0.28,0.05,https://doi.org/10.1093/bib/bbaa070,Uses non-normalized EF
try1,Pafnucy/GlideSP,,,0.8,0.359,0.229,0.023,https://doi.org/10.1093/bib/bbaa070,Uses non-normalized EF
tryb1,Pafnucy/GlideSP,,,5.25,0.694,0.392,0.158,https://doi.org/10.1093/bib/bbaa070,Uses non-normalized EF
tysy,Pafnucy/GlideSP,,,3.28,0.653,0.385,0.157,https://doi.org/10.1093/bib/bbaa070,Uses non-normalized EF
urok,Pafnucy/GlideSP,,,0.33,0.585,0.309,0.057,https://doi.org/10.1093/bib/bbaa070,Uses non-normalized EF
vgfr2,Pafnucy/GlideSP,,,3.67,0.743,0.41,0.178,https://doi.org/10.1093/bib/bbaa070,Uses non-normalized EF
wee1,Pafnucy/GlideSP,,,31.77,0.948,0.779,0.727,https://doi.org/10.1093/bib/bbaa070,Uses non-normalized EF
xiap,Pafnucy/GlideSP,,,1.54,0.42,0.26,0.047,https://doi.org/10.1093/bib/bbaa070,Uses non-normalized EF
aa2ar,OnionNet/GlideSP,,,8.97,0.704,0.304,0.198,https://doi.org/10.1093/bib/bbaa070,Uses non-normalized EF
abl1,OnionNet/GlideSP,,,2.03,0.611,0.215,0.06,https://doi.org/10.1093/bib/bbaa070,Uses non-normalized EF
ace,OnionNet/GlideSP,,,0.79,0.375,0.113,0.031,https://doi.org/10.1093/bib/bbaa070,Uses non-normalized EF
aces,OnionNet/GlideSP,,,14.34,0.651,0.292,0.234,https://doi.org/10.1093/bib/bbaa070,Uses non-normalized EF
ada,OnionNet/GlideSP,,,3.01,0.506,0.23,0.128,https://doi.org/10.1093/bib/bbaa070,Uses non-normalized EF
ada17,OnionNet/GlideSP,,,15.44,0.764,0.366,0.284,https://doi.org/10.1093/bib/bbaa070,Uses non-normalized EF
adrb1,OnionNet/GlideSP,,,0.86,0.679,0.238,0.082,https://doi.org/10.1093/bib/bbaa070,Uses non-normalized EF
adrb2,OnionNet/GlideSP,,,4.47,0.693,0.256,0.103,https://doi.org/10.1093/bib/bbaa070,Uses non-normalized EF
akt1,OnionNet/GlideSP,,,2.82,0.641,0.234,0.082,https://doi.org/10.1093/bib/bbaa070,Uses non-normalized EF
akt2,OnionNet/GlideSP,,,4.16,0.627,0.234,0.096,https://doi.org/10.1093/bib/bbaa070,Uses non-normalized EF
aldr,OnionNet/GlideSP,,,0,0.478,0.141,0.015,https://doi.org/10.1093/bib/bbaa070,Uses non-normalized EF
ampc,OnionNet/GlideSP,,,0,0.522,0.219,0.008,https://doi.org/10.1093/bib/bbaa070,Uses non-normalized EF
andr,OnionNet/GlideSP,,,3.14,0.638,0.236,0.108,https://doi.org/10.1093/bib/bbaa070,Uses non-normalized EF
aofb,OnionNet/GlideSP,,,5.9,0.52,0.196,0.087,https://doi.org/10.1093/bib/bbaa070,Uses non-normalized EF
bace1,OnionNet/GlideSP,,,1.66,0.508,0.158,0.037,https://doi.org/10.1093/bib/bbaa070,Uses non-normalized EF
braf,OnionNet/GlideSP,,,3.21,0.625,0.263,0.13,https://doi.org/10.1093/bib/bbaa070,Uses non-normalized EF
cah2,OnionNet/GlideSP,,,11.69,0.703,0.317,0.232,https://doi.org/10.1093/bib/bbaa070,Uses non-normalized EF
casp3,OnionNet/GlideSP,,,0.57,0.513,0.17,0.041,https://doi.org/10.1093/bib/bbaa070,Uses non-normalized EF
cdk2,OnionNet/GlideSP,,,0.5,0.59,0.174,0.032,https://doi.org/10.1093/bib/bbaa070,Uses non-normalized EF
comt,OnionNet/GlideSP,,,0,0.602,0.191,0,https://doi.org/10.1093/bib/bbaa070,Uses non-normalized EF
cp2c9,OnionNet/GlideSP,,,0,0.528,0.181,0.03,https://doi.org/10.1093/bib/bbaa070,Uses non-normalized EF
cp3a4,OnionNet/GlideSP,,,0.57,0.565,0.18,0.037,https://doi.org/10.1093/bib/bbaa070,Uses non-normalized EF
csf1r,OnionNet/GlideSP,,,1.42,0.68,0.246,0.079,https://doi.org/10.1093/bib/bbaa070,Uses non-normalized EF
cxcr4,OnionNet/GlideSP,,,1.62,0.703,0.285,0.06,https://doi.org/10.1093/bib/bbaa070,Uses non-normalized EF
def,OnionNet/GlideSP,,,3.7,0.669,0.262,0.086,https://doi.org/10.1093/bib/bbaa070,Uses non-normalized EF
dhi1,OnionNet/GlideSP,,,1.17,0.54,0.16,0.032,https://doi.org/10.1093/bib/bbaa070,Uses non-normalized EF
dpp4,OnionNet/GlideSP,,,2.22,0.561,0.173,0.05,https://doi.org/10.1093/bib/bbaa070,Uses non-normalized EF
drd3,OnionNet/GlideSP,,,0.91,0.561,0.179,0.038,https://doi.org/10.1093/bib/bbaa070,Uses non-normalized EF
dyr,OnionNet/GlideSP,,,3.91,0.501,0.203,0.131,https://doi.org/10.1093/bib/bbaa070,Uses non-normalized EF
egfr,OnionNet/GlideSP,,,1.21,0.619,0.193,0.035,https://doi.org/10.1093/bib/bbaa070,Uses non-normalized EF
esr1,OnionNet/GlideSP,,,11.64,0.78,0.376,0.287,https://doi.org/10.1093/bib/bbaa070,Uses non-normalized EF
esr2,OnionNet/GlideSP,,,6.56,0.785,0.364,0.223,https://doi.org/10.1093/bib/bbaa070,Uses non-normalized EF
fa10,OnionNet/GlideSP,,,1.77,0.702,0.244,0.096,https://doi.org/10.1093/bib/bbaa070,Uses non-normalized EF
fa7,OnionNet/GlideSP,,,3.15,0.703,0.283,0.09,https://doi.org/10.1093/bib/bbaa070,Uses non-normalized EF
fabp4,OnionNet/GlideSP,,,9.99,0.682,0.39,0.242,https://doi.org/10.1093/bib/bbaa070,Uses non-normalized EF
fak1,OnionNet/GlideSP,,,0,0.55,0.181,0.011,https://doi.org/10.1093/bib/bbaa070,Uses non-normalized EF
fgfr1,OnionNet/GlideSP,,,2.3,0.531,0.248,0.594,https://doi.org/10.1093/bib/bbaa070,Uses non-normalized EF
fkb1a,OnionNet/GlideSP,,,2.15,0.654,0.25,0.084,https://doi.org/10.1093/bib/bbaa070,Uses non-normalized EF
fnta,OnionNet/GlideSP,,,1.94,0.612,0.219,0.073,https://doi.org/10.1093/bib/bbaa070,Uses non-normalized EF
fpps,OnionNet/GlideSP,,,0,0.624,0.17,0,https://doi.org/10.1093/bib/bbaa070,Uses non-normalized EF
gcr,OnionNet/GlideSP,,,1.2,0.537,0.166,0.035,https://doi.org/10.1093/bib/bbaa070,Uses non-normalized EF
glcm,OnionNet/GlideSP,,,2.54,0.543,0.233,0.146,https://doi.org/10.1093/bib/bbaa070,Uses non-normalized EF
gria2,OnionNet/GlideSP,,,0,0.54,0.162,0.018,https://doi.org/10.1093/bib/bbaa070,Uses non-normalized EF
grik1,OnionNet/GlideSP,,,2.61,0.564,0.2,0.039,https://doi.org/10.1093/bib/bbaa070,Uses non-normalized EF
hdac2,OnionNet/GlideSP,,,9.44,0.648,0.276,0.15,https://doi.org/10.1093/bib/bbaa070,Uses non-normalized EF
hdac8,OnionNet/GlideSP,,,0,0.638,0.232,0.045,https://doi.org/10.1093/bib/bbaa070,Uses non-normalized EF
hivint,OnionNet/GlideSP,,,1.86,0.58,0.199,0.031,https://doi.org/10.1093/bib/bbaa070,Uses non-normalized EF
hivpr,OnionNet/GlideSP,,,5.64,0.724,0.28,0.157,https://doi.org/10.1093/bib/bbaa070,Uses non-normalized EF
hivrt,OnionNet/GlideSP,,,1.45,0.527,0.167,0.042,https://doi.org/10.1093/bib/bbaa070,Uses non-normalized EF
hmdh,OnionNet/GlideSP,,,2.67,0.581,0.211,0.093,https://doi.org/10.1093/bib/bbaa070,Uses non-normalized EF
hs90a,OnionNet/GlideSP,,,1.66,0.495,0.168,0.031,https://doi.org/10.1093/bib/bbaa070,Uses non-normalized EF
hxk4,OnionNet/GlideSP,,,0,0.631,0.254,0.046,https://doi.org/10.1093/bib/bbaa070,Uses non-normalized EF
igf1r,OnionNet/GlideSP,,,2.63,0.666,0.261,0.089,https://doi.org/10.1093/bib/bbaa070,Uses non-normalized EF
inha,OnionNet/GlideSP,,,2.87,0.436,0.201,0.053,https://doi.org/10.1093/bib/bbaa070,Uses non-normalized EF
ital,OnionNet/GlideSP,,,0,0.472,0.152,0.014,https://doi.org/10.1093/bib/bbaa070,Uses non-normalized EF
jak2,OnionNet/GlideSP,,,1.32,0.7,0.264,0.051,https://doi.org/10.1093/bib/bbaa070,Uses non-normalized EF
kif11,OnionNet/GlideSP,,,0,0.602,0.219,0.061,https://doi.org/10.1093/bib/bbaa070,Uses non-normalized EF
kit,OnionNet/GlideSP,,,0,0.577,0.186,0.029,https://doi.org/10.1093/bib/bbaa070,Uses non-normalized EF
kith,OnionNet/GlideSP,,,7.53,0.457,0.219,0.152,https://doi.org/10.1093/bib/bbaa070,Uses non-normalized EF
kpcb,OnionNet/GlideSP,,,2.51,0.635,0.263,0.105,https://doi.org/10.1093/bib/bbaa070,Uses non-normalized EF
lck,OnionNet/GlideSP,,,0.59,0.634,0.201,0.029,https://doi.org/10.1093/bib/bbaa070,Uses non-normalized EF
lkha4,OnionNet/GlideSP,,,2.46,0.594,0.205,0.055,https://doi.org/10.1093/bib/bbaa070,Uses non-normalized EF
mapk2,OnionNet/GlideSP,,,2.92,0.616,0.25,0.07,https://doi.org/10.1093/bib/bbaa070,Uses non-normalized EF
mcr,OnionNet/GlideSP,,,2.51,0.595,0.246,0.056,https://doi.org/10.1093/bib/bbaa070,Uses non-normalized EF
met,OnionNet/GlideSP,,,0.81,0.645,0.226,0.048,https://doi.org/10.1093/bib/bbaa070,Uses non-normalized EF
mk01,OnionNet/GlideSP,,,1.4,0.654,0.254,0.067,https://doi.org/10.1093/bib/bbaa070,Uses non-normalized EF
mk10,OnionNet/GlideSP,,,5.38,0.661,0.267,0.133,https://doi.org/10.1093/bib/bbaa070,Uses non-normalized EF
mk14,OnionNet/GlideSP,,,1.75,0.607,0.203,0.06,https://doi.org/10.1093/bib/bbaa070,Uses non-normalized EF
mmp13,OnionNet/GlideSP,,,8.99,0.763,0.337,0.214,https://doi.org/10.1093/bib/bbaa070,Uses non-normalized EF
mp2k1,OnionNet/GlideSP,,,7.39,0.615,0.255,0.144,https://doi.org/10.1093/bib/bbaa070,Uses non-normalized EF
nos1,OnionNet/GlideSP,,,0.85,0.6,0.23,0.057,https://doi.org/10.1093/bib/bbaa070,Uses non-normalized EF
nram,OnionNet/GlideSP,,,0.87,0.679,0.279,0.092,https://doi.org/10.1093/bib/bbaa070,Uses non-normalized EF
pa2ga,OnionNet/GlideSP,,,10.87,0.717,0.374,0.205,https://doi.org/10.1093/bib/bbaa070,Uses non-normalized EF
parp1,OnionNet/GlideSP,,,5.12,0.766,0.32,0.15,https://doi.org/10.1093/bib/bbaa070,Uses non-normalized EF
pde5a,OnionNet/GlideSP,,,1.18,0.577,0.196,0.06,https://doi.org/10.1093/bib/bbaa070,Uses non-normalized EF
pgh1,OnionNet/GlideSP,,,0,0.506,0.153,0.018,https://doi.org/10.1093/bib/bbaa070,Uses non-normalized EF
pgh2,OnionNet/GlideSP,,,1.36,0.495,0.143,0.032,https://doi.org/10.1093/bib/bbaa070,Uses non-normalized EF
plk1,OnionNet/GlideSP,,,3.86,0.686,0.301,0.122,https://doi.org/10.1093/bib/bbaa070,Uses non-normalized EF
pnph,OnionNet/GlideSP,,,8.73,0.56,0.239,0.163,https://doi.org/10.1093/bib/bbaa070,Uses non-normalized EF
ppara,OnionNet/GlideSP,,,1.12,0.447,0.132,0.022,https://doi.org/10.1093/bib/bbaa070,Uses non-normalized EF
ppard,OnionNet/GlideSP,,,1.39,0.445,0.127,0.014,https://doi.org/10.1093/bib/bbaa070,Uses non-normalized EF
pparg,OnionNet/GlideSP,,,1.38,0.5,0.155,0.044,https://doi.org/10.1093/bib/bbaa070,Uses non-normalized EF
prgr,OnionNet/GlideSP,,,1.78,0.62,0.21,0.063,https://doi.org/10.1093/bib/bbaa070,Uses non-normalized EF
ptn1,OnionNet/GlideSP,,,4.47,0.608,0.24,0.104,https://doi.org/10.1093/bib/bbaa070,Uses non-normalized EF
pur2,OnionNet/GlideSP,,,0,0.104,0.034,0.002,https://doi.org/10.1093/bib/bbaa070,Uses non-normalized EF
pygm,OnionNet/GlideSP,,,1.72,0.579,0.25,0.098,https://doi.org/10.1093/bib/bbaa070,Uses non-normalized EF
pyrd,OnionNet/GlideSP,,,0,0.573,0.174,0.007,https://doi.org/10.1093/bib/bbaa070,Uses non-normalized EF
reni,OnionNet/GlideSP,,,0.52,0.518,0.159,0.025,https://doi.org/10.1093/bib/bbaa070,Uses non-normalized EF
rock1,OnionNet/GlideSP,,,3.88,0.728,0.283,0.104,https://doi.org/10.1093/bib/bbaa070,Uses non-normalized EF
rxra,OnionNet/GlideSP,,,0,0.537,0.175,0.019,https://doi.org/10.1093/bib/bbaa070,Uses non-normalized EF
sahh,OnionNet/GlideSP,,,2.23,0.577,0.248,0.127,https://doi.org/10.1093/bib/bbaa070,Uses non-normalized EF
src,OnionNet/GlideSP,,,0.98,0.577,0.184,0.038,https://doi.org/10.1093/bib/bbaa070,Uses non-normalized EF
tgfr1,OnionNet/GlideSP,,,1.42,0.766,0.279,0.057,https://doi.org/10.1093/bib/bbaa070,Uses non-normalized EF
thb,OnionNet/GlideSP,,,2.45,0.437,0.129,0.042,https://doi.org/10.1093/bib/bbaa070,Uses non-normalized EF
thrb,OnionNet/GlideSP,,,4.46,0.666,0.248,0.126,https://doi.org/10.1093/bib/bbaa070,Uses non-normalized EF
try1,OnionNet/GlideSP,,,2.95,0.659,0.245,0.108,https://doi.org/10.1093/bib/bbaa070,Uses non-normalized EF
tryb1,OnionNet/GlideSP,,,1.17,0.637,0.241,0.059,https://doi.org/10.1093/bib/bbaa070,Uses non-normalized EF
tysy,OnionNet/GlideSP,,,1.94,0.342,0.124,0.046,https://doi.org/10.1093/bib/bbaa070,Uses non-normalized EF
urok,OnionNet/GlideSP,,,0.65,0.658,0.232,0.06,https://doi.org/10.1093/bib/bbaa070,Uses non-normalized EF
vgfr2,OnionNet/GlideSP,,,2.43,0.606,0.212,0.076,https://doi.org/10.1093/bib/bbaa070,Uses non-normalized EF
wee1,OnionNet/GlideSP,,,0,0.751,0.283,0.038,https://doi.org/10.1093/bib/bbaa070,Uses non-normalized EF
xiap,OnionNet/GlideSP,,,0,0.545,0.204,0.015,https://doi.org/10.1093/bib/bbaa070,Uses non-normalized EF
aa2ar,RF-Scorev4/GlideSP,,,0.59,0.656,0.204,0.021,https://doi.org/10.1093/bib/bbaa070,Uses non-normalized EF
abl1,RF-Scorev4/GlideSP,,,3.76,0.753,0.29,0.117,https://doi.org/10.1093/bib/bbaa070,Uses non-normalized EF
ace,RF-Scorev4/GlideSP,,,7.25,0.61,0.246,0.271,https://doi.org/10.1093/bib/bbaa070,Uses non-normalized EF
aces,RF-Scorev4/GlideSP,,,9.34,0.597,0.256,0.215,https://doi.org/10.1093/bib/bbaa070,Uses non-normalized EF
ada,RF-Scorev4/GlideSP,,,0,0.508,0.146,0.044,https://doi.org/10.1093/bib/bbaa070,Uses non-normalized EF
ada17,RF-Scorev4/GlideSP,,,8.99,0.639,0.271,0.203,https://doi.org/10.1093/bib/bbaa070,Uses non-normalized EF
adrb1,RF-Scorev4/GlideSP,,,6.3,0.615,0.234,0.163,https://doi.org/10.1093/bib/bbaa070,Uses non-normalized EF
adrb2,RF-Scorev4/GlideSP,,,2.68,0.587,0.194,0.076,https://doi.org/10.1093/bib/bbaa070,Uses non-normalized EF
akt1,RF-Scorev4/GlideSP,,,0.71,0.67,0.202,0.023,https://doi.org/10.1093/bib/bbaa070,Uses non-normalized EF
akt2,RF-Scorev4/GlideSP,,,0,0.705,0.217,0.018,https://doi.org/10.1093/bib/bbaa070,Uses non-normalized EF
aldr,RF-Scorev4/GlideSP,,,7.75,0.548,0.207,0.143,https://doi.org/10.1093/bib/bbaa070,Uses non-normalized EF
ampc,RF-Scorev4/GlideSP,,,0,0.434,0.104,0,https://doi.org/10.1093/bib/bbaa070,Uses non-normalized EF
andr,RF-Scorev4/GlideSP,,,7.22,0.714,0.281,0.183,https://doi.org/10.1093/bib/bbaa070,Uses non-normalized EF
aofb,RF-Scorev4/GlideSP,,,2.39,0.537,0.174,0.056,https://doi.org/10.1093/bib/bbaa070,Uses non-normalized EF
bace1,RF-Scorev4/GlideSP,,,4.16,0.668,0.24,0.109,https://doi.org/10.1093/bib/bbaa070,Uses non-normalized EF
braf,RF-Scorev4/GlideSP,,,4.45,0.809,0.331,0.129,https://doi.org/10.1093/bib/bbaa070,Uses non-normalized EF
cah2,RF-Scorev4/GlideSP,,,6.96,0.646,0.252,0.158,https://doi.org/10.1093/bib/bbaa070,Uses non-normalized EF
casp3,RF-Scorev4/GlideSP,,,2,0.491,0.138,0.05,https://doi.org/10.1093/bib/bbaa070,Uses non-normalized EF
cdk2,RF-Scorev4/GlideSP,,,4.27,0.686,0.255,0.118,https://doi.org/10.1093/bib/bbaa070,Uses non-normalized EF
comt,RF-Scorev4/GlideSP,,,0,0.41,0.084,0,https://doi.org/10.1093/bib/bbaa070,Uses non-normalized EF
cp2c9,RF-Scorev4/GlideSP,,,4.94,0.573,0.207,0.115,https://doi.org/10.1093/bib/bbaa070,Uses non-normalized EF
cp3a4,RF-Scorev4/GlideSP,,,3.44,0.619,0.228,0.1,https://doi.org/10.1093/bib/bbaa070,Uses non-normalized EF
csf1r,RF-Scorev4/GlideSP,,,12.04,0.791,0.364,0.26,https://doi.org/10.1093/bib/bbaa070,Uses non-normalized EF
cxcr4,RF-Scorev4/GlideSP,,,0,0.665,0.192,0.022,https://doi.org/10.1093/bib/bbaa070,Uses non-normalized EF
def,RF-Scorev4/GlideSP,,,8.16,0.709,0.322,0.244,https://doi.org/10.1093/bib/bbaa070,Uses non-normalized EF
dhi1,RF-Scorev4/GlideSP,,,3.11,0.668,0.225,0.077,https://doi.org/10.1093/bib/bbaa070,Uses non-normalized EF
dpp4,RF-Scorev4/GlideSP,,,4.45,0.647,0.236,0.111,https://doi.org/10.1093/bib/bbaa070,Uses non-normalized EF
drd3,RF-Scorev4/GlideSP,,,2.86,0.631,0.225,0.085,https://doi.org/10.1093/bib/bbaa070,Uses non-normalized EF
dyr,RF-Scorev4/GlideSP,,,1.6,0.667,0.225,0.056,https://doi.org/10.1093/bib/bbaa070,Uses non-normalized EF
egfr,RF-Scorev4/GlideSP,,,2.18,0.686,0.25,0.073,https://doi.org/10.1093/bib/bbaa070,Uses non-normalized EF
esr1,RF-Scorev4/GlideSP,,,13.5,0.714,0.339,0.315,https://doi.org/10.1093/bib/bbaa070,Uses non-normalized EF
esr2,RF-Scorev4/GlideSP,,,4.69,0.761,0.291,0.139,https://doi.org/10.1093/bib/bbaa070,Uses non-normalized EF
fa10,RF-Scorev4/GlideSP,,,13.39,0.849,0.469,0.499,https://doi.org/10.1093/bib/bbaa070,Uses non-normalized EF
fa7,RF-Scorev4/GlideSP,,,9.6,0.836,0.367,0.237,https://doi.org/10.1093/bib/bbaa070,Uses non-normalized EF
fabp4,RF-Scorev4/GlideSP,,,1.73,0.575,0.183,0.044,https://doi.org/10.1093/bib/bbaa070,Uses non-normalized EF
fak1,RF-Scorev4/GlideSP,,,5.3,0.796,0.328,0.14,https://doi.org/10.1093/bib/bbaa070,Uses non-normalized EF
fgfr1,RF-Scorev4/GlideSP,,,0,0.518,0.152,0.113,https://doi.org/10.1093/bib/bbaa070,Uses non-normalized EF
fkb1a,RF-Scorev4/GlideSP,,,0.36,0.575,0.174,0.031,https://doi.org/10.1093/bib/bbaa070,Uses non-normalized EF
fnta,RF-Scorev4/GlideSP,,,2.91,0.725,0.267,0.102,https://doi.org/10.1093/bib/bbaa070,Uses non-normalized EF
fpps,RF-Scorev4/GlideSP,,,0,0.348,0.066,0,https://doi.org/10.1093/bib/bbaa070,Uses non-normalized EF
gcr,RF-Scorev4/GlideSP,,,0.9,0.655,0.208,0.041,https://doi.org/10.1093/bib/bbaa070,Uses non-normalized EF
glcm,RF-Scorev4/GlideSP,,,0,0.505,0.123,0.014,https://doi.org/10.1093/bib/bbaa070,Uses non-normalized EF
gria2,RF-Scorev4/GlideSP,,,0.69,0.552,0.166,0.028,https://doi.org/10.1093/bib/bbaa070,Uses non-normalized EF
grik1,RF-Scorev4/GlideSP,,,3.26,0.48,0.153,0.062,https://doi.org/10.1093/bib/bbaa070,Uses non-normalized EF
hdac2,RF-Scorev4/GlideSP,,,1.3,0.652,0.204,0.046,https://doi.org/10.1093/bib/bbaa070,Uses non-normalized EF
hdac8,RF-Scorev4/GlideSP,,,0,0.654,0.182,0.004,https://doi.org/10.1093/bib/bbaa070,Uses non-normalized EF
hivint,RF-Scorev4/GlideSP,,,0,0.431,0.107,0.008,https://doi.org/10.1093/bib/bbaa070,Uses non-normalized EF
hivpr,RF-Scorev4/GlideSP,,,12.55,0.636,0.294,0.353,https://doi.org/10.1093/bib/bbaa070,Uses non-normalized EF
hivrt,RF-Scorev4/GlideSP,,,1.27,0.52,0.155,0.041,https://doi.org/10.1093/bib/bbaa070,Uses non-normalized EF
hmdh,RF-Scorev4/GlideSP,,,0.67,0.448,0.125,0.032,https://doi.org/10.1093/bib/bbaa070,Uses non-normalized EF
hs90a,RF-Scorev4/GlideSP,,,0,0.52,0.14,0.008,https://doi.org/10.1093/bib/bbaa070,Uses non-normalized EF
hxk4,RF-Scorev4/GlideSP,,,0,0.613,0.167,0.003,https://doi.org/10.1093/bib/bbaa070,Uses non-normalized EF
igf1r,RF-Scorev4/GlideSP,,,3.99,0.749,0.267,0.07,https://doi.org/10.1093/bib/bbaa070,Uses non-normalized EF
inha,RF-Scorev4/GlideSP,,,2.87,0.729,0.278,0.114,https://doi.org/10.1093/bib/bbaa070,Uses non-normalized EF
ital,RF-Scorev4/GlideSP,,,4.8,0.574,0.187,0.099,https://doi.org/10.1093/bib/bbaa070,Uses non-normalized EF
jak2,RF-Scorev4/GlideSP,,,8.58,0.799,0.341,0.174,https://doi.org/10.1093/bib/bbaa070,Uses non-normalized EF
kif11,RF-Scorev4/GlideSP,,,4.56,0.7,0.279,0.144,https://doi.org/10.1093/bib/bbaa070,Uses non-normalized EF
kit,RF-Scorev4/GlideSP,,,3.59,0.756,0.29,0.11,https://doi.org/10.1093/bib/bbaa070,Uses non-normalized EF
kith,RF-Scorev4/GlideSP,,,3.77,0.414,0.159,0.146,https://doi.org/10.1093/bib/bbaa070,Uses non-normalized EF
kpcb,RF-Scorev4/GlideSP,,,1.69,0.577,0.197,0.054,https://doi.org/10.1093/bib/bbaa070,Uses non-normalized EF
lck,RF-Scorev4/GlideSP,,,10.32,0.779,0.359,0.244,https://doi.org/10.1093/bib/bbaa070,Uses non-normalized EF
lkha4,RF-Scorev4/GlideSP,,,3.31,0.695,0.256,0.105,https://doi.org/10.1093/bib/bbaa070,Uses non-normalized EF
mapk2,RF-Scorev4/GlideSP,,,2.43,0.642,0.219,0.075,https://doi.org/10.1093/bib/bbaa070,Uses non-normalized EF
mcr,RF-Scorev4/GlideSP,,,9.12,0.813,0.359,0.247,https://doi.org/10.1093/bib/bbaa070,Uses non-normalized EF
met,RF-Scorev4/GlideSP,,,6.58,0.814,0.359,0.158,https://doi.org/10.1093/bib/bbaa070,Uses non-normalized EF
mk01,RF-Scorev4/GlideSP,,,5.73,0.741,0.295,0.161,https://doi.org/10.1093/bib/bbaa070,Uses non-normalized EF
mk10,RF-Scorev4/GlideSP,,,2.69,0.74,0.285,0.101,https://doi.org/10.1093/bib/bbaa070,Uses non-normalized EF
mk14,RF-Scorev4/GlideSP,,,7.77,0.689,0.272,0.173,https://doi.org/10.1093/bib/bbaa070,Uses non-normalized EF
mmp13,RF-Scorev4/GlideSP,,,3.13,0.615,0.205,0.077,https://doi.org/10.1093/bib/bbaa070,Uses non-normalized EF
mp2k1,RF-Scorev4/GlideSP,,,0,0.501,0.123,0.001,https://doi.org/10.1093/bib/bbaa070,Uses non-normalized EF
nos1,RF-Scorev4/GlideSP,,,0.85,0.592,0.201,0.042,https://doi.org/10.1093/bib/bbaa070,Uses non-normalized EF
nram,RF-Scorev4/GlideSP,,,2.22,0.756,0.288,0.141,https://doi.org/10.1093/bib/bbaa070,Uses non-normalized EF
pa2ga,RF-Scorev4/GlideSP,,,5.54,0.641,0.243,0.108,https://doi.org/10.1093/bib/bbaa070,Uses non-normalized EF
parp1,RF-Scorev4/GlideSP,,,7.14,0.719,0.271,0.148,https://doi.org/10.1093/bib/bbaa070,Uses non-normalized EF
pde5a,RF-Scorev4/GlideSP,,,0.89,0.599,0.171,0.023,https://doi.org/10.1093/bib/bbaa070,Uses non-normalized EF
pgh1,RF-Scorev4/GlideSP,,,0.45,0.552,0.153,0.016,https://doi.org/10.1093/bib/bbaa070,Uses non-normalized EF
pgh2,RF-Scorev4/GlideSP,,,1.13,0.512,0.136,0.026,https://doi.org/10.1093/bib/bbaa070,Uses non-normalized EF
plk1,RF-Scorev4/GlideSP,,,1.31,0.734,0.261,0.046,https://doi.org/10.1093/bib/bbaa070,Uses non-normalized EF
pnph,RF-Scorev4/GlideSP,,,3.05,0.601,0.221,0.141,https://doi.org/10.1093/bib/bbaa070,Uses non-normalized EF
ppara,RF-Scorev4/GlideSP,,,5.58,0.695,0.284,0.176,https://doi.org/10.1093/bib/bbaa070,Uses non-normalized EF
ppard,RF-Scorev4/GlideSP,,,9.74,0.684,0.304,0.231,https://doi.org/10.1093/bib/bbaa070,Uses non-normalized EF
pparg,RF-Scorev4/GlideSP,,,4.43,0.646,0.241,0.125,https://doi.org/10.1093/bib/bbaa070,Uses non-normalized EF
prgr,RF-Scorev4/GlideSP,,,6.52,0.737,0.286,0.158,https://doi.org/10.1093/bib/bbaa070,Uses non-normalized EF
ptn1,RF-Scorev4/GlideSP,,,12.06,0.743,0.36,0.319,https://doi.org/10.1093/bib/bbaa070,Uses non-normalized EF
pur2,RF-Scorev4/GlideSP,,,0,0.808,0.286,0.056,https://doi.org/10.1093/bib/bbaa070,Uses non-normalized EF
pygm,RF-Scorev4/GlideSP,,,3.44,0.591,0.193,0.072,https://doi.org/10.1093/bib/bbaa070,Uses non-normalized EF
pyrd,RF-Scorev4/GlideSP,,,3.05,0.763,0.292,0.103,https://doi.org/10.1093/bib/bbaa070,Uses non-normalized EF
reni,RF-Scorev4/GlideSP,,,5.41,0.629,0.221,0.237,https://doi.org/10.1093/bib/bbaa070,Uses non-normalized EF
rock1,RF-Scorev4/GlideSP,,,2.96,0.736,0.259,0.105,https://doi.org/10.1093/bib/bbaa070,Uses non-normalized EF
rxra,RF-Scorev4/GlideSP,,,7.57,0.654,0.261,0.182,https://doi.org/10.1093/bib/bbaa070,Uses non-normalized EF
sahh,RF-Scorev4/GlideSP,,,0,0.611,0.176,0.018,https://doi.org/10.1093/bib/bbaa070,Uses non-normalized EF
src,RF-Scorev4/GlideSP,,,1.22,0.675,0.226,0.046,https://doi.org/10.1093/bib/bbaa070,Uses non-normalized EF
tgfr1,RF-Scorev4/GlideSP,,,0.36,0.742,0.248,0.017,https://doi.org/10.1093/bib/bbaa070,Uses non-normalized EF
thb,RF-Scorev4/GlideSP,,,7.96,0.621,0.277,0.257,https://doi.org/10.1093/bib/bbaa070,Uses non-normalized EF
thrb,RF-Scorev4/GlideSP,,,3.29,0.744,0.27,0.103,https://doi.org/10.1093/bib/bbaa070,Uses non-normalized EF
try1,RF-Scorev4/GlideSP,,,4.82,0.748,0.28,0.134,https://doi.org/10.1093/bib/bbaa070,Uses non-normalized EF
tryb1,RF-Scorev4/GlideSP,,,12.83,0.721,0.314,0.243,https://doi.org/10.1093/bib/bbaa070,Uses non-normalized EF
tysy,RF-Scorev4/GlideSP,,,9.19,0.622,0.28,0.326,https://doi.org/10.1093/bib/bbaa070,Uses non-normalized EF
urok,RF-Scorev4/GlideSP,,,1.98,0.701,0.251,0.067,https://doi.org/10.1093/bib/bbaa070,Uses non-normalized EF
vgfr2,RF-Scorev4/GlideSP,,,1.05,0.614,0.183,0.04,https://doi.org/10.1093/bib/bbaa070,Uses non-normalized EF
wee1,RF-Scorev4/GlideSP,,,41.15,0.914,0.784,0.848,https://doi.org/10.1093/bib/bbaa070,Uses non-normalized EF
xiap,RF-Scorev4/GlideSP,,,15.35,0.819,0.435,0.353,https://doi.org/10.1093/bib/bbaa070,Uses non-normalized EF
aa2ar,RF-Scorev3/GlideSP,,,0.47,0.662,0.129,0.016,https://doi.org/10.1093/bib/bbaa070,Uses non-normalized EF
abl1,RF-Scorev3/GlideSP,,,4.79,0.689,0.219,0.125,https://doi.org/10.1093/bib/bbaa070,Uses non-normalized EF
ace,RF-Scorev3/GlideSP,,,5.67,0.612,0.27,0.227,https://doi.org/10.1093/bib/bbaa070,Uses non-normalized EF
aces,RF-Scorev3/GlideSP,,,7.96,0.535,0.261,0.192,https://doi.org/10.1093/bib/bbaa070,Uses non-normalized EF
ada,RF-Scorev3/GlideSP,,,1.13,0.513,0.115,0.04,https://doi.org/10.1093/bib/bbaa070,Uses non-normalized EF
ada17,RF-Scorev3/GlideSP,,,7.93,0.567,0.309,0.21,https://doi.org/10.1093/bib/bbaa070,Uses non-normalized EF
adrb1,RF-Scorev3/GlideSP,,,1.52,0.576,0.195,0.053,https://doi.org/10.1093/bib/bbaa070,Uses non-normalized EF
adrb2,RF-Scorev3/GlideSP,,,1.34,0.567,0.193,0.049,https://doi.org/10.1093/bib/bbaa070,Uses non-normalized EF
akt1,RF-Scorev3/GlideSP,,,0.47,0.647,0.147,0.015,https://doi.org/10.1093/bib/bbaa070,Uses non-normalized EF
akt2,RF-Scorev3/GlideSP,,,0,0.701,0.147,0.007,https://doi.org/10.1093/bib/bbaa070,Uses non-normalized EF
aldr,RF-Scorev3/GlideSP,,,2.74,0.517,0.188,0.086,https://doi.org/10.1093/bib/bbaa070,Uses non-normalized EF
ampc,RF-Scorev3/GlideSP,,,0,0.482,0.146,0.023,https://doi.org/10.1093/bib/bbaa070,Uses non-normalized EF
andr,RF-Scorev3/GlideSP,,,1.26,0.622,0.198,0.038,https://doi.org/10.1093/bib/bbaa070,Uses non-normalized EF
aofb,RF-Scorev3/GlideSP,,,0,0.53,0.174,0.024,https://doi.org/10.1093/bib/bbaa070,Uses non-normalized EF
bace1,RF-Scorev3/GlideSP,,,10.19,0.616,0.319,0.242,https://doi.org/10.1093/bib/bbaa070,Uses non-normalized EF
braf,RF-Scorev3/GlideSP,,,3.24,0.673,0.217,0.067,https://doi.org/10.1093/bib/bbaa070,Uses non-normalized EF
cah2,RF-Scorev3/GlideSP,,,12.22,0.658,0.34,0.281,https://doi.org/10.1093/bib/bbaa070,Uses non-normalized EF
casp3,RF-Scorev3/GlideSP,,,2.28,0.452,0.195,0.074,https://doi.org/10.1093/bib/bbaa070,Uses non-normalized EF
cdk2,RF-Scorev3/GlideSP,,,0.5,0.662,0.161,0.021,https://doi.org/10.1093/bib/bbaa070,Uses non-normalized EF
comt,RF-Scorev3/GlideSP,,,0,0.356,0.073,0,https://doi.org/10.1093/bib/bbaa070,Uses non-normalized EF
cp2c9,RF-Scorev3/GlideSP,,,8.23,0.569,0.222,0.164,https://doi.org/10.1093/bib/bbaa070,Uses non-normalized EF
cp3a4,RF-Scorev3/GlideSP,,,3.73,0.569,0.188,0.094,https://doi.org/10.1093/bib/bbaa070,Uses non-normalized EF
csf1r,RF-Scorev3/GlideSP,,,1.06,0.731,0.172,0.022,https://doi.org/10.1093/bib/bbaa070,Uses non-normalized EF
cxcr4,RF-Scorev3/GlideSP,,,0,0.69,0.211,0.004,https://doi.org/10.1093/bib/bbaa070,Uses non-normalized EF
def,RF-Scorev3/GlideSP,,,0,0.623,0.214,0.012,https://doi.org/10.1093/bib/bbaa070,Uses non-normalized EF
dhi1,RF-Scorev3/GlideSP,,,2.14,0.662,0.228,0.068,https://doi.org/10.1093/bib/bbaa070,Uses non-normalized EF
dpp4,RF-Scorev3/GlideSP,,,0.93,0.634,0.161,0.025,https://doi.org/10.1093/bib/bbaa070,Uses non-normalized EF
drd3,RF-Scorev3/GlideSP,,,3.43,0.548,0.179,0.079,https://doi.org/10.1093/bib/bbaa070,Uses non-normalized EF
dyr,RF-Scorev3/GlideSP,,,1.25,0.647,0.139,0.039,https://doi.org/10.1093/bib/bbaa070,Uses non-normalized EF
egfr,RF-Scorev3/GlideSP,,,2.66,0.628,0.164,0.058,https://doi.org/10.1093/bib/bbaa070,Uses non-normalized EF
esr1,RF-Scorev3/GlideSP,,,0.33,0.801,0.264,0.03,https://doi.org/10.1093/bib/bbaa070,Uses non-normalized EF
esr2,RF-Scorev3/GlideSP,,,0.17,0.811,0.254,0.023,https://doi.org/10.1093/bib/bbaa070,Uses non-normalized EF
fa10,RF-Scorev3/GlideSP,,,18.07,0.85,0.479,0.575,https://doi.org/10.1093/bib/bbaa070,Uses non-normalized EF
fa7,RF-Scorev3/GlideSP,,,10.13,0.821,0.374,0.287,https://doi.org/10.1093/bib/bbaa070,Uses non-normalized EF
fabp4,RF-Scorev3/GlideSP,,,1.73,0.59,0.207,0.042,https://doi.org/10.1093/bib/bbaa070,Uses non-normalized EF
fak1,RF-Scorev3/GlideSP,,,3.54,0.757,0.211,0.071,https://doi.org/10.1093/bib/bbaa070,Uses non-normalized EF
fgfr1,RF-Scorev3/GlideSP,,,1.75,0.496,0.164,0.468,https://doi.org/10.1093/bib/bbaa070,Uses non-normalized EF
fkb1a,RF-Scorev3/GlideSP,,,0,0.56,0.183,0.019,https://doi.org/10.1093/bib/bbaa070,Uses non-normalized EF
fnta,RF-Scorev3/GlideSP,,,3.33,0.706,0.272,0.116,https://doi.org/10.1093/bib/bbaa070,Uses non-normalized EF
fpps,RF-Scorev3/GlideSP,,,0,0.427,0.033,0,https://doi.org/10.1093/bib/bbaa070,Uses non-normalized EF
gcr,RF-Scorev3/GlideSP,,,4.78,0.68,0.22,0.09,https://doi.org/10.1093/bib/bbaa070,Uses non-normalized EF
glcm,RF-Scorev3/GlideSP,,,0,0.475,0.195,0.012,https://doi.org/10.1093/bib/bbaa070,Uses non-normalized EF
gria2,RF-Scorev3/GlideSP,,,0.34,0.584,0.179,0.021,https://doi.org/10.1093/bib/bbaa070,Uses non-normalized EF
grik1,RF-Scorev3/GlideSP,,,1.95,0.48,0.127,0.029,https://doi.org/10.1093/bib/bbaa070,Uses non-normalized EF
hdac2,RF-Scorev3/GlideSP,,,4.76,0.606,0.227,0.101,https://doi.org/10.1093/bib/bbaa070,Uses non-normalized EF
hdac8,RF-Scorev3/GlideSP,,,0,0.625,0.217,0.013,https://doi.org/10.1093/bib/bbaa070,Uses non-normalized EF
hivint,RF-Scorev3/GlideSP,,,0,0.525,0.141,0.012,https://doi.org/10.1093/bib/bbaa070,Uses non-normalized EF
hivpr,RF-Scorev3/GlideSP,,,9.8,0.704,0.366,0.33,https://doi.org/10.1093/bib/bbaa070,Uses non-normalized EF
hivrt,RF-Scorev3/GlideSP,,,0.18,0.547,0.138,0.012,https://doi.org/10.1093/bib/bbaa070,Uses non-normalized EF
hmdh,RF-Scorev3/GlideSP,,,0,0.59,0.128,0.006,https://doi.org/10.1093/bib/bbaa070,Uses non-normalized EF
hs90a,RF-Scorev3/GlideSP,,,0,0.576,0.103,0.007,https://doi.org/10.1093/bib/bbaa070,Uses non-normalized EF
hxk4,RF-Scorev3/GlideSP,,,0,0.626,0.168,0.002,https://doi.org/10.1093/bib/bbaa070,Uses non-normalized EF
igf1r,RF-Scorev3/GlideSP,,,7.98,0.682,0.207,0.159,https://doi.org/10.1093/bib/bbaa070,Uses non-normalized EF
inha,RF-Scorev3/GlideSP,,,5.75,0.673,0.335,0.224,https://doi.org/10.1093/bib/bbaa070,Uses non-normalized EF
ital,RF-Scorev3/GlideSP,,,1.31,0.538,0.128,0.03,https://doi.org/10.1093/bib/bbaa070,Uses non-normalized EF
jak2,RF-Scorev3/GlideSP,,,9.24,0.761,0.215,0.199,https://doi.org/10.1093/bib/bbaa070,Uses non-normalized EF
kif11,RF-Scorev3/GlideSP,,,17.22,0.693,0.393,0.392,https://doi.org/10.1093/bib/bbaa070,Uses non-normalized EF
kit,RF-Scorev3/GlideSP,,,0.4,0.726,0.203,0.037,https://doi.org/10.1093/bib/bbaa070,Uses non-normalized EF
kith,RF-Scorev3/GlideSP,,,2.26,0.383,0.147,0.088,https://doi.org/10.1093/bib/bbaa070,Uses non-normalized EF
kpcb,RF-Scorev3/GlideSP,,,4.65,0.567,0.253,0.136,https://doi.org/10.1093/bib/bbaa070,Uses non-normalized EF
lck,RF-Scorev3/GlideSP,,,2.06,0.698,0.178,0.052,https://doi.org/10.1093/bib/bbaa070,Uses non-normalized EF
lkha4,RF-Scorev3/GlideSP,,,4.56,0.637,0.29,0.141,https://doi.org/10.1093/bib/bbaa070,Uses non-normalized EF
mapk2,RF-Scorev3/GlideSP,,,0,0.609,0.166,0.016,https://doi.org/10.1093/bib/bbaa070,Uses non-normalized EF
mcr,RF-Scorev3/GlideSP,,,3.91,0.762,0.304,0.097,https://doi.org/10.1093/bib/bbaa070,Uses non-normalized EF
met,RF-Scorev3/GlideSP,,,16.44,0.768,0.404,0.356,https://doi.org/10.1093/bib/bbaa070,Uses non-normalized EF
mk01,RF-Scorev3/GlideSP,,,1.43,0.705,0.218,0.058,https://doi.org/10.1093/bib/bbaa070,Uses non-normalized EF
mk10,RF-Scorev3/GlideSP,,,3.23,0.725,0.18,0.066,https://doi.org/10.1093/bib/bbaa070,Uses non-normalized EF
mk14,RF-Scorev3/GlideSP,,,5.36,0.677,0.217,0.134,https://doi.org/10.1093/bib/bbaa070,Uses non-normalized EF
mmp13,RF-Scorev3/GlideSP,,,3.42,0.53,0.258,0.106,https://doi.org/10.1093/bib/bbaa070,Uses non-normalized EF
mp2k1,RF-Scorev3/GlideSP,,,0,0.549,0.121,0.002,https://doi.org/10.1093/bib/bbaa070,Uses non-normalized EF
nos1,RF-Scorev3/GlideSP,,,1.71,0.588,0.198,0.057,https://doi.org/10.1093/bib/bbaa070,Uses non-normalized EF
nram,RF-Scorev3/GlideSP,,,1.33,0.662,0.187,0.04,https://doi.org/10.1093/bib/bbaa070,Uses non-normalized EF
pa2ga,RF-Scorev3/GlideSP,,,1.58,0.68,0.187,0.028,https://doi.org/10.1093/bib/bbaa070,Uses non-normalized EF
parp1,RF-Scorev3/GlideSP,,,2.83,0.683,0.225,0.075,https://doi.org/10.1093/bib/bbaa070,Uses non-normalized EF
pde5a,RF-Scorev3/GlideSP,,,1.34,0.541,0.162,0.03,https://doi.org/10.1093/bib/bbaa070,Uses non-normalized EF
pgh1,RF-Scorev3/GlideSP,,,1.35,0.578,0.184,0.038,https://doi.org/10.1093/bib/bbaa070,Uses non-normalized EF
pgh2,RF-Scorev3/GlideSP,,,1.58,0.59,0.188,0.038,https://doi.org/10.1093/bib/bbaa070,Uses non-normalized EF
plk1,RF-Scorev3/GlideSP,,,5.23,0.717,0.25,0.118,https://doi.org/10.1093/bib/bbaa070,Uses non-normalized EF
pnph,RF-Scorev3/GlideSP,,,0,0.686,0.172,0.013,https://doi.org/10.1093/bib/bbaa070,Uses non-normalized EF
ppara,RF-Scorev3/GlideSP,,,1.86,0.608,0.211,0.052,https://doi.org/10.1093/bib/bbaa070,Uses non-normalized EF
ppard,RF-Scorev3/GlideSP,,,1.74,0.638,0.21,0.062,https://doi.org/10.1093/bib/bbaa070,Uses non-normalized EF
pparg,RF-Scorev3/GlideSP,,,3.18,0.643,0.254,0.106,https://doi.org/10.1093/bib/bbaa070,Uses non-normalized EF
prgr,RF-Scorev3/GlideSP,,,2.08,0.683,0.239,0.06,https://doi.org/10.1093/bib/bbaa070,Uses non-normalized EF
ptn1,RF-Scorev3/GlideSP,,,12.95,0.749,0.399,0.378,https://doi.org/10.1093/bib/bbaa070,Uses non-normalized EF
pur2,RF-Scorev3/GlideSP,,,0,0.768,0.241,0.006,https://doi.org/10.1093/bib/bbaa070,Uses non-normalized EF
pygm,RF-Scorev3/GlideSP,,,2.58,0.566,0.18,0.055,https://doi.org/10.1093/bib/bbaa070,Uses non-normalized EF
pyrd,RF-Scorev3/GlideSP,,,9.14,0.723,0.339,0.212,https://doi.org/10.1093/bib/bbaa070,Uses non-normalized EF
reni,RF-Scorev3/GlideSP,,,1.8,0.65,0.2,0.099,https://doi.org/10.1093/bib/bbaa070,Uses non-normalized EF
rock1,RF-Scorev3/GlideSP,,,0.99,0.72,0.172,0.018,https://doi.org/10.1093/bib/bbaa070,Uses non-normalized EF
rxra,RF-Scorev3/GlideSP,,,4.13,0.722,0.202,0.076,https://doi.org/10.1093/bib/bbaa070,Uses non-normalized EF
sahh,RF-Scorev3/GlideSP,,,0,0.653,0.132,0.001,https://doi.org/10.1093/bib/bbaa070,Uses non-normalized EF
src,RF-Scorev3/GlideSP,,,0.37,0.626,0.128,0.008,https://doi.org/10.1093/bib/bbaa070,Uses non-normalized EF
tgfr1,RF-Scorev3/GlideSP,,,1.42,0.706,0.182,0.035,https://doi.org/10.1093/bib/bbaa070,Uses non-normalized EF
thb,RF-Scorev3/GlideSP,,,1.22,0.545,0.223,0.059,https://doi.org/10.1093/bib/bbaa070,Uses non-normalized EF
thrb,RF-Scorev3/GlideSP,,,5.17,0.75,0.29,0.148,https://doi.org/10.1093/bib/bbaa070,Uses non-normalized EF
try1,RF-Scorev3/GlideSP,,,3.88,0.763,0.276,0.103,https://doi.org/10.1093/bib/bbaa070,Uses non-normalized EF
tryb1,RF-Scorev3/GlideSP,,,4.08,0.7,0.271,0.113,https://doi.org/10.1093/bib/bbaa070,Uses non-normalized EF
tysy,RF-Scorev3/GlideSP,,,5.25,0.647,0.259,0.215,https://doi.org/10.1093/bib/bbaa070,Uses non-normalized EF
urok,RF-Scorev3/GlideSP,,,3.3,0.713,0.271,0.106,https://doi.org/10.1093/bib/bbaa070,Uses non-normalized EF
vgfr2,RF-Scorev3/GlideSP,,,3.14,0.607,0.169,0.083,https://doi.org/10.1093/bib/bbaa070,Uses non-normalized EF
wee1,RF-Scorev3/GlideSP,,,41.87,0.821,0.771,0.845,https://doi.org/10.1093/bib/bbaa070,Uses non-normalized EF
xiap,RF-Scorev3/GlideSP,,,8.44,0.81,0.361,0.2,https://doi.org/10.1093/bib/bbaa070,Uses non-normalized EF
aa2ar,NNscore1.0/GlideSP,,,2.13,0.633,0.36,0.074,https://doi.org/10.1093/bib/bbaa070,Uses non-normalized EF
abl1,NNscore1.0/GlideSP,,,4.79,0.572,0.336,0.117,https://doi.org/10.1093/bib/bbaa070,Uses non-normalized EF
ace,NNscore1.0/GlideSP,,,7.64,0.655,0.406,0.262,https://doi.org/10.1093/bib/bbaa070,Uses non-normalized EF
aces,NNscore1.0/GlideSP,,,8.12,0.736,0.454,0.198,https://doi.org/10.1093/bib/bbaa070,Uses non-normalized EF
ada,NNscore1.0/GlideSP,,,0.75,0.456,0.24,0.036,https://doi.org/10.1093/bib/bbaa070,Uses non-normalized EF
ada17,NNscore1.0/GlideSP,,,4.97,0.744,0.43,0.135,https://doi.org/10.1093/bib/bbaa070,Uses non-normalized EF
adrb1,NNscore1.0/GlideSP,,,1.52,0.667,0.356,0.045,https://doi.org/10.1093/bib/bbaa070,Uses non-normalized EF
adrb2,NNscore1.0/GlideSP,,,1.34,0.672,0.364,0.057,https://doi.org/10.1093/bib/bbaa070,Uses non-normalized EF
akt1,NNscore1.0/GlideSP,,,1.42,0.565,0.32,0.046,https://doi.org/10.1093/bib/bbaa070,Uses non-normalized EF
akt2,NNscore1.0/GlideSP,,,2.64,0.594,0.333,0.085,https://doi.org/10.1093/bib/bbaa070,Uses non-normalized EF
aldr,NNscore1.0/GlideSP,,,1.37,0.55,0.318,0.042,https://doi.org/10.1093/bib/bbaa070,Uses non-normalized EF
ampc,NNscore1.0/GlideSP,,,0,0.522,0.271,0,https://doi.org/10.1093/bib/bbaa070,Uses non-normalized EF
andr,NNscore1.0/GlideSP,,,3.77,0.621,0.332,0.112,https://doi.org/10.1093/bib/bbaa070,Uses non-normalized EF
aofb,NNscore1.0/GlideSP,,,2.39,0.571,0.303,0.042,https://doi.org/10.1093/bib/bbaa070,Uses non-normalized EF
bace1,NNscore1.0/GlideSP,,,3.33,0.767,0.443,0.122,https://doi.org/10.1093/bib/bbaa070,Uses non-normalized EF
braf,NNscore1.0/GlideSP,,,3.64,0.634,0.347,0.084,https://doi.org/10.1093/bib/bbaa070,Uses non-normalized EF
cah2,NNscore1.0/GlideSP,,,0.61,0.522,0.277,0.04,https://doi.org/10.1093/bib/bbaa070,Uses non-normalized EF
casp3,NNscore1.0/GlideSP,,,0.86,0.659,0.336,0.037,https://doi.org/10.1093/bib/bbaa070,Uses non-normalized EF
cdk2,NNscore1.0/GlideSP,,,2.26,0.58,0.324,0.068,https://doi.org/10.1093/bib/bbaa070,Uses non-normalized EF
comt,NNscore1.0/GlideSP,,,0,0.319,0.068,0,https://doi.org/10.1093/bib/bbaa070,Uses non-normalized EF
cp2c9,NNscore1.0/GlideSP,,,3.29,0.59,0.34,0.073,https://doi.org/10.1093/bib/bbaa070,Uses non-normalized EF
cp3a4,NNscore1.0/GlideSP,,,2.58,0.58,0.326,0.071,https://doi.org/10.1093/bib/bbaa070,Uses non-normalized EF
csf1r,NNscore1.0/GlideSP,,,5.66,0.673,0.394,0.133,https://doi.org/10.1093/bib/bbaa070,Uses non-normalized EF
cxcr4,NNscore1.0/GlideSP,,,2.5,0.591,0.319,0.07,https://doi.org/10.1093/bib/bbaa070,Uses non-normalized EF
def,NNscore1.0/GlideSP,,,8.79,0.687,0.406,0.177,https://doi.org/10.1093/bib/bbaa070,Uses non-normalized EF
dhi1,NNscore1.0/GlideSP,,,7,0.703,0.426,0.171,https://doi.org/10.1093/bib/bbaa070,Uses non-normalized EF
dpp4,NNscore1.0/GlideSP,,,4.17,0.523,0.303,0.107,https://doi.org/10.1093/bib/bbaa070,Uses non-normalized EF
drd3,NNscore1.0/GlideSP,,,1.37,0.59,0.321,0.044,https://doi.org/10.1093/bib/bbaa070,Uses non-normalized EF
dyr,NNscore1.0/GlideSP,,,0.89,0.629,0.339,0.04,https://doi.org/10.1093/bib/bbaa070,Uses non-normalized EF
egfr,NNscore1.0/GlideSP,,,3.87,0.517,0.305,0.08,https://doi.org/10.1093/bib/bbaa070,Uses non-normalized EF
esr1,NNscore1.0/GlideSP,,,2.51,0.758,0.426,0.098,https://doi.org/10.1093/bib/bbaa070,Uses non-normalized EF
esr2,NNscore1.0/GlideSP,,,1.21,0.768,0.425,0.053,https://doi.org/10.1093/bib/bbaa070,Uses non-normalized EF
fa10,NNscore1.0/GlideSP,,,3.92,0.733,0.429,0.158,https://doi.org/10.1093/bib/bbaa070,Uses non-normalized EF
fa7,NNscore1.0/GlideSP,,,11.2,0.84,0.536,0.293,https://doi.org/10.1093/bib/bbaa070,Uses non-normalized EF
fabp4,NNscore1.0/GlideSP,,,3.45,0.762,0.453,0.118,https://doi.org/10.1093/bib/bbaa070,Uses non-normalized EF
fak1,NNscore1.0/GlideSP,,,7.95,0.639,0.393,0.17,https://doi.org/10.1093/bib/bbaa070,Uses non-normalized EF
fgfr1,NNscore1.0/GlideSP,,,1.32,0.52,0.249,0.418,https://doi.org/10.1093/bib/bbaa070,Uses non-normalized EF
fkb1a,NNscore1.0/GlideSP,,,2.19,0.732,0.4,0.096,https://doi.org/10.1093/bib/bbaa070,Uses non-normalized EF
fnta,NNscore1.0/GlideSP,,,1.15,0.642,0.34,0.044,https://doi.org/10.1093/bib/bbaa070,Uses non-normalized EF
fpps,NNscore1.0/GlideSP,,,39.6,0.885,0.841,0.867,https://doi.org/10.1093/bib/bbaa070,Uses non-normalized EF
gcr,NNscore1.0/GlideSP,,,2.39,0.716,0.404,0.084,https://doi.org/10.1093/bib/bbaa070,Uses non-normalized EF
glcm,NNscore1.0/GlideSP,,,0,0.708,0.357,0.018,https://doi.org/10.1093/bib/bbaa070,Uses non-normalized EF
gria2,NNscore1.0/GlideSP,,,4.12,0.539,0.332,0.091,https://doi.org/10.1093/bib/bbaa070,Uses non-normalized EF
grik1,NNscore1.0/GlideSP,,,8.47,0.647,0.4,0.183,https://doi.org/10.1093/bib/bbaa070,Uses non-normalized EF
hdac2,NNscore1.0/GlideSP,,,0.87,0.631,0.332,0.046,https://doi.org/10.1093/bib/bbaa070,Uses non-normalized EF
hdac8,NNscore1.0/GlideSP,,,0.89,0.672,0.342,0.023,https://doi.org/10.1093/bib/bbaa070,Uses non-normalized EF
hivint,NNscore1.0/GlideSP,,,1.42,0.666,0.364,0.071,https://doi.org/10.1093/bib/bbaa070,Uses non-normalized EF
hivpr,NNscore1.0/GlideSP,,,0.89,0.765,0.427,0.073,https://doi.org/10.1093/bib/bbaa070,Uses non-normalized EF
hivrt,NNscore1.0/GlideSP,,,0.91,0.526,0.298,0.024,https://doi.org/10.1093/bib/bbaa070,Uses non-normalized EF
hmdh,NNscore1.0/GlideSP,,,6.68,0.796,0.507,0.275,https://doi.org/10.1093/bib/bbaa070,Uses non-normalized EF
hs90a,NNscore1.0/GlideSP,,,0,0.399,0.245,0.005,https://doi.org/10.1093/bib/bbaa070,Uses non-normalized EF
hxk4,NNscore1.0/GlideSP,,,2.36,0.616,0.342,0.061,https://doi.org/10.1093/bib/bbaa070,Uses non-normalized EF
igf1r,NNscore1.0/GlideSP,,,2.22,0.597,0.338,0.07,https://doi.org/10.1093/bib/bbaa070,Uses non-normalized EF
inha,NNscore1.0/GlideSP,,,7.18,0.633,0.396,0.182,https://doi.org/10.1093/bib/bbaa070,Uses non-normalized EF
ital,NNscore1.0/GlideSP,,,1.31,0.583,0.317,0.035,https://doi.org/10.1093/bib/bbaa070,Uses non-normalized EF
jak2,NNscore1.0/GlideSP,,,3.96,0.644,0.358,0.079,https://doi.org/10.1093/bib/bbaa070,Uses non-normalized EF
kif11,NNscore1.0/GlideSP,,,7.6,0.76,0.478,0.236,https://doi.org/10.1093/bib/bbaa070,Uses non-normalized EF
kit,NNscore1.0/GlideSP,,,2.39,0.54,0.306,0.049,https://doi.org/10.1093/bib/bbaa070,Uses non-normalized EF
kith,NNscore1.0/GlideSP,,,0.75,0.641,0.349,0.051,https://doi.org/10.1093/bib/bbaa070,Uses non-normalized EF
kpcb,NNscore1.0/GlideSP,,,1.69,0.679,0.37,0.055,https://doi.org/10.1093/bib/bbaa070,Uses non-normalized EF
lck,NNscore1.0/GlideSP,,,2.06,0.584,0.326,0.052,https://doi.org/10.1093/bib/bbaa070,Uses non-normalized EF
lkha4,NNscore1.0/GlideSP,,,0.83,0.535,0.287,0.024,https://doi.org/10.1093/bib/bbaa070,Uses non-normalized EF
mapk2,NNscore1.0/GlideSP,,,1.46,0.607,0.345,0.052,https://doi.org/10.1093/bib/bbaa070,Uses non-normalized EF
mcr,NNscore1.0/GlideSP,,,2.7,0.741,0.405,0.106,https://doi.org/10.1093/bib/bbaa070,Uses non-normalized EF
met,NNscore1.0/GlideSP,,,1.64,0.588,0.332,0.062,https://doi.org/10.1093/bib/bbaa070,Uses non-normalized EF
mk01,NNscore1.0/GlideSP,,,2.86,0.642,0.36,0.099,https://doi.org/10.1093/bib/bbaa070,Uses non-normalized EF
mk10,NNscore1.0/GlideSP,,,2.69,0.559,0.319,0.068,https://doi.org/10.1093/bib/bbaa070,Uses non-normalized EF
mk14,NNscore1.0/GlideSP,,,2.3,0.616,0.336,0.054,https://doi.org/10.1093/bib/bbaa070,Uses non-normalized EF
mmp13,NNscore1.0/GlideSP,,,3.71,0.71,0.412,0.11,https://doi.org/10.1093/bib/bbaa070,Uses non-normalized EF
mp2k1,NNscore1.0/GlideSP,,,2.08,0.561,0.285,0.07,https://doi.org/10.1093/bib/bbaa070,Uses non-normalized EF
nos1,NNscore1.0/GlideSP,,,0,0.399,0.252,0.011,https://doi.org/10.1093/bib/bbaa070,Uses non-normalized EF
nram,NNscore1.0/GlideSP,,,7.55,0.792,0.479,0.249,https://doi.org/10.1093/bib/bbaa070,Uses non-normalized EF
pa2ga,NNscore1.0/GlideSP,,,0,0.507,0.155,0.019,https://doi.org/10.1093/bib/bbaa070,Uses non-normalized EF
parp1,NNscore1.0/GlideSP,,,4.99,0.715,0.42,0.134,https://doi.org/10.1093/bib/bbaa070,Uses non-normalized EF
pde5a,NNscore1.0/GlideSP,,,3.41,0.563,0.259,0.077,https://doi.org/10.1093/bib/bbaa070,Uses non-normalized EF
pgh1,NNscore1.0/GlideSP,,,0.9,0.415,0.239,0.042,https://doi.org/10.1093/bib/bbaa070,Uses non-normalized EF
pgh2,NNscore1.0/GlideSP,,,1.36,0.611,0.334,0.053,https://doi.org/10.1093/bib/bbaa070,Uses non-normalized EF
plk1,NNscore1.0/GlideSP,,,2.61,0.535,0.312,0.059,https://doi.org/10.1093/bib/bbaa070,Uses non-normalized EF
pnph,NNscore1.0/GlideSP,,,5.24,0.534,0.297,0.141,https://doi.org/10.1093/bib/bbaa070,Uses non-normalized EF
ppara,NNscore1.0/GlideSP,,,6.69,0.752,0.451,0.192,https://doi.org/10.1093/bib/bbaa070,Uses non-normalized EF
ppard,NNscore1.0/GlideSP,,,7.65,0.774,0.487,0.209,https://doi.org/10.1093/bib/bbaa070,Uses non-normalized EF
pparg,NNscore1.0/GlideSP,,,2.35,0.684,0.394,0.091,https://doi.org/10.1093/bib/bbaa070,Uses non-normalized EF
prgr,NNscore1.0/GlideSP,,,1.78,0.724,0.393,0.058,https://doi.org/10.1093/bib/bbaa070,Uses non-normalized EF
ptn1,NNscore1.0/GlideSP,,,1.79,0.417,0.231,0.066,https://doi.org/10.1093/bib/bbaa070,Uses non-normalized EF
pur2,NNscore1.0/GlideSP,,,8.92,0.785,0.523,0.583,https://doi.org/10.1093/bib/bbaa070,Uses non-normalized EF
pygm,NNscore1.0/GlideSP,,,4.3,0.559,0.318,0.115,https://doi.org/10.1093/bib/bbaa070,Uses non-normalized EF
pyrd,NNscore1.0/GlideSP,,,6.86,0.687,0.408,0.153,https://doi.org/10.1093/bib/bbaa070,Uses non-normalized EF
reni,NNscore1.0/GlideSP,,,0.26,0.71,0.361,0.022,https://doi.org/10.1093/bib/bbaa070,Uses non-normalized EF
rock1,NNscore1.0/GlideSP,,,0,0.6,0.319,0.014,https://doi.org/10.1093/bib/bbaa070,Uses non-normalized EF
rxra,NNscore1.0/GlideSP,,,8.25,0.884,0.623,0.367,https://doi.org/10.1093/bib/bbaa070,Uses non-normalized EF
sahh,NNscore1.0/GlideSP,,,2.79,0.201,0.08,0.134,https://doi.org/10.1093/bib/bbaa070,Uses non-normalized EF
src,NNscore1.0/GlideSP,,,1.1,0.466,0.273,0.032,https://doi.org/10.1093/bib/bbaa070,Uses non-normalized EF
tgfr1,NNscore1.0/GlideSP,,,1.42,0.511,0.284,0.048,https://doi.org/10.1093/bib/bbaa070,Uses non-normalized EF
thb,NNscore1.0/GlideSP,,,6.12,0.6,0.344,0.148,https://doi.org/10.1093/bib/bbaa070,Uses non-normalized EF
thrb,NNscore1.0/GlideSP,,,9.04,0.757,0.462,0.251,https://doi.org/10.1093/bib/bbaa070,Uses non-normalized EF
try1,NNscore1.0/GlideSP,,,5.36,0.751,0.43,0.143,https://doi.org/10.1093/bib/bbaa070,Uses non-normalized EF
tryb1,NNscore1.0/GlideSP,,,7,0.789,0.47,0.158,https://doi.org/10.1093/bib/bbaa070,Uses non-normalized EF
tysy,NNscore1.0/GlideSP,,,5.91,0.686,0.406,0.218,https://doi.org/10.1093/bib/bbaa070,Uses non-normalized EF
urok,NNscore1.0/GlideSP,,,7.59,0.73,0.466,0.243,https://doi.org/10.1093/bib/bbaa070,Uses non-normalized EF
vgfr2,NNscore1.0/GlideSP,,,7.51,0.659,0.389,0.184,https://doi.org/10.1093/bib/bbaa070,Uses non-normalized EF
wee1,NNscore1.0/GlideSP,,,2.17,0.852,0.497,0.109,https://doi.org/10.1093/bib/bbaa070,Uses non-normalized EF
xiap,NNscore1.0/GlideSP,,,6.91,0.9,0.576,0.198,https://doi.org/10.1093/bib/bbaa070,Uses non-normalized EF
aa2ar,NNscore2.0/GlideSP,,,8.05,0.748,0.336,0.202,https://doi.org/10.1093/bib/bbaa070,Uses non-normalized EF
abl1,NNscore2.0/GlideSP,,,6.16,0.708,0.327,0.182,https://doi.org/10.1093/bib/bbaa070,Uses non-normalized EF
ace,NNscore2.0/GlideSP,,,0,0.555,0.172,0.015,https://doi.org/10.1093/bib/bbaa070,Uses non-normalized EF
aces,NNscore2.0/GlideSP,,,8.27,0.693,0.295,0.194,https://doi.org/10.1093/bib/bbaa070,Uses non-normalized EF
ada,NNscore2.0/GlideSP,,,1.88,0.569,0.243,0.09,https://doi.org/10.1093/bib/bbaa070,Uses non-normalized EF
ada17,NNscore2.0/GlideSP,,,0.85,0.688,0.221,0.031,https://doi.org/10.1093/bib/bbaa070,Uses non-normalized EF
adrb1,NNscore2.0/GlideSP,,,1.3,0.6,0.191,0.042,https://doi.org/10.1093/bib/bbaa070,Uses non-normalized EF
adrb2,NNscore2.0/GlideSP,,,1.34,0.618,0.202,0.049,https://doi.org/10.1093/bib/bbaa070,Uses non-normalized EF
akt1,NNscore2.0/GlideSP,,,4.02,0.668,0.266,0.101,https://doi.org/10.1093/bib/bbaa070,Uses non-normalized EF
akt2,NNscore2.0/GlideSP,,,4.75,0.669,0.295,0.136,https://doi.org/10.1093/bib/bbaa070,Uses non-normalized EF
aldr,NNscore2.0/GlideSP,,,1.37,0.597,0.219,0.044,https://doi.org/10.1093/bib/bbaa070,Uses non-normalized EF
ampc,NNscore2.0/GlideSP,,,0,0.556,0.227,0,https://doi.org/10.1093/bib/bbaa070,Uses non-normalized EF
andr,NNscore2.0/GlideSP,,,5.96,0.613,0.285,0.155,https://doi.org/10.1093/bib/bbaa070,Uses non-normalized EF
aofb,NNscore2.0/GlideSP,,,1.2,0.698,0.325,0.071,https://doi.org/10.1093/bib/bbaa070,Uses non-normalized EF
bace1,NNscore2.0/GlideSP,,,2.08,0.727,0.271,0.057,https://doi.org/10.1093/bib/bbaa070,Uses non-normalized EF
braf,NNscore2.0/GlideSP,,,12.15,0.825,0.434,0.291,https://doi.org/10.1093/bib/bbaa070,Uses non-normalized EF
cah2,NNscore2.0/GlideSP,,,0.37,0.573,0.18,0.02,https://doi.org/10.1093/bib/bbaa070,Uses non-normalized EF
casp3,NNscore2.0/GlideSP,,,1.72,0.566,0.202,0.061,https://doi.org/10.1093/bib/bbaa070,Uses non-normalized EF
cdk2,NNscore2.0/GlideSP,,,2.64,0.629,0.227,0.081,https://doi.org/10.1093/bib/bbaa070,Uses non-normalized EF
comt,NNscore2.0/GlideSP,,,3.48,0.891,0.541,0.196,https://doi.org/10.1093/bib/bbaa070,Uses non-normalized EF
cp2c9,NNscore2.0/GlideSP,,,1.1,0.589,0.23,0.04,https://doi.org/10.1093/bib/bbaa070,Uses non-normalized EF
cp3a4,NNscore2.0/GlideSP,,,3.48,0.632,0.248,0.103,https://doi.org/10.1093/bib/bbaa070,Uses non-normalized EF
csf1r,NNscore2.0/GlideSP,,,2.48,0.734,0.314,0.095,https://doi.org/10.1093/bib/bbaa070,Uses non-normalized EF
cxcr4,NNscore2.0/GlideSP,,,0.83,0.573,0.253,0.037,https://doi.org/10.1093/bib/bbaa070,Uses non-normalized EF
def,NNscore2.0/GlideSP,,,0,0.771,0.326,0.03,https://doi.org/10.1093/bib/bbaa070,Uses non-normalized EF
dhi1,NNscore2.0/GlideSP,,,5.83,0.725,0.294,0.151,https://doi.org/10.1093/bib/bbaa070,Uses non-normalized EF
dpp4,NNscore2.0/GlideSP,,,7.69,0.646,0.269,0.178,https://doi.org/10.1093/bib/bbaa070,Uses non-normalized EF
drd3,NNscore2.0/GlideSP,,,6.07,0.661,0.256,0.139,https://doi.org/10.1093/bib/bbaa070,Uses non-normalized EF
dyr,NNscore2.0/GlideSP,,,11.39,0.652,0.321,0.307,https://doi.org/10.1093/bib/bbaa070,Uses non-normalized EF
egfr,NNscore2.0/GlideSP,,,4.35,0.666,0.248,0.105,https://doi.org/10.1093/bib/bbaa070,Uses non-normalized EF
esr1,NNscore2.0/GlideSP,,,6.02,0.748,0.338,0.195,https://doi.org/10.1093/bib/bbaa070,Uses non-normalized EF
esr2,NNscore2.0/GlideSP,,,6.59,0.767,0.351,0.208,https://doi.org/10.1093/bib/bbaa070,Uses non-normalized EF
fa10,NNscore2.0/GlideSP,,,14.02,0.813,0.442,0.452,https://doi.org/10.1093/bib/bbaa070,Uses non-normalized EF
fa7,NNscore2.0/GlideSP,,,4.27,0.837,0.411,0.146,https://doi.org/10.1093/bib/bbaa070,Uses non-normalized EF
fabp4,NNscore2.0/GlideSP,,,3.45,0.73,0.339,0.061,https://doi.org/10.1093/bib/bbaa070,Uses non-normalized EF
fak1,NNscore2.0/GlideSP,,,3.54,0.727,0.334,0.109,https://doi.org/10.1093/bib/bbaa070,Uses non-normalized EF
fgfr1,NNscore2.0/GlideSP,,,0.88,0.547,0.25,0.3,https://doi.org/10.1093/bib/bbaa070,Uses non-normalized EF
fkb1a,NNscore2.0/GlideSP,,,1.46,0.657,0.269,0.068,https://doi.org/10.1093/bib/bbaa070,Uses non-normalized EF
fnta,NNscore2.0/GlideSP,,,1.64,0.604,0.194,0.054,https://doi.org/10.1093/bib/bbaa070,Uses non-normalized EF
fpps,NNscore2.0/GlideSP,,,23.88,0.964,0.739,0.576,https://doi.org/10.1093/bib/bbaa070,Uses non-normalized EF
gcr,NNscore2.0/GlideSP,,,8.07,0.655,0.324,0.19,https://doi.org/10.1093/bib/bbaa070,Uses non-normalized EF
glcm,NNscore2.0/GlideSP,,,1.27,0.716,0.309,0.105,https://doi.org/10.1093/bib/bbaa070,Uses non-normalized EF
gria2,NNscore2.0/GlideSP,,,0.34,0.502,0.187,0.026,https://doi.org/10.1093/bib/bbaa070,Uses non-normalized EF
grik1,NNscore2.0/GlideSP,,,3.91,0.612,0.245,0.079,https://doi.org/10.1093/bib/bbaa070,Uses non-normalized EF
hdac2,NNscore2.0/GlideSP,,,6.93,0.804,0.369,0.145,https://doi.org/10.1093/bib/bbaa070,Uses non-normalized EF
hdac8,NNscore2.0/GlideSP,,,0,0.8,0.332,0.037,https://doi.org/10.1093/bib/bbaa070,Uses non-normalized EF
hivint,NNscore2.0/GlideSP,,,0.95,0.577,0.201,0.03,https://doi.org/10.1093/bib/bbaa070,Uses non-normalized EF
hivpr,NNscore2.0/GlideSP,,,3.27,0.715,0.256,0.108,https://doi.org/10.1093/bib/bbaa070,Uses non-normalized EF
hivrt,NNscore2.0/GlideSP,,,1.48,0.613,0.207,0.042,https://doi.org/10.1093/bib/bbaa070,Uses non-normalized EF
hmdh,NNscore2.0/GlideSP,,,10.02,0.836,0.459,0.317,https://doi.org/10.1093/bib/bbaa070,Uses non-normalized EF
hs90a,NNscore2.0/GlideSP,,,0.83,0.431,0.198,0.026,https://doi.org/10.1093/bib/bbaa070,Uses non-normalized EF
hxk4,NNscore2.0/GlideSP,,,0,0.596,0.244,0.007,https://doi.org/10.1093/bib/bbaa070,Uses non-normalized EF
igf1r,NNscore2.0/GlideSP,,,2.66,0.617,0.243,0.083,https://doi.org/10.1093/bib/bbaa070,Uses non-normalized EF
inha,NNscore2.0/GlideSP,,,4.31,0.678,0.355,0.131,https://doi.org/10.1093/bib/bbaa070,Uses non-normalized EF
ital,NNscore2.0/GlideSP,,,0,0.553,0.194,0.012,https://doi.org/10.1093/bib/bbaa070,Uses non-normalized EF
jak2,NNscore2.0/GlideSP,,,4.62,0.737,0.335,0.125,https://doi.org/10.1093/bib/bbaa070,Uses non-normalized EF
kif11,NNscore2.0/GlideSP,,,10.13,0.757,0.392,0.239,https://doi.org/10.1093/bib/bbaa070,Uses non-normalized EF
kit,NNscore2.0/GlideSP,,,3.59,0.653,0.269,0.096,https://doi.org/10.1093/bib/bbaa070,Uses non-normalized EF
kith,NNscore2.0/GlideSP,,,8.29,0.745,0.435,0.311,https://doi.org/10.1093/bib/bbaa070,Uses non-normalized EF
kpcb,NNscore2.0/GlideSP,,,0.42,0.638,0.229,0.037,https://doi.org/10.1093/bib/bbaa070,Uses non-normalized EF
lck,NNscore2.0/GlideSP,,,5.6,0.725,0.294,0.135,https://doi.org/10.1093/bib/bbaa070,Uses non-normalized EF
lkha4,NNscore2.0/GlideSP,,,3.31,0.719,0.322,0.105,https://doi.org/10.1093/bib/bbaa070,Uses non-normalized EF
mapk2,NNscore2.0/GlideSP,,,1.46,0.565,0.221,0.049,https://doi.org/10.1093/bib/bbaa070,Uses non-normalized EF
mcr,NNscore2.0/GlideSP,,,7.81,0.621,0.322,0.157,https://doi.org/10.1093/bib/bbaa070,Uses non-normalized EF
met,NNscore2.0/GlideSP,,,4.11,0.758,0.328,0.101,https://doi.org/10.1093/bib/bbaa070,Uses non-normalized EF
mk01,NNscore2.0/GlideSP,,,4.29,0.733,0.339,0.136,https://doi.org/10.1093/bib/bbaa070,Uses non-normalized EF
mk10,NNscore2.0/GlideSP,,,3.23,0.665,0.281,0.068,https://doi.org/10.1093/bib/bbaa070,Uses non-normalized EF
mk14,NNscore2.0/GlideSP,,,5.03,0.681,0.262,0.121,https://doi.org/10.1093/bib/bbaa070,Uses non-normalized EF
mmp13,NNscore2.0/GlideSP,,,0.39,0.679,0.209,0.021,https://doi.org/10.1093/bib/bbaa070,Uses non-normalized EF
mp2k1,NNscore2.0/GlideSP,,,0.83,0.547,0.19,0.028,https://doi.org/10.1093/bib/bbaa070,Uses non-normalized EF
nos1,NNscore2.0/GlideSP,,,2.14,0.53,0.215,0.046,https://doi.org/10.1093/bib/bbaa070,Uses non-normalized EF
nram,NNscore2.0/GlideSP,,,1.78,0.84,0.405,0.096,https://doi.org/10.1093/bib/bbaa070,Uses non-normalized EF
pa2ga,NNscore2.0/GlideSP,,,0,0.533,0.201,0.016,https://doi.org/10.1093/bib/bbaa070,Uses non-normalized EF
parp1,NNscore2.0/GlideSP,,,8.09,0.76,0.329,0.189,https://doi.org/10.1093/bib/bbaa070,Uses non-normalized EF
pde5a,NNscore2.0/GlideSP,,,0.59,0.598,0.184,0.022,https://doi.org/10.1093/bib/bbaa070,Uses non-normalized EF
pgh1,NNscore2.0/GlideSP,,,2.7,0.588,0.255,0.078,https://doi.org/10.1093/bib/bbaa070,Uses non-normalized EF
pgh2,NNscore2.0/GlideSP,,,4.52,0.678,0.293,0.123,https://doi.org/10.1093/bib/bbaa070,Uses non-normalized EF
plk1,NNscore2.0/GlideSP,,,5.23,0.633,0.285,0.097,https://doi.org/10.1093/bib/bbaa070,Uses non-normalized EF
pnph,NNscore2.0/GlideSP,,,6.11,0.775,0.365,0.15,https://doi.org/10.1093/bib/bbaa070,Uses non-normalized EF
ppara,NNscore2.0/GlideSP,,,3.35,0.743,0.319,0.125,https://doi.org/10.1093/bib/bbaa070,Uses non-normalized EF
ppard,NNscore2.0/GlideSP,,,3.13,0.72,0.287,0.078,https://doi.org/10.1093/bib/bbaa070,Uses non-normalized EF
pparg,NNscore2.0/GlideSP,,,2.35,0.727,0.283,0.091,https://doi.org/10.1093/bib/bbaa070,Uses non-normalized EF
prgr,NNscore2.0/GlideSP,,,2.08,0.676,0.278,0.078,https://doi.org/10.1093/bib/bbaa070,Uses non-normalized EF
ptn1,NNscore2.0/GlideSP,,,1.34,0.695,0.28,0.059,https://doi.org/10.1093/bib/bbaa070,Uses non-normalized EF
pur2,NNscore2.0/GlideSP,,,0,0.686,0.274,0.004,https://doi.org/10.1093/bib/bbaa070,Uses non-normalized EF
pygm,NNscore2.0/GlideSP,,,1.72,0.537,0.225,0.046,https://doi.org/10.1093/bib/bbaa070,Uses non-normalized EF
pyrd,NNscore2.0/GlideSP,,,4.57,0.707,0.323,0.124,https://doi.org/10.1093/bib/bbaa070,Uses non-normalized EF
reni,NNscore2.0/GlideSP,,,0.52,0.591,0.194,0.044,https://doi.org/10.1093/bib/bbaa070,Uses non-normalized EF
rock1,NNscore2.0/GlideSP,,,0.99,0.657,0.226,0.036,https://doi.org/10.1093/bib/bbaa070,Uses non-normalized EF
rxra,NNscore2.0/GlideSP,,,4.82,0.79,0.399,0.124,https://doi.org/10.1093/bib/bbaa070,Uses non-normalized EF
sahh,NNscore2.0/GlideSP,,,11.16,0.933,0.703,0.776,https://doi.org/10.1093/bib/bbaa070,Uses non-normalized EF
src,NNscore2.0/GlideSP,,,0.86,0.524,0.163,0.033,https://doi.org/10.1093/bib/bbaa070,Uses non-normalized EF
tgfr1,NNscore2.0/GlideSP,,,8.88,0.775,0.385,0.272,https://doi.org/10.1093/bib/bbaa070,Uses non-normalized EF
thb,NNscore2.0/GlideSP,,,4.9,0.747,0.359,0.151,https://doi.org/10.1093/bib/bbaa070,Uses non-normalized EF
thrb,NNscore2.0/GlideSP,,,3.87,0.723,0.261,0.113,https://doi.org/10.1093/bib/bbaa070,Uses non-normalized EF
try1,NNscore2.0/GlideSP,,,1.21,0.724,0.252,0.043,https://doi.org/10.1093/bib/bbaa070,Uses non-normalized EF
tryb1,NNscore2.0/GlideSP,,,1.75,0.741,0.275,0.042,https://doi.org/10.1093/bib/bbaa070,Uses non-normalized EF
tysy,NNscore2.0/GlideSP,,,2.95,0.631,0.258,0.123,https://doi.org/10.1093/bib/bbaa070,Uses non-normalized EF
urok,NNscore2.0/GlideSP,,,0.33,0.758,0.294,0.029,https://doi.org/10.1093/bib/bbaa070,Uses non-normalized EF
vgfr2,NNscore2.0/GlideSP,,,2.62,0.686,0.253,0.075,https://doi.org/10.1093/bib/bbaa070,Uses non-normalized EF
wee1,NNscore2.0/GlideSP,,,27.43,0.945,0.728,0.613,https://doi.org/10.1093/bib/bbaa070,Uses non-normalized EF
xiap,NNscore2.0/GlideSP,,,4.61,0.803,0.402,0.139,https://doi.org/10.1093/bib/bbaa070,Uses non-normalized EF
aa2ar,NNscore(ODDT)/GlideSP,,,0.48,0.47,0.261,0.012,https://doi.org/10.1093/bib/bbaa070,Uses non-normalized EF
abl1,NNscore(ODDT)/GlideSP,,,0.68,0.598,0.338,0.051,https://doi.org/10.1093/bib/bbaa070,Uses non-normalized EF
ace,NNscore(ODDT)/GlideSP,,,5.67,0.606,0.385,0.219,https://doi.org/10.1093/bib/bbaa070,Uses non-normalized EF
aces,NNscore(ODDT)/GlideSP,,,2.3,0.588,0.326,0.051,https://doi.org/10.1093/bib/bbaa070,Uses non-normalized EF
ada,NNscore(ODDT)/GlideSP,,,0.75,0.384,0.249,0.045,https://doi.org/10.1093/bib/bbaa070,Uses non-normalized EF
ada17,NNscore(ODDT)/GlideSP,,,8.89,0.747,0.469,0.211,https://doi.org/10.1093/bib/bbaa070,Uses non-normalized EF
adrb1,NNscore(ODDT)/GlideSP,,,1.52,0.537,0.3,0.037,https://doi.org/10.1093/bib/bbaa070,Uses non-normalized EF
adrb2,NNscore(ODDT)/GlideSP,,,0.89,0.572,0.318,0.044,https://doi.org/10.1093/bib/bbaa070,Uses non-normalized EF
akt1,NNscore(ODDT)/GlideSP,,,0.48,0.518,0.281,0.012,https://doi.org/10.1093/bib/bbaa070,Uses non-normalized EF
akt2,NNscore(ODDT)/GlideSP,,,0,0.519,0.271,0.001,https://doi.org/10.1093/bib/bbaa070,Uses non-normalized EF
aldr,NNscore(ODDT)/GlideSP,,,1.82,0.391,0.248,0.031,https://doi.org/10.1093/bib/bbaa070,Uses non-normalized EF
ampc,NNscore(ODDT)/GlideSP,,,0,0.409,0.235,0,https://doi.org/10.1093/bib/bbaa070,Uses non-normalized EF
andr,NNscore(ODDT)/GlideSP,,,3.45,0.625,0.374,0.118,https://doi.org/10.1093/bib/bbaa070,Uses non-normalized EF
aofb,NNscore(ODDT)/GlideSP,,,0.6,0.521,0.297,0.031,https://doi.org/10.1093/bib/bbaa070,Uses non-normalized EF
bace1,NNscore(ODDT)/GlideSP,,,0.83,0.536,0.302,0.029,https://doi.org/10.1093/bib/bbaa070,Uses non-normalized EF
braf,NNscore(ODDT)/GlideSP,,,2.83,0.705,0.386,0.067,https://doi.org/10.1093/bib/bbaa070,Uses non-normalized EF
cah2,NNscore(ODDT)/GlideSP,,,1.83,0.548,0.321,0.049,https://doi.org/10.1093/bib/bbaa070,Uses non-normalized EF
casp3,NNscore(ODDT)/GlideSP,,,0,0.454,0.265,0.009,https://doi.org/10.1093/bib/bbaa070,Uses non-normalized EF
cdk2,NNscore(ODDT)/GlideSP,,,2.64,0.539,0.309,0.064,https://doi.org/10.1093/bib/bbaa070,Uses non-normalized EF
comt,NNscore(ODDT)/GlideSP,,,0,0.568,0.279,0,https://doi.org/10.1093/bib/bbaa070,Uses non-normalized EF
cp2c9,NNscore(ODDT)/GlideSP,,,2.74,0.495,0.295,0.051,https://doi.org/10.1093/bib/bbaa070,Uses non-normalized EF
cp3a4,NNscore(ODDT)/GlideSP,,,1.72,0.501,0.294,0.04,https://doi.org/10.1093/bib/bbaa070,Uses non-normalized EF
csf1r,NNscore(ODDT)/GlideSP,,,9.91,0.695,0.429,0.194,https://doi.org/10.1093/bib/bbaa070,Uses non-normalized EF
cxcr4,NNscore(ODDT)/GlideSP,,,0,0.517,0.268,0.001,https://doi.org/10.1093/bib/bbaa070,Uses non-normalized EF
def,NNscore(ODDT)/GlideSP,,,5.65,0.849,0.523,0.195,https://doi.org/10.1093/bib/bbaa070,Uses non-normalized EF
dhi1,NNscore(ODDT)/GlideSP,,,2.53,0.663,0.365,0.08,https://doi.org/10.1093/bib/bbaa070,Uses non-normalized EF
dpp4,NNscore(ODDT)/GlideSP,,,4.1,0.606,0.357,0.097,https://doi.org/10.1093/bib/bbaa070,Uses non-normalized EF
drd3,NNscore(ODDT)/GlideSP,,,0.69,0.566,0.318,0.029,https://doi.org/10.1093/bib/bbaa070,Uses non-normalized EF
dyr,NNscore(ODDT)/GlideSP,,,4.63,0.563,0.351,0.136,https://doi.org/10.1093/bib/bbaa070,Uses non-normalized EF
egfr,NNscore(ODDT)/GlideSP,,,1.81,0.516,0.313,0.045,https://doi.org/10.1093/bib/bbaa070,Uses non-normalized EF
esr1,NNscore(ODDT)/GlideSP,,,11.36,0.688,0.454,0.291,https://doi.org/10.1093/bib/bbaa070,Uses non-normalized EF
esr2,NNscore(ODDT)/GlideSP,,,11.45,0.664,0.436,0.277,https://doi.org/10.1093/bib/bbaa070,Uses non-normalized EF
fa10,NNscore(ODDT)/GlideSP,,,6.82,0.804,0.496,0.251,https://doi.org/10.1093/bib/bbaa070,Uses non-normalized EF
fa7,NNscore(ODDT)/GlideSP,,,10.18,0.732,0.456,0.256,https://doi.org/10.1093/bib/bbaa070,Uses non-normalized EF
fabp4,NNscore(ODDT)/GlideSP,,,0,0.553,0.307,0.002,https://doi.org/10.1093/bib/bbaa070,Uses non-normalized EF
fak1,NNscore(ODDT)/GlideSP,,,6.19,0.416,0.298,0.128,https://doi.org/10.1093/bib/bbaa070,Uses non-normalized EF
fgfr1,NNscore(ODDT)/GlideSP,,,0,0.491,0.232,0.123,https://doi.org/10.1093/bib/bbaa070,Uses non-normalized EF
fkb1a,NNscore(ODDT)/GlideSP,,,2.55,0.532,0.315,0.091,https://doi.org/10.1093/bib/bbaa070,Uses non-normalized EF
fnta,NNscore(ODDT)/GlideSP,,,6.06,0.684,0.414,0.184,https://doi.org/10.1093/bib/bbaa070,Uses non-normalized EF
fpps,NNscore(ODDT)/GlideSP,,,0,0.579,0.29,0.003,https://doi.org/10.1093/bib/bbaa070,Uses non-normalized EF
gcr,NNscore(ODDT)/GlideSP,,,1.2,0.609,0.329,0.029,https://doi.org/10.1093/bib/bbaa070,Uses non-normalized EF
glcm,NNscore(ODDT)/GlideSP,,,0,0.62,0.342,0.079,https://doi.org/10.1093/bib/bbaa070,Uses non-normalized EF
gria2,NNscore(ODDT)/GlideSP,,,0,0.43,0.263,0.014,https://doi.org/10.1093/bib/bbaa070,Uses non-normalized EF
grik1,NNscore(ODDT)/GlideSP,,,0,0.48,0.272,0.011,https://doi.org/10.1093/bib/bbaa070,Uses non-normalized EF
hdac2,NNscore(ODDT)/GlideSP,,,0.87,0.664,0.342,0.026,https://doi.org/10.1093/bib/bbaa070,Uses non-normalized EF
hdac8,NNscore(ODDT)/GlideSP,,,0.45,0.678,0.37,0.029,https://doi.org/10.1093/bib/bbaa070,Uses non-normalized EF
hivint,NNscore(ODDT)/GlideSP,,,0.47,0.365,0.238,0.016,https://doi.org/10.1093/bib/bbaa070,Uses non-normalized EF
hivpr,NNscore(ODDT)/GlideSP,,,2.15,0.675,0.371,0.081,https://doi.org/10.1093/bib/bbaa070,Uses non-normalized EF
hivrt,NNscore(ODDT)/GlideSP,,,1.09,0.488,0.29,0.038,https://doi.org/10.1093/bib/bbaa070,Uses non-normalized EF
hmdh,NNscore(ODDT)/GlideSP,,,3.67,0.611,0.367,0.117,https://doi.org/10.1093/bib/bbaa070,Uses non-normalized EF
hs90a,NNscore(ODDT)/GlideSP,,,0,0.481,0.28,0.017,https://doi.org/10.1093/bib/bbaa070,Uses non-normalized EF
hxk4,NNscore(ODDT)/GlideSP,,,0,0.532,0.281,0.004,https://doi.org/10.1093/bib/bbaa070,Uses non-normalized EF
igf1r,NNscore(ODDT)/GlideSP,,,0.44,0.564,0.321,0.024,https://doi.org/10.1093/bib/bbaa070,Uses non-normalized EF
inha,NNscore(ODDT)/GlideSP,,,0,0.713,0.37,0.02,https://doi.org/10.1093/bib/bbaa070,Uses non-normalized EF
ital,NNscore(ODDT)/GlideSP,,,4.8,0.635,0.377,0.141,https://doi.org/10.1093/bib/bbaa070,Uses non-normalized EF
jak2,NNscore(ODDT)/GlideSP,,,3.3,0.626,0.38,0.11,https://doi.org/10.1093/bib/bbaa070,Uses non-normalized EF
kif11,NNscore(ODDT)/GlideSP,,,0.51,0.715,0.401,0.05,https://doi.org/10.1093/bib/bbaa070,Uses non-normalized EF
kit,NNscore(ODDT)/GlideSP,,,0.8,0.534,0.289,0.021,https://doi.org/10.1093/bib/bbaa070,Uses non-normalized EF
kith,NNscore(ODDT)/GlideSP,,,2.26,0.496,0.323,0.13,https://doi.org/10.1093/bib/bbaa070,Uses non-normalized EF
kpcb,NNscore(ODDT)/GlideSP,,,1.27,0.472,0.303,0.058,https://doi.org/10.1093/bib/bbaa070,Uses non-normalized EF
lck,NNscore(ODDT)/GlideSP,,,2.21,0.573,0.335,0.072,https://doi.org/10.1093/bib/bbaa070,Uses non-normalized EF
lkha4,NNscore(ODDT)/GlideSP,,,2.49,0.656,0.372,0.069,https://doi.org/10.1093/bib/bbaa070,Uses non-normalized EF
mapk2,NNscore(ODDT)/GlideSP,,,0.97,0.548,0.324,0.046,https://doi.org/10.1093/bib/bbaa070,Uses non-normalized EF
mcr,NNscore(ODDT)/GlideSP,,,1.3,0.735,0.396,0.047,https://doi.org/10.1093/bib/bbaa070,Uses non-normalized EF
met,NNscore(ODDT)/GlideSP,,,6.58,0.696,0.423,0.143,https://doi.org/10.1093/bib/bbaa070,Uses non-normalized EF
mk01,NNscore(ODDT)/GlideSP,,,2.86,0.654,0.382,0.101,https://doi.org/10.1093/bib/bbaa070,Uses non-normalized EF
mk10,NNscore(ODDT)/GlideSP,,,1.08,0.585,0.324,0.034,https://doi.org/10.1093/bib/bbaa070,Uses non-normalized EF
mk14,NNscore(ODDT)/GlideSP,,,2.73,0.562,0.323,0.065,https://doi.org/10.1093/bib/bbaa070,Uses non-normalized EF
mmp13,NNscore(ODDT)/GlideSP,,,3.61,0.66,0.377,0.094,https://doi.org/10.1093/bib/bbaa070,Uses non-normalized EF
mp2k1,NNscore(ODDT)/GlideSP,,,0,0.488,0.27,0.009,https://doi.org/10.1093/bib/bbaa070,Uses non-normalized EF
nos1,NNscore(ODDT)/GlideSP,,,1.28,0.59,0.34,0.045,https://doi.org/10.1093/bib/bbaa070,Uses non-normalized EF
nram,NNscore(ODDT)/GlideSP,,,0.89,0.758,0.405,0.032,https://doi.org/10.1093/bib/bbaa070,Uses non-normalized EF
pa2ga,NNscore(ODDT)/GlideSP,,,5.54,0.634,0.38,0.132,https://doi.org/10.1093/bib/bbaa070,Uses non-normalized EF
parp1,NNscore(ODDT)/GlideSP,,,11.91,0.731,0.47,0.268,https://doi.org/10.1093/bib/bbaa070,Uses non-normalized EF
pde5a,NNscore(ODDT)/GlideSP,,,4.01,0.672,0.388,0.101,https://doi.org/10.1093/bib/bbaa070,Uses non-normalized EF
pgh1,NNscore(ODDT)/GlideSP,,,1.35,0.487,0.282,0.028,https://doi.org/10.1093/bib/bbaa070,Uses non-normalized EF
pgh2,NNscore(ODDT)/GlideSP,,,4.74,0.643,0.388,0.124,https://doi.org/10.1093/bib/bbaa070,Uses non-normalized EF
plk1,NNscore(ODDT)/GlideSP,,,6.53,0.695,0.409,0.143,https://doi.org/10.1093/bib/bbaa070,Uses non-normalized EF
pnph,NNscore(ODDT)/GlideSP,,,3.49,0.721,0.41,0.114,https://doi.org/10.1093/bib/bbaa070,Uses non-normalized EF
ppara,NNscore(ODDT)/GlideSP,,,2.04,0.521,0.308,0.058,https://doi.org/10.1093/bib/bbaa070,Uses non-normalized EF
ppard,NNscore(ODDT)/GlideSP,,,1.04,0.429,0.265,0.027,https://doi.org/10.1093/bib/bbaa070,Uses non-normalized EF
pparg,NNscore(ODDT)/GlideSP,,,0.97,0.502,0.293,0.03,https://doi.org/10.1093/bib/bbaa070,Uses non-normalized EF
prgr,NNscore(ODDT)/GlideSP,,,6.23,0.708,0.428,0.167,https://doi.org/10.1093/bib/bbaa070,Uses non-normalized EF
ptn1,NNscore(ODDT)/GlideSP,,,3.13,0.537,0.347,0.123,https://doi.org/10.1093/bib/bbaa070,Uses non-normalized EF
pur2,NNscore(ODDT)/GlideSP,,,0,0.65,0.319,0.013,https://doi.org/10.1093/bib/bbaa070,Uses non-normalized EF
pygm,NNscore(ODDT)/GlideSP,,,1.72,0.532,0.31,0.06,https://doi.org/10.1093/bib/bbaa070,Uses non-normalized EF
pyrd,NNscore(ODDT)/GlideSP,,,9.14,0.702,0.433,0.193,https://doi.org/10.1093/bib/bbaa070,Uses non-normalized EF
reni,NNscore(ODDT)/GlideSP,,,1.8,0.506,0.285,0.068,https://doi.org/10.1093/bib/bbaa070,Uses non-normalized EF
rock1,NNscore(ODDT)/GlideSP,,,0.49,0.593,0.318,0.023,https://doi.org/10.1093/bib/bbaa070,Uses non-normalized EF
rxra,NNscore(ODDT)/GlideSP,,,0.69,0.756,0.397,0.046,https://doi.org/10.1093/bib/bbaa070,Uses non-normalized EF
sahh,NNscore(ODDT)/GlideSP,,,0,0.376,0.22,0,https://doi.org/10.1093/bib/bbaa070,Uses non-normalized EF
src,NNscore(ODDT)/GlideSP,,,2.08,0.543,0.323,0.055,https://doi.org/10.1093/bib/bbaa070,Uses non-normalized EF
tgfr1,NNscore(ODDT)/GlideSP,,,0,0.431,0.249,0.001,https://doi.org/10.1093/bib/bbaa070,Uses non-normalized EF
thb,NNscore(ODDT)/GlideSP,,,3.06,0.653,0.392,0.121,https://doi.org/10.1093/bib/bbaa070,Uses non-normalized EF
thrb,NNscore(ODDT)/GlideSP,,,1.41,0.513,0.299,0.045,https://doi.org/10.1093/bib/bbaa070,Uses non-normalized EF
try1,NNscore(ODDT)/GlideSP,,,0.94,0.559,0.311,0.032,https://doi.org/10.1093/bib/bbaa070,Uses non-normalized EF
tryb1,NNscore(ODDT)/GlideSP,,,0.58,0.628,0.339,0.038,https://doi.org/10.1093/bib/bbaa070,Uses non-normalized EF
tysy,NNscore(ODDT)/GlideSP,,,1.31,0.527,0.303,0.069,https://doi.org/10.1093/bib/bbaa070,Uses non-normalized EF
urok,NNscore(ODDT)/GlideSP,,,0.33,0.624,0.332,0.018,https://doi.org/10.1093/bib/bbaa070,Uses non-normalized EF
vgfr2,NNscore(ODDT)/GlideSP,,,0.52,0.464,0.271,0.015,https://doi.org/10.1093/bib/bbaa070,Uses non-normalized EF
wee1,NNscore(ODDT)/GlideSP,,,24.55,0.897,0.716,0.573,https://doi.org/10.1093/bib/bbaa070,Uses non-normalized EF
xiap,NNscore(ODDT)/GlideSP,,,0.77,0.599,0.324,0.024,https://doi.org/10.1093/bib/bbaa070,Uses non-normalized EF
aa2ar,RF-Scorev1(ODDT)/GlideSP,,,0.24,0.685,0.36,0.021,https://doi.org/10.1093/bib/bbaa070,Uses non-normalized EF
abl1,RF-Scorev1(ODDT)/GlideSP,,,0,0.727,0.388,0.027,https://doi.org/10.1093/bib/bbaa070,Uses non-normalized EF
ace,RF-Scorev1(ODDT)/GlideSP,,,6.19,0.575,0.375,0.23,https://doi.org/10.1093/bib/bbaa070,Uses non-normalized EF
aces,RF-Scorev1(ODDT)/GlideSP,,,1.22,0.567,0.335,0.046,https://doi.org/10.1093/bib/bbaa070,Uses non-normalized EF
ada,RF-Scorev1(ODDT)/GlideSP,,,0,0.589,0.327,0.013,https://doi.org/10.1093/bib/bbaa070,Uses non-normalized EF
ada17,RF-Scorev1(ODDT)/GlideSP,,,0.11,0.489,0.271,0.005,https://doi.org/10.1093/bib/bbaa070,Uses non-normalized EF
adrb1,RF-Scorev1(ODDT)/GlideSP,,,4.56,0.542,0.338,0.117,https://doi.org/10.1093/bib/bbaa070,Uses non-normalized EF
adrb2,RF-Scorev1(ODDT)/GlideSP,,,2.46,0.54,0.323,0.081,https://doi.org/10.1093/bib/bbaa070,Uses non-normalized EF
akt1,RF-Scorev1(ODDT)/GlideSP,,,2.38,0.657,0.359,0.055,https://doi.org/10.1093/bib/bbaa070,Uses non-normalized EF
akt2,RF-Scorev1(ODDT)/GlideSP,,,0.53,0.716,0.394,0.03,https://doi.org/10.1093/bib/bbaa070,Uses non-normalized EF
aldr,RF-Scorev1(ODDT)/GlideSP,,,1.37,0.504,0.296,0.031,https://doi.org/10.1093/bib/bbaa070,Uses non-normalized EF
ampc,RF-Scorev1(ODDT)/GlideSP,,,1.58,0.42,0.253,0.018,https://doi.org/10.1093/bib/bbaa070,Uses non-normalized EF
andr,RF-Scorev1(ODDT)/GlideSP,,,6.9,0.628,0.379,0.169,https://doi.org/10.1093/bib/bbaa070,Uses non-normalized EF
aofb,RF-Scorev1(ODDT)/GlideSP,,,1.8,0.499,0.299,0.051,https://doi.org/10.1093/bib/bbaa070,Uses non-normalized EF
bace1,RF-Scorev1(ODDT)/GlideSP,,,5.17,0.667,0.407,0.148,https://doi.org/10.1093/bib/bbaa070,Uses non-normalized EF
braf,RF-Scorev1(ODDT)/GlideSP,,,1.21,0.708,0.373,0.038,https://doi.org/10.1093/bib/bbaa070,Uses non-normalized EF
cah2,RF-Scorev1(ODDT)/GlideSP,,,3.42,0.436,0.279,0.078,https://doi.org/10.1093/bib/bbaa070,Uses non-normalized EF
casp3,RF-Scorev1(ODDT)/GlideSP,,,0,0.34,0.217,0,https://doi.org/10.1093/bib/bbaa070,Uses non-normalized EF
cdk2,RF-Scorev1(ODDT)/GlideSP,,,0.38,0.616,0.328,0.024,https://doi.org/10.1093/bib/bbaa070,Uses non-normalized EF
comt,RF-Scorev1(ODDT)/GlideSP,,,0,0.227,0.185,0,https://doi.org/10.1093/bib/bbaa070,Uses non-normalized EF
cp2c9,RF-Scorev1(ODDT)/GlideSP,,,2.19,0.573,0.333,0.061,https://doi.org/10.1093/bib/bbaa070,Uses non-normalized EF
cp3a4,RF-Scorev1(ODDT)/GlideSP,,,1.43,0.566,0.321,0.056,https://doi.org/10.1093/bib/bbaa070,Uses non-normalized EF
csf1r,RF-Scorev1(ODDT)/GlideSP,,,3.54,0.742,0.398,0.065,https://doi.org/10.1093/bib/bbaa070,Uses non-normalized EF
cxcr4,RF-Scorev1(ODDT)/GlideSP,,,3.33,0.636,0.347,0.091,https://doi.org/10.1093/bib/bbaa070,Uses non-normalized EF
def,RF-Scorev1(ODDT)/GlideSP,,,3.14,0.627,0.394,0.137,https://doi.org/10.1093/bib/bbaa070,Uses non-normalized EF
dhi1,RF-Scorev1(ODDT)/GlideSP,,,0.39,0.655,0.351,0.034,https://doi.org/10.1093/bib/bbaa070,Uses non-normalized EF
dpp4,RF-Scorev1(ODDT)/GlideSP,,,1.03,0.624,0.342,0.039,https://doi.org/10.1093/bib/bbaa070,Uses non-normalized EF
drd3,RF-Scorev1(ODDT)/GlideSP,,,1.94,0.545,0.315,0.057,https://doi.org/10.1093/bib/bbaa070,Uses non-normalized EF
dyr,RF-Scorev1(ODDT)/GlideSP,,,0.36,0.633,0.335,0.019,https://doi.org/10.1093/bib/bbaa070,Uses non-normalized EF
egfr,RF-Scorev1(ODDT)/GlideSP,,,2.66,0.65,0.367,0.066,https://doi.org/10.1093/bib/bbaa070,Uses non-normalized EF
esr1,RF-Scorev1(ODDT)/GlideSP,,,22.06,0.74,0.562,0.514,https://doi.org/10.1093/bib/bbaa070,Uses non-normalized EF
esr2,RF-Scorev1(ODDT)/GlideSP,,,15.1,0.718,0.484,0.355,https://doi.org/10.1093/bib/bbaa070,Uses non-normalized EF
fa10,RF-Scorev1(ODDT)/GlideSP,,,2.27,0.815,0.466,0.116,https://doi.org/10.1093/bib/bbaa070,Uses non-normalized EF
fa7,RF-Scorev1(ODDT)/GlideSP,,,4.29,0.834,0.486,0.167,https://doi.org/10.1093/bib/bbaa070,Uses non-normalized EF
fabp4,RF-Scorev1(ODDT)/GlideSP,,,6.91,0.649,0.418,0.176,https://doi.org/10.1093/bib/bbaa070,Uses non-normalized EF
fak1,RF-Scorev1(ODDT)/GlideSP,,,0,0.75,0.379,0.011,https://doi.org/10.1093/bib/bbaa070,Uses non-normalized EF
fgfr1,RF-Scorev1(ODDT)/GlideSP,,,0.88,0.518,0.265,0.469,https://doi.org/10.1093/bib/bbaa070,Uses non-normalized EF
fkb1a,RF-Scorev1(ODDT)/GlideSP,,,0,0.485,0.268,0.002,https://doi.org/10.1093/bib/bbaa070,Uses non-normalized EF
fnta,RF-Scorev1(ODDT)/GlideSP,,,1.82,0.668,0.355,0.051,https://doi.org/10.1093/bib/bbaa070,Uses non-normalized EF
fpps,RF-Scorev1(ODDT)/GlideSP,,,0,0.243,0.19,0,https://doi.org/10.1093/bib/bbaa070,Uses non-normalized EF
gcr,RF-Scorev1(ODDT)/GlideSP,,,5.68,0.683,0.424,0.181,https://doi.org/10.1093/bib/bbaa070,Uses non-normalized EF
glcm,RF-Scorev1(ODDT)/GlideSP,,,0,0.229,0.193,0.007,https://doi.org/10.1093/bib/bbaa070,Uses non-normalized EF
gria2,RF-Scorev1(ODDT)/GlideSP,,,0,0.609,0.325,0.011,https://doi.org/10.1093/bib/bbaa070,Uses non-normalized EF
grik1,RF-Scorev1(ODDT)/GlideSP,,,0.65,0.458,0.284,0.021,https://doi.org/10.1093/bib/bbaa070,Uses non-normalized EF
hdac2,RF-Scorev1(ODDT)/GlideSP,,,4.33,0.654,0.37,0.09,https://doi.org/10.1093/bib/bbaa070,Uses non-normalized EF
hdac8,RF-Scorev1(ODDT)/GlideSP,,,2.23,0.701,0.395,0.065,https://doi.org/10.1093/bib/bbaa070,Uses non-normalized EF
hivint,RF-Scorev1(ODDT)/GlideSP,,,0,0.425,0.253,0.006,https://doi.org/10.1093/bib/bbaa070,Uses non-normalized EF
hivpr,RF-Scorev1(ODDT)/GlideSP,,,13.96,0.714,0.475,0.395,https://doi.org/10.1093/bib/bbaa070,Uses non-normalized EF
hivrt,RF-Scorev1(ODDT)/GlideSP,,,0.18,0.513,0.29,0.017,https://doi.org/10.1093/bib/bbaa070,Uses non-normalized EF
hmdh,RF-Scorev1(ODDT)/GlideSP,,,1.67,0.537,0.31,0.059,https://doi.org/10.1093/bib/bbaa070,Uses non-normalized EF
hs90a,RF-Scorev1(ODDT)/GlideSP,,,0.83,0.538,0.301,0.025,https://doi.org/10.1093/bib/bbaa070,Uses non-normalized EF
hxk4,RF-Scorev1(ODDT)/GlideSP,,,0.79,0.643,0.34,0.02,https://doi.org/10.1093/bib/bbaa070,Uses non-normalized EF
igf1r,RF-Scorev1(ODDT)/GlideSP,,,0,0.628,0.346,0.01,https://doi.org/10.1093/bib/bbaa070,Uses non-normalized EF
inha,RF-Scorev1(ODDT)/GlideSP,,,1.44,0.631,0.33,0.024,https://doi.org/10.1093/bib/bbaa070,Uses non-normalized EF
ital,RF-Scorev1(ODDT)/GlideSP,,,1.75,0.486,0.29,0.043,https://doi.org/10.1093/bib/bbaa070,Uses non-normalized EF
jak2,RF-Scorev1(ODDT)/GlideSP,,,3.3,0.739,0.406,0.075,https://doi.org/10.1093/bib/bbaa070,Uses non-normalized EF
kif11,RF-Scorev1(ODDT)/GlideSP,,,7.09,0.688,0.436,0.204,https://doi.org/10.1093/bib/bbaa070,Uses non-normalized EF
kit,RF-Scorev1(ODDT)/GlideSP,,,2.79,0.684,0.382,0.076,https://doi.org/10.1093/bib/bbaa070,Uses non-normalized EF
kith,RF-Scorev1(ODDT)/GlideSP,,,0,0.328,0.229,0.002,https://doi.org/10.1093/bib/bbaa070,Uses non-normalized EF
kpcb,RF-Scorev1(ODDT)/GlideSP,,,1.27,0.542,0.31,0.04,https://doi.org/10.1093/bib/bbaa070,Uses non-normalized EF
lck,RF-Scorev1(ODDT)/GlideSP,,,3.24,0.625,0.348,0.075,https://doi.org/10.1093/bib/bbaa070,Uses non-normalized EF
lkha4,RF-Scorev1(ODDT)/GlideSP,,,3.31,0.605,0.369,0.114,https://doi.org/10.1093/bib/bbaa070,Uses non-normalized EF
mapk2,RF-Scorev1(ODDT)/GlideSP,,,1.46,0.633,0.336,0.057,https://doi.org/10.1093/bib/bbaa070,Uses non-normalized EF
mcr,RF-Scorev1(ODDT)/GlideSP,,,9.12,0.714,0.47,0.283,https://doi.org/10.1093/bib/bbaa070,Uses non-normalized EF
met,RF-Scorev1(ODDT)/GlideSP,,,1.64,0.763,0.433,0.067,https://doi.org/10.1093/bib/bbaa070,Uses non-normalized EF
mk01,RF-Scorev1(ODDT)/GlideSP,,,0,0.767,0.414,0.027,https://doi.org/10.1093/bib/bbaa070,Uses non-normalized EF
mk10,RF-Scorev1(ODDT)/GlideSP,,,2.15,0.73,0.405,0.079,https://doi.org/10.1093/bib/bbaa070,Uses non-normalized EF
mk14,RF-Scorev1(ODDT)/GlideSP,,,1.75,0.705,0.385,0.053,https://doi.org/10.1093/bib/bbaa070,Uses non-normalized EF
mmp13,RF-Scorev1(ODDT)/GlideSP,,,0,0.452,0.256,0.004,https://doi.org/10.1093/bib/bbaa070,Uses non-normalized EF
mp2k1,RF-Scorev1(ODDT)/GlideSP,,,0,0.539,0.303,0.013,https://doi.org/10.1093/bib/bbaa070,Uses non-normalized EF
nos1,RF-Scorev1(ODDT)/GlideSP,,,1.28,0.573,0.31,0.034,https://doi.org/10.1093/bib/bbaa070,Uses non-normalized EF
nram,RF-Scorev1(ODDT)/GlideSP,,,0,0.467,0.256,0.007,https://doi.org/10.1093/bib/bbaa070,Uses non-normalized EF
pa2ga,RF-Scorev1(ODDT)/GlideSP,,,3.16,0.678,0.395,0.071,https://doi.org/10.1093/bib/bbaa070,Uses non-normalized EF
parp1,RF-Scorev1(ODDT)/GlideSP,,,0.54,0.614,0.329,0.021,https://doi.org/10.1093/bib/bbaa070,Uses non-normalized EF
pde5a,RF-Scorev1(ODDT)/GlideSP,,,0.3,0.58,0.306,0.014,https://doi.org/10.1093/bib/bbaa070,Uses non-normalized EF
pgh1,RF-Scorev1(ODDT)/GlideSP,,,0,0.497,0.281,0.005,https://doi.org/10.1093/bib/bbaa070,Uses non-normalized EF
pgh2,RF-Scorev1(ODDT)/GlideSP,,,0,0.486,0.27,0.005,https://doi.org/10.1093/bib/bbaa070,Uses non-normalized EF
plk1,RF-Scorev1(ODDT)/GlideSP,,,9.15,0.745,0.47,0.208,https://doi.org/10.1093/bib/bbaa070,Uses non-normalized EF
pnph,RF-Scorev1(ODDT)/GlideSP,,,4.8,0.746,0.459,0.154,https://doi.org/10.1093/bib/bbaa070,Uses non-normalized EF
ppara,RF-Scorev1(ODDT)/GlideSP,,,4.65,0.696,0.428,0.179,https://doi.org/10.1093/bib/bbaa070,Uses non-normalized EF
ppard,RF-Scorev1(ODDT)/GlideSP,,,2.78,0.601,0.35,0.075,https://doi.org/10.1093/bib/bbaa070,Uses non-normalized EF
pparg,RF-Scorev1(ODDT)/GlideSP,,,4.29,0.649,0.397,0.142,https://doi.org/10.1093/bib/bbaa070,Uses non-normalized EF
prgr,RF-Scorev1(ODDT)/GlideSP,,,6.82,0.597,0.348,0.122,https://doi.org/10.1093/bib/bbaa070,Uses non-normalized EF
ptn1,RF-Scorev1(ODDT)/GlideSP,,,8.93,0.618,0.379,0.221,https://doi.org/10.1093/bib/bbaa070,Uses non-normalized EF
pur2,RF-Scorev1(ODDT)/GlideSP,,,0,0.798,0.474,0.243,https://doi.org/10.1093/bib/bbaa070,Uses non-normalized EF
pygm,RF-Scorev1(ODDT)/GlideSP,,,0,0.471,0.273,0.007,https://doi.org/10.1093/bib/bbaa070,Uses non-normalized EF
pyrd,RF-Scorev1(ODDT)/GlideSP,,,1.52,0.61,0.332,0.05,https://doi.org/10.1093/bib/bbaa070,Uses non-normalized EF
reni,RF-Scorev1(ODDT)/GlideSP,,,2.06,0.688,0.387,0.13,https://doi.org/10.1093/bib/bbaa070,Uses non-normalized EF
rock1,RF-Scorev1(ODDT)/GlideSP,,,1.48,0.638,0.339,0.042,https://doi.org/10.1093/bib/bbaa070,Uses non-normalized EF
rxra,RF-Scorev1(ODDT)/GlideSP,,,15.82,0.712,0.477,0.355,https://doi.org/10.1093/bib/bbaa070,Uses non-normalized EF
sahh,RF-Scorev1(ODDT)/GlideSP,,,0,0.445,0.253,0.008,https://doi.org/10.1093/bib/bbaa070,Uses non-normalized EF
src,RF-Scorev1(ODDT)/GlideSP,,,0.86,0.599,0.321,0.022,https://doi.org/10.1093/bib/bbaa070,Uses non-normalized EF
tgfr1,RF-Scorev1(ODDT)/GlideSP,,,0.71,0.682,0.358,0.026,https://doi.org/10.1093/bib/bbaa070,Uses non-normalized EF
thb,RF-Scorev1(ODDT)/GlideSP,,,1.22,0.639,0.385,0.106,https://doi.org/10.1093/bib/bbaa070,Uses non-normalized EF
thrb,RF-Scorev1(ODDT)/GlideSP,,,1.41,0.727,0.377,0.045,https://doi.org/10.1093/bib/bbaa070,Uses non-normalized EF
try1,RF-Scorev1(ODDT)/GlideSP,,,2.68,0.762,0.423,0.096,https://doi.org/10.1093/bib/bbaa070,Uses non-normalized EF
tryb1,RF-Scorev1(ODDT)/GlideSP,,,10.49,0.748,0.479,0.219,https://doi.org/10.1093/bib/bbaa070,Uses non-normalized EF
tysy,RF-Scorev1(ODDT)/GlideSP,,,0.66,0.555,0.335,0.067,https://doi.org/10.1093/bib/bbaa070,Uses non-normalized EF
urok,RF-Scorev1(ODDT)/GlideSP,,,0.33,0.665,0.337,0.019,https://doi.org/10.1093/bib/bbaa070,Uses non-normalized EF
vgfr2,RF-Scorev1(ODDT)/GlideSP,,,2.97,0.659,0.362,0.092,https://doi.org/10.1093/bib/bbaa070,Uses non-normalized EF
wee1,RF-Scorev1(ODDT)/GlideSP,,,0,0.762,0.413,0.023,https://doi.org/10.1093/bib/bbaa070,Uses non-normalized EF
xiap,RF-Scorev1(ODDT)/GlideSP,,,9.21,0.801,0.525,0.262,https://doi.org/10.1093/bib/bbaa070,Uses non-normalized EF
aa2ar,RF-Scorev2(ODDT)/GlideSP,,,2.74,0.764,0.448,0.114,https://doi.org/10.1093/bib/bbaa070,Uses non-normalized EF
abl1,RF-Scorev2(ODDT)/GlideSP,,,4.1,0.774,0.46,0.158,https://doi.org/10.1093/bib/bbaa070,Uses non-normalized EF
ace,RF-Scorev2(ODDT)/GlideSP,,,8.3,0.565,0.38,0.277,https://doi.org/10.1093/bib/bbaa070,Uses non-normalized EF
aces,RF-Scorev2(ODDT)/GlideSP,,,2.45,0.566,0.342,0.073,https://doi.org/10.1093/bib/bbaa070,Uses non-normalized EF
ada,RF-Scorev2(ODDT)/GlideSP,,,1.88,0.601,0.338,0.075,https://doi.org/10.1093/bib/bbaa070,Uses non-normalized EF
ada17,RF-Scorev2(ODDT)/GlideSP,,,1.8,0.607,0.355,0.056,https://doi.org/10.1093/bib/bbaa070,Uses non-normalized EF
adrb1,RF-Scorev2(ODDT)/GlideSP,,,4.35,0.566,0.346,0.119,https://doi.org/10.1093/bib/bbaa070,Uses non-normalized EF
adrb2,RF-Scorev2(ODDT)/GlideSP,,,5.81,0.559,0.361,0.165,https://doi.org/10.1093/bib/bbaa070,Uses non-normalized EF
akt1,RF-Scorev2(ODDT)/GlideSP,,,6.68,0.719,0.421,0.156,https://doi.org/10.1093/bib/bbaa070,Uses non-normalized EF
akt2,RF-Scorev2(ODDT)/GlideSP,,,6.34,0.748,0.446,0.162,https://doi.org/10.1093/bib/bbaa070,Uses non-normalized EF
aldr,RF-Scorev2(ODDT)/GlideSP,,,1.82,0.49,0.297,0.055,https://doi.org/10.1093/bib/bbaa070,Uses non-normalized EF
ampc,RF-Scorev2(ODDT)/GlideSP,,,1.58,0.411,0.254,0.029,https://doi.org/10.1093/bib/bbaa070,Uses non-normalized EF
andr,RF-Scorev2(ODDT)/GlideSP,,,3.77,0.674,0.389,0.125,https://doi.org/10.1093/bib/bbaa070,Uses non-normalized EF
aofb,RF-Scorev2(ODDT)/GlideSP,,,1.2,0.516,0.301,0.04,https://doi.org/10.1093/bib/bbaa070,Uses non-normalized EF
bace1,RF-Scorev2(ODDT)/GlideSP,,,7.87,0.664,0.412,0.195,https://doi.org/10.1093/bib/bbaa070,Uses non-normalized EF
braf,RF-Scorev2(ODDT)/GlideSP,,,3.64,0.808,0.477,0.121,https://doi.org/10.1093/bib/bbaa070,Uses non-normalized EF
cah2,RF-Scorev2(ODDT)/GlideSP,,,6.96,0.567,0.356,0.165,https://doi.org/10.1093/bib/bbaa070,Uses non-normalized EF
casp3,RF-Scorev2(ODDT)/GlideSP,,,0.29,0.401,0.238,0.008,https://doi.org/10.1093/bib/bbaa070,Uses non-normalized EF
cdk2,RF-Scorev2(ODDT)/GlideSP,,,1.38,0.692,0.379,0.057,https://doi.org/10.1093/bib/bbaa070,Uses non-normalized EF
comt,RF-Scorev2(ODDT)/GlideSP,,,0,0.196,0.179,0,https://doi.org/10.1093/bib/bbaa070,Uses non-normalized EF
cp2c9,RF-Scorev2(ODDT)/GlideSP,,,3.84,0.574,0.342,0.1,https://doi.org/10.1093/bib/bbaa070,Uses non-normalized EF
cp3a4,RF-Scorev2(ODDT)/GlideSP,,,6.6,0.648,0.406,0.177,https://doi.org/10.1093/bib/bbaa070,Uses non-normalized EF
csf1r,RF-Scorev2(ODDT)/GlideSP,,,6.73,0.777,0.465,0.177,https://doi.org/10.1093/bib/bbaa070,Uses non-normalized EF
cxcr4,RF-Scorev2(ODDT)/GlideSP,,,3.33,0.633,0.332,0.093,https://doi.org/10.1093/bib/bbaa070,Uses non-normalized EF
def,RF-Scorev2(ODDT)/GlideSP,,,3.14,0.63,0.377,0.113,https://doi.org/10.1093/bib/bbaa070,Uses non-normalized EF
dhi1,RF-Scorev2(ODDT)/GlideSP,,,3.69,0.635,0.355,0.09,https://doi.org/10.1093/bib/bbaa070,Uses non-normalized EF
dpp4,RF-Scorev2(ODDT)/GlideSP,,,5.41,0.66,0.391,0.129,https://doi.org/10.1093/bib/bbaa070,Uses non-normalized EF
drd3,RF-Scorev2(ODDT)/GlideSP,,,2.29,0.594,0.349,0.068,https://doi.org/10.1093/bib/bbaa070,Uses non-normalized EF
dyr,RF-Scorev2(ODDT)/GlideSP,,,2.31,0.678,0.37,0.057,https://doi.org/10.1093/bib/bbaa070,Uses non-normalized EF
egfr,RF-Scorev2(ODDT)/GlideSP,,,6.77,0.714,0.434,0.159,https://doi.org/10.1093/bib/bbaa070,Uses non-normalized EF
esr1,RF-Scorev2(ODDT)/GlideSP,,,22.39,0.743,0.561,0.53,https://doi.org/10.1093/bib/bbaa070,Uses non-normalized EF
esr2,RF-Scorev2(ODDT)/GlideSP,,,17.7,0.725,0.527,0.443,https://doi.org/10.1093/bib/bbaa070,Uses non-normalized EF
fa10,RF-Scorev2(ODDT)/GlideSP,,,21.73,0.885,0.683,0.686,https://doi.org/10.1093/bib/bbaa070,Uses non-normalized EF
fa7,RF-Scorev2(ODDT)/GlideSP,,,10.18,0.835,0.516,0.254,https://doi.org/10.1093/bib/bbaa070,Uses non-normalized EF
fabp4,RF-Scorev2(ODDT)/GlideSP,,,6.91,0.612,0.41,0.147,https://doi.org/10.1093/bib/bbaa070,Uses non-normalized EF
fak1,RF-Scorev2(ODDT)/GlideSP,,,11.49,0.82,0.501,0.223,https://doi.org/10.1093/bib/bbaa070,Uses non-normalized EF
fgfr1,RF-Scorev2(ODDT)/GlideSP,,,1.75,0.508,0.261,0.564,https://doi.org/10.1093/bib/bbaa070,Uses non-normalized EF
fkb1a,RF-Scorev2(ODDT)/GlideSP,,,0,0.469,0.263,0.002,https://doi.org/10.1093/bib/bbaa070,Uses non-normalized EF
fnta,RF-Scorev2(ODDT)/GlideSP,,,7.88,0.805,0.497,0.236,https://doi.org/10.1093/bib/bbaa070,Uses non-normalized EF
fpps,RF-Scorev2(ODDT)/GlideSP,,,0,0.204,0.18,0,https://doi.org/10.1093/bib/bbaa070,Uses non-normalized EF
gcr,RF-Scorev2(ODDT)/GlideSP,,,5.08,0.703,0.408,0.133,https://doi.org/10.1093/bib/bbaa070,Uses non-normalized EF
glcm,RF-Scorev2(ODDT)/GlideSP,,,0,0.376,0.227,0,https://doi.org/10.1093/bib/bbaa070,Uses non-normalized EF
gria2,RF-Scorev2(ODDT)/GlideSP,,,0.34,0.585,0.317,0.01,https://doi.org/10.1093/bib/bbaa070,Uses non-normalized EF
grik1,RF-Scorev2(ODDT)/GlideSP,,,0,0.42,0.264,0.018,https://doi.org/10.1093/bib/bbaa070,Uses non-normalized EF
hdac2,RF-Scorev2(ODDT)/GlideSP,,,3.9,0.613,0.339,0.087,https://doi.org/10.1093/bib/bbaa070,Uses non-normalized EF
hdac8,RF-Scorev2(ODDT)/GlideSP,,,0,0.665,0.343,0.007,https://doi.org/10.1093/bib/bbaa070,Uses non-normalized EF
hivint,RF-Scorev2(ODDT)/GlideSP,,,0,0.411,0.25,0.01,https://doi.org/10.1093/bib/bbaa070,Uses non-normalized EF
hivpr,RF-Scorev2(ODDT)/GlideSP,,,13.74,0.722,0.496,0.416,https://doi.org/10.1093/bib/bbaa070,Uses non-normalized EF
hivrt,RF-Scorev2(ODDT)/GlideSP,,,0.54,0.531,0.303,0.034,https://doi.org/10.1093/bib/bbaa070,Uses non-normalized EF
hmdh,RF-Scorev2(ODDT)/GlideSP,,,0.33,0.439,0.261,0.02,https://doi.org/10.1093/bib/bbaa070,Uses non-normalized EF
hs90a,RF-Scorev2(ODDT)/GlideSP,,,1.66,0.556,0.327,0.045,https://doi.org/10.1093/bib/bbaa070,Uses non-normalized EF
hxk4,RF-Scorev2(ODDT)/GlideSP,,,2.36,0.66,0.354,0.054,https://doi.org/10.1093/bib/bbaa070,Uses non-normalized EF
igf1r,RF-Scorev2(ODDT)/GlideSP,,,10.64,0.734,0.479,0.244,https://doi.org/10.1093/bib/bbaa070,Uses non-normalized EF
inha,RF-Scorev2(ODDT)/GlideSP,,,2.87,0.658,0.392,0.105,https://doi.org/10.1093/bib/bbaa070,Uses non-normalized EF
ital,RF-Scorev2(ODDT)/GlideSP,,,4.8,0.54,0.326,0.102,https://doi.org/10.1093/bib/bbaa070,Uses non-normalized EF
jak2,RF-Scorev2(ODDT)/GlideSP,,,13.87,0.819,0.521,0.275,https://doi.org/10.1093/bib/bbaa070,Uses non-normalized EF
kif11,RF-Scorev2(ODDT)/GlideSP,,,11.65,0.74,0.519,0.341,https://doi.org/10.1093/bib/bbaa070,Uses non-normalized EF
kit,RF-Scorev2(ODDT)/GlideSP,,,7.57,0.754,0.451,0.174,https://doi.org/10.1093/bib/bbaa070,Uses non-normalized EF
kith,RF-Scorev2(ODDT)/GlideSP,,,0.75,0.367,0.256,0.032,https://doi.org/10.1093/bib/bbaa070,Uses non-normalized EF
kpcb,RF-Scorev2(ODDT)/GlideSP,,,13.52,0.548,0.385,0.287,https://doi.org/10.1093/bib/bbaa070,Uses non-normalized EF
lck,RF-Scorev2(ODDT)/GlideSP,,,14.01,0.781,0.509,0.293,https://doi.org/10.1093/bib/bbaa070,Uses non-normalized EF
lkha4,RF-Scorev2(ODDT)/GlideSP,,,5.8,0.65,0.404,0.181,https://doi.org/10.1093/bib/bbaa070,Uses non-normalized EF
mapk2,RF-Scorev2(ODDT)/GlideSP,,,0.49,0.63,0.35,0.031,https://doi.org/10.1093/bib/bbaa070,Uses non-normalized EF
mcr,RF-Scorev2(ODDT)/GlideSP,,,5.21,0.828,0.49,0.205,https://doi.org/10.1093/bib/bbaa070,Uses non-normalized EF
met,RF-Scorev2(ODDT)/GlideSP,,,18.9,0.858,0.607,0.387,https://doi.org/10.1093/bib/bbaa070,Uses non-normalized EF
mk01,RF-Scorev2(ODDT)/GlideSP,,,4.29,0.803,0.464,0.126,https://doi.org/10.1093/bib/bbaa070,Uses non-normalized EF
mk10,RF-Scorev2(ODDT)/GlideSP,,,5.92,0.764,0.45,0.151,https://doi.org/10.1093/bib/bbaa070,Uses non-normalized EF
mk14,RF-Scorev2(ODDT)/GlideSP,,,7.66,0.713,0.418,0.168,https://doi.org/10.1093/bib/bbaa070,Uses non-normalized EF
mmp13,RF-Scorev2(ODDT)/GlideSP,,,1.17,0.567,0.333,0.058,https://doi.org/10.1093/bib/bbaa070,Uses non-normalized EF
mp2k1,RF-Scorev2(ODDT)/GlideSP,,,0,0.556,0.308,0.012,https://doi.org/10.1093/bib/bbaa070,Uses non-normalized EF
nos1,RF-Scorev2(ODDT)/GlideSP,,,2.99,0.617,0.354,0.072,https://doi.org/10.1093/bib/bbaa070,Uses non-normalized EF
nram,RF-Scorev2(ODDT)/GlideSP,,,0,0.571,0.277,0,https://doi.org/10.1093/bib/bbaa070,Uses non-normalized EF
pa2ga,RF-Scorev2(ODDT)/GlideSP,,,6.33,0.618,0.388,0.153,https://doi.org/10.1093/bib/bbaa070,Uses non-normalized EF
parp1,RF-Scorev2(ODDT)/GlideSP,,,3.92,0.672,0.371,0.087,https://doi.org/10.1093/bib/bbaa070,Uses non-normalized EF
pde5a,RF-Scorev2(ODDT)/GlideSP,,,2.38,0.645,0.351,0.055,https://doi.org/10.1093/bib/bbaa070,Uses non-normalized EF
pgh1,RF-Scorev2(ODDT)/GlideSP,,,0.45,0.537,0.3,0.029,https://doi.org/10.1093/bib/bbaa070,Uses non-normalized EF
pgh2,RF-Scorev2(ODDT)/GlideSP,,,1.81,0.548,0.311,0.051,https://doi.org/10.1093/bib/bbaa070,Uses non-normalized EF
plk1,RF-Scorev2(ODDT)/GlideSP,,,15.68,0.797,0.538,0.325,https://doi.org/10.1093/bib/bbaa070,Uses non-normalized EF
pnph,RF-Scorev2(ODDT)/GlideSP,,,6.55,0.731,0.451,0.197,https://doi.org/10.1093/bib/bbaa070,Uses non-normalized EF
ppara,RF-Scorev2(ODDT)/GlideSP,,,6.69,0.724,0.449,0.213,https://doi.org/10.1093/bib/bbaa070,Uses non-normalized EF
ppard,RF-Scorev2(ODDT)/GlideSP,,,4.17,0.64,0.37,0.101,https://doi.org/10.1093/bib/bbaa070,Uses non-normalized EF
pparg,RF-Scorev2(ODDT)/GlideSP,,,8.02,0.709,0.451,0.214,https://doi.org/10.1093/bib/bbaa070,Uses non-normalized EF
prgr,RF-Scorev2(ODDT)/GlideSP,,,4.45,0.676,0.384,0.11,https://doi.org/10.1093/bib/bbaa070,Uses non-normalized EF
ptn1,RF-Scorev2(ODDT)/GlideSP,,,9.38,0.678,0.455,0.303,https://doi.org/10.1093/bib/bbaa070,Uses non-normalized EF
pur2,RF-Scorev2(ODDT)/GlideSP,,,0.99,0.805,0.428,0.096,https://doi.org/10.1093/bib/bbaa070,Uses non-normalized EF
pygm,RF-Scorev2(ODDT)/GlideSP,,,0.86,0.526,0.296,0.032,https://doi.org/10.1093/bib/bbaa070,Uses non-normalized EF
pyrd,RF-Scorev2(ODDT)/GlideSP,,,6.86,0.685,0.389,0.117,https://doi.org/10.1093/bib/bbaa070,Uses non-normalized EF
reni,RF-Scorev2(ODDT)/GlideSP,,,6.96,0.743,0.446,0.305,https://doi.org/10.1093/bib/bbaa070,Uses non-normalized EF
rock1,RF-Scorev2(ODDT)/GlideSP,,,6.9,0.764,0.443,0.186,https://doi.org/10.1093/bib/bbaa070,Uses non-normalized EF
rxra,RF-Scorev2(ODDT)/GlideSP,,,8.94,0.813,0.491,0.258,https://doi.org/10.1093/bib/bbaa070,Uses non-normalized EF
sahh,RF-Scorev2(ODDT)/GlideSP,,,1.68,0.628,0.326,0.088,https://doi.org/10.1093/bib/bbaa070,Uses non-normalized EF
src,RF-Scorev2(ODDT)/GlideSP,,,0.98,0.68,0.376,0.041,https://doi.org/10.1093/bib/bbaa070,Uses non-normalized EF
tgfr1,RF-Scorev2(ODDT)/GlideSP,,,2.13,0.766,0.443,0.117,https://doi.org/10.1093/bib/bbaa070,Uses non-normalized EF
thb,RF-Scorev2(ODDT)/GlideSP,,,3.06,0.522,0.316,0.081,https://doi.org/10.1093/bib/bbaa070,Uses non-normalized EF
thrb,RF-Scorev2(ODDT)/GlideSP,,,9.27,0.797,0.486,0.264,https://doi.org/10.1093/bib/bbaa070,Uses non-normalized EF
try1,RF-Scorev2(ODDT)/GlideSP,,,6.43,0.78,0.457,0.185,https://doi.org/10.1093/bib/bbaa070,Uses non-normalized EF
tryb1,RF-Scorev2(ODDT)/GlideSP,,,9.91,0.762,0.468,0.198,https://doi.org/10.1093/bib/bbaa070,Uses non-normalized EF
tysy,RF-Scorev2(ODDT)/GlideSP,,,9.52,0.619,0.414,0.309,https://doi.org/10.1093/bib/bbaa070,Uses non-normalized EF
urok,RF-Scorev2(ODDT)/GlideSP,,,2.31,0.716,0.383,0.07,https://doi.org/10.1093/bib/bbaa070,Uses non-normalized EF
vgfr2,RF-Scorev2(ODDT)/GlideSP,,,1.05,0.635,0.336,0.034,https://doi.org/10.1093/bib/bbaa070,Uses non-normalized EF
wee1,RF-Scorev2(ODDT)/GlideSP,,,30.32,0.897,0.776,0.67,https://doi.org/10.1093/bib/bbaa070,Uses non-normalized EF
xiap,RF-Scorev2(ODDT)/GlideSP,,,12.28,0.799,0.546,0.296,https://doi.org/10.1093/bib/bbaa070,Uses non-normalized EF
aa2ar,RF-Scorev3(ODDT)/GlideSP,,,4.65,0.749,0.447,0.153,https://doi.org/10.1093/bib/bbaa070,Uses non-normalized EF
abl1,RF-Scorev3(ODDT)/GlideSP,,,5.81,0.754,0.45,0.162,https://doi.org/10.1093/bib/bbaa070,Uses non-normalized EF
ace,RF-Scorev3(ODDT)/GlideSP,,,10.28,0.608,0.415,0.359,https://doi.org/10.1093/bib/bbaa070,Uses non-normalized EF
aces,RF-Scorev3(ODDT)/GlideSP,,,3.98,0.567,0.364,0.112,https://doi.org/10.1093/bib/bbaa070,Uses non-normalized EF
ada,RF-Scorev3(ODDT)/GlideSP,,,1.13,0.587,0.327,0.041,https://doi.org/10.1093/bib/bbaa070,Uses non-normalized EF
ada17,RF-Scorev3(ODDT)/GlideSP,,,1.48,0.57,0.339,0.064,https://doi.org/10.1093/bib/bbaa070,Uses non-normalized EF
adrb1,RF-Scorev3(ODDT)/GlideSP,,,4.56,0.565,0.361,0.157,https://doi.org/10.1093/bib/bbaa070,Uses non-normalized EF
adrb2,RF-Scorev3(ODDT)/GlideSP,,,8.94,0.577,0.384,0.218,https://doi.org/10.1093/bib/bbaa070,Uses non-normalized EF
akt1,RF-Scorev3(ODDT)/GlideSP,,,2.15,0.728,0.399,0.064,https://doi.org/10.1093/bib/bbaa070,Uses non-normalized EF
akt2,RF-Scorev3(ODDT)/GlideSP,,,4.23,0.805,0.496,0.162,https://doi.org/10.1093/bib/bbaa070,Uses non-normalized EF
aldr,RF-Scorev3(ODDT)/GlideSP,,,9.12,0.522,0.352,0.195,https://doi.org/10.1093/bib/bbaa070,Uses non-normalized EF
ampc,RF-Scorev3(ODDT)/GlideSP,,,0,0.485,0.285,0.018,https://doi.org/10.1093/bib/bbaa070,Uses non-normalized EF
andr,RF-Scorev3(ODDT)/GlideSP,,,2.82,0.646,0.367,0.082,https://doi.org/10.1093/bib/bbaa070,Uses non-normalized EF
aofb,RF-Scorev3(ODDT)/GlideSP,,,1.8,0.522,0.309,0.051,https://doi.org/10.1093/bib/bbaa070,Uses non-normalized EF
bace1,RF-Scorev3(ODDT)/GlideSP,,,5.59,0.646,0.384,0.141,https://doi.org/10.1093/bib/bbaa070,Uses non-normalized EF
braf,RF-Scorev3(ODDT)/GlideSP,,,2.83,0.758,0.432,0.086,https://doi.org/10.1093/bib/bbaa070,Uses non-normalized EF
cah2,RF-Scorev3(ODDT)/GlideSP,,,8.19,0.626,0.391,0.182,https://doi.org/10.1093/bib/bbaa070,Uses non-normalized EF
casp3,RF-Scorev3(ODDT)/GlideSP,,,0.57,0.413,0.245,0.01,https://doi.org/10.1093/bib/bbaa070,Uses non-normalized EF
cdk2,RF-Scorev3(ODDT)/GlideSP,,,1.13,0.676,0.371,0.051,https://doi.org/10.1093/bib/bbaa070,Uses non-normalized EF
comt,RF-Scorev3(ODDT)/GlideSP,,,0,0.307,0.203,0,https://doi.org/10.1093/bib/bbaa070,Uses non-normalized EF
cp2c9,RF-Scorev3(ODDT)/GlideSP,,,6.58,0.555,0.343,0.128,https://doi.org/10.1093/bib/bbaa070,Uses non-normalized EF
cp3a4,RF-Scorev3(ODDT)/GlideSP,,,4.3,0.587,0.357,0.125,https://doi.org/10.1093/bib/bbaa070,Uses non-normalized EF
csf1r,RF-Scorev3(ODDT)/GlideSP,,,12.39,0.776,0.492,0.255,https://doi.org/10.1093/bib/bbaa070,Uses non-normalized EF
cxcr4,RF-Scorev3(ODDT)/GlideSP,,,0.83,0.666,0.343,0.043,https://doi.org/10.1093/bib/bbaa070,Uses non-normalized EF
def,RF-Scorev3(ODDT)/GlideSP,,,0,0.625,0.353,0.03,https://doi.org/10.1093/bib/bbaa070,Uses non-normalized EF
dhi1,RF-Scorev3(ODDT)/GlideSP,,,4.08,0.654,0.375,0.105,https://doi.org/10.1093/bib/bbaa070,Uses non-normalized EF
dpp4,RF-Scorev3(ODDT)/GlideSP,,,4.85,0.634,0.375,0.12,https://doi.org/10.1093/bib/bbaa070,Uses non-normalized EF
drd3,RF-Scorev3(ODDT)/GlideSP,,,2.63,0.59,0.347,0.075,https://doi.org/10.1093/bib/bbaa070,Uses non-normalized EF
dyr,RF-Scorev3(ODDT)/GlideSP,,,1.07,0.662,0.363,0.052,https://doi.org/10.1093/bib/bbaa070,Uses non-normalized EF
egfr,RF-Scorev3(ODDT)/GlideSP,,,3.02,0.681,0.403,0.093,https://doi.org/10.1093/bib/bbaa070,Uses non-normalized EF
esr1,RF-Scorev3(ODDT)/GlideSP,,,27.24,0.766,0.598,0.619,https://doi.org/10.1093/bib/bbaa070,Uses non-normalized EF
esr2,RF-Scorev3(ODDT)/GlideSP,,,17.7,0.763,0.553,0.458,https://doi.org/10.1093/bib/bbaa070,Uses non-normalized EF
fa10,RF-Scorev3(ODDT)/GlideSP,,,19.96,0.875,0.65,0.627,https://doi.org/10.1093/bib/bbaa070,Uses non-normalized EF
fa7,RF-Scorev3(ODDT)/GlideSP,,,8.04,0.856,0.519,0.238,https://doi.org/10.1093/bib/bbaa070,Uses non-normalized EF
fabp4,RF-Scorev3(ODDT)/GlideSP,,,18.99,0.641,0.498,0.392,https://doi.org/10.1093/bib/bbaa070,Uses non-normalized EF
fak1,RF-Scorev3(ODDT)/GlideSP,,,8.84,0.809,0.484,0.185,https://doi.org/10.1093/bib/bbaa070,Uses non-normalized EF
fgfr1,RF-Scorev3(ODDT)/GlideSP,,,1.32,0.506,0.252,0.409,https://doi.org/10.1093/bib/bbaa070,Uses non-normalized EF
fkb1a,RF-Scorev3(ODDT)/GlideSP,,,0,0.491,0.265,0,https://doi.org/10.1093/bib/bbaa070,Uses non-normalized EF
fnta,RF-Scorev3(ODDT)/GlideSP,,,4.97,0.727,0.424,0.148,https://doi.org/10.1093/bib/bbaa070,Uses non-normalized EF
fpps,RF-Scorev3(ODDT)/GlideSP,,,0,0.239,0.189,0,https://doi.org/10.1093/bib/bbaa070,Uses non-normalized EF
gcr,RF-Scorev3(ODDT)/GlideSP,,,4.48,0.714,0.416,0.131,https://doi.org/10.1093/bib/bbaa070,Uses non-normalized EF
glcm,RF-Scorev3(ODDT)/GlideSP,,,0,0.311,0.208,0,https://doi.org/10.1093/bib/bbaa070,Uses non-normalized EF
gria2,RF-Scorev3(ODDT)/GlideSP,,,0,0.552,0.3,0.005,https://doi.org/10.1093/bib/bbaa070,Uses non-normalized EF
grik1,RF-Scorev3(ODDT)/GlideSP,,,1.3,0.461,0.282,0.034,https://doi.org/10.1093/bib/bbaa070,Uses non-normalized EF
hdac2,RF-Scorev3(ODDT)/GlideSP,,,5.2,0.602,0.342,0.101,https://doi.org/10.1093/bib/bbaa070,Uses non-normalized EF
hdac8,RF-Scorev3(ODDT)/GlideSP,,,0,0.623,0.314,0.003,https://doi.org/10.1093/bib/bbaa070,Uses non-normalized EF
hivint,RF-Scorev3(ODDT)/GlideSP,,,0,0.414,0.243,0.006,https://doi.org/10.1093/bib/bbaa070,Uses non-normalized EF
hivpr,RF-Scorev3(ODDT)/GlideSP,,,15.52,0.732,0.505,0.442,https://doi.org/10.1093/bib/bbaa070,Uses non-normalized EF
hivrt,RF-Scorev3(ODDT)/GlideSP,,,0.72,0.522,0.299,0.03,https://doi.org/10.1093/bib/bbaa070,Uses non-normalized EF
hmdh,RF-Scorev3(ODDT)/GlideSP,,,1,0.486,0.287,0.028,https://doi.org/10.1093/bib/bbaa070,Uses non-normalized EF
hs90a,RF-Scorev3(ODDT)/GlideSP,,,0,0.609,0.352,0.035,https://doi.org/10.1093/bib/bbaa070,Uses non-normalized EF
hxk4,RF-Scorev3(ODDT)/GlideSP,,,3.93,0.672,0.383,0.1,https://doi.org/10.1093/bib/bbaa070,Uses non-normalized EF
igf1r,RF-Scorev3(ODDT)/GlideSP,,,18.62,0.771,0.531,0.347,https://doi.org/10.1093/bib/bbaa070,Uses non-normalized EF
inha,RF-Scorev3(ODDT)/GlideSP,,,4.31,0.676,0.38,0.103,https://doi.org/10.1093/bib/bbaa070,Uses non-normalized EF
ital,RF-Scorev3(ODDT)/GlideSP,,,3.93,0.505,0.303,0.088,https://doi.org/10.1093/bib/bbaa070,Uses non-normalized EF
jak2,RF-Scorev3(ODDT)/GlideSP,,,11.89,0.783,0.485,0.233,https://doi.org/10.1093/bib/bbaa070,Uses non-normalized EF
kif11,RF-Scorev3(ODDT)/GlideSP,,,3.55,0.678,0.397,0.125,https://doi.org/10.1093/bib/bbaa070,Uses non-normalized EF
kit,RF-Scorev3(ODDT)/GlideSP,,,6.77,0.738,0.446,0.163,https://doi.org/10.1093/bib/bbaa070,Uses non-normalized EF
kith,RF-Scorev3(ODDT)/GlideSP,,,0,0.351,0.244,0.013,https://doi.org/10.1093/bib/bbaa070,Uses non-normalized EF
kpcb,RF-Scorev3(ODDT)/GlideSP,,,11.41,0.565,0.387,0.268,https://doi.org/10.1093/bib/bbaa070,Uses non-normalized EF
lck,RF-Scorev3(ODDT)/GlideSP,,,9.44,0.752,0.463,0.206,https://doi.org/10.1093/bib/bbaa070,Uses non-normalized EF
lkha4,RF-Scorev3(ODDT)/GlideSP,,,9.53,0.672,0.446,0.274,https://doi.org/10.1093/bib/bbaa070,Uses non-normalized EF
mapk2,RF-Scorev3(ODDT)/GlideSP,,,0.97,0.639,0.366,0.078,https://doi.org/10.1093/bib/bbaa070,Uses non-normalized EF
mcr,RF-Scorev3(ODDT)/GlideSP,,,1.3,0.749,0.417,0.079,https://doi.org/10.1093/bib/bbaa070,Uses non-normalized EF
met,RF-Scorev3(ODDT)/GlideSP,,,22.6,0.851,0.635,0.47,https://doi.org/10.1093/bib/bbaa070,Uses non-normalized EF
mk01,RF-Scorev3(ODDT)/GlideSP,,,1.43,0.741,0.418,0.089,https://doi.org/10.1093/bib/bbaa070,Uses non-normalized EF
mk10,RF-Scorev3(ODDT)/GlideSP,,,2.69,0.736,0.429,0.135,https://doi.org/10.1093/bib/bbaa070,Uses non-normalized EF
mk14,RF-Scorev3(ODDT)/GlideSP,,,6.89,0.678,0.399,0.165,https://doi.org/10.1093/bib/bbaa070,Uses non-normalized EF
mmp13,RF-Scorev3(ODDT)/GlideSP,,,0.88,0.554,0.303,0.025,https://doi.org/10.1093/bib/bbaa070,Uses non-normalized EF
mp2k1,RF-Scorev3(ODDT)/GlideSP,,,0,0.515,0.29,0.015,https://doi.org/10.1093/bib/bbaa070,Uses non-normalized EF
nos1,RF-Scorev3(ODDT)/GlideSP,,,1.28,0.596,0.334,0.045,https://doi.org/10.1093/bib/bbaa070,Uses non-normalized EF
nram,RF-Scorev3(ODDT)/GlideSP,,,0,0.529,0.27,0,https://doi.org/10.1093/bib/bbaa070,Uses non-normalized EF
pa2ga,RF-Scorev3(ODDT)/GlideSP,,,4.75,0.593,0.348,0.1,https://doi.org/10.1093/bib/bbaa070,Uses non-normalized EF
parp1,RF-Scorev3(ODDT)/GlideSP,,,4.74,0.647,0.371,0.117,https://doi.org/10.1093/bib/bbaa070,Uses non-normalized EF
pde5a,RF-Scorev3(ODDT)/GlideSP,,,2.82,0.637,0.357,0.072,https://doi.org/10.1093/bib/bbaa070,Uses non-normalized EF
pgh1,RF-Scorev3(ODDT)/GlideSP,,,1.8,0.59,0.332,0.044,https://doi.org/10.1093/bib/bbaa070,Uses non-normalized EF
pgh2,RF-Scorev3(ODDT)/GlideSP,,,2.03,0.595,0.34,0.061,https://doi.org/10.1093/bib/bbaa070,Uses non-normalized EF
plk1,RF-Scorev3(ODDT)/GlideSP,,,13.07,0.763,0.517,0.329,https://doi.org/10.1093/bib/bbaa070,Uses non-normalized EF
pnph,RF-Scorev3(ODDT)/GlideSP,,,7.42,0.755,0.471,0.213,https://doi.org/10.1093/bib/bbaa070,Uses non-normalized EF
ppara,RF-Scorev3(ODDT)/GlideSP,,,7.44,0.723,0.46,0.233,https://doi.org/10.1093/bib/bbaa070,Uses non-normalized EF
ppard,RF-Scorev3(ODDT)/GlideSP,,,4.17,0.667,0.394,0.105,https://doi.org/10.1093/bib/bbaa070,Uses non-normalized EF
pparg,RF-Scorev3(ODDT)/GlideSP,,,7.61,0.683,0.437,0.209,https://doi.org/10.1093/bib/bbaa070,Uses non-normalized EF
prgr,RF-Scorev3(ODDT)/GlideSP,,,4.74,0.659,0.378,0.106,https://doi.org/10.1093/bib/bbaa070,Uses non-normalized EF
ptn1,RF-Scorev3(ODDT)/GlideSP,,,15.63,0.731,0.496,0.401,https://doi.org/10.1093/bib/bbaa070,Uses non-normalized EF
pur2,RF-Scorev3(ODDT)/GlideSP,,,0.99,0.794,0.44,0.094,https://doi.org/10.1093/bib/bbaa070,Uses non-normalized EF
pygm,RF-Scorev3(ODDT)/GlideSP,,,0,0.485,0.28,0.006,https://doi.org/10.1093/bib/bbaa070,Uses non-normalized EF
pyrd,RF-Scorev3(ODDT)/GlideSP,,,10.67,0.713,0.446,0.226,https://doi.org/10.1093/bib/bbaa070,Uses non-normalized EF
reni,RF-Scorev3(ODDT)/GlideSP,,,7.21,0.748,0.474,0.368,https://doi.org/10.1093/bib/bbaa070,Uses non-normalized EF
rock1,RF-Scorev3(ODDT)/GlideSP,,,4.93,0.711,0.415,0.157,https://doi.org/10.1093/bib/bbaa070,Uses non-normalized EF
rxra,RF-Scorev3(ODDT)/GlideSP,,,19.26,0.855,0.601,0.482,https://doi.org/10.1093/bib/bbaa070,Uses non-normalized EF
sahh,RF-Scorev3(ODDT)/GlideSP,,,0.56,0.524,0.283,0.042,https://doi.org/10.1093/bib/bbaa070,Uses non-normalized EF
src,RF-Scorev3(ODDT)/GlideSP,,,0.49,0.66,0.355,0.025,https://doi.org/10.1093/bib/bbaa070,Uses non-normalized EF
tgfr1,RF-Scorev3(ODDT)/GlideSP,,,3.2,0.739,0.428,0.111,https://doi.org/10.1093/bib/bbaa070,Uses non-normalized EF
thb,RF-Scorev3(ODDT)/GlideSP,,,11.02,0.762,0.514,0.327,https://doi.org/10.1093/bib/bbaa070,Uses non-normalized EF
thrb,RF-Scorev3(ODDT)/GlideSP,,,4.46,0.773,0.44,0.145,https://doi.org/10.1093/bib/bbaa070,Uses non-normalized EF
try1,RF-Scorev3(ODDT)/GlideSP,,,5.36,0.799,0.466,0.164,https://doi.org/10.1093/bib/bbaa070,Uses non-normalized EF
tryb1,RF-Scorev3(ODDT)/GlideSP,,,2.91,0.734,0.416,0.081,https://doi.org/10.1093/bib/bbaa070,Uses non-normalized EF
tysy,RF-Scorev3(ODDT)/GlideSP,,,12.8,0.661,0.447,0.4,https://doi.org/10.1093/bib/bbaa070,Uses non-normalized EF
urok,RF-Scorev3(ODDT)/GlideSP,,,1.98,0.723,0.385,0.075,https://doi.org/10.1093/bib/bbaa070,Uses non-normalized EF
vgfr2,RF-Scorev3(ODDT)/GlideSP,,,2.45,0.694,0.385,0.091,https://doi.org/10.1093/bib/bbaa070,Uses non-normalized EF
wee1,RF-Scorev3(ODDT)/GlideSP,,,43.32,0.894,0.819,0.84,https://doi.org/10.1093/bib/bbaa070,Uses non-normalized EF
xiap,RF-Scorev3(ODDT)/GlideSP,,,6.14,0.831,0.525,0.177,https://doi.org/10.1093/bib/bbaa070,Uses non-normalized EF
aa2ar,PLECRF(ODDT)/GlideSP,,,4.53,0.561,0.297,0.11,https://doi.org/10.1093/bib/bbaa070,Uses non-normalized EF
abl1,PLECRF(ODDT)/GlideSP,,,13.68,0.813,0.541,0.374,https://doi.org/10.1093/bib/bbaa070,Uses non-normalized EF
ace,PLECRF(ODDT)/GlideSP,,,7.12,0.64,0.365,0.25,https://doi.org/10.1093/bib/bbaa070,Uses non-normalized EF
aces,PLECRF(ODDT)/GlideSP,,,3.98,0.658,0.342,0.102,https://doi.org/10.1093/bib/bbaa070,Uses non-normalized EF
ada,PLECRF(ODDT)/GlideSP,,,0,0.377,0.236,0.026,https://doi.org/10.1093/bib/bbaa070,Uses non-normalized EF
ada17,PLECRF(ODDT)/GlideSP,,,10.15,0.778,0.463,0.245,https://doi.org/10.1093/bib/bbaa070,Uses non-normalized EF
adrb1,PLECRF(ODDT)/GlideSP,,,0.87,0.602,0.293,0.025,https://doi.org/10.1093/bib/bbaa070,Uses non-normalized EF
adrb2,PLECRF(ODDT)/GlideSP,,,0.89,0.599,0.297,0.031,https://doi.org/10.1093/bib/bbaa070,Uses non-normalized EF
akt1,PLECRF(ODDT)/GlideSP,,,5.72,0.598,0.353,0.151,https://doi.org/10.1093/bib/bbaa070,Uses non-normalized EF
akt2,PLECRF(ODDT)/GlideSP,,,2.64,0.643,0.35,0.072,https://doi.org/10.1093/bib/bbaa070,Uses non-normalized EF
aldr,PLECRF(ODDT)/GlideSP,,,0,0.429,0.228,0.004,https://doi.org/10.1093/bib/bbaa070,Uses non-normalized EF
ampc,PLECRF(ODDT)/GlideSP,,,0,0.394,0.227,0,https://doi.org/10.1093/bib/bbaa070,Uses non-normalized EF
andr,PLECRF(ODDT)/GlideSP,,,10.98,0.61,0.396,0.287,https://doi.org/10.1093/bib/bbaa070,Uses non-normalized EF
aofb,PLECRF(ODDT)/GlideSP,,,0,0.423,0.243,0.008,https://doi.org/10.1093/bib/bbaa070,Uses non-normalized EF
bace1,PLECRF(ODDT)/GlideSP,,,1.66,0.632,0.324,0.066,https://doi.org/10.1093/bib/bbaa070,Uses non-normalized EF
braf,PLECRF(ODDT)/GlideSP,,,24.7,0.811,0.573,0.489,https://doi.org/10.1093/bib/bbaa070,Uses non-normalized EF
cah2,PLECRF(ODDT)/GlideSP,,,3.79,0.622,0.331,0.104,https://doi.org/10.1093/bib/bbaa070,Uses non-normalized EF
casp3,PLECRF(ODDT)/GlideSP,,,0.57,0.551,0.271,0.02,https://doi.org/10.1093/bib/bbaa070,Uses non-normalized EF
cdk2,PLECRF(ODDT)/GlideSP,,,8.79,0.651,0.379,0.2,https://doi.org/10.1093/bib/bbaa070,Uses non-normalized EF
comt,PLECRF(ODDT)/GlideSP,,,0,0.632,0.295,0,https://doi.org/10.1093/bib/bbaa070,Uses non-normalized EF
cp2c9,PLECRF(ODDT)/GlideSP,,,2.74,0.568,0.324,0.065,https://doi.org/10.1093/bib/bbaa070,Uses non-normalized EF
cp3a4,PLECRF(ODDT)/GlideSP,,,2.01,0.584,0.311,0.065,https://doi.org/10.1093/bib/bbaa070,Uses non-normalized EF
csf1r,PLECRF(ODDT)/GlideSP,,,16.29,0.763,0.509,0.352,https://doi.org/10.1093/bib/bbaa070,Uses non-normalized EF
cxcr4,PLECRF(ODDT)/GlideSP,,,0.83,0.712,0.404,0.09,https://doi.org/10.1093/bib/bbaa070,Uses non-normalized EF
def,PLECRF(ODDT)/GlideSP,,,2.51,0.723,0.409,0.109,https://doi.org/10.1093/bib/bbaa070,Uses non-normalized EF
dhi1,PLECRF(ODDT)/GlideSP,,,4.67,0.75,0.411,0.129,https://doi.org/10.1093/bib/bbaa070,Uses non-normalized EF
dpp4,PLECRF(ODDT)/GlideSP,,,13.8,0.601,0.386,0.308,https://doi.org/10.1093/bib/bbaa070,Uses non-normalized EF
drd3,PLECRF(ODDT)/GlideSP,,,3.2,0.644,0.325,0.096,https://doi.org/10.1093/bib/bbaa070,Uses non-normalized EF
dyr,PLECRF(ODDT)/GlideSP,,,0.36,0.466,0.241,0.023,https://doi.org/10.1093/bib/bbaa070,Uses non-normalized EF
egfr,PLECRF(ODDT)/GlideSP,,,18.14,0.746,0.52,0.393,https://doi.org/10.1093/bib/bbaa070,Uses non-normalized EF
esr1,PLECRF(ODDT)/GlideSP,,,27.41,0.805,0.573,0.592,https://doi.org/10.1093/bib/bbaa070,Uses non-normalized EF
esr2,PLECRF(ODDT)/GlideSP,,,18.74,0.81,0.552,0.469,https://doi.org/10.1093/bib/bbaa070,Uses non-normalized EF
fa10,PLECRF(ODDT)/GlideSP,,,22.87,0.855,0.647,0.71,https://doi.org/10.1093/bib/bbaa070,Uses non-normalized EF
fa7,PLECRF(ODDT)/GlideSP,,,4.29,0.736,0.425,0.142,https://doi.org/10.1093/bib/bbaa070,Uses non-normalized EF
fabp4,PLECRF(ODDT)/GlideSP,,,0,0.578,0.288,0.001,https://doi.org/10.1093/bib/bbaa070,Uses non-normalized EF
fak1,PLECRF(ODDT)/GlideSP,,,18.56,0.79,0.537,0.339,https://doi.org/10.1093/bib/bbaa070,Uses non-normalized EF
fgfr1,PLECRF(ODDT)/GlideSP,,,1.32,0.541,0.275,0.406,https://doi.org/10.1093/bib/bbaa070,Uses non-normalized EF
fkb1a,PLECRF(ODDT)/GlideSP,,,1.09,0.693,0.363,0.097,https://doi.org/10.1093/bib/bbaa070,Uses non-normalized EF
fnta,PLECRF(ODDT)/GlideSP,,,7.88,0.695,0.37,0.216,https://doi.org/10.1093/bib/bbaa070,Uses non-normalized EF
fpps,PLECRF(ODDT)/GlideSP,,,0.48,0.441,0.233,0.01,https://doi.org/10.1093/bib/bbaa070,Uses non-normalized EF
gcr,PLECRF(ODDT)/GlideSP,,,6.28,0.728,0.415,0.161,https://doi.org/10.1093/bib/bbaa070,Uses non-normalized EF
glcm,PLECRF(ODDT)/GlideSP,,,0.64,0.498,0.258,0.032,https://doi.org/10.1093/bib/bbaa070,Uses non-normalized EF
gria2,PLECRF(ODDT)/GlideSP,,,0.34,0.436,0.239,0.011,https://doi.org/10.1093/bib/bbaa070,Uses non-normalized EF
grik1,PLECRF(ODDT)/GlideSP,,,0.65,0.43,0.249,0.012,https://doi.org/10.1093/bib/bbaa070,Uses non-normalized EF
hdac2,PLECRF(ODDT)/GlideSP,,,1.3,0.559,0.298,0.042,https://doi.org/10.1093/bib/bbaa070,Uses non-normalized EF
hdac8,PLECRF(ODDT)/GlideSP,,,0,0.541,0.272,0.004,https://doi.org/10.1093/bib/bbaa070,Uses non-normalized EF
hivint,PLECRF(ODDT)/GlideSP,,,1.42,0.462,0.267,0.048,https://doi.org/10.1093/bib/bbaa070,Uses non-normalized EF
hivpr,PLECRF(ODDT)/GlideSP,,,10.32,0.742,0.414,0.293,https://doi.org/10.1093/bib/bbaa070,Uses non-normalized EF
hivrt,PLECRF(ODDT)/GlideSP,,,2.72,0.46,0.274,0.087,https://doi.org/10.1093/bib/bbaa070,Uses non-normalized EF
hmdh,PLECRF(ODDT)/GlideSP,,,11.02,0.654,0.415,0.299,https://doi.org/10.1093/bib/bbaa070,Uses non-normalized EF
hs90a,PLECRF(ODDT)/GlideSP,,,2.49,0.417,0.271,0.054,https://doi.org/10.1093/bib/bbaa070,Uses non-normalized EF
hxk4,PLECRF(ODDT)/GlideSP,,,6.29,0.655,0.372,0.129,https://doi.org/10.1093/bib/bbaa070,Uses non-normalized EF
igf1r,PLECRF(ODDT)/GlideSP,,,14.63,0.69,0.438,0.29,https://doi.org/10.1093/bib/bbaa070,Uses non-normalized EF
inha,PLECRF(ODDT)/GlideSP,,,1.44,0.682,0.346,0.037,https://doi.org/10.1093/bib/bbaa070,Uses non-normalized EF
ital,PLECRF(ODDT)/GlideSP,,,3.93,0.586,0.316,0.089,https://doi.org/10.1093/bib/bbaa070,Uses non-normalized EF
jak2,PLECRF(ODDT)/GlideSP,,,24.43,0.801,0.579,0.486,https://doi.org/10.1093/bib/bbaa070,Uses non-normalized EF
kif11,PLECRF(ODDT)/GlideSP,,,30.9,0.752,0.598,0.644,https://doi.org/10.1093/bib/bbaa070,Uses non-normalized EF
kit,PLECRF(ODDT)/GlideSP,,,7.97,0.762,0.449,0.205,https://doi.org/10.1093/bib/bbaa070,Uses non-normalized EF
kith,PLECRF(ODDT)/GlideSP,,,0,0.288,0.209,0.003,https://doi.org/10.1093/bib/bbaa070,Uses non-normalized EF
kpcb,PLECRF(ODDT)/GlideSP,,,2.11,0.608,0.312,0.044,https://doi.org/10.1093/bib/bbaa070,Uses non-normalized EF
lck,PLECRF(ODDT)/GlideSP,,,20.35,0.785,0.54,0.439,https://doi.org/10.1093/bib/bbaa070,Uses non-normalized EF
lkha4,PLECRF(ODDT)/GlideSP,,,0.41,0.535,0.277,0.019,https://doi.org/10.1093/bib/bbaa070,Uses non-normalized EF
mapk2,PLECRF(ODDT)/GlideSP,,,14.58,0.688,0.493,0.415,https://doi.org/10.1093/bib/bbaa070,Uses non-normalized EF
mcr,PLECRF(ODDT)/GlideSP,,,18.23,0.814,0.57,0.463,https://doi.org/10.1093/bib/bbaa070,Uses non-normalized EF
met,PLECRF(ODDT)/GlideSP,,,36.16,0.875,0.729,0.684,https://doi.org/10.1093/bib/bbaa070,Uses non-normalized EF
mk01,PLECRF(ODDT)/GlideSP,,,5.01,0.69,0.396,0.152,https://doi.org/10.1093/bib/bbaa070,Uses non-normalized EF
mk10,PLECRF(ODDT)/GlideSP,,,2.69,0.644,0.37,0.091,https://doi.org/10.1093/bib/bbaa070,Uses non-normalized EF
mk14,PLECRF(ODDT)/GlideSP,,,12.58,0.696,0.424,0.279,https://doi.org/10.1093/bib/bbaa070,Uses non-normalized EF
mmp13,PLECRF(ODDT)/GlideSP,,,23.35,0.818,0.569,0.515,https://doi.org/10.1093/bib/bbaa070,Uses non-normalized EF
mp2k1,PLECRF(ODDT)/GlideSP,,,1.25,0.447,0.266,0.041,https://doi.org/10.1093/bib/bbaa070,Uses non-normalized EF
nos1,PLECRF(ODDT)/GlideSP,,,2.99,0.537,0.326,0.095,https://doi.org/10.1093/bib/bbaa070,Uses non-normalized EF
nram,PLECRF(ODDT)/GlideSP,,,17.32,0.735,0.53,0.512,https://doi.org/10.1093/bib/bbaa070,Uses non-normalized EF
pa2ga,PLECRF(ODDT)/GlideSP,,,1.58,0.5,0.284,0.046,https://doi.org/10.1093/bib/bbaa070,Uses non-normalized EF
parp1,PLECRF(ODDT)/GlideSP,,,9.88,0.694,0.381,0.21,https://doi.org/10.1093/bib/bbaa070,Uses non-normalized EF
pde5a,PLECRF(ODDT)/GlideSP,,,7.42,0.645,0.372,0.178,https://doi.org/10.1093/bib/bbaa070,Uses non-normalized EF
pgh1,PLECRF(ODDT)/GlideSP,,,3.15,0.576,0.308,0.064,https://doi.org/10.1093/bib/bbaa070,Uses non-normalized EF
pgh2,PLECRF(ODDT)/GlideSP,,,2.03,0.619,0.318,0.053,https://doi.org/10.1093/bib/bbaa070,Uses non-normalized EF
plk1,PLECRF(ODDT)/GlideSP,,,5.23,0.6,0.364,0.129,https://doi.org/10.1093/bib/bbaa070,Uses non-normalized EF
pnph,PLECRF(ODDT)/GlideSP,,,1.31,0.515,0.281,0.033,https://doi.org/10.1093/bib/bbaa070,Uses non-normalized EF
ppara,PLECRF(ODDT)/GlideSP,,,4.65,0.684,0.371,0.148,https://doi.org/10.1093/bib/bbaa070,Uses non-normalized EF
ppard,PLECRF(ODDT)/GlideSP,,,10.09,0.767,0.462,0.214,https://doi.org/10.1093/bib/bbaa070,Uses non-normalized EF
pparg,PLECRF(ODDT)/GlideSP,,,3.32,0.635,0.322,0.086,https://doi.org/10.1093/bib/bbaa070,Uses non-normalized EF
prgr,PLECRF(ODDT)/GlideSP,,,5.63,0.688,0.388,0.145,https://doi.org/10.1093/bib/bbaa070,Uses non-normalized EF
ptn1,PLECRF(ODDT)/GlideSP,,,0,0.693,0.367,0.041,https://doi.org/10.1093/bib/bbaa070,Uses non-normalized EF
pur2,PLECRF(ODDT)/GlideSP,,,0.99,0.669,0.372,0.149,https://doi.org/10.1093/bib/bbaa070,Uses non-normalized EF
pygm,PLECRF(ODDT)/GlideSP,,,1.72,0.521,0.302,0.055,https://doi.org/10.1093/bib/bbaa070,Uses non-normalized EF
pyrd,PLECRF(ODDT)/GlideSP,,,11.43,0.791,0.506,0.236,https://doi.org/10.1093/bib/bbaa070,Uses non-normalized EF
reni,PLECRF(ODDT)/GlideSP,,,3.09,0.67,0.362,0.153,https://doi.org/10.1093/bib/bbaa070,Uses non-normalized EF
rock1,PLECRF(ODDT)/GlideSP,,,2.96,0.642,0.354,0.101,https://doi.org/10.1093/bib/bbaa070,Uses non-normalized EF
rxra,PLECRF(ODDT)/GlideSP,,,2.06,0.727,0.394,0.073,https://doi.org/10.1093/bib/bbaa070,Uses non-normalized EF
sahh,PLECRF(ODDT)/GlideSP,,,0,0.275,0.208,0.017,https://doi.org/10.1093/bib/bbaa070,Uses non-normalized EF
src,PLECRF(ODDT)/GlideSP,,,13.81,0.706,0.447,0.291,https://doi.org/10.1093/bib/bbaa070,Uses non-normalized EF
tgfr1,PLECRF(ODDT)/GlideSP,,,15.98,0.847,0.609,0.483,https://doi.org/10.1093/bib/bbaa070,Uses non-normalized EF
thb,PLECRF(ODDT)/GlideSP,,,21.43,0.829,0.66,0.654,https://doi.org/10.1093/bib/bbaa070,Uses non-normalized EF
thrb,PLECRF(ODDT)/GlideSP,,,5.87,0.695,0.374,0.168,https://doi.org/10.1093/bib/bbaa070,Uses non-normalized EF
try1,PLECRF(ODDT)/GlideSP,,,1.34,0.575,0.28,0.042,https://doi.org/10.1093/bib/bbaa070,Uses non-normalized EF
tryb1,PLECRF(ODDT)/GlideSP,,,0,0.51,0.264,0.008,https://doi.org/10.1093/bib/bbaa070,Uses non-normalized EF
tysy,PLECRF(ODDT)/GlideSP,,,0.66,0.476,0.262,0.036,https://doi.org/10.1093/bib/bbaa070,Uses non-normalized EF
urok,PLECRF(ODDT)/GlideSP,,,1.65,0.639,0.34,0.06,https://doi.org/10.1093/bib/bbaa070,Uses non-normalized EF
vgfr2,PLECRF(ODDT)/GlideSP,,,10.13,0.695,0.422,0.266,https://doi.org/10.1093/bib/bbaa070,Uses non-normalized EF
wee1,PLECRF(ODDT)/GlideSP,,,23.82,0.861,0.676,0.516,https://doi.org/10.1093/bib/bbaa070,Uses non-normalized EF
xiap,PLECRF(ODDT)/GlideSP,,,0.77,0.691,0.366,0.044,https://doi.org/10.1093/bib/bbaa070,Uses non-normalized EF
ace,Masters et al.(Rank)*†(20/102),,,1,,0.53,,https://www.sciencedirect.com/science/article/pii/S1093326319307272,Uses NEF
ada17,Masters et al.(Rank)*†(20/102),,,29,,0.71,,https://www.sciencedirect.com/science/article/pii/S1093326319307272,Uses NEF
adrb1,Masters et al.(Rank)*†(20/102),,,2,,0.66,,https://www.sciencedirect.com/science/article/pii/S1093326319307272,Uses NEF
braf,Masters et al.(Rank)*†(20/102),,,12,,0.84,,https://www.sciencedirect.com/science/article/pii/S1093326319307272,Uses NEF
cdk2,Masters et al.(Rank)*†(20/102),,,9,,0.71,,https://www.sciencedirect.com/science/article/pii/S1093326319307272,Uses NEF
drd3,Masters et al.(Rank)*†(20/102),,,2,,0.71,,https://www.sciencedirect.com/science/article/pii/S1093326319307272,Uses NEF
esr1,Masters et al.(Rank)*†(20/102),,,2,,0.65,,https://www.sciencedirect.com/science/article/pii/S1093326319307272,Uses NEF
esr2,Masters et al.(Rank)*†(20/102),,,17,,0.8,,https://www.sciencedirect.com/science/article/pii/S1093326319307272,Uses NEF
fa10,Masters et al.(Rank)*†(20/102),,,13,,0.8,,https://www.sciencedirect.com/science/article/pii/S1093326319307272,Uses NEF
fabp4,Masters et al.(Rank)*†(20/102),,,36,,0.81,,https://www.sciencedirect.com/science/article/pii/S1093326319307272,Uses NEF
glcm,Masters et al.(Rank)*†(20/102),,,0,,0.49,,https://www.sciencedirect.com/science/article/pii/S1093326319307272,Uses NEF
gria2,Masters et al.(Rank)*†(20/102),,,3,,0.58,,https://www.sciencedirect.com/science/article/pii/S1093326319307272,Uses NEF
hdac8,Masters et al.(Rank)*†(20/102),,,24,,0.85,,https://www.sciencedirect.com/science/article/pii/S1093326319307272,Uses NEF
hivpr,Masters et al.(Rank)*†(20/102),,,4,,0.74,,https://www.sciencedirect.com/science/article/pii/S1093326319307272,Uses NEF
mmp13,Masters et al.(Rank)*†(20/102),,,4,,0.64,,https://www.sciencedirect.com/science/article/pii/S1093326319307272,Uses NEF
pde5a,Masters et al.(Rank)*†(20/102),,,12,,0.67,,https://www.sciencedirect.com/science/article/pii/S1093326319307272,Uses NEF
plk1,Masters et al.(Rank)*†(20/102),,,2,,0.6,,https://www.sciencedirect.com/science/article/pii/S1093326319307272,Uses NEF
ptn1,Masters et al.(Rank)*†(20/102),,,23,,0.82,,https://www.sciencedirect.com/science/article/pii/S1093326319307272,Uses NEF
src,Masters et al.(Rank)*†(20/102),,,5,,0.62,,https://www.sciencedirect.com/science/article/pii/S1093326319307272,Uses NEF
try1,Masters et al.(Rank)*†(20/102),,,2,,0.74,,https://www.sciencedirect.com/science/article/pii/S1093326319307272,Uses NEF
adrb1,FRED†(21/102),,,7,,,,https://pubs.acs.org/doi/full/10.1021/acs.jcim.7b00153,Uses NEF
drd3,FRED†(21/102),,,10,,,,https://pubs.acs.org/doi/full/10.1021/acs.jcim.7b00153,Uses NEF
gria2,FRED†(21/102),,,32,,,,https://pubs.acs.org/doi/full/10.1021/acs.jcim.7b00153,Uses NEF
braf,FRED†(21/102),,,18,,,,https://pubs.acs.org/doi/full/10.1021/acs.jcim.7b00153,Uses NEF
cdk2,FRED†(21/102),,,18,,,,https://pubs.acs.org/doi/full/10.1021/acs.jcim.7b00153,Uses NEF
plk1,FRED†(21/102),,,9,,,,https://pubs.acs.org/doi/full/10.1021/acs.jcim.7b00153,Uses NEF
src,FRED†(21/102),,,5,,,,https://pubs.acs.org/doi/full/10.1021/acs.jcim.7b00153,Uses NEF
fabp4,FRED†(21/102),,,30,,,,https://pubs.acs.org/doi/full/10.1021/acs.jcim.7b00153,Uses NEF
esr1,FRED†(21/102),,,37,,,,https://pubs.acs.org/doi/full/10.1021/acs.jcim.7b00153,Uses NEF
esr2,FRED†(21/102),,,40,,,,https://pubs.acs.org/doi/full/10.1021/acs.jcim.7b00153,Uses NEF
ace,FRED†(21/102),,,18,,,,https://pubs.acs.org/doi/full/10.1021/acs.jcim.7b00153,Uses NEF
glcm,FRED†(21/102),,,4,,,,https://pubs.acs.org/doi/full/10.1021/acs.jcim.7b00153,Uses NEF
hdac8,FRED†(21/102),,,31,,,,https://pubs.acs.org/doi/full/10.1021/acs.jcim.7b00153,Uses NEF
hivint,FRED†(21/102),,,8,,,,https://pubs.acs.org/doi/full/10.1021/acs.jcim.7b00153,Uses NEF
pde5a,FRED†(21/102),,,20,,,,https://pubs.acs.org/doi/full/10.1021/acs.jcim.7b00153,Uses NEF
ptn1,FRED†(21/102),,,21,,,,https://pubs.acs.org/doi/full/10.1021/acs.jcim.7b00153,Uses NEF
ada17,FRED†(21/102),,,8,,,,https://pubs.acs.org/doi/full/10.1021/acs.jcim.7b00153,Uses NEF
fa10,FRED†(21/102),,,17,,,,https://pubs.acs.org/doi/full/10.1021/acs.jcim.7b00153,Uses NEF
hivpr,FRED†(21/102),,,6,,,,https://pubs.acs.org/doi/full/10.1021/acs.jcim.7b00153,Uses NEF
mmp13,FRED†(21/102),,,18,,,,https://pubs.acs.org/doi/full/10.1021/acs.jcim.7b00153,Uses NEF
try1,FRED†(21/102),,,17,,,,https://pubs.acs.org/doi/full/10.1021/acs.jcim.7b00153,Uses NEF
adrb1,HYBRID†(21/102),,,19,,,,https://pubs.acs.org/doi/full/10.1021/acs.jcim.7b00153,Uses NEF
drd3,HYBRID†(21/102),,,10,,,,https://pubs.acs.org/doi/full/10.1021/acs.jcim.7b00153,Uses NEF
gria2,HYBRID†(21/102),,,47,,,,https://pubs.acs.org/doi/full/10.1021/acs.jcim.7b00153,Uses NEF
braf,HYBRID†(21/102),,,29,,,,https://pubs.acs.org/doi/full/10.1021/acs.jcim.7b00153,Uses NEF
cdk2,HYBRID†(21/102),,,30,,,,https://pubs.acs.org/doi/full/10.1021/acs.jcim.7b00153,Uses NEF
plk1,HYBRID†(21/102),,,10,,,,https://pubs.acs.org/doi/full/10.1021/acs.jcim.7b00153,Uses NEF
src,HYBRID†(21/102),,,7,,,,https://pubs.acs.org/doi/full/10.1021/acs.jcim.7b00153,Uses NEF
fabp4,HYBRID†(21/102),,,32,,,,https://pubs.acs.org/doi/full/10.1021/acs.jcim.7b00153,Uses NEF
esr1,HYBRID†(21/102),,,36,,,,https://pubs.acs.org/doi/full/10.1021/acs.jcim.7b00153,Uses NEF
esr2,HYBRID†(21/102),,,40,,,,https://pubs.acs.org/doi/full/10.1021/acs.jcim.7b00153,Uses NEF
ace,HYBRID†(21/102),,,20,,,,https://pubs.acs.org/doi/full/10.1021/acs.jcim.7b00153,Uses NEF
glcm,HYBRID†(21/102),,,35,,,,https://pubs.acs.org/doi/full/10.1021/acs.jcim.7b00153,Uses NEF
hdac8,HYBRID†(21/102),,,30,,,,https://pubs.acs.org/doi/full/10.1021/acs.jcim.7b00153,Uses NEF
hivint,HYBRID†(21/102),,,10,,,,https://pubs.acs.org/doi/full/10.1021/acs.jcim.7b00153,Uses NEF
pde5a,HYBRID†(21/102),,,31,,,,https://pubs.acs.org/doi/full/10.1021/acs.jcim.7b00153,Uses NEF
ptn1,HYBRID†(21/102),,,19,,,,https://pubs.acs.org/doi/full/10.1021/acs.jcim.7b00153,Uses NEF
ada17,HYBRID†(21/102),,,17,,,,https://pubs.acs.org/doi/full/10.1021/acs.jcim.7b00153,Uses NEF
fa10,HYBRID†(21/102),,,19,,,,https://pubs.acs.org/doi/full/10.1021/acs.jcim.7b00153,Uses NEF
hivpr,HYBRID†(21/102),,,10,,,,https://pubs.acs.org/doi/full/10.1021/acs.jcim.7b00153,Uses NEF
mmp13,HYBRID†(21/102),,,30,,,,https://pubs.acs.org/doi/full/10.1021/acs.jcim.7b00153,Uses NEF
try1,HYBRID†(21/102),,,20,,,,https://pubs.acs.org/doi/full/10.1021/acs.jcim.7b00153,Uses NEF
adrb1,PLANTS†(21/102),,,19,,,,https://pubs.acs.org/doi/full/10.1021/acs.jcim.7b00153,Uses NEF
drd3,PLANTS†(21/102),,,3,,,,https://pubs.acs.org/doi/full/10.1021/acs.jcim.7b00153,Uses NEF
gria2,PLANTS†(21/102),,,14,,,,https://pubs.acs.org/doi/full/10.1021/acs.jcim.7b00153,Uses NEF
braf,PLANTS†(21/102),,,0,,,,https://pubs.acs.org/doi/full/10.1021/acs.jcim.7b00153,Uses NEF
cdk2,PLANTS†(21/102),,,4,,,,https://pubs.acs.org/doi/full/10.1021/acs.jcim.7b00153,Uses NEF
plk1,PLANTS†(21/102),,,1,,,,https://pubs.acs.org/doi/full/10.1021/acs.jcim.7b00153,Uses NEF
src,PLANTS†(21/102),,,1,,,,https://pubs.acs.org/doi/full/10.1021/acs.jcim.7b00153,Uses NEF
fabp4,PLANTS†(21/102),,,0,,,,https://pubs.acs.org/doi/full/10.1021/acs.jcim.7b00153,Uses NEF
esr1,PLANTS†(21/102),,,17,,,,https://pubs.acs.org/doi/full/10.1021/acs.jcim.7b00153,Uses NEF
esr2,PLANTS†(21/102),,,12,,,,https://pubs.acs.org/doi/full/10.1021/acs.jcim.7b00153,Uses NEF
ace,PLANTS†(21/102),,,24,,,,https://pubs.acs.org/doi/full/10.1021/acs.jcim.7b00153,Uses NEF
glcm,PLANTS†(21/102),,,13,,,,https://pubs.acs.org/doi/full/10.1021/acs.jcim.7b00153,Uses NEF
hdac8,PLANTS†(21/102),,,15,,,,https://pubs.acs.org/doi/full/10.1021/acs.jcim.7b00153,Uses NEF
hivint,PLANTS†(21/102),,,15,,,,https://pubs.acs.org/doi/full/10.1021/acs.jcim.7b00153,Uses NEF
pde5a,PLANTS†(21/102),,,15,,,,https://pubs.acs.org/doi/full/10.1021/acs.jcim.7b00153,Uses NEF
ptn1,PLANTS†(21/102),,,21,,,,https://pubs.acs.org/doi/full/10.1021/acs.jcim.7b00153,Uses NEF
ada17,PLANTS†(21/102),,,6,,,,https://pubs.acs.org/doi/full/10.1021/acs.jcim.7b00153,Uses NEF
fa10,PLANTS†(21/102),,,12,,,,https://pubs.acs.org/doi/full/10.1021/acs.jcim.7b00153,Uses NEF
hivpr,PLANTS†(21/102),,,15,,,,https://pubs.acs.org/doi/full/10.1021/acs.jcim.7b00153,Uses NEF
mmp13,PLANTS†(21/102),,,15,,,,https://pubs.acs.org/doi/full/10.1021/acs.jcim.7b00153,Uses NEF
try1,PLANTS†(21/102),,,17,,,,https://pubs.acs.org/doi/full/10.1021/acs.jcim.7b00153,Uses NEF
adrb1,rDock†(21/102),,,13,,,,https://pubs.acs.org/doi/full/10.1021/acs.jcim.7b00153,Uses NEF
drd3,rDock†(21/102),,,1,,,,https://pubs.acs.org/doi/full/10.1021/acs.jcim.7b00153,Uses NEF
gria2,rDock†(21/102),,,4,,,,https://pubs.acs.org/doi/full/10.1021/acs.jcim.7b00153,Uses NEF
braf,rDock†(21/102),,,12,,,,https://pubs.acs.org/doi/full/10.1021/acs.jcim.7b00153,Uses NEF
cdk2,rDock†(21/102),,,17,,,,https://pubs.acs.org/doi/full/10.1021/acs.jcim.7b00153,Uses NEF
plk1,rDock†(21/102),,,10,,,,https://pubs.acs.org/doi/full/10.1021/acs.jcim.7b00153,Uses NEF
src,rDock†(21/102),,,3,,,,https://pubs.acs.org/doi/full/10.1021/acs.jcim.7b00153,Uses NEF
fabp4,rDock†(21/102),,,0,,,,https://pubs.acs.org/doi/full/10.1021/acs.jcim.7b00153,Uses NEF
esr1,rDock†(21/102),,,29,,,,https://pubs.acs.org/doi/full/10.1021/acs.jcim.7b00153,Uses NEF
esr2,rDock†(21/102),,,22,,,,https://pubs.acs.org/doi/full/10.1021/acs.jcim.7b00153,Uses NEF
ace,rDock†(21/102),,,3,,,,https://pubs.acs.org/doi/full/10.1021/acs.jcim.7b00153,Uses NEF
glcm,rDock†(21/102),,,17,,,,https://pubs.acs.org/doi/full/10.1021/acs.jcim.7b00153,Uses NEF
hdac8,rDock†(21/102),,,2,,,,https://pubs.acs.org/doi/full/10.1021/acs.jcim.7b00153,Uses NEF
hivint,rDock†(21/102),,,7,,,,https://pubs.acs.org/doi/full/10.1021/acs.jcim.7b00153,Uses NEF
pde5a,rDock†(21/102),,,10,,,,https://pubs.acs.org/doi/full/10.1021/acs.jcim.7b00153,Uses NEF
ptn1,rDock†(21/102),,,26,,,,https://pubs.acs.org/doi/full/10.1021/acs.jcim.7b00153,Uses NEF
ada17,rDock†(21/102),,,10,,,,https://pubs.acs.org/doi/full/10.1021/acs.jcim.7b00153,Uses NEF
fa10,rDock†(21/102),,,27,,,,https://pubs.acs.org/doi/full/10.1021/acs.jcim.7b00153,Uses NEF
hivpr,rDock†(21/102),,,5,,,,https://pubs.acs.org/doi/full/10.1021/acs.jcim.7b00153,Uses NEF
mmp13,rDock†(21/102),,,3,,,,https://pubs.acs.org/doi/full/10.1021/acs.jcim.7b00153,Uses NEF
try1,rDock†(21/102),,,14,,,,https://pubs.acs.org/doi/full/10.1021/acs.jcim.7b00153,Uses NEF
adrb1,SMINA†(21/102),,,6,,,,https://pubs.acs.org/doi/full/10.1021/acs.jcim.7b00153,Uses NEF
drd3,SMINA†(21/102),,,2,,,,https://pubs.acs.org/doi/full/10.1021/acs.jcim.7b00153,Uses NEF
gria2,SMINA†(21/102),,,8,,,,https://pubs.acs.org/doi/full/10.1021/acs.jcim.7b00153,Uses NEF
braf,SMINA†(21/102),,,14,,,,https://pubs.acs.org/doi/full/10.1021/acs.jcim.7b00153,Uses NEF
cdk2,SMINA†(21/102),,,10,,,,https://pubs.acs.org/doi/full/10.1021/acs.jcim.7b00153,Uses NEF
plk1,SMINA†(21/102),,,0,,,,https://pubs.acs.org/doi/full/10.1021/acs.jcim.7b00153,Uses NEF
src,SMINA†(21/102),,,4,,,,https://pubs.acs.org/doi/full/10.1021/acs.jcim.7b00153,Uses NEF
fabp4,SMINA†(21/102),,,30,,,,https://pubs.acs.org/doi/full/10.1021/acs.jcim.7b00153,Uses NEF
esr1,SMINA†(21/102),,,23,,,,https://pubs.acs.org/doi/full/10.1021/acs.jcim.7b00153,Uses NEF
esr2,SMINA†(21/102),,,20,,,,https://pubs.acs.org/doi/full/10.1021/acs.jcim.7b00153,Uses NEF
ace,SMINA†(21/102),,,3,,,,https://pubs.acs.org/doi/full/10.1021/acs.jcim.7b00153,Uses NEF
glcm,SMINA†(21/102),,,4,,,,https://pubs.acs.org/doi/full/10.1021/acs.jcim.7b00153,Uses NEF
hdac8,SMINA†(21/102),,,32,,,,https://pubs.acs.org/doi/full/10.1021/acs.jcim.7b00153,Uses NEF
hivint,SMINA†(21/102),,,8,,,,https://pubs.acs.org/doi/full/10.1021/acs.jcim.7b00153,Uses NEF
pde5a,SMINA†(21/102),,,12,,,,https://pubs.acs.org/doi/full/10.1021/acs.jcim.7b00153,Uses NEF
ptn1,SMINA†(21/102),,,21,,,,https://pubs.acs.org/doi/full/10.1021/acs.jcim.7b00153,Uses NEF
ada17,SMINA†(21/102),,,14,,,,https://pubs.acs.org/doi/full/10.1021/acs.jcim.7b00153,Uses NEF
fa10,SMINA†(21/102),,,18,,,,https://pubs.acs.org/doi/full/10.1021/acs.jcim.7b00153,Uses NEF
hivpr,SMINA†(21/102),,,6,,,,https://pubs.acs.org/doi/full/10.1021/acs.jcim.7b00153,Uses NEF
mmp13,SMINA†(21/102),,,4,,,,https://pubs.acs.org/doi/full/10.1021/acs.jcim.7b00153,Uses NEF
try1,SMINA†(21/102),,,3,,,,https://pubs.acs.org/doi/full/10.1021/acs.jcim.7b00153,Uses NEF
adrb1,BoostingConsensus*†(21/102),,,31,,,,https://pubs.acs.org/doi/full/10.1021/acs.jcim.7b00153,Uses NEF
drd3,BoostingConsensus*†(21/102),,,13,,,,https://pubs.acs.org/doi/full/10.1021/acs.jcim.7b00153,Uses NEF
gria2,BoostingConsensus*†(21/102),,,49,,,,https://pubs.acs.org/doi/full/10.1021/acs.jcim.7b00153,Uses NEF
braf,BoostingConsensus*†(21/102),,,29,,,,https://pubs.acs.org/doi/full/10.1021/acs.jcim.7b00153,Uses NEF
cdk2,BoostingConsensus*†(21/102),,,35,,,,https://pubs.acs.org/doi/full/10.1021/acs.jcim.7b00153,Uses NEF
plk1,BoostingConsensus*†(21/102),,,8,,,,https://pubs.acs.org/doi/full/10.1021/acs.jcim.7b00153,Uses NEF
src,BoostingConsensus*†(21/102),,,7,,,,https://pubs.acs.org/doi/full/10.1021/acs.jcim.7b00153,Uses NEF
fabp4,BoostingConsensus*†(21/102),,,34,,,,https://pubs.acs.org/doi/full/10.1021/acs.jcim.7b00153,Uses NEF
esr1,BoostingConsensus*†(21/102),,,38,,,,https://pubs.acs.org/doi/full/10.1021/acs.jcim.7b00153,Uses NEF
esr2,BoostingConsensus*†(21/102),,,35,,,,https://pubs.acs.org/doi/full/10.1021/acs.jcim.7b00153,Uses NEF
ace,BoostingConsensus*†(21/102),,,33,,,,https://pubs.acs.org/doi/full/10.1021/acs.jcim.7b00153,Uses NEF
glcm,BoostingConsensus*†(21/102),,,37,,,,https://pubs.acs.org/doi/full/10.1021/acs.jcim.7b00153,Uses NEF
hdac8,BoostingConsensus*†(21/102),,,45,,,,https://pubs.acs.org/doi/full/10.1021/acs.jcim.7b00153,Uses NEF
hivint,BoostingConsensus*†(21/102),,,19,,,,https://pubs.acs.org/doi/full/10.1021/acs.jcim.7b00153,Uses NEF
pde5a,BoostingConsensus*†(21/102),,,32,,,,https://pubs.acs.org/doi/full/10.1021/acs.jcim.7b00153,Uses NEF
ptn1,BoostingConsensus*†(21/102),,,35,,,,https://pubs.acs.org/doi/full/10.1021/acs.jcim.7b00153,Uses NEF
ada17,BoostingConsensus*†(21/102),,,19,,,,https://pubs.acs.org/doi/full/10.1021/acs.jcim.7b00153,Uses NEF
fa10,BoostingConsensus*†(21/102),,,26,,,,https://pubs.acs.org/doi/full/10.1021/acs.jcim.7b00153,Uses NEF
hivpr,BoostingConsensus*†(21/102),,,19,,,,https://pubs.acs.org/doi/full/10.1021/acs.jcim.7b00153,Uses NEF
mmp13,BoostingConsensus*†(21/102),,,34,,,,https://pubs.acs.org/doi/full/10.1021/acs.jcim.7b00153,Uses NEF
try1,BoostingConsensus*†(21/102),,,33,,,,https://pubs.acs.org/doi/full/10.1021/acs.jcim.7b00153,Uses NEF
adrb1,Mean-VarianceConsensus*†(21/102),,,27,,,,https://pubs.acs.org/doi/full/10.1021/acs.jcim.7b00153,Uses NEF
drd3,Mean-VarianceConsensus*†(21/102),,,7,,,,https://pubs.acs.org/doi/full/10.1021/acs.jcim.7b00153,Uses NEF
gria2,Mean-VarianceConsensus*†(21/102),,,46,,,,https://pubs.acs.org/doi/full/10.1021/acs.jcim.7b00153,Uses NEF
braf,Mean-VarianceConsensus*†(21/102),,,23,,,,https://pubs.acs.org/doi/full/10.1021/acs.jcim.7b00153,Uses NEF
cdk2,Mean-VarianceConsensus*†(21/102),,,27,,,,https://pubs.acs.org/doi/full/10.1021/acs.jcim.7b00153,Uses NEF
plk1,Mean-VarianceConsensus*†(21/102),,,8,,,,https://pubs.acs.org/doi/full/10.1021/acs.jcim.7b00153,Uses NEF
src,Mean-VarianceConsensus*†(21/102),,,9,,,,https://pubs.acs.org/doi/full/10.1021/acs.jcim.7b00153,Uses NEF
fabp4,Mean-VarianceConsensus*†(21/102),,,32,,,,https://pubs.acs.org/doi/full/10.1021/acs.jcim.7b00153,Uses NEF
esr1,Mean-VarianceConsensus*†(21/102),,,37,,,,https://pubs.acs.org/doi/full/10.1021/acs.jcim.7b00153,Uses NEF
esr2,Mean-VarianceConsensus*†(21/102),,,34,,,,https://pubs.acs.org/doi/full/10.1021/acs.jcim.7b00153,Uses NEF
ace,Mean-VarianceConsensus*†(21/102),,,30,,,,https://pubs.acs.org/doi/full/10.1021/acs.jcim.7b00153,Uses NEF
glcm,Mean-VarianceConsensus*†(21/102),,,30,,,,https://pubs.acs.org/doi/full/10.1021/acs.jcim.7b00153,Uses NEF
hdac8,Mean-VarianceConsensus*†(21/102),,,46,,,,https://pubs.acs.org/doi/full/10.1021/acs.jcim.7b00153,Uses NEF
hivint,Mean-VarianceConsensus*†(21/102),,,21,,,,https://pubs.acs.org/doi/full/10.1021/acs.jcim.7b00153,Uses NEF
pde5a,Mean-VarianceConsensus*†(21/102),,,28,,,,https://pubs.acs.org/doi/full/10.1021/acs.jcim.7b00153,Uses NEF
ptn1,Mean-VarianceConsensus*†(21/102),,,37,,,,https://pubs.acs.org/doi/full/10.1021/acs.jcim.7b00153,Uses NEF
ada17,Mean-VarianceConsensus*†(21/102),,,17,,,,https://pubs.acs.org/doi/full/10.1021/acs.jcim.7b00153,Uses NEF
fa10,Mean-VarianceConsensus*†(21/102),,,30,,,,https://pubs.acs.org/doi/full/10.1021/acs.jcim.7b00153,Uses NEF
hivpr,Mean-VarianceConsensus*†(21/102),,,16,,,,https://pubs.acs.org/doi/full/10.1021/acs.jcim.7b00153,Uses NEF
mmp13,Mean-VarianceConsensus*†(21/102),,,25,,,,https://pubs.acs.org/doi/full/10.1021/acs.jcim.7b00153,Uses NEF
try1,Mean-VarianceConsensus*†(21/102),,,31,,,,https://pubs.acs.org/doi/full/10.1021/acs.jcim.7b00153,Uses NEF
aa2ar,DeepScore‡,,,56.13,0.99,,,https://www.frontiersin.org/articles/10.3389/fphar.2019.00924,Uses NEF
abl1,DeepScore‡,,,40.08,0.97,,,https://www.frontiersin.org/articles/10.3389/fphar.2019.00924,Uses NEF
ace,DeepScore‡,,,60.15,0.99,,,https://www.frontiersin.org/articles/10.3389/fphar.2019.00924,Uses NEF
aces,DeepScore‡,,,59.25,0.98,,,https://www.frontiersin.org/articles/10.3389/fphar.2019.00924,Uses NEF
ada,DeepScore‡,,,58.2,1,,,https://www.frontiersin.org/articles/10.3389/fphar.2019.00924,Uses NEF
ada17,DeepScore‡,,,69.29,1,,,https://www.frontiersin.org/articles/10.3389/fphar.2019.00924,Uses NEF
adrb1,DeepScore‡,,,50.94,0.98,,,https://www.frontiersin.org/articles/10.3389/fphar.2019.00924,Uses NEF
adrb2,DeepScore‡,,,52.38,0.98,,,https://www.frontiersin.org/articles/10.3389/fphar.2019.00924,Uses NEF
akt1,DeepScore‡,,,59.03,0.99,,,https://www.frontiersin.org/articles/10.3389/fphar.2019.00924,Uses NEF
akt2,DeepScore‡,,,53.9,0.98,,,https://www.frontiersin.org/articles/10.3389/fphar.2019.00924,Uses NEF
aldr,DeepScore‡,,,47.49,0.97,,,https://www.frontiersin.org/articles/10.3389/fphar.2019.00924,Uses NEF
ampc,DeepScore‡,,,28.07,0.93,,,https://www.frontiersin.org/articles/10.3389/fphar.2019.00924,Uses NEF
andr,DeepScore‡,,,44.76,0.97,,,https://www.frontiersin.org/articles/10.3389/fphar.2019.00924,Uses NEF
aofb,DeepScore‡,,,32.9,0.94,,,https://www.frontiersin.org/articles/10.3389/fphar.2019.00924,Uses NEF
bace1,DeepScore‡,,,50.47,0.96,,,https://www.frontiersin.org/articles/10.3389/fphar.2019.00924,Uses NEF
braf,DeepScore‡,,,62.85,0.99,,,https://www.frontiersin.org/articles/10.3389/fphar.2019.00924,Uses NEF
cah2,DeepScore‡,,,59.52,0.99,,,https://www.frontiersin.org/articles/10.3389/fphar.2019.00924,Uses NEF
casp3,DeepScore‡,,,50.8,0.98,,,https://www.frontiersin.org/articles/10.3389/fphar.2019.00924,Uses NEF
cdk2,DeepScore‡,,,43.91,0.97,,,https://www.frontiersin.org/articles/10.3389/fphar.2019.00924,Uses NEF
comt,DeepScore‡,,,87.83,1,,,https://www.frontiersin.org/articles/10.3389/fphar.2019.00924,Uses NEF
cp2c9,DeepScore‡,,,22.04,0.87,,,https://www.frontiersin.org/articles/10.3389/fphar.2019.00924,Uses NEF
cp3a4,DeepScore‡,,,37.09,0.92,,,https://www.frontiersin.org/articles/10.3389/fphar.2019.00924,Uses NEF
csf1r,DeepScore‡,,,58.96,0.98,,,https://www.frontiersin.org/articles/10.3389/fphar.2019.00924,Uses NEF
cxcr4,DeepScore‡,,,56.79,0.94,,,https://www.frontiersin.org/articles/10.3389/fphar.2019.00924,Uses NEF
def,DeepScore‡,,,58.07,1,,,https://www.frontiersin.org/articles/10.3389/fphar.2019.00924,Uses NEF
dhi1,DeepScore‡,,,44.97,0.98,,,https://www.frontiersin.org/articles/10.3389/fphar.2019.00924,Uses NEF
dpp4,DeepScore‡,,,75.47,1,,,https://www.frontiersin.org/articles/10.3389/fphar.2019.00924,Uses NEF
drd3,DeepScore‡,,,51.9,0.97,,,https://www.frontiersin.org/articles/10.3389/fphar.2019.00924,Uses NEF
dyr,DeepScore‡,,,68.68,0.99,,,https://www.frontiersin.org/articles/10.3389/fphar.2019.00924,Uses NEF
egfr,DeepScore‡,,,61.91,0.99,,,https://www.frontiersin.org/articles/10.3389/fphar.2019.00924,Uses NEF
esr1,DeepScore‡,,,52.57,0.99,,,https://www.frontiersin.org/articles/10.3389/fphar.2019.00924,Uses NEF
esr2,DeepScore‡,,,52.73,0.99,,,https://www.frontiersin.org/articles/10.3389/fphar.2019.00924,Uses NEF
fa10,DeepScore‡,,,36.75,0.99,,,https://www.frontiersin.org/articles/10.3389/fphar.2019.00924,Uses NEF
fa7,DeepScore‡,,,51.48,0.99,,,https://www.frontiersin.org/articles/10.3389/fphar.2019.00924,Uses NEF
fabp4,DeepScore‡,,,32.55,0.95,,,https://www.frontiersin.org/articles/10.3389/fphar.2019.00924,Uses NEF
fak1,DeepScore‡,,,53.41,0.99,,,https://www.frontiersin.org/articles/10.3389/fphar.2019.00924,Uses NEF
fgfr1,DeepScore‡,,,40.91,0.97,,,https://www.frontiersin.org/articles/10.3389/fphar.2019.00924,Uses NEF
fkb1a,DeepScore‡,,,52.69,1,,,https://www.frontiersin.org/articles/10.3389/fphar.2019.00924,Uses NEF
fnta,DeepScore‡,,,79.44,0.99,,,https://www.frontiersin.org/articles/10.3389/fphar.2019.00924,Uses NEF
fpps,DeepScore‡,,,92.83,1,,,https://www.frontiersin.org/articles/10.3389/fphar.2019.00924,Uses NEF
gcr,DeepScore‡,,,40.91,0.97,,,https://www.frontiersin.org/articles/10.3389/fphar.2019.00924,Uses NEF
glcm,DeepScore‡,,,45.49,0.97,,,https://www.frontiersin.org/articles/10.3389/fphar.2019.00924,Uses NEF
gria2,DeepScore‡,,,59.67,0.96,,,https://www.frontiersin.org/articles/10.3389/fphar.2019.00924,Uses NEF
grik1,DeepScore‡,,,58.36,0.98,,,https://www.frontiersin.org/articles/10.3389/fphar.2019.00924,Uses NEF
hdac2,DeepScore‡,,,55.62,0.99,,,https://www.frontiersin.org/articles/10.3389/fphar.2019.00924,Uses NEF
hdac8,DeepScore‡,,,63.51,0.99,,,https://www.frontiersin.org/articles/10.3389/fphar.2019.00924,Uses NEF
hivint,DeepScore‡,,,58.42,0.98,,,https://www.frontiersin.org/articles/10.3389/fphar.2019.00924,Uses NEF
hivpr,DeepScore‡,,,62.85,0.99,,,https://www.frontiersin.org/articles/10.3389/fphar.2019.00924,Uses NEF
hivrt,DeepScore‡,,,43.82,0.97,,,https://www.frontiersin.org/articles/10.3389/fphar.2019.00924,Uses NEF
hmdh,DeepScore‡,,,45.01,0.99,,,https://www.frontiersin.org/articles/10.3389/fphar.2019.00924,Uses NEF
hs90a,DeepScore‡,,,40.17,0.99,,,https://www.frontiersin.org/articles/10.3389/fphar.2019.00924,Uses NEF
hxk4,DeepScore‡,,,47.78,0.98,,,https://www.frontiersin.org/articles/10.3389/fphar.2019.00924,Uses NEF
igf1r,DeepScore‡,,,48.02,0.97,,,https://www.frontiersin.org/articles/10.3389/fphar.2019.00924,Uses NEF
inha,DeepScore‡,,,45.93,0.96,,,https://www.frontiersin.org/articles/10.3389/fphar.2019.00924,Uses NEF
ital,DeepScore‡,,,64.75,0.99,,,https://www.frontiersin.org/articles/10.3389/fphar.2019.00924,Uses NEF
jak2,DeepScore‡,,,56.5,0.98,,,https://www.frontiersin.org/articles/10.3389/fphar.2019.00924,Uses NEF
kif11,DeepScore‡,,,54.28,0.97,,,https://www.frontiersin.org/articles/10.3389/fphar.2019.00924,Uses NEF
kit,DeepScore‡,,,46.01,0.96,,,https://www.frontiersin.org/articles/10.3389/fphar.2019.00924,Uses NEF
kith,DeepScore‡,,,50.42,1,,,https://www.frontiersin.org/articles/10.3389/fphar.2019.00924,Uses NEF
kpcb,DeepScore‡,,,51.17,0.97,,,https://www.frontiersin.org/articles/10.3389/fphar.2019.00924,Uses NEF
lck,DeepScore‡,,,58.14,0.98,,,https://www.frontiersin.org/articles/10.3389/fphar.2019.00924,Uses NEF
lkha4,DeepScore‡,,,39.5,0.99,,,https://www.frontiersin.org/articles/10.3389/fphar.2019.00924,Uses NEF
mapk2,DeepScore‡,,,54.13,0.98,,,https://www.frontiersin.org/articles/10.3389/fphar.2019.00924,Uses NEF
mcr,DeepScore‡,,,36.38,0.98,,,https://www.frontiersin.org/articles/10.3389/fphar.2019.00924,Uses NEF
met,DeepScore‡,,,61.07,0.98,,,https://www.frontiersin.org/articles/10.3389/fphar.2019.00924,Uses NEF
mk01,DeepScore‡,,,34.7,0.97,,,https://www.frontiersin.org/articles/10.3389/fphar.2019.00924,Uses NEF
mk10,DeepScore‡,,,47.2,0.95,,,https://www.frontiersin.org/articles/10.3389/fphar.2019.00924,Uses NEF
mk14,DeepScore‡,,,53.13,0.98,,,https://www.frontiersin.org/articles/10.3389/fphar.2019.00924,Uses NEF
mmp13,DeepScore‡,,,64.93,0.99,,,https://www.frontiersin.org/articles/10.3389/fphar.2019.00924,Uses NEF
mp2k1,DeepScore‡,,,54.43,0.96,,,https://www.frontiersin.org/articles/10.3389/fphar.2019.00924,Uses NEF
nos1,DeepScore‡,,,50.14,0.95,,,https://www.frontiersin.org/articles/10.3389/fphar.2019.00924,Uses NEF
nram,DeepScore‡,,,62.62,0.98,,,https://www.frontiersin.org/articles/10.3389/fphar.2019.00924,Uses NEF
pa2ga,DeepScore‡,,,47.92,0.98,,,https://www.frontiersin.org/articles/10.3389/fphar.2019.00924,Uses NEF
parp1,DeepScore‡,,,58.55,1,,,https://www.frontiersin.org/articles/10.3389/fphar.2019.00924,Uses NEF
pde5a,DeepScore‡,,,59.85,0.99,,,https://www.frontiersin.org/articles/10.3389/fphar.2019.00924,Uses NEF
pgh1,DeepScore‡,,,36.85,0.92,,,https://www.frontiersin.org/articles/10.3389/fphar.2019.00924,Uses NEF
pgh2,DeepScore‡,,,46.46,0.96,,,https://www.frontiersin.org/articles/10.3389/fphar.2019.00924,Uses NEF
plk1,DeepScore‡,,,53.69,0.97,,,https://www.frontiersin.org/articles/10.3389/fphar.2019.00924,Uses NEF
pnph,DeepScore‡,,,66.13,1,,,https://www.frontiersin.org/articles/10.3389/fphar.2019.00924,Uses NEF
ppara,DeepScore‡,,,41.6,0.98,,,https://www.frontiersin.org/articles/10.3389/fphar.2019.00924,Uses NEF
ppard,DeepScore‡,,,44.75,0.99,,,https://www.frontiersin.org/articles/10.3389/fphar.2019.00924,Uses NEF
pparg,DeepScore‡,,,48.05,0.97,,,https://www.frontiersin.org/articles/10.3389/fphar.2019.00924,Uses NEF
prgr,DeepScore‡,,,52.21,0.98,,,https://www.frontiersin.org/articles/10.3389/fphar.2019.00924,Uses NEF
ptn1,DeepScore‡,,,45.74,0.98,,,https://www.frontiersin.org/articles/10.3389/fphar.2019.00924,Uses NEF
pur2,DeepScore‡,,,53.96,1,,,https://www.frontiersin.org/articles/10.3389/fphar.2019.00924,Uses NEF
pygm,DeepScore‡,,,26.77,0.95,,,https://www.frontiersin.org/articles/10.3389/fphar.2019.00924,Uses NEF
pyrd,DeepScore‡,,,55.01,0.99,,,https://www.frontiersin.org/articles/10.3389/fphar.2019.00924,Uses NEF
reni,DeepScore‡,,,57.22,0.97,,,https://www.frontiersin.org/articles/10.3389/fphar.2019.00924,Uses NEF
rock1,DeepScore‡,,,50.11,0.98,,,https://www.frontiersin.org/articles/10.3389/fphar.2019.00924,Uses NEF
rxra,DeepScore‡,,,42.44,1,,,https://www.frontiersin.org/articles/10.3389/fphar.2019.00924,Uses NEF
sahh,DeepScore‡,,,42.64,1,,,https://www.frontiersin.org/articles/10.3389/fphar.2019.00924,Uses NEF
src,DeepScore‡,,,57.42,0.98,,,https://www.frontiersin.org/articles/10.3389/fphar.2019.00924,Uses NEF
tgfr1,DeepScore‡,,,61.85,1,,,https://www.frontiersin.org/articles/10.3389/fphar.2019.00924,Uses NEF
thb,DeepScore‡,,,42.62,0.99,,,https://www.frontiersin.org/articles/10.3389/fphar.2019.00924,Uses NEF
thrb,DeepScore‡,,,56.68,0.99,,,https://www.frontiersin.org/articles/10.3389/fphar.2019.00924,Uses NEF
try1,DeepScore‡,,,57.36,0.99,,,https://www.frontiersin.org/articles/10.3389/fphar.2019.00924,Uses NEF
tryb1,DeepScore‡,,,50.1,1,,,https://www.frontiersin.org/articles/10.3389/fphar.2019.00924,Uses NEF
tysy,DeepScore‡,,,54.99,0.99,,,https://www.frontiersin.org/articles/10.3389/fphar.2019.00924,Uses NEF
urok,DeepScore‡,,,56.28,0.98,,,https://www.frontiersin.org/articles/10.3389/fphar.2019.00924,Uses NEF
vgfr2,DeepScore‡,,,43.98,0.99,,,https://www.frontiersin.org/articles/10.3389/fphar.2019.00924,Uses NEF
wee1,DeepScore‡,,,59.91,1,,,https://www.frontiersin.org/articles/10.3389/fphar.2019.00924,Uses NEF
xiap,DeepScore‡,,,50.87,1,,,https://www.frontiersin.org/articles/10.3389/fphar.2019.00924,Uses NEF
aa2ar,DenseFS,30.9,,,0.908,,,https://pubs.acs.org/doi/full/10.1021/acs.jcim.8b00350,
abl1,DenseFS,88.3,,,0.985,,,https://pubs.acs.org/doi/full/10.1021/acs.jcim.8b00350,
ace,DenseFS,56.7,,,0.969,,,https://pubs.acs.org/doi/full/10.1021/acs.jcim.8b00350,
aces,DenseFS,8.3,,,0.838,,,https://pubs.acs.org/doi/full/10.1021/acs.jcim.8b00350,
ada,DenseFS,59.1,,,0.925,,,https://pubs.acs.org/doi/full/10.1021/acs.jcim.8b00350,
ada17,DenseFS,85.7,,,0.983,,,https://pubs.acs.org/doi/full/10.1021/acs.jcim.8b00350,
adrb1,DenseFS,29.15,,,0.947,,,https://pubs.acs.org/doi/full/10.1021/acs.jcim.8b00350,
adrb2,DenseFS,28.57,,,0.941,,,https://pubs.acs.org/doi/full/10.1021/acs.jcim.8b00350,
akt1,DenseFS,89.4,,,0.989,,,https://pubs.acs.org/doi/full/10.1021/acs.jcim.8b00350,
akt2,DenseFS,8.9,,,0.994,,,https://pubs.acs.org/doi/full/10.1021/acs.jcim.8b00350,
aldr,DenseFS,11.9,,,0.688,,,https://pubs.acs.org/doi/full/10.1021/acs.jcim.8b00350,
ampc,DenseFS,14.5,,,0.616,,,https://pubs.acs.org/doi/full/10.1021/acs.jcim.8b00350,
andr,DenseFS,26.3,,,0.928,,,https://pubs.acs.org/doi/full/10.1021/acs.jcim.8b00350,
aofb,DenseFS,6.5,,,0.725,,,https://pubs.acs.org/doi/full/10.1021/acs.jcim.8b00350,
bace1,DenseFS,27.5,,,0.93,,,https://pubs.acs.org/doi/full/10.1021/acs.jcim.8b00350,
braf,DenseFS,96,,,0.997,,,https://pubs.acs.org/doi/full/10.1021/acs.jcim.8b00350,
cah2,DenseFS,3.4,,,0.567,,,https://pubs.acs.org/doi/full/10.1021/acs.jcim.8b00350,
casp3,DenseFS,45.4,,,0.914,,,https://pubs.acs.org/doi/full/10.1021/acs.jcim.8b00350,
cdk2,DenseFS,48.6,,,0.949,,,https://pubs.acs.org/doi/full/10.1021/acs.jcim.8b00350,
comt,DenseFS,4.8,,,0.853,,,https://pubs.acs.org/doi/full/10.1021/acs.jcim.8b00350,
cp2c9,DenseFS,40.8,,,0.925,,,https://pubs.acs.org/doi/full/10.1021/acs.jcim.8b00350,
cp3a4,DenseFS,44.3,,,0.938,,,https://pubs.acs.org/doi/full/10.1021/acs.jcim.8b00350,
csf1r,DenseFS,61.4,,,0.979,,,https://pubs.acs.org/doi/full/10.1021/acs.jcim.8b00350,
cxcr4,DenseFS,5,,,0.76,,,https://pubs.acs.org/doi/full/10.1021/acs.jcim.8b00350,
def,DenseFS,47,,,0.964,,,https://pubs.acs.org/doi/full/10.1021/acs.jcim.8b00350,
dhi1,DenseFS,1.8,,,0.701,,,https://pubs.acs.org/doi/full/10.1021/acs.jcim.8b00350,
dpp4,DenseFS,16.6,,,0.849,,,https://pubs.acs.org/doi/full/10.1021/acs.jcim.8b00350,
drd3,DenseFS,18.8,,,0.882,,,https://pubs.acs.org/doi/full/10.1021/acs.jcim.8b00350,
dyr,DenseFS,58,,,0.943,,,https://pubs.acs.org/doi/full/10.1021/acs.jcim.8b00350,
egfr,DenseFS,86.7,,,0.985,,,https://pubs.acs.org/doi/full/10.1021/acs.jcim.8b00350,
esr1,DenseFS,56.1,,,0.951,,,https://pubs.acs.org/doi/full/10.1021/acs.jcim.8b00350,
esr2,DenseFS,58.8,,,0.94,,,https://pubs.acs.org/doi/full/10.1021/acs.jcim.8b00350,
fa10,DenseFS,56.9,,,0.958,,,https://pubs.acs.org/doi/full/10.1021/acs.jcim.8b00350,
fa7,DenseFS,85.9,,,0.989,,,https://pubs.acs.org/doi/full/10.1021/acs.jcim.8b00350,
fabp4,DenseFS,23,,,0.846,,,https://pubs.acs.org/doi/full/10.1021/acs.jcim.8b00350,
fak1,DenseFS,92,,,0.996,,,https://pubs.acs.org/doi/full/10.1021/acs.jcim.8b00350,
fgfr1,DenseFS,79.85,,,0.99,,,https://pubs.acs.org/doi/full/10.1021/acs.jcim.8b00350,
fkb1a,DenseFS,6.3,,,0.796,,,https://pubs.acs.org/doi/full/10.1021/acs.jcim.8b00350,
fnta,DenseFS,71.2,,,0.97,,,https://pubs.acs.org/doi/full/10.1021/acs.jcim.8b00350,
fpps,DenseFS,85.8,,,0.995,,,https://pubs.acs.org/doi/full/10.1021/acs.jcim.8b00350,
gcr,DenseFS,20.9,,,0.923,,,https://pubs.acs.org/doi/full/10.1021/acs.jcim.8b00350,
glcm,DenseFS,1.85,,,0.608,,,https://pubs.acs.org/doi/full/10.1021/acs.jcim.8b00350,
gria2,DenseFS,11.3,,,0.906,,,https://pubs.acs.org/doi/full/10.1021/acs.jcim.8b00350,
grik1,DenseFS,29,,,0.881,,,https://pubs.acs.org/doi/full/10.1021/acs.jcim.8b00350,
hdac2,DenseFS,74,,,0.965,,,https://pubs.acs.org/doi/full/10.1021/acs.jcim.8b00350,
hdac8,DenseFS,87,,,0.988,,,https://pubs.acs.org/doi/full/10.1021/acs.jcim.8b00350,
hivint,DenseFS,48,,,0.946,,,https://pubs.acs.org/doi/full/10.1021/acs.jcim.8b00350,
hivpr,DenseFS,8.3,,,0.888,,,https://pubs.acs.org/doi/full/10.1021/acs.jcim.8b00350,
hivrt,DenseFS,12.76,,,0.768,,,https://pubs.acs.org/doi/full/10.1021/acs.jcim.8b00350,
hmdh,DenseFS,45.29,,,0.966,,,https://pubs.acs.org/doi/full/10.1021/acs.jcim.8b00350,
hs90a,DenseFS,22.7,,,0.893,,,https://pubs.acs.org/doi/full/10.1021/acs.jcim.8b00350,
hxk4,DenseFS,41.3,,,0.77,,,https://pubs.acs.org/doi/full/10.1021/acs.jcim.8b00350,
igf1r,DenseFS,91.8,,,0.973,,,https://pubs.acs.org/doi/full/10.1021/acs.jcim.8b00350,
inha,DenseFS,18.6,,,0.859,,,https://pubs.acs.org/doi/full/10.1021/acs.jcim.8b00350,
ital,DenseFS,40.14,,,0.895,,,https://pubs.acs.org/doi/full/10.1021/acs.jcim.8b00350,
jak2,DenseFS,96.2,,,0.992,,,https://pubs.acs.org/doi/full/10.1021/acs.jcim.8b00350,
kif11,DenseFS,4.3,,,0.741,,,https://pubs.acs.org/doi/full/10.1021/acs.jcim.8b00350,
kit,DenseFS,56.6,,,0.923,,,https://pubs.acs.org/doi/full/10.1021/acs.jcim.8b00350,
kith,DenseFS,26.3,,,0.8,,,https://pubs.acs.org/doi/full/10.1021/acs.jcim.8b00350,
kpcb,DenseFS,15.5,,,0.813,,,https://pubs.acs.org/doi/full/10.1021/acs.jcim.8b00350,
lck,DenseFS,84.7,,,0.943,,,https://pubs.acs.org/doi/full/10.1021/acs.jcim.8b00350,
lkha4,DenseFS,32.9,,,0.955,,,https://pubs.acs.org/doi/full/10.1021/acs.jcim.8b00350,
mapk2,DenseFS,61.3,,,0.851,,,https://pubs.acs.org/doi/full/10.1021/acs.jcim.8b00350,
mcr,DenseFS,25.5,,,0.797,,,https://pubs.acs.org/doi/full/10.1021/acs.jcim.8b00350,
met,DenseFS,88.5,,,0.978,,,https://pubs.acs.org/doi/full/10.1021/acs.jcim.8b00350,
mk01,DenseFS,82.2,,,0.923,,,https://pubs.acs.org/doi/full/10.1021/acs.jcim.8b00350,
mk10,DenseFS,60.5,,,0.907,,,https://pubs.acs.org/doi/full/10.1021/acs.jcim.8b00350,
mk14,DenseFS,59.8,,,0.918,,,https://pubs.acs.org/doi/full/10.1021/acs.jcim.8b00350,
mmp13,DenseFS,89.8,,,0.957,,,https://pubs.acs.org/doi/full/10.1021/acs.jcim.8b00350,
mp2k1,DenseFS,47.5,,,0.784,,,https://pubs.acs.org/doi/full/10.1021/acs.jcim.8b00350,
nos1,DenseFS,34,,,0.691,,,https://pubs.acs.org/doi/full/10.1021/acs.jcim.8b00350,
nram,DenseFS,9.18,,,0.619,,,https://pubs.acs.org/doi/full/10.1021/acs.jcim.8b00350,
pa2ga,DenseFS,6.12,,,0.806,,,https://pubs.acs.org/doi/full/10.1021/acs.jcim.8b00350,
parp1,DenseFS,14.76,,,0.863,,,https://pubs.acs.org/doi/full/10.1021/acs.jcim.8b00350,
pde5a,DenseFS,47.2,,,0.885,,,https://pubs.acs.org/doi/full/10.1021/acs.jcim.8b00350,
pgh1,DenseFS,15.3,,,0.718,,,https://pubs.acs.org/doi/full/10.1021/acs.jcim.8b00350,
pgh2,DenseFS,26.8,,,0.802,,,https://pubs.acs.org/doi/full/10.1021/acs.jcim.8b00350,
plk1,DenseFS,73.5,,,0.934,,,https://pubs.acs.org/doi/full/10.1021/acs.jcim.8b00350,
pnph,DenseFS,26.4,,,0.907,,,https://pubs.acs.org/doi/full/10.1021/acs.jcim.8b00350,
ppara,DenseFS,76.4,,,0.926,,,https://pubs.acs.org/doi/full/10.1021/acs.jcim.8b00350,
ppard,DenseFS,79.5,,,0.913,,,https://pubs.acs.org/doi/full/10.1021/acs.jcim.8b00350,
pparg,DenseFS,72.7,,,0.931,,,https://pubs.acs.org/doi/full/10.1021/acs.jcim.8b00350,
prgr,DenseFS,18,,,0.836,,,https://pubs.acs.org/doi/full/10.1021/acs.jcim.8b00350,
ptn1,DenseFS,36.9,,,0.883,,,https://pubs.acs.org/doi/full/10.1021/acs.jcim.8b00350,
pur2,DenseFS,56,,,0.958,,,https://pubs.acs.org/doi/full/10.1021/acs.jcim.8b00350,
pygm,DenseFS,6.4,,,0.703,,,https://pubs.acs.org/doi/full/10.1021/acs.jcim.8b00350,
pyrd,DenseFS,27,,,0.885,,,https://pubs.acs.org/doi/full/10.1021/acs.jcim.8b00350,
reni,DenseFS,71.8,,,0.943,,,https://pubs.acs.org/doi/full/10.1021/acs.jcim.8b00350,
rock1,DenseFS,76,,,0.955,,,https://pubs.acs.org/doi/full/10.1021/acs.jcim.8b00350,
rxra,DenseFS,56.4,,,0.887,,,https://pubs.acs.org/doi/full/10.1021/acs.jcim.8b00350,
sahh,DenseFS,34.9,,,0.989,,,https://pubs.acs.org/doi/full/10.1021/acs.jcim.8b00350,
src,DenseFS,87.7,,,0.96,,,https://pubs.acs.org/doi/full/10.1021/acs.jcim.8b00350,
tgfr1,DenseFS,100,,,0.999,,,https://pubs.acs.org/doi/full/10.1021/acs.jcim.8b00350,
thb,DenseFS,37.8,,,0.838,,,https://pubs.acs.org/doi/full/10.1021/acs.jcim.8b00350,
thrb,DenseFS,69.4,,,0.904,,,https://pubs.acs.org/doi/full/10.1021/acs.jcim.8b00350,
try1,DenseFS,92.6,,,0.956,,,https://pubs.acs.org/doi/full/10.1021/acs.jcim.8b00350,
tryb1,DenseFS,85.1,,,0.932,,,https://pubs.acs.org/doi/full/10.1021/acs.jcim.8b00350,
tysy,DenseFS,65.1,,,0.959,,,https://pubs.acs.org/doi/full/10.1021/acs.jcim.8b00350,
urok,DenseFS,93.8,,,0.948,,,https://pubs.acs.org/doi/full/10.1021/acs.jcim.8b00350,
vgfr2,DenseFS,84.3,,,0.962,,,https://pubs.acs.org/doi/full/10.1021/acs.jcim.8b00350,
wee1,DenseFS,79.2,,,0.984,,,https://pubs.acs.org/doi/full/10.1021/acs.jcim.8b00350,
xiap,DenseFS,5.05,,,0.723,,,https://pubs.acs.org/doi/full/10.1021/acs.jcim.8b00350,
aa2ar,Vina,,,2.49,,0.65,0.06,https://pubs.acs.org/doi/10.1021/acs.jcim.2c01057,Uses non-normalized EF
abl1,Vina,,,13.26,,0.78,0.25,https://pubs.acs.org/doi/10.1021/acs.jcim.2c01057,Uses non-normalized EF
ace,Vina,,,2.86,,0.56,0.04,https://pubs.acs.org/doi/10.1021/acs.jcim.2c01057,Uses non-normalized EF
aces,Vina,,,14.57,,0.78,0.25,https://pubs.acs.org/doi/10.1021/acs.jcim.2c01057,Uses non-normalized EF
ada,Vina,,,1.08,,0.57,0.02,https://pubs.acs.org/doi/10.1021/acs.jcim.2c01057,Uses non-normalized EF
ada17,Vina,,,28.01,,0.71,0.42,https://pubs.acs.org/doi/10.1021/acs.jcim.2c01057,Uses non-normalized EF
adrb1,Vina,,,4.05,,0.73,0.08,https://pubs.acs.org/doi/10.1021/acs.jcim.2c01057,Uses non-normalized EF
adrb2,Vina,,,3.46,,0.71,0.09,https://pubs.acs.org/doi/10.1021/acs.jcim.2c01057,Uses non-normalized EF
akt1,Vina,,,5.46,,0.76,0.13,https://pubs.acs.org/doi/10.1021/acs.jcim.2c01057,Uses non-normalized EF
akt2,Vina,,,26.5,,0.79,0.39,https://pubs.acs.org/doi/10.1021/acs.jcim.2c01057,Uses non-normalized EF
aldr,Vina,,,9.43,,0.74,0.16,https://pubs.acs.org/doi/10.1021/acs.jcim.2c01057,Uses non-normalized EF
ampc,Vina,,,0,,0.61,0.02,https://pubs.acs.org/doi/10.1021/acs.jcim.2c01057,Uses non-normalized EF
andr,Vina,,,17.84,,0.63,0.31,https://pubs.acs.org/doi/10.1021/acs.jcim.2c01057,Uses non-normalized EF
aofb,Vina,,,6.56,,0.78,0.16,https://pubs.acs.org/doi/10.1021/acs.jcim.2c01057,Uses non-normalized EF
bace1,Vina,,,4.59,,0.72,0.09,https://pubs.acs.org/doi/10.1021/acs.jcim.2c01057,Uses non-normalized EF
braf,Vina,,,17.11,,0.86,0.27,https://pubs.acs.org/doi/10.1021/acs.jcim.2c01057,Uses non-normalized EF
cah2,Vina,,,0,,0.59,0.01,https://pubs.acs.org/doi/10.1021/acs.jcim.2c01057,Uses non-normalized EF
casp3,Vina,,,1.52,,0.7,0.05,https://pubs.acs.org/doi/10.1021/acs.jcim.2c01057,Uses non-normalized EF
cdk2,Vina,,,9.51,,0.72,0.17,https://pubs.acs.org/doi/10.1021/acs.jcim.2c01057,Uses non-normalized EF
comt,Vina,,,4.88,,0.63,0.06,https://pubs.acs.org/doi/10.1021/acs.jcim.2c01057,Uses non-normalized EF
cp2c9,Vina,,,3.33,,0.62,0.05,https://pubs.acs.org/doi/10.1021/acs.jcim.2c01057,Uses non-normalized EF
cp3a4,Vina,,,1.8,,0.6,0.04,https://pubs.acs.org/doi/10.1021/acs.jcim.2c01057,Uses non-normalized EF
csf1r,Vina,,,1.2,,0.69,0.05,https://pubs.acs.org/doi/10.1021/acs.jcim.2c01057,Uses non-normalized EF
cxcr4,Vina,,,0,,0.6,0,https://pubs.acs.org/doi/10.1021/acs.jcim.2c01057,Uses non-normalized EF
def,Vina,,,9.8,,0.76,0.2,https://pubs.acs.org/doi/10.1021/acs.jcim.2c01057,Uses non-normalized EF
dhi1,Vina,,,4.24,,0.77,0.09,https://pubs.acs.org/doi/10.1021/acs.jcim.2c01057,Uses non-normalized EF
dpp4,Vina,,,0.56,,0.62,0.02,https://pubs.acs.org/doi/10.1021/acs.jcim.2c01057,Uses non-normalized EF
drd3,Vina,,,5.02,,0.75,0.1,https://pubs.acs.org/doi/10.1021/acs.jcim.2c01057,Uses non-normalized EF
dyr,Vina,,,7.36,,0.77,0.12,https://pubs.acs.org/doi/10.1021/acs.jcim.2c01057,Uses non-normalized EF
egfr,Vina,,,5.72,,0.64,0.1,https://pubs.acs.org/doi/10.1021/acs.jcim.2c01057,Uses non-normalized EF
esr1,Vina,,,18.54,,0.83,0.35,https://pubs.acs.org/doi/10.1021/acs.jcim.2c01057,Uses non-normalized EF
esr2,Vina,,,14.99,,0.8,0.28,https://pubs.acs.org/doi/10.1021/acs.jcim.2c01057,Uses non-normalized EF
fa10,Vina,,,15.83,,0.83,0.38,https://pubs.acs.org/doi/10.1021/acs.jcim.2c01057,Uses non-normalized EF
fa7,Vina,,,11.4,,0.91,0.28,https://pubs.acs.org/doi/10.1021/acs.jcim.2c01057,Uses non-normalized EF
fabp4,Vina,,,29.79,,0.78,0.43,https://pubs.acs.org/doi/10.1021/acs.jcim.2c01057,Uses non-normalized EF
fak1,Vina,,,19,,0.81,0.33,https://pubs.acs.org/doi/10.1021/acs.jcim.2c01057,Uses non-normalized EF
fgfr1,Vina,,,1.44,,,1,https://pubs.acs.org/doi/10.1021/acs.jcim.2c01057,Uses non-normalized EF
fkb1a,Vina,,,7.21,,0.77,0.13,https://pubs.acs.org/doi/10.1021/acs.jcim.2c01057,Uses non-normalized EF
fnta,Vina,,,2.7,,0.65,0.05,https://pubs.acs.org/doi/10.1021/acs.jcim.2c01057,Uses non-normalized EF
fpps,Vina,,,0,,0.29,0,https://pubs.acs.org/doi/10.1021/acs.jcim.2c01057,Uses non-normalized EF
gcr,Vina,,,15.12,,0.64,0.24,https://pubs.acs.org/doi/10.1021/acs.jcim.2c01057,Uses non-normalized EF
glcm,Vina,,,0,,0.49,0,https://pubs.acs.org/doi/10.1021/acs.jcim.2c01057,Uses non-normalized EF
gria2,Vina,,,10.76,,0.75,0.17,https://pubs.acs.org/doi/10.1021/acs.jcim.2c01057,Uses non-normalized EF
grik1,Vina,,,4,,0.59,0.08,https://pubs.acs.org/doi/10.1021/acs.jcim.2c01057,Uses non-normalized EF
hdac2,Vina,,,11.89,,0.85,0.24,https://pubs.acs.org/doi/10.1021/acs.jcim.2c01057,Uses non-normalized EF
hdac8,Vina,,,20,,0.82,0.34,https://pubs.acs.org/doi/10.1021/acs.jcim.2c01057,Uses non-normalized EF
hivint,Vina,,,2,,0.71,0.05,https://pubs.acs.org/doi/10.1021/acs.jcim.2c01057,Uses non-normalized EF
hivpr,Vina,,,4.1,,0.72,0.09,https://pubs.acs.org/doi/10.1021/acs.jcim.2c01057,Uses non-normalized EF
hivrt,Vina,,,4.15,,0.68,0.09,https://pubs.acs.org/doi/10.1021/acs.jcim.2c01057,Uses non-normalized EF
hmdh,Vina,,,4.12,,0.79,0.1,https://pubs.acs.org/doi/10.1021/acs.jcim.2c01057,Uses non-normalized EF
hs90a,Vina,,,0,,0.26,0,https://pubs.acs.org/doi/10.1021/acs.jcim.2c01057,Uses non-normalized EF
hxk4,Vina,,,3.26,,0.57,0.05,https://pubs.acs.org/doi/10.1021/acs.jcim.2c01057,Uses non-normalized EF
igf1r,Vina,,,16.22,,0.83,0.25,https://pubs.acs.org/doi/10.1021/acs.jcim.2c01057,Uses non-normalized EF
inha,Vina,,,6.98,,0.72,0.2,https://pubs.acs.org/doi/10.1021/acs.jcim.2c01057,Uses non-normalized EF
ital,Vina,,,0,,0.6,0.01,https://pubs.acs.org/doi/10.1021/acs.jcim.2c01057,Uses non-normalized EF
jak2,Vina,,,15.89,,0.78,0.26,https://pubs.acs.org/doi/10.1021/acs.jcim.2c01057,Uses non-normalized EF
kif11,Vina,,,24.14,,0.85,0.44,https://pubs.acs.org/doi/10.1021/acs.jcim.2c01057,Uses non-normalized EF
kit,Vina,,,4.82,,0.78,0.1,https://pubs.acs.org/doi/10.1021/acs.jcim.2c01057,Uses non-normalized EF
kith,Vina,,,33.33,,0.74,0.51,https://pubs.acs.org/doi/10.1021/acs.jcim.2c01057,Uses non-normalized EF
kpcb,Vina,,,28.15,,0.77,0.46,https://pubs.acs.org/doi/10.1021/acs.jcim.2c01057,Uses non-normalized EF
lck,Vina,,,10,,0.8,0.16,https://pubs.acs.org/doi/10.1021/acs.jcim.2c01057,Uses non-normalized EF
lkha4,Vina,,,14.71,,0.89,0.29,https://pubs.acs.org/doi/10.1021/acs.jcim.2c01057,Uses non-normalized EF
mapk2,Vina,,,13.86,,0.89,0.27,https://pubs.acs.org/doi/10.1021/acs.jcim.2c01057,Uses non-normalized EF
mcr,Vina,,,7.45,,0.54,0.14,https://pubs.acs.org/doi/10.1021/acs.jcim.2c01057,Uses non-normalized EF
met,Vina,,,12.05,,0.81,0.22,https://pubs.acs.org/doi/10.1021/acs.jcim.2c01057,Uses non-normalized EF
mk01,Vina,,,3.8,,0.86,0.11,https://pubs.acs.org/doi/10.1021/acs.jcim.2c01057,Uses non-normalized EF
mk10,Vina,,,7.69,,0.75,0.14,https://pubs.acs.org/doi/10.1021/acs.jcim.2c01057,Uses non-normalized EF
mk14,Vina,,,6.57,,0.74,0.13,https://pubs.acs.org/doi/10.1021/acs.jcim.2c01057,Uses non-normalized EF
mmp13,Vina,,,4.02,,0.66,0.08,https://pubs.acs.org/doi/10.1021/acs.jcim.2c01057,Uses non-normalized EF
mp2k1,Vina,,,0,,0.54,0.01,https://pubs.acs.org/doi/10.1021/acs.jcim.2c01057,Uses non-normalized EF
nos1,Vina,,,2,,0.59,0.03,https://pubs.acs.org/doi/10.1021/acs.jcim.2c01057,Uses non-normalized EF
nram,Vina,,,0,,0.54,0,https://pubs.acs.org/doi/10.1021/acs.jcim.2c01057,Uses non-normalized EF
pa2ga,Vina,,,1.02,,0.62,0.02,https://pubs.acs.org/doi/10.1021/acs.jcim.2c01057,Uses non-normalized EF
parp1,Vina,,,13.78,,0.86,0.26,https://pubs.acs.org/doi/10.1021/acs.jcim.2c01057,Uses non-normalized EF
pde5a,Vina,,,11.81,,0.66,0.19,https://pubs.acs.org/doi/10.1021/acs.jcim.2c01057,Uses non-normalized EF
pgh1,Vina,,,6.15,,0.64,0.11,https://pubs.acs.org/doi/10.1021/acs.jcim.2c01057,Uses non-normalized EF
pgh2,Vina,,,25.98,,0.77,0.45,https://pubs.acs.org/doi/10.1021/acs.jcim.2c01057,Uses non-normalized EF
plk1,Vina,,,0,,0.64,0.03,https://pubs.acs.org/doi/10.1021/acs.jcim.2c01057,Uses non-normalized EF
pnph,Vina,,,11.76,,0.88,0.2,https://pubs.acs.org/doi/10.1021/acs.jcim.2c01057,Uses non-normalized EF
ppara,Vina,,,6.7,,0.86,0.14,https://pubs.acs.org/doi/10.1021/acs.jcim.2c01057,Uses non-normalized EF
ppard,Vina,,,1.25,,0.76,0.05,https://pubs.acs.org/doi/10.1021/acs.jcim.2c01057,Uses non-normalized EF
pparg,Vina,,,6.2,,0.79,0.13,https://pubs.acs.org/doi/10.1021/acs.jcim.2c01057,Uses non-normalized EF
prgr,Vina,,,12.97,,0.67,0.22,https://pubs.acs.org/doi/10.1021/acs.jcim.2c01057,Uses non-normalized EF
ptn1,Vina,,,26.15,,0.83,0.45,https://pubs.acs.org/doi/10.1021/acs.jcim.2c01057,Uses non-normalized EF
pur2,Vina,,,4,,0.91,0.15,https://pubs.acs.org/doi/10.1021/acs.jcim.2c01057,Uses non-normalized EF
pygm,Vina,,,2.6,,0.6,0.04,https://pubs.acs.org/doi/10.1021/acs.jcim.2c01057,Uses non-normalized EF
pyrd,Vina,,,20.72,,0.83,0.34,https://pubs.acs.org/doi/10.1021/acs.jcim.2c01057,Uses non-normalized EF
reni,Vina,,,4.85,,0.66,0.11,https://pubs.acs.org/doi/10.1021/acs.jcim.2c01057,Uses non-normalized EF
rock1,Vina,,,7,,0.72,0.1,https://pubs.acs.org/doi/10.1021/acs.jcim.2c01057,Uses non-normalized EF
rxra,Vina,,,29.77,,0.81,0.51,https://pubs.acs.org/doi/10.1021/acs.jcim.2c01057,Uses non-normalized EF
sahh,Vina,,,22.22,,0.8,0.41,https://pubs.acs.org/doi/10.1021/acs.jcim.2c01057,Uses non-normalized EF
src,Vina,,,5.53,,0.65,0.09,https://pubs.acs.org/doi/10.1021/acs.jcim.2c01057,Uses non-normalized EF
tgfr1,Vina,,,10.53,,0.9,0.23,https://pubs.acs.org/doi/10.1021/acs.jcim.2c01057,Uses non-normalized EF
thb,Vina,,,26.21,,0.82,0.43,https://pubs.acs.org/doi/10.1021/acs.jcim.2c01057,Uses non-normalized EF
thrb,Vina,,,1.52,,0.77,0.07,https://pubs.acs.org/doi/10.1021/acs.jcim.2c01057,Uses non-normalized EF
try1,Vina,,,2.67,,0.8,0.07,https://pubs.acs.org/doi/10.1021/acs.jcim.2c01057,Uses non-normalized EF
tryb1,Vina,,,8.11,,0.71,0.16,https://pubs.acs.org/doi/10.1021/acs.jcim.2c01057,Uses non-normalized EF
tysy,Vina,,,22.94,,0.87,0.36,https://pubs.acs.org/doi/10.1021/acs.jcim.2c01057,Uses non-normalized EF
urok,Vina,,,8.02,,0.77,0.15,https://pubs.acs.org/doi/10.1021/acs.jcim.2c01057,Uses non-normalized EF
vgfr2,Vina,,,17.36,,0.77,0.28,https://pubs.acs.org/doi/10.1021/acs.jcim.2c01057,Uses non-normalized EF
wee1,Vina,,,54.46,,0.96,0.81,https://pubs.acs.org/doi/10.1021/acs.jcim.2c01057,Uses non-normalized EF
xiap,Vina,,,10.1,,0.73,0.16,https://pubs.acs.org/doi/10.1021/acs.jcim.2c01057,Uses non-normalized EF
aa2ar,GNINA,,,6.43,,0.74,0.14,https://pubs.acs.org/doi/10.1021/acs.jcim.2c01057,Uses non-normalized EF
abl1,GNINA,,,20.44,,0.79,0.34,https://pubs.acs.org/doi/10.1021/acs.jcim.2c01057,Uses non-normalized EF
ace,GNINA,,,4.29,,0.61,0.08,https://pubs.acs.org/doi/10.1021/acs.jcim.2c01057,Uses non-normalized EF
aces,GNINA,,,15.45,,0.62,0.27,https://pubs.acs.org/doi/10.1021/acs.jcim.2c01057,Uses non-normalized EF
ada,GNINA,,,13.98,,0.76,0.23,https://pubs.acs.org/doi/10.1021/acs.jcim.2c01057,Uses non-normalized EF
ada17,GNINA,,,31.58,,0.82,0.48,https://pubs.acs.org/doi/10.1021/acs.jcim.2c01057,Uses non-normalized EF
adrb1,GNINA,,,4.05,,0.63,0.08,https://pubs.acs.org/doi/10.1021/acs.jcim.2c01057,Uses non-normalized EF
adrb2,GNINA,,,6.93,,0.71,0.13,https://pubs.acs.org/doi/10.1021/acs.jcim.2c01057,Uses non-normalized EF
akt1,GNINA,,,4.1,,0.76,0.11,https://pubs.acs.org/doi/10.1021/acs.jcim.2c01057,Uses non-normalized EF
akt2,GNINA,,,11.11,,0.81,0.22,https://pubs.acs.org/doi/10.1021/acs.jcim.2c01057,Uses non-normalized EF
aldr,GNINA,,,8.81,,0.56,0.17,https://pubs.acs.org/doi/10.1021/acs.jcim.2c01057,Uses non-normalized EF
ampc,GNINA,,,2.08,,0.52,0.02,https://pubs.acs.org/doi/10.1021/acs.jcim.2c01057,Uses non-normalized EF
andr,GNINA,,,8.55,,0.79,0.17,https://pubs.acs.org/doi/10.1021/acs.jcim.2c01057,Uses non-normalized EF
aofb,GNINA,,,1.64,,0.51,0.04,https://pubs.acs.org/doi/10.1021/acs.jcim.2c01057,Uses non-normalized EF
bace1,GNINA,,,20.85,,0.82,0.32,https://pubs.acs.org/doi/10.1021/acs.jcim.2c01057,Uses non-normalized EF
braf,GNINA,,,21.71,,0.83,0.34,https://pubs.acs.org/doi/10.1021/acs.jcim.2c01057,Uses non-normalized EF
cah2,GNINA,,,26.22,,0.93,0.44,https://pubs.acs.org/doi/10.1021/acs.jcim.2c01057,Uses non-normalized EF
casp3,GNINA,,,17.17,,0.65,0.3,https://pubs.acs.org/doi/10.1021/acs.jcim.2c01057,Uses non-normalized EF
cdk2,GNINA,,,21.35,,0.8,0.37,https://pubs.acs.org/doi/10.1021/acs.jcim.2c01057,Uses non-normalized EF
comt,GNINA,,,0,,0.65,0.02,https://pubs.acs.org/doi/10.1021/acs.jcim.2c01057,Uses non-normalized EF
cp2c9,GNINA,,,5,,0.62,0.08,https://pubs.acs.org/doi/10.1021/acs.jcim.2c01057,Uses non-normalized EF
cp3a4,GNINA,,,1.2,,0.66,0.03,https://pubs.acs.org/doi/10.1021/acs.jcim.2c01057,Uses non-normalized EF
csf1r,GNINA,,,19.28,,0.78,0.31,https://pubs.acs.org/doi/10.1021/acs.jcim.2c01057,Uses non-normalized EF
cxcr4,GNINA,,,15,,0.85,0.33,https://pubs.acs.org/doi/10.1021/acs.jcim.2c01057,Uses non-normalized EF
def,GNINA,,,31.37,,0.93,0.58,https://pubs.acs.org/doi/10.1021/acs.jcim.2c01057,Uses non-normalized EF
dhi1,GNINA,,,10.91,,0.72,0.2,https://pubs.acs.org/doi/10.1021/acs.jcim.2c01057,Uses non-normalized EF
dpp4,GNINA,,,14.63,,0.75,0.23,https://pubs.acs.org/doi/10.1021/acs.jcim.2c01057,Uses non-normalized EF
drd3,GNINA,,,8.16,,0.71,0.14,https://pubs.acs.org/doi/10.1021/acs.jcim.2c01057,Uses non-normalized EF
dyr,GNINA,,,28.57,,0.9,0.44,https://pubs.acs.org/doi/10.1021/acs.jcim.2c01057,Uses non-normalized EF
egfr,GNINA,,,22.69,,0.77,0.35,https://pubs.acs.org/doi/10.1021/acs.jcim.2c01057,Uses non-normalized EF
esr1,GNINA,,,24.8,,0.8,0.43,https://pubs.acs.org/doi/10.1021/acs.jcim.2c01057,Uses non-normalized EF
esr2,GNINA,,,29.16,,0.79,0.46,https://pubs.acs.org/doi/10.1021/acs.jcim.2c01057,Uses non-normalized EF
fa10,GNINA,,,26.44,,0.88,0.61,https://pubs.acs.org/doi/10.1021/acs.jcim.2c01057,Uses non-normalized EF
fa7,GNINA,,,30.7,,0.91,0.52,https://pubs.acs.org/doi/10.1021/acs.jcim.2c01057,Uses non-normalized EF
fabp4,GNINA,,,0,,0.53,0.01,https://pubs.acs.org/doi/10.1021/acs.jcim.2c01057,Uses non-normalized EF
fak1,GNINA,,,27,,0.84,0.43,https://pubs.acs.org/doi/10.1021/acs.jcim.2c01057,Uses non-normalized EF
fgfr1,GNINA,,,42.45,,0.94,0.66,https://pubs.acs.org/doi/10.1021/acs.jcim.2c01057,Uses non-normalized EF
fkb1a,GNINA,,,3.6,,0.78,0.09,https://pubs.acs.org/doi/10.1021/acs.jcim.2c01057,Uses non-normalized EF
fnta,GNINA,,,8.45,,0.78,0.13,https://pubs.acs.org/doi/10.1021/acs.jcim.2c01057,Uses non-normalized EF
fpps,GNINA,,,38.82,,0.98,0.52,https://pubs.acs.org/doi/10.1021/acs.jcim.2c01057,Uses non-normalized EF
gcr,GNINA,,,15.5,,0.75,0.29,https://pubs.acs.org/doi/10.1021/acs.jcim.2c01057,Uses non-normalized EF
glcm,GNINA,,,7.41,,0.58,0.1,https://pubs.acs.org/doi/10.1021/acs.jcim.2c01057,Uses non-normalized EF
gria2,GNINA,,,18.35,,0.83,0.3,https://pubs.acs.org/doi/10.1021/acs.jcim.2c01057,Uses non-normalized EF
grik1,GNINA,,,12,,0.73,0.2,https://pubs.acs.org/doi/10.1021/acs.jcim.2c01057,Uses non-normalized EF
hdac2,GNINA,,,3.78,,0.8,0.09,https://pubs.acs.org/doi/10.1021/acs.jcim.2c01057,Uses non-normalized EF
hdac8,GNINA,,,16.47,,0.83,0.31,https://pubs.acs.org/doi/10.1021/acs.jcim.2c01057,Uses non-normalized EF
hivint,GNINA,,,0,,0.5,0.01,https://pubs.acs.org/doi/10.1021/acs.jcim.2c01057,Uses non-normalized EF
hivpr,GNINA,,,28.36,,0.85,0.45,https://pubs.acs.org/doi/10.1021/acs.jcim.2c01057,Uses non-normalized EF
hivrt,GNINA,,,11.28,,0.82,0.22,https://pubs.acs.org/doi/10.1021/acs.jcim.2c01057,Uses non-normalized EF
hmdh,GNINA,,,36.47,,0.92,0.65,https://pubs.acs.org/doi/10.1021/acs.jcim.2c01057,Uses non-normalized EF
hs90a,GNINA,,,11.36,,0.73,0.17,https://pubs.acs.org/doi/10.1021/acs.jcim.2c01057,Uses non-normalized EF
hxk4,GNINA,,,20.65,,0.82,0.31,https://pubs.acs.org/doi/10.1021/acs.jcim.2c01057,Uses non-normalized EF
igf1r,GNINA,,,30.41,,0.85,0.48,https://pubs.acs.org/doi/10.1021/acs.jcim.2c01057,Uses non-normalized EF
inha,GNINA,,,2.33,,0.68,0.04,https://pubs.acs.org/doi/10.1021/acs.jcim.2c01057,Uses non-normalized EF
ital,GNINA,,,6.57,,0.66,0.11,https://pubs.acs.org/doi/10.1021/acs.jcim.2c01057,Uses non-normalized EF
jak2,GNINA,,,28.04,,0.91,0.47,https://pubs.acs.org/doi/10.1021/acs.jcim.2c01057,Uses non-normalized EF
kif11,GNINA,,,37.93,,0.81,0.57,https://pubs.acs.org/doi/10.1021/acs.jcim.2c01057,Uses non-normalized EF
kit,GNINA,,,13.86,,0.79,0.22,https://pubs.acs.org/doi/10.1021/acs.jcim.2c01057,Uses non-normalized EF
kith,GNINA,,,38.6,,0.73,0.61,https://pubs.acs.org/doi/10.1021/acs.jcim.2c01057,Uses non-normalized EF
kpcb,GNINA,,,23.7,,0.71,0.36,https://pubs.acs.org/doi/10.1021/acs.jcim.2c01057,Uses non-normalized EF
lck,GNINA,,,15.24,,0.76,0.26,https://pubs.acs.org/doi/10.1021/acs.jcim.2c01057,Uses non-normalized EF
lkha4,GNINA,,,15.29,,0.88,0.3,https://pubs.acs.org/doi/10.1021/acs.jcim.2c01057,Uses non-normalized EF
mapk2,GNINA,,,16.83,,0.9,0.31,https://pubs.acs.org/doi/10.1021/acs.jcim.2c01057,Uses non-normalized EF
mcr,GNINA,,,10.64,,0.84,0.23,https://pubs.acs.org/doi/10.1021/acs.jcim.2c01057,Uses non-normalized EF
met,GNINA,,,37.95,,0.88,0.56,https://pubs.acs.org/doi/10.1021/acs.jcim.2c01057,Uses non-normalized EF
mk01,GNINA,,,10.13,,0.76,0.19,https://pubs.acs.org/doi/10.1021/acs.jcim.2c01057,Uses non-normalized EF
mk10,GNINA,,,7.69,,0.81,0.13,https://pubs.acs.org/doi/10.1021/acs.jcim.2c01057,Uses non-normalized EF
mk14,GNINA,,,19.38,,0.75,0.32,https://pubs.acs.org/doi/10.1021/acs.jcim.2c01057,Uses non-normalized EF
mmp13,GNINA,,,9.09,,0.75,0.17,https://pubs.acs.org/doi/10.1021/acs.jcim.2c01057,Uses non-normalized EF
mp2k1,GNINA,,,5.83,,0.7,0.13,https://pubs.acs.org/doi/10.1021/acs.jcim.2c01057,Uses non-normalized EF
nos1,GNINA,,,8,,0.64,0.13,https://pubs.acs.org/doi/10.1021/acs.jcim.2c01057,Uses non-normalized EF
nram,GNINA,,,17.35,,0.94,0.3,https://pubs.acs.org/doi/10.1021/acs.jcim.2c01057,Uses non-normalized EF
pa2ga,GNINA,,,9.18,,0.81,0.16,https://pubs.acs.org/doi/10.1021/acs.jcim.2c01057,Uses non-normalized EF
parp1,GNINA,,,16.14,,0.87,0.31,https://pubs.acs.org/doi/10.1021/acs.jcim.2c01057,Uses non-normalized EF
pde5a,GNINA,,,14.32,,0.81,0.24,https://pubs.acs.org/doi/10.1021/acs.jcim.2c01057,Uses non-normalized EF
pgh1,GNINA,,,9.23,,0.67,0.17,https://pubs.acs.org/doi/10.1021/acs.jcim.2c01057,Uses non-normalized EF
pgh2,GNINA,,,17.24,,0.75,0.29,https://pubs.acs.org/doi/10.1021/acs.jcim.2c01057,Uses non-normalized EF
plk1,GNINA,,,38.68,,0.91,0.61,https://pubs.acs.org/doi/10.1021/acs.jcim.2c01057,Uses non-normalized EF
pnph,GNINA,,,35.29,,0.91,0.57,https://pubs.acs.org/doi/10.1021/acs.jcim.2c01057,Uses non-normalized EF
ppara,GNINA,,,4.83,,0.76,0.11,https://pubs.acs.org/doi/10.1021/acs.jcim.2c01057,Uses non-normalized EF
ppard,GNINA,,,4.58,,0.74,0.08,https://pubs.acs.org/doi/10.1021/acs.jcim.2c01057,Uses non-normalized EF
pparg,GNINA,,,5.99,,0.74,0.12,https://pubs.acs.org/doi/10.1021/acs.jcim.2c01057,Uses non-normalized EF
prgr,GNINA,,,18.43,,0.8,0.32,https://pubs.acs.org/doi/10.1021/acs.jcim.2c01057,Uses non-normalized EF
ptn1,GNINA,,,25.38,,0.81,0.45,https://pubs.acs.org/doi/10.1021/acs.jcim.2c01057,Uses non-normalized EF
pur2,GNINA,,,52,,1,0.92,https://pubs.acs.org/doi/10.1021/acs.jcim.2c01057,Uses non-normalized EF
pygm,GNINA,,,3.9,,0.51,0.08,https://pubs.acs.org/doi/10.1021/acs.jcim.2c01057,Uses non-normalized EF
pyrd,GNINA,,,22.52,,0.73,0.34,https://pubs.acs.org/doi/10.1021/acs.jcim.2c01057,Uses non-normalized EF
reni,GNINA,,,8.74,,0.75,0.15,https://pubs.acs.org/doi/10.1021/acs.jcim.2c01057,Uses non-normalized EF
rock1,GNINA,,,19,,0.85,0.29,https://pubs.acs.org/doi/10.1021/acs.jcim.2c01057,Uses non-normalized EF
rxra,GNINA,,,35.88,,0.93,0.58,https://pubs.acs.org/doi/10.1021/acs.jcim.2c01057,Uses non-normalized EF
sahh,GNINA,,,0,,0.75,0.04,https://pubs.acs.org/doi/10.1021/acs.jcim.2c01057,Uses non-normalized EF
src,GNINA,,,11.83,,0.84,0.27,https://pubs.acs.org/doi/10.1021/acs.jcim.2c01057,Uses non-normalized EF
tgfr1,GNINA,,,28.57,,0.93,0.47,https://pubs.acs.org/doi/10.1021/acs.jcim.2c01057,Uses non-normalized EF
thb,GNINA,,,34.95,,0.88,0.54,https://pubs.acs.org/doi/10.1021/acs.jcim.2c01057,Uses non-normalized EF
thrb,GNINA,,,35.14,,0.92,0.57,https://pubs.acs.org/doi/10.1021/acs.jcim.2c01057,Uses non-normalized EF
try1,GNINA,,,22.94,,0.89,0.43,https://pubs.acs.org/doi/10.1021/acs.jcim.2c01057,Uses non-normalized EF
tryb1,GNINA,,,2.03,,0.66,0.07,https://pubs.acs.org/doi/10.1021/acs.jcim.2c01057,Uses non-normalized EF
tysy,GNINA,,,30.28,,0.87,0.49,https://pubs.acs.org/doi/10.1021/acs.jcim.2c01057,Uses non-normalized EF
urok,GNINA,,,12.35,,0.82,0.25,https://pubs.acs.org/doi/10.1021/acs.jcim.2c01057,Uses non-normalized EF
vgfr2,GNINA,,,22.74,,0.83,0.38,https://pubs.acs.org/doi/10.1021/acs.jcim.2c01057,Uses non-normalized EF
wee1,GNINA,,,59.41,,0.96,0.84,https://pubs.acs.org/doi/10.1021/acs.jcim.2c01057,Uses non-normalized EF
xiap,GNINA,,,35.35,,0.89,0.59,https://pubs.acs.org/doi/10.1021/acs.jcim.2c01057,Uses non-normalized EF
aa2ar,RF-Score-VS‡,,,2.28,,0.5,0.04,https://pubs.acs.org/doi/10.1021/acs.jcim.2c01057,Uses non-normalized EF
abl1,RF-Score-VS‡,,,11.05,,0.68,0.19,https://pubs.acs.org/doi/10.1021/acs.jcim.2c01057,Uses non-normalized EF
ace,RF-Score-VS‡,,,5.71,,0.67,0.1,https://pubs.acs.org/doi/10.1021/acs.jcim.2c01057,Uses non-normalized EF
aces,RF-Score-VS‡,,,3.97,,0.66,0.09,https://pubs.acs.org/doi/10.1021/acs.jcim.2c01057,Uses non-normalized EF
ada,RF-Score-VS‡,,,4.3,,0.61,0.1,https://pubs.acs.org/doi/10.1021/acs.jcim.2c01057,Uses non-normalized EF
ada17,RF-Score-VS‡,,,2.82,,0.66,0.07,https://pubs.acs.org/doi/10.1021/acs.jcim.2c01057,Uses non-normalized EF
adrb1,RF-Score-VS‡,,,0.4,,0.68,0.03,https://pubs.acs.org/doi/10.1021/acs.jcim.2c01057,Uses non-normalized EF
adrb2,RF-Score-VS‡,,,0.87,,0.62,0.02,https://pubs.acs.org/doi/10.1021/acs.jcim.2c01057,Uses non-normalized EF
akt1,RF-Score-VS‡,,,1.37,,0.63,0.04,https://pubs.acs.org/doi/10.1021/acs.jcim.2c01057,Uses non-normalized EF
akt2,RF-Score-VS‡,,,0.85,,0.56,0.02,https://pubs.acs.org/doi/10.1021/acs.jcim.2c01057,Uses non-normalized EF
aldr,RF-Score-VS‡,,,1.26,,0.59,0.03,https://pubs.acs.org/doi/10.1021/acs.jcim.2c01057,Uses non-normalized EF
ampc,RF-Score-VS‡,,,0,,0.34,0.01,https://pubs.acs.org/doi/10.1021/acs.jcim.2c01057,Uses non-normalized EF
andr,RF-Score-VS‡,,,1.49,,0.64,0.03,https://pubs.acs.org/doi/10.1021/acs.jcim.2c01057,Uses non-normalized EF
aofb,RF-Score-VS‡,,,0.82,,0.53,0.02,https://pubs.acs.org/doi/10.1021/acs.jcim.2c01057,Uses non-normalized EF
bace1,RF-Score-VS‡,,,18.37,,0.79,0.3,https://pubs.acs.org/doi/10.1021/acs.jcim.2c01057,Uses non-normalized EF
braf,RF-Score-VS‡,,,12.5,,0.63,0.2,https://pubs.acs.org/doi/10.1021/acs.jcim.2c01057,Uses non-normalized EF
cah2,RF-Score-VS‡,,,18.5,,0.82,0.3,https://pubs.acs.org/doi/10.1021/acs.jcim.2c01057,Uses non-normalized EF
casp3,RF-Score-VS‡,,,2.02,,0.54,0.04,https://pubs.acs.org/doi/10.1021/acs.jcim.2c01057,Uses non-normalized EF
cdk2,RF-Score-VS‡,,,0.85,,0.55,0.02,https://pubs.acs.org/doi/10.1021/acs.jcim.2c01057,Uses non-normalized EF
comt,RF-Score-VS‡,,,0,,0.27,0,https://pubs.acs.org/doi/10.1021/acs.jcim.2c01057,Uses non-normalized EF
cp2c9,RF-Score-VS‡,,,5,,0.59,0.09,https://pubs.acs.org/doi/10.1021/acs.jcim.2c01057,Uses non-normalized EF
cp3a4,RF-Score-VS‡,,,3.59,,0.58,0.07,https://pubs.acs.org/doi/10.1021/acs.jcim.2c01057,Uses non-normalized EF
csf1r,RF-Score-VS‡,,,,,,,https://pubs.acs.org/doi/10.1021/acs.jcim.2c01057,Uses non-normalized EF
cxcr4,RF-Score-VS‡,,,0,,0.68,0,https://pubs.acs.org/doi/10.1021/acs.jcim.2c01057,Uses non-normalized EF
def,RF-Score-VS‡,,,4.9,,0.6,0.08,https://pubs.acs.org/doi/10.1021/acs.jcim.2c01057,Uses non-normalized EF
dhi1,RF-Score-VS‡,,,6.36,,0.62,0.12,https://pubs.acs.org/doi/10.1021/acs.jcim.2c01057,Uses non-normalized EF
dpp4,RF-Score-VS‡,,,0.75,,0.6,0.02,https://pubs.acs.org/doi/10.1021/acs.jcim.2c01057,Uses non-normalized EF
drd3,RF-Score-VS‡,,,3.77,,0.66,0.08,https://pubs.acs.org/doi/10.1021/acs.jcim.2c01057,Uses non-normalized EF
dyr,RF-Score-VS‡,,,1.3,,0.55,0.03,https://pubs.acs.org/doi/10.1021/acs.jcim.2c01057,Uses non-normalized EF
egfr,RF-Score-VS‡,,,2.58,,0.54,0.06,https://pubs.acs.org/doi/10.1021/acs.jcim.2c01057,Uses non-normalized EF
esr1,RF-Score-VS‡,,,0,,0.64,0,https://pubs.acs.org/doi/10.1021/acs.jcim.2c01057,Uses non-normalized EF
esr2,RF-Score-VS‡,,,0,,0.65,0,https://pubs.acs.org/doi/10.1021/acs.jcim.2c01057,Uses non-normalized EF
fa10,RF-Score-VS‡,,,13.04,,0.8,0.31,https://pubs.acs.org/doi/10.1021/acs.jcim.2c01057,Uses non-normalized EF
fa7,RF-Score-VS‡,,,18.42,,0.85,0.35,https://pubs.acs.org/doi/10.1021/acs.jcim.2c01057,Uses non-normalized EF
fabp4,RF-Score-VS‡,,,0,,0.66,0.05,https://pubs.acs.org/doi/10.1021/acs.jcim.2c01057,Uses non-normalized EF
fak1,RF-Score-VS‡,,,2,,0.7,0.05,https://pubs.acs.org/doi/10.1021/acs.jcim.2c01057,Uses non-normalized EF
fgfr1,RF-Score-VS‡,,,1.44,,,,https://pubs.acs.org/doi/10.1021/acs.jcim.2c01057,Uses non-normalized EF
fkb1a,RF-Score-VS‡,,,1.8,,0.65,0.03,https://pubs.acs.org/doi/10.1021/acs.jcim.2c01057,Uses non-normalized EF
fnta,RF-Score-VS‡,,,8.11,,0.74,0.11,https://pubs.acs.org/doi/10.1021/acs.jcim.2c01057,Uses non-normalized EF
fpps,RF-Score-VS‡,,,0,,0.2,0,https://pubs.acs.org/doi/10.1021/acs.jcim.2c01057,Uses non-normalized EF
gcr,RF-Score-VS‡,,,2.33,,0.6,0.05,https://pubs.acs.org/doi/10.1021/acs.jcim.2c01057,Uses non-normalized EF
glcm,RF-Score-VS‡,,,0,,0.49,0,https://pubs.acs.org/doi/10.1021/acs.jcim.2c01057,Uses non-normalized EF
gria2,RF-Score-VS‡,,,4.43,,0.56,0.07,https://pubs.acs.org/doi/10.1021/acs.jcim.2c01057,Uses non-normalized EF
grik1,RF-Score-VS‡,,,2,,0.46,0.03,https://pubs.acs.org/doi/10.1021/acs.jcim.2c01057,Uses non-normalized EF
hdac2,RF-Score-VS‡,,,2.7,,0.81,0.08,https://pubs.acs.org/doi/10.1021/acs.jcim.2c01057,Uses non-normalized EF
hdac8,RF-Score-VS‡,,,3.53,,0.75,0.07,https://pubs.acs.org/doi/10.1021/acs.jcim.2c01057,Uses non-normalized EF
hivint,RF-Score-VS‡,,,0,,0.48,0,https://pubs.acs.org/doi/10.1021/acs.jcim.2c01057,Uses non-normalized EF
hivpr,RF-Score-VS‡,,,23.51,,0.77,0.36,https://pubs.acs.org/doi/10.1021/acs.jcim.2c01057,Uses non-normalized EF
hivrt,RF-Score-VS‡,,,0.3,,0.5,0.02,https://pubs.acs.org/doi/10.1021/acs.jcim.2c01057,Uses non-normalized EF
hmdh,RF-Score-VS‡,,,4.71,,0.71,0.1,https://pubs.acs.org/doi/10.1021/acs.jcim.2c01057,Uses non-normalized EF
hs90a,RF-Score-VS‡,,,0,,0.39,0,https://pubs.acs.org/doi/10.1021/acs.jcim.2c01057,Uses non-normalized EF
hxk4,RF-Score-VS‡,,,0,,0.62,0.01,https://pubs.acs.org/doi/10.1021/acs.jcim.2c01057,Uses non-normalized EF
igf1r,RF-Score-VS‡,,,12.84,,0.57,0.2,https://pubs.acs.org/doi/10.1021/acs.jcim.2c01057,Uses non-normalized EF
inha,RF-Score-VS‡,,,0,,0.66,0.03,https://pubs.acs.org/doi/10.1021/acs.jcim.2c01057,Uses non-normalized EF
ital,RF-Score-VS‡,,,0.73,,0.61,0.05,https://pubs.acs.org/doi/10.1021/acs.jcim.2c01057,Uses non-normalized EF
jak2,RF-Score-VS‡,,,8.41,,0.51,0.13,https://pubs.acs.org/doi/10.1021/acs.jcim.2c01057,Uses non-normalized EF
kif11,RF-Score-VS‡,,,14.66,,0.72,0.29,https://pubs.acs.org/doi/10.1021/acs.jcim.2c01057,Uses non-normalized EF
kit,RF-Score-VS‡,,,6.63,,0.65,0.12,https://pubs.acs.org/doi/10.1021/acs.jcim.2c01057,Uses non-normalized EF
kith,RF-Score-VS‡,,,1.75,,0.57,0.06,https://pubs.acs.org/doi/10.1021/acs.jcim.2c01057,Uses non-normalized EF
kpcb,RF-Score-VS‡,,,0,,0.69,0.03,https://pubs.acs.org/doi/10.1021/acs.jcim.2c01057,Uses non-normalized EF
lck,RF-Score-VS‡,,,3.57,,0.49,0.07,https://pubs.acs.org/doi/10.1021/acs.jcim.2c01057,Uses non-normalized EF
lkha4,RF-Score-VS‡,,,0,,0.63,0.02,https://pubs.acs.org/doi/10.1021/acs.jcim.2c01057,Uses non-normalized EF
mapk2,RF-Score-VS‡,,,1.98,,0.64,0.04,https://pubs.acs.org/doi/10.1021/acs.jcim.2c01057,Uses non-normalized EF
mcr,RF-Score-VS‡,,,4.26,,0.72,0.11,https://pubs.acs.org/doi/10.1021/acs.jcim.2c01057,Uses non-normalized EF
met,RF-Score-VS‡,,,19.28,,0.74,0.32,https://pubs.acs.org/doi/10.1021/acs.jcim.2c01057,Uses non-normalized EF
mk01,RF-Score-VS‡,,,5.06,,0.68,0.11,https://pubs.acs.org/doi/10.1021/acs.jcim.2c01057,Uses non-normalized EF
mk10,RF-Score-VS‡,,,4.81,,0.56,0.07,https://pubs.acs.org/doi/10.1021/acs.jcim.2c01057,Uses non-normalized EF
mk14,RF-Score-VS‡,,,7.44,,0.64,0.13,https://pubs.acs.org/doi/10.1021/acs.jcim.2c01057,Uses non-normalized EF
mmp13,RF-Score-VS‡,,,5.59,,0.66,0.1,https://pubs.acs.org/doi/10.1021/acs.jcim.2c01057,Uses non-normalized EF
mp2k1,RF-Score-VS‡,,,0.83,,0.56,0.02,https://pubs.acs.org/doi/10.1021/acs.jcim.2c01057,Uses non-normalized EF
nos1,RF-Score-VS‡,,,0,,0.54,0.01,https://pubs.acs.org/doi/10.1021/acs.jcim.2c01057,Uses non-normalized EF
nram,RF-Score-VS‡,,,0,,0.57,0.01,https://pubs.acs.org/doi/10.1021/acs.jcim.2c01057,Uses non-normalized EF
pa2ga,RF-Score-VS‡,,,0,,0.62,0.03,https://pubs.acs.org/doi/10.1021/acs.jcim.2c01057,Uses non-normalized EF
parp1,RF-Score-VS‡,,,2.56,,0.58,0.06,https://pubs.acs.org/doi/10.1021/acs.jcim.2c01057,Uses non-normalized EF
pde5a,RF-Score-VS‡,,,1.01,,0.58,0.02,https://pubs.acs.org/doi/10.1021/acs.jcim.2c01057,Uses non-normalized EF
pgh1,RF-Score-VS‡,,,1.54,,0.56,0.04,https://pubs.acs.org/doi/10.1021/acs.jcim.2c01057,Uses non-normalized EF
pgh2,RF-Score-VS‡,,,1.84,,0.57,0.04,https://pubs.acs.org/doi/10.1021/acs.jcim.2c01057,Uses non-normalized EF
plk1,RF-Score-VS‡,,,5.66,,0.6,0.11,https://pubs.acs.org/doi/10.1021/acs.jcim.2c01057,Uses non-normalized EF
pnph,RF-Score-VS‡,,,0,,0.52,0.01,https://pubs.acs.org/doi/10.1021/acs.jcim.2c01057,Uses non-normalized EF
ppara,RF-Score-VS‡,,,0.8,,0.62,0.02,https://pubs.acs.org/doi/10.1021/acs.jcim.2c01057,Uses non-normalized EF
ppard,RF-Score-VS‡,,,1.25,,0.54,0.04,https://pubs.acs.org/doi/10.1021/acs.jcim.2c01057,Uses non-normalized EF
pparg,RF-Score-VS‡,,,3.1,,0.71,0.08,https://pubs.acs.org/doi/10.1021/acs.jcim.2c01057,Uses non-normalized EF
prgr,RF-Score-VS‡,,,2.39,,0.67,0.05,https://pubs.acs.org/doi/10.1021/acs.jcim.2c01057,Uses non-normalized EF
ptn1,RF-Score-VS‡,,,10,,0.62,0.2,https://pubs.acs.org/doi/10.1021/acs.jcim.2c01057,Uses non-normalized EF
pur2,RF-Score-VS‡,,,0,,0.74,0,https://pubs.acs.org/doi/10.1021/acs.jcim.2c01057,Uses non-normalized EF
pygm,RF-Score-VS‡,,,0,,0.62,0,https://pubs.acs.org/doi/10.1021/acs.jcim.2c01057,Uses non-normalized EF
pyrd,RF-Score-VS‡,,,11.71,,0.78,0.18,https://pubs.acs.org/doi/10.1021/acs.jcim.2c01057,Uses non-normalized EF
reni,RF-Score-VS‡,,,3.88,,0.71,0.06,https://pubs.acs.org/doi/10.1021/acs.jcim.2c01057,Uses non-normalized EF
rock1,RF-Score-VS‡,,,1,,0.57,0.02,https://pubs.acs.org/doi/10.1021/acs.jcim.2c01057,Uses non-normalized EF
rxra,RF-Score-VS‡,,,0.76,,0.47,0.02,https://pubs.acs.org/doi/10.1021/acs.jcim.2c01057,Uses non-normalized EF
sahh,RF-Score-VS‡,,,0,,0.54,0,https://pubs.acs.org/doi/10.1021/acs.jcim.2c01057,Uses non-normalized EF
src,RF-Score-VS‡,,,1.53,,0.53,0.04,https://pubs.acs.org/doi/10.1021/acs.jcim.2c01057,Uses non-normalized EF
tgfr1,RF-Score-VS‡,,,0.75,,0.58,0.02,https://pubs.acs.org/doi/10.1021/acs.jcim.2c01057,Uses non-normalized EF
thb,RF-Score-VS‡,,,1.94,,0.61,0.03,https://pubs.acs.org/doi/10.1021/acs.jcim.2c01057,Uses non-normalized EF
thrb,RF-Score-VS‡,,,7.38,,0.81,0.13,https://pubs.acs.org/doi/10.1021/acs.jcim.2c01057,Uses non-normalized EF
try1,RF-Score-VS‡,,,9.35,,0.78,0.18,https://pubs.acs.org/doi/10.1021/acs.jcim.2c01057,Uses non-normalized EF
tryb1,RF-Score-VS‡,,,7.43,,0.72,0.16,https://pubs.acs.org/doi/10.1021/acs.jcim.2c01057,Uses non-normalized EF
tysy,RF-Score-VS‡,,,3.67,,0.68,0.08,https://pubs.acs.org/doi/10.1021/acs.jcim.2c01057,Uses non-normalized EF
urok,RF-Score-VS‡,,,2.47,,0.67,0.05,https://pubs.acs.org/doi/10.1021/acs.jcim.2c01057,Uses non-normalized EF
vgfr2,RF-Score-VS‡,,,5.87,,0.71,0.12,https://pubs.acs.org/doi/10.1021/acs.jcim.2c01057,Uses non-normalized EF
wee1,RF-Score-VS‡,,,1.98,,0.77,0.08,https://pubs.acs.org/doi/10.1021/acs.jcim.2c01057,Uses non-normalized EF
xiap,RF-Score-VS‡,,,0,,0.74,0.01,https://pubs.acs.org/doi/10.1021/acs.jcim.2c01057,Uses non-normalized EF
aa2ar,NN-Score,,,0.62,,0.54,0.01,https://pubs.acs.org/doi/10.1021/acs.jcim.2c01057,Uses non-normalized EF
abl1,NN-Score,,,2.21,,0.62,0.03,https://pubs.acs.org/doi/10.1021/acs.jcim.2c01057,Uses non-normalized EF
ace,NN-Score,,,4.64,,0.75,0.1,https://pubs.acs.org/doi/10.1021/acs.jcim.2c01057,Uses non-normalized EF
aces,NN-Score,,,1.55,,0.65,0.03,https://pubs.acs.org/doi/10.1021/acs.jcim.2c01057,Uses non-normalized EF
ada,NN-Score,,,0,,0.58,0,https://pubs.acs.org/doi/10.1021/acs.jcim.2c01057,Uses non-normalized EF
ada17,NN-Score,,,3.76,,0.69,0.07,https://pubs.acs.org/doi/10.1021/acs.jcim.2c01057,Uses non-normalized EF
adrb1,NN-Score,,,2.02,,0.58,0.03,https://pubs.acs.org/doi/10.1021/acs.jcim.2c01057,Uses non-normalized EF
adrb2,NN-Score,,,3.46,,0.61,0.06,https://pubs.acs.org/doi/10.1021/acs.jcim.2c01057,Uses non-normalized EF
akt1,NN-Score,,,0,,0.49,0.01,https://pubs.acs.org/doi/10.1021/acs.jcim.2c01057,Uses non-normalized EF
akt2,NN-Score,,,1.71,,0.65,0.05,https://pubs.acs.org/doi/10.1021/acs.jcim.2c01057,Uses non-normalized EF
aldr,NN-Score,,,0,,0.5,0.01,https://pubs.acs.org/doi/10.1021/acs.jcim.2c01057,Uses non-normalized EF
ampc,NN-Score,,,0,,0.57,0.01,https://pubs.acs.org/doi/10.1021/acs.jcim.2c01057,Uses non-normalized EF
andr,NN-Score,,,2.6,,0.57,0.04,https://pubs.acs.org/doi/10.1021/acs.jcim.2c01057,Uses non-normalized EF
aofb,NN-Score,,,0,,0.56,0.02,https://pubs.acs.org/doi/10.1021/acs.jcim.2c01057,Uses non-normalized EF
bace1,NN-Score,,,2.12,,0.63,0.03,https://pubs.acs.org/doi/10.1021/acs.jcim.2c01057,Uses non-normalized EF
braf,NN-Score,,,0.66,,0.56,0.03,https://pubs.acs.org/doi/10.1021/acs.jcim.2c01057,Uses non-normalized EF
cah2,NN-Score,,,3.66,,0.68,0.06,https://pubs.acs.org/doi/10.1021/acs.jcim.2c01057,Uses non-normalized EF
casp3,NN-Score,,,4.04,,0.63,0.07,https://pubs.acs.org/doi/10.1021/acs.jcim.2c01057,Uses non-normalized EF
cdk2,NN-Score,,,1.48,,0.59,0.03,https://pubs.acs.org/doi/10.1021/acs.jcim.2c01057,Uses non-normalized EF
comt,NN-Score,,,4.88,,0.42,0.06,https://pubs.acs.org/doi/10.1021/acs.jcim.2c01057,Uses non-normalized EF
cp2c9,NN-Score,,,0,,0.53,0.01,https://pubs.acs.org/doi/10.1021/acs.jcim.2c01057,Uses non-normalized EF
cp3a4,NN-Score,,,0,,0.51,0.01,https://pubs.acs.org/doi/10.1021/acs.jcim.2c01057,Uses non-normalized EF
csf1r,NN-Score,,,,,,,https://pubs.acs.org/doi/10.1021/acs.jcim.2c01057,Uses non-normalized EF
cxcr4,NN-Score,,,5,,0.8,0.1,https://pubs.acs.org/doi/10.1021/acs.jcim.2c01057,Uses non-normalized EF
def,NN-Score,,,1.96,,0.56,0.04,https://pubs.acs.org/doi/10.1021/acs.jcim.2c01057,Uses non-normalized EF
dhi1,NN-Score,,,1.82,,0.68,0.04,https://pubs.acs.org/doi/10.1021/acs.jcim.2c01057,Uses non-normalized EF
dpp4,NN-Score,,,3.19,,0.67,0.06,https://pubs.acs.org/doi/10.1021/acs.jcim.2c01057,Uses non-normalized EF
drd3,NN-Score,,,1.26,,0.6,0.03,https://pubs.acs.org/doi/10.1021/acs.jcim.2c01057,Uses non-normalized EF
dyr,NN-Score,,,1.3,,0.68,0.04,https://pubs.acs.org/doi/10.1021/acs.jcim.2c01057,Uses non-normalized EF
egfr,NN-Score,,,2.77,,0.55,0.06,https://pubs.acs.org/doi/10.1021/acs.jcim.2c01057,Uses non-normalized EF
esr1,NN-Score,,,1.31,,0.5,0.02,https://pubs.acs.org/doi/10.1021/acs.jcim.2c01057,Uses non-normalized EF
esr2,NN-Score,,,0.27,,0.5,0.01,https://pubs.acs.org/doi/10.1021/acs.jcim.2c01057,Uses non-normalized EF
fa10,NN-Score,,,0.93,,0.55,0.03,https://pubs.acs.org/doi/10.1021/acs.jcim.2c01057,Uses non-normalized EF
fa7,NN-Score,,,0,,0.7,0.02,https://pubs.acs.org/doi/10.1021/acs.jcim.2c01057,Uses non-normalized EF
fabp4,NN-Score,,,0,,0.3,0,https://pubs.acs.org/doi/10.1021/acs.jcim.2c01057,Uses non-normalized EF
fak1,NN-Score,,,0,,0.49,0,https://pubs.acs.org/doi/10.1021/acs.jcim.2c01057,Uses non-normalized EF
fgfr1,NN-Score,,,1.44,,,,https://pubs.acs.org/doi/10.1021/acs.jcim.2c01057,Uses non-normalized EF
fkb1a,NN-Score,,,0,,0.57,0.01,https://pubs.acs.org/doi/10.1021/acs.jcim.2c01057,Uses non-normalized EF
fnta,NN-Score,,,1.52,,0.57,0.03,https://pubs.acs.org/doi/10.1021/acs.jcim.2c01057,Uses non-normalized EF
fpps,NN-Score,,,78.82,,1,0.92,https://pubs.acs.org/doi/10.1021/acs.jcim.2c01057,Uses non-normalized EF
gcr,NN-Score,,,2.33,,0.64,0.06,https://pubs.acs.org/doi/10.1021/acs.jcim.2c01057,Uses non-normalized EF
glcm,NN-Score,,,1.85,,0.6,0.05,https://pubs.acs.org/doi/10.1021/acs.jcim.2c01057,Uses non-normalized EF
gria2,NN-Score,,,8.86,,0.62,0.14,https://pubs.acs.org/doi/10.1021/acs.jcim.2c01057,Uses non-normalized EF
grik1,NN-Score,,,4,,0.68,0.06,https://pubs.acs.org/doi/10.1021/acs.jcim.2c01057,Uses non-normalized EF
hdac2,NN-Score,,,2.16,,0.54,0.05,https://pubs.acs.org/doi/10.1021/acs.jcim.2c01057,Uses non-normalized EF
hdac8,NN-Score,,,0.59,,0.53,0.02,https://pubs.acs.org/doi/10.1021/acs.jcim.2c01057,Uses non-normalized EF
hivint,NN-Score,,,0,,0.47,0,https://pubs.acs.org/doi/10.1021/acs.jcim.2c01057,Uses non-normalized EF
hivpr,NN-Score,,,0.19,,0.58,0.01,https://pubs.acs.org/doi/10.1021/acs.jcim.2c01057,Uses non-normalized EF
hivrt,NN-Score,,,2.08,,0.56,0.05,https://pubs.acs.org/doi/10.1021/acs.jcim.2c01057,Uses non-normalized EF
hmdh,NN-Score,,,1.76,,0.69,0.04,https://pubs.acs.org/doi/10.1021/acs.jcim.2c01057,Uses non-normalized EF
hs90a,NN-Score,,,2.27,,0.44,0.04,https://pubs.acs.org/doi/10.1021/acs.jcim.2c01057,Uses non-normalized EF
hxk4,NN-Score,,,0,,0.63,0,https://pubs.acs.org/doi/10.1021/acs.jcim.2c01057,Uses non-normalized EF
igf1r,NN-Score,,,2.7,,0.62,0.04,https://pubs.acs.org/doi/10.1021/acs.jcim.2c01057,Uses non-normalized EF
inha,NN-Score,,,0,,0.54,0,https://pubs.acs.org/doi/10.1021/acs.jcim.2c01057,Uses non-normalized EF
ital,NN-Score,,,0.73,,0.48,0.01,https://pubs.acs.org/doi/10.1021/acs.jcim.2c01057,Uses non-normalized EF
jak2,NN-Score,,,2.8,,0.63,0.06,https://pubs.acs.org/doi/10.1021/acs.jcim.2c01057,Uses non-normalized EF
kif11,NN-Score,,,0,,0.54,0.01,https://pubs.acs.org/doi/10.1021/acs.jcim.2c01057,Uses non-normalized EF
kit,NN-Score,,,2.41,,0.56,0.03,https://pubs.acs.org/doi/10.1021/acs.jcim.2c01057,Uses non-normalized EF
kith,NN-Score,,,0,,0.67,0.04,https://pubs.acs.org/doi/10.1021/acs.jcim.2c01057,Uses non-normalized EF
kpcb,NN-Score,,,2.22,,0.49,0.04,https://pubs.acs.org/doi/10.1021/acs.jcim.2c01057,Uses non-normalized EF
lck,NN-Score,,,0.71,,0.53,0.02,https://pubs.acs.org/doi/10.1021/acs.jcim.2c01057,Uses non-normalized EF
lkha4,NN-Score,,,0,,0.35,0,https://pubs.acs.org/doi/10.1021/acs.jcim.2c01057,Uses non-normalized EF
mapk2,NN-Score,,,1.98,,0.54,0.03,https://pubs.acs.org/doi/10.1021/acs.jcim.2c01057,Uses non-normalized EF
mcr,NN-Score,,,9.57,,0.7,0.2,https://pubs.acs.org/doi/10.1021/acs.jcim.2c01057,Uses non-normalized EF
met,NN-Score,,,1.2,,0.59,0.03,https://pubs.acs.org/doi/10.1021/acs.jcim.2c01057,Uses non-normalized EF
mk01,NN-Score,,,1.27,,0.61,0.06,https://pubs.acs.org/doi/10.1021/acs.jcim.2c01057,Uses non-normalized EF
mk10,NN-Score,,,0.96,,0.57,0.03,https://pubs.acs.org/doi/10.1021/acs.jcim.2c01057,Uses non-normalized EF
mk14,NN-Score,,,0.52,,0.51,0.02,https://pubs.acs.org/doi/10.1021/acs.jcim.2c01057,Uses non-normalized EF
mmp13,NN-Score,,,2.1,,0.63,0.04,https://pubs.acs.org/doi/10.1021/acs.jcim.2c01057,Uses non-normalized EF
mp2k1,NN-Score,,,5,,0.68,0.07,https://pubs.acs.org/doi/10.1021/acs.jcim.2c01057,Uses non-normalized EF
nos1,NN-Score,,,2,,0.6,0.04,https://pubs.acs.org/doi/10.1021/acs.jcim.2c01057,Uses non-normalized EF
nram,NN-Score,,,0,,0.6,0.03,https://pubs.acs.org/doi/10.1021/acs.jcim.2c01057,Uses non-normalized EF
pa2ga,NN-Score,,,0,,0.41,0.02,https://pubs.acs.org/doi/10.1021/acs.jcim.2c01057,Uses non-normalized EF
parp1,NN-Score,,,1.18,,0.62,0.02,https://pubs.acs.org/doi/10.1021/acs.jcim.2c01057,Uses non-normalized EF
pde5a,NN-Score,,,1.26,,0.62,0.02,https://pubs.acs.org/doi/10.1021/acs.jcim.2c01057,Uses non-normalized EF
pgh1,NN-Score,,,1.03,,0.46,0.01,https://pubs.acs.org/doi/10.1021/acs.jcim.2c01057,Uses non-normalized EF
pgh2,NN-Score,,,1.38,,0.46,0.02,https://pubs.acs.org/doi/10.1021/acs.jcim.2c01057,Uses non-normalized EF
plk1,NN-Score,,,5.66,,0.47,0.09,https://pubs.acs.org/doi/10.1021/acs.jcim.2c01057,Uses non-normalized EF
pnph,NN-Score,,,1.96,,0.59,0.04,https://pubs.acs.org/doi/10.1021/acs.jcim.2c01057,Uses non-normalized EF
ppara,NN-Score,,,2.14,,0.54,0.04,https://pubs.acs.org/doi/10.1021/acs.jcim.2c01057,Uses non-normalized EF
ppard,NN-Score,,,0.42,,0.51,0.01,https://pubs.acs.org/doi/10.1021/acs.jcim.2c01057,Uses non-normalized EF
pparg,NN-Score,,,1.24,,0.53,0.03,https://pubs.acs.org/doi/10.1021/acs.jcim.2c01057,Uses non-normalized EF
prgr,NN-Score,,,3.75,,0.65,0.09,https://pubs.acs.org/doi/10.1021/acs.jcim.2c01057,Uses non-normalized EF
ptn1,NN-Score,,,4.62,,0.6,0.08,https://pubs.acs.org/doi/10.1021/acs.jcim.2c01057,Uses non-normalized EF
pur2,NN-Score,,,12,,0.83,0.29,https://pubs.acs.org/doi/10.1021/acs.jcim.2c01057,Uses non-normalized EF
pygm,NN-Score,,,9.09,,0.67,0.2,https://pubs.acs.org/doi/10.1021/acs.jcim.2c01057,Uses non-normalized EF
pyrd,NN-Score,,,0,,0.49,0,https://pubs.acs.org/doi/10.1021/acs.jcim.2c01057,Uses non-normalized EF
reni,NN-Score,,,0.97,,0.65,0.02,https://pubs.acs.org/doi/10.1021/acs.jcim.2c01057,Uses non-normalized EF
rock1,NN-Score,,,1,,0.55,0.02,https://pubs.acs.org/doi/10.1021/acs.jcim.2c01057,Uses non-normalized EF
rxra,NN-Score,,,0,,0.52,0.01,https://pubs.acs.org/doi/10.1021/acs.jcim.2c01057,Uses non-normalized EF
sahh,NN-Score,,,0,,0.71,0.08,https://pubs.acs.org/doi/10.1021/acs.jcim.2c01057,Uses non-normalized EF
src,NN-Score,,,1.72,,0.55,0.04,https://pubs.acs.org/doi/10.1021/acs.jcim.2c01057,Uses non-normalized EF
tgfr1,NN-Score,,,0,,0.49,0,https://pubs.acs.org/doi/10.1021/acs.jcim.2c01057,Uses non-normalized EF
thb,NN-Score,,,0,,0.38,0.02,https://pubs.acs.org/doi/10.1021/acs.jcim.2c01057,Uses non-normalized EF
thrb,NN-Score,,,5.86,,0.79,0.12,https://pubs.acs.org/doi/10.1021/acs.jcim.2c01057,Uses non-normalized EF
try1,NN-Score,,,3.34,,0.72,0.08,https://pubs.acs.org/doi/10.1021/acs.jcim.2c01057,Uses non-normalized EF
tryb1,NN-Score,,,0.68,,0.66,0.03,https://pubs.acs.org/doi/10.1021/acs.jcim.2c01057,Uses non-normalized EF
tysy,NN-Score,,,2.75,,0.64,0.05,https://pubs.acs.org/doi/10.1021/acs.jcim.2c01057,Uses non-normalized EF
urok,NN-Score,,,0,,0.6,0.02,https://pubs.acs.org/doi/10.1021/acs.jcim.2c01057,Uses non-normalized EF
vgfr2,NN-Score,,,0,,0.5,0.01,https://pubs.acs.org/doi/10.1021/acs.jcim.2c01057,Uses non-normalized EF
wee1,NN-Score,,,0,,0.59,0.01,https://pubs.acs.org/doi/10.1021/acs.jcim.2c01057,Uses non-normalized EF
xiap,NN-Score,,,4.04,,0.8,0.09,https://pubs.acs.org/doi/10.1021/acs.jcim.2c01057,Uses non-normalized EF
aa2ar,GenScore(ft_0.5),,,22.58,0.864,,0.793,https://pubs.rsc.org/en/content/articlelanding/2023/SC/D3SC02044D,Uses non-normalized EF
abl1,GenScore(ft_0.5),,,25.33,0.766,,0.428,https://pubs.rsc.org/en/content/articlelanding/2023/SC/D3SC02044D,Uses non-normalized EF
ace,GenScore(ft_0.5),,,41.61,0.809,,0.617,https://pubs.rsc.org/en/content/articlelanding/2023/SC/D3SC02044D,Uses non-normalized EF
aces,GenScore(ft_0.5),,,23.57,0.594,,0.386,https://pubs.rsc.org/en/content/articlelanding/2023/SC/D3SC02044D,Uses non-normalized EF
ada,GenScore(ft_0.5),,,49.88,0.92,,0.749,https://pubs.rsc.org/en/content/articlelanding/2023/SC/D3SC02044D,Uses non-normalized EF
ada17,GenScore(ft_0.5),,,46.2,0.945,,0.681,https://pubs.rsc.org/en/content/articlelanding/2023/SC/D3SC02044D,Uses non-normalized EF
adrb1,GenScore(ft_0.5),,,40.3,0.878,,0.611,https://pubs.rsc.org/en/content/articlelanding/2023/SC/D3SC02044D,Uses non-normalized EF
adrb2,GenScore(ft_0.5),,,31.49,0.844,,0.488,https://pubs.rsc.org/en/content/articlelanding/2023/SC/D3SC02044D,Uses non-normalized EF
akt1,GenScore(ft_0.5),,,20.86,0.768,,0.339,https://pubs.rsc.org/en/content/articlelanding/2023/SC/D3SC02044D,Uses non-normalized EF
akt2,GenScore(ft_0.5),,,40.19,0.879,,0.643,https://pubs.rsc.org/en/content/articlelanding/2023/SC/D3SC02044D,Uses non-normalized EF
aldr,GenScore(ft_0.5),,,10.08,0.595,,0.208,https://pubs.rsc.org/en/content/articlelanding/2023/SC/D3SC02044D,Uses non-normalized EF
ampc,GenScore(ft_0.5),,,18.53,0.695,,0.332,https://pubs.rsc.org/en/content/articlelanding/2023/SC/D3SC02044D,Uses non-normalized EF
andr,GenScore(ft_0.5),,,26.77,0.898,,0.518,https://pubs.rsc.org/en/content/articlelanding/2023/SC/D3SC02044D,Uses non-normalized EF
aofb,GenScore(ft_0.5),,,2.47,0.638,,0.048,https://pubs.rsc.org/en/content/articlelanding/2023/SC/D3SC02044D,Uses non-normalized EF
bace1,GenScore(ft_0.5),,,32.85,0.86,,0.51,https://pubs.rsc.org/en/content/articlelanding/2023/SC/D3SC02044D,Uses non-normalized EF
braf,GenScore(ft_0.5),,,36.62,0.868,,0.549,https://pubs.rsc.org/en/content/articlelanding/2023/SC/D3SC02044D,Uses non-normalized EF
cah2,GenScore(ft_0.5),,,30.05,0.728,,0.453,https://pubs.rsc.org/en/content/articlelanding/2023/SC/D3SC02044D,Uses non-normalized EF
casp3,GenScore(ft_0.5),,,33.45,0.809,,0.55,https://pubs.rsc.org/en/content/articlelanding/2023/SC/D3SC02044D,Uses non-normalized EF
cdk2,GenScore(ft_0.5),,,46.63,0.907,,0.747,https://pubs.rsc.org/en/content/articlelanding/2023/SC/D3SC02044D,Uses non-normalized EF
comt,GenScore(ft_0.5),,,89.6,0.997,,0.974,https://pubs.rsc.org/en/content/articlelanding/2023/SC/D3SC02044D,Uses non-normalized EF
cp2c9,GenScore(ft_0.5),,,1.65,0.606,,0.033,https://pubs.rsc.org/en/content/articlelanding/2023/SC/D3SC02044D,Uses non-normalized EF
cp3a4,GenScore(ft_0.5),,,6.23,0.624,,0.111,https://pubs.rsc.org/en/content/articlelanding/2023/SC/D3SC02044D,Uses non-normalized EF
csf1r,GenScore(ft_0.5),,,47.8,0.872,,0.639,https://pubs.rsc.org/en/content/articlelanding/2023/SC/D3SC02044D,Uses non-normalized EF
cxcr4,GenScore(ft_0.5),,,20,0.804,,0.292,https://pubs.rsc.org/en/content/articlelanding/2023/SC/D3SC02044D,Uses non-normalized EF
def,GenScore(ft_0.5),,,50.14,0.96,,0.808,https://pubs.rsc.org/en/content/articlelanding/2023/SC/D3SC02044D,Uses non-normalized EF
dhi1,GenScore(ft_0.5),,,0.91,0.6,,0.024,https://pubs.rsc.org/en/content/articlelanding/2023/SC/D3SC02044D,Uses non-normalized EF
dpp4,GenScore(ft_0.5),,,52.99,0.935,,0.719,https://pubs.rsc.org/en/content/articlelanding/2023/SC/D3SC02044D,Uses non-normalized EF
drd3,GenScore(ft_0.5),,,3.13,0.606,,0.062,https://pubs.rsc.org/en/content/articlelanding/2023/SC/D3SC02044D,Uses non-normalized EF
dyr,GenScore(ft_0.5),,,56.62,0.865,,0.736,https://pubs.rsc.org/en/content/articlelanding/2023/SC/D3SC02044D,Uses non-normalized EF
egfr,GenScore(ft_0.5),,,41.82,0.875,,0.63,https://pubs.rsc.org/en/content/articlelanding/2023/SC/D3SC02044D,Uses non-normalized EF
esr1,GenScore(ft_0.5),,,45.28,0.858,,0.715,https://pubs.rsc.org/en/content/articlelanding/2023/SC/D3SC02044D,Uses non-normalized EF
esr2,GenScore(ft_0.5),,,37.07,0.891,,0.656,https://pubs.rsc.org/en/content/articlelanding/2023/SC/D3SC02044D,Uses non-normalized EF
fa10,GenScore(ft_0.5),,,36.77,0.952,,0.871,https://pubs.rsc.org/en/content/articlelanding/2023/SC/D3SC02044D,Uses non-normalized EF
fa7,GenScore(ft_0.5),,,53.63,0.976,,0.917,https://pubs.rsc.org/en/content/articlelanding/2023/SC/D3SC02044D,Uses non-normalized EF
fabp4,GenScore(ft_0.5),,,32.97,0.839,,0.554,https://pubs.rsc.org/en/content/articlelanding/2023/SC/D3SC02044D,Uses non-normalized EF
fak1,GenScore(ft_0.5),,,54.42,0.941,,0.861,https://pubs.rsc.org/en/content/articlelanding/2023/SC/D3SC02044D,Uses non-normalized EF
fgfr1,GenScore(ft_0.5),,,0.67,0.498,,0.301,https://pubs.rsc.org/en/content/articlelanding/2023/SC/D3SC02044D,Uses non-normalized EF
fkb1a,GenScore(ft_0.5),,,38.65,0.859,,0.696,https://pubs.rsc.org/en/content/articlelanding/2023/SC/D3SC02044D,Uses non-normalized EF
fnta,GenScore(ft_0.5),,,30.88,0.832,,0.413,https://pubs.rsc.org/en/content/articlelanding/2023/SC/D3SC02044D,Uses non-normalized EF
fpps,GenScore(ft_0.5),,,85.08,0.998,,0.932,https://pubs.rsc.org/en/content/articlelanding/2023/SC/D3SC02044D,Uses non-normalized EF
gcr,GenScore(ft_0.5),,,15.74,0.746,,0.23,https://pubs.rsc.org/en/content/articlelanding/2023/SC/D3SC02044D,Uses non-normalized EF
glcm,GenScore(ft_0.5),,,32.77,0.779,,0.505,https://pubs.rsc.org/en/content/articlelanding/2023/SC/D3SC02044D,Uses non-normalized EF
gria2,GenScore(ft_0.5),,,1.26,0.67,,0.014,https://pubs.rsc.org/en/content/articlelanding/2023/SC/D3SC02044D,Uses non-normalized EF
grik1,GenScore(ft_0.5),,,53.81,0.987,,0.835,https://pubs.rsc.org/en/content/articlelanding/2023/SC/D3SC02044D,Uses non-normalized EF
hdac2,GenScore(ft_0.5),,,8.29,0.718,,0.156,https://pubs.rsc.org/en/content/articlelanding/2023/SC/D3SC02044D,Uses non-normalized EF
hdac8,GenScore(ft_0.5),,,56.6,0.944,,0.807,https://pubs.rsc.org/en/content/articlelanding/2023/SC/D3SC02044D,Uses non-normalized EF
hivint,GenScore(ft_0.5),,,6.97,0.644,,0.111,https://pubs.rsc.org/en/content/articlelanding/2023/SC/D3SC02044D,Uses non-normalized EF
hivpr,GenScore(ft_0.5),,,45.16,0.896,,0.654,https://pubs.rsc.org/en/content/articlelanding/2023/SC/D3SC02044D,Uses non-normalized EF
hivrt,GenScore(ft_0.5),,,12.13,0.733,,0.246,https://pubs.rsc.org/en/content/articlelanding/2023/SC/D3SC02044D,Uses non-normalized EF
hmdh,GenScore(ft_0.5),,,52.85,0.897,,0.787,https://pubs.rsc.org/en/content/articlelanding/2023/SC/D3SC02044D,Uses non-normalized EF
hs90a,GenScore(ft_0.5),,,39.05,0.85,,0.583,https://pubs.rsc.org/en/content/articlelanding/2023/SC/D3SC02044D,Uses non-normalized EF
hxk4,GenScore(ft_0.5),,,0,0.546,,0.02,https://pubs.rsc.org/en/content/articlelanding/2023/SC/D3SC02044D,Uses non-normalized EF
igf1r,GenScore(ft_0.5),,,27.04,0.672,,0.421,https://pubs.rsc.org/en/content/articlelanding/2023/SC/D3SC02044D,Uses non-normalized EF
inha,GenScore(ft_0.5),,,2.26,0.441,,0.079,https://pubs.rsc.org/en/content/articlelanding/2023/SC/D3SC02044D,Uses non-normalized EF
ital,GenScore(ft_0.5),,,11,0.544,,0.198,https://pubs.rsc.org/en/content/articlelanding/2023/SC/D3SC02044D,Uses non-normalized EF
jak2,GenScore(ft_0.5),,,57.24,0.97,,0.832,https://pubs.rsc.org/en/content/articlelanding/2023/SC/D3SC02044D,Uses non-normalized EF
kif11,GenScore(ft_0.5),,,49.54,0.884,,0.755,https://pubs.rsc.org/en/content/articlelanding/2023/SC/D3SC02044D,Uses non-normalized EF
kit,GenScore(ft_0.5),,,4.21,0.733,,0.091,https://pubs.rsc.org/en/content/articlelanding/2023/SC/D3SC02044D,Uses non-normalized EF
kith,GenScore(ft_0.5),,,36.77,0.843,,0.658,https://pubs.rsc.org/en/content/articlelanding/2023/SC/D3SC02044D,Uses non-normalized EF
kpcb,GenScore(ft_0.5),,,47.13,0.858,,0.679,https://pubs.rsc.org/en/content/articlelanding/2023/SC/D3SC02044D,Uses non-normalized EF
lck,GenScore(ft_0.5),,,34.26,0.891,,0.553,https://pubs.rsc.org/en/content/articlelanding/2023/SC/D3SC02044D,Uses non-normalized EF
lkha4,GenScore(ft_0.5),,,27.62,0.91,,0.587,https://pubs.rsc.org/en/content/articlelanding/2023/SC/D3SC02044D,Uses non-normalized EF
mapk2,GenScore(ft_0.5),,,56.59,0.968,,0.88,https://pubs.rsc.org/en/content/articlelanding/2023/SC/D3SC02044D,Uses non-normalized EF
mcr,GenScore(ft_0.5),,,26.21,0.899,,0.427,https://pubs.rsc.org/en/content/articlelanding/2023/SC/D3SC02044D,Uses non-normalized EF
met,GenScore(ft_0.5),,,54.79,0.911,,0.722,https://pubs.rsc.org/en/content/articlelanding/2023/SC/D3SC02044D,Uses non-normalized EF
mk01,GenScore(ft_0.5),,,14.06,0.791,,0.252,https://pubs.rsc.org/en/content/articlelanding/2023/SC/D3SC02044D,Uses non-normalized EF
mk10,GenScore(ft_0.5),,,14.47,0.829,,0.266,https://pubs.rsc.org/en/content/articlelanding/2023/SC/D3SC02044D,Uses non-normalized EF
mk14,GenScore(ft_0.5),,,26.76,0.717,,0.42,https://pubs.rsc.org/en/content/articlelanding/2023/SC/D3SC02044D,Uses non-normalized EF
mmp13,GenScore(ft_0.5),,,43.53,0.925,,0.655,https://pubs.rsc.org/en/content/articlelanding/2023/SC/D3SC02044D,Uses non-normalized EF
mp2k1,GenScore(ft_0.5),,,4.99,0.649,,0.121,https://pubs.rsc.org/en/content/articlelanding/2023/SC/D3SC02044D,Uses non-normalized EF
nos1,GenScore(ft_0.5),,,1.99,0.523,,0.019,https://pubs.rsc.org/en/content/articlelanding/2023/SC/D3SC02044D,Uses non-normalized EF
nram,GenScore(ft_0.5),,,43.88,0.992,,0.979,https://pubs.rsc.org/en/content/articlelanding/2023/SC/D3SC02044D,Uses non-normalized EF
pa2ga,GenScore(ft_0.5),,,52.18,0.86,,0.795,https://pubs.rsc.org/en/content/articlelanding/2023/SC/D3SC02044D,Uses non-normalized EF
parp1,GenScore(ft_0.5),,,59.51,0.971,,0.94,https://pubs.rsc.org/en/content/articlelanding/2023/SC/D3SC02044D,Uses non-normalized EF
pde5a,GenScore(ft_0.5),,,26.83,0.793,,0.417,https://pubs.rsc.org/en/content/articlelanding/2023/SC/D3SC02044D,Uses non-normalized EF
pgh1,GenScore(ft_0.5),,,8.62,0.694,,0.179,https://pubs.rsc.org/en/content/articlelanding/2023/SC/D3SC02044D,Uses non-normalized EF
pgh2,GenScore(ft_0.5),,,17.81,0.77,,0.346,https://pubs.rsc.org/en/content/articlelanding/2023/SC/D3SC02044D,Uses non-normalized EF
plk1,GenScore(ft_0.5),,,51.8,0.94,,0.776,https://pubs.rsc.org/en/content/articlelanding/2023/SC/D3SC02044D,Uses non-normalized EF
pnph,GenScore(ft_0.5),,,68.06,0.928,,0.833,https://pubs.rsc.org/en/content/articlelanding/2023/SC/D3SC02044D,Uses non-normalized EF
ppara,GenScore(ft_0.5),,,29.1,0.906,,0.618,https://pubs.rsc.org/en/content/articlelanding/2023/SC/D3SC02044D,Uses non-normalized EF
ppard,GenScore(ft_0.5),,,30.12,0.909,,0.603,https://pubs.rsc.org/en/content/articlelanding/2023/SC/D3SC02044D,Uses non-normalized EF
pparg,GenScore(ft_0.5),,,32.3,0.861,,0.562,https://pubs.rsc.org/en/content/articlelanding/2023/SC/D3SC02044D,Uses non-normalized EF
prgr,GenScore(ft_0.5),,,33.61,0.893,,0.538,https://pubs.rsc.org/en/content/articlelanding/2023/SC/D3SC02044D,Uses non-normalized EF
ptn1,GenScore(ft_0.5),,,44.77,0.839,,0.646,https://pubs.rsc.org/en/content/articlelanding/2023/SC/D3SC02044D,Uses non-normalized EF
pur2,GenScore(ft_0.5),,,54.34,1,,1.021,https://pubs.rsc.org/en/content/articlelanding/2023/SC/D3SC02044D,Uses non-normalized EF
pygm,GenScore(ft_0.5),,,3.87,0.642,,0.075,https://pubs.rsc.org/en/content/articlelanding/2023/SC/D3SC02044D,Uses non-normalized EF
pyrd,GenScore(ft_0.5),,,15.52,0.858,,0.275,https://pubs.rsc.org/en/content/articlelanding/2023/SC/D3SC02044D,Uses non-normalized EF
reni,GenScore(ft_0.5),,,29.43,0.658,,0.438,https://pubs.rsc.org/en/content/articlelanding/2023/SC/D3SC02044D,Uses non-normalized EF
rock1,GenScore(ft_0.5),,,46.19,0.917,,0.729,https://pubs.rsc.org/en/content/articlelanding/2023/SC/D3SC02044D,Uses non-normalized EF
rxra,GenScore(ft_0.5),,,39.59,0.987,,0.911,https://pubs.rsc.org/en/content/articlelanding/2023/SC/D3SC02044D,Uses non-normalized EF
sahh,GenScore(ft_0.5),,,53.61,0.982,,0.879,https://pubs.rsc.org/en/content/articlelanding/2023/SC/D3SC02044D,Uses non-normalized EF
src,GenScore(ft_0.5),,,16.74,0.766,,0.296,https://pubs.rsc.org/en/content/articlelanding/2023/SC/D3SC02044D,Uses non-normalized EF
tgfr1,GenScore(ft_0.5),,,58.41,0.991,,0.889,https://pubs.rsc.org/en/content/articlelanding/2023/SC/D3SC02044D,Uses non-normalized EF
thb,GenScore(ft_0.5),,,40.01,0.887,,0.696,https://pubs.rsc.org/en/content/articlelanding/2023/SC/D3SC02044D,Uses non-normalized EF
thrb,GenScore(ft_0.5),,,48.78,0.943,,0.763,https://pubs.rsc.org/en/content/articlelanding/2023/SC/D3SC02044D,Uses non-normalized EF
try1,GenScore(ft_0.5),,,37.55,0.911,,0.683,https://pubs.rsc.org/en/content/articlelanding/2023/SC/D3SC02044D,Uses non-normalized EF
tryb1,GenScore(ft_0.5),,,23.53,0.795,,0.412,https://pubs.rsc.org/en/content/articlelanding/2023/SC/D3SC02044D,Uses non-normalized EF
tysy,GenScore(ft_0.5),,,22.79,0.852,,0.433,https://pubs.rsc.org/en/content/articlelanding/2023/SC/D3SC02044D,Uses non-normalized EF
urok,GenScore(ft_0.5),,,53.02,0.928,,0.791,https://pubs.rsc.org/en/content/articlelanding/2023/SC/D3SC02044D,Uses non-normalized EF
vgfr2,GenScore(ft_0.5),,,22.12,0.598,,0.392,https://pubs.rsc.org/en/content/articlelanding/2023/SC/D3SC02044D,Uses non-normalized EF
wee1,GenScore(ft_0.5),,,60.03,1,,1.003,https://pubs.rsc.org/en/content/articlelanding/2023/SC/D3SC02044D,Uses non-normalized EF
xiap,GenScore(ft_0.5),,,51.69,0.938,,0.857,https://pubs.rsc.org/en/content/articlelanding/2023/SC/D3SC02044D,Uses non-normalized EF
aa2ar,RTMScore,,,22.58,0.897,,0.813,https://pubs.rsc.org/en/content/articlelanding/2023/SC/D3SC02044D,Uses non-normalized EF
abl1,RTMScore,,,25.33,0.807,,0.44,https://pubs.rsc.org/en/content/articlelanding/2023/SC/D3SC02044D,Uses non-normalized EF
ace,RTMScore,,,50.22,0.869,,0.716,https://pubs.rsc.org/en/content/articlelanding/2023/SC/D3SC02044D,Uses non-normalized EF
aces,RTMScore,,,25.84,0.604,,0.413,https://pubs.rsc.org/en/content/articlelanding/2023/SC/D3SC02044D,Uses non-normalized EF
ada,RTMScore,,,53.06,0.945,,0.788,https://pubs.rsc.org/en/content/articlelanding/2023/SC/D3SC02044D,Uses non-normalized EF
ada17,RTMScore,,,59.15,0.98,,0.846,https://pubs.rsc.org/en/content/articlelanding/2023/SC/D3SC02044D,Uses non-normalized EF
adrb1,RTMScore,,,35.46,0.899,,0.545,https://pubs.rsc.org/en/content/articlelanding/2023/SC/D3SC02044D,Uses non-normalized EF
adrb2,RTMScore,,,27.61,0.854,,0.435,https://pubs.rsc.org/en/content/articlelanding/2023/SC/D3SC02044D,Uses non-normalized EF
akt1,RTMScore,,,20.86,0.795,,0.358,https://pubs.rsc.org/en/content/articlelanding/2023/SC/D3SC02044D,Uses non-normalized EF
akt2,RTMScore,,,41.9,0.906,,0.691,https://pubs.rsc.org/en/content/articlelanding/2023/SC/D3SC02044D,Uses non-normalized EF
aldr,RTMScore,,,11.96,0.611,,0.196,https://pubs.rsc.org/en/content/articlelanding/2023/SC/D3SC02044D,Uses non-normalized EF
ampc,RTMScore,,,28.82,0.73,,0.466,https://pubs.rsc.org/en/content/articlelanding/2023/SC/D3SC02044D,Uses non-normalized EF
andr,RTMScore,,,34.57,0.891,,0.556,https://pubs.rsc.org/en/content/articlelanding/2023/SC/D3SC02044D,Uses non-normalized EF
aofb,RTMScore,,,0.82,0.656,,0.034,https://pubs.rsc.org/en/content/articlelanding/2023/SC/D3SC02044D,Uses non-normalized EF
bace1,RTMScore,,,47.14,0.881,,0.69,https://pubs.rsc.org/en/content/articlelanding/2023/SC/D3SC02044D,Uses non-normalized EF
braf,RTMScore,,,39.28,0.879,,0.571,https://pubs.rsc.org/en/content/articlelanding/2023/SC/D3SC02044D,Uses non-normalized EF
cah2,RTMScore,,,28.42,0.734,,0.439,https://pubs.rsc.org/en/content/articlelanding/2023/SC/D3SC02044D,Uses non-normalized EF
casp3,RTMScore,,,31.95,0.799,,0.515,https://pubs.rsc.org/en/content/articlelanding/2023/SC/D3SC02044D,Uses non-normalized EF
cdk2,RTMScore,,,46.21,0.901,,0.715,https://pubs.rsc.org/en/content/articlelanding/2023/SC/D3SC02044D,Uses non-normalized EF
comt,RTMScore,,,92.02,0.997,,0.977,https://pubs.rsc.org/en/content/articlelanding/2023/SC/D3SC02044D,Uses non-normalized EF
cp2c9,RTMScore,,,1.65,0.619,,0.042,https://pubs.rsc.org/en/content/articlelanding/2023/SC/D3SC02044D,Uses non-normalized EF
cp3a4,RTMScore,,,6.23,0.662,,0.116,https://pubs.rsc.org/en/content/articlelanding/2023/SC/D3SC02044D,Uses non-normalized EF
csf1r,RTMScore,,,45.98,0.868,,0.622,https://pubs.rsc.org/en/content/articlelanding/2023/SC/D3SC02044D,Uses non-normalized EF
cxcr4,RTMScore,,,5,0.839,,0.081,https://pubs.rsc.org/en/content/articlelanding/2023/SC/D3SC02044D,Uses non-normalized EF
def,RTMScore,,,58.16,0.996,,0.983,https://pubs.rsc.org/en/content/articlelanding/2023/SC/D3SC02044D,Uses non-normalized EF
dhi1,RTMScore,,,0.91,0.653,,0.027,https://pubs.rsc.org/en/content/articlelanding/2023/SC/D3SC02044D,Uses non-normalized EF
dpp4,RTMScore,,,52.43,0.928,,0.698,https://pubs.rsc.org/en/content/articlelanding/2023/SC/D3SC02044D,Uses non-normalized EF
drd3,RTMScore,,,3.34,0.675,,0.058,https://pubs.rsc.org/en/content/articlelanding/2023/SC/D3SC02044D,Uses non-normalized EF
dyr,RTMScore,,,57.06,0.873,,0.735,https://pubs.rsc.org/en/content/articlelanding/2023/SC/D3SC02044D,Uses non-normalized EF
egfr,RTMScore,,,51.26,0.9,,0.725,https://pubs.rsc.org/en/content/articlelanding/2023/SC/D3SC02044D,Uses non-normalized EF
esr1,RTMScore,,,45.81,0.849,,0.701,https://pubs.rsc.org/en/content/articlelanding/2023/SC/D3SC02044D,Uses non-normalized EF
esr2,RTMScore,,,47.23,0.907,,0.749,https://pubs.rsc.org/en/content/articlelanding/2023/SC/D3SC02044D,Uses non-normalized EF
fa10,RTMScore,,,33.06,0.949,,0.802,https://pubs.rsc.org/en/content/articlelanding/2023/SC/D3SC02044D,Uses non-normalized EF
fa7,RTMScore,,,53.63,0.991,,0.946,https://pubs.rsc.org/en/content/articlelanding/2023/SC/D3SC02044D,Uses non-normalized EF
fabp4,RTMScore,,,32.97,0.823,,0.573,https://pubs.rsc.org/en/content/articlelanding/2023/SC/D3SC02044D,Uses non-normalized EF
fak1,RTMScore,,,54.42,0.943,,0.881,https://pubs.rsc.org/en/content/articlelanding/2023/SC/D3SC02044D,Uses non-normalized EF
fgfr1,RTMScore,,,1.35,0.507,,0.339,https://pubs.rsc.org/en/content/articlelanding/2023/SC/D3SC02044D,Uses non-normalized EF
fkb1a,RTMScore,,,44.05,0.856,,0.756,https://pubs.rsc.org/en/content/articlelanding/2023/SC/D3SC02044D,Uses non-normalized EF
fnta,RTMScore,,,29.19,0.882,,0.415,https://pubs.rsc.org/en/content/articlelanding/2023/SC/D3SC02044D,Uses non-normalized EF
fpps,RTMScore,,,87.41,0.999,,0.963,https://pubs.rsc.org/en/content/articlelanding/2023/SC/D3SC02044D,Uses non-normalized EF
gcr,RTMScore,,,11.4,0.689,,0.221,https://pubs.rsc.org/en/content/articlelanding/2023/SC/D3SC02044D,Uses non-normalized EF
glcm,RTMScore,,,38.23,0.79,,0.549,https://pubs.rsc.org/en/content/articlelanding/2023/SC/D3SC02044D,Uses non-normalized EF
gria2,RTMScore,,,0.63,0.558,,0.011,https://pubs.rsc.org/en/content/articlelanding/2023/SC/D3SC02044D,Uses non-normalized EF
grik1,RTMScore,,,52.83,0.985,,0.788,https://pubs.rsc.org/en/content/articlelanding/2023/SC/D3SC02044D,Uses non-normalized EF
hdac2,RTMScore,,,11.06,0.757,,0.196,https://pubs.rsc.org/en/content/articlelanding/2023/SC/D3SC02044D,Uses non-normalized EF
hdac8,RTMScore,,,59.04,0.939,,0.8,https://pubs.rsc.org/en/content/articlelanding/2023/SC/D3SC02044D,Uses non-normalized EF
hivint,RTMScore,,,6.97,0.652,,0.123,https://pubs.rsc.org/en/content/articlelanding/2023/SC/D3SC02044D,Uses non-normalized EF
hivpr,RTMScore,,,47.47,0.885,,0.685,https://pubs.rsc.org/en/content/articlelanding/2023/SC/D3SC02044D,Uses non-normalized EF
hivrt,RTMScore,,,9.46,0.727,,0.181,https://pubs.rsc.org/en/content/articlelanding/2023/SC/D3SC02044D,Uses non-normalized EF
hmdh,RTMScore,,,52.85,0.91,,0.786,https://pubs.rsc.org/en/content/articlelanding/2023/SC/D3SC02044D,Uses non-normalized EF
hs90a,RTMScore,,,44.79,0.858,,0.673,https://pubs.rsc.org/en/content/articlelanding/2023/SC/D3SC02044D,Uses non-normalized EF
hxk4,RTMScore,,,0,0.571,,0.015,https://pubs.rsc.org/en/content/articlelanding/2023/SC/D3SC02044D,Uses non-normalized EF
igf1r,RTMScore,,,26.37,0.698,,0.405,https://pubs.rsc.org/en/content/articlelanding/2023/SC/D3SC02044D,Uses non-normalized EF
inha,RTMScore,,,4.51,0.425,,0.084,https://pubs.rsc.org/en/content/articlelanding/2023/SC/D3SC02044D,Uses non-normalized EF
ital,RTMScore,,,11,0.505,,0.191,https://pubs.rsc.org/en/content/articlelanding/2023/SC/D3SC02044D,Uses non-normalized EF
jak2,RTMScore,,,59.11,0.97,,0.836,https://pubs.rsc.org/en/content/articlelanding/2023/SC/D3SC02044D,Uses non-normalized EF
kif11,RTMScore,,,52.11,0.885,,0.773,https://pubs.rsc.org/en/content/articlelanding/2023/SC/D3SC02044D,Uses non-normalized EF
kit,RTMScore,,,6.62,0.764,,0.109,https://pubs.rsc.org/en/content/articlelanding/2023/SC/D3SC02044D,Uses non-normalized EF
kith,RTMScore,,,50.77,0.851,,0.855,https://pubs.rsc.org/en/content/articlelanding/2023/SC/D3SC02044D,Uses non-normalized EF
kpcb,RTMScore,,,42.42,0.818,,0.632,https://pubs.rsc.org/en/content/articlelanding/2023/SC/D3SC02044D,Uses non-normalized EF
lck,RTMScore,,,37.61,0.905,,0.584,https://pubs.rsc.org/en/content/articlelanding/2023/SC/D3SC02044D,Uses non-normalized EF
lkha4,RTMScore,,,38.2,0.91,,0.737,https://pubs.rsc.org/en/content/articlelanding/2023/SC/D3SC02044D,Uses non-normalized EF
mapk2,RTMScore,,,55.59,0.956,,0.837,https://pubs.rsc.org/en/content/articlelanding/2023/SC/D3SC02044D,Uses non-normalized EF
mcr,RTMScore,,,34.07,0.902,,0.503,https://pubs.rsc.org/en/content/articlelanding/2023/SC/D3SC02044D,Uses non-normalized EF
met,RTMScore,,,55.39,0.929,,0.745,https://pubs.rsc.org/en/content/articlelanding/2023/SC/D3SC02044D,Uses non-normalized EF
mk01,RTMScore,,,15.33,0.79,,0.28,https://pubs.rsc.org/en/content/articlelanding/2023/SC/D3SC02044D,Uses non-normalized EF
mk10,RTMScore,,,17.36,0.824,,0.314,https://pubs.rsc.org/en/content/articlelanding/2023/SC/D3SC02044D,Uses non-normalized EF
mk14,RTMScore,,,31.77,0.751,,0.47,https://pubs.rsc.org/en/content/articlelanding/2023/SC/D3SC02044D,Uses non-normalized EF
mmp13,RTMScore,,,47.41,0.926,,0.694,https://pubs.rsc.org/en/content/articlelanding/2023/SC/D3SC02044D,Uses non-normalized EF
mp2k1,RTMScore,,,3.33,0.659,,0.082,https://pubs.rsc.org/en/content/articlelanding/2023/SC/D3SC02044D,Uses non-normalized EF
nos1,RTMScore,,,2.98,0.616,,0.07,https://pubs.rsc.org/en/content/articlelanding/2023/SC/D3SC02044D,Uses non-normalized EF
nram,RTMScore,,,43.88,0.992,,0.98,https://pubs.rsc.org/en/content/articlelanding/2023/SC/D3SC02044D,Uses non-normalized EF
pa2ga,RTMScore,,,53.18,0.837,,0.809,https://pubs.rsc.org/en/content/articlelanding/2023/SC/D3SC02044D,Uses non-normalized EF
parp1,RTMScore,,,59.12,0.971,,0.909,https://pubs.rsc.org/en/content/articlelanding/2023/SC/D3SC02044D,Uses non-normalized EF
pde5a,RTMScore,,,31.04,0.811,,0.459,https://pubs.rsc.org/en/content/articlelanding/2023/SC/D3SC02044D,Uses non-normalized EF
pgh1,RTMScore,,,14.93,0.669,,0.254,https://pubs.rsc.org/en/content/articlelanding/2023/SC/D3SC02044D,Uses non-normalized EF
pgh2,RTMScore,,,15.61,0.778,,0.333,https://pubs.rsc.org/en/content/articlelanding/2023/SC/D3SC02044D,Uses non-normalized EF
plk1,RTMScore,,,57.45,0.937,,0.795,https://pubs.rsc.org/en/content/articlelanding/2023/SC/D3SC02044D,Uses non-normalized EF
pnph,RTMScore,,,68.06,0.937,,0.838,https://pubs.rsc.org/en/content/articlelanding/2023/SC/D3SC02044D,Uses non-normalized EF
ppara,RTMScore,,,35.03,0.899,,0.701,https://pubs.rsc.org/en/content/articlelanding/2023/SC/D3SC02044D,Uses non-normalized EF
ppard,RTMScore,,,26.77,0.905,,0.558,https://pubs.rsc.org/en/content/articlelanding/2023/SC/D3SC02044D,Uses non-normalized EF
pparg,RTMScore,,,32.92,0.856,,0.589,https://pubs.rsc.org/en/content/articlelanding/2023/SC/D3SC02044D,Uses non-normalized EF
prgr,RTMScore,,,25.54,0.847,,0.42,https://pubs.rsc.org/en/content/articlelanding/2023/SC/D3SC02044D,Uses non-normalized EF
ptn1,RTMScore,,,44.77,0.837,,0.638,https://pubs.rsc.org/en/content/articlelanding/2023/SC/D3SC02044D,Uses non-normalized EF
pur2,RTMScore,,,54.34,1,,1.024,https://pubs.rsc.org/en/content/articlelanding/2023/SC/D3SC02044D,Uses non-normalized EF
pygm,RTMScore,,,0,0.61,,0.019,https://pubs.rsc.org/en/content/articlelanding/2023/SC/D3SC02044D,Uses non-normalized EF
pyrd,RTMScore,,,18.26,0.828,,0.383,https://pubs.rsc.org/en/content/articlelanding/2023/SC/D3SC02044D,Uses non-normalized EF
reni,RTMScore,,,28.48,0.66,,0.431,https://pubs.rsc.org/en/content/articlelanding/2023/SC/D3SC02044D,Uses non-normalized EF
rock1,RTMScore,,,55.23,0.937,,0.798,https://pubs.rsc.org/en/content/articlelanding/2023/SC/D3SC02044D,Uses non-normalized EF
rxra,RTMScore,,,38.71,0.99,,0.899,https://pubs.rsc.org/en/content/articlelanding/2023/SC/D3SC02044D,Uses non-normalized EF
sahh,RTMScore,,,55.19,0.996,,0.963,https://pubs.rsc.org/en/content/articlelanding/2023/SC/D3SC02044D,Uses non-normalized EF
src,RTMScore,,,33.1,0.792,,0.485,https://pubs.rsc.org/en/content/articlelanding/2023/SC/D3SC02044D,Uses non-normalized EF
tgfr1,RTMScore,,,59.9,0.991,,0.898,https://pubs.rsc.org/en/content/articlelanding/2023/SC/D3SC02044D,Uses non-normalized EF
thb,RTMScore,,,43.08,0.889,,0.742,https://pubs.rsc.org/en/content/articlelanding/2023/SC/D3SC02044D,Uses non-normalized EF
thrb,RTMScore,,,55.84,0.957,,0.832,https://pubs.rsc.org/en/content/articlelanding/2023/SC/D3SC02044D,Uses non-normalized EF
try1,RTMScore,,,48.25,0.924,,0.788,https://pubs.rsc.org/en/content/articlelanding/2023/SC/D3SC02044D,Uses non-normalized EF
tryb1,RTMScore,,,24.87,0.733,,0.428,https://pubs.rsc.org/en/content/articlelanding/2023/SC/D3SC02044D,Uses non-normalized EF
tysy,RTMScore,,,2.74,0.794,,0.117,https://pubs.rsc.org/en/content/articlelanding/2023/SC/D3SC02044D,Uses non-normalized EF
urok,RTMScore,,,59.8,0.94,,0.846,https://pubs.rsc.org/en/content/articlelanding/2023/SC/D3SC02044D,Uses non-normalized EF
vgfr2,RTMScore,,,21.33,0.621,,0.386,https://pubs.rsc.org/en/content/articlelanding/2023/SC/D3SC02044D,Uses non-normalized EF
wee1,RTMScore,,,60.03,1,,1.006,https://pubs.rsc.org/en/content/articlelanding/2023/SC/D3SC02044D,Uses non-normalized EF
xiap,RTMScore,,,51.69,0.942,,0.936,https://pubs.rsc.org/en/content/articlelanding/2023/SC/D3SC02044D,Uses non-normalized EF
